id,title,logo,url,location,level,surface,level_logo,name,seed,country,flag,round,win_loss,score,rank,url_profile,date,points_gain,prize_money,draw,start_date,end_date,year,month,cum_prize_money
0,Miami Open presented by Itaú,https://photoresources.wtatennis.com/photo-resources/2025/04/16/ad3c213f-6323-4422-bb86-ff92e8cb213c/WTA-Tournament_Miami-2024.png?height=128,https://www.wtatennis.com/tournaments/miami-open,MIAMI • USA,WTA 1000,Hard,https://www.wtatennis.com/resources/v7.31.10/i/elements/1000k-tag.svg,Coco Gauff,1.0,USA,https://www.wtatennis.com/resources/v7.31.10/i/elements/flags/usa.svg,Final F,W,"6 - 2,4 - 6,6 - 3,",1,https://www.wtatennis.com/players/328560/coco-gauff,17 - 29 Mar 2026,1000.0,1151380.0,128M/48Q/32D,,2026-03-29 00:00:00,,,1151380.0
1,Miami Open presented by Itaú,https://photoresources.wtatennis.com/photo-resources/2025/04/16/ad3c213f-6323-4422-bb86-ff92e8cb213c/WTA-Tournament_Miami-2024.png?height=128,https://www.wtatennis.com/tournaments/miami-open,MIAMI • USA,WTA 1000,Hard,https://www.wtatennis.com/resources/v7.31.10/i/elements/1000k-tag.svg,Elena Rybakina,1.0,KAZ,https://www.wtatennis.com/resources/v7.31.10/i/elements/flags/kaz.svg,Semifinals Semi,W,"6 - 4,6 - 3,",1,https://www.wtatennis.com/players/324166/elena-rybakina,17 - 29 Mar 2026,1000.0,1151380.0,128M/48Q/32D,,2026-03-29 00:00:00,,,2302760.0
2,Miami Open presented by Itaú,https://photoresources.wtatennis.com/photo-resources/2025/04/16/ad3c213f-6323-4422-bb86-ff92e8cb213c/WTA-Tournament_Miami-2024.png?height=128,https://www.wtatennis.com/tournaments/miami-open,MIAMI • USA,WTA 1000,Hard,https://www.wtatennis.com/resources/v7.31.10/i/elements/1000k-tag.svg,Hailey Baptiste,1.0,USA,https://www.wtatennis.com/resources/v7.31.10/i/elements/flags/usa.svg,Quarterfinals Quarter,W,"6 - 4,6 - 4,",1,https://www.wtatennis.com/players/327101/hailey-baptiste,17 - 29 Mar 2026,1000.0,1151380.0,128M/48Q/32D,,2026-03-29 00:00:00,,,3454140.0
3,Miami Open presented by Itaú,https://photoresources.wtatennis.com/photo-resources/2025/04/16/ad3c213f-6323-4422-bb86-ff92e8cb213c/WTA-Tournament_Miami-2024.png?height=128,https://www.wtatennis.com/tournaments/miami-open,MIAMI • USA,WTA 1000,Hard,https://www.wtatennis.com/resources/v7.31.10/i/elements/1000k-tag.svg,Qinwen Zheng,1.0,CHN,https://www.wtatennis.com/resources/v7.31.10/i/elements/flags/chn.svg,Round of 16 R16,W,"6 - 3,6 - 4,",1,https://www.wtatennis.com/players/328120/qinwen-zheng,17 - 29 Mar 2026,1000.0,1151380.0,128M/48Q/32D,,2026-03-29 00:00:00,,,4605520.0
4,Miami Open presented by Itaú,https://photoresources.wtatennis.com/photo-resources/2025/04/16/ad3c213f-6323-4422-bb86-ff92e8cb213c/WTA-Tournament_Miami-2024.png?height=128,https://www.wtatennis.com/tournaments/miami-open,MIAMI • USA,WTA 1000,Hard,https://www.wtatennis.com/resources/v7.31.10/i/elements/1000k-tag.svg,Caty Mcnally,1.0,USA,https://www.wtatennis.com/resources/v7.31.10/i/elements/flags/usa.svg,Round of 32 R32,W,"6 - 4,6 - 2,",1,https://www.wtatennis.com/players/325725/caty-mcnally,17 - 29 Mar 2026,1000.0,1151380.0,128M/48Q/32D,,2026-03-29 00:00:00,,,5756900.0
5,Miami Open presented by Itaú,https://photoresources.wtatennis.com/photo-resources/2025/04/16/ad3c213f-6323-4422-bb86-ff92e8cb213c/WTA-Tournament_Miami-2024.png?height=128,https://www.wtatennis.com/tournaments/miami-open,MIAMI • USA,WTA 1000,Hard,https://www.wtatennis.com/resources/v7.31.10/i/elements/1000k-tag.svg,Ann Li,1.0,USA,https://www.wtatennis.com/resources/v7.31.10/i/elements/flags/usa.svg,Round of 64 R64,W,"7 - 65,6 - 4,",1,https://www.wtatennis.com/players/326096/ann-li,17 - 29 Mar 2026,1000.0,1151380.0,128M/48Q/32D,,2026-03-29 00:00:00,,,6908280.0
6,Miami Open presented by Itaú,https://photoresources.wtatennis.com/photo-resources/2025/04/16/ad3c213f-6323-4422-bb86-ff92e8cb213c/WTA-Tournament_Miami-2024.png?height=128,https://www.wtatennis.com/tournaments/miami-open,MIAMI • USA,WTA 1000,Hard,https://www.wtatennis.com/resources/v7.31.10/i/elements/1000k-tag.svg,,1.0,,,Round of 128 R128,,Bye,1,,17 - 29 Mar 2026,1000.0,1151380.0,128M/48Q/32D,,2026-03-29 00:00:00,,,8059660.0
7,BNP Paribas Open,https://photoresources.wtatennis.com/photo-resources/2025/04/16/e155ccb6-5daf-4a93-8fa1-a30ce14c2704/WTA-Tournament_Indian-Wells-2017.png?height=128,https://www.wtatennis.com/tournaments/indian-wells,INDIAN WELLS • USA,WTA 1000,Hard,https://www.wtatennis.com/resources/v7.31.10/i/elements/1000k-tag.svg,Elena Rybakina,1.0,KAZ,https://www.wtatennis.com/resources/v7.31.10/i/elements/flags/kaz.svg,Final F,W,"3 - 6,6 - 3,7 - 66,",1,https://www.wtatennis.com/players/324166/elena-rybakina,4 - 15 Mar 2026,1000.0,1085220.0,128M/48Q/32D,2026-03-04 00:00:00,2026-03-15 00:00:00,2026.0,3.0,9144880.0
8,BNP Paribas Open,https://photoresources.wtatennis.com/photo-resources/2025/04/16/e155ccb6-5daf-4a93-8fa1-a30ce14c2704/WTA-Tournament_Indian-Wells-2017.png?height=128,https://www.wtatennis.com/tournaments/indian-wells,INDIAN WELLS • USA,WTA 1000,Hard,https://www.wtatennis.com/resources/v7.31.10/i/elements/1000k-tag.svg,Linda Noskova,1.0,CZE,https://www.wtatennis.com/resources/v7.31.10/i/elements/flags/cze.svg,Semifinals Semi,W,"6 - 3,6 - 4,",1,https://www.wtatennis.com/players/329668/linda-noskova,4 - 15 Mar 2026,1000.0,1085220.0,128M/48Q/32D,2026-03-04 00:00:00,2026-03-15 00:00:00,2026.0,3.0,10230100.0
9,BNP Paribas Open,https://photoresources.wtatennis.com/photo-resources/2025/04/16/e155ccb6-5daf-4a93-8fa1-a30ce14c2704/WTA-Tournament_Indian-Wells-2017.png?height=128,https://www.wtatennis.com/tournaments/indian-wells,INDIAN WELLS • USA,WTA 1000,Hard,https://www.wtatennis.com/resources/v7.31.10/i/elements/1000k-tag.svg,Victoria Mboko,1.0,CAN,https://www.wtatennis.com/resources/v7.31.10/i/elements/flags/can.svg,Quarterfinals Quarter,W,"7 - 60,6 - 4,",1,https://www.wtatennis.com/players/331006/victoria-mboko,4 - 15 Mar 2026,1000.0,1085220.0,128M/48Q/32D,2026-03-04 00:00:00,2026-03-15 00:00:00,2026.0,3.0,11315320.0
10,BNP Paribas Open,https://photoresources.wtatennis.com/photo-resources/2025/04/16/e155ccb6-5daf-4a93-8fa1-a30ce14c2704/WTA-Tournament_Indian-Wells-2017.png?height=128,https://www.wtatennis.com/tournaments/indian-wells,INDIAN WELLS • USA,WTA 1000,Hard,https://www.wtatennis.com/resources/v7.31.10/i/elements/1000k-tag.svg,Naomi Osaka,1.0,JPN,https://www.wtatennis.com/resources/v7.31.10/i/elements/flags/jpn.svg,Round of 16 R16,W,"6 - 2,6 - 4,",1,https://www.wtatennis.com/players/319998/naomi-osaka,4 - 15 Mar 2026,1000.0,1085220.0,128M/48Q/32D,2026-03-04 00:00:00,2026-03-15 00:00:00,2026.0,3.0,12400540.0
11,BNP Paribas Open,https://photoresources.wtatennis.com/photo-resources/2025/04/16/e155ccb6-5daf-4a93-8fa1-a30ce14c2704/WTA-Tournament_Indian-Wells-2017.png?height=128,https://www.wtatennis.com/tournaments/indian-wells,INDIAN WELLS • USA,WTA 1000,Hard,https://www.wtatennis.com/resources/v7.31.10/i/elements/1000k-tag.svg,Jaqueline  Cristian,1.0,ROU,https://www.wtatennis.com/resources/v7.31.10/i/elements/flags/rou.svg,Round of 32 R32,W,"6 - 4,6 - 1,",1,https://www.wtatennis.com/players/320319/jaqueline-cristian,4 - 15 Mar 2026,1000.0,1085220.0,128M/48Q/32D,2026-03-04 00:00:00,2026-03-15 00:00:00,2026.0,3.0,13485760.0
12,BNP Paribas Open,https://photoresources.wtatennis.com/photo-resources/2025/04/16/e155ccb6-5daf-4a93-8fa1-a30ce14c2704/WTA-Tournament_Indian-Wells-2017.png?height=128,https://www.wtatennis.com/tournaments/indian-wells,INDIAN WELLS • USA,WTA 1000,Hard,https://www.wtatennis.com/resources/v7.31.10/i/elements/1000k-tag.svg,Himeno Sakatsume,1.0,JPN,https://www.wtatennis.com/resources/v7.31.10/i/elements/flags/jpn.svg,Round of 64 R64,W,"6 - 4,6 - 2,",1,https://www.wtatennis.com/players/326568/himeno-sakatsume,4 - 15 Mar 2026,1000.0,1085220.0,128M/48Q/32D,2026-03-04 00:00:00,2026-03-15 00:00:00,2026.0,3.0,14570980.0
13,BNP Paribas Open,https://photoresources.wtatennis.com/photo-resources/2025/04/16/e155ccb6-5daf-4a93-8fa1-a30ce14c2704/WTA-Tournament_Indian-Wells-2017.png?height=128,https://www.wtatennis.com/tournaments/indian-wells,INDIAN WELLS • USA,WTA 1000,Hard,https://www.wtatennis.com/resources/v7.31.10/i/elements/1000k-tag.svg,,1.0,,,Round of 128 R128,,Bye,1,,4 - 15 Mar 2026,1000.0,1085220.0,128M/48Q/32D,2026-03-04 00:00:00,2026-03-15 00:00:00,2026.0,3.0,15656200.0
14,Australian Open,https://photoresources.wtatennis.com/photo-resources/2025/04/16/20886615-8c76-4d00-b747-7946c3692df2/WTA-Tournament_Australian-Open.png?height=128,https://www.wtatennis.com/tournaments/australian-open,MELBOURNE • AUS,Grand Slam,Hard,https://www.wtatennis.com/resources/v7.31.10/i/elements/gs-tag.svg,Elena Rybakina,1.0,KAZ,https://www.wtatennis.com/resources/v7.31.10/i/elements/flags/kaz.svg,Final F,L,"4 - 6,6 - 4,4 - 6,",1,https://www.wtatennis.com/players/324166/elena-rybakina,18 Jan - 1 Feb 2026,1300.0,1391952.0,128M/128Q/64D,2026-01-18 00:00:00,2026-02-01 00:00:00,2026.0,1.0,17048152.0
15,Australian Open,https://photoresources.wtatennis.com/photo-resources/2025/04/16/20886615-8c76-4d00-b747-7946c3692df2/WTA-Tournament_Australian-Open.png?height=128,https://www.wtatennis.com/tournaments/australian-open,MELBOURNE • AUS,Grand Slam,Hard,https://www.wtatennis.com/resources/v7.31.10/i/elements/gs-tag.svg,Elina Svitolina,1.0,UKR,https://www.wtatennis.com/resources/v7.31.10/i/elements/flags/ukr.svg,Semifinals Semi,W,"6 - 2,6 - 3,",1,https://www.wtatennis.com/players/316738/elina-svitolina,18 Jan - 1 Feb 2026,1300.0,1391952.0,128M/128Q/64D,2026-01-18 00:00:00,2026-02-01 00:00:00,2026.0,1.0,18440104.0
16,Australian Open,https://photoresources.wtatennis.com/photo-resources/2025/04/16/20886615-8c76-4d00-b747-7946c3692df2/WTA-Tournament_Australian-Open.png?height=128,https://www.wtatennis.com/tournaments/australian-open,MELBOURNE • AUS,Grand Slam,Hard,https://www.wtatennis.com/resources/v7.31.10/i/elements/gs-tag.svg,Iva Jovic,1.0,USA,https://www.wtatennis.com/resources/v7.31.10/i/elements/flags/usa.svg,Quarterfinals Quarter,W,"6 - 3,6 - 0,",1,https://www.wtatennis.com/players/332285/iva-jovic,18 Jan - 1 Feb 2026,1300.0,1391952.0,128M/128Q/64D,2026-01-18 00:00:00,2026-02-01 00:00:00,2026.0,1.0,19832056.0
17,Australian Open,https://photoresources.wtatennis.com/photo-resources/2025/04/16/20886615-8c76-4d00-b747-7946c3692df2/WTA-Tournament_Australian-Open.png?height=128,https://www.wtatennis.com/tournaments/australian-open,MELBOURNE • AUS,Grand Slam,Hard,https://www.wtatennis.com/resources/v7.31.10/i/elements/gs-tag.svg,Victoria Mboko,1.0,CAN,https://www.wtatennis.com/resources/v7.31.10/i/elements/flags/can.svg,Round of 16 R16,W,"6 - 1,7 - 61,",1,https://www.wtatennis.com/players/331006/victoria-mboko,18 Jan - 1 Feb 2026,1300.0,1391952.0,128M/128Q/64D,2026-01-18 00:00:00,2026-02-01 00:00:00,2026.0,1.0,21224008.0
18,Australian Open,https://photoresources.wtatennis.com/photo-resources/2025/04/16/20886615-8c76-4d00-b747-7946c3692df2/WTA-Tournament_Australian-Open.png?height=128,https://www.wtatennis.com/tournaments/australian-open,MELBOURNE • AUS,Grand Slam,Hard,https://www.wtatennis.com/resources/v7.31.10/i/elements/gs-tag.svg,Anastasia Potapova,1.0,AUT,https://www.wtatennis.com/resources/v7.31.10/i/elements/flags/aut.svg,Round of 32 R32,W,"7 - 64,7 - 67,",1,https://www.wtatennis.com/players/325601/anastasia-potapova,18 Jan - 1 Feb 2026,1300.0,1391952.0,128M/128Q/64D,2026-01-18 00:00:00,2026-02-01 00:00:00,2026.0,1.0,22615960.0
19,Australian Open,https://photoresources.wtatennis.com/photo-resources/2025/04/16/20886615-8c76-4d00-b747-7946c3692df2/WTA-Tournament_Australian-Open.png?height=128,https://www.wtatennis.com/tournaments/australian-open,MELBOURNE • AUS,Grand Slam,Hard,https://www.wtatennis.com/resources/v7.31.10/i/elements/gs-tag.svg,Zhuoxuan Bai,1.0,CHN,https://www.wtatennis.com/resources/v7.31.10/i/elements/flags/chn.svg,Round of 64 R64,W,"6 - 3,6 - 1,",1,https://www.wtatennis.com/players/327196/zhuoxuan-bai,18 Jan - 1 Feb 2026,1300.0,1391952.0,128M/128Q/64D,2026-01-18 00:00:00,2026-02-01 00:00:00,2026.0,1.0,24007912.0
20,Australian Open,https://photoresources.wtatennis.com/photo-resources/2025/04/16/20886615-8c76-4d00-b747-7946c3692df2/WTA-Tournament_Australian-Open.png?height=128,https://www.wtatennis.com/tournaments/australian-open,MELBOURNE • AUS,Grand Slam,Hard,https://www.wtatennis.com/resources/v7.31.10/i/elements/gs-tag.svg,Tiantsoa Rakotomanga Rajaonah,1.0,FRA,https://www.wtatennis.com/resources/v7.31.10/i/elements/flags/fra.svg,Round of 128 R128,W,"6 - 4,6 - 1,",1,https://www.wtatennis.com/players/330970/tiantsoa-rakotomanga-rajaonah,18 Jan - 1 Feb 2026,1300.0,1391952.0,128M/128Q/64D,2026-01-18 00:00:00,2026-02-01 00:00:00,2026.0,1.0,25399864.0
21,Brisbane International,https://photoresources.wtatennis.com/photo-resources/2025/04/16/9050b115-2984-4344-932a-01bc17817720/WTA-Tournament_Brisbane-2025.png?height=128,https://www.wtatennis.com/tournaments/800/brisbane/2026,BRISBANE • AUS,WTA 500,Hard,https://www.wtatennis.com/resources/v7.31.10/i/elements/500k-tag.svg,Marta Kostyuk,1.0,UKR,https://www.wtatennis.com/resources/v7.31.10/i/elements/flags/ukr.svg,Final F,W,"6 - 4,6 - 3,",1,https://www.wtatennis.com/players/326482/marta-kostyuk,4 - 11 Jan 2026,500.0,214530.0,64M/24Q/16D,2026-01-04 00:00:00,2026-01-11 00:00:00,2026.0,1.0,25614394.0
22,Brisbane International,https://photoresources.wtatennis.com/photo-resources/2025/04/16/9050b115-2984-4344-932a-01bc17817720/WTA-Tournament_Brisbane-2025.png?height=128,https://www.wtatennis.com/tournaments/800/brisbane/2026,BRISBANE • AUS,WTA 500,Hard,https://www.wtatennis.com/resources/v7.31.10/i/elements/500k-tag.svg,Karolina Muchova,1.0,CZE,https://www.wtatennis.com/resources/v7.31.10/i/elements/flags/cze.svg,Semifinals Semi,W,"6 - 3,6 - 4,",1,https://www.wtatennis.com/players/322191/karolina-muchova,4 - 11 Jan 2026,500.0,214530.0,64M/24Q/16D,2026-01-04 00:00:00,2026-01-11 00:00:00,2026.0,1.0,25828924.0
23,Brisbane International,https://photoresources.wtatennis.com/photo-resources/2025/04/16/9050b115-2984-4344-932a-01bc17817720/WTA-Tournament_Brisbane-2025.png?height=128,https://www.wtatennis.com/tournaments/800/brisbane/2026,BRISBANE • AUS,WTA 500,Hard,https://www.wtatennis.com/resources/v7.31.10/i/elements/500k-tag.svg,Madison Keys,1.0,USA,https://www.wtatennis.com/resources/v7.31.10/i/elements/flags/usa.svg,Quarterfinals Quarter,W,"6 - 3,6 - 3,",1,https://www.wtatennis.com/players/316959/madison-keys,4 - 11 Jan 2026,500.0,214530.0,64M/24Q/16D,2026-01-04 00:00:00,2026-01-11 00:00:00,2026.0,1.0,26043454.0
24,Brisbane International,https://photoresources.wtatennis.com/photo-resources/2025/04/16/9050b115-2984-4344-932a-01bc17817720/WTA-Tournament_Brisbane-2025.png?height=128,https://www.wtatennis.com/tournaments/800/brisbane/2026,BRISBANE • AUS,WTA 500,Hard,https://www.wtatennis.com/resources/v7.31.10/i/elements/500k-tag.svg,Sorana Cirstea,1.0,ROU,https://www.wtatennis.com/resources/v7.31.10/i/elements/flags/rou.svg,Round of 16 R16,W,"6 - 3,6 - 3,",1,https://www.wtatennis.com/players/312469/sorana-cirstea,4 - 11 Jan 2026,500.0,214530.0,64M/24Q/16D,2026-01-04 00:00:00,2026-01-11 00:00:00,2026.0,1.0,26257984.0
25,Brisbane International,https://photoresources.wtatennis.com/photo-resources/2025/04/16/9050b115-2984-4344-932a-01bc17817720/WTA-Tournament_Brisbane-2025.png?height=128,https://www.wtatennis.com/tournaments/800/brisbane/2026,BRISBANE • AUS,WTA 500,Hard,https://www.wtatennis.com/resources/v7.31.10/i/elements/500k-tag.svg,Cristina Bucsa,1.0,ESP,https://www.wtatennis.com/resources/v7.31.10/i/elements/flags/esp.svg,Round of 32 R32,W,"6 - 0,6 - 1,",1,https://www.wtatennis.com/players/321158/cristina-bucsa,4 - 11 Jan 2026,500.0,214530.0,64M/24Q/16D,2026-01-04 00:00:00,2026-01-11 00:00:00,2026.0,1.0,26472514.0
26,Brisbane International,https://photoresources.wtatennis.com/photo-resources/2025/04/16/9050b115-2984-4344-932a-01bc17817720/WTA-Tournament_Brisbane-2025.png?height=128,https://www.wtatennis.com/tournaments/800/brisbane/2026,BRISBANE • AUS,WTA 500,Hard,https://www.wtatennis.com/resources/v7.31.10/i/elements/500k-tag.svg,,1.0,,,Round of 64 R64,,Bye,1,,4 - 11 Jan 2026,500.0,214530.0,64M/24Q/16D,2026-01-04 00:00:00,2026-01-11 00:00:00,2026.0,1.0,26687044.0
27,WTA Finals Riyadh,https://photoresources.wtatennis.com/photo-resources/2025/10/16/b04a642b-ddb5-40c8-91f1-26a2d61650fe/WTA-finals.png?height=128,https://www.wtatennis.com/tournaments/808/wta-finals/2025,RIYADH • KSA,Finals,Hard,https://www.wtatennis.com/resources/v7.31.10/i/elements/finals-tag.svg,Elena Rybakina,1.0,KAZ,https://www.wtatennis.com/resources/v7.31.10/i/elements/flags/kaz.svg,Final F,L,"3 - 6,60 - 7,",1,https://www.wtatennis.com/players/324166/elena-rybakina,1 - 8 Nov 2025,,2695000.0,8M/0Q/8D,2025-11-01 00:00:00,2025-11-08 00:00:00,2025.0,11.0,29382044.0
28,WTA Finals Riyadh,https://photoresources.wtatennis.com/photo-resources/2025/10/16/b04a642b-ddb5-40c8-91f1-26a2d61650fe/WTA-finals.png?height=128,https://www.wtatennis.com/tournaments/808/wta-finals/2025,RIYADH • KSA,Finals,Hard,https://www.wtatennis.com/resources/v7.31.10/i/elements/finals-tag.svg,Amanda Anisimova,1.0,USA,https://www.wtatennis.com/resources/v7.31.10/i/elements/flags/usa.svg,Semifinals Semi,W,"6 - 3,3 - 6,6 - 3,",1,https://www.wtatennis.com/players/326384/amanda-anisimova,1 - 8 Nov 2025,,2695000.0,8M/0Q/8D,2025-11-01 00:00:00,2025-11-08 00:00:00,2025.0,11.0,32077044.0
29,WTA Finals Riyadh,https://photoresources.wtatennis.com/photo-resources/2025/10/16/b04a642b-ddb5-40c8-91f1-26a2d61650fe/WTA-finals.png?height=128,https://www.wtatennis.com/tournaments/808/wta-finals/2025,RIYADH • KSA,Finals,Hard,https://www.wtatennis.com/resources/v7.31.10/i/elements/finals-tag.svg,Jasmine Paolini,1.0,ITA,https://www.wtatennis.com/resources/v7.31.10/i/elements/flags/ita.svg,Group Stage Group,W,"6 - 3,6 - 1,",1,https://www.wtatennis.com/players/319280/jasmine-paolini,1 - 8 Nov 2025,,2695000.0,8M/0Q/8D,2025-11-01 00:00:00,2025-11-08 00:00:00,2025.0,11.0,34772044.0
30,WTA Finals Riyadh,https://photoresources.wtatennis.com/photo-resources/2025/10/16/b04a642b-ddb5-40c8-91f1-26a2d61650fe/WTA-finals.png?height=128,https://www.wtatennis.com/tournaments/808/wta-finals/2025,RIYADH • KSA,Finals,Hard,https://www.wtatennis.com/resources/v7.31.10/i/elements/finals-tag.svg,Coco Gauff,1.0,USA,https://www.wtatennis.com/resources/v7.31.10/i/elements/flags/usa.svg,Group Stage Group,W,"7 - 65,6 - 2,",1,https://www.wtatennis.com/players/328560/coco-gauff,1 - 8 Nov 2025,,2695000.0,8M/0Q/8D,2025-11-01 00:00:00,2025-11-08 00:00:00,2025.0,11.0,37467044.0
31,WTA Finals Riyadh,https://photoresources.wtatennis.com/photo-resources/2025/10/16/b04a642b-ddb5-40c8-91f1-26a2d61650fe/WTA-finals.png?height=128,https://www.wtatennis.com/tournaments/808/wta-finals/2025,RIYADH • KSA,Finals,Hard,https://www.wtatennis.com/resources/v7.31.10/i/elements/finals-tag.svg,Jessica Pegula,1.0,USA,https://www.wtatennis.com/resources/v7.31.10/i/elements/flags/usa.svg,Group Stage Group,W,"6 - 4,2 - 6,6 - 3,",1,https://www.wtatennis.com/players/316956/jessica-pegula,1 - 8 Nov 2025,,2695000.0,8M/0Q/8D,2025-11-01 00:00:00,2025-11-08 00:00:00,2025.0,11.0,40162044.0
32,Dongfeng · Voyah Wuhan Open 2025,https://photoresources.wtatennis.com/photo-resources/2025/09/09/28ba4434-1336-4e94-a9e3-4e446fd1311f/WTA-Tournament_Wuhan-2024.png?height=128,https://www.wtatennis.com/tournaments/1075/wuhan/2025,WUHAN • CHN,WTA 1000,Hard,https://www.wtatennis.com/resources/v7.31.10/i/elements/1000k-tag.svg,Jessica Pegula,1.0,USA,https://www.wtatennis.com/resources/v7.31.10/i/elements/flags/usa.svg,Semifinals Semi,L,"6 - 2,4 - 6,62 - 7,",1,https://www.wtatennis.com/players/316956/jessica-pegula,6 - 12 Oct 2025,390.0,180100.0,64M/32Q/32D,2025-10-06 00:00:00,2025-10-12 00:00:00,2025.0,10.0,40342144.0
33,Dongfeng · Voyah Wuhan Open 2025,https://photoresources.wtatennis.com/photo-resources/2025/09/09/28ba4434-1336-4e94-a9e3-4e446fd1311f/WTA-Tournament_Wuhan-2024.png?height=128,https://www.wtatennis.com/tournaments/1075/wuhan/2025,WUHAN • CHN,WTA 1000,Hard,https://www.wtatennis.com/resources/v7.31.10/i/elements/1000k-tag.svg,Elena Rybakina,1.0,KAZ,https://www.wtatennis.com/resources/v7.31.10/i/elements/flags/kaz.svg,Quarterfinals Quarter,W,"6 - 3,6 - 3,",1,https://www.wtatennis.com/players/324166/elena-rybakina,6 - 12 Oct 2025,390.0,180100.0,64M/32Q/32D,2025-10-06 00:00:00,2025-10-12 00:00:00,2025.0,10.0,40522244.0
34,Dongfeng · Voyah Wuhan Open 2025,https://photoresources.wtatennis.com/photo-resources/2025/09/09/28ba4434-1336-4e94-a9e3-4e446fd1311f/WTA-Tournament_Wuhan-2024.png?height=128,https://www.wtatennis.com/tournaments/1075/wuhan/2025,WUHAN • CHN,WTA 1000,Hard,https://www.wtatennis.com/resources/v7.31.10/i/elements/1000k-tag.svg,Liudmila Samsonova,1.0,RUS,https://www.wtatennis.com/resources/v7.31.10/i/elements/flags/rus.svg,Round of 16 R16,W,"6 - 3,6 - 2,",1,https://www.wtatennis.com/players/322222/liudmila-samsonova,6 - 12 Oct 2025,390.0,180100.0,64M/32Q/32D,2025-10-06 00:00:00,2025-10-12 00:00:00,2025.0,10.0,40702344.0
35,Dongfeng · Voyah Wuhan Open 2025,https://photoresources.wtatennis.com/photo-resources/2025/09/09/28ba4434-1336-4e94-a9e3-4e446fd1311f/WTA-Tournament_Wuhan-2024.png?height=128,https://www.wtatennis.com/tournaments/1075/wuhan/2025,WUHAN • CHN,WTA 1000,Hard,https://www.wtatennis.com/resources/v7.31.10/i/elements/1000k-tag.svg,Rebecca Sramkova,1.0,SVK,https://www.wtatennis.com/resources/v7.31.10/i/elements/flags/svk.svg,Round of 32 R32,W,"4 - 6,6 - 3,6 - 1,",1,https://www.wtatennis.com/players/320228/rebecca-sramkova,6 - 12 Oct 2025,390.0,180100.0,64M/32Q/32D,2025-10-06 00:00:00,2025-10-12 00:00:00,2025.0,10.0,40882444.0
36,Dongfeng · Voyah Wuhan Open 2025,https://photoresources.wtatennis.com/photo-resources/2025/09/09/28ba4434-1336-4e94-a9e3-4e446fd1311f/WTA-Tournament_Wuhan-2024.png?height=128,https://www.wtatennis.com/tournaments/1075/wuhan/2025,WUHAN • CHN,WTA 1000,Hard,https://www.wtatennis.com/resources/v7.31.10/i/elements/1000k-tag.svg,,1.0,,,Round of 64 R64,,Bye,1,,6 - 12 Oct 2025,390.0,180100.0,64M/32Q/32D,2025-10-06 00:00:00,2025-10-12 00:00:00,2025.0,10.0,41062544.0
37,US Open,https://photoresources.wtatennis.com/photo-resources/2025/04/16/295289d9-36fa-408a-8586-2b407d930c10/WTA-Tournament_US-Open.png?height=128,https://www.wtatennis.com/tournaments/905/us-open/2025,NEW YORK • USA,Grand Slam,Hard,https://www.wtatennis.com/resources/v7.31.10/i/elements/gs-tag.svg,Amanda Anisimova,1.0,USA,https://www.wtatennis.com/resources/v7.31.10/i/elements/flags/usa.svg,Final F,W,"6 - 3,7 - 63,",1,https://www.wtatennis.com/players/326384/amanda-anisimova,24 Aug - 7 Sep 2025,2000.0,5000000.0,128M/128Q/64D,2025-08-24 00:00:00,2025-09-07 00:00:00,2025.0,8.0,46062544.0
38,US Open,https://photoresources.wtatennis.com/photo-resources/2025/04/16/295289d9-36fa-408a-8586-2b407d930c10/WTA-Tournament_US-Open.png?height=128,https://www.wtatennis.com/tournaments/905/us-open/2025,NEW YORK • USA,Grand Slam,Hard,https://www.wtatennis.com/resources/v7.31.10/i/elements/gs-tag.svg,Jessica Pegula,1.0,USA,https://www.wtatennis.com/resources/v7.31.10/i/elements/flags/usa.svg,Semifinals Semi,W,"4 - 6,6 - 3,6 - 4,",1,https://www.wtatennis.com/players/316956/jessica-pegula,24 Aug - 7 Sep 2025,2000.0,5000000.0,128M/128Q/64D,2025-08-24 00:00:00,2025-09-07 00:00:00,2025.0,8.0,51062544.0
39,US Open,https://photoresources.wtatennis.com/photo-resources/2025/04/16/295289d9-36fa-408a-8586-2b407d930c10/WTA-Tournament_US-Open.png?height=128,https://www.wtatennis.com/tournaments/905/us-open/2025,NEW YORK • USA,Grand Slam,Hard,https://www.wtatennis.com/resources/v7.31.10/i/elements/gs-tag.svg,Marketa Vondrousova,1.0,CZE,https://www.wtatennis.com/resources/v7.31.10/i/elements/flags/cze.svg,Quarterfinals Quarter,W,Walkover,1,https://www.wtatennis.com/players/323027/marketa-vondrousova,24 Aug - 7 Sep 2025,2000.0,5000000.0,128M/128Q/64D,2025-08-24 00:00:00,2025-09-07 00:00:00,2025.0,8.0,56062544.0
40,US Open,https://photoresources.wtatennis.com/photo-resources/2025/04/16/295289d9-36fa-408a-8586-2b407d930c10/WTA-Tournament_US-Open.png?height=128,https://www.wtatennis.com/tournaments/905/us-open/2025,NEW YORK • USA,Grand Slam,Hard,https://www.wtatennis.com/resources/v7.31.10/i/elements/gs-tag.svg,Cristina Bucsa,1.0,ESP,https://www.wtatennis.com/resources/v7.31.10/i/elements/flags/esp.svg,Round of 16 R16,W,"6 - 1,6 - 4,",1,https://www.wtatennis.com/players/321158/cristina-bucsa,24 Aug - 7 Sep 2025,2000.0,5000000.0,128M/128Q/64D,2025-08-24 00:00:00,2025-09-07 00:00:00,2025.0,8.0,61062544.0
41,US Open,https://photoresources.wtatennis.com/photo-resources/2025/04/16/295289d9-36fa-408a-8586-2b407d930c10/WTA-Tournament_US-Open.png?height=128,https://www.wtatennis.com/tournaments/905/us-open/2025,NEW YORK • USA,Grand Slam,Hard,https://www.wtatennis.com/resources/v7.31.10/i/elements/gs-tag.svg,Leylah Fernandez,1.0,CAN,https://www.wtatennis.com/resources/v7.31.10/i/elements/flags/can.svg,Round of 32 R32,W,"6 - 3,7 - 62,",1,https://www.wtatennis.com/players/326735/leylah-fernandez,24 Aug - 7 Sep 2025,2000.0,5000000.0,128M/128Q/64D,2025-08-24 00:00:00,2025-09-07 00:00:00,2025.0,8.0,66062544.0
42,US Open,https://photoresources.wtatennis.com/photo-resources/2025/04/16/295289d9-36fa-408a-8586-2b407d930c10/WTA-Tournament_US-Open.png?height=128,https://www.wtatennis.com/tournaments/905/us-open/2025,NEW YORK • USA,Grand Slam,Hard,https://www.wtatennis.com/resources/v7.31.10/i/elements/gs-tag.svg,Polina Kudermetova,1.0,UZB,https://www.wtatennis.com/resources/v7.31.10/i/elements/flags/uzb.svg,Round of 64 R64,W,"7 - 64,6 - 2,",1,https://www.wtatennis.com/players/328897/polina-kudermetova,24 Aug - 7 Sep 2025,2000.0,5000000.0,128M/128Q/64D,2025-08-24 00:00:00,2025-09-07 00:00:00,2025.0,8.0,71062544.0
43,US Open,https://photoresources.wtatennis.com/photo-resources/2025/04/16/295289d9-36fa-408a-8586-2b407d930c10/WTA-Tournament_US-Open.png?height=128,https://www.wtatennis.com/tournaments/905/us-open/2025,NEW YORK • USA,Grand Slam,Hard,https://www.wtatennis.com/resources/v7.31.10/i/elements/gs-tag.svg,Rebeka Masarova,1.0,SUI,https://www.wtatennis.com/resources/v7.31.10/i/elements/flags/sui.svg,Round of 128 R128,W,"7 - 5,6 - 1,",1,https://www.wtatennis.com/players/322087/rebeka-masarova,24 Aug - 7 Sep 2025,2000.0,5000000.0,128M/128Q/64D,2025-08-24 00:00:00,2025-09-07 00:00:00,2025.0,8.0,76062544.0
44,Cincinnati Open,https://photoresources.wtatennis.com/photo-resources/2025/04/16/17c99db9-c289-451d-8cd9-65e8d9a25a26/WTA-Tournament_Cincinnati-2024.png?height=128,https://www.wtatennis.com/tournaments/1017/cincinnati/2025,CINCINNATI • USA,WTA 1000,Hard,https://www.wtatennis.com/resources/v7.31.10/i/elements/1000k-tag.svg,Elena Rybakina,1.0,KAZ,https://www.wtatennis.com/resources/v7.31.10/i/elements/flags/kaz.svg,Quarterfinals Quarter,L,"1 - 6,4 - 6,",1,https://www.wtatennis.com/players/324166/elena-rybakina,7 - 18 Aug 2025,215.0,106900.0,128M/48Q/32D,2025-08-07 00:00:00,2025-08-18 00:00:00,2025.0,8.0,76169444.0
45,Cincinnati Open,https://photoresources.wtatennis.com/photo-resources/2025/04/16/17c99db9-c289-451d-8cd9-65e8d9a25a26/WTA-Tournament_Cincinnati-2024.png?height=128,https://www.wtatennis.com/tournaments/1017/cincinnati/2025,CINCINNATI • USA,WTA 1000,Hard,https://www.wtatennis.com/resources/v7.31.10/i/elements/1000k-tag.svg,Jessica Bouzas Maneiro,1.0,ESP,https://www.wtatennis.com/resources/v7.31.10/i/elements/flags/esp.svg,Round of 16 R16,W,"6 - 1,7 - 5,",1,https://www.wtatennis.com/players/328139/jessica-bouzas-maneiro,7 - 18 Aug 2025,215.0,106900.0,128M/48Q/32D,2025-08-07 00:00:00,2025-08-18 00:00:00,2025.0,8.0,76276344.0
46,Cincinnati Open,https://photoresources.wtatennis.com/photo-resources/2025/04/16/17c99db9-c289-451d-8cd9-65e8d9a25a26/WTA-Tournament_Cincinnati-2024.png?height=128,https://www.wtatennis.com/tournaments/1017/cincinnati/2025,CINCINNATI • USA,WTA 1000,Hard,https://www.wtatennis.com/resources/v7.31.10/i/elements/1000k-tag.svg,Emma Raducanu,1.0,GBR,https://www.wtatennis.com/resources/v7.31.10/i/elements/flags/gbr.svg,Round of 32 R32,W,"7 - 63,4 - 6,7 - 65,",1,https://www.wtatennis.com/players/328366/emma-raducanu,7 - 18 Aug 2025,215.0,106900.0,128M/48Q/32D,2025-08-07 00:00:00,2025-08-18 00:00:00,2025.0,8.0,76383244.0
47,Cincinnati Open,https://photoresources.wtatennis.com/photo-resources/2025/04/16/17c99db9-c289-451d-8cd9-65e8d9a25a26/WTA-Tournament_Cincinnati-2024.png?height=128,https://www.wtatennis.com/tournaments/1017/cincinnati/2025,CINCINNATI • USA,WTA 1000,Hard,https://www.wtatennis.com/resources/v7.31.10/i/elements/1000k-tag.svg,Marketa Vondrousova,1.0,CZE,https://www.wtatennis.com/resources/v7.31.10/i/elements/flags/cze.svg,Round of 64 R64,W,"7 - 5,6 - 1,",1,https://www.wtatennis.com/players/323027/marketa-vondrousova,7 - 18 Aug 2025,215.0,106900.0,128M/48Q/32D,2025-08-07 00:00:00,2025-08-18 00:00:00,2025.0,8.0,76490144.0
48,Cincinnati Open,https://photoresources.wtatennis.com/photo-resources/2025/04/16/17c99db9-c289-451d-8cd9-65e8d9a25a26/WTA-Tournament_Cincinnati-2024.png?height=128,https://www.wtatennis.com/tournaments/1017/cincinnati/2025,CINCINNATI • USA,WTA 1000,Hard,https://www.wtatennis.com/resources/v7.31.10/i/elements/1000k-tag.svg,,1.0,,,Round of 128 R128,,Bye,1,,7 - 18 Aug 2025,215.0,106900.0,128M/48Q/32D,2025-08-07 00:00:00,2025-08-18 00:00:00,2025.0,8.0,76597044.0
49,"The Championships, Wimbledon",https://photoresources.wtatennis.com/photo-resources/2025/04/16/710d860b-bce6-40c7-8838-a6272dbf6be6/WTA-Tournament_Wimbledon.png?height=128,https://www.wtatennis.com/tournaments/904/wimbledon/2025,WIMBLEDON • GBR,Grand Slam,Grass,https://www.wtatennis.com/resources/v7.31.10/i/elements/gs-tag.svg,Amanda Anisimova,1.0,USA,https://www.wtatennis.com/resources/v7.31.10/i/elements/flags/usa.svg,Semifinals Semi,L,"4 - 6,6 - 4,4 - 6,",1,https://www.wtatennis.com/players/326384/amanda-anisimova,30 Jun - 13 Jul 2025,780.0,1050531.0,128M/128Q/64D,2025-06-30 00:00:00,2025-07-13 00:00:00,2025.0,6.0,77647575.0
50,"The Championships, Wimbledon",https://photoresources.wtatennis.com/photo-resources/2025/04/16/710d860b-bce6-40c7-8838-a6272dbf6be6/WTA-Tournament_Wimbledon.png?height=128,https://www.wtatennis.com/tournaments/904/wimbledon/2025,WIMBLEDON • GBR,Grand Slam,Grass,https://www.wtatennis.com/resources/v7.31.10/i/elements/gs-tag.svg,Laura Siegemund,1.0,GER,https://www.wtatennis.com/resources/v7.31.10/i/elements/flags/ger.svg,Quarterfinals Quarter,W,"4 - 6,6 - 2,6 - 4,",1,https://www.wtatennis.com/players/310926/laura-siegemund,30 Jun - 13 Jul 2025,780.0,1050531.0,128M/128Q/64D,2025-06-30 00:00:00,2025-07-13 00:00:00,2025.0,6.0,78698106.0
51,"The Championships, Wimbledon",https://photoresources.wtatennis.com/photo-resources/2025/04/16/710d860b-bce6-40c7-8838-a6272dbf6be6/WTA-Tournament_Wimbledon.png?height=128,https://www.wtatennis.com/tournaments/904/wimbledon/2025,WIMBLEDON • GBR,Grand Slam,Grass,https://www.wtatennis.com/resources/v7.31.10/i/elements/gs-tag.svg,Elise Mertens,1.0,BEL,https://www.wtatennis.com/resources/v7.31.10/i/elements/flags/bel.svg,Round of 16 R16,W,"6 - 4,7 - 64,",1,https://www.wtatennis.com/players/317964/elise-mertens,30 Jun - 13 Jul 2025,780.0,1050531.0,128M/128Q/64D,2025-06-30 00:00:00,2025-07-13 00:00:00,2025.0,6.0,79748637.0
52,"The Championships, Wimbledon",https://photoresources.wtatennis.com/photo-resources/2025/04/16/710d860b-bce6-40c7-8838-a6272dbf6be6/WTA-Tournament_Wimbledon.png?height=128,https://www.wtatennis.com/tournaments/904/wimbledon/2025,WIMBLEDON • GBR,Grand Slam,Grass,https://www.wtatennis.com/resources/v7.31.10/i/elements/gs-tag.svg,Emma Raducanu,1.0,GBR,https://www.wtatennis.com/resources/v7.31.10/i/elements/flags/gbr.svg,Round of 32 R32,W,"7 - 66,6 - 4,",1,https://www.wtatennis.com/players/328366/emma-raducanu,30 Jun - 13 Jul 2025,780.0,1050531.0,128M/128Q/64D,2025-06-30 00:00:00,2025-07-13 00:00:00,2025.0,6.0,80799168.0
53,"The Championships, Wimbledon",https://photoresources.wtatennis.com/photo-resources/2025/04/16/710d860b-bce6-40c7-8838-a6272dbf6be6/WTA-Tournament_Wimbledon.png?height=128,https://www.wtatennis.com/tournaments/904/wimbledon/2025,WIMBLEDON • GBR,Grand Slam,Grass,https://www.wtatennis.com/resources/v7.31.10/i/elements/gs-tag.svg,Marie Bouzkova,1.0,CZE,https://www.wtatennis.com/resources/v7.31.10/i/elements/flags/cze.svg,Round of 64 R64,W,"7 - 64,6 - 4,",1,https://www.wtatennis.com/players/320983/marie-bouzkova,30 Jun - 13 Jul 2025,780.0,1050531.0,128M/128Q/64D,2025-06-30 00:00:00,2025-07-13 00:00:00,2025.0,6.0,81849699.0
54,"The Championships, Wimbledon",https://photoresources.wtatennis.com/photo-resources/2025/04/16/710d860b-bce6-40c7-8838-a6272dbf6be6/WTA-Tournament_Wimbledon.png?height=128,https://www.wtatennis.com/tournaments/904/wimbledon/2025,WIMBLEDON • GBR,Grand Slam,Grass,https://www.wtatennis.com/resources/v7.31.10/i/elements/gs-tag.svg,Carson Branstine,1.0,CAN,https://www.wtatennis.com/resources/v7.31.10/i/elements/flags/can.svg,Round of 128 R128,W,"6 - 1,7 - 5,",1,https://www.wtatennis.com/players/324361/carson-branstine,30 Jun - 13 Jul 2025,780.0,1050531.0,128M/128Q/64D,2025-06-30 00:00:00,2025-07-13 00:00:00,2025.0,6.0,82900230.0
55,BERLIN TENNIS OPEN by HYLO,https://photoresources.wtatennis.com/photo-resources/2025/05/23/7fdec664-b1a6-44fc-8772-ecfb34d7aca2/WTA-Tournament_Berlin-2024.png?height=128,https://www.wtatennis.com/tournaments/2012/berlin/2025,BERLIN • GER,WTA 500,Grass,https://www.wtatennis.com/resources/v7.31.10/i/elements/500k-tag.svg,Marketa Vondrousova,1.0,CZE,https://www.wtatennis.com/resources/v7.31.10/i/elements/flags/cze.svg,Semifinals Semi,L,"2 - 6,4 - 6,",1,https://www.wtatennis.com/players/323027/marketa-vondrousova,16 - 22 Jun 2025,195.0,59100.0,32M/24Q/16D,,2025-06-22 00:00:00,,,82959330.0
56,BERLIN TENNIS OPEN by HYLO,https://photoresources.wtatennis.com/photo-resources/2025/05/23/7fdec664-b1a6-44fc-8772-ecfb34d7aca2/WTA-Tournament_Berlin-2024.png?height=128,https://www.wtatennis.com/tournaments/2012/berlin/2025,BERLIN • GER,WTA 500,Grass,https://www.wtatennis.com/resources/v7.31.10/i/elements/500k-tag.svg,Elena Rybakina,1.0,KAZ,https://www.wtatennis.com/resources/v7.31.10/i/elements/flags/kaz.svg,Quarterfinals Quarter,W,"7 - 66,3 - 6,7 - 66,",1,https://www.wtatennis.com/players/324166/elena-rybakina,16 - 22 Jun 2025,195.0,59100.0,32M/24Q/16D,,2025-06-22 00:00:00,,,83018430.0
57,BERLIN TENNIS OPEN by HYLO,https://photoresources.wtatennis.com/photo-resources/2025/05/23/7fdec664-b1a6-44fc-8772-ecfb34d7aca2/WTA-Tournament_Berlin-2024.png?height=128,https://www.wtatennis.com/tournaments/2012/berlin/2025,BERLIN • GER,WTA 500,Grass,https://www.wtatennis.com/resources/v7.31.10/i/elements/500k-tag.svg,Rebeka Masarova,1.0,SUI,https://www.wtatennis.com/resources/v7.31.10/i/elements/flags/sui.svg,Round of 16 R16,W,"6 - 2,7 - 66,",1,https://www.wtatennis.com/players/322087/rebeka-masarova,16 - 22 Jun 2025,195.0,59100.0,32M/24Q/16D,,2025-06-22 00:00:00,,,83077530.0
58,BERLIN TENNIS OPEN by HYLO,https://photoresources.wtatennis.com/photo-resources/2025/05/23/7fdec664-b1a6-44fc-8772-ecfb34d7aca2/WTA-Tournament_Berlin-2024.png?height=128,https://www.wtatennis.com/tournaments/2012/berlin/2025,BERLIN • GER,WTA 500,Grass,https://www.wtatennis.com/resources/v7.31.10/i/elements/500k-tag.svg,,1.0,,,Round of 32 R32,,Bye,1,,16 - 22 Jun 2025,195.0,59100.0,32M/24Q/16D,,2025-06-22 00:00:00,,,83136630.0
59,Roland Garros,https://photoresources.wtatennis.com/photo-resources/2025/04/16/ddbbc328-7967-416c-a6b5-043c8c3f933e/WTA-Tournament_Roland-Garros.png?height=128,https://www.wtatennis.com/tournaments/903/roland-garros/2025,PARIS • FRA,Grand Slam,Clay,https://www.wtatennis.com/resources/v7.31.10/i/elements/gs-tag.svg,Coco Gauff,1.0,USA,https://www.wtatennis.com/resources/v7.31.10/i/elements/flags/usa.svg,Final F,L,"7 - 65,2 - 6,4 - 6,",1,https://www.wtatennis.com/players/328560/coco-gauff,25 May - 8 Jun 2025,1300.0,1380473.0,128M/128Q/64D,2025-05-25 00:00:00,2025-06-08 00:00:00,2025.0,5.0,84517103.0
60,Roland Garros,https://photoresources.wtatennis.com/photo-resources/2025/04/16/ddbbc328-7967-416c-a6b5-043c8c3f933e/WTA-Tournament_Roland-Garros.png?height=128,https://www.wtatennis.com/tournaments/903/roland-garros/2025,PARIS • FRA,Grand Slam,Clay,https://www.wtatennis.com/resources/v7.31.10/i/elements/gs-tag.svg,Iga Swiatek,1.0,POL,https://www.wtatennis.com/resources/v7.31.10/i/elements/flags/pol.svg,Semifinals Semi,W,"7 - 61,4 - 6,6 - 0,",1,https://www.wtatennis.com/players/326408/iga-swiatek,25 May - 8 Jun 2025,1300.0,1380473.0,128M/128Q/64D,2025-05-25 00:00:00,2025-06-08 00:00:00,2025.0,5.0,85897576.0
61,Roland Garros,https://photoresources.wtatennis.com/photo-resources/2025/04/16/ddbbc328-7967-416c-a6b5-043c8c3f933e/WTA-Tournament_Roland-Garros.png?height=128,https://www.wtatennis.com/tournaments/903/roland-garros/2025,PARIS • FRA,Grand Slam,Clay,https://www.wtatennis.com/resources/v7.31.10/i/elements/gs-tag.svg,Qinwen Zheng,1.0,CHN,https://www.wtatennis.com/resources/v7.31.10/i/elements/flags/chn.svg,Quarterfinals Quarter,W,"7 - 63,6 - 3,",1,https://www.wtatennis.com/players/328120/qinwen-zheng,25 May - 8 Jun 2025,1300.0,1380473.0,128M/128Q/64D,2025-05-25 00:00:00,2025-06-08 00:00:00,2025.0,5.0,87278049.0
62,Roland Garros,https://photoresources.wtatennis.com/photo-resources/2025/04/16/ddbbc328-7967-416c-a6b5-043c8c3f933e/WTA-Tournament_Roland-Garros.png?height=128,https://www.wtatennis.com/tournaments/903/roland-garros/2025,PARIS • FRA,Grand Slam,Clay,https://www.wtatennis.com/resources/v7.31.10/i/elements/gs-tag.svg,Amanda Anisimova,1.0,USA,https://www.wtatennis.com/resources/v7.31.10/i/elements/flags/usa.svg,Round of 16 R16,W,"7 - 5,6 - 3,",1,https://www.wtatennis.com/players/326384/amanda-anisimova,25 May - 8 Jun 2025,1300.0,1380473.0,128M/128Q/64D,2025-05-25 00:00:00,2025-06-08 00:00:00,2025.0,5.0,88658522.0
63,Roland Garros,https://photoresources.wtatennis.com/photo-resources/2025/04/16/ddbbc328-7967-416c-a6b5-043c8c3f933e/WTA-Tournament_Roland-Garros.png?height=128,https://www.wtatennis.com/tournaments/903/roland-garros/2025,PARIS • FRA,Grand Slam,Clay,https://www.wtatennis.com/resources/v7.31.10/i/elements/gs-tag.svg,Olga Danilovic,1.0,SRB,https://www.wtatennis.com/resources/v7.31.10/i/elements/flags/srb.svg,Round of 32 R32,W,"6 - 2,6 - 3,",1,https://www.wtatennis.com/players/324934/olga-danilovic,25 May - 8 Jun 2025,1300.0,1380473.0,128M/128Q/64D,2025-05-25 00:00:00,2025-06-08 00:00:00,2025.0,5.0,90038995.0
64,Roland Garros,https://photoresources.wtatennis.com/photo-resources/2025/04/16/ddbbc328-7967-416c-a6b5-043c8c3f933e/WTA-Tournament_Roland-Garros.png?height=128,https://www.wtatennis.com/tournaments/903/roland-garros/2025,PARIS • FRA,Grand Slam,Clay,https://www.wtatennis.com/resources/v7.31.10/i/elements/gs-tag.svg,Jil Teichmann,1.0,SUI,https://www.wtatennis.com/resources/v7.31.10/i/elements/flags/sui.svg,Round of 64 R64,W,"6 - 3,6 - 1,",1,https://www.wtatennis.com/players/320926/jil-teichmann,25 May - 8 Jun 2025,1300.0,1380473.0,128M/128Q/64D,2025-05-25 00:00:00,2025-06-08 00:00:00,2025.0,5.0,91419468.0
65,Roland Garros,https://photoresources.wtatennis.com/photo-resources/2025/04/16/ddbbc328-7967-416c-a6b5-043c8c3f933e/WTA-Tournament_Roland-Garros.png?height=128,https://www.wtatennis.com/tournaments/903/roland-garros/2025,PARIS • FRA,Grand Slam,Clay,https://www.wtatennis.com/resources/v7.31.10/i/elements/gs-tag.svg,Kamilla Rakhimova,1.0,UZB,https://www.wtatennis.com/resources/v7.31.10/i/elements/flags/uzb.svg,Round of 128 R128,W,"6 - 1,6 - 0,",1,https://www.wtatennis.com/players/325936/kamilla-rakhimova,25 May - 8 Jun 2025,1300.0,1380473.0,128M/128Q/64D,2025-05-25 00:00:00,2025-06-08 00:00:00,2025.0,5.0,92799941.0
66,Internazionali BNL d'Italia,https://photoresources.wtatennis.com/photo-resources/2025/04/16/51f9b6ec-ebde-417f-b706-31b0bb4cc688/WTA-Tournament_Rome-2018.png?height=128,https://www.wtatennis.com/tournaments/709/rome/2025,ROME • ITA,WTA 1000,Clay,https://www.wtatennis.com/resources/v7.31.10/i/elements/1000k-tag.svg,Qinwen Zheng,1.0,CHN,https://www.wtatennis.com/resources/v7.31.10/i/elements/flags/chn.svg,Quarterfinals Quarter,L,"4 - 6,3 - 6,",1,https://www.wtatennis.com/players/328120/qinwen-zheng,6 - 18 May 2025,215.0,143400.0,128M/48Q/32D,2025-05-06 00:00:00,2025-05-18 00:00:00,2025.0,5.0,92943341.0
67,Internazionali BNL d'Italia,https://photoresources.wtatennis.com/photo-resources/2025/04/16/51f9b6ec-ebde-417f-b706-31b0bb4cc688/WTA-Tournament_Rome-2018.png?height=128,https://www.wtatennis.com/tournaments/709/rome/2025,ROME • ITA,WTA 1000,Clay,https://www.wtatennis.com/resources/v7.31.10/i/elements/1000k-tag.svg,Marta Kostyuk,1.0,UKR,https://www.wtatennis.com/resources/v7.31.10/i/elements/flags/ukr.svg,Round of 16 R16,W,"6 - 1,7 - 68,",1,https://www.wtatennis.com/players/326482/marta-kostyuk,6 - 18 May 2025,215.0,143400.0,128M/48Q/32D,2025-05-06 00:00:00,2025-05-18 00:00:00,2025.0,5.0,93086741.0
68,Internazionali BNL d'Italia,https://photoresources.wtatennis.com/photo-resources/2025/04/16/51f9b6ec-ebde-417f-b706-31b0bb4cc688/WTA-Tournament_Rome-2018.png?height=128,https://www.wtatennis.com/tournaments/709/rome/2025,ROME • ITA,WTA 1000,Clay,https://www.wtatennis.com/resources/v7.31.10/i/elements/1000k-tag.svg,Sofia Kenin,1.0,USA,https://www.wtatennis.com/resources/v7.31.10/i/elements/flags/usa.svg,Round of 32 R32,W,"3 - 6,6 - 3,6 - 3,",1,https://www.wtatennis.com/players/320942/sofia-kenin,6 - 18 May 2025,215.0,143400.0,128M/48Q/32D,2025-05-06 00:00:00,2025-05-18 00:00:00,2025.0,5.0,93230141.0
69,Internazionali BNL d'Italia,https://photoresources.wtatennis.com/photo-resources/2025/04/16/51f9b6ec-ebde-417f-b706-31b0bb4cc688/WTA-Tournament_Rome-2018.png?height=128,https://www.wtatennis.com/tournaments/709/rome/2025,ROME • ITA,WTA 1000,Clay,https://www.wtatennis.com/resources/v7.31.10/i/elements/1000k-tag.svg,Anastasia Potapova,1.0,AUT,https://www.wtatennis.com/resources/v7.31.10/i/elements/flags/aut.svg,Round of 64 R64,W,"6 - 2,6 - 2,",1,https://www.wtatennis.com/players/325601/anastasia-potapova,6 - 18 May 2025,215.0,143400.0,128M/48Q/32D,2025-05-06 00:00:00,2025-05-18 00:00:00,2025.0,5.0,93373541.0
70,Internazionali BNL d'Italia,https://photoresources.wtatennis.com/photo-resources/2025/04/16/51f9b6ec-ebde-417f-b706-31b0bb4cc688/WTA-Tournament_Rome-2018.png?height=128,https://www.wtatennis.com/tournaments/709/rome/2025,ROME • ITA,WTA 1000,Clay,https://www.wtatennis.com/resources/v7.31.10/i/elements/1000k-tag.svg,,1.0,,,Round of 128 R128,,Bye,1,,6 - 18 May 2025,215.0,143400.0,128M/48Q/32D,2025-05-06 00:00:00,2025-05-18 00:00:00,2025.0,5.0,93516941.0
71,Mutua Madrid Open,https://photoresources.wtatennis.com/photo-resources/2025/04/16/993fad80-1e55-4a92-aae0-258338df5d6d/WTA-Tournament_Madrid-2023.png?height=128,https://www.wtatennis.com/tournaments/1038/madrid/2025,MADRID • ESP,WTA 1000,Clay,https://www.wtatennis.com/resources/v7.31.10/i/elements/1000k-tag.svg,Coco Gauff,1.0,USA,https://www.wtatennis.com/resources/v7.31.10/i/elements/flags/usa.svg,Final F,W,"6 - 3,7 - 63,",1,https://www.wtatennis.com/players/328560/coco-gauff,22 Apr - 4 May 2025,1000.0,1124380.0,128M/48Q/32D,2025-04-22 00:00:00,2025-05-04 00:00:00,2025.0,4.0,94641321.0
72,Mutua Madrid Open,https://photoresources.wtatennis.com/photo-resources/2025/04/16/993fad80-1e55-4a92-aae0-258338df5d6d/WTA-Tournament_Madrid-2023.png?height=128,https://www.wtatennis.com/tournaments/1038/madrid/2025,MADRID • ESP,WTA 1000,Clay,https://www.wtatennis.com/resources/v7.31.10/i/elements/1000k-tag.svg,Elina Svitolina,1.0,UKR,https://www.wtatennis.com/resources/v7.31.10/i/elements/flags/ukr.svg,Semifinals Semi,W,"6 - 3,7 - 5,",1,https://www.wtatennis.com/players/316738/elina-svitolina,22 Apr - 4 May 2025,1000.0,1124380.0,128M/48Q/32D,2025-04-22 00:00:00,2025-05-04 00:00:00,2025.0,4.0,95765701.0
73,Mutua Madrid Open,https://photoresources.wtatennis.com/photo-resources/2025/04/16/993fad80-1e55-4a92-aae0-258338df5d6d/WTA-Tournament_Madrid-2023.png?height=128,https://www.wtatennis.com/tournaments/1038/madrid/2025,MADRID • ESP,WTA 1000,Clay,https://www.wtatennis.com/resources/v7.31.10/i/elements/1000k-tag.svg,Marta Kostyuk,1.0,UKR,https://www.wtatennis.com/resources/v7.31.10/i/elements/flags/ukr.svg,Quarterfinals Quarter,W,"7 - 64,7 - 67,",1,https://www.wtatennis.com/players/326482/marta-kostyuk,22 Apr - 4 May 2025,1000.0,1124380.0,128M/48Q/32D,2025-04-22 00:00:00,2025-05-04 00:00:00,2025.0,4.0,96890081.0
74,Mutua Madrid Open,https://photoresources.wtatennis.com/photo-resources/2025/04/16/993fad80-1e55-4a92-aae0-258338df5d6d/WTA-Tournament_Madrid-2023.png?height=128,https://www.wtatennis.com/tournaments/1038/madrid/2025,MADRID • ESP,WTA 1000,Clay,https://www.wtatennis.com/resources/v7.31.10/i/elements/1000k-tag.svg,Peyton Stearns,1.0,USA,https://www.wtatennis.com/resources/v7.31.10/i/elements/flags/usa.svg,Round of 16 R16,W,"6 - 2,6 - 4,",1,https://www.wtatennis.com/players/327573/peyton-stearns,22 Apr - 4 May 2025,1000.0,1124380.0,128M/48Q/32D,2025-04-22 00:00:00,2025-05-04 00:00:00,2025.0,4.0,98014461.0
75,Mutua Madrid Open,https://photoresources.wtatennis.com/photo-resources/2025/04/16/993fad80-1e55-4a92-aae0-258338df5d6d/WTA-Tournament_Madrid-2023.png?height=128,https://www.wtatennis.com/tournaments/1038/madrid/2025,MADRID • ESP,WTA 1000,Clay,https://www.wtatennis.com/resources/v7.31.10/i/elements/1000k-tag.svg,Elise Mertens,1.0,BEL,https://www.wtatennis.com/resources/v7.31.10/i/elements/flags/bel.svg,Round of 32 R32,W,"3 - 6,6 - 2,6 - 1,",1,https://www.wtatennis.com/players/317964/elise-mertens,22 Apr - 4 May 2025,1000.0,1124380.0,128M/48Q/32D,2025-04-22 00:00:00,2025-05-04 00:00:00,2025.0,4.0,99138841.0
76,Mutua Madrid Open,https://photoresources.wtatennis.com/photo-resources/2025/04/16/993fad80-1e55-4a92-aae0-258338df5d6d/WTA-Tournament_Madrid-2023.png?height=128,https://www.wtatennis.com/tournaments/1038/madrid/2025,MADRID • ESP,WTA 1000,Clay,https://www.wtatennis.com/resources/v7.31.10/i/elements/1000k-tag.svg,Anna Blinkova,1.0,RUS,https://www.wtatennis.com/resources/v7.31.10/i/elements/flags/rus.svg,Round of 64 R64,W,"6 - 3,6 - 4,",1,https://www.wtatennis.com/players/324267/anna-blinkova,22 Apr - 4 May 2025,1000.0,1124380.0,128M/48Q/32D,2025-04-22 00:00:00,2025-05-04 00:00:00,2025.0,4.0,100263221.0
77,Mutua Madrid Open,https://photoresources.wtatennis.com/photo-resources/2025/04/16/993fad80-1e55-4a92-aae0-258338df5d6d/WTA-Tournament_Madrid-2023.png?height=128,https://www.wtatennis.com/tournaments/1038/madrid/2025,MADRID • ESP,WTA 1000,Clay,https://www.wtatennis.com/resources/v7.31.10/i/elements/1000k-tag.svg,,1.0,,,Round of 128 R128,,Bye,1,,22 Apr - 4 May 2025,1000.0,1124380.0,128M/48Q/32D,2025-04-22 00:00:00,2025-05-04 00:00:00,2025.0,4.0,101387601.0
78,Porsche Tennis Grand Prix,https://photoresources.wtatennis.com/photo-resources/2025/04/16/73f25721-54c3-4754-84f2-c67e607edd39/WTA-Tournament_Stuttgart-2017.png?height=128,https://www.wtatennis.com/tournaments/1051/stuttgart/2025,STUTTGART • GER,WTA 500,Clay,https://www.wtatennis.com/resources/v7.31.10/i/elements/500k-tag.svg,Jelena Ostapenko,1.0,LAT,https://www.wtatennis.com/resources/v7.31.10/i/elements/flags/lat.svg,Final F,L,"4 - 6,1 - 6,",1,https://www.wtatennis.com/players/319939/jelena-ostapenko,14 - 21 Apr 2025,325.0,87825.0,32M/16Q/16D,,2025-04-21 00:00:00,,,101475426.0
79,Porsche Tennis Grand Prix,https://photoresources.wtatennis.com/photo-resources/2025/04/16/73f25721-54c3-4754-84f2-c67e607edd39/WTA-Tournament_Stuttgart-2017.png?height=128,https://www.wtatennis.com/tournaments/1051/stuttgart/2025,STUTTGART • GER,WTA 500,Clay,https://www.wtatennis.com/resources/v7.31.10/i/elements/500k-tag.svg,Jasmine Paolini,1.0,ITA,https://www.wtatennis.com/resources/v7.31.10/i/elements/flags/ita.svg,Semifinals Semi,W,"7 - 5,6 - 4,",1,https://www.wtatennis.com/players/319280/jasmine-paolini,14 - 21 Apr 2025,325.0,87825.0,32M/16Q/16D,,2025-04-21 00:00:00,,,101563251.0
80,Porsche Tennis Grand Prix,https://photoresources.wtatennis.com/photo-resources/2025/04/16/73f25721-54c3-4754-84f2-c67e607edd39/WTA-Tournament_Stuttgart-2017.png?height=128,https://www.wtatennis.com/tournaments/1051/stuttgart/2025,STUTTGART • GER,WTA 500,Clay,https://www.wtatennis.com/resources/v7.31.10/i/elements/500k-tag.svg,Elise Mertens,1.0,BEL,https://www.wtatennis.com/resources/v7.31.10/i/elements/flags/bel.svg,Quarterfinals Quarter,W,"6 - 4,6 - 1,",1,https://www.wtatennis.com/players/317964/elise-mertens,14 - 21 Apr 2025,325.0,87825.0,32M/16Q/16D,,2025-04-21 00:00:00,,,101651076.0
81,Porsche Tennis Grand Prix,https://photoresources.wtatennis.com/photo-resources/2025/04/16/73f25721-54c3-4754-84f2-c67e607edd39/WTA-Tournament_Stuttgart-2017.png?height=128,https://www.wtatennis.com/tournaments/1051/stuttgart/2025,STUTTGART • GER,WTA 500,Clay,https://www.wtatennis.com/resources/v7.31.10/i/elements/500k-tag.svg,Anastasia Potapova,1.0,AUT,https://www.wtatennis.com/resources/v7.31.10/i/elements/flags/aut.svg,Round of 16 R16,W,Walkover,1,https://www.wtatennis.com/players/325601/anastasia-potapova,14 - 21 Apr 2025,325.0,87825.0,32M/16Q/16D,,2025-04-21 00:00:00,,,101738901.0
82,Porsche Tennis Grand Prix,https://photoresources.wtatennis.com/photo-resources/2025/04/16/73f25721-54c3-4754-84f2-c67e607edd39/WTA-Tournament_Stuttgart-2017.png?height=128,https://www.wtatennis.com/tournaments/1051/stuttgart/2025,STUTTGART • GER,WTA 500,Clay,https://www.wtatennis.com/resources/v7.31.10/i/elements/500k-tag.svg,,1.0,,,Round of 32 R32,,Bye,1,,14 - 21 Apr 2025,325.0,87825.0,32M/16Q/16D,,2025-04-21 00:00:00,,,101826726.0
83,Miami Open presented by Itaú,https://photoresources.wtatennis.com/photo-resources/2025/04/16/ad3c213f-6323-4422-bb86-ff92e8cb213c/WTA-Tournament_Miami-2024.png?height=128,https://www.wtatennis.com/tournaments/902/miami/2025,MIAMI • USA,WTA 1000,Hard,https://www.wtatennis.com/resources/v7.31.10/i/elements/1000k-tag.svg,Jessica Pegula,1.0,USA,https://www.wtatennis.com/resources/v7.31.10/i/elements/flags/usa.svg,Final F,W,"7 - 5,6 - 2,",1,https://www.wtatennis.com/players/316956/jessica-pegula,18 - 30 Mar 2025,1000.0,1124380.0,128M/48Q/32D,,2025-03-30 00:00:00,,,102951106.0
84,Miami Open presented by Itaú,https://photoresources.wtatennis.com/photo-resources/2025/04/16/ad3c213f-6323-4422-bb86-ff92e8cb213c/WTA-Tournament_Miami-2024.png?height=128,https://www.wtatennis.com/tournaments/902/miami/2025,MIAMI • USA,WTA 1000,Hard,https://www.wtatennis.com/resources/v7.31.10/i/elements/1000k-tag.svg,Jasmine Paolini,1.0,ITA,https://www.wtatennis.com/resources/v7.31.10/i/elements/flags/ita.svg,Semifinals Semi,W,"6 - 2,6 - 2,",1,https://www.wtatennis.com/players/319280/jasmine-paolini,18 - 30 Mar 2025,1000.0,1124380.0,128M/48Q/32D,,2025-03-30 00:00:00,,,104075486.0
85,Miami Open presented by Itaú,https://photoresources.wtatennis.com/photo-resources/2025/04/16/ad3c213f-6323-4422-bb86-ff92e8cb213c/WTA-Tournament_Miami-2024.png?height=128,https://www.wtatennis.com/tournaments/902/miami/2025,MIAMI • USA,WTA 1000,Hard,https://www.wtatennis.com/resources/v7.31.10/i/elements/1000k-tag.svg,Qinwen Zheng,1.0,CHN,https://www.wtatennis.com/resources/v7.31.10/i/elements/flags/chn.svg,Quarterfinals Quarter,W,"6 - 2,7 - 5,",1,https://www.wtatennis.com/players/328120/qinwen-zheng,18 - 30 Mar 2025,1000.0,1124380.0,128M/48Q/32D,,2025-03-30 00:00:00,,,105199866.0
86,Miami Open presented by Itaú,https://photoresources.wtatennis.com/photo-resources/2025/04/16/ad3c213f-6323-4422-bb86-ff92e8cb213c/WTA-Tournament_Miami-2024.png?height=128,https://www.wtatennis.com/tournaments/902/miami/2025,MIAMI • USA,WTA 1000,Hard,https://www.wtatennis.com/resources/v7.31.10/i/elements/1000k-tag.svg,Danielle Collins,1.0,USA,https://www.wtatennis.com/resources/v7.31.10/i/elements/flags/usa.svg,Round of 16 R16,W,"6 - 4,6 - 4,",1,https://www.wtatennis.com/players/316925/danielle-collins,18 - 30 Mar 2025,1000.0,1124380.0,128M/48Q/32D,,2025-03-30 00:00:00,,,106324246.0
87,Miami Open presented by Itaú,https://photoresources.wtatennis.com/photo-resources/2025/04/16/ad3c213f-6323-4422-bb86-ff92e8cb213c/WTA-Tournament_Miami-2024.png?height=128,https://www.wtatennis.com/tournaments/902/miami/2025,MIAMI • USA,WTA 1000,Hard,https://www.wtatennis.com/resources/v7.31.10/i/elements/1000k-tag.svg,Elena-Gabriela Ruse,1.0,ROU,https://www.wtatennis.com/resources/v7.31.10/i/elements/flags/rou.svg,Round of 32 R32,W,"6 - 1, Ret",1,https://www.wtatennis.com/players/320408/elena-gabriela-ruse,18 - 30 Mar 2025,1000.0,1124380.0,128M/48Q/32D,,2025-03-30 00:00:00,,,107448626.0
88,Miami Open presented by Itaú,https://photoresources.wtatennis.com/photo-resources/2025/04/16/ad3c213f-6323-4422-bb86-ff92e8cb213c/WTA-Tournament_Miami-2024.png?height=128,https://www.wtatennis.com/tournaments/902/miami/2025,MIAMI • USA,WTA 1000,Hard,https://www.wtatennis.com/resources/v7.31.10/i/elements/1000k-tag.svg,Viktoriya Tomova,1.0,BUL,https://www.wtatennis.com/resources/v7.31.10/i/elements/flags/bul.svg,Round of 64 R64,W,"6 - 3,6 - 0,",1,https://www.wtatennis.com/players/317584/viktoriya-tomova,18 - 30 Mar 2025,1000.0,1124380.0,128M/48Q/32D,,2025-03-30 00:00:00,,,108573006.0
89,Miami Open presented by Itaú,https://photoresources.wtatennis.com/photo-resources/2025/04/16/ad3c213f-6323-4422-bb86-ff92e8cb213c/WTA-Tournament_Miami-2024.png?height=128,https://www.wtatennis.com/tournaments/902/miami/2025,MIAMI • USA,WTA 1000,Hard,https://www.wtatennis.com/resources/v7.31.10/i/elements/1000k-tag.svg,,1.0,,,Round of 128 R128,,Bye,1,,18 - 30 Mar 2025,1000.0,1124380.0,128M/48Q/32D,,2025-03-30 00:00:00,,,109697386.0
90,BNP Paribas Open,https://photoresources.wtatennis.com/photo-resources/2025/04/16/e155ccb6-5daf-4a93-8fa1-a30ce14c2704/WTA-Tournament_Indian-Wells-2017.png?height=128,https://www.wtatennis.com/tournaments/609/indian-wells/2025,INDIAN WELLS • USA,WTA 1000,Hard,https://www.wtatennis.com/resources/v7.31.10/i/elements/1000k-tag.svg,Mirra Andreeva,1.0,RUS,https://www.wtatennis.com/resources/v7.31.10/i/elements/flags/rus.svg,Final F,L,"6 - 2,4 - 6,3 - 6,",1,https://www.wtatennis.com/players/331809/mirra-andreeva,5 - 16 Mar 2025,650.0,599625.0,128M/48Q/32D,2025-03-05 00:00:00,2025-03-16 00:00:00,2025.0,3.0,110297011.0
91,BNP Paribas Open,https://photoresources.wtatennis.com/photo-resources/2025/04/16/e155ccb6-5daf-4a93-8fa1-a30ce14c2704/WTA-Tournament_Indian-Wells-2017.png?height=128,https://www.wtatennis.com/tournaments/609/indian-wells/2025,INDIAN WELLS • USA,WTA 1000,Hard,https://www.wtatennis.com/resources/v7.31.10/i/elements/1000k-tag.svg,Madison Keys,1.0,USA,https://www.wtatennis.com/resources/v7.31.10/i/elements/flags/usa.svg,Semifinals Semi,W,"6 - 0,6 - 1,",1,https://www.wtatennis.com/players/316959/madison-keys,5 - 16 Mar 2025,650.0,599625.0,128M/48Q/32D,2025-03-05 00:00:00,2025-03-16 00:00:00,2025.0,3.0,110896636.0
92,BNP Paribas Open,https://photoresources.wtatennis.com/photo-resources/2025/04/16/e155ccb6-5daf-4a93-8fa1-a30ce14c2704/WTA-Tournament_Indian-Wells-2017.png?height=128,https://www.wtatennis.com/tournaments/609/indian-wells/2025,INDIAN WELLS • USA,WTA 1000,Hard,https://www.wtatennis.com/resources/v7.31.10/i/elements/1000k-tag.svg,Liudmila Samsonova,1.0,RUS,https://www.wtatennis.com/resources/v7.31.10/i/elements/flags/rus.svg,Quarterfinals Quarter,W,"6 - 2,6 - 3,",1,https://www.wtatennis.com/players/322222/liudmila-samsonova,5 - 16 Mar 2025,650.0,599625.0,128M/48Q/32D,2025-03-05 00:00:00,2025-03-16 00:00:00,2025.0,3.0,111496261.0
93,BNP Paribas Open,https://photoresources.wtatennis.com/photo-resources/2025/04/16/e155ccb6-5daf-4a93-8fa1-a30ce14c2704/WTA-Tournament_Indian-Wells-2017.png?height=128,https://www.wtatennis.com/tournaments/609/indian-wells/2025,INDIAN WELLS • USA,WTA 1000,Hard,https://www.wtatennis.com/resources/v7.31.10/i/elements/1000k-tag.svg,Sonay Kartal,1.0,GBR,https://www.wtatennis.com/resources/v7.31.10/i/elements/flags/gbr.svg,Round of 16 R16,W,"6 - 1,6 - 2,",1,https://www.wtatennis.com/players/329918/sonay-kartal,5 - 16 Mar 2025,650.0,599625.0,128M/48Q/32D,2025-03-05 00:00:00,2025-03-16 00:00:00,2025.0,3.0,112095886.0
94,BNP Paribas Open,https://photoresources.wtatennis.com/photo-resources/2025/04/16/e155ccb6-5daf-4a93-8fa1-a30ce14c2704/WTA-Tournament_Indian-Wells-2017.png?height=128,https://www.wtatennis.com/tournaments/609/indian-wells/2025,INDIAN WELLS • USA,WTA 1000,Hard,https://www.wtatennis.com/resources/v7.31.10/i/elements/1000k-tag.svg,Lucia Bronzetti,1.0,ITA,https://www.wtatennis.com/resources/v7.31.10/i/elements/flags/ita.svg,Round of 32 R32,W,"6 - 1,6 - 2,",1,https://www.wtatennis.com/players/322280/lucia-bronzetti,5 - 16 Mar 2025,650.0,599625.0,128M/48Q/32D,2025-03-05 00:00:00,2025-03-16 00:00:00,2025.0,3.0,112695511.0
95,BNP Paribas Open,https://photoresources.wtatennis.com/photo-resources/2025/04/16/e155ccb6-5daf-4a93-8fa1-a30ce14c2704/WTA-Tournament_Indian-Wells-2017.png?height=128,https://www.wtatennis.com/tournaments/609/indian-wells/2025,INDIAN WELLS • USA,WTA 1000,Hard,https://www.wtatennis.com/resources/v7.31.10/i/elements/1000k-tag.svg,Mccartney Kessler,1.0,USA,https://www.wtatennis.com/resources/v7.31.10/i/elements/flags/usa.svg,Round of 64 R64,W,"7 - 64,6 - 3,",1,https://www.wtatennis.com/players/326678/mccartney-kessler,5 - 16 Mar 2025,650.0,599625.0,128M/48Q/32D,2025-03-05 00:00:00,2025-03-16 00:00:00,2025.0,3.0,113295136.0
96,BNP Paribas Open,https://photoresources.wtatennis.com/photo-resources/2025/04/16/e155ccb6-5daf-4a93-8fa1-a30ce14c2704/WTA-Tournament_Indian-Wells-2017.png?height=128,https://www.wtatennis.com/tournaments/609/indian-wells/2025,INDIAN WELLS • USA,WTA 1000,Hard,https://www.wtatennis.com/resources/v7.31.10/i/elements/1000k-tag.svg,,1.0,,,Round of 128 R128,,Bye,1,,5 - 16 Mar 2025,650.0,599625.0,128M/48Q/32D,2025-03-05 00:00:00,2025-03-16 00:00:00,2025.0,3.0,113894761.0
97,Dubai Duty Free Tennis Championships,https://photoresources.wtatennis.com/photo-resources/2025/04/16/aa274c10-fd33-4715-ac0e-d74441b27a54/WTA-Tournament_Dubai-2017.png?height=128,https://www.wtatennis.com/tournaments/718/dubai/2025,DUBAI • UAE,WTA 1000,Hard,https://www.wtatennis.com/resources/v7.31.10/i/elements/1000k-tag.svg,Clara Tauson,1.0,DEN,https://www.wtatennis.com/resources/v7.31.10/i/elements/flags/den.svg,Round of 16 R16,L,"3 - 6,2 - 6,",1,https://www.wtatennis.com/players/327793/clara-tauson,16 - 22 Feb 2025,120.0,41600.0,64M/32Q/32D,,2025-02-22 00:00:00,,,113936361.0
98,Dubai Duty Free Tennis Championships,https://photoresources.wtatennis.com/photo-resources/2025/04/16/aa274c10-fd33-4715-ac0e-d74441b27a54/WTA-Tournament_Dubai-2017.png?height=128,https://www.wtatennis.com/tournaments/718/dubai/2025,DUBAI • UAE,WTA 1000,Hard,https://www.wtatennis.com/resources/v7.31.10/i/elements/1000k-tag.svg,Veronika Kudermetova,1.0,RUS,https://www.wtatennis.com/resources/v7.31.10/i/elements/flags/rus.svg,Round of 32 R32,W,"6 - 3,6 - 4,",1,https://www.wtatennis.com/players/319526/veronika-kudermetova,16 - 22 Feb 2025,120.0,41600.0,64M/32Q/32D,,2025-02-22 00:00:00,,,113977961.0
99,Dubai Duty Free Tennis Championships,https://photoresources.wtatennis.com/photo-resources/2025/04/16/aa274c10-fd33-4715-ac0e-d74441b27a54/WTA-Tournament_Dubai-2017.png?height=128,https://www.wtatennis.com/tournaments/718/dubai/2025,DUBAI • UAE,WTA 1000,Hard,https://www.wtatennis.com/resources/v7.31.10/i/elements/1000k-tag.svg,,1.0,,,Round of 64 R64,,Bye,1,,16 - 22 Feb 2025,120.0,41600.0,64M/32Q/32D,,2025-02-22 00:00:00,,,114019561.0
100,Qatar TotalEnergies Open 2025,https://photoresources.wtatennis.com/photo-resources/2025/04/16/74cb07bc-dc84-43f7-9acc-95e51d3748c9/WTA-Tournament_Doha-2025.png?height=128,https://www.wtatennis.com/tournaments/1003/doha/2025,DOHA • QAT,WTA 1000,Hard,https://www.wtatennis.com/resources/v7.31.10/i/elements/1000k-tag.svg,Ekaterina Alexandrova,1.0,RUS,https://www.wtatennis.com/resources/v7.31.10/i/elements/flags/rus.svg,Round of 32 R32,L,"6 - 3,3 - 6,65 - 7,",1,https://www.wtatennis.com/players/319007/ekaterina-alexandrova,9 - 15 Feb 2025,10.0,23500.0,64M/32Q/32D,2025-02-09 00:00:00,2025-02-15 00:00:00,2025.0,2.0,114043061.0
101,Qatar TotalEnergies Open 2025,https://photoresources.wtatennis.com/photo-resources/2025/04/16/74cb07bc-dc84-43f7-9acc-95e51d3748c9/WTA-Tournament_Doha-2025.png?height=128,https://www.wtatennis.com/tournaments/1003/doha/2025,DOHA • QAT,WTA 1000,Hard,https://www.wtatennis.com/resources/v7.31.10/i/elements/1000k-tag.svg,,1.0,,,Round of 64 R64,,Bye,1,,9 - 15 Feb 2025,10.0,23500.0,64M/32Q/32D,2025-02-09 00:00:00,2025-02-15 00:00:00,2025.0,2.0,114066561.0
102,Australian Open,https://photoresources.wtatennis.com/photo-resources/2025/04/16/20886615-8c76-4d00-b747-7946c3692df2/WTA-Tournament_Australian-Open.png?height=128,https://www.wtatennis.com/tournaments/901/australian-open/2025,MELBOURNE • AUS,Grand Slam,Hard,https://www.wtatennis.com/resources/v7.31.10/i/elements/gs-tag.svg,Madison Keys,1.0,USA,https://www.wtatennis.com/resources/v7.31.10/i/elements/flags/usa.svg,Final F,L,"3 - 6,6 - 2,5 - 7,",1,https://www.wtatennis.com/players/316959/madison-keys,12 - 26 Jan 2025,1300.0,1199230.0,128M/128Q/64D,,2025-01-26 00:00:00,,,115265791.0
103,Australian Open,https://photoresources.wtatennis.com/photo-resources/2025/04/16/20886615-8c76-4d00-b747-7946c3692df2/WTA-Tournament_Australian-Open.png?height=128,https://www.wtatennis.com/tournaments/901/australian-open/2025,MELBOURNE • AUS,Grand Slam,Hard,https://www.wtatennis.com/resources/v7.31.10/i/elements/gs-tag.svg,Paula Badosa,1.0,ESP,https://www.wtatennis.com/resources/v7.31.10/i/elements/flags/esp.svg,Semifinals Semi,W,"6 - 4,6 - 2,",1,https://www.wtatennis.com/players/320124/paula-badosa,12 - 26 Jan 2025,1300.0,1199230.0,128M/128Q/64D,,2025-01-26 00:00:00,,,116465021.0
104,Australian Open,https://photoresources.wtatennis.com/photo-resources/2025/04/16/20886615-8c76-4d00-b747-7946c3692df2/WTA-Tournament_Australian-Open.png?height=128,https://www.wtatennis.com/tournaments/901/australian-open/2025,MELBOURNE • AUS,Grand Slam,Hard,https://www.wtatennis.com/resources/v7.31.10/i/elements/gs-tag.svg,Anastasia Pavlyuchenkova,1.0,RUS,https://www.wtatennis.com/resources/v7.31.10/i/elements/flags/rus.svg,Quarterfinals Quarter,W,"6 - 2,2 - 6,6 - 3,",1,https://www.wtatennis.com/players/313796/anastasia-pavlyuchenkova,12 - 26 Jan 2025,1300.0,1199230.0,128M/128Q/64D,,2025-01-26 00:00:00,,,117664251.0
105,Australian Open,https://photoresources.wtatennis.com/photo-resources/2025/04/16/20886615-8c76-4d00-b747-7946c3692df2/WTA-Tournament_Australian-Open.png?height=128,https://www.wtatennis.com/tournaments/901/australian-open/2025,MELBOURNE • AUS,Grand Slam,Hard,https://www.wtatennis.com/resources/v7.31.10/i/elements/gs-tag.svg,Mirra Andreeva,1.0,RUS,https://www.wtatennis.com/resources/v7.31.10/i/elements/flags/rus.svg,Round of 16 R16,W,"6 - 1,6 - 2,",1,https://www.wtatennis.com/players/331809/mirra-andreeva,12 - 26 Jan 2025,1300.0,1199230.0,128M/128Q/64D,,2025-01-26 00:00:00,,,118863481.0
106,Australian Open,https://photoresources.wtatennis.com/photo-resources/2025/04/16/20886615-8c76-4d00-b747-7946c3692df2/WTA-Tournament_Australian-Open.png?height=128,https://www.wtatennis.com/tournaments/901/australian-open/2025,MELBOURNE • AUS,Grand Slam,Hard,https://www.wtatennis.com/resources/v7.31.10/i/elements/gs-tag.svg,Clara Tauson,1.0,DEN,https://www.wtatennis.com/resources/v7.31.10/i/elements/flags/den.svg,Round of 32 R32,W,"7 - 65,6 - 4,",1,https://www.wtatennis.com/players/327793/clara-tauson,12 - 26 Jan 2025,1300.0,1199230.0,128M/128Q/64D,,2025-01-26 00:00:00,,,120062711.0
107,Australian Open,https://photoresources.wtatennis.com/photo-resources/2025/04/16/20886615-8c76-4d00-b747-7946c3692df2/WTA-Tournament_Australian-Open.png?height=128,https://www.wtatennis.com/tournaments/901/australian-open/2025,MELBOURNE • AUS,Grand Slam,Hard,https://www.wtatennis.com/resources/v7.31.10/i/elements/gs-tag.svg,Jessica Bouzas Maneiro,1.0,ESP,https://www.wtatennis.com/resources/v7.31.10/i/elements/flags/esp.svg,Round of 64 R64,W,"6 - 3,7 - 5,",1,https://www.wtatennis.com/players/328139/jessica-bouzas-maneiro,12 - 26 Jan 2025,1300.0,1199230.0,128M/128Q/64D,,2025-01-26 00:00:00,,,121261941.0
108,Australian Open,https://photoresources.wtatennis.com/photo-resources/2025/04/16/20886615-8c76-4d00-b747-7946c3692df2/WTA-Tournament_Australian-Open.png?height=128,https://www.wtatennis.com/tournaments/901/australian-open/2025,MELBOURNE • AUS,Grand Slam,Hard,https://www.wtatennis.com/resources/v7.31.10/i/elements/gs-tag.svg,Sloane Stephens,1.0,USA,https://www.wtatennis.com/resources/v7.31.10/i/elements/flags/usa.svg,Round of 128 R128,W,"6 - 3,6 - 2,",1,https://www.wtatennis.com/players/315683/sloane-stephens,12 - 26 Jan 2025,1300.0,1199230.0,128M/128Q/64D,,2025-01-26 00:00:00,,,122461171.0
109,Brisbane International presented by Evie,,https://www.wtatennis.com/tournaments/800/brisbane/2025,BRISBANE • AUS,WTA 500,Hard,https://www.wtatennis.com/resources/v7.31.10/i/elements/500k-tag.svg,Polina Kudermetova,1.0,UZB,https://www.wtatennis.com/resources/v7.31.10/i/elements/flags/uzb.svg,Final F,W,"4 - 6,6 - 3,6 - 2,",1,https://www.wtatennis.com/players/328897/polina-kudermetova,29 Dec - 5 Jan 2025,500.0,192475.0,64M/24Q/16D,2025-12-29 00:00:00,2025-01-05 00:00:00,2025.0,12.0,122653646.0
110,Brisbane International presented by Evie,,https://www.wtatennis.com/tournaments/800/brisbane/2025,BRISBANE • AUS,WTA 500,Hard,https://www.wtatennis.com/resources/v7.31.10/i/elements/500k-tag.svg,Mirra Andreeva,1.0,RUS,https://www.wtatennis.com/resources/v7.31.10/i/elements/flags/rus.svg,Semifinals Semi,W,"6 - 3,6 - 2,",1,https://www.wtatennis.com/players/331809/mirra-andreeva,29 Dec - 5 Jan 2025,500.0,192475.0,64M/24Q/16D,2025-12-29 00:00:00,2025-01-05 00:00:00,2025.0,12.0,122846121.0
111,Brisbane International presented by Evie,,https://www.wtatennis.com/tournaments/800/brisbane/2025,BRISBANE • AUS,WTA 500,Hard,https://www.wtatennis.com/resources/v7.31.10/i/elements/500k-tag.svg,Marie Bouzkova,1.0,CZE,https://www.wtatennis.com/resources/v7.31.10/i/elements/flags/cze.svg,Quarterfinals Quarter,W,"6 - 3,6 - 4,",1,https://www.wtatennis.com/players/320983/marie-bouzkova,29 Dec - 5 Jan 2025,500.0,192475.0,64M/24Q/16D,2025-12-29 00:00:00,2025-01-05 00:00:00,2025.0,12.0,123038596.0
112,Brisbane International presented by Evie,,https://www.wtatennis.com/tournaments/800/brisbane/2025,BRISBANE • AUS,WTA 500,Hard,https://www.wtatennis.com/resources/v7.31.10/i/elements/500k-tag.svg,Yulia Putintseva,1.0,KAZ,https://www.wtatennis.com/resources/v7.31.10/i/elements/flags/kaz.svg,Round of 16 R16,W,"7 - 62,6 - 4,",1,https://www.wtatennis.com/players/317683/yulia-putintseva,29 Dec - 5 Jan 2025,500.0,192475.0,64M/24Q/16D,2025-12-29 00:00:00,2025-01-05 00:00:00,2025.0,12.0,123231071.0
113,Brisbane International presented by Evie,,https://www.wtatennis.com/tournaments/800/brisbane/2025,BRISBANE • AUS,WTA 500,Hard,https://www.wtatennis.com/resources/v7.31.10/i/elements/500k-tag.svg,Renata Zarazua,1.0,MEX,https://www.wtatennis.com/resources/v7.31.10/i/elements/flags/mex.svg,Round of 32 R32,W,"6 - 4,6 - 0,",1,https://www.wtatennis.com/players/320716/renata-zarazua,29 Dec - 5 Jan 2025,500.0,192475.0,64M/24Q/16D,2025-12-29 00:00:00,2025-01-05 00:00:00,2025.0,12.0,123423546.0
114,Brisbane International presented by Evie,,https://www.wtatennis.com/tournaments/800/brisbane/2025,BRISBANE • AUS,WTA 500,Hard,https://www.wtatennis.com/resources/v7.31.10/i/elements/500k-tag.svg,,1.0,,,Round of 64 R64,,Bye,1,,29 Dec - 5 Jan 2025,500.0,192475.0,64M/24Q/16D,2025-12-29 00:00:00,2025-01-05 00:00:00,2025.0,12.0,123616021.0
115,WTA Finals Riyadh,https://photoresources.wtatennis.com/photo-resources/2025/10/16/b04a642b-ddb5-40c8-91f1-26a2d61650fe/WTA-finals.png?height=128,https://www.wtatennis.com/tournaments/808/wta-finals/2024,RIYADH • KSA,Finals,Hard,https://www.wtatennis.com/resources/v7.31.10/i/elements/finals-tag.svg,Coco Gauff,1.0,USA,https://www.wtatennis.com/resources/v7.31.10/i/elements/flags/usa.svg,Semifinals Semi,L,"64 - 7,3 - 6,",1,https://www.wtatennis.com/players/328560/coco-gauff,2 - 9 Nov 2024,,1035000.0,8M/0Q/8D,2024-11-02 00:00:00,2024-11-09 00:00:00,2024.0,11.0,124651021.0
116,WTA Finals Riyadh,https://photoresources.wtatennis.com/photo-resources/2025/10/16/b04a642b-ddb5-40c8-91f1-26a2d61650fe/WTA-finals.png?height=128,https://www.wtatennis.com/tournaments/808/wta-finals/2024,RIYADH • KSA,Finals,Hard,https://www.wtatennis.com/resources/v7.31.10/i/elements/finals-tag.svg,Jasmine Paolini,1.0,ITA,https://www.wtatennis.com/resources/v7.31.10/i/elements/flags/ita.svg,Group Stage Group,W,"6 - 3,7 - 5,",1,https://www.wtatennis.com/players/319280/jasmine-paolini,2 - 9 Nov 2024,,1035000.0,8M/0Q/8D,2024-11-02 00:00:00,2024-11-09 00:00:00,2024.0,11.0,125686021.0
117,WTA Finals Riyadh,https://photoresources.wtatennis.com/photo-resources/2025/10/16/b04a642b-ddb5-40c8-91f1-26a2d61650fe/WTA-finals.png?height=128,https://www.wtatennis.com/tournaments/808/wta-finals/2024,RIYADH • KSA,Finals,Hard,https://www.wtatennis.com/resources/v7.31.10/i/elements/finals-tag.svg,Elena Rybakina,1.0,KAZ,https://www.wtatennis.com/resources/v7.31.10/i/elements/flags/kaz.svg,Group Stage Group,L,"4 - 6,6 - 3,1 - 6,",1,https://www.wtatennis.com/players/324166/elena-rybakina,2 - 9 Nov 2024,,1035000.0,8M/0Q/8D,2024-11-02 00:00:00,2024-11-09 00:00:00,2024.0,11.0,126721021.0
118,WTA Finals Riyadh,https://photoresources.wtatennis.com/photo-resources/2025/10/16/b04a642b-ddb5-40c8-91f1-26a2d61650fe/WTA-finals.png?height=128,https://www.wtatennis.com/tournaments/808/wta-finals/2024,RIYADH • KSA,Finals,Hard,https://www.wtatennis.com/resources/v7.31.10/i/elements/finals-tag.svg,Qinwen Zheng,1.0,CHN,https://www.wtatennis.com/resources/v7.31.10/i/elements/flags/chn.svg,Group Stage Group,W,"6 - 3,6 - 4,",1,https://www.wtatennis.com/players/328120/qinwen-zheng,2 - 9 Nov 2024,,1035000.0,8M/0Q/8D,2024-11-02 00:00:00,2024-11-09 00:00:00,2024.0,11.0,127756021.0
119,Dongfeng Voyah · Wuhan Open,https://photoresources.wtatennis.com/photo-resources/2025/09/09/28ba4434-1336-4e94-a9e3-4e446fd1311f/WTA-Tournament_Wuhan-2024.png?height=128,https://www.wtatennis.com/tournaments/1075/wuhan/2024,WUHAN • CHINA,WTA 1000,Hard,https://www.wtatennis.com/resources/v7.31.10/i/elements/1000k-tag.svg,Qinwen Zheng,1.0,CHN,https://www.wtatennis.com/resources/v7.31.10/i/elements/flags/chn.svg,Final F,W,"6 - 3,5 - 7,6 - 3,",2,https://www.wtatennis.com/players/328120/qinwen-zheng,7 - 13 Oct 2024,1000.0,525115.0,64M/32Q/32D,2024-10-07 00:00:00,2024-10-13 00:00:00,2024.0,10.0,128281136.0
120,Dongfeng Voyah · Wuhan Open,https://photoresources.wtatennis.com/photo-resources/2025/09/09/28ba4434-1336-4e94-a9e3-4e446fd1311f/WTA-Tournament_Wuhan-2024.png?height=128,https://www.wtatennis.com/tournaments/1075/wuhan/2024,WUHAN • CHINA,WTA 1000,Hard,https://www.wtatennis.com/resources/v7.31.10/i/elements/1000k-tag.svg,Coco Gauff,1.0,USA,https://www.wtatennis.com/resources/v7.31.10/i/elements/flags/usa.svg,Semifinals Semi,W,"1 - 6,6 - 4,6 - 4,",2,https://www.wtatennis.com/players/328560/coco-gauff,7 - 13 Oct 2024,1000.0,525115.0,64M/32Q/32D,2024-10-07 00:00:00,2024-10-13 00:00:00,2024.0,10.0,128806251.0
121,Dongfeng Voyah · Wuhan Open,https://photoresources.wtatennis.com/photo-resources/2025/09/09/28ba4434-1336-4e94-a9e3-4e446fd1311f/WTA-Tournament_Wuhan-2024.png?height=128,https://www.wtatennis.com/tournaments/1075/wuhan/2024,WUHAN • CHINA,WTA 1000,Hard,https://www.wtatennis.com/resources/v7.31.10/i/elements/1000k-tag.svg,Magdalena Frech,1.0,POL,https://www.wtatennis.com/resources/v7.31.10/i/elements/flags/pol.svg,Quarterfinals Quarter,W,"6 - 2,6 - 2,",2,https://www.wtatennis.com/players/320277/magdalena-frech,7 - 13 Oct 2024,1000.0,525115.0,64M/32Q/32D,2024-10-07 00:00:00,2024-10-13 00:00:00,2024.0,10.0,129331366.0
122,Dongfeng Voyah · Wuhan Open,https://photoresources.wtatennis.com/photo-resources/2025/09/09/28ba4434-1336-4e94-a9e3-4e446fd1311f/WTA-Tournament_Wuhan-2024.png?height=128,https://www.wtatennis.com/tournaments/1075/wuhan/2024,WUHAN • CHINA,WTA 1000,Hard,https://www.wtatennis.com/resources/v7.31.10/i/elements/1000k-tag.svg,Yulia Putintseva,1.0,KAZ,https://www.wtatennis.com/resources/v7.31.10/i/elements/flags/kaz.svg,Round of 16 R16,W,"1 - 6,6 - 4,6 - 0,",2,https://www.wtatennis.com/players/317683/yulia-putintseva,7 - 13 Oct 2024,1000.0,525115.0,64M/32Q/32D,2024-10-07 00:00:00,2024-10-13 00:00:00,2024.0,10.0,129856481.0
123,Dongfeng Voyah · Wuhan Open,https://photoresources.wtatennis.com/photo-resources/2025/09/09/28ba4434-1336-4e94-a9e3-4e446fd1311f/WTA-Tournament_Wuhan-2024.png?height=128,https://www.wtatennis.com/tournaments/1075/wuhan/2024,WUHAN • CHINA,WTA 1000,Hard,https://www.wtatennis.com/resources/v7.31.10/i/elements/1000k-tag.svg,Katerina Siniakova,1.0,CZE,https://www.wtatennis.com/resources/v7.31.10/i/elements/flags/cze.svg,Round of 32 R32,W,"6 - 4,6 - 4,",2,https://www.wtatennis.com/players/320301/katerina-siniakova,7 - 13 Oct 2024,1000.0,525115.0,64M/32Q/32D,2024-10-07 00:00:00,2024-10-13 00:00:00,2024.0,10.0,130381596.0
124,Dongfeng Voyah · Wuhan Open,https://photoresources.wtatennis.com/photo-resources/2025/09/09/28ba4434-1336-4e94-a9e3-4e446fd1311f/WTA-Tournament_Wuhan-2024.png?height=128,https://www.wtatennis.com/tournaments/1075/wuhan/2024,WUHAN • CHINA,WTA 1000,Hard,https://www.wtatennis.com/resources/v7.31.10/i/elements/1000k-tag.svg,,1.0,,,Round of 64 R64,,Bye,2,,7 - 13 Oct 2024,1000.0,525115.0,64M/32Q/32D,2024-10-07 00:00:00,2024-10-13 00:00:00,2024.0,10.0,130906711.0
125,China Open,,https://www.wtatennis.com/tournaments/1020/beijing/2024,BEIJING • CHINA,WTA 1000,Hard,https://www.wtatennis.com/resources/v7.31.10/i/elements/1000k-tag.svg,Karolina Muchova,1.0,CZE,https://www.wtatennis.com/resources/v7.31.10/i/elements/flags/cze.svg,Quarterfinals Quarter,L,"65 - 7,6 - 2,4 - 6,",2,https://www.wtatennis.com/players/322191/karolina-muchova,25 Sep - 6 Oct 2024,215.0,185000.0,128M/48Q/32D,2024-09-25 00:00:00,2024-10-06 00:00:00,2024.0,9.0,131091711.0
126,China Open,,https://www.wtatennis.com/tournaments/1020/beijing/2024,BEIJING • CHINA,WTA 1000,Hard,https://www.wtatennis.com/resources/v7.31.10/i/elements/1000k-tag.svg,Madison Keys,1.0,USA,https://www.wtatennis.com/resources/v7.31.10/i/elements/flags/usa.svg,Round of 16 R16,W,"6 - 4,6 - 3,",2,https://www.wtatennis.com/players/316959/madison-keys,25 Sep - 6 Oct 2024,215.0,185000.0,128M/48Q/32D,2024-09-25 00:00:00,2024-10-06 00:00:00,2024.0,9.0,131276711.0
127,China Open,,https://www.wtatennis.com/tournaments/1020/beijing/2024,BEIJING • CHINA,WTA 1000,Hard,https://www.wtatennis.com/resources/v7.31.10/i/elements/1000k-tag.svg,Ashlyn Krueger,1.0,USA,https://www.wtatennis.com/resources/v7.31.10/i/elements/flags/usa.svg,Round of 32 R32,W,"6 - 2,6 - 2,",2,https://www.wtatennis.com/players/329409/ashlyn-krueger,25 Sep - 6 Oct 2024,215.0,185000.0,128M/48Q/32D,2024-09-25 00:00:00,2024-10-06 00:00:00,2024.0,9.0,131461711.0
128,China Open,,https://www.wtatennis.com/tournaments/1020/beijing/2024,BEIJING • CHINA,WTA 1000,Hard,https://www.wtatennis.com/resources/v7.31.10/i/elements/1000k-tag.svg,Mananchaya Sawangkaew,1.0,THA,https://www.wtatennis.com/resources/v7.31.10/i/elements/flags/tha.svg,Round of 64 R64,W,"6 - 4,6 - 1,",2,https://www.wtatennis.com/players/326929/mananchaya-sawangkaew,25 Sep - 6 Oct 2024,215.0,185000.0,128M/48Q/32D,2024-09-25 00:00:00,2024-10-06 00:00:00,2024.0,9.0,131646711.0
129,China Open,,https://www.wtatennis.com/tournaments/1020/beijing/2024,BEIJING • CHINA,WTA 1000,Hard,https://www.wtatennis.com/resources/v7.31.10/i/elements/1000k-tag.svg,,1.0,,,Round of 128 R128,,Bye,2,,25 Sep - 6 Oct 2024,215.0,185000.0,128M/48Q/32D,2024-09-25 00:00:00,2024-10-06 00:00:00,2024.0,9.0,131831711.0
130,US Open,https://photoresources.wtatennis.com/photo-resources/2025/04/16/295289d9-36fa-408a-8586-2b407d930c10/WTA-Tournament_US-Open.png?height=128,https://www.wtatennis.com/tournaments/905/us-open/2024,"NEW YORK • NY, UNITED STATES",Grand Slam,Hard,https://www.wtatennis.com/resources/v7.31.10/i/elements/gs-tag.svg,Jessica Pegula,2.0,USA,https://www.wtatennis.com/resources/v7.31.10/i/elements/flags/usa.svg,Final F,W,"7 - 5,7 - 5,",2,https://www.wtatennis.com/players/316956/jessica-pegula,26 Aug - 8 Sep 2024,2000.0,3600000.0,128M/128Q/64D,2024-08-26 00:00:00,2024-09-08 00:00:00,2024.0,8.0,135431711.0
131,US Open,https://photoresources.wtatennis.com/photo-resources/2025/04/16/295289d9-36fa-408a-8586-2b407d930c10/WTA-Tournament_US-Open.png?height=128,https://www.wtatennis.com/tournaments/905/us-open/2024,"NEW YORK • NY, UNITED STATES",Grand Slam,Hard,https://www.wtatennis.com/resources/v7.31.10/i/elements/gs-tag.svg,Emma Navarro,2.0,USA,https://www.wtatennis.com/resources/v7.31.10/i/elements/flags/usa.svg,Semifinals Semi,W,"6 - 3,7 - 62,",2,https://www.wtatennis.com/players/325410/emma-navarro,26 Aug - 8 Sep 2024,2000.0,3600000.0,128M/128Q/64D,2024-08-26 00:00:00,2024-09-08 00:00:00,2024.0,8.0,139031711.0
132,US Open,https://photoresources.wtatennis.com/photo-resources/2025/04/16/295289d9-36fa-408a-8586-2b407d930c10/WTA-Tournament_US-Open.png?height=128,https://www.wtatennis.com/tournaments/905/us-open/2024,"NEW YORK • NY, UNITED STATES",Grand Slam,Hard,https://www.wtatennis.com/resources/v7.31.10/i/elements/gs-tag.svg,Qinwen Zheng,2.0,CHN,https://www.wtatennis.com/resources/v7.31.10/i/elements/flags/chn.svg,Quarterfinals Quarter,W,"6 - 1,6 - 2,",2,https://www.wtatennis.com/players/328120/qinwen-zheng,26 Aug - 8 Sep 2024,2000.0,3600000.0,128M/128Q/64D,2024-08-26 00:00:00,2024-09-08 00:00:00,2024.0,8.0,142631711.0
133,US Open,https://photoresources.wtatennis.com/photo-resources/2025/04/16/295289d9-36fa-408a-8586-2b407d930c10/WTA-Tournament_US-Open.png?height=128,https://www.wtatennis.com/tournaments/905/us-open/2024,"NEW YORK • NY, UNITED STATES",Grand Slam,Hard,https://www.wtatennis.com/resources/v7.31.10/i/elements/gs-tag.svg,Elise Mertens,2.0,BEL,https://www.wtatennis.com/resources/v7.31.10/i/elements/flags/bel.svg,Round of 16 R16,W,"6 - 2,6 - 4,",2,https://www.wtatennis.com/players/317964/elise-mertens,26 Aug - 8 Sep 2024,2000.0,3600000.0,128M/128Q/64D,2024-08-26 00:00:00,2024-09-08 00:00:00,2024.0,8.0,146231711.0
134,US Open,https://photoresources.wtatennis.com/photo-resources/2025/04/16/295289d9-36fa-408a-8586-2b407d930c10/WTA-Tournament_US-Open.png?height=128,https://www.wtatennis.com/tournaments/905/us-open/2024,"NEW YORK • NY, UNITED STATES",Grand Slam,Hard,https://www.wtatennis.com/resources/v7.31.10/i/elements/gs-tag.svg,Ekaterina Alexandrova,2.0,RUS,https://www.wtatennis.com/resources/v7.31.10/i/elements/flags/rus.svg,Round of 32 R32,W,"2 - 6,6 - 1,6 - 2,",2,https://www.wtatennis.com/players/319007/ekaterina-alexandrova,26 Aug - 8 Sep 2024,2000.0,3600000.0,128M/128Q/64D,2024-08-26 00:00:00,2024-09-08 00:00:00,2024.0,8.0,149831711.0
135,US Open,https://photoresources.wtatennis.com/photo-resources/2025/04/16/295289d9-36fa-408a-8586-2b407d930c10/WTA-Tournament_US-Open.png?height=128,https://www.wtatennis.com/tournaments/905/us-open/2024,"NEW YORK • NY, UNITED STATES",Grand Slam,Hard,https://www.wtatennis.com/resources/v7.31.10/i/elements/gs-tag.svg,Lucia Bronzetti,2.0,ITA,https://www.wtatennis.com/resources/v7.31.10/i/elements/flags/ita.svg,Round of 64 R64,W,"6 - 3,6 - 1,",2,https://www.wtatennis.com/players/322280/lucia-bronzetti,26 Aug - 8 Sep 2024,2000.0,3600000.0,128M/128Q/64D,2024-08-26 00:00:00,2024-09-08 00:00:00,2024.0,8.0,153431711.0
136,US Open,https://photoresources.wtatennis.com/photo-resources/2025/04/16/295289d9-36fa-408a-8586-2b407d930c10/WTA-Tournament_US-Open.png?height=128,https://www.wtatennis.com/tournaments/905/us-open/2024,"NEW YORK • NY, UNITED STATES",Grand Slam,Hard,https://www.wtatennis.com/resources/v7.31.10/i/elements/gs-tag.svg,Priscilla Hon,2.0,AUS,https://www.wtatennis.com/resources/v7.31.10/i/elements/flags/aus.svg,Round of 128 R128,W,"6 - 3,6 - 3,",2,https://www.wtatennis.com/players/320543/priscilla-hon,26 Aug - 8 Sep 2024,2000.0,3600000.0,128M/128Q/64D,2024-08-26 00:00:00,2024-09-08 00:00:00,2024.0,8.0,157031711.0
137,Cincinnati Open,https://photoresources.wtatennis.com/photo-resources/2025/04/16/17c99db9-c289-451d-8cd9-65e8d9a25a26/WTA-Tournament_Cincinnati-2024.png?height=128,https://www.wtatennis.com/tournaments/1017/cincinnati/2024,"CINCINNATI • OH, UNITED STATES",WTA 1000,Hard,https://www.wtatennis.com/resources/v7.31.10/i/elements/1000k-tag.svg,Jessica Pegula,3.0,USA,https://www.wtatennis.com/resources/v7.31.10/i/elements/flags/usa.svg,Final F,W,"6 - 3,7 - 5,",3,https://www.wtatennis.com/players/316956/jessica-pegula,13 - 19 Aug 2024,1000.0,523485.0,64M/32Q/32D,,2024-08-19 00:00:00,,,157555196.0
138,Cincinnati Open,https://photoresources.wtatennis.com/photo-resources/2025/04/16/17c99db9-c289-451d-8cd9-65e8d9a25a26/WTA-Tournament_Cincinnati-2024.png?height=128,https://www.wtatennis.com/tournaments/1017/cincinnati/2024,"CINCINNATI • OH, UNITED STATES",WTA 1000,Hard,https://www.wtatennis.com/resources/v7.31.10/i/elements/1000k-tag.svg,Iga Swiatek,3.0,POL,https://www.wtatennis.com/resources/v7.31.10/i/elements/flags/pol.svg,Semifinals Semi,W,"6 - 3,6 - 3,",3,https://www.wtatennis.com/players/326408/iga-swiatek,13 - 19 Aug 2024,1000.0,523485.0,64M/32Q/32D,,2024-08-19 00:00:00,,,158078681.0
139,Cincinnati Open,https://photoresources.wtatennis.com/photo-resources/2025/04/16/17c99db9-c289-451d-8cd9-65e8d9a25a26/WTA-Tournament_Cincinnati-2024.png?height=128,https://www.wtatennis.com/tournaments/1017/cincinnati/2024,"CINCINNATI • OH, UNITED STATES",WTA 1000,Hard,https://www.wtatennis.com/resources/v7.31.10/i/elements/1000k-tag.svg,Liudmila Samsonova,3.0,RUS,https://www.wtatennis.com/resources/v7.31.10/i/elements/flags/rus.svg,Quarterfinals Quarter,W,"6 - 3,6 - 2,",3,https://www.wtatennis.com/players/322222/liudmila-samsonova,13 - 19 Aug 2024,1000.0,523485.0,64M/32Q/32D,,2024-08-19 00:00:00,,,158602166.0
140,Cincinnati Open,https://photoresources.wtatennis.com/photo-resources/2025/04/16/17c99db9-c289-451d-8cd9-65e8d9a25a26/WTA-Tournament_Cincinnati-2024.png?height=128,https://www.wtatennis.com/tournaments/1017/cincinnati/2024,"CINCINNATI • OH, UNITED STATES",WTA 1000,Hard,https://www.wtatennis.com/resources/v7.31.10/i/elements/1000k-tag.svg,Elina Svitolina,3.0,UKR,https://www.wtatennis.com/resources/v7.31.10/i/elements/flags/ukr.svg,Round of 16 R16,W,"7 - 5,6 - 2,",3,https://www.wtatennis.com/players/316738/elina-svitolina,13 - 19 Aug 2024,1000.0,523485.0,64M/32Q/32D,,2024-08-19 00:00:00,,,159125651.0
141,Cincinnati Open,https://photoresources.wtatennis.com/photo-resources/2025/04/16/17c99db9-c289-451d-8cd9-65e8d9a25a26/WTA-Tournament_Cincinnati-2024.png?height=128,https://www.wtatennis.com/tournaments/1017/cincinnati/2024,"CINCINNATI • OH, UNITED STATES",WTA 1000,Hard,https://www.wtatennis.com/resources/v7.31.10/i/elements/1000k-tag.svg,Elisabetta Cocciaretto,3.0,ITA,https://www.wtatennis.com/resources/v7.31.10/i/elements/flags/ita.svg,Round of 32 R32,W,"6 - 3,6 - 4,",3,https://www.wtatennis.com/players/327909/elisabetta-cocciaretto,13 - 19 Aug 2024,1000.0,523485.0,64M/32Q/32D,,2024-08-19 00:00:00,,,159649136.0
142,Cincinnati Open,https://photoresources.wtatennis.com/photo-resources/2025/04/16/17c99db9-c289-451d-8cd9-65e8d9a25a26/WTA-Tournament_Cincinnati-2024.png?height=128,https://www.wtatennis.com/tournaments/1017/cincinnati/2024,"CINCINNATI • OH, UNITED STATES",WTA 1000,Hard,https://www.wtatennis.com/resources/v7.31.10/i/elements/1000k-tag.svg,,3.0,,,Round of 64 R64,,Bye,3,,13 - 19 Aug 2024,1000.0,523485.0,64M/32Q/32D,,2024-08-19 00:00:00,,,160172621.0
143,National Bank Open presented by Rogers,,https://www.wtatennis.com/tournaments/806/montreal/2024,TORONTO • CANADA,WTA 1000,Hard,https://www.wtatennis.com/resources/v7.31.10/i/elements/1000k-tag.svg,Amanda Anisimova,2.0,USA,https://www.wtatennis.com/resources/v7.31.10/i/elements/flags/usa.svg,Quarterfinals Quarter,L,"4 - 6,2 - 6,",3,https://www.wtatennis.com/players/326384/amanda-anisimova,6 - 12 Aug 2024,215.0,72965.0,64M/32Q/32D,2024-08-06 00:00:00,2024-08-12 00:00:00,2024.0,8.0,160245586.0
144,National Bank Open presented by Rogers,,https://www.wtatennis.com/tournaments/806/montreal/2024,TORONTO • CANADA,WTA 1000,Hard,https://www.wtatennis.com/resources/v7.31.10/i/elements/1000k-tag.svg,Katie Boulter,2.0,GBR,https://www.wtatennis.com/resources/v7.31.10/i/elements/flags/gbr.svg,Round of 16 R16,W,"6 - 3,6 - 3,",3,https://www.wtatennis.com/players/319125/katie-boulter,6 - 12 Aug 2024,215.0,72965.0,64M/32Q/32D,2024-08-06 00:00:00,2024-08-12 00:00:00,2024.0,8.0,160318551.0
145,National Bank Open presented by Rogers,,https://www.wtatennis.com/tournaments/806/montreal/2024,TORONTO • CANADA,WTA 1000,Hard,https://www.wtatennis.com/resources/v7.31.10/i/elements/1000k-tag.svg,Yue Yuan,2.0,CHN,https://www.wtatennis.com/resources/v7.31.10/i/elements/flags/chn.svg,Round of 32 R32,W,"6 - 2,6 - 2,",3,https://www.wtatennis.com/players/324325/yue-yuan,6 - 12 Aug 2024,215.0,72965.0,64M/32Q/32D,2024-08-06 00:00:00,2024-08-12 00:00:00,2024.0,8.0,160391516.0
146,National Bank Open presented by Rogers,,https://www.wtatennis.com/tournaments/806/montreal/2024,TORONTO • CANADA,WTA 1000,Hard,https://www.wtatennis.com/resources/v7.31.10/i/elements/1000k-tag.svg,,2.0,,,Round of 64 R64,,Bye,3,,6 - 12 Aug 2024,215.0,72965.0,64M/32Q/32D,2024-08-06 00:00:00,2024-08-12 00:00:00,2024.0,8.0,160464481.0
147,Mubadala Citi DC Open,,https://www.wtatennis.com/tournaments/1045/washington-dc/2024,"WASHINGTON DC • DC, UNITED STATES",WTA 500,Hard,https://www.wtatennis.com/resources/v7.31.10/i/elements/500k-tag.svg,Marie Bouzkova,1.0,CZE,https://www.wtatennis.com/resources/v7.31.10/i/elements/flags/cze.svg,Semifinals Semi,L,"4 - 6,6 - 3,3 - 6,",3,https://www.wtatennis.com/players/320983/marie-bouzkova,29 Jul - 4 Aug 2024,195.0,51204.0,32M/16Q/16D,2024-07-29 00:00:00,2024-08-04 00:00:00,2024.0,7.0,160515685.0
148,Mubadala Citi DC Open,,https://www.wtatennis.com/tournaments/1045/washington-dc/2024,"WASHINGTON DC • DC, UNITED STATES",WTA 500,Hard,https://www.wtatennis.com/resources/v7.31.10/i/elements/500k-tag.svg,Victoria Azarenka,1.0,BLR,https://www.wtatennis.com/resources/v7.31.10/i/elements/flags/blr.svg,Quarterfinals Quarter,W,"6 - 4,6 - 4,",3,https://www.wtatennis.com/players/312001/victoria-azarenka,29 Jul - 4 Aug 2024,195.0,51204.0,32M/16Q/16D,2024-07-29 00:00:00,2024-08-04 00:00:00,2024.0,7.0,160566889.0
149,Mubadala Citi DC Open,,https://www.wtatennis.com/tournaments/1045/washington-dc/2024,"WASHINGTON DC • DC, UNITED STATES",WTA 500,Hard,https://www.wtatennis.com/resources/v7.31.10/i/elements/500k-tag.svg,Kamilla Rakhimova,1.0,UZB,https://www.wtatennis.com/resources/v7.31.10/i/elements/flags/uzb.svg,Round of 16 R16,W,"7 - 5,4 - 6,6 - 4,",3,https://www.wtatennis.com/players/325936/kamilla-rakhimova,29 Jul - 4 Aug 2024,195.0,51204.0,32M/16Q/16D,2024-07-29 00:00:00,2024-08-04 00:00:00,2024.0,7.0,160618093.0
150,Mubadala Citi DC Open,,https://www.wtatennis.com/tournaments/1045/washington-dc/2024,"WASHINGTON DC • DC, UNITED STATES",WTA 500,Hard,https://www.wtatennis.com/resources/v7.31.10/i/elements/500k-tag.svg,,1.0,,,Round of 32 R32,,Bye,3,,29 Jul - 4 Aug 2024,195.0,51204.0,32M/16Q/16D,2024-07-29 00:00:00,2024-08-04 00:00:00,2024.0,7.0,160669297.0
151,ecotrans Ladies Open,https://photoresources.wtatennis.com/photo-resources/2025/05/23/7fdec664-b1a6-44fc-8772-ecfb34d7aca2/WTA-Tournament_Berlin-2024.png?height=128,https://www.wtatennis.com/tournaments/2012/berlin/2024,BERLIN • GERMANY,WTA 500,Grass,https://www.wtatennis.com/resources/v7.31.10/i/elements/500k-tag.svg,Anna Kalinskaya,2.0,RUS,https://www.wtatennis.com/resources/v7.31.10/i/elements/flags/rus.svg,Quarterfinals Quarter,L,"1 - 5, Ret",3,https://www.wtatennis.com/players/323942/anna-kalinskaya,17 - 23 Jun 2024,108.0,21660.0,32M/24Q/16D,,2024-06-23 00:00:00,,,160690957.0
152,ecotrans Ladies Open,https://photoresources.wtatennis.com/photo-resources/2025/05/23/7fdec664-b1a6-44fc-8772-ecfb34d7aca2/WTA-Tournament_Berlin-2024.png?height=128,https://www.wtatennis.com/tournaments/2012/berlin/2024,BERLIN • GERMANY,WTA 500,Grass,https://www.wtatennis.com/resources/v7.31.10/i/elements/500k-tag.svg,Daria Kasatkina,2.0,AUS,https://www.wtatennis.com/resources/v7.31.10/i/elements/flags/aus.svg,Round of 16 R16,W,"6 - 1,6 - 4,",3,https://www.wtatennis.com/players/322082/daria-kasatkina,17 - 23 Jun 2024,108.0,21660.0,32M/24Q/16D,,2024-06-23 00:00:00,,,160712617.0
153,ecotrans Ladies Open,https://photoresources.wtatennis.com/photo-resources/2025/05/23/7fdec664-b1a6-44fc-8772-ecfb34d7aca2/WTA-Tournament_Berlin-2024.png?height=128,https://www.wtatennis.com/tournaments/2012/berlin/2024,BERLIN • GERMANY,WTA 500,Grass,https://www.wtatennis.com/resources/v7.31.10/i/elements/500k-tag.svg,,2.0,,,Round of 32 R32,,Bye,3,,17 - 23 Jun 2024,108.0,21660.0,32M/24Q/16D,,2024-06-23 00:00:00,,,160734277.0
154,Roland Garros,https://photoresources.wtatennis.com/photo-resources/2025/04/16/ddbbc328-7967-416c-a6b5-043c8c3f933e/WTA-Tournament_Roland-Garros.png?height=128,https://www.wtatennis.com/tournaments/903/roland-garros/2024,PARIS • FRANCE,Grand Slam,Clay,https://www.wtatennis.com/resources/v7.31.10/i/elements/gs-tag.svg,Mirra Andreeva,2.0,RUS,https://www.wtatennis.com/resources/v7.31.10/i/elements/flags/rus.svg,Quarterfinals Quarter,L,"7 - 65,4 - 6,4 - 6,",2,https://www.wtatennis.com/players/331809/mirra-andreeva,26 May - 9 Jun 2024,430.0,475279.0,128M/128Q/64D,2024-05-26 00:00:00,2024-06-09 00:00:00,2024.0,5.0,161209556.0
155,Roland Garros,https://photoresources.wtatennis.com/photo-resources/2025/04/16/ddbbc328-7967-416c-a6b5-043c8c3f933e/WTA-Tournament_Roland-Garros.png?height=128,https://www.wtatennis.com/tournaments/903/roland-garros/2024,PARIS • FRANCE,Grand Slam,Clay,https://www.wtatennis.com/resources/v7.31.10/i/elements/gs-tag.svg,Emma Navarro,2.0,USA,https://www.wtatennis.com/resources/v7.31.10/i/elements/flags/usa.svg,Round of 16 R16,W,"6 - 2,6 - 3,",2,https://www.wtatennis.com/players/325410/emma-navarro,26 May - 9 Jun 2024,430.0,475279.0,128M/128Q/64D,2024-05-26 00:00:00,2024-06-09 00:00:00,2024.0,5.0,161684835.0
156,Roland Garros,https://photoresources.wtatennis.com/photo-resources/2025/04/16/ddbbc328-7967-416c-a6b5-043c8c3f933e/WTA-Tournament_Roland-Garros.png?height=128,https://www.wtatennis.com/tournaments/903/roland-garros/2024,PARIS • FRANCE,Grand Slam,Clay,https://www.wtatennis.com/resources/v7.31.10/i/elements/gs-tag.svg,Paula Badosa,2.0,ESP,https://www.wtatennis.com/resources/v7.31.10/i/elements/flags/esp.svg,Round of 32 R32,W,"7 - 5,6 - 1,",2,https://www.wtatennis.com/players/320124/paula-badosa,26 May - 9 Jun 2024,430.0,475279.0,128M/128Q/64D,2024-05-26 00:00:00,2024-06-09 00:00:00,2024.0,5.0,162160114.0
157,Roland Garros,https://photoresources.wtatennis.com/photo-resources/2025/04/16/ddbbc328-7967-416c-a6b5-043c8c3f933e/WTA-Tournament_Roland-Garros.png?height=128,https://www.wtatennis.com/tournaments/903/roland-garros/2024,PARIS • FRANCE,Grand Slam,Clay,https://www.wtatennis.com/resources/v7.31.10/i/elements/gs-tag.svg,Moyuka Uchijima,2.0,JPN,https://www.wtatennis.com/resources/v7.31.10/i/elements/flags/jpn.svg,Round of 64 R64,W,"6 - 2,6 - 2,",2,https://www.wtatennis.com/players/327241/moyuka-uchijima,26 May - 9 Jun 2024,430.0,475279.0,128M/128Q/64D,2024-05-26 00:00:00,2024-06-09 00:00:00,2024.0,5.0,162635393.0
158,Roland Garros,https://photoresources.wtatennis.com/photo-resources/2025/04/16/ddbbc328-7967-416c-a6b5-043c8c3f933e/WTA-Tournament_Roland-Garros.png?height=128,https://www.wtatennis.com/tournaments/903/roland-garros/2024,PARIS • FRANCE,Grand Slam,Clay,https://www.wtatennis.com/resources/v7.31.10/i/elements/gs-tag.svg,Erika Andreeva,2.0,RUS,https://www.wtatennis.com/resources/v7.31.10/i/elements/flags/rus.svg,Round of 128 R128,W,"6 - 1,6 - 2,",2,https://www.wtatennis.com/players/330151/erika-andreeva,26 May - 9 Jun 2024,430.0,475279.0,128M/128Q/64D,2024-05-26 00:00:00,2024-06-09 00:00:00,2024.0,5.0,163110672.0
159,Internazionali BNL d'Italia,https://photoresources.wtatennis.com/photo-resources/2025/04/16/51f9b6ec-ebde-417f-b706-31b0bb4cc688/WTA-Tournament_Rome-2018.png?height=128,https://www.wtatennis.com/tournaments/709/rome/2024,ROME • ITALY,WTA 1000,Clay,https://www.wtatennis.com/resources/v7.31.10/i/elements/1000k-tag.svg,Iga Swiatek,2.0,POL,https://www.wtatennis.com/resources/v7.31.10/i/elements/flags/pol.svg,Final F,L,"2 - 6,3 - 6,",2,https://www.wtatennis.com/players/326408/iga-swiatek,7 - 19 May 2024,650.0,365015.0,128M/48Q/32D,2024-05-07 00:00:00,2024-05-19 00:00:00,2024.0,5.0,163475687.0
160,Internazionali BNL d'Italia,https://photoresources.wtatennis.com/photo-resources/2025/04/16/51f9b6ec-ebde-417f-b706-31b0bb4cc688/WTA-Tournament_Rome-2018.png?height=128,https://www.wtatennis.com/tournaments/709/rome/2024,ROME • ITALY,WTA 1000,Clay,https://www.wtatennis.com/resources/v7.31.10/i/elements/1000k-tag.svg,Danielle Collins,2.0,USA,https://www.wtatennis.com/resources/v7.31.10/i/elements/flags/usa.svg,Semifinals Semi,W,"7 - 5,6 - 2,",2,https://www.wtatennis.com/players/316925/danielle-collins,7 - 19 May 2024,650.0,365015.0,128M/48Q/32D,2024-05-07 00:00:00,2024-05-19 00:00:00,2024.0,5.0,163840702.0
161,Internazionali BNL d'Italia,https://photoresources.wtatennis.com/photo-resources/2025/04/16/51f9b6ec-ebde-417f-b706-31b0bb4cc688/WTA-Tournament_Rome-2018.png?height=128,https://www.wtatennis.com/tournaments/709/rome/2024,ROME • ITALY,WTA 1000,Clay,https://www.wtatennis.com/resources/v7.31.10/i/elements/1000k-tag.svg,Jelena Ostapenko,2.0,LAT,https://www.wtatennis.com/resources/v7.31.10/i/elements/flags/lat.svg,Quarterfinals Quarter,W,"6 - 2,6 - 4,",2,https://www.wtatennis.com/players/319939/jelena-ostapenko,7 - 19 May 2024,650.0,365015.0,128M/48Q/32D,2024-05-07 00:00:00,2024-05-19 00:00:00,2024.0,5.0,164205717.0
162,Internazionali BNL d'Italia,https://photoresources.wtatennis.com/photo-resources/2025/04/16/51f9b6ec-ebde-417f-b706-31b0bb4cc688/WTA-Tournament_Rome-2018.png?height=128,https://www.wtatennis.com/tournaments/709/rome/2024,ROME • ITALY,WTA 1000,Clay,https://www.wtatennis.com/resources/v7.31.10/i/elements/1000k-tag.svg,Elina Svitolina,2.0,UKR,https://www.wtatennis.com/resources/v7.31.10/i/elements/flags/ukr.svg,Round of 16 R16,W,"4 - 6,6 - 1,7 - 67,",2,https://www.wtatennis.com/players/316738/elina-svitolina,7 - 19 May 2024,650.0,365015.0,128M/48Q/32D,2024-05-07 00:00:00,2024-05-19 00:00:00,2024.0,5.0,164570732.0
163,Internazionali BNL d'Italia,https://photoresources.wtatennis.com/photo-resources/2025/04/16/51f9b6ec-ebde-417f-b706-31b0bb4cc688/WTA-Tournament_Rome-2018.png?height=128,https://www.wtatennis.com/tournaments/709/rome/2024,ROME • ITALY,WTA 1000,Clay,https://www.wtatennis.com/resources/v7.31.10/i/elements/1000k-tag.svg,Dayana Yastremska,2.0,UKR,https://www.wtatennis.com/resources/v7.31.10/i/elements/flags/ukr.svg,Round of 32 R32,W,"6 - 4,6 - 2,",2,https://www.wtatennis.com/players/324261/dayana-yastremska,7 - 19 May 2024,650.0,365015.0,128M/48Q/32D,2024-05-07 00:00:00,2024-05-19 00:00:00,2024.0,5.0,164935747.0
164,Internazionali BNL d'Italia,https://photoresources.wtatennis.com/photo-resources/2025/04/16/51f9b6ec-ebde-417f-b706-31b0bb4cc688/WTA-Tournament_Rome-2018.png?height=128,https://www.wtatennis.com/tournaments/709/rome/2024,ROME • ITALY,WTA 1000,Clay,https://www.wtatennis.com/resources/v7.31.10/i/elements/1000k-tag.svg,Katie Volynets,2.0,USA,https://www.wtatennis.com/resources/v7.31.10/i/elements/flags/usa.svg,Round of 64 R64,W,"4 - 6,6 - 3,6 - 2,",2,https://www.wtatennis.com/players/327391/katie-volynets,7 - 19 May 2024,650.0,365015.0,128M/48Q/32D,2024-05-07 00:00:00,2024-05-19 00:00:00,2024.0,5.0,165300762.0
165,Internazionali BNL d'Italia,https://photoresources.wtatennis.com/photo-resources/2025/04/16/51f9b6ec-ebde-417f-b706-31b0bb4cc688/WTA-Tournament_Rome-2018.png?height=128,https://www.wtatennis.com/tournaments/709/rome/2024,ROME • ITALY,WTA 1000,Clay,https://www.wtatennis.com/resources/v7.31.10/i/elements/1000k-tag.svg,,2.0,,,Round of 128 R128,,Bye,2,,7 - 19 May 2024,650.0,365015.0,128M/48Q/32D,2024-05-07 00:00:00,2024-05-19 00:00:00,2024.0,5.0,165665777.0
166,Mutua Madrid Open,,https://www.wtatennis.com/tournaments/1038/madrid/2024,MADRID • SPAIN,WTA 1000,Clay,https://www.wtatennis.com/resources/v7.31.10/i/elements/1000k-tag.svg,Iga Swiatek,2.0,POL,https://www.wtatennis.com/resources/v7.31.10/i/elements/flags/pol.svg,Final F,L,"5 - 7,6 - 4,67 - 7,",2,https://www.wtatennis.com/players/326408/iga-swiatek,23 Apr - 5 May 2024,650.0,512260.0,128M/48Q/32D,2024-04-23 00:00:00,2024-05-05 00:00:00,2024.0,4.0,166178037.0
167,Mutua Madrid Open,,https://www.wtatennis.com/tournaments/1038/madrid/2024,MADRID • SPAIN,WTA 1000,Clay,https://www.wtatennis.com/resources/v7.31.10/i/elements/1000k-tag.svg,Elena Rybakina,2.0,KAZ,https://www.wtatennis.com/resources/v7.31.10/i/elements/flags/kaz.svg,Semifinals Semi,W,"1 - 6,7 - 5,7 - 65,",2,https://www.wtatennis.com/players/324166/elena-rybakina,23 Apr - 5 May 2024,650.0,512260.0,128M/48Q/32D,2024-04-23 00:00:00,2024-05-05 00:00:00,2024.0,4.0,166690297.0
168,Mutua Madrid Open,,https://www.wtatennis.com/tournaments/1038/madrid/2024,MADRID • SPAIN,WTA 1000,Clay,https://www.wtatennis.com/resources/v7.31.10/i/elements/1000k-tag.svg,Mirra Andreeva,2.0,RUS,https://www.wtatennis.com/resources/v7.31.10/i/elements/flags/rus.svg,Quarterfinals Quarter,W,"6 - 1,6 - 4,",2,https://www.wtatennis.com/players/331809/mirra-andreeva,23 Apr - 5 May 2024,650.0,512260.0,128M/48Q/32D,2024-04-23 00:00:00,2024-05-05 00:00:00,2024.0,4.0,167202557.0
169,Mutua Madrid Open,,https://www.wtatennis.com/tournaments/1038/madrid/2024,MADRID • SPAIN,WTA 1000,Clay,https://www.wtatennis.com/resources/v7.31.10/i/elements/1000k-tag.svg,Danielle Collins,2.0,USA,https://www.wtatennis.com/resources/v7.31.10/i/elements/flags/usa.svg,Round of 16 R16,W,"4 - 6,6 - 4,6 - 3,",2,https://www.wtatennis.com/players/316925/danielle-collins,23 Apr - 5 May 2024,650.0,512260.0,128M/48Q/32D,2024-04-23 00:00:00,2024-05-05 00:00:00,2024.0,4.0,167714817.0
170,Mutua Madrid Open,,https://www.wtatennis.com/tournaments/1038/madrid/2024,MADRID • SPAIN,WTA 1000,Clay,https://www.wtatennis.com/resources/v7.31.10/i/elements/1000k-tag.svg,Robin Montgomery,2.0,USA,https://www.wtatennis.com/resources/v7.31.10/i/elements/flags/usa.svg,Round of 32 R32,W,"6 - 1,65 - 7,6 - 4,",2,https://www.wtatennis.com/players/329408/robin-montgomery,23 Apr - 5 May 2024,650.0,512260.0,128M/48Q/32D,2024-04-23 00:00:00,2024-05-05 00:00:00,2024.0,4.0,168227077.0
171,Mutua Madrid Open,,https://www.wtatennis.com/tournaments/1038/madrid/2024,MADRID • SPAIN,WTA 1000,Clay,https://www.wtatennis.com/resources/v7.31.10/i/elements/1000k-tag.svg,Magda Linette,2.0,POL,https://www.wtatennis.com/resources/v7.31.10/i/elements/flags/pol.svg,Round of 64 R64,W,"6 - 4,3 - 6,6 - 3,",2,https://www.wtatennis.com/players/315130/magda-linette,23 Apr - 5 May 2024,650.0,512260.0,128M/48Q/32D,2024-04-23 00:00:00,2024-05-05 00:00:00,2024.0,4.0,168739337.0
172,Mutua Madrid Open,,https://www.wtatennis.com/tournaments/1038/madrid/2024,MADRID • SPAIN,WTA 1000,Clay,https://www.wtatennis.com/resources/v7.31.10/i/elements/1000k-tag.svg,,2.0,,,Round of 128 R128,,Bye,2,,23 Apr - 5 May 2024,650.0,512260.0,128M/48Q/32D,2024-04-23 00:00:00,2024-05-05 00:00:00,2024.0,4.0,169251597.0
173,Porsche Tennis Grand Prix,https://photoresources.wtatennis.com/photo-resources/2025/04/16/73f25721-54c3-4754-84f2-c67e607edd39/WTA-Tournament_Stuttgart-2017.png?height=128,https://www.wtatennis.com/tournaments/1051/stuttgart/2024,STUTTGART • GERMANY,WTA 500,Clay,https://www.wtatennis.com/resources/v7.31.10/i/elements/500k-tag.svg,Marketa Vondrousova,2.0,CZE,https://www.wtatennis.com/resources/v7.31.10/i/elements/flags/cze.svg,Quarterfinals Quarter,L,"6 - 3,3 - 6,5 - 7,",2,https://www.wtatennis.com/players/323027/marketa-vondrousova,15 - 21 Apr 2024,108.0,23435.0,32M/16Q/16D,,2024-04-21 00:00:00,,,169275032.0
174,Porsche Tennis Grand Prix,https://photoresources.wtatennis.com/photo-resources/2025/04/16/73f25721-54c3-4754-84f2-c67e607edd39/WTA-Tournament_Stuttgart-2017.png?height=128,https://www.wtatennis.com/tournaments/1051/stuttgart/2024,STUTTGART • GERMANY,WTA 500,Clay,https://www.wtatennis.com/resources/v7.31.10/i/elements/500k-tag.svg,Paula Badosa,2.0,ESP,https://www.wtatennis.com/resources/v7.31.10/i/elements/flags/esp.svg,Round of 16 R16,W,"7 - 64,4 - 6,3 - 3, Ret",2,https://www.wtatennis.com/players/320124/paula-badosa,15 - 21 Apr 2024,108.0,23435.0,32M/16Q/16D,,2024-04-21 00:00:00,,,169298467.0
175,Porsche Tennis Grand Prix,https://photoresources.wtatennis.com/photo-resources/2025/04/16/73f25721-54c3-4754-84f2-c67e607edd39/WTA-Tournament_Stuttgart-2017.png?height=128,https://www.wtatennis.com/tournaments/1051/stuttgart/2024,STUTTGART • GERMANY,WTA 500,Clay,https://www.wtatennis.com/resources/v7.31.10/i/elements/500k-tag.svg,,2.0,,,Round of 32 R32,,Bye,2,,15 - 21 Apr 2024,108.0,23435.0,32M/16Q/16D,,2024-04-21 00:00:00,,,169321902.0
176,Miami Open presented by Itaú,https://photoresources.wtatennis.com/photo-resources/2025/04/16/ad3c213f-6323-4422-bb86-ff92e8cb213c/WTA-Tournament_Miami-2024.png?height=128,https://www.wtatennis.com/tournaments/902/miami/2024,"MIAMI • FL, UNITED STATES",WTA 1000,Hard,https://www.wtatennis.com/resources/v7.31.10/i/elements/1000k-tag.svg,Anhelina Kalinina,2.0,UKR,https://www.wtatennis.com/resources/v7.31.10/i/elements/flags/ukr.svg,Round of 32 R32,L,"4 - 6,6 - 1,1 - 6,",2,https://www.wtatennis.com/players/320567/anhelina-kalinina,19 - 31 Mar 2024,65.0,59100.0,128M/48Q/32D,,2024-03-31 00:00:00,,,169381002.0
177,Miami Open presented by Itaú,https://photoresources.wtatennis.com/photo-resources/2025/04/16/ad3c213f-6323-4422-bb86-ff92e8cb213c/WTA-Tournament_Miami-2024.png?height=128,https://www.wtatennis.com/tournaments/902/miami/2024,"MIAMI • FL, UNITED STATES",WTA 1000,Hard,https://www.wtatennis.com/resources/v7.31.10/i/elements/1000k-tag.svg,Paula Badosa,2.0,ESP,https://www.wtatennis.com/resources/v7.31.10/i/elements/flags/esp.svg,Round of 64 R64,W,"6 - 4,6 - 3,",2,https://www.wtatennis.com/players/320124/paula-badosa,19 - 31 Mar 2024,65.0,59100.0,128M/48Q/32D,,2024-03-31 00:00:00,,,169440102.0
178,Miami Open presented by Itaú,https://photoresources.wtatennis.com/photo-resources/2025/04/16/ad3c213f-6323-4422-bb86-ff92e8cb213c/WTA-Tournament_Miami-2024.png?height=128,https://www.wtatennis.com/tournaments/902/miami/2024,"MIAMI • FL, UNITED STATES",WTA 1000,Hard,https://www.wtatennis.com/resources/v7.31.10/i/elements/1000k-tag.svg,,2.0,,,Round of 128 R128,,Bye,2,,19 - 31 Mar 2024,65.0,59100.0,128M/48Q/32D,,2024-03-31 00:00:00,,,169499202.0
179,BNP Paribas Open,https://photoresources.wtatennis.com/photo-resources/2025/04/16/e155ccb6-5daf-4a93-8fa1-a30ce14c2704/WTA-Tournament_Indian-Wells-2017.png?height=128,https://www.wtatennis.com/tournaments/609/indian-wells/2024,"INDIAN WELLS • CA, UNITED STATES",WTA 1000,Hard,https://www.wtatennis.com/resources/v7.31.10/i/elements/1000k-tag.svg,Emma Navarro,2.0,USA,https://www.wtatennis.com/resources/v7.31.10/i/elements/flags/usa.svg,Round of 16 R16,L,"3 - 6,6 - 3,2 - 6,",2,https://www.wtatennis.com/players/325410/emma-navarro,6 - 17 Mar 2024,120.0,101000.0,128M/48Q/32D,2024-03-06 00:00:00,2024-03-17 00:00:00,2024.0,3.0,169600202.0
180,BNP Paribas Open,https://photoresources.wtatennis.com/photo-resources/2025/04/16/e155ccb6-5daf-4a93-8fa1-a30ce14c2704/WTA-Tournament_Indian-Wells-2017.png?height=128,https://www.wtatennis.com/tournaments/609/indian-wells/2024,"INDIAN WELLS • CA, UNITED STATES",WTA 1000,Hard,https://www.wtatennis.com/resources/v7.31.10/i/elements/1000k-tag.svg,Emma Raducanu,2.0,GBR,https://www.wtatennis.com/resources/v7.31.10/i/elements/flags/gbr.svg,Round of 32 R32,W,"6 - 3,7 - 5,",2,https://www.wtatennis.com/players/328366/emma-raducanu,6 - 17 Mar 2024,120.0,101000.0,128M/48Q/32D,2024-03-06 00:00:00,2024-03-17 00:00:00,2024.0,3.0,169701202.0
181,BNP Paribas Open,https://photoresources.wtatennis.com/photo-resources/2025/04/16/e155ccb6-5daf-4a93-8fa1-a30ce14c2704/WTA-Tournament_Indian-Wells-2017.png?height=128,https://www.wtatennis.com/tournaments/609/indian-wells/2024,"INDIAN WELLS • CA, UNITED STATES",WTA 1000,Hard,https://www.wtatennis.com/resources/v7.31.10/i/elements/1000k-tag.svg,Peyton Stearns,2.0,USA,https://www.wtatennis.com/resources/v7.31.10/i/elements/flags/usa.svg,Round of 64 R64,W,"62 - 7,6 - 2,7 - 66,",2,https://www.wtatennis.com/players/327573/peyton-stearns,6 - 17 Mar 2024,120.0,101000.0,128M/48Q/32D,2024-03-06 00:00:00,2024-03-17 00:00:00,2024.0,3.0,169802202.0
182,BNP Paribas Open,https://photoresources.wtatennis.com/photo-resources/2025/04/16/e155ccb6-5daf-4a93-8fa1-a30ce14c2704/WTA-Tournament_Indian-Wells-2017.png?height=128,https://www.wtatennis.com/tournaments/609/indian-wells/2024,"INDIAN WELLS • CA, UNITED STATES",WTA 1000,Hard,https://www.wtatennis.com/resources/v7.31.10/i/elements/1000k-tag.svg,,2.0,,,Round of 128 R128,,Bye,2,,6 - 17 Mar 2024,120.0,101000.0,128M/48Q/32D,2024-03-06 00:00:00,2024-03-17 00:00:00,2024.0,3.0,169903202.0
183,Dubai Duty Free Tennis Championships,https://photoresources.wtatennis.com/photo-resources/2025/04/16/aa274c10-fd33-4715-ac0e-d74441b27a54/WTA-Tournament_Dubai-2017.png?height=128,https://www.wtatennis.com/tournaments/718/dubai/2024,DUBAI • UNITED ARAB EMIRATES,WTA 1000,Hard,https://www.wtatennis.com/resources/v7.31.10/i/elements/1000k-tag.svg,Donna Vekic,2.0,CRO,https://www.wtatennis.com/resources/v7.31.10/i/elements/flags/cro.svg,Round of 32 R32,L,"7 - 65,3 - 6,0 - 6,",2,https://www.wtatennis.com/players/318516/donna-vekic,18 - 24 Feb 2024,10.0,20650.0,64M/32Q/32D,,2024-02-24 00:00:00,,,169923852.0
184,Dubai Duty Free Tennis Championships,https://photoresources.wtatennis.com/photo-resources/2025/04/16/aa274c10-fd33-4715-ac0e-d74441b27a54/WTA-Tournament_Dubai-2017.png?height=128,https://www.wtatennis.com/tournaments/718/dubai/2024,DUBAI • UNITED ARAB EMIRATES,WTA 1000,Hard,https://www.wtatennis.com/resources/v7.31.10/i/elements/1000k-tag.svg,,2.0,,,Round of 64 R64,,Bye,2,,18 - 24 Feb 2024,10.0,20650.0,64M/32Q/32D,,2024-02-24 00:00:00,,,169944502.0
185,Australian Open,https://photoresources.wtatennis.com/photo-resources/2025/04/16/20886615-8c76-4d00-b747-7946c3692df2/WTA-Tournament_Australian-Open.png?height=128,https://www.wtatennis.com/tournaments/901/australian-open/2024,MELBOURNE • AUSTRALIA,Grand Slam,Hard,https://www.wtatennis.com/resources/v7.31.10/i/elements/gs-tag.svg,Qinwen Zheng,2.0,CHN,https://www.wtatennis.com/resources/v7.31.10/i/elements/flags/chn.svg,Final F,W,"6 - 3,6 - 2,",2,https://www.wtatennis.com/players/328120/qinwen-zheng,14 - 28 Jan 2024,2000.0,2083371.0,128M/128Q/64D,,2024-01-28 00:00:00,,,172027873.0
186,Australian Open,https://photoresources.wtatennis.com/photo-resources/2025/04/16/20886615-8c76-4d00-b747-7946c3692df2/WTA-Tournament_Australian-Open.png?height=128,https://www.wtatennis.com/tournaments/901/australian-open/2024,MELBOURNE • AUSTRALIA,Grand Slam,Hard,https://www.wtatennis.com/resources/v7.31.10/i/elements/gs-tag.svg,Coco Gauff,2.0,USA,https://www.wtatennis.com/resources/v7.31.10/i/elements/flags/usa.svg,Semifinals Semi,W,"7 - 62,6 - 4,",2,https://www.wtatennis.com/players/328560/coco-gauff,14 - 28 Jan 2024,2000.0,2083371.0,128M/128Q/64D,,2024-01-28 00:00:00,,,174111244.0
187,Australian Open,https://photoresources.wtatennis.com/photo-resources/2025/04/16/20886615-8c76-4d00-b747-7946c3692df2/WTA-Tournament_Australian-Open.png?height=128,https://www.wtatennis.com/tournaments/901/australian-open/2024,MELBOURNE • AUSTRALIA,Grand Slam,Hard,https://www.wtatennis.com/resources/v7.31.10/i/elements/gs-tag.svg,Barbora Krejcikova,2.0,CZE,https://www.wtatennis.com/resources/v7.31.10/i/elements/flags/cze.svg,Quarterfinals Quarter,W,"6 - 2,6 - 3,",2,https://www.wtatennis.com/players/318314/barbora-krejcikova,14 - 28 Jan 2024,2000.0,2083371.0,128M/128Q/64D,,2024-01-28 00:00:00,,,176194615.0
188,Australian Open,https://photoresources.wtatennis.com/photo-resources/2025/04/16/20886615-8c76-4d00-b747-7946c3692df2/WTA-Tournament_Australian-Open.png?height=128,https://www.wtatennis.com/tournaments/901/australian-open/2024,MELBOURNE • AUSTRALIA,Grand Slam,Hard,https://www.wtatennis.com/resources/v7.31.10/i/elements/gs-tag.svg,Amanda Anisimova,2.0,USA,https://www.wtatennis.com/resources/v7.31.10/i/elements/flags/usa.svg,Round of 16 R16,W,"6 - 3,6 - 2,",2,https://www.wtatennis.com/players/326384/amanda-anisimova,14 - 28 Jan 2024,2000.0,2083371.0,128M/128Q/64D,,2024-01-28 00:00:00,,,178277986.0
189,Australian Open,https://photoresources.wtatennis.com/photo-resources/2025/04/16/20886615-8c76-4d00-b747-7946c3692df2/WTA-Tournament_Australian-Open.png?height=128,https://www.wtatennis.com/tournaments/901/australian-open/2024,MELBOURNE • AUSTRALIA,Grand Slam,Hard,https://www.wtatennis.com/resources/v7.31.10/i/elements/gs-tag.svg,Lesia Tsurenko,2.0,UKR,https://www.wtatennis.com/resources/v7.31.10/i/elements/flags/ukr.svg,Round of 32 R32,W,"6 - 0,6 - 0,",2,https://www.wtatennis.com/players/315295/lesia-tsurenko,14 - 28 Jan 2024,2000.0,2083371.0,128M/128Q/64D,,2024-01-28 00:00:00,,,180361357.0
190,Australian Open,https://photoresources.wtatennis.com/photo-resources/2025/04/16/20886615-8c76-4d00-b747-7946c3692df2/WTA-Tournament_Australian-Open.png?height=128,https://www.wtatennis.com/tournaments/901/australian-open/2024,MELBOURNE • AUSTRALIA,Grand Slam,Hard,https://www.wtatennis.com/resources/v7.31.10/i/elements/gs-tag.svg,Brenda Fruhvirtova,2.0,CZE,https://www.wtatennis.com/resources/v7.31.10/i/elements/flags/cze.svg,Round of 64 R64,W,"6 - 3,6 - 2,",2,https://www.wtatennis.com/players/331545/brenda-fruhvirtova,14 - 28 Jan 2024,2000.0,2083371.0,128M/128Q/64D,,2024-01-28 00:00:00,,,182444728.0
191,Australian Open,https://photoresources.wtatennis.com/photo-resources/2025/04/16/20886615-8c76-4d00-b747-7946c3692df2/WTA-Tournament_Australian-Open.png?height=128,https://www.wtatennis.com/tournaments/901/australian-open/2024,MELBOURNE • AUSTRALIA,Grand Slam,Hard,https://www.wtatennis.com/resources/v7.31.10/i/elements/gs-tag.svg,Ella Seidel,2.0,GER,https://www.wtatennis.com/resources/v7.31.10/i/elements/flags/ger.svg,Round of 128 R128,W,"6 - 0,6 - 1,",2,https://www.wtatennis.com/players/330548/ella-seidel,14 - 28 Jan 2024,2000.0,2083371.0,128M/128Q/64D,,2024-01-28 00:00:00,,,184528099.0
192,Brisbane International presented by Evie,https://photoresources.wtatennis.com/photo-resources/2025/04/16/9050b115-2984-4344-932a-01bc17817720/WTA-Tournament_Brisbane-2025.png?height=128,https://www.wtatennis.com/tournaments/800/brisbane/2024,BRISBANE • AUSTRALIA,WTA 500,Hard,https://www.wtatennis.com/resources/v7.31.10/i/elements/500k-tag.svg,Elena Rybakina,1.0,KAZ,https://www.wtatennis.com/resources/v7.31.10/i/elements/flags/kaz.svg,Final F,L,"0 - 6,3 - 6,",2,https://www.wtatennis.com/players/324166/elena-rybakina,31 Dec - 7 Jan 2024,325.0,135000.0,64M/24Q/32D,2024-12-31 00:00:00,2024-01-07 00:00:00,2024.0,12.0,184663099.0
193,Brisbane International presented by Evie,https://photoresources.wtatennis.com/photo-resources/2025/04/16/9050b115-2984-4344-932a-01bc17817720/WTA-Tournament_Brisbane-2025.png?height=128,https://www.wtatennis.com/tournaments/800/brisbane/2024,BRISBANE • AUSTRALIA,WTA 500,Hard,https://www.wtatennis.com/resources/v7.31.10/i/elements/500k-tag.svg,Victoria Azarenka,1.0,BLR,https://www.wtatennis.com/resources/v7.31.10/i/elements/flags/blr.svg,Semifinals Semi,W,"6 - 2,6 - 4,",2,https://www.wtatennis.com/players/312001/victoria-azarenka,31 Dec - 7 Jan 2024,325.0,135000.0,64M/24Q/32D,2024-12-31 00:00:00,2024-01-07 00:00:00,2024.0,12.0,184798099.0
194,Brisbane International presented by Evie,https://photoresources.wtatennis.com/photo-resources/2025/04/16/9050b115-2984-4344-932a-01bc17817720/WTA-Tournament_Brisbane-2025.png?height=128,https://www.wtatennis.com/tournaments/800/brisbane/2024,BRISBANE • AUSTRALIA,WTA 500,Hard,https://www.wtatennis.com/resources/v7.31.10/i/elements/500k-tag.svg,Daria Kasatkina,1.0,AUS,https://www.wtatennis.com/resources/v7.31.10/i/elements/flags/aus.svg,Quarterfinals Quarter,W,"6 - 1,6 - 4,",2,https://www.wtatennis.com/players/322082/daria-kasatkina,31 Dec - 7 Jan 2024,325.0,135000.0,64M/24Q/32D,2024-12-31 00:00:00,2024-01-07 00:00:00,2024.0,12.0,184933099.0
195,Brisbane International presented by Evie,https://photoresources.wtatennis.com/photo-resources/2025/04/16/9050b115-2984-4344-932a-01bc17817720/WTA-Tournament_Brisbane-2025.png?height=128,https://www.wtatennis.com/tournaments/800/brisbane/2024,BRISBANE • AUSTRALIA,WTA 500,Hard,https://www.wtatennis.com/resources/v7.31.10/i/elements/500k-tag.svg,Lin Zhu,1.0,CHN,https://www.wtatennis.com/resources/v7.31.10/i/elements/flags/chn.svg,Round of 16 R16,W,"6 - 1,6 - 0,",2,https://www.wtatennis.com/players/317306/lin-zhu,31 Dec - 7 Jan 2024,325.0,135000.0,64M/24Q/32D,2024-12-31 00:00:00,2024-01-07 00:00:00,2024.0,12.0,185068099.0
196,Brisbane International presented by Evie,https://photoresources.wtatennis.com/photo-resources/2025/04/16/9050b115-2984-4344-932a-01bc17817720/WTA-Tournament_Brisbane-2025.png?height=128,https://www.wtatennis.com/tournaments/800/brisbane/2024,BRISBANE • AUSTRALIA,WTA 500,Hard,https://www.wtatennis.com/resources/v7.31.10/i/elements/500k-tag.svg,Lucia Bronzetti,1.0,ITA,https://www.wtatennis.com/resources/v7.31.10/i/elements/flags/ita.svg,Round of 32 R32,W,"6 - 3,6 - 0,",2,https://www.wtatennis.com/players/322280/lucia-bronzetti,31 Dec - 7 Jan 2024,325.0,135000.0,64M/24Q/32D,2024-12-31 00:00:00,2024-01-07 00:00:00,2024.0,12.0,185203099.0
197,Brisbane International presented by Evie,https://photoresources.wtatennis.com/photo-resources/2025/04/16/9050b115-2984-4344-932a-01bc17817720/WTA-Tournament_Brisbane-2025.png?height=128,https://www.wtatennis.com/tournaments/800/brisbane/2024,BRISBANE • AUSTRALIA,WTA 500,Hard,https://www.wtatennis.com/resources/v7.31.10/i/elements/500k-tag.svg,,1.0,,,Round of 64 R64,,Bye,2,,31 Dec - 7 Jan 2024,325.0,135000.0,64M/24Q/32D,2024-12-31 00:00:00,2024-01-07 00:00:00,2024.0,12.0,185338099.0
198,GNP Seguros WTA Finals Cancun,https://photoresources.wtatennis.com/photo-resources/2025/10/16/b04a642b-ddb5-40c8-91f1-26a2d61650fe/WTA-finals.png?height=128,https://www.wtatennis.com/tournaments/808/wta-finals/2023,CANCUN • MEXICO,Finals,Hard,https://www.wtatennis.com/resources/v7.31.10/i/elements/finals-tag.svg,Iga Swiatek,1.0,POL,https://www.wtatennis.com/resources/v7.31.10/i/elements/flags/pol.svg,Semifinals Semi,L,"3 - 6,2 - 6,",1,https://www.wtatennis.com/players/326408/iga-swiatek,29 Oct - 6 Nov 2023,,648000.0,9M/0Q/16D,2023-10-29 00:00:00,2023-11-06 00:00:00,2023.0,10.0,185986099.0
199,GNP Seguros WTA Finals Cancun,https://photoresources.wtatennis.com/photo-resources/2025/10/16/b04a642b-ddb5-40c8-91f1-26a2d61650fe/WTA-finals.png?height=128,https://www.wtatennis.com/tournaments/808/wta-finals/2023,CANCUN • MEXICO,Finals,Hard,https://www.wtatennis.com/resources/v7.31.10/i/elements/finals-tag.svg,Elena Rybakina,1.0,KAZ,https://www.wtatennis.com/resources/v7.31.10/i/elements/flags/kaz.svg,Group Stage Group,W,"6 - 2,3 - 6,6 - 3,",1,https://www.wtatennis.com/players/324166/elena-rybakina,29 Oct - 6 Nov 2023,,648000.0,9M/0Q/16D,2023-10-29 00:00:00,2023-11-06 00:00:00,2023.0,10.0,186634099.0
200,GNP Seguros WTA Finals Cancun,https://photoresources.wtatennis.com/photo-resources/2025/10/16/b04a642b-ddb5-40c8-91f1-26a2d61650fe/WTA-finals.png?height=128,https://www.wtatennis.com/tournaments/808/wta-finals/2023,CANCUN • MEXICO,Finals,Hard,https://www.wtatennis.com/resources/v7.31.10/i/elements/finals-tag.svg,Jessica Pegula,1.0,USA,https://www.wtatennis.com/resources/v7.31.10/i/elements/flags/usa.svg,Group Stage Group,L,"4 - 6,3 - 6,",1,https://www.wtatennis.com/players/316956/jessica-pegula,29 Oct - 6 Nov 2023,,648000.0,9M/0Q/16D,2023-10-29 00:00:00,2023-11-06 00:00:00,2023.0,10.0,187282099.0
201,GNP Seguros WTA Finals Cancun,https://photoresources.wtatennis.com/photo-resources/2025/10/16/b04a642b-ddb5-40c8-91f1-26a2d61650fe/WTA-finals.png?height=128,https://www.wtatennis.com/tournaments/808/wta-finals/2023,CANCUN • MEXICO,Finals,Hard,https://www.wtatennis.com/resources/v7.31.10/i/elements/finals-tag.svg,Maria Sakkari,1.0,GRE,https://www.wtatennis.com/resources/v7.31.10/i/elements/flags/gre.svg,Group Stage Group,W,"6 - 0,6 - 1,",1,https://www.wtatennis.com/players/318312/maria-sakkari,29 Oct - 6 Nov 2023,,648000.0,9M/0Q/16D,2023-10-29 00:00:00,2023-11-06 00:00:00,2023.0,10.0,187930099.0
202,China Open,,https://www.wtatennis.com/tournaments/1020/beijing/2023,BEIJING • CHINA,WTA 1000,Hard,https://www.wtatennis.com/resources/v7.31.10/i/elements/1000k-tag.svg,Elena Rybakina,1.0,KAZ,https://www.wtatennis.com/resources/v7.31.10/i/elements/flags/kaz.svg,Quarterfinals Quarter,L,"5 - 7,2 - 6,",1,https://www.wtatennis.com/players/324166/elena-rybakina,30 Sep - 8 Oct 2023,215.0,185018.0,64M/32Q/32D,2023-09-30 00:00:00,2023-10-08 00:00:00,2023.0,9.0,188115117.0
203,China Open,,https://www.wtatennis.com/tournaments/1020/beijing/2023,BEIJING • CHINA,WTA 1000,Hard,https://www.wtatennis.com/resources/v7.31.10/i/elements/1000k-tag.svg,Jasmine Paolini,1.0,ITA,https://www.wtatennis.com/resources/v7.31.10/i/elements/flags/ita.svg,Round of 16 R16,W,"6 - 4,7 - 64,",1,https://www.wtatennis.com/players/319280/jasmine-paolini,30 Sep - 8 Oct 2023,215.0,185018.0,64M/32Q/32D,2023-09-30 00:00:00,2023-10-08 00:00:00,2023.0,9.0,188300135.0
204,China Open,,https://www.wtatennis.com/tournaments/1020/beijing/2023,BEIJING • CHINA,WTA 1000,Hard,https://www.wtatennis.com/resources/v7.31.10/i/elements/1000k-tag.svg,Katie Boulter,1.0,GBR,https://www.wtatennis.com/resources/v7.31.10/i/elements/flags/gbr.svg,Round of 32 R32,W,"7 - 5,7 - 62,",1,https://www.wtatennis.com/players/319125/katie-boulter,30 Sep - 8 Oct 2023,215.0,185018.0,64M/32Q/32D,2023-09-30 00:00:00,2023-10-08 00:00:00,2023.0,9.0,188485153.0
205,China Open,,https://www.wtatennis.com/tournaments/1020/beijing/2023,BEIJING • CHINA,WTA 1000,Hard,https://www.wtatennis.com/resources/v7.31.10/i/elements/1000k-tag.svg,Sofia Kenin,1.0,USA,https://www.wtatennis.com/resources/v7.31.10/i/elements/flags/usa.svg,Round of 64 R64,W,"6 - 1,6 - 2,",1,https://www.wtatennis.com/players/320942/sofia-kenin,30 Sep - 8 Oct 2023,215.0,185018.0,64M/32Q/32D,2023-09-30 00:00:00,2023-10-08 00:00:00,2023.0,9.0,188670171.0
206,US Open,https://photoresources.wtatennis.com/photo-resources/2025/04/16/295289d9-36fa-408a-8586-2b407d930c10/WTA-Tournament_US-Open.png?height=128,https://www.wtatennis.com/tournaments/905/us-open/2023,"NEW YORK • NY, UNITED STATES",Grand Slam,Hard,https://www.wtatennis.com/resources/v7.31.10/i/elements/gs-tag.svg,Coco Gauff,2.0,USA,https://www.wtatennis.com/resources/v7.31.10/i/elements/flags/usa.svg,Final F,L,"6 - 2,3 - 6,2 - 6,",2,https://www.wtatennis.com/players/328560/coco-gauff,28 Aug - 10 Sep 2023,1300.0,1500000.0,128M/128Q/64D,2023-08-28 00:00:00,2023-09-10 00:00:00,2023.0,8.0,190170171.0
207,US Open,https://photoresources.wtatennis.com/photo-resources/2025/04/16/295289d9-36fa-408a-8586-2b407d930c10/WTA-Tournament_US-Open.png?height=128,https://www.wtatennis.com/tournaments/905/us-open/2023,"NEW YORK • NY, UNITED STATES",Grand Slam,Hard,https://www.wtatennis.com/resources/v7.31.10/i/elements/gs-tag.svg,Madison Keys,2.0,USA,https://www.wtatennis.com/resources/v7.31.10/i/elements/flags/usa.svg,Semifinals Semi,W,"0 - 6,7 - 61,7 - 65,",2,https://www.wtatennis.com/players/316959/madison-keys,28 Aug - 10 Sep 2023,1300.0,1500000.0,128M/128Q/64D,2023-08-28 00:00:00,2023-09-10 00:00:00,2023.0,8.0,191670171.0
208,US Open,https://photoresources.wtatennis.com/photo-resources/2025/04/16/295289d9-36fa-408a-8586-2b407d930c10/WTA-Tournament_US-Open.png?height=128,https://www.wtatennis.com/tournaments/905/us-open/2023,"NEW YORK • NY, UNITED STATES",Grand Slam,Hard,https://www.wtatennis.com/resources/v7.31.10/i/elements/gs-tag.svg,Qinwen Zheng,2.0,CHN,https://www.wtatennis.com/resources/v7.31.10/i/elements/flags/chn.svg,Quarterfinals Quarter,W,"6 - 1,6 - 4,",2,https://www.wtatennis.com/players/328120/qinwen-zheng,28 Aug - 10 Sep 2023,1300.0,1500000.0,128M/128Q/64D,2023-08-28 00:00:00,2023-09-10 00:00:00,2023.0,8.0,193170171.0
209,US Open,https://photoresources.wtatennis.com/photo-resources/2025/04/16/295289d9-36fa-408a-8586-2b407d930c10/WTA-Tournament_US-Open.png?height=128,https://www.wtatennis.com/tournaments/905/us-open/2023,"NEW YORK • NY, UNITED STATES",Grand Slam,Hard,https://www.wtatennis.com/resources/v7.31.10/i/elements/gs-tag.svg,Daria Kasatkina,2.0,AUS,https://www.wtatennis.com/resources/v7.31.10/i/elements/flags/aus.svg,Round of 16 R16,W,"6 - 1,6 - 3,",2,https://www.wtatennis.com/players/322082/daria-kasatkina,28 Aug - 10 Sep 2023,1300.0,1500000.0,128M/128Q/64D,2023-08-28 00:00:00,2023-09-10 00:00:00,2023.0,8.0,194670171.0
210,US Open,https://photoresources.wtatennis.com/photo-resources/2025/04/16/295289d9-36fa-408a-8586-2b407d930c10/WTA-Tournament_US-Open.png?height=128,https://www.wtatennis.com/tournaments/905/us-open/2023,"NEW YORK • NY, UNITED STATES",Grand Slam,Hard,https://www.wtatennis.com/resources/v7.31.10/i/elements/gs-tag.svg,Clara Burel,2.0,FRA,https://www.wtatennis.com/resources/v7.31.10/i/elements/flags/fra.svg,Round of 32 R32,W,"6 - 1,6 - 1,",2,https://www.wtatennis.com/players/325320/clara-burel,28 Aug - 10 Sep 2023,1300.0,1500000.0,128M/128Q/64D,2023-08-28 00:00:00,2023-09-10 00:00:00,2023.0,8.0,196170171.0
211,US Open,https://photoresources.wtatennis.com/photo-resources/2025/04/16/295289d9-36fa-408a-8586-2b407d930c10/WTA-Tournament_US-Open.png?height=128,https://www.wtatennis.com/tournaments/905/us-open/2023,"NEW YORK • NY, UNITED STATES",Grand Slam,Hard,https://www.wtatennis.com/resources/v7.31.10/i/elements/gs-tag.svg,Jodie Burrage,2.0,GBR,https://www.wtatennis.com/resources/v7.31.10/i/elements/flags/gbr.svg,Round of 64 R64,W,"6 - 3,6 - 2,",2,https://www.wtatennis.com/players/323802/jodie-burrage,28 Aug - 10 Sep 2023,1300.0,1500000.0,128M/128Q/64D,2023-08-28 00:00:00,2023-09-10 00:00:00,2023.0,8.0,197670171.0
212,US Open,https://photoresources.wtatennis.com/photo-resources/2025/04/16/295289d9-36fa-408a-8586-2b407d930c10/WTA-Tournament_US-Open.png?height=128,https://www.wtatennis.com/tournaments/905/us-open/2023,"NEW YORK • NY, UNITED STATES",Grand Slam,Hard,https://www.wtatennis.com/resources/v7.31.10/i/elements/gs-tag.svg,Maryna Zanevska,2.0,BEL,https://www.wtatennis.com/resources/v7.31.10/i/elements/flags/bel.svg,Round of 128 R128,W,"6 - 3,6 - 2,",2,https://www.wtatennis.com/players/317094/maryna-zanevska,28 Aug - 10 Sep 2023,1300.0,1500000.0,128M/128Q/64D,2023-08-28 00:00:00,2023-09-10 00:00:00,2023.0,8.0,199170171.0
213,Western & Southern Open,https://photoresources.wtatennis.com/photo-resources/2025/04/16/17c99db9-c289-451d-8cd9-65e8d9a25a26/WTA-Tournament_Cincinnati-2024.png?height=128,https://www.wtatennis.com/tournaments/1017/cincinnati/2023,"CINCINNATI • OH, UNITED STATES",WTA 1000,Hard,https://www.wtatennis.com/resources/v7.31.10/i/elements/1000k-tag.svg,Karolina Muchova,2.0,CZE,https://www.wtatennis.com/resources/v7.31.10/i/elements/flags/cze.svg,Semifinals Semi,L,"7 - 64,3 - 6,2 - 6,",2,https://www.wtatennis.com/players/322191/karolina-muchova,14 - 20 Aug 2023,350.0,138000.0,64M/32Q/32D,,2023-08-20 00:00:00,,,199308171.0
214,Western & Southern Open,https://photoresources.wtatennis.com/photo-resources/2025/04/16/17c99db9-c289-451d-8cd9-65e8d9a25a26/WTA-Tournament_Cincinnati-2024.png?height=128,https://www.wtatennis.com/tournaments/1017/cincinnati/2023,"CINCINNATI • OH, UNITED STATES",WTA 1000,Hard,https://www.wtatennis.com/resources/v7.31.10/i/elements/1000k-tag.svg,Ons Jabeur,2.0,TUN,https://www.wtatennis.com/resources/v7.31.10/i/elements/flags/tun.svg,Quarterfinals Quarter,W,"7 - 5,6 - 3,",2,https://www.wtatennis.com/players/316847/ons-jabeur,14 - 20 Aug 2023,350.0,138000.0,64M/32Q/32D,,2023-08-20 00:00:00,,,199446171.0
215,Western & Southern Open,https://photoresources.wtatennis.com/photo-resources/2025/04/16/17c99db9-c289-451d-8cd9-65e8d9a25a26/WTA-Tournament_Cincinnati-2024.png?height=128,https://www.wtatennis.com/tournaments/1017/cincinnati/2023,"CINCINNATI • OH, UNITED STATES",WTA 1000,Hard,https://www.wtatennis.com/resources/v7.31.10/i/elements/1000k-tag.svg,Daria Kasatkina,2.0,AUS,https://www.wtatennis.com/resources/v7.31.10/i/elements/flags/aus.svg,Round of 16 R16,W,"6 - 3,6 - 3,",2,https://www.wtatennis.com/players/322082/daria-kasatkina,14 - 20 Aug 2023,350.0,138000.0,64M/32Q/32D,,2023-08-20 00:00:00,,,199584171.0
216,Western & Southern Open,https://photoresources.wtatennis.com/photo-resources/2025/04/16/17c99db9-c289-451d-8cd9-65e8d9a25a26/WTA-Tournament_Cincinnati-2024.png?height=128,https://www.wtatennis.com/tournaments/1017/cincinnati/2023,"CINCINNATI • OH, UNITED STATES",WTA 1000,Hard,https://www.wtatennis.com/resources/v7.31.10/i/elements/1000k-tag.svg,Ann Li,2.0,USA,https://www.wtatennis.com/resources/v7.31.10/i/elements/flags/usa.svg,Round of 32 R32,W,"7 - 5,2 - 6,6 - 4,",2,https://www.wtatennis.com/players/326096/ann-li,14 - 20 Aug 2023,350.0,138000.0,64M/32Q/32D,,2023-08-20 00:00:00,,,199722171.0
217,Western & Southern Open,https://photoresources.wtatennis.com/photo-resources/2025/04/16/17c99db9-c289-451d-8cd9-65e8d9a25a26/WTA-Tournament_Cincinnati-2024.png?height=128,https://www.wtatennis.com/tournaments/1017/cincinnati/2023,"CINCINNATI • OH, UNITED STATES",WTA 1000,Hard,https://www.wtatennis.com/resources/v7.31.10/i/elements/1000k-tag.svg,,2.0,,,Round of 64 R64,,Bye,2,,14 - 20 Aug 2023,350.0,138000.0,64M/32Q/32D,,2023-08-20 00:00:00,,,199860171.0
218,Omnium Banque Nationale présenté par Rogers ,,https://www.wtatennis.com/tournaments/806/montreal/2023,MONTREAL • CANADA,WTA 1000,Hard,https://www.wtatennis.com/resources/v7.31.10/i/elements/1000k-tag.svg,Liudmila Samsonova,2.0,RUS,https://www.wtatennis.com/resources/v7.31.10/i/elements/flags/rus.svg,Round of 16 R16,L,"62 - 7,6 - 4,3 - 6,",2,https://www.wtatennis.com/players/322222/liudmila-samsonova,7 - 13 Aug 2023,105.0,31650.0,64M/32Q/32D,2023-08-07 00:00:00,2023-08-13 00:00:00,2023.0,8.0,199891821.0
219,Omnium Banque Nationale présenté par Rogers ,,https://www.wtatennis.com/tournaments/806/montreal/2023,MONTREAL • CANADA,WTA 1000,Hard,https://www.wtatennis.com/resources/v7.31.10/i/elements/1000k-tag.svg,Petra Martic,2.0,CRO,https://www.wtatennis.com/resources/v7.31.10/i/elements/flags/cro.svg,Round of 32 R32,W,"6 - 3,7 - 65,",2,https://www.wtatennis.com/players/313711/petra-martic,7 - 13 Aug 2023,105.0,31650.0,64M/32Q/32D,2023-08-07 00:00:00,2023-08-13 00:00:00,2023.0,8.0,199923471.0
220,Omnium Banque Nationale présenté par Rogers ,,https://www.wtatennis.com/tournaments/806/montreal/2023,MONTREAL • CANADA,WTA 1000,Hard,https://www.wtatennis.com/resources/v7.31.10/i/elements/1000k-tag.svg,,2.0,,,Round of 64 R64,,Bye,2,,7 - 13 Aug 2023,105.0,31650.0,64M/32Q/32D,2023-08-07 00:00:00,2023-08-13 00:00:00,2023.0,8.0,199955121.0
221,"The Championships, Wimbledon",https://photoresources.wtatennis.com/photo-resources/2025/04/16/710d860b-bce6-40c7-8838-a6272dbf6be6/WTA-Tournament_Wimbledon.png?height=128,https://www.wtatennis.com/tournaments/904/wimbledon/2023,WIMBLEDON • GREAT BRITAIN,Grand Slam,Grass,https://www.wtatennis.com/resources/v7.31.10/i/elements/gs-tag.svg,Ons Jabeur,2.0,TUN,https://www.wtatennis.com/resources/v7.31.10/i/elements/flags/tun.svg,Semifinals Semi,L,"7 - 65,4 - 6,3 - 6,",2,https://www.wtatennis.com/players/316847/ons-jabeur,3 - 16 Jul 2023,780.0,759436.0,128M/128Q/64D,2023-07-03 00:00:00,2023-07-16 00:00:00,2023.0,7.0,200714557.0
222,"The Championships, Wimbledon",https://photoresources.wtatennis.com/photo-resources/2025/04/16/710d860b-bce6-40c7-8838-a6272dbf6be6/WTA-Tournament_Wimbledon.png?height=128,https://www.wtatennis.com/tournaments/904/wimbledon/2023,WIMBLEDON • GREAT BRITAIN,Grand Slam,Grass,https://www.wtatennis.com/resources/v7.31.10/i/elements/gs-tag.svg,Madison Keys,2.0,USA,https://www.wtatennis.com/resources/v7.31.10/i/elements/flags/usa.svg,Quarterfinals Quarter,W,"6 - 2,6 - 4,",2,https://www.wtatennis.com/players/316959/madison-keys,3 - 16 Jul 2023,780.0,759436.0,128M/128Q/64D,2023-07-03 00:00:00,2023-07-16 00:00:00,2023.0,7.0,201473993.0
223,"The Championships, Wimbledon",https://photoresources.wtatennis.com/photo-resources/2025/04/16/710d860b-bce6-40c7-8838-a6272dbf6be6/WTA-Tournament_Wimbledon.png?height=128,https://www.wtatennis.com/tournaments/904/wimbledon/2023,WIMBLEDON • GREAT BRITAIN,Grand Slam,Grass,https://www.wtatennis.com/resources/v7.31.10/i/elements/gs-tag.svg,Ekaterina Alexandrova,2.0,RUS,https://www.wtatennis.com/resources/v7.31.10/i/elements/flags/rus.svg,Round of 16 R16,W,"6 - 4,6 - 0,",2,https://www.wtatennis.com/players/319007/ekaterina-alexandrova,3 - 16 Jul 2023,780.0,759436.0,128M/128Q/64D,2023-07-03 00:00:00,2023-07-16 00:00:00,2023.0,7.0,202233429.0
224,"The Championships, Wimbledon",https://photoresources.wtatennis.com/photo-resources/2025/04/16/710d860b-bce6-40c7-8838-a6272dbf6be6/WTA-Tournament_Wimbledon.png?height=128,https://www.wtatennis.com/tournaments/904/wimbledon/2023,WIMBLEDON • GREAT BRITAIN,Grand Slam,Grass,https://www.wtatennis.com/resources/v7.31.10/i/elements/gs-tag.svg,Anna Blinkova,2.0,RUS,https://www.wtatennis.com/resources/v7.31.10/i/elements/flags/rus.svg,Round of 32 R32,W,"6 - 2,6 - 3,",2,https://www.wtatennis.com/players/324267/anna-blinkova,3 - 16 Jul 2023,780.0,759436.0,128M/128Q/64D,2023-07-03 00:00:00,2023-07-16 00:00:00,2023.0,7.0,202992865.0
225,"The Championships, Wimbledon",https://photoresources.wtatennis.com/photo-resources/2025/04/16/710d860b-bce6-40c7-8838-a6272dbf6be6/WTA-Tournament_Wimbledon.png?height=128,https://www.wtatennis.com/tournaments/904/wimbledon/2023,WIMBLEDON • GREAT BRITAIN,Grand Slam,Grass,https://www.wtatennis.com/resources/v7.31.10/i/elements/gs-tag.svg,Varvara Gracheva,2.0,FRA,https://www.wtatennis.com/resources/v7.31.10/i/elements/flags/fra.svg,Round of 64 R64,W,"2 - 6,7 - 5,6 - 2,",2,https://www.wtatennis.com/players/325836/varvara-gracheva,3 - 16 Jul 2023,780.0,759436.0,128M/128Q/64D,2023-07-03 00:00:00,2023-07-16 00:00:00,2023.0,7.0,203752301.0
226,"The Championships, Wimbledon",https://photoresources.wtatennis.com/photo-resources/2025/04/16/710d860b-bce6-40c7-8838-a6272dbf6be6/WTA-Tournament_Wimbledon.png?height=128,https://www.wtatennis.com/tournaments/904/wimbledon/2023,WIMBLEDON • GREAT BRITAIN,Grand Slam,Grass,https://www.wtatennis.com/resources/v7.31.10/i/elements/gs-tag.svg,Panna Udvardy,2.0,HUN,https://www.wtatennis.com/resources/v7.31.10/i/elements/flags/hun.svg,Round of 128 R128,W,"6 - 3,6 - 1,",2,https://www.wtatennis.com/players/325956/panna-udvardy,3 - 16 Jul 2023,780.0,759436.0,128M/128Q/64D,2023-07-03 00:00:00,2023-07-16 00:00:00,2023.0,7.0,204511737.0
227,"bett1open, presented by ecotrans Group",https://photoresources.wtatennis.com/photo-resources/2025/05/23/7fdec664-b1a6-44fc-8772-ecfb34d7aca2/WTA-Tournament_Berlin-2024.png?height=128,https://www.wtatennis.com/tournaments/2012/berlin/2023,BERLIN • GERMANY,WTA 500,Grass,https://www.wtatennis.com/resources/v7.31.10/i/elements/500k-tag.svg,Veronika Kudermetova,1.0,RUS,https://www.wtatennis.com/resources/v7.31.10/i/elements/flags/rus.svg,Round of 16 R16,L,"2 - 6,62 - 7,",2,https://www.wtatennis.com/players/319526/veronika-kudermetova,19 - 25 Jun 2023,55.0,10086.0,32M/24Q/16D,,2023-06-25 00:00:00,,,204521823.0
228,"bett1open, presented by ecotrans Group",https://photoresources.wtatennis.com/photo-resources/2025/05/23/7fdec664-b1a6-44fc-8772-ecfb34d7aca2/WTA-Tournament_Berlin-2024.png?height=128,https://www.wtatennis.com/tournaments/2012/berlin/2023,BERLIN • GERMANY,WTA 500,Grass,https://www.wtatennis.com/resources/v7.31.10/i/elements/500k-tag.svg,Vera Zvonareva,1.0,RUS,https://www.wtatennis.com/resources/v7.31.10/i/elements/flags/rus.svg,Round of 32 R32,W,"6 - 3,6 - 2,",2,https://www.wtatennis.com/players/260142/vera-zvonareva,19 - 25 Jun 2023,55.0,10086.0,32M/24Q/16D,,2023-06-25 00:00:00,,,204531909.0
229,Roland Garros,https://photoresources.wtatennis.com/photo-resources/2025/04/16/ddbbc328-7967-416c-a6b5-043c8c3f933e/WTA-Tournament_Roland-Garros.png?height=128,https://www.wtatennis.com/tournaments/903/roland-garros/2023,PARIS • FRANCE,Grand Slam,Clay,https://www.wtatennis.com/resources/v7.31.10/i/elements/gs-tag.svg,Karolina Muchova,2.0,CZE,https://www.wtatennis.com/resources/v7.31.10/i/elements/flags/cze.svg,Semifinals Semi,L,"65 - 7,7 - 65,5 - 7,",2,https://www.wtatennis.com/players/322191/karolina-muchova,28 May - 11 Jun 2023,780.0,630000.0,128M/128Q/64D,2023-05-28 00:00:00,2023-06-11 00:00:00,2023.0,5.0,205161909.0
230,Roland Garros,https://photoresources.wtatennis.com/photo-resources/2025/04/16/ddbbc328-7967-416c-a6b5-043c8c3f933e/WTA-Tournament_Roland-Garros.png?height=128,https://www.wtatennis.com/tournaments/903/roland-garros/2023,PARIS • FRANCE,Grand Slam,Clay,https://www.wtatennis.com/resources/v7.31.10/i/elements/gs-tag.svg,Elina Svitolina,2.0,UKR,https://www.wtatennis.com/resources/v7.31.10/i/elements/flags/ukr.svg,Quarterfinals Quarter,W,"6 - 4,6 - 4,",2,https://www.wtatennis.com/players/316738/elina-svitolina,28 May - 11 Jun 2023,780.0,630000.0,128M/128Q/64D,2023-05-28 00:00:00,2023-06-11 00:00:00,2023.0,5.0,205791909.0
231,Roland Garros,https://photoresources.wtatennis.com/photo-resources/2025/04/16/ddbbc328-7967-416c-a6b5-043c8c3f933e/WTA-Tournament_Roland-Garros.png?height=128,https://www.wtatennis.com/tournaments/903/roland-garros/2023,PARIS • FRANCE,Grand Slam,Clay,https://www.wtatennis.com/resources/v7.31.10/i/elements/gs-tag.svg,Sloane Stephens,2.0,USA,https://www.wtatennis.com/resources/v7.31.10/i/elements/flags/usa.svg,Round of 16 R16,W,"7 - 65,6 - 4,",2,https://www.wtatennis.com/players/315683/sloane-stephens,28 May - 11 Jun 2023,780.0,630000.0,128M/128Q/64D,2023-05-28 00:00:00,2023-06-11 00:00:00,2023.0,5.0,206421909.0
232,Roland Garros,https://photoresources.wtatennis.com/photo-resources/2025/04/16/ddbbc328-7967-416c-a6b5-043c8c3f933e/WTA-Tournament_Roland-Garros.png?height=128,https://www.wtatennis.com/tournaments/903/roland-garros/2023,PARIS • FRANCE,Grand Slam,Clay,https://www.wtatennis.com/resources/v7.31.10/i/elements/gs-tag.svg,Kamilla Rakhimova,2.0,UZB,https://www.wtatennis.com/resources/v7.31.10/i/elements/flags/uzb.svg,Round of 32 R32,W,"6 - 2,6 - 2,",2,https://www.wtatennis.com/players/325936/kamilla-rakhimova,28 May - 11 Jun 2023,780.0,630000.0,128M/128Q/64D,2023-05-28 00:00:00,2023-06-11 00:00:00,2023.0,5.0,207051909.0
233,Roland Garros,https://photoresources.wtatennis.com/photo-resources/2025/04/16/ddbbc328-7967-416c-a6b5-043c8c3f933e/WTA-Tournament_Roland-Garros.png?height=128,https://www.wtatennis.com/tournaments/903/roland-garros/2023,PARIS • FRANCE,Grand Slam,Clay,https://www.wtatennis.com/resources/v7.31.10/i/elements/gs-tag.svg,Iryna Shymanovich,2.0,BLR,https://www.wtatennis.com/resources/v7.31.10/i/elements/flags/blr.svg,Round of 64 R64,W,"7 - 5,6 - 2,",2,https://www.wtatennis.com/players/320759/iryna-shymanovich,28 May - 11 Jun 2023,780.0,630000.0,128M/128Q/64D,2023-05-28 00:00:00,2023-06-11 00:00:00,2023.0,5.0,207681909.0
234,Roland Garros,https://photoresources.wtatennis.com/photo-resources/2025/04/16/ddbbc328-7967-416c-a6b5-043c8c3f933e/WTA-Tournament_Roland-Garros.png?height=128,https://www.wtatennis.com/tournaments/903/roland-garros/2023,PARIS • FRANCE,Grand Slam,Clay,https://www.wtatennis.com/resources/v7.31.10/i/elements/gs-tag.svg,Marta Kostyuk,2.0,UKR,https://www.wtatennis.com/resources/v7.31.10/i/elements/flags/ukr.svg,Round of 128 R128,W,"6 - 3,6 - 2,",2,https://www.wtatennis.com/players/326482/marta-kostyuk,28 May - 11 Jun 2023,780.0,630000.0,128M/128Q/64D,2023-05-28 00:00:00,2023-06-11 00:00:00,2023.0,5.0,208311909.0
235,Internazionali BNL d'Italia,https://photoresources.wtatennis.com/photo-resources/2025/04/16/51f9b6ec-ebde-417f-b706-31b0bb4cc688/WTA-Tournament_Rome-2018.png?height=128,https://www.wtatennis.com/tournaments/709/rome/2023,ROME • ITALY,WTA 1000,Clay,https://www.wtatennis.com/resources/v7.31.10/i/elements/1000k-tag.svg,Sofia Kenin,2.0,USA,https://www.wtatennis.com/resources/v7.31.10/i/elements/flags/usa.svg,Round of 64 R64,L,"64 - 7,2 - 6,",2,https://www.wtatennis.com/players/320942/sofia-kenin,9 - 20 May 2023,10.0,12652.0,96M/48Q/32D,2023-05-09 00:00:00,2023-05-20 00:00:00,2023.0,5.0,208324561.0
236,Internazionali BNL d'Italia,https://photoresources.wtatennis.com/photo-resources/2025/04/16/51f9b6ec-ebde-417f-b706-31b0bb4cc688/WTA-Tournament_Rome-2018.png?height=128,https://www.wtatennis.com/tournaments/709/rome/2023,ROME • ITALY,WTA 1000,Clay,https://www.wtatennis.com/resources/v7.31.10/i/elements/1000k-tag.svg,,2.0,,,Round of 128 R128,,Bye,2,,9 - 20 May 2023,10.0,12652.0,96M/48Q/32D,2023-05-09 00:00:00,2023-05-20 00:00:00,2023.0,5.0,208337213.0
237,Mutua Madrid Open,https://photoresources.wtatennis.com/photo-resources/2025/04/16/993fad80-1e55-4a92-aae0-258338df5d6d/WTA-Tournament_Madrid-2023.png?height=128,https://www.wtatennis.com/tournaments/1038/madrid/2023,MADRID • SPAIN,WTA 1000,Clay,https://www.wtatennis.com/resources/v7.31.10/i/elements/1000k-tag.svg,Iga Swiatek,2.0,POL,https://www.wtatennis.com/resources/v7.31.10/i/elements/flags/pol.svg,Final F,W,"6 - 3,3 - 6,6 - 3,",2,https://www.wtatennis.com/players/326408/iga-swiatek,25 Apr - 7 May 2023,1000.0,1105265.0,96M/48Q/32D,2023-04-25 00:00:00,2023-05-07 00:00:00,2023.0,4.0,209442478.0
238,Mutua Madrid Open,https://photoresources.wtatennis.com/photo-resources/2025/04/16/993fad80-1e55-4a92-aae0-258338df5d6d/WTA-Tournament_Madrid-2023.png?height=128,https://www.wtatennis.com/tournaments/1038/madrid/2023,MADRID • SPAIN,WTA 1000,Clay,https://www.wtatennis.com/resources/v7.31.10/i/elements/1000k-tag.svg,Maria Sakkari,2.0,GRE,https://www.wtatennis.com/resources/v7.31.10/i/elements/flags/gre.svg,Semifinals Semi,W,"6 - 4,6 - 1,",2,https://www.wtatennis.com/players/318312/maria-sakkari,25 Apr - 7 May 2023,1000.0,1105265.0,96M/48Q/32D,2023-04-25 00:00:00,2023-05-07 00:00:00,2023.0,4.0,210547743.0
239,Mutua Madrid Open,https://photoresources.wtatennis.com/photo-resources/2025/04/16/993fad80-1e55-4a92-aae0-258338df5d6d/WTA-Tournament_Madrid-2023.png?height=128,https://www.wtatennis.com/tournaments/1038/madrid/2023,MADRID • SPAIN,WTA 1000,Clay,https://www.wtatennis.com/resources/v7.31.10/i/elements/1000k-tag.svg,Mayar Sherif,2.0,EGY,https://www.wtatennis.com/resources/v7.31.10/i/elements/flags/egy.svg,Quarterfinals Quarter,W,"2 - 6,6 - 2,6 - 1,",2,https://www.wtatennis.com/players/318711/mayar-sherif,25 Apr - 7 May 2023,1000.0,1105265.0,96M/48Q/32D,2023-04-25 00:00:00,2023-05-07 00:00:00,2023.0,4.0,211653008.0
240,Mutua Madrid Open,https://photoresources.wtatennis.com/photo-resources/2025/04/16/993fad80-1e55-4a92-aae0-258338df5d6d/WTA-Tournament_Madrid-2023.png?height=128,https://www.wtatennis.com/tournaments/1038/madrid/2023,MADRID • SPAIN,WTA 1000,Clay,https://www.wtatennis.com/resources/v7.31.10/i/elements/1000k-tag.svg,Mirra Andreeva,2.0,RUS,https://www.wtatennis.com/resources/v7.31.10/i/elements/flags/rus.svg,Round of 16 R16,W,"6 - 3,6 - 1,",2,https://www.wtatennis.com/players/331809/mirra-andreeva,25 Apr - 7 May 2023,1000.0,1105265.0,96M/48Q/32D,2023-04-25 00:00:00,2023-05-07 00:00:00,2023.0,4.0,212758273.0
241,Mutua Madrid Open,https://photoresources.wtatennis.com/photo-resources/2025/04/16/993fad80-1e55-4a92-aae0-258338df5d6d/WTA-Tournament_Madrid-2023.png?height=128,https://www.wtatennis.com/tournaments/1038/madrid/2023,MADRID • SPAIN,WTA 1000,Clay,https://www.wtatennis.com/resources/v7.31.10/i/elements/1000k-tag.svg,Camila Osorio,2.0,COL,https://www.wtatennis.com/resources/v7.31.10/i/elements/flags/col.svg,Round of 32 R32,W,"6 - 4,7 - 5,",2,https://www.wtatennis.com/players/325898/camila-osorio,25 Apr - 7 May 2023,1000.0,1105265.0,96M/48Q/32D,2023-04-25 00:00:00,2023-05-07 00:00:00,2023.0,4.0,213863538.0
242,Mutua Madrid Open,https://photoresources.wtatennis.com/photo-resources/2025/04/16/993fad80-1e55-4a92-aae0-258338df5d6d/WTA-Tournament_Madrid-2023.png?height=128,https://www.wtatennis.com/tournaments/1038/madrid/2023,MADRID • SPAIN,WTA 1000,Clay,https://www.wtatennis.com/resources/v7.31.10/i/elements/1000k-tag.svg,Sorana Cirstea,2.0,ROU,https://www.wtatennis.com/resources/v7.31.10/i/elements/flags/rou.svg,Round of 64 R64,W,"6 - 4,6 - 3,",2,https://www.wtatennis.com/players/312469/sorana-cirstea,25 Apr - 7 May 2023,1000.0,1105265.0,96M/48Q/32D,2023-04-25 00:00:00,2023-05-07 00:00:00,2023.0,4.0,214968803.0
243,Mutua Madrid Open,https://photoresources.wtatennis.com/photo-resources/2025/04/16/993fad80-1e55-4a92-aae0-258338df5d6d/WTA-Tournament_Madrid-2023.png?height=128,https://www.wtatennis.com/tournaments/1038/madrid/2023,MADRID • SPAIN,WTA 1000,Clay,https://www.wtatennis.com/resources/v7.31.10/i/elements/1000k-tag.svg,,2.0,,,Round of 128 R128,,Bye,2,,25 Apr - 7 May 2023,1000.0,1105265.0,96M/48Q/32D,2023-04-25 00:00:00,2023-05-07 00:00:00,2023.0,4.0,216074068.0
244,Porsche Tennis Grand Prix,https://photoresources.wtatennis.com/photo-resources/2025/04/16/73f25721-54c3-4754-84f2-c67e607edd39/WTA-Tournament_Stuttgart-2017.png?height=128,https://www.wtatennis.com/tournaments/1051/stuttgart/2023,STUTTGART • GERMANY,WTA 500,Clay,https://www.wtatennis.com/resources/v7.31.10/i/elements/500k-tag.svg,Iga Swiatek,2.0,POL,https://www.wtatennis.com/resources/v7.31.10/i/elements/flags/pol.svg,Final F,L,"3 - 6,4 - 6,",2,https://www.wtatennis.com/players/326408/iga-swiatek,17 - 23 Apr 2023,305.0,64500.0,32M/16Q/16D,,2023-04-23 00:00:00,,,216138568.0
245,Porsche Tennis Grand Prix,https://photoresources.wtatennis.com/photo-resources/2025/04/16/73f25721-54c3-4754-84f2-c67e607edd39/WTA-Tournament_Stuttgart-2017.png?height=128,https://www.wtatennis.com/tournaments/1051/stuttgart/2023,STUTTGART • GERMANY,WTA 500,Clay,https://www.wtatennis.com/resources/v7.31.10/i/elements/500k-tag.svg,Anastasia Potapova,2.0,AUT,https://www.wtatennis.com/resources/v7.31.10/i/elements/flags/aut.svg,Semifinals Semi,W,"6 - 1,6 - 2,",2,https://www.wtatennis.com/players/325601/anastasia-potapova,17 - 23 Apr 2023,305.0,64500.0,32M/16Q/16D,,2023-04-23 00:00:00,,,216203068.0
246,Porsche Tennis Grand Prix,https://photoresources.wtatennis.com/photo-resources/2025/04/16/73f25721-54c3-4754-84f2-c67e607edd39/WTA-Tournament_Stuttgart-2017.png?height=128,https://www.wtatennis.com/tournaments/1051/stuttgart/2023,STUTTGART • GERMANY,WTA 500,Clay,https://www.wtatennis.com/resources/v7.31.10/i/elements/500k-tag.svg,Paula Badosa,2.0,ESP,https://www.wtatennis.com/resources/v7.31.10/i/elements/flags/esp.svg,Quarterfinals Quarter,W,"4 - 6,6 - 4,6 - 4,",2,https://www.wtatennis.com/players/320124/paula-badosa,17 - 23 Apr 2023,305.0,64500.0,32M/16Q/16D,,2023-04-23 00:00:00,,,216267568.0
247,Porsche Tennis Grand Prix,https://photoresources.wtatennis.com/photo-resources/2025/04/16/73f25721-54c3-4754-84f2-c67e607edd39/WTA-Tournament_Stuttgart-2017.png?height=128,https://www.wtatennis.com/tournaments/1051/stuttgart/2023,STUTTGART • GERMANY,WTA 500,Clay,https://www.wtatennis.com/resources/v7.31.10/i/elements/500k-tag.svg,Barbora Krejcikova,2.0,CZE,https://www.wtatennis.com/resources/v7.31.10/i/elements/flags/cze.svg,Round of 16 R16,W,"6 - 2,6 - 3,",2,https://www.wtatennis.com/players/318314/barbora-krejcikova,17 - 23 Apr 2023,305.0,64500.0,32M/16Q/16D,,2023-04-23 00:00:00,,,216332068.0
248,Porsche Tennis Grand Prix,https://photoresources.wtatennis.com/photo-resources/2025/04/16/73f25721-54c3-4754-84f2-c67e607edd39/WTA-Tournament_Stuttgart-2017.png?height=128,https://www.wtatennis.com/tournaments/1051/stuttgart/2023,STUTTGART • GERMANY,WTA 500,Clay,https://www.wtatennis.com/resources/v7.31.10/i/elements/500k-tag.svg,,2.0,,,Round of 32 R32,,Bye,2,,17 - 23 Apr 2023,305.0,64500.0,32M/16Q/16D,,2023-04-23 00:00:00,,,216396568.0
249,Miami Open presented by Itaú,https://photoresources.wtatennis.com/photo-resources/2025/04/16/ad3c213f-6323-4422-bb86-ff92e8cb213c/WTA-Tournament_Miami-2024.png?height=128,https://www.wtatennis.com/tournaments/902/miami/2023,"MIAMI • FL, UNITED STATES",WTA 1000,Hard,https://www.wtatennis.com/resources/v7.31.10/i/elements/1000k-tag.svg,Sorana Cirstea,2.0,ROU,https://www.wtatennis.com/resources/v7.31.10/i/elements/flags/rou.svg,Quarterfinals Quarter,L,"4 - 6,4 - 6,",2,https://www.wtatennis.com/players/312469/sorana-cirstea,21 Mar - 2 Apr 2023,215.0,184465.0,96M/48Q/32D,2023-03-21 00:00:00,2023-04-02 00:00:00,2023.0,3.0,216581033.0
250,Miami Open presented by Itaú,https://photoresources.wtatennis.com/photo-resources/2025/04/16/ad3c213f-6323-4422-bb86-ff92e8cb213c/WTA-Tournament_Miami-2024.png?height=128,https://www.wtatennis.com/tournaments/902/miami/2023,"MIAMI • FL, UNITED STATES",WTA 1000,Hard,https://www.wtatennis.com/resources/v7.31.10/i/elements/1000k-tag.svg,Barbora Krejcikova,2.0,CZE,https://www.wtatennis.com/resources/v7.31.10/i/elements/flags/cze.svg,Round of 16 R16,W,"6 - 3,6 - 2,",2,https://www.wtatennis.com/players/318314/barbora-krejcikova,21 Mar - 2 Apr 2023,215.0,184465.0,96M/48Q/32D,2023-03-21 00:00:00,2023-04-02 00:00:00,2023.0,3.0,216765498.0
251,Miami Open presented by Itaú,https://photoresources.wtatennis.com/photo-resources/2025/04/16/ad3c213f-6323-4422-bb86-ff92e8cb213c/WTA-Tournament_Miami-2024.png?height=128,https://www.wtatennis.com/tournaments/902/miami/2023,"MIAMI • FL, UNITED STATES",WTA 1000,Hard,https://www.wtatennis.com/resources/v7.31.10/i/elements/1000k-tag.svg,Marie Bouzkova,2.0,CZE,https://www.wtatennis.com/resources/v7.31.10/i/elements/flags/cze.svg,Round of 32 R32,W,"6 - 1,6 - 2,",2,https://www.wtatennis.com/players/320983/marie-bouzkova,21 Mar - 2 Apr 2023,215.0,184465.0,96M/48Q/32D,2023-03-21 00:00:00,2023-04-02 00:00:00,2023.0,3.0,216949963.0
252,Miami Open presented by Itaú,https://photoresources.wtatennis.com/photo-resources/2025/04/16/ad3c213f-6323-4422-bb86-ff92e8cb213c/WTA-Tournament_Miami-2024.png?height=128,https://www.wtatennis.com/tournaments/902/miami/2023,"MIAMI • FL, UNITED STATES",WTA 1000,Hard,https://www.wtatennis.com/resources/v7.31.10/i/elements/1000k-tag.svg,Shelby Rogers,2.0,USA,https://www.wtatennis.com/resources/v7.31.10/i/elements/flags/usa.svg,Round of 64 R64,W,"6 - 4,6 - 3,",2,https://www.wtatennis.com/players/317421/shelby-rogers,21 Mar - 2 Apr 2023,215.0,184465.0,96M/48Q/32D,2023-03-21 00:00:00,2023-04-02 00:00:00,2023.0,3.0,217134428.0
253,Miami Open presented by Itaú,https://photoresources.wtatennis.com/photo-resources/2025/04/16/ad3c213f-6323-4422-bb86-ff92e8cb213c/WTA-Tournament_Miami-2024.png?height=128,https://www.wtatennis.com/tournaments/902/miami/2023,"MIAMI • FL, UNITED STATES",WTA 1000,Hard,https://www.wtatennis.com/resources/v7.31.10/i/elements/1000k-tag.svg,,2.0,,,Round of 128 R128,,Bye,2,,21 Mar - 2 Apr 2023,215.0,184465.0,96M/48Q/32D,2023-03-21 00:00:00,2023-04-02 00:00:00,2023.0,3.0,217318893.0
254,BNP Paribas Open,https://photoresources.wtatennis.com/photo-resources/2025/04/16/e155ccb6-5daf-4a93-8fa1-a30ce14c2704/WTA-Tournament_Indian-Wells-2017.png?height=128,https://www.wtatennis.com/tournaments/609/indian-wells/2023,"INDIAN WELLS • CA, UNITED STATES",WTA 1000,Hard,https://www.wtatennis.com/resources/v7.31.10/i/elements/1000k-tag.svg,Elena Rybakina,2.0,KAZ,https://www.wtatennis.com/resources/v7.31.10/i/elements/flags/kaz.svg,Final F,L,"611 - 7,4 - 6,",2,https://www.wtatennis.com/players/324166/elena-rybakina,8 - 19 Mar 2023,650.0,662360.0,96M/48Q/32D,2023-03-08 00:00:00,2023-03-19 00:00:00,2023.0,3.0,217981253.0
255,BNP Paribas Open,https://photoresources.wtatennis.com/photo-resources/2025/04/16/e155ccb6-5daf-4a93-8fa1-a30ce14c2704/WTA-Tournament_Indian-Wells-2017.png?height=128,https://www.wtatennis.com/tournaments/609/indian-wells/2023,"INDIAN WELLS • CA, UNITED STATES",WTA 1000,Hard,https://www.wtatennis.com/resources/v7.31.10/i/elements/1000k-tag.svg,Maria Sakkari,2.0,GRE,https://www.wtatennis.com/resources/v7.31.10/i/elements/flags/gre.svg,Semifinals Semi,W,"6 - 2,6 - 3,",2,https://www.wtatennis.com/players/318312/maria-sakkari,8 - 19 Mar 2023,650.0,662360.0,96M/48Q/32D,2023-03-08 00:00:00,2023-03-19 00:00:00,2023.0,3.0,218643613.0
256,BNP Paribas Open,https://photoresources.wtatennis.com/photo-resources/2025/04/16/e155ccb6-5daf-4a93-8fa1-a30ce14c2704/WTA-Tournament_Indian-Wells-2017.png?height=128,https://www.wtatennis.com/tournaments/609/indian-wells/2023,"INDIAN WELLS • CA, UNITED STATES",WTA 1000,Hard,https://www.wtatennis.com/resources/v7.31.10/i/elements/1000k-tag.svg,Coco Gauff,2.0,USA,https://www.wtatennis.com/resources/v7.31.10/i/elements/flags/usa.svg,Quarterfinals Quarter,W,"6 - 4,6 - 0,",2,https://www.wtatennis.com/players/328560/coco-gauff,8 - 19 Mar 2023,650.0,662360.0,96M/48Q/32D,2023-03-08 00:00:00,2023-03-19 00:00:00,2023.0,3.0,219305973.0
257,BNP Paribas Open,https://photoresources.wtatennis.com/photo-resources/2025/04/16/e155ccb6-5daf-4a93-8fa1-a30ce14c2704/WTA-Tournament_Indian-Wells-2017.png?height=128,https://www.wtatennis.com/tournaments/609/indian-wells/2023,"INDIAN WELLS • CA, UNITED STATES",WTA 1000,Hard,https://www.wtatennis.com/resources/v7.31.10/i/elements/1000k-tag.svg,Barbora Krejcikova,2.0,CZE,https://www.wtatennis.com/resources/v7.31.10/i/elements/flags/cze.svg,Round of 16 R16,W,"6 - 3,2 - 6,6 - 4,",2,https://www.wtatennis.com/players/318314/barbora-krejcikova,8 - 19 Mar 2023,650.0,662360.0,96M/48Q/32D,2023-03-08 00:00:00,2023-03-19 00:00:00,2023.0,3.0,219968333.0
258,BNP Paribas Open,https://photoresources.wtatennis.com/photo-resources/2025/04/16/e155ccb6-5daf-4a93-8fa1-a30ce14c2704/WTA-Tournament_Indian-Wells-2017.png?height=128,https://www.wtatennis.com/tournaments/609/indian-wells/2023,"INDIAN WELLS • CA, UNITED STATES",WTA 1000,Hard,https://www.wtatennis.com/resources/v7.31.10/i/elements/1000k-tag.svg,Lesia Tsurenko,2.0,UKR,https://www.wtatennis.com/resources/v7.31.10/i/elements/flags/ukr.svg,Round of 32 R32,W,Walkover,2,https://www.wtatennis.com/players/315295/lesia-tsurenko,8 - 19 Mar 2023,650.0,662360.0,96M/48Q/32D,2023-03-08 00:00:00,2023-03-19 00:00:00,2023.0,3.0,220630693.0
259,BNP Paribas Open,https://photoresources.wtatennis.com/photo-resources/2025/04/16/e155ccb6-5daf-4a93-8fa1-a30ce14c2704/WTA-Tournament_Indian-Wells-2017.png?height=128,https://www.wtatennis.com/tournaments/609/indian-wells/2023,"INDIAN WELLS • CA, UNITED STATES",WTA 1000,Hard,https://www.wtatennis.com/resources/v7.31.10/i/elements/1000k-tag.svg,Evgeniya Rodina,2.0,RUS,https://www.wtatennis.com/resources/v7.31.10/i/elements/flags/rus.svg,Round of 64 R64,W,"6 - 2,6 - 0,",2,https://www.wtatennis.com/players/312584/evgeniya-rodina,8 - 19 Mar 2023,650.0,662360.0,96M/48Q/32D,2023-03-08 00:00:00,2023-03-19 00:00:00,2023.0,3.0,221293053.0
260,BNP Paribas Open,https://photoresources.wtatennis.com/photo-resources/2025/04/16/e155ccb6-5daf-4a93-8fa1-a30ce14c2704/WTA-Tournament_Indian-Wells-2017.png?height=128,https://www.wtatennis.com/tournaments/609/indian-wells/2023,"INDIAN WELLS • CA, UNITED STATES",WTA 1000,Hard,https://www.wtatennis.com/resources/v7.31.10/i/elements/1000k-tag.svg,,2.0,,,Round of 128 R128,,Bye,2,,8 - 19 Mar 2023,650.0,662360.0,96M/48Q/32D,2023-03-08 00:00:00,2023-03-19 00:00:00,2023.0,3.0,221955413.0
261,Dubai Duty Free Tennis Championships,https://photoresources.wtatennis.com/photo-resources/2025/04/16/aa274c10-fd33-4715-ac0e-d74441b27a54/WTA-Tournament_Dubai-2017.png?height=128,https://www.wtatennis.com/tournaments/718/dubai/2023,DUBAI • UNITED ARAB EMIRATES,WTA 1000,Hard,https://www.wtatennis.com/resources/v7.31.10/i/elements/1000k-tag.svg,Barbora Krejcikova,2.0,CZE,https://www.wtatennis.com/resources/v7.31.10/i/elements/flags/cze.svg,Quarterfinals Quarter,L,"6 - 0,62 - 7,1 - 6,",2,https://www.wtatennis.com/players/318314/barbora-krejcikova,19 - 25 Feb 2023,190.0,63350.0,64M/32Q/32D,,2023-02-25 00:00:00,,,222018763.0
262,Dubai Duty Free Tennis Championships,https://photoresources.wtatennis.com/photo-resources/2025/04/16/aa274c10-fd33-4715-ac0e-d74441b27a54/WTA-Tournament_Dubai-2017.png?height=128,https://www.wtatennis.com/tournaments/718/dubai/2023,DUBAI • UNITED ARAB EMIRATES,WTA 1000,Hard,https://www.wtatennis.com/resources/v7.31.10/i/elements/1000k-tag.svg,Jelena Ostapenko,2.0,LAT,https://www.wtatennis.com/resources/v7.31.10/i/elements/flags/lat.svg,Round of 16 R16,W,"2 - 6,6 - 1,6 - 1,",2,https://www.wtatennis.com/players/319939/jelena-ostapenko,19 - 25 Feb 2023,190.0,63350.0,64M/32Q/32D,,2023-02-25 00:00:00,,,222082113.0
263,Dubai Duty Free Tennis Championships,https://photoresources.wtatennis.com/photo-resources/2025/04/16/aa274c10-fd33-4715-ac0e-d74441b27a54/WTA-Tournament_Dubai-2017.png?height=128,https://www.wtatennis.com/tournaments/718/dubai/2023,DUBAI • UNITED ARAB EMIRATES,WTA 1000,Hard,https://www.wtatennis.com/resources/v7.31.10/i/elements/1000k-tag.svg,Lauren Davis,2.0,USA,https://www.wtatennis.com/resources/v7.31.10/i/elements/flags/usa.svg,Round of 32 R32,W,"6 - 0,6 - 1,",2,https://www.wtatennis.com/players/317414/lauren-davis,19 - 25 Feb 2023,190.0,63350.0,64M/32Q/32D,,2023-02-25 00:00:00,,,222145463.0
264,Dubai Duty Free Tennis Championships,https://photoresources.wtatennis.com/photo-resources/2025/04/16/aa274c10-fd33-4715-ac0e-d74441b27a54/WTA-Tournament_Dubai-2017.png?height=128,https://www.wtatennis.com/tournaments/718/dubai/2023,DUBAI • UNITED ARAB EMIRATES,WTA 1000,Hard,https://www.wtatennis.com/resources/v7.31.10/i/elements/1000k-tag.svg,,2.0,,,Round of 64 R64,,Bye,2,,19 - 25 Feb 2023,190.0,63350.0,64M/32Q/32D,,2023-02-25 00:00:00,,,222208813.0
265,Australian Open,https://photoresources.wtatennis.com/photo-resources/2025/04/16/20886615-8c76-4d00-b747-7946c3692df2/WTA-Tournament_Australian-Open.png?height=128,https://www.wtatennis.com/tournaments/901/australian-open/2023,MELBOURNE • AUSTRALIA,Grand Slam,Hard,https://www.wtatennis.com/resources/v7.31.10/i/elements/gs-tag.svg,Elena Rybakina,5.0,KAZ,https://www.wtatennis.com/resources/v7.31.10/i/elements/flags/kaz.svg,Final F,W,"4 - 6,6 - 3,6 - 4,",5,https://www.wtatennis.com/players/324166/elena-rybakina,16 - 29 Jan 2023,2000.0,2080771.0,128M/128Q/64D,,2023-01-29 00:00:00,,,224289584.0
266,Australian Open,https://photoresources.wtatennis.com/photo-resources/2025/04/16/20886615-8c76-4d00-b747-7946c3692df2/WTA-Tournament_Australian-Open.png?height=128,https://www.wtatennis.com/tournaments/901/australian-open/2023,MELBOURNE • AUSTRALIA,Grand Slam,Hard,https://www.wtatennis.com/resources/v7.31.10/i/elements/gs-tag.svg,Magda Linette,5.0,POL,https://www.wtatennis.com/resources/v7.31.10/i/elements/flags/pol.svg,Semifinals Semi,W,"7 - 61,6 - 2,",5,https://www.wtatennis.com/players/315130/magda-linette,16 - 29 Jan 2023,2000.0,2080771.0,128M/128Q/64D,,2023-01-29 00:00:00,,,226370355.0
267,Australian Open,https://photoresources.wtatennis.com/photo-resources/2025/04/16/20886615-8c76-4d00-b747-7946c3692df2/WTA-Tournament_Australian-Open.png?height=128,https://www.wtatennis.com/tournaments/901/australian-open/2023,MELBOURNE • AUSTRALIA,Grand Slam,Hard,https://www.wtatennis.com/resources/v7.31.10/i/elements/gs-tag.svg,Donna Vekic,5.0,CRO,https://www.wtatennis.com/resources/v7.31.10/i/elements/flags/cro.svg,Quarterfinals Quarter,W,"6 - 3,6 - 2,",5,https://www.wtatennis.com/players/318516/donna-vekic,16 - 29 Jan 2023,2000.0,2080771.0,128M/128Q/64D,,2023-01-29 00:00:00,,,228451126.0
268,Australian Open,https://photoresources.wtatennis.com/photo-resources/2025/04/16/20886615-8c76-4d00-b747-7946c3692df2/WTA-Tournament_Australian-Open.png?height=128,https://www.wtatennis.com/tournaments/901/australian-open/2023,MELBOURNE • AUSTRALIA,Grand Slam,Hard,https://www.wtatennis.com/resources/v7.31.10/i/elements/gs-tag.svg,Belinda Bencic,5.0,SUI,https://www.wtatennis.com/resources/v7.31.10/i/elements/flags/sui.svg,Round of 16 R16,W,"7 - 5,6 - 2,",5,https://www.wtatennis.com/players/319001/belinda-bencic,16 - 29 Jan 2023,2000.0,2080771.0,128M/128Q/64D,,2023-01-29 00:00:00,,,230531897.0
269,Australian Open,https://photoresources.wtatennis.com/photo-resources/2025/04/16/20886615-8c76-4d00-b747-7946c3692df2/WTA-Tournament_Australian-Open.png?height=128,https://www.wtatennis.com/tournaments/901/australian-open/2023,MELBOURNE • AUSTRALIA,Grand Slam,Hard,https://www.wtatennis.com/resources/v7.31.10/i/elements/gs-tag.svg,Elise Mertens,5.0,BEL,https://www.wtatennis.com/resources/v7.31.10/i/elements/flags/bel.svg,Round of 32 R32,W,"6 - 2,6 - 3,",5,https://www.wtatennis.com/players/317964/elise-mertens,16 - 29 Jan 2023,2000.0,2080771.0,128M/128Q/64D,,2023-01-29 00:00:00,,,232612668.0
270,Australian Open,https://photoresources.wtatennis.com/photo-resources/2025/04/16/20886615-8c76-4d00-b747-7946c3692df2/WTA-Tournament_Australian-Open.png?height=128,https://www.wtatennis.com/tournaments/901/australian-open/2023,MELBOURNE • AUSTRALIA,Grand Slam,Hard,https://www.wtatennis.com/resources/v7.31.10/i/elements/gs-tag.svg,Shelby Rogers,5.0,USA,https://www.wtatennis.com/resources/v7.31.10/i/elements/flags/usa.svg,Round of 64 R64,W,"6 - 3,6 - 1,",5,https://www.wtatennis.com/players/317421/shelby-rogers,16 - 29 Jan 2023,2000.0,2080771.0,128M/128Q/64D,,2023-01-29 00:00:00,,,234693439.0
271,Australian Open,https://photoresources.wtatennis.com/photo-resources/2025/04/16/20886615-8c76-4d00-b747-7946c3692df2/WTA-Tournament_Australian-Open.png?height=128,https://www.wtatennis.com/tournaments/901/australian-open/2023,MELBOURNE • AUSTRALIA,Grand Slam,Hard,https://www.wtatennis.com/resources/v7.31.10/i/elements/gs-tag.svg,Tereza Martincova,5.0,CZE,https://www.wtatennis.com/resources/v7.31.10/i/elements/flags/cze.svg,Round of 128 R128,W,"6 - 1,6 - 4,",5,https://www.wtatennis.com/players/318060/tereza-martincova,16 - 29 Jan 2023,2000.0,2080771.0,128M/128Q/64D,,2023-01-29 00:00:00,,,236774210.0
272,Adelaide International 1,https://photoresources.wtatennis.com/photo-resources/2025/04/16/9050b115-2984-4344-932a-01bc17817720/WTA-Tournament_Brisbane-2025.png?height=128,https://www.wtatennis.com/tournaments/800/brisbane/2023,ADELAIDE • AUSTRALIA,WTA 500,Hard,https://www.wtatennis.com/resources/v7.31.10/i/elements/500k-tag.svg,Linda Noskova,2.0,CZE,https://www.wtatennis.com/resources/v7.31.10/i/elements/flags/cze.svg,Final F,W,"6 - 3,7 - 64,",5,https://www.wtatennis.com/players/329668/linda-noskova,1 - 8 Jan 2023,470.0,120150.0,32M/24Q/24D,2023-01-01 00:00:00,2023-01-08 00:00:00,2023.0,1.0,236894360.0
273,Adelaide International 1,https://photoresources.wtatennis.com/photo-resources/2025/04/16/9050b115-2984-4344-932a-01bc17817720/WTA-Tournament_Brisbane-2025.png?height=128,https://www.wtatennis.com/tournaments/800/brisbane/2023,ADELAIDE • AUSTRALIA,WTA 500,Hard,https://www.wtatennis.com/resources/v7.31.10/i/elements/500k-tag.svg,Irina-Camelia Begu,2.0,ROU,https://www.wtatennis.com/resources/v7.31.10/i/elements/flags/rou.svg,Semifinals Semi,W,"6 - 3,6 - 2,",5,https://www.wtatennis.com/players/313169/irina-camelia-begu,1 - 8 Jan 2023,470.0,120150.0,32M/24Q/24D,2023-01-01 00:00:00,2023-01-08 00:00:00,2023.0,1.0,237014510.0
274,Adelaide International 1,https://photoresources.wtatennis.com/photo-resources/2025/04/16/9050b115-2984-4344-932a-01bc17817720/WTA-Tournament_Brisbane-2025.png?height=128,https://www.wtatennis.com/tournaments/800/brisbane/2023,ADELAIDE • AUSTRALIA,WTA 500,Hard,https://www.wtatennis.com/resources/v7.31.10/i/elements/500k-tag.svg,Marketa Vondrousova,2.0,CZE,https://www.wtatennis.com/resources/v7.31.10/i/elements/flags/cze.svg,Quarterfinals Quarter,W,"6 - 3,7 - 5,",5,https://www.wtatennis.com/players/323027/marketa-vondrousova,1 - 8 Jan 2023,470.0,120150.0,32M/24Q/24D,2023-01-01 00:00:00,2023-01-08 00:00:00,2023.0,1.0,237134660.0
275,Adelaide International 1,https://photoresources.wtatennis.com/photo-resources/2025/04/16/9050b115-2984-4344-932a-01bc17817720/WTA-Tournament_Brisbane-2025.png?height=128,https://www.wtatennis.com/tournaments/800/brisbane/2023,ADELAIDE • AUSTRALIA,WTA 500,Hard,https://www.wtatennis.com/resources/v7.31.10/i/elements/500k-tag.svg,Liudmila Samsonova,2.0,RUS,https://www.wtatennis.com/resources/v7.31.10/i/elements/flags/rus.svg,Round of 16 R16,W,"7 - 68,7 - 63,",5,https://www.wtatennis.com/players/322222/liudmila-samsonova,1 - 8 Jan 2023,470.0,120150.0,32M/24Q/24D,2023-01-01 00:00:00,2023-01-08 00:00:00,2023.0,1.0,237254810.0
276,Adelaide International 1,https://photoresources.wtatennis.com/photo-resources/2025/04/16/9050b115-2984-4344-932a-01bc17817720/WTA-Tournament_Brisbane-2025.png?height=128,https://www.wtatennis.com/tournaments/800/brisbane/2023,ADELAIDE • AUSTRALIA,WTA 500,Hard,https://www.wtatennis.com/resources/v7.31.10/i/elements/500k-tag.svg,,2.0,,,Round of 32 R32,,Bye,5,,1 - 8 Jan 2023,470.0,120150.0,32M/24Q/24D,2023-01-01 00:00:00,2023-01-08 00:00:00,2023.0,1.0,237374960.0
277,WTA Finals Fort Worth,https://photoresources.wtatennis.com/photo-resources/2025/10/16/b04a642b-ddb5-40c8-91f1-26a2d61650fe/WTA-finals.png?height=128,https://www.wtatennis.com/tournaments/808/wta-finals/2022,FORT WORTH • UNITED STATES,Finals,Hard,https://www.wtatennis.com/resources/v7.31.10/i/elements/finals-tag.svg,Caroline Garcia,7.0,FRA,https://www.wtatennis.com/resources/v7.31.10/i/elements/flags/fra.svg,Final F,L,"64 - 7,4 - 6,",7,https://www.wtatennis.com/players/315391/caroline-garcia,31 Oct - 7 Nov 2022,,750000.0,9M/0Q/16D,2022-10-31 00:00:00,2022-11-07 00:00:00,2022.0,10.0,238124960.0
278,WTA Finals Fort Worth,https://photoresources.wtatennis.com/photo-resources/2025/10/16/b04a642b-ddb5-40c8-91f1-26a2d61650fe/WTA-finals.png?height=128,https://www.wtatennis.com/tournaments/808/wta-finals/2022,FORT WORTH • UNITED STATES,Finals,Hard,https://www.wtatennis.com/resources/v7.31.10/i/elements/finals-tag.svg,Iga Swiatek,7.0,POL,https://www.wtatennis.com/resources/v7.31.10/i/elements/flags/pol.svg,Semifinals Semi,W,"6 - 2,2 - 6,6 - 1,",7,https://www.wtatennis.com/players/326408/iga-swiatek,31 Oct - 7 Nov 2022,,750000.0,9M/0Q/16D,2022-10-31 00:00:00,2022-11-07 00:00:00,2022.0,10.0,238874960.0
279,WTA Finals Fort Worth,https://photoresources.wtatennis.com/photo-resources/2025/10/16/b04a642b-ddb5-40c8-91f1-26a2d61650fe/WTA-finals.png?height=128,https://www.wtatennis.com/tournaments/808/wta-finals/2022,FORT WORTH • UNITED STATES,Finals,Hard,https://www.wtatennis.com/resources/v7.31.10/i/elements/finals-tag.svg,Ons Jabeur,7.0,TUN,https://www.wtatennis.com/resources/v7.31.10/i/elements/flags/tun.svg,Group Stage Group,W,"3 - 6,7 - 65,7 - 5,",7,https://www.wtatennis.com/players/316847/ons-jabeur,31 Oct - 7 Nov 2022,,750000.0,9M/0Q/16D,2022-10-31 00:00:00,2022-11-07 00:00:00,2022.0,10.0,239624960.0
280,WTA Finals Fort Worth,https://photoresources.wtatennis.com/photo-resources/2025/10/16/b04a642b-ddb5-40c8-91f1-26a2d61650fe/WTA-finals.png?height=128,https://www.wtatennis.com/tournaments/808/wta-finals/2022,FORT WORTH • UNITED STATES,Finals,Hard,https://www.wtatennis.com/resources/v7.31.10/i/elements/finals-tag.svg,Jessica Pegula,7.0,USA,https://www.wtatennis.com/resources/v7.31.10/i/elements/flags/usa.svg,Group Stage Group,W,"6 - 3,7 - 5,",7,https://www.wtatennis.com/players/316956/jessica-pegula,31 Oct - 7 Nov 2022,,750000.0,9M/0Q/16D,2022-10-31 00:00:00,2022-11-07 00:00:00,2022.0,10.0,240374960.0
281,WTA Finals Fort Worth,https://photoresources.wtatennis.com/photo-resources/2025/10/16/b04a642b-ddb5-40c8-91f1-26a2d61650fe/WTA-finals.png?height=128,https://www.wtatennis.com/tournaments/808/wta-finals/2022,FORT WORTH • UNITED STATES,Finals,Hard,https://www.wtatennis.com/resources/v7.31.10/i/elements/finals-tag.svg,Maria Sakkari,7.0,GRE,https://www.wtatennis.com/resources/v7.31.10/i/elements/flags/gre.svg,Group Stage Group,L,"2 - 6,4 - 6,",7,https://www.wtatennis.com/players/318312/maria-sakkari,31 Oct - 7 Nov 2022,,750000.0,9M/0Q/16D,2022-10-31 00:00:00,2022-11-07 00:00:00,2022.0,10.0,241124960.0
282,Guadalajara Open Akron,,https://www.wtatennis.com/tournaments/2075/guadalajara-500/2022,GUADALAJARA • MEXICO,WTA 1000,Hard,https://www.wtatennis.com/resources/v7.31.10/i/elements/1000k-tag.svg,Liudmila Samsonova,2.0,RUS,https://www.wtatennis.com/resources/v7.31.10/i/elements/flags/rus.svg,Round of 32 R32,L,"4 - 6,6 - 2,2 - 6,",4,https://www.wtatennis.com/players/322222/liudmila-samsonova,17 - 23 Oct 2022,1.0,16340.0,64M/32Q/32D,,2022-10-23 00:00:00,,,241141300.0
283,Guadalajara Open Akron,,https://www.wtatennis.com/tournaments/2075/guadalajara-500/2022,GUADALAJARA • MEXICO,WTA 1000,Hard,https://www.wtatennis.com/resources/v7.31.10/i/elements/1000k-tag.svg,,2.0,,,Round of 64 R64,,Bye,4,,17 - 23 Oct 2022,1.0,16340.0,64M/32Q/32D,,2022-10-23 00:00:00,,,241157640.0
284,San Diego Open,,https://www.wtatennis.com/tournaments/2074/san-diego/2022,"SAN DIEGO • UNITED STATES, CA",WTA 500,Hard,https://www.wtatennis.com/resources/v7.31.10/i/elements/500k-tag.svg,Donna Vekic,3.0,CRO,https://www.wtatennis.com/resources/v7.31.10/i/elements/flags/cro.svg,Quarterfinals Quarter,L,"4 - 6,7 - 65,1 - 6,",5,https://www.wtatennis.com/players/318516/donna-vekic,10 - 16 Oct 2022,100.0,20505.0,32M/24Q/16D,,2022-10-16 00:00:00,,,241178145.0
285,San Diego Open,,https://www.wtatennis.com/tournaments/2074/san-diego/2022,"SAN DIEGO • UNITED STATES, CA",WTA 500,Hard,https://www.wtatennis.com/resources/v7.31.10/i/elements/500k-tag.svg,Sloane Stephens,3.0,USA,https://www.wtatennis.com/resources/v7.31.10/i/elements/flags/usa.svg,Round of 16 R16,W,"1 - 6,6 - 3,6 - 2,",5,https://www.wtatennis.com/players/315683/sloane-stephens,10 - 16 Oct 2022,100.0,20505.0,32M/24Q/16D,,2022-10-16 00:00:00,,,241198650.0
286,San Diego Open,,https://www.wtatennis.com/tournaments/2074/san-diego/2022,"SAN DIEGO • UNITED STATES, CA",WTA 500,Hard,https://www.wtatennis.com/resources/v7.31.10/i/elements/500k-tag.svg,,3.0,,,Round of 32 R32,,Bye,5,,10 - 16 Oct 2022,100.0,20505.0,32M/24Q/16D,,2022-10-16 00:00:00,,,241219155.0
287,US Open,https://photoresources.wtatennis.com/photo-resources/2025/04/16/295289d9-36fa-408a-8586-2b407d930c10/WTA-Tournament_US-Open.png?height=128,https://www.wtatennis.com/tournaments/905/us-open/2022,"NEW YORK • UNITED STATES, NY",Grand Slam,Hard,https://www.wtatennis.com/resources/v7.31.10/i/elements/gs-tag.svg,Iga Swiatek,6.0,POL,https://www.wtatennis.com/resources/v7.31.10/i/elements/flags/pol.svg,Semifinals Semi,L,"6 - 3,1 - 6,4 - 6,",6,https://www.wtatennis.com/players/326408/iga-swiatek,29 Aug - 11 Sep 2022,780.0,705000.0,128M/128Q/64D,2022-08-29 00:00:00,2022-09-11 00:00:00,2022.0,8.0,241924155.0
288,US Open,https://photoresources.wtatennis.com/photo-resources/2025/04/16/295289d9-36fa-408a-8586-2b407d930c10/WTA-Tournament_US-Open.png?height=128,https://www.wtatennis.com/tournaments/905/us-open/2022,"NEW YORK • UNITED STATES, NY",Grand Slam,Hard,https://www.wtatennis.com/resources/v7.31.10/i/elements/gs-tag.svg,Karolina Pliskova,6.0,CZE,https://www.wtatennis.com/resources/v7.31.10/i/elements/flags/cze.svg,Quarterfinals Quarter,W,"6 - 1,7 - 64,",6,https://www.wtatennis.com/players/313974/karolina-pliskova,29 Aug - 11 Sep 2022,780.0,705000.0,128M/128Q/64D,2022-08-29 00:00:00,2022-09-11 00:00:00,2022.0,8.0,242629155.0
289,US Open,https://photoresources.wtatennis.com/photo-resources/2025/04/16/295289d9-36fa-408a-8586-2b407d930c10/WTA-Tournament_US-Open.png?height=128,https://www.wtatennis.com/tournaments/905/us-open/2022,"NEW YORK • UNITED STATES, NY",Grand Slam,Hard,https://www.wtatennis.com/resources/v7.31.10/i/elements/gs-tag.svg,Danielle Collins,6.0,USA,https://www.wtatennis.com/resources/v7.31.10/i/elements/flags/usa.svg,Round of 16 R16,W,"3 - 6,6 - 3,6 - 2,",6,https://www.wtatennis.com/players/316925/danielle-collins,29 Aug - 11 Sep 2022,780.0,705000.0,128M/128Q/64D,2022-08-29 00:00:00,2022-09-11 00:00:00,2022.0,8.0,243334155.0
290,US Open,https://photoresources.wtatennis.com/photo-resources/2025/04/16/295289d9-36fa-408a-8586-2b407d930c10/WTA-Tournament_US-Open.png?height=128,https://www.wtatennis.com/tournaments/905/us-open/2022,"NEW YORK • UNITED STATES, NY",Grand Slam,Hard,https://www.wtatennis.com/resources/v7.31.10/i/elements/gs-tag.svg,Clara Burel,6.0,FRA,https://www.wtatennis.com/resources/v7.31.10/i/elements/flags/fra.svg,Round of 32 R32,W,"6 - 0,6 - 2,",6,https://www.wtatennis.com/players/325320/clara-burel,29 Aug - 11 Sep 2022,780.0,705000.0,128M/128Q/64D,2022-08-29 00:00:00,2022-09-11 00:00:00,2022.0,8.0,244039155.0
291,US Open,https://photoresources.wtatennis.com/photo-resources/2025/04/16/295289d9-36fa-408a-8586-2b407d930c10/WTA-Tournament_US-Open.png?height=128,https://www.wtatennis.com/tournaments/905/us-open/2022,"NEW YORK • UNITED STATES, NY",Grand Slam,Hard,https://www.wtatennis.com/resources/v7.31.10/i/elements/gs-tag.svg,Kaia Kanepi,6.0,EST,https://www.wtatennis.com/resources/v7.31.10/i/elements/flags/est.svg,Round of 64 R64,W,"2 - 6,7 - 68,6 - 4,",6,https://www.wtatennis.com/players/110536/kaia-kanepi,29 Aug - 11 Sep 2022,780.0,705000.0,128M/128Q/64D,2022-08-29 00:00:00,2022-09-11 00:00:00,2022.0,8.0,244744155.0
292,US Open,https://photoresources.wtatennis.com/photo-resources/2025/04/16/295289d9-36fa-408a-8586-2b407d930c10/WTA-Tournament_US-Open.png?height=128,https://www.wtatennis.com/tournaments/905/us-open/2022,"NEW YORK • UNITED STATES, NY",Grand Slam,Hard,https://www.wtatennis.com/resources/v7.31.10/i/elements/gs-tag.svg,Catherine Harrison,6.0,USA,https://www.wtatennis.com/resources/v7.31.10/i/elements/flags/usa.svg,Round of 128 R128,W,"6 - 1,6 - 3,",6,https://www.wtatennis.com/players/317900/catherine-harrison,29 Aug - 11 Sep 2022,780.0,705000.0,128M/128Q/64D,2022-08-29 00:00:00,2022-09-11 00:00:00,2022.0,8.0,245449155.0
293,Western & Southern Open,https://photoresources.wtatennis.com/photo-resources/2025/04/16/17c99db9-c289-451d-8cd9-65e8d9a25a26/WTA-Tournament_Cincinnati-2024.png?height=128,https://www.wtatennis.com/tournaments/1017/cincinnati/2022,"CINCINNATI • UNITED STATES, OH",WTA 1000,Hard,https://www.wtatennis.com/resources/v7.31.10/i/elements/1000k-tag.svg,Caroline Garcia,6.0,FRA,https://www.wtatennis.com/resources/v7.31.10/i/elements/flags/fra.svg,Semifinals Semi,L,"2 - 6,6 - 4,1 - 6,",7,https://www.wtatennis.com/players/315391/caroline-garcia,15 - 21 Aug 2022,350.0,125000.0,64M/32Q/32D,,2022-08-21 00:00:00,,,245574155.0
294,Western & Southern Open,https://photoresources.wtatennis.com/photo-resources/2025/04/16/17c99db9-c289-451d-8cd9-65e8d9a25a26/WTA-Tournament_Cincinnati-2024.png?height=128,https://www.wtatennis.com/tournaments/1017/cincinnati/2022,"CINCINNATI • UNITED STATES, OH",WTA 1000,Hard,https://www.wtatennis.com/resources/v7.31.10/i/elements/1000k-tag.svg,Shuai Zhang,6.0,CHN,https://www.wtatennis.com/resources/v7.31.10/i/elements/flags/chn.svg,Quarterfinals Quarter,W,"6 - 4,7 - 61,",7,https://www.wtatennis.com/players/311779/shuai-zhang,15 - 21 Aug 2022,350.0,125000.0,64M/32Q/32D,,2022-08-21 00:00:00,,,245699155.0
295,Western & Southern Open,https://photoresources.wtatennis.com/photo-resources/2025/04/16/17c99db9-c289-451d-8cd9-65e8d9a25a26/WTA-Tournament_Cincinnati-2024.png?height=128,https://www.wtatennis.com/tournaments/1017/cincinnati/2022,"CINCINNATI • UNITED STATES, OH",WTA 1000,Hard,https://www.wtatennis.com/resources/v7.31.10/i/elements/1000k-tag.svg,Shelby Rogers,6.0,USA,https://www.wtatennis.com/resources/v7.31.10/i/elements/flags/usa.svg,Round of 16 R16,W,"6 - 4,62 - 7,6 - 4,",7,https://www.wtatennis.com/players/317421/shelby-rogers,15 - 21 Aug 2022,350.0,125000.0,64M/32Q/32D,,2022-08-21 00:00:00,,,245824155.0
296,Western & Southern Open,https://photoresources.wtatennis.com/photo-resources/2025/04/16/17c99db9-c289-451d-8cd9-65e8d9a25a26/WTA-Tournament_Cincinnati-2024.png?height=128,https://www.wtatennis.com/tournaments/1017/cincinnati/2022,"CINCINNATI • UNITED STATES, OH",WTA 1000,Hard,https://www.wtatennis.com/resources/v7.31.10/i/elements/1000k-tag.svg,Anna Kalinskaya,6.0,RUS,https://www.wtatennis.com/resources/v7.31.10/i/elements/flags/rus.svg,Round of 32 R32,W,"6 - 3,4 - 1, Ret",7,https://www.wtatennis.com/players/323942/anna-kalinskaya,15 - 21 Aug 2022,350.0,125000.0,64M/32Q/32D,,2022-08-21 00:00:00,,,245949155.0
297,Western & Southern Open,https://photoresources.wtatennis.com/photo-resources/2025/04/16/17c99db9-c289-451d-8cd9-65e8d9a25a26/WTA-Tournament_Cincinnati-2024.png?height=128,https://www.wtatennis.com/tournaments/1017/cincinnati/2022,"CINCINNATI • UNITED STATES, OH",WTA 1000,Hard,https://www.wtatennis.com/resources/v7.31.10/i/elements/1000k-tag.svg,,6.0,,,Round of 64 R64,,Bye,7,,15 - 21 Aug 2022,350.0,125000.0,64M/32Q/32D,,2022-08-21 00:00:00,,,246074155.0
298,National Bank Open presented by Rogers,,https://www.wtatennis.com/tournaments/806/montreal/2022,TORONTO • CANADA,WTA 1000,Hard,https://www.wtatennis.com/resources/v7.31.10/i/elements/1000k-tag.svg,Coco Gauff,6.0,USA,https://www.wtatennis.com/resources/v7.31.10/i/elements/flags/usa.svg,Round of 16 R16,L,"5 - 7,6 - 4,64 - 7,",6,https://www.wtatennis.com/players/328560/coco-gauff,8 - 14 Aug 2022,105.0,30660.0,64M/32Q/32D,2022-08-08 00:00:00,2022-08-14 00:00:00,2022.0,8.0,246104815.0
299,National Bank Open presented by Rogers,,https://www.wtatennis.com/tournaments/806/montreal/2022,TORONTO • CANADA,WTA 1000,Hard,https://www.wtatennis.com/resources/v7.31.10/i/elements/1000k-tag.svg,Sara Sorribes Tormo,6.0,ESP,https://www.wtatennis.com/resources/v7.31.10/i/elements/flags/esp.svg,Round of 32 R32,W,"6 - 4,6 - 3,",6,https://www.wtatennis.com/players/318872/sara-sorribes-tormo,8 - 14 Aug 2022,105.0,30660.0,64M/32Q/32D,2022-08-08 00:00:00,2022-08-14 00:00:00,2022.0,8.0,246135475.0
300,National Bank Open presented by Rogers,,https://www.wtatennis.com/tournaments/806/montreal/2022,TORONTO • CANADA,WTA 1000,Hard,https://www.wtatennis.com/resources/v7.31.10/i/elements/1000k-tag.svg,,6.0,,,Round of 64 R64,,Bye,6,,8 - 14 Aug 2022,105.0,30660.0,64M/32Q/32D,2022-08-08 00:00:00,2022-08-14 00:00:00,2022.0,8.0,246166135.0
301,Mubadala Silicon Valley Classic,,https://www.wtatennis.com/tournaments/703/san-jose/2022,"SAN JOSE • UNITED STATES, CA",WTA 500,Hard,https://www.wtatennis.com/resources/v7.31.10/i/elements/500k-tag.svg,Daria Kasatkina,4.0,AUS,https://www.wtatennis.com/resources/v7.31.10/i/elements/flags/aus.svg,Quarterfinals Quarter,L,"6 - 4,5 - 7,0 - 6,",6,https://www.wtatennis.com/players/322082/daria-kasatkina,1 - 7 Aug 2022,100.0,22080.0,32M/16Q/16D,2022-08-01 00:00:00,2022-08-07 00:00:00,2022.0,8.0,246188215.0
302,Mubadala Silicon Valley Classic,,https://www.wtatennis.com/tournaments/703/san-jose/2022,"SAN JOSE • UNITED STATES, CA",WTA 500,Hard,https://www.wtatennis.com/resources/v7.31.10/i/elements/500k-tag.svg,Caroline Dolehide,4.0,USA,https://www.wtatennis.com/resources/v7.31.10/i/elements/flags/usa.svg,Round of 16 R16,W,"5 - 7,6 - 1,7 - 5,",6,https://www.wtatennis.com/players/322052/caroline-dolehide,1 - 7 Aug 2022,100.0,22080.0,32M/16Q/16D,2022-08-01 00:00:00,2022-08-07 00:00:00,2022.0,8.0,246210295.0
303,Mubadala Silicon Valley Classic,,https://www.wtatennis.com/tournaments/703/san-jose/2022,"SAN JOSE • UNITED STATES, CA",WTA 500,Hard,https://www.wtatennis.com/resources/v7.31.10/i/elements/500k-tag.svg,,4.0,,,Round of 32 R32,,Bye,6,,1 - 7 Aug 2022,100.0,22080.0,32M/16Q/16D,2022-08-01 00:00:00,2022-08-07 00:00:00,2022.0,8.0,246232375.0
304,bett1open,https://photoresources.wtatennis.com/photo-resources/2025/05/23/7fdec664-b1a6-44fc-8772-ecfb34d7aca2/WTA-Tournament_Berlin-2024.png?height=128,https://www.wtatennis.com/tournaments/2012/berlin/2022,BERLIN • GERMANY,WTA 500,Grass,https://www.wtatennis.com/resources/v7.31.10/i/elements/500k-tag.svg,Veronika Kudermetova,3.0,RUS,https://www.wtatennis.com/resources/v7.31.10/i/elements/flags/rus.svg,Round of 32 R32,L,"6 - 2,5 - 7,4 - 6,",5,https://www.wtatennis.com/players/319526/veronika-kudermetova,13 - 19 Jun 2022,1.0,6680.0,32M/24Q/16D,,2022-06-19 00:00:00,,,246239055.0
305,Libema Open,,https://www.wtatennis.com/tournaments/822/s-hertogenbosch/2022,S'HERTOGENBOSCH • NETHERLANDS,WTA 250,Grass,https://www.wtatennis.com/resources/v7.31.10/i/elements/250k-tag.svg,Ekaterina Alexandrova,1.0,RUS,https://www.wtatennis.com/resources/v7.31.10/i/elements/flags/rus.svg,Final F,L,"5 - 7,0 - 6,",6,https://www.wtatennis.com/players/319007/ekaterina-alexandrova,6 - 12 Jun 2022,180.0,19750.0,32M/24Q/16D,2022-06-06 00:00:00,2022-06-12 00:00:00,2022.0,6.0,246258805.0
306,Libema Open,,https://www.wtatennis.com/tournaments/822/s-hertogenbosch/2022,S'HERTOGENBOSCH • NETHERLANDS,WTA 250,Grass,https://www.wtatennis.com/resources/v7.31.10/i/elements/250k-tag.svg,Shelby Rogers,1.0,USA,https://www.wtatennis.com/resources/v7.31.10/i/elements/flags/usa.svg,Semifinals Semi,W,"7 - 66,6 - 0,",6,https://www.wtatennis.com/players/317421/shelby-rogers,6 - 12 Jun 2022,180.0,19750.0,32M/24Q/16D,2022-06-06 00:00:00,2022-06-12 00:00:00,2022.0,6.0,246278555.0
307,Libema Open,,https://www.wtatennis.com/tournaments/822/s-hertogenbosch/2022,S'HERTOGENBOSCH • NETHERLANDS,WTA 250,Grass,https://www.wtatennis.com/resources/v7.31.10/i/elements/250k-tag.svg,Alison Van Uytvanck,1.0,BEL,https://www.wtatennis.com/resources/v7.31.10/i/elements/flags/bel.svg,Quarterfinals Quarter,W,"6 - 3,3 - 6,7 - 65,",6,https://www.wtatennis.com/players/317819/alison-van-uytvanck,6 - 12 Jun 2022,180.0,19750.0,32M/24Q/16D,2022-06-06 00:00:00,2022-06-12 00:00:00,2022.0,6.0,246298305.0
308,Libema Open,,https://www.wtatennis.com/tournaments/822/s-hertogenbosch/2022,S'HERTOGENBOSCH • NETHERLANDS,WTA 250,Grass,https://www.wtatennis.com/resources/v7.31.10/i/elements/250k-tag.svg,Arianne Hartono,1.0,NED,https://www.wtatennis.com/resources/v7.31.10/i/elements/flags/ned.svg,Round of 16 R16,W,"6 - 2,6 - 3,",6,https://www.wtatennis.com/players/323451/arianne-hartono,6 - 12 Jun 2022,180.0,19750.0,32M/24Q/16D,2022-06-06 00:00:00,2022-06-12 00:00:00,2022.0,6.0,246318055.0
309,Libema Open,,https://www.wtatennis.com/tournaments/822/s-hertogenbosch/2022,S'HERTOGENBOSCH • NETHERLANDS,WTA 250,Grass,https://www.wtatennis.com/resources/v7.31.10/i/elements/250k-tag.svg,Kateryna Baindl,1.0,UKR,https://www.wtatennis.com/resources/v7.31.10/i/elements/flags/ukr.svg,Round of 32 R32,W,"6 - 4,6 - 1,",6,https://www.wtatennis.com/players/316739/kateryna-baindl,6 - 12 Jun 2022,180.0,19750.0,32M/24Q/16D,2022-06-06 00:00:00,2022-06-12 00:00:00,2022.0,6.0,246337805.0
310,Roland Garros,https://photoresources.wtatennis.com/photo-resources/2025/04/16/ddbbc328-7967-416c-a6b5-043c8c3f933e/WTA-Tournament_Roland-Garros.png?height=128,https://www.wtatennis.com/tournaments/903/roland-garros/2022,PARIS • FRANCE,Grand Slam,Clay,https://www.wtatennis.com/resources/v7.31.10/i/elements/gs-tag.svg,Camila Giorgi,7.0,ITA,https://www.wtatennis.com/resources/v7.31.10/i/elements/flags/ita.svg,Round of 32 R32,L,"6 - 4,1 - 6,0 - 6,",7,https://www.wtatennis.com/players/314610/camila-giorgi,22 May - 5 Jun 2022,130.0,133038.0,128M/128Q/64D,2022-05-22 00:00:00,2022-06-05 00:00:00,2022.0,5.0,246470843.0
311,Roland Garros,https://photoresources.wtatennis.com/photo-resources/2025/04/16/ddbbc328-7967-416c-a6b5-043c8c3f933e/WTA-Tournament_Roland-Garros.png?height=128,https://www.wtatennis.com/tournaments/903/roland-garros/2022,PARIS • FRANCE,Grand Slam,Clay,https://www.wtatennis.com/resources/v7.31.10/i/elements/gs-tag.svg,Madison Brengle,7.0,USA,https://www.wtatennis.com/resources/v7.31.10/i/elements/flags/usa.svg,Round of 64 R64,W,"6 - 1,6 - 3,",7,https://www.wtatennis.com/players/312328/madison-brengle,22 May - 5 Jun 2022,130.0,133038.0,128M/128Q/64D,2022-05-22 00:00:00,2022-06-05 00:00:00,2022.0,5.0,246603881.0
312,Roland Garros,https://photoresources.wtatennis.com/photo-resources/2025/04/16/ddbbc328-7967-416c-a6b5-043c8c3f933e/WTA-Tournament_Roland-Garros.png?height=128,https://www.wtatennis.com/tournaments/903/roland-garros/2022,PARIS • FRANCE,Grand Slam,Clay,https://www.wtatennis.com/resources/v7.31.10/i/elements/gs-tag.svg,Chloe Paquet,7.0,FRA,https://www.wtatennis.com/resources/v7.31.10/i/elements/flags/fra.svg,Round of 128 R128,W,"2 - 6,6 - 3,6 - 4,",7,https://www.wtatennis.com/players/318839/chloe-paquet,22 May - 5 Jun 2022,130.0,133038.0,128M/128Q/64D,2022-05-22 00:00:00,2022-06-05 00:00:00,2022.0,5.0,246736919.0
313,Internazionali BNL d'Italia,https://photoresources.wtatennis.com/photo-resources/2025/04/16/51f9b6ec-ebde-417f-b706-31b0bb4cc688/WTA-Tournament_Rome-2018.png?height=128,https://www.wtatennis.com/tournaments/709/rome/2022,ROME • ITALY,WTA 1000,Clay,https://www.wtatennis.com/resources/v7.31.10/i/elements/1000k-tag.svg,Iga Swiatek,3.0,POL,https://www.wtatennis.com/resources/v7.31.10/i/elements/flags/pol.svg,Semifinals Semi,L,"2 - 6,1 - 6,",8,https://www.wtatennis.com/players/326408/iga-swiatek,9 - 15 May 2022,350.0,125000.0,64M/32Q/32D,2022-05-09 00:00:00,2022-05-15 00:00:00,2022.0,5.0,246861919.0
314,Internazionali BNL d'Italia,https://photoresources.wtatennis.com/photo-resources/2025/04/16/51f9b6ec-ebde-417f-b706-31b0bb4cc688/WTA-Tournament_Rome-2018.png?height=128,https://www.wtatennis.com/tournaments/709/rome/2022,ROME • ITALY,WTA 1000,Clay,https://www.wtatennis.com/resources/v7.31.10/i/elements/1000k-tag.svg,Amanda Anisimova,3.0,USA,https://www.wtatennis.com/resources/v7.31.10/i/elements/flags/usa.svg,Quarterfinals Quarter,W,"4 - 6,6 - 3,6 - 2,",8,https://www.wtatennis.com/players/326384/amanda-anisimova,9 - 15 May 2022,350.0,125000.0,64M/32Q/32D,2022-05-09 00:00:00,2022-05-15 00:00:00,2022.0,5.0,246986919.0
315,Internazionali BNL d'Italia,https://photoresources.wtatennis.com/photo-resources/2025/04/16/51f9b6ec-ebde-417f-b706-31b0bb4cc688/WTA-Tournament_Rome-2018.png?height=128,https://www.wtatennis.com/tournaments/709/rome/2022,ROME • ITALY,WTA 1000,Clay,https://www.wtatennis.com/resources/v7.31.10/i/elements/1000k-tag.svg,Jessica Pegula,3.0,USA,https://www.wtatennis.com/resources/v7.31.10/i/elements/flags/usa.svg,Round of 16 R16,W,"6 - 1,6 - 4,",8,https://www.wtatennis.com/players/316956/jessica-pegula,9 - 15 May 2022,350.0,125000.0,64M/32Q/32D,2022-05-09 00:00:00,2022-05-15 00:00:00,2022.0,5.0,247111919.0
316,Internazionali BNL d'Italia,https://photoresources.wtatennis.com/photo-resources/2025/04/16/51f9b6ec-ebde-417f-b706-31b0bb4cc688/WTA-Tournament_Rome-2018.png?height=128,https://www.wtatennis.com/tournaments/709/rome/2022,ROME • ITALY,WTA 1000,Clay,https://www.wtatennis.com/resources/v7.31.10/i/elements/1000k-tag.svg,Shuai Zhang,3.0,CHN,https://www.wtatennis.com/resources/v7.31.10/i/elements/flags/chn.svg,Round of 32 R32,W,"6 - 2,6 - 0,",8,https://www.wtatennis.com/players/311779/shuai-zhang,9 - 15 May 2022,350.0,125000.0,64M/32Q/32D,2022-05-09 00:00:00,2022-05-15 00:00:00,2022.0,5.0,247236919.0
317,Internazionali BNL d'Italia,https://photoresources.wtatennis.com/photo-resources/2025/04/16/51f9b6ec-ebde-417f-b706-31b0bb4cc688/WTA-Tournament_Rome-2018.png?height=128,https://www.wtatennis.com/tournaments/709/rome/2022,ROME • ITALY,WTA 1000,Clay,https://www.wtatennis.com/resources/v7.31.10/i/elements/1000k-tag.svg,,3.0,,,Round of 64 R64,,Bye,8,,9 - 15 May 2022,350.0,125000.0,64M/32Q/32D,2022-05-09 00:00:00,2022-05-15 00:00:00,2022.0,5.0,247361919.0
318,Mutua Madrid Open,https://photoresources.wtatennis.com/photo-resources/2025/04/16/993fad80-1e55-4a92-aae0-258338df5d6d/WTA-Tournament_Madrid-2023.png?height=128,https://www.wtatennis.com/tournaments/1038/madrid/2022,MADRID • SPAIN,WTA 1000,Clay,https://www.wtatennis.com/resources/v7.31.10/i/elements/1000k-tag.svg,Amanda Anisimova,3.0,USA,https://www.wtatennis.com/resources/v7.31.10/i/elements/flags/usa.svg,Round of 64 R64,L,"2 - 6,6 - 3,4 - 6,",4,https://www.wtatennis.com/players/326384/amanda-anisimova,28 Apr - 7 May 2022,10.0,27280.0,64M/48Q/32D,2022-04-28 00:00:00,2022-05-07 00:00:00,2022.0,4.0,247389199.0
319,Porsche Tennis Grand Prix,https://photoresources.wtatennis.com/photo-resources/2025/04/16/73f25721-54c3-4754-84f2-c67e607edd39/WTA-Tournament_Stuttgart-2017.png?height=128,https://www.wtatennis.com/tournaments/1051/stuttgart/2022,STUTTGART • GERMANY,WTA 500,Clay,https://www.wtatennis.com/resources/v7.31.10/i/elements/500k-tag.svg,Iga Swiatek,3.0,POL,https://www.wtatennis.com/resources/v7.31.10/i/elements/flags/pol.svg,Final F,L,"2 - 6,2 - 6,",4,https://www.wtatennis.com/players/326408/iga-swiatek,18 - 24 Apr 2022,305.0,58032.0,32M/16Q/16D,,2022-04-24 00:00:00,,,247447231.0
320,Porsche Tennis Grand Prix,https://photoresources.wtatennis.com/photo-resources/2025/04/16/73f25721-54c3-4754-84f2-c67e607edd39/WTA-Tournament_Stuttgart-2017.png?height=128,https://www.wtatennis.com/tournaments/1051/stuttgart/2022,STUTTGART • GERMANY,WTA 500,Clay,https://www.wtatennis.com/resources/v7.31.10/i/elements/500k-tag.svg,Paula Badosa,3.0,ESP,https://www.wtatennis.com/resources/v7.31.10/i/elements/flags/esp.svg,Semifinals Semi,W,"7 - 65,6 - 4,",4,https://www.wtatennis.com/players/320124/paula-badosa,18 - 24 Apr 2022,305.0,58032.0,32M/16Q/16D,,2022-04-24 00:00:00,,,247505263.0
321,Porsche Tennis Grand Prix,https://photoresources.wtatennis.com/photo-resources/2025/04/16/73f25721-54c3-4754-84f2-c67e607edd39/WTA-Tournament_Stuttgart-2017.png?height=128,https://www.wtatennis.com/tournaments/1051/stuttgart/2022,STUTTGART • GERMANY,WTA 500,Clay,https://www.wtatennis.com/resources/v7.31.10/i/elements/500k-tag.svg,Anett Kontaveit,3.0,EST,https://www.wtatennis.com/resources/v7.31.10/i/elements/flags/est.svg,Quarterfinals Quarter,W,"6 - 4,3 - 6,6 - 1,",4,https://www.wtatennis.com/players/318425/anett-kontaveit,18 - 24 Apr 2022,305.0,58032.0,32M/16Q/16D,,2022-04-24 00:00:00,,,247563295.0
322,Porsche Tennis Grand Prix,https://photoresources.wtatennis.com/photo-resources/2025/04/16/73f25721-54c3-4754-84f2-c67e607edd39/WTA-Tournament_Stuttgart-2017.png?height=128,https://www.wtatennis.com/tournaments/1051/stuttgart/2022,STUTTGART • GERMANY,WTA 500,Clay,https://www.wtatennis.com/resources/v7.31.10/i/elements/500k-tag.svg,Bianca Andreescu,3.0,CAN,https://www.wtatennis.com/resources/v7.31.10/i/elements/flags/can.svg,Round of 16 R16,W,"6 - 1,3 - 6,6 - 2,",4,https://www.wtatennis.com/players/325088/bianca-andreescu,18 - 24 Apr 2022,305.0,58032.0,32M/16Q/16D,,2022-04-24 00:00:00,,,247621327.0
323,Porsche Tennis Grand Prix,https://photoresources.wtatennis.com/photo-resources/2025/04/16/73f25721-54c3-4754-84f2-c67e607edd39/WTA-Tournament_Stuttgart-2017.png?height=128,https://www.wtatennis.com/tournaments/1051/stuttgart/2022,STUTTGART • GERMANY,WTA 500,Clay,https://www.wtatennis.com/resources/v7.31.10/i/elements/500k-tag.svg,,3.0,,,Round of 32 R32,,Bye,4,,18 - 24 Apr 2022,305.0,58032.0,32M/16Q/16D,,2022-04-24 00:00:00,,,247679359.0
324,Credit One Charleston Open,,https://www.wtatennis.com/tournaments/804/charleston/2022,"CHARLESTON • UNITED STATES, SC",WTA 500,Clay,https://www.wtatennis.com/resources/v7.31.10/i/elements/500k-tag.svg,Amanda Anisimova,1.0,USA,https://www.wtatennis.com/resources/v7.31.10/i/elements/flags/usa.svg,Round of 16 R16,L,"6 - 3,4 - 6,3 - 6,",5,https://www.wtatennis.com/players/326384/amanda-anisimova,4 - 10 Apr 2022,55.0,9900.0,64M/32Q/16D,2022-04-04 00:00:00,2022-04-10 00:00:00,2022.0,4.0,247689259.0
325,Credit One Charleston Open,,https://www.wtatennis.com/tournaments/804/charleston/2022,"CHARLESTON • UNITED STATES, SC",WTA 500,Clay,https://www.wtatennis.com/resources/v7.31.10/i/elements/500k-tag.svg,Alison Riske-Amritraj,1.0,USA,https://www.wtatennis.com/resources/v7.31.10/i/elements/flags/usa.svg,Round of 32 R32,W,"7 - 63,6 - 4,",5,https://www.wtatennis.com/players/312850/alison-riske-amritraj,4 - 10 Apr 2022,55.0,9900.0,64M/32Q/16D,2022-04-04 00:00:00,2022-04-10 00:00:00,2022.0,4.0,247699159.0
326,Credit One Charleston Open,,https://www.wtatennis.com/tournaments/804/charleston/2022,"CHARLESTON • UNITED STATES, SC",WTA 500,Clay,https://www.wtatennis.com/resources/v7.31.10/i/elements/500k-tag.svg,,1.0,,,Round of 64 R64,,Bye,5,,4 - 10 Apr 2022,55.0,9900.0,64M/32Q/16D,2022-04-04 00:00:00,2022-04-10 00:00:00,2022.0,4.0,247709059.0
327,Miami Open presented by Itaú,https://photoresources.wtatennis.com/photo-resources/2025/04/16/ad3c213f-6323-4422-bb86-ff92e8cb213c/WTA-Tournament_Miami-2024.png?height=128,https://www.wtatennis.com/tournaments/902/miami/2022,"MIAMI • UNITED STATES, FL",WTA 1000,Hard,https://www.wtatennis.com/resources/v7.31.10/i/elements/1000k-tag.svg,Irina-Camelia Begu,1.0,ROU,https://www.wtatennis.com/resources/v7.31.10/i/elements/flags/rou.svg,Round of 64 R64,L,"4 - 6,4 - 6,",5,https://www.wtatennis.com/players/313169/irina-camelia-begu,22 Mar - 3 Apr 2022,10.0,30130.0,96M/48Q/32D,2022-03-22 00:00:00,2022-04-03 00:00:00,2022.0,3.0,247739189.0
328,Miami Open presented by Itaú,https://photoresources.wtatennis.com/photo-resources/2025/04/16/ad3c213f-6323-4422-bb86-ff92e8cb213c/WTA-Tournament_Miami-2024.png?height=128,https://www.wtatennis.com/tournaments/902/miami/2022,"MIAMI • UNITED STATES, FL",WTA 1000,Hard,https://www.wtatennis.com/resources/v7.31.10/i/elements/1000k-tag.svg,,1.0,,,Round of 128 R128,,Bye,5,,22 Mar - 3 Apr 2022,10.0,30130.0,96M/48Q/32D,2022-03-22 00:00:00,2022-04-03 00:00:00,2022.0,3.0,247769319.0
329,BNP Paribas Open,https://photoresources.wtatennis.com/photo-resources/2025/04/16/e155ccb6-5daf-4a93-8fa1-a30ce14c2704/WTA-Tournament_Indian-Wells-2017.png?height=128,https://www.wtatennis.com/tournaments/609/indian-wells/2022,"INDIAN WELLS • UNITED STATES, CA",WTA 1000,Hard,https://www.wtatennis.com/resources/v7.31.10/i/elements/1000k-tag.svg,Jasmine Paolini,2.0,ITA,https://www.wtatennis.com/resources/v7.31.10/i/elements/flags/ita.svg,Round of 64 R64,L,"6 - 2,3 - 6,3 - 6,",3,https://www.wtatennis.com/players/319280/jasmine-paolini,9 - 20 Mar 2022,10.0,30130.0,96M/48Q/32D,2022-03-09 00:00:00,2022-03-20 00:00:00,2022.0,3.0,247799449.0
330,BNP Paribas Open,https://photoresources.wtatennis.com/photo-resources/2025/04/16/e155ccb6-5daf-4a93-8fa1-a30ce14c2704/WTA-Tournament_Indian-Wells-2017.png?height=128,https://www.wtatennis.com/tournaments/609/indian-wells/2022,"INDIAN WELLS • UNITED STATES, CA",WTA 1000,Hard,https://www.wtatennis.com/resources/v7.31.10/i/elements/1000k-tag.svg,,2.0,,,Round of 128 R128,,Bye,3,,9 - 20 Mar 2022,10.0,30130.0,96M/48Q/32D,2022-03-09 00:00:00,2022-03-20 00:00:00,2022.0,3.0,247829579.0
331,Qatar TotalEnergies Open,https://photoresources.wtatennis.com/photo-resources/2025/04/16/74cb07bc-dc84-43f7-9acc-95e51d3748c9/WTA-Tournament_Doha-2025.png?height=128,https://www.wtatennis.com/tournaments/1003/doha/2022,DOHA • QATAR,WTA 1000,Hard,https://www.wtatennis.com/resources/v7.31.10/i/elements/1000k-tag.svg,Iga Swiatek,1.0,POL,https://www.wtatennis.com/resources/v7.31.10/i/elements/flags/pol.svg,Quarterfinals Quarter,L,"2 - 6,3 - 6,",2,https://www.wtatennis.com/players/326408/iga-swiatek,20 - 26 Feb 2022,190.0,53000.0,64M/32Q/32D,,2022-02-26 00:00:00,,,247882579.0
332,Qatar TotalEnergies Open,https://photoresources.wtatennis.com/photo-resources/2025/04/16/74cb07bc-dc84-43f7-9acc-95e51d3748c9/WTA-Tournament_Doha-2025.png?height=128,https://www.wtatennis.com/tournaments/1003/doha/2022,DOHA • QATAR,WTA 1000,Hard,https://www.wtatennis.com/resources/v7.31.10/i/elements/1000k-tag.svg,Jil Teichmann,1.0,SUI,https://www.wtatennis.com/resources/v7.31.10/i/elements/flags/sui.svg,Round of 16 R16,W,"6 - 2,6 - 1,",2,https://www.wtatennis.com/players/320926/jil-teichmann,20 - 26 Feb 2022,190.0,53000.0,64M/32Q/32D,,2022-02-26 00:00:00,,,247935579.0
333,Qatar TotalEnergies Open,https://photoresources.wtatennis.com/photo-resources/2025/04/16/74cb07bc-dc84-43f7-9acc-95e51d3748c9/WTA-Tournament_Doha-2025.png?height=128,https://www.wtatennis.com/tournaments/1003/doha/2022,DOHA • QATAR,WTA 1000,Hard,https://www.wtatennis.com/resources/v7.31.10/i/elements/1000k-tag.svg,Alizé Cornet,1.0,FRA,https://www.wtatennis.com/resources/v7.31.10/i/elements/flags/fra.svg,Round of 32 R32,W,"6 - 2,6 - 2,",2,https://www.wtatennis.com/players/312121/aliz-cornet,20 - 26 Feb 2022,190.0,53000.0,64M/32Q/32D,,2022-02-26 00:00:00,,,247988579.0
334,Qatar TotalEnergies Open,https://photoresources.wtatennis.com/photo-resources/2025/04/16/74cb07bc-dc84-43f7-9acc-95e51d3748c9/WTA-Tournament_Doha-2025.png?height=128,https://www.wtatennis.com/tournaments/1003/doha/2022,DOHA • QATAR,WTA 1000,Hard,https://www.wtatennis.com/resources/v7.31.10/i/elements/1000k-tag.svg,,1.0,,,Round of 64 R64,,Bye,2,,20 - 26 Feb 2022,190.0,53000.0,64M/32Q/32D,,2022-02-26 00:00:00,,,248041579.0
335,Dubai Duty Free Tennis Championships,https://photoresources.wtatennis.com/photo-resources/2025/04/16/aa274c10-fd33-4715-ac0e-d74441b27a54/WTA-Tournament_Dubai-2017.png?height=128,https://www.wtatennis.com/tournaments/718/dubai/2022,DUBAI • UNITED ARAB EMIRATES,WTA 500,Hard,https://www.wtatennis.com/resources/v7.31.10/i/elements/500k-tag.svg,Petra Kvitova,1.0,CZE,https://www.wtatennis.com/resources/v7.31.10/i/elements/flags/cze.svg,Round of 16 R16,L,"4 - 6,4 - 6,",2,https://www.wtatennis.com/players/314206/petra-kvitova,14 - 19 Feb 2022,55.0,9500.0,32M/48Q/16D,,2022-02-19 00:00:00,,,248051079.0
336,Dubai Duty Free Tennis Championships,https://photoresources.wtatennis.com/photo-resources/2025/04/16/aa274c10-fd33-4715-ac0e-d74441b27a54/WTA-Tournament_Dubai-2017.png?height=128,https://www.wtatennis.com/tournaments/718/dubai/2022,DUBAI • UNITED ARAB EMIRATES,WTA 500,Hard,https://www.wtatennis.com/resources/v7.31.10/i/elements/500k-tag.svg,Marta Kostyuk,1.0,UKR,https://www.wtatennis.com/resources/v7.31.10/i/elements/flags/ukr.svg,Round of 32 R32,W,"6 - 4,6 - 1,",2,https://www.wtatennis.com/players/326482/marta-kostyuk,14 - 19 Feb 2022,55.0,9500.0,32M/48Q/16D,,2022-02-19 00:00:00,,,248060579.0
337,Australian Open,https://photoresources.wtatennis.com/photo-resources/2025/04/16/20886615-8c76-4d00-b747-7946c3692df2/WTA-Tournament_Australian-Open.png?height=128,https://www.wtatennis.com/tournaments/901/australian-open/2022,MELBOURNE • AUSTRALIA,Grand Slam,Hard,https://www.wtatennis.com/resources/v7.31.10/i/elements/gs-tag.svg,Kaia Kanepi,2.0,EST,https://www.wtatennis.com/resources/v7.31.10/i/elements/flags/est.svg,Round of 16 R16,L,"7 - 5,2 - 6,67 - 7,",2,https://www.wtatennis.com/players/110536/kaia-kanepi,17 - 30 Jan 2022,240.0,246795.0,128M/128Q/64D,,2022-01-30 00:00:00,,,248307374.0
338,Australian Open,https://photoresources.wtatennis.com/photo-resources/2025/04/16/20886615-8c76-4d00-b747-7946c3692df2/WTA-Tournament_Australian-Open.png?height=128,https://www.wtatennis.com/tournaments/901/australian-open/2022,MELBOURNE • AUSTRALIA,Grand Slam,Hard,https://www.wtatennis.com/resources/v7.31.10/i/elements/gs-tag.svg,Marketa Vondrousova,2.0,CZE,https://www.wtatennis.com/resources/v7.31.10/i/elements/flags/cze.svg,Round of 32 R32,W,"4 - 6,6 - 3,6 - 1,",2,https://www.wtatennis.com/players/323027/marketa-vondrousova,17 - 30 Jan 2022,240.0,246795.0,128M/128Q/64D,,2022-01-30 00:00:00,,,248554169.0
339,Australian Open,https://photoresources.wtatennis.com/photo-resources/2025/04/16/20886615-8c76-4d00-b747-7946c3692df2/WTA-Tournament_Australian-Open.png?height=128,https://www.wtatennis.com/tournaments/901/australian-open/2022,MELBOURNE • AUSTRALIA,Grand Slam,Hard,https://www.wtatennis.com/resources/v7.31.10/i/elements/gs-tag.svg,Xinyu Wang,2.0,CHN,https://www.wtatennis.com/resources/v7.31.10/i/elements/flags/chn.svg,Round of 64 R64,W,"1 - 6,6 - 4,6 - 2,",2,https://www.wtatennis.com/players/326376/xinyu-wang,17 - 30 Jan 2022,240.0,246795.0,128M/128Q/64D,,2022-01-30 00:00:00,,,248800964.0
340,Australian Open,https://photoresources.wtatennis.com/photo-resources/2025/04/16/20886615-8c76-4d00-b747-7946c3692df2/WTA-Tournament_Australian-Open.png?height=128,https://www.wtatennis.com/tournaments/901/australian-open/2022,MELBOURNE • AUSTRALIA,Grand Slam,Hard,https://www.wtatennis.com/resources/v7.31.10/i/elements/gs-tag.svg,Storm Hunter,2.0,AUS,https://www.wtatennis.com/resources/v7.31.10/i/elements/flags/aus.svg,Round of 128 R128,W,"5 - 7,6 - 3,6 - 2,",2,https://www.wtatennis.com/players/317810/storm-hunter,17 - 30 Jan 2022,240.0,246795.0,128M/128Q/64D,,2022-01-30 00:00:00,,,249047759.0
341,Adelaide International 2,,https://www.wtatennis.com/tournaments/2030/adelaide-250/2022,ADELAIDE • AUSTRALIA,WTA 250,Hard,https://www.wtatennis.com/resources/v7.31.10/i/elements/250k-tag.svg,Rebecca Peterson,1.0,SWE,https://www.wtatennis.com/resources/v7.31.10/i/elements/flags/swe.svg,Round of 32 R32,L,"7 - 5,1 - 6,5 - 7,",2,https://www.wtatennis.com/players/317771/rebecca-peterson,10 - 15 Jan 2022,1.0,2675.0,32M/24Q/16D,,2022-01-15 00:00:00,,,249050434.0
342,Adelaide International 1,,https://www.wtatennis.com/tournaments/2014/adelaide/2022,ADELAIDE • AUSTRALIA,WTA 500,Hard,https://www.wtatennis.com/resources/v7.31.10/i/elements/500k-tag.svg,Kaja Juvan,2.0,SLO,https://www.wtatennis.com/resources/v7.31.10/i/elements/flags/slo.svg,Round of 16 R16,L,"66 - 7,1 - 6,",2,https://www.wtatennis.com/players/324702/kaja-juvan,3 - 9 Jan 2022,1.0,10000.0,32M/24Q/16D,2022-01-03 00:00:00,2022-01-09 00:00:00,2022.0,1.0,249060434.0
343,Adelaide International 1,,https://www.wtatennis.com/tournaments/2014/adelaide/2022,ADELAIDE • AUSTRALIA,WTA 500,Hard,https://www.wtatennis.com/resources/v7.31.10/i/elements/500k-tag.svg,,2.0,,,Round of 32 R32,,Bye,2,,3 - 9 Jan 2022,1.0,10000.0,32M/24Q/16D,2022-01-03 00:00:00,2022-01-09 00:00:00,2022.0,1.0,249070434.0
344,Akron WTA Finals Guadalajara,https://photoresources.wtatennis.com/photo-resources/2025/10/16/b04a642b-ddb5-40c8-91f1-26a2d61650fe/WTA-finals.png?height=128,https://www.wtatennis.com/tournaments/808/wta-finals/2021,GUADALAJARA • MEXICO,Finals,Hard,https://www.wtatennis.com/resources/v7.31.10/i/elements/finals-tag.svg,Maria Sakkari,1.0,GRE,https://www.wtatennis.com/resources/v7.31.10/i/elements/flags/gre.svg,Group Stage Group,L,"61 - 7,7 - 66,3 - 6,",2,https://www.wtatennis.com/players/318312/maria-sakkari,10 - 17 Nov 2021,,220000.0,9M/0Q/16D,,2021-11-17 00:00:00,,,249290434.0
345,Akron WTA Finals Guadalajara,https://photoresources.wtatennis.com/photo-resources/2025/10/16/b04a642b-ddb5-40c8-91f1-26a2d61650fe/WTA-finals.png?height=128,https://www.wtatennis.com/tournaments/808/wta-finals/2021,GUADALAJARA • MEXICO,Finals,Hard,https://www.wtatennis.com/resources/v7.31.10/i/elements/finals-tag.svg,Iga Swiatek,1.0,POL,https://www.wtatennis.com/resources/v7.31.10/i/elements/flags/pol.svg,Group Stage Group,W,"2 - 6,6 - 2,7 - 5,",2,https://www.wtatennis.com/players/326408/iga-swiatek,10 - 17 Nov 2021,,220000.0,9M/0Q/16D,,2021-11-17 00:00:00,,,249510434.0
346,Akron WTA Finals Guadalajara,https://photoresources.wtatennis.com/photo-resources/2025/10/16/b04a642b-ddb5-40c8-91f1-26a2d61650fe/WTA-finals.png?height=128,https://www.wtatennis.com/tournaments/808/wta-finals/2021,GUADALAJARA • MEXICO,Finals,Hard,https://www.wtatennis.com/resources/v7.31.10/i/elements/finals-tag.svg,Paula Badosa,1.0,ESP,https://www.wtatennis.com/resources/v7.31.10/i/elements/flags/esp.svg,Group Stage Group,L,"4 - 6,0 - 6,",2,https://www.wtatennis.com/players/320124/paula-badosa,10 - 17 Nov 2021,,220000.0,9M/0Q/16D,,2021-11-17 00:00:00,,,249730434.0
347,VTB Kremlin Cup 2021,,https://www.wtatennis.com/tournaments/730/moscow/2021,MOSCOW • RUSSIA,WTA 500,Hard,https://www.wtatennis.com/resources/v7.31.10/i/elements/500k-tag.svg,Ekaterina Alexandrova,1.0,RUS,https://www.wtatennis.com/resources/v7.31.10/i/elements/flags/rus.svg,Quarterfinals Quarter,L,"3 - 6,4 - 6,",2,https://www.wtatennis.com/players/319007/ekaterina-alexandrova,18 - 24 Oct 2021,100.0,15500.0,32M/32Q/16D,,2021-10-24 00:00:00,,,249745934.0
348,VTB Kremlin Cup 2021,,https://www.wtatennis.com/tournaments/730/moscow/2021,MOSCOW • RUSSIA,WTA 500,Hard,https://www.wtatennis.com/resources/v7.31.10/i/elements/500k-tag.svg,Ajla Tomljanovic,1.0,AUS,https://www.wtatennis.com/resources/v7.31.10/i/elements/flags/aus.svg,Round of 16 R16,W,"7 - 62,4 - 6,6 - 1,",2,https://www.wtatennis.com/players/315232/ajla-tomljanovic,18 - 24 Oct 2021,100.0,15500.0,32M/32Q/16D,,2021-10-24 00:00:00,,,249761434.0
349,VTB Kremlin Cup 2021,,https://www.wtatennis.com/tournaments/730/moscow/2021,MOSCOW • RUSSIA,WTA 500,Hard,https://www.wtatennis.com/resources/v7.31.10/i/elements/500k-tag.svg,,1.0,,,Round of 32 R32,,Bye,2,,18 - 24 Oct 2021,100.0,15500.0,32M/32Q/16D,,2021-10-24 00:00:00,,,249776934.0
350,US Open,https://photoresources.wtatennis.com/photo-resources/2025/04/16/295289d9-36fa-408a-8586-2b407d930c10/WTA-Tournament_US-Open.png?height=128,https://www.wtatennis.com/tournaments/905/us-open/2021,"NEW YORK • UNITED STATES, NY",Grand Slam,Hard,https://www.wtatennis.com/resources/v7.31.10/i/elements/gs-tag.svg,Leylah Fernandez,2.0,CAN,https://www.wtatennis.com/resources/v7.31.10/i/elements/flags/can.svg,Semifinals Semi,L,"63 - 7,6 - 4,4 - 6,",2,https://www.wtatennis.com/players/326735/leylah-fernandez,30 Aug - 11 Sep 2021,780.0,675000.0,128M/128Q/64D,2021-08-30 00:00:00,2021-09-11 00:00:00,2021.0,8.0,250451934.0
351,US Open,https://photoresources.wtatennis.com/photo-resources/2025/04/16/295289d9-36fa-408a-8586-2b407d930c10/WTA-Tournament_US-Open.png?height=128,https://www.wtatennis.com/tournaments/905/us-open/2021,"NEW YORK • UNITED STATES, NY",Grand Slam,Hard,https://www.wtatennis.com/resources/v7.31.10/i/elements/gs-tag.svg,Barbora Krejcikova,2.0,CZE,https://www.wtatennis.com/resources/v7.31.10/i/elements/flags/cze.svg,Quarterfinals Quarter,W,"6 - 1,6 - 4,",2,https://www.wtatennis.com/players/318314/barbora-krejcikova,30 Aug - 11 Sep 2021,780.0,675000.0,128M/128Q/64D,2021-08-30 00:00:00,2021-09-11 00:00:00,2021.0,8.0,251126934.0
352,US Open,https://photoresources.wtatennis.com/photo-resources/2025/04/16/295289d9-36fa-408a-8586-2b407d930c10/WTA-Tournament_US-Open.png?height=128,https://www.wtatennis.com/tournaments/905/us-open/2021,"NEW YORK • UNITED STATES, NY",Grand Slam,Hard,https://www.wtatennis.com/resources/v7.31.10/i/elements/gs-tag.svg,Elise Mertens,2.0,BEL,https://www.wtatennis.com/resources/v7.31.10/i/elements/flags/bel.svg,Round of 16 R16,W,"6 - 4,6 - 1,",2,https://www.wtatennis.com/players/317964/elise-mertens,30 Aug - 11 Sep 2021,780.0,675000.0,128M/128Q/64D,2021-08-30 00:00:00,2021-09-11 00:00:00,2021.0,8.0,251801934.0
353,US Open,https://photoresources.wtatennis.com/photo-resources/2025/04/16/295289d9-36fa-408a-8586-2b407d930c10/WTA-Tournament_US-Open.png?height=128,https://www.wtatennis.com/tournaments/905/us-open/2021,"NEW YORK • UNITED STATES, NY",Grand Slam,Hard,https://www.wtatennis.com/resources/v7.31.10/i/elements/gs-tag.svg,Danielle Collins,2.0,USA,https://www.wtatennis.com/resources/v7.31.10/i/elements/flags/usa.svg,Round of 32 R32,W,"6 - 3,6 - 3,",2,https://www.wtatennis.com/players/316925/danielle-collins,30 Aug - 11 Sep 2021,780.0,675000.0,128M/128Q/64D,2021-08-30 00:00:00,2021-09-11 00:00:00,2021.0,8.0,252476934.0
354,US Open,https://photoresources.wtatennis.com/photo-resources/2025/04/16/295289d9-36fa-408a-8586-2b407d930c10/WTA-Tournament_US-Open.png?height=128,https://www.wtatennis.com/tournaments/905/us-open/2021,"NEW YORK • UNITED STATES, NY",Grand Slam,Hard,https://www.wtatennis.com/resources/v7.31.10/i/elements/gs-tag.svg,Tamara Zidansek,2.0,SLO,https://www.wtatennis.com/resources/v7.31.10/i/elements/flags/slo.svg,Round of 64 R64,W,"6 - 3,6 - 1,",2,https://www.wtatennis.com/players/323079/tamara-zidansek,30 Aug - 11 Sep 2021,780.0,675000.0,128M/128Q/64D,2021-08-30 00:00:00,2021-09-11 00:00:00,2021.0,8.0,253151934.0
355,US Open,https://photoresources.wtatennis.com/photo-resources/2025/04/16/295289d9-36fa-408a-8586-2b407d930c10/WTA-Tournament_US-Open.png?height=128,https://www.wtatennis.com/tournaments/905/us-open/2021,"NEW YORK • UNITED STATES, NY",Grand Slam,Hard,https://www.wtatennis.com/resources/v7.31.10/i/elements/gs-tag.svg,Nina Stojanovic,2.0,SRB,https://www.wtatennis.com/resources/v7.31.10/i/elements/flags/srb.svg,Round of 128 R128,W,"6 - 4,64 - 7,6 - 0,",2,https://www.wtatennis.com/players/319709/nina-stojanovic,30 Aug - 11 Sep 2021,780.0,675000.0,128M/128Q/64D,2021-08-30 00:00:00,2021-09-11 00:00:00,2021.0,8.0,253826934.0
356,Western & Southern Open,https://photoresources.wtatennis.com/photo-resources/2025/04/16/17c99db9-c289-451d-8cd9-65e8d9a25a26/WTA-Tournament_Cincinnati-2024.png?height=128,https://www.wtatennis.com/tournaments/1017/cincinnati/2021,"CINCINNATI • UNITED STATES, OH",WTA 1000,Hard,https://www.wtatennis.com/resources/v7.31.10/i/elements/1000k-tag.svg,Paula Badosa,3.0,ESP,https://www.wtatennis.com/resources/v7.31.10/i/elements/flags/esp.svg,Round of 32 R32,L,"7 - 5,2 - 6,64 - 7,",3,https://www.wtatennis.com/players/320124/paula-badosa,16 - 22 Aug 2021,1.0,15330.0,64M/32Q/32D,,2021-08-22 00:00:00,,,253842264.0
357,Western & Southern Open,https://photoresources.wtatennis.com/photo-resources/2025/04/16/17c99db9-c289-451d-8cd9-65e8d9a25a26/WTA-Tournament_Cincinnati-2024.png?height=128,https://www.wtatennis.com/tournaments/1017/cincinnati/2021,"CINCINNATI • UNITED STATES, OH",WTA 1000,Hard,https://www.wtatennis.com/resources/v7.31.10/i/elements/1000k-tag.svg,,3.0,,,Round of 64 R64,,Bye,3,,16 - 22 Aug 2021,1.0,15330.0,64M/32Q/32D,,2021-08-22 00:00:00,,,253857594.0
358,National Bank Open,,https://www.wtatennis.com/tournaments/806/montreal/2021,MONTREAL • CANADA,WTA 1000,Hard,https://www.wtatennis.com/resources/v7.31.10/i/elements/1000k-tag.svg,Karolina Pliskova,1.0,CZE,https://www.wtatennis.com/resources/v7.31.10/i/elements/flags/cze.svg,Semifinals Semi,L,"3 - 6,4 - 6,",3,https://www.wtatennis.com/players/313974/karolina-pliskova,9 - 15 Aug 2021,350.0,87000.0,64M/32Q/32D,2021-08-09 00:00:00,2021-08-15 00:00:00,2021.0,8.0,253944594.0
359,National Bank Open,,https://www.wtatennis.com/tournaments/806/montreal/2021,MONTREAL • CANADA,WTA 1000,Hard,https://www.wtatennis.com/resources/v7.31.10/i/elements/1000k-tag.svg,Victoria Azarenka,1.0,BLR,https://www.wtatennis.com/resources/v7.31.10/i/elements/flags/blr.svg,Quarterfinals Quarter,W,"6 - 2,6 - 4,",3,https://www.wtatennis.com/players/312001/victoria-azarenka,9 - 15 Aug 2021,350.0,87000.0,64M/32Q/32D,2021-08-09 00:00:00,2021-08-15 00:00:00,2021.0,8.0,254031594.0
360,National Bank Open,,https://www.wtatennis.com/tournaments/806/montreal/2021,MONTREAL • CANADA,WTA 1000,Hard,https://www.wtatennis.com/resources/v7.31.10/i/elements/1000k-tag.svg,Rebecca Marino,1.0,CAN,https://www.wtatennis.com/resources/v7.31.10/i/elements/flags/can.svg,Round of 16 R16,W,"6 - 1,6 - 3,",3,https://www.wtatennis.com/players/313485/rebecca-marino,9 - 15 Aug 2021,350.0,87000.0,64M/32Q/32D,2021-08-09 00:00:00,2021-08-15 00:00:00,2021.0,8.0,254118594.0
361,National Bank Open,,https://www.wtatennis.com/tournaments/806/montreal/2021,MONTREAL • CANADA,WTA 1000,Hard,https://www.wtatennis.com/resources/v7.31.10/i/elements/1000k-tag.svg,Sloane Stephens,1.0,USA,https://www.wtatennis.com/resources/v7.31.10/i/elements/flags/usa.svg,Round of 32 R32,W,"7 - 64,4 - 6,6 - 4,",3,https://www.wtatennis.com/players/315683/sloane-stephens,9 - 15 Aug 2021,350.0,87000.0,64M/32Q/32D,2021-08-09 00:00:00,2021-08-15 00:00:00,2021.0,8.0,254205594.0
362,National Bank Open,,https://www.wtatennis.com/tournaments/806/montreal/2021,MONTREAL • CANADA,WTA 1000,Hard,https://www.wtatennis.com/resources/v7.31.10/i/elements/1000k-tag.svg,,1.0,,,Round of 64 R64,,Bye,3,,9 - 15 Aug 2021,350.0,87000.0,64M/32Q/32D,2021-08-09 00:00:00,2021-08-15 00:00:00,2021.0,8.0,254292594.0
363,OLYMPICS TENNIS EVENT,,https://www.wtatennis.com/tournaments/650/olympics/2021,TOKYO • JAPAN,OLYMPICS,Hard,,Donna Vekic,3.0,CRO,https://www.wtatennis.com/resources/v7.31.10/i/elements/flags/cro.svg,Round of 32 R32,L,"4 - 6,6 - 3,63 - 7,",3,https://www.wtatennis.com/players/318516/donna-vekic,24 Jul - 1 Aug 2021,,,64M/0Q/32D,2021-07-24 00:00:00,2021-08-01 00:00:00,2021.0,7.0,
364,OLYMPICS TENNIS EVENT,,https://www.wtatennis.com/tournaments/650/olympics/2021,TOKYO • JAPAN,OLYMPICS,Hard,,Magda Linette,3.0,POL,https://www.wtatennis.com/resources/v7.31.10/i/elements/flags/pol.svg,Round of 64 R64,W,"6 - 2,6 - 1,",3,https://www.wtatennis.com/players/315130/magda-linette,24 Jul - 1 Aug 2021,,,64M/0Q/32D,2021-07-24 00:00:00,2021-08-01 00:00:00,2021.0,7.0,
365,The Championships,https://photoresources.wtatennis.com/photo-resources/2025/04/16/710d860b-bce6-40c7-8838-a6272dbf6be6/WTA-Tournament_Wimbledon.png?height=128,https://www.wtatennis.com/tournaments/904/wimbledon/2021,WIMBLEDON • GREAT BRITAIN,Grand Slam,Grass,https://www.wtatennis.com/resources/v7.31.10/i/elements/gs-tag.svg,Karolina Pliskova,2.0,CZE,https://www.wtatennis.com/resources/v7.31.10/i/elements/flags/cze.svg,Semifinals Semi,L,"7 - 5,4 - 6,4 - 6,",4,https://www.wtatennis.com/players/313974/karolina-pliskova,28 Jun - 10 Jul 2021,780.0,630821.0,128M/128Q/64D,2021-06-28 00:00:00,2021-07-10 00:00:00,2021.0,6.0,254923415.0
366,The Championships,https://photoresources.wtatennis.com/photo-resources/2025/04/16/710d860b-bce6-40c7-8838-a6272dbf6be6/WTA-Tournament_Wimbledon.png?height=128,https://www.wtatennis.com/tournaments/904/wimbledon/2021,WIMBLEDON • GREAT BRITAIN,Grand Slam,Grass,https://www.wtatennis.com/resources/v7.31.10/i/elements/gs-tag.svg,Ons Jabeur,2.0,TUN,https://www.wtatennis.com/resources/v7.31.10/i/elements/flags/tun.svg,Quarterfinals Quarter,W,"6 - 4,6 - 3,",4,https://www.wtatennis.com/players/316847/ons-jabeur,28 Jun - 10 Jul 2021,780.0,630821.0,128M/128Q/64D,2021-06-28 00:00:00,2021-07-10 00:00:00,2021.0,6.0,255554236.0
367,The Championships,https://photoresources.wtatennis.com/photo-resources/2025/04/16/710d860b-bce6-40c7-8838-a6272dbf6be6/WTA-Tournament_Wimbledon.png?height=128,https://www.wtatennis.com/tournaments/904/wimbledon/2021,WIMBLEDON • GREAT BRITAIN,Grand Slam,Grass,https://www.wtatennis.com/resources/v7.31.10/i/elements/gs-tag.svg,Elena Rybakina,2.0,KAZ,https://www.wtatennis.com/resources/v7.31.10/i/elements/flags/kaz.svg,Round of 16 R16,W,"6 - 3,4 - 6,6 - 3,",4,https://www.wtatennis.com/players/324166/elena-rybakina,28 Jun - 10 Jul 2021,780.0,630821.0,128M/128Q/64D,2021-06-28 00:00:00,2021-07-10 00:00:00,2021.0,6.0,256185057.0
368,The Championships,https://photoresources.wtatennis.com/photo-resources/2025/04/16/710d860b-bce6-40c7-8838-a6272dbf6be6/WTA-Tournament_Wimbledon.png?height=128,https://www.wtatennis.com/tournaments/904/wimbledon/2021,WIMBLEDON • GREAT BRITAIN,Grand Slam,Grass,https://www.wtatennis.com/resources/v7.31.10/i/elements/gs-tag.svg,Camila Osorio,2.0,COL,https://www.wtatennis.com/resources/v7.31.10/i/elements/flags/col.svg,Round of 32 R32,W,"6 - 0,6 - 3,",4,https://www.wtatennis.com/players/325898/camila-osorio,28 Jun - 10 Jul 2021,780.0,630821.0,128M/128Q/64D,2021-06-28 00:00:00,2021-07-10 00:00:00,2021.0,6.0,256815878.0
369,The Championships,https://photoresources.wtatennis.com/photo-resources/2025/04/16/710d860b-bce6-40c7-8838-a6272dbf6be6/WTA-Tournament_Wimbledon.png?height=128,https://www.wtatennis.com/tournaments/904/wimbledon/2021,WIMBLEDON • GREAT BRITAIN,Grand Slam,Grass,https://www.wtatennis.com/resources/v7.31.10/i/elements/gs-tag.svg,Katie Boulter,2.0,GBR,https://www.wtatennis.com/resources/v7.31.10/i/elements/flags/gbr.svg,Round of 64 R64,W,"4 - 6,6 - 3,6 - 3,",4,https://www.wtatennis.com/players/319125/katie-boulter,28 Jun - 10 Jul 2021,780.0,630821.0,128M/128Q/64D,2021-06-28 00:00:00,2021-07-10 00:00:00,2021.0,6.0,257446699.0
370,The Championships,https://photoresources.wtatennis.com/photo-resources/2025/04/16/710d860b-bce6-40c7-8838-a6272dbf6be6/WTA-Tournament_Wimbledon.png?height=128,https://www.wtatennis.com/tournaments/904/wimbledon/2021,WIMBLEDON • GREAT BRITAIN,Grand Slam,Grass,https://www.wtatennis.com/resources/v7.31.10/i/elements/gs-tag.svg,Monica Niculescu,2.0,ROU,https://www.wtatennis.com/resources/v7.31.10/i/elements/flags/rou.svg,Round of 128 R128,W,"6 - 1,6 - 4,",4,https://www.wtatennis.com/players/310775/monica-niculescu,28 Jun - 10 Jul 2021,780.0,630821.0,128M/128Q/64D,2021-06-28 00:00:00,2021-07-10 00:00:00,2021.0,6.0,258077520.0
371,Viking International Eastbourne,,https://www.wtatennis.com/tournaments/710/eastbourne/2021,EASTBOURNE • GREAT BRITAN,WTA 250,Grass,https://www.wtatennis.com/resources/v7.31.10/i/elements/250k-tag.svg,Camila Giorgi,1.0,ITA,https://www.wtatennis.com/resources/v7.31.10/i/elements/flags/ita.svg,Quarterfinals Quarter,L,"65 - 7,6 - 0,4 - 6,",4,https://www.wtatennis.com/players/314610/camila-giorgi,21 - 26 Jun 2021,100.0,13800.0,32M/32Q/16D,,2021-06-26 00:00:00,,,258091320.0
372,Viking International Eastbourne,,https://www.wtatennis.com/tournaments/710/eastbourne/2021,EASTBOURNE • GREAT BRITAN,WTA 250,Grass,https://www.wtatennis.com/resources/v7.31.10/i/elements/250k-tag.svg,Alison Riske-Amritraj,1.0,USA,https://www.wtatennis.com/resources/v7.31.10/i/elements/flags/usa.svg,Round of 16 R16,W,"6 - 1,6 - 4,",4,https://www.wtatennis.com/players/312850/alison-riske-amritraj,21 - 26 Jun 2021,100.0,13800.0,32M/32Q/16D,,2021-06-26 00:00:00,,,258105120.0
373,Viking International Eastbourne,,https://www.wtatennis.com/tournaments/710/eastbourne/2021,EASTBOURNE • GREAT BRITAN,WTA 250,Grass,https://www.wtatennis.com/resources/v7.31.10/i/elements/250k-tag.svg,Bernarda Pera,1.0,USA,https://www.wtatennis.com/resources/v7.31.10/i/elements/flags/usa.svg,Round of 32 R32,W,"6 - 3,6 - 4,",4,https://www.wtatennis.com/players/317708/bernarda-pera,21 - 26 Jun 2021,100.0,13800.0,32M/32Q/16D,,2021-06-26 00:00:00,,,258118920.0
374,bett1open,https://photoresources.wtatennis.com/photo-resources/2025/05/23/7fdec664-b1a6-44fc-8772-ecfb34d7aca2/WTA-Tournament_Berlin-2024.png?height=128,https://www.wtatennis.com/tournaments/2012/berlin/2021,BERLIN • GERMANY,WTA 500,Grass,https://www.wtatennis.com/resources/v7.31.10/i/elements/500k-tag.svg,Madison Keys,1.0,USA,https://www.wtatennis.com/resources/v7.31.10/i/elements/flags/usa.svg,Round of 16 R16,L,"4 - 6,6 - 1,5 - 7,",4,https://www.wtatennis.com/players/316959/madison-keys,14 - 20 Jun 2021,1.0,8200.0,32M/32Q/16D,,2021-06-20 00:00:00,,,258127120.0
375,bett1open,https://photoresources.wtatennis.com/photo-resources/2025/05/23/7fdec664-b1a6-44fc-8772-ecfb34d7aca2/WTA-Tournament_Berlin-2024.png?height=128,https://www.wtatennis.com/tournaments/2012/berlin/2021,BERLIN • GERMANY,WTA 500,Grass,https://www.wtatennis.com/resources/v7.31.10/i/elements/500k-tag.svg,,1.0,,,Round of 32 R32,,Bye,4,,14 - 20 Jun 2021,1.0,8200.0,32M/32Q/16D,,2021-06-20 00:00:00,,,258135320.0
376,Roland Garros,https://photoresources.wtatennis.com/photo-resources/2025/04/16/ddbbc328-7967-416c-a6b5-043c8c3f933e/WTA-Tournament_Roland-Garros.png?height=128,https://www.wtatennis.com/tournaments/903/roland-garros/2021,PARIS • FRANCE,Grand Slam,Clay,https://www.wtatennis.com/resources/v7.31.10/i/elements/gs-tag.svg,Anastasia Pavlyuchenkova,3.0,RUS,https://www.wtatennis.com/resources/v7.31.10/i/elements/flags/rus.svg,Round of 32 R32,L,"4 - 6,6 - 2,0 - 6,",4,https://www.wtatennis.com/players/313796/anastasia-pavlyuchenkova,30 May - 12 Jun 2021,130.0,133345.0,128M/128Q/64D,2021-05-30 00:00:00,2021-06-12 00:00:00,2021.0,5.0,258268665.0
377,Roland Garros,https://photoresources.wtatennis.com/photo-resources/2025/04/16/ddbbc328-7967-416c-a6b5-043c8c3f933e/WTA-Tournament_Roland-Garros.png?height=128,https://www.wtatennis.com/tournaments/903/roland-garros/2021,PARIS • FRANCE,Grand Slam,Clay,https://www.wtatennis.com/resources/v7.31.10/i/elements/gs-tag.svg,Aliaksandra Sasnovich,3.0,BLR,https://www.wtatennis.com/resources/v7.31.10/i/elements/flags/blr.svg,Round of 64 R64,W,"7 - 5,6 - 3,",4,https://www.wtatennis.com/players/317790/aliaksandra-sasnovich,30 May - 12 Jun 2021,130.0,133345.0,128M/128Q/64D,2021-05-30 00:00:00,2021-06-12 00:00:00,2021.0,5.0,258402010.0
378,Roland Garros,https://photoresources.wtatennis.com/photo-resources/2025/04/16/ddbbc328-7967-416c-a6b5-043c8c3f933e/WTA-Tournament_Roland-Garros.png?height=128,https://www.wtatennis.com/tournaments/903/roland-garros/2021,PARIS • FRANCE,Grand Slam,Clay,https://www.wtatennis.com/resources/v7.31.10/i/elements/gs-tag.svg,Ana Konjuh,3.0,CRO,https://www.wtatennis.com/resources/v7.31.10/i/elements/flags/cro.svg,Round of 128 R128,W,"6 - 4,6 - 3,",4,https://www.wtatennis.com/players/320682/ana-konjuh,30 May - 12 Jun 2021,130.0,133345.0,128M/128Q/64D,2021-05-30 00:00:00,2021-06-12 00:00:00,2021.0,5.0,258535355.0
379,Internazionali BNL d'Italia,https://photoresources.wtatennis.com/photo-resources/2025/04/16/51f9b6ec-ebde-417f-b706-31b0bb4cc688/WTA-Tournament_Rome-2018.png?height=128,https://www.wtatennis.com/tournaments/709/rome/2021,ROME • ITALY,WTA 1000,Clay,https://www.wtatennis.com/resources/v7.31.10/i/elements/1000k-tag.svg,Coco Gauff,7.0,USA,https://www.wtatennis.com/resources/v7.31.10/i/elements/flags/usa.svg,Round of 16 R16,L,"5 - 7,3 - 6,",4,https://www.wtatennis.com/players/328560/coco-gauff,10 - 16 May 2021,105.0,21000.0,64M/32Q/32D,,2021-05-16 00:00:00,,,258556355.0
380,Internazionali BNL d'Italia,https://photoresources.wtatennis.com/photo-resources/2025/04/16/51f9b6ec-ebde-417f-b706-31b0bb4cc688/WTA-Tournament_Rome-2018.png?height=128,https://www.wtatennis.com/tournaments/709/rome/2021,ROME • ITALY,WTA 1000,Clay,https://www.wtatennis.com/resources/v7.31.10/i/elements/1000k-tag.svg,Sara Sorribes Tormo,7.0,ESP,https://www.wtatennis.com/resources/v7.31.10/i/elements/flags/esp.svg,Round of 32 R32,W,"7 - 5,6 - 1,",4,https://www.wtatennis.com/players/318872/sara-sorribes-tormo,10 - 16 May 2021,105.0,21000.0,64M/32Q/32D,,2021-05-16 00:00:00,,,258577355.0
381,Internazionali BNL d'Italia,https://photoresources.wtatennis.com/photo-resources/2025/04/16/51f9b6ec-ebde-417f-b706-31b0bb4cc688/WTA-Tournament_Rome-2018.png?height=128,https://www.wtatennis.com/tournaments/709/rome/2021,ROME • ITALY,WTA 1000,Clay,https://www.wtatennis.com/resources/v7.31.10/i/elements/1000k-tag.svg,,7.0,,,Round of 64 R64,,Bye,4,,10 - 16 May 2021,105.0,21000.0,64M/32Q/32D,,2021-05-16 00:00:00,,,258598355.0
382,Mutua Madrid Open,https://photoresources.wtatennis.com/photo-resources/2025/04/16/993fad80-1e55-4a92-aae0-258338df5d6d/WTA-Tournament_Madrid-2023.png?height=128,https://www.wtatennis.com/tournaments/1038/madrid/2021,MADRID • SPAIN,WTA 1000,Clay,https://www.wtatennis.com/resources/v7.31.10/i/elements/1000k-tag.svg,Ashleigh Barty,5.0,AUS,https://www.wtatennis.com/resources/v7.31.10/i/elements/flags/aus.svg,Final F,W,"6 - 0,3 - 6,6 - 4,",7,https://www.wtatennis.com/players/318033/ashleigh-barty,29 Apr - 8 May 2021,1000.0,390798.0,64M/64Q/32D,2021-04-29 00:00:00,2021-05-08 00:00:00,2021.0,4.0,258989153.0
383,Mutua Madrid Open,https://photoresources.wtatennis.com/photo-resources/2025/04/16/993fad80-1e55-4a92-aae0-258338df5d6d/WTA-Tournament_Madrid-2023.png?height=128,https://www.wtatennis.com/tournaments/1038/madrid/2021,MADRID • SPAIN,WTA 1000,Clay,https://www.wtatennis.com/resources/v7.31.10/i/elements/1000k-tag.svg,Anastasia Pavlyuchenkova,5.0,RUS,https://www.wtatennis.com/resources/v7.31.10/i/elements/flags/rus.svg,Semifinals Semi,W,"6 - 2,6 - 3,",7,https://www.wtatennis.com/players/313796/anastasia-pavlyuchenkova,29 Apr - 8 May 2021,1000.0,390798.0,64M/64Q/32D,2021-04-29 00:00:00,2021-05-08 00:00:00,2021.0,4.0,259379951.0
384,Mutua Madrid Open,https://photoresources.wtatennis.com/photo-resources/2025/04/16/993fad80-1e55-4a92-aae0-258338df5d6d/WTA-Tournament_Madrid-2023.png?height=128,https://www.wtatennis.com/tournaments/1038/madrid/2021,MADRID • SPAIN,WTA 1000,Clay,https://www.wtatennis.com/resources/v7.31.10/i/elements/1000k-tag.svg,Elise Mertens,5.0,BEL,https://www.wtatennis.com/resources/v7.31.10/i/elements/flags/bel.svg,Quarterfinals Quarter,W,"6 - 1,4 - 0, Ret",7,https://www.wtatennis.com/players/317964/elise-mertens,29 Apr - 8 May 2021,1000.0,390798.0,64M/64Q/32D,2021-04-29 00:00:00,2021-05-08 00:00:00,2021.0,4.0,259770749.0
385,Mutua Madrid Open,https://photoresources.wtatennis.com/photo-resources/2025/04/16/993fad80-1e55-4a92-aae0-258338df5d6d/WTA-Tournament_Madrid-2023.png?height=128,https://www.wtatennis.com/tournaments/1038/madrid/2021,MADRID • SPAIN,WTA 1000,Clay,https://www.wtatennis.com/resources/v7.31.10/i/elements/1000k-tag.svg,Jessica Pegula,5.0,USA,https://www.wtatennis.com/resources/v7.31.10/i/elements/flags/usa.svg,Round of 16 R16,W,"6 - 1,6 - 2,",7,https://www.wtatennis.com/players/316956/jessica-pegula,29 Apr - 8 May 2021,1000.0,390798.0,64M/64Q/32D,2021-04-29 00:00:00,2021-05-08 00:00:00,2021.0,4.0,260161547.0
386,Mutua Madrid Open,https://photoresources.wtatennis.com/photo-resources/2025/04/16/993fad80-1e55-4a92-aae0-258338df5d6d/WTA-Tournament_Madrid-2023.png?height=128,https://www.wtatennis.com/tournaments/1038/madrid/2021,MADRID • SPAIN,WTA 1000,Clay,https://www.wtatennis.com/resources/v7.31.10/i/elements/1000k-tag.svg,Daria Kasatkina,5.0,AUS,https://www.wtatennis.com/resources/v7.31.10/i/elements/flags/aus.svg,Round of 32 R32,W,"6 - 3,6 - 3,",7,https://www.wtatennis.com/players/322082/daria-kasatkina,29 Apr - 8 May 2021,1000.0,390798.0,64M/64Q/32D,2021-04-29 00:00:00,2021-05-08 00:00:00,2021.0,4.0,260552345.0
387,Mutua Madrid Open,https://photoresources.wtatennis.com/photo-resources/2025/04/16/993fad80-1e55-4a92-aae0-258338df5d6d/WTA-Tournament_Madrid-2023.png?height=128,https://www.wtatennis.com/tournaments/1038/madrid/2021,MADRID • SPAIN,WTA 1000,Clay,https://www.wtatennis.com/resources/v7.31.10/i/elements/1000k-tag.svg,Vera Zvonareva,5.0,RUS,https://www.wtatennis.com/resources/v7.31.10/i/elements/flags/rus.svg,Round of 64 R64,W,"6 - 1,6 - 2,",7,https://www.wtatennis.com/players/260142/vera-zvonareva,29 Apr - 8 May 2021,1000.0,390798.0,64M/64Q/32D,2021-04-29 00:00:00,2021-05-08 00:00:00,2021.0,4.0,260943143.0
388,Porsche Tennis Grand Prix,https://photoresources.wtatennis.com/photo-resources/2025/04/16/73f25721-54c3-4754-84f2-c67e607edd39/WTA-Tournament_Stuttgart-2017.png?height=128,https://www.wtatennis.com/tournaments/1051/stuttgart/2021,STUTTGART • GERMANY,WTA 500,Clay,https://www.wtatennis.com/resources/v7.31.10/i/elements/500k-tag.svg,Ashleigh Barty,5.0,AUS,https://www.wtatennis.com/resources/v7.31.10/i/elements/flags/aus.svg,Final F,L,"6 - 3,0 - 6,3 - 6,",7,https://www.wtatennis.com/players/318033/ashleigh-barty,19 - 25 Apr 2021,305.0,51000.0,32M/32Q/16D,,2021-04-25 00:00:00,,,260994143.0
389,Porsche Tennis Grand Prix,https://photoresources.wtatennis.com/photo-resources/2025/04/16/73f25721-54c3-4754-84f2-c67e607edd39/WTA-Tournament_Stuttgart-2017.png?height=128,https://www.wtatennis.com/tournaments/1051/stuttgart/2021,STUTTGART • GERMANY,WTA 500,Clay,https://www.wtatennis.com/resources/v7.31.10/i/elements/500k-tag.svg,Simona Halep,5.0,ROU,https://www.wtatennis.com/resources/v7.31.10/i/elements/flags/rou.svg,Semifinals Semi,W,"6 - 3,6 - 2,",7,https://www.wtatennis.com/players/314320/simona-halep,19 - 25 Apr 2021,305.0,51000.0,32M/32Q/16D,,2021-04-25 00:00:00,,,261045143.0
390,Porsche Tennis Grand Prix,https://photoresources.wtatennis.com/photo-resources/2025/04/16/73f25721-54c3-4754-84f2-c67e607edd39/WTA-Tournament_Stuttgart-2017.png?height=128,https://www.wtatennis.com/tournaments/1051/stuttgart/2021,STUTTGART • GERMANY,WTA 500,Clay,https://www.wtatennis.com/resources/v7.31.10/i/elements/500k-tag.svg,Anett Kontaveit,5.0,EST,https://www.wtatennis.com/resources/v7.31.10/i/elements/flags/est.svg,Quarterfinals Quarter,W,"7 - 5,4 - 6,6 - 1,",7,https://www.wtatennis.com/players/318425/anett-kontaveit,19 - 25 Apr 2021,305.0,51000.0,32M/32Q/16D,,2021-04-25 00:00:00,,,261096143.0
391,Porsche Tennis Grand Prix,https://photoresources.wtatennis.com/photo-resources/2025/04/16/73f25721-54c3-4754-84f2-c67e607edd39/WTA-Tournament_Stuttgart-2017.png?height=128,https://www.wtatennis.com/tournaments/1051/stuttgart/2021,STUTTGART • GERMANY,WTA 500,Clay,https://www.wtatennis.com/resources/v7.31.10/i/elements/500k-tag.svg,Anna-Lena Friedsam,5.0,GER,https://www.wtatennis.com/resources/v7.31.10/i/elements/flags/ger.svg,Round of 16 R16,W,"6 - 4,6 - 2,",7,https://www.wtatennis.com/players/319091/anna-lena-friedsam,19 - 25 Apr 2021,305.0,51000.0,32M/32Q/16D,,2021-04-25 00:00:00,,,261147143.0
392,Porsche Tennis Grand Prix,https://photoresources.wtatennis.com/photo-resources/2025/04/16/73f25721-54c3-4754-84f2-c67e607edd39/WTA-Tournament_Stuttgart-2017.png?height=128,https://www.wtatennis.com/tournaments/1051/stuttgart/2021,STUTTGART • GERMANY,WTA 500,Clay,https://www.wtatennis.com/resources/v7.31.10/i/elements/500k-tag.svg,Shuai Zhang,5.0,CHN,https://www.wtatennis.com/resources/v7.31.10/i/elements/flags/chn.svg,Round of 32 R32,W,"6 - 2,6 - 2,",7,https://www.wtatennis.com/players/311779/shuai-zhang,19 - 25 Apr 2021,305.0,51000.0,32M/32Q/16D,,2021-04-25 00:00:00,,,261198143.0
393,Miami Open presented by Itaú,https://photoresources.wtatennis.com/photo-resources/2025/04/16/ad3c213f-6323-4422-bb86-ff92e8cb213c/WTA-Tournament_Miami-2024.png?height=128,https://www.wtatennis.com/tournaments/902/miami/2021,"MIAMI • UNITED STATES, FL",WTA 1000,Hard,https://www.wtatennis.com/resources/v7.31.10/i/elements/1000k-tag.svg,Ashleigh Barty,7.0,AUS,https://www.wtatennis.com/resources/v7.31.10/i/elements/flags/aus.svg,Quarterfinals Quarter,L,"4 - 6,7 - 65,3 - 6,",8,https://www.wtatennis.com/players/318033/ashleigh-barty,23 Mar - 3 Apr 2021,215.0,61000.0,128M/64Q/32D,2021-03-23 00:00:00,2021-04-03 00:00:00,2021.0,3.0,261259143.0
394,Miami Open presented by Itaú,https://photoresources.wtatennis.com/photo-resources/2025/04/16/ad3c213f-6323-4422-bb86-ff92e8cb213c/WTA-Tournament_Miami-2024.png?height=128,https://www.wtatennis.com/tournaments/902/miami/2021,"MIAMI • UNITED STATES, FL",WTA 1000,Hard,https://www.wtatennis.com/resources/v7.31.10/i/elements/1000k-tag.svg,Marketa Vondrousova,7.0,CZE,https://www.wtatennis.com/resources/v7.31.10/i/elements/flags/cze.svg,Round of 16 R16,W,"6 - 1,6 - 2,",8,https://www.wtatennis.com/players/323027/marketa-vondrousova,23 Mar - 3 Apr 2021,215.0,61000.0,128M/64Q/32D,2021-03-23 00:00:00,2021-04-03 00:00:00,2021.0,3.0,261320143.0
395,Miami Open presented by Itaú,https://photoresources.wtatennis.com/photo-resources/2025/04/16/ad3c213f-6323-4422-bb86-ff92e8cb213c/WTA-Tournament_Miami-2024.png?height=128,https://www.wtatennis.com/tournaments/902/miami/2021,"MIAMI • UNITED STATES, FL",WTA 1000,Hard,https://www.wtatennis.com/resources/v7.31.10/i/elements/1000k-tag.svg,Veronika Kudermetova,7.0,RUS,https://www.wtatennis.com/resources/v7.31.10/i/elements/flags/rus.svg,Round of 32 R32,W,"7 - 64,6 - 4,",8,https://www.wtatennis.com/players/319526/veronika-kudermetova,23 Mar - 3 Apr 2021,215.0,61000.0,128M/64Q/32D,2021-03-23 00:00:00,2021-04-03 00:00:00,2021.0,3.0,261381143.0
396,Miami Open presented by Itaú,https://photoresources.wtatennis.com/photo-resources/2025/04/16/ad3c213f-6323-4422-bb86-ff92e8cb213c/WTA-Tournament_Miami-2024.png?height=128,https://www.wtatennis.com/tournaments/902/miami/2021,"MIAMI • UNITED STATES, FL",WTA 1000,Hard,https://www.wtatennis.com/resources/v7.31.10/i/elements/1000k-tag.svg,Tsvetana Pironkova,7.0,BUL,https://www.wtatennis.com/resources/v7.31.10/i/elements/flags/bul.svg,Round of 64 R64,W,"0 - 6,6 - 3,7 - 69,",8,https://www.wtatennis.com/players/311041/tsvetana-pironkova,23 Mar - 3 Apr 2021,215.0,61000.0,128M/64Q/32D,2021-03-23 00:00:00,2021-04-03 00:00:00,2021.0,3.0,261442143.0
397,Miami Open presented by Itaú,https://photoresources.wtatennis.com/photo-resources/2025/04/16/ad3c213f-6323-4422-bb86-ff92e8cb213c/WTA-Tournament_Miami-2024.png?height=128,https://www.wtatennis.com/tournaments/902/miami/2021,"MIAMI • UNITED STATES, FL",WTA 1000,Hard,https://www.wtatennis.com/resources/v7.31.10/i/elements/1000k-tag.svg,,7.0,,,Round of 128 R128,,Bye,8,,23 Mar - 3 Apr 2021,215.0,61000.0,128M/64Q/32D,2021-03-23 00:00:00,2021-04-03 00:00:00,2021.0,3.0,261503143.0
398,Dubai Duty Free Tennis Championships 2021,https://photoresources.wtatennis.com/photo-resources/2025/04/16/aa274c10-fd33-4715-ac0e-d74441b27a54/WTA-Tournament_Dubai-2017.png?height=128,https://www.wtatennis.com/tournaments/718/dubai/2021,DUBAI • UNITED ARAB EMIRATES,WTA 1000,Hard,https://www.wtatennis.com/resources/v7.31.10/i/elements/1000k-tag.svg,Garbiñe Muguruza,3.0,ESP,https://www.wtatennis.com/resources/v7.31.10/i/elements/flags/esp.svg,Quarterfinals Quarter,L,"6 - 3,3 - 6,2 - 6,",8,https://www.wtatennis.com/players/316239/garbi-e-muguruza,7 - 13 Mar 2021,190.0,41500.0,64M/32Q/32D,2021-03-07 00:00:00,2021-03-13 00:00:00,2021.0,3.0,261544643.0
399,Dubai Duty Free Tennis Championships 2021,https://photoresources.wtatennis.com/photo-resources/2025/04/16/aa274c10-fd33-4715-ac0e-d74441b27a54/WTA-Tournament_Dubai-2017.png?height=128,https://www.wtatennis.com/tournaments/718/dubai/2021,DUBAI • UNITED ARAB EMIRATES,WTA 1000,Hard,https://www.wtatennis.com/resources/v7.31.10/i/elements/1000k-tag.svg,Anett Kontaveit,3.0,EST,https://www.wtatennis.com/resources/v7.31.10/i/elements/flags/est.svg,Round of 16 R16,W,"6 - 3,6 - 2,",8,https://www.wtatennis.com/players/318425/anett-kontaveit,7 - 13 Mar 2021,190.0,41500.0,64M/32Q/32D,2021-03-07 00:00:00,2021-03-13 00:00:00,2021.0,3.0,261586143.0
400,Dubai Duty Free Tennis Championships 2021,https://photoresources.wtatennis.com/photo-resources/2025/04/16/aa274c10-fd33-4715-ac0e-d74441b27a54/WTA-Tournament_Dubai-2017.png?height=128,https://www.wtatennis.com/tournaments/718/dubai/2021,DUBAI • UNITED ARAB EMIRATES,WTA 1000,Hard,https://www.wtatennis.com/resources/v7.31.10/i/elements/1000k-tag.svg,Alizé Cornet,3.0,FRA,https://www.wtatennis.com/resources/v7.31.10/i/elements/flags/fra.svg,Round of 32 R32,W,"6 - 2,6 - 4,",8,https://www.wtatennis.com/players/312121/aliz-cornet,7 - 13 Mar 2021,190.0,41500.0,64M/32Q/32D,2021-03-07 00:00:00,2021-03-13 00:00:00,2021.0,3.0,261627643.0
401,Dubai Duty Free Tennis Championships 2021,https://photoresources.wtatennis.com/photo-resources/2025/04/16/aa274c10-fd33-4715-ac0e-d74441b27a54/WTA-Tournament_Dubai-2017.png?height=128,https://www.wtatennis.com/tournaments/718/dubai/2021,DUBAI • UNITED ARAB EMIRATES,WTA 1000,Hard,https://www.wtatennis.com/resources/v7.31.10/i/elements/1000k-tag.svg,,3.0,,,Round of 64 R64,,Bye,8,,7 - 13 Mar 2021,190.0,41500.0,64M/32Q/32D,2021-03-07 00:00:00,2021-03-13 00:00:00,2021.0,3.0,261669143.0
402,Qatar Total Open 2021,https://photoresources.wtatennis.com/photo-resources/2025/04/16/74cb07bc-dc84-43f7-9acc-95e51d3748c9/WTA-Tournament_Doha-2025.png?height=128,https://www.wtatennis.com/tournaments/1003/doha/2021,DOHA • QATAR,WTA 500,Hard,https://www.wtatennis.com/resources/v7.31.10/i/elements/500k-tag.svg,Garbiñe Muguruza,3.0,ESP,https://www.wtatennis.com/resources/v7.31.10/i/elements/flags/esp.svg,Round of 16 R16,L,"2 - 6,7 - 65,3 - 6,",8,https://www.wtatennis.com/players/316239/garbi-e-muguruza,1 - 6 Mar 2021,1.0,8200.0,32M/32Q/16D,2021-03-01 00:00:00,2021-03-06 00:00:00,2021.0,3.0,261677343.0
403,Qatar Total Open 2021,https://photoresources.wtatennis.com/photo-resources/2025/04/16/74cb07bc-dc84-43f7-9acc-95e51d3748c9/WTA-Tournament_Doha-2025.png?height=128,https://www.wtatennis.com/tournaments/1003/doha/2021,DOHA • QATAR,WTA 500,Hard,https://www.wtatennis.com/resources/v7.31.10/i/elements/500k-tag.svg,,3.0,,,Round of 32 R32,,Bye,8,,1 - 6 Mar 2021,1.0,8200.0,32M/32Q/16D,2021-03-01 00:00:00,2021-03-06 00:00:00,2021.0,3.0,261685543.0
404,Australian Open,https://photoresources.wtatennis.com/photo-resources/2025/04/16/20886615-8c76-4d00-b747-7946c3692df2/WTA-Tournament_Australian-Open.png?height=128,https://www.wtatennis.com/tournaments/901/australian-open/2021,MELBOURNE • AUSTRALIA,Grand Slam,Hard,https://www.wtatennis.com/resources/v7.31.10/i/elements/gs-tag.svg,Serena Williams,7.0,USA,https://www.wtatennis.com/resources/v7.31.10/i/elements/flags/usa.svg,Round of 16 R16,L,"4 - 6,6 - 2,4 - 6,",7,https://www.wtatennis.com/players/230234/serena-williams,8 - 20 Feb 2021,240.0,219367.0,128M/128Q/64D,2021-02-08 00:00:00,2021-02-20 00:00:00,2021.0,2.0,261904910.0
405,Australian Open,https://photoresources.wtatennis.com/photo-resources/2025/04/16/20886615-8c76-4d00-b747-7946c3692df2/WTA-Tournament_Australian-Open.png?height=128,https://www.wtatennis.com/tournaments/901/australian-open/2021,MELBOURNE • AUSTRALIA,Grand Slam,Hard,https://www.wtatennis.com/resources/v7.31.10/i/elements/gs-tag.svg,Ann Li,7.0,USA,https://www.wtatennis.com/resources/v7.31.10/i/elements/flags/usa.svg,Round of 32 R32,W,"6 - 3,6 - 1,",7,https://www.wtatennis.com/players/326096/ann-li,8 - 20 Feb 2021,240.0,219367.0,128M/128Q/64D,2021-02-08 00:00:00,2021-02-20 00:00:00,2021.0,2.0,262124277.0
406,Australian Open,https://photoresources.wtatennis.com/photo-resources/2025/04/16/20886615-8c76-4d00-b747-7946c3692df2/WTA-Tournament_Australian-Open.png?height=128,https://www.wtatennis.com/tournaments/901/australian-open/2021,MELBOURNE • AUSTRALIA,Grand Slam,Hard,https://www.wtatennis.com/resources/v7.31.10/i/elements/gs-tag.svg,Daria Kasatkina,7.0,AUS,https://www.wtatennis.com/resources/v7.31.10/i/elements/flags/aus.svg,Round of 64 R64,W,"7 - 65,6 - 3,",7,https://www.wtatennis.com/players/322082/daria-kasatkina,8 - 20 Feb 2021,240.0,219367.0,128M/128Q/64D,2021-02-08 00:00:00,2021-02-20 00:00:00,2021.0,2.0,262343644.0
407,Australian Open,https://photoresources.wtatennis.com/photo-resources/2025/04/16/20886615-8c76-4d00-b747-7946c3692df2/WTA-Tournament_Australian-Open.png?height=128,https://www.wtatennis.com/tournaments/901/australian-open/2021,MELBOURNE • AUSTRALIA,Grand Slam,Hard,https://www.wtatennis.com/resources/v7.31.10/i/elements/gs-tag.svg,Viktoria Hruncakova,7.0,SVK,https://www.wtatennis.com/resources/v7.31.10/i/elements/flags/svk.svg,Round of 128 R128,W,"6 - 0,6 - 4,",7,https://www.wtatennis.com/players/322277/viktoria-hruncakova,8 - 20 Feb 2021,240.0,219367.0,128M/128Q/64D,2021-02-08 00:00:00,2021-02-20 00:00:00,2021.0,2.0,262563011.0
408,Gippsland Trophy,,https://www.wtatennis.com/tournaments/2029/melbourne-500-gippsland-trophy/2021,MELBOURNE • AUSTRALIA,WTA 500,Hard,https://www.wtatennis.com/resources/v7.31.10/i/elements/500k-tag.svg,Kaia Kanepi,4.0,EST,https://www.wtatennis.com/resources/v7.31.10/i/elements/flags/est.svg,Round of 32 R32,L,"1 - 6,6 - 2,1 - 6,",7,https://www.wtatennis.com/players/110536/kaia-kanepi,31 Jan - 6 Feb 2021,1.0,4250.0,64M/0Q/32D,2021-01-31 00:00:00,2021-02-06 00:00:00,2021.0,1.0,262567261.0
409,Gippsland Trophy,,https://www.wtatennis.com/tournaments/2029/melbourne-500-gippsland-trophy/2021,MELBOURNE • AUSTRALIA,WTA 500,Hard,https://www.wtatennis.com/resources/v7.31.10/i/elements/500k-tag.svg,,4.0,,,Round of 64 R64,,Bye,7,,31 Jan - 6 Feb 2021,1.0,4250.0,64M/0Q/32D,2021-01-31 00:00:00,2021-02-06 00:00:00,2021.0,1.0,262571511.0
410,Abu Dhabi WTA Women's Tennis Open,,https://www.wtatennis.com/tournaments/2028/abu-dhabi/2021,ABU DHABI • UNITED ARAB EMIRATES,WTA 500,Hard,https://www.wtatennis.com/resources/v7.31.10/i/elements/500k-tag.svg,Veronika Kudermetova,4.0,RUS,https://www.wtatennis.com/resources/v7.31.10/i/elements/flags/rus.svg,Final F,W,"6 - 2,6 - 2,",10,https://www.wtatennis.com/players/319526/veronika-kudermetova,6 - 13 Jan 2021,470.0,68570.0,64M/32Q/32D,2021-01-06 00:00:00,2021-01-13 00:00:00,2021.0,1.0,262640081.0
411,Abu Dhabi WTA Women's Tennis Open,,https://www.wtatennis.com/tournaments/2028/abu-dhabi/2021,ABU DHABI • UNITED ARAB EMIRATES,WTA 500,Hard,https://www.wtatennis.com/resources/v7.31.10/i/elements/500k-tag.svg,Maria Sakkari,4.0,GRE,https://www.wtatennis.com/resources/v7.31.10/i/elements/flags/gre.svg,Semifinals Semi,W,"6 - 3,6 - 2,",10,https://www.wtatennis.com/players/318312/maria-sakkari,6 - 13 Jan 2021,470.0,68570.0,64M/32Q/32D,2021-01-06 00:00:00,2021-01-13 00:00:00,2021.0,1.0,262708651.0
412,Abu Dhabi WTA Women's Tennis Open,,https://www.wtatennis.com/tournaments/2028/abu-dhabi/2021,ABU DHABI • UNITED ARAB EMIRATES,WTA 500,Hard,https://www.wtatennis.com/resources/v7.31.10/i/elements/500k-tag.svg,Elena Rybakina,4.0,KAZ,https://www.wtatennis.com/resources/v7.31.10/i/elements/flags/kaz.svg,Quarterfinals Quarter,W,"6 - 4,4 - 6,6 - 3,",10,https://www.wtatennis.com/players/324166/elena-rybakina,6 - 13 Jan 2021,470.0,68570.0,64M/32Q/32D,2021-01-06 00:00:00,2021-01-13 00:00:00,2021.0,1.0,262777221.0
413,Abu Dhabi WTA Women's Tennis Open,,https://www.wtatennis.com/tournaments/2028/abu-dhabi/2021,ABU DHABI • UNITED ARAB EMIRATES,WTA 500,Hard,https://www.wtatennis.com/resources/v7.31.10/i/elements/500k-tag.svg,Ons Jabeur,4.0,TUN,https://www.wtatennis.com/resources/v7.31.10/i/elements/flags/tun.svg,Round of 16 R16,W,"6 - 2,6 - 4,",10,https://www.wtatennis.com/players/316847/ons-jabeur,6 - 13 Jan 2021,470.0,68570.0,64M/32Q/32D,2021-01-06 00:00:00,2021-01-13 00:00:00,2021.0,1.0,262845791.0
414,Abu Dhabi WTA Women's Tennis Open,,https://www.wtatennis.com/tournaments/2028/abu-dhabi/2021,ABU DHABI • UNITED ARAB EMIRATES,WTA 500,Hard,https://www.wtatennis.com/resources/v7.31.10/i/elements/500k-tag.svg,Ajla Tomljanovic,4.0,AUS,https://www.wtatennis.com/resources/v7.31.10/i/elements/flags/aus.svg,Round of 32 R32,W,"7 - 5,6 - 4,",10,https://www.wtatennis.com/players/315232/ajla-tomljanovic,6 - 13 Jan 2021,470.0,68570.0,64M/32Q/32D,2021-01-06 00:00:00,2021-01-13 00:00:00,2021.0,1.0,262914361.0
415,Abu Dhabi WTA Women's Tennis Open,,https://www.wtatennis.com/tournaments/2028/abu-dhabi/2021,ABU DHABI • UNITED ARAB EMIRATES,WTA 500,Hard,https://www.wtatennis.com/resources/v7.31.10/i/elements/500k-tag.svg,Polona Hercog,4.0,SLO,https://www.wtatennis.com/resources/v7.31.10/i/elements/flags/slo.svg,Round of 64 R64,W,"7 - 65,6 - 2,",10,https://www.wtatennis.com/players/313968/polona-hercog,6 - 13 Jan 2021,470.0,68570.0,64M/32Q/32D,2021-01-06 00:00:00,2021-01-13 00:00:00,2021.0,1.0,262982931.0
416,Upper Austria Ladies Linz,,https://www.wtatennis.com/tournaments/528/linz/2020,LINZ • AUSTRIA,International,Hard,https://www.wtatennis.com/resources/v7.31.10/i/elements/250k-tag.svg,Elise Mertens,1.0,BEL,https://www.wtatennis.com/resources/v7.31.10/i/elements/flags/bel.svg,Final F,W,"7 - 5,6 - 2,",11,https://www.wtatennis.com/players/317964/elise-mertens,9 - 15 Nov 2020,280.0,25000.0,32M/32Q/16D,2020-11-09 00:00:00,2020-11-15 00:00:00,2020.0,11.0,263007931.0
417,Upper Austria Ladies Linz,,https://www.wtatennis.com/tournaments/528/linz/2020,LINZ • AUSTRIA,International,Hard,https://www.wtatennis.com/resources/v7.31.10/i/elements/250k-tag.svg,Barbora Krejcikova,1.0,CZE,https://www.wtatennis.com/resources/v7.31.10/i/elements/flags/cze.svg,Semifinals Semi,W,"7 - 5,4 - 6,6 - 3,",11,https://www.wtatennis.com/players/318314/barbora-krejcikova,9 - 15 Nov 2020,280.0,25000.0,32M/32Q/16D,2020-11-09 00:00:00,2020-11-15 00:00:00,2020.0,11.0,263032931.0
418,Upper Austria Ladies Linz,,https://www.wtatennis.com/tournaments/528/linz/2020,LINZ • AUSTRIA,International,Hard,https://www.wtatennis.com/resources/v7.31.10/i/elements/250k-tag.svg,Oceane Dodin,1.0,FRA,https://www.wtatennis.com/resources/v7.31.10/i/elements/flags/fra.svg,Quarterfinals Quarter,W,"6 - 3,3 - 3, Ret",11,https://www.wtatennis.com/players/319436/oceane-dodin,9 - 15 Nov 2020,280.0,25000.0,32M/32Q/16D,2020-11-09 00:00:00,2020-11-15 00:00:00,2020.0,11.0,263057931.0
419,Upper Austria Ladies Linz,,https://www.wtatennis.com/tournaments/528/linz/2020,LINZ • AUSTRIA,International,Hard,https://www.wtatennis.com/resources/v7.31.10/i/elements/250k-tag.svg,Stefanie Voegele,1.0,SUI,https://www.wtatennis.com/resources/v7.31.10/i/elements/flags/sui.svg,Round of 16 R16,W,"6 - 0,6 - 3,",11,https://www.wtatennis.com/players/312336/stefanie-voegele,9 - 15 Nov 2020,280.0,25000.0,32M/32Q/16D,2020-11-09 00:00:00,2020-11-15 00:00:00,2020.0,11.0,263082931.0
420,Upper Austria Ladies Linz,,https://www.wtatennis.com/tournaments/528/linz/2020,LINZ • AUSTRIA,International,Hard,https://www.wtatennis.com/resources/v7.31.10/i/elements/250k-tag.svg,Jasmine Paolini,1.0,ITA,https://www.wtatennis.com/resources/v7.31.10/i/elements/flags/ita.svg,Round of 32 R32,W,"6 - 4,6 - 4,",11,https://www.wtatennis.com/players/319280/jasmine-paolini,9 - 15 Nov 2020,280.0,25000.0,32M/32Q/16D,2020-11-09 00:00:00,2020-11-15 00:00:00,2020.0,11.0,263107931.0
421,J & T Banka Ostrava Open 2020,,https://www.wtatennis.com/tournaments/2025/ostrava/2020,Ostrava • Czech Republic,Premier,Hard,https://www.wtatennis.com/resources/v7.31.10/i/elements/500k-tag.svg,Victoria Azarenka,3.0,BLR,https://www.wtatennis.com/resources/v7.31.10/i/elements/flags/blr.svg,Final F,W,"6 - 2,6 - 2,",12,https://www.wtatennis.com/players/312001/victoria-azarenka,19 - 25 Oct 2020,470.0,50000.0,32M/32Q/16D,,2020-10-25 00:00:00,,,263157931.0
422,J & T Banka Ostrava Open 2020,,https://www.wtatennis.com/tournaments/2025/ostrava/2020,Ostrava • Czech Republic,Premier,Hard,https://www.wtatennis.com/resources/v7.31.10/i/elements/500k-tag.svg,Jennifer Brady,3.0,USA,https://www.wtatennis.com/resources/v7.31.10/i/elements/flags/usa.svg,Semifinals Semi,W,"6 - 4,6 - 4,",12,https://www.wtatennis.com/players/318358/jennifer-brady,19 - 25 Oct 2020,470.0,50000.0,32M/32Q/16D,,2020-10-25 00:00:00,,,263207931.0
423,J & T Banka Ostrava Open 2020,,https://www.wtatennis.com/tournaments/2025/ostrava/2020,Ostrava • Czech Republic,Premier,Hard,https://www.wtatennis.com/resources/v7.31.10/i/elements/500k-tag.svg,Sara Sorribes Tormo,3.0,ESP,https://www.wtatennis.com/resources/v7.31.10/i/elements/flags/esp.svg,Quarterfinals Quarter,W,"0 - 6,6 - 4,6 - 0,",12,https://www.wtatennis.com/players/318872/sara-sorribes-tormo,19 - 25 Oct 2020,470.0,50000.0,32M/32Q/16D,,2020-10-25 00:00:00,,,263257931.0
424,J & T Banka Ostrava Open 2020,,https://www.wtatennis.com/tournaments/2025/ostrava/2020,Ostrava • Czech Republic,Premier,Hard,https://www.wtatennis.com/resources/v7.31.10/i/elements/500k-tag.svg,Coco Gauff,3.0,USA,https://www.wtatennis.com/resources/v7.31.10/i/elements/flags/usa.svg,Round of 16 R16,W,"1 - 6,7 - 5,7 - 62,",12,https://www.wtatennis.com/players/328560/coco-gauff,19 - 25 Oct 2020,470.0,50000.0,32M/32Q/16D,,2020-10-25 00:00:00,,,263307931.0
425,J & T Banka Ostrava Open 2020,,https://www.wtatennis.com/tournaments/2025/ostrava/2020,Ostrava • Czech Republic,Premier,Hard,https://www.wtatennis.com/resources/v7.31.10/i/elements/500k-tag.svg,,3.0,,,Round of 32 R32,,Bye,12,,19 - 25 Oct 2020,470.0,50000.0,32M/32Q/16D,,2020-10-25 00:00:00,,,263357931.0
426,Roland Garros,https://photoresources.wtatennis.com/photo-resources/2025/04/16/ddbbc328-7967-416c-a6b5-043c8c3f933e/WTA-Tournament_Roland-Garros.png?height=128,https://www.wtatennis.com/tournaments/903/roland-garros/2020,PARIS • FRANCE,Grand Slam,Clay,https://www.wtatennis.com/resources/v7.31.10/i/elements/gs-tag.svg,Ons Jabeur,8.0,TUN,https://www.wtatennis.com/resources/v7.31.10/i/elements/flags/tun.svg,Round of 32 R32,L,"67 - 7,6 - 2,3 - 6,",12,https://www.wtatennis.com/players/316847/ons-jabeur,27 Sep - 10 Oct 2020,130.0,139267.0,128M/128Q/64D,2020-09-27 00:00:00,2020-10-10 00:00:00,2020.0,9.0,263497198.0
427,Roland Garros,https://photoresources.wtatennis.com/photo-resources/2025/04/16/ddbbc328-7967-416c-a6b5-043c8c3f933e/WTA-Tournament_Roland-Garros.png?height=128,https://www.wtatennis.com/tournaments/903/roland-garros/2020,PARIS • FRANCE,Grand Slam,Clay,https://www.wtatennis.com/resources/v7.31.10/i/elements/gs-tag.svg,Daria Kasatkina,8.0,AUS,https://www.wtatennis.com/resources/v7.31.10/i/elements/flags/aus.svg,Round of 64 R64,W,"7 - 66,6 - 0,",12,https://www.wtatennis.com/players/322082/daria-kasatkina,27 Sep - 10 Oct 2020,130.0,139267.0,128M/128Q/64D,2020-09-27 00:00:00,2020-10-10 00:00:00,2020.0,9.0,263636465.0
428,Roland Garros,https://photoresources.wtatennis.com/photo-resources/2025/04/16/ddbbc328-7967-416c-a6b5-043c8c3f933e/WTA-Tournament_Roland-Garros.png?height=128,https://www.wtatennis.com/tournaments/903/roland-garros/2020,PARIS • FRANCE,Grand Slam,Clay,https://www.wtatennis.com/resources/v7.31.10/i/elements/gs-tag.svg,Jessica Pegula,8.0,USA,https://www.wtatennis.com/resources/v7.31.10/i/elements/flags/usa.svg,Round of 128 R128,W,"6 - 3,6 - 1,",12,https://www.wtatennis.com/players/316956/jessica-pegula,27 Sep - 10 Oct 2020,130.0,139267.0,128M/128Q/64D,2020-09-27 00:00:00,2020-10-10 00:00:00,2020.0,9.0,263775732.0
429,Internationaux de Strasbourg,,https://www.wtatennis.com/tournaments/406/strasbourg/2020,STRASBOURG • FRANCE,International,Clay,https://www.wtatennis.com/resources/v7.31.10/i/elements/250k-tag.svg,Elina Svitolina,4.0,UKR,https://www.wtatennis.com/resources/v7.31.10/i/elements/flags/ukr.svg,Semifinals Semi,L,"2 - 6,6 - 4,4 - 6,",12,https://www.wtatennis.com/players/316738/elina-svitolina,20 - 26 Sep 2020,110.0,7705.0,32M/8Q/16D,,2020-09-26 00:00:00,,,263783437.0
430,Internationaux de Strasbourg,,https://www.wtatennis.com/tournaments/406/strasbourg/2020,STRASBOURG • FRANCE,International,Clay,https://www.wtatennis.com/resources/v7.31.10/i/elements/250k-tag.svg,Katerina Siniakova,4.0,CZE,https://www.wtatennis.com/resources/v7.31.10/i/elements/flags/cze.svg,Quarterfinals Quarter,W,"2 - 6,6 - 3,6 - 3,",12,https://www.wtatennis.com/players/320301/katerina-siniakova,20 - 26 Sep 2020,110.0,7705.0,32M/8Q/16D,,2020-09-26 00:00:00,,,263791142.0
431,Internationaux de Strasbourg,,https://www.wtatennis.com/tournaments/406/strasbourg/2020,STRASBOURG • FRANCE,International,Clay,https://www.wtatennis.com/resources/v7.31.10/i/elements/250k-tag.svg,Anna Blinkova,4.0,RUS,https://www.wtatennis.com/resources/v7.31.10/i/elements/flags/rus.svg,Round of 16 R16,W,"1 - 6,6 - 4,6 - 2,",12,https://www.wtatennis.com/players/324267/anna-blinkova,20 - 26 Sep 2020,110.0,7705.0,32M/8Q/16D,,2020-09-26 00:00:00,,,263798847.0
432,Internationaux de Strasbourg,,https://www.wtatennis.com/tournaments/406/strasbourg/2020,STRASBOURG • FRANCE,International,Clay,https://www.wtatennis.com/resources/v7.31.10/i/elements/250k-tag.svg,Ellen Perez,4.0,AUS,https://www.wtatennis.com/resources/v7.31.10/i/elements/flags/aus.svg,Round of 32 R32,W,"6 - 4,6 - 3,",12,https://www.wtatennis.com/players/319960/ellen-perez,20 - 26 Sep 2020,110.0,7705.0,32M/8Q/16D,,2020-09-26 00:00:00,,,263806552.0
433,US Open,https://photoresources.wtatennis.com/photo-resources/2025/04/16/295289d9-36fa-408a-8586-2b407d930c10/WTA-Tournament_US-Open.png?height=128,https://www.wtatennis.com/tournaments/905/us-open/2020,"NEW YORK • UNITED STATES, NY",Grand Slam,Hard,https://www.wtatennis.com/resources/v7.31.10/i/elements/gs-tag.svg,Victoria Azarenka,5.0,BLR,https://www.wtatennis.com/resources/v7.31.10/i/elements/flags/blr.svg,Round of 64 R64,L,"1 - 6,3 - 6,",11,https://www.wtatennis.com/players/312001/victoria-azarenka,31 Aug - 13 Sep 2020,70.0,100000.0,128M/0Q/32D,2020-08-31 00:00:00,2020-09-13 00:00:00,2020.0,8.0,263906552.0
434,US Open,https://photoresources.wtatennis.com/photo-resources/2025/04/16/295289d9-36fa-408a-8586-2b407d930c10/WTA-Tournament_US-Open.png?height=128,https://www.wtatennis.com/tournaments/905/us-open/2020,"NEW YORK • UNITED STATES, NY",Grand Slam,Hard,https://www.wtatennis.com/resources/v7.31.10/i/elements/gs-tag.svg,Oceane Dodin,5.0,FRA,https://www.wtatennis.com/resources/v7.31.10/i/elements/flags/fra.svg,Round of 128 R128,W,"7 - 61,6 - 4,",11,https://www.wtatennis.com/players/319436/oceane-dodin,31 Aug - 13 Sep 2020,70.0,100000.0,128M/0Q/32D,2020-08-31 00:00:00,2020-09-13 00:00:00,2020.0,8.0,264006552.0
435,Western & Southern Open,https://photoresources.wtatennis.com/photo-resources/2025/04/16/17c99db9-c289-451d-8cd9-65e8d9a25a26/WTA-Tournament_Cincinnati-2024.png?height=128,https://www.wtatennis.com/tournaments/1017/cincinnati/2020,"NEW YORK • UNITED STATES, NY",Premier 5,Hard,https://www.wtatennis.com/resources/v7.31.10/i/elements/1000k-tag.svg,Jessica Pegula,5.0,USA,https://www.wtatennis.com/resources/v7.31.10/i/elements/flags/usa.svg,Round of 16 R16,L,"2 - 6,6 - 2,3 - 6,",11,https://www.wtatennis.com/players/316956/jessica-pegula,21 - 29 Aug 2020,105.0,22000.0,64M/64Q/32D,,2020-08-29 00:00:00,,,264028552.0
436,Western & Southern Open,https://photoresources.wtatennis.com/photo-resources/2025/04/16/17c99db9-c289-451d-8cd9-65e8d9a25a26/WTA-Tournament_Cincinnati-2024.png?height=128,https://www.wtatennis.com/tournaments/1017/cincinnati/2020,"NEW YORK • UNITED STATES, NY",Premier 5,Hard,https://www.wtatennis.com/resources/v7.31.10/i/elements/1000k-tag.svg,Catherine Bellis,5.0,USA,https://www.wtatennis.com/resources/v7.31.10/i/elements/flags/usa.svg,Round of 32 R32,W,"61 - 7,6 - 4,7 - 5,",11,https://www.wtatennis.com/players/322526/catherine-bellis,21 - 29 Aug 2020,105.0,22000.0,64M/64Q/32D,,2020-08-29 00:00:00,,,264050552.0
437,Western & Southern Open,https://photoresources.wtatennis.com/photo-resources/2025/04/16/17c99db9-c289-451d-8cd9-65e8d9a25a26/WTA-Tournament_Cincinnati-2024.png?height=128,https://www.wtatennis.com/tournaments/1017/cincinnati/2020,"NEW YORK • UNITED STATES, NY",Premier 5,Hard,https://www.wtatennis.com/resources/v7.31.10/i/elements/1000k-tag.svg,,5.0,,,Round of 64 R64,,Bye,11,,21 - 29 Aug 2020,105.0,22000.0,64M/64Q/32D,,2020-08-29 00:00:00,,,264072552.0
438,The Top Seed Open presented by Bluegrass Orthopaedics,,https://www.wtatennis.com/tournaments/2022/lexington/2020,"LEXINGTON • UNITED STATES, KY",International,Hard,https://www.wtatennis.com/resources/v7.31.10/i/elements/250k-tag.svg,Coco Gauff,2.0,USA,https://www.wtatennis.com/resources/v7.31.10/i/elements/flags/usa.svg,Round of 16 R16,L,"64 - 7,6 - 4,4 - 6,",11,https://www.wtatennis.com/players/328560/coco-gauff,10 - 16 Aug 2020,30.0,3150.0,32M/32Q/16D,,2020-08-16 00:00:00,,,264075702.0
439,The Top Seed Open presented by Bluegrass Orthopaedics,,https://www.wtatennis.com/tournaments/2022/lexington/2020,"LEXINGTON • UNITED STATES, KY",International,Hard,https://www.wtatennis.com/resources/v7.31.10/i/elements/250k-tag.svg,Madison Brengle,2.0,USA,https://www.wtatennis.com/resources/v7.31.10/i/elements/flags/usa.svg,Round of 32 R32,W,"6 - 1,65 - 7,6 - 2,",11,https://www.wtatennis.com/players/312328/madison-brengle,10 - 16 Aug 2020,30.0,3150.0,32M/32Q/16D,,2020-08-16 00:00:00,,,264078852.0
440,Qatar Total Open 2020,https://photoresources.wtatennis.com/photo-resources/2025/04/16/74cb07bc-dc84-43f7-9acc-95e51d3748c9/WTA-Tournament_Doha-2025.png?height=128,https://www.wtatennis.com/tournaments/1003/doha/2020,DOHA • QATAR,Premier 5,Hard,https://www.wtatennis.com/resources/v7.31.10/i/elements/1000k-tag.svg,Petra Kvitova,9.0,CZE,https://www.wtatennis.com/resources/v7.31.10/i/elements/flags/cze.svg,Final F,W,"6 - 3,6 - 3,",13,https://www.wtatennis.com/players/314206/petra-kvitova,23 - 29 Feb 2020,900.0,605000.0,64M/32Q/32D,,2020-02-29 00:00:00,,,264683852.0
441,Qatar Total Open 2020,https://photoresources.wtatennis.com/photo-resources/2025/04/16/74cb07bc-dc84-43f7-9acc-95e51d3748c9/WTA-Tournament_Doha-2025.png?height=128,https://www.wtatennis.com/tournaments/1003/doha/2020,DOHA • QATAR,Premier 5,Hard,https://www.wtatennis.com/resources/v7.31.10/i/elements/1000k-tag.svg,Svetlana Kuznetsova,9.0,RUS,https://www.wtatennis.com/resources/v7.31.10/i/elements/flags/rus.svg,Semifinals Semi,W,"6 - 4,6 - 3,",13,https://www.wtatennis.com/players/110552/svetlana-kuznetsova,23 - 29 Feb 2020,900.0,605000.0,64M/32Q/32D,,2020-02-29 00:00:00,,,265288852.0
442,Qatar Total Open 2020,https://photoresources.wtatennis.com/photo-resources/2025/04/16/74cb07bc-dc84-43f7-9acc-95e51d3748c9/WTA-Tournament_Doha-2025.png?height=128,https://www.wtatennis.com/tournaments/1003/doha/2020,DOHA • QATAR,Premier 5,Hard,https://www.wtatennis.com/resources/v7.31.10/i/elements/1000k-tag.svg,Saisai Zheng,9.0,CHN,https://www.wtatennis.com/resources/v7.31.10/i/elements/flags/chn.svg,Quarterfinals Quarter,W,"3 - 6,7 - 62,6 - 3,",13,https://www.wtatennis.com/players/316286/saisai-zheng,23 - 29 Feb 2020,900.0,605000.0,64M/32Q/32D,,2020-02-29 00:00:00,,,265893852.0
443,Qatar Total Open 2020,https://photoresources.wtatennis.com/photo-resources/2025/04/16/74cb07bc-dc84-43f7-9acc-95e51d3748c9/WTA-Tournament_Doha-2025.png?height=128,https://www.wtatennis.com/tournaments/1003/doha/2020,DOHA • QATAR,Premier 5,Hard,https://www.wtatennis.com/resources/v7.31.10/i/elements/1000k-tag.svg,Maria Sakkari,9.0,GRE,https://www.wtatennis.com/resources/v7.31.10/i/elements/flags/gre.svg,Round of 16 R16,W,"6 - 3,6 - 0,",13,https://www.wtatennis.com/players/318312/maria-sakkari,23 - 29 Feb 2020,900.0,605000.0,64M/32Q/32D,,2020-02-29 00:00:00,,,266498852.0
444,Qatar Total Open 2020,https://photoresources.wtatennis.com/photo-resources/2025/04/16/74cb07bc-dc84-43f7-9acc-95e51d3748c9/WTA-Tournament_Doha-2025.png?height=128,https://www.wtatennis.com/tournaments/1003/doha/2020,DOHA • QATAR,Premier 5,Hard,https://www.wtatennis.com/resources/v7.31.10/i/elements/1000k-tag.svg,Anett Kontaveit,9.0,EST,https://www.wtatennis.com/resources/v7.31.10/i/elements/flags/est.svg,Round of 32 R32,W,"7 - 5,2 - 6,7 - 5,",13,https://www.wtatennis.com/players/318425/anett-kontaveit,23 - 29 Feb 2020,900.0,605000.0,64M/32Q/32D,,2020-02-29 00:00:00,,,267103852.0
445,Qatar Total Open 2020,https://photoresources.wtatennis.com/photo-resources/2025/04/16/74cb07bc-dc84-43f7-9acc-95e51d3748c9/WTA-Tournament_Doha-2025.png?height=128,https://www.wtatennis.com/tournaments/1003/doha/2020,DOHA • QATAR,Premier 5,Hard,https://www.wtatennis.com/resources/v7.31.10/i/elements/1000k-tag.svg,,9.0,,,Round of 64 R64,,Bye,13,,23 - 29 Feb 2020,900.0,605000.0,64M/32Q/32D,,2020-02-29 00:00:00,,,267708852.0
446,Dubai Duty Free Tennis Championships,https://photoresources.wtatennis.com/photo-resources/2025/04/16/aa274c10-fd33-4715-ac0e-d74441b27a54/WTA-Tournament_Dubai-2017.png?height=128,https://www.wtatennis.com/tournaments/718/dubai/2020,DUBAI • UNITED ARAB EMIRATES,Premier,Hard,https://www.wtatennis.com/resources/v7.31.10/i/elements/500k-tag.svg,Simona Halep,7.0,ROU,https://www.wtatennis.com/resources/v7.31.10/i/elements/flags/rou.svg,Quarterfinals Quarter,L,"6 - 3,2 - 6,2 - 6,",13,https://www.wtatennis.com/players/314320/simona-halep,17 - 22 Feb 2020,100.0,50100.0,32M/64Q/32D,,2020-02-22 00:00:00,,,267758952.0
447,Dubai Duty Free Tennis Championships,https://photoresources.wtatennis.com/photo-resources/2025/04/16/aa274c10-fd33-4715-ac0e-d74441b27a54/WTA-Tournament_Dubai-2017.png?height=128,https://www.wtatennis.com/tournaments/718/dubai/2020,DUBAI • UNITED ARAB EMIRATES,Premier,Hard,https://www.wtatennis.com/resources/v7.31.10/i/elements/500k-tag.svg,Elise Mertens,7.0,BEL,https://www.wtatennis.com/resources/v7.31.10/i/elements/flags/bel.svg,Round of 16 R16,W,"6 - 4,6 - 3,",13,https://www.wtatennis.com/players/317964/elise-mertens,17 - 22 Feb 2020,100.0,50100.0,32M/64Q/32D,,2020-02-22 00:00:00,,,267809052.0
448,Dubai Duty Free Tennis Championships,https://photoresources.wtatennis.com/photo-resources/2025/04/16/aa274c10-fd33-4715-ac0e-d74441b27a54/WTA-Tournament_Dubai-2017.png?height=128,https://www.wtatennis.com/tournaments/718/dubai/2020,DUBAI • UNITED ARAB EMIRATES,Premier,Hard,https://www.wtatennis.com/resources/v7.31.10/i/elements/500k-tag.svg,Maria Sakkari,7.0,GRE,https://www.wtatennis.com/resources/v7.31.10/i/elements/flags/gre.svg,Round of 32 R32,W,"6 - 2,4 - 6,6 - 1,",13,https://www.wtatennis.com/players/318312/maria-sakkari,17 - 22 Feb 2020,100.0,50100.0,32M/64Q/32D,,2020-02-22 00:00:00,,,267859152.0
449,FED CUP QUALIFIERS,https://www.wtatennis.com/resources/v7.31.10/i/elements/itf.png,,"THE HAGUE, NETHERLANDS",ITF,Clay,https://www.wtatennis.com/resources/v7.31.10/i/elements/itf.png,Arantxa Rus,,NED,https://www.wtatennis.com/resources/v7.31.10/i/elements/flags/ned.svg,Round 1 R1,W,"6 - 2,6 - 3,",13,https://www.wtatennis.com/players/313349/arantxa-rus,7 - 8 Feb 2020,,,8M/0Q/2D,2020-02-07 00:00:00,2020-02-08 00:00:00,2020.0,2.0,
450,FED CUP QUALIFIERS,https://www.wtatennis.com/resources/v7.31.10/i/elements/itf.png,,"THE HAGUE, NETHERLANDS",ITF,Clay,https://www.wtatennis.com/resources/v7.31.10/i/elements/itf.png,Kiki Bertens,,NED,https://www.wtatennis.com/resources/v7.31.10/i/elements/flags/ned.svg,Round 1 R1,L,"4 - 6,4 - 6,",13,https://www.wtatennis.com/players/314584/kiki-bertens,7 - 8 Feb 2020,,,8M/0Q/2D,2020-02-07 00:00:00,2020-02-08 00:00:00,2020.0,2.0,
451,Australian Open,https://photoresources.wtatennis.com/photo-resources/2025/04/16/20886615-8c76-4d00-b747-7946c3692df2/WTA-Tournament_Australian-Open.png?height=128,https://www.wtatennis.com/tournaments/901/australian-open/2020,MELBOURNE • AUSTRALIA,Grand Slam,Hard,https://www.wtatennis.com/resources/v7.31.10/i/elements/gs-tag.svg,Carla Suárez Navarro,11.0,ESP,https://www.wtatennis.com/resources/v7.31.10/i/elements/flags/esp.svg,Round of 128 R128,L,"66 - 7,66 - 7,",12,https://www.wtatennis.com/players/311338/carla-su-rez-navarro,20 Jan - 2 Feb 2020,10.0,62353.0,128M/128Q/64D,2020-01-20 00:00:00,2020-02-02 00:00:00,2020.0,1.0,267921505.0
452,Adelaide International,,https://www.wtatennis.com/tournaments/2014/adelaide/2020,ADELAIDE • AUSTRALIA,Premier,Hard,https://www.wtatennis.com/resources/v7.31.10/i/elements/500k-tag.svg,Dayana Yastremska,6.0,UKR,https://www.wtatennis.com/resources/v7.31.10/i/elements/flags/ukr.svg,Semifinals Semi,L,"4 - 6,64 - 7,",12,https://www.wtatennis.com/players/324261/dayana-yastremska,13 - 18 Jan 2020,185.0,41675.0,32M/32Q/16D,,2020-01-18 00:00:00,,,267963180.0
453,Adelaide International,,https://www.wtatennis.com/tournaments/2014/adelaide/2020,ADELAIDE • AUSTRALIA,Premier,Hard,https://www.wtatennis.com/resources/v7.31.10/i/elements/500k-tag.svg,Simona Halep,6.0,ROU,https://www.wtatennis.com/resources/v7.31.10/i/elements/flags/rou.svg,Quarterfinals Quarter,W,"6 - 4,6 - 2,",12,https://www.wtatennis.com/players/314320/simona-halep,13 - 18 Jan 2020,185.0,41675.0,32M/32Q/16D,,2020-01-18 00:00:00,,,268004855.0
454,Adelaide International,,https://www.wtatennis.com/tournaments/2014/adelaide/2020,ADELAIDE • AUSTRALIA,Premier,Hard,https://www.wtatennis.com/resources/v7.31.10/i/elements/500k-tag.svg,Bernarda Pera,6.0,USA,https://www.wtatennis.com/resources/v7.31.10/i/elements/flags/usa.svg,Round of 16 R16,W,"7 - 64,6 - 2,",12,https://www.wtatennis.com/players/317708/bernarda-pera,13 - 18 Jan 2020,185.0,41675.0,32M/32Q/16D,,2020-01-18 00:00:00,,,268046530.0
455,Adelaide International,,https://www.wtatennis.com/tournaments/2014/adelaide/2020,ADELAIDE • AUSTRALIA,Premier,Hard,https://www.wtatennis.com/resources/v7.31.10/i/elements/500k-tag.svg,Su-Wei Hsieh,6.0,TPE,https://www.wtatennis.com/resources/v7.31.10/i/elements/flags/tpe.svg,Round of 32 R32,W,"5 - 7,6 - 1,7 - 5,",12,https://www.wtatennis.com/players/310053/su-wei-hsieh,13 - 18 Jan 2020,185.0,41675.0,32M/32Q/16D,,2020-01-18 00:00:00,,,268088205.0
456,Shenzhen Open,,https://www.wtatennis.com/tournaments/1063/shenzhen/2020,SHENZHEN • CHINA,International,Hard,https://www.wtatennis.com/resources/v7.31.10/i/elements/250k-tag.svg,Kristyna Pliskova,2.0,CZE,https://www.wtatennis.com/resources/v7.31.10/i/elements/flags/cze.svg,Round of 16 R16,L,"4 - 6,4 - 6,",11,https://www.wtatennis.com/players/313975/kristyna-pliskova,5 - 11 Jan 2020,30.0,6450.0,32M/16Q/16D,2020-01-05 00:00:00,2020-01-11 00:00:00,2020.0,1.0,268094655.0
457,Shenzhen Open,,https://www.wtatennis.com/tournaments/1063/shenzhen/2020,SHENZHEN • CHINA,International,Hard,https://www.wtatennis.com/resources/v7.31.10/i/elements/250k-tag.svg,Margarita Gasparyan,2.0,RUS,https://www.wtatennis.com/resources/v7.31.10/i/elements/flags/rus.svg,Round of 32 R32,W,"6 - 3,6 - 0,",11,https://www.wtatennis.com/players/317938/margarita-gasparyan,5 - 11 Jan 2020,30.0,6450.0,32M/16Q/16D,2020-01-05 00:00:00,2020-01-11 00:00:00,2020.0,1.0,268101105.0
458,Hengqin Life WTA Elite Trophy Zhuhai 2019,,https://www.wtatennis.com/tournaments/1081/zhuhai/2019,ZHUHAI • CHINA,Finals,Hard,https://www.wtatennis.com/resources/v7.31.10/i/elements/finals-tag.svg,Kiki Bertens,4.0,NED,https://www.wtatennis.com/resources/v7.31.10/i/elements/flags/ned.svg,Final F,W,"6 - 4,6 - 2,",14,https://www.wtatennis.com/players/314584/kiki-bertens,22 - 27 Oct 2019,,721000.0,12M/0Q/6D,,2019-10-27 00:00:00,,,268822105.0
459,Hengqin Life WTA Elite Trophy Zhuhai 2019,,https://www.wtatennis.com/tournaments/1081/zhuhai/2019,ZHUHAI • CHINA,Finals,Hard,https://www.wtatennis.com/resources/v7.31.10/i/elements/finals-tag.svg,Karolina Muchova,4.0,CZE,https://www.wtatennis.com/resources/v7.31.10/i/elements/flags/cze.svg,Semifinals Semi,W,"7 - 5,7 - 64,",14,https://www.wtatennis.com/players/322191/karolina-muchova,22 - 27 Oct 2019,,721000.0,12M/0Q/6D,,2019-10-27 00:00:00,,,269543105.0
460,Hengqin Life WTA Elite Trophy Zhuhai 2019,,https://www.wtatennis.com/tournaments/1081/zhuhai/2019,ZHUHAI • CHINA,Finals,Hard,https://www.wtatennis.com/resources/v7.31.10/i/elements/finals-tag.svg,Maria Sakkari,4.0,GRE,https://www.wtatennis.com/resources/v7.31.10/i/elements/flags/gre.svg,Group Stage Group,W,"6 - 3,6 - 4,",14,https://www.wtatennis.com/players/318312/maria-sakkari,22 - 27 Oct 2019,,721000.0,12M/0Q/6D,,2019-10-27 00:00:00,,,270264105.0
461,Hengqin Life WTA Elite Trophy Zhuhai 2019,,https://www.wtatennis.com/tournaments/1081/zhuhai/2019,ZHUHAI • CHINA,Finals,Hard,https://www.wtatennis.com/resources/v7.31.10/i/elements/finals-tag.svg,Elise Mertens,4.0,BEL,https://www.wtatennis.com/resources/v7.31.10/i/elements/flags/bel.svg,Group Stage Group,W,"6 - 4,3 - 6,7 - 5,",14,https://www.wtatennis.com/players/317964/elise-mertens,22 - 27 Oct 2019,,721000.0,12M/0Q/6D,,2019-10-27 00:00:00,,,270985105.0
462,China Open,,https://www.wtatennis.com/tournaments/1020/beijing/2019,BEIJING • CHINA,Premier Mandatory,Hard,https://www.wtatennis.com/resources/v7.31.10/i/elements/1000k-tag.svg,Daria Kasatkina,12.0,AUS,https://www.wtatennis.com/resources/v7.31.10/i/elements/flags/aus.svg,Round of 32 R32,L,"4 - 6,65 - 7,",14,https://www.wtatennis.com/players/322082/daria-kasatkina,28 Sep - 6 Oct 2019,10.0,41625.0,64M/32Q/32D,2019-09-28 00:00:00,2019-10-06 00:00:00,2019.0,9.0,271026730.0
463,China Open,,https://www.wtatennis.com/tournaments/1020/beijing/2019,BEIJING • CHINA,Premier Mandatory,Hard,https://www.wtatennis.com/resources/v7.31.10/i/elements/1000k-tag.svg,,12.0,,,Round of 64 R64,,Bye,14,,28 Sep - 6 Oct 2019,10.0,41625.0,64M/32Q/32D,2019-09-28 00:00:00,2019-10-06 00:00:00,2019.0,9.0,271068355.0
464,2019 Dongfeng Motor Wuhan Open,,https://www.wtatennis.com/tournaments/1075/wuhan/2019,WUHAN • CHINA,Premier 5,Hard,https://www.wtatennis.com/resources/v7.31.10/i/elements/1000k-tag.svg,Alison Riske-Amritraj,9.0,USA,https://www.wtatennis.com/resources/v7.31.10/i/elements/flags/usa.svg,Final F,W,"6 - 3,3 - 6,6 - 1,",14,https://www.wtatennis.com/players/312850/alison-riske-amritraj,22 - 28 Sep 2019,900.0,520615.0,64M/32Q/32D,,2019-09-28 00:00:00,,,271588970.0
465,2019 Dongfeng Motor Wuhan Open,,https://www.wtatennis.com/tournaments/1075/wuhan/2019,WUHAN • CHINA,Premier 5,Hard,https://www.wtatennis.com/resources/v7.31.10/i/elements/1000k-tag.svg,Ashleigh Barty,9.0,AUS,https://www.wtatennis.com/resources/v7.31.10/i/elements/flags/aus.svg,Semifinals Semi,W,"7 - 5,6 - 4,",14,https://www.wtatennis.com/players/318033/ashleigh-barty,22 - 28 Sep 2019,900.0,520615.0,64M/32Q/32D,,2019-09-28 00:00:00,,,272109585.0
466,2019 Dongfeng Motor Wuhan Open,,https://www.wtatennis.com/tournaments/1075/wuhan/2019,WUHAN • CHINA,Premier 5,Hard,https://www.wtatennis.com/resources/v7.31.10/i/elements/1000k-tag.svg,Elena Rybakina,9.0,KAZ,https://www.wtatennis.com/resources/v7.31.10/i/elements/flags/kaz.svg,Quarterfinals Quarter,W,"6 - 3,1 - 6,6 - 1,",14,https://www.wtatennis.com/players/324166/elena-rybakina,22 - 28 Sep 2019,900.0,520615.0,64M/32Q/32D,,2019-09-28 00:00:00,,,272630200.0
467,2019 Dongfeng Motor Wuhan Open,,https://www.wtatennis.com/tournaments/1075/wuhan/2019,WUHAN • CHINA,Premier 5,Hard,https://www.wtatennis.com/resources/v7.31.10/i/elements/1000k-tag.svg,Kiki Bertens,9.0,NED,https://www.wtatennis.com/resources/v7.31.10/i/elements/flags/ned.svg,Round of 16 R16,W,"6 - 1,7 - 69,",14,https://www.wtatennis.com/players/314584/kiki-bertens,22 - 28 Sep 2019,900.0,520615.0,64M/32Q/32D,,2019-09-28 00:00:00,,,273150815.0
468,2019 Dongfeng Motor Wuhan Open,,https://www.wtatennis.com/tournaments/1075/wuhan/2019,WUHAN • CHINA,Premier 5,Hard,https://www.wtatennis.com/resources/v7.31.10/i/elements/1000k-tag.svg,Danielle Collins,9.0,USA,https://www.wtatennis.com/resources/v7.31.10/i/elements/flags/usa.svg,Round of 32 R32,W,"6 - 1,6 - 0,",14,https://www.wtatennis.com/players/316925/danielle-collins,22 - 28 Sep 2019,900.0,520615.0,64M/32Q/32D,,2019-09-28 00:00:00,,,273671430.0
469,2019 Dongfeng Motor Wuhan Open,,https://www.wtatennis.com/tournaments/1075/wuhan/2019,WUHAN • CHINA,Premier 5,Hard,https://www.wtatennis.com/resources/v7.31.10/i/elements/1000k-tag.svg,Aliaksandra Sasnovich,9.0,BLR,https://www.wtatennis.com/resources/v7.31.10/i/elements/flags/blr.svg,Round of 64 R64,W,"6 - 1,6 - 2,",14,https://www.wtatennis.com/players/317790/aliaksandra-sasnovich,22 - 28 Sep 2019,900.0,520615.0,64M/32Q/32D,,2019-09-28 00:00:00,,,274192045.0
470,Zhengzhou Open,,https://www.wtatennis.com/tournaments/2008/zhengzhou/2019,ZHENGZHOU • CHINA,Premier,Hard,https://www.wtatennis.com/resources/v7.31.10/i/elements/500k-tag.svg,Petra Martic,4.0,CRO,https://www.wtatennis.com/resources/v7.31.10/i/elements/flags/cro.svg,Quarterfinals Quarter,L,"5 - 7,7 - 5,4 - 6,",13,https://www.wtatennis.com/players/313711/petra-martic,9 - 15 Sep 2019,100.0,41075.0,32M/32Q/16D,2019-09-09 00:00:00,2019-09-15 00:00:00,2019.0,9.0,274233120.0
471,Zhengzhou Open,,https://www.wtatennis.com/tournaments/2008/zhengzhou/2019,ZHENGZHOU • CHINA,Premier,Hard,https://www.wtatennis.com/resources/v7.31.10/i/elements/500k-tag.svg,Jelena Ostapenko,4.0,LAT,https://www.wtatennis.com/resources/v7.31.10/i/elements/flags/lat.svg,Round of 16 R16,W,"6 - 1,6 - 2,",13,https://www.wtatennis.com/players/319939/jelena-ostapenko,9 - 15 Sep 2019,100.0,41075.0,32M/32Q/16D,2019-09-09 00:00:00,2019-09-15 00:00:00,2019.0,9.0,274274195.0
472,Zhengzhou Open,,https://www.wtatennis.com/tournaments/2008/zhengzhou/2019,ZHENGZHOU • CHINA,Premier,Hard,https://www.wtatennis.com/resources/v7.31.10/i/elements/500k-tag.svg,,4.0,,,Round of 32 R32,,Bye,13,,9 - 15 Sep 2019,100.0,41075.0,32M/32Q/16D,2019-09-09 00:00:00,2019-09-15 00:00:00,2019.0,9.0,274315270.0
473,2019 US OPEN TENNIS CHAMPIONSHIPS,https://photoresources.wtatennis.com/photo-resources/2025/04/16/295289d9-36fa-408a-8586-2b407d930c10/WTA-Tournament_US-Open.png?height=128,https://www.wtatennis.com/tournaments/905/us-open/2019,"FLUSHING MEADOWS • USA, NY",Grand Slam,Hard,https://www.wtatennis.com/resources/v7.31.10/i/elements/gs-tag.svg,Yulia Putintseva,9.0,KAZ,https://www.wtatennis.com/resources/v7.31.10/i/elements/flags/kaz.svg,Round of 64 R64,L,"3 - 6,63 - 7,",13,https://www.wtatennis.com/players/317683/yulia-putintseva,26 Aug - 7 Sep 2019,70.0,100000.0,128M/128Q/64D,2019-08-26 00:00:00,2019-09-07 00:00:00,2019.0,8.0,274415270.0
474,2019 US OPEN TENNIS CHAMPIONSHIPS,https://photoresources.wtatennis.com/photo-resources/2025/04/16/295289d9-36fa-408a-8586-2b407d930c10/WTA-Tournament_US-Open.png?height=128,https://www.wtatennis.com/tournaments/905/us-open/2019,"FLUSHING MEADOWS • USA, NY",Grand Slam,Hard,https://www.wtatennis.com/resources/v7.31.10/i/elements/gs-tag.svg,Victoria Azarenka,9.0,BLR,https://www.wtatennis.com/resources/v7.31.10/i/elements/flags/blr.svg,Round of 128 R128,W,"3 - 6,6 - 3,6 - 4,",13,https://www.wtatennis.com/players/312001/victoria-azarenka,26 Aug - 7 Sep 2019,70.0,100000.0,128M/128Q/64D,2019-08-26 00:00:00,2019-09-07 00:00:00,2019.0,8.0,274515270.0
475,Western & Southern Open,https://photoresources.wtatennis.com/photo-resources/2025/04/16/17c99db9-c289-451d-8cd9-65e8d9a25a26/WTA-Tournament_Cincinnati-2024.png?height=128,https://www.wtatennis.com/tournaments/1017/cincinnati/2019,"CINCINNATI • UNITED STATES, OH",Premier 5,Hard,https://www.wtatennis.com/resources/v7.31.10/i/elements/1000k-tag.svg,Maria Sakkari,9.0,GRE,https://www.wtatennis.com/resources/v7.31.10/i/elements/flags/gre.svg,Round of 16 R16,L,"7 - 64,4 - 6,4 - 6,",9,https://www.wtatennis.com/players/318312/maria-sakkari,12 - 18 Aug 2019,105.0,30330.0,64M/32Q/32D,,2019-08-18 00:00:00,,,274545600.0
476,Western & Southern Open,https://photoresources.wtatennis.com/photo-resources/2025/04/16/17c99db9-c289-451d-8cd9-65e8d9a25a26/WTA-Tournament_Cincinnati-2024.png?height=128,https://www.wtatennis.com/tournaments/1017/cincinnati/2019,"CINCINNATI • UNITED STATES, OH",Premier 5,Hard,https://www.wtatennis.com/resources/v7.31.10/i/elements/1000k-tag.svg,Saisai Zheng,9.0,CHN,https://www.wtatennis.com/resources/v7.31.10/i/elements/flags/chn.svg,Round of 32 R32,W,"6 - 4,6 - 3,",9,https://www.wtatennis.com/players/316286/saisai-zheng,12 - 18 Aug 2019,105.0,30330.0,64M/32Q/32D,,2019-08-18 00:00:00,,,274575930.0
477,Western & Southern Open,https://photoresources.wtatennis.com/photo-resources/2025/04/16/17c99db9-c289-451d-8cd9-65e8d9a25a26/WTA-Tournament_Cincinnati-2024.png?height=128,https://www.wtatennis.com/tournaments/1017/cincinnati/2019,"CINCINNATI • UNITED STATES, OH",Premier 5,Hard,https://www.wtatennis.com/resources/v7.31.10/i/elements/1000k-tag.svg,Petra Martic,9.0,CRO,https://www.wtatennis.com/resources/v7.31.10/i/elements/flags/cro.svg,Round of 64 R64,W,"6 - 1,6 - 4,",9,https://www.wtatennis.com/players/313711/petra-martic,12 - 18 Aug 2019,105.0,30330.0,64M/32Q/32D,,2019-08-18 00:00:00,,,274606260.0
478,Rogers Cup presented by National Bank,,https://www.wtatennis.com/tournaments/806/montreal/2019,TORONTO • CANADA,Premier 5,Hard,https://www.wtatennis.com/resources/v7.31.10/i/elements/1000k-tag.svg,Anastasia Pavlyuchenkova,9.0,RUS,https://www.wtatennis.com/resources/v7.31.10/i/elements/flags/rus.svg,Round of 64 R64,L,"6 - 3,3 - 6,5 - 7,",9,https://www.wtatennis.com/players/313796/anastasia-pavlyuchenkova,5 - 11 Aug 2019,1.0,8045.0,64M/64Q/32D,2019-08-05 00:00:00,2019-08-11 00:00:00,2019.0,8.0,274614305.0
479,Mubadala Silicon Valley Classic,,https://www.wtatennis.com/tournaments/703/san-jose/2019,"SAN JOSE • UNITED STATES, CA",Premier,Hard,https://www.wtatennis.com/resources/v7.31.10/i/elements/500k-tag.svg,Saisai Zheng,2.0,CHN,https://www.wtatennis.com/resources/v7.31.10/i/elements/flags/chn.svg,Final F,L,"3 - 6,63 - 7,",10,https://www.wtatennis.com/players/316286/saisai-zheng,29 Jul - 4 Aug 2019,305.0,80500.0,32M/16Q/16D,2019-07-29 00:00:00,2019-08-04 00:00:00,2019.0,7.0,274694805.0
480,Mubadala Silicon Valley Classic,,https://www.wtatennis.com/tournaments/703/san-jose/2019,"SAN JOSE • UNITED STATES, CA",Premier,Hard,https://www.wtatennis.com/resources/v7.31.10/i/elements/500k-tag.svg,Donna Vekic,2.0,CRO,https://www.wtatennis.com/resources/v7.31.10/i/elements/flags/cro.svg,Semifinals Semi,W,"6 - 4,6 - 3,",10,https://www.wtatennis.com/players/318516/donna-vekic,29 Jul - 4 Aug 2019,305.0,80500.0,32M/16Q/16D,2019-07-29 00:00:00,2019-08-04 00:00:00,2019.0,7.0,274775305.0
481,Mubadala Silicon Valley Classic,,https://www.wtatennis.com/tournaments/703/san-jose/2019,"SAN JOSE • UNITED STATES, CA",Premier,Hard,https://www.wtatennis.com/resources/v7.31.10/i/elements/500k-tag.svg,Carla Suárez Navarro,2.0,ESP,https://www.wtatennis.com/resources/v7.31.10/i/elements/flags/esp.svg,Quarterfinals Quarter,W,"3 - 6,6 - 2,6 - 4,",10,https://www.wtatennis.com/players/311338/carla-su-rez-navarro,29 Jul - 4 Aug 2019,305.0,80500.0,32M/16Q/16D,2019-07-29 00:00:00,2019-08-04 00:00:00,2019.0,7.0,274855805.0
482,Mubadala Silicon Valley Classic,,https://www.wtatennis.com/tournaments/703/san-jose/2019,"SAN JOSE • UNITED STATES, CA",Premier,Hard,https://www.wtatennis.com/resources/v7.31.10/i/elements/500k-tag.svg,Coco Vandeweghe,2.0,USA,https://www.wtatennis.com/resources/v7.31.10/i/elements/flags/usa.svg,Round of 16 R16,W,"6 - 3,6 - 3,",10,https://www.wtatennis.com/players/314464/coco-vandeweghe,29 Jul - 4 Aug 2019,305.0,80500.0,32M/16Q/16D,2019-07-29 00:00:00,2019-08-04 00:00:00,2019.0,7.0,274936305.0
483,Mubadala Silicon Valley Classic,,https://www.wtatennis.com/tournaments/703/san-jose/2019,"SAN JOSE • UNITED STATES, CA",Premier,Hard,https://www.wtatennis.com/resources/v7.31.10/i/elements/500k-tag.svg,,2.0,,,Round of 32 R32,,Bye,10,,29 Jul - 4 Aug 2019,305.0,80500.0,32M/16Q/16D,2019-07-29 00:00:00,2019-08-04 00:00:00,2019.0,7.0,275016805.0
484,The Championships,https://photoresources.wtatennis.com/photo-resources/2025/04/16/710d860b-bce6-40c7-8838-a6272dbf6be6/WTA-Tournament_Wimbledon.png?height=128,https://www.wtatennis.com/tournaments/904/wimbledon/2019,WIMBLEDON • GREAT BRITAIN,Grand Slam,Grass,https://www.wtatennis.com/resources/v7.31.10/i/elements/gs-tag.svg,Magdalena Rybarikova,10.0,SVK,https://www.wtatennis.com/resources/v7.31.10/i/elements/flags/svk.svg,Round of 128 R128,L,"2 - 6,4 - 6,",11,https://www.wtatennis.com/players/312580/magdalena-rybarikova,1 - 14 Jul 2019,10.0,58241.0,128M/128Q/64D,2019-07-01 00:00:00,2019-07-14 00:00:00,2019.0,7.0,275075046.0
485,Nature Valley International Eastbourne,,https://www.wtatennis.com/tournaments/710/eastbourne/2019,EASTBOURNE • GREAT BRITAIN,WTA 250,Grass,https://www.wtatennis.com/resources/v7.31.10/i/elements/250k-tag.svg,Kiki Bertens,8.0,NED,https://www.wtatennis.com/resources/v7.31.10/i/elements/flags/ned.svg,Quarterfinals Quarter,L,"4 - 6,6 - 3,4 - 6,",10,https://www.wtatennis.com/players/314584/kiki-bertens,23 - 29 Jun 2019,100.0,23455.0,64M/32Q/16D,,2019-06-29 00:00:00,,,275098501.0
486,Nature Valley International Eastbourne,,https://www.wtatennis.com/tournaments/710/eastbourne/2019,EASTBOURNE • GREAT BRITAIN,WTA 250,Grass,https://www.wtatennis.com/resources/v7.31.10/i/elements/250k-tag.svg,Caroline Wozniacki,8.0,DEN,https://www.wtatennis.com/resources/v7.31.10/i/elements/flags/den.svg,Round of 16 R16,W,"2 - 6,6 - 4,7 - 65,",10,https://www.wtatennis.com/players/313402/caroline-wozniacki,23 - 29 Jun 2019,100.0,23455.0,64M/32Q/16D,,2019-06-29 00:00:00,,,275121956.0
487,Nature Valley International Eastbourne,,https://www.wtatennis.com/tournaments/710/eastbourne/2019,EASTBOURNE • GREAT BRITAIN,WTA 250,Grass,https://www.wtatennis.com/resources/v7.31.10/i/elements/250k-tag.svg,Tamara Zidansek,8.0,SLO,https://www.wtatennis.com/resources/v7.31.10/i/elements/flags/slo.svg,Round of 32 R32,W,"6 - 2,6 - 3,",10,https://www.wtatennis.com/players/323079/tamara-zidansek,23 - 29 Jun 2019,100.0,23455.0,64M/32Q/16D,,2019-06-29 00:00:00,,,275145411.0
488,Nature Valley International Eastbourne,,https://www.wtatennis.com/tournaments/710/eastbourne/2019,EASTBOURNE • GREAT BRITAIN,WTA 250,Grass,https://www.wtatennis.com/resources/v7.31.10/i/elements/250k-tag.svg,,8.0,,,Round of 64 R64,,Bye,10,,23 - 29 Jun 2019,100.0,23455.0,64M/32Q/16D,,2019-06-29 00:00:00,,,275168866.0
489,Nature Valley Classic Birmingham,,https://www.wtatennis.com/tournaments/1052/birmingham/2019,BIRMINGHAM • GREAT BRITAIN,Premier,Grass,https://www.wtatennis.com/resources/v7.31.10/i/elements/500k-tag.svg,Su-Wei Hsieh,5.0,TPE,https://www.wtatennis.com/resources/v7.31.10/i/elements/flags/tpe.svg,Round of 32 R32,L,"3 - 6,6 - 2,61 - 7,",10,https://www.wtatennis.com/players/310053/su-wei-hsieh,17 - 23 Jun 2019,1.0,6915.0,32M/32Q/16D,,2019-06-23 00:00:00,,,275175781.0
490,Libema Open,,https://www.wtatennis.com/tournaments/822/s-hertogenbosch/2019,'S-HERTOGENBOSCH • NETHERLANDS,International,Grass,https://www.wtatennis.com/resources/v7.31.10/i/elements/250k-tag.svg,Destanee Aiava,2.0,AUS,https://www.wtatennis.com/resources/v7.31.10/i/elements/flags/aus.svg,Round of 32 R32,L,"63 - 7,6 - 1,4 - 6,",10,https://www.wtatennis.com/players/324219/destanee-aiava,10 - 16 Jun 2019,1.0,2100.0,32M/32Q/16D,,2019-06-16 00:00:00,,,275177881.0
491,Roland Garros,https://photoresources.wtatennis.com/photo-resources/2025/04/16/ddbbc328-7967-416c-a6b5-043c8c3f933e/WTA-Tournament_Roland-Garros.png?height=128,https://www.wtatennis.com/tournaments/903/roland-garros/2019,PARIS • FRANCE,Grand Slam,Clay,https://www.wtatennis.com/resources/v7.31.10/i/elements/gs-tag.svg,Amanda Anisimova,11.0,USA,https://www.wtatennis.com/resources/v7.31.10/i/elements/flags/usa.svg,Round of 64 R64,L,"4 - 6,2 - 6,",11,https://www.wtatennis.com/players/326384/amanda-anisimova,26 May - 9 Jun 2019,70.0,100219.0,128M/128Q/64D,2019-05-26 00:00:00,2019-06-09 00:00:00,2019.0,5.0,275278100.0
492,Roland Garros,https://photoresources.wtatennis.com/photo-resources/2025/04/16/ddbbc328-7967-416c-a6b5-043c8c3f933e/WTA-Tournament_Roland-Garros.png?height=128,https://www.wtatennis.com/tournaments/903/roland-garros/2019,PARIS • FRANCE,Grand Slam,Clay,https://www.wtatennis.com/resources/v7.31.10/i/elements/gs-tag.svg,Dominika Cibulkova,11.0,SVK,https://www.wtatennis.com/resources/v7.31.10/i/elements/flags/svk.svg,Round of 128 R128,W,"7 - 5,6 - 1,",11,https://www.wtatennis.com/players/312894/dominika-cibulkova,26 May - 9 Jun 2019,70.0,100219.0,128M/128Q/64D,2019-05-26 00:00:00,2019-06-09 00:00:00,2019.0,5.0,275378319.0
493,Internationaux de Strasbourg,,https://www.wtatennis.com/tournaments/406/strasbourg/2019,STRASBOURG • FRANCE,International,Clay,https://www.wtatennis.com/resources/v7.31.10/i/elements/250k-tag.svg,Dayana Yastremska,2.0,UKR,https://www.wtatennis.com/resources/v7.31.10/i/elements/flags/ukr.svg,Semifinals Semi,L,"4 - 6,4 - 6,",11,https://www.wtatennis.com/players/324261/dayana-yastremska,19 - 25 May 2019,110.0,11500.0,32M/32Q/16D,,2019-05-25 00:00:00,,,275389819.0
494,Internationaux de Strasbourg,,https://www.wtatennis.com/tournaments/406/strasbourg/2019,STRASBOURG • FRANCE,International,Clay,https://www.wtatennis.com/resources/v7.31.10/i/elements/250k-tag.svg,Monica Puig,2.0,PUR,https://www.wtatennis.com/resources/v7.31.10/i/elements/flags/pur.svg,Quarterfinals Quarter,W,"6 - 1,3 - 6,6 - 2,",11,https://www.wtatennis.com/players/317755/monica-puig,19 - 25 May 2019,110.0,11500.0,32M/32Q/16D,,2019-05-25 00:00:00,,,275401319.0
495,Internationaux de Strasbourg,,https://www.wtatennis.com/tournaments/406/strasbourg/2019,STRASBOURG • FRANCE,International,Clay,https://www.wtatennis.com/resources/v7.31.10/i/elements/250k-tag.svg,Laura Siegemund,2.0,GER,https://www.wtatennis.com/resources/v7.31.10/i/elements/flags/ger.svg,Round of 16 R16,W,"6 - 4,6 - 3,",11,https://www.wtatennis.com/players/310926/laura-siegemund,19 - 25 May 2019,110.0,11500.0,32M/32Q/16D,,2019-05-25 00:00:00,,,275412819.0
496,Internationaux de Strasbourg,,https://www.wtatennis.com/tournaments/406/strasbourg/2019,STRASBOURG • FRANCE,International,Clay,https://www.wtatennis.com/resources/v7.31.10/i/elements/250k-tag.svg,Lin Zhu,2.0,CHN,https://www.wtatennis.com/resources/v7.31.10/i/elements/flags/chn.svg,Round of 32 R32,W,"6 - 0,6 - 1,",11,https://www.wtatennis.com/players/317306/lin-zhu,19 - 25 May 2019,110.0,11500.0,32M/32Q/16D,,2019-05-25 00:00:00,,,275424319.0
497,Internazionali BNL d'Italia,https://photoresources.wtatennis.com/photo-resources/2025/04/16/51f9b6ec-ebde-417f-b706-31b0bb4cc688/WTA-Tournament_Rome-2018.png?height=128,https://www.wtatennis.com/tournaments/709/rome/2019,ROME • ITALY,Premier 5,Clay,https://www.wtatennis.com/resources/v7.31.10/i/elements/1000k-tag.svg,Alizé Cornet,9.0,FRA,https://www.wtatennis.com/resources/v7.31.10/i/elements/flags/fra.svg,Round of 64 R64,L,"1 - 6,4 - 6,",10,https://www.wtatennis.com/players/312121/aliz-cornet,13 - 19 May 2019,1.0,9770.0,64M/32Q/32D,,2019-05-19 00:00:00,,,275434089.0
498,Mutua Madrid Open,https://photoresources.wtatennis.com/photo-resources/2025/04/16/993fad80-1e55-4a92-aae0-258338df5d6d/WTA-Tournament_Madrid-2023.png?height=128,https://www.wtatennis.com/tournaments/1038/madrid/2019,MADRID • SPAIN,Premier Mandatory,Clay,https://www.wtatennis.com/resources/v7.31.10/i/elements/1000k-tag.svg,Svetlana Kuznetsova,10.0,RUS,https://www.wtatennis.com/resources/v7.31.10/i/elements/flags/rus.svg,Round of 64 R64,L,"5 - 7,4 - 6,",10,https://www.wtatennis.com/players/110552/svetlana-kuznetsova,4 - 11 May 2019,10.0,22190.0,64M/32Q/32D,2019-05-04 00:00:00,2019-05-11 00:00:00,2019.0,5.0,275456279.0
499,"FED CUP WORLD GROUP 1 WK2- BRISBANE, AUSTRALIA",https://www.wtatennis.com/resources/v7.31.10/i/elements/itf.png,,AUSTRALIA,ITF,Hard,https://www.wtatennis.com/resources/v7.31.10/i/elements/itf.png,Samantha Stosur,,AUS,https://www.wtatennis.com/resources/v7.31.10/i/elements/flags/aus.svg,Round 2 R2,W,"7 - 5,5 - 7,6 - 3,",10,https://www.wtatennis.com/players/190787/samantha-stosur,20 - 21 Apr 2019,,,8M/0Q/2D,,2019-04-21 00:00:00,,,
500,"FED CUP WORLD GROUP 1 WK2- BRISBANE, AUSTRALIA",https://www.wtatennis.com/resources/v7.31.10/i/elements/itf.png,,AUSTRALIA,ITF,Hard,https://www.wtatennis.com/resources/v7.31.10/i/elements/itf.png,Ashleigh Barty,,AUS,https://www.wtatennis.com/resources/v7.31.10/i/elements/flags/aus.svg,Round 2 R2,L,"2 - 6,2 - 6,",10,https://www.wtatennis.com/players/318033/ashleigh-barty,20 - 21 Apr 2019,,,8M/0Q/2D,,2019-04-21 00:00:00,,,
501,Volvo Car Open,,https://www.wtatennis.com/tournaments/804/charleston/2019,"CHARLESTON • USA, SC",Premier,Clay,https://www.wtatennis.com/resources/v7.31.10/i/elements/500k-tag.svg,Monica Puig,3.0,PUR,https://www.wtatennis.com/resources/v7.31.10/i/elements/flags/pur.svg,Round of 16 R16,L,"2 - 6,5 - 7,",10,https://www.wtatennis.com/players/317755/monica-puig,1 - 7 Apr 2019,55.0,9860.0,64M/32Q/16D,2019-04-01 00:00:00,2019-04-07 00:00:00,2019.0,4.0,275466139.0
502,Volvo Car Open,,https://www.wtatennis.com/tournaments/804/charleston/2019,"CHARLESTON • USA, SC",Premier,Clay,https://www.wtatennis.com/resources/v7.31.10/i/elements/500k-tag.svg,Kateryna Baindl,3.0,UKR,https://www.wtatennis.com/resources/v7.31.10/i/elements/flags/ukr.svg,Round of 32 R32,W,"3 - 6,6 - 3,6 - 3,",10,https://www.wtatennis.com/players/316739/kateryna-baindl,1 - 7 Apr 2019,55.0,9860.0,64M/32Q/16D,2019-04-01 00:00:00,2019-04-07 00:00:00,2019.0,4.0,275475999.0
503,Volvo Car Open,,https://www.wtatennis.com/tournaments/804/charleston/2019,"CHARLESTON • USA, SC",Premier,Clay,https://www.wtatennis.com/resources/v7.31.10/i/elements/500k-tag.svg,,3.0,,,Round of 64 R64,,Bye,10,,1 - 7 Apr 2019,55.0,9860.0,64M/32Q/16D,2019-04-01 00:00:00,2019-04-07 00:00:00,2019.0,4.0,275485859.0
504,Miami Open presented by Itau,https://photoresources.wtatennis.com/photo-resources/2025/04/16/ad3c213f-6323-4422-bb86-ff92e8cb213c/WTA-Tournament_Miami-2024.png?height=128,https://www.wtatennis.com/tournaments/902/miami/2019,"MIAMI • USA, FL",Premier Mandatory,Hard,https://www.wtatennis.com/resources/v7.31.10/i/elements/1000k-tag.svg,Ajla Tomljanovic,9.0,AUS,https://www.wtatennis.com/resources/v7.31.10/i/elements/flags/aus.svg,Round of 64 R64,L,"3 - 6,4 - 6,",9,https://www.wtatennis.com/players/315232/ajla-tomljanovic,19 - 30 Mar 2019,10.0,26430.0,128M/64Q/32D,,2019-03-30 00:00:00,,,275512289.0
505,Miami Open presented by Itau,https://photoresources.wtatennis.com/photo-resources/2025/04/16/ad3c213f-6323-4422-bb86-ff92e8cb213c/WTA-Tournament_Miami-2024.png?height=128,https://www.wtatennis.com/tournaments/902/miami/2019,"MIAMI • USA, FL",Premier Mandatory,Hard,https://www.wtatennis.com/resources/v7.31.10/i/elements/1000k-tag.svg,,9.0,,,Round of 128 R128,,Bye,9,,19 - 30 Mar 2019,10.0,26430.0,128M/64Q/32D,,2019-03-30 00:00:00,,,275538719.0
506,BNP Paribas Open,https://photoresources.wtatennis.com/photo-resources/2025/04/16/e155ccb6-5daf-4a93-8fa1-a30ce14c2704/WTA-Tournament_Indian-Wells-2017.png?height=128,https://www.wtatennis.com/tournaments/609/indian-wells/2019,"INDIAN WELLS • USA, CA",Premier Mandatory,Hard,https://www.wtatennis.com/resources/v7.31.10/i/elements/1000k-tag.svg,Angelique Kerber,9.0,GER,https://www.wtatennis.com/resources/v7.31.10/i/elements/flags/ger.svg,Round of 16 R16,L,"1 - 6,6 - 4,4 - 6,",9,https://www.wtatennis.com/players/311470/angelique-kerber,6 - 17 Mar 2019,120.0,91205.0,128M/64Q/32D,2019-03-06 00:00:00,2019-03-17 00:00:00,2019.0,3.0,275629924.0
507,BNP Paribas Open,https://photoresources.wtatennis.com/photo-resources/2025/04/16/e155ccb6-5daf-4a93-8fa1-a30ce14c2704/WTA-Tournament_Indian-Wells-2017.png?height=128,https://www.wtatennis.com/tournaments/609/indian-wells/2019,"INDIAN WELLS • USA, CA",Premier Mandatory,Hard,https://www.wtatennis.com/resources/v7.31.10/i/elements/1000k-tag.svg,Lesia Tsurenko,9.0,UKR,https://www.wtatennis.com/resources/v7.31.10/i/elements/flags/ukr.svg,Round of 32 R32,W,"6 - 2,7 - 5,",9,https://www.wtatennis.com/players/315295/lesia-tsurenko,6 - 17 Mar 2019,120.0,91205.0,128M/64Q/32D,2019-03-06 00:00:00,2019-03-17 00:00:00,2019.0,3.0,275721129.0
508,BNP Paribas Open,https://photoresources.wtatennis.com/photo-resources/2025/04/16/e155ccb6-5daf-4a93-8fa1-a30ce14c2704/WTA-Tournament_Indian-Wells-2017.png?height=128,https://www.wtatennis.com/tournaments/609/indian-wells/2019,"INDIAN WELLS • USA, CA",Premier Mandatory,Hard,https://www.wtatennis.com/resources/v7.31.10/i/elements/1000k-tag.svg,Ajla Tomljanovic,9.0,AUS,https://www.wtatennis.com/resources/v7.31.10/i/elements/flags/aus.svg,Round of 64 R64,W,"6 - 3,4 - 6,6 - 0,",9,https://www.wtatennis.com/players/315232/ajla-tomljanovic,6 - 17 Mar 2019,120.0,91205.0,128M/64Q/32D,2019-03-06 00:00:00,2019-03-17 00:00:00,2019.0,3.0,275812334.0
509,BNP Paribas Open,https://photoresources.wtatennis.com/photo-resources/2025/04/16/e155ccb6-5daf-4a93-8fa1-a30ce14c2704/WTA-Tournament_Indian-Wells-2017.png?height=128,https://www.wtatennis.com/tournaments/609/indian-wells/2019,"INDIAN WELLS • USA, CA",Premier Mandatory,Hard,https://www.wtatennis.com/resources/v7.31.10/i/elements/1000k-tag.svg,,9.0,,,Round of 128 R128,,Bye,9,,6 - 17 Mar 2019,120.0,91205.0,128M/64Q/32D,2019-03-06 00:00:00,2019-03-17 00:00:00,2019.0,3.0,275903539.0
510,Dubai Duty Free Tennis Championships,https://photoresources.wtatennis.com/photo-resources/2025/04/16/aa274c10-fd33-4715-ac0e-d74441b27a54/WTA-Tournament_Dubai-2017.png?height=128,https://www.wtatennis.com/tournaments/718/dubai/2019,DUBAI • UNITED ARAB EMIRATES,Premier 5,Hard,https://www.wtatennis.com/resources/v7.31.10/i/elements/1000k-tag.svg,Belinda Bencic,8.0,SUI,https://www.wtatennis.com/resources/v7.31.10/i/elements/flags/sui.svg,Round of 16 R16,L,"4 - 6,6 - 2,67 - 7,",9,https://www.wtatennis.com/players/319001/belinda-bencic,17 - 23 Feb 2019,105.0,29695.0,64M/32Q/32D,,2019-02-23 00:00:00,,,275933234.0
511,Dubai Duty Free Tennis Championships,https://photoresources.wtatennis.com/photo-resources/2025/04/16/aa274c10-fd33-4715-ac0e-d74441b27a54/WTA-Tournament_Dubai-2017.png?height=128,https://www.wtatennis.com/tournaments/718/dubai/2019,DUBAI • UNITED ARAB EMIRATES,Premier 5,Hard,https://www.wtatennis.com/resources/v7.31.10/i/elements/1000k-tag.svg,Ivana Jorovic,8.0,SRB,https://www.wtatennis.com/resources/v7.31.10/i/elements/flags/srb.svg,Round of 32 R32,W,"6 - 4,6 - 0,",9,https://www.wtatennis.com/players/320360/ivana-jorovic,17 - 23 Feb 2019,105.0,29695.0,64M/32Q/32D,,2019-02-23 00:00:00,,,275962929.0
512,Dubai Duty Free Tennis Championships,https://photoresources.wtatennis.com/photo-resources/2025/04/16/aa274c10-fd33-4715-ac0e-d74441b27a54/WTA-Tournament_Dubai-2017.png?height=128,https://www.wtatennis.com/tournaments/718/dubai/2019,DUBAI • UNITED ARAB EMIRATES,Premier 5,Hard,https://www.wtatennis.com/resources/v7.31.10/i/elements/1000k-tag.svg,,8.0,,,Round of 64 R64,,Bye,9,,17 - 23 Feb 2019,105.0,29695.0,64M/32Q/32D,,2019-02-23 00:00:00,,,275992624.0
513,FED CUP WORLD GROUP WEEK 1,https://www.wtatennis.com/resources/v7.31.10/i/elements/itf.png,,"BRAUNSCHWEIG, GERMANY",ITF,Hard,https://www.wtatennis.com/resources/v7.31.10/i/elements/itf.png,Andrea Petkovic,,GER,https://www.wtatennis.com/resources/v7.31.10/i/elements/flags/ger.svg,Round 1 R1,W,"6 - 2,6 - 1,",9,https://www.wtatennis.com/players/310770/andrea-petkovic,9 - 10 Feb 2019,,,6M/0Q/2D,2019-02-09 00:00:00,2019-02-10 00:00:00,2019.0,2.0,
514,FED CUP WORLD GROUP WEEK 1,https://www.wtatennis.com/resources/v7.31.10/i/elements/itf.png,,"BRAUNSCHWEIG, GERMANY",ITF,Hard,https://www.wtatennis.com/resources/v7.31.10/i/elements/itf.png,Laura Siegemund,,GER,https://www.wtatennis.com/resources/v7.31.10/i/elements/flags/ger.svg,Round 1 R1,W,"6 - 1,6 - 1,",9,https://www.wtatennis.com/players/310926/laura-siegemund,9 - 10 Feb 2019,,,6M/0Q/2D,2019-02-09 00:00:00,2019-02-10 00:00:00,2019.0,2.0,
515,St. Petersburg Ladies Trophy,,https://www.wtatennis.com/tournaments/1086/st-petersburg/2019,ST. PETERSBURG • RUSSIA,Premier,Hard,https://www.wtatennis.com/resources/v7.31.10/i/elements/500k-tag.svg,Kiki Bertens,4.0,NED,https://www.wtatennis.com/resources/v7.31.10/i/elements/flags/ned.svg,Semifinals Semi,L,"65 - 7,2 - 6,",10,https://www.wtatennis.com/players/314584/kiki-bertens,28 Jan - 3 Feb 2019,185.0,40360.0,32M/32Q/16D,2019-01-28 00:00:00,2019-02-03 00:00:00,2019.0,1.0,276032984.0
516,St. Petersburg Ladies Trophy,,https://www.wtatennis.com/tournaments/1086/st-petersburg/2019,ST. PETERSBURG • RUSSIA,Premier,Hard,https://www.wtatennis.com/resources/v7.31.10/i/elements/500k-tag.svg,Ekaterina Alexandrova,4.0,RUS,https://www.wtatennis.com/resources/v7.31.10/i/elements/flags/rus.svg,Quarterfinals Quarter,W,"6 - 3,6 - 4,",10,https://www.wtatennis.com/players/319007/ekaterina-alexandrova,28 Jan - 3 Feb 2019,185.0,40360.0,32M/32Q/16D,2019-01-28 00:00:00,2019-02-03 00:00:00,2019.0,1.0,276073344.0
517,St. Petersburg Ladies Trophy,,https://www.wtatennis.com/tournaments/1086/st-petersburg/2019,ST. PETERSBURG • RUSSIA,Premier,Hard,https://www.wtatennis.com/resources/v7.31.10/i/elements/500k-tag.svg,Alison Van Uytvanck,4.0,BEL,https://www.wtatennis.com/resources/v7.31.10/i/elements/flags/bel.svg,Round of 16 R16,W,"6 - 1,6 - 4,",10,https://www.wtatennis.com/players/317819/alison-van-uytvanck,28 Jan - 3 Feb 2019,185.0,40360.0,32M/32Q/16D,2019-01-28 00:00:00,2019-02-03 00:00:00,2019.0,1.0,276113704.0
518,St. Petersburg Ladies Trophy,,https://www.wtatennis.com/tournaments/1086/st-petersburg/2019,ST. PETERSBURG • RUSSIA,Premier,Hard,https://www.wtatennis.com/resources/v7.31.10/i/elements/500k-tag.svg,,4.0,,,Round of 32 R32,,Bye,10,,28 Jan - 3 Feb 2019,185.0,40360.0,32M/32Q/16D,2019-01-28 00:00:00,2019-02-03 00:00:00,2019.0,1.0,276154064.0
519,Australian Open,https://photoresources.wtatennis.com/photo-resources/2025/04/16/20886615-8c76-4d00-b747-7946c3692df2/WTA-Tournament_Australian-Open.png?height=128,https://www.wtatennis.com/tournaments/901/australian-open/2019,MELBOURNE • AUSTRALIA,Grand Slam,Hard,https://www.wtatennis.com/resources/v7.31.10/i/elements/gs-tag.svg,Amanda Anisimova,11.0,USA,https://www.wtatennis.com/resources/v7.31.10/i/elements/flags/usa.svg,Round of 32 R32,L,"3 - 6,2 - 6,",11,https://www.wtatennis.com/players/326384/amanda-anisimova,14 - 26 Jan 2019,130.0,115322.0,128M/128Q/64D,,2019-01-26 00:00:00,,,276269386.0
520,Australian Open,https://photoresources.wtatennis.com/photo-resources/2025/04/16/20886615-8c76-4d00-b747-7946c3692df2/WTA-Tournament_Australian-Open.png?height=128,https://www.wtatennis.com/tournaments/901/australian-open/2019,MELBOURNE • AUSTRALIA,Grand Slam,Hard,https://www.wtatennis.com/resources/v7.31.10/i/elements/gs-tag.svg,Katie Boulter,11.0,GBR,https://www.wtatennis.com/resources/v7.31.10/i/elements/flags/gbr.svg,Round of 64 R64,W,"6 - 3,6 - 4,",11,https://www.wtatennis.com/players/319125/katie-boulter,14 - 26 Jan 2019,130.0,115322.0,128M/128Q/64D,,2019-01-26 00:00:00,,,276384708.0
521,Australian Open,https://photoresources.wtatennis.com/photo-resources/2025/04/16/20886615-8c76-4d00-b747-7946c3692df2/WTA-Tournament_Australian-Open.png?height=128,https://www.wtatennis.com/tournaments/901/australian-open/2019,MELBOURNE • AUSTRALIA,Grand Slam,Hard,https://www.wtatennis.com/resources/v7.31.10/i/elements/gs-tag.svg,Anna Kalinskaya,11.0,RUS,https://www.wtatennis.com/resources/v7.31.10/i/elements/flags/rus.svg,Round of 128 R128,W,"6 - 1,6 - 4,",11,https://www.wtatennis.com/players/323942/anna-kalinskaya,14 - 26 Jan 2019,130.0,115322.0,128M/128Q/64D,,2019-01-26 00:00:00,,,276500030.0
522,Sydney International,,https://www.wtatennis.com/tournaments/702/sydney/2019,SYDNEY • AUSTRALIA,Premier,Hard,https://www.wtatennis.com/resources/v7.31.10/i/elements/500k-tag.svg,Petra Kvitova,5.0,CZE,https://www.wtatennis.com/resources/v7.31.10/i/elements/flags/cze.svg,Round of 32 R32,L,"1 - 6,5 - 7,",11,https://www.wtatennis.com/players/314206/petra-kvitova,7 - 12 Jan 2019,1.0,6345.0,32M/32Q/16D,2019-01-07 00:00:00,2019-01-12 00:00:00,2019.0,1.0,276506375.0
523,Shenzhen Open,,https://www.wtatennis.com/tournaments/1063/shenzhen/2019,SHENZHEN • CHINA,International,Hard,https://www.wtatennis.com/resources/v7.31.10/i/elements/250k-tag.svg,Alison Riske-Amritraj,1.0,USA,https://www.wtatennis.com/resources/v7.31.10/i/elements/flags/usa.svg,Final F,W,"4 - 6,7 - 62,6 - 3,",13,https://www.wtatennis.com/players/312850/alison-riske-amritraj,30 Dec - 5 Jan 2019,280.0,163260.0,32M/16Q/16D,2019-12-30 00:00:00,2019-01-05 00:00:00,2019.0,12.0,276669635.0
524,Shenzhen Open,,https://www.wtatennis.com/tournaments/1063/shenzhen/2019,SHENZHEN • CHINA,International,Hard,https://www.wtatennis.com/resources/v7.31.10/i/elements/250k-tag.svg,Yafan Wang,1.0,CHN,https://www.wtatennis.com/resources/v7.31.10/i/elements/flags/chn.svg,Semifinals Semi,W,"6 - 2,6 - 1,",13,https://www.wtatennis.com/players/317510/yafan-wang,30 Dec - 5 Jan 2019,280.0,163260.0,32M/16Q/16D,2019-12-30 00:00:00,2019-01-05 00:00:00,2019.0,12.0,276832895.0
525,Shenzhen Open,,https://www.wtatennis.com/tournaments/1063/shenzhen/2019,SHENZHEN • CHINA,International,Hard,https://www.wtatennis.com/resources/v7.31.10/i/elements/250k-tag.svg,Maria Sharapova,1.0,RUS,https://www.wtatennis.com/resources/v7.31.10/i/elements/flags/rus.svg,Quarterfinals Quarter,W,"6 - 1,4 - 2, Ret",13,https://www.wtatennis.com/players/310137/maria-sharapova,30 Dec - 5 Jan 2019,280.0,163260.0,32M/16Q/16D,2019-12-30 00:00:00,2019-01-05 00:00:00,2019.0,12.0,276996155.0
526,Shenzhen Open,,https://www.wtatennis.com/tournaments/1063/shenzhen/2019,SHENZHEN • CHINA,International,Hard,https://www.wtatennis.com/resources/v7.31.10/i/elements/250k-tag.svg,Ekaterina Alexandrova,1.0,RUS,https://www.wtatennis.com/resources/v7.31.10/i/elements/flags/rus.svg,Round of 16 R16,W,"6 - 3,6 - 3,",13,https://www.wtatennis.com/players/319007/ekaterina-alexandrova,30 Dec - 5 Jan 2019,280.0,163260.0,32M/16Q/16D,2019-12-30 00:00:00,2019-01-05 00:00:00,2019.0,12.0,277159415.0
527,Shenzhen Open,,https://www.wtatennis.com/tournaments/1063/shenzhen/2019,SHENZHEN • CHINA,International,Hard,https://www.wtatennis.com/resources/v7.31.10/i/elements/250k-tag.svg,Tatjana Maria,1.0,GER,https://www.wtatennis.com/resources/v7.31.10/i/elements/flags/ger.svg,Round of 32 R32,W,"3 - 6,6 - 3,6 - 1,",13,https://www.wtatennis.com/players/310440/tatjana-maria,30 Dec - 5 Jan 2019,280.0,163260.0,32M/16Q/16D,2019-12-30 00:00:00,2019-01-05 00:00:00,2019.0,12.0,277322675.0
528,Hengqin Life WTA Elite Trophy Zhuhai 2018,,https://www.wtatennis.com/tournaments/1081/zhuhai/2018,ZHUHAI • CHINA,Finals,Hard,https://www.wtatennis.com/resources/v7.31.10/i/elements/finals-tag.svg,Ashleigh Barty,3.0,AUS,https://www.wtatennis.com/resources/v7.31.10/i/elements/flags/aus.svg,Group Stage Group,W,"6 - 4,6 - 4,",12,https://www.wtatennis.com/players/318033/ashleigh-barty,30 Oct - 4 Nov 2018,,125000.0,12M/0Q/6D,2018-10-30 00:00:00,2018-11-04 00:00:00,2018.0,10.0,277447675.0
529,Hengqin Life WTA Elite Trophy Zhuhai 2018,,https://www.wtatennis.com/tournaments/1081/zhuhai/2018,ZHUHAI • CHINA,Finals,Hard,https://www.wtatennis.com/resources/v7.31.10/i/elements/finals-tag.svg,Caroline Garcia,3.0,FRA,https://www.wtatennis.com/resources/v7.31.10/i/elements/flags/fra.svg,Group Stage Group,L,"4 - 6,4 - 6,",12,https://www.wtatennis.com/players/315391/caroline-garcia,30 Oct - 4 Nov 2018,,125000.0,12M/0Q/6D,2018-10-30 00:00:00,2018-11-04 00:00:00,2018.0,10.0,277572675.0
530,Tianjin Open,,https://www.wtatennis.com/tournaments/1076/tianjin/2018,TIANJIN • CHINA,International,Hard,https://www.wtatennis.com/resources/v7.31.10/i/elements/250k-tag.svg,Timea Bacsinszky,4.0,SUI,https://www.wtatennis.com/resources/v7.31.10/i/elements/flags/sui.svg,Quarterfinals Quarter,L,"62 - 7,65 - 7,",11,https://www.wtatennis.com/players/311579/timea-bacsinszky,8 - 14 Oct 2018,60.0,13068.0,32M/32Q/16D,2018-10-08 00:00:00,2018-10-14 00:00:00,2018.0,10.0,277585743.0
531,Tianjin Open,,https://www.wtatennis.com/tournaments/1076/tianjin/2018,TIANJIN • CHINA,International,Hard,https://www.wtatennis.com/resources/v7.31.10/i/elements/250k-tag.svg,Magda Linette,4.0,POL,https://www.wtatennis.com/resources/v7.31.10/i/elements/flags/pol.svg,Round of 16 R16,W,"6 - 1,6 - 3,",11,https://www.wtatennis.com/players/315130/magda-linette,8 - 14 Oct 2018,60.0,13068.0,32M/32Q/16D,2018-10-08 00:00:00,2018-10-14 00:00:00,2018.0,10.0,277598811.0
532,Tianjin Open,,https://www.wtatennis.com/tournaments/1076/tianjin/2018,TIANJIN • CHINA,International,Hard,https://www.wtatennis.com/resources/v7.31.10/i/elements/250k-tag.svg,Sofia Kenin,4.0,USA,https://www.wtatennis.com/resources/v7.31.10/i/elements/flags/usa.svg,Round of 32 R32,W,"7 - 64,4 - 6,6 - 0,",11,https://www.wtatennis.com/players/320942/sofia-kenin,8 - 14 Oct 2018,60.0,13068.0,32M/32Q/16D,2018-10-08 00:00:00,2018-10-14 00:00:00,2018.0,10.0,277611879.0
533,China Open,,https://www.wtatennis.com/tournaments/1020/beijing/2018,BEIJING • CHINA,Premier Mandatory,Hard,https://www.wtatennis.com/resources/v7.31.10/i/elements/1000k-tag.svg,Qiang Wang,,CHN,https://www.wtatennis.com/resources/v7.31.10/i/elements/flags/chn.svg,Quarterfinals Quarter,L,"5 - 7,5 - 7,",16,https://www.wtatennis.com/players/314429/qiang-wang,29 Sep - 7 Oct 2018,215.0,178895.0,64M/32Q/32D,2018-09-29 00:00:00,2018-10-07 00:00:00,2018.0,9.0,277790774.0
534,China Open,,https://www.wtatennis.com/tournaments/1020/beijing/2018,BEIJING • CHINA,Premier Mandatory,Hard,https://www.wtatennis.com/resources/v7.31.10/i/elements/1000k-tag.svg,Caroline Garcia,4.0,FRA,https://www.wtatennis.com/resources/v7.31.10/i/elements/flags/fra.svg,Round of 16 R16,W,"5 - 7,7 - 63,6 - 0,",16,https://www.wtatennis.com/players/315391/caroline-garcia,29 Sep - 7 Oct 2018,215.0,178895.0,64M/32Q/32D,2018-09-29 00:00:00,2018-10-07 00:00:00,2018.0,9.0,277969669.0
535,China Open,,https://www.wtatennis.com/tournaments/1020/beijing/2018,BEIJING • CHINA,Premier Mandatory,Hard,https://www.wtatennis.com/resources/v7.31.10/i/elements/1000k-tag.svg,Garbiñe Muguruza,14.0,ESP,https://www.wtatennis.com/resources/v7.31.10/i/elements/flags/esp.svg,Round of 32 R32,W,"7 - 5,6 - 4,",16,https://www.wtatennis.com/players/316239/garbi-e-muguruza,29 Sep - 7 Oct 2018,215.0,178895.0,64M/32Q/32D,2018-09-29 00:00:00,2018-10-07 00:00:00,2018.0,9.0,278148564.0
536,China Open,,https://www.wtatennis.com/tournaments/1020/beijing/2018,BEIJING • CHINA,Premier Mandatory,Hard,https://www.wtatennis.com/resources/v7.31.10/i/elements/1000k-tag.svg,,,,,Round of 64 R64,,Bye,16,,29 Sep - 7 Oct 2018,215.0,178895.0,64M/32Q/32D,2018-09-29 00:00:00,2018-10-07 00:00:00,2018.0,9.0,278327459.0
537,"2018 Dongfeng Motor Wuhan Open- Wuhan, China",https://photoresources.wtatennis.com/photo-resources/2025/09/09/28ba4434-1336-4e94-a9e3-4e446fd1311f/WTA-Tournament_Wuhan-2024.png?height=128,https://www.wtatennis.com/tournaments/1075/wuhan/2018,WUHAN • CHINA,Premier 5,Hard,https://www.wtatennis.com/resources/v7.31.10/i/elements/1000k-tag.svg,Anett Kontaveit,,EST,https://www.wtatennis.com/resources/v7.31.10/i/elements/flags/est.svg,Final F,W,"6 - 3,6 - 3,",20,https://www.wtatennis.com/players/318425/anett-kontaveit,23 - 29 Sep 2018,900.0,503725.0,64M/32Q/32D,,2018-09-29 00:00:00,,,278831184.0
538,"2018 Dongfeng Motor Wuhan Open- Wuhan, China",https://photoresources.wtatennis.com/photo-resources/2025/09/09/28ba4434-1336-4e94-a9e3-4e446fd1311f/WTA-Tournament_Wuhan-2024.png?height=128,https://www.wtatennis.com/tournaments/1075/wuhan/2018,WUHAN • CHINA,Premier 5,Hard,https://www.wtatennis.com/resources/v7.31.10/i/elements/1000k-tag.svg,Ashleigh Barty,16.0,AUS,https://www.wtatennis.com/resources/v7.31.10/i/elements/flags/aus.svg,Semifinals Semi,W,"7 - 62,6 - 4,",20,https://www.wtatennis.com/players/318033/ashleigh-barty,23 - 29 Sep 2018,900.0,503725.0,64M/32Q/32D,,2018-09-29 00:00:00,,,279334909.0
539,"2018 Dongfeng Motor Wuhan Open- Wuhan, China",https://photoresources.wtatennis.com/photo-resources/2025/09/09/28ba4434-1336-4e94-a9e3-4e446fd1311f/WTA-Tournament_Wuhan-2024.png?height=128,https://www.wtatennis.com/tournaments/1075/wuhan/2018,WUHAN • CHINA,Premier 5,Hard,https://www.wtatennis.com/resources/v7.31.10/i/elements/1000k-tag.svg,Dominika Cibulkova,,SVK,https://www.wtatennis.com/resources/v7.31.10/i/elements/flags/svk.svg,Quarterfinals Quarter,W,"7 - 5,6 - 3,",20,https://www.wtatennis.com/players/312894/dominika-cibulkova,23 - 29 Sep 2018,900.0,503725.0,64M/32Q/32D,,2018-09-29 00:00:00,,,279838634.0
540,"2018 Dongfeng Motor Wuhan Open- Wuhan, China",https://photoresources.wtatennis.com/photo-resources/2025/09/09/28ba4434-1336-4e94-a9e3-4e446fd1311f/WTA-Tournament_Wuhan-2024.png?height=128,https://www.wtatennis.com/tournaments/1075/wuhan/2018,WUHAN • CHINA,Premier 5,Hard,https://www.wtatennis.com/resources/v7.31.10/i/elements/1000k-tag.svg,Sofia Kenin,,USA,https://www.wtatennis.com/resources/v7.31.10/i/elements/flags/usa.svg,Round of 16 R16,W,"6 - 3,6 - 3,",20,https://www.wtatennis.com/players/320942/sofia-kenin,23 - 29 Sep 2018,900.0,503725.0,64M/32Q/32D,,2018-09-29 00:00:00,,,280342359.0
541,"2018 Dongfeng Motor Wuhan Open- Wuhan, China",https://photoresources.wtatennis.com/photo-resources/2025/09/09/28ba4434-1336-4e94-a9e3-4e446fd1311f/WTA-Tournament_Wuhan-2024.png?height=128,https://www.wtatennis.com/tournaments/1075/wuhan/2018,WUHAN • CHINA,Premier 5,Hard,https://www.wtatennis.com/resources/v7.31.10/i/elements/1000k-tag.svg,Elina Svitolina,6.0,UKR,https://www.wtatennis.com/resources/v7.31.10/i/elements/flags/ukr.svg,Round of 32 R32,W,"6 - 4,2 - 6,6 - 1,",20,https://www.wtatennis.com/players/316738/elina-svitolina,23 - 29 Sep 2018,900.0,503725.0,64M/32Q/32D,,2018-09-29 00:00:00,,,280846084.0
542,"2018 Dongfeng Motor Wuhan Open- Wuhan, China",https://photoresources.wtatennis.com/photo-resources/2025/09/09/28ba4434-1336-4e94-a9e3-4e446fd1311f/WTA-Tournament_Wuhan-2024.png?height=128,https://www.wtatennis.com/tournaments/1075/wuhan/2018,WUHAN • CHINA,Premier 5,Hard,https://www.wtatennis.com/resources/v7.31.10/i/elements/1000k-tag.svg,Carla Suárez Navarro,,ESP,https://www.wtatennis.com/resources/v7.31.10/i/elements/flags/esp.svg,Round of 64 R64,W,"7 - 62,2 - 6,6 - 2,",20,https://www.wtatennis.com/players/311338/carla-su-rez-navarro,23 - 29 Sep 2018,900.0,503725.0,64M/32Q/32D,,2018-09-29 00:00:00,,,281349809.0
543,COUPE BANQUE NATIONALE presentee par IGA,,https://www.wtatennis.com/tournaments/656/quebec-city/2018,QUEBEC CITY • CANADA,International,Hard,https://www.wtatennis.com/resources/v7.31.10/i/elements/250k-tag.svg,Varvara Lepchenko,1.0,USA,https://www.wtatennis.com/resources/v7.31.10/i/elements/flags/usa.svg,Round of 32 R32,L,"4 - 6,65 - 7,",20,https://www.wtatennis.com/players/120420/varvara-lepchenko,10 - 16 Sep 2018,1.0,2100.0,32M/32Q/16D,,2018-09-16 00:00:00,,,281351909.0
544,2018 US OPEN TENNIS CHAMPIONSHIPS,https://photoresources.wtatennis.com/photo-resources/2025/04/16/295289d9-36fa-408a-8586-2b407d930c10/WTA-Tournament_US-Open.png?height=128,https://www.wtatennis.com/tournaments/905/us-open/2018,"FLUSHING MEADOWS • USA, NY",Grand Slam,Hard,https://www.wtatennis.com/resources/v7.31.10/i/elements/gs-tag.svg,Naomi Osaka,26.0,JPN,https://www.wtatennis.com/resources/v7.31.10/i/elements/flags/jpn.svg,Round of 16 R16,L,"3 - 6,6 - 2,4 - 6,",20,https://www.wtatennis.com/players/319998/naomi-osaka,27 Aug - 9 Sep 2018,240.0,266000.0,128M/128Q/64D,2018-08-27 00:00:00,2018-09-09 00:00:00,2018.0,8.0,281617909.0
545,2018 US OPEN TENNIS CHAMPIONSHIPS,https://photoresources.wtatennis.com/photo-resources/2025/04/16/295289d9-36fa-408a-8586-2b407d930c10/WTA-Tournament_US-Open.png?height=128,https://www.wtatennis.com/tournaments/905/us-open/2018,"FLUSHING MEADOWS • USA, NY",Grand Slam,Hard,https://www.wtatennis.com/resources/v7.31.10/i/elements/gs-tag.svg,Petra Kvitova,26.0,CZE,https://www.wtatennis.com/resources/v7.31.10/i/elements/flags/cze.svg,Round of 32 R32,W,"7 - 5,6 - 1,",20,https://www.wtatennis.com/players/314206/petra-kvitova,27 Aug - 9 Sep 2018,240.0,266000.0,128M/128Q/64D,2018-08-27 00:00:00,2018-09-09 00:00:00,2018.0,8.0,281883909.0
546,2018 US OPEN TENNIS CHAMPIONSHIPS,https://photoresources.wtatennis.com/photo-resources/2025/04/16/295289d9-36fa-408a-8586-2b407d930c10/WTA-Tournament_US-Open.png?height=128,https://www.wtatennis.com/tournaments/905/us-open/2018,"FLUSHING MEADOWS • USA, NY",Grand Slam,Hard,https://www.wtatennis.com/resources/v7.31.10/i/elements/gs-tag.svg,Vera Zvonareva,26.0,RUS,https://www.wtatennis.com/resources/v7.31.10/i/elements/flags/rus.svg,Round of 64 R64,W,"6 - 3,7 - 67,",20,https://www.wtatennis.com/players/260142/vera-zvonareva,27 Aug - 9 Sep 2018,240.0,266000.0,128M/128Q/64D,2018-08-27 00:00:00,2018-09-09 00:00:00,2018.0,8.0,282149909.0
547,2018 US OPEN TENNIS CHAMPIONSHIPS,https://photoresources.wtatennis.com/photo-resources/2025/04/16/295289d9-36fa-408a-8586-2b407d930c10/WTA-Tournament_US-Open.png?height=128,https://www.wtatennis.com/tournaments/905/us-open/2018,"FLUSHING MEADOWS • USA, NY",Grand Slam,Hard,https://www.wtatennis.com/resources/v7.31.10/i/elements/gs-tag.svg,Danielle Collins,26.0,USA,https://www.wtatennis.com/resources/v7.31.10/i/elements/flags/usa.svg,Round of 128 R128,W,"6 - 0,4 - 6,6 - 4,",20,https://www.wtatennis.com/players/316925/danielle-collins,27 Aug - 9 Sep 2018,240.0,266000.0,128M/128Q/64D,2018-08-27 00:00:00,2018-09-09 00:00:00,2018.0,8.0,282415909.0
548,Connecticut Open,,https://www.wtatennis.com/tournaments/602/new-haven/2018,"NEW HAVEN • USA, CT",Premier,Hard,https://www.wtatennis.com/resources/v7.31.10/i/elements/500k-tag.svg,Carla Suárez Navarro,,ESP,https://www.wtatennis.com/resources/v7.31.10/i/elements/flags/esp.svg,Final F,W,"6 - 1,6 - 4,",25,https://www.wtatennis.com/players/311338/carla-su-rez-navarro,19 - 25 Aug 2018,470.0,136580.0,32M/64Q/16D,,2018-08-25 00:00:00,,,282552489.0
549,Connecticut Open,,https://www.wtatennis.com/tournaments/602/new-haven/2018,"NEW HAVEN • USA, CT",Premier,Hard,https://www.wtatennis.com/resources/v7.31.10/i/elements/500k-tag.svg,Julia Goerges,5.0,GER,https://www.wtatennis.com/resources/v7.31.10/i/elements/flags/ger.svg,Semifinals Semi,W,"6 - 4,7 - 63,",25,https://www.wtatennis.com/players/313381/julia-goerges,19 - 25 Aug 2018,470.0,136580.0,32M/64Q/16D,,2018-08-25 00:00:00,,,282689069.0
550,Connecticut Open,,https://www.wtatennis.com/tournaments/602/new-haven/2018,"NEW HAVEN • USA, CT",Premier,Hard,https://www.wtatennis.com/resources/v7.31.10/i/elements/500k-tag.svg,Belinda Bencic,,SUI,https://www.wtatennis.com/resources/v7.31.10/i/elements/flags/sui.svg,Quarterfinals Quarter,W,"6 - 3,6 - 2,",25,https://www.wtatennis.com/players/319001/belinda-bencic,19 - 25 Aug 2018,470.0,136580.0,32M/64Q/16D,,2018-08-25 00:00:00,,,282825649.0
551,Connecticut Open,,https://www.wtatennis.com/tournaments/602/new-haven/2018,"NEW HAVEN • USA, CT",Premier,Hard,https://www.wtatennis.com/resources/v7.31.10/i/elements/500k-tag.svg,Daria Saville,9.0,AUS,https://www.wtatennis.com/resources/v7.31.10/i/elements/flags/aus.svg,Round of 16 R16,W,"6 - 3,66 - 7,7 - 5,",25,https://www.wtatennis.com/players/315997/daria-saville,19 - 25 Aug 2018,470.0,136580.0,32M/64Q/16D,,2018-08-25 00:00:00,,,282962229.0
552,Connecticut Open,,https://www.wtatennis.com/tournaments/602/new-haven/2018,"NEW HAVEN • USA, CT",Premier,Hard,https://www.wtatennis.com/resources/v7.31.10/i/elements/500k-tag.svg,Samantha Stosur,,AUS,https://www.wtatennis.com/resources/v7.31.10/i/elements/flags/aus.svg,Round of 32 R32,W,"6 - 3,6 - 2,",25,https://www.wtatennis.com/players/190787/samantha-stosur,19 - 25 Aug 2018,470.0,136580.0,32M/64Q/16D,,2018-08-25 00:00:00,,,283098809.0
553,Western & Southern Open,https://photoresources.wtatennis.com/photo-resources/2025/04/16/17c99db9-c289-451d-8cd9-65e8d9a25a26/WTA-Tournament_Cincinnati-2024.png?height=128,https://www.wtatennis.com/tournaments/1017/cincinnati/2018,"CINCINNATI • USA, OH",Premier 5,Hard,https://www.wtatennis.com/resources/v7.31.10/i/elements/1000k-tag.svg,Simona Halep,1.0,ROU,https://www.wtatennis.com/resources/v7.31.10/i/elements/flags/rou.svg,Semifinals Semi,L,"3 - 6,4 - 6,",34,https://www.wtatennis.com/players/314320/simona-halep,13 - 19 Aug 2018,350.0,130300.0,64M/64Q/32D,,2018-08-19 00:00:00,,,283229109.0
554,Western & Southern Open,https://photoresources.wtatennis.com/photo-resources/2025/04/16/17c99db9-c289-451d-8cd9-65e8d9a25a26/WTA-Tournament_Cincinnati-2024.png?height=128,https://www.wtatennis.com/tournaments/1017/cincinnati/2018,"CINCINNATI • USA, OH",Premier 5,Hard,https://www.wtatennis.com/resources/v7.31.10/i/elements/1000k-tag.svg,Madison Keys,13.0,USA,https://www.wtatennis.com/resources/v7.31.10/i/elements/flags/usa.svg,Quarterfinals Quarter,W,"6 - 3,6 - 4,",34,https://www.wtatennis.com/players/316959/madison-keys,13 - 19 Aug 2018,350.0,130300.0,64M/64Q/32D,,2018-08-19 00:00:00,,,283359409.0
555,Western & Southern Open,https://photoresources.wtatennis.com/photo-resources/2025/04/16/17c99db9-c289-451d-8cd9-65e8d9a25a26/WTA-Tournament_Cincinnati-2024.png?height=128,https://www.wtatennis.com/tournaments/1017/cincinnati/2018,"CINCINNATI • USA, OH",Premier 5,Hard,https://www.wtatennis.com/resources/v7.31.10/i/elements/1000k-tag.svg,Caroline Garcia,6.0,FRA,https://www.wtatennis.com/resources/v7.31.10/i/elements/flags/fra.svg,Round of 16 R16,W,"6 - 4,3 - 6,7 - 5,",34,https://www.wtatennis.com/players/315391/caroline-garcia,13 - 19 Aug 2018,350.0,130300.0,64M/64Q/32D,,2018-08-19 00:00:00,,,283489709.0
556,Western & Southern Open,https://photoresources.wtatennis.com/photo-resources/2025/04/16/17c99db9-c289-451d-8cd9-65e8d9a25a26/WTA-Tournament_Cincinnati-2024.png?height=128,https://www.wtatennis.com/tournaments/1017/cincinnati/2018,"CINCINNATI • USA, OH",Premier 5,Hard,https://www.wtatennis.com/resources/v7.31.10/i/elements/1000k-tag.svg,Karolina Pliskova,9.0,CZE,https://www.wtatennis.com/resources/v7.31.10/i/elements/flags/cze.svg,Round of 32 R32,W,"2 - 6,6 - 3,7 - 5,",34,https://www.wtatennis.com/players/313974/karolina-pliskova,13 - 19 Aug 2018,350.0,130300.0,64M/64Q/32D,,2018-08-19 00:00:00,,,283620009.0
557,Western & Southern Open,https://photoresources.wtatennis.com/photo-resources/2025/04/16/17c99db9-c289-451d-8cd9-65e8d9a25a26/WTA-Tournament_Cincinnati-2024.png?height=128,https://www.wtatennis.com/tournaments/1017/cincinnati/2018,"CINCINNATI • USA, OH",Premier 5,Hard,https://www.wtatennis.com/resources/v7.31.10/i/elements/1000k-tag.svg,Johanna Konta,,GBR,https://www.wtatennis.com/resources/v7.31.10/i/elements/flags/gbr.svg,Round of 64 R64,W,"4 - 6,6 - 3,6 - 4,",34,https://www.wtatennis.com/players/313907/johanna-konta,13 - 19 Aug 2018,350.0,130300.0,64M/64Q/32D,,2018-08-19 00:00:00,,,283750309.0
558,Rogers Cup presented by National Bank,,https://www.wtatennis.com/tournaments/806/montreal/2018,MONTREAL • CANADA,Premier 5,Hard,https://www.wtatennis.com/resources/v7.31.10/i/elements/1000k-tag.svg,Elise Mertens,14.0,BEL,https://www.wtatennis.com/resources/v7.31.10/i/elements/flags/bel.svg,Round of 16 R16,L,"6 - 2,61 - 7,0 - 6,",39,https://www.wtatennis.com/players/317964/elise-mertens,6 - 12 Aug 2018,105.0,29010.0,64M/64Q/32D,2018-08-06 00:00:00,2018-08-12 00:00:00,2018.0,8.0,283779319.0
559,Rogers Cup presented by National Bank,,https://www.wtatennis.com/tournaments/806/montreal/2018,MONTREAL • CANADA,Premier 5,Hard,https://www.wtatennis.com/resources/v7.31.10/i/elements/1000k-tag.svg,Caroline Wozniacki,2.0,DEN,https://www.wtatennis.com/resources/v7.31.10/i/elements/flags/den.svg,Round of 32 R32,W,"5 - 7,6 - 2,7 - 64,",39,https://www.wtatennis.com/players/313402/caroline-wozniacki,6 - 12 Aug 2018,105.0,29010.0,64M/64Q/32D,2018-08-06 00:00:00,2018-08-12 00:00:00,2018.0,8.0,283808329.0
560,Rogers Cup presented by National Bank,,https://www.wtatennis.com/tournaments/806/montreal/2018,MONTREAL • CANADA,Premier 5,Hard,https://www.wtatennis.com/resources/v7.31.10/i/elements/1000k-tag.svg,Ana Bogdan,,ROU,https://www.wtatennis.com/resources/v7.31.10/i/elements/flags/rou.svg,Round of 64 R64,W,"6 - 4,4 - 6,6 - 3,",39,https://www.wtatennis.com/players/315427/ana-bogdan,6 - 12 Aug 2018,105.0,29010.0,64M/64Q/32D,2018-08-06 00:00:00,2018-08-12 00:00:00,2018.0,8.0,283837339.0
561,Mubadala Silicon Valley Classic,,https://www.wtatennis.com/tournaments/703/san-jose/2018,"SAN JOSE • USA, CA",Premier,Hard,https://www.wtatennis.com/resources/v7.31.10/i/elements/500k-tag.svg,Maria Sanchez,1.0,USA,https://www.wtatennis.com/resources/v7.31.10/i/elements/flags/usa.svg,Qualifying R1 Qual. R1,L,"6 - 2,5 - 7,4 - 6,",36,https://www.wtatennis.com/players/313958/maria-sanchez,30 Jul - 5 Aug 2018,1.0,1930.0,32M/16Q/16D,2018-07-30 00:00:00,2018-08-05 00:00:00,2018.0,7.0,283839269.0
562,The Championships,https://photoresources.wtatennis.com/photo-resources/2025/04/16/710d860b-bce6-40c7-8838-a6272dbf6be6/WTA-Tournament_Wimbledon.png?height=128,https://www.wtatennis.com/tournaments/904/wimbledon/2018,WIMBLEDON • GREAT BRITAIN,Grand Slam,Grass,https://www.wtatennis.com/resources/v7.31.10/i/elements/gs-tag.svg,Mihaela Buzarnescu,29.0,ROU,https://www.wtatennis.com/resources/v7.31.10/i/elements/flags/rou.svg,Round of 128 R128,L,"7 - 63,1 - 6,4 - 6,",32,https://www.wtatennis.com/players/312268/mihaela-buzarnescu,2 - 15 Jul 2018,10.0,53716.0,128M/128Q/64D,2018-07-02 00:00:00,2018-07-15 00:00:00,2018.0,7.0,283892985.0
563,Nature Valley International Eastbourne,,https://www.wtatennis.com/tournaments/710/eastbourne/2018,EASTBOURNE • GREAT BRITAIN,WTA 250,Grass,https://www.wtatennis.com/resources/v7.31.10/i/elements/250k-tag.svg,Caroline Wozniacki,1.0,DEN,https://www.wtatennis.com/resources/v7.31.10/i/elements/flags/den.svg,Final F,L,"5 - 7,65 - 7,",45,https://www.wtatennis.com/players/313402/caroline-wozniacki,24 - 30 Jun 2018,305.0,84505.0,64M/32Q/16D,,2018-06-30 00:00:00,,,283977490.0
564,Nature Valley International Eastbourne,,https://www.wtatennis.com/tournaments/710/eastbourne/2018,EASTBOURNE • GREAT BRITAIN,WTA 250,Grass,https://www.wtatennis.com/resources/v7.31.10/i/elements/250k-tag.svg,Agnieszka Radwanska,,POL,https://www.wtatennis.com/resources/v7.31.10/i/elements/flags/pol.svg,Semifinals Semi,W,"6 - 3,1 - 6,6 - 3,",45,https://www.wtatennis.com/players/312251/agnieszka-radwanska,24 - 30 Jun 2018,305.0,84505.0,64M/32Q/16D,,2018-06-30 00:00:00,,,284061995.0
565,Nature Valley International Eastbourne,,https://www.wtatennis.com/tournaments/710/eastbourne/2018,EASTBOURNE • GREAT BRITAIN,WTA 250,Grass,https://www.wtatennis.com/resources/v7.31.10/i/elements/250k-tag.svg,Karolina Pliskova,2.0,CZE,https://www.wtatennis.com/resources/v7.31.10/i/elements/flags/cze.svg,Quarterfinals Quarter,W,"6 - 3,2 - 6,7 - 65,",45,https://www.wtatennis.com/players/313974/karolina-pliskova,24 - 30 Jun 2018,305.0,84505.0,64M/32Q/16D,,2018-06-30 00:00:00,,,284146500.0
566,Nature Valley International Eastbourne,,https://www.wtatennis.com/tournaments/710/eastbourne/2018,EASTBOURNE • GREAT BRITAIN,WTA 250,Grass,https://www.wtatennis.com/resources/v7.31.10/i/elements/250k-tag.svg,Elise Mertens,9.0,BEL,https://www.wtatennis.com/resources/v7.31.10/i/elements/flags/bel.svg,Round of 16 R16,W,"7 - 5,2 - 6,7 - 64,",45,https://www.wtatennis.com/players/317964/elise-mertens,24 - 30 Jun 2018,305.0,84505.0,64M/32Q/16D,,2018-06-30 00:00:00,,,284231005.0
567,Nature Valley International Eastbourne,,https://www.wtatennis.com/tournaments/710/eastbourne/2018,EASTBOURNE • GREAT BRITAIN,WTA 250,Grass,https://www.wtatennis.com/resources/v7.31.10/i/elements/250k-tag.svg,Julia Goerges,6.0,GER,https://www.wtatennis.com/resources/v7.31.10/i/elements/flags/ger.svg,Round of 32 R32,W,"1 - 6,6 - 4,6 - 4,",45,https://www.wtatennis.com/players/313381/julia-goerges,24 - 30 Jun 2018,305.0,84505.0,64M/32Q/16D,,2018-06-30 00:00:00,,,284315510.0
568,Nature Valley International Eastbourne,,https://www.wtatennis.com/tournaments/710/eastbourne/2018,EASTBOURNE • GREAT BRITAIN,WTA 250,Grass,https://www.wtatennis.com/resources/v7.31.10/i/elements/250k-tag.svg,Sachia Vickery,,USA,https://www.wtatennis.com/resources/v7.31.10/i/elements/flags/usa.svg,Round of 64 R64,W,"4 - 6,6 - 0,6 - 1,",45,https://www.wtatennis.com/players/317443/sachia-vickery,24 - 30 Jun 2018,305.0,84505.0,64M/32Q/16D,,2018-06-30 00:00:00,,,284400015.0
569,Mallorca Open,,https://www.wtatennis.com/tournaments/1091/mallorca/2018,MALLORCA • SPAIN,International,Grass,https://www.wtatennis.com/resources/v7.31.10/i/elements/250k-tag.svg,Alison Van Uytvanck,8.0,BEL,https://www.wtatennis.com/resources/v7.31.10/i/elements/flags/bel.svg,Round of 32 R32,L,"6 - 3,4 - 6,2 - 6,",43,https://www.wtatennis.com/players/317819/alison-van-uytvanck,18 - 24 Jun 2018,1.0,2100.0,32M/32Q/16D,,2018-06-24 00:00:00,,,284402115.0
570,Libema Open,,https://www.wtatennis.com/tournaments/822/s-hertogenbosch/2018,S-HERTOGENBOSCH • NETHERLANDS,International,Grass,https://www.wtatennis.com/resources/v7.31.10/i/elements/250k-tag.svg,Kirsten Flipkens,8.0,BEL,https://www.wtatennis.com/resources/v7.31.10/i/elements/flags/bel.svg,Quarterfinals Quarter,L,"4 - 6,4 - 6,",46,https://www.wtatennis.com/players/310331/kirsten-flipkens,11 - 17 Jun 2018,60.0,6175.0,32M/32Q/16D,,2018-06-17 00:00:00,,,284408290.0
571,Libema Open,,https://www.wtatennis.com/tournaments/822/s-hertogenbosch/2018,S-HERTOGENBOSCH • NETHERLANDS,International,Grass,https://www.wtatennis.com/resources/v7.31.10/i/elements/250k-tag.svg,Ajla Tomljanovic,8.0,AUS,https://www.wtatennis.com/resources/v7.31.10/i/elements/flags/aus.svg,Round of 16 R16,W,"3 - 6,7 - 65,6 - 0,",46,https://www.wtatennis.com/players/315232/ajla-tomljanovic,11 - 17 Jun 2018,60.0,6175.0,32M/32Q/16D,,2018-06-17 00:00:00,,,284414465.0
572,Libema Open,,https://www.wtatennis.com/tournaments/822/s-hertogenbosch/2018,S-HERTOGENBOSCH • NETHERLANDS,International,Grass,https://www.wtatennis.com/resources/v7.31.10/i/elements/250k-tag.svg,Marketa Vondrousova,8.0,CZE,https://www.wtatennis.com/resources/v7.31.10/i/elements/flags/cze.svg,Round of 32 R32,W,"0 - 6,7 - 5,6 - 3,",46,https://www.wtatennis.com/players/323027/marketa-vondrousova,11 - 17 Jun 2018,60.0,6175.0,32M/32Q/16D,,2018-06-17 00:00:00,,,284420640.0
573,Championnats Internationaux de France,https://photoresources.wtatennis.com/photo-resources/2025/04/16/ddbbc328-7967-416c-a6b5-043c8c3f933e/WTA-Tournament_Roland-Garros.png?height=128,https://www.wtatennis.com/tournaments/903/roland-garros/2018,PARIS • FRANCE,Grand Slam,Clay,https://www.wtatennis.com/resources/v7.31.10/i/elements/gs-tag.svg,Kiki Bertens,18.0,NED,https://www.wtatennis.com/resources/v7.31.10/i/elements/flags/ned.svg,Round of 128 R128,L,"2 - 6,1 - 6,",48,https://www.wtatennis.com/players/314584/kiki-bertens,27 May - 10 Jun 2018,10.0,47049.0,128M/128Q/64D,2018-05-27 00:00:00,2018-06-10 00:00:00,2018.0,5.0,284467689.0
574,Internazionali BNL d'Italia,https://photoresources.wtatennis.com/photo-resources/2025/04/16/51f9b6ec-ebde-417f-b706-31b0bb4cc688/WTA-Tournament_Rome-2018.png?height=128,https://www.wtatennis.com/tournaments/709/rome/2018,ROME • ITALY,Premier 5,Clay,https://www.wtatennis.com/resources/v7.31.10/i/elements/1000k-tag.svg,Su-Wei Hsieh,,TPE,https://www.wtatennis.com/resources/v7.31.10/i/elements/flags/tpe.svg,Round of 64 R64,L,"2 - 6,4 - 6,",45,https://www.wtatennis.com/players/310053/su-wei-hsieh,14 - 20 May 2018,20.0,9457.0,64M/32Q/32D,,2018-05-20 00:00:00,,,284477146.0
575,Internazionali BNL d'Italia,https://photoresources.wtatennis.com/photo-resources/2025/04/16/51f9b6ec-ebde-417f-b706-31b0bb4cc688/WTA-Tournament_Rome-2018.png?height=128,https://www.wtatennis.com/tournaments/709/rome/2018,ROME • ITALY,Premier 5,Clay,https://www.wtatennis.com/resources/v7.31.10/i/elements/1000k-tag.svg,Natalia Vikhlyantseva,,RUS,https://www.wtatennis.com/resources/v7.31.10/i/elements/flags/rus.svg,Qualifying R2 Qual. R2,L,"2 - 6,6 - 1,4 - 6,",45,https://www.wtatennis.com/players/320832/natalia-vikhlyantseva,14 - 20 May 2018,20.0,9457.0,64M/32Q/32D,,2018-05-20 00:00:00,,,284486603.0
576,Internazionali BNL d'Italia,https://photoresources.wtatennis.com/photo-resources/2025/04/16/51f9b6ec-ebde-417f-b706-31b0bb4cc688/WTA-Tournament_Rome-2018.png?height=128,https://www.wtatennis.com/tournaments/709/rome/2018,ROME • ITALY,Premier 5,Clay,https://www.wtatennis.com/resources/v7.31.10/i/elements/1000k-tag.svg,Alison Riske-Amritraj,,USA,https://www.wtatennis.com/resources/v7.31.10/i/elements/flags/usa.svg,Qualifying R1 Qual. R1,W,"6 - 3,1 - 6,6 - 3,",45,https://www.wtatennis.com/players/312850/alison-riske-amritraj,14 - 20 May 2018,20.0,9457.0,64M/32Q/32D,,2018-05-20 00:00:00,,,284496060.0
577,Mutua Madrid Open,https://photoresources.wtatennis.com/photo-resources/2025/04/16/993fad80-1e55-4a92-aae0-258338df5d6d/WTA-Tournament_Madrid-2023.png?height=128,https://www.wtatennis.com/tournaments/1038/madrid/2018,MADRID • SPAIN,Premier Mandatory,Clay,https://www.wtatennis.com/resources/v7.31.10/i/elements/1000k-tag.svg,Bernarda Pera,,USA,https://www.wtatennis.com/resources/v7.31.10/i/elements/flags/usa.svg,Round of 64 R64,L,"4 - 6,6 - 2,3 - 6,",46,https://www.wtatennis.com/players/317708/bernarda-pera,5 - 12 May 2018,30.0,20395.0,64M/32Q/32D,2018-05-05 00:00:00,2018-05-12 00:00:00,2018.0,5.0,284516455.0
578,Mutua Madrid Open,https://photoresources.wtatennis.com/photo-resources/2025/04/16/993fad80-1e55-4a92-aae0-258338df5d6d/WTA-Tournament_Madrid-2023.png?height=128,https://www.wtatennis.com/tournaments/1038/madrid/2018,MADRID • SPAIN,Premier Mandatory,Clay,https://www.wtatennis.com/resources/v7.31.10/i/elements/1000k-tag.svg,Olga Danilovic,,SRB,https://www.wtatennis.com/resources/v7.31.10/i/elements/flags/srb.svg,Qualifying R2 Qual. R2,W,"6 - 4,6 - 2,",46,https://www.wtatennis.com/players/324934/olga-danilovic,5 - 12 May 2018,30.0,20395.0,64M/32Q/32D,2018-05-05 00:00:00,2018-05-12 00:00:00,2018.0,5.0,284536850.0
579,Mutua Madrid Open,https://photoresources.wtatennis.com/photo-resources/2025/04/16/993fad80-1e55-4a92-aae0-258338df5d6d/WTA-Tournament_Madrid-2023.png?height=128,https://www.wtatennis.com/tournaments/1038/madrid/2018,MADRID • SPAIN,Premier Mandatory,Clay,https://www.wtatennis.com/resources/v7.31.10/i/elements/1000k-tag.svg,Carlota Martinez Cirez,,ESP,https://www.wtatennis.com/resources/v7.31.10/i/elements/flags/esp.svg,Qualifying R1 Qual. R1,W,"6 - 1,7 - 65,",46,https://www.wtatennis.com/players/326911/carlota-martinez-cirez,5 - 12 May 2018,30.0,20395.0,64M/32Q/32D,2018-05-05 00:00:00,2018-05-12 00:00:00,2018.0,5.0,284557245.0
580,TEB BNP Paribas Istanbul Cup,,https://www.wtatennis.com/tournaments/1027/istanbul/2018,ISTANBUL • TURKEY,International,Clay,https://www.wtatennis.com/resources/v7.31.10/i/elements/250k-tag.svg,Polona Hercog,8.0,SLO,https://www.wtatennis.com/resources/v7.31.10/i/elements/flags/slo.svg,Round of 32 R32,L,"2 - 6,5 - 7,",47,https://www.wtatennis.com/players/313968/polona-hercog,23 - 29 Apr 2018,1.0,2100.0,32M/32Q/16D,,2018-04-29 00:00:00,,,284559345.0
581,FED CUP WORLD GROUP (PLAYOFFS) WK2,https://www.wtatennis.com/resources/v7.31.10/i/elements/itf.png,,"MINSK, BELARUS",ITF,Hard,https://www.wtatennis.com/resources/v7.31.10/i/elements/itf.png,Viktoria Hruncakova,,SVK,https://www.wtatennis.com/resources/v7.31.10/i/elements/flags/svk.svg,Round 2 R2,L,"2 - 6,6 - 2,65 - 7,",47,https://www.wtatennis.com/players/322277/viktoria-hruncakova,21 - 22 Apr 2018,,,8M/0Q/2D,,2018-04-22 00:00:00,,,
582,FED CUP WORLD GROUP (PLAYOFFS) WK2,https://www.wtatennis.com/resources/v7.31.10/i/elements/itf.png,,"MINSK, BELARUS",ITF,Hard,https://www.wtatennis.com/resources/v7.31.10/i/elements/itf.png,Anna Karolina Schmiedlova,,SVK,https://www.wtatennis.com/resources/v7.31.10/i/elements/flags/svk.svg,Round 2 R2,W,"6 - 3,6 - 4,",47,https://www.wtatennis.com/players/318203/anna-karolina-schmiedlova,21 - 22 Apr 2018,,,8M/0Q/2D,,2018-04-22 00:00:00,,,
583,Samsung Open presented by Corner,,https://www.wtatennis.com/tournaments/1101/lugano/2018,LUGANO • SWITZERLAND,International,Clay,https://www.wtatennis.com/resources/v7.31.10/i/elements/250k-tag.svg,Elise Mertens,2.0,BEL,https://www.wtatennis.com/resources/v7.31.10/i/elements/flags/bel.svg,Final F,L,"5 - 7,2 - 6,",61,https://www.wtatennis.com/players/317964/elise-mertens,9 - 15 Apr 2018,180.0,21400.0,32M/32Q/16D,2018-04-09 00:00:00,2018-04-15 00:00:00,2018.0,4.0,284580745.0
584,Samsung Open presented by Corner,,https://www.wtatennis.com/tournaments/1101/lugano/2018,LUGANO • SWITZERLAND,International,Clay,https://www.wtatennis.com/resources/v7.31.10/i/elements/250k-tag.svg,Stefanie Voegele,,SUI,https://www.wtatennis.com/resources/v7.31.10/i/elements/flags/sui.svg,Semifinals Semi,W,"6 - 4,6 - 2,",61,https://www.wtatennis.com/players/312336/stefanie-voegele,9 - 15 Apr 2018,180.0,21400.0,32M/32Q/16D,2018-04-09 00:00:00,2018-04-15 00:00:00,2018.0,4.0,284602145.0
585,Samsung Open presented by Corner,,https://www.wtatennis.com/tournaments/1101/lugano/2018,LUGANO • SWITZERLAND,International,Clay,https://www.wtatennis.com/resources/v7.31.10/i/elements/250k-tag.svg,Camila Giorgi,,ITA,https://www.wtatennis.com/resources/v7.31.10/i/elements/flags/ita.svg,Quarterfinals Quarter,W,"6 - 3,6 - 0,",61,https://www.wtatennis.com/players/314610/camila-giorgi,9 - 15 Apr 2018,180.0,21400.0,32M/32Q/16D,2018-04-09 00:00:00,2018-04-15 00:00:00,2018.0,4.0,284623545.0
586,Samsung Open presented by Corner,,https://www.wtatennis.com/tournaments/1101/lugano/2018,LUGANO • SWITZERLAND,International,Clay,https://www.wtatennis.com/resources/v7.31.10/i/elements/250k-tag.svg,Polona Hercog,,SLO,https://www.wtatennis.com/resources/v7.31.10/i/elements/flags/slo.svg,Round of 16 R16,W,"6 - 3,6 - 1,",61,https://www.wtatennis.com/players/313968/polona-hercog,9 - 15 Apr 2018,180.0,21400.0,32M/32Q/16D,2018-04-09 00:00:00,2018-04-15 00:00:00,2018.0,4.0,284644945.0
587,Samsung Open presented by Corner,,https://www.wtatennis.com/tournaments/1101/lugano/2018,LUGANO • SWITZERLAND,International,Clay,https://www.wtatennis.com/resources/v7.31.10/i/elements/250k-tag.svg,Mihaela Buzarnescu,7.0,ROU,https://www.wtatennis.com/resources/v7.31.10/i/elements/flags/rou.svg,Round of 32 R32,W,"5 - 7,6 - 3,6 - 2,",61,https://www.wtatennis.com/players/312268/mihaela-buzarnescu,9 - 15 Apr 2018,180.0,21400.0,32M/32Q/16D,2018-04-09 00:00:00,2018-04-15 00:00:00,2018.0,4.0,284666345.0
588,Miami Open presented by Itau,https://photoresources.wtatennis.com/photo-resources/2025/04/16/ad3c213f-6323-4422-bb86-ff92e8cb213c/WTA-Tournament_Miami-2024.png?height=128,https://www.wtatennis.com/tournaments/902/miami/2018,"MIAMI • USA, FL",Premier Mandatory,Hard,https://www.wtatennis.com/resources/v7.31.10/i/elements/1000k-tag.svg,Petra Kvitova,9.0,CZE,https://www.wtatennis.com/resources/v7.31.10/i/elements/flags/cze.svg,Round of 64 R64,L,"5 - 7,6 - 3,3 - 6,",60,https://www.wtatennis.com/players/314206/petra-kvitova,20 - 31 Mar 2018,35.0,25465.0,128M/64Q/32D,,2018-03-31 00:00:00,,,284691810.0
589,Miami Open presented by Itau,https://photoresources.wtatennis.com/photo-resources/2025/04/16/ad3c213f-6323-4422-bb86-ff92e8cb213c/WTA-Tournament_Miami-2024.png?height=128,https://www.wtatennis.com/tournaments/902/miami/2018,"MIAMI • USA, FL",Premier Mandatory,Hard,https://www.wtatennis.com/resources/v7.31.10/i/elements/1000k-tag.svg,Madison Brengle,,USA,https://www.wtatennis.com/resources/v7.31.10/i/elements/flags/usa.svg,Round of 128 R128,W,"6 - 1,6 - 4,",60,https://www.wtatennis.com/players/312328/madison-brengle,20 - 31 Mar 2018,35.0,25465.0,128M/64Q/32D,,2018-03-31 00:00:00,,,284717275.0
590,BNP Paribas Open,https://photoresources.wtatennis.com/photo-resources/2025/04/16/e155ccb6-5daf-4a93-8fa1-a30ce14c2704/WTA-Tournament_Indian-Wells-2017.png?height=128,https://www.wtatennis.com/tournaments/609/indian-wells/2018,"INDIAN WELLS • USA, CA",Premier Mandatory,Hard,https://www.wtatennis.com/resources/v7.31.10/i/elements/1000k-tag.svg,Marketa Vondrousova,,CZE,https://www.wtatennis.com/resources/v7.31.10/i/elements/flags/cze.svg,Round of 32 R32,L,"2 - 6,2 - 6,",63,https://www.wtatennis.com/players/323027/marketa-vondrousova,7 - 18 Mar 2018,65.0,47170.0,128M/64Q/32D,2018-03-07 00:00:00,2018-03-18 00:00:00,2018.0,3.0,284764445.0
591,BNP Paribas Open,https://photoresources.wtatennis.com/photo-resources/2025/04/16/e155ccb6-5daf-4a93-8fa1-a30ce14c2704/WTA-Tournament_Indian-Wells-2017.png?height=128,https://www.wtatennis.com/tournaments/609/indian-wells/2018,"INDIAN WELLS • USA, CA",Premier Mandatory,Hard,https://www.wtatennis.com/resources/v7.31.10/i/elements/1000k-tag.svg,Svetlana Kuznetsova,19.0,RUS,https://www.wtatennis.com/resources/v7.31.10/i/elements/flags/rus.svg,Round of 64 R64,W,"6 - 4,6 - 3,",63,https://www.wtatennis.com/players/110552/svetlana-kuznetsova,7 - 18 Mar 2018,65.0,47170.0,128M/64Q/32D,2018-03-07 00:00:00,2018-03-18 00:00:00,2018.0,3.0,284811615.0
592,BNP Paribas Open,https://photoresources.wtatennis.com/photo-resources/2025/04/16/e155ccb6-5daf-4a93-8fa1-a30ce14c2704/WTA-Tournament_Indian-Wells-2017.png?height=128,https://www.wtatennis.com/tournaments/609/indian-wells/2018,"INDIAN WELLS • USA, CA",Premier Mandatory,Hard,https://www.wtatennis.com/resources/v7.31.10/i/elements/1000k-tag.svg,Varvara Lepchenko,,USA,https://www.wtatennis.com/resources/v7.31.10/i/elements/flags/usa.svg,Round of 128 R128,W,"7 - 5,6 - 1,",63,https://www.wtatennis.com/players/120420/varvara-lepchenko,7 - 18 Mar 2018,65.0,47170.0,128M/64Q/32D,2018-03-07 00:00:00,2018-03-18 00:00:00,2018.0,3.0,284858785.0
593,Dubai Duty Free Tennis Championships,https://photoresources.wtatennis.com/photo-resources/2025/04/16/aa274c10-fd33-4715-ac0e-d74441b27a54/WTA-Tournament_Dubai-2017.png?height=128,https://www.wtatennis.com/tournaments/718/dubai/2018,DUBAI • UNITED ARAB EMIRATES,Premier,Hard,https://www.wtatennis.com/resources/v7.31.10/i/elements/500k-tag.svg,Sara Errani,10.0,ITA,https://www.wtatennis.com/resources/v7.31.10/i/elements/flags/ita.svg,Qualifying R3 Qual. R3,L,"2 - 6,6 - 1,64 - 7,",60,https://www.wtatennis.com/players/310761/sara-errani,19 - 24 Feb 2018,18.0,7123.0,32M/32Q/16D,,2018-02-24 00:00:00,,,284865908.0
594,Dubai Duty Free Tennis Championships,https://photoresources.wtatennis.com/photo-resources/2025/04/16/aa274c10-fd33-4715-ac0e-d74441b27a54/WTA-Tournament_Dubai-2017.png?height=128,https://www.wtatennis.com/tournaments/718/dubai/2018,DUBAI • UNITED ARAB EMIRATES,Premier,Hard,https://www.wtatennis.com/resources/v7.31.10/i/elements/500k-tag.svg,Miyu Kato,10.0,JPN,https://www.wtatennis.com/resources/v7.31.10/i/elements/flags/jpn.svg,Qualifying R2 Qual. R2,W,"6 - 3,6 - 4,",60,https://www.wtatennis.com/players/317612/miyu-kato,19 - 24 Feb 2018,18.0,7123.0,32M/32Q/16D,,2018-02-24 00:00:00,,,284873031.0
595,Dubai Duty Free Tennis Championships,https://photoresources.wtatennis.com/photo-resources/2025/04/16/aa274c10-fd33-4715-ac0e-d74441b27a54/WTA-Tournament_Dubai-2017.png?height=128,https://www.wtatennis.com/tournaments/718/dubai/2018,DUBAI • UNITED ARAB EMIRATES,Premier,Hard,https://www.wtatennis.com/resources/v7.31.10/i/elements/500k-tag.svg,Lin Zhu,10.0,CHN,https://www.wtatennis.com/resources/v7.31.10/i/elements/flags/chn.svg,Qualifying R1 Qual. R1,W,"6 - 1,6 - 3,",60,https://www.wtatennis.com/players/317306/lin-zhu,19 - 24 Feb 2018,18.0,7123.0,32M/32Q/16D,,2018-02-24 00:00:00,,,284880154.0
596,FED CUP WORLD GROUP WEEK 1,https://www.wtatennis.com/resources/v7.31.10/i/elements/itf.png,,"MINSK, BELARUS",ITF,Hard,https://www.wtatennis.com/resources/v7.31.10/i/elements/itf.png,Tatjana Maria,,GER,https://www.wtatennis.com/resources/v7.31.10/i/elements/flags/ger.svg,Round 1 R1,W,"4 - 6,6 - 1,6 - 2,",63,https://www.wtatennis.com/players/310440/tatjana-maria,10 - 11 Feb 2018,,,8M/0Q/2D,,2018-02-11 00:00:00,,,
597,FED CUP WORLD GROUP WEEK 1,https://www.wtatennis.com/resources/v7.31.10/i/elements/itf.png,,"MINSK, BELARUS",ITF,Hard,https://www.wtatennis.com/resources/v7.31.10/i/elements/itf.png,Antonia Lottner,,GER,https://www.wtatennis.com/resources/v7.31.10/i/elements/flags/ger.svg,Round 1 R1,W,"6 - 3,5 - 7,6 - 2,",63,https://www.wtatennis.com/players/318494/antonia-lottner,10 - 11 Feb 2018,,,8M/0Q/2D,,2018-02-11 00:00:00,,,
598,Australian Open,https://photoresources.wtatennis.com/photo-resources/2025/04/16/20886615-8c76-4d00-b747-7946c3692df2/WTA-Tournament_Australian-Open.png?height=128,https://www.wtatennis.com/tournaments/901/australian-open/2018,MELBOURNE • AUSTRALIA,Grand Slam,Hard,https://www.wtatennis.com/resources/v7.31.10/i/elements/gs-tag.svg,Ashleigh Barty,18.0,AUS,https://www.wtatennis.com/resources/v7.31.10/i/elements/flags/aus.svg,Round of 128 R128,L,"7 - 62,4 - 6,4 - 6,",66,https://www.wtatennis.com/players/318033/ashleigh-barty,15 - 28 Jan 2018,10.0,45524.0,128M/128Q/64D,,2018-01-28 00:00:00,,,284925678.0
599,Hobart International,,https://www.wtatennis.com/tournaments/1050/hobart/2018,HOBART • AUSTRALIA,International,Hard,https://www.wtatennis.com/resources/v7.31.10/i/elements/250k-tag.svg,Lesia Tsurenko,5.0,UKR,https://www.wtatennis.com/resources/v7.31.10/i/elements/flags/ukr.svg,Quarterfinals Quarter,L,"1 - 6,1 - 6,",69,https://www.wtatennis.com/players/315295/lesia-tsurenko,7 - 13 Jan 2018,60.0,6175.0,32M/32Q/16D,2018-01-07 00:00:00,2018-01-13 00:00:00,2018.0,1.0,284931853.0
600,Hobart International,,https://www.wtatennis.com/tournaments/1050/hobart/2018,HOBART • AUSTRALIA,International,Hard,https://www.wtatennis.com/resources/v7.31.10/i/elements/250k-tag.svg,Shuai Zhang,1.0,CHN,https://www.wtatennis.com/resources/v7.31.10/i/elements/flags/chn.svg,Round of 16 R16,W,"7 - 63,6 - 4,",69,https://www.wtatennis.com/players/311779/shuai-zhang,7 - 13 Jan 2018,60.0,6175.0,32M/32Q/16D,2018-01-07 00:00:00,2018-01-13 00:00:00,2018.0,1.0,284938028.0
601,Hobart International,,https://www.wtatennis.com/tournaments/1050/hobart/2018,HOBART • AUSTRALIA,International,Hard,https://www.wtatennis.com/resources/v7.31.10/i/elements/250k-tag.svg,Eugenie Bouchard,,CAN,https://www.wtatennis.com/resources/v7.31.10/i/elements/flags/can.svg,Round of 32 R32,W,"6 - 4,6 - 3,",69,https://www.wtatennis.com/players/316161/eugenie-bouchard,7 - 13 Jan 2018,60.0,6175.0,32M/32Q/16D,2018-01-07 00:00:00,2018-01-13 00:00:00,2018.0,1.0,284944203.0
602,Shenzhen Open,,https://www.wtatennis.com/tournaments/1063/shenzhen/2018,SHENZHEN • CHINA,International,Hard,https://www.wtatennis.com/resources/v7.31.10/i/elements/250k-tag.svg,Simona Halep,1.0,ROU,https://www.wtatennis.com/resources/v7.31.10/i/elements/flags/rou.svg,Quarterfinals Quarter,L,"2 - 6,2 - 6,",73,https://www.wtatennis.com/players/314320/simona-halep,31 Dec - 6 Jan 2018,60.0,13121.0,32M/16Q/16D,2018-12-31 00:00:00,2018-01-06 00:00:00,2018.0,12.0,284957324.0
603,Shenzhen Open,,https://www.wtatennis.com/tournaments/1063/shenzhen/2018,SHENZHEN • CHINA,International,Hard,https://www.wtatennis.com/resources/v7.31.10/i/elements/250k-tag.svg,Danka Kovinic,,MNE,https://www.wtatennis.com/resources/v7.31.10/i/elements/flags/mne.svg,Round of 16 R16,W,"6 - 1,6 - 0,",73,https://www.wtatennis.com/players/317684/danka-kovinic,31 Dec - 6 Jan 2018,60.0,13121.0,32M/16Q/16D,2018-12-31 00:00:00,2018-01-06 00:00:00,2018.0,12.0,284970445.0
604,Shenzhen Open,,https://www.wtatennis.com/tournaments/1063/shenzhen/2018,SHENZHEN • CHINA,International,Hard,https://www.wtatennis.com/resources/v7.31.10/i/elements/250k-tag.svg,Monica Niculescu,,ROU,https://www.wtatennis.com/resources/v7.31.10/i/elements/flags/rou.svg,Round of 32 R32,W,"6 - 4,6 - 4,",73,https://www.wtatennis.com/players/310775/monica-niculescu,31 Dec - 6 Jan 2018,60.0,13121.0,32M/16Q/16D,2018-12-31 00:00:00,2018-01-06 00:00:00,2018.0,12.0,284983566.0
605,L&T Mumbai Open,,https://www.wtatennis.com/tournaments/1100/mumbai-125/2017,MUMBAI • INDIA,125K,Hard,https://www.wtatennis.com/resources/v7.31.10/i/elements/125k-tag.svg,Dalila Jakupovic,1.0,SLO,https://www.wtatennis.com/resources/v7.31.10/i/elements/flags/slo.svg,Final F,W,"6 - 2,6 - 3,",96,https://www.wtatennis.com/players/315294/dalila-jakupovic,20 - 26 Nov 2017,160.0,20000.0,32M/16Q/16D,,2017-11-26 00:00:00,,,285003566.0
606,L&T Mumbai Open,,https://www.wtatennis.com/tournaments/1100/mumbai-125/2017,MUMBAI • INDIA,125K,Hard,https://www.wtatennis.com/resources/v7.31.10/i/elements/125k-tag.svg,Amandine Hesse,1.0,FRA,https://www.wtatennis.com/resources/v7.31.10/i/elements/flags/fra.svg,Semifinals Semi,W,"6 - 2,6 - 3,",96,https://www.wtatennis.com/players/315148/amandine-hesse,20 - 26 Nov 2017,160.0,20000.0,32M/16Q/16D,,2017-11-26 00:00:00,,,285023566.0
607,L&T Mumbai Open,,https://www.wtatennis.com/tournaments/1100/mumbai-125/2017,MUMBAI • INDIA,125K,Hard,https://www.wtatennis.com/resources/v7.31.10/i/elements/125k-tag.svg,Naomi Broady,1.0,GBR,https://www.wtatennis.com/resources/v7.31.10/i/elements/flags/gbr.svg,Quarterfinals Quarter,W,"6 - 4,6 - 2,",96,https://www.wtatennis.com/players/313941/naomi-broady,20 - 26 Nov 2017,160.0,20000.0,32M/16Q/16D,,2017-11-26 00:00:00,,,285043566.0
608,L&T Mumbai Open,,https://www.wtatennis.com/tournaments/1100/mumbai-125/2017,MUMBAI • INDIA,125K,Hard,https://www.wtatennis.com/resources/v7.31.10/i/elements/125k-tag.svg,Jia-Jing Lu,1.0,CHN,https://www.wtatennis.com/resources/v7.31.10/i/elements/flags/chn.svg,Round of 16 R16,W,"65 - 7,6 - 2,7 - 64,",96,https://www.wtatennis.com/players/313225/jia-jing-lu,20 - 26 Nov 2017,160.0,20000.0,32M/16Q/16D,,2017-11-26 00:00:00,,,285063566.0
609,L&T Mumbai Open,,https://www.wtatennis.com/tournaments/1100/mumbai-125/2017,MUMBAI • INDIA,125K,Hard,https://www.wtatennis.com/resources/v7.31.10/i/elements/125k-tag.svg,Priscilla Hon,1.0,AUS,https://www.wtatennis.com/resources/v7.31.10/i/elements/flags/aus.svg,Round of 32 R32,W,"7 - 5,6 - 1,",96,https://www.wtatennis.com/players/320543/priscilla-hon,20 - 26 Nov 2017,160.0,20000.0,32M/16Q/16D,,2017-11-26 00:00:00,,,285083566.0
610,Taipei OEC Open,,https://www.wtatennis.com/tournaments/1059/taipei/2017,TAIPEI • CHINESE TAIPEI,125K,Carpet,https://www.wtatennis.com/resources/v7.31.10/i/elements/125k-tag.svg,Viktorija Golubic,1.0,SUI,https://www.wtatennis.com/resources/v7.31.10/i/elements/flags/sui.svg,Round of 16 R16,L,"5 - 7,3 - 6,",79,https://www.wtatennis.com/players/316296/viktorija-golubic,13 - 19 Nov 2017,15.0,2000.0,32M/16Q/16D,,2017-11-19 00:00:00,,,285085566.0
611,Taipei OEC Open,,https://www.wtatennis.com/tournaments/1059/taipei/2017,TAIPEI • CHINESE TAIPEI,125K,Carpet,https://www.wtatennis.com/resources/v7.31.10/i/elements/125k-tag.svg,Misaki Doi,1.0,JPN,https://www.wtatennis.com/resources/v7.31.10/i/elements/flags/jpn.svg,Round of 32 R32,W,"7 - 65,1 - 6,6 - 3,",79,https://www.wtatennis.com/players/314237/misaki-doi,13 - 19 Nov 2017,15.0,2000.0,32M/16Q/16D,,2017-11-19 00:00:00,,,285087566.0
612,FED CUP WORLD GROUP FINAL,https://www.wtatennis.com/resources/v7.31.10/i/elements/itf.png,,"MINSK, BELARUS",ITF,Hard,https://www.wtatennis.com/resources/v7.31.10/i/elements/itf.png,Sloane Stephens,,USA,https://www.wtatennis.com/resources/v7.31.10/i/elements/flags/usa.svg,Round 4 R4,W,"6 - 3,3 - 6,6 - 4,",78,https://www.wtatennis.com/players/315683/sloane-stephens,11 - 12 Nov 2017,,,8M/0Q/2D,,2017-11-12 00:00:00,,,
613,FED CUP WORLD GROUP FINAL,https://www.wtatennis.com/resources/v7.31.10/i/elements/itf.png,,"MINSK, BELARUS",ITF,Hard,https://www.wtatennis.com/resources/v7.31.10/i/elements/itf.png,Coco Vandeweghe,,USA,https://www.wtatennis.com/resources/v7.31.10/i/elements/flags/usa.svg,Round 4 R4,L,"65 - 7,1 - 6,",78,https://www.wtatennis.com/players/314464/coco-vandeweghe,11 - 12 Nov 2017,,,8M/0Q/2D,,2017-11-12 00:00:00,,,
614,Tianjin Open,,https://www.wtatennis.com/tournaments/1076/tianjin/2017,TIANJIN • CHINA,International,Hard,https://www.wtatennis.com/resources/v7.31.10/i/elements/250k-tag.svg,Maria Sharapova,,RUS,https://www.wtatennis.com/resources/v7.31.10/i/elements/flags/rus.svg,Final F,L,"5 - 7,68 - 7,",102,https://www.wtatennis.com/players/310137/maria-sharapova,9 - 15 Oct 2017,180.0,55324.0,32M/32Q/16D,2017-10-09 00:00:00,2017-10-15 00:00:00,2017.0,10.0,285142890.0
615,Tianjin Open,,https://www.wtatennis.com/tournaments/1076/tianjin/2017,TIANJIN • CHINA,International,Hard,https://www.wtatennis.com/resources/v7.31.10/i/elements/250k-tag.svg,Sara Errani,,ITA,https://www.wtatennis.com/resources/v7.31.10/i/elements/flags/ita.svg,Semifinals Semi,W,"6 - 1,6 - 3,",102,https://www.wtatennis.com/players/310761/sara-errani,9 - 15 Oct 2017,180.0,55324.0,32M/32Q/16D,2017-10-09 00:00:00,2017-10-15 00:00:00,2017.0,10.0,285198214.0
616,Tianjin Open,,https://www.wtatennis.com/tournaments/1076/tianjin/2017,TIANJIN • CHINA,International,Hard,https://www.wtatennis.com/resources/v7.31.10/i/elements/250k-tag.svg,Lin Zhu,,CHN,https://www.wtatennis.com/resources/v7.31.10/i/elements/flags/chn.svg,Quarterfinals Quarter,W,"6 - 3,6 - 4,",102,https://www.wtatennis.com/players/317306/lin-zhu,9 - 15 Oct 2017,180.0,55324.0,32M/32Q/16D,2017-10-09 00:00:00,2017-10-15 00:00:00,2017.0,10.0,285253538.0
617,Tianjin Open,,https://www.wtatennis.com/tournaments/1076/tianjin/2017,TIANJIN • CHINA,International,Hard,https://www.wtatennis.com/resources/v7.31.10/i/elements/250k-tag.svg,Yingying Duan,,CHN,https://www.wtatennis.com/resources/v7.31.10/i/elements/flags/chn.svg,Round of 16 R16,W,"6 - 3,6 - 3,",102,https://www.wtatennis.com/players/314492/yingying-duan,9 - 15 Oct 2017,180.0,55324.0,32M/32Q/16D,2017-10-09 00:00:00,2017-10-15 00:00:00,2017.0,10.0,285308862.0
618,Tianjin Open,,https://www.wtatennis.com/tournaments/1076/tianjin/2017,TIANJIN • CHINA,International,Hard,https://www.wtatennis.com/resources/v7.31.10/i/elements/250k-tag.svg,Xinyun Han,,CHN,https://www.wtatennis.com/resources/v7.31.10/i/elements/flags/chn.svg,Round of 32 R32,W,"6 - 3,6 - 3,",102,https://www.wtatennis.com/players/312636/xinyun-han,9 - 15 Oct 2017,180.0,55324.0,32M/32Q/16D,2017-10-09 00:00:00,2017-10-15 00:00:00,2017.0,10.0,285364186.0
619,China Open,,https://www.wtatennis.com/tournaments/1020/beijing/2017,BEIJING • CHINA,Premier Mandatory,Hard,https://www.wtatennis.com/resources/v7.31.10/i/elements/1000k-tag.svg,Christina Mchale,11.0,USA,https://www.wtatennis.com/resources/v7.31.10/i/elements/flags/usa.svg,Qualifying R1 Qual. R1,L,"6 - 1,1 - 6,4 - 6,",101,https://www.wtatennis.com/players/314917/christina-mchale,30 Sep - 8 Oct 2017,2.0,3090.0,64M/32Q/32D,2017-09-30 00:00:00,2017-10-08 00:00:00,2017.0,9.0,285367276.0
620,Tashkent Open,,https://www.wtatennis.com/tournaments/825/tashkent/2017,TASHKENT • UZBEKISTAN,International,Hard,https://www.wtatennis.com/resources/v7.31.10/i/elements/250k-tag.svg,Timea Babos,2.0,HUN,https://www.wtatennis.com/resources/v7.31.10/i/elements/flags/hun.svg,Semifinals Semi,L,"1 - 6,4 - 6,",119,https://www.wtatennis.com/players/317070/timea-babos,25 - 30 Sep 2017,110.0,11500.0,32M/16Q/16D,,2017-09-30 00:00:00,,,285378776.0
621,Tashkent Open,,https://www.wtatennis.com/tournaments/825/tashkent/2017,TASHKENT • UZBEKISTAN,International,Hard,https://www.wtatennis.com/resources/v7.31.10/i/elements/250k-tag.svg,Kateryna Baindl,,UKR,https://www.wtatennis.com/resources/v7.31.10/i/elements/flags/ukr.svg,Quarterfinals Quarter,W,"7 - 65,3 - 6,6 - 1,",119,https://www.wtatennis.com/players/316739/kateryna-baindl,25 - 30 Sep 2017,110.0,11500.0,32M/16Q/16D,,2017-09-30 00:00:00,,,285390276.0
622,Tashkent Open,,https://www.wtatennis.com/tournaments/825/tashkent/2017,TASHKENT • UZBEKISTAN,International,Hard,https://www.wtatennis.com/resources/v7.31.10/i/elements/250k-tag.svg,Tatjana Maria,3.0,GER,https://www.wtatennis.com/resources/v7.31.10/i/elements/flags/ger.svg,Round of 16 R16,W,"6 - 3,7 - 5,",119,https://www.wtatennis.com/players/310440/tatjana-maria,25 - 30 Sep 2017,110.0,11500.0,32M/16Q/16D,,2017-09-30 00:00:00,,,285401776.0
623,Tashkent Open,,https://www.wtatennis.com/tournaments/825/tashkent/2017,TASHKENT • UZBEKISTAN,International,Hard,https://www.wtatennis.com/resources/v7.31.10/i/elements/250k-tag.svg,Evgeniya Rodina,,RUS,https://www.wtatennis.com/resources/v7.31.10/i/elements/flags/rus.svg,Round of 32 R32,W,"6 - 2,6 - 2,",119,https://www.wtatennis.com/players/312584/evgeniya-rodina,25 - 30 Sep 2017,110.0,11500.0,32M/16Q/16D,,2017-09-30 00:00:00,,,285413276.0
624,"ITF/TENNIS EUROPE $100,000",https://www.wtatennis.com/resources/v7.31.10/i/elements/itf.png,,"SAINT-PETERSBURG, RUSSIA",ITF,Hard,https://www.wtatennis.com/resources/v7.31.10/i/elements/itf.png,Dayana Yastremska,3.0,UKR,https://www.wtatennis.com/resources/v7.31.10/i/elements/flags/ukr.svg,Quarterfinals Quarter,L,"6 - 3,5 - 7,1 - 6,",117,https://www.wtatennis.com/players/324261/dayana-yastremska,18 - 22 Sep 2017,,2533.0,32M/32Q/16D,,2017-09-22 00:00:00,,,285415809.0
625,"ITF/TENNIS EUROPE $100,000",https://www.wtatennis.com/resources/v7.31.10/i/elements/itf.png,,"SAINT-PETERSBURG, RUSSIA",ITF,Hard,https://www.wtatennis.com/resources/v7.31.10/i/elements/itf.png,Victoria Kamenskaya,3.0,RUS,https://www.wtatennis.com/resources/v7.31.10/i/elements/flags/rus.svg,Round of 16 R16,W,"6 - 2,6 - 4,",117,https://www.wtatennis.com/players/314526/victoria-kamenskaya,18 - 22 Sep 2017,,2533.0,32M/32Q/16D,,2017-09-22 00:00:00,,,285418342.0
626,"ITF/TENNIS EUROPE $100,000",https://www.wtatennis.com/resources/v7.31.10/i/elements/itf.png,,"SAINT-PETERSBURG, RUSSIA",ITF,Hard,https://www.wtatennis.com/resources/v7.31.10/i/elements/itf.png,Nina Stojanovic,3.0,SRB,https://www.wtatennis.com/resources/v7.31.10/i/elements/flags/srb.svg,Round of 32 R32,W,"6 - 1,6 - 3,",117,https://www.wtatennis.com/players/319709/nina-stojanovic,18 - 22 Sep 2017,,2533.0,32M/32Q/16D,,2017-09-22 00:00:00,,,285420875.0
627,2017 US OPEN TENNIS CHAMPIONSHIPS,https://photoresources.wtatennis.com/photo-resources/2025/04/16/295289d9-36fa-408a-8586-2b407d930c10/WTA-Tournament_US-Open.png?height=128,https://www.wtatennis.com/tournaments/905/us-open/2017,"FLUSHING MEADOWS • USA, NY",Grand Slam,Hard,https://www.wtatennis.com/resources/v7.31.10/i/elements/gs-tag.svg,Camilla Rosatello,7.0,ITA,https://www.wtatennis.com/resources/v7.31.10/i/elements/flags/ita.svg,Qualifying R1 Qual. R1,L,"7 - 5,4 - 6,3 - 6,",111,https://www.wtatennis.com/players/318201/camilla-rosatello,28 Aug - 10 Sep 2017,2.0,8000.0,128M/128Q/64D,2017-08-28 00:00:00,2017-09-10 00:00:00,2017.0,8.0,285428875.0
628,Western & Southern Open,https://photoresources.wtatennis.com/photo-resources/2025/04/16/17c99db9-c289-451d-8cd9-65e8d9a25a26/WTA-Tournament_Cincinnati-2024.png?height=128,https://www.wtatennis.com/tournaments/1017/cincinnati/2017,"CINCINNATI • USA, OH",Premier 5,Hard,https://www.wtatennis.com/resources/v7.31.10/i/elements/1000k-tag.svg,Donna Vekic,4.0,CRO,https://www.wtatennis.com/resources/v7.31.10/i/elements/flags/cro.svg,Qualifying R2 Qual. R2,L,"6 - 2,4 - 6,1 - 6,",110,https://www.wtatennis.com/players/318516/donna-vekic,14 - 20 Aug 2017,20.0,3275.0,64M/64Q/32D,,2017-08-20 00:00:00,,,285432150.0
629,Western & Southern Open,https://photoresources.wtatennis.com/photo-resources/2025/04/16/17c99db9-c289-451d-8cd9-65e8d9a25a26/WTA-Tournament_Cincinnati-2024.png?height=128,https://www.wtatennis.com/tournaments/1017/cincinnati/2017,"CINCINNATI • USA, OH",Premier 5,Hard,https://www.wtatennis.com/resources/v7.31.10/i/elements/1000k-tag.svg,Heather Watson,16.0,GBR,https://www.wtatennis.com/resources/v7.31.10/i/elements/flags/gbr.svg,Qualifying R1 Qual. R1,W,"7 - 64,6 - 4,",110,https://www.wtatennis.com/players/316981/heather-watson,14 - 20 Aug 2017,20.0,3275.0,64M/64Q/32D,,2017-08-20 00:00:00,,,285435425.0
630,Citi Open,,https://www.wtatennis.com/tournaments/1045/washington-dc/2017,"WASHINGTON DC • USA, DC",International,Hard,https://www.wtatennis.com/resources/v7.31.10/i/elements/250k-tag.svg,Sabine Lisicki,,GER,https://www.wtatennis.com/resources/v7.31.10/i/elements/flags/ger.svg,Round of 16 R16,L,"6 - 4,3 - 6,3 - 6,",121,https://www.wtatennis.com/players/312520/sabine-lisicki,31 Jul - 6 Aug 2017,30.0,3420.0,32M/16Q/16D,2017-07-31 00:00:00,2017-08-06 00:00:00,2017.0,7.0,285438845.0
631,Citi Open,,https://www.wtatennis.com/tournaments/1045/washington-dc/2017,"WASHINGTON DC • USA, DC",International,Hard,https://www.wtatennis.com/resources/v7.31.10/i/elements/250k-tag.svg,Lauren Davis,3.0,USA,https://www.wtatennis.com/resources/v7.31.10/i/elements/flags/usa.svg,Round of 32 R32,W,"7 - 5,6 - 3,",121,https://www.wtatennis.com/players/317414/lauren-davis,31 Jul - 6 Aug 2017,30.0,3420.0,32M/16Q/16D,2017-07-31 00:00:00,2017-08-06 00:00:00,2017.0,7.0,285442265.0
632,The Championships,https://photoresources.wtatennis.com/photo-resources/2025/04/16/710d860b-bce6-40c7-8838-a6272dbf6be6/WTA-Tournament_Wimbledon.png?height=128,https://www.wtatennis.com/tournaments/904/wimbledon/2017,WIMBLEDON • GREAT BRITAIN,Grand Slam,Grass,https://www.wtatennis.com/resources/v7.31.10/i/elements/gs-tag.svg,Carina Witthoeft,,GER,https://www.wtatennis.com/resources/v7.31.10/i/elements/flags/ger.svg,Round of 64 R64,L,"65 - 7,6 - 3,3 - 6,",136,https://www.wtatennis.com/players/317536/carina-witthoeft,3 - 16 Jul 2017,110.0,70730.0,128M/128Q/64D,2017-07-03 00:00:00,2017-07-16 00:00:00,2017.0,7.0,285512995.0
633,The Championships,https://photoresources.wtatennis.com/photo-resources/2025/04/16/710d860b-bce6-40c7-8838-a6272dbf6be6/WTA-Tournament_Wimbledon.png?height=128,https://www.wtatennis.com/tournaments/904/wimbledon/2017,WIMBLEDON • GREAT BRITAIN,Grand Slam,Grass,https://www.wtatennis.com/resources/v7.31.10/i/elements/gs-tag.svg,Irina Khromacheva,,RUS,https://www.wtatennis.com/resources/v7.31.10/i/elements/flags/rus.svg,Round of 128 R128,W,"6 - 3,6 - 4,",136,https://www.wtatennis.com/players/317915/irina-khromacheva,3 - 16 Jul 2017,110.0,70730.0,128M/128Q/64D,2017-07-03 00:00:00,2017-07-16 00:00:00,2017.0,7.0,285583725.0
634,The Championships,https://photoresources.wtatennis.com/photo-resources/2025/04/16/710d860b-bce6-40c7-8838-a6272dbf6be6/WTA-Tournament_Wimbledon.png?height=128,https://www.wtatennis.com/tournaments/904/wimbledon/2017,WIMBLEDON • GREAT BRITAIN,Grand Slam,Grass,https://www.wtatennis.com/resources/v7.31.10/i/elements/gs-tag.svg,Kristie Ahn,6.0,USA,https://www.wtatennis.com/resources/v7.31.10/i/elements/flags/usa.svg,Qualifying R3 Qual. R3,W,"6 - 1,6 - 1,",136,https://www.wtatennis.com/players/316159/kristie-ahn,3 - 16 Jul 2017,110.0,70730.0,128M/128Q/64D,2017-07-03 00:00:00,2017-07-16 00:00:00,2017.0,7.0,285654455.0
635,The Championships,https://photoresources.wtatennis.com/photo-resources/2025/04/16/710d860b-bce6-40c7-8838-a6272dbf6be6/WTA-Tournament_Wimbledon.png?height=128,https://www.wtatennis.com/tournaments/904/wimbledon/2017,WIMBLEDON • GREAT BRITAIN,Grand Slam,Grass,https://www.wtatennis.com/resources/v7.31.10/i/elements/gs-tag.svg,Jamie Loeb,,USA,https://www.wtatennis.com/resources/v7.31.10/i/elements/flags/usa.svg,Qualifying R2 Qual. R2,W,"7 - 65,6 - 4,",136,https://www.wtatennis.com/players/319411/jamie-loeb,3 - 16 Jul 2017,110.0,70730.0,128M/128Q/64D,2017-07-03 00:00:00,2017-07-16 00:00:00,2017.0,7.0,285725185.0
636,The Championships,https://photoresources.wtatennis.com/photo-resources/2025/04/16/710d860b-bce6-40c7-8838-a6272dbf6be6/WTA-Tournament_Wimbledon.png?height=128,https://www.wtatennis.com/tournaments/904/wimbledon/2017,WIMBLEDON • GREAT BRITAIN,Grand Slam,Grass,https://www.wtatennis.com/resources/v7.31.10/i/elements/gs-tag.svg,Na Lae Han,,KOR,https://www.wtatennis.com/resources/v7.31.10/i/elements/flags/kor.svg,Qualifying R1 Qual. R1,W,"4 - 6,6 - 2,6 - 4,",136,https://www.wtatennis.com/players/315159/na-lae-han,3 - 16 Jul 2017,110.0,70730.0,128M/128Q/64D,2017-07-03 00:00:00,2017-07-16 00:00:00,2017.0,7.0,285795915.0
637,"ITF/TENNIS EUROPE $100,000",https://www.wtatennis.com/resources/v7.31.10/i/elements/itf.png,,"ILKLEY, GREAT BRITAIN",ITF,Grass,https://www.wtatennis.com/resources/v7.31.10/i/elements/itf.png,Jasmine Paolini,,ITA,https://www.wtatennis.com/resources/v7.31.10/i/elements/flags/ita.svg,Round of 32 R32,L,"6 - 4,5 - 7,62 - 7,",128,https://www.wtatennis.com/players/319280/jasmine-paolini,19 - 25 Jun 2017,,887.0,32M/32Q/16D,,2017-06-25 00:00:00,,,285796802.0
638,"ITF/TENNIS EUROPE $100,000",https://www.wtatennis.com/resources/v7.31.10/i/elements/itf.png,,"MANCHESTER, GREAT BRITAIN",ITF,Grass,https://www.wtatennis.com/resources/v7.31.10/i/elements/itf.png,Aleksandra Krunic,4.0,SRB,https://www.wtatennis.com/resources/v7.31.10/i/elements/flags/srb.svg,Semifinals Semi,L,"0 - 6,2 - 6,",148,https://www.wtatennis.com/players/316344/aleksandra-krunic,12 - 18 Jun 2017,,4433.0,32M/32Q/16D,,2017-06-18 00:00:00,,,285801235.0
639,"ITF/TENNIS EUROPE $100,000",https://www.wtatennis.com/resources/v7.31.10/i/elements/itf.png,,"MANCHESTER, GREAT BRITAIN",ITF,Grass,https://www.wtatennis.com/resources/v7.31.10/i/elements/itf.png,Anna Blinkova,4.0,RUS,https://www.wtatennis.com/resources/v7.31.10/i/elements/flags/rus.svg,Quarterfinals Quarter,W,"7 - 66,5 - 7,6 - 3,",148,https://www.wtatennis.com/players/324267/anna-blinkova,12 - 18 Jun 2017,,4433.0,32M/32Q/16D,,2017-06-18 00:00:00,,,285805668.0
640,"ITF/TENNIS EUROPE $100,000",https://www.wtatennis.com/resources/v7.31.10/i/elements/itf.png,,"MANCHESTER, GREAT BRITAIN",ITF,Grass,https://www.wtatennis.com/resources/v7.31.10/i/elements/itf.png,Bianca Andreescu,4.0,CAN,https://www.wtatennis.com/resources/v7.31.10/i/elements/flags/can.svg,Round of 16 R16,W,"2 - 6,6 - 4,6 - 3,",148,https://www.wtatennis.com/players/325088/bianca-andreescu,12 - 18 Jun 2017,,4433.0,32M/32Q/16D,,2017-06-18 00:00:00,,,285810101.0
641,"ITF/TENNIS EUROPE $100,000",https://www.wtatennis.com/resources/v7.31.10/i/elements/itf.png,,"MANCHESTER, GREAT BRITAIN",ITF,Grass,https://www.wtatennis.com/resources/v7.31.10/i/elements/itf.png,Viktoria Hruncakova,4.0,SVK,https://www.wtatennis.com/resources/v7.31.10/i/elements/flags/svk.svg,Round of 32 R32,W,"6 - 3,7 - 63,",148,https://www.wtatennis.com/players/322277/viktoria-hruncakova,12 - 18 Jun 2017,,4433.0,32M/32Q/16D,,2017-06-18 00:00:00,,,285814534.0
642,Championnats Internationaux de France,https://photoresources.wtatennis.com/photo-resources/2025/04/16/ddbbc328-7967-416c-a6b5-043c8c3f933e/WTA-Tournament_Roland-Garros.png?height=128,https://www.wtatennis.com/tournaments/903/roland-garros/2017,PARIS • FRANCE,Grand Slam,Clay,https://www.wtatennis.com/resources/v7.31.10/i/elements/gs-tag.svg,Ipek Soylu,11.0,TUR,https://www.wtatennis.com/resources/v7.31.10/i/elements/flags/tur.svg,Qualifying R1 Qual. R1,L,"6 - 4,1 - 6,63 - 7,",116,https://www.wtatennis.com/players/318822/ipek-soylu,28 May - 11 Jun 2017,2.0,5484.0,128M/128Q/64D,2017-05-28 00:00:00,2017-06-11 00:00:00,2017.0,5.0,285820018.0
643,"ITF/TENNIS EUROPE $60,000",https://www.wtatennis.com/resources/v7.31.10/i/elements/itf.png,,"SAINT GAUDENS, FRANCE",ITF,Clay,https://www.wtatennis.com/resources/v7.31.10/i/elements/itf.png,Kristie Ahn,8.0,USA,https://www.wtatennis.com/resources/v7.31.10/i/elements/flags/usa.svg,Quarterfinals Quarter,L,"6 - 3,4 - 6,5 - 7,",114,https://www.wtatennis.com/players/316159/kristie-ahn,15 - 21 May 2017,,1520.0,32M/32Q/16D,,2017-05-21 00:00:00,,,285821538.0
644,"ITF/TENNIS EUROPE $60,000",https://www.wtatennis.com/resources/v7.31.10/i/elements/itf.png,,"SAINT GAUDENS, FRANCE",ITF,Clay,https://www.wtatennis.com/resources/v7.31.10/i/elements/itf.png,Tessah Andrianjafitrimo,8.0,FRA,https://www.wtatennis.com/resources/v7.31.10/i/elements/flags/fra.svg,Round of 16 R16,W,"6 - 2,6 - 3,",114,https://www.wtatennis.com/players/321984/tessah-andrianjafitrimo,15 - 21 May 2017,,1520.0,32M/32Q/16D,,2017-05-21 00:00:00,,,285823058.0
645,"ITF/TENNIS EUROPE $60,000",https://www.wtatennis.com/resources/v7.31.10/i/elements/itf.png,,"SAINT GAUDENS, FRANCE",ITF,Clay,https://www.wtatennis.com/resources/v7.31.10/i/elements/itf.png,Cagla Buyukakcay,8.0,TUR,https://www.wtatennis.com/resources/v7.31.10/i/elements/flags/tur.svg,Round of 32 R32,W,"6 - 0,7 - 61,",114,https://www.wtatennis.com/players/312292/cagla-buyukakcay,15 - 21 May 2017,,1520.0,32M/32Q/16D,,2017-05-21 00:00:00,,,285824578.0
646,"ITF/TENNIS EUROPE $100,000",https://www.wtatennis.com/resources/v7.31.10/i/elements/itf.png,,"CAGNES-SUR-MER, FRANCE",ITF,Clay,https://www.wtatennis.com/resources/v7.31.10/i/elements/itf.png,Heather Watson,7.0,GBR,https://www.wtatennis.com/resources/v7.31.10/i/elements/flags/gbr.svg,Round of 32 R32,L,"63 - 7,6 - 4,2 - 6,",116,https://www.wtatennis.com/players/316981/heather-watson,8 - 14 May 2017,,887.0,32M/32Q/16D,2017-05-08 00:00:00,2017-05-14 00:00:00,2017.0,5.0,285825465.0
647,Grand Prix De SAR La Princesse Lalla Meryem,,https://www.wtatennis.com/tournaments/1005/rabat/2017,RABAT • MOROCCO,International,Clay,https://www.wtatennis.com/resources/v7.31.10/i/elements/250k-tag.svg,Ivana Jorovic,4.0,SRB,https://www.wtatennis.com/resources/v7.31.10/i/elements/flags/srb.svg,Qualifying R1 Qual. R1,L,"6 - 3,2 - 6,3 - 6,",121,https://www.wtatennis.com/players/320360/ivana-jorovic,1 - 6 May 2017,1.0,530.0,32M/32Q/16D,2017-05-01 00:00:00,2017-05-06 00:00:00,2017.0,5.0,285825995.0
648,"FED CUP WORLD GROUP 1 WK2- MINSK, BELARUS",https://www.wtatennis.com/resources/v7.31.10/i/elements/itf.png,,BELARUS,ITF,Hard,https://www.wtatennis.com/resources/v7.31.10/i/elements/itf.png,Timea Bacsinszky,,SUI,https://www.wtatennis.com/resources/v7.31.10/i/elements/flags/sui.svg,Round 2 R2,L,"4 - 6,5 - 7,",125,https://www.wtatennis.com/players/311579/timea-bacsinszky,22 - 23 Apr 2017,,,8M/0Q/2D,,2017-04-23 00:00:00,,,
649,"FED CUP WORLD GROUP 1 WK2- MINSK, BELARUS",https://www.wtatennis.com/resources/v7.31.10/i/elements/itf.png,,BELARUS,ITF,Hard,https://www.wtatennis.com/resources/v7.31.10/i/elements/itf.png,Viktorija Golubic,,SUI,https://www.wtatennis.com/resources/v7.31.10/i/elements/flags/sui.svg,Round 2 R2,W,"6 - 3,2 - 6,6 - 4,",125,https://www.wtatennis.com/players/316296/viktorija-golubic,22 - 23 Apr 2017,,,8M/0Q/2D,,2017-04-23 00:00:00,,,
650,Ladies Open Biel Bienne,,https://www.wtatennis.com/tournaments/1098/biel/2017,BIEL • SWITZERLAND,International,Hard,https://www.wtatennis.com/resources/v7.31.10/i/elements/250k-tag.svg,Marketa Vondrousova,3.0,CZE,https://www.wtatennis.com/resources/v7.31.10/i/elements/flags/cze.svg,Qualifying R2 Qual. R2,L,"6 - 2,2 - 6,1 - 6,",129,https://www.wtatennis.com/players/323027/marketa-vondrousova,10 - 16 Apr 2017,10.0,730.0,32M/32Q/16D,,2017-04-16 00:00:00,,,285826725.0
651,Ladies Open Biel Bienne,,https://www.wtatennis.com/tournaments/1098/biel/2017,BIEL • SWITZERLAND,International,Hard,https://www.wtatennis.com/resources/v7.31.10/i/elements/250k-tag.svg,Ylena In-Albon,3.0,SUI,https://www.wtatennis.com/resources/v7.31.10/i/elements/flags/sui.svg,Qualifying R1 Qual. R1,W,"6 - 2,6 - 0,",129,https://www.wtatennis.com/players/321397/ylena-in-albon,10 - 16 Apr 2017,10.0,730.0,32M/32Q/16D,,2017-04-16 00:00:00,,,285827455.0
652,"ITF $60,000",https://www.wtatennis.com/resources/v7.31.10/i/elements/itf.png,,"SHENZHEN, CHINA",ITF,Hard,https://www.wtatennis.com/resources/v7.31.10/i/elements/itf.png,Ekaterina Alexandrova,3.0,RUS,https://www.wtatennis.com/resources/v7.31.10/i/elements/flags/rus.svg,Final F,L,"2 - 6,5 - 7,",,https://www.wtatennis.com/players/319007/ekaterina-alexandrova,13 - 19 Mar 2017,,4863.0,32M/32Q/16D,,2017-03-19 00:00:00,,,285832318.0
653,"ITF $60,000",https://www.wtatennis.com/resources/v7.31.10/i/elements/itf.png,,"SHENZHEN, CHINA",ITF,Hard,https://www.wtatennis.com/resources/v7.31.10/i/elements/itf.png,Jing-Jing Lu,,CHN,https://www.wtatennis.com/resources/v7.31.10/i/elements/flags/chn.svg,Semifinals Semi,W,"6 - 2,6 - 1,",,https://www.wtatennis.com/players/313765/jing-jing-lu,13 - 19 Mar 2017,,4863.0,32M/32Q/16D,,2017-03-19 00:00:00,,,285837181.0
654,"ITF $60,000",https://www.wtatennis.com/resources/v7.31.10/i/elements/itf.png,,"SHENZHEN, CHINA",ITF,Hard,https://www.wtatennis.com/resources/v7.31.10/i/elements/itf.png,Denisa Satralova,4.0,CZE,https://www.wtatennis.com/resources/v7.31.10/i/elements/flags/cze.svg,Quarterfinals Quarter,W,Walkover,,https://www.wtatennis.com/players/316550/denisa-satralova,13 - 19 Mar 2017,,4863.0,32M/32Q/16D,,2017-03-19 00:00:00,,,285842044.0
655,"ITF $60,000",https://www.wtatennis.com/resources/v7.31.10/i/elements/itf.png,,"SHENZHEN, CHINA",ITF,Hard,https://www.wtatennis.com/resources/v7.31.10/i/elements/itf.png,Kai-Chen Chang,5.0,TPE,https://www.wtatennis.com/resources/v7.31.10/i/elements/flags/tpe.svg,Round of 16 R16,W,"1 - 6,6 - 7,",,https://www.wtatennis.com/players/313923/kai-chen-chang,13 - 19 Mar 2017,,4863.0,32M/32Q/16D,,2017-03-19 00:00:00,,,285846907.0
656,"ITF $60,000",https://www.wtatennis.com/resources/v7.31.10/i/elements/itf.png,,"SHENZHEN, CHINA",ITF,Hard,https://www.wtatennis.com/resources/v7.31.10/i/elements/itf.png,Jia-Jing Lu,,CHN,https://www.wtatennis.com/resources/v7.31.10/i/elements/flags/chn.svg,Round of 32 R32,W,"5 - 7,2 - 6,",,https://www.wtatennis.com/players/313225/jia-jing-lu,13 - 19 Mar 2017,,4863.0,32M/32Q/16D,,2017-03-19 00:00:00,,,285851770.0
657,"ITF $60,000",https://www.wtatennis.com/resources/v7.31.10/i/elements/itf.png,,"ZHUHAI, CHINA",ITF,Hard,https://www.wtatennis.com/resources/v7.31.10/i/elements/itf.png,Saisai Zheng,4.0,CHN,https://www.wtatennis.com/resources/v7.31.10/i/elements/flags/chn.svg,Round of 32 R32,L,"5 - 7,3 - 6,",142,https://www.wtatennis.com/players/316286/saisai-zheng,6 - 12 Mar 2017,,533.0,32M/32Q/16D,2017-03-06 00:00:00,2017-03-12 00:00:00,2017.0,3.0,285852303.0
658,Alya Malaysian Open,,https://www.wtatennis.com/tournaments/1041/kuala-lumpur/2017,KUALA LUMPUR • MALAYSIA,International,Hard,https://www.wtatennis.com/resources/v7.31.10/i/elements/250k-tag.svg,Miyu Kato,3.0,JPN,https://www.wtatennis.com/resources/v7.31.10/i/elements/flags/jpn.svg,Qualifying R1 Qual. R1,L,"5 - 7,6 - 2,65 - 7,",141,https://www.wtatennis.com/players/317612/miyu-kato,27 Feb - 5 Mar 2017,1.0,600.0,32M/32Q/16D,2017-02-27 00:00:00,2017-03-05 00:00:00,2017.0,2.0,285852903.0
659,Dubai Duty Free Tennis Championships,https://photoresources.wtatennis.com/photo-resources/2025/04/16/aa274c10-fd33-4715-ac0e-d74441b27a54/WTA-Tournament_Dubai-2017.png?height=128,https://www.wtatennis.com/tournaments/718/dubai/2017,DUBAI • UNITED ARAB EMIRATES,Premier 5,Hard,https://www.wtatennis.com/resources/v7.31.10/i/elements/1000k-tag.svg,Kateryna Volodko,,UKR,https://www.wtatennis.com/resources/v7.31.10/i/elements/flags/ukr.svg,Round of 64 R64,L,"6 - 4,4 - 6,3 - 6,",140,https://www.wtatennis.com/players/20702/kateryna-volodko,19 - 25 Feb 2017,30.0,7335.0,64M/32Q/32D,,2017-02-25 00:00:00,,,285860238.0
660,Dubai Duty Free Tennis Championships,https://photoresources.wtatennis.com/photo-resources/2025/04/16/aa274c10-fd33-4715-ac0e-d74441b27a54/WTA-Tournament_Dubai-2017.png?height=128,https://www.wtatennis.com/tournaments/718/dubai/2017,DUBAI • UNITED ARAB EMIRATES,Premier 5,Hard,https://www.wtatennis.com/resources/v7.31.10/i/elements/1000k-tag.svg,Aleksandrina Naydenova,,BUL,https://www.wtatennis.com/resources/v7.31.10/i/elements/flags/bul.svg,Qualifying R2 Qual. R2,W,"6 - 2,6 - 2,",140,https://www.wtatennis.com/players/314672/aleksandrina-naydenova,19 - 25 Feb 2017,30.0,7335.0,64M/32Q/32D,,2017-02-25 00:00:00,,,285867573.0
661,Dubai Duty Free Tennis Championships,https://photoresources.wtatennis.com/photo-resources/2025/04/16/aa274c10-fd33-4715-ac0e-d74441b27a54/WTA-Tournament_Dubai-2017.png?height=128,https://www.wtatennis.com/tournaments/718/dubai/2017,DUBAI • UNITED ARAB EMIRATES,Premier 5,Hard,https://www.wtatennis.com/resources/v7.31.10/i/elements/1000k-tag.svg,Lyudmyla Kichenok,,UKR,https://www.wtatennis.com/resources/v7.31.10/i/elements/flags/ukr.svg,Qualifying R1 Qual. R1,W,"7 - 5,6 - 0,",140,https://www.wtatennis.com/players/314701/lyudmyla-kichenok,19 - 25 Feb 2017,30.0,7335.0,64M/32Q/32D,,2017-02-25 00:00:00,,,285874908.0
662,FED CUP WORLD GROUP WEEK 1,https://www.wtatennis.com/resources/v7.31.10/i/elements/itf.png,,"MINSK, BELARUS",ITF,Hard,https://www.wtatennis.com/resources/v7.31.10/i/elements/itf.png,Kiki Bertens,,NED,https://www.wtatennis.com/resources/v7.31.10/i/elements/flags/ned.svg,Round 1 R1,L,"6 - 3,66 - 7,4 - 6,",142,https://www.wtatennis.com/players/314584/kiki-bertens,11 - 12 Feb 2017,,,8M/0Q/2D,,2017-02-12 00:00:00,,,
663,FED CUP WORLD GROUP WEEK 1,https://www.wtatennis.com/resources/v7.31.10/i/elements/itf.png,,"MINSK, BELARUS",ITF,Hard,https://www.wtatennis.com/resources/v7.31.10/i/elements/itf.png,Michaella Krajicek,,NED,https://www.wtatennis.com/resources/v7.31.10/i/elements/flags/ned.svg,Round 1 R1,W,"7 - 65,6 - 4,",142,https://www.wtatennis.com/players/311578/michaella-krajicek,11 - 12 Feb 2017,,,8M/0Q/2D,,2017-02-12 00:00:00,,,
664,St. Petersburg Ladies Trophy,,https://www.wtatennis.com/tournaments/1086/st-petersburg/2017,ST. PETERSBURG • RUSSIA,Premier,Hard,https://www.wtatennis.com/resources/v7.31.10/i/elements/500k-tag.svg,Donna Vekic,7.0,CRO,https://www.wtatennis.com/resources/v7.31.10/i/elements/flags/cro.svg,Qualifying R1 Qual. R1,L,"4 - 6,2 - 6,",142,https://www.wtatennis.com/players/318516/donna-vekic,30 Jan - 5 Feb 2017,1.0,920.0,32M/32Q/16D,2017-01-30 00:00:00,2017-02-05 00:00:00,2017.0,1.0,285875828.0
665,Australian Open,https://photoresources.wtatennis.com/photo-resources/2025/04/16/20886615-8c76-4d00-b747-7946c3692df2/WTA-Tournament_Australian-Open.png?height=128,https://www.wtatennis.com/tournaments/901/australian-open/2017,MELBOURNE • AUSTRALIA,Grand Slam,Hard,https://www.wtatennis.com/resources/v7.31.10/i/elements/gs-tag.svg,Fangzhou Liu,22.0,CHN,https://www.wtatennis.com/resources/v7.31.10/i/elements/flags/chn.svg,Qualifying R2 Qual. R2,L,"5 - 7,6 - 3,4 - 6,",146,https://www.wtatennis.com/players/319606/fangzhou-liu,16 - 29 Jan 2017,20.0,9126.0,128M/128Q/64D,,2017-01-29 00:00:00,,,285884954.0
666,Australian Open,https://photoresources.wtatennis.com/photo-resources/2025/04/16/20886615-8c76-4d00-b747-7946c3692df2/WTA-Tournament_Australian-Open.png?height=128,https://www.wtatennis.com/tournaments/901/australian-open/2017,MELBOURNE • AUSTRALIA,Grand Slam,Hard,https://www.wtatennis.com/resources/v7.31.10/i/elements/gs-tag.svg,Ipek Soylu,,TUR,https://www.wtatennis.com/resources/v7.31.10/i/elements/flags/tur.svg,Qualifying R1 Qual. R1,W,"6 - 2,6 - 1,",146,https://www.wtatennis.com/players/318822/ipek-soylu,16 - 29 Jan 2017,20.0,9126.0,128M/128Q/64D,,2017-01-29 00:00:00,,,285894080.0
667,"ITF/TENNIS EUROPE $50,000",https://www.wtatennis.com/resources/v7.31.10/i/elements/itf.png,,"ANKARA, TURKEY",ITF,Hard,https://www.wtatennis.com/resources/v7.31.10/i/elements/itf.png,Ivana Jorovic,1.0,SRB,https://www.wtatennis.com/resources/v7.31.10/i/elements/flags/srb.svg,Semifinals Semi,L,"5 - 7,7 - 62,64 - 7,",136,https://www.wtatennis.com/players/320360/ivana-jorovic,19 - 25 Dec 2016,,2216.0,32M/32Q/16D,,2016-12-25 00:00:00,,,285896296.0
668,"ITF/TENNIS EUROPE $50,000",https://www.wtatennis.com/resources/v7.31.10/i/elements/itf.png,,"ANKARA, TURKEY",ITF,Hard,https://www.wtatennis.com/resources/v7.31.10/i/elements/itf.png,Mihaela Buzarnescu,1.0,ROU,https://www.wtatennis.com/resources/v7.31.10/i/elements/flags/rou.svg,Quarterfinals Quarter,W,"7 - 69,6 - 4,",136,https://www.wtatennis.com/players/312268/mihaela-buzarnescu,19 - 25 Dec 2016,,2216.0,32M/32Q/16D,,2016-12-25 00:00:00,,,285898512.0
669,"ITF/TENNIS EUROPE $50,000",https://www.wtatennis.com/resources/v7.31.10/i/elements/itf.png,,"ANKARA, TURKEY",ITF,Hard,https://www.wtatennis.com/resources/v7.31.10/i/elements/itf.png,Ekaterine Gorgodze,1.0,GEO,https://www.wtatennis.com/resources/v7.31.10/i/elements/flags/geo.svg,Round of 16 R16,W,"6 - 1,6 - 1,",136,https://www.wtatennis.com/players/314660/ekaterine-gorgodze,19 - 25 Dec 2016,,2216.0,32M/32Q/16D,,2016-12-25 00:00:00,,,285900728.0
670,"ITF/TENNIS EUROPE $50,000",https://www.wtatennis.com/resources/v7.31.10/i/elements/itf.png,,"ANKARA, TURKEY",ITF,Hard,https://www.wtatennis.com/resources/v7.31.10/i/elements/itf.png,Selin Ovunc,1.0,TUR,https://www.wtatennis.com/resources/v7.31.10/i/elements/flags/tur.svg,Round of 32 R32,W,"6 - 2,6 - 2,",136,https://www.wtatennis.com/players/325389/selin-ovunc,19 - 25 Dec 2016,,2216.0,32M/32Q/16D,,2016-12-25 00:00:00,,,285902944.0
671,"ITF $100,000+H- DUBAI, UNITED ARAB EMIRATES",https://www.wtatennis.com/resources/v7.31.10/i/elements/itf.png,,DUBAI,ITF,Hard,https://www.wtatennis.com/resources/v7.31.10/i/elements/itf.png,Dalma Galfi,7.0,HUN,https://www.wtatennis.com/resources/v7.31.10/i/elements/flags/hun.svg,Round of 32 R32,L,"7 - 5,4 - 6,4 - 6,",135,https://www.wtatennis.com/players/321106/dalma-galfi,12 - 18 Dec 2016,,887.0,32M/32Q/16D,,2016-12-18 00:00:00,,,285903831.0
672,"ITF $50,000+H",https://www.wtatennis.com/resources/v7.31.10/i/elements/itf.png,,"TOYOTA, JAPAN",ITF,Carpet,https://www.wtatennis.com/resources/v7.31.10/i/elements/itf.png,Lizette Cabrera,2.0,AUS,https://www.wtatennis.com/resources/v7.31.10/i/elements/flags/aus.svg,Final F,W,"6 - 2,6 - 4,",155,https://www.wtatennis.com/players/320013/lizette-cabrera,14 - 20 Nov 2016,,7600.0,32M/32Q/16D,,2016-11-20 00:00:00,,,285911431.0
673,"ITF $50,000+H",https://www.wtatennis.com/resources/v7.31.10/i/elements/itf.png,,"TOYOTA, JAPAN",ITF,Carpet,https://www.wtatennis.com/resources/v7.31.10/i/elements/itf.png,Dalma Galfi,2.0,HUN,https://www.wtatennis.com/resources/v7.31.10/i/elements/flags/hun.svg,Semifinals Semi,W,Walkover,155,https://www.wtatennis.com/players/321106/dalma-galfi,14 - 20 Nov 2016,,7600.0,32M/32Q/16D,,2016-11-20 00:00:00,,,285919031.0
674,"ITF $50,000+H",https://www.wtatennis.com/resources/v7.31.10/i/elements/itf.png,,"TOYOTA, JAPAN",ITF,Carpet,https://www.wtatennis.com/resources/v7.31.10/i/elements/itf.png,Ayano Shimizu,2.0,JPN,https://www.wtatennis.com/resources/v7.31.10/i/elements/flags/jpn.svg,Quarterfinals Quarter,W,"6 - 1,6 - 0,",155,https://www.wtatennis.com/players/324394/ayano-shimizu,14 - 20 Nov 2016,,7600.0,32M/32Q/16D,,2016-11-20 00:00:00,,,285926631.0
675,"ITF $50,000+H",https://www.wtatennis.com/resources/v7.31.10/i/elements/itf.png,,"TOYOTA, JAPAN",ITF,Carpet,https://www.wtatennis.com/resources/v7.31.10/i/elements/itf.png,Patty Schnyder,2.0,SUI,https://www.wtatennis.com/resources/v7.31.10/i/elements/flags/sui.svg,Round of 16 R16,W,"7 - 5,6 - 4,",155,https://www.wtatennis.com/players/190519/patty-schnyder,14 - 20 Nov 2016,,7600.0,32M/32Q/16D,,2016-11-20 00:00:00,,,285934231.0
676,"ITF $50,000+H",https://www.wtatennis.com/resources/v7.31.10/i/elements/itf.png,,"TOYOTA, JAPAN",ITF,Carpet,https://www.wtatennis.com/resources/v7.31.10/i/elements/itf.png,Momoko Kobori,2.0,JPN,https://www.wtatennis.com/resources/v7.31.10/i/elements/flags/jpn.svg,Round of 32 R32,W,"6 - 0,6 - 1,",155,https://www.wtatennis.com/players/324125/momoko-kobori,14 - 20 Nov 2016,,7600.0,32M/32Q/16D,,2016-11-20 00:00:00,,,285941831.0
677,"ITF $100,000",https://www.wtatennis.com/resources/v7.31.10/i/elements/itf.png,,"TOKYO 2, JAPAN",ITF,Hard,https://www.wtatennis.com/resources/v7.31.10/i/elements/itf.png,Shuai Zhang,1.0,CHN,https://www.wtatennis.com/resources/v7.31.10/i/elements/flags/chn.svg,Round of 16 R16,L,"4 - 6,2 - 6,",159,https://www.wtatennis.com/players/311779/shuai-zhang,7 - 13 Nov 2016,,1520.0,32M/32Q/16D,2016-11-07 00:00:00,2016-11-13 00:00:00,2016.0,11.0,285943351.0
678,"ITF $100,000",https://www.wtatennis.com/resources/v7.31.10/i/elements/itf.png,,"TOKYO 2, JAPAN",ITF,Hard,https://www.wtatennis.com/resources/v7.31.10/i/elements/itf.png,Nina Stojanovic,,SRB,https://www.wtatennis.com/resources/v7.31.10/i/elements/flags/srb.svg,Round of 32 R32,W,"6 - 3,6 - 3,",159,https://www.wtatennis.com/players/319709/nina-stojanovic,7 - 13 Nov 2016,,1520.0,32M/32Q/16D,2016-11-07 00:00:00,2016-11-13 00:00:00,2016.0,11.0,285944871.0
679,"ITF/TENNIS EUROPE $100,000",https://www.wtatennis.com/resources/v7.31.10/i/elements/itf.png,,"POITIERS, FRANCE",ITF,Hard,https://www.wtatennis.com/resources/v7.31.10/i/elements/itf.png,Andreea Mitu,3.0,ROU,https://www.wtatennis.com/resources/v7.31.10/i/elements/flags/rou.svg,Qualifying R1 Qual. R1,L,"2 - 6,2 - 6,",160,https://www.wtatennis.com/players/314050/andreea-mitu,24 - 30 Oct 2016,,221.0,32M/32Q/16D,,2016-10-30 00:00:00,,,285945092.0
680,VTB Kremlin Cup,,https://www.wtatennis.com/tournaments/730/moscow/2016,MOSCOW • RUSSIA,Premier,Hard,https://www.wtatennis.com/resources/v7.31.10/i/elements/500k-tag.svg,Elizaveta Kulichkova,,RUS,https://www.wtatennis.com/resources/v7.31.10/i/elements/flags/rus.svg,Qualifying R1 Qual. R1,L,"4 - 6,1 - 6,",164,https://www.wtatennis.com/players/319600/elizaveta-kulichkova,17 - 22 Oct 2016,1.0,980.0,32M/32Q/16D,,2016-10-22 00:00:00,,,285946072.0
681,"ITF/TENNIS EUROPE $100,000",https://www.wtatennis.com/resources/v7.31.10/i/elements/itf.png,,"SAINT-PETERSBURG, RUSSIA",ITF,Hard,https://www.wtatennis.com/resources/v7.31.10/i/elements/itf.png,Donna Vekic,3.0,CRO,https://www.wtatennis.com/resources/v7.31.10/i/elements/flags/cro.svg,Semifinals Semi,L,"1 - 6,6 - 4,1 - 6,",177,https://www.wtatennis.com/players/318516/donna-vekic,19 - 25 Sep 2016,,4433.0,32M/32Q/16D,,2016-09-25 00:00:00,,,285950505.0
682,"ITF/TENNIS EUROPE $100,000",https://www.wtatennis.com/resources/v7.31.10/i/elements/itf.png,,"SAINT-PETERSBURG, RUSSIA",ITF,Hard,https://www.wtatennis.com/resources/v7.31.10/i/elements/itf.png,Evgeniya Rodina,2.0,RUS,https://www.wtatennis.com/resources/v7.31.10/i/elements/flags/rus.svg,Quarterfinals Quarter,W,"6 - 2,65 - 7,7 - 65,",177,https://www.wtatennis.com/players/312584/evgeniya-rodina,19 - 25 Sep 2016,,4433.0,32M/32Q/16D,,2016-09-25 00:00:00,,,285954938.0
683,"ITF/TENNIS EUROPE $100,000",https://www.wtatennis.com/resources/v7.31.10/i/elements/itf.png,,"SAINT-PETERSBURG, RUSSIA",ITF,Hard,https://www.wtatennis.com/resources/v7.31.10/i/elements/itf.png,Valentyna Ivakhnenko,,RUS,https://www.wtatennis.com/resources/v7.31.10/i/elements/flags/rus.svg,Round of 16 R16,W,"6 - 2,6 - 4,",177,https://www.wtatennis.com/players/315366/valentyna-ivakhnenko,19 - 25 Sep 2016,,4433.0,32M/32Q/16D,,2016-09-25 00:00:00,,,285959371.0
684,"ITF/TENNIS EUROPE $100,000",https://www.wtatennis.com/resources/v7.31.10/i/elements/itf.png,,"SAINT-PETERSBURG, RUSSIA",ITF,Hard,https://www.wtatennis.com/resources/v7.31.10/i/elements/itf.png,Anna Kalinskaya,,RUS,https://www.wtatennis.com/resources/v7.31.10/i/elements/flags/rus.svg,Round of 32 R32,W,"7 - 63,6 - 4,",177,https://www.wtatennis.com/players/323942/anna-kalinskaya,19 - 25 Sep 2016,,4433.0,32M/32Q/16D,,2016-09-25 00:00:00,,,285963804.0
685,2016 US OPEN TENNIS CHAMPIONSHIPS,https://photoresources.wtatennis.com/photo-resources/2025/04/16/295289d9-36fa-408a-8586-2b407d930c10/WTA-Tournament_US-Open.png?height=128,https://www.wtatennis.com/tournaments/905/us-open/2016,"FLUSHING MEADOWS • USA, NY",Grand Slam,Hard,https://www.wtatennis.com/resources/v7.31.10/i/elements/gs-tag.svg,Mandy Minella,6.0,LUX,https://www.wtatennis.com/resources/v7.31.10/i/elements/flags/lux.svg,Qualifying R2 Qual. R2,L,"62 - 7,3 - 6,",178,https://www.wtatennis.com/players/310431/mandy-minella,29 Aug - 11 Sep 2016,20.0,10706.0,128M/128Q/64D,2016-08-29 00:00:00,2016-09-11 00:00:00,2016.0,8.0,285974510.0
686,2016 US OPEN TENNIS CHAMPIONSHIPS,https://photoresources.wtatennis.com/photo-resources/2025/04/16/295289d9-36fa-408a-8586-2b407d930c10/WTA-Tournament_US-Open.png?height=128,https://www.wtatennis.com/tournaments/905/us-open/2016,"FLUSHING MEADOWS • USA, NY",Grand Slam,Hard,https://www.wtatennis.com/resources/v7.31.10/i/elements/gs-tag.svg,Mayo Hibi,,JPN,https://www.wtatennis.com/resources/v7.31.10/i/elements/flags/jpn.svg,Qualifying R1 Qual. R1,W,"7 - 5,6 - 3,",178,https://www.wtatennis.com/players/319473/mayo-hibi,29 Aug - 11 Sep 2016,20.0,10706.0,128M/128Q/64D,2016-08-29 00:00:00,2016-09-11 00:00:00,2016.0,8.0,285985216.0
687,"ITF/TENNIS EUROPE $75,000",https://www.wtatennis.com/resources/v7.31.10/i/elements/itf.png,,"PRAGUE, CZECH REPUBLIC",ITF,Clay,https://www.wtatennis.com/resources/v7.31.10/i/elements/itf.png,Sílvia Soler-Espinosa,8.0,ESP,https://www.wtatennis.com/resources/v7.31.10/i/elements/flags/esp.svg,Round of 32 R32,L,"7 - 65,1 - 6,3 - 6,",180,https://www.wtatennis.com/players/311493/s-lvia-soler-espinosa,25 - 31 Jul 2016,,665.0,32M/32Q/16D,,2016-07-31 00:00:00,,,285985881.0
688,"ITF/TENNIS EUROPE $100,000",https://www.wtatennis.com/resources/v7.31.10/i/elements/itf.png,,"BUDAPEST, HUNGARY",ITF,Clay,https://www.wtatennis.com/resources/v7.31.10/i/elements/itf.png,Viktoriya Tomova,,BUL,https://www.wtatennis.com/resources/v7.31.10/i/elements/flags/bul.svg,Round of 16 R16,L,"64 - 7,4 - 6,",,https://www.wtatennis.com/players/317584/viktoriya-tomova,4 - 10 Jul 2016,,1520.0,32M/32Q/16D,2016-07-04 00:00:00,2016-07-10 00:00:00,2016.0,7.0,285987401.0
689,"ITF/TENNIS EUROPE $100,000",https://www.wtatennis.com/resources/v7.31.10/i/elements/itf.png,,"BUDAPEST, HUNGARY",ITF,Clay,https://www.wtatennis.com/resources/v7.31.10/i/elements/itf.png,Olga Ianchuk,,UKR,https://www.wtatennis.com/resources/v7.31.10/i/elements/flags/ukr.svg,Round of 32 R32,W,"6 - 3,65 - 7,6 - 4,",,https://www.wtatennis.com/players/317148/olga-ianchuk,4 - 10 Jul 2016,,1520.0,32M/32Q/16D,2016-07-04 00:00:00,2016-07-10 00:00:00,2016.0,7.0,285988921.0
690,"ITF/TENNIS EUROPE $50,000",https://www.wtatennis.com/resources/v7.31.10/i/elements/itf.png,,"ROME - TIRO A VOLO, ITALY",ITF,Clay,https://www.wtatennis.com/resources/v7.31.10/i/elements/itf.png,Anastasia Grymalska,6.0,ITA,https://www.wtatennis.com/resources/v7.31.10/i/elements/flags/ita.svg,Round of 16 R16,L,"3 - 6,6 - 4,62 - 7,",189,https://www.wtatennis.com/players/313949/anastasia-grymalska,27 Jun - 3 Jul 2016,,760.0,32M/32Q/16D,2016-06-27 00:00:00,2016-07-03 00:00:00,2016.0,6.0,285989681.0
691,"ITF/TENNIS EUROPE $50,000",https://www.wtatennis.com/resources/v7.31.10/i/elements/itf.png,,"ROME - TIRO A VOLO, ITALY",ITF,Clay,https://www.wtatennis.com/resources/v7.31.10/i/elements/itf.png,Alison Bai,6.0,AUS,https://www.wtatennis.com/resources/v7.31.10/i/elements/flags/aus.svg,Round of 32 R32,W,"6 - 2,6 - 3,",189,https://www.wtatennis.com/players/312989/alison-bai,27 Jun - 3 Jul 2016,,760.0,32M/32Q/16D,2016-06-27 00:00:00,2016-07-03 00:00:00,2016.0,6.0,285990441.0
692,"ITF/TENNIS EUROPE $25,000",https://www.wtatennis.com/resources/v7.31.10/i/elements/itf.png,,"MINSK 2, BELARUS",ITF,Clay,https://www.wtatennis.com/resources/v7.31.10/i/elements/itf.png,Anna Kalinskaya,1.0,RUS,https://www.wtatennis.com/resources/v7.31.10/i/elements/flags/rus.svg,Semifinals Semi,L,"5 - 7,1 - 6,",196,https://www.wtatennis.com/players/323942/anna-kalinskaya,13 - 19 Jun 2016,,1144.0,32M/48Q/16D,,2016-06-19 00:00:00,,,285991585.0
693,"ITF/TENNIS EUROPE $25,000",https://www.wtatennis.com/resources/v7.31.10/i/elements/itf.png,,"MINSK 2, BELARUS",ITF,Clay,https://www.wtatennis.com/resources/v7.31.10/i/elements/itf.png,Olga Ianchuk,1.0,UKR,https://www.wtatennis.com/resources/v7.31.10/i/elements/flags/ukr.svg,Quarterfinals Quarter,W,"6 - 0,4 - 6,7 - 64,",196,https://www.wtatennis.com/players/317148/olga-ianchuk,13 - 19 Jun 2016,,1144.0,32M/48Q/16D,,2016-06-19 00:00:00,,,285992729.0
694,"ITF/TENNIS EUROPE $25,000",https://www.wtatennis.com/resources/v7.31.10/i/elements/itf.png,,"MINSK 2, BELARUS",ITF,Clay,https://www.wtatennis.com/resources/v7.31.10/i/elements/itf.png,Deniz Khazaniuk,1.0,ISR,https://www.wtatennis.com/resources/v7.31.10/i/elements/flags/isr.svg,Round of 16 R16,W,"4 - 6,6 - 4,6 - 3,",196,https://www.wtatennis.com/players/316813/deniz-khazaniuk,13 - 19 Jun 2016,,1144.0,32M/48Q/16D,,2016-06-19 00:00:00,,,285993873.0
695,"ITF/TENNIS EUROPE $25,000",https://www.wtatennis.com/resources/v7.31.10/i/elements/itf.png,,"MINSK 2, BELARUS",ITF,Clay,https://www.wtatennis.com/resources/v7.31.10/i/elements/itf.png,Anastasiya Vasylyeva,1.0,UKR,https://www.wtatennis.com/resources/v7.31.10/i/elements/flags/ukr.svg,Round of 32 R32,W,"66 - 7,6 - 1,6 - 1,",196,https://www.wtatennis.com/players/314888/anastasiya-vasylyeva,13 - 19 Jun 2016,,1144.0,32M/48Q/16D,,2016-06-19 00:00:00,,,285995017.0
696,"ITF/TENNIS EUROPE $25,000",https://www.wtatennis.com/resources/v7.31.10/i/elements/itf.png,,"MINSK, BELARUS",ITF,Clay,https://www.wtatennis.com/resources/v7.31.10/i/elements/itf.png,Valentini Grammatikopoulou,4.0,GRE,https://www.wtatennis.com/resources/v7.31.10/i/elements/flags/gre.svg,Round of 32 R32,L,"6 - 2,0 - 6,5 - 7,",194,https://www.wtatennis.com/players/319250/valentini-grammatikopoulou,6 - 12 Jun 2016,,228.0,32M/64Q/16D,2016-06-06 00:00:00,2016-06-12 00:00:00,2016.0,6.0,285995245.0
697,"ITF $50,000",https://www.wtatennis.com/resources/v7.31.10/i/elements/itf.png,,"TIANJIN, CHINA",ITF,Hard,https://www.wtatennis.com/resources/v7.31.10/i/elements/itf.png,Nina Stojanovic,7.0,SRB,https://www.wtatennis.com/resources/v7.31.10/i/elements/flags/srb.svg,Final F,W,"5 - 7,6 - 3,6 - 1,",250,https://www.wtatennis.com/players/319709/nina-stojanovic,23 - 29 May 2016,,7600.0,32M/32Q/16D,,2016-05-29 00:00:00,,,286002845.0
698,"ITF $50,000",https://www.wtatennis.com/resources/v7.31.10/i/elements/itf.png,,"TIANJIN, CHINA",ITF,Hard,https://www.wtatennis.com/resources/v7.31.10/i/elements/itf.png,Lauren Albanese,7.0,USA,https://www.wtatennis.com/resources/v7.31.10/i/elements/flags/usa.svg,Semifinals Semi,W,"6 - 3,0 - 6,6 - 2,",250,https://www.wtatennis.com/players/312952/lauren-albanese,23 - 29 May 2016,,7600.0,32M/32Q/16D,,2016-05-29 00:00:00,,,286010445.0
699,"ITF $50,000",https://www.wtatennis.com/resources/v7.31.10/i/elements/itf.png,,"TIANJIN, CHINA",ITF,Hard,https://www.wtatennis.com/resources/v7.31.10/i/elements/itf.png,Shuai Peng,7.0,CHN,https://www.wtatennis.com/resources/v7.31.10/i/elements/flags/chn.svg,Quarterfinals Quarter,W,"6 - 4,6 - 2,",250,https://www.wtatennis.com/players/160471/shuai-peng,23 - 29 May 2016,,7600.0,32M/32Q/16D,,2016-05-29 00:00:00,,,286018045.0
700,"ITF $50,000",https://www.wtatennis.com/resources/v7.31.10/i/elements/itf.png,,"TIANJIN, CHINA",ITF,Hard,https://www.wtatennis.com/resources/v7.31.10/i/elements/itf.png,Alena Tarasova,7.0,RUS,https://www.wtatennis.com/resources/v7.31.10/i/elements/flags/rus.svg,Round of 16 R16,W,"6 - 4,6 - 3,",250,https://www.wtatennis.com/players/318422/alena-tarasova,23 - 29 May 2016,,7600.0,32M/32Q/16D,,2016-05-29 00:00:00,,,286025645.0
701,"ITF $50,000",https://www.wtatennis.com/resources/v7.31.10/i/elements/itf.png,,"TIANJIN, CHINA",ITF,Hard,https://www.wtatennis.com/resources/v7.31.10/i/elements/itf.png,Xuliu Sun,7.0,CHN,https://www.wtatennis.com/resources/v7.31.10/i/elements/flags/chn.svg,Round of 32 R32,W,"6 - 4,6 - 1,",250,https://www.wtatennis.com/players/319993/xuliu-sun,23 - 29 May 2016,,7600.0,32M/32Q/16D,,2016-05-29 00:00:00,,,286033245.0
702,"ITF $50,000",https://www.wtatennis.com/resources/v7.31.10/i/elements/itf.png,,"ZHENGZHOU, CHINA",ITF,Hard,https://www.wtatennis.com/resources/v7.31.10/i/elements/itf.png,Anastasia Pivovarova,5.0,RUS,https://www.wtatennis.com/resources/v7.31.10/i/elements/flags/rus.svg,Quarterfinals Quarter,L,"2 - 6,6 - 4,4 - 6,",261,https://www.wtatennis.com/players/313390/anastasia-pivovarova,16 - 22 May 2016,,1267.0,32M/32Q/16D,,2016-05-22 00:00:00,,,286034512.0
703,"ITF $50,000",https://www.wtatennis.com/resources/v7.31.10/i/elements/itf.png,,"ZHENGZHOU, CHINA",ITF,Hard,https://www.wtatennis.com/resources/v7.31.10/i/elements/itf.png,Nina Stojanovic,5.0,SRB,https://www.wtatennis.com/resources/v7.31.10/i/elements/flags/srb.svg,Round of 16 R16,W,"6 - 4,4 - 6,6 - 4,",261,https://www.wtatennis.com/players/319709/nina-stojanovic,16 - 22 May 2016,,1267.0,32M/32Q/16D,,2016-05-22 00:00:00,,,286035779.0
704,"ITF $50,000",https://www.wtatennis.com/resources/v7.31.10/i/elements/itf.png,,"ZHENGZHOU, CHINA",ITF,Hard,https://www.wtatennis.com/resources/v7.31.10/i/elements/itf.png,Shuo Feng,5.0,CHN,https://www.wtatennis.com/resources/v7.31.10/i/elements/flags/chn.svg,Round of 32 R32,W,"6 - 3,7 - 64,",261,https://www.wtatennis.com/players/325807/shuo-feng,16 - 22 May 2016,,1267.0,32M/32Q/16D,,2016-05-22 00:00:00,,,286037046.0
705,Grand Prix De SAR La Princesse Lalla Meryem,,https://www.wtatennis.com/tournaments/1005/rabat/2016,RABAT • MOROCCO,International,Clay,https://www.wtatennis.com/resources/v7.31.10/i/elements/250k-tag.svg,Richel Hogenkamp,4.0,NED,https://www.wtatennis.com/resources/v7.31.10/i/elements/flags/ned.svg,Qualifying R2 Qual. R2,L,"6 - 2,1 - 6,2 - 6,",263,https://www.wtatennis.com/players/317263/richel-hogenkamp,25 - 30 Apr 2016,10.0,730.0,32M/32Q/16D,,2016-04-30 00:00:00,,,286037776.0
706,Grand Prix De SAR La Princesse Lalla Meryem,,https://www.wtatennis.com/tournaments/1005/rabat/2016,RABAT • MOROCCO,International,Clay,https://www.wtatennis.com/resources/v7.31.10/i/elements/250k-tag.svg,Mathilde Johansson,,FRA,https://www.wtatennis.com/resources/v7.31.10/i/elements/flags/fra.svg,Qualifying R1 Qual. R1,W,"6 - 3,7 - 63,",263,https://www.wtatennis.com/players/100162/mathilde-johansson,25 - 30 Apr 2016,10.0,730.0,32M/32Q/16D,,2016-04-30 00:00:00,,,286038506.0
707,"ITF/TENNIS EUROPE $50,000",https://www.wtatennis.com/resources/v7.31.10/i/elements/itf.png,,"CROISSY-BEAUBOURG, FRANCE",ITF,Hard,https://www.wtatennis.com/resources/v7.31.10/i/elements/itf.png,Freya Christie,4.0,GBR,https://www.wtatennis.com/resources/v7.31.10/i/elements/flags/gbr.svg,Qualifying R1 Qual. R1,L,"4 - 6,4 - 6,",,https://www.wtatennis.com/players/320863/freya-christie,28 Mar - 3 Apr 2016,,110.0,32M/32Q/16D,2016-03-28 00:00:00,2016-04-03 00:00:00,2016.0,3.0,286038616.0
708,"ITF $25,000",https://www.wtatennis.com/resources/v7.31.10/i/elements/itf.png,,"PORT PIRIE, AUSTRALIA",ITF,Hard,https://www.wtatennis.com/resources/v7.31.10/i/elements/itf.png,Kyoka Okamura,,JPN,https://www.wtatennis.com/resources/v7.31.10/i/elements/flags/jpn.svg,Round of 32 R32,L,"65 - 7,3 - 6,",284,https://www.wtatennis.com/players/319183/kyoka-okamura,22 - 28 Feb 2016,,228.0,32M/64Q/16D,,2016-02-28 00:00:00,,,286038844.0
709,"ITF $25,000",https://www.wtatennis.com/resources/v7.31.10/i/elements/itf.png,,"PERTH 2, AUSTRALIA",ITF,Hard,https://www.wtatennis.com/resources/v7.31.10/i/elements/itf.png,Arina Rodionova,,AUS,https://www.wtatennis.com/resources/v7.31.10/i/elements/flags/aus.svg,Final F,L,"1 - 6,1 - 6,",295,https://www.wtatennis.com/players/312413/arina-rodionova,15 - 21 Feb 2016,,2091.0,32M/64Q/16D,,2016-02-21 00:00:00,,,286040935.0
710,"ITF $25,000",https://www.wtatennis.com/resources/v7.31.10/i/elements/itf.png,,"PERTH 2, AUSTRALIA",ITF,Hard,https://www.wtatennis.com/resources/v7.31.10/i/elements/itf.png,Storm Hunter,,AUS,https://www.wtatennis.com/resources/v7.31.10/i/elements/flags/aus.svg,Semifinals Semi,W,"6 - 3,4 - 6,6 - 2,",295,https://www.wtatennis.com/players/317810/storm-hunter,15 - 21 Feb 2016,,2091.0,32M/64Q/16D,,2016-02-21 00:00:00,,,286043026.0
711,"ITF $25,000",https://www.wtatennis.com/resources/v7.31.10/i/elements/itf.png,,"PERTH 2, AUSTRALIA",ITF,Hard,https://www.wtatennis.com/resources/v7.31.10/i/elements/itf.png,Na Lae Han,8.0,KOR,https://www.wtatennis.com/resources/v7.31.10/i/elements/flags/kor.svg,Quarterfinals Quarter,W,"7 - 5,3 - 6,6 - 1,",295,https://www.wtatennis.com/players/315159/na-lae-han,15 - 21 Feb 2016,,2091.0,32M/64Q/16D,,2016-02-21 00:00:00,,,286045117.0
712,"ITF $25,000",https://www.wtatennis.com/resources/v7.31.10/i/elements/itf.png,,"PERTH 2, AUSTRALIA",ITF,Hard,https://www.wtatennis.com/resources/v7.31.10/i/elements/itf.png,Zhaoxuan Yang,1.0,CHN,https://www.wtatennis.com/resources/v7.31.10/i/elements/flags/chn.svg,Round of 16 R16,W,"6 - 3,7 - 60,",295,https://www.wtatennis.com/players/317547/zhaoxuan-yang,15 - 21 Feb 2016,,2091.0,32M/64Q/16D,,2016-02-21 00:00:00,,,286047208.0
713,"ITF $25,000",https://www.wtatennis.com/resources/v7.31.10/i/elements/itf.png,,"PERTH 2, AUSTRALIA",ITF,Hard,https://www.wtatennis.com/resources/v7.31.10/i/elements/itf.png,Pemra Ozgen,,TUR,https://www.wtatennis.com/resources/v7.31.10/i/elements/flags/tur.svg,Round of 32 R32,W,"6 - 3,7 - 63,",295,https://www.wtatennis.com/players/310047/pemra-ozgen,15 - 21 Feb 2016,,2091.0,32M/64Q/16D,,2016-02-21 00:00:00,,,286049299.0
714,"ITF $25,000",https://www.wtatennis.com/resources/v7.31.10/i/elements/itf.png,,"PERTH, AUSTRALIA",ITF,Hard,https://www.wtatennis.com/resources/v7.31.10/i/elements/itf.png,Su Jeong Jang,5.0,KOR,https://www.wtatennis.com/resources/v7.31.10/i/elements/flags/kor.svg,Round of 16 R16,L,"5 - 7,4 - 6,",297,https://www.wtatennis.com/players/317065/su-jeong-jang,8 - 14 Feb 2016,,392.0,32M/64Q/16D,2016-02-08 00:00:00,2016-02-14 00:00:00,2016.0,2.0,286049691.0
715,"ITF $25,000",https://www.wtatennis.com/resources/v7.31.10/i/elements/itf.png,,"PERTH, AUSTRALIA",ITF,Hard,https://www.wtatennis.com/resources/v7.31.10/i/elements/itf.png,Barbora Stefkova,,CZE,https://www.wtatennis.com/resources/v7.31.10/i/elements/flags/cze.svg,Round of 32 R32,W,"4 - 6,6 - 2,6 - 2,",297,https://www.wtatennis.com/players/319262/barbora-stefkova,8 - 14 Feb 2016,,392.0,32M/64Q/16D,2016-02-08 00:00:00,2016-02-14 00:00:00,2016.0,2.0,286050083.0
716,"ITF $25,000",https://www.wtatennis.com/resources/v7.31.10/i/elements/itf.png,,"NAVI MUMBAI, INDIA",ITF,Hard,https://www.wtatennis.com/resources/v7.31.10/i/elements/itf.png,Barbara Haas,6.0,AUT,https://www.wtatennis.com/resources/v7.31.10/i/elements/flags/aut.svg,Final F,L,"62 - 7,66 - 7,",460,https://www.wtatennis.com/players/318424/barbara-haas,14 - 20 Dec 2015,,2091.0,32M/32Q/16D,,2015-12-20 00:00:00,,,286052174.0
717,"ITF $25,000",https://www.wtatennis.com/resources/v7.31.10/i/elements/itf.png,,"NAVI MUMBAI, INDIA",ITF,Hard,https://www.wtatennis.com/resources/v7.31.10/i/elements/itf.png,Polina Leykina,2.0,RUS,https://www.wtatennis.com/resources/v7.31.10/i/elements/flags/rus.svg,Semifinals Semi,W,"3 - 6,6 - 0,6 - 2,",460,https://www.wtatennis.com/players/318210/polina-leykina,14 - 20 Dec 2015,,2091.0,32M/32Q/16D,,2015-12-20 00:00:00,,,286054265.0
718,"ITF $25,000",https://www.wtatennis.com/resources/v7.31.10/i/elements/itf.png,,"NAVI MUMBAI, INDIA",ITF,Hard,https://www.wtatennis.com/resources/v7.31.10/i/elements/itf.png,Georgina Garcia Perez,,ESP,https://www.wtatennis.com/resources/v7.31.10/i/elements/flags/esp.svg,Quarterfinals Quarter,W,"63 - 7,6 - 4,6 - 4,",460,https://www.wtatennis.com/players/315815/georgina-garcia-perez,14 - 20 Dec 2015,,2091.0,32M/32Q/16D,,2015-12-20 00:00:00,,,286056356.0
719,"ITF $25,000",https://www.wtatennis.com/resources/v7.31.10/i/elements/itf.png,,"NAVI MUMBAI, INDIA",ITF,Hard,https://www.wtatennis.com/resources/v7.31.10/i/elements/itf.png,Ankita Raina,3.0,IND,https://www.wtatennis.com/resources/v7.31.10/i/elements/flags/ind.svg,Round of 16 R16,W,"6 - 4,3 - 6,6 - 3,",460,https://www.wtatennis.com/players/317164/ankita-raina,14 - 20 Dec 2015,,2091.0,32M/32Q/16D,,2015-12-20 00:00:00,,,286058447.0
720,"ITF $25,000",https://www.wtatennis.com/resources/v7.31.10/i/elements/itf.png,,"NAVI MUMBAI, INDIA",ITF,Hard,https://www.wtatennis.com/resources/v7.31.10/i/elements/itf.png,Jelena Simic,,BIH,https://www.wtatennis.com/resources/v7.31.10/i/elements/flags/bih.svg,Round of 32 R32,W,"6 - 3,6 - 4,",460,https://www.wtatennis.com/players/317092/jelena-simic,14 - 20 Dec 2015,,2091.0,32M/32Q/16D,,2015-12-20 00:00:00,,,286060538.0
721,"ITF/TENNIS EUROPE $25,000",https://www.wtatennis.com/resources/v7.31.10/i/elements/itf.png,,"MINSK 3, BELARUS",ITF,Hard,https://www.wtatennis.com/resources/v7.31.10/i/elements/itf.png,Irina Khromacheva,1.0,RUS,https://www.wtatennis.com/resources/v7.31.10/i/elements/flags/rus.svg,Semifinals Semi,L,"4 - 6,0 - 6,",548,https://www.wtatennis.com/players/317915/irina-khromacheva,9 - 15 Nov 2015,,1144.0,32M/32Q/16D,2015-11-09 00:00:00,2015-11-15 00:00:00,2015.0,11.0,286061682.0
722,"ITF/TENNIS EUROPE $25,000",https://www.wtatennis.com/resources/v7.31.10/i/elements/itf.png,,"MINSK 3, BELARUS",ITF,Hard,https://www.wtatennis.com/resources/v7.31.10/i/elements/itf.png,Nina Stojanovic,5.0,SRB,https://www.wtatennis.com/resources/v7.31.10/i/elements/flags/srb.svg,Quarterfinals Quarter,W,"3 - 6,7 - 68,6 - 2,",548,https://www.wtatennis.com/players/319709/nina-stojanovic,9 - 15 Nov 2015,,1144.0,32M/32Q/16D,2015-11-09 00:00:00,2015-11-15 00:00:00,2015.0,11.0,286062826.0
723,"ITF/TENNIS EUROPE $25,000",https://www.wtatennis.com/resources/v7.31.10/i/elements/itf.png,,"MINSK 3, BELARUS",ITF,Hard,https://www.wtatennis.com/resources/v7.31.10/i/elements/itf.png,Polina Vinogradova,4.0,RUS,https://www.wtatennis.com/resources/v7.31.10/i/elements/flags/rus.svg,Round of 16 R16,W,"6 - 3,6 - 3,",548,https://www.wtatennis.com/players/316839/polina-vinogradova,9 - 15 Nov 2015,,1144.0,32M/32Q/16D,2015-11-09 00:00:00,2015-11-15 00:00:00,2015.0,11.0,286063970.0
724,"ITF/TENNIS EUROPE $25,000",https://www.wtatennis.com/resources/v7.31.10/i/elements/itf.png,,"MINSK 3, BELARUS",ITF,Hard,https://www.wtatennis.com/resources/v7.31.10/i/elements/itf.png,Ayla Aksu,,TUR,https://www.wtatennis.com/resources/v7.31.10/i/elements/flags/tur.svg,Round of 32 R32,W,"7 - 5,6 - 4,",548,https://www.wtatennis.com/players/319641/ayla-aksu,9 - 15 Nov 2015,,1144.0,32M/32Q/16D,2015-11-09 00:00:00,2015-11-15 00:00:00,2015.0,11.0,286065114.0
725,"ITF/TENNIS EUROPE $10,000",https://www.wtatennis.com/resources/v7.31.10/i/elements/itf.png,,"ANTALYA 27, TURKEY",ITF,Hard,https://www.wtatennis.com/resources/v7.31.10/i/elements/itf.png,Nicoleta Dascalu,3.0,ROU,https://www.wtatennis.com/resources/v7.31.10/i/elements/flags/rou.svg,Final F,W,"6 - 4,64 - 7,7 - 5,",712,https://www.wtatennis.com/players/319240/nicoleta-dascalu,5 - 11 Oct 2015,,1568.0,32M/32Q/16D,2015-10-05 00:00:00,2015-10-11 00:00:00,2015.0,10.0,286066682.0
726,"ITF/TENNIS EUROPE $10,000",https://www.wtatennis.com/resources/v7.31.10/i/elements/itf.png,,"ANTALYA 27, TURKEY",ITF,Hard,https://www.wtatennis.com/resources/v7.31.10/i/elements/itf.png,Anna Bondar,4.0,HUN,https://www.wtatennis.com/resources/v7.31.10/i/elements/flags/hun.svg,Semifinals Semi,W,"7 - 65,7 - 64,",712,https://www.wtatennis.com/players/322942/anna-bondar,5 - 11 Oct 2015,,1568.0,32M/32Q/16D,2015-10-05 00:00:00,2015-10-11 00:00:00,2015.0,10.0,286068250.0
727,"ITF/TENNIS EUROPE $10,000",https://www.wtatennis.com/resources/v7.31.10/i/elements/itf.png,,"ANTALYA 27, TURKEY",ITF,Hard,https://www.wtatennis.com/resources/v7.31.10/i/elements/itf.png,Andreea Ghitescu,,ROU,https://www.wtatennis.com/resources/v7.31.10/i/elements/flags/rou.svg,Quarterfinals Quarter,W,"6 - 1,6 - 3,",712,https://www.wtatennis.com/players/320729/andreea-ghitescu,5 - 11 Oct 2015,,1568.0,32M/32Q/16D,2015-10-05 00:00:00,2015-10-11 00:00:00,2015.0,10.0,286069818.0
728,"ITF/TENNIS EUROPE $10,000",https://www.wtatennis.com/resources/v7.31.10/i/elements/itf.png,,"ANTALYA 27, TURKEY",ITF,Hard,https://www.wtatennis.com/resources/v7.31.10/i/elements/itf.png,Chiara Grimm,,SUI,https://www.wtatennis.com/resources/v7.31.10/i/elements/flags/sui.svg,Round of 16 R16,W,"1 - 6,6 - 2,7 - 5,",712,https://www.wtatennis.com/players/320541/chiara-grimm,5 - 11 Oct 2015,,1568.0,32M/32Q/16D,2015-10-05 00:00:00,2015-10-11 00:00:00,2015.0,10.0,286071386.0
729,"ITF/TENNIS EUROPE $10,000",https://www.wtatennis.com/resources/v7.31.10/i/elements/itf.png,,"ANTALYA 27, TURKEY",ITF,Hard,https://www.wtatennis.com/resources/v7.31.10/i/elements/itf.png,Melis Sezer,1.0,TUR,https://www.wtatennis.com/resources/v7.31.10/i/elements/flags/tur.svg,Round of 32 R32,W,"6 - 3,6 - 3,",712,https://www.wtatennis.com/players/315313/melis-sezer,5 - 11 Oct 2015,,1568.0,32M/32Q/16D,2015-10-05 00:00:00,2015-10-11 00:00:00,2015.0,10.0,286072954.0
730,"ITF/TENNIS EUROPE $10,000",https://www.wtatennis.com/resources/v7.31.10/i/elements/itf.png,,"ANTALYA 26, TURKEY",ITF,Hard,https://www.wtatennis.com/resources/v7.31.10/i/elements/itf.png,Daiana Negreanu,8.0,ROU,https://www.wtatennis.com/resources/v7.31.10/i/elements/flags/rou.svg,Final F,W,"6 - 3,7 - 5,",710,https://www.wtatennis.com/players/312267/daiana-negreanu,28 Sep - 4 Oct 2015,,1568.0,32M/16Q/16D,2015-09-28 00:00:00,2015-10-04 00:00:00,2015.0,9.0,286074522.0
731,"ITF/TENNIS EUROPE $10,000",https://www.wtatennis.com/resources/v7.31.10/i/elements/itf.png,,"ANTALYA 26, TURKEY",ITF,Hard,https://www.wtatennis.com/resources/v7.31.10/i/elements/itf.png,Vivien Juhaszova,8.0,SVK,https://www.wtatennis.com/resources/v7.31.10/i/elements/flags/svk.svg,Semifinals Semi,W,"6 - 0,3 - 0, Ret",710,https://www.wtatennis.com/players/317585/vivien-juhaszova,28 Sep - 4 Oct 2015,,1568.0,32M/16Q/16D,2015-09-28 00:00:00,2015-10-04 00:00:00,2015.0,9.0,286076090.0
732,"ITF/TENNIS EUROPE $10,000",https://www.wtatennis.com/resources/v7.31.10/i/elements/itf.png,,"ANTALYA 26, TURKEY",ITF,Hard,https://www.wtatennis.com/resources/v7.31.10/i/elements/itf.png,Ena Kajevic,8.0,CRO,https://www.wtatennis.com/resources/v7.31.10/i/elements/flags/cro.svg,Quarterfinals Quarter,W,"6 - 1,6 - 4,",710,https://www.wtatennis.com/players/319680/ena-kajevic,28 Sep - 4 Oct 2015,,1568.0,32M/16Q/16D,2015-09-28 00:00:00,2015-10-04 00:00:00,2015.0,9.0,286077658.0
733,"ITF/TENNIS EUROPE $10,000",https://www.wtatennis.com/resources/v7.31.10/i/elements/itf.png,,"ANTALYA 26, TURKEY",ITF,Hard,https://www.wtatennis.com/resources/v7.31.10/i/elements/itf.png,Tina Tehrani,8.0,USA,https://www.wtatennis.com/resources/v7.31.10/i/elements/flags/usa.svg,Round of 16 R16,W,"6 - 2,6 - 3,",710,https://www.wtatennis.com/players/321002/tina-tehrani,28 Sep - 4 Oct 2015,,1568.0,32M/16Q/16D,2015-09-28 00:00:00,2015-10-04 00:00:00,2015.0,9.0,286079226.0
734,"ITF/TENNIS EUROPE $10,000",https://www.wtatennis.com/resources/v7.31.10/i/elements/itf.png,,"ANTALYA 26, TURKEY",ITF,Hard,https://www.wtatennis.com/resources/v7.31.10/i/elements/itf.png,Nur Bicen,8.0,TUR,https://www.wtatennis.com/resources/v7.31.10/i/elements/flags/tur.svg,Round of 32 R32,W,"6 - 0,6 - 0,",710,https://www.wtatennis.com/players/320931/nur-bicen,28 Sep - 4 Oct 2015,,1568.0,32M/16Q/16D,2015-09-28 00:00:00,2015-10-04 00:00:00,2015.0,9.0,286080794.0
735,"ITF/TENNIS EUROPE $25,000",https://www.wtatennis.com/resources/v7.31.10/i/elements/itf.png,,"ST. PETERSBURG, RUSSIA",ITF,Clay,https://www.wtatennis.com/resources/v7.31.10/i/elements/itf.png,Evgeniya Levashova,,RUS,https://www.wtatennis.com/resources/v7.31.10/i/elements/flags/rus.svg,Round of 32 R32,L,"4 - 6,4 - 6,",709,https://www.wtatennis.com/players/323692/evgeniya-levashova,17 - 23 Aug 2015,,228.0,32M/32Q/16D,,2015-08-23 00:00:00,,,286081022.0
736,"ITF/TENNIS EUROPE $25,000",https://www.wtatennis.com/resources/v7.31.10/i/elements/itf.png,,"ST. PETERSBURG, RUSSIA",ITF,Clay,https://www.wtatennis.com/resources/v7.31.10/i/elements/itf.png,Gyulnara Nazarova,14.0,RUS,https://www.wtatennis.com/resources/v7.31.10/i/elements/flags/rus.svg,Qualifying R2 Qual. R2,L,"4 - 6,3 - 6,",709,https://www.wtatennis.com/players/323598/gyulnara-nazarova,17 - 23 Aug 2015,,228.0,32M/32Q/16D,,2015-08-23 00:00:00,,,286081250.0
737,"ITF/TENNIS EUROPE $10,000",https://www.wtatennis.com/resources/v7.31.10/i/elements/itf.png,,"TELAVI 4, GEORGIA",ITF,Clay,https://www.wtatennis.com/resources/v7.31.10/i/elements/itf.png,Tamara Curovic,6.0,SRB,https://www.wtatennis.com/resources/v7.31.10/i/elements/flags/srb.svg,Round of 16 R16,L,"2 - 6,6 - 2,3 - 6,",,https://www.wtatennis.com/players/317090/tamara-curovic,6 - 12 Jul 2015,,196.0,32M/32Q/16D,2015-07-06 00:00:00,2015-07-12 00:00:00,2015.0,7.0,286081446.0
738,"ITF/TENNIS EUROPE $10,000",https://www.wtatennis.com/resources/v7.31.10/i/elements/itf.png,,"TELAVI 4, GEORGIA",ITF,Clay,https://www.wtatennis.com/resources/v7.31.10/i/elements/itf.png,Chaoyi Chen,,CHN,https://www.wtatennis.com/resources/v7.31.10/i/elements/flags/chn.svg,Round of 32 R32,W,"6 - 3,6 - 3,",,https://www.wtatennis.com/players/320554/chaoyi-chen,6 - 12 Jul 2015,,196.0,32M/32Q/16D,2015-07-06 00:00:00,2015-07-12 00:00:00,2015.0,7.0,286081642.0
739,"ITF/TENNIS EUROPE $10,000",https://www.wtatennis.com/resources/v7.31.10/i/elements/itf.png,,"TELAVI 3, GEORGIA",ITF,Clay,https://www.wtatennis.com/resources/v7.31.10/i/elements/itf.png,Tamara Zidansek,6.0,SLO,https://www.wtatennis.com/resources/v7.31.10/i/elements/flags/slo.svg,Round of 16 R16,L,"4 - 6,4 - 6,",737,https://www.wtatennis.com/players/323079/tamara-zidansek,29 Jun - 5 Jul 2015,,196.0,32M/32Q/16D,2015-06-29 00:00:00,2015-07-05 00:00:00,2015.0,6.0,286081838.0
740,"ITF/TENNIS EUROPE $10,000",https://www.wtatennis.com/resources/v7.31.10/i/elements/itf.png,,"TELAVI 3, GEORGIA",ITF,Clay,https://www.wtatennis.com/resources/v7.31.10/i/elements/itf.png,Mariam Bayatyan,,ARM,https://www.wtatennis.com/resources/v7.31.10/i/elements/flags/arm.svg,Round of 32 R32,W,"6 - 2,6 - 0,",737,https://www.wtatennis.com/players/321966/mariam-bayatyan,29 Jun - 5 Jul 2015,,196.0,32M/32Q/16D,2015-06-29 00:00:00,2015-07-05 00:00:00,2015.0,6.0,286082034.0
741,"ITF/TENNIS EUROPE $25,000",https://www.wtatennis.com/resources/v7.31.10/i/elements/itf.png,,"MINSK 2, BELARUS",ITF,Clay,https://www.wtatennis.com/resources/v7.31.10/i/elements/itf.png,Ganna Poznikhirenko,,UKR,https://www.wtatennis.com/resources/v7.31.10/i/elements/flags/ukr.svg,Round of 32 R32,L,"4 - 6,6 - 3,4 - 6,",929,https://www.wtatennis.com/players/317711/ganna-poznikhirenko,15 - 21 Jun 2015,,228.0,32M/64Q/26D,,2015-06-21 00:00:00,,,286082262.0
742,"ITF/TENNIS EUROPE $25,000",https://www.wtatennis.com/resources/v7.31.10/i/elements/itf.png,,"MINSK, BELARUS",ITF,Clay,https://www.wtatennis.com/resources/v7.31.10/i/elements/itf.png,Lidziya Marozava,,BLR,https://www.wtatennis.com/resources/v7.31.10/i/elements/flags/blr.svg,Quarterfinals Quarter,L,"4 - 6,6 - 1,65 - 7,",922,https://www.wtatennis.com/players/316850/lidziya-marozava,8 - 14 Jun 2015,,654.0,32M/64Q/16D,2015-06-08 00:00:00,2015-06-14 00:00:00,2015.0,6.0,286082916.0
743,"ITF/TENNIS EUROPE $25,000",https://www.wtatennis.com/resources/v7.31.10/i/elements/itf.png,,"MINSK, BELARUS",ITF,Clay,https://www.wtatennis.com/resources/v7.31.10/i/elements/itf.png,Olga Ianchuk,,UKR,https://www.wtatennis.com/resources/v7.31.10/i/elements/flags/ukr.svg,Round of 16 R16,W,"6 - 4,3 - 6,6 - 4,",922,https://www.wtatennis.com/players/317148/olga-ianchuk,8 - 14 Jun 2015,,654.0,32M/64Q/16D,2015-06-08 00:00:00,2015-06-14 00:00:00,2015.0,6.0,286083570.0
744,"ITF/TENNIS EUROPE $25,000",https://www.wtatennis.com/resources/v7.31.10/i/elements/itf.png,,"MINSK, BELARUS",ITF,Clay,https://www.wtatennis.com/resources/v7.31.10/i/elements/itf.png,Alina Zubkova,,BLR,https://www.wtatennis.com/resources/v7.31.10/i/elements/flags/blr.svg,Round of 32 R32,W,"6 - 0,6 - 2,",922,https://www.wtatennis.com/players/322387/alina-zubkova,8 - 14 Jun 2015,,654.0,32M/64Q/16D,2015-06-08 00:00:00,2015-06-14 00:00:00,2015.0,6.0,286084224.0
745,"ITF/TENNIS EUROPE $10,000",https://www.wtatennis.com/resources/v7.31.10/i/elements/itf.png,,"HERAKLION 6, GREECE",ITF,Hard,https://www.wtatennis.com/resources/v7.31.10/i/elements/itf.png,Cristina Sanchez-Quintanar,8.0,ESP,https://www.wtatennis.com/resources/v7.31.10/i/elements/flags/esp.svg,Round of 32 R32,L,"1 - 6,4 - 6,",1035,https://www.wtatennis.com/players/313709/cristina-sanchez-quintanar,27 Apr - 3 May 2015,,98.0,32M/32Q/16D,2015-04-27 00:00:00,2015-05-03 00:00:00,2015.0,4.0,286084322.0
746,"ITF/TENNIS EUROPE $10,000",https://www.wtatennis.com/resources/v7.31.10/i/elements/itf.png,,"HERAKLION 5, GREECE",ITF,Hard,https://www.wtatennis.com/resources/v7.31.10/i/elements/itf.png,Raluka Serban,,CYP,https://www.wtatennis.com/resources/v7.31.10/i/elements/flags/cyp.svg,Semifinals Semi,L,"6 - 3,2 - 6,5 - 7,",1039,https://www.wtatennis.com/players/321280/raluka-serban,20 - 26 Apr 2015,,490.0,32M/64Q/16D,,2015-04-26 00:00:00,,,286084812.0
747,"ITF/TENNIS EUROPE $10,000",https://www.wtatennis.com/resources/v7.31.10/i/elements/itf.png,,"HERAKLION 5, GREECE",ITF,Hard,https://www.wtatennis.com/resources/v7.31.10/i/elements/itf.png,Daniela Ciobanu,,MDA,https://www.wtatennis.com/resources/v7.31.10/i/elements/flags/mda.svg,Quarterfinals Quarter,W,"6 - 3,3 - 2, Ret",1039,https://www.wtatennis.com/players/318470/daniela-ciobanu,20 - 26 Apr 2015,,490.0,32M/64Q/16D,,2015-04-26 00:00:00,,,286085302.0
748,"ITF/TENNIS EUROPE $10,000",https://www.wtatennis.com/resources/v7.31.10/i/elements/itf.png,,"HERAKLION 5, GREECE",ITF,Hard,https://www.wtatennis.com/resources/v7.31.10/i/elements/itf.png,Kristina N Smith,7.0,USA,https://www.wtatennis.com/resources/v7.31.10/i/elements/flags/usa.svg,Qualifying R3 Qual. R3,W,"6 - 3,6 - 2,",1039,https://www.wtatennis.com/players/320557/kristina-n-smith,20 - 26 Apr 2015,,490.0,32M/64Q/16D,,2015-04-26 00:00:00,,,286085792.0
749,"ITF/TENNIS EUROPE $10,000",https://www.wtatennis.com/resources/v7.31.10/i/elements/itf.png,,"HERAKLION 5, GREECE",ITF,Hard,https://www.wtatennis.com/resources/v7.31.10/i/elements/itf.png,Sara Tomic,,AUS,https://www.wtatennis.com/resources/v7.31.10/i/elements/flags/aus.svg,Round of 16 R16,W,"6 - 1,7 - 69,",1039,https://www.wtatennis.com/players/322452/sara-tomic,20 - 26 Apr 2015,,490.0,32M/64Q/16D,,2015-04-26 00:00:00,,,286086282.0
750,"ITF/TENNIS EUROPE $10,000",https://www.wtatennis.com/resources/v7.31.10/i/elements/itf.png,,"HERAKLION 5, GREECE",ITF,Hard,https://www.wtatennis.com/resources/v7.31.10/i/elements/itf.png,Lucy Brown,,GBR,https://www.wtatennis.com/resources/v7.31.10/i/elements/flags/gbr.svg,Round of 32 R32,W,"6 - 3,4 - 6,6 - 1,",1039,https://www.wtatennis.com/players/316837/lucy-brown,20 - 26 Apr 2015,,490.0,32M/64Q/16D,,2015-04-26 00:00:00,,,286086772.0
751,"ITF/TENNIS EUROPE $10,000",https://www.wtatennis.com/resources/v7.31.10/i/elements/itf.png,,"HERAKLION 5, GREECE",ITF,Hard,https://www.wtatennis.com/resources/v7.31.10/i/elements/itf.png,Mila Popivoda,,SRB,https://www.wtatennis.com/resources/v7.31.10/i/elements/flags/srb.svg,Qualifying R2 Qual. R2,W,"6 - 2,6 - 1,",1039,https://www.wtatennis.com/players/321619/mila-popivoda,20 - 26 Apr 2015,,490.0,32M/64Q/16D,,2015-04-26 00:00:00,,,286087262.0
752,"ITF/TENNIS EUROPE $10,000",https://www.wtatennis.com/resources/v7.31.10/i/elements/itf.png,,"HERAKLION 4, GREECE",ITF,Hard,https://www.wtatennis.com/resources/v7.31.10/i/elements/itf.png,Cristina Sanchez-Quintanar,8.0,ESP,https://www.wtatennis.com/resources/v7.31.10/i/elements/flags/esp.svg,Round of 32 R32,L,"4 - 6,5 - 7,",1039,https://www.wtatennis.com/players/313709/cristina-sanchez-quintanar,13 - 19 Apr 2015,,98.0,32M/32Q/16D,,2015-04-19 00:00:00,,,286087360.0
753,"ITF/TENNIS EUROPE $10,000",https://www.wtatennis.com/resources/v7.31.10/i/elements/itf.png,,"HERAKLION 4, GREECE",ITF,Hard,https://www.wtatennis.com/resources/v7.31.10/i/elements/itf.png,Sofija Sabljarevic,,SRB,https://www.wtatennis.com/resources/v7.31.10/i/elements/flags/srb.svg,Qualifying R2 Qual. R2,W,"6 - 0,6 - 0,",1039,https://www.wtatennis.com/players/317950/sofija-sabljarevic,13 - 19 Apr 2015,,98.0,32M/32Q/16D,,2015-04-19 00:00:00,,,286087458.0
754,"ITF/TENNIS EUROPE $10,000",https://www.wtatennis.com/resources/v7.31.10/i/elements/itf.png,,"HERAKLION 4, GREECE",ITF,Hard,https://www.wtatennis.com/resources/v7.31.10/i/elements/itf.png,Nikol Yordanova,,BUL,https://www.wtatennis.com/resources/v7.31.10/i/elements/flags/bul.svg,Qualifying R1 Qual. R1,W,"6 - 1,6 - 0,",1039,https://www.wtatennis.com/players/320608/nikol-yordanova,13 - 19 Apr 2015,,98.0,32M/32Q/16D,,2015-04-19 00:00:00,,,286087556.0
755,"ITF/TENNIS EUROPE $10,000",https://www.wtatennis.com/resources/v7.31.10/i/elements/itf.png,,"ANTALYA 12, TURKEY",ITF,Hard,https://www.wtatennis.com/resources/v7.31.10/i/elements/itf.png,Cristina Ene,5.0,ROU,https://www.wtatennis.com/resources/v7.31.10/i/elements/flags/rou.svg,Quarterfinals Quarter,L,"7 - 61,4 - 6,2 - 6,",1215,https://www.wtatennis.com/players/319239/cristina-ene,23 - 29 Mar 2015,,245.0,32M/64Q/16D,,2015-03-29 00:00:00,,,286087801.0
756,"ITF/TENNIS EUROPE $10,000",https://www.wtatennis.com/resources/v7.31.10/i/elements/itf.png,,"ANTALYA 12, TURKEY",ITF,Hard,https://www.wtatennis.com/resources/v7.31.10/i/elements/itf.png,Maria Martinez Martinez,,ESP,https://www.wtatennis.com/resources/v7.31.10/i/elements/flags/esp.svg,Round of 16 R16,W,"6 - 4,6 - 2,",1215,https://www.wtatennis.com/players/318955/maria-martinez-martinez,23 - 29 Mar 2015,,245.0,32M/64Q/16D,,2015-03-29 00:00:00,,,286088046.0
757,"ITF/TENNIS EUROPE $10,000",https://www.wtatennis.com/resources/v7.31.10/i/elements/itf.png,,"ANTALYA 12, TURKEY",ITF,Hard,https://www.wtatennis.com/resources/v7.31.10/i/elements/itf.png,Veronika Kudermetova,1.0,RUS,https://www.wtatennis.com/resources/v7.31.10/i/elements/flags/rus.svg,Round of 32 R32,W,"6 - 3,6 - 3,",1215,https://www.wtatennis.com/players/319526/veronika-kudermetova,23 - 29 Mar 2015,,245.0,32M/64Q/16D,,2015-03-29 00:00:00,,,286088291.0
758,"ITF/TENNIS EUROPE $10,000",https://www.wtatennis.com/resources/v7.31.10/i/elements/itf.png,,"ANTALYA 12, TURKEY",ITF,Hard,https://www.wtatennis.com/resources/v7.31.10/i/elements/itf.png,Ena Kajevic,8.0,CRO,https://www.wtatennis.com/resources/v7.31.10/i/elements/flags/cro.svg,Qualifying R3 Qual. R3,W,"6 - 3,6 - 4,",1215,https://www.wtatennis.com/players/319680/ena-kajevic,23 - 29 Mar 2015,,245.0,32M/64Q/16D,,2015-03-29 00:00:00,,,286088536.0
759,"ITF/TENNIS EUROPE $10,000",https://www.wtatennis.com/resources/v7.31.10/i/elements/itf.png,,"ANTALYA 12, TURKEY",ITF,Hard,https://www.wtatennis.com/resources/v7.31.10/i/elements/itf.png,Britt Schreuder,,NED,https://www.wtatennis.com/resources/v7.31.10/i/elements/flags/ned.svg,Qualifying R2 Qual. R2,W,"6 - 3,6 - 4,",1215,https://www.wtatennis.com/players/321262/britt-schreuder,23 - 29 Mar 2015,,245.0,32M/64Q/16D,,2015-03-29 00:00:00,,,286088781.0
760,"ITF/TENNIS EUROPE $10,000",https://www.wtatennis.com/resources/v7.31.10/i/elements/itf.png,,"ANTALYA 11, TURKEY",ITF,Hard,https://www.wtatennis.com/resources/v7.31.10/i/elements/itf.png,Doroteja Eric,,SRB,https://www.wtatennis.com/resources/v7.31.10/i/elements/flags/srb.svg,Quarterfinals Quarter,L,"4 - 6,7 - 5,2 - 6,",,https://www.wtatennis.com/players/317216/doroteja-eric,16 - 22 Mar 2015,,245.0,32M/64Q/16D,,2015-03-22 00:00:00,,,286089026.0
761,"ITF/TENNIS EUROPE $10,000",https://www.wtatennis.com/resources/v7.31.10/i/elements/itf.png,,"ANTALYA 11, TURKEY",ITF,Hard,https://www.wtatennis.com/resources/v7.31.10/i/elements/itf.png,Kamila Kerimbayeva,,KAZ,https://www.wtatennis.com/resources/v7.31.10/i/elements/flags/kaz.svg,Round of 16 R16,W,"1 - 6,6 - 1,6 - 2,",,https://www.wtatennis.com/players/317988/kamila-kerimbayeva,16 - 22 Mar 2015,,245.0,32M/64Q/16D,,2015-03-22 00:00:00,,,286089271.0
762,"ITF/TENNIS EUROPE $10,000",https://www.wtatennis.com/resources/v7.31.10/i/elements/itf.png,,"ANTALYA 11, TURKEY",ITF,Hard,https://www.wtatennis.com/resources/v7.31.10/i/elements/itf.png,Mihaela Ghioca,,ROU,https://www.wtatennis.com/resources/v7.31.10/i/elements/flags/rou.svg,Round of 32 R32,W,"6 - 3,6 - 4,",,https://www.wtatennis.com/players/321284/mihaela-ghioca,16 - 22 Mar 2015,,245.0,32M/64Q/16D,,2015-03-22 00:00:00,,,286089516.0
763,"ITF/TENNIS EUROPE $10,000",https://www.wtatennis.com/resources/v7.31.10/i/elements/itf.png,,"ANTALYA 11, TURKEY",ITF,Hard,https://www.wtatennis.com/resources/v7.31.10/i/elements/itf.png,Ofri Lankri,6.0,ISR,https://www.wtatennis.com/resources/v7.31.10/i/elements/flags/isr.svg,Qualifying R3 Qual. R3,W,"4 - 6,6 - 4,6 - 4,",,https://www.wtatennis.com/players/315993/ofri-lankri,16 - 22 Mar 2015,,245.0,32M/64Q/16D,,2015-03-22 00:00:00,,,286089761.0
764,"ITF/TENNIS EUROPE $10,000",https://www.wtatennis.com/resources/v7.31.10/i/elements/itf.png,,"ANTALYA 11, TURKEY",ITF,Hard,https://www.wtatennis.com/resources/v7.31.10/i/elements/itf.png,Yulia Kulikova,,RUS,https://www.wtatennis.com/resources/v7.31.10/i/elements/flags/rus.svg,Qualifying R2 Qual. R2,W,"3 - 6,6 - 3,6 - 4,",,https://www.wtatennis.com/players/317145/yulia-kulikova,16 - 22 Mar 2015,,245.0,32M/64Q/16D,,2015-03-22 00:00:00,,,286090006.0
765,"ITF/TENNIS EUROPE $10,000",https://www.wtatennis.com/resources/v7.31.10/i/elements/itf.png,,"AKTOBE 2, KAZAKHSTAN",ITF,Hard,https://www.wtatennis.com/resources/v7.31.10/i/elements/itf.png,Eva Wacanno,6.0,NED,https://www.wtatennis.com/resources/v7.31.10/i/elements/flags/ned.svg,Round of 16 R16,L,"4 - 6,2 - 6,",9999,https://www.wtatennis.com/players/317882/eva-wacanno,26 Jan - 1 Feb 2015,,196.0,32M/32Q/16D,2015-01-26 00:00:00,2015-02-01 00:00:00,2015.0,1.0,286090202.0
766,"ITF/TENNIS EUROPE $10,000",https://www.wtatennis.com/resources/v7.31.10/i/elements/itf.png,,"AKTOBE 2, KAZAKHSTAN",ITF,Hard,https://www.wtatennis.com/resources/v7.31.10/i/elements/itf.png,Alisa Tymofeyeva,,UKR,https://www.wtatennis.com/resources/v7.31.10/i/elements/flags/ukr.svg,Round of 32 R32,W,"6 - 1,6 - 1,",9999,https://www.wtatennis.com/players/321463/alisa-tymofeyeva,26 Jan - 1 Feb 2015,,196.0,32M/32Q/16D,2015-01-26 00:00:00,2015-02-01 00:00:00,2015.0,1.0,286090398.0
767,"ITF/TENNIS EUROPE $10,000",https://www.wtatennis.com/resources/v7.31.10/i/elements/itf.png,,"AKTOBE 2, KAZAKHSTAN",ITF,Hard,https://www.wtatennis.com/resources/v7.31.10/i/elements/itf.png,Sofia Salimova,,RUS,https://www.wtatennis.com/resources/v7.31.10/i/elements/flags/rus.svg,Qualifying R2 Qual. R2,W,"6 - 3,6 - 4,",9999,https://www.wtatennis.com/players/322349/sofia-salimova,26 Jan - 1 Feb 2015,,196.0,32M/32Q/16D,2015-01-26 00:00:00,2015-02-01 00:00:00,2015.0,1.0,286090594.0
768,"ITF/TENNIS EUROPE $10,000",https://www.wtatennis.com/resources/v7.31.10/i/elements/itf.png,,"AKTOBE, KAZAKHSTAN",ITF,Hard,https://www.wtatennis.com/resources/v7.31.10/i/elements/itf.png,Ekaterina Alay,,RUS,https://www.wtatennis.com/resources/v7.31.10/i/elements/flags/rus.svg,Qualifying R2 Qual. R2,L,"65 - 7,3 - 6,",9999,https://www.wtatennis.com/players/320631/ekaterina-alay,19 - 25 Jan 2015,,,32M/32Q/16D,,2015-01-25 00:00:00,,,
769,"ITF/TENNIS EUROPE $10,000",https://www.wtatennis.com/resources/v7.31.10/i/elements/itf.png,,"AKTOBE, KAZAKHSTAN",ITF,Hard,https://www.wtatennis.com/resources/v7.31.10/i/elements/itf.png,Karina Kalkenova,,KAZ,https://www.wtatennis.com/resources/v7.31.10/i/elements/flags/kaz.svg,Qualifying R1 Qual. R1,W,"6 - 1,6 - 2,",9999,https://www.wtatennis.com/players/320152/karina-kalkenova,19 - 25 Jan 2015,,,32M/32Q/16D,,2015-01-25 00:00:00,,,
770,"ITF/TENNIS EUROPE $10,000",https://www.wtatennis.com/resources/v7.31.10/i/elements/itf.png,,"ISTANBUL 8, TURKEY",ITF,Hard,https://www.wtatennis.com/resources/v7.31.10/i/elements/itf.png,Adrijana Lekaj,5.0,CRO,https://www.wtatennis.com/resources/v7.31.10/i/elements/flags/cro.svg,Round of 16 R16,L,"4 - 6,3 - 6,",9999,https://www.wtatennis.com/players/320636/adrijana-lekaj,22 - 28 Dec 2014,,196.0,32M/32Q/16D,,2014-12-28 00:00:00,,,286090790.0
771,"ITF/TENNIS EUROPE $10,000",https://www.wtatennis.com/resources/v7.31.10/i/elements/itf.png,,"ISTANBUL 8, TURKEY",ITF,Hard,https://www.wtatennis.com/resources/v7.31.10/i/elements/itf.png,You-Na Sul,,KOR,https://www.wtatennis.com/resources/v7.31.10/i/elements/flags/kor.svg,Round of 32 R32,W,"6 - 2,6 - 3,",9999,https://www.wtatennis.com/players/317027/you-na-sul,22 - 28 Dec 2014,,196.0,32M/32Q/16D,,2014-12-28 00:00:00,,,286090986.0
772,"ITF/TENNIS EUROPE $10,000",https://www.wtatennis.com/resources/v7.31.10/i/elements/itf.png,,"ISTANBUL 8, TURKEY",ITF,Hard,https://www.wtatennis.com/resources/v7.31.10/i/elements/itf.png,Lavinia Tananta,3.0,INA,https://www.wtatennis.com/resources/v7.31.10/i/elements/flags/ina.svg,Qualifying R2 Qual. R2,W,"6 - 3,6 - 4,",9999,https://www.wtatennis.com/players/311458/lavinia-tananta,22 - 28 Dec 2014,,196.0,32M/32Q/16D,,2014-12-28 00:00:00,,,286091182.0
773,"ITF/TENNIS EUROPE $10,000",https://www.wtatennis.com/resources/v7.31.10/i/elements/itf.png,,"ISTANBUL 8, TURKEY",ITF,Hard,https://www.wtatennis.com/resources/v7.31.10/i/elements/itf.png,Darya Chernetsova,,BLR,https://www.wtatennis.com/resources/v7.31.10/i/elements/flags/blr.svg,Qualifying R1 Qual. R1,W,"3 - 6,6 - 4,6 - 2,",9999,https://www.wtatennis.com/players/318638/darya-chernetsova,22 - 28 Dec 2014,,196.0,32M/32Q/16D,,2014-12-28 00:00:00,,,286091378.0
774,"ITF/TENNIS EUROPE $25,000",https://www.wtatennis.com/resources/v7.31.10/i/elements/itf.png,,"MINSK 3, BELARUS",ITF,Hard,https://www.wtatennis.com/resources/v7.31.10/i/elements/itf.png,Ilona Kremen,4.0,BLR,https://www.wtatennis.com/resources/v7.31.10/i/elements/flags/blr.svg,Round of 32 R32,L,"63 - 7,6 - 3,3 - 6,",9999,https://www.wtatennis.com/players/317791/ilona-kremen,10 - 16 Nov 2014,,228.0,32M/32Q/16D,,2014-11-16 00:00:00,,,286091606.0
775,"ITF/TENNIS EUROPE $25,000",https://www.wtatennis.com/resources/v7.31.10/i/elements/itf.png,,"MINSK 2, BELARUS",ITF,Clay,https://www.wtatennis.com/resources/v7.31.10/i/elements/itf.png,Maria Marfutina,1.0,ITA,https://www.wtatennis.com/resources/v7.31.10/i/elements/flags/ita.svg,Qualifying R3 Qual. R3,L,"5 - 7,7 - 5,2 - 6,",9999,https://www.wtatennis.com/players/320930/maria-marfutina,16 - 22 Jun 2014,,126.0,32M/64Q/16D,,2014-06-22 00:00:00,,,286091732.0
776,"ITF/TENNIS EUROPE $25,000",https://www.wtatennis.com/resources/v7.31.10/i/elements/itf.png,,"MINSK 2, BELARUS",ITF,Clay,https://www.wtatennis.com/resources/v7.31.10/i/elements/itf.png,Darya Slizevich,,BLR,https://www.wtatennis.com/resources/v7.31.10/i/elements/flags/blr.svg,Qualifying R2 Qual. R2,W,"6 - 1,6 - 1,",9999,https://www.wtatennis.com/players/323397/darya-slizevich,16 - 22 Jun 2014,,126.0,32M/64Q/16D,,2014-06-22 00:00:00,,,286091858.0
777,"ITF/TENNIS EUROPE $25,000",https://www.wtatennis.com/resources/v7.31.10/i/elements/itf.png,,"MINSK 2, BELARUS",ITF,Clay,https://www.wtatennis.com/resources/v7.31.10/i/elements/itf.png,Hanna Yedzelkina,,BLR,https://www.wtatennis.com/resources/v7.31.10/i/elements/flags/blr.svg,Qualifying R1 Qual. R1,W,"6 - 1,6 - 2,",9999,https://www.wtatennis.com/players/322307/hanna-yedzelkina,16 - 22 Jun 2014,,126.0,32M/64Q/16D,,2014-06-22 00:00:00,,,286091984.0
778,"ITF/TENNIS EUROPE $10,000",https://www.wtatennis.com/resources/v7.31.10/i/elements/itf.png,,"MINSK, BELARUS",ITF,Clay,https://www.wtatennis.com/resources/v7.31.10/i/elements/itf.png,Palina Dubavets,,BLR,https://www.wtatennis.com/resources/v7.31.10/i/elements/flags/blr.svg,Round of 32 R32,L,"2 - 6,5 - 7,",9999,https://www.wtatennis.com/players/319117/palina-dubavets,9 - 15 Jun 2014,,98.0,32M/64Q/16D,2014-06-09 00:00:00,2014-06-15 00:00:00,2014.0,6.0,286092082.0
779,"ITF/TENNIS EUROPE $25,000",https://www.wtatennis.com/resources/v7.31.10/i/elements/itf.png,,"MINSK, BELARUS",ITF,Hard,https://www.wtatennis.com/resources/v7.31.10/i/elements/itf.png,Valeriya Strakhova,6.0,UKR,https://www.wtatennis.com/resources/v7.31.10/i/elements/flags/ukr.svg,Qualifying R2 Qual. R2,L,"2 - 6,0 - 6,",9999,https://www.wtatennis.com/players/319133/valeriya-strakhova,11 - 17 Nov 2013,,126.0,32M/32Q/16D,,2013-11-17 00:00:00,,,286092208.0
780,"ITF/TENNIS EUROPE $25,000",https://www.wtatennis.com/resources/v7.31.10/i/elements/itf.png,,"MINSK, BELARUS",ITF,Hard,https://www.wtatennis.com/resources/v7.31.10/i/elements/itf.png,Maria Mokh,12.0,RUS,https://www.wtatennis.com/resources/v7.31.10/i/elements/flags/rus.svg,Qualifying R1 Qual. R1,W,"2 - 6,6 - 0,7 - 5,",9999,https://www.wtatennis.com/players/313383/maria-mokh,11 - 17 Nov 2013,,126.0,32M/32Q/16D,,2013-11-17 00:00:00,,,286092334.0
781,"ITF/TENNIS EUROPE $25,000",https://www.wtatennis.com/resources/v7.31.10/i/elements/itf.png,,"MINSK, BELARUS",ITF,Hard,https://www.wtatennis.com/resources/v7.31.10/i/elements/itf.png,Mayya Katsitadze,10.0,RUS,https://www.wtatennis.com/resources/v7.31.10/i/elements/flags/rus.svg,Qualifying R1 Qual. R1,L,"2 - 6,3 - 6,",432,https://www.wtatennis.com/players/319654/mayya-katsitadze,5 - 11 Nov 2012,,68.0,32M/32Q/16D,2012-11-05 00:00:00,2012-11-11 00:00:00,2012.0,11.0,286092402.0
