id,title,logo,url,level,surface,level_logo,start_date,end_date,year,month,city,country,state,tour_code_alpha_2,tour_code_alpha_3,tour_country_code_m49,tour_region_code,alternative_name,tour_region,tour_subregion,tour_fifa,rank,points_gain,prize_money,draw,custom_title,alt_titles,tour_total_games,tour_total_matches,tour_avg_games,tour_sets_played,tour_avg_sets_played,name,seed,flag,round,win_loss,score,url_profile,retired,walkover,bye,first_set_tiebreak,second_set_tiebreak,third_set_tiebreak,has_tiebreak,number_of_sets,first_set_won,total_games,winner_games,loser_games,win_loss_numeric,code_alpha_2,code_alpha_3,country_code_m49,region_code,region,subregion,fifa,splitted_score,entry_type,wild_card_entry
1,Roland Garros,https://photoresources.wtatennis.com/photo-resources/2026/04/16/0893d8be-5450-4e36-a144-cdd958c1b484/WTA-Tournament_Roland-Garros.png?height=128,https://www.wtatennis.com/tournaments/roland-garros,Grand Slam,Clay,https://www.wtatennis.com/resources/v7.46.6/i/elements/gs-tag.svg,2026-05-24,2026-06-07,2026,5,Paris,POL,,FR,FRA,250,150,,Europe,Western Europe,FRA,114.0,2000.0,3266702.0,128M/128Q/64D,Roland Garros,,124,7,17.714285714285715,15,2.142857142857143,Maja Chwalinska,,https://www.wtatennis.com/resources/v7.46.6/i/elements/flags/pol.svg,F,W,"6-3, 6-2",https://www.wtatennis.com/players/325639/maja-chwalinska,False,False,False,False,False,False,False,2,True,17,12,5,1,PL,POL,616,150,Europe,Central Europe,POL,"6,3,None|6,2,None",,
2,Roland Garros,https://photoresources.wtatennis.com/photo-resources/2026/04/16/0893d8be-5450-4e36-a144-cdd958c1b484/WTA-Tournament_Roland-Garros.png?height=128,https://www.wtatennis.com/tournaments/roland-garros,Grand Slam,Clay,https://www.wtatennis.com/resources/v7.46.6/i/elements/gs-tag.svg,2026-05-24,2026-06-07,2026,5,Paris,UKR,,FR,FRA,250,150,,Europe,Western Europe,FRA,15.0,2000.0,3266702.0,128M/128Q/64D,Roland Garros,,124,7,17.714285714285715,15,2.142857142857143,Marta Kostyuk,15.0,https://www.wtatennis.com/resources/v7.46.6/i/elements/flags/ukr.svg,SF,W,"6-1, 6-3",https://www.wtatennis.com/players/326482/marta-kostyuk,False,False,False,False,False,False,False,2,True,16,12,4,1,UA,UKR,804,150,Europe,Eastern Europe,UKR,"6,1,None|6,3,None",,
3,Roland Garros,https://photoresources.wtatennis.com/photo-resources/2026/04/16/0893d8be-5450-4e36-a144-cdd958c1b484/WTA-Tournament_Roland-Garros.png?height=128,https://www.wtatennis.com/tournaments/roland-garros,Grand Slam,Clay,https://www.wtatennis.com/resources/v7.46.6/i/elements/gs-tag.svg,2026-05-24,2026-06-07,2026,5,Paris,ROU,,FR,FRA,250,150,,Europe,Western Europe,FRA,18.0,2000.0,3266702.0,128M/128Q/64D,Roland Garros,,124,7,17.714285714285715,15,2.142857142857143,Sorana Cirstea,18.0,https://www.wtatennis.com/resources/v7.46.6/i/elements/flags/rou.svg,QF,W,"6-0, 6-3",https://www.wtatennis.com/players/312469/sorana-cirstea,False,False,False,False,False,False,False,2,True,15,12,3,1,RO,ROU,642,150,Europe,Southeastern Europe,ROU,"6,0,None|6,3,None",,
4,Roland Garros,https://photoresources.wtatennis.com/photo-resources/2026/04/16/0893d8be-5450-4e36-a144-cdd958c1b484/WTA-Tournament_Roland-Garros.png?height=128,https://www.wtatennis.com/tournaments/roland-garros,Grand Slam,Clay,https://www.wtatennis.com/resources/v7.46.6/i/elements/gs-tag.svg,2026-05-24,2026-06-07,2026,5,Paris,SUI,,FR,FRA,250,150,,Europe,Western Europe,FRA,170.0,2000.0,3266702.0,128M/128Q/64D,Roland Garros,,124,7,17.714285714285715,15,2.142857142857143,Jil Teichmann,,https://www.wtatennis.com/resources/v7.46.6/i/elements/flags/sui.svg,R16,W,"6-3, 6-2",https://www.wtatennis.com/players/320926/jil-teichmann,False,False,False,False,False,False,False,2,True,17,12,5,1,CH,CHE,756,150,Europe,Central Europe,SUI,"6,3,None|6,2,None",,
5,Roland Garros,https://photoresources.wtatennis.com/photo-resources/2026/04/16/0893d8be-5450-4e36-a144-cdd958c1b484/WTA-Tournament_Roland-Garros.png?height=128,https://www.wtatennis.com/tournaments/roland-garros,Grand Slam,Clay,https://www.wtatennis.com/resources/v7.46.6/i/elements/gs-tag.svg,2026-05-24,2026-06-07,2026,5,Paris,CZE,,FR,FRA,250,150,,Europe,Western Europe,FRA,28.0,2000.0,3266702.0,128M/128Q/64D,Roland Garros,,124,7,17.714285714285715,15,2.142857142857143,Marie Bouzkova,27.0,https://www.wtatennis.com/resources/v7.46.6/i/elements/flags/cze.svg,R32,W,"6-4, 6-2",https://www.wtatennis.com/players/320983/marie-bouzkova,False,False,False,False,False,False,False,2,True,18,12,6,1,CZ,CZE,203,150,Europe,Central Europe,CZE,"6,4,None|6,2,None",,
6,Roland Garros,https://photoresources.wtatennis.com/photo-resources/2026/04/16/0893d8be-5450-4e36-a144-cdd958c1b484/WTA-Tournament_Roland-Garros.png?height=128,https://www.wtatennis.com/tournaments/roland-garros,Grand Slam,Clay,https://www.wtatennis.com/resources/v7.46.6/i/elements/gs-tag.svg,2026-05-24,2026-06-07,2026,5,Paris,ESP,,FR,FRA,250,150,Kingdom of Spain,Europe,Western Europe,FRA,175.0,2000.0,3266702.0,128M/128Q/64D,Roland Garros,,124,7,17.714285714285715,15,2.142857142857143,Marina Bassols Ribera,,https://www.wtatennis.com/resources/v7.46.6/i/elements/flags/esp.svg,R64,W,"3-6, 6-1, 6-1",https://www.wtatennis.com/players/324128/marina-bassols-ribera,False,False,False,False,False,False,False,3,False,23,15,8,1,ES,ESP,724,150,Europe,Southern Europe,ESP,"3,6,None|6,1,None|6,1,None",,
7,Roland Garros,https://photoresources.wtatennis.com/photo-resources/2026/04/16/0893d8be-5450-4e36-a144-cdd958c1b484/WTA-Tournament_Roland-Garros.png?height=128,https://www.wtatennis.com/tournaments/roland-garros,Grand Slam,Clay,https://www.wtatennis.com/resources/v7.46.6/i/elements/gs-tag.svg,2026-05-24,2026-06-07,2026,5,Paris,FRA,,FR,FRA,250,150,,Europe,Western Europe,FRA,181.0,2000.0,3266702.0,128M/128Q/64D,Roland Garros,,124,7,17.714285714285715,15,2.142857142857143,Fiona Ferro,,https://www.wtatennis.com/resources/v7.46.6/i/elements/flags/fra.svg,R128,W,"6-3, 6-3",https://www.wtatennis.com/players/319969/fiona-ferro,False,False,False,False,False,False,False,2,True,18,12,6,1,FR,FRA,250,150,Europe,Western Europe,FRA,"6,3,None|6,3,None",,
1,Internazionali Bnl D'Italia,https://photoresources.wtatennis.com/photo-resources/2026/04/16/2c058ad8-b3d8-49a9-a863-85d7b87a6783/WTA-Tournament_Rome-2018.png?height=128,https://www.wtatennis.com/tournaments/rome,WTA 1000,Clay,https://www.wtatennis.com/resources/v7.46.6/i/elements/1000k-tag.svg,2026-05-05,2026-05-17,2026,5,Rome,USA,,IT,ITA,380,150,United States of America|America|USA|US,Europe,Southern Europe,ITA,4.0,215.0,154210.0,128M/48Q/32D,Internazionali Bnl D'Italia,,82,4,20.5,10,2.5,Coco Gauff,3.0,https://www.wtatennis.com/resources/v7.46.6/i/elements/flags/usa.svg,QF,L,"6-4, 2-6, 4-6",https://www.wtatennis.com/players/328560/coco-gauff,False,False,False,False,False,False,False,3,True,28,12,16,0,US,USA,840,019,America,Northern America,USA,"6,4,None|2,6,None|4,6,None",,
2,Internazionali Bnl D'Italia,https://photoresources.wtatennis.com/photo-resources/2026/04/16/2c058ad8-b3d8-49a9-a863-85d7b87a6783/WTA-Tournament_Rome-2018.png?height=128,https://www.wtatennis.com/tournaments/rome,WTA 1000,Clay,https://www.wtatennis.com/resources/v7.46.6/i/elements/1000k-tag.svg,2026-05-05,2026-05-17,2026,5,Rome,BEL,,IT,ITA,380,150,,Europe,Southern Europe,ITA,22.0,215.0,154210.0,128M/48Q/32D,Internazionali Bnl D'Italia,,82,4,20.5,10,2.5,Elise Mertens,21.0,https://www.wtatennis.com/resources/v7.46.6/i/elements/flags/bel.svg,R16,W,"6-3, 6-3",https://www.wtatennis.com/players/317964/elise-mertens,False,False,False,False,False,False,False,2,True,18,12,6,1,BE,BEL,056,150,Europe,Western Europe,BEL,"6,3,None|6,3,None",,
3,Internazionali Bnl D'Italia,https://photoresources.wtatennis.com/photo-resources/2026/04/16/2c058ad8-b3d8-49a9-a863-85d7b87a6783/WTA-Tournament_Rome-2018.png?height=128,https://www.wtatennis.com/tournaments/rome,WTA 1000,Clay,https://www.wtatennis.com/resources/v7.46.6/i/elements/1000k-tag.svg,2026-05-05,2026-05-17,2026,5,Rome,SUI,,IT,ITA,380,150,,Europe,Southern Europe,ITA,90.0,215.0,154210.0,128M/48Q/32D,Internazionali Bnl D'Italia,,82,4,20.5,10,2.5,Viktorija Golubic,,https://www.wtatennis.com/resources/v7.46.6/i/elements/flags/sui.svg,R32,W,"6-1, 4-6, 6-0",https://www.wtatennis.com/players/316296/viktorija-golubic,False,False,False,False,False,False,False,3,True,23,16,7,1,CH,CHE,756,150,Europe,Central Europe,SUI,"6,1,None|4,6,None|6,0,None",,
4,Internazionali Bnl D'Italia,https://photoresources.wtatennis.com/photo-resources/2026/04/16/2c058ad8-b3d8-49a9-a863-85d7b87a6783/WTA-Tournament_Rome-2018.png?height=128,https://www.wtatennis.com/tournaments/rome,WTA 1000,Clay,https://www.wtatennis.com/resources/v7.46.6/i/elements/1000k-tag.svg,2026-05-05,2026-05-17,2026,5,Rome,CRO,,IT,ITA,380,150,,Europe,Southern Europe,ITA,59.0,215.0,154210.0,128M/48Q/32D,Internazionali Bnl D'Italia,,82,4,20.5,10,2.5,Antonia Ruzic,,https://www.wtatennis.com/resources/v7.46.6/i/elements/flags/cro.svg,R64,W,"6-1, 6-0",https://www.wtatennis.com/players/329505/antonia-ruzic,False,False,False,False,False,False,False,2,True,13,12,1,1,HR,HRV,191,150,Europe,Southeastern Europe,CRO,"6,1,None|6,0,None",,
5,Internazionali Bnl D'Italia,https://photoresources.wtatennis.com/photo-resources/2026/04/16/2c058ad8-b3d8-49a9-a863-85d7b87a6783/WTA-Tournament_Rome-2018.png?height=128,https://www.wtatennis.com/tournaments/rome,WTA 1000,Clay,https://www.wtatennis.com/resources/v7.46.6/i/elements/1000k-tag.svg,2026-05-05,2026-05-17,2026,5,Rome,,,IT,ITA,380,150,,Europe,Southern Europe,ITA,,215.0,154210.0,128M/48Q/32D,Internazionali Bnl D'Italia,,82,4,20.5,10,2.5,,,,R128,,Bye,,False,False,True,False,False,False,False,0,False,0,0,0,0,,,,,,,,,,
1,Mutua Madrid Open,https://photoresources.wtatennis.com/photo-resources/2026/04/16/46f056ec-5c74-4159-bc35-97ca4c015c80/WTA-Tournament_Madrid-2023.png?height=128,https://www.wtatennis.com/tournaments/madrid-open,WTA 1000,Clay,https://www.wtatennis.com/resources/v7.46.6/i/elements/1000k-tag.svg,2026-04-21,2026-05-03,2026,4,Madrid,UKR,,ES,ESP,724,150,,Europe,Southern Europe,ESP,23.0,650.0,535585.0,128M/48Q/32D,Mutua Madrid Open,,138,6,23.0,13,2.1666666666666665,Marta Kostyuk,26.0,https://www.wtatennis.com/resources/v7.46.6/i/elements/flags/ukr.svg,F,L,"3-6, 5-7",https://www.wtatennis.com/players/326482/marta-kostyuk,False,False,False,False,False,False,False,2,False,21,8,13,0,UA,UKR,804,150,Europe,Eastern Europe,UKR,"3,6,None|5,7,None",,
2,Mutua Madrid Open,https://photoresources.wtatennis.com/photo-resources/2026/04/16/46f056ec-5c74-4159-bc35-97ca4c015c80/WTA-Tournament_Madrid-2023.png?height=128,https://www.wtatennis.com/tournaments/madrid-open,WTA 1000,Clay,https://www.wtatennis.com/resources/v7.46.6/i/elements/1000k-tag.svg,2026-04-21,2026-05-03,2026,4,Madrid,USA,,ES,ESP,724,150,United States of America|America|USA|US,Europe,Southern Europe,ESP,32.0,650.0,535585.0,128M/48Q/32D,Mutua Madrid Open,,138,6,23.0,13,2.1666666666666665,Hailey Baptiste,30.0,https://www.wtatennis.com/resources/v7.46.6/i/elements/flags/usa.svg,SF,W,"6-4, 7-6 (8)",https://www.wtatennis.com/players/327101/hailey-baptiste,False,False,False,False,True,False,True,2,True,23,13,10,1,US,USA,840,019,America,Northern America,USA,"6,4,None|7,6,8",,
3,Mutua Madrid Open,https://photoresources.wtatennis.com/photo-resources/2026/04/16/46f056ec-5c74-4159-bc35-97ca4c015c80/WTA-Tournament_Madrid-2023.png?height=128,https://www.wtatennis.com/tournaments/madrid-open,WTA 1000,Clay,https://www.wtatennis.com/resources/v7.46.6/i/elements/1000k-tag.svg,2026-04-21,2026-05-03,2026,4,Madrid,CAN,,ES,ESP,724,150,,Europe,Southern Europe,ESP,25.0,650.0,535585.0,128M/48Q/32D,Mutua Madrid Open,,138,6,23.0,13,2.1666666666666665,Leylah Fernandez,24.0,https://www.wtatennis.com/resources/v7.46.6/i/elements/flags/can.svg,QF,W,"7-6 (1), 6-3",https://www.wtatennis.com/players/326735/leylah-fernandez,False,False,False,True,False,False,True,2,True,22,13,9,1,CA,CAN,124,019,America,Northern America,CAN,"7,6,1|6,3,None",,
4,Mutua Madrid Open,https://photoresources.wtatennis.com/photo-resources/2026/04/16/46f056ec-5c74-4159-bc35-97ca4c015c80/WTA-Tournament_Madrid-2023.png?height=128,https://www.wtatennis.com/tournaments/madrid-open,WTA 1000,Clay,https://www.wtatennis.com/resources/v7.46.6/i/elements/1000k-tag.svg,2026-04-21,2026-05-03,2026,4,Madrid,HUN,,ES,ESP,724,150,,Europe,Southern Europe,ESP,63.0,650.0,535585.0,128M/48Q/32D,Mutua Madrid Open,,138,6,23.0,13,2.1666666666666665,Anna Bondar,,https://www.wtatennis.com/resources/v7.46.6/i/elements/flags/hun.svg,R16,W,"6-7 (5), 6-3, 7-6 (5)",https://www.wtatennis.com/players/322942/anna-bondar,False,False,False,True,False,True,True,3,False,35,19,16,1,HU,HUN,348,150,Europe,Central Europe,HUN,"6,7,5|6,3,None|7,6,5",,
5,Mutua Madrid Open,https://photoresources.wtatennis.com/photo-resources/2026/04/16/46f056ec-5c74-4159-bc35-97ca4c015c80/WTA-Tournament_Madrid-2023.png?height=128,https://www.wtatennis.com/tournaments/madrid-open,WTA 1000,Clay,https://www.wtatennis.com/resources/v7.46.6/i/elements/1000k-tag.svg,2026-04-21,2026-05-03,2026,4,Madrid,HUN,,ES,ESP,724,150,,Europe,Southern Europe,ESP,117.0,650.0,535585.0,128M/48Q/32D,Mutua Madrid Open,,138,6,23.0,13,2.1666666666666665,Dalma Galfi,,https://www.wtatennis.com/resources/v7.46.6/i/elements/flags/hun.svg,R32,W,"6-3, 6-2",https://www.wtatennis.com/players/321106/dalma-galfi,False,False,False,False,False,False,False,2,True,17,12,5,1,HU,HUN,348,150,Europe,Central Europe,HUN,"6,3,None|6,2,None",,
6,Mutua Madrid Open,https://photoresources.wtatennis.com/photo-resources/2026/04/16/46f056ec-5c74-4159-bc35-97ca4c015c80/WTA-Tournament_Madrid-2023.png?height=128,https://www.wtatennis.com/tournaments/madrid-open,WTA 1000,Clay,https://www.wtatennis.com/resources/v7.46.6/i/elements/1000k-tag.svg,2026-04-21,2026-05-03,2026,4,Madrid,HUN,,ES,ESP,724,150,,Europe,Southern Europe,ESP,78.0,650.0,535585.0,128M/48Q/32D,Mutua Madrid Open,,138,6,23.0,13,2.1666666666666665,Panna Udvardy,,https://www.wtatennis.com/resources/v7.46.6/i/elements/flags/hun.svg,R64,W,"7-5, 6-2",https://www.wtatennis.com/players/325956/panna-udvardy,False,False,False,False,False,False,False,2,True,20,13,7,1,HU,HUN,348,150,Europe,Central Europe,HUN,"7,5,None|6,2,None",,
7,Mutua Madrid Open,https://photoresources.wtatennis.com/photo-resources/2026/04/16/46f056ec-5c74-4159-bc35-97ca4c015c80/WTA-Tournament_Madrid-2023.png?height=128,https://www.wtatennis.com/tournaments/madrid-open,WTA 1000,Clay,https://www.wtatennis.com/resources/v7.46.6/i/elements/1000k-tag.svg,2026-04-21,2026-05-03,2026,4,Madrid,,,ES,ESP,724,150,,Europe,Southern Europe,ESP,,650.0,535585.0,128M/48Q/32D,Mutua Madrid Open,,138,6,23.0,13,2.1666666666666665,,,,R128,,Bye,,False,False,True,False,False,False,False,0,False,0,0,0,0,,,,,,,,,,
1,Porsche Tennis Grand Prix,https://photoresources.wtatennis.com/photo-resources/2026/04/16/853dd66d-3c70-40ab-9215-4a22158de24a/WTA-Tournament_Stuttgart-2017.png?height=128,https://www.wtatennis.com/tournaments/1051/stuttgart/2026,WTA 500,Clay,https://www.wtatennis.com/resources/v7.46.6/i/elements/500k-tag.svg,2026-04-13,2026-04-19,2026,4,Stuttgart,KAZ,,DE,DEU,276,150,,Europe,Central Europe,GER,2.0,195.0,66003.0,32M/16Q/16D,Porsche Tennis Grand Prix,,99,4,24.75,10,2.5,Elena Rybakina,1.0,https://www.wtatennis.com/resources/v7.46.6/i/elements/flags/kaz.svg,SF,L,"5-7, 1-6",https://www.wtatennis.com/players/324166/elena-rybakina,False,False,False,False,False,False,False,2,False,19,6,13,0,KZ,KAZ,398,142,Asia,Central Asia,KAZ,"5,7,None|1,6,None",,
2,Porsche Tennis Grand Prix,https://photoresources.wtatennis.com/photo-resources/2026/04/16/853dd66d-3c70-40ab-9215-4a22158de24a/WTA-Tournament_Stuttgart-2017.png?height=128,https://www.wtatennis.com/tournaments/1051/stuttgart/2026,WTA 500,Clay,https://www.wtatennis.com/resources/v7.46.6/i/elements/500k-tag.svg,2026-04-13,2026-04-19,2026,4,Stuttgart,POL,,DE,DEU,276,150,,Europe,Central Europe,GER,4.0,195.0,66003.0,32M/16Q/16D,Porsche Tennis Grand Prix,,99,4,24.75,10,2.5,Iga Swiatek,3.0,https://www.wtatennis.com/resources/v7.46.6/i/elements/flags/pol.svg,QF,W,"3-6, 6-4, 6-3",https://www.wtatennis.com/players/326408/iga-swiatek,False,False,False,False,False,False,False,3,False,28,15,13,1,PL,POL,616,150,Europe,Central Europe,POL,"3,6,None|6,4,None|6,3,None",,
3,Porsche Tennis Grand Prix,https://photoresources.wtatennis.com/photo-resources/2026/04/16/853dd66d-3c70-40ab-9215-4a22158de24a/WTA-Tournament_Stuttgart-2017.png?height=128,https://www.wtatennis.com/tournaments/1051/stuttgart/2026,WTA 500,Clay,https://www.wtatennis.com/resources/v7.46.6/i/elements/500k-tag.svg,2026-04-13,2026-04-19,2026,4,Stuttgart,USA,,DE,DEU,276,150,United States of America|America|USA|US,Europe,Central Europe,GER,95.0,195.0,66003.0,32M/16Q/16D,Porsche Tennis Grand Prix,,99,4,24.75,10,2.5,Alycia Parks,,https://www.wtatennis.com/resources/v7.46.6/i/elements/flags/usa.svg,R16,W,"7-6 (3), 6-3",https://www.wtatennis.com/players/326007/alycia-parks,False,False,False,True,False,False,True,2,True,22,13,9,1,US,USA,840,019,America,Northern America,USA,"7,6,3|6,3,None",,
4,Porsche Tennis Grand Prix,https://photoresources.wtatennis.com/photo-resources/2026/04/16/853dd66d-3c70-40ab-9215-4a22158de24a/WTA-Tournament_Stuttgart-2017.png?height=128,https://www.wtatennis.com/tournaments/1051/stuttgart/2026,WTA 500,Clay,https://www.wtatennis.com/resources/v7.46.6/i/elements/500k-tag.svg,2026-04-13,2026-04-19,2026,4,Stuttgart,LAT,,DE,DEU,276,150,,Europe,Central Europe,GER,22.0,195.0,66003.0,32M/16Q/16D,Porsche Tennis Grand Prix,,99,4,24.75,10,2.5,Jelena Ostapenko,,https://www.wtatennis.com/resources/v7.46.6/i/elements/flags/lat.svg,R32,W,"5-7, 6-2, 6-4",https://www.wtatennis.com/players/319939/jelena-ostapenko,False,False,False,False,False,False,False,3,False,30,17,13,1,,,,,,,LAT,"5,7,None|6,2,None|6,4,None",,
1,Upper Austria Ladies Linz,https://photoresources.wtatennis.com/photo-resources/2026/04/16/af6e5d63-920a-4026-b8fe-aeb11bfb6df8/WTA-Tournament_Linz-2025.png?height=128,https://www.wtatennis.com/tournaments/528/linz/2026,WTA 500,Clay,https://www.wtatennis.com/resources/v7.46.6/i/elements/500k-tag.svg,2026-04-06,2026-04-12,2026,4,Linz,AUT,,AT,AUT,040,150,,Europe,Central Europe,AUT,97.0,500.0,185500.0,32M/16Q/16D,Upper Austria Ladies Linz,,92,4,23.0,10,2.5,Anastasia Potapova,,https://www.wtatennis.com/resources/v7.46.6/i/elements/flags/aut.svg,F,W,"1-6, 6-4, 6-3",https://www.wtatennis.com/players/325601/anastasia-potapova,False,False,False,False,False,False,False,3,False,26,13,13,1,AT,AUT,040,150,Europe,Central Europe,AUT,"1,6,None|6,4,None|6,3,None",,
2,Upper Austria Ladies Linz,https://photoresources.wtatennis.com/photo-resources/2026/04/16/af6e5d63-920a-4026-b8fe-aeb11bfb6df8/WTA-Tournament_Linz-2025.png?height=128,https://www.wtatennis.com/tournaments/528/linz/2026,WTA 500,Clay,https://www.wtatennis.com/resources/v7.46.6/i/elements/500k-tag.svg,2026-04-06,2026-04-12,2026,4,Linz,ROU,,AT,AUT,040,150,,Europe,Central Europe,AUT,87.0,500.0,185500.0,32M/16Q/16D,Upper Austria Ladies Linz,,92,4,23.0,10,2.5,Elena-Gabriela Ruse,,https://www.wtatennis.com/resources/v7.46.6/i/elements/flags/rou.svg,SF,W,"6-4, 6-1",https://www.wtatennis.com/players/320408/elena-gabriela-ruse,False,False,False,False,False,False,False,2,True,17,12,5,1,RO,ROU,642,150,Europe,Southeastern Europe,ROU,"6,4,None|6,1,None",,
3,Upper Austria Ladies Linz,https://photoresources.wtatennis.com/photo-resources/2026/04/16/af6e5d63-920a-4026-b8fe-aeb11bfb6df8/WTA-Tournament_Linz-2025.png?height=128,https://www.wtatennis.com/tournaments/528/linz/2026,WTA 500,Clay,https://www.wtatennis.com/resources/v7.46.6/i/elements/500k-tag.svg,2026-04-06,2026-04-12,2026,4,Linz,ROU,,AT,AUT,040,150,,Europe,Central Europe,AUT,29.0,500.0,185500.0,32M/16Q/16D,Upper Austria Ladies Linz,,92,4,23.0,10,2.5,Sorana Cirstea,5.0,https://www.wtatennis.com/resources/v7.46.6/i/elements/flags/rou.svg,QF,W,"7-6 (4), 4-6, 6-2",https://www.wtatennis.com/players/312469/sorana-cirstea,False,False,False,True,False,False,True,3,True,31,17,14,1,RO,ROU,642,150,Europe,Southeastern Europe,ROU,"7,6,4|4,6,None|6,2,None",,
4,Upper Austria Ladies Linz,https://photoresources.wtatennis.com/photo-resources/2026/04/16/af6e5d63-920a-4026-b8fe-aeb11bfb6df8/WTA-Tournament_Linz-2025.png?height=128,https://www.wtatennis.com/tournaments/528/linz/2026,WTA 500,Clay,https://www.wtatennis.com/resources/v7.46.6/i/elements/500k-tag.svg,2026-04-06,2026-04-12,2026,4,Linz,USA,,AT,AUT,040,150,United States of America|America|USA|US,Europe,Central Europe,AUT,552.0,500.0,185500.0,32M/16Q/16D,Upper Austria Ladies Linz,,92,4,23.0,10,2.5,Sloane Stephens,,https://www.wtatennis.com/resources/v7.46.6/i/elements/flags/usa.svg,R16,W,"6-4, 6-2",https://www.wtatennis.com/players/315683/sloane-stephens,False,False,False,False,False,False,False,2,True,18,12,6,1,US,USA,840,019,America,Northern America,USA,"6,4,None|6,2,None",,
5,Upper Austria Ladies Linz,https://photoresources.wtatennis.com/photo-resources/2026/04/16/af6e5d63-920a-4026-b8fe-aeb11bfb6df8/WTA-Tournament_Linz-2025.png?height=128,https://www.wtatennis.com/tournaments/528/linz/2026,WTA 500,Clay,https://www.wtatennis.com/resources/v7.46.6/i/elements/500k-tag.svg,2026-04-06,2026-04-12,2026,4,Linz,,,AT,AUT,040,150,,Europe,Central Europe,AUT,,500.0,185500.0,32M/16Q/16D,Upper Austria Ladies Linz,,92,4,23.0,10,2.5,,,,R32,,Bye,,False,False,True,False,False,False,False,0,False,0,0,0,0,,,,,,,,,,
1,Miami Open Presented By Itaú,https://photoresources.wtatennis.com/photo-resources/2026/04/16/e0f2d5a2-cc05-4b2a-8377-f57edf6eaaa2/WTA-Tournament_Miami-2024.png?height=128,https://www.wtatennis.com/tournaments/miami-open,WTA 1000,Hard,https://www.wtatennis.com/resources/v7.46.6/i/elements/1000k-tag.svg,2026-03-17,2026-03-29,2026,3,Miami,CAN,FL,US,USA,840,019,,America,Northern America,USA,9.0,120.0,105720.0,128M/48Q/32D,Miami Open Presented By Itaú,,77,3,25.666666666666668,8,2.6666666666666665,Victoria Mboko,10.0,https://www.wtatennis.com/resources/v7.46.6/i/elements/flags/can.svg,R16,L,"6-7 (4), 6-4, 0-6",https://www.wtatennis.com/players/331006/victoria-mboko,False,False,False,True,False,False,True,3,False,29,12,17,0,CA,CAN,124,019,America,Northern America,CAN,"6,7,4|6,4,None|0,6,None",,
2,Miami Open Presented By Itaú,https://photoresources.wtatennis.com/photo-resources/2026/04/16/e0f2d5a2-cc05-4b2a-8377-f57edf6eaaa2/WTA-Tournament_Miami-2024.png?height=128,https://www.wtatennis.com/tournaments/miami-open,WTA 1000,Hard,https://www.wtatennis.com/resources/v7.46.6/i/elements/1000k-tag.svg,2026-03-17,2026-03-29,2026,3,Miami,CZE,FL,US,USA,840,019,,America,Northern America,USA,32.0,120.0,105720.0,128M/48Q/32D,Miami Open Presented By Itaú,,77,3,25.666666666666668,8,2.6666666666666665,Marie Bouzkova,32.0,https://www.wtatennis.com/resources/v7.46.6/i/elements/flags/cze.svg,R32,W,"7-6 (4), 6-2",https://www.wtatennis.com/players/320983/marie-bouzkova,False,False,False,True,False,False,True,2,True,21,13,8,1,CZ,CZE,203,150,Europe,Central Europe,CZE,"7,6,4|6,2,None",,
3,Miami Open Presented By Itaú,https://photoresources.wtatennis.com/photo-resources/2026/04/16/e0f2d5a2-cc05-4b2a-8377-f57edf6eaaa2/WTA-Tournament_Miami-2024.png?height=128,https://www.wtatennis.com/tournaments/miami-open,WTA 1000,Hard,https://www.wtatennis.com/resources/v7.46.6/i/elements/1000k-tag.svg,2026-03-17,2026-03-29,2026,3,Miami,USA,FL,US,USA,840,019,United States of America|America|USA|US,America,Northern America,USA,51.0,120.0,105720.0,128M/48Q/32D,Miami Open Presented By Itaú,,77,3,25.666666666666668,8,2.6666666666666665,Mccartney Kessler,,https://www.wtatennis.com/resources/v7.46.6/i/elements/flags/usa.svg,R64,W,"6-1, 6-7 (3), 6-1",https://www.wtatennis.com/players/326678/mccartney-kessler,False,False,False,False,True,False,True,3,True,27,18,9,1,US,USA,840,019,America,Northern America,USA,"6,1,None|6,7,3|6,1,None",,
4,Miami Open Presented By Itaú,https://photoresources.wtatennis.com/photo-resources/2026/04/16/e0f2d5a2-cc05-4b2a-8377-f57edf6eaaa2/WTA-Tournament_Miami-2024.png?height=128,https://www.wtatennis.com/tournaments/miami-open,WTA 1000,Hard,https://www.wtatennis.com/resources/v7.46.6/i/elements/1000k-tag.svg,2026-03-17,2026-03-29,2026,3,Miami,,FL,US,USA,840,019,,America,Northern America,USA,,120.0,105720.0,128M/48Q/32D,Miami Open Presented By Itaú,,77,3,25.666666666666668,8,2.6666666666666665,,,,R128,,Bye,,False,False,True,False,False,False,False,0,False,0,0,0,0,,,,,,,,,,
1,Bnp Paribas Open,https://photoresources.wtatennis.com/photo-resources/2026/04/16/a1736320-dd92-4829-8aa8-846c2edef410/WTA-Tournament_Indian-Wells-2017.png?height=128,https://www.wtatennis.com/tournaments/indian-wells,WTA 1000,Hard,https://www.wtatennis.com/resources/v7.46.6/i/elements/1000k-tag.svg,2026-03-04,2026-03-15,2026,3,Indian Wells,CZE,CA,US,USA,840,019,,America,Northern America,USA,44.0,65.0,47375.0,128M/48Q/32D,Bnp Paribas Open,,44,2,22.0,5,2.5,Katerina Siniakova,,https://www.wtatennis.com/resources/v7.46.6/i/elements/flags/cze.svg,R32,L,"6-4, 6-7 (5), 3-6",https://www.wtatennis.com/players/320301/katerina-siniakova,False,False,False,False,True,False,True,3,True,32,15,17,0,CZ,CZE,203,150,Europe,Central Europe,CZE,"6,4,None|6,7,5|3,6,None",,
2,Bnp Paribas Open,https://photoresources.wtatennis.com/photo-resources/2026/04/16/a1736320-dd92-4829-8aa8-846c2edef410/WTA-Tournament_Indian-Wells-2017.png?height=128,https://www.wtatennis.com/tournaments/indian-wells,WTA 1000,Hard,https://www.wtatennis.com/resources/v7.46.6/i/elements/1000k-tag.svg,2026-03-04,2026-03-15,2026,3,Indian Wells,ARG,CA,US,USA,840,019,,America,Northern America,USA,65.0,65.0,47375.0,128M/48Q/32D,Bnp Paribas Open,,44,2,22.0,5,2.5,Solana Sierra,,https://www.wtatennis.com/resources/v7.46.6/i/elements/flags/arg.svg,R64,W,"6-0, 6-0",https://www.wtatennis.com/players/329081/solana-sierra,False,False,False,False,False,False,False,2,True,12,12,0,1,AR,ARG,032,019,America,Southern South America,ARG,"6,0,None|6,0,None",,
3,Bnp Paribas Open,https://photoresources.wtatennis.com/photo-resources/2026/04/16/a1736320-dd92-4829-8aa8-846c2edef410/WTA-Tournament_Indian-Wells-2017.png?height=128,https://www.wtatennis.com/tournaments/indian-wells,WTA 1000,Hard,https://www.wtatennis.com/resources/v7.46.6/i/elements/1000k-tag.svg,2026-03-04,2026-03-15,2026,3,Indian Wells,,CA,US,USA,840,019,,America,Northern America,USA,,65.0,47375.0,128M/48Q/32D,Bnp Paribas Open,,44,2,22.0,5,2.5,,,,R128,,Bye,,False,False,True,False,False,False,False,0,False,0,0,0,0,,,,,,,,,,
1,Dubai Duty Free Tennis Championships,https://photoresources.wtatennis.com/photo-resources/2026/04/16/2aee9d91-0756-4a92-b0bb-09b8d0dd8d76/WTA-Tournament_Dubai-2017.png?height=128,https://www.wtatennis.com/tournaments/dubai,WTA 1000,Hard,https://www.wtatennis.com/resources/v7.46.6/i/elements/1000k-tag.svg,2026-02-15,2026-02-21,2026,2,Dubai,USA,,AE,ARE,784,142,United States of America|America|USA|US,Asia,Western Asia,UAE,6.0,215.0,98500.0,64M/32Q/32D,Dubai Duty Free Tennis Championships,,54,2,27.0,5,2.5,Amanda Anisimova,2.0,https://www.wtatennis.com/resources/v7.46.6/i/elements/flags/usa.svg,QF,L,"6-2, 5-7, 6-7 (4)",https://www.wtatennis.com/players/326384/amanda-anisimova,False,False,False,False,False,True,True,3,True,33,17,16,0,US,USA,840,019,America,Northern America,USA,"6,2,None|5,7,None|6,7,4",,
2,Dubai Duty Free Tennis Championships,https://photoresources.wtatennis.com/photo-resources/2026/04/16/2aee9d91-0756-4a92-b0bb-09b8d0dd8d76/WTA-Tournament_Dubai-2017.png?height=128,https://www.wtatennis.com/tournaments/dubai,WTA 1000,Hard,https://www.wtatennis.com/resources/v7.46.6/i/elements/1000k-tag.svg,2026-02-15,2026-02-21,2026,2,Dubai,ROU,,AE,ARE,784,142,,Asia,Western Asia,UAE,39.0,215.0,98500.0,64M/32Q/32D,Dubai Duty Free Tennis Championships,,54,2,27.0,5,2.5,Jaqueline  Cristian,,https://www.wtatennis.com/resources/v7.46.6/i/elements/flags/rou.svg,R16,W,"7-5, 6-3",https://www.wtatennis.com/players/320319/jaqueline-cristian,False,False,False,False,False,False,False,2,True,21,13,8,1,RO,ROU,642,150,Europe,Southeastern Europe,ROU,"7,5,None|6,3,None",,
3,Dubai Duty Free Tennis Championships,https://photoresources.wtatennis.com/photo-resources/2026/04/16/2aee9d91-0756-4a92-b0bb-09b8d0dd8d76/WTA-Tournament_Dubai-2017.png?height=128,https://www.wtatennis.com/tournaments/dubai,WTA 1000,Hard,https://www.wtatennis.com/resources/v7.46.6/i/elements/1000k-tag.svg,2026-02-15,2026-02-21,2026,2,Dubai,AUS,,AE,ARE,784,142,,Asia,Western Asia,UAE,61.0,215.0,98500.0,64M/32Q/32D,Dubai Duty Free Tennis Championships,,54,2,27.0,5,2.5,Daria Kasatkina,,https://www.wtatennis.com/resources/v7.46.6/i/elements/flags/aus.svg,R32,W,Walkover,https://www.wtatennis.com/players/322082/daria-kasatkina,False,True,False,False,False,False,False,0,False,0,0,0,0,AU,AUS,036,009,Oceania,Australasia,AUS,,,
4,Dubai Duty Free Tennis Championships,https://photoresources.wtatennis.com/photo-resources/2026/04/16/2aee9d91-0756-4a92-b0bb-09b8d0dd8d76/WTA-Tournament_Dubai-2017.png?height=128,https://www.wtatennis.com/tournaments/dubai,WTA 1000,Hard,https://www.wtatennis.com/resources/v7.46.6/i/elements/1000k-tag.svg,2026-02-15,2026-02-21,2026,2,Dubai,,,AE,ARE,784,142,,Asia,Western Asia,UAE,,215.0,98500.0,64M/32Q/32D,Dubai Duty Free Tennis Championships,,54,2,27.0,5,2.5,,,,R64,,Bye,,False,False,True,False,False,False,False,0,False,0,0,0,0,,,,,,,,,,
1,Qatar Totalenergies Open 2026,https://photoresources.wtatennis.com/photo-resources/2026/04/16/c44d1d24-32ae-4ebe-b5e8-bd228bfb4fc8/1003_Doha_2026.png?height=128,https://www.wtatennis.com/tournaments/doha,WTA 1000,Hard,https://www.wtatennis.com/resources/v7.46.6/i/elements/1000k-tag.svg,2026-02-08,2026-02-14,2026,2,Doha,CAN,,QA,QAT,634,142,,Asia,Western Asia,QAT,13.0,120.0,49250.0,64M/32Q/32D,Qatar Totalenergies Open 2026,,51,2,25.5,5,2.5,Victoria Mboko,10.0,https://www.wtatennis.com/resources/v7.46.6/i/elements/flags/can.svg,R16,L,"3-6, 6-3, 6-7 (5)",https://www.wtatennis.com/players/331006/victoria-mboko,False,False,False,False,False,True,True,3,False,31,15,16,0,CA,CAN,124,019,America,Northern America,CAN,"3,6,None|6,3,None|6,7,5",,
2,Qatar Totalenergies Open 2026,https://photoresources.wtatennis.com/photo-resources/2026/04/16/c44d1d24-32ae-4ebe-b5e8-bd228bfb4fc8/1003_Doha_2026.png?height=128,https://www.wtatennis.com/tournaments/doha,WTA 1000,Hard,https://www.wtatennis.com/resources/v7.46.6/i/elements/1000k-tag.svg,2026-02-08,2026-02-14,2026,2,Doha,POL,,QA,QAT,634,142,,Asia,Western Asia,QAT,47.0,120.0,49250.0,64M/32Q/32D,Qatar Totalenergies Open 2026,,51,2,25.5,5,2.5,Magda Linette,,https://www.wtatennis.com/resources/v7.46.6/i/elements/flags/pol.svg,R32,W,"7-6 (0), 6-1",https://www.wtatennis.com/players/315130/magda-linette,False,False,False,True,False,False,True,2,True,20,13,7,1,PL,POL,616,150,Europe,Central Europe,POL,"7,6,0|6,1,None",,
3,Qatar Totalenergies Open 2026,https://photoresources.wtatennis.com/photo-resources/2026/04/16/c44d1d24-32ae-4ebe-b5e8-bd228bfb4fc8/1003_Doha_2026.png?height=128,https://www.wtatennis.com/tournaments/doha,WTA 1000,Hard,https://www.wtatennis.com/resources/v7.46.6/i/elements/1000k-tag.svg,2026-02-08,2026-02-14,2026,2,Doha,,,QA,QAT,634,142,,Asia,Western Asia,QAT,,120.0,49250.0,64M/32Q/32D,Qatar Totalenergies Open 2026,,51,2,25.5,5,2.5,,,,R64,,Bye,,False,False,True,False,False,False,False,0,False,0,0,0,0,,,,,,,,,,
1,Australian Open,https://photoresources.wtatennis.com/photo-resources/2026/04/16/6b041ce4-8b08-4fff-be75-89d1c452c157/WTA-Tournament_Australian-Open.png?height=128,https://www.wtatennis.com/tournaments/australian-open,Grand Slam,Hard,https://www.wtatennis.com/resources/v7.46.6/i/elements/gs-tag.svg,2026-01-18,2026-02-01,2026,1,Melbourne,UKR,,AU,AUS,036,009,,Oceania,Australasia,AUS,12.0,240.0,310761.0,128M/128Q/64D,Australian Open,,78,4,19.5,9,2.25,Elina Svitolina,12.0,https://www.wtatennis.com/resources/v7.46.6/i/elements/flags/ukr.svg,R16,L,"2-6, 4-6",https://www.wtatennis.com/players/316738/elina-svitolina,False,False,False,False,False,False,False,2,False,18,6,12,0,UA,UKR,804,150,Europe,Eastern Europe,UKR,"2,6,None|4,6,None",,
2,Australian Open,https://photoresources.wtatennis.com/photo-resources/2026/04/16/6b041ce4-8b08-4fff-be75-89d1c452c157/WTA-Tournament_Australian-Open.png?height=128,https://www.wtatennis.com/tournaments/australian-open,Grand Slam,Hard,https://www.wtatennis.com/resources/v7.46.6/i/elements/gs-tag.svg,2026-01-18,2026-02-01,2026,1,Melbourne,ROU,,AU,AUS,036,009,,Oceania,Australasia,AUS,79.0,240.0,310761.0,128M/128Q/64D,Australian Open,,78,4,19.5,9,2.25,Elena-Gabriela Ruse,,https://www.wtatennis.com/resources/v7.46.6/i/elements/flags/rou.svg,R32,W,"6-3, 6-4",https://www.wtatennis.com/players/320408/elena-gabriela-ruse,False,False,False,False,False,False,False,2,True,19,12,7,1,RO,ROU,642,150,Europe,Southeastern Europe,ROU,"6,3,None|6,4,None",,
3,Australian Open,https://photoresources.wtatennis.com/photo-resources/2026/04/16/6b041ce4-8b08-4fff-be75-89d1c452c157/WTA-Tournament_Australian-Open.png?height=128,https://www.wtatennis.com/tournaments/australian-open,Grand Slam,Hard,https://www.wtatennis.com/resources/v7.46.6/i/elements/gs-tag.svg,2026-01-18,2026-02-01,2026,1,Melbourne,GRE,,AU,AUS,036,009,,Oceania,Australasia,AUS,53.0,240.0,310761.0,128M/128Q/64D,Australian Open,,78,4,19.5,9,2.25,Maria Sakkari,,https://www.wtatennis.com/resources/v7.46.6/i/elements/flags/gre.svg,R64,W,"6-0, 6-4",https://www.wtatennis.com/players/318312/maria-sakkari,False,False,False,False,False,False,False,2,True,16,12,4,1,GR,GRC,300,150,Europe,Southeastern Europe,GRE,"6,0,None|6,4,None",,
4,Australian Open,https://photoresources.wtatennis.com/photo-resources/2026/04/16/6b041ce4-8b08-4fff-be75-89d1c452c157/WTA-Tournament_Australian-Open.png?height=128,https://www.wtatennis.com/tournaments/australian-open,Grand Slam,Hard,https://www.wtatennis.com/resources/v7.46.6/i/elements/gs-tag.svg,2026-01-18,2026-02-01,2026,1,Melbourne,CRO,,AU,AUS,036,009,,Oceania,Australasia,AUS,72.0,240.0,310761.0,128M/128Q/64D,Australian Open,,78,4,19.5,9,2.25,Donna Vekic,,https://www.wtatennis.com/resources/v7.46.6/i/elements/flags/cro.svg,R128,W,"4-6, 6-3, 6-0",https://www.wtatennis.com/players/318516/donna-vekic,False,False,False,False,False,False,False,3,False,25,16,9,1,HR,HRV,191,150,Europe,Southeastern Europe,CRO,"4,6,None|6,3,None|6,0,None",,
1,Adelaide International,https://photoresources.wtatennis.com/photo-resources/2026/04/16/2ac75146-6a1f-4b38-9c6d-27f6fe06c207/WTA-Tournament_Adelaide-2025.png?height=128,https://www.wtatennis.com/tournaments/2014/adelaide/2026,WTA 500,Hard,https://www.wtatennis.com/resources/v7.46.6/i/elements/500k-tag.svg,2026-01-12,2026-01-17,2026,1,Adelaide,CAN,,AU,AUS,036,009,,Oceania,Australasia,AUS,17.0,500.0,185500.0,32M/24Q/16D,Adelaide International,,63,4,15.75,8,2.0,Victoria Mboko,8.0,https://www.wtatennis.com/resources/v7.46.6/i/elements/flags/can.svg,F,W,"6-3, 6-1",https://www.wtatennis.com/players/331006/victoria-mboko,False,False,False,False,False,False,False,2,True,16,12,4,1,CA,CAN,124,019,America,Northern America,CAN,"6,3,None|6,1,None",,
2,Adelaide International,https://photoresources.wtatennis.com/photo-resources/2026/04/16/2ac75146-6a1f-4b38-9c6d-27f6fe06c207/WTA-Tournament_Adelaide-2025.png?height=128,https://www.wtatennis.com/tournaments/2014/adelaide/2026,WTA 500,Hard,https://www.wtatennis.com/resources/v7.46.6/i/elements/500k-tag.svg,2026-01-12,2026-01-17,2026,1,Adelaide,RUS,,AU,AUS,036,009,,Oceania,Australasia,AUS,23.0,500.0,185500.0,32M/24Q/16D,Adelaide International,,63,4,15.75,8,2.0,Diana Shnaider,9.0,https://www.wtatennis.com/resources/v7.46.6/i/elements/flags/rus.svg,SF,W,"6-3, 6-2",https://www.wtatennis.com/players/330482/diana-shnaider,False,False,False,False,False,False,False,2,True,17,12,5,1,RU,RUS,643,150,Europe,Eastern Europe,RUS,"6,3,None|6,2,None",,
3,Adelaide International,https://photoresources.wtatennis.com/photo-resources/2026/04/16/2ac75146-6a1f-4b38-9c6d-27f6fe06c207/WTA-Tournament_Adelaide-2025.png?height=128,https://www.wtatennis.com/tournaments/2014/adelaide/2026,WTA 500,Hard,https://www.wtatennis.com/resources/v7.46.6/i/elements/500k-tag.svg,2026-01-12,2026-01-17,2026,1,Adelaide,AUS,,AU,AUS,036,009,,Oceania,Australasia,AUS,32.0,500.0,185500.0,32M/24Q/16D,Adelaide International,,63,4,15.75,8,2.0,Maya Joint,,https://www.wtatennis.com/resources/v7.46.6/i/elements/flags/aus.svg,QF,W,"6-2, 6-0",https://www.wtatennis.com/players/330544/maya-joint,False,False,False,False,False,False,False,2,True,14,12,2,1,AU,AUS,036,009,Oceania,Australasia,AUS,"6,2,None|6,0,None",,
4,Adelaide International,https://photoresources.wtatennis.com/photo-resources/2026/04/16/2ac75146-6a1f-4b38-9c6d-27f6fe06c207/WTA-Tournament_Adelaide-2025.png?height=128,https://www.wtatennis.com/tournaments/2014/adelaide/2026,WTA 500,Hard,https://www.wtatennis.com/resources/v7.46.6/i/elements/500k-tag.svg,2026-01-12,2026-01-17,2026,1,Adelaide,CZE,,AU,AUS,036,009,,Oceania,Australasia,AUS,45.0,500.0,185500.0,32M/24Q/16D,Adelaide International,,63,4,15.75,8,2.0,Marie Bouzkova,,https://www.wtatennis.com/resources/v7.46.6/i/elements/flags/cze.svg,R16,W,"6-3, 6-1",https://www.wtatennis.com/players/320983/marie-bouzkova,False,False,False,False,False,False,False,2,True,16,12,4,1,CZ,CZE,203,150,Europe,Central Europe,CZE,"6,3,None|6,1,None",,
5,Adelaide International,https://photoresources.wtatennis.com/photo-resources/2026/04/16/2ac75146-6a1f-4b38-9c6d-27f6fe06c207/WTA-Tournament_Adelaide-2025.png?height=128,https://www.wtatennis.com/tournaments/2014/adelaide/2026,WTA 500,Hard,https://www.wtatennis.com/resources/v7.46.6/i/elements/500k-tag.svg,2026-01-12,2026-01-17,2026,1,Adelaide,,,AU,AUS,036,009,,Oceania,Australasia,AUS,,500.0,185500.0,32M/24Q/16D,Adelaide International,,63,4,15.75,8,2.0,,,,R32,,Bye,,False,False,True,False,False,False,False,0,False,0,0,0,0,,,,,,,,,,
1,Brisbane International,https://photoresources.wtatennis.com/photo-resources/2026/04/16/e0cf338c-8e78-4f7f-816c-d0a252863119/WTA-Tournament_Brisbane-2025.png?height=128,https://www.wtatennis.com/tournaments/800/brisbane/2026,WTA 500,Hard,https://www.wtatennis.com/resources/v7.46.6/i/elements/500k-tag.svg,2026-01-04,2026-01-11,2026,1,Brisbane,UKR,,AU,AUS,036,009,,Oceania,Australasia,AUS,26.0,108.0,37640.0,64M/24Q/16D,Brisbane International,,81,3,27.0,8,2.6666666666666665,Marta Kostyuk,16.0,https://www.wtatennis.com/resources/v7.46.6/i/elements/flags/ukr.svg,QF,L,"6-7 (7), 3-6",https://www.wtatennis.com/players/326482/marta-kostyuk,False,False,False,True,False,False,True,2,False,22,9,13,0,UA,UKR,804,150,Europe,Eastern Europe,UKR,"6,7,7|3,6,None",,
2,Brisbane International,https://photoresources.wtatennis.com/photo-resources/2026/04/16/e0cf338c-8e78-4f7f-816c-d0a252863119/WTA-Tournament_Brisbane-2025.png?height=128,https://www.wtatennis.com/tournaments/800/brisbane/2026,WTA 500,Hard,https://www.wtatennis.com/resources/v7.46.6/i/elements/500k-tag.svg,2026-01-04,2026-01-11,2026,1,Brisbane,CZE,,AU,AUS,036,009,,Oceania,Australasia,AUS,12.0,108.0,37640.0,64M/24Q/16D,Brisbane International,,81,3,27.0,8,2.6666666666666665,Linda Noskova,9.0,https://www.wtatennis.com/resources/v7.46.6/i/elements/flags/cze.svg,R16,W,"5-7, 6-4, 7-5",https://www.wtatennis.com/players/329668/linda-noskova,False,False,False,False,False,False,False,3,False,34,18,16,1,CZ,CZE,203,150,Europe,Central Europe,CZE,"5,7,None|6,4,None|7,5,None",,
3,Brisbane International,https://photoresources.wtatennis.com/photo-resources/2026/04/16/e0cf338c-8e78-4f7f-816c-d0a252863119/WTA-Tournament_Brisbane-2025.png?height=128,https://www.wtatennis.com/tournaments/800/brisbane/2026,WTA 500,Hard,https://www.wtatennis.com/resources/v7.46.6/i/elements/500k-tag.svg,2026-01-04,2026-01-11,2026,1,Brisbane,AUS,,AU,AUS,036,009,,Oceania,Australasia,AUS,204.0,108.0,37640.0,64M/24Q/16D,Brisbane International,,81,3,27.0,8,2.6666666666666665,Olivia Gadecki,,https://www.wtatennis.com/resources/v7.46.6/i/elements/flags/aus.svg,R32,W,"4-6, 6-1, 6-2",https://www.wtatennis.com/players/326653/olivia-gadecki,False,False,False,False,False,False,False,3,False,25,16,9,1,AU,AUS,036,009,Oceania,Australasia,AUS,"4,6,None|6,1,None|6,2,None",,
4,Brisbane International,https://photoresources.wtatennis.com/photo-resources/2026/04/16/e0cf338c-8e78-4f7f-816c-d0a252863119/WTA-Tournament_Brisbane-2025.png?height=128,https://www.wtatennis.com/tournaments/800/brisbane/2026,WTA 500,Hard,https://www.wtatennis.com/resources/v7.46.6/i/elements/500k-tag.svg,2026-01-04,2026-01-11,2026,1,Brisbane,,,AU,AUS,036,009,,Oceania,Australasia,AUS,,108.0,37640.0,64M/24Q/16D,Brisbane International,,81,3,27.0,8,2.6666666666666665,,,,R64,,Bye,,False,False,True,False,False,False,False,0,False,0,0,0,0,,,,,,,,,,
1,2025 Aux · Ningbo Open,https://photoresources.wtatennis.com/photo-resources/2026/04/16/e3b17e7f-021d-45b3-8b0a-b8e6d57aec1e/WTA-Tournamnet-Logo_Ningbo.png?height=128,https://www.wtatennis.com/tournaments/2092/ningbo/2025,WTA 500,Hard,https://www.wtatennis.com/resources/v7.46.6/i/elements/500k-tag.svg,2025-10-13,2025-10-19,2025,10,Ningbo,CHN,,CN,CHN,156,142,,Asia,East Asia,CHN,219.0,1.0,15170.0,32M/24Q/16D,2025 Aux · Ningbo Open,,27,1,27.0,3,3.0,Lin Zhu,,https://www.wtatennis.com/resources/v7.46.6/i/elements/flags/chn.svg,R16,L,"6-4, 3-6, 2-6",https://www.wtatennis.com/players/317306/lin-zhu,False,False,False,False,False,False,False,3,True,27,11,16,0,CN,CHN,156,142,Asia,East Asia,CHN,"6,4,None|3,6,None|2,6,None",,
2,2025 Aux · Ningbo Open,https://photoresources.wtatennis.com/photo-resources/2026/04/16/e3b17e7f-021d-45b3-8b0a-b8e6d57aec1e/WTA-Tournamnet-Logo_Ningbo.png?height=128,https://www.wtatennis.com/tournaments/2092/ningbo/2025,WTA 500,Hard,https://www.wtatennis.com/resources/v7.46.6/i/elements/500k-tag.svg,2025-10-13,2025-10-19,2025,10,Ningbo,,,CN,CHN,156,142,,Asia,East Asia,CHN,,1.0,15170.0,32M/24Q/16D,2025 Aux · Ningbo Open,,27,1,27.0,3,3.0,,,,R32,,Bye,,False,False,True,False,False,False,False,0,False,0,0,0,0,,,,,,,,,,
1,Dongfeng · Voyah Wuhan Open 2025,https://photoresources.wtatennis.com/photo-resources/2026/04/16/63ef78ed-e027-4a3c-ba3b-2fb29fa7d08a/WTA-Tournament_Wuhan-2024.png?height=128,https://www.wtatennis.com/tournaments/1075/wuhan/2025,WTA 1000,Hard,https://www.wtatennis.com/resources/v7.46.6/i/elements/1000k-tag.svg,2025-10-06,2025-10-12,2025,10,Wuhan,GER,,CN,CHN,156,142,,Asia,East Asia,CHN,57.0,10.0,23450.0,64M/32Q/32D,Dongfeng · Voyah Wuhan Open 2025,,31,1,31.0,3,3.0,Laura Siegemund,,https://www.wtatennis.com/resources/v7.46.6/i/elements/flags/ger.svg,R32,L,"7-6 (4), 3-6, 3-6",https://www.wtatennis.com/players/310926/laura-siegemund,False,False,False,True,False,False,True,3,True,31,13,18,0,DE,DEU,276,150,Europe,Central Europe,GER,"7,6,4|3,6,None|3,6,None",,
2,Dongfeng · Voyah Wuhan Open 2025,https://photoresources.wtatennis.com/photo-resources/2026/04/16/63ef78ed-e027-4a3c-ba3b-2fb29fa7d08a/WTA-Tournament_Wuhan-2024.png?height=128,https://www.wtatennis.com/tournaments/1075/wuhan/2025,WTA 1000,Hard,https://www.wtatennis.com/resources/v7.46.6/i/elements/1000k-tag.svg,2025-10-06,2025-10-12,2025,10,Wuhan,,,CN,CHN,156,142,,Asia,East Asia,CHN,,10.0,23450.0,64M/32Q/32D,Dongfeng · Voyah Wuhan Open 2025,,31,1,31.0,3,3.0,,,,R64,,Bye,,False,False,True,False,False,False,False,0,False,0,0,0,0,,,,,,,,,,
1,China Open,https://photoresources.wtatennis.com/photo-resources/2026/04/16/8f77c099-1d17-4cd7-aa46-7c21addc471f/WTA-Tournament_Beijing.png?height=128,https://www.wtatennis.com/tournaments/1020/beijing/2025,WTA 1000,Hard,https://www.wtatennis.com/resources/v7.46.6/i/elements/1000k-tag.svg,2025-09-24,2025-10-05,2025,9,Beijing,GBR,,CN,CHN,156,142,Britain|UK|Great Britain|United Kingdom,Asia,East Asia,CHN,81.0,120.0,103225.0,128M/48Q/32D,China Open,,65,3,21.666666666666668,7,2.3333333333333335,Sonay Kartal,,https://www.wtatennis.com/resources/v7.46.6/i/elements/flags/gbr.svg,R16,L,"5-7, 6-2, 5-7",https://www.wtatennis.com/players/329918/sonay-kartal,False,False,False,False,False,False,False,3,False,32,16,16,0,GB,GBR,826,150,Europe,Northern Europe,ENG,"5,7,None|6,2,None|5,7,None",,
2,China Open,https://photoresources.wtatennis.com/photo-resources/2026/04/16/8f77c099-1d17-4cd7-aa46-7c21addc471f/WTA-Tournament_Beijing.png?height=128,https://www.wtatennis.com/tournaments/1020/beijing/2025,WTA 1000,Hard,https://www.wtatennis.com/resources/v7.46.6/i/elements/1000k-tag.svg,2025-09-24,2025-10-05,2025,9,Beijing,ESP,,CN,CHN,156,142,Kingdom of Spain,Asia,East Asia,CHN,48.0,120.0,103225.0,128M/48Q/32D,China Open,,65,3,21.666666666666668,7,2.3333333333333335,Jessica Bouzas Maneiro,,https://www.wtatennis.com/resources/v7.46.6/i/elements/flags/esp.svg,R32,W,"6-4, 6-1",https://www.wtatennis.com/players/328139/jessica-bouzas-maneiro,False,False,False,False,False,False,False,2,True,17,12,5,1,ES,ESP,724,150,Europe,Southern Europe,ESP,"6,4,None|6,1,None",,
3,China Open,https://photoresources.wtatennis.com/photo-resources/2026/04/16/8f77c099-1d17-4cd7-aa46-7c21addc471f/WTA-Tournament_Beijing.png?height=128,https://www.wtatennis.com/tournaments/1020/beijing/2025,WTA 1000,Hard,https://www.wtatennis.com/resources/v7.46.6/i/elements/1000k-tag.svg,2025-09-24,2025-10-05,2025,9,Beijing,CHN,,CN,CHN,156,142,,Asia,East Asia,CHN,253.0,120.0,103225.0,128M/48Q/32D,China Open,,65,3,21.666666666666668,7,2.3333333333333335,Lin Zhu,,https://www.wtatennis.com/resources/v7.46.6/i/elements/flags/chn.svg,R64,W,"6-2, 6-2",https://www.wtatennis.com/players/317306/lin-zhu,False,False,False,False,False,False,False,2,True,16,12,4,1,CN,CHN,156,142,Asia,East Asia,CHN,"6,2,None|6,2,None",,
4,China Open,https://photoresources.wtatennis.com/photo-resources/2026/04/16/8f77c099-1d17-4cd7-aa46-7c21addc471f/WTA-Tournament_Beijing.png?height=128,https://www.wtatennis.com/tournaments/1020/beijing/2025,WTA 1000,Hard,https://www.wtatennis.com/resources/v7.46.6/i/elements/1000k-tag.svg,2025-09-24,2025-10-05,2025,9,Beijing,,,CN,CHN,156,142,,Asia,East Asia,CHN,,120.0,103225.0,128M/48Q/32D,China Open,,65,3,21.666666666666668,7,2.3333333333333335,,,,R128,,Bye,,False,False,True,False,False,False,False,0,False,0,0,0,0,,,,,,,,,,
1,Us Open,https://photoresources.wtatennis.com/photo-resources/2026/04/16/8d0a3d41-7b45-434b-a75b-b7d2eb0922b4/WTA-Tournament_US-Open.png?height=128,https://www.wtatennis.com/tournaments/905/us-open/2025,Grand Slam,Hard,https://www.wtatennis.com/resources/v7.46.6/i/elements/gs-tag.svg,2025-08-24,2025-09-07,2025,8,New York,USA,NY,US,USA,840,019,United States of America|America|USA|US,America,Northern America,USA,139.0,130.0,237000.0,128M/128Q/64D,Us Open,,49,3,16.333333333333332,6,2.0,Taylor Townsend,,https://www.wtatennis.com/resources/v7.46.6/i/elements/flags/usa.svg,R32,L,"5-7, 2-6",https://www.wtatennis.com/players/318609/taylor-townsend,False,False,False,False,False,False,False,2,False,20,7,13,0,US,USA,840,019,America,Northern America,USA,"5,7,None|2,6,None",,
2,Us Open,https://photoresources.wtatennis.com/photo-resources/2026/04/16/8d0a3d41-7b45-434b-a75b-b7d2eb0922b4/WTA-Tournament_US-Open.png?height=128,https://www.wtatennis.com/tournaments/905/us-open/2025,Grand Slam,Hard,https://www.wtatennis.com/resources/v7.46.6/i/elements/gs-tag.svg,2025-08-24,2025-09-07,2025,8,New York,AUT,NY,US,USA,840,019,,America,Northern America,USA,53.0,130.0,237000.0,128M/128Q/64D,Us Open,,49,3,16.333333333333332,6,2.0,Anastasia Potapova,,https://www.wtatennis.com/resources/v7.46.6/i/elements/flags/aut.svg,R64,W,"6-1, 6-3",https://www.wtatennis.com/players/325601/anastasia-potapova,False,False,False,False,False,False,False,2,True,16,12,4,1,AT,AUT,040,150,Europe,Central Europe,AUT,"6,1,None|6,3,None",,
3,Us Open,https://photoresources.wtatennis.com/photo-resources/2026/04/16/8d0a3d41-7b45-434b-a75b-b7d2eb0922b4/WTA-Tournament_US-Open.png?height=128,https://www.wtatennis.com/tournaments/905/us-open/2025,Grand Slam,Hard,https://www.wtatennis.com/resources/v7.46.6/i/elements/gs-tag.svg,2025-08-24,2025-09-07,2025,8,New York,USA,NY,US,USA,840,019,United States of America|America|USA|US,America,Northern America,USA,56.0,130.0,237000.0,128M/128Q/64D,Us Open,,49,3,16.333333333333332,6,2.0,Alycia Parks,,https://www.wtatennis.com/resources/v7.46.6/i/elements/flags/usa.svg,R128,W,"6-0, 6-1",https://www.wtatennis.com/players/326007/alycia-parks,False,False,False,False,False,False,False,2,True,13,12,1,1,US,USA,840,019,America,Northern America,USA,"6,0,None|6,1,None",,
1,Omnium Banque Nationale Présenté Par Rogers ,https://photoresources.wtatennis.com/photo-resources/2026/04/16/12d4c93e-8e56-4d81-ac72-ea0d1498127e/WTA-Tournament_Canada-English-2021.png?height=128,https://www.wtatennis.com/tournaments/806/montreal/2025,WTA 1000,Hard,https://www.wtatennis.com/resources/v7.46.6/i/elements/1000k-tag.svg,2025-07-27,2025-08-07,2025,7,Montreal,USA,,CA,CAN,124,019,United States of America|America|USA|US,America,Northern America,CAN,32.0,35.0,33000.0,128M/32Q/32D,Omnium Banque Nationale Présenté Par Rogers ,,23,1,23.0,2,2.0,Mccartney Kessler,28.0,https://www.wtatennis.com/resources/v7.46.6/i/elements/flags/usa.svg,R32,L,"6-7 (5), 4-6",https://www.wtatennis.com/players/326678/mccartney-kessler,False,False,False,True,False,False,True,2,False,23,10,13,0,US,USA,840,019,America,Northern America,USA,"6,7,5|4,6,None",,
2,Omnium Banque Nationale Présenté Par Rogers ,https://photoresources.wtatennis.com/photo-resources/2026/04/16/12d4c93e-8e56-4d81-ac72-ea0d1498127e/WTA-Tournament_Canada-English-2021.png?height=128,https://www.wtatennis.com/tournaments/806/montreal/2025,WTA 1000,Hard,https://www.wtatennis.com/resources/v7.46.6/i/elements/1000k-tag.svg,2025-07-27,2025-08-07,2025,7,Montreal,CAN,,CA,CAN,124,019,,America,Northern America,CAN,187.0,35.0,33000.0,128M/32Q/32D,Omnium Banque Nationale Présenté Par Rogers ,,23,1,23.0,2,2.0,Bianca Andreescu,,https://www.wtatennis.com/resources/v7.46.6/i/elements/flags/can.svg,R64,W,Walkover,https://www.wtatennis.com/players/325088/bianca-andreescu,False,True,False,False,False,False,False,0,False,0,0,0,0,CA,CAN,124,019,America,Northern America,CAN,,,
3,Omnium Banque Nationale Présenté Par Rogers ,https://photoresources.wtatennis.com/photo-resources/2026/04/16/12d4c93e-8e56-4d81-ac72-ea0d1498127e/WTA-Tournament_Canada-English-2021.png?height=128,https://www.wtatennis.com/tournaments/806/montreal/2025,WTA 1000,Hard,https://www.wtatennis.com/resources/v7.46.6/i/elements/1000k-tag.svg,2025-07-27,2025-08-07,2025,7,Montreal,,,CA,CAN,124,019,,America,Northern America,CAN,,35.0,33000.0,128M/32Q/32D,Omnium Banque Nationale Présenté Par Rogers ,,23,1,23.0,2,2.0,,,,R128,,Bye,,False,False,True,False,False,False,False,0,False,0,0,0,0,,,,,,,,,,
1,Wimbledon,https://photoresources.wtatennis.com/photo-resources/2026/04/16/d29814e6-6e80-4015-b680-9a7f3cb065c3/WTA-Tournament_Wimbledon.png?height=128,https://www.wtatennis.com/tournaments/904/wimbledon/2025,Grand Slam,Grass,https://www.wtatennis.com/resources/v7.46.6/i/elements/gs-tag.svg,2025-06-30,2025-07-13,2025,6,Wimbledon,SUI,,GB,GBR,826,150,,Europe,Northern Europe,ENG,35.0,430.0,542210.0,128M/128Q/64D,"The Championships, Wimbledon",,97,5,19.4,10,2.0,Belinda Bencic,,https://www.wtatennis.com/resources/v7.46.6/i/elements/flags/sui.svg,QF,L,"6-7 (3), 6-7 (2)",https://www.wtatennis.com/players/319001/belinda-bencic,False,False,False,True,True,False,True,2,False,26,12,14,0,CH,CHE,756,150,Europe,Central Europe,SUI,"6,7,3|6,7,2",,
2,Wimbledon,https://photoresources.wtatennis.com/photo-resources/2026/04/16/d29814e6-6e80-4015-b680-9a7f3cb065c3/WTA-Tournament_Wimbledon.png?height=128,https://www.wtatennis.com/tournaments/904/wimbledon/2025,Grand Slam,Grass,https://www.wtatennis.com/resources/v7.46.6/i/elements/gs-tag.svg,2025-06-30,2025-07-13,2025,6,Wimbledon,USA,,GB,GBR,826,150,United States of America|America|USA|US,Europe,Northern Europe,ENG,10.0,430.0,542210.0,128M/128Q/64D,"The Championships, Wimbledon",,97,5,19.4,10,2.0,Emma Navarro,10.0,https://www.wtatennis.com/resources/v7.46.6/i/elements/flags/usa.svg,R16,W,"6-2, 6-3",https://www.wtatennis.com/players/325410/emma-navarro,False,False,False,False,False,False,False,2,True,17,12,5,1,US,USA,840,019,America,Northern America,USA,"6,2,None|6,3,None",,
3,Wimbledon,https://photoresources.wtatennis.com/photo-resources/2026/04/16/d29814e6-6e80-4015-b680-9a7f3cb065c3/WTA-Tournament_Wimbledon.png?height=128,https://www.wtatennis.com/tournaments/904/wimbledon/2025,Grand Slam,Grass,https://www.wtatennis.com/resources/v7.46.6/i/elements/gs-tag.svg,2025-06-30,2025-07-13,2025,6,Wimbledon,USA,,GB,GBR,826,150,United States of America|America|USA|US,Europe,Northern Europe,ENG,55.0,430.0,542210.0,128M/128Q/64D,"The Championships, Wimbledon",,97,5,19.4,10,2.0,Hailey Baptiste,,https://www.wtatennis.com/resources/v7.46.6/i/elements/flags/usa.svg,R32,W,"6-1, 6-3",https://www.wtatennis.com/players/327101/hailey-baptiste,False,False,False,False,False,False,False,2,True,16,12,4,1,US,USA,840,019,America,Northern America,USA,"6,1,None|6,3,None",,
4,Wimbledon,https://photoresources.wtatennis.com/photo-resources/2026/04/16/d29814e6-6e80-4015-b680-9a7f3cb065c3/WTA-Tournament_Wimbledon.png?height=128,https://www.wtatennis.com/tournaments/904/wimbledon/2025,Grand Slam,Grass,https://www.wtatennis.com/resources/v7.46.6/i/elements/gs-tag.svg,2025-06-30,2025-07-13,2025,6,Wimbledon,ITA,,GB,GBR,826,150,,Europe,Northern Europe,ENG,63.0,430.0,542210.0,128M/128Q/64D,"The Championships, Wimbledon",,97,5,19.4,10,2.0,Lucia Bronzetti,,https://www.wtatennis.com/resources/v7.46.6/i/elements/flags/ita.svg,R64,W,"6-1, 7-6 (4)",https://www.wtatennis.com/players/322280/lucia-bronzetti,False,False,False,False,True,False,True,2,True,20,13,7,1,IT,ITA,380,150,Europe,Southern Europe,ITA,"6,1,None|7,6,4",,
5,Wimbledon,https://photoresources.wtatennis.com/photo-resources/2026/04/16/d29814e6-6e80-4015-b680-9a7f3cb065c3/WTA-Tournament_Wimbledon.png?height=128,https://www.wtatennis.com/tournaments/904/wimbledon/2025,Grand Slam,Grass,https://www.wtatennis.com/resources/v7.46.6/i/elements/gs-tag.svg,2025-06-30,2025-07-13,2025,6,Wimbledon,EGY,,GB,GBR,826,150,,Europe,Northern Europe,ENG,86.0,430.0,542210.0,128M/128Q/64D,"The Championships, Wimbledon",,97,5,19.4,10,2.0,Mayar Sherif,,https://www.wtatennis.com/resources/v7.46.6/i/elements/flags/egy.svg,R128,W,"6-3, 6-3",https://www.wtatennis.com/players/318711/mayar-sherif,False,False,False,False,False,False,False,2,True,18,12,6,1,EG,EGY,818,002,Africa,North Africa,EGY,"6,3,None|6,3,None",,
1,Bad Homburg Open Powered By Solarwatt,https://photoresources.wtatennis.com/photo-resources/2026/04/16/4ae17020-01fc-4d27-a041-001034ed25de/WTA-Tournament_BadHomburg-2021.png?height=128,https://www.wtatennis.com/tournaments/2017/bad-homburg/2025,WTA 500,Grass,https://www.wtatennis.com/resources/v7.46.6/i/elements/500k-tag.svg,2025-06-22,2025-06-28,2025,6,Bad Homburg,CZE,,DE,DEU,276,150,,Europe,Central Europe,GER,30.0,108.0,27940.0,32M/16Q/16D,Bad Homburg Open Powered By Solarwatt,,43,2,21.5,5,2.5,Linda Noskova,,https://www.wtatennis.com/resources/v7.46.6/i/elements/flags/cze.svg,QF,L,"3-6, 3-6",https://www.wtatennis.com/players/329668/linda-noskova,False,False,False,False,False,False,False,2,False,18,6,12,0,CZ,CZE,203,150,Europe,Central Europe,CZE,"3,6,None|3,6,None",,
2,Bad Homburg Open Powered By Solarwatt,https://photoresources.wtatennis.com/photo-resources/2026/04/16/4ae17020-01fc-4d27-a041-001034ed25de/WTA-Tournament_BadHomburg-2021.png?height=128,https://www.wtatennis.com/tournaments/2017/bad-homburg/2025,WTA 500,Grass,https://www.wtatennis.com/resources/v7.46.6/i/elements/500k-tag.svg,2025-06-22,2025-06-28,2025,6,Bad Homburg,DEN,,DE,DEU,276,150,,Europe,Central Europe,GER,23.0,108.0,27940.0,32M/16Q/16D,Bad Homburg Open Powered By Solarwatt,,43,2,21.5,5,2.5,Clara Tauson,,https://www.wtatennis.com/resources/v7.46.6/i/elements/flags/den.svg,R16,W,"3-6, 6-3, 6-1",https://www.wtatennis.com/players/327793/clara-tauson,False,False,False,False,False,False,False,3,False,25,15,10,1,DK,DNK,208,150,Europe,Northern Europe,DEN,"3,6,None|6,3,None|6,1,None",,
3,Bad Homburg Open Powered By Solarwatt,https://photoresources.wtatennis.com/photo-resources/2026/04/16/4ae17020-01fc-4d27-a041-001034ed25de/WTA-Tournament_BadHomburg-2021.png?height=128,https://www.wtatennis.com/tournaments/2017/bad-homburg/2025,WTA 500,Grass,https://www.wtatennis.com/resources/v7.46.6/i/elements/500k-tag.svg,2025-06-22,2025-06-28,2025,6,Bad Homburg,,,DE,DEU,276,150,,Europe,Central Europe,GER,,108.0,27940.0,32M/16Q/16D,Bad Homburg Open Powered By Solarwatt,,43,2,21.5,5,2.5,,,,R32,,Bye,,False,False,True,False,False,False,False,0,False,0,0,0,0,,,,,,,,,,
1,Berlin Tennis Open By Hylo,https://photoresources.wtatennis.com/photo-resources/2025/05/23/7fdec664-b1a6-44fc-8772-ecfb34d7aca2/WTA-Tournament_Berlin-2024.png?height=128,https://www.wtatennis.com/tournaments/2012/berlin/2025,WTA 500,Grass,https://www.wtatennis.com/resources/v7.46.6/i/elements/500k-tag.svg,2025-06-16,2025-06-22,2025,6,Berlin,POL,,DE,DEU,276,150,,Europe,Central Europe,GER,25.0,1.0,10190.0,32M/24Q/16D,Berlin Tennis Open By Hylo,,26,1,26.0,3,3.0,Magdalena Frech,,https://www.wtatennis.com/resources/v7.46.6/i/elements/flags/pol.svg,R32,L,"6-2, 5-7, 0-6",https://www.wtatennis.com/players/320277/magdalena-frech,False,False,False,False,False,False,False,3,True,26,11,15,0,PL,POL,616,150,Europe,Central Europe,POL,"6,2,None|5,7,None|0,6,None",,
1,Roland Garros,https://photoresources.wtatennis.com/photo-resources/2026/04/16/0893d8be-5450-4e36-a144-cdd958c1b484/WTA-Tournament_Roland-Garros.png?height=128,https://www.wtatennis.com/tournaments/903/roland-garros/2025,Grand Slam,Clay,https://www.wtatennis.com/resources/v7.46.6/i/elements/gs-tag.svg,2025-05-25,2025-06-08,2025,5,Paris,FRA,,FR,FRA,250,150,,Europe,Western Europe,FRA,361.0,430.0,476398.0,128M/128Q/64D,Roland Garros,,97,5,19.4,10,2.0,Lois Boisson,,https://www.wtatennis.com/resources/v7.46.6/i/elements/flags/fra.svg,QF,L,"6-7 (6), 3-6",https://www.wtatennis.com/players/328884/lois-boisson,False,False,False,True,False,False,True,2,False,22,9,13,0,FR,FRA,250,150,Europe,Western Europe,FRA,"6,7,6|3,6,None",,
2,Roland Garros,https://photoresources.wtatennis.com/photo-resources/2026/04/16/0893d8be-5450-4e36-a144-cdd958c1b484/WTA-Tournament_Roland-Garros.png?height=128,https://www.wtatennis.com/tournaments/903/roland-garros/2025,Grand Slam,Clay,https://www.wtatennis.com/resources/v7.46.6/i/elements/gs-tag.svg,2025-05-25,2025-06-08,2025,5,Paris,AUS,,FR,FRA,250,150,,Europe,Western Europe,FRA,17.0,430.0,476398.0,128M/128Q/64D,Roland Garros,,97,5,19.4,10,2.0,Daria Kasatkina,17.0,https://www.wtatennis.com/resources/v7.46.6/i/elements/flags/aus.svg,R16,W,"6-3, 7-5",https://www.wtatennis.com/players/322082/daria-kasatkina,False,False,False,False,False,False,False,2,True,21,13,8,1,AU,AUS,036,009,Oceania,Australasia,AUS,"6,3,None|7,5,None",,
3,Roland Garros,https://photoresources.wtatennis.com/photo-resources/2026/04/16/0893d8be-5450-4e36-a144-cdd958c1b484/WTA-Tournament_Roland-Garros.png?height=128,https://www.wtatennis.com/tournaments/903/roland-garros/2025,Grand Slam,Clay,https://www.wtatennis.com/resources/v7.46.6/i/elements/gs-tag.svg,2025-05-25,2025-06-08,2025,5,Paris,KAZ,,FR,FRA,250,150,,Europe,Western Europe,FRA,31.0,430.0,476398.0,128M/128Q/64D,Roland Garros,,97,5,19.4,10,2.0,Yulia Putintseva,32.0,https://www.wtatennis.com/resources/v7.46.6/i/elements/flags/kaz.svg,R32,W,"6-3, 6-1",https://www.wtatennis.com/players/317683/yulia-putintseva,False,False,False,False,False,False,False,2,True,16,12,4,1,KZ,KAZ,398,142,Asia,Central Asia,KAZ,"6,3,None|6,1,None",,
4,Roland Garros,https://photoresources.wtatennis.com/photo-resources/2026/04/16/0893d8be-5450-4e36-a144-cdd958c1b484/WTA-Tournament_Roland-Garros.png?height=128,https://www.wtatennis.com/tournaments/903/roland-garros/2025,Grand Slam,Clay,https://www.wtatennis.com/resources/v7.46.6/i/elements/gs-tag.svg,2025-05-25,2025-06-08,2025,5,Paris,USA,,FR,FRA,250,150,United States of America|America|USA|US,Europe,Western Europe,FRA,35.0,430.0,476398.0,128M/128Q/64D,Roland Garros,,97,5,19.4,10,2.0,Ashlyn Krueger,,https://www.wtatennis.com/resources/v7.46.6/i/elements/flags/usa.svg,R64,W,"6-3, 6-4",https://www.wtatennis.com/players/329409/ashlyn-krueger,False,False,False,False,False,False,False,2,True,19,12,7,1,US,USA,840,019,America,Northern America,USA,"6,3,None|6,4,None",,
5,Roland Garros,https://photoresources.wtatennis.com/photo-resources/2026/04/16/0893d8be-5450-4e36-a144-cdd958c1b484/WTA-Tournament_Roland-Garros.png?height=128,https://www.wtatennis.com/tournaments/903/roland-garros/2025,Grand Slam,Clay,https://www.wtatennis.com/resources/v7.46.6/i/elements/gs-tag.svg,2025-05-25,2025-06-08,2025,5,Paris,ESP,,FR,FRA,250,150,Kingdom of Spain,Europe,Western Europe,FRA,98.0,430.0,476398.0,128M/128Q/64D,Roland Garros,,97,5,19.4,10,2.0,Cristina Bucsa,,https://www.wtatennis.com/resources/v7.46.6/i/elements/flags/esp.svg,R128,W,"6-4, 6-3",https://www.wtatennis.com/players/321158/cristina-bucsa,False,False,False,False,False,False,False,2,True,19,12,7,1,ES,ESP,724,150,Europe,Southern Europe,ESP,"6,4,None|6,3,None",,
1,Internazionali Bnl D'Italia,https://photoresources.wtatennis.com/photo-resources/2026/04/16/2c058ad8-b3d8-49a9-a863-85d7b87a6783/WTA-Tournament_Rome-2018.png?height=128,https://www.wtatennis.com/tournaments/709/rome/2025,WTA 1000,Clay,https://www.wtatennis.com/resources/v7.46.6/i/elements/1000k-tag.svg,2025-05-06,2025-05-18,2025,5,Rome,USA,,IT,ITA,380,150,United States of America|America|USA|US,Europe,Southern Europe,ITA,3.0,215.0,143400.0,128M/48Q/32D,Internazionali Bnl D'Italia,,89,4,22.25,9,2.25,Coco Gauff,4.0,https://www.wtatennis.com/resources/v7.46.6/i/elements/flags/usa.svg,QF,L,"4-6, 6-7 (5)",https://www.wtatennis.com/players/328560/coco-gauff,False,False,False,False,True,False,True,2,False,23,10,13,0,US,USA,840,019,America,Northern America,USA,"4,6,None|6,7,5",,
2,Internazionali Bnl D'Italia,https://photoresources.wtatennis.com/photo-resources/2026/04/16/2c058ad8-b3d8-49a9-a863-85d7b87a6783/WTA-Tournament_Rome-2018.png?height=128,https://www.wtatennis.com/tournaments/709/rome/2025,WTA 1000,Clay,https://www.wtatennis.com/resources/v7.46.6/i/elements/1000k-tag.svg,2025-05-06,2025-05-18,2025,5,Rome,DEN,,IT,ITA,380,150,,Europe,Southern Europe,ITA,23.0,215.0,143400.0,128M/48Q/32D,Internazionali Bnl D'Italia,,89,4,22.25,9,2.25,Clara Tauson,22.0,https://www.wtatennis.com/resources/v7.46.6/i/elements/flags/den.svg,R16,W,"5-7, 6-3, 6-2",https://www.wtatennis.com/players/327793/clara-tauson,False,False,False,False,False,False,False,3,False,29,17,12,1,DK,DNK,208,150,Europe,Northern Europe,DEN,"5,7,None|6,3,None|6,2,None",,
3,Internazionali Bnl D'Italia,https://photoresources.wtatennis.com/photo-resources/2026/04/16/2c058ad8-b3d8-49a9-a863-85d7b87a6783/WTA-Tournament_Rome-2018.png?height=128,https://www.wtatennis.com/tournaments/709/rome/2025,WTA 1000,Clay,https://www.wtatennis.com/resources/v7.46.6/i/elements/1000k-tag.svg,2025-05-06,2025-05-18,2025,5,Rome,CZE,,IT,ITA,380,150,,Europe,Southern Europe,ITA,30.0,215.0,143400.0,128M/48Q/32D,Internazionali Bnl D'Italia,,89,4,22.25,9,2.25,Linda Noskova,30.0,https://www.wtatennis.com/resources/v7.46.6/i/elements/flags/cze.svg,R32,W,"6-1, 7-5",https://www.wtatennis.com/players/329668/linda-noskova,False,False,False,False,False,False,False,2,True,19,13,6,1,CZ,CZE,203,150,Europe,Central Europe,CZE,"6,1,None|7,5,None",,
4,Internazionali Bnl D'Italia,https://photoresources.wtatennis.com/photo-resources/2026/04/16/2c058ad8-b3d8-49a9-a863-85d7b87a6783/WTA-Tournament_Rome-2018.png?height=128,https://www.wtatennis.com/tournaments/709/rome/2025,WTA 1000,Clay,https://www.wtatennis.com/resources/v7.46.6/i/elements/1000k-tag.svg,2025-05-06,2025-05-18,2025,5,Rome,COL,,IT,ITA,380,150,,Europe,Southern Europe,ITA,97.0,215.0,143400.0,128M/48Q/32D,Internazionali Bnl D'Italia,,89,4,22.25,9,2.25,Emiliana Arango,,https://www.wtatennis.com/resources/v7.46.6/i/elements/flags/col.svg,R64,W,"6-2, 6-4",https://www.wtatennis.com/players/324789/emiliana-arango,False,False,False,False,False,False,False,2,True,18,12,6,1,CO,COL,170,019,America,Northern South America,COL,"6,2,None|6,4,None",,
5,Internazionali Bnl D'Italia,https://photoresources.wtatennis.com/photo-resources/2026/04/16/2c058ad8-b3d8-49a9-a863-85d7b87a6783/WTA-Tournament_Rome-2018.png?height=128,https://www.wtatennis.com/tournaments/709/rome/2025,WTA 1000,Clay,https://www.wtatennis.com/resources/v7.46.6/i/elements/1000k-tag.svg,2025-05-06,2025-05-18,2025,5,Rome,,,IT,ITA,380,150,,Europe,Southern Europe,ITA,,215.0,143400.0,128M/48Q/32D,Internazionali Bnl D'Italia,,89,4,22.25,9,2.25,,,,R128,,Bye,,False,False,True,False,False,False,False,0,False,0,0,0,0,,,,,,,,,,
1,Mutua Madrid Open,https://photoresources.wtatennis.com/photo-resources/2026/04/16/46f056ec-5c74-4159-bc35-97ca4c015c80/WTA-Tournament_Madrid-2023.png?height=128,https://www.wtatennis.com/tournaments/1038/madrid/2025,WTA 1000,Clay,https://www.wtatennis.com/resources/v7.46.6/i/elements/1000k-tag.svg,2025-04-22,2025-05-04,2025,4,Madrid,USA,,ES,ESP,724,150,United States of America|America|USA|US,Europe,Southern Europe,ESP,4.0,215.0,189075.0,128M/48Q/32D,Mutua Madrid Open,,76,4,19.0,8,2.0,Coco Gauff,4.0,https://www.wtatennis.com/resources/v7.46.6/i/elements/flags/usa.svg,QF,L,"5-7, 1-6",https://www.wtatennis.com/players/328560/coco-gauff,False,False,False,False,False,False,False,2,False,19,6,13,0,US,USA,840,019,America,Northern America,USA,"5,7,None|1,6,None",,
2,Mutua Madrid Open,https://photoresources.wtatennis.com/photo-resources/2026/04/16/46f056ec-5c74-4159-bc35-97ca4c015c80/WTA-Tournament_Madrid-2023.png?height=128,https://www.wtatennis.com/tournaments/1038/madrid/2025,WTA 1000,Clay,https://www.wtatennis.com/resources/v7.46.6/i/elements/1000k-tag.svg,2025-04-22,2025-05-04,2025,4,Madrid,UKR,,ES,ESP,724,150,,Europe,Southern Europe,ESP,99.0,215.0,189075.0,128M/48Q/32D,Mutua Madrid Open,,76,4,19.0,8,2.0,Yuliia Starodubtseva,,https://www.wtatennis.com/resources/v7.46.6/i/elements/flags/ukr.svg,R16,W,"6-1, 6-4",https://www.wtatennis.com/players/325338/yuliia-starodubtseva,False,False,False,False,False,False,False,2,True,17,12,5,1,UA,UKR,804,150,Europe,Eastern Europe,UKR,"6,1,None|6,4,None",,
3,Mutua Madrid Open,https://photoresources.wtatennis.com/photo-resources/2026/04/16/46f056ec-5c74-4159-bc35-97ca4c015c80/WTA-Tournament_Madrid-2023.png?height=128,https://www.wtatennis.com/tournaments/1038/madrid/2025,WTA 1000,Clay,https://www.wtatennis.com/resources/v7.46.6/i/elements/1000k-tag.svg,2025-04-22,2025-05-04,2025,4,Madrid,POL,,ES,ESP,724,150,,Europe,Southern Europe,ESP,27.0,215.0,189075.0,128M/48Q/32D,Mutua Madrid Open,,76,4,19.0,8,2.0,Magdalena Frech,27.0,https://www.wtatennis.com/resources/v7.46.6/i/elements/flags/pol.svg,R32,W,"7-5, 6-3",https://www.wtatennis.com/players/320277/magdalena-frech,False,False,False,False,False,False,False,2,True,21,13,8,1,PL,POL,616,150,Europe,Central Europe,POL,"7,5,None|6,3,None",,
4,Mutua Madrid Open,https://photoresources.wtatennis.com/photo-resources/2026/04/16/46f056ec-5c74-4159-bc35-97ca4c015c80/WTA-Tournament_Madrid-2023.png?height=128,https://www.wtatennis.com/tournaments/1038/madrid/2025,WTA 1000,Clay,https://www.wtatennis.com/resources/v7.46.6/i/elements/1000k-tag.svg,2025-04-22,2025-05-04,2025,4,Madrid,CZE,,ES,ESP,724,150,,Europe,Southern Europe,ESP,58.0,215.0,189075.0,128M/48Q/32D,Mutua Madrid Open,,76,4,19.0,8,2.0,Marie Bouzkova,,https://www.wtatennis.com/resources/v7.46.6/i/elements/flags/cze.svg,R64,W,"6-3, 6-4",https://www.wtatennis.com/players/320983/marie-bouzkova,False,False,False,False,False,False,False,2,True,19,12,7,1,CZ,CZE,203,150,Europe,Central Europe,CZE,"6,3,None|6,4,None",,
5,Mutua Madrid Open,https://photoresources.wtatennis.com/photo-resources/2026/04/16/46f056ec-5c74-4159-bc35-97ca4c015c80/WTA-Tournament_Madrid-2023.png?height=128,https://www.wtatennis.com/tournaments/1038/madrid/2025,WTA 1000,Clay,https://www.wtatennis.com/resources/v7.46.6/i/elements/1000k-tag.svg,2025-04-22,2025-05-04,2025,4,Madrid,,,ES,ESP,724,150,,Europe,Southern Europe,ESP,,215.0,189075.0,128M/48Q/32D,Mutua Madrid Open,,76,4,19.0,8,2.0,,,,R128,,Bye,,False,False,True,False,False,False,False,0,False,0,0,0,0,,,,,,,,,,
1,Porsche Tennis Grand Prix,https://photoresources.wtatennis.com/photo-resources/2026/04/16/853dd66d-3c70-40ab-9215-4a22158de24a/WTA-Tournament_Stuttgart-2017.png?height=128,https://www.wtatennis.com/tournaments/1051/stuttgart/2025,WTA 500,Clay,https://www.wtatennis.com/resources/v7.46.6/i/elements/500k-tag.svg,2025-04-14,2025-04-21,2025,4,Stuttgart,RUS,,DE,DEU,276,150,,Europe,Central Europe,GER,22.0,60.0,13651.0,32M/16Q/16D,Porsche Tennis Grand Prix,,26,2,13.0,4,2.0,Ekaterina Alexandrova,,https://www.wtatennis.com/resources/v7.46.6/i/elements/flags/rus.svg,R16,L,"3-6, 2-6",https://www.wtatennis.com/players/319007/ekaterina-alexandrova,False,False,False,False,False,False,False,2,False,17,5,12,0,RU,RUS,643,150,Europe,Eastern Europe,RUS,"3,6,None|2,6,None",,
2,Porsche Tennis Grand Prix,https://photoresources.wtatennis.com/photo-resources/2026/04/16/853dd66d-3c70-40ab-9215-4a22158de24a/WTA-Tournament_Stuttgart-2017.png?height=128,https://www.wtatennis.com/tournaments/1051/stuttgart/2025,WTA 500,Clay,https://www.wtatennis.com/resources/v7.46.6/i/elements/500k-tag.svg,2025-04-14,2025-04-21,2025,4,Stuttgart,RUS,,DE,DEU,276,150,,Europe,Central Europe,GER,97.0,60.0,13651.0,32M/16Q/16D,Porsche Tennis Grand Prix,,26,2,13.0,4,2.0,Erika Andreeva,,https://www.wtatennis.com/resources/v7.46.6/i/elements/flags/rus.svg,R32,W,"6-2, 1-0",https://www.wtatennis.com/players/330151/erika-andreeva,True,False,False,False,False,False,False,2,True,9,7,2,1,RU,RUS,643,150,Europe,Eastern Europe,RUS,"6,2,None|1,0,None|Ret",,
1,Miami Open Presented By Itaú,https://photoresources.wtatennis.com/photo-resources/2026/04/16/e0f2d5a2-cc05-4b2a-8377-f57edf6eaaa2/WTA-Tournament_Miami-2024.png?height=128,https://www.wtatennis.com/tournaments/902/miami/2025,WTA 1000,Hard,https://www.wtatennis.com/resources/v7.46.6/i/elements/1000k-tag.svg,2025-03-18,2025-03-30,2025,3,Miami,USA,FL,US,USA,840,019,United States of America|America|USA|US,America,Northern America,USA,17.0,65.0,60400.0,128M/48Q/32D,Miami Open Presented By Itaú,,44,2,22.0,5,2.5,Amanda Anisimova,17.0,https://www.wtatennis.com/resources/v7.46.6/i/elements/flags/usa.svg,R32,L,"6-7 (5), 6-2, 3-6",https://www.wtatennis.com/players/326384/amanda-anisimova,False,False,False,True,False,False,True,3,False,30,15,15,0,US,USA,840,019,America,Northern America,USA,"6,7,5|6,2,None|3,6,None",,
2,Miami Open Presented By Itaú,https://photoresources.wtatennis.com/photo-resources/2026/04/16/e0f2d5a2-cc05-4b2a-8377-f57edf6eaaa2/WTA-Tournament_Miami-2024.png?height=128,https://www.wtatennis.com/tournaments/902/miami/2025,WTA 1000,Hard,https://www.wtatennis.com/resources/v7.46.6/i/elements/1000k-tag.svg,2025-03-18,2025-03-30,2025,3,Miami,RUS,FL,US,USA,840,019,,America,Northern America,USA,52.0,65.0,60400.0,128M/48Q/32D,Miami Open Presented By Itaú,,44,2,22.0,5,2.5,Veronika Kudermetova,,https://www.wtatennis.com/resources/v7.46.6/i/elements/flags/rus.svg,R64,W,"6-0, 6-2",https://www.wtatennis.com/players/319526/veronika-kudermetova,False,False,False,False,False,False,False,2,True,14,12,2,1,RU,RUS,643,150,Europe,Eastern Europe,RUS,"6,0,None|6,2,None",,
3,Miami Open Presented By Itaú,https://photoresources.wtatennis.com/photo-resources/2026/04/16/e0f2d5a2-cc05-4b2a-8377-f57edf6eaaa2/WTA-Tournament_Miami-2024.png?height=128,https://www.wtatennis.com/tournaments/902/miami/2025,WTA 1000,Hard,https://www.wtatennis.com/resources/v7.46.6/i/elements/1000k-tag.svg,2025-03-18,2025-03-30,2025,3,Miami,,FL,US,USA,840,019,,America,Northern America,USA,,65.0,60400.0,128M/48Q/32D,Miami Open Presented By Itaú,,44,2,22.0,5,2.5,,,,R128,,Bye,,False,False,True,False,False,False,False,0,False,0,0,0,0,,,,,,,,,,
1,Bnp Paribas Open,https://photoresources.wtatennis.com/photo-resources/2026/04/16/a1736320-dd92-4829-8aa8-846c2edef410/WTA-Tournament_Indian-Wells-2017.png?height=128,https://www.wtatennis.com/tournaments/609/indian-wells/2025,WTA 1000,Hard,https://www.wtatennis.com/resources/v7.46.6/i/elements/1000k-tag.svg,2025-03-05,2025-03-16,2025,3,Indian Wells,BLR,CA,US,USA,840,019,,America,Northern America,USA,1.0,1000.0,1127500.0,128M/48Q/32D,Bnp Paribas Open,,129,6,21.5,14,2.3333333333333335,Aryna Sabalenka,1.0,https://www.wtatennis.com/resources/v7.46.6/i/elements/flags/blr.svg,F,W,"2-6, 6-4, 6-3",https://www.wtatennis.com/players/320760/aryna-sabalenka,False,False,False,False,False,False,False,3,False,27,14,13,1,BY,BLR,112,150,Europe,Eastern Europe,BLR,"2,6,None|6,4,None|6,3,None",,
2,Bnp Paribas Open,https://photoresources.wtatennis.com/photo-resources/2026/04/16/a1736320-dd92-4829-8aa8-846c2edef410/WTA-Tournament_Indian-Wells-2017.png?height=128,https://www.wtatennis.com/tournaments/609/indian-wells/2025,WTA 1000,Hard,https://www.wtatennis.com/resources/v7.46.6/i/elements/1000k-tag.svg,2025-03-05,2025-03-16,2025,3,Indian Wells,POL,CA,US,USA,840,019,,America,Northern America,USA,2.0,1000.0,1127500.0,128M/48Q/32D,Bnp Paribas Open,,129,6,21.5,14,2.3333333333333335,Iga Swiatek,2.0,https://www.wtatennis.com/resources/v7.46.6/i/elements/flags/pol.svg,SF,W,"7-6 (1), 1-6, 6-3",https://www.wtatennis.com/players/326408/iga-swiatek,False,False,False,True,False,False,True,3,True,29,14,15,1,PL,POL,616,150,Europe,Central Europe,POL,"7,6,1|1,6,None|6,3,None",,
3,Bnp Paribas Open,https://photoresources.wtatennis.com/photo-resources/2026/04/16/a1736320-dd92-4829-8aa8-846c2edef410/WTA-Tournament_Indian-Wells-2017.png?height=128,https://www.wtatennis.com/tournaments/609/indian-wells/2025,WTA 1000,Hard,https://www.wtatennis.com/resources/v7.46.6/i/elements/1000k-tag.svg,2025-03-05,2025-03-16,2025,3,Indian Wells,UKR,CA,US,USA,840,019,,America,Northern America,USA,23.0,1000.0,1127500.0,128M/48Q/32D,Bnp Paribas Open,,129,6,21.5,14,2.3333333333333335,Elina Svitolina,23.0,https://www.wtatennis.com/resources/v7.46.6/i/elements/flags/ukr.svg,QF,W,"7-5, 6-3",https://www.wtatennis.com/players/316738/elina-svitolina,False,False,False,False,False,False,False,2,True,21,13,8,1,UA,UKR,804,150,Europe,Eastern Europe,UKR,"7,5,None|6,3,None",,
4,Bnp Paribas Open,https://photoresources.wtatennis.com/photo-resources/2026/04/16/a1736320-dd92-4829-8aa8-846c2edef410/WTA-Tournament_Indian-Wells-2017.png?height=128,https://www.wtatennis.com/tournaments/609/indian-wells/2025,WTA 1000,Hard,https://www.wtatennis.com/resources/v7.46.6/i/elements/1000k-tag.svg,2025-03-05,2025-03-16,2025,3,Indian Wells,KAZ,CA,US,USA,840,019,,America,Northern America,USA,7.0,1000.0,1127500.0,128M/48Q/32D,Bnp Paribas Open,,129,6,21.5,14,2.3333333333333335,Elena Rybakina,7.0,https://www.wtatennis.com/resources/v7.46.6/i/elements/flags/kaz.svg,R16,W,"6-1, 6-2",https://www.wtatennis.com/players/324166/elena-rybakina,False,False,False,False,False,False,False,2,True,15,12,3,1,KZ,KAZ,398,142,Asia,Central Asia,KAZ,"6,1,None|6,2,None",,
5,Bnp Paribas Open,https://photoresources.wtatennis.com/photo-resources/2026/04/16/a1736320-dd92-4829-8aa8-846c2edef410/WTA-Tournament_Indian-Wells-2017.png?height=128,https://www.wtatennis.com/tournaments/609/indian-wells/2025,WTA 1000,Hard,https://www.wtatennis.com/resources/v7.46.6/i/elements/1000k-tag.svg,2025-03-05,2025-03-16,2025,3,Indian Wells,DEN,CA,US,USA,840,019,,America,Northern America,USA,21.0,1000.0,1127500.0,128M/48Q/32D,Bnp Paribas Open,,129,6,21.5,14,2.3333333333333335,Clara Tauson,22.0,https://www.wtatennis.com/resources/v7.46.6/i/elements/flags/den.svg,R32,W,"6-3, 6-0",https://www.wtatennis.com/players/327793/clara-tauson,False,False,False,False,False,False,False,2,True,15,12,3,1,DK,DNK,208,150,Europe,Northern Europe,DEN,"6,3,None|6,0,None",,
6,Bnp Paribas Open,https://photoresources.wtatennis.com/photo-resources/2026/04/16/a1736320-dd92-4829-8aa8-846c2edef410/WTA-Tournament_Indian-Wells-2017.png?height=128,https://www.wtatennis.com/tournaments/609/indian-wells/2025,WTA 1000,Hard,https://www.wtatennis.com/resources/v7.46.6/i/elements/1000k-tag.svg,2025-03-05,2025-03-16,2025,3,Indian Wells,FRA,CA,US,USA,840,019,,America,Northern America,USA,70.0,1000.0,1127500.0,128M/48Q/32D,Bnp Paribas Open,,129,6,21.5,14,2.3333333333333335,Varvara Gracheva,,https://www.wtatennis.com/resources/v7.46.6/i/elements/flags/fra.svg,R64,W,"7-5, 6-4",https://www.wtatennis.com/players/325836/varvara-gracheva,False,False,False,False,False,False,False,2,True,22,13,9,1,FR,FRA,250,150,Europe,Western Europe,FRA,"7,5,None|6,4,None",,
7,Bnp Paribas Open,https://photoresources.wtatennis.com/photo-resources/2026/04/16/a1736320-dd92-4829-8aa8-846c2edef410/WTA-Tournament_Indian-Wells-2017.png?height=128,https://www.wtatennis.com/tournaments/609/indian-wells/2025,WTA 1000,Hard,https://www.wtatennis.com/resources/v7.46.6/i/elements/1000k-tag.svg,2025-03-05,2025-03-16,2025,3,Indian Wells,,CA,US,USA,840,019,,America,Northern America,USA,,1000.0,1127500.0,128M/48Q/32D,Bnp Paribas Open,,129,6,21.5,14,2.3333333333333335,,,,R128,,Bye,,False,False,True,False,False,False,False,0,False,0,0,0,0,,,,,,,,,,
1,Dubai Duty Free Tennis Championships,https://photoresources.wtatennis.com/photo-resources/2026/04/16/2aee9d91-0756-4a92-b0bb-09b8d0dd8d76/WTA-Tournament_Dubai-2017.png?height=128,https://www.wtatennis.com/tournaments/718/dubai/2025,WTA 1000,Hard,https://www.wtatennis.com/resources/v7.46.6/i/elements/1000k-tag.svg,2025-02-16,2025-02-22,2025,2,Dubai,DEN,,AE,ARE,784,142,,Asia,Western Asia,UAE,38.0,1000.0,597000.0,64M/32Q/32D,Dubai Duty Free Tennis Championships,,114,6,19.0,13,2.1666666666666665,Clara Tauson,,https://www.wtatennis.com/resources/v7.46.6/i/elements/flags/den.svg,F,W,"7-6 (1), 6-1",https://www.wtatennis.com/players/327793/clara-tauson,False,False,False,True,False,False,True,2,True,20,13,7,1,DK,DNK,208,150,Europe,Northern Europe,DEN,"7,6,1|6,1,None",,
2,Dubai Duty Free Tennis Championships,https://photoresources.wtatennis.com/photo-resources/2026/04/16/2aee9d91-0756-4a92-b0bb-09b8d0dd8d76/WTA-Tournament_Dubai-2017.png?height=128,https://www.wtatennis.com/tournaments/718/dubai/2025,WTA 1000,Hard,https://www.wtatennis.com/resources/v7.46.6/i/elements/1000k-tag.svg,2025-02-16,2025-02-22,2025,2,Dubai,KAZ,,AE,ARE,784,142,,Asia,Western Asia,UAE,7.0,1000.0,597000.0,64M/32Q/32D,Dubai Duty Free Tennis Championships,,114,6,19.0,13,2.1666666666666665,Elena Rybakina,6.0,https://www.wtatennis.com/resources/v7.46.6/i/elements/flags/kaz.svg,SF,W,"6-4, 4-6, 6-3",https://www.wtatennis.com/players/324166/elena-rybakina,False,False,False,False,False,False,False,3,True,29,16,13,1,KZ,KAZ,398,142,Asia,Central Asia,KAZ,"6,4,None|4,6,None|6,3,None",,
3,Dubai Duty Free Tennis Championships,https://photoresources.wtatennis.com/photo-resources/2026/04/16/2aee9d91-0756-4a92-b0bb-09b8d0dd8d76/WTA-Tournament_Dubai-2017.png?height=128,https://www.wtatennis.com/tournaments/718/dubai/2025,WTA 1000,Hard,https://www.wtatennis.com/resources/v7.46.6/i/elements/1000k-tag.svg,2025-02-16,2025-02-22,2025,2,Dubai,POL,,AE,ARE,784,142,,Asia,Western Asia,UAE,2.0,1000.0,597000.0,64M/32Q/32D,Dubai Duty Free Tennis Championships,,114,6,19.0,13,2.1666666666666665,Iga Swiatek,2.0,https://www.wtatennis.com/resources/v7.46.6/i/elements/flags/pol.svg,QF,W,"6-3, 6-3",https://www.wtatennis.com/players/326408/iga-swiatek,False,False,False,False,False,False,False,2,True,18,12,6,1,PL,POL,616,150,Europe,Central Europe,POL,"6,3,None|6,3,None",,
4,Dubai Duty Free Tennis Championships,https://photoresources.wtatennis.com/photo-resources/2026/04/16/2aee9d91-0756-4a92-b0bb-09b8d0dd8d76/WTA-Tournament_Dubai-2017.png?height=128,https://www.wtatennis.com/tournaments/718/dubai/2025,WTA 1000,Hard,https://www.wtatennis.com/resources/v7.46.6/i/elements/1000k-tag.svg,2025-02-16,2025-02-22,2025,2,Dubai,USA,,AE,ARE,784,142,United States of America|America|USA|US,Asia,Western Asia,UAE,46.0,1000.0,597000.0,64M/32Q/32D,Dubai Duty Free Tennis Championships,,114,6,19.0,13,2.1666666666666665,Peyton Stearns,,https://www.wtatennis.com/resources/v7.46.6/i/elements/flags/usa.svg,R16,W,"6-1, 6-1",https://www.wtatennis.com/players/327573/peyton-stearns,False,False,False,False,False,False,False,2,True,14,12,2,1,US,USA,840,019,America,Northern America,USA,"6,1,None|6,1,None",,
5,Dubai Duty Free Tennis Championships,https://photoresources.wtatennis.com/photo-resources/2026/04/16/2aee9d91-0756-4a92-b0bb-09b8d0dd8d76/WTA-Tournament_Dubai-2017.png?height=128,https://www.wtatennis.com/tournaments/718/dubai/2025,WTA 1000,Hard,https://www.wtatennis.com/resources/v7.46.6/i/elements/1000k-tag.svg,2025-02-16,2025-02-22,2025,2,Dubai,CZE,,AE,ARE,784,142,,Asia,Western Asia,UAE,39.0,1000.0,597000.0,64M/32Q/32D,Dubai Duty Free Tennis Championships,,114,6,19.0,13,2.1666666666666665,Marketa Vondrousova,,https://www.wtatennis.com/resources/v7.46.6/i/elements/flags/cze.svg,R32,W,"7-5, 6-0",https://www.wtatennis.com/players/323027/marketa-vondrousova,False,False,False,False,False,False,False,2,True,18,13,5,1,CZ,CZE,203,150,Europe,Central Europe,CZE,"7,5,None|6,0,None",,
6,Dubai Duty Free Tennis Championships,https://photoresources.wtatennis.com/photo-resources/2026/04/16/2aee9d91-0756-4a92-b0bb-09b8d0dd8d76/WTA-Tournament_Dubai-2017.png?height=128,https://www.wtatennis.com/tournaments/718/dubai/2025,WTA 1000,Hard,https://www.wtatennis.com/resources/v7.46.6/i/elements/1000k-tag.svg,2025-02-16,2025-02-22,2025,2,Dubai,ARM,,AE,ARE,784,142,,Asia,Western Asia,UAE,44.0,1000.0,597000.0,64M/32Q/32D,Dubai Duty Free Tennis Championships,,114,6,19.0,13,2.1666666666666665,Elina Avanesyan,,https://www.wtatennis.com/resources/v7.46.6/i/elements/flags/arm.svg,R64,W,"6-2, 6-1",https://www.wtatennis.com/players/327620/elina-avanesyan,False,False,False,False,False,False,False,2,True,15,12,3,1,AM,ARM,051,142,Asia,Western Asia,ARM,"6,2,None|6,1,None",,
1,Qatar Totalenergies Open 2025,https://photoresources.wtatennis.com/photo-resources/2026/04/16/c44d1d24-32ae-4ebe-b5e8-bd228bfb4fc8/1003_Doha_2026.png?height=128,https://www.wtatennis.com/tournaments/1003/doha/2025,WTA 1000,Hard,https://www.wtatennis.com/resources/v7.46.6/i/elements/1000k-tag.svg,2025-02-09,2025-02-15,2025,2,Doha,SVK,,QA,QAT,634,142,,Asia,Western Asia,QAT,46.0,65.0,23500.0,64M/32Q/32D,Qatar Totalenergies Open 2025,,63,2,31.5,6,3.0,Rebecca Sramkova,,https://www.wtatennis.com/resources/v7.46.6/i/elements/flags/svk.svg,R32,L,"6-3, 3-6, 5-7",https://www.wtatennis.com/players/320228/rebecca-sramkova,False,False,False,False,False,False,False,3,True,30,14,16,0,SK,SVK,703,150,Europe,Central Europe,SVK,"6,3,None|3,6,None|5,7,None",,
2,Qatar Totalenergies Open 2025,https://photoresources.wtatennis.com/photo-resources/2026/04/16/c44d1d24-32ae-4ebe-b5e8-bd228bfb4fc8/1003_Doha_2026.png?height=128,https://www.wtatennis.com/tournaments/1003/doha/2025,WTA 1000,Hard,https://www.wtatennis.com/resources/v7.46.6/i/elements/1000k-tag.svg,2025-02-09,2025-02-15,2025,2,Doha,USA,,QA,QAT,634,142,United States of America|America|USA|US,Asia,Western Asia,QAT,64.0,65.0,23500.0,64M/32Q/32D,Qatar Totalenergies Open 2025,,63,2,31.5,6,3.0,Katie Volynets,,https://www.wtatennis.com/resources/v7.46.6/i/elements/flags/usa.svg,R64,W,"4-6, 7-6 (4), 6-4",https://www.wtatennis.com/players/327391/katie-volynets,False,False,False,False,True,False,True,3,False,33,17,16,1,US,USA,840,019,America,Northern America,USA,"4,6,None|7,6,4|6,4,None",,
1,Australian Open,https://photoresources.wtatennis.com/photo-resources/2026/04/16/6b041ce4-8b08-4fff-be75-89d1c452c157/WTA-Tournament_Australian-Open.png?height=128,https://www.wtatennis.com/tournaments/901/australian-open/2025,Grand Slam,Hard,https://www.wtatennis.com/resources/v7.46.6/i/elements/gs-tag.svg,2025-01-12,2025-01-26,2025,1,Melbourne,BLR,,AU,AUS,036,009,,Oceania,Australasia,AUS,1.0,240.0,265093.0,128M/128Q/64D,Australian Open,,88,4,22.0,10,2.5,Aryna Sabalenka,1.0,https://www.wtatennis.com/resources/v7.46.6/i/elements/flags/blr.svg,R16,L,"1-6, 2-6",https://www.wtatennis.com/players/320760/aryna-sabalenka,False,False,False,False,False,False,False,2,False,15,3,12,0,BY,BLR,112,150,Europe,Eastern Europe,BLR,"1,6,None|2,6,None",,
2,Australian Open,https://photoresources.wtatennis.com/photo-resources/2026/04/16/6b041ce4-8b08-4fff-be75-89d1c452c157/WTA-Tournament_Australian-Open.png?height=128,https://www.wtatennis.com/tournaments/901/australian-open/2025,Grand Slam,Hard,https://www.wtatennis.com/resources/v7.46.6/i/elements/gs-tag.svg,2025-01-12,2025-01-26,2025,1,Melbourne,POL,,AU,AUS,036,009,,Oceania,Australasia,AUS,26.0,240.0,265093.0,128M/128Q/64D,Australian Open,,88,4,22.0,10,2.5,Magdalena Frech,23.0,https://www.wtatennis.com/resources/v7.46.6/i/elements/flags/pol.svg,R32,W,"6-2, 1-6, 6-2",https://www.wtatennis.com/players/320277/magdalena-frech,False,False,False,False,False,False,False,3,True,23,13,10,1,PL,POL,616,150,Europe,Central Europe,POL,"6,2,None|1,6,None|6,2,None",,
3,Australian Open,https://photoresources.wtatennis.com/photo-resources/2026/04/16/6b041ce4-8b08-4fff-be75-89d1c452c157/WTA-Tournament_Australian-Open.png?height=128,https://www.wtatennis.com/tournaments/901/australian-open/2025,Grand Slam,Hard,https://www.wtatennis.com/resources/v7.46.6/i/elements/gs-tag.svg,2025-01-12,2025-01-26,2025,1,Melbourne,JPN,,AU,AUS,036,009,,Oceania,Australasia,AUS,63.0,240.0,265093.0,128M/128Q/64D,Australian Open,,88,4,22.0,10,2.5,Moyuka Uchijima,,https://www.wtatennis.com/resources/v7.46.6/i/elements/flags/jpn.svg,R64,W,"6-4, 3-6, 7-6 (8)",https://www.wtatennis.com/players/327241/moyuka-uchijima,False,False,False,False,False,True,True,3,True,32,16,16,1,JP,JPN,392,142,Asia,East Asia,JPN,"6,4,None|3,6,None|7,6,8",,
4,Australian Open,https://photoresources.wtatennis.com/photo-resources/2026/04/16/6b041ce4-8b08-4fff-be75-89d1c452c157/WTA-Tournament_Australian-Open.png?height=128,https://www.wtatennis.com/tournaments/901/australian-open/2025,Grand Slam,Hard,https://www.wtatennis.com/resources/v7.46.6/i/elements/gs-tag.svg,2025-01-12,2025-01-26,2025,1,Melbourne,CZE,,AU,AUS,036,009,,Oceania,Australasia,AUS,43.0,240.0,265093.0,128M/128Q/64D,Australian Open,,88,4,22.0,10,2.5,Marie Bouzkova,,https://www.wtatennis.com/resources/v7.46.6/i/elements/flags/cze.svg,R128,W,"6-3, 6-3",https://www.wtatennis.com/players/320983/marie-bouzkova,False,False,False,False,False,False,False,2,True,18,12,6,1,CZ,CZE,203,150,Europe,Central Europe,CZE,"6,3,None|6,3,None",,
1,Brisbane International Presented By Evie,,https://www.wtatennis.com/tournaments/800/brisbane/2025,WTA 500,Hard,https://www.wtatennis.com/resources/v7.46.6/i/elements/500k-tag.svg,2025-12-29,2025-01-05,2025,12,Brisbane,BLR,,AU,AUS,036,009,,Oceania,Australasia,AUS,1.0,195.0,69950.0,64M/24Q/16D,Brisbane International Presented By Evie,,75,4,18.75,8,2.0,Aryna Sabalenka,1.0,https://www.wtatennis.com/resources/v7.46.6/i/elements/flags/blr.svg,SF,L,"3-6, 2-6",https://www.wtatennis.com/players/320760/aryna-sabalenka,False,False,False,False,False,False,False,2,False,17,5,12,0,BY,BLR,112,150,Europe,Eastern Europe,BLR,"3,6,None|2,6,None",,
2,Brisbane International Presented By Evie,,https://www.wtatennis.com/tournaments/800/brisbane/2025,WTA 500,Hard,https://www.wtatennis.com/resources/v7.46.6/i/elements/500k-tag.svg,2025-12-29,2025-01-05,2025,12,Brisbane,TUN,,AU,AUS,036,009,,Oceania,Australasia,AUS,42.0,195.0,69950.0,64M/24Q/16D,Brisbane International Presented By Evie,,75,4,18.75,8,2.0,Ons Jabeur,,https://www.wtatennis.com/resources/v7.46.6/i/elements/flags/tun.svg,QF,W,"6-4, 7-6 (2)",https://www.wtatennis.com/players/316847/ons-jabeur,False,False,False,False,True,False,True,2,True,23,13,10,1,TN,TUN,788,002,Africa,North Africa,TUN,"6,4,None|7,6,2",,
3,Brisbane International Presented By Evie,,https://www.wtatennis.com/tournaments/800/brisbane/2025,WTA 500,Hard,https://www.wtatennis.com/resources/v7.46.6/i/elements/500k-tag.svg,2025-12-29,2025-01-05,2025,12,Brisbane,CZE,,AU,AUS,036,009,,Oceania,Australasia,AUS,26.0,195.0,69950.0,64M/24Q/16D,Brisbane International Presented By Evie,,75,4,18.75,8,2.0,Linda Noskova,12.0,https://www.wtatennis.com/resources/v7.46.6/i/elements/flags/cze.svg,R16,W,"6-3, 6-0",https://www.wtatennis.com/players/329668/linda-noskova,False,False,False,False,False,False,False,2,True,15,12,3,1,CZ,CZE,203,150,Europe,Central Europe,CZE,"6,3,None|6,0,None",,
4,Brisbane International Presented By Evie,,https://www.wtatennis.com/tournaments/800/brisbane/2025,WTA 500,Hard,https://www.wtatennis.com/resources/v7.46.6/i/elements/500k-tag.svg,2025-12-29,2025-01-05,2025,12,Brisbane,RUS,,AU,AUS,036,009,,Oceania,Australasia,AUS,77.0,195.0,69950.0,64M/24Q/16D,Brisbane International Presented By Evie,,75,4,18.75,8,2.0,Anna Blinkova,,https://www.wtatennis.com/resources/v7.46.6/i/elements/flags/rus.svg,R32,W,"6-4, 6-4",https://www.wtatennis.com/players/324267/anna-blinkova,False,False,False,False,False,False,False,2,True,20,12,8,1,RU,RUS,643,150,Europe,Eastern Europe,RUS,"6,4,None|6,4,None",,
5,Brisbane International Presented By Evie,,https://www.wtatennis.com/tournaments/800/brisbane/2025,WTA 500,Hard,https://www.wtatennis.com/resources/v7.46.6/i/elements/500k-tag.svg,2025-12-29,2025-01-05,2025,12,Brisbane,,,AU,AUS,036,009,,Oceania,Australasia,AUS,,195.0,69950.0,64M/24Q/16D,Brisbane International Presented By Evie,,75,4,18.75,8,2.0,,,,R64,,Bye,,False,False,True,False,False,False,False,0,False,0,0,0,0,,,,,,,,,,
1,Ningbo Open,,https://www.wtatennis.com/tournaments/2092/ningbo/2024,WTA 500,Hard,https://www.wtatennis.com/resources/v7.46.6/i/elements/500k-tag.svg,2024-10-14,2024-10-20,2024,10,Ningbo,AUS,,CN,CHN,156,142,,Asia,East Asia,CHN,11.0,325.0,87655.0,32M/24Q/16D,Ningbo Open,,142,5,28.4,11,2.2,Daria Kasatkina,5.0,https://www.wtatennis.com/resources/v7.46.6/i/elements/flags/aus.svg,F,L,"0-6, 6-4, 4-6",https://www.wtatennis.com/players/322082/daria-kasatkina,False,False,False,False,False,False,False,3,False,26,10,16,0,AU,AUS,036,009,Oceania,Australasia,AUS,"0,6,None|6,4,None|4,6,None",,
2,Ningbo Open,,https://www.wtatennis.com/tournaments/2092/ningbo/2024,WTA 500,Hard,https://www.wtatennis.com/resources/v7.46.6/i/elements/500k-tag.svg,2024-10-14,2024-10-20,2024,10,Ningbo,CZE,,CN,CHN,156,142,,Asia,East Asia,CHN,30.0,325.0,87655.0,32M/24Q/16D,Ningbo Open,,142,5,28.4,11,2.2,Karolina Muchova,,https://www.wtatennis.com/resources/v7.46.6/i/elements/flags/cze.svg,SF,W,"6-2, 1-0",https://www.wtatennis.com/players/322191/karolina-muchova,True,False,False,False,False,False,False,2,True,9,7,2,1,CZ,CZE,203,150,Europe,Central Europe,CZE,"6,2,None|1,0,None|Ret",,
3,Ningbo Open,,https://www.wtatennis.com/tournaments/2092/ningbo/2024,WTA 500,Hard,https://www.wtatennis.com/resources/v7.46.6/i/elements/500k-tag.svg,2024-10-14,2024-10-20,2024,10,Ningbo,CZE,,CN,CHN,156,142,,Asia,East Asia,CHN,13.0,325.0,87655.0,32M/24Q/16D,Ningbo Open,,142,5,28.4,11,2.2,Barbora Krejcikova,4.0,https://www.wtatennis.com/resources/v7.46.6/i/elements/flags/cze.svg,QF,W,"7-65, 3-2",https://www.wtatennis.com/players/318314/barbora-krejcikova,True,False,False,True,False,False,True,2,True,77,10,67,1,CZ,CZE,203,150,Europe,Central Europe,CZE,"7,65,None|3,2,None|Ret",,
4,Ningbo Open,,https://www.wtatennis.com/tournaments/2092/ningbo/2024,WTA 500,Hard,https://www.wtatennis.com/resources/v7.46.6/i/elements/500k-tag.svg,2024-10-14,2024-10-20,2024,10,Ningbo,GER,,CN,CHN,156,142,,Asia,East Asia,CHN,129.0,325.0,87655.0,32M/24Q/16D,Ningbo Open,,142,5,28.4,11,2.2,Tamara Korpatsch,,https://www.wtatennis.com/resources/v7.46.6/i/elements/flags/ger.svg,R16,W,"6-0, 6-4",https://www.wtatennis.com/players/319571/tamara-korpatsch,False,False,False,False,False,False,False,2,True,16,12,4,1,DE,DEU,276,150,Europe,Central Europe,GER,"6,0,None|6,4,None",,
5,Ningbo Open,,https://www.wtatennis.com/tournaments/2092/ningbo/2024,WTA 500,Hard,https://www.wtatennis.com/resources/v7.46.6/i/elements/500k-tag.svg,2024-10-14,2024-10-20,2024,10,Ningbo,USA,,CN,CHN,156,142,United States of America|America|USA|US,Asia,East Asia,CHN,161.0,325.0,87655.0,32M/24Q/16D,Ningbo Open,,142,5,28.4,11,2.2,Varvara Lepchenko,,https://www.wtatennis.com/resources/v7.46.6/i/elements/flags/usa.svg,R32,W,"6-2, 6-0",https://www.wtatennis.com/players/120420/varvara-lepchenko,False,False,False,False,False,False,False,2,True,14,12,2,1,US,USA,840,019,America,Northern America,USA,"6,2,None|6,0,None",,
1,Dongfeng Voyah · Wuhan Open,,https://www.wtatennis.com/tournaments/1075/wuhan/2024,WTA 1000,Hard,https://www.wtatennis.com/resources/v7.46.6/i/elements/1000k-tag.svg,2024-10-07,2024-10-13,2024,10,Wuhan,RUS,,CN,CHN,156,142,,Asia,East Asia,CHN,70.0,65.0,20714.0,64M/32Q/32D,Dongfeng Voyah · Wuhan Open,,38,2,19.0,4,2.0,Erika Andreeva,,https://www.wtatennis.com/resources/v7.46.6/i/elements/flags/rus.svg,R32,L,"3-6, 1-6",https://www.wtatennis.com/players/330151/erika-andreeva,False,False,False,False,False,False,False,2,False,16,4,12,0,RU,RUS,643,150,Europe,Eastern Europe,RUS,"3,6,None|1,6,None",,
2,Dongfeng Voyah · Wuhan Open,,https://www.wtatennis.com/tournaments/1075/wuhan/2024,WTA 1000,Hard,https://www.wtatennis.com/resources/v7.46.6/i/elements/1000k-tag.svg,2024-10-07,2024-10-13,2024,10,Wuhan,CHN,,CN,CHN,156,142,,Asia,East Asia,CHN,99.0,65.0,20714.0,64M/32Q/32D,Dongfeng Voyah · Wuhan Open,,38,2,19.0,4,2.0,Xiyu Wang,,https://www.wtatennis.com/resources/v7.46.6/i/elements/flags/chn.svg,R64,W,"7-6 (5), 6-3",https://www.wtatennis.com/players/326160/xiyu-wang,False,False,False,True,False,False,True,2,True,22,13,9,1,CN,CHN,156,142,Asia,East Asia,CHN,"7,6,5|6,3,None",,
1,China Open,,https://www.wtatennis.com/tournaments/1020/beijing/2024,WTA 1000,Hard,https://www.wtatennis.com/resources/v7.46.6/i/elements/1000k-tag.svg,2024-09-25,2024-10-06,2024,9,Beijing,CHN,,CN,CHN,156,142,,Asia,East Asia,CHN,7.0,215.0,185000.0,128M/48Q/32D,China Open,,100,4,25.0,11,2.75,Qinwen Zheng,5.0,https://www.wtatennis.com/resources/v7.46.6/i/elements/flags/chn.svg,QF,L,"7-5, 0-6, 4-6",https://www.wtatennis.com/players/328120/qinwen-zheng,False,False,False,False,False,False,False,3,True,28,11,17,0,CN,CHN,156,142,Asia,East Asia,CHN,"7,5,None|0,6,None|4,6,None",,
2,China Open,,https://www.wtatennis.com/tournaments/1020/beijing/2024,WTA 1000,Hard,https://www.wtatennis.com/resources/v7.46.6/i/elements/1000k-tag.svg,2024-09-25,2024-10-06,2024,9,Beijing,POL,,CN,CHN,156,142,,Asia,East Asia,CHN,45.0,215.0,185000.0,128M/48Q/32D,China Open,,100,4,25.0,11,2.75,Magda Linette,31.0,https://www.wtatennis.com/resources/v7.46.6/i/elements/flags/pol.svg,R16,W,"6-1, 6-3",https://www.wtatennis.com/players/315130/magda-linette,False,False,False,False,False,False,False,2,True,16,12,4,1,PL,POL,616,150,Europe,Central Europe,POL,"6,1,None|6,3,None",,
3,China Open,,https://www.wtatennis.com/tournaments/1020/beijing/2024,WTA 1000,Hard,https://www.wtatennis.com/resources/v7.46.6/i/elements/1000k-tag.svg,2024-09-25,2024-10-06,2024,9,Beijing,CRO,,CN,CHN,156,142,,Asia,East Asia,CHN,20.0,215.0,185000.0,128M/48Q/32D,China Open,,100,4,25.0,11,2.75,Donna Vekic,16.0,https://www.wtatennis.com/resources/v7.46.6/i/elements/flags/cro.svg,R32,W,"3-6, 6-4, 6-4",https://www.wtatennis.com/players/318516/donna-vekic,False,False,False,False,False,False,False,3,False,29,15,14,1,HR,HRV,191,150,Europe,Southeastern Europe,CRO,"3,6,None|6,4,None|6,4,None",,
4,China Open,,https://www.wtatennis.com/tournaments/1020/beijing/2024,WTA 1000,Hard,https://www.wtatennis.com/resources/v7.46.6/i/elements/1000k-tag.svg,2024-09-25,2024-10-06,2024,9,Beijing,ROU,,CN,CHN,156,142,,Asia,East Asia,CHN,103.0,215.0,185000.0,128M/48Q/32D,China Open,,100,4,25.0,11,2.75,Irina-Camelia Begu,,https://www.wtatennis.com/resources/v7.46.6/i/elements/flags/rou.svg,R64,W,"6-7 (5), 6-1, 6-1",https://www.wtatennis.com/players/313169/irina-camelia-begu,False,False,False,True,False,False,True,3,False,27,18,9,1,RO,ROU,642,150,Europe,Southeastern Europe,ROU,"6,7,5|6,1,None|6,1,None",,
5,China Open,,https://www.wtatennis.com/tournaments/1020/beijing/2024,WTA 1000,Hard,https://www.wtatennis.com/resources/v7.46.6/i/elements/1000k-tag.svg,2024-09-25,2024-10-06,2024,9,Beijing,,,CN,CHN,156,142,,Asia,East Asia,CHN,,215.0,185000.0,128M/48Q/32D,China Open,,100,4,25.0,11,2.75,,,,R128,,Bye,,False,False,True,False,False,False,False,0,False,0,0,0,0,,,,,,,,,,
1,Us Open,https://photoresources.wtatennis.com/photo-resources/2026/04/16/8d0a3d41-7b45-434b-a75b-b7d2eb0922b4/WTA-Tournament_US-Open.png?height=128,https://www.wtatennis.com/tournaments/905/us-open/2024,Grand Slam,Hard,https://www.wtatennis.com/resources/v7.46.6/i/elements/gs-tag.svg,2024-08-26,2024-09-08,2024,8,New York,USA,NY,US,USA,840,019,United States of America|America|USA|US,America,Northern America,USA,59.0,70.0,140000.0,128M/128Q/64D,Us Open,,38,2,19.0,4,2.0,Ashlyn Krueger,,https://www.wtatennis.com/resources/v7.46.6/i/elements/flags/usa.svg,R64,L,"1-6, 4-6",https://www.wtatennis.com/players/329409/ashlyn-krueger,False,False,False,False,False,False,False,2,False,17,5,12,0,US,USA,840,019,America,Northern America,USA,"1,6,None|4,6,None",,
2,Us Open,https://photoresources.wtatennis.com/photo-resources/2026/04/16/8d0a3d41-7b45-434b-a75b-b7d2eb0922b4/WTA-Tournament_US-Open.png?height=128,https://www.wtatennis.com/tournaments/905/us-open/2024,Grand Slam,Hard,https://www.wtatennis.com/resources/v7.46.6/i/elements/gs-tag.svg,2024-08-26,2024-09-08,2024,8,New York,COL,NY,US,USA,840,019,,America,Northern America,USA,82.0,70.0,140000.0,128M/128Q/64D,Us Open,,38,2,19.0,4,2.0,Camila Osorio,,https://www.wtatennis.com/resources/v7.46.6/i/elements/flags/col.svg,R128,W,"6-2, 7-6 (4)",https://www.wtatennis.com/players/325898/camila-osorio,False,False,False,False,True,False,True,2,True,21,13,8,1,CO,COL,170,019,America,Northern South America,COL,"6,2,None|7,6,4",,
1,Cincinnati Open,,https://www.wtatennis.com/tournaments/1017/cincinnati/2024,WTA 1000,Hard,https://www.wtatennis.com/resources/v7.46.6/i/elements/1000k-tag.svg,2024-08-13,2024-08-19,2024,8,Cincinnati,POL,OH,US,USA,840,019,,America,Northern America,USA,1.0,215.0,72965.0,64M/32Q/32D,Cincinnati Open,,90,4,22.5,10,2.5,Iga Swiatek,1.0,https://www.wtatennis.com/resources/v7.46.6/i/elements/flags/pol.svg,QF,L,"6-4, 3-6, 5-7",https://www.wtatennis.com/players/326408/iga-swiatek,False,False,False,False,False,False,False,3,True,31,14,17,0,PL,POL,616,150,Europe,Central Europe,POL,"6,4,None|3,6,None|5,7,None",,
2,Cincinnati Open,,https://www.wtatennis.com/tournaments/1017/cincinnati/2024,WTA 1000,Hard,https://www.wtatennis.com/resources/v7.46.6/i/elements/1000k-tag.svg,2024-08-13,2024-08-19,2024,8,Cincinnati,ITA,OH,US,USA,840,019,,America,Northern America,USA,5.0,215.0,72965.0,64M/32Q/32D,Cincinnati Open,,90,4,22.5,10,2.5,Jasmine Paolini,5.0,https://www.wtatennis.com/resources/v7.46.6/i/elements/flags/ita.svg,R16,W,"3-6, 6-3, 6-2",https://www.wtatennis.com/players/319280/jasmine-paolini,False,False,False,False,False,False,False,3,False,26,15,11,1,IT,ITA,380,150,Europe,Southern Europe,ITA,"3,6,None|6,3,None|6,2,None",,
3,Cincinnati Open,,https://www.wtatennis.com/tournaments/1017/cincinnati/2024,WTA 1000,Hard,https://www.wtatennis.com/resources/v7.46.6/i/elements/1000k-tag.svg,2024-08-13,2024-08-19,2024,8,Cincinnati,CZE,OH,US,USA,840,019,,America,Northern America,USA,45.0,215.0,72965.0,64M/32Q/32D,Cincinnati Open,,90,4,22.5,10,2.5,Karolina Pliskova,,https://www.wtatennis.com/resources/v7.46.6/i/elements/flags/cze.svg,R32,W,"6-2, 6-3",https://www.wtatennis.com/players/313974/karolina-pliskova,False,False,False,False,False,False,False,2,True,17,12,5,1,CZ,CZE,203,150,Europe,Central Europe,CZE,"6,2,None|6,3,None",,
4,Cincinnati Open,,https://www.wtatennis.com/tournaments/1017/cincinnati/2024,WTA 1000,Hard,https://www.wtatennis.com/resources/v7.46.6/i/elements/1000k-tag.svg,2024-08-13,2024-08-19,2024,8,Cincinnati,USA,OH,US,USA,840,019,United States of America|America|USA|US,America,Northern America,USA,13.0,215.0,72965.0,64M/32Q/32D,Cincinnati Open,,90,4,22.5,10,2.5,Emma Navarro,11.0,https://www.wtatennis.com/resources/v7.46.6/i/elements/flags/usa.svg,R64,W,"6-2, 6-2",https://www.wtatennis.com/players/325410/emma-navarro,False,False,False,False,False,False,False,2,True,16,12,4,1,US,USA,840,019,America,Northern America,USA,"6,2,None|6,2,None",,
1,Olympics Tennis Event,,https://www.wtatennis.com/tournaments/650/olympics/2024,OLYMPICS,Clay,,2024-07-27,2024-08-04,2024,7,Paris,POL,,FR,FRA,250,150,,Europe,Western Europe,FRA,48.0,,,64M/0Q/32D,Olympics Tennis Event,,19,1,19.0,2,2.0,Magda Linette,,https://www.wtatennis.com/resources/v7.46.6/i/elements/flags/pol.svg,R64,L,"3-6, 4-6",https://www.wtatennis.com/players/315130/magda-linette,False,False,False,False,False,False,False,2,False,19,7,12,0,PL,POL,616,150,Europe,Central Europe,POL,"3,6,None|4,6,None",,
1,Unicredit Iasi Open ,,https://www.wtatennis.com/tournaments/2063/iasi/2024,WTA 250,Clay,https://www.wtatennis.com/resources/v7.46.6/i/elements/250k-tag.svg,2024-07-21,2024-07-26,2024,7,Iasi,ARM,,RO,ROU,642,150,,Europe,Southeastern Europe,ROU,76.0,250.0,30650.0,32M/24Q/16D,Unicredit Iasi Open ,,104,5,20.8,12,2.4,Elina Avanesyan,5.0,https://www.wtatennis.com/resources/v7.46.6/i/elements/flags/arm.svg,F,W,"5-7, 7-5, 4-0",https://www.wtatennis.com/players/327620/elina-avanesyan,True,False,False,False,False,False,False,3,False,28,16,12,1,AM,ARM,051,142,Asia,Western Asia,ARM,"5,7,None|7,5,None|4,0,None|Ret",,
2,Unicredit Iasi Open ,,https://www.wtatennis.com/tournaments/2063/iasi/2024,WTA 250,Clay,https://www.wtatennis.com/resources/v7.46.6/i/elements/250k-tag.svg,2024-07-21,2024-07-26,2024,7,Iasi,SRB,,RO,ROU,642,150,,Europe,Southeastern Europe,ROU,148.0,250.0,30650.0,32M/24Q/16D,Unicredit Iasi Open ,,104,5,20.8,12,2.4,Olga Danilovic,,https://www.wtatennis.com/resources/v7.46.6/i/elements/flags/srb.svg,SF,W,"3-6, 6-3, 7-6 (1)",https://www.wtatennis.com/players/324934/olga-danilovic,False,False,False,False,False,True,True,3,False,31,16,15,1,RS,SRB,688,150,Europe,Southeastern Europe,SRB,"3,6,None|6,3,None|7,6,1",,
3,Unicredit Iasi Open ,,https://www.wtatennis.com/tournaments/2063/iasi/2024,WTA 250,Clay,https://www.wtatennis.com/resources/v7.46.6/i/elements/250k-tag.svg,2024-07-21,2024-07-26,2024,7,Iasi,CRO,,RO,ROU,642,150,,Europe,Southeastern Europe,ROU,202.0,250.0,30650.0,32M/24Q/16D,Unicredit Iasi Open ,,104,5,20.8,12,2.4,Lea Boskovic,,https://www.wtatennis.com/resources/v7.46.6/i/elements/flags/cro.svg,QF,W,"6-2, 6-0",https://www.wtatennis.com/players/323171/lea-boskovic,False,False,False,False,False,False,False,2,True,14,12,2,1,HR,HRV,191,150,Europe,Southeastern Europe,CRO,"6,2,None|6,0,None",,
4,Unicredit Iasi Open ,,https://www.wtatennis.com/tournaments/2063/iasi/2024,WTA 250,Clay,https://www.wtatennis.com/resources/v7.46.6/i/elements/250k-tag.svg,2024-07-21,2024-07-26,2024,7,Iasi,BLR,,RO,ROU,642,150,,Europe,Southeastern Europe,ROU,104.0,250.0,30650.0,32M/24Q/16D,Unicredit Iasi Open ,,104,5,20.8,12,2.4,Aliaksandra Sasnovich,,https://www.wtatennis.com/resources/v7.46.6/i/elements/flags/blr.svg,R16,W,"6-1, 6-3",https://www.wtatennis.com/players/317790/aliaksandra-sasnovich,False,False,False,False,False,False,False,2,True,16,12,4,1,BY,BLR,112,150,Europe,Eastern Europe,BLR,"6,1,None|6,3,None",,
5,Unicredit Iasi Open ,,https://www.wtatennis.com/tournaments/2063/iasi/2024,WTA 250,Clay,https://www.wtatennis.com/resources/v7.46.6/i/elements/250k-tag.svg,2024-07-21,2024-07-26,2024,7,Iasi,GER,,RO,ROU,642,150,,Europe,Southeastern Europe,ROU,169.0,250.0,30650.0,32M/24Q/16D,Unicredit Iasi Open ,,104,5,20.8,12,2.4,Noma Noha Akugue,,https://www.wtatennis.com/resources/v7.46.6/i/elements/flags/ger.svg,R32,W,"6-1, 6-2",https://www.wtatennis.com/players/328631/noma-noha-akugue,False,False,False,False,False,False,False,2,True,15,12,3,1,DE,DEU,276,150,Europe,Central Europe,GER,"6,1,None|6,2,None",,
1,Wimbledon,https://photoresources.wtatennis.com/photo-resources/2026/04/16/d29814e6-6e80-4015-b680-9a7f3cb065c3/WTA-Tournament_Wimbledon.png?height=128,https://www.wtatennis.com/tournaments/904/wimbledon/2024,Grand Slam,Grass,https://www.wtatennis.com/resources/v7.46.6/i/elements/gs-tag.svg,2024-07-01,2024-07-14,2024,7,Wimbledon,CZE,,GB,GBR,826,150,,Europe,Northern Europe,ENG,88.0,10.0,75677.0,128M/128Q/64D,"The Championships, Wimbledon",,24,1,24.0,3,3.0,Brenda Fruhvirtova,,https://www.wtatennis.com/resources/v7.46.6/i/elements/flags/cze.svg,R128,L,"6-1, 3-6, 2-6",https://www.wtatennis.com/players/331545/brenda-fruhvirtova,False,False,False,False,False,False,False,3,True,24,11,13,0,CZ,CZE,203,150,Europe,Central Europe,CZE,"6,1,None|3,6,None|2,6,None",,
1,Bad Homburg Open Powered By Solarwatt ,https://photoresources.wtatennis.com/photo-resources/2026/04/16/4ae17020-01fc-4d27-a041-001034ed25de/WTA-Tournament_BadHomburg-2021.png?height=128,https://www.wtatennis.com/tournaments/2017/bad-homburg/2024,WTA 500,Grass,https://www.wtatennis.com/resources/v7.46.6/i/elements/500k-tag.svg,2024-06-23,2024-06-29,2024,6,Bad Homburg,UKR,,DE,DEU,276,150,,Europe,Central Europe,GER,28.0,1.0,8825.0,32M/8Q/16D,Bad Homburg Open Powered By Solarwatt ,,29,1,29.0,3,3.0,Dayana Yastremska,,https://www.wtatennis.com/resources/v7.46.6/i/elements/flags/ukr.svg,R32,L,"6-4, 4-6, 3-6",https://www.wtatennis.com/players/324261/dayana-yastremska,False,False,False,False,False,False,False,3,True,29,13,16,0,UA,UKR,804,150,Europe,Eastern Europe,UKR,"6,4,None|4,6,None|3,6,None",,
1,Roland Garros,https://photoresources.wtatennis.com/photo-resources/2026/04/16/0893d8be-5450-4e36-a144-cdd958c1b484/WTA-Tournament_Roland-Garros.png?height=128,https://www.wtatennis.com/tournaments/903/roland-garros/2024,Grand Slam,Clay,https://www.wtatennis.com/resources/v7.46.6/i/elements/gs-tag.svg,2024-05-26,2024-06-09,2024,5,Paris,ITA,,FR,FRA,250,150,,Europe,Western Europe,FRA,15.0,780.0,744414.0,128M/128Q/64D,Roland Garros,,131,6,21.833333333333332,14,2.3333333333333335,Jasmine Paolini,12.0,https://www.wtatennis.com/resources/v7.46.6/i/elements/flags/ita.svg,SF,L,"3-6, 1-6",https://www.wtatennis.com/players/319280/jasmine-paolini,False,False,False,False,False,False,False,2,False,16,4,12,0,IT,ITA,380,150,Europe,Southern Europe,ITA,"3,6,None|1,6,None",,
2,Roland Garros,https://photoresources.wtatennis.com/photo-resources/2026/04/16/0893d8be-5450-4e36-a144-cdd958c1b484/WTA-Tournament_Roland-Garros.png?height=128,https://www.wtatennis.com/tournaments/903/roland-garros/2024,Grand Slam,Clay,https://www.wtatennis.com/resources/v7.46.6/i/elements/gs-tag.svg,2024-05-26,2024-06-09,2024,5,Paris,BLR,,FR,FRA,250,150,,Europe,Western Europe,FRA,2.0,780.0,744414.0,128M/128Q/64D,Roland Garros,,131,6,21.833333333333332,14,2.3333333333333335,Aryna Sabalenka,2.0,https://www.wtatennis.com/resources/v7.46.6/i/elements/flags/blr.svg,QF,W,"6-7 (5), 6-4, 6-4",https://www.wtatennis.com/players/320760/aryna-sabalenka,False,False,False,True,False,False,True,3,False,33,18,15,1,BY,BLR,112,150,Europe,Eastern Europe,BLR,"6,7,5|6,4,None|6,4,None",,
3,Roland Garros,https://photoresources.wtatennis.com/photo-resources/2026/04/16/0893d8be-5450-4e36-a144-cdd958c1b484/WTA-Tournament_Roland-Garros.png?height=128,https://www.wtatennis.com/tournaments/903/roland-garros/2024,Grand Slam,Clay,https://www.wtatennis.com/resources/v7.46.6/i/elements/gs-tag.svg,2024-05-26,2024-06-09,2024,5,Paris,FRA,,FR,FRA,250,150,,Europe,Western Europe,FRA,88.0,780.0,744414.0,128M/128Q/64D,Roland Garros,,131,6,21.833333333333332,14,2.3333333333333335,Varvara Gracheva,,https://www.wtatennis.com/resources/v7.46.6/i/elements/flags/fra.svg,R16,W,"7-5, 6-2",https://www.wtatennis.com/players/325836/varvara-gracheva,False,False,False,False,False,False,False,2,True,20,13,7,1,FR,FRA,250,150,Europe,Western Europe,FRA,"7,5,None|6,2,None",,
4,Roland Garros,https://photoresources.wtatennis.com/photo-resources/2026/04/16/0893d8be-5450-4e36-a144-cdd958c1b484/WTA-Tournament_Roland-Garros.png?height=128,https://www.wtatennis.com/tournaments/903/roland-garros/2024,Grand Slam,Clay,https://www.wtatennis.com/resources/v7.46.6/i/elements/gs-tag.svg,2024-05-26,2024-06-09,2024,5,Paris,USA,,FR,FRA,250,150,United States of America|America|USA|US,Europe,Western Europe,FRA,62.0,780.0,744414.0,128M/128Q/64D,Roland Garros,,131,6,21.833333333333332,14,2.3333333333333335,Peyton Stearns,,https://www.wtatennis.com/resources/v7.46.6/i/elements/flags/usa.svg,R32,W,"6-2, 6-1",https://www.wtatennis.com/players/327573/peyton-stearns,False,False,False,False,False,False,False,2,True,15,12,3,1,US,USA,840,019,America,Northern America,USA,"6,2,None|6,1,None",,
5,Roland Garros,https://photoresources.wtatennis.com/photo-resources/2026/04/16/0893d8be-5450-4e36-a144-cdd958c1b484/WTA-Tournament_Roland-Garros.png?height=128,https://www.wtatennis.com/tournaments/903/roland-garros/2024,Grand Slam,Clay,https://www.wtatennis.com/resources/v7.46.6/i/elements/gs-tag.svg,2024-05-26,2024-06-09,2024,5,Paris,BLR,,FR,FRA,250,150,,Europe,Western Europe,FRA,21.0,780.0,744414.0,128M/128Q/64D,Roland Garros,,131,6,21.833333333333332,14,2.3333333333333335,Victoria Azarenka,19.0,https://www.wtatennis.com/resources/v7.46.6/i/elements/flags/blr.svg,R64,W,"6-3, 3-6, 7-5",https://www.wtatennis.com/players/312001/victoria-azarenka,False,False,False,False,False,False,False,3,True,30,16,14,1,BY,BLR,112,150,Europe,Eastern Europe,BLR,"6,3,None|3,6,None|7,5,None",,
6,Roland Garros,https://photoresources.wtatennis.com/photo-resources/2026/04/16/0893d8be-5450-4e36-a144-cdd958c1b484/WTA-Tournament_Roland-Garros.png?height=128,https://www.wtatennis.com/tournaments/903/roland-garros/2024,Grand Slam,Clay,https://www.wtatennis.com/resources/v7.46.6/i/elements/gs-tag.svg,2024-05-26,2024-06-09,2024,5,Paris,USA,,FR,FRA,250,150,United States of America|America|USA|US,Europe,Western Europe,FRA,98.0,780.0,744414.0,128M/128Q/64D,Roland Garros,,131,6,21.833333333333332,14,2.3333333333333335,Emina Bektas,,https://www.wtatennis.com/resources/v7.46.6/i/elements/flags/usa.svg,R128,W,"6-2, 6-3",https://www.wtatennis.com/players/316464/emina-bektas,False,False,False,False,False,False,False,2,True,17,12,5,1,US,USA,840,019,America,Northern America,USA,"6,2,None|6,3,None",,
1,Internazionali Bnl D'Italia,https://photoresources.wtatennis.com/photo-resources/2026/04/16/2c058ad8-b3d8-49a9-a863-85d7b87a6783/WTA-Tournament_Rome-2018.png?height=128,https://www.wtatennis.com/tournaments/709/rome/2024,WTA 1000,Clay,https://www.wtatennis.com/resources/v7.46.6/i/elements/1000k-tag.svg,2024-05-07,2024-05-19,2024,5,Rome,ESP,,IT,ITA,380,150,Kingdom of Spain,Europe,Southern Europe,ITA,126.0,10.0,10495.0,128M/48Q/32D,Internazionali Bnl D'Italia,,17,1,17.0,2,2.0,Paula Badosa,,https://www.wtatennis.com/resources/v7.46.6/i/elements/flags/esp.svg,R128,L,"2-6, 3-6",https://www.wtatennis.com/players/320124/paula-badosa,False,False,False,False,False,False,False,2,False,17,5,12,0,ES,ESP,724,150,Europe,Southern Europe,ESP,"2,6,None|3,6,None",,
1,Mutua Madrid Open,https://photoresources.wtatennis.com/photo-resources/2026/04/16/46f056ec-5c74-4159-bc35-97ca4c015c80/WTA-Tournament_Madrid-2023.png?height=128,https://www.wtatennis.com/tournaments/1038/madrid/2024,WTA 1000,Clay,https://www.wtatennis.com/resources/v7.46.6/i/elements/1000k-tag.svg,2024-04-23,2024-05-05,2024,4,Madrid,BLR,,ES,ESP,724,150,,Europe,Southern Europe,ESP,2.0,215.0,161995.0,128M/48Q/32D,Mutua Madrid Open,,116,5,23.2,12,2.4,Aryna Sabalenka,2.0,https://www.wtatennis.com/resources/v7.46.6/i/elements/flags/blr.svg,QF,L,"1-6, 4-6",https://www.wtatennis.com/players/320760/aryna-sabalenka,False,False,False,False,False,False,False,2,False,17,5,12,0,BY,BLR,112,150,Europe,Eastern Europe,BLR,"1,6,None|4,6,None",,
2,Mutua Madrid Open,https://photoresources.wtatennis.com/photo-resources/2026/04/16/46f056ec-5c74-4159-bc35-97ca4c015c80/WTA-Tournament_Madrid-2023.png?height=128,https://www.wtatennis.com/tournaments/1038/madrid/2024,WTA 1000,Clay,https://www.wtatennis.com/resources/v7.46.6/i/elements/1000k-tag.svg,2024-04-23,2024-05-05,2024,4,Madrid,ITA,,ES,ESP,724,150,,Europe,Southern Europe,ESP,13.0,215.0,161995.0,128M/48Q/32D,Mutua Madrid Open,,116,5,23.2,12,2.4,Jasmine Paolini,12.0,https://www.wtatennis.com/resources/v7.46.6/i/elements/flags/ita.svg,R16,W,"7-6 (2), 6-4",https://www.wtatennis.com/players/319280/jasmine-paolini,False,False,False,True,False,False,True,2,True,23,13,10,1,IT,ITA,380,150,Europe,Southern Europe,ITA,"7,6,2|6,4,None",,
3,Mutua Madrid Open,https://photoresources.wtatennis.com/photo-resources/2026/04/16/46f056ec-5c74-4159-bc35-97ca4c015c80/WTA-Tournament_Madrid-2023.png?height=128,https://www.wtatennis.com/tournaments/1038/madrid/2024,WTA 1000,Clay,https://www.wtatennis.com/resources/v7.46.6/i/elements/1000k-tag.svg,2024-04-23,2024-05-05,2024,4,Madrid,CZE,,ES,ESP,724,150,,Europe,Southern Europe,ESP,7.0,215.0,161995.0,128M/48Q/32D,Mutua Madrid Open,,116,5,23.2,12,2.4,Marketa Vondrousova,7.0,https://www.wtatennis.com/resources/v7.46.6/i/elements/flags/cze.svg,R32,W,"7-5, 6-1",https://www.wtatennis.com/players/323027/marketa-vondrousova,False,False,False,False,False,False,False,2,True,19,13,6,1,CZ,CZE,203,150,Europe,Central Europe,CZE,"7,5,None|6,1,None",,
4,Mutua Madrid Open,https://photoresources.wtatennis.com/photo-resources/2026/04/16/46f056ec-5c74-4159-bc35-97ca4c015c80/WTA-Tournament_Madrid-2023.png?height=128,https://www.wtatennis.com/tournaments/1038/madrid/2024,WTA 1000,Clay,https://www.wtatennis.com/resources/v7.46.6/i/elements/1000k-tag.svg,2024-04-23,2024-05-05,2024,4,Madrid,CZE,,ES,ESP,724,150,,Europe,Southern Europe,ESP,31.0,215.0,161995.0,128M/48Q/32D,Mutua Madrid Open,,116,5,23.2,12,2.4,Linda Noskova,29.0,https://www.wtatennis.com/resources/v7.46.6/i/elements/flags/cze.svg,R64,W,"4-6, 6-3, 6-3",https://www.wtatennis.com/players/329668/linda-noskova,False,False,False,False,False,False,False,3,False,28,16,12,1,CZ,CZE,203,150,Europe,Central Europe,CZE,"4,6,None|6,3,None|6,3,None",,
5,Mutua Madrid Open,https://photoresources.wtatennis.com/photo-resources/2026/04/16/46f056ec-5c74-4159-bc35-97ca4c015c80/WTA-Tournament_Madrid-2023.png?height=128,https://www.wtatennis.com/tournaments/1038/madrid/2024,WTA 1000,Clay,https://www.wtatennis.com/resources/v7.46.6/i/elements/1000k-tag.svg,2024-04-23,2024-05-05,2024,4,Madrid,USA,,ES,ESP,724,150,United States of America|America|USA|US,Europe,Southern Europe,ESP,58.0,215.0,161995.0,128M/48Q/32D,Mutua Madrid Open,,116,5,23.2,12,2.4,Taylor Townsend,,https://www.wtatennis.com/resources/v7.46.6/i/elements/flags/usa.svg,R128,W,"4-6, 6-1, 7-5",https://www.wtatennis.com/players/318609/taylor-townsend,False,False,False,False,False,False,False,3,False,29,17,12,1,US,USA,840,019,America,Northern America,USA,"4,6,None|6,1,None|7,5,None",,
1,Open Capfinances Rouen Métropole,,https://www.wtatennis.com/tournaments/2066/rouen/2024,WTA 250,Clay,https://www.wtatennis.com/resources/v7.46.6/i/elements/250k-tag.svg,2024-04-15,2024-04-21,2024,4,Rouen,UKR,,FR,FRA,250,150,,Europe,Western Europe,FRA,32.0,54.0,5750.0,32M/24Q/16D,Open Capfinances Rouen Métropole,,60,3,20.0,6,2.0,Anhelina Kalinina,3.0,https://www.wtatennis.com/resources/v7.46.6/i/elements/flags/ukr.svg,QF,L,"4-6, 5-7",https://www.wtatennis.com/players/320567/anhelina-kalinina,False,False,False,False,False,False,False,2,False,22,9,13,0,UA,UKR,804,150,Europe,Eastern Europe,UKR,"4,6,None|5,7,None",,
2,Open Capfinances Rouen Métropole,,https://www.wtatennis.com/tournaments/2066/rouen/2024,WTA 250,Clay,https://www.wtatennis.com/resources/v7.46.6/i/elements/250k-tag.svg,2024-04-15,2024-04-21,2024,4,Rouen,ARM,,FR,FRA,250,150,,Europe,Western Europe,FRA,67.0,54.0,5750.0,32M/24Q/16D,Open Capfinances Rouen Métropole,,60,3,20.0,6,2.0,Elina Avanesyan,,https://www.wtatennis.com/resources/v7.46.6/i/elements/flags/arm.svg,R16,W,"7-5, 6-4",https://www.wtatennis.com/players/327620/elina-avanesyan,False,False,False,False,False,False,False,2,True,22,13,9,1,AM,ARM,051,142,Asia,Western Asia,ARM,"7,5,None|6,4,None",,
3,Open Capfinances Rouen Métropole,,https://www.wtatennis.com/tournaments/2066/rouen/2024,WTA 250,Clay,https://www.wtatennis.com/resources/v7.46.6/i/elements/250k-tag.svg,2024-04-15,2024-04-21,2024,4,Rouen,ARG,,FR,FRA,250,150,,Europe,Western Europe,FRA,65.0,54.0,5750.0,32M/24Q/16D,Open Capfinances Rouen Métropole,,60,3,20.0,6,2.0,Nadia Podoroska,,https://www.wtatennis.com/resources/v7.46.6/i/elements/flags/arg.svg,R32,W,"6-1, 6-3",https://www.wtatennis.com/players/319112/nadia-podoroska,False,False,False,False,False,False,False,2,True,16,12,4,1,AR,ARG,032,019,America,Southern South America,ARG,"6,1,None|6,3,None",,
1,Bnp Paribas Open,,https://www.wtatennis.com/tournaments/609/indian-wells/2024,WTA 1000,Hard,https://www.wtatennis.com/resources/v7.46.6/i/elements/1000k-tag.svg,2024-03-06,2024-03-17,2024,3,Indian Wells,USA,CA,US,USA,840,019,United States of America|America|USA|US,America,Northern America,USA,131.0,10.0,30050.0,128M/48Q/32D,Bnp Paribas Open,,24,1,24.0,2,2.0,Katie Volynets,,https://www.wtatennis.com/resources/v7.46.6/i/elements/flags/usa.svg,R128,L,"5-7, 5-7",https://www.wtatennis.com/players/327391/katie-volynets,False,False,False,False,False,False,False,2,False,24,10,14,0,US,USA,840,019,America,Northern America,USA,"5,7,None|5,7,None",,
1,Dubai Duty Free Tennis Championships,,https://www.wtatennis.com/tournaments/718/dubai/2024,WTA 1000,Hard,https://www.wtatennis.com/resources/v7.46.6/i/elements/1000k-tag.svg,2024-02-18,2024-02-24,2024,2,Dubai,USA,,AE,ARE,784,142,United States of America|America|USA|US,Asia,Western Asia,UAE,65.0,10.0,14800.0,64M/32Q/32D,Dubai Duty Free Tennis Championships,,23,1,23.0,3,3.0,Peyton Stearns,,https://www.wtatennis.com/resources/v7.46.6/i/elements/flags/usa.svg,R64,L,"2-6, 6-2, 1-6",https://www.wtatennis.com/players/327573/peyton-stearns,False,False,False,False,False,False,False,3,False,23,9,14,0,US,USA,840,019,America,Northern America,USA,"2,6,None|6,2,None|1,6,None",,
1,Australian Open,,https://www.wtatennis.com/tournaments/901/australian-open/2024,Grand Slam,Hard,https://www.wtatennis.com/resources/v7.46.6/i/elements/gs-tag.svg,2024-01-14,2024-01-28,2024,1,Melbourne,CZE,,AU,AUS,036,009,,Oceania,Australasia,AUS,11.0,240.0,248020.0,128M/128Q/64D,Australian Open,,88,4,22.0,10,2.5,Barbora Krejcikova,9.0,https://www.wtatennis.com/resources/v7.46.6/i/elements/flags/cze.svg,R16,L,"6-4, 3-6, 2-6",https://www.wtatennis.com/players/318314/barbora-krejcikova,False,False,False,False,False,False,False,3,True,27,11,16,0,CZ,CZE,203,150,Europe,Central Europe,CZE,"6,4,None|3,6,None|2,6,None",,
2,Australian Open,,https://www.wtatennis.com/tournaments/901/australian-open/2024,Grand Slam,Hard,https://www.wtatennis.com/resources/v7.46.6/i/elements/gs-tag.svg,2024-01-14,2024-01-28,2024,1,Melbourne,FRA,,AU,AUS,036,009,,Oceania,Australasia,AUS,72.0,240.0,248020.0,128M/128Q/64D,Australian Open,,88,4,22.0,10,2.5,Diane Parry,,https://www.wtatennis.com/resources/v7.46.6/i/elements/flags/fra.svg,R32,W,"1-6, 6-1, 7-6 (5)",https://www.wtatennis.com/players/327077/diane-parry,False,False,False,False,False,True,True,3,False,27,14,13,1,FR,FRA,250,150,Europe,Western Europe,FRA,"1,6,None|6,1,None|7,6,5",,
3,Australian Open,,https://www.wtatennis.com/tournaments/901/australian-open/2024,Grand Slam,Hard,https://www.wtatennis.com/resources/v7.46.6/i/elements/gs-tag.svg,2024-01-14,2024-01-28,2024,1,Melbourne,TUN,,AU,AUS,036,009,,Oceania,Australasia,AUS,6.0,240.0,248020.0,128M/128Q/64D,Australian Open,,88,4,22.0,10,2.5,Ons Jabeur,6.0,https://www.wtatennis.com/resources/v7.46.6/i/elements/flags/tun.svg,R64,W,"6-0, 6-2",https://www.wtatennis.com/players/316847/ons-jabeur,False,False,False,False,False,False,False,2,True,14,12,2,1,TN,TUN,788,002,Africa,North Africa,TUN,"6,0,None|6,2,None",,
4,Australian Open,,https://www.wtatennis.com/tournaments/901/australian-open/2024,Grand Slam,Hard,https://www.wtatennis.com/resources/v7.46.6/i/elements/gs-tag.svg,2024-01-14,2024-01-28,2024,1,Melbourne,USA,,AU,AUS,036,009,United States of America|America|USA|US,Oceania,Australasia,AUS,71.0,240.0,248020.0,128M/128Q/64D,Australian Open,,88,4,22.0,10,2.5,Bernarda Pera,,https://www.wtatennis.com/resources/v7.46.6/i/elements/flags/usa.svg,R128,W,"7-5, 6-2",https://www.wtatennis.com/players/317708/bernarda-pera,False,False,False,False,False,False,False,2,True,20,13,7,1,US,USA,840,019,America,Northern America,USA,"7,5,None|6,2,None",,
1,Brisbane International Presented By Evie,,https://www.wtatennis.com/tournaments/800/brisbane/2024,WTA 500,Hard,https://www.wtatennis.com/resources/v7.46.6/i/elements/500k-tag.svg,2024-12-31,2024-01-07,2024,12,Brisbane,CZE,,AU,AUS,036,009,,Oceania,Australasia,AUS,40.0,108.0,38000.0,64M/24Q/32D,Brisbane International Presented By Evie,,67,4,16.75,8,2.0,Linda Noskova,,https://www.wtatennis.com/resources/v7.46.6/i/elements/flags/cze.svg,QF,L,"5-7, 3-6",https://www.wtatennis.com/players/329668/linda-noskova,False,False,False,False,False,False,False,2,False,21,8,13,0,CZ,CZE,203,150,Europe,Central Europe,CZE,"5,7,None|3,6,None",,
2,Brisbane International Presented By Evie,,https://www.wtatennis.com/tournaments/800/brisbane/2024,WTA 500,Hard,https://www.wtatennis.com/resources/v7.46.6/i/elements/500k-tag.svg,2024-12-31,2024-01-07,2024,12,Brisbane,AUS,,AU,AUS,036,009,,Oceania,Australasia,AUS,113.0,108.0,38000.0,64M/24Q/32D,Brisbane International Presented By Evie,,67,4,16.75,8,2.0,Arina Rodionova,,https://www.wtatennis.com/resources/v7.46.6/i/elements/flags/aus.svg,R16,W,"6-1, 6-1",https://www.wtatennis.com/players/312413/arina-rodionova,False,False,False,False,False,False,False,2,True,14,12,2,1,AU,AUS,036,009,Oceania,Australasia,AUS,"6,1,None|6,1,None",,
3,Brisbane International Presented By Evie,,https://www.wtatennis.com/tournaments/800/brisbane/2024,WTA 500,Hard,https://www.wtatennis.com/resources/v7.46.6/i/elements/500k-tag.svg,2024-12-31,2024-01-07,2024,12,Brisbane,RUS,,AU,AUS,036,009,,Oceania,Australasia,AUS,15.0,108.0,38000.0,64M/24Q/32D,Brisbane International Presented By Evie,,67,4,16.75,8,2.0,Liudmila Samsonova,4.0,https://www.wtatennis.com/resources/v7.46.6/i/elements/flags/rus.svg,R32,W,"6-2, 6-1",https://www.wtatennis.com/players/322222/liudmila-samsonova,False,False,False,False,False,False,False,2,True,15,12,3,1,RU,RUS,643,150,Europe,Eastern Europe,RUS,"6,2,None|6,1,None",,
4,Brisbane International Presented By Evie,,https://www.wtatennis.com/tournaments/800/brisbane/2024,WTA 500,Hard,https://www.wtatennis.com/resources/v7.46.6/i/elements/500k-tag.svg,2024-12-31,2024-01-07,2024,12,Brisbane,RUS,,AU,AUS,036,009,,Oceania,Australasia,AUS,97.0,108.0,38000.0,64M/24Q/32D,Brisbane International Presented By Evie,,67,4,16.75,8,2.0,Diana Shnaider,,https://www.wtatennis.com/resources/v7.46.6/i/elements/flags/rus.svg,R64,W,"6-2, 6-3",https://www.wtatennis.com/players/330482/diana-shnaider,False,False,False,False,False,False,False,2,True,17,12,5,1,RU,RUS,643,150,Europe,Eastern Europe,RUS,"6,2,None|6,3,None",,
1,Prudential Hong Kong Tennis Open 2023,,https://www.wtatennis.com/tournaments/1074/hong-kong/2023,WTA 250,Hard,https://www.wtatennis.com/resources/v7.46.6/i/elements/250k-tag.svg,2023-10-09,2023-10-15,2023,10,Hong Kong,CAN,,CN,CHN,156,142,,Asia,East Asia,CHN,60.0,30.0,3920.0,32M/16Q/16D,Prudential Hong Kong Tennis Open 2023,,44,2,22.0,5,2.5,Leylah Fernandez,,https://www.wtatennis.com/resources/v7.46.6/i/elements/flags/can.svg,R16,L,"6-3, 1-6, 3-6",https://www.wtatennis.com/players/326735/leylah-fernandez,False,False,False,False,False,False,False,3,True,25,10,15,0,CA,CAN,124,019,America,Northern America,CAN,"6,3,None|1,6,None|3,6,None",,
2,Prudential Hong Kong Tennis Open 2023,,https://www.wtatennis.com/tournaments/1074/hong-kong/2023,WTA 250,Hard,https://www.wtatennis.com/resources/v7.46.6/i/elements/250k-tag.svg,2023-10-09,2023-10-15,2023,10,Hong Kong,UKR,,CN,CHN,156,142,,Asia,East Asia,CHN,97.0,30.0,3920.0,32M/16Q/16D,Prudential Hong Kong Tennis Open 2023,,44,2,22.0,5,2.5,Dayana Yastremska,,https://www.wtatennis.com/resources/v7.46.6/i/elements/flags/ukr.svg,R32,W,"6-4, 6-3",https://www.wtatennis.com/players/324261/dayana-yastremska,False,False,False,False,False,False,False,2,True,19,12,7,1,UA,UKR,804,150,Europe,Eastern Europe,UKR,"6,4,None|6,3,None",,
1,China Open,https://photoresources.wtatennis.com/photo-resources/2026/04/16/8f77c099-1d17-4cd7-aa46-7c21addc471f/WTA-Tournament_Beijing.png?height=128,https://www.wtatennis.com/tournaments/1020/beijing/2023,WTA 1000,Hard,https://www.wtatennis.com/resources/v7.46.6/i/elements/1000k-tag.svg,2023-09-30,2023-10-08,2023,9,Beijing,KAZ,,CN,CHN,156,142,,Asia,East Asia,CHN,5.0,150.0,92500.0,64M/32Q/32D,China Open,,85,5,17.0,11,2.2,Elena Rybakina,5.0,https://www.wtatennis.com/resources/v7.46.6/i/elements/flags/kaz.svg,R16,L,"6-2, 4-6, 1-6",https://www.wtatennis.com/players/324166/elena-rybakina,False,False,False,False,False,False,False,3,True,25,11,14,0,KZ,KAZ,398,142,Asia,Central Asia,KAZ,"6,2,None|4,6,None|1,6,None",Q,False
2,China Open,https://photoresources.wtatennis.com/photo-resources/2026/04/16/8f77c099-1d17-4cd7-aa46-7c21addc471f/WTA-Tournament_Beijing.png?height=128,https://www.wtatennis.com/tournaments/1020/beijing/2023,WTA 1000,Hard,https://www.wtatennis.com/resources/v7.46.6/i/elements/1000k-tag.svg,2023-09-30,2023-10-08,2023,9,Beijing,RUS,,CN,CHN,156,142,,Asia,East Asia,CHN,62.0,150.0,92500.0,64M/32Q/32D,China Open,,85,5,17.0,11,2.2,Anastasia Pavlyuchenkova,,https://www.wtatennis.com/resources/v7.46.6/i/elements/flags/rus.svg,R32,W,"6-2, 6-1",https://www.wtatennis.com/players/313796/anastasia-pavlyuchenkova,False,False,False,False,False,False,False,2,True,15,12,3,1,RU,RUS,643,150,Europe,Eastern Europe,RUS,"6,2,None|6,1,None",Q,False
3,China Open,https://photoresources.wtatennis.com/photo-resources/2026/04/16/8f77c099-1d17-4cd7-aa46-7c21addc471f/WTA-Tournament_Beijing.png?height=128,https://www.wtatennis.com/tournaments/1020/beijing/2023,WTA 1000,Hard,https://www.wtatennis.com/resources/v7.46.6/i/elements/1000k-tag.svg,2023-09-30,2023-10-08,2023,9,Beijing,CZE,,CN,CHN,156,142,,Asia,East Asia,CHN,12.0,150.0,92500.0,64M/32Q/32D,China Open,,85,5,17.0,11,2.2,Barbora Krejcikova,10.0,https://www.wtatennis.com/resources/v7.46.6/i/elements/flags/cze.svg,R64,W,"6-2, 6-2",https://www.wtatennis.com/players/318314/barbora-krejcikova,False,False,False,False,False,False,False,2,True,16,12,4,1,CZ,CZE,203,150,Europe,Central Europe,CZE,"6,2,None|6,2,None",Q,False
4,China Open,https://photoresources.wtatennis.com/photo-resources/2026/04/16/8f77c099-1d17-4cd7-aa46-7c21addc471f/WTA-Tournament_Beijing.png?height=128,https://www.wtatennis.com/tournaments/1020/beijing/2023,WTA 1000,Hard,https://www.wtatennis.com/resources/v7.46.6/i/elements/1000k-tag.svg,2023-09-30,2023-10-08,2023,9,Beijing,RUS,,CN,CHN,156,142,,Asia,East Asia,CHN,83.0,150.0,92500.0,64M/32Q/32D,China Open,,85,5,17.0,11,2.2,Anna Kalinskaya,15.0,https://www.wtatennis.com/resources/v7.46.6/i/elements/flags/rus.svg,QR2,W,"6-0, 3-1",https://www.wtatennis.com/players/323942/anna-kalinskaya,True,False,False,False,False,False,False,2,True,10,9,1,1,RU,RUS,643,150,Europe,Eastern Europe,RUS,"6,0,None|3,1,None|Ret",Q,False
5,China Open,https://photoresources.wtatennis.com/photo-resources/2026/04/16/8f77c099-1d17-4cd7-aa46-7c21addc471f/WTA-Tournament_Beijing.png?height=128,https://www.wtatennis.com/tournaments/1020/beijing/2023,WTA 1000,Hard,https://www.wtatennis.com/resources/v7.46.6/i/elements/1000k-tag.svg,2023-09-30,2023-10-08,2023,9,Beijing,AUS,,CN,CHN,156,142,,Asia,East Asia,CHN,104.0,150.0,92500.0,64M/32Q/32D,China Open,,85,5,17.0,11,2.2,Kimberly Birrell,,https://www.wtatennis.com/resources/v7.46.6/i/elements/flags/aus.svg,QR1,W,"6-3, 6-4",https://www.wtatennis.com/players/320728/kimberly-birrell,False,False,False,False,False,False,False,2,True,19,12,7,1,AU,AUS,036,009,Oceania,Australasia,AUS,"6,3,None|6,4,None",Q,False
1,Us Open,https://photoresources.wtatennis.com/photo-resources/2026/04/16/8d0a3d41-7b45-434b-a75b-b7d2eb0922b4/WTA-Tournament_US-Open.png?height=128,https://www.wtatennis.com/tournaments/905/us-open/2023,Grand Slam,Hard,https://www.wtatennis.com/resources/v7.46.6/i/elements/gs-tag.svg,2023-08-28,2023-09-10,2023,8,New York,USA,NY,US,USA,840,019,United States of America|America|USA|US,America,Northern America,USA,6.0,70.0,123000.0,128M/128Q/64D,Us Open,,43,2,21.5,5,2.5,Coco Gauff,6.0,https://www.wtatennis.com/resources/v7.46.6/i/elements/flags/usa.svg,R64,L,"3-6, 2-6",https://www.wtatennis.com/players/328560/coco-gauff,False,False,False,False,False,False,False,2,False,17,5,12,0,US,USA,840,019,America,Northern America,USA,"3,6,None|2,6,None",,
2,Us Open,https://photoresources.wtatennis.com/photo-resources/2026/04/16/8d0a3d41-7b45-434b-a75b-b7d2eb0922b4/WTA-Tournament_US-Open.png?height=128,https://www.wtatennis.com/tournaments/905/us-open/2023,Grand Slam,Hard,https://www.wtatennis.com/resources/v7.46.6/i/elements/gs-tag.svg,2023-08-28,2023-09-10,2023,8,New York,AUS,NY,US,USA,840,019,,America,Northern America,USA,139.0,70.0,123000.0,128M/128Q/64D,Us Open,,43,2,21.5,5,2.5,Olivia Gadecki,,https://www.wtatennis.com/resources/v7.46.6/i/elements/flags/aus.svg,R128,W,"1-6, 6-3, 6-4",https://www.wtatennis.com/players/326653/olivia-gadecki,False,False,False,False,False,False,False,3,False,26,13,13,1,AU,AUS,036,009,Oceania,Australasia,AUS,"1,6,None|6,3,None|6,4,None",,
1,Tennis In The Land,,https://www.wtatennis.com/tournaments/2040/cleveland/2023,WTA 250,Hard,https://www.wtatennis.com/resources/v7.46.6/i/elements/250k-tag.svg,2023-08-20,2023-08-26,2023,8,Cleveland,USA,OH,US,USA,840,019,United States of America|America|USA|US,America,Northern America,USA,38.0,30.0,3920.0,32M/24Q/16D,Tennis In The Land,,45,2,22.5,5,2.5,Sloane Stephens,9.0,https://www.wtatennis.com/resources/v7.46.6/i/elements/flags/usa.svg,R16,L,"3-6, 3-6",https://www.wtatennis.com/players/315683/sloane-stephens,False,False,False,False,False,False,False,2,False,18,6,12,0,US,USA,840,019,America,Northern America,USA,"3,6,None|3,6,None",,
2,Tennis In The Land,,https://www.wtatennis.com/tournaments/2040/cleveland/2023,WTA 250,Hard,https://www.wtatennis.com/resources/v7.46.6/i/elements/250k-tag.svg,2023-08-20,2023-08-26,2023,8,Cleveland,GER,OH,US,USA,840,019,,America,Northern America,USA,77.0,30.0,3920.0,32M/24Q/16D,Tennis In The Land,,45,2,22.5,5,2.5,Tamara Korpatsch,,https://www.wtatennis.com/resources/v7.46.6/i/elements/flags/ger.svg,R32,W,"6-0, 3-6, 7-5",https://www.wtatennis.com/players/319571/tamara-korpatsch,False,False,False,False,False,False,False,3,True,27,16,11,1,DE,DEU,276,150,Europe,Central Europe,GER,"6,0,None|3,6,None|7,5,None",,
1,Ladies Open Lausanne,,https://www.wtatennis.com/tournaments/1094/lausanne/2023,WTA 250,Clay,https://www.wtatennis.com/resources/v7.46.6/i/elements/250k-tag.svg,2023-07-24,2023-07-30,2023,7,,HUN,,US,USA,840,019,,America,Northern America,USA,155.0,30.0,4770.0,32M/8Q/16D,Ladies Open Lausanne,,36,2,18.0,4,2.0,Anna Bondar,,https://www.wtatennis.com/resources/v7.46.6/i/elements/flags/hun.svg,R16,L,"6-7 (3), 3-6",https://www.wtatennis.com/players/322942/anna-bondar,False,False,False,True,False,False,True,2,False,22,9,13,0,HU,HUN,348,150,Europe,Central Europe,HUN,"6,7,3|3,6,None",,
2,Ladies Open Lausanne,,https://www.wtatennis.com/tournaments/1094/lausanne/2023,WTA 250,Clay,https://www.wtatennis.com/resources/v7.46.6/i/elements/250k-tag.svg,2023-07-24,2023-07-30,2023,7,,UKR,,US,USA,840,019,,America,Northern America,USA,145.0,30.0,4770.0,32M/8Q/16D,Ladies Open Lausanne,,36,2,18.0,4,2.0,Dayana Yastremska,,https://www.wtatennis.com/resources/v7.46.6/i/elements/flags/ukr.svg,R32,W,"6-0, 6-2",https://www.wtatennis.com/players/324261/dayana-yastremska,False,False,False,False,False,False,False,2,True,14,12,2,1,UA,UKR,804,150,Europe,Eastern Europe,UKR,"6,0,None|6,2,None",,
1,Wimbledon,https://photoresources.wtatennis.com/photo-resources/2026/04/16/d29814e6-6e80-4015-b680-9a7f3cb065c3/WTA-Tournament_Wimbledon.png?height=128,https://www.wtatennis.com/tournaments/904/wimbledon/2023,Grand Slam,Grass,https://www.wtatennis.com/resources/v7.46.6/i/elements/gs-tag.svg,2023-07-03,2023-07-16,2023,7,Wimbledon,USA,,GB,GBR,826,150,United States of America|America|USA|US,Europe,Northern Europe,ENG,18.0,280.0,262005.0,128M/128Q/64D,"The Championships, Wimbledon",,157,7,22.428571428571427,17,2.4285714285714284,Madison Keys,25.0,https://www.wtatennis.com/resources/v7.46.6/i/elements/flags/usa.svg,R16,L,"6-3, 6-7 (4), 2-6",https://www.wtatennis.com/players/316959/madison-keys,False,False,False,False,True,False,True,3,True,30,14,16,0,US,USA,840,019,America,Northern America,USA,"6,3,None|6,7,4|2,6,None",Q,False
2,Wimbledon,https://photoresources.wtatennis.com/photo-resources/2026/04/16/d29814e6-6e80-4015-b680-9a7f3cb065c3/WTA-Tournament_Wimbledon.png?height=128,https://www.wtatennis.com/tournaments/904/wimbledon/2023,Grand Slam,Grass,https://www.wtatennis.com/resources/v7.46.6/i/elements/gs-tag.svg,2023-07-03,2023-07-16,2023,7,Wimbledon,AUT,,GB,GBR,826,150,,Europe,Northern Europe,ENG,23.0,280.0,262005.0,128M/128Q/64D,"The Championships, Wimbledon",,157,7,22.428571428571427,17,2.4285714285714284,Anastasia Potapova,22.0,https://www.wtatennis.com/resources/v7.46.6/i/elements/flags/aut.svg,R32,W,"6-2, 7-5",https://www.wtatennis.com/players/325601/anastasia-potapova,False,False,False,False,False,False,False,2,True,20,13,7,1,AT,AUT,040,150,Europe,Central Europe,AUT,"6,2,None|7,5,None",Q,False
3,Wimbledon,https://photoresources.wtatennis.com/photo-resources/2026/04/16/d29814e6-6e80-4015-b680-9a7f3cb065c3/WTA-Tournament_Wimbledon.png?height=128,https://www.wtatennis.com/tournaments/904/wimbledon/2023,Grand Slam,Grass,https://www.wtatennis.com/resources/v7.46.6/i/elements/gs-tag.svg,2023-07-03,2023-07-16,2023,7,Wimbledon,CZE,,GB,GBR,826,150,,Europe,Northern Europe,ENG,11.0,280.0,262005.0,128M/128Q/64D,"The Championships, Wimbledon",,157,7,22.428571428571427,17,2.4285714285714284,Barbora Krejcikova,10.0,https://www.wtatennis.com/resources/v7.46.6/i/elements/flags/cze.svg,R64,W,"6-3, 4-0",https://www.wtatennis.com/players/318314/barbora-krejcikova,True,False,False,False,False,False,False,2,True,13,10,3,1,CZ,CZE,203,150,Europe,Central Europe,CZE,"6,3,None|4,0,None|Ret",Q,False
4,Wimbledon,https://photoresources.wtatennis.com/photo-resources/2026/04/16/d29814e6-6e80-4015-b680-9a7f3cb065c3/WTA-Tournament_Wimbledon.png?height=128,https://www.wtatennis.com/tournaments/904/wimbledon/2023,Grand Slam,Grass,https://www.wtatennis.com/resources/v7.46.6/i/elements/gs-tag.svg,2023-07-03,2023-07-16,2023,7,Wimbledon,CHN,,GB,GBR,826,150,,Europe,Northern Europe,ENG,65.0,280.0,262005.0,128M/128Q/64D,"The Championships, Wimbledon",,157,7,22.428571428571427,17,2.4285714285714284,Xiyu Wang,,https://www.wtatennis.com/resources/v7.46.6/i/elements/flags/chn.svg,R128,W,"6-4, 3-6, 7-5",https://www.wtatennis.com/players/326160/xiyu-wang,False,False,False,False,False,False,False,3,True,31,16,15,1,CN,CHN,156,142,Asia,East Asia,CHN,"6,4,None|3,6,None|7,5,None",Q,False
5,Wimbledon,https://photoresources.wtatennis.com/photo-resources/2026/04/16/d29814e6-6e80-4015-b680-9a7f3cb065c3/WTA-Tournament_Wimbledon.png?height=128,https://www.wtatennis.com/tournaments/904/wimbledon/2023,Grand Slam,Grass,https://www.wtatennis.com/resources/v7.46.6/i/elements/gs-tag.svg,2023-07-03,2023-07-16,2023,7,Wimbledon,GER,,GB,GBR,826,150,,Europe,Northern Europe,ENG,122.0,280.0,262005.0,128M/128Q/64D,"The Championships, Wimbledon",,157,7,22.428571428571427,17,2.4285714285714284,Tamara Korpatsch,19.0,https://www.wtatennis.com/resources/v7.46.6/i/elements/flags/ger.svg,QR3,W,"7-5, 5-7, 6-2",https://www.wtatennis.com/players/319571/tamara-korpatsch,False,False,False,False,False,False,False,3,True,32,18,14,1,DE,DEU,276,150,Europe,Central Europe,GER,"7,5,None|5,7,None|6,2,None",Q,False
6,Wimbledon,https://photoresources.wtatennis.com/photo-resources/2026/04/16/d29814e6-6e80-4015-b680-9a7f3cb065c3/WTA-Tournament_Wimbledon.png?height=128,https://www.wtatennis.com/tournaments/904/wimbledon/2023,Grand Slam,Grass,https://www.wtatennis.com/resources/v7.46.6/i/elements/gs-tag.svg,2023-07-03,2023-07-16,2023,7,Wimbledon,FRA,,GB,GBR,826,150,,Europe,Northern Europe,ENG,178.0,280.0,262005.0,128M/128Q/64D,"The Championships, Wimbledon",,157,7,22.428571428571427,17,2.4285714285714284,Chloe Paquet,,https://www.wtatennis.com/resources/v7.46.6/i/elements/flags/fra.svg,QR2,W,"6-1, 6-2",https://www.wtatennis.com/players/318839/chloe-paquet,False,False,False,False,False,False,False,2,True,15,12,3,1,FR,FRA,250,150,Europe,Western Europe,FRA,"6,1,None|6,2,None",Q,False
7,Wimbledon,https://photoresources.wtatennis.com/photo-resources/2026/04/16/d29814e6-6e80-4015-b680-9a7f3cb065c3/WTA-Tournament_Wimbledon.png?height=128,https://www.wtatennis.com/tournaments/904/wimbledon/2023,Grand Slam,Grass,https://www.wtatennis.com/resources/v7.46.6/i/elements/gs-tag.svg,2023-07-03,2023-07-16,2023,7,Wimbledon,ESP,,GB,GBR,826,150,Kingdom of Spain,Europe,Northern Europe,ENG,206.0,280.0,262005.0,128M/128Q/64D,"The Championships, Wimbledon",,157,7,22.428571428571427,17,2.4285714285714284,Rosa Vicens Mas,,https://www.wtatennis.com/resources/v7.46.6/i/elements/flags/esp.svg,QR1,W,"6-3, 6-1",https://www.wtatennis.com/players/324236/rosa-vicens-mas,False,False,False,False,False,False,False,2,True,16,12,4,1,ES,ESP,724,150,Europe,Southern Europe,ESP,"6,3,None|6,1,None",Q,False
1,Roland Garros,https://photoresources.wtatennis.com/photo-resources/2026/04/16/0893d8be-5450-4e36-a144-cdd958c1b484/WTA-Tournament_Roland-Garros.png?height=128,https://www.wtatennis.com/tournaments/903/roland-garros/2023,Grand Slam,Clay,https://www.wtatennis.com/resources/v7.46.6/i/elements/gs-tag.svg,2023-05-28,2023-06-11,2023,5,Paris,USA,,FR,FRA,250,150,United States of America|America|USA|US,Europe,Western Europe,FRA,6.0,170.0,142000.0,128M/128Q/64D,Roland Garros,,111,6,18.5,13,2.1666666666666665,Coco Gauff,6.0,https://www.wtatennis.com/resources/v7.46.6/i/elements/flags/usa.svg,R32,L,"7-6 (5), 1-6, 1-6",https://www.wtatennis.com/players/328560/coco-gauff,False,False,False,True,False,False,True,3,True,27,9,18,0,US,USA,840,019,America,Northern America,USA,"7,6,5|1,6,None|1,6,None",Q,False
2,Roland Garros,https://photoresources.wtatennis.com/photo-resources/2026/04/16/0893d8be-5450-4e36-a144-cdd958c1b484/WTA-Tournament_Roland-Garros.png?height=128,https://www.wtatennis.com/tournaments/903/roland-garros/2023,Grand Slam,Clay,https://www.wtatennis.com/resources/v7.46.6/i/elements/gs-tag.svg,2023-05-28,2023-06-11,2023,5,Paris,FRA,,FR,FRA,250,150,,Europe,Western Europe,FRA,79.0,170.0,142000.0,128M/128Q/64D,Roland Garros,,111,6,18.5,13,2.1666666666666665,Diane Parry,,https://www.wtatennis.com/resources/v7.46.6/i/elements/flags/fra.svg,R64,W,"6-1, 6-2",https://www.wtatennis.com/players/327077/diane-parry,False,False,False,False,False,False,False,2,True,15,12,3,1,FR,FRA,250,150,Europe,Western Europe,FRA,"6,1,None|6,2,None",Q,False
3,Roland Garros,https://photoresources.wtatennis.com/photo-resources/2026/04/16/0893d8be-5450-4e36-a144-cdd958c1b484/WTA-Tournament_Roland-Garros.png?height=128,https://www.wtatennis.com/tournaments/903/roland-garros/2023,Grand Slam,Clay,https://www.wtatennis.com/resources/v7.46.6/i/elements/gs-tag.svg,2023-05-28,2023-06-11,2023,5,Paris,USA,,FR,FRA,250,150,United States of America|America|USA|US,Europe,Western Europe,FRA,85.0,170.0,142000.0,128M/128Q/64D,Roland Garros,,111,6,18.5,13,2.1666666666666665,Alison Riske-Amritraj,,https://www.wtatennis.com/resources/v7.46.6/i/elements/flags/usa.svg,R128,W,"6-2, 6-1",https://www.wtatennis.com/players/312850/alison-riske-amritraj,False,False,False,False,False,False,False,2,True,15,12,3,1,US,USA,840,019,America,Northern America,USA,"6,2,None|6,1,None",Q,False
4,Roland Garros,https://photoresources.wtatennis.com/photo-resources/2026/04/16/0893d8be-5450-4e36-a144-cdd958c1b484/WTA-Tournament_Roland-Garros.png?height=128,https://www.wtatennis.com/tournaments/903/roland-garros/2023,Grand Slam,Clay,https://www.wtatennis.com/resources/v7.46.6/i/elements/gs-tag.svg,2023-05-28,2023-06-11,2023,5,Paris,COL,,FR,FRA,250,150,,Europe,Western Europe,FRA,86.0,170.0,142000.0,128M/128Q/64D,Roland Garros,,111,6,18.5,13,2.1666666666666665,Camila Osorio,1.0,https://www.wtatennis.com/resources/v7.46.6/i/elements/flags/col.svg,QR3,W,"7-6 (8), 6-4",https://www.wtatennis.com/players/325898/camila-osorio,False,False,False,True,False,False,True,2,True,23,13,10,1,CO,COL,170,019,America,Northern South America,COL,"7,6,8|6,4,None",Q,False
5,Roland Garros,https://photoresources.wtatennis.com/photo-resources/2026/04/16/0893d8be-5450-4e36-a144-cdd958c1b484/WTA-Tournament_Roland-Garros.png?height=128,https://www.wtatennis.com/tournaments/903/roland-garros/2023,Grand Slam,Clay,https://www.wtatennis.com/resources/v7.46.6/i/elements/gs-tag.svg,2023-05-28,2023-06-11,2023,5,Paris,COL,,FR,FRA,250,150,,Europe,Western Europe,FRA,208.0,170.0,142000.0,128M/128Q/64D,Roland Garros,,111,6,18.5,13,2.1666666666666665,Emiliana Arango,,https://www.wtatennis.com/resources/v7.46.6/i/elements/flags/col.svg,QR2,W,"6-0, 6-2",https://www.wtatennis.com/players/324789/emiliana-arango,False,False,False,False,False,False,False,2,True,14,12,2,1,CO,COL,170,019,America,Northern South America,COL,"6,0,None|6,2,None",Q,False
6,Roland Garros,https://photoresources.wtatennis.com/photo-resources/2026/04/16/0893d8be-5450-4e36-a144-cdd958c1b484/WTA-Tournament_Roland-Garros.png?height=128,https://www.wtatennis.com/tournaments/903/roland-garros/2023,Grand Slam,Clay,https://www.wtatennis.com/resources/v7.46.6/i/elements/gs-tag.svg,2023-05-28,2023-06-11,2023,5,Paris,UZB,,FR,FRA,250,150,,Europe,Western Europe,FRA,142.0,170.0,142000.0,128M/128Q/64D,Roland Garros,,111,6,18.5,13,2.1666666666666665,Polina Kudermetova,31.0,https://www.wtatennis.com/resources/v7.46.6/i/elements/flags/uzb.svg,QR1,W,"6-1, 6-4",https://www.wtatennis.com/players/328897/polina-kudermetova,False,False,False,False,False,False,False,2,True,17,12,5,1,UZ,UZB,860,142,Asia,Central Asia,UZB,"6,1,None|6,4,None",Q,False
1,Trophée Clarins ,,https://www.wtatennis.com/tournaments/2057/paris-125/2023,WTA 125,Clay,https://www.wtatennis.com/resources/v7.46.6/i/elements/125k-tag.svg,2023-05-15,2023-05-21,2023,5,Paris,UZB,,FR,FRA,250,150,,Europe,Western Europe,FRA,90.0,,2000.0,32M/8Q/8D,Trophée Clarins ,,38,2,19.0,4,2.0,Kamilla Rakhimova,9.0,https://www.wtatennis.com/resources/v7.46.6/i/elements/flags/uzb.svg,R16,L,"2-6, 4-6",https://www.wtatennis.com/players/325936/kamilla-rakhimova,False,False,False,False,False,False,False,2,False,18,6,12,0,UZ,UZB,860,142,Asia,Central Asia,UZB,"2,6,None|4,6,None",W,True
2,Trophée Clarins ,,https://www.wtatennis.com/tournaments/2057/paris-125/2023,WTA 125,Clay,https://www.wtatennis.com/resources/v7.46.6/i/elements/125k-tag.svg,2023-05-15,2023-05-21,2023,5,Paris,USA,,FR,FRA,250,150,United States of America|America|USA|US,Europe,Western Europe,FRA,117.0,,2000.0,32M/8Q/8D,Trophée Clarins ,,38,2,19.0,4,2.0,Elizabeth Mandlik,,https://www.wtatennis.com/resources/v7.46.6/i/elements/flags/usa.svg,R32,W,"7-5, 6-2",https://www.wtatennis.com/players/326379/elizabeth-mandlik,False,False,False,False,False,False,False,2,True,20,13,7,1,US,USA,840,019,America,Northern America,USA,"7,5,None|6,2,None",W,True
1,Mutua Madrid Open,https://photoresources.wtatennis.com/photo-resources/2026/04/16/46f056ec-5c74-4159-bc35-97ca4c015c80/WTA-Tournament_Madrid-2023.png?height=128,https://www.wtatennis.com/tournaments/1038/madrid/2023,WTA 1000,Clay,https://www.wtatennis.com/resources/v7.46.6/i/elements/1000k-tag.svg,2023-04-25,2023-05-07,2023,4,Madrid,BLR,,ES,ESP,724,150,,Europe,Southern Europe,ESP,2.0,120.0,84900.0,96M/48Q/32D,Mutua Madrid Open,,75,4,18.75,8,2.0,Aryna Sabalenka,2.0,https://www.wtatennis.com/resources/v7.46.6/i/elements/flags/blr.svg,R16,L,"3-6, 1-6",https://www.wtatennis.com/players/320760/aryna-sabalenka,False,False,False,False,False,False,False,2,False,16,4,12,0,BY,BLR,112,150,Europe,Eastern Europe,BLR,"3,6,None|1,6,None",W,True
2,Mutua Madrid Open,https://photoresources.wtatennis.com/photo-resources/2026/04/16/46f056ec-5c74-4159-bc35-97ca4c015c80/WTA-Tournament_Madrid-2023.png?height=128,https://www.wtatennis.com/tournaments/1038/madrid/2023,WTA 1000,Clay,https://www.wtatennis.com/resources/v7.46.6/i/elements/1000k-tag.svg,2023-04-25,2023-05-07,2023,4,Madrid,POL,,ES,ESP,724,150,,Europe,Southern Europe,ESP,19.0,120.0,84900.0,96M/48Q/32D,Mutua Madrid Open,,75,4,18.75,8,2.0,Magda Linette,17.0,https://www.wtatennis.com/resources/v7.46.6/i/elements/flags/pol.svg,R32,W,"6-3, 6-3",https://www.wtatennis.com/players/315130/magda-linette,False,False,False,False,False,False,False,2,True,18,12,6,1,PL,POL,616,150,Europe,Central Europe,POL,"6,3,None|6,3,None",W,True
3,Mutua Madrid Open,https://photoresources.wtatennis.com/photo-resources/2026/04/16/46f056ec-5c74-4159-bc35-97ca4c015c80/WTA-Tournament_Madrid-2023.png?height=128,https://www.wtatennis.com/tournaments/1038/madrid/2023,WTA 1000,Clay,https://www.wtatennis.com/resources/v7.46.6/i/elements/1000k-tag.svg,2023-04-25,2023-05-07,2023,4,Madrid,BRA,,ES,ESP,724,150,,Europe,Southern Europe,ESP,14.0,120.0,84900.0,96M/48Q/32D,Mutua Madrid Open,,75,4,18.75,8,2.0,Beatriz Haddad Maia,13.0,https://www.wtatennis.com/resources/v7.46.6/i/elements/flags/bra.svg,R64,W,"7-6 (6), 6-3",https://www.wtatennis.com/players/318176/beatriz-haddad-maia,False,False,False,True,False,False,True,2,True,22,13,9,1,BR,BRA,076,019,America,Eastern South America,BRA,"7,6,6|6,3,None",W,True
4,Mutua Madrid Open,https://photoresources.wtatennis.com/photo-resources/2026/04/16/46f056ec-5c74-4159-bc35-97ca4c015c80/WTA-Tournament_Madrid-2023.png?height=128,https://www.wtatennis.com/tournaments/1038/madrid/2023,WTA 1000,Clay,https://www.wtatennis.com/resources/v7.46.6/i/elements/1000k-tag.svg,2023-04-25,2023-05-07,2023,4,Madrid,CAN,,ES,ESP,724,150,,Europe,Southern Europe,ESP,49.0,120.0,84900.0,96M/48Q/32D,Mutua Madrid Open,,75,4,18.75,8,2.0,Leylah Fernandez,,https://www.wtatennis.com/resources/v7.46.6/i/elements/flags/can.svg,R128,W,"6-3, 6-4",https://www.wtatennis.com/players/326735/leylah-fernandez,False,False,False,False,False,False,False,2,True,19,12,7,1,CA,CAN,124,019,America,Northern America,CAN,"6,3,None|6,4,None",W,True
1,"Itf/Tennis Europe $60,000",https://www.wtatennis.com/resources/v7.46.6/i/elements/itf.png,,ITF,Clay,https://www.wtatennis.com/resources/v7.46.6/i/elements/itf.png,2023-04-17,2023-04-23,2023,4,Bellinzona,FRA,,CH,CHE,756,150,,Europe,Central Europe,SUI,455.0,,7344.0,48M/32Q/16D,"Itf/Tennis Europe $60,000",,116,6,19.333333333333332,14,2.3333333333333335,Fiona Ferro,,https://www.wtatennis.com/resources/v7.46.6/i/elements/flags/fra.svg,F,W,"2-6, 6-1, 6-4",https://www.wtatennis.com/players/319969/fiona-ferro,False,False,False,False,False,False,False,3,False,25,14,11,1,FR,FRA,250,150,Europe,Western Europe,FRA,"2,6,None|6,1,None|6,4,None",,
2,"Itf/Tennis Europe $60,000",https://www.wtatennis.com/resources/v7.46.6/i/elements/itf.png,,ITF,Clay,https://www.wtatennis.com/resources/v7.46.6/i/elements/itf.png,2023-04-17,2023-04-23,2023,4,Bellinzona,SUI,,CH,CHE,756,150,,Europe,Central Europe,SUI,219.0,,7344.0,48M/32Q/16D,"Itf/Tennis Europe $60,000",,116,6,19.333333333333332,14,2.3333333333333335,Celine Naef,,https://www.wtatennis.com/resources/v7.46.6/i/elements/flags/sui.svg,SF,W,"6-1, 6-4",https://www.wtatennis.com/players/330581/celine-naef,False,False,False,False,False,False,False,2,True,17,12,5,1,CH,CHE,756,150,Europe,Central Europe,SUI,"6,1,None|6,4,None",,
3,"Itf/Tennis Europe $60,000",https://www.wtatennis.com/resources/v7.46.6/i/elements/itf.png,,ITF,Clay,https://www.wtatennis.com/resources/v7.46.6/i/elements/itf.png,2023-04-17,2023-04-23,2023,4,Bellinzona,BEL,,CH,CHE,756,150,,Europe,Central Europe,SUI,197.0,,7344.0,48M/32Q/16D,"Itf/Tennis Europe $60,000",,116,6,19.333333333333332,14,2.3333333333333335,Marie Benoit,9.0,https://www.wtatennis.com/resources/v7.46.6/i/elements/flags/bel.svg,QF,W,"6-2, 6-1",https://www.wtatennis.com/players/319433/marie-benoit,False,False,False,False,False,False,False,2,True,15,12,3,1,BE,BEL,056,150,Europe,Western Europe,BEL,"6,2,None|6,1,None",,
4,"Itf/Tennis Europe $60,000",https://www.wtatennis.com/resources/v7.46.6/i/elements/itf.png,,ITF,Clay,https://www.wtatennis.com/resources/v7.46.6/i/elements/itf.png,2023-04-17,2023-04-23,2023,4,Bellinzona,ESP,,CH,CHE,756,150,Kingdom of Spain,Europe,Central Europe,SUI,342.0,,7344.0,48M/32Q/16D,"Itf/Tennis Europe $60,000",,116,6,19.333333333333332,14,2.3333333333333335,Andrea Lazaro Garcia,,https://www.wtatennis.com/resources/v7.46.6/i/elements/flags/esp.svg,R16,W,"6-2, 6-4",https://www.wtatennis.com/players/318080/andrea-lazaro-garcia,False,False,False,False,False,False,False,2,True,18,12,6,1,ES,ESP,724,150,Europe,Southern Europe,ESP,"6,2,None|6,4,None",,
5,"Itf/Tennis Europe $60,000",https://www.wtatennis.com/resources/v7.46.6/i/elements/itf.png,,ITF,Clay,https://www.wtatennis.com/resources/v7.46.6/i/elements/itf.png,2023-04-17,2023-04-23,2023,4,Bellinzona,LAT,,CH,CHE,756,150,,Europe,Central Europe,SUI,213.0,,7344.0,48M/32Q/16D,"Itf/Tennis Europe $60,000",,116,6,19.333333333333332,14,2.3333333333333335,Darja Semenistaja,16.0,https://www.wtatennis.com/resources/v7.46.6/i/elements/flags/lat.svg,R32,W,"6-4, 4-6, 6-1",https://www.wtatennis.com/players/329457/darja-semenistaja,False,False,False,False,False,False,False,3,True,27,16,11,1,,,,,,,LAT,"6,4,None|4,6,None|6,1,None",,
6,"Itf/Tennis Europe $60,000",https://www.wtatennis.com/resources/v7.46.6/i/elements/itf.png,,ITF,Clay,https://www.wtatennis.com/resources/v7.46.6/i/elements/itf.png,2023-04-17,2023-04-23,2023,4,Bellinzona,SUI,,CH,CHE,756,150,,Europe,Central Europe,SUI,569.0,,7344.0,48M/32Q/16D,"Itf/Tennis Europe $60,000",,116,6,19.333333333333332,14,2.3333333333333335,Fiona Ganz,,https://www.wtatennis.com/resources/v7.46.6/i/elements/flags/sui.svg,R64,W,"6-0, 6-2",https://www.wtatennis.com/players/325225/fiona-ganz,False,False,False,False,False,False,False,2,True,14,12,2,1,CH,CHE,756,150,Europe,Central Europe,SUI,"6,0,None|6,2,None",,
1,"Itf/Tennis Europe $60,000",https://www.wtatennis.com/resources/v7.46.6/i/elements/itf.png,,ITF,Clay,https://www.wtatennis.com/resources/v7.46.6/i/elements/itf.png,2023-04-10,2023-04-16,2023,4,Chiasso,SUI,,CH,CHE,756,150,,Europe,Central Europe,SUI,265.0,,7344.0,32M/32Q/16D,"Itf/Tennis Europe $60,000",,120,7,17.142857142857142,15,2.142857142857143,Celine Naef,,https://www.wtatennis.com/resources/v7.46.6/i/elements/flags/sui.svg,F,W,"1-6, 7-6 (3), 6-0",https://www.wtatennis.com/players/330581/celine-naef,False,False,False,False,True,False,True,3,False,26,14,12,1,CH,CHE,756,150,Europe,Central Europe,SUI,"1,6,None|7,6,3|6,0,None",Q,False
2,"Itf/Tennis Europe $60,000",https://www.wtatennis.com/resources/v7.46.6/i/elements/itf.png,,ITF,Clay,https://www.wtatennis.com/resources/v7.46.6/i/elements/itf.png,2023-04-10,2023-04-16,2023,4,Chiasso,ARG,,CH,CHE,756,150,,Europe,Central Europe,SUI,104.0,,7344.0,32M/32Q/16D,"Itf/Tennis Europe $60,000",,120,7,17.142857142857142,15,2.142857142857143,Nadia Podoroska,1.0,https://www.wtatennis.com/resources/v7.46.6/i/elements/flags/arg.svg,SF,W,"6-4, 6-0",https://www.wtatennis.com/players/319112/nadia-podoroska,False,False,False,False,False,False,False,2,True,16,12,4,1,AR,ARG,032,019,America,Southern South America,ARG,"6,4,None|6,0,None",Q,False
3,"Itf/Tennis Europe $60,000",https://www.wtatennis.com/resources/v7.46.6/i/elements/itf.png,,ITF,Clay,https://www.wtatennis.com/resources/v7.46.6/i/elements/itf.png,2023-04-10,2023-04-16,2023,4,Chiasso,ROU,,CH,CHE,756,150,,Europe,Central Europe,SUI,217.0,,7344.0,32M/32Q/16D,"Itf/Tennis Europe $60,000",,120,7,17.142857142857142,15,2.142857142857143,Alexandra Cadantu-Ignatik,,https://www.wtatennis.com/resources/v7.46.6/i/elements/flags/rou.svg,QF,W,"6-0, 6-3",https://www.wtatennis.com/players/313215/alexandra-cadantu-ignatik,False,False,False,False,False,False,False,2,True,15,12,3,1,RO,ROU,642,150,Europe,Southeastern Europe,ROU,"6,0,None|6,3,None",Q,False
4,"Itf/Tennis Europe $60,000",https://www.wtatennis.com/resources/v7.46.6/i/elements/itf.png,,ITF,Clay,https://www.wtatennis.com/resources/v7.46.6/i/elements/itf.png,2023-04-10,2023-04-16,2023,4,Chiasso,CZE,,CH,CHE,756,150,,Europe,Central Europe,SUI,205.0,,7344.0,32M/32Q/16D,"Itf/Tennis Europe $60,000",,120,7,17.142857142857142,15,2.142857142857143,Barbora Palicova,,https://www.wtatennis.com/resources/v7.46.6/i/elements/flags/cze.svg,R16,W,"6-0, 6-2",https://www.wtatennis.com/players/330363/barbora-palicova,False,False,False,False,False,False,False,2,True,14,12,2,1,CZ,CZE,203,150,Europe,Central Europe,CZE,"6,0,None|6,2,None",Q,False
5,"Itf/Tennis Europe $60,000",https://www.wtatennis.com/resources/v7.46.6/i/elements/itf.png,,ITF,Clay,https://www.wtatennis.com/resources/v7.46.6/i/elements/itf.png,2023-04-10,2023-04-16,2023,4,Chiasso,SUI,,CH,CHE,756,150,,Europe,Central Europe,SUI,334.0,,7344.0,32M/32Q/16D,"Itf/Tennis Europe $60,000",,120,7,17.142857142857142,15,2.142857142857143,Jenny Duerst,,https://www.wtatennis.com/resources/v7.46.6/i/elements/flags/sui.svg,R32,W,"6-3, 6-2",https://www.wtatennis.com/players/322627/jenny-duerst,False,False,False,False,False,False,False,2,True,17,12,5,1,CH,CHE,756,150,Europe,Central Europe,SUI,"6,3,None|6,2,None",Q,False
6,"Itf/Tennis Europe $60,000",https://www.wtatennis.com/resources/v7.46.6/i/elements/itf.png,,ITF,Clay,https://www.wtatennis.com/resources/v7.46.6/i/elements/itf.png,2023-04-10,2023-04-16,2023,4,Chiasso,SUI,,CH,CHE,756,150,,Europe,Central Europe,SUI,857.0,,7344.0,32M/32Q/16D,"Itf/Tennis Europe $60,000",,120,7,17.142857142857142,15,2.142857142857143,Alina Granwehr,,https://www.wtatennis.com/resources/v7.46.6/i/elements/flags/sui.svg,QR2,W,"6-1, 6-1",https://www.wtatennis.com/players/328688/alina-granwehr,False,False,False,False,False,False,False,2,True,14,12,2,1,CH,CHE,756,150,Europe,Central Europe,SUI,"6,1,None|6,1,None",Q,False
7,"Itf/Tennis Europe $60,000",https://www.wtatennis.com/resources/v7.46.6/i/elements/itf.png,,ITF,Clay,https://www.wtatennis.com/resources/v7.46.6/i/elements/itf.png,2023-04-10,2023-04-16,2023,4,Chiasso,SUI,,CH,CHE,756,150,,Europe,Central Europe,SUI,477.0,,7344.0,32M/32Q/16D,"Itf/Tennis Europe $60,000",,120,7,17.142857142857142,15,2.142857142857143,Nadine Keller,,https://www.wtatennis.com/resources/v7.46.6/i/elements/flags/sui.svg,QR1,W,"6-3, 6-3",https://www.wtatennis.com/players/328686/nadine-keller,False,False,False,False,False,False,False,2,True,18,12,6,1,CH,CHE,756,150,Europe,Central Europe,SUI,"6,3,None|6,3,None",Q,False
1,"Itf $25,000",https://www.wtatennis.com/resources/v7.46.6/i/elements/itf.png,,ITF,Hard,https://www.wtatennis.com/resources/v7.46.6/i/elements/itf.png,2022-12-12,2022-12-18,2022,12,Monastir 51,GER,,TN,TUN,788,002,,Africa,North Africa,TUN,532.0,,672.0,32M/64Q/16D,"Itf $25,000",,64,3,21.333333333333332,7,2.3333333333333335,Alexandra Vecic,,https://www.wtatennis.com/resources/v7.46.6/i/elements/flags/ger.svg,QF,L,"5-7, 0-6",https://www.wtatennis.com/players/325700/alexandra-vecic,False,False,False,False,False,False,False,2,False,18,5,13,0,DE,DEU,276,150,Europe,Central Europe,GER,"5,7,None|0,6,None",,
2,"Itf $25,000",https://www.wtatennis.com/resources/v7.46.6/i/elements/itf.png,,ITF,Hard,https://www.wtatennis.com/resources/v7.46.6/i/elements/itf.png,2022-12-12,2022-12-18,2022,12,Monastir 51,CHN,,TN,TUN,788,002,,Africa,North Africa,TUN,370.0,,672.0,32M/64Q/16D,"Itf $25,000",,64,3,21.333333333333332,7,2.3333333333333335,Zhuoxuan Bai,,https://www.wtatennis.com/resources/v7.46.6/i/elements/flags/chn.svg,R16,W,"4-6, 7-5, 6-2",https://www.wtatennis.com/players/327196/zhuoxuan-bai,False,False,False,False,False,False,False,3,False,30,17,13,1,CN,CHN,156,142,Asia,East Asia,CHN,"4,6,None|7,5,None|6,2,None",,
3,"Itf $25,000",https://www.wtatennis.com/resources/v7.46.6/i/elements/itf.png,,ITF,Hard,https://www.wtatennis.com/resources/v7.46.6/i/elements/itf.png,2022-12-12,2022-12-18,2022,12,Monastir 51,CZE,,TN,TUN,788,002,,Africa,North Africa,TUN,1030.0,,672.0,32M/64Q/16D,"Itf $25,000",,64,3,21.333333333333332,7,2.3333333333333335,Zdena Safarova,,https://www.wtatennis.com/resources/v7.46.6/i/elements/flags/cze.svg,R32,W,"6-2, 6-2",https://www.wtatennis.com/players/328845/zdena-safarova,False,False,False,False,False,False,False,2,True,16,12,4,1,CZ,CZE,203,150,Europe,Central Europe,CZE,"6,2,None|6,2,None",,
1,"Itf $60,000",https://www.wtatennis.com/resources/v7.46.6/i/elements/itf.png,,ITF,Hard,https://www.wtatennis.com/resources/v7.46.6/i/elements/itf.png,2022-11-14,2022-11-20,2022,11,Meitar,SWE,,IL,ISR,376,142,,Asia,Western Asia,ISR,142.0,,9142.0,32M/32Q/16D,"Itf $60,000",,75,5,15.0,10,2.0,Rebecca Peterson,1.0,https://www.wtatennis.com/resources/v7.46.6/i/elements/flags/swe.svg,F,W,"6-1, 6-4",https://www.wtatennis.com/players/317771/rebecca-peterson,False,False,False,False,False,False,False,2,True,17,12,5,1,SE,SWE,752,150,Europe,Northern Europe,SWE,"6,1,None|6,4,None",,
2,"Itf $60,000",https://www.wtatennis.com/resources/v7.46.6/i/elements/itf.png,,ITF,Hard,https://www.wtatennis.com/resources/v7.46.6/i/elements/itf.png,2022-11-14,2022-11-20,2022,11,Meitar,UZB,,IL,ISR,376,142,,Asia,Western Asia,ISR,362.0,,9142.0,32M/32Q/16D,"Itf $60,000",,75,5,15.0,10,2.0,Maria Timofeeva,,https://www.wtatennis.com/resources/v7.46.6/i/elements/flags/uzb.svg,SF,W,"6-3, 6-0",https://www.wtatennis.com/players/328896/maria-timofeeva,False,False,False,False,False,False,False,2,True,15,12,3,1,UZ,UZB,860,142,Asia,Central Asia,UZB,"6,3,None|6,0,None",,
3,"Itf $60,000",https://www.wtatennis.com/resources/v7.46.6/i/elements/itf.png,,ITF,Hard,https://www.wtatennis.com/resources/v7.46.6/i/elements/itf.png,2022-11-14,2022-11-20,2022,11,Meitar,TPE,,IL,ISR,376,142,,Asia,Western Asia,ISR,493.0,,9142.0,32M/32Q/16D,"Itf $60,000",,75,5,15.0,10,2.0,Pei-Chi Lee,,https://www.wtatennis.com/resources/v7.46.6/i/elements/flags/tpe.svg,QF,W,"6-1, 6-0",https://www.wtatennis.com/players/317834/pei-chi-lee,False,False,False,False,False,False,False,2,True,13,12,1,1,,,,,,,TPE,"6,1,None|6,0,None",,
4,"Itf $60,000",https://www.wtatennis.com/resources/v7.46.6/i/elements/itf.png,,ITF,Hard,https://www.wtatennis.com/resources/v7.46.6/i/elements/itf.png,2022-11-14,2022-11-20,2022,11,Meitar,GRE,,IL,ISR,376,142,,Asia,Western Asia,ISR,200.0,,9142.0,32M/32Q/16D,"Itf $60,000",,75,5,15.0,10,2.0,Valentini Grammatikopoulou,2.0,https://www.wtatennis.com/resources/v7.46.6/i/elements/flags/gre.svg,R16,W,"6-2, 6-2",https://www.wtatennis.com/players/319250/valentini-grammatikopoulou,False,False,False,False,False,False,False,2,True,16,12,4,1,GR,GRC,300,150,Europe,Southeastern Europe,GRE,"6,2,None|6,2,None",,
5,"Itf $60,000",https://www.wtatennis.com/resources/v7.46.6/i/elements/itf.png,,ITF,Hard,https://www.wtatennis.com/resources/v7.46.6/i/elements/itf.png,2022-11-14,2022-11-20,2022,11,Meitar,SUI,,IL,ISR,376,142,,Asia,Western Asia,ISR,584.0,,9142.0,32M/32Q/16D,"Itf $60,000",,75,5,15.0,10,2.0,Sebastianna Scilipoti,,https://www.wtatennis.com/resources/v7.46.6/i/elements/flags/sui.svg,R32,W,"6-2, 6-0",https://www.wtatennis.com/players/329096/sebastianna-scilipoti,False,False,False,False,False,False,False,2,True,14,12,2,1,CH,CHE,756,150,Europe,Central Europe,SUI,"6,2,None|6,0,None",,
1,"Itf/Tennis Europe $25,000",https://www.wtatennis.com/resources/v7.46.6/i/elements/itf.png,,ITF,Hard,https://www.wtatennis.com/resources/v7.46.6/i/elements/itf.png,2022-10-17,2022-10-23,2022,10,Loule,UKR,,PT,PRT,620,150,,Europe,Southern Europe,POR,322.0,,672.0,32M/64Q/6D,"Itf/Tennis Europe $25,000",,56,3,18.666666666666668,7,2.3333333333333335,Katarina Zavatska,,https://www.wtatennis.com/resources/v7.46.6/i/elements/flags/ukr.svg,QF,L,"2-6, 4-6",https://www.wtatennis.com/players/324584/katarina-zavatska,False,False,False,False,False,False,False,2,False,18,6,12,0,UA,UKR,804,150,Europe,Eastern Europe,UKR,"2,6,None|4,6,None",,
2,"Itf/Tennis Europe $25,000",https://www.wtatennis.com/resources/v7.46.6/i/elements/itf.png,,ITF,Hard,https://www.wtatennis.com/resources/v7.46.6/i/elements/itf.png,2022-10-17,2022-10-23,2022,10,Loule,GER,,PT,PRT,620,150,,Europe,Southern Europe,POR,460.0,,672.0,32M/64Q/6D,"Itf/Tennis Europe $25,000",,56,3,18.666666666666668,7,2.3333333333333335,Kathleen Kanev,,https://www.wtatennis.com/resources/v7.46.6/i/elements/flags/ger.svg,R16,W,"6-2, 1-6, 6-2",https://www.wtatennis.com/players/324681/kathleen-kanev,False,False,False,False,False,False,False,3,True,23,13,10,1,DE,DEU,276,150,Europe,Central Europe,GER,"6,2,None|1,6,None|6,2,None",,
3,"Itf/Tennis Europe $25,000",https://www.wtatennis.com/resources/v7.46.6/i/elements/itf.png,,ITF,Hard,https://www.wtatennis.com/resources/v7.46.6/i/elements/itf.png,2022-10-17,2022-10-23,2022,10,Loule,SLO,,PT,PRT,620,150,,Europe,Southern Europe,POR,547.0,,672.0,32M/64Q/6D,"Itf/Tennis Europe $25,000",,56,3,18.666666666666668,7,2.3333333333333335,Ziva Falkner,,https://www.wtatennis.com/resources/v7.46.6/i/elements/flags/slo.svg,R32,W,"6-4, 4-1",https://www.wtatennis.com/players/328659/ziva-falkner,True,False,False,False,False,False,False,2,True,15,10,5,1,,,,,,,SLO,"6,4,None|4,1,None|Ret",,
1,Jasmin Open Monastir,,https://www.wtatennis.com/tournaments/2072/monastir/2022,WTA 250,Hard,https://www.wtatennis.com/resources/v7.46.6/i/elements/250k-tag.svg,2022-10-03,2022-10-09,2022,10,Monastir,AUT,,TN,TUN,788,002,,Africa,North Africa,TUN,51.0,1.0,2200.0,32M/24Q/16D,Jasmin Open Monastir,,31,1,31.0,3,3.0,Anastasia Potapova,6.0,https://www.wtatennis.com/resources/v7.46.6/i/elements/flags/aut.svg,R32,L,"3-6, 7-6 (4), 3-6",https://www.wtatennis.com/players/325601/anastasia-potapova,False,False,False,False,True,False,True,3,False,31,13,18,0,AT,AUT,040,150,Europe,Central Europe,AUT,"3,6,None|7,6,4|3,6,None",W,True
1,"Itf/Tennis Europe $25,000",https://www.wtatennis.com/resources/v7.46.6/i/elements/itf.png,,ITF,Hard,https://www.wtatennis.com/resources/v7.46.6/i/elements/itf.png,2022-07-25,2022-07-31,2022,7,El Espinar (Segovia),ESP,,ES,ESP,724,150,Kingdom of Spain,Europe,Southern Europe,ESP,326.0,,3935.0,32M/24Q/16D,"Itf/Tennis Europe $25,000",,105,7,15.0,14,2.0,Eva Guerrero Alvarez,7.0,https://www.wtatennis.com/resources/v7.46.6/i/elements/flags/esp.svg,F,W,"6-4, 6-2",https://www.wtatennis.com/players/322382/eva-guerrero-alvarez,False,False,False,False,False,False,False,2,True,18,12,6,1,ES,ESP,724,150,Europe,Southern Europe,ESP,"6,4,None|6,2,None",Q,False
2,"Itf/Tennis Europe $25,000",https://www.wtatennis.com/resources/v7.46.6/i/elements/itf.png,,ITF,Hard,https://www.wtatennis.com/resources/v7.46.6/i/elements/itf.png,2022-07-25,2022-07-31,2022,7,El Espinar (Segovia),LAT,,ES,ESP,724,150,,Europe,Southern Europe,ESP,330.0,,3935.0,32M/24Q/16D,"Itf/Tennis Europe $25,000",,105,7,15.0,14,2.0,Diana Marcinkevica,5.0,https://www.wtatennis.com/resources/v7.46.6/i/elements/flags/lat.svg,SF,W,"6-2, 6-2",https://www.wtatennis.com/players/316481/diana-marcinkevica,False,False,False,False,False,False,False,2,True,16,12,4,1,,,,,,,LAT,"6,2,None|6,2,None",Q,False
3,"Itf/Tennis Europe $25,000",https://www.wtatennis.com/resources/v7.46.6/i/elements/itf.png,,ITF,Hard,https://www.wtatennis.com/resources/v7.46.6/i/elements/itf.png,2022-07-25,2022-07-31,2022,7,El Espinar (Segovia),HKG,,ES,ESP,724,150,,Europe,Southern Europe,ESP,490.0,,3935.0,32M/24Q/16D,"Itf/Tennis Europe $25,000",,105,7,15.0,14,2.0,Hong Yi Cody Wong,,https://www.wtatennis.com/resources/v7.46.6/i/elements/flags/hkg.svg,QF,W,"6-2, 6-2",https://www.wtatennis.com/players/326723/hong-yi-cody-wong,False,False,False,False,False,False,False,2,True,16,12,4,1,HK,HKG,344,142,Asia,East Asia,HKG,"6,2,None|6,2,None",Q,False
4,"Itf/Tennis Europe $25,000",https://www.wtatennis.com/resources/v7.46.6/i/elements/itf.png,,ITF,Hard,https://www.wtatennis.com/resources/v7.46.6/i/elements/itf.png,2022-07-25,2022-07-31,2022,7,El Espinar (Segovia),ESP,,ES,ESP,724,150,Kingdom of Spain,Europe,Southern Europe,ESP,910.0,,3935.0,32M/24Q/16D,"Itf/Tennis Europe $25,000",,105,7,15.0,14,2.0,Marta Gonzalez Encinas,,https://www.wtatennis.com/resources/v7.46.6/i/elements/flags/esp.svg,R16,W,"6-2, 6-1",https://www.wtatennis.com/players/322381/marta-gonzalez-encinas,False,False,False,False,False,False,False,2,True,15,12,3,1,ES,ESP,724,150,Europe,Southern Europe,ESP,"6,2,None|6,1,None",Q,False
5,"Itf/Tennis Europe $25,000",https://www.wtatennis.com/resources/v7.46.6/i/elements/itf.png,,ITF,Hard,https://www.wtatennis.com/resources/v7.46.6/i/elements/itf.png,2022-07-25,2022-07-31,2022,7,El Espinar (Segovia),BEL,,ES,ESP,724,150,,Europe,Southern Europe,ESP,712.0,,3935.0,32M/24Q/16D,"Itf/Tennis Europe $25,000",,105,7,15.0,14,2.0,Eliessa Vanlangendonck,,https://www.wtatennis.com/resources/v7.46.6/i/elements/flags/bel.svg,R32,W,"6-2, 6-1",https://www.wtatennis.com/players/321356/eliessa-vanlangendonck,False,False,False,False,False,False,False,2,True,15,12,3,1,BE,BEL,056,150,Europe,Western Europe,BEL,"6,2,None|6,1,None",Q,False
6,"Itf/Tennis Europe $25,000",https://www.wtatennis.com/resources/v7.46.6/i/elements/itf.png,,ITF,Hard,https://www.wtatennis.com/resources/v7.46.6/i/elements/itf.png,2022-07-25,2022-07-31,2022,7,El Espinar (Segovia),ESP,,ES,ESP,724,150,Kingdom of Spain,Europe,Southern Europe,ESP,9999.0,,3935.0,32M/24Q/16D,"Itf/Tennis Europe $25,000",,105,7,15.0,14,2.0,Paula Ortega Redondo,,https://www.wtatennis.com/resources/v7.46.6/i/elements/flags/esp.svg,QR2,W,"6-0, 6-0",https://www.wtatennis.com/players/328172/paula-ortega-redondo,False,False,False,False,False,False,False,2,True,12,12,0,1,ES,ESP,724,150,Europe,Southern Europe,ESP,"6,0,None|6,0,None",Q,False
7,"Itf/Tennis Europe $25,000",https://www.wtatennis.com/resources/v7.46.6/i/elements/itf.png,,ITF,Hard,https://www.wtatennis.com/resources/v7.46.6/i/elements/itf.png,2022-07-25,2022-07-31,2022,7,El Espinar (Segovia),ESP,,ES,ESP,724,150,Kingdom of Spain,Europe,Southern Europe,ESP,9999.0,,3935.0,32M/24Q/16D,"Itf/Tennis Europe $25,000",,105,7,15.0,14,2.0,Ksenia San Luis Kravtseva,,https://www.wtatennis.com/resources/v7.46.6/i/elements/flags/esp.svg,QR1,W,"6-1, 6-0",https://www.wtatennis.com/players/327800/ksenia-san-luis-kravtseva,False,False,False,False,False,False,False,2,True,13,12,1,1,ES,ESP,724,150,Europe,Southern Europe,ESP,"6,1,None|6,0,None",Q,False
1,"Itf/Tennis Europe $60,000",https://www.wtatennis.com/resources/v7.46.6/i/elements/itf.png,,ITF,Clay,https://www.wtatennis.com/resources/v7.46.6/i/elements/itf.png,2022-06-27,2022-07-03,2022,6,Montpellier,ESP,,FR,FRA,250,150,Kingdom of Spain,Europe,Western Europe,FRA,175.0,,935.0,32M/32Q/16D,"Itf/Tennis Europe $60,000",,72,4,18.0,9,2.25,Oksana Selekhmeteva,7.0,https://www.wtatennis.com/resources/v7.46.6/i/elements/flags/esp.svg,R16,L,"1-6, 6-3, 5-7",https://www.wtatennis.com/players/329199/oksana-selekhmeteva,False,False,False,False,False,False,False,3,False,28,12,16,0,ES,ESP,724,150,Europe,Southern Europe,ESP,"1,6,None|6,3,None|5,7,None",Q,False
2,"Itf/Tennis Europe $60,000",https://www.wtatennis.com/resources/v7.46.6/i/elements/itf.png,,ITF,Clay,https://www.wtatennis.com/resources/v7.46.6/i/elements/itf.png,2022-06-27,2022-07-03,2022,6,Montpellier,FRA,,FR,FRA,250,150,,Europe,Western Europe,FRA,1463.0,,935.0,32M/32Q/16D,"Itf/Tennis Europe $60,000",,72,4,18.0,9,2.25,Lea Tholey,,https://www.wtatennis.com/resources/v7.46.6/i/elements/flags/fra.svg,R32,W,"6-1, 6-2",https://www.wtatennis.com/players/319028/lea-tholey,False,False,False,False,False,False,False,2,True,15,12,3,1,FR,FRA,250,150,Europe,Western Europe,FRA,"6,1,None|6,2,None",Q,False
3,"Itf/Tennis Europe $60,000",https://www.wtatennis.com/resources/v7.46.6/i/elements/itf.png,,ITF,Clay,https://www.wtatennis.com/resources/v7.46.6/i/elements/itf.png,2022-06-27,2022-07-03,2022,6,Montpellier,FRA,,FR,FRA,250,150,,Europe,Western Europe,FRA,,,935.0,32M/32Q/16D,"Itf/Tennis Europe $60,000",,72,4,18.0,9,2.25,Emma Bousquet,,https://www.wtatennis.com/resources/v7.46.6/i/elements/flags/fra.svg,QR2,W,"6-1, 6-0",https://www.wtatennis.com/players/332269/emma-bousquet,False,False,False,False,False,False,False,2,True,13,12,1,1,FR,FRA,250,150,Europe,Western Europe,FRA,"6,1,None|6,0,None",Q,False
4,"Itf/Tennis Europe $60,000",https://www.wtatennis.com/resources/v7.46.6/i/elements/itf.png,,ITF,Clay,https://www.wtatennis.com/resources/v7.46.6/i/elements/itf.png,2022-06-27,2022-07-03,2022,6,Montpellier,ESP,,FR,FRA,250,150,Kingdom of Spain,Europe,Western Europe,FRA,656.0,,935.0,32M/32Q/16D,"Itf/Tennis Europe $60,000",,72,4,18.0,9,2.25,Lucia Cortez Llorca,14.0,https://www.wtatennis.com/resources/v7.46.6/i/elements/flags/esp.svg,QR1,W,"6-2, 6-2",https://www.wtatennis.com/players/325073/lucia-cortez-llorca,False,False,False,False,False,False,False,2,True,16,12,4,1,ES,ESP,724,150,Europe,Southern Europe,ESP,"6,2,None|6,2,None",Q,False
1,"Itf/Tennis Europe $25,000",https://www.wtatennis.com/resources/v7.46.6/i/elements/itf.png,,ITF,Clay,https://www.wtatennis.com/resources/v7.46.6/i/elements/itf.png,2022-06-20,2022-06-26,2022,6,Perigueux,GER,,FR,FRA,250,150,,Europe,Western Europe,FRA,281.0,,1162.0,32M/32Q/16D,"Itf/Tennis Europe $25,000",,109,4,27.25,11,2.75,Katharina Hobgarski,1.0,https://www.wtatennis.com/resources/v7.46.6/i/elements/flags/ger.svg,SF,L,"6-4, 3-6, 1-6",https://www.wtatennis.com/players/321658/katharina-hobgarski,False,False,False,False,False,False,False,3,True,26,10,16,0,DE,DEU,276,150,Europe,Central Europe,GER,"6,4,None|3,6,None|1,6,None",,
2,"Itf/Tennis Europe $25,000",https://www.wtatennis.com/resources/v7.46.6/i/elements/itf.png,,ITF,Clay,https://www.wtatennis.com/resources/v7.46.6/i/elements/itf.png,2022-06-20,2022-06-26,2022,6,Perigueux,VEN,,FR,FRA,250,150,,Europe,Western Europe,FRA,382.0,,1162.0,32M/32Q/16D,"Itf/Tennis Europe $25,000",,109,4,27.25,11,2.75,Andrea Gamiz,7.0,https://www.wtatennis.com/resources/v7.46.6/i/elements/flags/ven.svg,QF,W,"6-4, 3-6, 6-1",https://www.wtatennis.com/players/314852/andrea-gamiz,False,False,False,False,False,False,False,3,True,26,15,11,1,VE,VEN,862,019,America,Northern South America,VEN,"6,4,None|3,6,None|6,1,None",,
3,"Itf/Tennis Europe $25,000",https://www.wtatennis.com/resources/v7.46.6/i/elements/itf.png,,ITF,Clay,https://www.wtatennis.com/resources/v7.46.6/i/elements/itf.png,2022-06-20,2022-06-26,2022,6,Perigueux,NED,,FR,FRA,250,150,,Europe,Western Europe,FRA,297.0,,1162.0,32M/32Q/16D,"Itf/Tennis Europe $25,000",,109,4,27.25,11,2.75,Eva Vedder,3.0,https://www.wtatennis.com/resources/v7.46.6/i/elements/flags/ned.svg,R16,W,"4-6, 7-6 (3), 7-6 (3)",https://www.wtatennis.com/players/325011/eva-vedder,False,False,False,False,True,True,True,3,False,36,18,18,1,NL,NLD,528,150,Europe,Western Europe,NED,"4,6,None|7,6,3|7,6,3",,
4,"Itf/Tennis Europe $25,000",https://www.wtatennis.com/resources/v7.46.6/i/elements/itf.png,,ITF,Clay,https://www.wtatennis.com/resources/v7.46.6/i/elements/itf.png,2022-06-20,2022-06-26,2022,6,Perigueux,FRA,,FR,FRA,250,150,,Europe,Western Europe,FRA,467.0,,1162.0,32M/32Q/16D,"Itf/Tennis Europe $25,000",,109,4,27.25,11,2.75,Margot Yerolymos,,https://www.wtatennis.com/resources/v7.46.6/i/elements/flags/fra.svg,R32,W,"7-6 (1), 6-2",https://www.wtatennis.com/players/320862/margot-yerolymos,False,False,False,True,False,False,True,2,True,21,13,8,1,FR,FRA,250,150,Europe,Western Europe,FRA,"7,6,1|6,2,None",,
1,"Itf/Tennis Europe $15,000",https://www.wtatennis.com/resources/v7.46.6/i/elements/itf.png,,ITF,Clay,https://www.wtatennis.com/resources/v7.46.6/i/elements/itf.png,2022-04-11,2022-04-17,2022,4,Antalya 14,ITA,,TR,TUR,792,142,,Asia,Western Asia,TUR,820.0,,2352.0,32M/64Q/16D,"Itf/Tennis Europe $15,000",,90,5,18.0,11,2.2,Silvia Ambrosio,,https://www.wtatennis.com/resources/v7.46.6/i/elements/flags/ita.svg,F,W,"7-5, 6-2",https://www.wtatennis.com/players/329578/silvia-ambrosio,False,False,False,False,False,False,False,2,True,20,13,7,1,IT,ITA,380,150,Europe,Southern Europe,ITA,"7,5,None|6,2,None",,
2,"Itf/Tennis Europe $15,000",https://www.wtatennis.com/resources/v7.46.6/i/elements/itf.png,,ITF,Clay,https://www.wtatennis.com/resources/v7.46.6/i/elements/itf.png,2022-04-11,2022-04-17,2022,4,Antalya 14,BEL,,TR,TUR,792,142,,Asia,Western Asia,TUR,1331.0,,2352.0,32M/64Q/16D,"Itf/Tennis Europe $15,000",,90,5,18.0,11,2.2,Vicky Van De Peer,,https://www.wtatennis.com/resources/v7.46.6/i/elements/flags/bel.svg,SF,W,"6-4, 6-1",https://www.wtatennis.com/players/327535/vicky-van-de-peer,False,False,False,False,False,False,False,2,True,17,12,5,1,BE,BEL,056,150,Europe,Western Europe,BEL,"6,4,None|6,1,None",,
3,"Itf/Tennis Europe $15,000",https://www.wtatennis.com/resources/v7.46.6/i/elements/itf.png,,ITF,Clay,https://www.wtatennis.com/resources/v7.46.6/i/elements/itf.png,2022-04-11,2022-04-17,2022,4,Antalya 14,JPN,,TR,TUR,792,142,,Asia,Western Asia,TUR,810.0,,2352.0,32M/64Q/16D,"Itf/Tennis Europe $15,000",,90,5,18.0,11,2.2,Rina Saigo,,https://www.wtatennis.com/resources/v7.46.6/i/elements/flags/jpn.svg,QF,W,"6-2, 6-0",https://www.wtatennis.com/players/326049/rina-saigo,False,False,False,False,False,False,False,2,True,14,12,2,1,JP,JPN,392,142,Asia,East Asia,JPN,"6,2,None|6,0,None",,
4,"Itf/Tennis Europe $15,000",https://www.wtatennis.com/resources/v7.46.6/i/elements/itf.png,,ITF,Clay,https://www.wtatennis.com/resources/v7.46.6/i/elements/itf.png,2022-04-11,2022-04-17,2022,4,Antalya 14,RUS,,TR,TUR,792,142,,Asia,Western Asia,TUR,689.0,,2352.0,32M/64Q/16D,"Itf/Tennis Europe $15,000",,90,5,18.0,11,2.2,Daria Lodikova,5.0,https://www.wtatennis.com/resources/v7.46.6/i/elements/flags/rus.svg,R16,W,"6-3, 2-6, 6-2",https://www.wtatennis.com/players/320481/daria-lodikova,False,False,False,False,False,False,False,3,True,25,14,11,1,RU,RUS,643,150,Europe,Eastern Europe,RUS,"6,3,None|2,6,None|6,2,None",,
5,"Itf/Tennis Europe $15,000",https://www.wtatennis.com/resources/v7.46.6/i/elements/itf.png,,ITF,Clay,https://www.wtatennis.com/resources/v7.46.6/i/elements/itf.png,2022-04-11,2022-04-17,2022,4,Antalya 14,ESP,,TR,TUR,792,142,Kingdom of Spain,Asia,Western Asia,TUR,902.0,,2352.0,32M/64Q/16D,"Itf/Tennis Europe $15,000",,90,5,18.0,11,2.2,Alba Rey Garcia,,https://www.wtatennis.com/resources/v7.46.6/i/elements/flags/esp.svg,R32,W,"6-2, 6-0",https://www.wtatennis.com/players/329275/alba-rey-garcia,False,False,False,False,False,False,False,2,True,14,12,2,1,ES,ESP,724,150,Europe,Southern Europe,ESP,"6,2,None|6,0,None",,
1,"Itf/Tennis Europe $15,000",https://www.wtatennis.com/resources/v7.46.6/i/elements/itf.png,,ITF,Clay,https://www.wtatennis.com/resources/v7.46.6/i/elements/itf.png,2022-04-04,2022-04-10,2022,4,Antalya 13,ITA,,TR,TUR,792,142,,Asia,Western Asia,TUR,540.0,,2352.0,32M/64Q/16D,"Itf/Tennis Europe $15,000",,109,5,21.8,12,2.4,Martina Colmegna,,https://www.wtatennis.com/resources/v7.46.6/i/elements/flags/ita.svg,F,W,"6-7 (6), 6-0, 6-2",https://www.wtatennis.com/players/320369/martina-colmegna,False,False,False,True,False,False,True,3,False,27,18,9,1,IT,ITA,380,150,Europe,Southern Europe,ITA,"6,7,6|6,0,None|6,2,None",,
2,"Itf/Tennis Europe $15,000",https://www.wtatennis.com/resources/v7.46.6/i/elements/itf.png,,ITF,Clay,https://www.wtatennis.com/resources/v7.46.6/i/elements/itf.png,2022-04-04,2022-04-10,2022,4,Antalya 13,GRE,,TR,TUR,792,142,,Asia,Western Asia,TUR,493.0,,2352.0,32M/64Q/16D,"Itf/Tennis Europe $15,000",,109,5,21.8,12,2.4,Sapfo Sakellaridi,,https://www.wtatennis.com/resources/v7.46.6/i/elements/flags/gre.svg,SF,W,"6-1, 7-5",https://www.wtatennis.com/players/327193/sapfo-sakellaridi,False,False,False,False,False,False,False,2,True,19,13,6,1,GR,GRC,300,150,Europe,Southeastern Europe,GRE,"6,1,None|7,5,None",,
3,"Itf/Tennis Europe $15,000",https://www.wtatennis.com/resources/v7.46.6/i/elements/itf.png,,ITF,Clay,https://www.wtatennis.com/resources/v7.46.6/i/elements/itf.png,2022-04-04,2022-04-10,2022,4,Antalya 13,EST,,TR,TUR,792,142,,Asia,Western Asia,TUR,421.0,,2352.0,32M/64Q/16D,"Itf/Tennis Europe $15,000",,109,5,21.8,12,2.4,Elena Malygina,3.0,https://www.wtatennis.com/resources/v7.46.6/i/elements/flags/est.svg,QF,W,"5-7, 6-0, 6-0",https://www.wtatennis.com/players/325114/elena-malygina,False,False,False,False,False,False,False,3,False,24,17,7,1,EE,EST,233,150,Europe,Northern Europe,EST,"5,7,None|6,0,None|6,0,None",,
4,"Itf/Tennis Europe $15,000",https://www.wtatennis.com/resources/v7.46.6/i/elements/itf.png,,ITF,Clay,https://www.wtatennis.com/resources/v7.46.6/i/elements/itf.png,2022-04-04,2022-04-10,2022,4,Antalya 13,DEN,,TR,TUR,792,142,,Asia,Western Asia,TUR,1168.0,,2352.0,32M/64Q/16D,"Itf/Tennis Europe $15,000",,109,5,21.8,12,2.4,Johanne Svendsen,,https://www.wtatennis.com/resources/v7.46.6/i/elements/flags/den.svg,R16,W,"6-4, 7-6 (5)",https://www.wtatennis.com/players/331074/johanne-svendsen,False,False,False,False,True,False,True,2,True,23,13,10,1,DK,DNK,208,150,Europe,Northern Europe,DEN,"6,4,None|7,6,5",,
5,"Itf/Tennis Europe $15,000",https://www.wtatennis.com/resources/v7.46.6/i/elements/itf.png,,ITF,Clay,https://www.wtatennis.com/resources/v7.46.6/i/elements/itf.png,2022-04-04,2022-04-10,2022,4,Antalya 13,FRA,,TR,TUR,792,142,,Asia,Western Asia,TUR,473.0,,2352.0,32M/64Q/16D,"Itf/Tennis Europe $15,000",,109,5,21.8,12,2.4,Sara Cakarevic,8.0,https://www.wtatennis.com/resources/v7.46.6/i/elements/flags/fra.svg,R32,W,"6-2, 6-2",https://www.wtatennis.com/players/322752/sara-cakarevic,False,False,False,False,False,False,False,2,True,16,12,4,1,FR,FRA,250,150,Europe,Western Europe,FRA,"6,2,None|6,2,None",,
1,"Itf/ Tennis Europe $15,000",https://www.wtatennis.com/resources/v7.46.6/i/elements/itf.png,,ITF,Clay,https://www.wtatennis.com/resources/v7.46.6/i/elements/itf.png,2022-03-28,2022-04-03,2022,3,Antalya 12,SLO,,TR,TUR,792,142,,Asia,Western Asia,TUR,481.0,,147.0,32M/64Q/16D,"Itf/ Tennis Europe $15,000",,29,1,29.0,3,3.0,Ziva Falkner,7.0,https://www.wtatennis.com/resources/v7.46.6/i/elements/flags/slo.svg,R32,L,"6-1, 6-7 (6), 3-6",https://www.wtatennis.com/players/328659/ziva-falkner,False,False,False,False,True,False,True,3,True,29,15,14,0,,,,,,,SLO,"6,1,None|6,7,6|3,6,None",,
1,"Itf $15,000",https://www.wtatennis.com/resources/v7.46.6/i/elements/itf.png,,ITF,Clay,https://www.wtatennis.com/resources/v7.46.6/i/elements/itf.png,2022-03-14,2022-03-20,2022,3,Marrakech,GER,,MA,MAR,504,002,,Africa,North Africa,MAR,1108.0,,367.0,32M/64Q/16D,"Itf $15,000",,57,3,19.0,6,2.0,Chantal Sauvant,,https://www.wtatennis.com/resources/v7.46.6/i/elements/flags/ger.svg,QF,L,"2-6, 5-7",https://www.wtatennis.com/players/326247/chantal-sauvant,False,False,False,False,False,False,False,2,False,20,7,13,0,DE,DEU,276,150,Europe,Central Europe,GER,"2,6,None|5,7,None",,
2,"Itf $15,000",https://www.wtatennis.com/resources/v7.46.6/i/elements/itf.png,,ITF,Clay,https://www.wtatennis.com/resources/v7.46.6/i/elements/itf.png,2022-03-14,2022-03-20,2022,3,Marrakech,FRA,,MA,MAR,504,002,,Africa,North Africa,MAR,1196.0,,367.0,32M/64Q/16D,"Itf $15,000",,57,3,19.0,6,2.0,Lea Tholey,,https://www.wtatennis.com/resources/v7.46.6/i/elements/flags/fra.svg,R16,W,"7-5, 6-3",https://www.wtatennis.com/players/319028/lea-tholey,False,False,False,False,False,False,False,2,True,21,13,8,1,FR,FRA,250,150,Europe,Western Europe,FRA,"7,5,None|6,3,None",,
3,"Itf $15,000",https://www.wtatennis.com/resources/v7.46.6/i/elements/itf.png,,ITF,Clay,https://www.wtatennis.com/resources/v7.46.6/i/elements/itf.png,2022-03-14,2022-03-20,2022,3,Marrakech,ITA,,MA,MAR,504,002,,Africa,North Africa,MAR,617.0,,367.0,32M/64Q/16D,"Itf $15,000",,57,3,19.0,6,2.0,Federica Arcidiacono,7.0,https://www.wtatennis.com/resources/v7.46.6/i/elements/flags/ita.svg,R32,W,"6-1, 6-3",https://www.wtatennis.com/players/318196/federica-arcidiacono,False,False,False,False,False,False,False,2,True,16,12,4,1,IT,ITA,380,150,Europe,Southern Europe,ITA,"6,1,None|6,3,None",,
1,"Itf $15,000",https://www.wtatennis.com/resources/v7.46.6/i/elements/itf.png,,ITF,Hard,https://www.wtatennis.com/resources/v7.46.6/i/elements/itf.png,2022-02-21,2022-02-27,2022,2,Sharm El Sheikh 4,HKG,,EG,EGY,818,002,,Africa,North Africa,EGY,745.0,,1470.0,32M/64Q/16D,"Itf $15,000",,118,5,23.6,12,2.4,Hong Yi Cody Wong,8.0,https://www.wtatennis.com/resources/v7.46.6/i/elements/flags/hkg.svg,F,L,"4-6, 1-6",https://www.wtatennis.com/players/326723/hong-yi-cody-wong,False,False,False,False,False,False,False,2,False,17,5,12,0,HK,HKG,344,142,Asia,East Asia,HKG,"4,6,None|1,6,None",,
2,"Itf $15,000",https://www.wtatennis.com/resources/v7.46.6/i/elements/itf.png,,ITF,Hard,https://www.wtatennis.com/resources/v7.46.6/i/elements/itf.png,2022-02-21,2022-02-27,2022,2,Sharm El Sheikh 4,JPN,,EG,EGY,818,002,,Africa,North Africa,EGY,1126.0,,1470.0,32M/64Q/16D,"Itf $15,000",,118,5,23.6,12,2.4,Hiromi Abe,,https://www.wtatennis.com/resources/v7.46.6/i/elements/flags/jpn.svg,SF,W,"6-2, 6-2",https://www.wtatennis.com/players/329154/hiromi-abe,False,False,False,False,False,False,False,2,True,16,12,4,1,JP,JPN,392,142,Asia,East Asia,JPN,"6,2,None|6,2,None",,
3,"Itf $15,000",https://www.wtatennis.com/resources/v7.46.6/i/elements/itf.png,,ITF,Hard,https://www.wtatennis.com/resources/v7.46.6/i/elements/itf.png,2022-02-21,2022-02-27,2022,2,Sharm El Sheikh 4,ITA,,EG,EGY,818,002,,Africa,North Africa,EGY,825.0,,1470.0,32M/64Q/16D,"Itf $15,000",,118,5,23.6,12,2.4,Silvia Ambrosio,7.0,https://www.wtatennis.com/resources/v7.46.6/i/elements/flags/ita.svg,QF,W,"5-7, 6-3, 6-2",https://www.wtatennis.com/players/329578/silvia-ambrosio,False,False,False,False,False,False,False,3,False,29,17,12,1,IT,ITA,380,150,Europe,Southern Europe,ITA,"5,7,None|6,3,None|6,2,None",,
4,"Itf $15,000",https://www.wtatennis.com/resources/v7.46.6/i/elements/itf.png,,ITF,Hard,https://www.wtatennis.com/resources/v7.46.6/i/elements/itf.png,2022-02-21,2022-02-27,2022,2,Sharm El Sheikh 4,FIN,,EG,EGY,818,002,,Africa,North Africa,EGY,1077.0,,1470.0,32M/64Q/16D,"Itf $15,000",,118,5,23.6,12,2.4,Laura Hietaranta,,https://www.wtatennis.com/resources/v7.46.6/i/elements/flags/fin.svg,R16,W,"6-3, 7-5",https://www.wtatennis.com/players/329759/laura-hietaranta,False,False,False,False,False,False,False,2,True,21,13,8,1,FI,FIN,246,150,Europe,Northern Europe,FIN,"6,3,None|7,5,None",,
5,"Itf $15,000",https://www.wtatennis.com/resources/v7.46.6/i/elements/itf.png,,ITF,Hard,https://www.wtatennis.com/resources/v7.46.6/i/elements/itf.png,2022-02-21,2022-02-27,2022,2,Sharm El Sheikh 4,JPN,,EG,EGY,818,002,,Africa,North Africa,EGY,582.0,,1470.0,32M/64Q/16D,"Itf $15,000",,118,5,23.6,12,2.4,Ayumi Koshiishi,4.0,https://www.wtatennis.com/resources/v7.46.6/i/elements/flags/jpn.svg,R32,W,"7-6 (0), 3-6, 7-6 (2)",https://www.wtatennis.com/players/325867/ayumi-koshiishi,False,False,False,True,False,True,True,3,True,35,17,18,1,JP,JPN,392,142,Asia,East Asia,JPN,"7,6,0|3,6,None|7,6,2",,
1,"Itf $15,000",https://www.wtatennis.com/resources/v7.46.6/i/elements/itf.png,,ITF,Hard,https://www.wtatennis.com/resources/v7.46.6/i/elements/itf.png,2022-02-14,2022-02-20,2022,2,Sharm El Sheikh 3,ROU,,EG,EGY,818,002,,Africa,North Africa,EGY,707.0,,294.0,32M/64Q/16D,"Itf $15,000",,48,2,24.0,5,2.5,Elena-Teodora Cadar,3.0,https://www.wtatennis.com/resources/v7.46.6/i/elements/flags/rou.svg,R16,L,"1-6, 7-6 (5), 3-6",https://www.wtatennis.com/players/316109/elena-teodora-cadar,False,False,False,False,True,False,True,3,False,29,11,18,0,RO,ROU,642,150,Europe,Southeastern Europe,ROU,"1,6,None|7,6,5|3,6,None",,
2,"Itf $15,000",https://www.wtatennis.com/resources/v7.46.6/i/elements/itf.png,,ITF,Hard,https://www.wtatennis.com/resources/v7.46.6/i/elements/itf.png,2022-02-14,2022-02-20,2022,2,Sharm El Sheikh 3,FIN,,EG,EGY,818,002,,Africa,North Africa,EGY,1079.0,,294.0,32M/64Q/16D,"Itf $15,000",,48,2,24.0,5,2.5,Laura Hietaranta,,https://www.wtatennis.com/resources/v7.46.6/i/elements/flags/fin.svg,R32,W,"6-3, 6-4",https://www.wtatennis.com/players/329759/laura-hietaranta,False,False,False,False,False,False,False,2,True,19,12,7,1,FI,FIN,246,150,Europe,Northern Europe,FIN,"6,3,None|6,4,None",,
