id,title,logo,url,level,surface,level_logo,start_date,end_date,year,month,city,country,state,tour_code_alpha_2,tour_code_alpha_3,tour_country_code_m49,tour_region_code,alternative_name,tour_region,tour_subregion,tour_fifa,rank,points_gain,prize_money,draw,custom_title,alt_titles,tour_total_games,tour_total_matches,tour_avg_games,tour_sets_played,tour_avg_sets_played,name,seed,flag,round,win_loss,score,url_profile,retired,walkover,bye,first_set_tiebreak,second_set_tiebreak,third_set_tiebreak,has_tiebreak,number_of_sets,first_set_won,total_games,winner_games,loser_games,win_loss_numeric,code_alpha_2,code_alpha_3,country_code_m49,region_code,region,subregion,fifa,splitted_score,entry_type,wild_card_entry
1,US Open,https://photoresources.wtatennis.com/photo-resources/2026/04/16/8d0a3d41-7b45-434b-a75b-b7d2eb0922b4/WTA-Tournament_US-Open.png?height=128,https://www.wtatennis.com/tournaments/905/us-open/2025,Grand Slam,Hard,https://www.wtatennis.com/resources/v7.42.0/i/elements/gs-tag.svg,2025-08-24,2025-09-07,2025,8,New York,USA,NY,US,USA,840,019,United States of America|America|USA|US,America,Northern America,USA,4.0,130.0,237000.0,128M/128Q/64D,Us Open,,60,3,20.0,6,2.0,Jessica Pegula,4.0,https://www.wtatennis.com/resources/v7.42.0/i/elements/flags/usa.svg,R32,L,"1-6, 5-7",https://www.wtatennis.com/players/316956/jessica-pegula,False,False,False,False,False,False,False,2,False,19,6,13,0,US,USA,840,019,America,Northern America,USA,"1,6,None|5,7,None",,
2,US Open,https://photoresources.wtatennis.com/photo-resources/2026/04/16/8d0a3d41-7b45-434b-a75b-b7d2eb0922b4/WTA-Tournament_US-Open.png?height=128,https://www.wtatennis.com/tournaments/905/us-open/2025,Grand Slam,Hard,https://www.wtatennis.com/resources/v7.42.0/i/elements/gs-tag.svg,2025-08-24,2025-09-07,2025,8,New York,RUS,NY,US,USA,840,019,,America,Northern America,USA,45.0,130.0,237000.0,128M/128Q/64D,Us Open,,60,3,20.0,6,2.0,Anastasia Pavlyuchenkova,,https://www.wtatennis.com/resources/v7.42.0/i/elements/flags/rus.svg,R64,W,"6-3, 6-3",https://www.wtatennis.com/players/313796/anastasia-pavlyuchenkova,False,False,False,False,False,False,False,2,True,18,12,6,1,RU,RUS,643,150,Europe,Eastern Europe,RUS,"6,3,None|6,3,None",,
3,US Open,https://photoresources.wtatennis.com/photo-resources/2026/04/16/8d0a3d41-7b45-434b-a75b-b7d2eb0922b4/WTA-Tournament_US-Open.png?height=128,https://www.wtatennis.com/tournaments/905/us-open/2025,Grand Slam,Hard,https://www.wtatennis.com/resources/v7.42.0/i/elements/gs-tag.svg,2025-08-24,2025-09-07,2025,8,New York,USA,NY,US,USA,840,019,United States of America|America|USA|US,America,Northern America,USA,215.0,130.0,237000.0,128M/128Q/64D,Us Open,,60,3,20.0,6,2.0,Hina Inoue,,https://www.wtatennis.com/resources/v7.42.0/i/elements/flags/usa.svg,R128,W,"7-6 (0), 6-4",https://www.wtatennis.com/players/328320/hina-inoue,False,False,False,True,False,False,True,2,True,23,13,10,1,US,USA,840,019,America,Northern America,USA,"7,6,0|6,4,None",,
1,Wimbledon,https://photoresources.wtatennis.com/photo-resources/2026/04/16/d29814e6-6e80-4015-b680-9a7f3cb065c3/WTA-Tournament_Wimbledon.png?height=128,https://www.wtatennis.com/tournaments/904/wimbledon/2025,Grand Slam,Grass,https://www.wtatennis.com/resources/v7.42.0/i/elements/gs-tag.svg,2025-06-30,2025-07-13,2025,6,Wimbledon,RUS,,GB,GBR,826,150,,Europe,Northern Europe,ENG,95.0,10.0,89465.0,128M/128Q/64D,"The Championships, Wimbledon",,23,1,23.0,3,3.0,Anastasia Zakharova,,https://www.wtatennis.com/resources/v7.42.0/i/elements/flags/rus.svg,R128,L,"2-6, 6-2, 1-6",https://www.wtatennis.com/players/327367/anastasia-zakharova,False,False,False,False,False,False,False,3,False,23,9,14,0,RU,RUS,643,150,Europe,Eastern Europe,RUS,"2,6,None|6,2,None|1,6,None",,
1,Bad Homburg Open Powered By Solarwatt,https://photoresources.wtatennis.com/photo-resources/2026/04/16/4ae17020-01fc-4d27-a041-001034ed25de/WTA-Tournament_BadHomburg-2021.png?height=128,https://www.wtatennis.com/tournaments/2017/bad-homburg/2025,WTA 500,Grass,https://www.wtatennis.com/resources/v7.42.0/i/elements/500k-tag.svg,2025-06-22,2025-06-28,2025,6,Bad Homburg,POL,,DE,DEU,276,150,,Europe,Central Europe,GER,8.0,85.0,15170.0,32M/16Q/16D,Bad Homburg Open Powered By Solarwatt,,92,4,23.0,10,2.5,Iga Swiatek,4.0,https://www.wtatennis.com/resources/v7.42.0/i/elements/flags/pol.svg,R16,L,"4-6, 4-6",https://www.wtatennis.com/players/326408/iga-swiatek,False,False,False,False,False,False,False,2,False,20,8,12,0,PL,POL,616,150,Europe,Central Europe,POL,"4,6,None|4,6,None",Q,False
2,Bad Homburg Open Powered By Solarwatt,https://photoresources.wtatennis.com/photo-resources/2026/04/16/4ae17020-01fc-4d27-a041-001034ed25de/WTA-Tournament_BadHomburg-2021.png?height=128,https://www.wtatennis.com/tournaments/2017/bad-homburg/2025,WTA 500,Grass,https://www.wtatennis.com/resources/v7.42.0/i/elements/500k-tag.svg,2025-06-22,2025-06-28,2025,6,Bad Homburg,GER,,DE,DEU,276,150,,Europe,Central Europe,GER,103.0,85.0,15170.0,32M/16Q/16D,Bad Homburg Open Powered By Solarwatt,,92,4,23.0,10,2.5,Laura Siegemund,,https://www.wtatennis.com/resources/v7.42.0/i/elements/flags/ger.svg,R32,W,"6-2, 6-2",https://www.wtatennis.com/players/310926/laura-siegemund,False,False,False,False,False,False,False,2,True,16,12,4,1,DE,DEU,276,150,Europe,Central Europe,GER,"6,2,None|6,2,None",Q,False
3,Bad Homburg Open Powered By Solarwatt,https://photoresources.wtatennis.com/photo-resources/2026/04/16/4ae17020-01fc-4d27-a041-001034ed25de/WTA-Tournament_BadHomburg-2021.png?height=128,https://www.wtatennis.com/tournaments/2017/bad-homburg/2025,WTA 500,Grass,https://www.wtatennis.com/resources/v7.42.0/i/elements/500k-tag.svg,2025-06-22,2025-06-28,2025,6,Bad Homburg,RUS,,DE,DEU,276,150,,Europe,Central Europe,GER,43.0,85.0,15170.0,32M/16Q/16D,Bad Homburg Open Powered By Solarwatt,,92,4,23.0,10,2.5,Veronika Kudermetova,3.0,https://www.wtatennis.com/resources/v7.42.0/i/elements/flags/rus.svg,QR2,W,"6-7 (4), 6-3, 6-4",https://www.wtatennis.com/players/319526/veronika-kudermetova,False,False,False,True,False,False,True,3,False,32,18,14,1,RU,RUS,643,150,Europe,Eastern Europe,RUS,"6,7,4|6,3,None|6,4,None",Q,False
4,Bad Homburg Open Powered By Solarwatt,https://photoresources.wtatennis.com/photo-resources/2026/04/16/4ae17020-01fc-4d27-a041-001034ed25de/WTA-Tournament_BadHomburg-2021.png?height=128,https://www.wtatennis.com/tournaments/2017/bad-homburg/2025,WTA 500,Grass,https://www.wtatennis.com/resources/v7.42.0/i/elements/500k-tag.svg,2025-06-22,2025-06-28,2025,6,Bad Homburg,USA,,DE,DEU,276,150,United States of America|America|USA|US,Europe,Central Europe,GER,213.0,85.0,15170.0,32M/16Q/16D,Bad Homburg Open Powered By Solarwatt,,92,4,23.0,10,2.5,Caty Mcnally,,https://www.wtatennis.com/resources/v7.42.0/i/elements/flags/usa.svg,QR1,W,"4-6, 6-2, 6-0",https://www.wtatennis.com/players/325725/caty-mcnally,False,False,False,False,False,False,False,3,False,24,16,8,1,US,USA,840,019,America,Northern America,USA,"4,6,None|6,2,None|6,0,None",Q,False
1,Roland Garros,https://photoresources.wtatennis.com/photo-resources/2026/04/16/0893d8be-5450-4e36-a144-cdd958c1b484/WTA-Tournament_Roland-Garros.png?height=128,https://www.wtatennis.com/tournaments/903/roland-garros/2025,Grand Slam,Clay,https://www.wtatennis.com/resources/v7.42.0/i/elements/gs-tag.svg,2025-05-25,2025-06-08,2025,5,Paris,USA,,FR,FRA,250,150,United States of America|America|USA|US,Europe,Western Europe,FRA,30.0,70.0,126679.0,128M/128Q/64D,Roland Garros,,35,2,17.5,4,2.0,Sofia Kenin,31.0,https://www.wtatennis.com/resources/v7.42.0/i/elements/flags/usa.svg,R64,L,"6-7 (5), 4-6",https://www.wtatennis.com/players/320942/sofia-kenin,False,False,False,True,False,False,True,2,False,23,10,13,0,US,USA,840,019,America,Northern America,USA,"6,7,5|4,6,None",,
2,Roland Garros,https://photoresources.wtatennis.com/photo-resources/2026/04/16/0893d8be-5450-4e36-a144-cdd958c1b484/WTA-Tournament_Roland-Garros.png?height=128,https://www.wtatennis.com/tournaments/903/roland-garros/2025,Grand Slam,Clay,https://www.wtatennis.com/resources/v7.42.0/i/elements/gs-tag.svg,2025-05-25,2025-06-08,2025,5,Paris,BEL,,FR,FRA,250,150,,Europe,Western Europe,FRA,1140.0,70.0,126679.0,128M/128Q/64D,Roland Garros,,35,2,17.5,4,2.0,Yanina Wickmayer,,https://www.wtatennis.com/resources/v7.42.0/i/elements/flags/bel.svg,R128,W,"6-0, 6-0",https://www.wtatennis.com/players/312536/yanina-wickmayer,False,False,False,False,False,False,False,2,True,12,12,0,1,BE,BEL,056,150,Europe,Western Europe,BEL,"6,0,None|6,0,None",,
1,Internazionali Bnl D'Italia,https://photoresources.wtatennis.com/photo-resources/2026/04/16/2c058ad8-b3d8-49a9-a863-85d7b87a6783/WTA-Tournament_Rome-2018.png?height=128,https://www.wtatennis.com/tournaments/709/rome/2025,WTA 1000,Clay,https://www.wtatennis.com/resources/v7.42.0/i/elements/1000k-tag.svg,2025-05-06,2025-05-18,2025,5,Rome,POL,,IT,ITA,380,150,,Europe,Southern Europe,ITA,25.0,35.0,24400.0,128M/48Q/32D,Internazionali Bnl D'Italia,,39,2,19.5,4,2.0,Magdalena Frech,26.0,https://www.wtatennis.com/resources/v7.42.0/i/elements/flags/pol.svg,R64,L,"5-7, 4-6",https://www.wtatennis.com/players/320277/magdalena-frech,False,False,False,False,False,False,False,2,False,22,9,13,0,PL,POL,616,150,Europe,Central Europe,POL,"5,7,None|4,6,None",,
2,Internazionali Bnl D'Italia,https://photoresources.wtatennis.com/photo-resources/2026/04/16/2c058ad8-b3d8-49a9-a863-85d7b87a6783/WTA-Tournament_Rome-2018.png?height=128,https://www.wtatennis.com/tournaments/709/rome/2025,WTA 1000,Clay,https://www.wtatennis.com/resources/v7.42.0/i/elements/1000k-tag.svg,2025-05-06,2025-05-18,2025,5,Rome,COL,,IT,ITA,380,150,,Europe,Southern Europe,ITA,55.0,35.0,24400.0,128M/48Q/32D,Internazionali Bnl D'Italia,,39,2,19.5,4,2.0,Camila Osorio,,https://www.wtatennis.com/resources/v7.42.0/i/elements/flags/col.svg,R128,W,"6-2, 6-3",https://www.wtatennis.com/players/325898/camila-osorio,False,False,False,False,False,False,False,2,True,17,12,5,1,CO,COL,170,019,America,Northern South America,COL,"6,2,None|6,3,None",,
1,Mutua Madrid Open,https://photoresources.wtatennis.com/photo-resources/2026/04/16/46f056ec-5c74-4159-bc35-97ca4c015c80/WTA-Tournament_Madrid-2023.png?height=128,https://www.wtatennis.com/tournaments/1038/madrid/2025,WTA 1000,Clay,https://www.wtatennis.com/resources/v7.42.0/i/elements/1000k-tag.svg,2025-04-22,2025-05-04,2025,4,Madrid,SRB,,ES,ESP,724,150,,Europe,Southern Europe,ESP,34.0,10.0,23760.0,128M/48Q/32D,Mutua Madrid Open,,18,1,18.0,2,2.0,Olga Danilovic,,https://www.wtatennis.com/resources/v7.42.0/i/elements/flags/srb.svg,R128,L,"4-6, 2-6",https://www.wtatennis.com/players/324934/olga-danilovic,False,False,False,False,False,False,False,2,False,18,6,12,0,RS,SRB,688,150,Europe,Southeastern Europe,SRB,"4,6,None|2,6,None",,
1,Miami Open,https://photoresources.wtatennis.com/photo-resources/2026/04/16/e0f2d5a2-cc05-4b2a-8377-f57edf6eaaa2/WTA-Tournament_Miami-2024.png?height=128,https://www.wtatennis.com/tournaments/902/miami/2025,WTA 1000,Hard,https://www.wtatennis.com/resources/v7.42.0/i/elements/1000k-tag.svg,2025-03-18,2025-03-30,2025,3,Miami,CZE,FL,US,USA,840,019,,America,Northern America,USA,14.0,35.0,35260.0,128M/48Q/32D,Miami Open Presented By Itaú,,22,2,11.0,3,1.5,Karolina Muchova,15.0,https://www.wtatennis.com/resources/v7.42.0/i/elements/flags/cze.svg,R64,L,0-6,https://www.wtatennis.com/players/322191/karolina-muchova,True,False,False,False,False,False,False,1,False,6,0,6,0,CZ,CZE,203,150,Europe,Central Europe,CZE,"0,6,None|Ret",,
2,Miami Open,https://photoresources.wtatennis.com/photo-resources/2026/04/16/e0f2d5a2-cc05-4b2a-8377-f57edf6eaaa2/WTA-Tournament_Miami-2024.png?height=128,https://www.wtatennis.com/tournaments/902/miami/2025,WTA 1000,Hard,https://www.wtatennis.com/resources/v7.42.0/i/elements/1000k-tag.svg,2025-03-18,2025-03-30,2025,3,Miami,UKR,FL,US,USA,840,019,,America,Northern America,USA,55.0,35.0,35260.0,128M/48Q/32D,Miami Open Presented By Itaú,,22,2,11.0,3,1.5,Anhelina Kalinina,,https://www.wtatennis.com/resources/v7.42.0/i/elements/flags/ukr.svg,R128,W,"6-3, 6-1",https://www.wtatennis.com/players/320567/anhelina-kalinina,False,False,False,False,False,False,False,2,True,16,12,4,1,UA,UKR,804,150,Europe,Eastern Europe,UKR,"6,3,None|6,1,None",,
1,Bnp Paribas Open,https://photoresources.wtatennis.com/photo-resources/2026/04/16/a1736320-dd92-4829-8aa8-846c2edef410/WTA-Tournament_Indian-Wells-2017.png?height=128,https://www.wtatennis.com/tournaments/609/indian-wells/2025,WTA 1000,Hard,https://www.wtatennis.com/resources/v7.42.0/i/elements/1000k-tag.svg,2025-03-05,2025-03-16,2025,3,Indian Wells,CHN,CA,US,USA,840,019,,America,Northern America,USA,9.0,35.0,43050.0,128M/48Q/32D,Bnp Paribas Open,,42,2,21.0,4,2.0,Qinwen Zheng,8.0,https://www.wtatennis.com/resources/v7.42.0/i/elements/flags/chn.svg,R64,L,"3-6, 4-6",https://www.wtatennis.com/players/328120/qinwen-zheng,False,False,False,False,False,False,False,2,False,19,7,12,0,CN,CHN,156,142,Asia,East Asia,CHN,"3,6,None|4,6,None",,
2,Bnp Paribas Open,https://photoresources.wtatennis.com/photo-resources/2026/04/16/a1736320-dd92-4829-8aa8-846c2edef410/WTA-Tournament_Indian-Wells-2017.png?height=128,https://www.wtatennis.com/tournaments/609/indian-wells/2025,WTA 1000,Hard,https://www.wtatennis.com/resources/v7.42.0/i/elements/1000k-tag.svg,2025-03-05,2025-03-16,2025,3,Indian Wells,USA,CA,US,USA,840,019,United States of America|America|USA|US,America,Northern America,USA,259.0,35.0,43050.0,128M/48Q/32D,Bnp Paribas Open,,42,2,21.0,4,2.0,Clervie Ngounoue,,https://www.wtatennis.com/resources/v7.42.0/i/elements/flags/usa.svg,R128,W,"6-4, 7-6 (7)",https://www.wtatennis.com/players/330788/clervie-ngounoue,False,False,False,False,True,False,True,2,True,23,13,10,1,US,USA,840,019,America,Northern America,USA,"6,4,None|7,6,7",,
1,Dubai Tennis Championships,https://photoresources.wtatennis.com/photo-resources/2026/04/16/2aee9d91-0756-4a92-b0bb-09b8d0dd8d76/WTA-Tournament_Dubai-2017.png?height=128,https://www.wtatennis.com/tournaments/718/dubai/2025,WTA 1000,Hard,https://www.wtatennis.com/resources/v7.42.0/i/elements/1000k-tag.svg,2025-02-16,2025-02-22,2025,2,Dubai,POL,,AE,ARE,784,142,,Asia,Western Asia,UAE,2.0,65.0,23500.0,64M/32Q/32D,Dubai Duty Free Tennis Championships,,45,2,22.5,5,2.5,Iga Swiatek,2.0,https://www.wtatennis.com/resources/v7.42.0/i/elements/flags/pol.svg,R32,L,"0-6, 2-6",https://www.wtatennis.com/players/326408/iga-swiatek,False,False,False,False,False,False,False,2,False,14,2,12,0,PL,POL,616,150,Europe,Central Europe,POL,"0,6,None|2,6,None",,
2,Dubai Tennis Championships,https://photoresources.wtatennis.com/photo-resources/2026/04/16/2aee9d91-0756-4a92-b0bb-09b8d0dd8d76/WTA-Tournament_Dubai-2017.png?height=128,https://www.wtatennis.com/tournaments/718/dubai/2025,WTA 1000,Hard,https://www.wtatennis.com/resources/v7.42.0/i/elements/1000k-tag.svg,2025-02-16,2025-02-22,2025,2,Dubai,UKR,,AE,ARE,784,142,,Asia,Western Asia,UAE,51.0,65.0,23500.0,64M/32Q/32D,Dubai Duty Free Tennis Championships,,45,2,22.5,5,2.5,Anhelina Kalinina,,https://www.wtatennis.com/resources/v7.42.0/i/elements/flags/ukr.svg,R64,W,"2-6, 7-6 (4), 6-4",https://www.wtatennis.com/players/320567/anhelina-kalinina,False,False,False,False,True,False,True,3,False,31,15,16,1,UA,UKR,804,150,Europe,Eastern Europe,UKR,"2,6,None|7,6,4|6,4,None",,
1,Qatar Total Open,https://photoresources.wtatennis.com/photo-resources/2025/04/16/74cb07bc-dc84-43f7-9acc-95e51d3748c9/WTA-Tournament_Doha-2025.png?height=128,https://www.wtatennis.com/tournaments/1003/doha/2025,WTA 1000,Hard,https://www.wtatennis.com/resources/v7.42.0/i/elements/1000k-tag.svg,2025-02-09,2025-02-15,2025,2,Doha,USA,,QA,QAT,634,142,United States of America|America|USA|US,Asia,Western Asia,QAT,41.0,10.0,16900.0,64M/32Q/32D,Qatar Totalenergies Open 2025,,21,1,21.0,2,2.0,Amanda Anisimova,,https://www.wtatennis.com/resources/v7.42.0/i/elements/flags/usa.svg,R64,L,"3-6, 5-7",https://www.wtatennis.com/players/326384/amanda-anisimova,False,False,False,False,False,False,False,2,False,21,8,13,0,US,USA,840,019,America,Northern America,USA,"3,6,None|5,7,None",,
1,Australian Open,https://photoresources.wtatennis.com/photo-resources/2026/04/16/6b041ce4-8b08-4fff-be75-89d1c452c157/WTA-Tournament_Australian-Open.png?height=128,https://www.wtatennis.com/tournaments/901/australian-open/2025,Grand Slam,Hard,https://www.wtatennis.com/resources/v7.42.0/i/elements/gs-tag.svg,2025-01-12,2025-01-26,2025,1,Melbourne,ITA,,AU,AUS,036,009,,Oceania,Australasia,AUS,76.0,10.0,83315.0,128M/128Q/64D,Australian Open,,21,1,21.0,2,2.0,Lucia Bronzetti,,https://www.wtatennis.com/resources/v7.42.0/i/elements/flags/ita.svg,R128,L,"2-6, 6-7 (2)",https://www.wtatennis.com/players/322280/lucia-bronzetti,False,False,False,False,True,False,True,2,False,21,8,13,0,IT,ITA,380,150,Europe,Southern Europe,ITA,"2,6,None|6,7,2",,
1,Brisbane International Presented By Evie,https://photoresources.wtatennis.com/photo-resources/2026/04/16/e0cf338c-8e78-4f7f-816c-d0a252863119/WTA-Tournament_Brisbane-2025.png?height=128,https://www.wtatennis.com/tournaments/800/brisbane/2025,WTA 500,Hard,https://www.wtatennis.com/resources/v7.42.0/i/elements/500k-tag.svg,2025-12-29,2025-01-05,2025,12,Brisbane,CZE,,AU,AUS,036,009,,Oceania,Australasia,AUS,44.0,60.0,17750.0,64M/24Q/16D,Brisbane International Presented By Evie,,51,2,25.5,5,2.5,Marie Bouzkova,,https://www.wtatennis.com/resources/v7.42.0/i/elements/flags/cze.svg,R16,L,"4-6, 4-6",https://www.wtatennis.com/players/320983/marie-bouzkova,False,False,False,False,False,False,False,2,False,20,8,12,0,CZ,CZE,203,150,Europe,Central Europe,CZE,"4,6,None|4,6,None",,
2,Brisbane International Presented By Evie,https://photoresources.wtatennis.com/photo-resources/2026/04/16/e0cf338c-8e78-4f7f-816c-d0a252863119/WTA-Tournament_Brisbane-2025.png?height=128,https://www.wtatennis.com/tournaments/800/brisbane/2025,WTA 500,Hard,https://www.wtatennis.com/resources/v7.42.0/i/elements/500k-tag.svg,2025-12-29,2025-01-05,2025,12,Brisbane,AUS,,AU,AUS,036,009,,Oceania,Australasia,AUS,116.0,60.0,17750.0,64M/24Q/16D,Brisbane International Presented By Evie,,51,2,25.5,5,2.5,Maya Joint,,https://www.wtatennis.com/resources/v7.42.0/i/elements/flags/aus.svg,R32,W,"6-7 (5), 6-2, 6-4",https://www.wtatennis.com/players/330544/maya-joint,False,False,False,True,False,False,True,3,False,31,18,13,1,AU,AUS,036,009,Oceania,Australasia,AUS,"6,7,5|6,2,None|6,4,None",,
3,Brisbane International Presented By Evie,https://photoresources.wtatennis.com/photo-resources/2026/04/16/e0cf338c-8e78-4f7f-816c-d0a252863119/WTA-Tournament_Brisbane-2025.png?height=128,https://www.wtatennis.com/tournaments/800/brisbane/2025,WTA 500,Hard,https://www.wtatennis.com/resources/v7.42.0/i/elements/500k-tag.svg,2025-12-29,2025-01-05,2025,12,Brisbane,,,AU,AUS,036,009,,Oceania,Australasia,AUS,,60.0,17750.0,64M/24Q/16D,Brisbane International Presented By Evie,,51,2,25.5,5,2.5,,,,R64,,Bye,,False,False,True,False,False,False,False,0,False,0,0,0,0,,,,,,,,,,
1,Guadalajara Open,,https://www.wtatennis.com/tournaments/2075/guadalajara-500/2024,WTA 500,Hard,https://www.wtatennis.com/resources/v7.42.0/i/elements/500k-tag.svg,2024-09-09,2024-09-15,2024,9,Guadalajara,UZB,,MX,MEX,484,019,,America,Central America,MEX,89.0,1.0,13590.0,32M/24Q/16D,Guadalajara Open Akron Presented By Santander,,11,1,11.0,2,2.0,Kamilla Rakhimova,,https://www.wtatennis.com/resources/v7.42.0/i/elements/flags/uzb.svg,R16,L,"2-6, 0-3",https://www.wtatennis.com/players/325936/kamilla-rakhimova,True,False,False,False,False,False,False,2,False,11,2,9,0,UZ,UZB,860,142,Asia,Central Asia,UZB,"2,6,None|0,3,None|Ret",,
2,Guadalajara Open,,https://www.wtatennis.com/tournaments/2075/guadalajara-500/2024,WTA 500,Hard,https://www.wtatennis.com/resources/v7.42.0/i/elements/500k-tag.svg,2024-09-09,2024-09-15,2024,9,Guadalajara,,,MX,MEX,484,019,,America,Central America,MEX,,1.0,13590.0,32M/24Q/16D,Guadalajara Open Akron Presented By Santander,,11,1,11.0,2,2.0,,,,R32,,Bye,,False,False,True,False,False,False,False,0,False,0,0,0,0,,,,,,,,,,
1,US Open,https://photoresources.wtatennis.com/photo-resources/2026/04/16/8d0a3d41-7b45-434b-a75b-b7d2eb0922b4/WTA-Tournament_US-Open.png?height=128,https://www.wtatennis.com/tournaments/905/us-open/2024,Grand Slam,Hard,https://www.wtatennis.com/resources/v7.42.0/i/elements/gs-tag.svg,2024-08-26,2024-09-08,2024,8,New York,CHN,NY,US,USA,840,019,,America,Northern America,USA,80.0,130.0,215000.0,128M/128Q/64D,Us Open,,66,3,22.0,8,2.6666666666666665,Yafan Wang,,https://www.wtatennis.com/resources/v7.42.0/i/elements/flags/chn.svg,R32,L,"4-6, 6-3, 1-6",https://www.wtatennis.com/players/317510/yafan-wang,False,False,False,False,False,False,False,3,False,26,11,15,0,CN,CHN,156,142,Asia,East Asia,CHN,"4,6,None|6,3,None|1,6,None",,
2,US Open,https://photoresources.wtatennis.com/photo-resources/2026/04/16/8d0a3d41-7b45-434b-a75b-b7d2eb0922b4/WTA-Tournament_US-Open.png?height=128,https://www.wtatennis.com/tournaments/905/us-open/2024,Grand Slam,Hard,https://www.wtatennis.com/resources/v7.42.0/i/elements/gs-tag.svg,2024-08-26,2024-09-08,2024,8,New York,FRA,NY,US,USA,840,019,,America,Northern America,USA,56.0,130.0,215000.0,128M/128Q/64D,Us Open,,66,3,22.0,8,2.6666666666666665,Clara Burel,,https://www.wtatennis.com/resources/v7.42.0/i/elements/flags/fra.svg,R64,W,"6-1, 6-4",https://www.wtatennis.com/players/325320/clara-burel,False,False,False,False,False,False,False,2,True,17,12,5,1,FR,FRA,250,150,Europe,Western Europe,FRA,"6,1,None|6,4,None",,
3,US Open,https://photoresources.wtatennis.com/photo-resources/2026/04/16/8d0a3d41-7b45-434b-a75b-b7d2eb0922b4/WTA-Tournament_US-Open.png?height=128,https://www.wtatennis.com/tournaments/905/us-open/2024,Grand Slam,Hard,https://www.wtatennis.com/resources/v7.42.0/i/elements/gs-tag.svg,2024-08-26,2024-09-08,2024,8,New York,UKR,NY,US,USA,840,019,,America,Northern America,USA,146.0,130.0,215000.0,128M/128Q/64D,Us Open,,66,3,22.0,8,2.6666666666666665,Yuliia Starodubtseva,,https://www.wtatennis.com/resources/v7.42.0/i/elements/flags/ukr.svg,R128,W,"3-6, 6-1, 6-1",https://www.wtatennis.com/players/325338/yuliia-starodubtseva,False,False,False,False,False,False,False,3,False,23,15,8,1,UA,UKR,804,150,Europe,Eastern Europe,UKR,"3,6,None|6,1,None|6,1,None",,
1,National Bank Open Presented By Rogers,,https://www.wtatennis.com/tournaments/806/montreal/2024,WTA 1000,Hard,https://www.wtatennis.com/resources/v7.42.0/i/elements/1000k-tag.svg,2024-08-06,2024-08-12,2024,8,Toronto,USA,,CA,CAN,124,019,United States of America|America|USA|US,America,Northern America,CAN,53.0,120.0,36454.0,64M/32Q/32D,National Bank Open Presented By Rogers,,60,3,20.0,7,2.3333333333333335,Peyton Stearns,,https://www.wtatennis.com/resources/v7.42.0/i/elements/flags/usa.svg,R16,L,"4-6, 2-4",https://www.wtatennis.com/players/327573/peyton-stearns,True,False,False,False,False,False,False,2,False,16,6,10,0,US,USA,840,019,America,Northern America,USA,"4,6,None|2,4,None|Ret",,
2,National Bank Open Presented By Rogers,,https://www.wtatennis.com/tournaments/806/montreal/2024,WTA 1000,Hard,https://www.wtatennis.com/resources/v7.42.0/i/elements/1000k-tag.svg,2024-08-06,2024-08-12,2024,8,Toronto,BEL,,CA,CAN,124,019,,America,Northern America,CAN,74.0,120.0,36454.0,64M/32Q/32D,National Bank Open Presented By Rogers,,60,3,20.0,7,2.3333333333333335,Greet Minnen,,https://www.wtatennis.com/resources/v7.42.0/i/elements/flags/bel.svg,R32,W,"3-6, 7-5, 6-1",https://www.wtatennis.com/players/321454/greet-minnen,False,False,False,False,False,False,False,3,False,28,16,12,1,BE,BEL,056,150,Europe,Western Europe,BEL,"3,6,None|7,5,None|6,1,None",,
3,National Bank Open Presented By Rogers,,https://www.wtatennis.com/tournaments/806/montreal/2024,WTA 1000,Hard,https://www.wtatennis.com/resources/v7.42.0/i/elements/1000k-tag.svg,2024-08-06,2024-08-12,2024,8,Toronto,RUS,,CA,CAN,124,019,,America,Northern America,CAN,29.0,120.0,36454.0,64M/32Q/32D,National Bank Open Presented By Rogers,,60,3,20.0,7,2.3333333333333335,Anastasia Pavlyuchenkova,,https://www.wtatennis.com/resources/v7.42.0/i/elements/flags/rus.svg,R64,W,"6-2, 6-2",https://www.wtatennis.com/players/313796/anastasia-pavlyuchenkova,False,False,False,False,False,False,False,2,True,16,12,4,1,RU,RUS,643,150,Europe,Eastern Europe,RUS,"6,2,None|6,2,None",,
1,Mubadala Citi Dc Open,,https://www.wtatennis.com/tournaments/1045/washington-dc/2024,WTA 500,Hard,https://www.wtatennis.com/resources/v7.42.0/i/elements/500k-tag.svg,2024-07-29,2024-08-04,2024,7,Washington Dc,BLR,DC,US,USA,840,019,,America,Northern America,USA,3.0,108.0,28955.0,32M/16Q/16D,Mubadala Citi Dc Open,,75,3,25.0,7,2.3333333333333335,Aryna Sabalenka,1.0,https://www.wtatennis.com/resources/v7.42.0/i/elements/flags/blr.svg,QF,L,"4-6, 4-6",https://www.wtatennis.com/players/320760/aryna-sabalenka,False,False,False,False,False,False,False,2,False,20,8,12,0,BY,BLR,112,150,Europe,Eastern Europe,BLR,"4,6,None|4,6,None",,
2,Mubadala Citi Dc Open,,https://www.wtatennis.com/tournaments/1045/washington-dc/2024,WTA 500,Hard,https://www.wtatennis.com/resources/v7.42.0/i/elements/500k-tag.svg,2024-07-29,2024-08-04,2024,7,Washington Dc,CHN,DC,US,USA,840,019,,America,Northern America,USA,73.0,108.0,28955.0,32M/16Q/16D,Mubadala Citi Dc Open,,75,3,25.0,7,2.3333333333333335,Yafan Wang,,https://www.wtatennis.com/resources/v7.42.0/i/elements/flags/chn.svg,R16,W,"6-1, 6-7 (5), 6-3",https://www.wtatennis.com/players/317510/yafan-wang,False,False,False,False,True,False,True,3,True,29,18,11,1,CN,CHN,156,142,Asia,East Asia,CHN,"6,1,None|6,7,5|6,3,None",,
3,Mubadala Citi Dc Open,,https://www.wtatennis.com/tournaments/1045/washington-dc/2024,WTA 500,Hard,https://www.wtatennis.com/resources/v7.42.0/i/elements/500k-tag.svg,2024-07-29,2024-08-04,2024,7,Washington Dc,USA,DC,US,USA,840,019,United States of America|America|USA|US,America,Northern America,USA,97.0,108.0,28955.0,32M/16Q/16D,Mubadala Citi Dc Open,,75,3,25.0,7,2.3333333333333335,Hailey Baptiste,,https://www.wtatennis.com/resources/v7.42.0/i/elements/flags/usa.svg,R32,W,"7-6 (6), 7-6 (3)",https://www.wtatennis.com/players/327101/hailey-baptiste,False,False,False,True,True,False,True,2,True,26,14,12,1,US,USA,840,019,America,Northern America,USA,"7,6,6|7,6,3",,
1,Ecotrans Ladies Open,,https://www.wtatennis.com/tournaments/2012/berlin/2024,WTA 500,Grass,https://www.wtatennis.com/resources/v7.42.0/i/elements/500k-tag.svg,2024-06-17,2024-06-23,2024,6,Berlin,RUS,,DE,DEU,276,150,,Europe,Central Europe,GER,24.0,195.0,44525.0,32M/24Q/16D,Ecotrans Ladies Open,,67,4,16.75,8,2.0,Anna Kalinskaya,,https://www.wtatennis.com/resources/v7.42.0/i/elements/flags/rus.svg,SF,L,"1-6, 7-6 (3), 1-6",https://www.wtatennis.com/players/323942/anna-kalinskaya,False,False,False,False,True,False,True,3,False,27,9,18,0,RU,RUS,643,150,Europe,Eastern Europe,RUS,"1,6,None|7,6,3|1,6,None",,
2,Ecotrans Ladies Open,,https://www.wtatennis.com/tournaments/2012/berlin/2024,WTA 500,Grass,https://www.wtatennis.com/resources/v7.42.0/i/elements/500k-tag.svg,2024-06-17,2024-06-23,2024,6,Berlin,KAZ,,DE,DEU,276,150,,Europe,Central Europe,GER,4.0,195.0,44525.0,32M/24Q/16D,Ecotrans Ladies Open,,67,4,16.75,8,2.0,Elena Rybakina,3.0,https://www.wtatennis.com/resources/v7.42.0/i/elements/flags/kaz.svg,QF,W,3-1,https://www.wtatennis.com/players/324166/elena-rybakina,True,False,False,False,False,False,False,1,False,4,3,1,1,KZ,KAZ,398,142,Asia,Central Asia,KAZ,"3,1,None|Ret",,
3,Ecotrans Ladies Open,,https://www.wtatennis.com/tournaments/2012/berlin/2024,WTA 500,Grass,https://www.wtatennis.com/resources/v7.42.0/i/elements/500k-tag.svg,2024-06-17,2024-06-23,2024,6,Berlin,TUR,,DE,DEU,276,150,,Europe,Central Europe,GER,157.0,195.0,44525.0,32M/24Q/16D,Ecotrans Ladies Open,,67,4,16.75,8,2.0,Zeynep Sonmez,,https://www.wtatennis.com/resources/v7.42.0/i/elements/flags/tur.svg,R16,W,"6-3, 6-3",https://www.wtatennis.com/players/326907/zeynep-sonmez,False,False,False,False,False,False,False,2,True,18,12,6,1,TR,TUR,792,142,Asia,Western Asia,TUR,"6,3,None|6,3,None",,
4,Ecotrans Ladies Open,,https://www.wtatennis.com/tournaments/2012/berlin/2024,WTA 500,Grass,https://www.wtatennis.com/resources/v7.42.0/i/elements/500k-tag.svg,2024-06-17,2024-06-23,2024,6,Berlin,GRE,,DE,DEU,276,150,,Europe,Central Europe,GER,9.0,195.0,44525.0,32M/24Q/16D,Ecotrans Ladies Open,,67,4,16.75,8,2.0,Maria Sakkari,7.0,https://www.wtatennis.com/resources/v7.42.0/i/elements/flags/gre.svg,R32,W,"6-4, 6-2",https://www.wtatennis.com/players/318312/maria-sakkari,False,False,False,False,False,False,False,2,True,18,12,6,1,GR,GRC,300,150,Europe,Southeastern Europe,GRE,"6,4,None|6,2,None",,
1,Roland Garros,,https://www.wtatennis.com/tournaments/903/roland-garros/2024,Grand Slam,Clay,https://www.wtatennis.com/resources/v7.42.0/i/elements/gs-tag.svg,2024-05-26,2024-06-09,2024,5,Paris,RUS,,FR,FRA,250,150,,Europe,Western Europe,FRA,38.0,70.0,125978.0,128M/128Q/64D,Roland Garros,,43,2,21.5,5,2.5,Mirra Andreeva,,https://www.wtatennis.com/resources/v7.42.0/i/elements/flags/rus.svg,R64,L,"3-6, 6-3, 5-7",https://www.wtatennis.com/players/331809/mirra-andreeva,False,False,False,False,False,False,False,3,False,30,14,16,0,RU,RUS,643,150,Europe,Eastern Europe,RUS,"3,6,None|6,3,None|5,7,None",,
2,Roland Garros,,https://www.wtatennis.com/tournaments/903/roland-garros/2024,Grand Slam,Clay,https://www.wtatennis.com/resources/v7.42.0/i/elements/gs-tag.svg,2024-05-26,2024-06-09,2024,5,Paris,ARG,,FR,FRA,250,150,,Europe,Western Europe,FRA,59.0,70.0,125978.0,128M/128Q/64D,Roland Garros,,43,2,21.5,5,2.5,Nadia Podoroska,,https://www.wtatennis.com/resources/v7.42.0/i/elements/flags/arg.svg,R128,W,"6-1, 6-0",https://www.wtatennis.com/players/319112/nadia-podoroska,False,False,False,False,False,False,False,2,True,13,12,1,1,AR,ARG,032,019,America,Southern South America,ARG,"6,1,None|6,0,None",,
1,Internazionali Bnl D'Italia,,https://www.wtatennis.com/tournaments/709/rome/2024,WTA 1000,Clay,https://www.wtatennis.com/resources/v7.42.0/i/elements/1000k-tag.svg,2024-05-07,2024-05-19,2024,5,Rome,USA,,IT,ITA,380,150,United States of America|America|USA|US,Europe,Southern Europe,ITA,15.0,215.0,99160.0,128M/48Q/32D,Internazionali Bnl D'Italia,,98,4,24.5,10,2.5,Danielle Collins,13.0,https://www.wtatennis.com/resources/v7.42.0/i/elements/flags/usa.svg,QF,L,"4-6, 3-6",https://www.wtatennis.com/players/316925/danielle-collins,False,False,False,False,False,False,False,2,False,19,7,12,0,US,USA,840,019,America,Northern America,USA,"4,6,None|3,6,None",,
2,Internazionali Bnl D'Italia,,https://www.wtatennis.com/tournaments/709/rome/2024,WTA 1000,Clay,https://www.wtatennis.com/resources/v7.42.0/i/elements/1000k-tag.svg,2024-05-07,2024-05-19,2024,5,Rome,GRE,,IT,ITA,380,150,,Europe,Southern Europe,ITA,8.0,215.0,99160.0,128M/48Q/32D,Internazionali Bnl D'Italia,,98,4,24.5,10,2.5,Maria Sakkari,5.0,https://www.wtatennis.com/resources/v7.42.0/i/elements/flags/gre.svg,R16,W,"6-4, 6-1",https://www.wtatennis.com/players/318312/maria-sakkari,False,False,False,False,False,False,False,2,True,17,12,5,1,GR,GRC,300,150,Europe,Southeastern Europe,GRE,"6,4,None|6,1,None",,
3,Internazionali Bnl D'Italia,,https://www.wtatennis.com/tournaments/709/rome/2024,WTA 1000,Clay,https://www.wtatennis.com/resources/v7.42.0/i/elements/1000k-tag.svg,2024-05-07,2024-05-19,2024,5,Rome,EGY,,IT,ITA,380,150,,Europe,Southern Europe,ITA,80.0,215.0,99160.0,128M/48Q/32D,Internazionali Bnl D'Italia,,98,4,24.5,10,2.5,Mayar Sherif,,https://www.wtatennis.com/resources/v7.42.0/i/elements/flags/egy.svg,R32,W,"6-2, 6-7 (6), 6-3",https://www.wtatennis.com/players/318711/mayar-sherif,False,False,False,False,True,False,True,3,True,30,18,12,1,EG,EGY,818,002,Africa,North Africa,EGY,"6,2,None|6,7,6|6,3,None",,
4,Internazionali Bnl D'Italia,,https://www.wtatennis.com/tournaments/709/rome/2024,WTA 1000,Clay,https://www.wtatennis.com/resources/v7.42.0/i/elements/1000k-tag.svg,2024-05-07,2024-05-19,2024,5,Rome,POL,,IT,ITA,380,150,,Europe,Southern Europe,ITA,51.0,215.0,99160.0,128M/48Q/32D,Internazionali Bnl D'Italia,,98,4,24.5,10,2.5,Magda Linette,,https://www.wtatennis.com/resources/v7.42.0/i/elements/flags/pol.svg,R64,W,"6-7 (5), 6-4, 6-3",https://www.wtatennis.com/players/315130/magda-linette,False,False,False,True,False,False,True,3,False,32,18,14,1,PL,POL,616,150,Europe,Central Europe,POL,"6,7,5|6,4,None|6,3,None",,
5,Internazionali Bnl D'Italia,,https://www.wtatennis.com/tournaments/709/rome/2024,WTA 1000,Clay,https://www.wtatennis.com/resources/v7.42.0/i/elements/1000k-tag.svg,2024-05-07,2024-05-19,2024,5,Rome,,,IT,ITA,380,150,,Europe,Southern Europe,ITA,,215.0,99160.0,128M/48Q/32D,Internazionali Bnl D'Italia,,98,4,24.5,10,2.5,,,,R128,,Bye,,False,False,True,False,False,False,False,0,False,0,0,0,0,,,,,,,,,,
1,Mutua Madrid Open,,https://www.wtatennis.com/tournaments/1038/madrid/2024,WTA 1000,Clay,https://www.wtatennis.com/resources/v7.42.0/i/elements/1000k-tag.svg,2024-04-23,2024-05-05,2024,4,Madrid,ESP,,ES,ESP,724,150,Kingdom of Spain,Europe,Southern Europe,ESP,55.0,65.0,51665.0,128M/48Q/32D,Mutua Madrid Open,,38,2,19.0,4,2.0,Sara Sorribes Tormo,,https://www.wtatennis.com/resources/v7.42.0/i/elements/flags/esp.svg,R32,L,"6-7 (0), 3-6",https://www.wtatennis.com/players/318872/sara-sorribes-tormo,False,False,False,True,False,False,True,2,False,22,9,13,0,ES,ESP,724,150,Europe,Southern Europe,ESP,"6,7,0|3,6,None",,
2,Mutua Madrid Open,,https://www.wtatennis.com/tournaments/1038/madrid/2024,WTA 1000,Clay,https://www.wtatennis.com/resources/v7.42.0/i/elements/1000k-tag.svg,2024-04-23,2024-05-05,2024,4,Madrid,GER,,ES,ESP,724,150,,Europe,Southern Europe,ESP,67.0,65.0,51665.0,128M/48Q/32D,Mutua Madrid Open,,38,2,19.0,4,2.0,Tatjana Maria,,https://www.wtatennis.com/resources/v7.42.0/i/elements/flags/ger.svg,R64,W,"6-3, 6-1",https://www.wtatennis.com/players/310440/tatjana-maria,False,False,False,False,False,False,False,2,True,16,12,4,1,DE,DEU,276,150,Europe,Central Europe,GER,"6,3,None|6,1,None",,
3,Mutua Madrid Open,,https://www.wtatennis.com/tournaments/1038/madrid/2024,WTA 1000,Clay,https://www.wtatennis.com/resources/v7.42.0/i/elements/1000k-tag.svg,2024-04-23,2024-05-05,2024,4,Madrid,,,ES,ESP,724,150,,Europe,Southern Europe,ESP,,65.0,51665.0,128M/48Q/32D,Mutua Madrid Open,,38,2,19.0,4,2.0,,,,R128,,Bye,,False,False,True,False,False,False,False,0,False,0,0,0,0,,,,,,,,,,
1,Credit One Charleston Open,,https://www.wtatennis.com/tournaments/804/charleston/2024,WTA 500,Clay,https://www.wtatennis.com/resources/v7.42.0/i/elements/500k-tag.svg,2024-04-01,2024-04-07,2024,4,Charleston,USA,SC,US,USA,840,019,United States of America|America|USA|US,America,Northern America,USA,5.0,108.0,22146.0,64M/24Q/16D,Credit One Charleston Open,,79,3,26.333333333333332,8,2.6666666666666665,Jessica Pegula,1.0,https://www.wtatennis.com/resources/v7.42.0/i/elements/flags/usa.svg,QF,L,"4-6, 6-3, 6-7 (7)",https://www.wtatennis.com/players/316956/jessica-pegula,False,False,False,False,False,True,True,3,False,32,16,16,0,US,USA,840,019,America,Northern America,USA,"4,6,None|6,3,None|6,7,7",,
2,Credit One Charleston Open,,https://www.wtatennis.com/tournaments/804/charleston/2024,WTA 500,Clay,https://www.wtatennis.com/resources/v7.42.0/i/elements/500k-tag.svg,2024-04-01,2024-04-07,2024,4,Charleston,USA,SC,US,USA,840,019,United States of America|America|USA|US,America,Northern America,USA,68.0,108.0,22146.0,64M/24Q/16D,Credit One Charleston Open,,79,3,26.333333333333332,8,2.6666666666666665,Taylor Townsend,,https://www.wtatennis.com/resources/v7.42.0/i/elements/flags/usa.svg,R16,W,"6-7 (5), 6-3, 6-4",https://www.wtatennis.com/players/318609/taylor-townsend,False,False,False,True,False,False,True,3,False,32,18,14,1,US,USA,840,019,America,Northern America,USA,"6,7,5|6,3,None|6,4,None",,
3,Credit One Charleston Open,,https://www.wtatennis.com/tournaments/804/charleston/2024,WTA 500,Clay,https://www.wtatennis.com/resources/v7.42.0/i/elements/500k-tag.svg,2024-04-01,2024-04-07,2024,4,Charleston,ITA,SC,US,USA,840,019,,America,Northern America,USA,56.0,108.0,22146.0,64M/24Q/16D,Credit One Charleston Open,,79,3,26.333333333333332,8,2.6666666666666665,Elisabetta Cocciaretto,,https://www.wtatennis.com/resources/v7.42.0/i/elements/flags/ita.svg,R32,W,"6-1, 6-2",https://www.wtatennis.com/players/327909/elisabetta-cocciaretto,False,False,False,False,False,False,False,2,True,15,12,3,1,IT,ITA,380,150,Europe,Southern Europe,ITA,"6,1,None|6,2,None",,
4,Credit One Charleston Open,,https://www.wtatennis.com/tournaments/804/charleston/2024,WTA 500,Clay,https://www.wtatennis.com/resources/v7.42.0/i/elements/500k-tag.svg,2024-04-01,2024-04-07,2024,4,Charleston,,SC,US,USA,840,019,,America,Northern America,USA,,108.0,22146.0,64M/24Q/16D,Credit One Charleston Open,,79,3,26.333333333333332,8,2.6666666666666665,,,,R64,,Bye,,False,False,True,False,False,False,False,0,False,0,0,0,0,,,,,,,,,,
1,Miami Open,https://photoresources.wtatennis.com/photo-resources/2026/04/16/e0f2d5a2-cc05-4b2a-8377-f57edf6eaaa2/WTA-Tournament_Miami-2024.png?height=128,https://www.wtatennis.com/tournaments/902/miami/2024,WTA 1000,Hard,https://www.wtatennis.com/resources/v7.42.0/i/elements/1000k-tag.svg,2024-03-19,2024-03-31,2024,3,Miami,KAZ,FL,US,USA,840,019,,America,Northern America,USA,4.0,390.0,325000.0,128M/48Q/32D,Miami Open Presented By Itaú,,130,5,26.0,13,2.6,Elena Rybakina,4.0,https://www.wtatennis.com/resources/v7.42.0/i/elements/flags/kaz.svg,SF,L,"4-6, 6-0, 6-7 (2)",https://www.wtatennis.com/players/324166/elena-rybakina,False,False,False,False,False,True,True,3,False,29,16,13,0,KZ,KAZ,398,142,Asia,Central Asia,KAZ,"4,6,None|6,0,None|6,7,2",,
2,Miami Open,https://photoresources.wtatennis.com/photo-resources/2026/04/16/e0f2d5a2-cc05-4b2a-8377-f57edf6eaaa2/WTA-Tournament_Miami-2024.png?height=128,https://www.wtatennis.com/tournaments/902/miami/2024,WTA 1000,Hard,https://www.wtatennis.com/resources/v7.42.0/i/elements/1000k-tag.svg,2024-03-19,2024-03-31,2024,3,Miami,KAZ,FL,US,USA,840,019,,America,Northern America,USA,68.0,390.0,325000.0,128M/48Q/32D,Miami Open Presented By Itaú,,130,5,26.0,13,2.6,Yulia Putintseva,,https://www.wtatennis.com/resources/v7.42.0/i/elements/flags/kaz.svg,QF,W,"7-6 (4), 1-6, 6-3",https://www.wtatennis.com/players/317683/yulia-putintseva,False,False,False,True,False,False,True,3,True,29,14,15,1,KZ,KAZ,398,142,Asia,Central Asia,KAZ,"7,6,4|1,6,None|6,3,None",,
3,Miami Open,https://photoresources.wtatennis.com/photo-resources/2026/04/16/e0f2d5a2-cc05-4b2a-8377-f57edf6eaaa2/WTA-Tournament_Miami-2024.png?height=128,https://www.wtatennis.com/tournaments/902/miami/2024,WTA 1000,Hard,https://www.wtatennis.com/resources/v7.42.0/i/elements/1000k-tag.svg,2024-03-19,2024-03-31,2024,3,Miami,GBR,FL,US,USA,840,019,Britain|UK|Great Britain|United Kingdom,America,Northern America,USA,30.0,390.0,325000.0,128M/48Q/32D,Miami Open Presented By Itaú,,130,5,26.0,13,2.6,Katie Boulter,24.0,https://www.wtatennis.com/resources/v7.42.0/i/elements/flags/gbr.svg,R16,W,"7-5, 6-1",https://www.wtatennis.com/players/319125/katie-boulter,False,False,False,False,False,False,False,2,True,19,13,6,1,GB,GBR,826,150,Europe,Northern Europe,ENG,"7,5,None|6,1,None",,
4,Miami Open,https://photoresources.wtatennis.com/photo-resources/2026/04/16/e0f2d5a2-cc05-4b2a-8377-f57edf6eaaa2/WTA-Tournament_Miami-2024.png?height=128,https://www.wtatennis.com/tournaments/902/miami/2024,WTA 1000,Hard,https://www.wtatennis.com/resources/v7.42.0/i/elements/1000k-tag.svg,2024-03-19,2024-03-31,2024,3,Miami,CHN,FL,US,USA,840,019,,America,Northern America,USA,7.0,390.0,325000.0,128M/48Q/32D,Miami Open Presented By Itaú,,130,5,26.0,13,2.6,Qinwen Zheng,7.0,https://www.wtatennis.com/resources/v7.42.0/i/elements/flags/chn.svg,R32,W,"6-4, 7-5",https://www.wtatennis.com/players/328120/qinwen-zheng,False,False,False,False,False,False,False,2,True,22,13,9,1,CN,CHN,156,142,Asia,East Asia,CHN,"6,4,None|7,5,None",,
5,Miami Open,https://photoresources.wtatennis.com/photo-resources/2026/04/16/e0f2d5a2-cc05-4b2a-8377-f57edf6eaaa2/WTA-Tournament_Miami-2024.png?height=128,https://www.wtatennis.com/tournaments/902/miami/2024,WTA 1000,Hard,https://www.wtatennis.com/resources/v7.42.0/i/elements/1000k-tag.svg,2024-03-19,2024-03-31,2024,3,Miami,USA,FL,US,USA,840,019,United States of America|America|USA|US,America,Northern America,USA,67.0,390.0,325000.0,128M/48Q/32D,Miami Open Presented By Itaú,,130,5,26.0,13,2.6,Peyton Stearns,,https://www.wtatennis.com/resources/v7.42.0/i/elements/flags/usa.svg,R64,W,"7-5, 3-6, 6-4",https://www.wtatennis.com/players/327573/peyton-stearns,False,False,False,False,False,False,False,3,True,31,16,15,1,US,USA,840,019,America,Northern America,USA,"7,5,None|3,6,None|6,4,None",,
6,Miami Open,https://photoresources.wtatennis.com/photo-resources/2026/04/16/e0f2d5a2-cc05-4b2a-8377-f57edf6eaaa2/WTA-Tournament_Miami-2024.png?height=128,https://www.wtatennis.com/tournaments/902/miami/2024,WTA 1000,Hard,https://www.wtatennis.com/resources/v7.42.0/i/elements/1000k-tag.svg,2024-03-19,2024-03-31,2024,3,Miami,,FL,US,USA,840,019,,America,Northern America,USA,,390.0,325000.0,128M/48Q/32D,Miami Open Presented By Itaú,,130,5,26.0,13,2.6,,,,R128,,Bye,,False,False,True,False,False,False,False,0,False,0,0,0,0,,,,,,,,,,
1,Bnp Paribas Open,https://photoresources.wtatennis.com/photo-resources/2026/04/16/a1736320-dd92-4829-8aa8-846c2edef410/WTA-Tournament_Indian-Wells-2017.png?height=128,https://www.wtatennis.com/tournaments/609/indian-wells/2024,WTA 1000,Hard,https://www.wtatennis.com/resources/v7.42.0/i/elements/1000k-tag.svg,2024-03-06,2024-03-17,2024,3,Indian Wells,USA,CA,US,USA,840,019,United States of America|America|USA|US,America,Northern America,USA,51.0,10.0,42000.0,128M/48Q/32D,Bnp Paribas Open,,29,1,29.0,3,3.0,Caroline Dolehide,,https://www.wtatennis.com/resources/v7.42.0/i/elements/flags/usa.svg,R64,L,"5-7, 6-2, 3-6",https://www.wtatennis.com/players/322052/caroline-dolehide,False,False,False,False,False,False,False,3,False,29,14,15,0,US,USA,840,019,America,Northern America,USA,"5,7,None|6,2,None|3,6,None",,
2,Bnp Paribas Open,https://photoresources.wtatennis.com/photo-resources/2026/04/16/a1736320-dd92-4829-8aa8-846c2edef410/WTA-Tournament_Indian-Wells-2017.png?height=128,https://www.wtatennis.com/tournaments/609/indian-wells/2024,WTA 1000,Hard,https://www.wtatennis.com/resources/v7.42.0/i/elements/1000k-tag.svg,2024-03-06,2024-03-17,2024,3,Indian Wells,,CA,US,USA,840,019,,America,Northern America,USA,,10.0,42000.0,128M/48Q/32D,Bnp Paribas Open,,29,1,29.0,3,3.0,,,,R128,,Bye,,False,False,True,False,False,False,False,0,False,0,0,0,0,,,,,,,,,,
1,Dubai Tennis Championships,https://photoresources.wtatennis.com/photo-resources/2026/04/16/2aee9d91-0756-4a92-b0bb-09b8d0dd8d76/WTA-Tournament_Dubai-2017.png?height=128,https://www.wtatennis.com/tournaments/718/dubai/2024,WTA 1000,Hard,https://www.wtatennis.com/resources/v7.42.0/i/elements/1000k-tag.svg,2024-02-18,2024-02-24,2024,2,Dubai,KAZ,,AE,ARE,784,142,,Asia,Western Asia,UAE,4.0,65.0,20650.0,64M/32Q/32D,Dubai Duty Free Tennis Championships,,36,2,18.0,4,2.0,Elena Rybakina,4.0,https://www.wtatennis.com/resources/v7.42.0/i/elements/flags/kaz.svg,R32,L,"6-4, 2-6",https://www.wtatennis.com/players/324166/elena-rybakina,True,False,False,False,False,False,False,2,True,18,8,10,0,KZ,KAZ,398,142,Asia,Central Asia,KAZ,"6,4,None|2,6,None|Ret",,
2,Dubai Tennis Championships,https://photoresources.wtatennis.com/photo-resources/2026/04/16/2aee9d91-0756-4a92-b0bb-09b8d0dd8d76/WTA-Tournament_Dubai-2017.png?height=128,https://www.wtatennis.com/tournaments/718/dubai/2024,WTA 1000,Hard,https://www.wtatennis.com/resources/v7.42.0/i/elements/1000k-tag.svg,2024-02-18,2024-02-24,2024,2,Dubai,NED,,AE,ARE,784,142,,Asia,Western Asia,UAE,43.0,65.0,20650.0,64M/32Q/32D,Dubai Duty Free Tennis Championships,,36,2,18.0,4,2.0,Arantxa Rus,,https://www.wtatennis.com/resources/v7.42.0/i/elements/flags/ned.svg,R64,W,"6-2, 6-4",https://www.wtatennis.com/players/313349/arantxa-rus,False,False,False,False,False,False,False,2,True,18,12,6,1,NL,NLD,528,150,Europe,Western Europe,NED,"6,2,None|6,4,None",,
1,Qatar Total Open,https://photoresources.wtatennis.com/photo-resources/2025/04/16/74cb07bc-dc84-43f7-9acc-95e51d3748c9/WTA-Tournament_Doha-2025.png?height=128,https://www.wtatennis.com/tournaments/1003/doha/2024,WTA 1000,Hard,https://www.wtatennis.com/resources/v7.42.0/i/elements/1000k-tag.svg,2024-02-11,2024-02-17,2024,2,Doha,POL,,QA,QAT,634,142,,Asia,Western Asia,QAT,1.0,215.0,72965.0,64M/32Q/32D,Qatar Totalenergies Open 2024,,79,4,19.75,9,2.25,Iga Swiatek,1.0,https://www.wtatennis.com/resources/v7.42.0/i/elements/flags/pol.svg,QF,L,"4-6, 0-6",https://www.wtatennis.com/players/326408/iga-swiatek,False,False,False,False,False,False,False,2,False,16,4,12,0,PL,POL,616,150,Europe,Central Europe,POL,"4,6,None|0,6,None",,
2,Qatar Total Open,https://photoresources.wtatennis.com/photo-resources/2025/04/16/74cb07bc-dc84-43f7-9acc-95e51d3748c9/WTA-Tournament_Doha-2025.png?height=128,https://www.wtatennis.com/tournaments/1003/doha/2024,WTA 1000,Hard,https://www.wtatennis.com/resources/v7.42.0/i/elements/1000k-tag.svg,2024-02-11,2024-02-17,2024,2,Doha,LAT,,QA,QAT,634,142,,Asia,Western Asia,QAT,11.0,215.0,72965.0,64M/32Q/32D,Qatar Totalenergies Open 2024,,79,4,19.75,9,2.25,Jelena Ostapenko,8.0,https://www.wtatennis.com/resources/v7.42.0/i/elements/flags/lat.svg,R16,W,"6-0, 6-3",https://www.wtatennis.com/players/319939/jelena-ostapenko,False,False,False,False,False,False,False,2,True,15,12,3,1,,,,,,,LAT,"6,0,None|6,3,None",,
3,Qatar Total Open,https://photoresources.wtatennis.com/photo-resources/2025/04/16/74cb07bc-dc84-43f7-9acc-95e51d3748c9/WTA-Tournament_Doha-2025.png?height=128,https://www.wtatennis.com/tournaments/1003/doha/2024,WTA 1000,Hard,https://www.wtatennis.com/resources/v7.42.0/i/elements/1000k-tag.svg,2024-02-11,2024-02-17,2024,2,Doha,CHN,,QA,QAT,634,142,,Asia,Western Asia,QAT,41.0,215.0,72965.0,64M/32Q/32D,Qatar Totalenergies Open 2024,,79,4,19.75,9,2.25,Xinyu Wang,,https://www.wtatennis.com/resources/v7.42.0/i/elements/flags/chn.svg,R32,W,"7-6 (2), 6-2",https://www.wtatennis.com/players/326376/xinyu-wang,False,False,False,True,False,False,True,2,True,21,13,8,1,CN,CHN,156,142,Asia,East Asia,CHN,"7,6,2|6,2,None",,
4,Qatar Total Open,https://photoresources.wtatennis.com/photo-resources/2025/04/16/74cb07bc-dc84-43f7-9acc-95e51d3748c9/WTA-Tournament_Doha-2025.png?height=128,https://www.wtatennis.com/tournaments/1003/doha/2024,WTA 1000,Hard,https://www.wtatennis.com/resources/v7.42.0/i/elements/1000k-tag.svg,2024-02-11,2024-02-17,2024,2,Doha,POL,,QA,QAT,634,142,,Asia,Western Asia,QAT,52.0,215.0,72965.0,64M/32Q/32D,Qatar Totalenergies Open 2024,,79,4,19.75,9,2.25,Magdalena Frech,,https://www.wtatennis.com/resources/v7.42.0/i/elements/flags/pol.svg,R64,W,"6-3, 3-6, 6-3",https://www.wtatennis.com/players/320277/magdalena-frech,False,False,False,False,False,False,False,3,True,27,15,12,1,PL,POL,616,150,Europe,Central Europe,POL,"6,3,None|3,6,None|6,3,None",,
1,Australian Open,https://photoresources.wtatennis.com/photo-resources/2026/04/16/6b041ce4-8b08-4fff-be75-89d1c452c157/WTA-Tournament_Australian-Open.png?height=128,https://www.wtatennis.com/tournaments/901/australian-open/2024,Grand Slam,Hard,https://www.wtatennis.com/resources/v7.42.0/i/elements/gs-tag.svg,2024-01-14,2024-01-28,2024,1,Melbourne,UKR,,AU,AUS,036,009,,Oceania,Australasia,AUS,93.0,240.0,248020.0,128M/128Q/64D,Australian Open,,95,4,23.75,10,2.5,Dayana Yastremska,,https://www.wtatennis.com/resources/v7.42.0/i/elements/flags/ukr.svg,R16,L,"6-7 (6), 4-6",https://www.wtatennis.com/players/324261/dayana-yastremska,False,False,False,True,False,False,True,2,False,23,10,13,0,UA,UKR,804,150,Europe,Eastern Europe,UKR,"6,7,6|4,6,None",,
2,Australian Open,https://photoresources.wtatennis.com/photo-resources/2026/04/16/6b041ce4-8b08-4fff-be75-89d1c452c157/WTA-Tournament_Australian-Open.png?height=128,https://www.wtatennis.com/tournaments/901/australian-open/2024,Grand Slam,Hard,https://www.wtatennis.com/resources/v7.42.0/i/elements/gs-tag.svg,2024-01-14,2024-01-28,2024,1,Melbourne,LAT,,AU,AUS,036,009,,Oceania,Australasia,AUS,10.0,240.0,248020.0,128M/128Q/64D,Australian Open,,95,4,23.75,10,2.5,Jelena Ostapenko,11.0,https://www.wtatennis.com/resources/v7.42.0/i/elements/flags/lat.svg,R32,W,"6-1, 7-5",https://www.wtatennis.com/players/319939/jelena-ostapenko,False,False,False,False,False,False,False,2,True,19,13,6,1,,,,,,,LAT,"6,1,None|7,5,None",,
3,Australian Open,https://photoresources.wtatennis.com/photo-resources/2026/04/16/6b041ce4-8b08-4fff-be75-89d1c452c157/WTA-Tournament_Australian-Open.png?height=128,https://www.wtatennis.com/tournaments/901/australian-open/2024,Grand Slam,Hard,https://www.wtatennis.com/resources/v7.42.0/i/elements/gs-tag.svg,2024-01-14,2024-01-28,2024,1,Melbourne,DEN,,AU,AUS,036,009,,Oceania,Australasia,AUS,96.0,240.0,248020.0,128M/128Q/64D,Australian Open,,95,4,23.75,10,2.5,Clara Tauson,,https://www.wtatennis.com/resources/v7.42.0/i/elements/flags/den.svg,R64,W,"6-4, 3-6, 6-2",https://www.wtatennis.com/players/327793/clara-tauson,False,False,False,False,False,False,False,3,True,27,15,12,1,DK,DNK,208,150,Europe,Northern Europe,DEN,"6,4,None|3,6,None|6,2,None",,
4,Australian Open,https://photoresources.wtatennis.com/photo-resources/2026/04/16/6b041ce4-8b08-4fff-be75-89d1c452c157/WTA-Tournament_Australian-Open.png?height=128,https://www.wtatennis.com/tournaments/901/australian-open/2024,Grand Slam,Hard,https://www.wtatennis.com/resources/v7.42.0/i/elements/gs-tag.svg,2024-01-14,2024-01-28,2024,1,Melbourne,ITA,,AU,AUS,036,009,,Oceania,Australasia,AUS,53.0,240.0,248020.0,128M/128Q/64D,Australian Open,,95,4,23.75,10,2.5,Camila Giorgi,,https://www.wtatennis.com/resources/v7.42.0/i/elements/flags/ita.svg,R128,W,"6-1, 4-6, 6-3",https://www.wtatennis.com/players/314610/camila-giorgi,False,False,False,False,False,False,False,3,True,26,16,10,1,IT,ITA,380,150,Europe,Southern Europe,ITA,"6,1,None|4,6,None|6,3,None",,
1,Brisbane International Presented By Evie,https://photoresources.wtatennis.com/photo-resources/2026/04/16/e0cf338c-8e78-4f7f-816c-d0a252863119/WTA-Tournament_Brisbane-2025.png?height=128,https://www.wtatennis.com/tournaments/800/brisbane/2024,WTA 500,Hard,https://www.wtatennis.com/resources/v7.42.0/i/elements/500k-tag.svg,2024-12-31,2024-01-07,2024,12,Brisbane,BLR,,AU,AUS,036,009,,Oceania,Australasia,AUS,2.0,195.0,79000.0,64M/24Q/32D,Brisbane International Presented By Evie,,88,4,22.0,9,2.25,Aryna Sabalenka,1.0,https://www.wtatennis.com/resources/v7.42.0/i/elements/flags/blr.svg,SF,L,"2-6, 4-6",https://www.wtatennis.com/players/320760/aryna-sabalenka,False,False,False,False,False,False,False,2,False,18,6,12,0,BY,BLR,112,150,Europe,Eastern Europe,BLR,"2,6,None|4,6,None",,
2,Brisbane International Presented By Evie,https://photoresources.wtatennis.com/photo-resources/2026/04/16/e0cf338c-8e78-4f7f-816c-d0a252863119/WTA-Tournament_Brisbane-2025.png?height=128,https://www.wtatennis.com/tournaments/800/brisbane/2024,WTA 500,Hard,https://www.wtatennis.com/resources/v7.42.0/i/elements/500k-tag.svg,2024-12-31,2024-01-07,2024,12,Brisbane,LAT,,AU,AUS,036,009,,Oceania,Australasia,AUS,12.0,195.0,79000.0,64M/24Q/32D,Brisbane International Presented By Evie,,88,4,22.0,9,2.25,Jelena Ostapenko,3.0,https://www.wtatennis.com/resources/v7.42.0/i/elements/flags/lat.svg,QF,W,"6-3, 3-6, 7-5",https://www.wtatennis.com/players/319939/jelena-ostapenko,False,False,False,False,False,False,False,3,True,30,16,14,1,,,,,,,LAT,"6,3,None|3,6,None|7,5,None",,
3,Brisbane International Presented By Evie,https://photoresources.wtatennis.com/photo-resources/2026/04/16/e0cf338c-8e78-4f7f-816c-d0a252863119/WTA-Tournament_Brisbane-2025.png?height=128,https://www.wtatennis.com/tournaments/800/brisbane/2024,WTA 500,Hard,https://www.wtatennis.com/resources/v7.42.0/i/elements/500k-tag.svg,2024-12-31,2024-01-07,2024,12,Brisbane,FRA,,AU,AUS,036,009,,Oceania,Australasia,AUS,56.0,195.0,79000.0,64M/24Q/32D,Brisbane International Presented By Evie,,88,4,22.0,9,2.25,Clara Burel,,https://www.wtatennis.com/resources/v7.42.0/i/elements/flags/fra.svg,R16,W,"7-5, 6-2",https://www.wtatennis.com/players/325320/clara-burel,False,False,False,False,False,False,False,2,True,20,13,7,1,FR,FRA,250,150,Europe,Western Europe,FRA,"7,5,None|6,2,None",,
4,Brisbane International Presented By Evie,https://photoresources.wtatennis.com/photo-resources/2026/04/16/e0cf338c-8e78-4f7f-816c-d0a252863119/WTA-Tournament_Brisbane-2025.png?height=128,https://www.wtatennis.com/tournaments/800/brisbane/2024,WTA 500,Hard,https://www.wtatennis.com/resources/v7.42.0/i/elements/500k-tag.svg,2024-12-31,2024-01-07,2024,12,Brisbane,RUS,,AU,AUS,036,009,,Oceania,Australasia,AUS,80.0,195.0,79000.0,64M/24Q/32D,Brisbane International Presented By Evie,,88,4,22.0,9,2.25,Anna Kalinskaya,,https://www.wtatennis.com/resources/v7.42.0/i/elements/flags/rus.svg,R32,W,"6-1, 7-6 (8)",https://www.wtatennis.com/players/323942/anna-kalinskaya,False,False,False,False,True,False,True,2,True,20,13,7,1,RU,RUS,643,150,Europe,Eastern Europe,RUS,"6,1,None|7,6,8",,
5,Brisbane International Presented By Evie,https://photoresources.wtatennis.com/photo-resources/2026/04/16/e0cf338c-8e78-4f7f-816c-d0a252863119/WTA-Tournament_Brisbane-2025.png?height=128,https://www.wtatennis.com/tournaments/800/brisbane/2024,WTA 500,Hard,https://www.wtatennis.com/resources/v7.42.0/i/elements/500k-tag.svg,2024-12-31,2024-01-07,2024,12,Brisbane,,,AU,AUS,036,009,,Oceania,Australasia,AUS,,195.0,79000.0,64M/24Q/32D,Brisbane International Presented By Evie,,88,4,22.0,9,2.25,,,,R64,,Bye,,False,False,True,False,False,False,False,0,False,0,0,0,0,,,,,,,,,,
1,Prudential Hong Kong Tennis Open 2023,,https://www.wtatennis.com/tournaments/1074/hong-kong/2023,WTA 250,Hard,https://www.wtatennis.com/resources/v7.42.0/i/elements/250k-tag.svg,2023-10-09,2023-10-15,2023,10,Hong Kong,CAN,,CN,CHN,156,142,,Asia,East Asia,CHN,60.0,1.0,2804.0,32M/16Q/16D,Prudential Hong Kong Tennis Open 2023,,17,1,17.0,2,2.0,Leylah Fernandez,,https://www.wtatennis.com/resources/v7.42.0/i/elements/flags/can.svg,R32,L,"6-2, 3-6",https://www.wtatennis.com/players/326735/leylah-fernandez,True,False,False,False,False,False,False,2,True,17,9,8,0,CA,CAN,124,019,America,Northern America,CAN,"6,2,None|3,6,None|Ret",,
1,China Open,,https://www.wtatennis.com/tournaments/1020/beijing/2023,WTA 1000,Hard,https://www.wtatennis.com/resources/v7.42.0/i/elements/1000k-tag.svg,2023-09-30,2023-10-08,2023,9,Beijing,POL,,CN,CHN,156,142,,Asia,East Asia,CHN,25.0,10.0,32325.0,64M/32Q/32D,China Open,,27,1,27.0,3,3.0,Magda Linette,,https://www.wtatennis.com/resources/v7.42.0/i/elements/flags/pol.svg,R64,L,"7-5, 1-6, 2-6",https://www.wtatennis.com/players/315130/magda-linette,False,False,False,False,False,False,False,3,True,27,10,17,0,PL,POL,616,150,Europe,Central Europe,POL,"7,5,None|1,6,None|2,6,None",,
1,Guadalajara Open,,https://www.wtatennis.com/tournaments/2075/guadalajara-500/2023,WTA 1000,Hard,https://www.wtatennis.com/resources/v7.42.0/i/elements/1000k-tag.svg,2023-09-17,2023-09-23,2023,9,Guadalajara,FRA,,MX,MEX,484,019,,America,Central America,MEX,11.0,190.0,63350.0,64M/32Q/32D,Guadalajara Open Akron Presented By Santander,,71,4,17.75,8,2.0,Caroline Garcia,3.0,https://www.wtatennis.com/resources/v7.42.0/i/elements/flags/fra.svg,QF,L,"3-6, 4-6",https://www.wtatennis.com/players/315391/caroline-garcia,False,False,False,False,False,False,False,2,False,19,7,12,0,FR,FRA,250,150,Europe,Western Europe,FRA,"3,6,None|4,6,None",,
2,Guadalajara Open,,https://www.wtatennis.com/tournaments/2075/guadalajara-500/2023,WTA 1000,Hard,https://www.wtatennis.com/resources/v7.42.0/i/elements/1000k-tag.svg,2023-09-17,2023-09-23,2023,9,Guadalajara,RUS,,MX,MEX,484,019,,America,Central America,MEX,19.0,190.0,63350.0,64M/32Q/32D,Guadalajara Open Akron Presented By Santander,,71,4,17.75,8,2.0,Veronika Kudermetova,7.0,https://www.wtatennis.com/resources/v7.42.0/i/elements/flags/rus.svg,R16,W,"6-2, 6-1",https://www.wtatennis.com/players/319526/veronika-kudermetova,False,False,False,False,False,False,False,2,True,15,12,3,1,RU,RUS,643,150,Europe,Eastern Europe,RUS,"6,2,None|6,1,None",,
3,Guadalajara Open,,https://www.wtatennis.com/tournaments/2075/guadalajara-500/2023,WTA 1000,Hard,https://www.wtatennis.com/resources/v7.42.0/i/elements/1000k-tag.svg,2023-09-17,2023-09-23,2023,9,Guadalajara,UKR,,MX,MEX,484,019,,America,Central America,MEX,102.0,190.0,63350.0,64M/32Q/32D,Guadalajara Open Akron Presented By Santander,,71,4,17.75,8,2.0,Dayana Yastremska,,https://www.wtatennis.com/resources/v7.42.0/i/elements/flags/ukr.svg,R32,W,"6-4, 7-6 (5)",https://www.wtatennis.com/players/324261/dayana-yastremska,False,False,False,False,True,False,True,2,True,23,13,10,1,UA,UKR,804,150,Europe,Eastern Europe,UKR,"6,4,None|7,6,5",,
4,Guadalajara Open,,https://www.wtatennis.com/tournaments/2075/guadalajara-500/2023,WTA 1000,Hard,https://www.wtatennis.com/resources/v7.42.0/i/elements/1000k-tag.svg,2023-09-17,2023-09-23,2023,9,Guadalajara,USA,,MX,MEX,484,019,United States of America|America|USA|US,America,Central America,MEX,147.0,190.0,63350.0,64M/32Q/32D,Guadalajara Open Akron Presented By Santander,,71,4,17.75,8,2.0,Robin Montgomery,,https://www.wtatennis.com/resources/v7.42.0/i/elements/flags/usa.svg,R64,W,"6-1, 6-1",https://www.wtatennis.com/players/329408/robin-montgomery,False,False,False,False,False,False,False,2,True,14,12,2,1,US,USA,840,019,America,Northern America,USA,"6,1,None|6,1,None",,
1,US Open,https://photoresources.wtatennis.com/photo-resources/2026/04/16/8d0a3d41-7b45-434b-a75b-b7d2eb0922b4/WTA-Tournament_US-Open.png?height=128,https://www.wtatennis.com/tournaments/905/us-open/2023,Grand Slam,Hard,https://www.wtatennis.com/resources/v7.42.0/i/elements/gs-tag.svg,2023-08-28,2023-09-10,2023,8,New York,CHN,NY,US,USA,840,019,,America,Northern America,USA,44.0,70.0,123000.0,128M/128Q/64D,Us Open,,33,2,16.5,4,2.0,Lin Zhu,,https://www.wtatennis.com/resources/v7.42.0/i/elements/flags/chn.svg,R64,L,"3-6, 3-6",https://www.wtatennis.com/players/317306/lin-zhu,False,False,False,False,False,False,False,2,False,18,6,12,0,CN,CHN,156,142,Asia,East Asia,CHN,"3,6,None|3,6,None",,
2,US Open,https://photoresources.wtatennis.com/photo-resources/2026/04/16/8d0a3d41-7b45-434b-a75b-b7d2eb0922b4/WTA-Tournament_US-Open.png?height=128,https://www.wtatennis.com/tournaments/905/us-open/2023,Grand Slam,Hard,https://www.wtatennis.com/resources/v7.42.0/i/elements/gs-tag.svg,2023-08-28,2023-09-10,2023,8,New York,FRA,NY,US,USA,840,019,,America,Northern America,USA,190.0,70.0,123000.0,128M/128Q/64D,Us Open,,33,2,16.5,4,2.0,Fiona Ferro,,https://www.wtatennis.com/resources/v7.42.0/i/elements/flags/fra.svg,R128,W,"6-1, 6-2",https://www.wtatennis.com/players/319969/fiona-ferro,False,False,False,False,False,False,False,2,True,15,12,3,1,FR,FRA,250,150,Europe,Western Europe,FRA,"6,1,None|6,2,None",,
1,Western & Southern Open,,https://www.wtatennis.com/tournaments/1017/cincinnati/2023,WTA 1000,Hard,https://www.wtatennis.com/resources/v7.42.0/i/elements/1000k-tag.svg,2023-08-14,2023-08-20,2023,8,Cincinnati,CRO,OH,US,USA,840,019,,America,Northern America,USA,22.0,60.0,17930.0,64M/32Q/32D,Western & Southern Open,,49,2,24.5,5,2.5,Donna Vekic,,https://www.wtatennis.com/resources/v7.42.0/i/elements/flags/cro.svg,R32,L,"6-3, 3-6, 4-6",https://www.wtatennis.com/players/318516/donna-vekic,False,False,False,False,False,False,False,3,True,28,13,15,0,HR,HRV,191,150,Europe,Southeastern Europe,CRO,"6,3,None|3,6,None|4,6,None",,
2,Western & Southern Open,,https://www.wtatennis.com/tournaments/1017/cincinnati/2023,WTA 1000,Hard,https://www.wtatennis.com/resources/v7.42.0/i/elements/1000k-tag.svg,2023-08-14,2023-08-20,2023,8,Cincinnati,CZE,OH,US,USA,840,019,,America,Northern America,USA,11.0,60.0,17930.0,64M/32Q/32D,Western & Southern Open,,49,2,24.5,5,2.5,Barbora Krejcikova,11.0,https://www.wtatennis.com/resources/v7.42.0/i/elements/flags/cze.svg,R64,W,"6-3, 7-5",https://www.wtatennis.com/players/318314/barbora-krejcikova,False,False,False,False,False,False,False,2,True,21,13,8,1,CZ,CZE,203,150,Europe,Central Europe,CZE,"6,3,None|7,5,None",,
1,Omnium Banque Nationale Présenté Par Rogers ,,https://www.wtatennis.com/tournaments/806/montreal/2023,WTA 1000,Hard,https://www.wtatennis.com/resources/v7.42.0/i/elements/1000k-tag.svg,2023-08-07,2023-08-13,2023,8,Montreal,USA,,CA,CAN,124,019,United States of America|America|USA|US,America,Northern America,CAN,38.0,60.0,17930.0,64M/32Q/32D,Omnium Banque Nationale Présenté Par Rogers ,,15,1,15.0,2,2.0,Sloane Stephens,,https://www.wtatennis.com/resources/v7.42.0/i/elements/flags/usa.svg,R32,L,Walkover,https://www.wtatennis.com/players/315683/sloane-stephens,False,True,False,False,False,False,False,0,False,0,0,0,0,US,USA,840,019,America,Northern America,USA,,,
2,Omnium Banque Nationale Présenté Par Rogers ,,https://www.wtatennis.com/tournaments/806/montreal/2023,WTA 1000,Hard,https://www.wtatennis.com/resources/v7.42.0/i/elements/1000k-tag.svg,2023-08-07,2023-08-13,2023,8,Montreal,POL,,CA,CAN,124,019,,America,Northern America,CAN,25.0,60.0,17930.0,64M/32Q/32D,Omnium Banque Nationale Présenté Par Rogers ,,15,1,15.0,2,2.0,Magda Linette,,https://www.wtatennis.com/resources/v7.42.0/i/elements/flags/pol.svg,R64,W,"6-3, 6-0",https://www.wtatennis.com/players/315130/magda-linette,False,False,False,False,False,False,False,2,True,15,12,3,1,PL,POL,616,150,Europe,Central Europe,POL,"6,3,None|6,0,None",,
1,Mubadala Citi Dc Open,,https://www.wtatennis.com/tournaments/1045/washington-dc/2023,WTA 500,Hard,https://www.wtatennis.com/resources/v7.42.0/i/elements/500k-tag.svg,2023-07-31,2023-08-06,2023,7,Washington Dc,UKR,,US,USA,840,019,,America,Northern America,USA,27.0,1.0,8320.0,32M/16Q/16D,Mubadala Citi Dc Open,,23,1,23.0,2,2.0,Elina Svitolina,,https://www.wtatennis.com/resources/v7.42.0/i/elements/flags/ukr.svg,R32,L,"6-7 (2), 4-6",https://www.wtatennis.com/players/316738/elina-svitolina,False,False,False,True,False,False,True,2,False,23,10,13,0,UA,UKR,804,150,Europe,Eastern Europe,UKR,"6,7,2|4,6,None",,
1,Wimbledon,https://photoresources.wtatennis.com/photo-resources/2026/04/16/d29814e6-6e80-4015-b680-9a7f3cb065c3/WTA-Tournament_Wimbledon.png?height=128,https://www.wtatennis.com/tournaments/904/wimbledon/2023,Grand Slam,Grass,https://www.wtatennis.com/resources/v7.42.0/i/elements/gs-tag.svg,2023-07-03,2023-07-16,2023,7,Wimbledon,UKR,,GB,GBR,826,150,,Europe,Northern Europe,ENG,76.0,240.0,262005.0,128M/128Q/64D,"The Championships, Wimbledon",,96,4,24.0,10,2.5,Elina Svitolina,,https://www.wtatennis.com/resources/v7.42.0/i/elements/flags/ukr.svg,R16,L,"6-2, 4-6, 6-7 (9)",https://www.wtatennis.com/players/316738/elina-svitolina,False,False,False,False,False,True,True,3,True,31,16,15,0,UA,UKR,804,150,Europe,Eastern Europe,UKR,"6,2,None|4,6,None|6,7,9",,
2,Wimbledon,https://photoresources.wtatennis.com/photo-resources/2026/04/16/d29814e6-6e80-4015-b680-9a7f3cb065c3/WTA-Tournament_Wimbledon.png?height=128,https://www.wtatennis.com/tournaments/904/wimbledon/2023,Grand Slam,Grass,https://www.wtatennis.com/resources/v7.42.0/i/elements/gs-tag.svg,2023-07-03,2023-07-16,2023,7,Wimbledon,AUS,,GB,GBR,826,150,,Europe,Northern Europe,ENG,10.0,240.0,262005.0,128M/128Q/64D,"The Championships, Wimbledon",,96,4,24.0,10,2.5,Daria Kasatkina,11.0,https://www.wtatennis.com/resources/v7.42.0/i/elements/flags/aus.svg,R32,W,"6-2, 6-4",https://www.wtatennis.com/players/322082/daria-kasatkina,False,False,False,False,False,False,False,2,True,18,12,6,1,AU,AUS,036,009,Oceania,Australasia,AUS,"6,2,None|6,4,None",,
3,Wimbledon,https://photoresources.wtatennis.com/photo-resources/2026/04/16/d29814e6-6e80-4015-b680-9a7f3cb065c3/WTA-Tournament_Wimbledon.png?height=128,https://www.wtatennis.com/tournaments/904/wimbledon/2023,Grand Slam,Grass,https://www.wtatennis.com/resources/v7.42.0/i/elements/gs-tag.svg,2023-07-03,2023-07-16,2023,7,Wimbledon,ARG,,GB,GBR,826,150,,Europe,Northern Europe,ENG,80.0,240.0,262005.0,128M/128Q/64D,"The Championships, Wimbledon",,96,4,24.0,10,2.5,Nadia Podoroska,,https://www.wtatennis.com/resources/v7.42.0/i/elements/flags/arg.svg,R64,W,"6-3, 6-0",https://www.wtatennis.com/players/319112/nadia-podoroska,False,False,False,False,False,False,False,2,True,15,12,3,1,AR,ARG,032,019,America,Southern South America,ARG,"6,3,None|6,0,None",,
4,Wimbledon,https://photoresources.wtatennis.com/photo-resources/2026/04/16/d29814e6-6e80-4015-b680-9a7f3cb065c3/WTA-Tournament_Wimbledon.png?height=128,https://www.wtatennis.com/tournaments/904/wimbledon/2023,Grand Slam,Grass,https://www.wtatennis.com/resources/v7.42.0/i/elements/gs-tag.svg,2023-07-03,2023-07-16,2023,7,Wimbledon,CHN,,GB,GBR,826,150,,Europe,Northern Europe,ENG,106.0,240.0,262005.0,128M/128Q/64D,"The Championships, Wimbledon",,96,4,24.0,10,2.5,Yue Yuan,,https://www.wtatennis.com/resources/v7.42.0/i/elements/flags/chn.svg,R128,W,"6-4, 5-7, 6-4",https://www.wtatennis.com/players/324325/yue-yuan,False,False,False,False,False,False,False,3,True,32,17,15,1,CN,CHN,156,142,Asia,East Asia,CHN,"6,4,None|5,7,None|6,4,None",,
1,Berlin Open,,https://www.wtatennis.com/tournaments/2012/berlin/2023,WTA 500,Grass,https://www.wtatennis.com/resources/v7.42.0/i/elements/500k-tag.svg,2023-06-19,2023-06-25,2023,6,Berlin,BLR,,DE,DEU,276,150,,Europe,Central Europe,GER,70.0,1.0,7234.0,32M/24Q/16D,"Bett1Open, Presented By Ecotrans Group",,20,1,20.0,2,2.0,Aliaksandra Sasnovich,,https://www.wtatennis.com/resources/v7.42.0/i/elements/flags/blr.svg,R32,L,"4-6, 4-6",https://www.wtatennis.com/players/317790/aliaksandra-sasnovich,False,False,False,False,False,False,False,2,False,20,8,12,0,BY,BLR,112,150,Europe,Eastern Europe,BLR,"4,6,None|4,6,None",,
1,Libema Open,,https://www.wtatennis.com/tournaments/822/s-hertogenbosch/2023,WTA 250,Grass,https://www.wtatennis.com/resources/v7.42.0/i/elements/250k-tag.svg,2023-06-12,2023-06-18,2023,6,S'Hertogenbosch,USA,,NL,NLD,528,150,United States of America|America|USA|US,Europe,Western Europe,NED,152.0,30.0,3410.0,32M/24Q/16D,Libema Open,,39,2,19.5,4,2.0,Ashlyn Krueger,,https://www.wtatennis.com/resources/v7.42.0/i/elements/flags/usa.svg,R16,L,"3-6, 2-6",https://www.wtatennis.com/players/329409/ashlyn-krueger,False,False,False,False,False,False,False,2,False,17,5,12,0,US,USA,840,019,America,Northern America,USA,"3,6,None|2,6,None",,
2,Libema Open,,https://www.wtatennis.com/tournaments/822/s-hertogenbosch/2023,WTA 250,Grass,https://www.wtatennis.com/resources/v7.42.0/i/elements/250k-tag.svg,2023-06-12,2023-06-18,2023,6,S'Hertogenbosch,SRB,,NL,NLD,528,150,,Europe,Western Europe,NED,231.0,30.0,3410.0,32M/24Q/16D,Libema Open,,39,2,19.5,4,2.0,Natalija Stevanovic,,https://www.wtatennis.com/resources/v7.42.0/i/elements/flags/srb.svg,R32,W,"7-6 (5), 6-3",https://www.wtatennis.com/players/317349/natalija-stevanovic,False,False,False,True,False,False,True,2,True,22,13,9,1,RS,SRB,688,150,Europe,Southeastern Europe,SRB,"7,6,5|6,3,None",,
1,Roland Garros,,https://www.wtatennis.com/tournaments/903/roland-garros/2023,Grand Slam,Clay,https://www.wtatennis.com/resources/v7.42.0/i/elements/gs-tag.svg,2023-05-28,2023-06-11,2023,5,Paris,CAN,,FR,FRA,250,150,,Europe,Western Europe,FRA,42.0,10.0,69000.0,128M/128Q/64D,Roland Garros,,27,1,27.0,3,3.0,Bianca Andreescu,,https://www.wtatennis.com/resources/v7.42.0/i/elements/flags/can.svg,R128,L,"6-2, 3-6, 4-6",https://www.wtatennis.com/players/325088/bianca-andreescu,False,False,False,False,False,False,False,3,True,27,13,14,0,CA,CAN,124,019,America,Northern America,CAN,"6,2,None|3,6,None|4,6,None",,
1,Internazionali Bnl D'Italia,,https://www.wtatennis.com/tournaments/709/rome/2023,WTA 1000,Clay,https://www.wtatennis.com/resources/v7.42.0/i/elements/1000k-tag.svg,2023-05-09,2023-05-20,2023,5,Rome,USA,,IT,ITA,380,150,United States of America|America|USA|US,Europe,Southern Europe,ITA,23.0,65.0,22700.0,96M/48Q/32D,Internazionali Bnl D'Italia,,19,1,19.0,2,2.0,Madison Keys,19.0,https://www.wtatennis.com/resources/v7.42.0/i/elements/flags/usa.svg,R32,L,Walkover,https://www.wtatennis.com/players/316959/madison-keys,False,True,False,False,False,False,False,0,False,0,0,0,0,US,USA,840,019,America,Northern America,USA,,,
2,Internazionali Bnl D'Italia,,https://www.wtatennis.com/tournaments/709/rome/2023,WTA 1000,Clay,https://www.wtatennis.com/resources/v7.42.0/i/elements/1000k-tag.svg,2023-05-09,2023-05-20,2023,5,Rome,USA,,IT,ITA,380,150,United States of America|America|USA|US,Europe,Southern Europe,ITA,36.0,65.0,22700.0,96M/48Q/32D,Internazionali Bnl D'Italia,,19,1,19.0,2,2.0,Sloane Stephens,,https://www.wtatennis.com/resources/v7.42.0/i/elements/flags/usa.svg,R64,W,"6-4, 6-3",https://www.wtatennis.com/players/315683/sloane-stephens,False,False,False,False,False,False,False,2,True,19,12,7,1,US,USA,840,019,America,Northern America,USA,"6,4,None|6,3,None",,
3,Internazionali Bnl D'Italia,,https://www.wtatennis.com/tournaments/709/rome/2023,WTA 1000,Clay,https://www.wtatennis.com/resources/v7.42.0/i/elements/1000k-tag.svg,2023-05-09,2023-05-20,2023,5,Rome,,,IT,ITA,380,150,,Europe,Southern Europe,ITA,,65.0,22700.0,96M/48Q/32D,Internazionali Bnl D'Italia,,19,1,19.0,2,2.0,,,,R128,,Bye,,False,False,True,False,False,False,False,0,False,0,0,0,0,,,,,,,,,,
1,Mutua Madrid Open,,https://www.wtatennis.com/tournaments/1038/madrid/2023,WTA 1000,Clay,https://www.wtatennis.com/resources/v7.42.0/i/elements/1000k-tag.svg,2023-04-25,2023-05-07,2023,4,Madrid,USA,,ES,ESP,724,150,United States of America|America|USA|US,Europe,Southern Europe,ESP,54.0,10.0,27045.0,96M/48Q/32D,Mutua Madrid Open,,21,1,21.0,2,2.0,Alycia Parks,,https://www.wtatennis.com/resources/v7.42.0/i/elements/flags/usa.svg,R64,L,"2-6, 6-7 (5)",https://www.wtatennis.com/players/326007/alycia-parks,False,False,False,False,True,False,True,2,False,21,8,13,0,US,USA,840,019,America,Northern America,USA,"2,6,None|6,7,5",,
2,Mutua Madrid Open,,https://www.wtatennis.com/tournaments/1038/madrid/2023,WTA 1000,Clay,https://www.wtatennis.com/resources/v7.42.0/i/elements/1000k-tag.svg,2023-04-25,2023-05-07,2023,4,Madrid,,,ES,ESP,724,150,,Europe,Southern Europe,ESP,,10.0,27045.0,96M/48Q/32D,Mutua Madrid Open,,21,1,21.0,2,2.0,,,,R128,,Bye,,False,False,True,False,False,False,False,0,False,0,0,0,0,,,,,,,,,,
1,Credit One Charleston Open,,https://www.wtatennis.com/tournaments/804/charleston/2023,WTA 500,Clay,https://www.wtatennis.com/resources/v7.42.0/i/elements/500k-tag.svg,2023-04-03,2023-04-09,2023,4,Charleston,RUS,SC,US,USA,840,019,,America,Northern America,USA,70.0,55.0,9340.0,64M/32Q/16D,Credit One Charleston Open,,49,2,24.5,5,2.5,Anna Kalinskaya,,https://www.wtatennis.com/resources/v7.42.0/i/elements/flags/rus.svg,R16,L,"4-6, 6-7 (5)",https://www.wtatennis.com/players/323942/anna-kalinskaya,False,False,False,False,True,False,True,2,False,23,10,13,0,RU,RUS,643,150,Europe,Eastern Europe,RUS,"4,6,None|6,7,5",,
2,Credit One Charleston Open,,https://www.wtatennis.com/tournaments/804/charleston/2023,WTA 500,Clay,https://www.wtatennis.com/resources/v7.42.0/i/elements/500k-tag.svg,2023-04-03,2023-04-09,2023,4,Charleston,USA,SC,US,USA,840,019,United States of America|America|USA|US,America,Northern America,USA,50.0,55.0,9340.0,64M/32Q/16D,Credit One Charleston Open,,49,2,24.5,5,2.5,Sloane Stephens,,https://www.wtatennis.com/resources/v7.42.0/i/elements/flags/usa.svg,R32,W,"3-6, 6-3, 6-2",https://www.wtatennis.com/players/315683/sloane-stephens,False,False,False,False,False,False,False,3,False,26,15,11,1,US,USA,840,019,America,Northern America,USA,"3,6,None|6,3,None|6,2,None",,
3,Credit One Charleston Open,,https://www.wtatennis.com/tournaments/804/charleston/2023,WTA 500,Clay,https://www.wtatennis.com/resources/v7.42.0/i/elements/500k-tag.svg,2023-04-03,2023-04-09,2023,4,Charleston,,SC,US,USA,840,019,,America,Northern America,USA,,55.0,9340.0,64M/32Q/16D,Credit One Charleston Open,,49,2,24.5,5,2.5,,,,R64,,Bye,,False,False,True,False,False,False,False,0,False,0,0,0,0,,,,,,,,,,
1,Miami Open,https://photoresources.wtatennis.com/photo-resources/2026/04/16/e0f2d5a2-cc05-4b2a-8377-f57edf6eaaa2/WTA-Tournament_Miami-2024.png?height=128,https://www.wtatennis.com/tournaments/902/miami/2023,WTA 1000,Hard,https://www.wtatennis.com/resources/v7.42.0/i/elements/1000k-tag.svg,2023-03-21,2023-04-02,2023,3,Miami,POL,FL,US,USA,840,019,,America,Northern America,USA,19.0,65.0,55770.0,96M/48Q/32D,Miami Open Presented By Itaú,,47,2,23.5,5,2.5,Magda Linette,20.0,https://www.wtatennis.com/resources/v7.42.0/i/elements/flags/pol.svg,R32,L,"6-7 (3), 6-2, 4-6",https://www.wtatennis.com/players/315130/magda-linette,False,False,False,True,False,False,True,3,False,31,16,15,0,PL,POL,616,150,Europe,Central Europe,POL,"6,7,3|6,2,None|4,6,None",,
2,Miami Open,https://photoresources.wtatennis.com/photo-resources/2026/04/16/e0f2d5a2-cc05-4b2a-8377-f57edf6eaaa2/WTA-Tournament_Miami-2024.png?height=128,https://www.wtatennis.com/tournaments/902/miami/2023,WTA 1000,Hard,https://www.wtatennis.com/resources/v7.42.0/i/elements/1000k-tag.svg,2023-03-21,2023-04-02,2023,3,Miami,ITA,FL,US,USA,840,019,,America,Northern America,USA,44.0,65.0,55770.0,96M/48Q/32D,Miami Open Presented By Itaú,,47,2,23.5,5,2.5,Camila Giorgi,,https://www.wtatennis.com/resources/v7.42.0/i/elements/flags/ita.svg,R64,W,"6-3, 6-1",https://www.wtatennis.com/players/314610/camila-giorgi,False,False,False,False,False,False,False,2,True,16,12,4,1,IT,ITA,380,150,Europe,Southern Europe,ITA,"6,3,None|6,1,None",,
3,Miami Open,https://photoresources.wtatennis.com/photo-resources/2026/04/16/e0f2d5a2-cc05-4b2a-8377-f57edf6eaaa2/WTA-Tournament_Miami-2024.png?height=128,https://www.wtatennis.com/tournaments/902/miami/2023,WTA 1000,Hard,https://www.wtatennis.com/resources/v7.42.0/i/elements/1000k-tag.svg,2023-03-21,2023-04-02,2023,3,Miami,,FL,US,USA,840,019,,America,Northern America,USA,,65.0,55770.0,96M/48Q/32D,Miami Open Presented By Itaú,,47,2,23.5,5,2.5,,,,R128,,Bye,,False,False,True,False,False,False,False,0,False,0,0,0,0,,,,,,,,,,
1,Bnp Paribas Open,https://photoresources.wtatennis.com/photo-resources/2026/04/16/a1736320-dd92-4829-8aa8-846c2edef410/WTA-Tournament_Indian-Wells-2017.png?height=128,https://www.wtatennis.com/tournaments/609/indian-wells/2023,WTA 1000,Hard,https://www.wtatennis.com/resources/v7.42.0/i/elements/1000k-tag.svg,2023-03-08,2023-03-19,2023,3,Indian Wells,CZE,CA,US,USA,840,019,,America,Northern America,USA,76.0,10.0,30885.0,96M/48Q/32D,Bnp Paribas Open,,22,1,22.0,2,2.0,Karolina Muchova,,https://www.wtatennis.com/resources/v7.42.0/i/elements/flags/cze.svg,R64,L,"6-7 (1), 3-6",https://www.wtatennis.com/players/322191/karolina-muchova,False,False,False,True,False,False,True,2,False,22,9,13,0,CZ,CZE,203,150,Europe,Central Europe,CZE,"6,7,1|3,6,None",,
2,Bnp Paribas Open,https://photoresources.wtatennis.com/photo-resources/2026/04/16/a1736320-dd92-4829-8aa8-846c2edef410/WTA-Tournament_Indian-Wells-2017.png?height=128,https://www.wtatennis.com/tournaments/609/indian-wells/2023,WTA 1000,Hard,https://www.wtatennis.com/resources/v7.42.0/i/elements/1000k-tag.svg,2023-03-08,2023-03-19,2023,3,Indian Wells,,CA,US,USA,840,019,,America,Northern America,USA,,10.0,30885.0,96M/48Q/32D,Bnp Paribas Open,,22,1,22.0,2,2.0,,,,R128,,Bye,,False,False,True,False,False,False,False,0,False,0,0,0,0,,,,,,,,,,
1,Dubai Tennis Championships,https://photoresources.wtatennis.com/photo-resources/2026/04/16/2aee9d91-0756-4a92-b0bb-09b8d0dd8d76/WTA-Tournament_Dubai-2017.png?height=128,https://www.wtatennis.com/tournaments/718/dubai/2023,WTA 1000,Hard,https://www.wtatennis.com/resources/v7.42.0/i/elements/1000k-tag.svg,2023-02-19,2023-02-25,2023,2,Dubai,USA,,AE,ARE,784,142,United States of America|America|USA|US,Asia,Western Asia,UAE,23.0,105.0,31650.0,64M/32Q/32D,Dubai Duty Free Tennis Championships,,69,3,23.0,7,2.3333333333333335,Madison Keys,,https://www.wtatennis.com/resources/v7.42.0/i/elements/flags/usa.svg,R16,L,"2-6, 1-6",https://www.wtatennis.com/players/316959/madison-keys,False,False,False,False,False,False,False,2,False,15,3,12,0,US,USA,840,019,America,Northern America,USA,"2,6,None|1,6,None",,
2,Dubai Tennis Championships,https://photoresources.wtatennis.com/photo-resources/2026/04/16/2aee9d91-0756-4a92-b0bb-09b8d0dd8d76/WTA-Tournament_Dubai-2017.png?height=128,https://www.wtatennis.com/tournaments/718/dubai/2023,WTA 1000,Hard,https://www.wtatennis.com/resources/v7.42.0/i/elements/1000k-tag.svg,2023-02-19,2023-02-25,2023,2,Dubai,USA,,AE,ARE,784,142,United States of America|America|USA|US,Asia,Western Asia,UAE,35.0,105.0,31650.0,64M/32Q/32D,Dubai Duty Free Tennis Championships,,69,3,23.0,7,2.3333333333333335,Amanda Anisimova,,https://www.wtatennis.com/resources/v7.42.0/i/elements/flags/usa.svg,R32,W,"4-6, 6-4, 7-6 (5)",https://www.wtatennis.com/players/326384/amanda-anisimova,False,False,False,False,False,True,True,3,False,33,17,16,1,US,USA,840,019,America,Northern America,USA,"4,6,None|6,4,None|7,6,5",,
3,Dubai Tennis Championships,https://photoresources.wtatennis.com/photo-resources/2026/04/16/2aee9d91-0756-4a92-b0bb-09b8d0dd8d76/WTA-Tournament_Dubai-2017.png?height=128,https://www.wtatennis.com/tournaments/718/dubai/2023,WTA 1000,Hard,https://www.wtatennis.com/resources/v7.42.0/i/elements/1000k-tag.svg,2023-02-19,2023-02-25,2023,2,Dubai,RUS,,AE,ARE,784,142,,Asia,Western Asia,UAE,732.0,105.0,31650.0,64M/32Q/32D,Dubai Duty Free Tennis Championships,,69,3,23.0,7,2.3333333333333335,Anastasia Pavlyuchenkova,,https://www.wtatennis.com/resources/v7.42.0/i/elements/flags/rus.svg,R64,W,"6-3, 7-5",https://www.wtatennis.com/players/313796/anastasia-pavlyuchenkova,False,False,False,False,False,False,False,2,True,21,13,8,1,RU,RUS,643,150,Europe,Eastern Europe,RUS,"6,3,None|7,5,None",,
1,Qatar Total Open,https://photoresources.wtatennis.com/photo-resources/2025/04/16/74cb07bc-dc84-43f7-9acc-95e51d3748c9/WTA-Tournament_Doha-2025.png?height=128,https://www.wtatennis.com/tournaments/1003/doha/2023,WTA 500,Hard,https://www.wtatennis.com/resources/v7.42.0/i/elements/500k-tag.svg,2023-02-13,2023-02-18,2023,2,Doha,SUI,,QA,QAT,634,142,,Asia,Western Asia,QAT,9.0,55.0,11500.0,32M/32Q/16D,Qatar Totalenergies Open,,44,2,22.0,5,2.5,Belinda Bencic,7.0,https://www.wtatennis.com/resources/v7.42.0/i/elements/flags/sui.svg,R16,L,"6-1, 6-7 (4), 4-6",https://www.wtatennis.com/players/319001/belinda-bencic,False,False,False,False,True,False,True,3,True,30,16,14,0,CH,CHE,756,150,Europe,Central Europe,SUI,"6,1,None|6,7,4|4,6,None",W,True
2,Qatar Total Open,https://photoresources.wtatennis.com/photo-resources/2025/04/16/74cb07bc-dc84-43f7-9acc-95e51d3748c9/WTA-Tournament_Doha-2025.png?height=128,https://www.wtatennis.com/tournaments/1003/doha/2023,WTA 500,Hard,https://www.wtatennis.com/resources/v7.42.0/i/elements/500k-tag.svg,2023-02-13,2023-02-18,2023,2,Doha,TUR,,QA,QAT,634,142,,Asia,Western Asia,QAT,196.0,55.0,11500.0,32M/32Q/16D,Qatar Totalenergies Open,,44,2,22.0,5,2.5,Ipek Oz,,https://www.wtatennis.com/resources/v7.42.0/i/elements/flags/tur.svg,R32,W,"6-1, 6-1",https://www.wtatennis.com/players/321834/ipek-oz,False,False,False,False,False,False,False,2,True,14,12,2,1,TR,TUR,792,142,Asia,Western Asia,TUR,"6,1,None|6,1,None",W,True
1,Australian Open,https://photoresources.wtatennis.com/photo-resources/2026/04/16/6b041ce4-8b08-4fff-be75-89d1c452c157/WTA-Tournament_Australian-Open.png?height=128,https://www.wtatennis.com/tournaments/901/australian-open/2023,Grand Slam,Hard,https://www.wtatennis.com/resources/v7.42.0/i/elements/gs-tag.svg,2023-01-16,2023-01-29,2023,1,Melbourne,KAZ,,AU,AUS,036,009,,Oceania,Australasia,AUS,25.0,780.0,646962.0,128M/128Q/64D,Australian Open,,124,6,20.666666666666668,14,2.3333333333333335,Elena Rybakina,22.0,https://www.wtatennis.com/resources/v7.42.0/i/elements/flags/kaz.svg,SF,L,"6-7 (4), 3-6",https://www.wtatennis.com/players/324166/elena-rybakina,False,False,False,True,False,False,True,2,False,22,9,13,0,KZ,KAZ,398,142,Asia,Central Asia,KAZ,"6,7,4|3,6,None",,
2,Australian Open,https://photoresources.wtatennis.com/photo-resources/2026/04/16/6b041ce4-8b08-4fff-be75-89d1c452c157/WTA-Tournament_Australian-Open.png?height=128,https://www.wtatennis.com/tournaments/901/australian-open/2023,Grand Slam,Hard,https://www.wtatennis.com/resources/v7.42.0/i/elements/gs-tag.svg,2023-01-16,2023-01-29,2023,1,Melbourne,USA,,AU,AUS,036,009,United States of America|America|USA|US,Oceania,Australasia,AUS,3.0,780.0,646962.0,128M/128Q/64D,Australian Open,,124,6,20.666666666666668,14,2.3333333333333335,Jessica Pegula,3.0,https://www.wtatennis.com/resources/v7.42.0/i/elements/flags/usa.svg,QF,W,"6-4, 6-1",https://www.wtatennis.com/players/316956/jessica-pegula,False,False,False,False,False,False,False,2,True,17,12,5,1,US,USA,840,019,America,Northern America,USA,"6,4,None|6,1,None",,
3,Australian Open,https://photoresources.wtatennis.com/photo-resources/2026/04/16/6b041ce4-8b08-4fff-be75-89d1c452c157/WTA-Tournament_Australian-Open.png?height=128,https://www.wtatennis.com/tournaments/901/australian-open/2023,Grand Slam,Hard,https://www.wtatennis.com/resources/v7.42.0/i/elements/gs-tag.svg,2023-01-16,2023-01-29,2023,1,Melbourne,CHN,,AU,AUS,036,009,,Oceania,Australasia,AUS,87.0,780.0,646962.0,128M/128Q/64D,Australian Open,,124,6,20.666666666666668,14,2.3333333333333335,Lin Zhu,,https://www.wtatennis.com/resources/v7.42.0/i/elements/flags/chn.svg,R16,W,"4-6, 6-1, 6-4",https://www.wtatennis.com/players/317306/lin-zhu,False,False,False,False,False,False,False,3,False,27,16,11,1,CN,CHN,156,142,Asia,East Asia,CHN,"4,6,None|6,1,None|6,4,None",,
4,Australian Open,https://photoresources.wtatennis.com/photo-resources/2026/04/16/6b041ce4-8b08-4fff-be75-89d1c452c157/WTA-Tournament_Australian-Open.png?height=128,https://www.wtatennis.com/tournaments/901/australian-open/2023,Grand Slam,Hard,https://www.wtatennis.com/resources/v7.42.0/i/elements/gs-tag.svg,2023-01-16,2023-01-29,2023,1,Melbourne,USA,,AU,AUS,036,009,United States of America|America|USA|US,Oceania,Australasia,AUS,13.0,780.0,646962.0,128M/128Q/64D,Australian Open,,124,6,20.666666666666668,14,2.3333333333333335,Madison Keys,10.0,https://www.wtatennis.com/resources/v7.42.0/i/elements/flags/usa.svg,R32,W,"1-6, 6-2, 6-1",https://www.wtatennis.com/players/316959/madison-keys,False,False,False,False,False,False,False,3,False,22,13,9,1,US,USA,840,019,America,Northern America,USA,"1,6,None|6,2,None|6,1,None",,
5,Australian Open,https://photoresources.wtatennis.com/photo-resources/2026/04/16/6b041ce4-8b08-4fff-be75-89d1c452c157/WTA-Tournament_Australian-Open.png?height=128,https://www.wtatennis.com/tournaments/901/australian-open/2023,Grand Slam,Hard,https://www.wtatennis.com/resources/v7.42.0/i/elements/gs-tag.svg,2023-01-16,2023-01-29,2023,1,Melbourne,ARG,,AU,AUS,036,009,,Oceania,Australasia,AUS,191.0,780.0,646962.0,128M/128Q/64D,Australian Open,,124,6,20.666666666666668,14,2.3333333333333335,Nadia Podoroska,,https://www.wtatennis.com/resources/v7.42.0/i/elements/flags/arg.svg,R64,W,"6-1, 6-0",https://www.wtatennis.com/players/319112/nadia-podoroska,False,False,False,False,False,False,False,2,True,13,12,1,1,AR,ARG,032,019,America,Southern South America,ARG,"6,1,None|6,0,None",,
6,Australian Open,https://photoresources.wtatennis.com/photo-resources/2026/04/16/6b041ce4-8b08-4fff-be75-89d1c452c157/WTA-Tournament_Australian-Open.png?height=128,https://www.wtatennis.com/tournaments/901/australian-open/2023,Grand Slam,Hard,https://www.wtatennis.com/resources/v7.42.0/i/elements/gs-tag.svg,2023-01-16,2023-01-29,2023,1,Melbourne,USA,,AU,AUS,036,009,United States of America|America|USA|US,Oceania,Australasia,AUS,203.0,780.0,646962.0,128M/128Q/64D,Australian Open,,124,6,20.666666666666668,14,2.3333333333333335,Sofia Kenin,,https://www.wtatennis.com/resources/v7.42.0/i/elements/flags/usa.svg,R128,W,"6-4, 7-6 (3)",https://www.wtatennis.com/players/320942/sofia-kenin,False,False,False,False,True,False,True,2,True,23,13,10,1,US,USA,840,019,America,Northern America,USA,"6,4,None|7,6,3",,
1,Adelaide International 2,,https://www.wtatennis.com/tournaments/2014/adelaide/2023,WTA 500,Hard,https://www.wtatennis.com/resources/v7.42.0/i/elements/500k-tag.svg,2023-01-09,2023-01-14,2023,1,Adelaide,RUS,,AU,AUS,036,009,,Oceania,Australasia,AUS,9.0,1.0,7500.0,32M/24Q/16D,Adelaide International 2,,31,1,31.0,3,3.0,Veronika Kudermetova,6.0,https://www.wtatennis.com/resources/v7.42.0/i/elements/flags/rus.svg,R32,L,"6-2, 6-7 (4), 4-6",https://www.wtatennis.com/players/319526/veronika-kudermetova,False,False,False,False,True,False,True,3,True,31,16,15,0,RU,RUS,643,150,Europe,Eastern Europe,RUS,"6,2,None|6,7,4|4,6,None",W,True
1,Adelaide International 1,https://photoresources.wtatennis.com/photo-resources/2026/04/16/e0cf338c-8e78-4f7f-816c-d0a252863119/WTA-Tournament_Brisbane-2025.png?height=128,https://www.wtatennis.com/tournaments/800/brisbane/2023,WTA 500,Hard,https://www.wtatennis.com/resources/v7.42.0/i/elements/500k-tag.svg,2023-01-01,2023-01-08,2023,1,Adelaide,CZE,,AU,AUS,036,009,,Oceania,Australasia,AUS,102.0,100.0,20465.0,32M/24Q/24D,Adelaide International 1,,82,3,27.333333333333332,7,2.3333333333333335,Linda Noskova,,https://www.wtatennis.com/resources/v7.42.0/i/elements/flags/cze.svg,QF,L,"4-6, 7-6 (3), 6-7 (6)",https://www.wtatennis.com/players/329668/linda-noskova,False,False,False,False,True,True,True,3,False,36,17,19,0,CZ,CZE,203,150,Europe,Central Europe,CZE,"4,6,None|7,6,3|6,7,6",,
2,Adelaide International 1,https://photoresources.wtatennis.com/photo-resources/2026/04/16/e0cf338c-8e78-4f7f-816c-d0a252863119/WTA-Tournament_Brisbane-2025.png?height=128,https://www.wtatennis.com/tournaments/800/brisbane/2023,WTA 500,Hard,https://www.wtatennis.com/resources/v7.42.0/i/elements/500k-tag.svg,2023-01-01,2023-01-08,2023,1,Adelaide,CHN,,AU,AUS,036,009,,Oceania,Australasia,AUS,28.0,100.0,20465.0,32M/24Q/24D,Adelaide International 1,,82,3,27.333333333333332,7,2.3333333333333335,Qinwen Zheng,,https://www.wtatennis.com/resources/v7.42.0/i/elements/flags/chn.svg,R16,W,"6-2, 7-5",https://www.wtatennis.com/players/328120/qinwen-zheng,False,False,False,False,False,False,False,2,True,20,13,7,1,CN,CHN,156,142,Asia,East Asia,CHN,"6,2,None|7,5,None",,
3,Adelaide International 1,https://photoresources.wtatennis.com/photo-resources/2026/04/16/e0cf338c-8e78-4f7f-816c-d0a252863119/WTA-Tournament_Brisbane-2025.png?height=128,https://www.wtatennis.com/tournaments/800/brisbane/2023,WTA 500,Hard,https://www.wtatennis.com/resources/v7.42.0/i/elements/500k-tag.svg,2023-01-01,2023-01-08,2023,1,Adelaide,UKR,,AU,AUS,036,009,,Oceania,Australasia,AUS,39.0,100.0,20465.0,32M/24Q/24D,Adelaide International 1,,82,3,27.333333333333332,7,2.3333333333333335,Anhelina Kalinina,,https://www.wtatennis.com/resources/v7.42.0/i/elements/flags/ukr.svg,R32,W,"7-6 (9), 7-6 (5)",https://www.wtatennis.com/players/320567/anhelina-kalinina,False,False,False,True,True,False,True,2,True,26,14,12,1,UA,UKR,804,150,Europe,Eastern Europe,UKR,"7,6,9|7,6,5",,
1,Guadalajara Open,,https://www.wtatennis.com/tournaments/2075/guadalajara-500/2022,WTA 1000,Hard,https://www.wtatennis.com/resources/v7.42.0/i/elements/1000k-tag.svg,2022-10-17,2022-10-23,2022,10,Guadalajara,USA,,MX,MEX,484,019,United States of America|America|USA|US,America,Central America,MEX,5.0,350.0,125000.0,64M/32Q/32D,Guadalajara Open Akron,,108,5,21.6,11,2.2,Jessica Pegula,3.0,https://www.wtatennis.com/resources/v7.42.0/i/elements/flags/usa.svg,SF,L,"6-7 (3), 1-6",https://www.wtatennis.com/players/316956/jessica-pegula,False,False,False,True,False,False,True,2,False,20,7,13,0,US,USA,840,019,America,Northern America,USA,"6,7,3|1,6,None",,
2,Guadalajara Open,,https://www.wtatennis.com/tournaments/2075/guadalajara-500/2022,WTA 1000,Hard,https://www.wtatennis.com/resources/v7.42.0/i/elements/1000k-tag.svg,2022-10-17,2022-10-23,2022,10,Guadalajara,USA,,MX,MEX,484,019,United States of America|America|USA|US,America,Central America,MEX,7.0,350.0,125000.0,64M/32Q/32D,Guadalajara Open Akron,,108,5,21.6,11,2.2,Coco Gauff,5.0,https://www.wtatennis.com/resources/v7.42.0/i/elements/flags/usa.svg,QF,W,"7-6 (2), 4-6, 6-3",https://www.wtatennis.com/players/328560/coco-gauff,False,False,False,True,False,False,True,3,True,32,17,15,1,US,USA,840,019,America,Northern America,USA,"7,6,2|4,6,None|6,3,None",,
3,Guadalajara Open,,https://www.wtatennis.com/tournaments/2075/guadalajara-500/2022,WTA 1000,Hard,https://www.wtatennis.com/resources/v7.42.0/i/elements/1000k-tag.svg,2022-10-17,2022-10-23,2022,10,Guadalajara,USA,,MX,MEX,484,019,United States of America|America|USA|US,America,Central America,MEX,15.0,350.0,125000.0,64M/32Q/32D,Guadalajara Open Akron,,108,5,21.6,11,2.2,Madison Keys,13.0,https://www.wtatennis.com/resources/v7.42.0/i/elements/flags/usa.svg,R16,W,"6-4, 6-7 (4), 6-1",https://www.wtatennis.com/players/316959/madison-keys,False,False,False,False,True,False,True,3,True,30,18,12,1,US,USA,840,019,America,Northern America,USA,"6,4,None|6,7,4|6,1,None",,
4,Guadalajara Open,,https://www.wtatennis.com/tournaments/2075/guadalajara-500/2022,WTA 1000,Hard,https://www.wtatennis.com/resources/v7.42.0/i/elements/1000k-tag.svg,2022-10-17,2022-10-23,2022,10,Guadalajara,ESP,,MX,MEX,484,019,Kingdom of Spain,America,Central America,MEX,8.0,350.0,125000.0,64M/32Q/32D,Guadalajara Open Akron,,108,5,21.6,11,2.2,Paula Badosa,1.0,https://www.wtatennis.com/resources/v7.42.0/i/elements/flags/esp.svg,R32,W,6-2,https://www.wtatennis.com/players/320124/paula-badosa,True,False,False,False,False,False,False,1,True,8,6,2,1,ES,ESP,724,150,Europe,Southern Europe,ESP,"6,2,None|Ret",,
5,Guadalajara Open,,https://www.wtatennis.com/tournaments/2075/guadalajara-500/2022,WTA 1000,Hard,https://www.wtatennis.com/resources/v7.42.0/i/elements/1000k-tag.svg,2022-10-17,2022-10-23,2022,10,Guadalajara,ARM,,MX,MEX,484,019,,America,Central America,MEX,130.0,350.0,125000.0,64M/32Q/32D,Guadalajara Open Akron,,108,5,21.6,11,2.2,Elina Avanesyan,,https://www.wtatennis.com/resources/v7.42.0/i/elements/flags/arm.svg,R64,W,"6-4, 6-2",https://www.wtatennis.com/players/327620/elina-avanesyan,False,False,False,False,False,False,False,2,True,18,12,6,1,AM,ARM,051,142,Asia,Western Asia,ARM,"6,4,None|6,2,None",,
1,Agel Open 2022,,https://www.wtatennis.com/tournaments/2025/ostrava/2022,WTA 500,Hard,https://www.wtatennis.com/resources/v7.42.0/i/elements/500k-tag.svg,2022-10-03,2022-10-09,2022,10,Ostrava,RUS,,CZ,CZE,203,150,,Europe,Central Europe,CZE,21.0,1.0,8080.0,32M/24Q/16D,Agel Open 2022,,28,1,28.0,3,3.0,Ekaterina Alexandrova,,https://www.wtatennis.com/resources/v7.42.0/i/elements/flags/rus.svg,R32,L,"4-6, 6-4, 2-6",https://www.wtatennis.com/players/319007/ekaterina-alexandrova,False,False,False,False,False,False,False,3,False,28,12,16,0,RU,RUS,643,150,Europe,Eastern Europe,RUS,"4,6,None|6,4,None|2,6,None",,
1,US Open,https://photoresources.wtatennis.com/photo-resources/2026/04/16/8d0a3d41-7b45-434b-a75b-b7d2eb0922b4/WTA-Tournament_US-Open.png?height=128,https://www.wtatennis.com/tournaments/905/us-open/2022,Grand Slam,Hard,https://www.wtatennis.com/resources/v7.42.0/i/elements/gs-tag.svg,2022-08-29,2022-09-11,2022,8,New York,CZE,NY,US,USA,840,019,,America,Northern America,USA,22.0,240.0,278000.0,128M/128Q/64D,Us Open,,90,4,22.5,10,2.5,Karolina Pliskova,22.0,https://www.wtatennis.com/resources/v7.42.0/i/elements/flags/cze.svg,R16,L,"5-7, 7-6 (5), 2-6",https://www.wtatennis.com/players/313974/karolina-pliskova,False,False,False,False,True,False,True,3,False,33,14,19,0,CZ,CZE,203,150,Europe,Central Europe,CZE,"5,7,None|7,6,5|2,6,None",,
2,US Open,https://photoresources.wtatennis.com/photo-resources/2026/04/16/8d0a3d41-7b45-434b-a75b-b7d2eb0922b4/WTA-Tournament_US-Open.png?height=128,https://www.wtatennis.com/tournaments/905/us-open/2022,Grand Slam,Hard,https://www.wtatennis.com/resources/v7.42.0/i/elements/gs-tag.svg,2022-08-29,2022-09-11,2022,8,New York,CRO,NY,US,USA,840,019,,America,Northern America,USA,54.0,240.0,278000.0,128M/128Q/64D,Us Open,,90,4,22.5,10,2.5,Petra Martic,,https://www.wtatennis.com/resources/v7.42.0/i/elements/flags/cro.svg,R32,W,"6-3, 6-0",https://www.wtatennis.com/players/313711/petra-martic,False,False,False,False,False,False,False,2,True,15,12,3,1,HR,HRV,191,150,Europe,Southeastern Europe,CRO,"6,3,None|6,0,None",,
3,US Open,https://photoresources.wtatennis.com/photo-resources/2026/04/16/8d0a3d41-7b45-434b-a75b-b7d2eb0922b4/WTA-Tournament_US-Open.png?height=128,https://www.wtatennis.com/tournaments/905/us-open/2022,Grand Slam,Hard,https://www.wtatennis.com/resources/v7.42.0/i/elements/gs-tag.svg,2022-08-29,2022-09-11,2022,8,New York,UKR,NY,US,USA,840,019,,America,Northern America,USA,65.0,240.0,278000.0,128M/128Q/64D,Us Open,,90,4,22.5,10,2.5,Marta Kostyuk,,https://www.wtatennis.com/resources/v7.42.0/i/elements/flags/ukr.svg,R64,W,"6-2, 6-3",https://www.wtatennis.com/players/326482/marta-kostyuk,False,False,False,False,False,False,False,2,True,17,12,5,1,UA,UKR,804,150,Europe,Eastern Europe,UKR,"6,2,None|6,3,None",,
4,US Open,https://photoresources.wtatennis.com/photo-resources/2026/04/16/8d0a3d41-7b45-434b-a75b-b7d2eb0922b4/WTA-Tournament_US-Open.png?height=128,https://www.wtatennis.com/tournaments/905/us-open/2022,Grand Slam,Hard,https://www.wtatennis.com/resources/v7.42.0/i/elements/gs-tag.svg,2022-08-29,2022-09-11,2022,8,New York,USA,NY,US,USA,840,019,United States of America|America|USA|US,America,Northern America,USA,244.0,240.0,278000.0,128M/128Q/64D,Us Open,,90,4,22.5,10,2.5,Ashlyn Krueger,,https://www.wtatennis.com/resources/v7.42.0/i/elements/flags/usa.svg,R128,W,"6-1, 4-6, 6-2",https://www.wtatennis.com/players/329409/ashlyn-krueger,False,False,False,False,False,False,False,3,True,25,16,9,1,US,USA,840,019,America,Northern America,USA,"6,1,None|4,6,None|6,2,None",,
1,Western & Southern Open,,https://www.wtatennis.com/tournaments/1017/cincinnati/2022,WTA 1000,Hard,https://www.wtatennis.com/resources/v7.42.0/i/elements/1000k-tag.svg,2022-08-15,2022-08-21,2022,8,Cincinnati,GBR,OH,US,USA,840,019,Britain|UK|Great Britain|United Kingdom,America,Northern America,USA,13.0,60.0,16340.0,64M/32Q/32D,Western & Southern Open,,42,2,21.0,5,2.5,Emma Raducanu,10.0,https://www.wtatennis.com/resources/v7.42.0/i/elements/flags/gbr.svg,R32,L,"0-6, 2-6",https://www.wtatennis.com/players/328366/emma-raducanu,False,False,False,False,False,False,False,2,False,14,2,12,0,GB,GBR,826,150,Europe,Northern Europe,ENG,"0,6,None|2,6,None",,
2,Western & Southern Open,,https://www.wtatennis.com/tournaments/1017/cincinnati/2022,WTA 1000,Hard,https://www.wtatennis.com/resources/v7.42.0/i/elements/1000k-tag.svg,2022-08-15,2022-08-21,2022,8,Cincinnati,EST,OH,US,USA,840,019,,America,Northern America,USA,31.0,60.0,16340.0,64M/32Q/32D,Western & Southern Open,,42,2,21.0,5,2.5,Kaia Kanepi,,https://www.wtatennis.com/resources/v7.42.0/i/elements/flags/est.svg,R64,W,"6-3, 4-6, 6-3",https://www.wtatennis.com/players/110536/kaia-kanepi,False,False,False,False,False,False,False,3,True,28,16,12,1,EE,EST,233,150,Europe,Northern Europe,EST,"6,3,None|4,6,None|6,3,None",,
1,Citi Open,,https://www.wtatennis.com/tournaments/1045/washington-dc/2022,WTA 250,Hard,https://www.wtatennis.com/resources/v7.42.0/i/elements/250k-tag.svg,2022-08-01,2022-08-07,2022,8,Washington Dc,CHN,,US,USA,840,019,,America,Northern America,USA,95.0,60.0,6200.0,32M/16Q/16D,Citi Open,,53,3,17.666666666666668,6,2.0,Xiyu Wang,,https://www.wtatennis.com/resources/v7.42.0/i/elements/flags/chn.svg,QF,L,"1-6, 3-6",https://www.wtatennis.com/players/326160/xiyu-wang,False,False,False,False,False,False,False,2,False,16,4,12,0,CN,CHN,156,142,Asia,East Asia,CHN,"1,6,None|3,6,None",,
2,Citi Open,,https://www.wtatennis.com/tournaments/1045/washington-dc/2022,WTA 250,Hard,https://www.wtatennis.com/resources/v7.42.0/i/elements/250k-tag.svg,2022-08-01,2022-08-07,2022,8,Washington Dc,CZE,,US,USA,840,019,,America,Northern America,USA,73.0,60.0,6200.0,32M/16Q/16D,Citi Open,,53,3,17.666666666666668,6,2.0,Tereza Martincova,,https://www.wtatennis.com/resources/v7.42.0/i/elements/flags/cze.svg,R16,W,"7-6 (7), 6-2",https://www.wtatennis.com/players/318060/tereza-martincova,False,False,False,True,False,False,True,2,True,21,13,8,1,CZ,CZE,203,150,Europe,Central Europe,CZE,"7,6,7|6,2,None",,
3,Citi Open,,https://www.wtatennis.com/tournaments/1045/washington-dc/2022,WTA 250,Hard,https://www.wtatennis.com/resources/v7.42.0/i/elements/250k-tag.svg,2022-08-01,2022-08-07,2022,8,Washington Dc,UKR,,US,USA,840,019,,America,Northern America,USA,77.0,60.0,6200.0,32M/16Q/16D,Citi Open,,53,3,17.666666666666668,6,2.0,Dayana Yastremska,,https://www.wtatennis.com/resources/v7.42.0/i/elements/flags/ukr.svg,R32,W,"6-4, 6-0",https://www.wtatennis.com/players/324261/dayana-yastremska,False,False,False,False,False,False,False,2,True,16,12,4,1,UA,UKR,804,150,Europe,Eastern Europe,UKR,"6,4,None|6,0,None",,
1,Roland Garros,,https://www.wtatennis.com/tournaments/903/roland-garros/2022,Grand Slam,Clay,https://www.wtatennis.com/resources/v7.42.0/i/elements/gs-tag.svg,2022-05-22,2022-06-05,2022,5,Paris,SUI,,FR,FRA,250,150,,Europe,Western Europe,FRA,24.0,130.0,133038.0,128M/128Q/64D,Roland Garros,,89,3,29.666666666666668,8,2.6666666666666665,Jil Teichmann,23.0,https://www.wtatennis.com/resources/v7.42.0/i/elements/flags/sui.svg,R32,L,"6-4, 5-7, 6-7 (5)",https://www.wtatennis.com/players/320926/jil-teichmann,False,False,False,False,False,True,True,3,True,35,17,18,0,CH,CHE,756,150,Europe,Central Europe,SUI,"6,4,None|5,7,None|6,7,5",,
2,Roland Garros,,https://www.wtatennis.com/tournaments/903/roland-garros/2022,Grand Slam,Clay,https://www.wtatennis.com/resources/v7.42.0/i/elements/gs-tag.svg,2022-05-22,2022-06-05,2022,5,Paris,GER,,FR,FRA,250,150,,Europe,Western Europe,FRA,65.0,130.0,133038.0,128M/128Q/64D,Roland Garros,,89,3,29.666666666666668,8,2.6666666666666665,Andrea Petkovic,,https://www.wtatennis.com/resources/v7.42.0/i/elements/flags/ger.svg,R64,W,"6-1, 7-6 (3)",https://www.wtatennis.com/players/310770/andrea-petkovic,False,False,False,False,True,False,True,2,True,20,13,7,1,DE,DEU,276,150,Europe,Central Europe,GER,"6,1,None|7,6,3",,
3,Roland Garros,,https://www.wtatennis.com/tournaments/903/roland-garros/2022,Grand Slam,Clay,https://www.wtatennis.com/resources/v7.42.0/i/elements/gs-tag.svg,2022-05-22,2022-06-05,2022,5,Paris,ROU,,FR,FRA,250,150,,Europe,Western Europe,FRA,93.0,130.0,133038.0,128M/128Q/64D,Roland Garros,,89,3,29.666666666666668,8,2.6666666666666665,Ana Bogdan,,https://www.wtatennis.com/resources/v7.42.0/i/elements/flags/rou.svg,R128,W,"6-7 (7), 7-6 (1), 6-2",https://www.wtatennis.com/players/315427/ana-bogdan,False,False,False,True,True,False,True,3,False,34,19,15,1,RO,ROU,642,150,Europe,Southeastern Europe,ROU,"6,7,7|7,6,1|6,2,None",,
1,Internazionali Bnl D'Italia,,https://www.wtatennis.com/tournaments/709/rome/2022,WTA 1000,Clay,https://www.wtatennis.com/resources/v7.42.0/i/elements/1000k-tag.svg,2022-05-09,2022-05-15,2022,5,Rome,POL,,IT,ITA,380,150,,Europe,Southern Europe,ITA,1.0,105.0,28730.0,64M/32Q/32D,Internazionali Bnl D'Italia,,50,3,16.666666666666668,6,2.0,Iga Swiatek,1.0,https://www.wtatennis.com/resources/v7.42.0/i/elements/flags/pol.svg,R16,L,"4-6, 1-6",https://www.wtatennis.com/players/326408/iga-swiatek,False,False,False,False,False,False,False,2,False,17,5,12,0,PL,POL,616,150,Europe,Central Europe,POL,"4,6,None|1,6,None",,
2,Internazionali Bnl D'Italia,,https://www.wtatennis.com/tournaments/709/rome/2022,WTA 1000,Clay,https://www.wtatennis.com/resources/v7.42.0/i/elements/1000k-tag.svg,2022-05-09,2022-05-15,2022,5,Rome,COL,,IT,ITA,380,150,,Europe,Southern Europe,ITA,58.0,105.0,28730.0,64M/32Q/32D,Internazionali Bnl D'Italia,,50,3,16.666666666666668,6,2.0,Camila Osorio,,https://www.wtatennis.com/resources/v7.42.0/i/elements/flags/col.svg,R32,W,"6-2, 6-4",https://www.wtatennis.com/players/325898/camila-osorio,False,False,False,False,False,False,False,2,True,18,12,6,1,CO,COL,170,019,America,Northern South America,COL,"6,2,None|6,4,None",,
3,Internazionali Bnl D'Italia,,https://www.wtatennis.com/tournaments/709/rome/2022,WTA 1000,Clay,https://www.wtatennis.com/resources/v7.42.0/i/elements/1000k-tag.svg,2022-05-09,2022-05-15,2022,5,Rome,SUI,,IT,ITA,380,150,,Europe,Southern Europe,ITA,56.0,105.0,28730.0,64M/32Q/32D,Internazionali Bnl D'Italia,,50,3,16.666666666666668,6,2.0,Viktorija Golubic,,https://www.wtatennis.com/resources/v7.42.0/i/elements/flags/sui.svg,R64,W,"6-3, 6-0",https://www.wtatennis.com/players/316296/viktorija-golubic,False,False,False,False,False,False,False,2,True,15,12,3,1,CH,CHE,756,150,Europe,Central Europe,SUI,"6,3,None|6,0,None",,
1,Mutua Madrid Open,,https://www.wtatennis.com/tournaments/1038/madrid/2022,WTA 1000,Clay,https://www.wtatennis.com/resources/v7.42.0/i/elements/1000k-tag.svg,2022-04-28,2022-05-07,2022,4,Madrid,USA,,ES,ESP,724,150,United States of America|America|USA|US,Europe,Southern Europe,ESP,33.0,120.0,112524.0,64M/48Q/32D,Mutua Madrid Open,,64,3,21.333333333333332,7,2.3333333333333335,Amanda Anisimova,,https://www.wtatennis.com/resources/v7.42.0/i/elements/flags/usa.svg,R16,L,"1-6, 4-6",https://www.wtatennis.com/players/326384/amanda-anisimova,False,False,False,False,False,False,False,2,False,17,5,12,0,US,USA,840,019,America,Northern America,USA,"1,6,None|4,6,None",,
2,Mutua Madrid Open,,https://www.wtatennis.com/tournaments/1038/madrid/2022,WTA 1000,Clay,https://www.wtatennis.com/resources/v7.42.0/i/elements/1000k-tag.svg,2022-04-28,2022-05-07,2022,4,Madrid,SLO,,ES,ESP,724,150,,Europe,Southern Europe,ESP,24.0,120.0,112524.0,64M/48Q/32D,Mutua Madrid Open,,64,3,21.333333333333332,7,2.3333333333333335,Tamara Zidansek,,https://www.wtatennis.com/resources/v7.42.0/i/elements/flags/slo.svg,R32,W,"3-6, 6-1, 6-3",https://www.wtatennis.com/players/323079/tamara-zidansek,False,False,False,False,False,False,False,3,False,25,15,10,1,,,,,,,SLO,"3,6,None|6,1,None|6,3,None",,
3,Mutua Madrid Open,,https://www.wtatennis.com/tournaments/1038/madrid/2022,WTA 1000,Clay,https://www.wtatennis.com/resources/v7.42.0/i/elements/1000k-tag.svg,2022-04-28,2022-05-07,2022,4,Madrid,SUI,,ES,ESP,724,150,,Europe,Southern Europe,ESP,39.0,120.0,112524.0,64M/48Q/32D,Mutua Madrid Open,,64,3,21.333333333333332,7,2.3333333333333335,Viktorija Golubic,,https://www.wtatennis.com/resources/v7.42.0/i/elements/flags/sui.svg,R64,W,"7-6 (5), 6-3",https://www.wtatennis.com/players/316296/viktorija-golubic,False,False,False,True,False,False,True,2,True,22,13,9,1,CH,CHE,756,150,Europe,Central Europe,SUI,"7,6,5|6,3,None",,
1,Miami Open,https://photoresources.wtatennis.com/photo-resources/2026/04/16/e0f2d5a2-cc05-4b2a-8377-f57edf6eaaa2/WTA-Tournament_Miami-2024.png?height=128,https://www.wtatennis.com/tournaments/902/miami/2022,WTA 1000,Hard,https://www.wtatennis.com/resources/v7.42.0/i/elements/1000k-tag.svg,2022-03-22,2022-04-03,2022,3,Miami,CZE,FL,US,USA,840,019,,America,Northern America,USA,279.0,65.0,54400.0,96M/48Q/32D,Miami Open Presented By Itaú,,42,2,21.0,5,2.5,Linda Fruhvirtova,,https://www.wtatennis.com/resources/v7.42.0/i/elements/flags/cze.svg,R32,L,"2-6, 0-3",https://www.wtatennis.com/players/329627/linda-fruhvirtova,True,False,False,False,False,False,False,2,False,11,2,9,0,CZ,CZE,203,150,Europe,Central Europe,CZE,"2,6,None|0,3,None|Ret",,
2,Miami Open,https://photoresources.wtatennis.com/photo-resources/2026/04/16/e0f2d5a2-cc05-4b2a-8377-f57edf6eaaa2/WTA-Tournament_Miami-2024.png?height=128,https://www.wtatennis.com/tournaments/902/miami/2022,WTA 1000,Hard,https://www.wtatennis.com/resources/v7.42.0/i/elements/1000k-tag.svg,2022-03-22,2022-04-03,2022,3,Miami,RUS,FL,US,USA,840,019,,America,Northern America,USA,54.0,65.0,54400.0,96M/48Q/32D,Miami Open Presented By Itaú,,42,2,21.0,5,2.5,Ekaterina Alexandrova,,https://www.wtatennis.com/resources/v7.42.0/i/elements/flags/rus.svg,R64,W,"6-4, 2-6, 7-6 (5)",https://www.wtatennis.com/players/319007/ekaterina-alexandrova,False,False,False,False,False,True,True,3,True,31,15,16,1,RU,RUS,643,150,Europe,Eastern Europe,RUS,"6,4,None|2,6,None|7,6,5",,
3,Miami Open,https://photoresources.wtatennis.com/photo-resources/2026/04/16/e0f2d5a2-cc05-4b2a-8377-f57edf6eaaa2/WTA-Tournament_Miami-2024.png?height=128,https://www.wtatennis.com/tournaments/902/miami/2022,WTA 1000,Hard,https://www.wtatennis.com/resources/v7.42.0/i/elements/1000k-tag.svg,2022-03-22,2022-04-03,2022,3,Miami,,FL,US,USA,840,019,,America,Northern America,USA,,65.0,54400.0,96M/48Q/32D,Miami Open Presented By Itaú,,42,2,21.0,5,2.5,,,,R128,,Bye,,False,False,True,False,False,False,False,0,False,0,0,0,0,,,,,,,,,,
1,Bnp Paribas Open,https://photoresources.wtatennis.com/photo-resources/2026/04/16/a1736320-dd92-4829-8aa8-846c2edef410/WTA-Tournament_Indian-Wells-2017.png?height=128,https://www.wtatennis.com/tournaments/609/indian-wells/2022,WTA 1000,Hard,https://www.wtatennis.com/resources/v7.42.0/i/elements/1000k-tag.svg,2022-03-09,2022-03-20,2022,3,Indian Wells,KAZ,CA,US,USA,840,019,,America,Northern America,USA,20.0,65.0,54000.0,96M/48Q/32D,Bnp Paribas Open,,40,2,20.0,4,2.0,Elena Rybakina,17.0,https://www.wtatennis.com/resources/v7.42.0/i/elements/flags/kaz.svg,R32,L,"3-6, 4-6",https://www.wtatennis.com/players/324166/elena-rybakina,False,False,False,False,False,False,False,2,False,19,7,12,0,KZ,KAZ,398,142,Asia,Central Asia,KAZ,"3,6,None|4,6,None",,
2,Bnp Paribas Open,https://photoresources.wtatennis.com/photo-resources/2026/04/16/a1736320-dd92-4829-8aa8-846c2edef410/WTA-Tournament_Indian-Wells-2017.png?height=128,https://www.wtatennis.com/tournaments/609/indian-wells/2022,WTA 1000,Hard,https://www.wtatennis.com/resources/v7.42.0/i/elements/1000k-tag.svg,2022-03-09,2022-03-20,2022,3,Indian Wells,AUS,CA,US,USA,840,019,,America,Northern America,USA,96.0,65.0,54000.0,96M/48Q/32D,Bnp Paribas Open,,40,2,20.0,4,2.0,Astra Sharma,,https://www.wtatennis.com/resources/v7.42.0/i/elements/flags/aus.svg,R64,W,"6-3, 7-5",https://www.wtatennis.com/players/319696/astra-sharma,False,False,False,False,False,False,False,2,True,21,13,8,1,AU,AUS,036,009,Oceania,Australasia,AUS,"6,3,None|7,5,None",,
3,Bnp Paribas Open,https://photoresources.wtatennis.com/photo-resources/2026/04/16/a1736320-dd92-4829-8aa8-846c2edef410/WTA-Tournament_Indian-Wells-2017.png?height=128,https://www.wtatennis.com/tournaments/609/indian-wells/2022,WTA 1000,Hard,https://www.wtatennis.com/resources/v7.42.0/i/elements/1000k-tag.svg,2022-03-09,2022-03-20,2022,3,Indian Wells,,CA,US,USA,840,019,,America,Northern America,USA,,65.0,54000.0,96M/48Q/32D,Bnp Paribas Open,,40,2,20.0,4,2.0,,,,R128,,Bye,,False,False,True,False,False,False,False,0,False,0,0,0,0,,,,,,,,,,
1,Qatar Total Open,https://photoresources.wtatennis.com/photo-resources/2025/04/16/74cb07bc-dc84-43f7-9acc-95e51d3748c9/WTA-Tournament_Doha-2025.png?height=128,https://www.wtatennis.com/tournaments/1003/doha/2022,WTA 1000,Hard,https://www.wtatennis.com/resources/v7.42.0/i/elements/1000k-tag.svg,2022-02-20,2022-02-26,2022,2,Doha,USA,,QA,QAT,634,142,United States of America|America|USA|US,Asia,Western Asia,QAT,60.0,60.0,15080.0,64M/32Q/32D,Qatar Totalenergies Open,,32,1,32.0,3,3.0,Madison Brengle,,https://www.wtatennis.com/resources/v7.42.0/i/elements/flags/usa.svg,R32,L,Walkover,https://www.wtatennis.com/players/312328/madison-brengle,False,True,False,False,False,False,False,0,False,0,0,0,0,US,USA,840,019,America,Northern America,USA,,,
2,Qatar Total Open,https://photoresources.wtatennis.com/photo-resources/2025/04/16/74cb07bc-dc84-43f7-9acc-95e51d3748c9/WTA-Tournament_Doha-2025.png?height=128,https://www.wtatennis.com/tournaments/1003/doha/2022,WTA 1000,Hard,https://www.wtatennis.com/resources/v7.42.0/i/elements/1000k-tag.svg,2022-02-20,2022-02-26,2022,2,Doha,KAZ,,QA,QAT,634,142,,Asia,Western Asia,QAT,39.0,60.0,15080.0,64M/32Q/32D,Qatar Totalenergies Open,,32,1,32.0,3,3.0,Yulia Putintseva,,https://www.wtatennis.com/resources/v7.42.0/i/elements/flags/kaz.svg,R64,W,"5-7, 6-2, 7-5",https://www.wtatennis.com/players/317683/yulia-putintseva,False,False,False,False,False,False,False,3,False,32,18,14,1,KZ,KAZ,398,142,Asia,Central Asia,KAZ,"5,7,None|6,2,None|7,5,None",,
1,Dubai Tennis Championships,https://photoresources.wtatennis.com/photo-resources/2026/04/16/2aee9d91-0756-4a92-b0bb-09b8d0dd8d76/WTA-Tournament_Dubai-2017.png?height=128,https://www.wtatennis.com/tournaments/718/dubai/2022,WTA 500,Hard,https://www.wtatennis.com/resources/v7.42.0/i/elements/500k-tag.svg,2022-02-14,2022-02-19,2022,2,Dubai,RUS,,AE,ARE,784,142,,Asia,Western Asia,UAE,31.0,1.0,6200.0,32M/48Q/16D,Dubai Duty Free Tennis Championships,,19,1,19.0,2,2.0,Veronika Kudermetova,,https://www.wtatennis.com/resources/v7.42.0/i/elements/flags/rus.svg,R32,L,"3-6, 4-6",https://www.wtatennis.com/players/319526/veronika-kudermetova,False,False,False,False,False,False,False,2,False,19,7,12,0,RU,RUS,643,150,Europe,Eastern Europe,RUS,"3,6,None|4,6,None",,
1,Australian Open,https://photoresources.wtatennis.com/photo-resources/2026/04/16/6b041ce4-8b08-4fff-be75-89d1c452c157/WTA-Tournament_Australian-Open.png?height=128,https://www.wtatennis.com/tournaments/901/australian-open/2022,Grand Slam,Hard,https://www.wtatennis.com/resources/v7.42.0/i/elements/gs-tag.svg,2022-01-17,2022-01-30,2022,1,Melbourne,CZE,,AU,AUS,036,009,,Oceania,Australasia,AUS,4.0,240.0,246795.0,128M/128Q/64D,Australian Open,,61,4,15.25,8,2.0,Barbora Krejcikova,4.0,https://www.wtatennis.com/resources/v7.42.0/i/elements/flags/cze.svg,R16,L,"2-6, 2-6",https://www.wtatennis.com/players/318314/barbora-krejcikova,False,False,False,False,False,False,False,2,False,16,4,12,0,CZ,CZE,203,150,Europe,Central Europe,CZE,"2,6,None|2,6,None",,
2,Australian Open,https://photoresources.wtatennis.com/photo-resources/2026/04/16/6b041ce4-8b08-4fff-be75-89d1c452c157/WTA-Tournament_Australian-Open.png?height=128,https://www.wtatennis.com/tournaments/901/australian-open/2022,Grand Slam,Hard,https://www.wtatennis.com/resources/v7.42.0/i/elements/gs-tag.svg,2022-01-17,2022-01-30,2022,1,Melbourne,UKR,,AU,AUS,036,009,,Oceania,Australasia,AUS,17.0,240.0,246795.0,128M/128Q/64D,Australian Open,,61,4,15.25,8,2.0,Elina Svitolina,15.0,https://www.wtatennis.com/resources/v7.42.0/i/elements/flags/ukr.svg,R32,W,"6-0, 6-2",https://www.wtatennis.com/players/316738/elina-svitolina,False,False,False,False,False,False,False,2,True,14,12,2,1,UA,UKR,804,150,Europe,Eastern Europe,UKR,"6,0,None|6,2,None",,
3,Australian Open,https://photoresources.wtatennis.com/photo-resources/2026/04/16/6b041ce4-8b08-4fff-be75-89d1c452c157/WTA-Tournament_Australian-Open.png?height=128,https://www.wtatennis.com/tournaments/901/australian-open/2022,Grand Slam,Hard,https://www.wtatennis.com/resources/v7.42.0/i/elements/gs-tag.svg,2022-01-17,2022-01-30,2022,1,Melbourne,SUI,,AU,AUS,036,009,,Oceania,Australasia,AUS,34.0,240.0,246795.0,128M/128Q/64D,Australian Open,,61,4,15.25,8,2.0,Jil Teichmann,,https://www.wtatennis.com/resources/v7.42.0/i/elements/flags/sui.svg,R64,W,"6-1, 6-2",https://www.wtatennis.com/players/320926/jil-teichmann,False,False,False,False,False,False,False,2,True,15,12,3,1,CH,CHE,756,150,Europe,Central Europe,SUI,"6,1,None|6,2,None",,
4,Australian Open,https://photoresources.wtatennis.com/photo-resources/2026/04/16/6b041ce4-8b08-4fff-be75-89d1c452c157/WTA-Tournament_Australian-Open.png?height=128,https://www.wtatennis.com/tournaments/901/australian-open/2022,Grand Slam,Hard,https://www.wtatennis.com/resources/v7.42.0/i/elements/gs-tag.svg,2022-01-17,2022-01-30,2022,1,Melbourne,HUN,,AU,AUS,036,009,,Oceania,Australasia,AUS,95.0,240.0,246795.0,128M/128Q/64D,Australian Open,,61,4,15.25,8,2.0,Panna Udvardy,,https://www.wtatennis.com/resources/v7.42.0/i/elements/flags/hun.svg,R128,W,"6-3, 6-1",https://www.wtatennis.com/players/325956/panna-udvardy,False,False,False,False,False,False,False,2,True,16,12,4,1,HU,HUN,348,150,Europe,Central Europe,HUN,"6,3,None|6,1,None",,
1,Adelaide International 1,,https://www.wtatennis.com/tournaments/2014/adelaide/2022,WTA 500,Hard,https://www.wtatennis.com/resources/v7.42.0/i/elements/500k-tag.svg,2022-01-03,2022-01-09,2022,1,Adelaide,POL,,AU,AUS,036,009,,Oceania,Australasia,AUS,9.0,100.0,18685.0,32M/24Q/16D,Adelaide International 1,,62,3,20.666666666666668,7,2.3333333333333335,Iga Swiatek,5.0,https://www.wtatennis.com/resources/v7.42.0/i/elements/flags/pol.svg,QF,L,"3-6, 6-2, 1-6",https://www.wtatennis.com/players/326408/iga-swiatek,False,False,False,False,False,False,False,3,False,24,10,14,0,PL,POL,616,150,Europe,Central Europe,POL,"3,6,None|6,2,None|1,6,None",,
2,Adelaide International 1,,https://www.wtatennis.com/tournaments/2014/adelaide/2022,WTA 500,Hard,https://www.wtatennis.com/resources/v7.42.0/i/elements/500k-tag.svg,2022-01-03,2022-01-09,2022,1,Adelaide,AUS,,AU,AUS,036,009,,Oceania,Australasia,AUS,263.0,100.0,18685.0,32M/24Q/16D,Adelaide International 1,,62,3,20.666666666666668,7,2.3333333333333335,Priscilla Hon,,https://www.wtatennis.com/resources/v7.42.0/i/elements/flags/aus.svg,R16,W,"6-3, 7-5",https://www.wtatennis.com/players/320543/priscilla-hon,False,False,False,False,False,False,False,2,True,21,13,8,1,AU,AUS,036,009,Oceania,Australasia,AUS,"6,3,None|7,5,None",,
3,Adelaide International 1,,https://www.wtatennis.com/tournaments/2014/adelaide/2022,WTA 500,Hard,https://www.wtatennis.com/resources/v7.42.0/i/elements/500k-tag.svg,2022-01-03,2022-01-09,2022,1,Adelaide,ESP,,AU,AUS,036,009,Kingdom of Spain,Oceania,Australasia,AUS,8.0,100.0,18685.0,32M/24Q/16D,Adelaide International 1,,62,3,20.666666666666668,7,2.3333333333333335,Paula Badosa,4.0,https://www.wtatennis.com/resources/v7.42.0/i/elements/flags/esp.svg,R32,W,"6-3, 6-2",https://www.wtatennis.com/players/320124/paula-badosa,False,False,False,False,False,False,False,2,True,17,12,5,1,ES,ESP,724,150,Europe,Southern Europe,ESP,"6,3,None|6,2,None",,
1,Bnp Paribas Open,https://photoresources.wtatennis.com/photo-resources/2026/04/16/a1736320-dd92-4829-8aa8-846c2edef410/WTA-Tournament_Indian-Wells-2017.png?height=128,https://www.wtatennis.com/tournaments/609/indian-wells/2021,WTA 1000,Hard,https://www.wtatennis.com/resources/v7.42.0/i/elements/1000k-tag.svg,2021-10-06,2021-10-17,2021,10,Indian Wells,ESP,CA,US,USA,840,019,Kingdom of Spain,America,Northern America,USA,27.0,650.0,640000.0,128M/64Q/32D,Bnp Paribas Open,,138,6,23.0,14,2.3333333333333335,Paula Badosa,21.0,https://www.wtatennis.com/resources/v7.42.0/i/elements/flags/esp.svg,F,L,"6-7 (5), 6-2, 6-7 (2)",https://www.wtatennis.com/players/320124/paula-badosa,False,False,False,True,False,True,True,3,False,34,18,16,0,ES,ESP,724,150,Europe,Southern Europe,ESP,"6,7,5|6,2,None|6,7,2",,
2,Bnp Paribas Open,https://photoresources.wtatennis.com/photo-resources/2026/04/16/a1736320-dd92-4829-8aa8-846c2edef410/WTA-Tournament_Indian-Wells-2017.png?height=128,https://www.wtatennis.com/tournaments/609/indian-wells/2021,WTA 1000,Hard,https://www.wtatennis.com/resources/v7.42.0/i/elements/1000k-tag.svg,2021-10-06,2021-10-17,2021,10,Indian Wells,LAT,CA,US,USA,840,019,,America,Northern America,USA,29.0,650.0,640000.0,128M/64Q/32D,Bnp Paribas Open,,138,6,23.0,14,2.3333333333333335,Jelena Ostapenko,24.0,https://www.wtatennis.com/resources/v7.42.0/i/elements/flags/lat.svg,SF,W,"3-6, 6-3, 7-5",https://www.wtatennis.com/players/319939/jelena-ostapenko,False,False,False,False,False,False,False,3,False,30,16,14,1,,,,,,,LAT,"3,6,None|6,3,None|7,5,None",,
3,Bnp Paribas Open,https://photoresources.wtatennis.com/photo-resources/2026/04/16/a1736320-dd92-4829-8aa8-846c2edef410/WTA-Tournament_Indian-Wells-2017.png?height=128,https://www.wtatennis.com/tournaments/609/indian-wells/2021,WTA 1000,Hard,https://www.wtatennis.com/resources/v7.42.0/i/elements/1000k-tag.svg,2021-10-06,2021-10-17,2021,10,Indian Wells,USA,CA,US,USA,840,019,United States of America|America|USA|US,America,Northern America,USA,24.0,650.0,640000.0,128M/64Q/32D,Bnp Paribas Open,,138,6,23.0,14,2.3333333333333335,Jessica Pegula,19.0,https://www.wtatennis.com/resources/v7.42.0/i/elements/flags/usa.svg,QF,W,"6-4, 6-2",https://www.wtatennis.com/players/316956/jessica-pegula,False,False,False,False,False,False,False,2,True,18,12,6,1,US,USA,840,019,America,Northern America,USA,"6,4,None|6,2,None",,
4,Bnp Paribas Open,https://photoresources.wtatennis.com/photo-resources/2026/04/16/a1736320-dd92-4829-8aa8-846c2edef410/WTA-Tournament_Indian-Wells-2017.png?height=128,https://www.wtatennis.com/tournaments/609/indian-wells/2021,WTA 1000,Hard,https://www.wtatennis.com/resources/v7.42.0/i/elements/1000k-tag.svg,2021-10-06,2021-10-17,2021,10,Indian Wells,BLR,CA,US,USA,840,019,,America,Northern America,USA,100.0,650.0,640000.0,128M/64Q/32D,Bnp Paribas Open,,138,6,23.0,14,2.3333333333333335,Aliaksandra Sasnovich,,https://www.wtatennis.com/resources/v7.42.0/i/elements/flags/blr.svg,R16,W,"6-3, 6-4",https://www.wtatennis.com/players/317790/aliaksandra-sasnovich,False,False,False,False,False,False,False,2,True,19,12,7,1,BY,BLR,112,150,Europe,Eastern Europe,BLR,"6,3,None|6,4,None",,
5,Bnp Paribas Open,https://photoresources.wtatennis.com/photo-resources/2026/04/16/a1736320-dd92-4829-8aa8-846c2edef410/WTA-Tournament_Indian-Wells-2017.png?height=128,https://www.wtatennis.com/tournaments/609/indian-wells/2021,WTA 1000,Hard,https://www.wtatennis.com/resources/v7.42.0/i/elements/1000k-tag.svg,2021-10-06,2021-10-17,2021,10,Indian Wells,CZE,CA,US,USA,840,019,,America,Northern America,USA,11.0,650.0,640000.0,128M/64Q/32D,Bnp Paribas Open,,138,6,23.0,14,2.3333333333333335,Petra Kvitova,7.0,https://www.wtatennis.com/resources/v7.42.0/i/elements/flags/cze.svg,R32,W,"7-5, 6-4",https://www.wtatennis.com/players/314206/petra-kvitova,False,False,False,False,False,False,False,2,True,22,13,9,1,CZ,CZE,203,150,Europe,Central Europe,CZE,"7,5,None|6,4,None",,
6,Bnp Paribas Open,https://photoresources.wtatennis.com/photo-resources/2026/04/16/a1736320-dd92-4829-8aa8-846c2edef410/WTA-Tournament_Indian-Wells-2017.png?height=128,https://www.wtatennis.com/tournaments/609/indian-wells/2021,WTA 1000,Hard,https://www.wtatennis.com/resources/v7.42.0/i/elements/1000k-tag.svg,2021-10-06,2021-10-17,2021,10,Indian Wells,POL,CA,US,USA,840,019,,America,Northern America,USA,54.0,650.0,640000.0,128M/64Q/32D,Bnp Paribas Open,,138,6,23.0,14,2.3333333333333335,Magda Linette,,https://www.wtatennis.com/resources/v7.42.0/i/elements/flags/pol.svg,R64,W,"7-5, 3-0",https://www.wtatennis.com/players/315130/magda-linette,True,False,False,False,False,False,False,2,True,15,10,5,1,PL,POL,616,150,Europe,Central Europe,POL,"7,5,None|3,0,None|Ret",,
7,Bnp Paribas Open,https://photoresources.wtatennis.com/photo-resources/2026/04/16/a1736320-dd92-4829-8aa8-846c2edef410/WTA-Tournament_Indian-Wells-2017.png?height=128,https://www.wtatennis.com/tournaments/609/indian-wells/2021,WTA 1000,Hard,https://www.wtatennis.com/resources/v7.42.0/i/elements/1000k-tag.svg,2021-10-06,2021-10-17,2021,10,Indian Wells,,CA,US,USA,840,019,,America,Northern America,USA,,650.0,640000.0,128M/64Q/32D,Bnp Paribas Open,,138,6,23.0,14,2.3333333333333335,,,,R128,,Bye,,False,False,True,False,False,False,False,0,False,0,0,0,0,,,,,,,,,,
1,Chicago Fall Tennis Classic,,https://www.wtatennis.com/tournaments/2048/chicago-500/2021,WTA 500,Hard,https://www.wtatennis.com/resources/v7.42.0/i/elements/500k-tag.svg,2021-09-27,2021-10-03,2021,9,Chicago,ESP,,,,,,Kingdom of Spain,,,"United States, Il",9.0,55.0,6478.0,64M/32Q/32D,Chicago Fall Tennis Classic,,42,2,21.0,5,2.5,Garbiñe Muguruza,2.0,https://www.wtatennis.com/resources/v7.42.0/i/elements/flags/esp.svg,R16,L,Walkover,https://www.wtatennis.com/players/316239/garbi-e-muguruza,False,True,False,False,False,False,False,0,False,0,0,0,0,ES,ESP,724,150,Europe,Southern Europe,ESP,,,
2,Chicago Fall Tennis Classic,,https://www.wtatennis.com/tournaments/2048/chicago-500/2021,WTA 500,Hard,https://www.wtatennis.com/resources/v7.42.0/i/elements/500k-tag.svg,2021-09-27,2021-10-03,2021,9,Chicago,USA,,,,,,United States of America|America|USA|US,,,"United States, Il",174.0,55.0,6478.0,64M/32Q/32D,Chicago Fall Tennis Classic,,42,2,21.0,5,2.5,Hailey Baptiste,,https://www.wtatennis.com/resources/v7.42.0/i/elements/flags/usa.svg,R32,W,"6-2, 4-6, 6-3",https://www.wtatennis.com/players/327101/hailey-baptiste,False,False,False,False,False,False,False,3,True,27,16,11,1,US,USA,840,019,America,Northern America,USA,"6,2,None|4,6,None|6,3,None",,
3,Chicago Fall Tennis Classic,,https://www.wtatennis.com/tournaments/2048/chicago-500/2021,WTA 500,Hard,https://www.wtatennis.com/resources/v7.42.0/i/elements/500k-tag.svg,2021-09-27,2021-10-03,2021,9,Chicago,CHN,,,,,,,,,"United States, Il",49.0,55.0,6478.0,64M/32Q/32D,Chicago Fall Tennis Classic,,42,2,21.0,5,2.5,Shuai Zhang,,https://www.wtatennis.com/resources/v7.42.0/i/elements/flags/chn.svg,R64,W,"6-2, 6-1",https://www.wtatennis.com/players/311779/shuai-zhang,False,False,False,False,False,False,False,2,True,15,12,3,1,CN,CHN,156,142,Asia,East Asia,CHN,"6,2,None|6,1,None",,
1,US Open,https://photoresources.wtatennis.com/photo-resources/2026/04/16/8d0a3d41-7b45-434b-a75b-b7d2eb0922b4/WTA-Tournament_US-Open.png?height=128,https://www.wtatennis.com/tournaments/905/us-open/2021,Grand Slam,Hard,https://www.wtatennis.com/resources/v7.42.0/i/elements/gs-tag.svg,2021-08-30,2021-09-11,2021,8,New York,ESP,NY,US,USA,840,019,Kingdom of Spain,America,Northern America,USA,10.0,130.0,180000.0,128M/128Q/64D,Us Open,,65,3,21.666666666666668,7,2.3333333333333335,Garbiñe Muguruza,9.0,https://www.wtatennis.com/resources/v7.42.0/i/elements/flags/esp.svg,R32,L,"4-6, 6-3, 2-6",https://www.wtatennis.com/players/316239/garbi-e-muguruza,False,False,False,False,False,False,False,3,False,27,12,15,0,ES,ESP,724,150,Europe,Southern Europe,ESP,"4,6,None|6,3,None|2,6,None",,
2,US Open,https://photoresources.wtatennis.com/photo-resources/2026/04/16/8d0a3d41-7b45-434b-a75b-b7d2eb0922b4/WTA-Tournament_US-Open.png?height=128,https://www.wtatennis.com/tournaments/905/us-open/2021,Grand Slam,Hard,https://www.wtatennis.com/resources/v7.42.0/i/elements/gs-tag.svg,2021-08-30,2021-09-11,2021,8,New York,ITA,NY,US,USA,840,019,,America,Northern America,USA,99.0,130.0,180000.0,128M/128Q/64D,Us Open,,65,3,21.666666666666668,7,2.3333333333333335,Jasmine Paolini,,https://www.wtatennis.com/resources/v7.42.0/i/elements/flags/ita.svg,R64,W,"6-3, 7-6 (1)",https://www.wtatennis.com/players/319280/jasmine-paolini,False,False,False,False,True,False,True,2,True,22,13,9,1,IT,ITA,380,150,Europe,Southern Europe,ITA,"6,3,None|7,6,1",,
3,US Open,https://photoresources.wtatennis.com/photo-resources/2026/04/16/8d0a3d41-7b45-434b-a75b-b7d2eb0922b4/WTA-Tournament_US-Open.png?height=128,https://www.wtatennis.com/tournaments/905/us-open/2021,Grand Slam,Hard,https://www.wtatennis.com/resources/v7.42.0/i/elements/gs-tag.svg,2021-08-30,2021-09-11,2021,8,New York,CZE,NY,US,USA,840,019,,America,Northern America,USA,60.0,130.0,180000.0,128M/128Q/64D,Us Open,,65,3,21.666666666666668,7,2.3333333333333335,Tereza Martincova,,https://www.wtatennis.com/resources/v7.42.0/i/elements/flags/cze.svg,R128,W,"6-4, 6-0",https://www.wtatennis.com/players/318060/tereza-martincova,False,False,False,False,False,False,False,2,True,16,12,4,1,CZ,CZE,203,150,Europe,Central Europe,CZE,"6,4,None|6,0,None",,
1,Western & Southern Open,,https://www.wtatennis.com/tournaments/1017/cincinnati/2021,WTA 1000,Hard,https://www.wtatennis.com/resources/v7.42.0/i/elements/1000k-tag.svg,2021-08-16,2021-08-22,2021,8,Cincinnati,AUS,OH,US,USA,840,019,,America,Northern America,USA,1.0,105.0,24200.0,64M/32Q/32D,Western & Southern Open,,51,3,17.0,6,2.0,Ashleigh Barty,1.0,https://www.wtatennis.com/resources/v7.42.0/i/elements/flags/aus.svg,R16,L,"0-6, 2-6",https://www.wtatennis.com/players/318033/ashleigh-barty,False,False,False,False,False,False,False,2,False,14,2,12,0,AU,AUS,036,009,Oceania,Australasia,AUS,"0,6,None|2,6,None",,
2,Western & Southern Open,,https://www.wtatennis.com/tournaments/1017/cincinnati/2021,WTA 1000,Hard,https://www.wtatennis.com/resources/v7.42.0/i/elements/1000k-tag.svg,2021-08-16,2021-08-22,2021,8,Cincinnati,USA,OH,US,USA,840,019,United States of America|America|USA|US,America,Northern America,USA,39.0,105.0,24200.0,64M/32Q/32D,Western & Southern Open,,51,3,17.0,6,2.0,Alison Riske-Amritraj,,https://www.wtatennis.com/resources/v7.42.0/i/elements/flags/usa.svg,R32,W,"6-2, 7-5",https://www.wtatennis.com/players/312850/alison-riske-amritraj,False,False,False,False,False,False,False,2,True,20,13,7,1,US,USA,840,019,America,Northern America,USA,"6,2,None|7,5,None",,
3,Western & Southern Open,,https://www.wtatennis.com/tournaments/1017/cincinnati/2021,WTA 1000,Hard,https://www.wtatennis.com/resources/v7.42.0/i/elements/1000k-tag.svg,2021-08-16,2021-08-22,2021,8,Cincinnati,RUS,OH,US,USA,840,019,,America,Northern America,USA,51.0,105.0,24200.0,64M/32Q/32D,Western & Southern Open,,51,3,17.0,6,2.0,Liudmila Samsonova,,https://www.wtatennis.com/resources/v7.42.0/i/elements/flags/rus.svg,R64,W,"6-2, 6-3",https://www.wtatennis.com/players/322222/liudmila-samsonova,False,False,False,False,False,False,False,2,True,17,12,5,1,RU,RUS,643,150,Europe,Eastern Europe,RUS,"6,2,None|6,3,None",,
1,National Bank Open,,https://www.wtatennis.com/tournaments/806/montreal/2021,WTA 1000,Hard,https://www.wtatennis.com/resources/v7.42.0/i/elements/1000k-tag.svg,2021-08-09,2021-08-15,2021,8,Montreal,BLR,,CA,CAN,124,019,,America,Northern America,CAN,3.0,190.0,41500.0,64M/32Q/32D,National Bank Open,,66,3,22.0,7,2.3333333333333335,Aryna Sabalenka,1.0,https://www.wtatennis.com/resources/v7.42.0/i/elements/flags/blr.svg,QF,L,"2-6, 4-6",https://www.wtatennis.com/players/320760/aryna-sabalenka,False,False,False,False,False,False,False,2,False,18,6,12,0,BY,BLR,112,150,Europe,Eastern Europe,BLR,"2,6,None|4,6,None",,
2,National Bank Open,,https://www.wtatennis.com/tournaments/806/montreal/2021,WTA 1000,Hard,https://www.wtatennis.com/resources/v7.42.0/i/elements/1000k-tag.svg,2021-08-09,2021-08-15,2021,8,Montreal,GRE,,CA,CAN,124,019,,America,Northern America,CAN,18.0,190.0,41500.0,64M/32Q/32D,National Bank Open,,66,3,22.0,7,2.3333333333333335,Maria Sakkari,11.0,https://www.wtatennis.com/resources/v7.42.0/i/elements/flags/gre.svg,R16,W,"6-4, 3-6, 7-6 (2)",https://www.wtatennis.com/players/318312/maria-sakkari,False,False,False,False,False,True,True,3,True,32,16,16,1,GR,GRC,300,150,Europe,Southeastern Europe,GRE,"6,4,None|3,6,None|7,6,2",,
3,National Bank Open,,https://www.wtatennis.com/tournaments/806/montreal/2021,WTA 1000,Hard,https://www.wtatennis.com/resources/v7.42.0/i/elements/1000k-tag.svg,2021-08-09,2021-08-15,2021,8,Montreal,ROU,,CA,CAN,124,019,,America,Northern America,CAN,40.0,190.0,41500.0,64M/32Q/32D,National Bank Open,,66,3,22.0,7,2.3333333333333335,Sorana Cirstea,,https://www.wtatennis.com/resources/v7.42.0/i/elements/flags/rou.svg,R32,W,"6-2, 6-2",https://www.wtatennis.com/players/312469/sorana-cirstea,False,False,False,False,False,False,False,2,True,16,12,4,1,RO,ROU,642,150,Europe,Southeastern Europe,ROU,"6,2,None|6,2,None",,
4,National Bank Open,,https://www.wtatennis.com/tournaments/806/montreal/2021,WTA 1000,Hard,https://www.wtatennis.com/resources/v7.42.0/i/elements/1000k-tag.svg,2021-08-09,2021-08-15,2021,8,Montreal,,,CA,CAN,124,019,,America,Northern America,CAN,,190.0,41500.0,64M/32Q/32D,National Bank Open,,66,3,22.0,7,2.3333333333333335,,,,R64,,Bye,,False,False,True,False,False,False,False,0,False,0,0,0,0,,,,,,,,,,
1,Wimbledon,https://photoresources.wtatennis.com/photo-resources/2026/04/16/d29814e6-6e80-4015-b680-9a7f3cb065c3/WTA-Tournament_Wimbledon.png?height=128,https://www.wtatennis.com/tournaments/904/wimbledon/2021,Grand Slam,Grass,https://www.wtatennis.com/resources/v7.42.0/i/elements/gs-tag.svg,2021-06-28,2021-07-10,2021,6,Wimbledon,ROU,,GB,GBR,826,150,,Europe,Northern Europe,ENG,45.0,70.0,101745.0,128M/128Q/64D,The Championships,,48,2,24.0,5,2.5,Sorana Cirstea,,https://www.wtatennis.com/resources/v7.42.0/i/elements/flags/rou.svg,R64,L,"6-7 (5), 6-3, 4-6",https://www.wtatennis.com/players/312469/sorana-cirstea,False,False,False,True,False,False,True,3,False,32,16,16,0,RO,ROU,642,150,Europe,Southeastern Europe,ROU,"6,7,5|6,3,None|4,6,None",,
2,Wimbledon,https://photoresources.wtatennis.com/photo-resources/2026/04/16/d29814e6-6e80-4015-b680-9a7f3cb065c3/WTA-Tournament_Wimbledon.png?height=128,https://www.wtatennis.com/tournaments/904/wimbledon/2021,Grand Slam,Grass,https://www.wtatennis.com/resources/v7.42.0/i/elements/gs-tag.svg,2021-06-28,2021-07-10,2021,6,Wimbledon,UKR,,GB,GBR,826,150,,Europe,Northern Europe,ENG,157.0,70.0,101745.0,128M/128Q/64D,The Championships,,48,2,24.0,5,2.5,Kateryna Baindl,,https://www.wtatennis.com/resources/v7.42.0/i/elements/flags/ukr.svg,R128,W,"6-1, 6-3",https://www.wtatennis.com/players/316739/kateryna-baindl,False,False,False,False,False,False,False,2,True,16,12,4,1,UA,UKR,804,150,Europe,Eastern Europe,UKR,"6,1,None|6,3,None",,
1,Bad Homburg Open Presented By Engel & Volkers,https://photoresources.wtatennis.com/photo-resources/2026/04/16/4ae17020-01fc-4d27-a041-001034ed25de/WTA-Tournament_BadHomburg-2021.png?height=128,https://www.wtatennis.com/tournaments/2017/bad-homburg/2021,WTA 250,Grass,https://www.wtatennis.com/resources/v7.42.0/i/elements/250k-tag.svg,2021-06-21,2021-06-26,2021,6,Bad Homburg,ESP,,DE,DEU,276,150,Kingdom of Spain,Europe,Central Europe,GER,54.0,60.0,5800.0,32M/8Q/16D,Bad Homburg Open Presented By Engel & Volkers,,50,2,25.0,5,2.5,Sara Sorribes Tormo,7.0,https://www.wtatennis.com/resources/v7.42.0/i/elements/flags/esp.svg,QF,L,Walkover,https://www.wtatennis.com/players/318872/sara-sorribes-tormo,False,True,False,False,False,False,False,0,False,0,0,0,0,ES,ESP,724,150,Europe,Southern Europe,ESP,,W,True
2,Bad Homburg Open Presented By Engel & Volkers,https://photoresources.wtatennis.com/photo-resources/2026/04/16/4ae17020-01fc-4d27-a041-001034ed25de/WTA-Tournament_BadHomburg-2021.png?height=128,https://www.wtatennis.com/tournaments/2017/bad-homburg/2021,WTA 250,Grass,https://www.wtatennis.com/resources/v7.42.0/i/elements/250k-tag.svg,2021-06-21,2021-06-26,2021,6,Bad Homburg,FRA,,DE,DEU,276,150,,Europe,Central Europe,GER,56.0,60.0,5800.0,32M/8Q/16D,Bad Homburg Open Presented By Engel & Volkers,,50,2,25.0,5,2.5,Alizé Cornet,,https://www.wtatennis.com/resources/v7.42.0/i/elements/flags/fra.svg,R16,W,"6-4, 3-6, 7-6 (7)",https://www.wtatennis.com/players/312121/aliz-cornet,False,False,False,False,False,True,True,3,True,32,16,16,1,FR,FRA,250,150,Europe,Western Europe,FRA,"6,4,None|3,6,None|7,6,7",W,True
3,Bad Homburg Open Presented By Engel & Volkers,https://photoresources.wtatennis.com/photo-resources/2026/04/16/4ae17020-01fc-4d27-a041-001034ed25de/WTA-Tournament_BadHomburg-2021.png?height=128,https://www.wtatennis.com/tournaments/2017/bad-homburg/2021,WTA 250,Grass,https://www.wtatennis.com/resources/v7.42.0/i/elements/250k-tag.svg,2021-06-21,2021-06-26,2021,6,Bad Homburg,BLR,,DE,DEU,276,150,,Europe,Central Europe,GER,271.0,60.0,5800.0,32M/8Q/16D,Bad Homburg Open Presented By Engel & Volkers,,50,2,25.0,5,2.5,Yuliya Hatouka,,https://www.wtatennis.com/resources/v7.42.0/i/elements/flags/blr.svg,R32,W,"7-5, 6-0",https://www.wtatennis.com/players/324782/yuliya-hatouka,False,False,False,False,False,False,False,2,True,18,13,5,1,BY,BLR,112,150,Europe,Eastern Europe,BLR,"7,5,None|6,0,None",W,True
1,Berlin Open,,https://www.wtatennis.com/tournaments/2012/berlin/2021,WTA 500,Grass,https://www.wtatennis.com/resources/v7.42.0/i/elements/500k-tag.svg,2021-06-14,2021-06-20,2021,6,Berlin,RUS,,DE,DEU,276,150,,Europe,Central Europe,GER,106.0,185.0,32400.0,32M/32Q/16D,Bett1Open,,92,4,23.0,9,2.25,Liudmila Samsonova,,https://www.wtatennis.com/resources/v7.42.0/i/elements/flags/rus.svg,SF,L,"4-6, 2-6",https://www.wtatennis.com/players/322222/liudmila-samsonova,False,False,False,False,False,False,False,2,False,18,6,12,0,RU,RUS,643,150,Europe,Eastern Europe,RUS,"4,6,None|2,6,None",,
2,Berlin Open,,https://www.wtatennis.com/tournaments/2012/berlin/2021,WTA 500,Grass,https://www.wtatennis.com/resources/v7.42.0/i/elements/500k-tag.svg,2021-06-14,2021-06-20,2021,6,Berlin,USA,,DE,DEU,276,150,United States of America|America|USA|US,Europe,Central Europe,GER,26.0,185.0,32400.0,32M/32Q/16D,Bett1Open,,92,4,23.0,9,2.25,Jessica Pegula,,https://www.wtatennis.com/resources/v7.42.0/i/elements/flags/usa.svg,QF,W,"6-2, 5-7, 6-4",https://www.wtatennis.com/players/316956/jessica-pegula,False,False,False,False,False,False,False,3,True,30,17,13,1,US,USA,840,019,America,Northern America,USA,"6,2,None|5,7,None|6,4,None",,
3,Berlin Open,,https://www.wtatennis.com/tournaments/2012/berlin/2021,WTA 500,Grass,https://www.wtatennis.com/resources/v7.42.0/i/elements/500k-tag.svg,2021-06-14,2021-06-20,2021,6,Berlin,GER,,DE,DEU,276,150,,Europe,Central Europe,GER,27.0,185.0,32400.0,32M/32Q/16D,Bett1Open,,92,4,23.0,9,2.25,Angelique Kerber,,https://www.wtatennis.com/resources/v7.42.0/i/elements/flags/ger.svg,R16,W,"6-3, 7-5",https://www.wtatennis.com/players/311470/angelique-kerber,False,False,False,False,False,False,False,2,True,21,13,8,1,DE,DEU,276,150,Europe,Central Europe,GER,"6,3,None|7,5,None",,
4,Berlin Open,,https://www.wtatennis.com/tournaments/2012/berlin/2021,WTA 500,Grass,https://www.wtatennis.com/resources/v7.42.0/i/elements/500k-tag.svg,2021-06-14,2021-06-20,2021,6,Berlin,GER,,DE,DEU,276,150,,Europe,Central Europe,GER,129.0,185.0,32400.0,32M/32Q/16D,Bett1Open,,92,4,23.0,9,2.25,Andrea Petkovic,,https://www.wtatennis.com/resources/v7.42.0/i/elements/flags/ger.svg,R32,W,"6-4, 7-6 (2)",https://www.wtatennis.com/players/310770/andrea-petkovic,False,False,False,False,True,False,True,2,True,23,13,10,1,DE,DEU,276,150,Europe,Central Europe,GER,"6,4,None|7,6,2",,
1,Roland Garros,,https://www.wtatennis.com/tournaments/903/roland-garros/2021,Grand Slam,Clay,https://www.wtatennis.com/resources/v7.42.0/i/elements/gs-tag.svg,2021-05-30,2021-06-12,2021,5,Paris,RUS,,FR,FRA,250,150,,Europe,Western Europe,FRA,32.0,240.0,200608.0,128M/128Q/64D,Roland Garros,,94,4,23.5,10,2.5,Anastasia Pavlyuchenkova,31.0,https://www.wtatennis.com/resources/v7.42.0/i/elements/flags/rus.svg,R16,L,"7-5, 3-6, 2-6",https://www.wtatennis.com/players/313796/anastasia-pavlyuchenkova,False,False,False,False,False,False,False,3,True,29,12,17,0,RU,RUS,643,150,Europe,Eastern Europe,RUS,"7,5,None|3,6,None|2,6,None",,
2,Roland Garros,,https://www.wtatennis.com/tournaments/903/roland-garros/2021,Grand Slam,Clay,https://www.wtatennis.com/resources/v7.42.0/i/elements/gs-tag.svg,2021-05-30,2021-06-12,2021,5,Paris,USA,,FR,FRA,250,150,United States of America|America|USA|US,Europe,Western Europe,FRA,24.0,240.0,200608.0,128M/128Q/64D,Roland Garros,,94,4,23.5,10,2.5,Madison Keys,23.0,https://www.wtatennis.com/resources/v7.42.0/i/elements/flags/usa.svg,R32,W,"6-2, 6-2",https://www.wtatennis.com/players/316959/madison-keys,False,False,False,False,False,False,False,2,True,16,12,4,1,US,USA,840,019,America,Northern America,USA,"6,2,None|6,2,None",,
3,Roland Garros,,https://www.wtatennis.com/tournaments/903/roland-garros/2021,Grand Slam,Clay,https://www.wtatennis.com/resources/v7.42.0/i/elements/gs-tag.svg,2021-05-30,2021-06-12,2021,5,Paris,DEN,,FR,FRA,250,150,,Europe,Western Europe,FRA,90.0,240.0,200608.0,128M/128Q/64D,Roland Garros,,94,4,23.5,10,2.5,Clara Tauson,,https://www.wtatennis.com/resources/v7.42.0/i/elements/flags/den.svg,R64,W,"7-5, 6-4",https://www.wtatennis.com/players/327793/clara-tauson,False,False,False,False,False,False,False,2,True,22,13,9,1,DK,DNK,208,150,Europe,Northern Europe,DEN,"7,5,None|6,4,None",,
4,Roland Garros,,https://www.wtatennis.com/tournaments/903/roland-garros/2021,Grand Slam,Clay,https://www.wtatennis.com/resources/v7.42.0/i/elements/gs-tag.svg,2021-05-30,2021-06-12,2021,5,Paris,RUS,,FR,FRA,250,150,,Europe,Western Europe,FRA,40.0,240.0,200608.0,128M/128Q/64D,Roland Garros,,94,4,23.5,10,2.5,Svetlana Kuznetsova,,https://www.wtatennis.com/resources/v7.42.0/i/elements/flags/rus.svg,R128,W,"6-4, 2-6, 6-3",https://www.wtatennis.com/players/110552/svetlana-kuznetsova,False,False,False,False,False,False,False,3,True,27,14,13,1,RU,RUS,643,150,Europe,Eastern Europe,RUS,"6,4,None|2,6,None|6,3,None",,
1,Mutua Madrid Open,,https://www.wtatennis.com/tournaments/1038/madrid/2021,WTA 1000,Clay,https://www.wtatennis.com/resources/v7.42.0/i/elements/1000k-tag.svg,2021-04-29,2021-05-08,2021,4,Madrid,USA,,ES,ESP,724,150,United States of America|America|USA|US,Europe,Southern Europe,ESP,33.0,65.0,24800.0,64M/64Q/32D,Mutua Madrid Open,,28,1,28.0,3,3.0,Jessica Pegula,,https://www.wtatennis.com/resources/v7.42.0/i/elements/flags/usa.svg,R32,L,Walkover,https://www.wtatennis.com/players/316956/jessica-pegula,False,True,False,False,False,False,False,0,False,0,0,0,0,US,USA,840,019,America,Northern America,USA,,,
2,Mutua Madrid Open,,https://www.wtatennis.com/tournaments/1038/madrid/2021,WTA 1000,Clay,https://www.wtatennis.com/resources/v7.42.0/i/elements/1000k-tag.svg,2021-04-29,2021-05-08,2021,4,Madrid,RUS,,ES,ESP,724,150,,Europe,Southern Europe,ESP,32.0,65.0,24800.0,64M/64Q/32D,Mutua Madrid Open,,28,1,28.0,3,3.0,Ekaterina Alexandrova,,https://www.wtatennis.com/resources/v7.42.0/i/elements/flags/rus.svg,R64,W,"7-5, 3-6, 6-1",https://www.wtatennis.com/players/319007/ekaterina-alexandrova,False,False,False,False,False,False,False,3,True,28,16,12,1,RU,RUS,643,150,Europe,Eastern Europe,RUS,"7,5,None|3,6,None|6,1,None",,
1,Miami Open,https://photoresources.wtatennis.com/photo-resources/2026/04/16/e0f2d5a2-cc05-4b2a-8377-f57edf6eaaa2/WTA-Tournament_Miami-2024.png?height=128,https://www.wtatennis.com/tournaments/902/miami/2021,WTA 1000,Hard,https://www.wtatennis.com/resources/v7.42.0/i/elements/1000k-tag.svg,2021-03-23,2021-04-03,2021,3,Miami,AUS,FL,US,USA,840,019,,America,Northern America,USA,1.0,120.0,40000.0,128M/64Q/32D,Miami Open Presented By Itaú,,42,2,21.0,5,2.5,Ashleigh Barty,1.0,https://www.wtatennis.com/resources/v7.42.0/i/elements/flags/aus.svg,R16,L,"1-6, 6-1, 2-6",https://www.wtatennis.com/players/318033/ashleigh-barty,False,False,False,False,False,False,False,3,False,22,9,13,0,AU,AUS,036,009,Oceania,Australasia,AUS,"1,6,None|6,1,None|2,6,None",,
2,Miami Open,https://photoresources.wtatennis.com/photo-resources/2026/04/16/e0f2d5a2-cc05-4b2a-8377-f57edf6eaaa2/WTA-Tournament_Miami-2024.png?height=128,https://www.wtatennis.com/tournaments/902/miami/2021,WTA 1000,Hard,https://www.wtatennis.com/resources/v7.42.0/i/elements/1000k-tag.svg,2021-03-23,2021-04-03,2021,3,Miami,GER,FL,US,USA,840,019,,America,Northern America,USA,26.0,120.0,40000.0,128M/64Q/32D,Miami Open Presented By Itaú,,42,2,21.0,5,2.5,Angelique Kerber,24.0,https://www.wtatennis.com/resources/v7.42.0/i/elements/flags/ger.svg,R32,W,"7-5, 6-2",https://www.wtatennis.com/players/311470/angelique-kerber,False,False,False,False,False,False,False,2,True,20,13,7,1,DE,DEU,276,150,Europe,Central Europe,GER,"7,5,None|6,2,None",,
3,Miami Open,https://photoresources.wtatennis.com/photo-resources/2026/04/16/e0f2d5a2-cc05-4b2a-8377-f57edf6eaaa2/WTA-Tournament_Miami-2024.png?height=128,https://www.wtatennis.com/tournaments/902/miami/2021,WTA 1000,Hard,https://www.wtatennis.com/resources/v7.42.0/i/elements/1000k-tag.svg,2021-03-23,2021-04-03,2021,3,Miami,GER,FL,US,USA,840,019,,America,Northern America,USA,59.0,120.0,40000.0,128M/64Q/32D,Miami Open Presented By Itaú,,42,2,21.0,5,2.5,Laura Siegemund,,https://www.wtatennis.com/resources/v7.42.0/i/elements/flags/ger.svg,R64,W,Walkover,https://www.wtatennis.com/players/310926/laura-siegemund,False,True,False,False,False,False,False,0,False,0,0,0,0,DE,DEU,276,150,Europe,Central Europe,GER,,,
4,Miami Open,https://photoresources.wtatennis.com/photo-resources/2026/04/16/e0f2d5a2-cc05-4b2a-8377-f57edf6eaaa2/WTA-Tournament_Miami-2024.png?height=128,https://www.wtatennis.com/tournaments/902/miami/2021,WTA 1000,Hard,https://www.wtatennis.com/resources/v7.42.0/i/elements/1000k-tag.svg,2021-03-23,2021-04-03,2021,3,Miami,,FL,US,USA,840,019,,America,Northern America,USA,,120.0,40000.0,128M/64Q/32D,Miami Open Presented By Itaú,,42,2,21.0,5,2.5,,,,R128,,Bye,,False,False,True,False,False,False,False,0,False,0,0,0,0,,,,,,,,,,
1,Qatar Total Open,https://photoresources.wtatennis.com/photo-resources/2025/04/16/74cb07bc-dc84-43f7-9acc-95e51d3748c9/WTA-Tournament_Doha-2025.png?height=128,https://www.wtatennis.com/tournaments/1003/doha/2021,WTA 500,Hard,https://www.wtatennis.com/resources/v7.42.0/i/elements/500k-tag.svg,2021-03-01,2021-03-06,2021,3,Doha,ESP,,QA,QAT,634,142,Kingdom of Spain,Asia,Western Asia,QAT,16.0,185.0,32400.0,32M/32Q/16D,Qatar Total Open 2021,,53,3,17.666666666666668,6,2.0,Garbiñe Muguruza,,https://www.wtatennis.com/resources/v7.42.0/i/elements/flags/esp.svg,SF,L,Walkover,https://www.wtatennis.com/players/316239/garbi-e-muguruza,False,True,False,False,False,False,False,0,False,0,0,0,0,ES,ESP,724,150,Europe,Southern Europe,ESP,,W,True
2,Qatar Total Open,https://photoresources.wtatennis.com/photo-resources/2025/04/16/74cb07bc-dc84-43f7-9acc-95e51d3748c9/WTA-Tournament_Doha-2025.png?height=128,https://www.wtatennis.com/tournaments/1003/doha/2021,WTA 500,Hard,https://www.wtatennis.com/resources/v7.42.0/i/elements/500k-tag.svg,2021-03-01,2021-03-06,2021,3,Doha,UKR,,QA,QAT,634,142,,Asia,Western Asia,QAT,5.0,185.0,32400.0,32M/32Q/16D,Qatar Total Open 2021,,53,3,17.666666666666668,6,2.0,Elina Svitolina,1.0,https://www.wtatennis.com/resources/v7.42.0/i/elements/flags/ukr.svg,QF,W,"6-2, 6-4",https://www.wtatennis.com/players/316738/elina-svitolina,False,False,False,False,False,False,False,2,True,18,12,6,1,UA,UKR,804,150,Europe,Eastern Europe,UKR,"6,2,None|6,4,None",W,True
3,Qatar Total Open,https://photoresources.wtatennis.com/photo-resources/2025/04/16/74cb07bc-dc84-43f7-9acc-95e51d3748c9/WTA-Tournament_Doha-2025.png?height=128,https://www.wtatennis.com/tournaments/1003/doha/2021,WTA 500,Hard,https://www.wtatennis.com/resources/v7.42.0/i/elements/500k-tag.svg,2021-03-01,2021-03-06,2021,3,Doha,GER,,QA,QAT,634,142,,Asia,Western Asia,QAT,56.0,185.0,32400.0,32M/32Q/16D,Qatar Total Open 2021,,53,3,17.666666666666668,6,2.0,Laura Siegemund,,https://www.wtatennis.com/resources/v7.42.0/i/elements/flags/ger.svg,R16,W,"6-4, 6-2",https://www.wtatennis.com/players/310926/laura-siegemund,False,False,False,False,False,False,False,2,True,18,12,6,1,DE,DEU,276,150,Europe,Central Europe,GER,"6,4,None|6,2,None",W,True
4,Qatar Total Open,https://photoresources.wtatennis.com/photo-resources/2025/04/16/74cb07bc-dc84-43f7-9acc-95e51d3748c9/WTA-Tournament_Doha-2025.png?height=128,https://www.wtatennis.com/tournaments/1003/doha/2021,WTA 500,Hard,https://www.wtatennis.com/resources/v7.42.0/i/elements/500k-tag.svg,2021-03-01,2021-03-06,2021,3,Doha,RUS,,QA,QAT,634,142,,Asia,Western Asia,QAT,39.0,185.0,32400.0,32M/32Q/16D,Qatar Total Open 2021,,53,3,17.666666666666668,6,2.0,Svetlana Kuznetsova,,https://www.wtatennis.com/resources/v7.42.0/i/elements/flags/rus.svg,R32,W,"6-2, 6-3",https://www.wtatennis.com/players/110552/svetlana-kuznetsova,False,False,False,False,False,False,False,2,True,17,12,5,1,RU,RUS,643,150,Europe,Eastern Europe,RUS,"6,2,None|6,3,None",W,True
1,Australian Open,https://photoresources.wtatennis.com/photo-resources/2026/04/16/6b041ce4-8b08-4fff-be75-89d1c452c157/WTA-Tournament_Australian-Open.png?height=128,https://www.wtatennis.com/tournaments/901/australian-open/2021,Grand Slam,Hard,https://www.wtatennis.com/resources/v7.42.0/i/elements/gs-tag.svg,2021-02-08,2021-02-20,2021,2,Melbourne,USA,,AU,AUS,036,009,United States of America|America|USA|US,Oceania,Australasia,AUS,61.0,10.0,68552.0,128M/128Q/64D,Australian Open,,22,1,22.0,2,2.0,Jessica Pegula,,https://www.wtatennis.com/resources/v7.42.0/i/elements/flags/usa.svg,R128,L,"5-7, 4-6",https://www.wtatennis.com/players/316956/jessica-pegula,False,False,False,False,False,False,False,2,False,22,9,13,0,US,USA,840,019,America,Northern America,USA,"5,7,None|4,6,None",,
1,Grampians Trophy,,https://www.wtatennis.com/tournaments/2032/melbourne-500-grampians-trophy/2021,WTA 500,Hard,https://www.wtatennis.com/resources/v7.42.0/i/elements/500k-tag.svg,2021-02-03,2021-02-07,2021,2,Melbourne,EST,,AU,AUS,036,009,,Oceania,Australasia,AUS,23.0,100.0,8770.0,32M/0Q/0D,Grampians Trophy,,37,1,37.0,3,3.0,Anett Kontaveit,6.0,https://www.wtatennis.com/resources/v7.42.0/i/elements/flags/est.svg,QF,L,Walkover,https://www.wtatennis.com/players/318425/anett-kontaveit,False,True,False,False,False,False,False,0,False,0,0,0,0,EE,EST,233,150,Europe,Northern Europe,EST,,,
2,Grampians Trophy,,https://www.wtatennis.com/tournaments/2032/melbourne-500-grampians-trophy/2021,WTA 500,Hard,https://www.wtatennis.com/resources/v7.42.0/i/elements/500k-tag.svg,2021-02-03,2021-02-07,2021,2,Melbourne,KAZ,,AU,AUS,036,009,,Oceania,Australasia,AUS,28.0,100.0,8770.0,32M/0Q/0D,Grampians Trophy,,37,1,37.0,3,3.0,Yulia Putintseva,,https://www.wtatennis.com/resources/v7.42.0/i/elements/flags/kaz.svg,R16,W,"6-4, 1-6, 11-9",https://www.wtatennis.com/players/317683/yulia-putintseva,False,False,False,False,False,False,False,3,True,37,18,19,1,KZ,KAZ,398,142,Asia,Central Asia,KAZ,"6,4,None|1,6,None|11,9,None",,
3,Grampians Trophy,,https://www.wtatennis.com/tournaments/2032/melbourne-500-grampians-trophy/2021,WTA 500,Hard,https://www.wtatennis.com/resources/v7.42.0/i/elements/500k-tag.svg,2021-02-03,2021-02-07,2021,2,Melbourne,,,AU,AUS,036,009,,Oceania,Australasia,AUS,,100.0,8770.0,32M/0Q/0D,Grampians Trophy,,37,1,37.0,3,3.0,,,,R32,,Bye,,False,False,True,False,False,False,False,0,False,0,0,0,0,,,,,,,,,,
1,J & T Banka Ostrava Open 2020,,https://www.wtatennis.com/tournaments/2025/ostrava/2020,Premier,Hard,https://www.wtatennis.com/resources/v7.42.0/i/elements/500k-tag.svg,2020-10-19,2020-10-25,2020,10,Ostrava,BLR,,CZ,CZE,203,150,,Europe,Central Europe,CZE,12.0,305.0,30000.0,32M/32Q/16D,J & T Banka Ostrava Open 2020,,72,4,18.0,9,2.25,Aryna Sabalenka,3.0,https://www.wtatennis.com/resources/v7.42.0/i/elements/flags/blr.svg,F,L,"2-6, 2-6",https://www.wtatennis.com/players/320760/aryna-sabalenka,False,False,False,False,False,False,False,2,False,16,4,12,0,BY,BLR,112,150,Europe,Eastern Europe,BLR,"2,6,None|2,6,None",,
2,J & T Banka Ostrava Open 2020,,https://www.wtatennis.com/tournaments/2025/ostrava/2020,Premier,Hard,https://www.wtatennis.com/resources/v7.42.0/i/elements/500k-tag.svg,2020-10-19,2020-10-25,2020,10,Ostrava,GRE,,CZ,CZE,203,150,,Europe,Central Europe,CZE,23.0,305.0,30000.0,32M/32Q/16D,J & T Banka Ostrava Open 2020,,72,4,18.0,9,2.25,Maria Sakkari,,https://www.wtatennis.com/resources/v7.42.0/i/elements/flags/gre.svg,SF,W,"6-1, 6-3",https://www.wtatennis.com/players/318312/maria-sakkari,False,False,False,False,False,False,False,2,True,16,12,4,1,GR,GRC,300,150,Europe,Southeastern Europe,GRE,"6,1,None|6,3,None",,
3,J & T Banka Ostrava Open 2020,,https://www.wtatennis.com/tournaments/2025/ostrava/2020,Premier,Hard,https://www.wtatennis.com/resources/v7.42.0/i/elements/500k-tag.svg,2020-10-19,2020-10-25,2020,10,Ostrava,BEL,,CZ,CZE,203,150,,Europe,Central Europe,CZE,21.0,305.0,30000.0,32M/32Q/16D,J & T Banka Ostrava Open 2020,,72,4,18.0,9,2.25,Elise Mertens,7.0,https://www.wtatennis.com/resources/v7.42.0/i/elements/flags/bel.svg,QF,W,"6-4, 6-1",https://www.wtatennis.com/players/317964/elise-mertens,False,False,False,False,False,False,False,2,True,17,12,5,1,BE,BEL,056,150,Europe,Western Europe,BEL,"6,4,None|6,1,None",,
4,J & T Banka Ostrava Open 2020,,https://www.wtatennis.com/tournaments/2025/ostrava/2020,Premier,Hard,https://www.wtatennis.com/resources/v7.42.0/i/elements/500k-tag.svg,2020-10-19,2020-10-25,2020,10,Ostrava,CZE,,CZ,CZE,203,150,,Europe,Central Europe,CZE,85.0,305.0,30000.0,32M/32Q/16D,J & T Banka Ostrava Open 2020,,72,4,18.0,9,2.25,Barbora Krejcikova,,https://www.wtatennis.com/resources/v7.42.0/i/elements/flags/cze.svg,R16,W,"2-6, 6-2, 6-1",https://www.wtatennis.com/players/318314/barbora-krejcikova,False,False,False,False,False,False,False,3,False,23,14,9,1,CZ,CZE,203,150,Europe,Central Europe,CZE,"2,6,None|6,2,None|6,1,None",,
5,J & T Banka Ostrava Open 2020,,https://www.wtatennis.com/tournaments/2025/ostrava/2020,Premier,Hard,https://www.wtatennis.com/resources/v7.42.0/i/elements/500k-tag.svg,2020-10-19,2020-10-25,2020,10,Ostrava,,,CZ,CZE,203,150,,Europe,Central Europe,CZE,,305.0,30000.0,32M/32Q/16D,J & T Banka Ostrava Open 2020,,72,4,18.0,9,2.25,,,,R32,,Bye,,False,False,True,False,False,False,False,0,False,0,0,0,0,,,,,,,,,,
1,Roland Garros,,https://www.wtatennis.com/tournaments/903/roland-garros/2020,Grand Slam,Clay,https://www.wtatennis.com/resources/v7.42.0/i/elements/gs-tag.svg,2020-09-27,2020-10-10,2020,9,Paris,SVK,,FR,FRA,250,150,,Europe,Western Europe,FRA,161.0,70.0,92845.0,128M/128Q/64D,Roland Garros,,31,2,15.5,4,2.0,Anna Karolina Schmiedlova,,https://www.wtatennis.com/resources/v7.42.0/i/elements/flags/svk.svg,R64,L,"2-6, 2-6",https://www.wtatennis.com/players/318203/anna-karolina-schmiedlova,False,False,False,False,False,False,False,2,False,16,4,12,0,SK,SVK,703,150,Europe,Central Europe,SVK,"2,6,None|2,6,None",,
2,Roland Garros,,https://www.wtatennis.com/tournaments/903/roland-garros/2020,Grand Slam,Clay,https://www.wtatennis.com/resources/v7.42.0/i/elements/gs-tag.svg,2020-09-27,2020-10-10,2020,9,Paris,MNE,,FR,FRA,250,150,,Europe,Western Europe,FRA,74.0,70.0,92845.0,128M/128Q/64D,Roland Garros,,31,2,15.5,4,2.0,Danka Kovinic,,https://www.wtatennis.com/resources/v7.42.0/i/elements/flags/mne.svg,R128,W,"6-1, 6-2",https://www.wtatennis.com/players/317684/danka-kovinic,False,False,False,False,False,False,False,2,True,15,12,3,1,ME,MNE,499,150,Europe,Southeastern Europe,MNE,"6,1,None|6,2,None",,
1,Internazionali Bnl D'Italia,,https://www.wtatennis.com/tournaments/709/rome/2020,Premier 5,Clay,https://www.wtatennis.com/resources/v7.42.0/i/elements/1000k-tag.svg,2020-09-14,2020-09-21,2020,9,Rome,ESP,,IT,ITA,380,150,Kingdom of Spain,Europe,Southern Europe,ITA,17.0,190.0,47008.0,64M/32Q/32D,Internazionali Bnl D'Italia,,73,4,18.25,8,2.0,Garbiñe Muguruza,9.0,https://www.wtatennis.com/resources/v7.42.0/i/elements/flags/esp.svg,QF,L,"6-3, 3-6, 4-6",https://www.wtatennis.com/players/316239/garbi-e-muguruza,False,False,False,False,False,False,False,3,True,28,13,15,0,ES,ESP,724,150,Europe,Southern Europe,ESP,"6,3,None|3,6,None|4,6,None",S,False
2,Internazionali Bnl D'Italia,,https://www.wtatennis.com/tournaments/709/rome/2020,Premier 5,Clay,https://www.wtatennis.com/resources/v7.42.0/i/elements/1000k-tag.svg,2020-09-14,2020-09-21,2020,9,Rome,AUS,,IT,ITA,380,150,,Europe,Southern Europe,ITA,74.0,190.0,47008.0,64M/32Q/32D,Internazionali Bnl D'Italia,,73,4,18.25,8,2.0,Daria Kasatkina,,https://www.wtatennis.com/resources/v7.42.0/i/elements/flags/aus.svg,R16,W,6-6,https://www.wtatennis.com/players/322082/daria-kasatkina,True,False,False,False,False,False,False,1,True,12,6,6,1,AU,AUS,036,009,Oceania,Australasia,AUS,"6,6,None|Ret",S,False
3,Internazionali Bnl D'Italia,,https://www.wtatennis.com/tournaments/709/rome/2020,Premier 5,Clay,https://www.wtatennis.com/resources/v7.42.0/i/elements/1000k-tag.svg,2020-09-14,2020-09-21,2020,9,Rome,USA,,IT,ITA,380,150,United States of America|America|USA|US,Europe,Southern Europe,ITA,5.0,190.0,47008.0,64M/32Q/32D,Internazionali Bnl D'Italia,,73,4,18.25,8,2.0,Sofia Kenin,3.0,https://www.wtatennis.com/resources/v7.42.0/i/elements/flags/usa.svg,R32,W,"6-0, 6-0",https://www.wtatennis.com/players/320942/sofia-kenin,False,False,False,False,False,False,False,2,True,12,12,0,1,US,USA,840,019,America,Northern America,USA,"6,0,None|6,0,None",S,False
4,Internazionali Bnl D'Italia,,https://www.wtatennis.com/tournaments/709/rome/2020,Premier 5,Clay,https://www.wtatennis.com/resources/v7.42.0/i/elements/1000k-tag.svg,2020-09-14,2020-09-21,2020,9,Rome,USA,,IT,ITA,380,150,United States of America|America|USA|US,Europe,Southern Europe,ITA,70.0,190.0,47008.0,64M/32Q/32D,Internazionali Bnl D'Italia,,73,4,18.25,8,2.0,Venus Williams,,https://www.wtatennis.com/resources/v7.42.0/i/elements/flags/usa.svg,R64,W,"7-6 (7), 6-2",https://www.wtatennis.com/players/230220/venus-williams,False,False,False,True,False,False,True,2,True,21,13,8,1,US,USA,840,019,America,Northern America,USA,"7,6,7|6,2,None",S,False
1,US Open,https://photoresources.wtatennis.com/photo-resources/2026/04/16/8d0a3d41-7b45-434b-a75b-b7d2eb0922b4/WTA-Tournament_US-Open.png?height=128,https://www.wtatennis.com/tournaments/905/us-open/2020,Grand Slam,Hard,https://www.wtatennis.com/resources/v7.42.0/i/elements/gs-tag.svg,2020-08-31,2020-09-13,2020,8,New York,JPN,NY,US,USA,840,019,,America,Northern America,USA,9.0,1300.0,1500000.0,128M/0Q/32D,Us Open,,141,7,20.142857142857142,17,2.4285714285714284,Naomi Osaka,4.0,https://www.wtatennis.com/resources/v7.42.0/i/elements/flags/jpn.svg,F,L,"6-1, 3-6, 3-6",https://www.wtatennis.com/players/319998/naomi-osaka,False,False,False,False,False,False,False,3,True,25,12,13,0,JP,JPN,392,142,Asia,East Asia,JPN,"6,1,None|3,6,None|3,6,None",,
2,US Open,https://photoresources.wtatennis.com/photo-resources/2026/04/16/8d0a3d41-7b45-434b-a75b-b7d2eb0922b4/WTA-Tournament_US-Open.png?height=128,https://www.wtatennis.com/tournaments/905/us-open/2020,Grand Slam,Hard,https://www.wtatennis.com/resources/v7.42.0/i/elements/gs-tag.svg,2020-08-31,2020-09-13,2020,8,New York,USA,NY,US,USA,840,019,United States of America|America|USA|US,America,Northern America,USA,8.0,1300.0,1500000.0,128M/0Q/32D,Us Open,,141,7,20.142857142857142,17,2.4285714285714284,Serena Williams,3.0,https://www.wtatennis.com/resources/v7.42.0/i/elements/flags/usa.svg,SF,W,"1-6, 6-3, 6-3",https://www.wtatennis.com/players/230234/serena-williams,False,False,False,False,False,False,False,3,False,25,13,12,1,US,USA,840,019,America,Northern America,USA,"1,6,None|6,3,None|6,3,None",,
3,US Open,https://photoresources.wtatennis.com/photo-resources/2026/04/16/8d0a3d41-7b45-434b-a75b-b7d2eb0922b4/WTA-Tournament_US-Open.png?height=128,https://www.wtatennis.com/tournaments/905/us-open/2020,Grand Slam,Hard,https://www.wtatennis.com/resources/v7.42.0/i/elements/gs-tag.svg,2020-08-31,2020-09-13,2020,8,New York,BEL,NY,US,USA,840,019,,America,Northern America,USA,18.0,1300.0,1500000.0,128M/0Q/32D,Us Open,,141,7,20.142857142857142,17,2.4285714285714284,Elise Mertens,16.0,https://www.wtatennis.com/resources/v7.42.0/i/elements/flags/bel.svg,QF,W,"6-1, 6-0",https://www.wtatennis.com/players/317964/elise-mertens,False,False,False,False,False,False,False,2,True,13,12,1,1,BE,BEL,056,150,Europe,Western Europe,BEL,"6,1,None|6,0,None",,
4,US Open,https://photoresources.wtatennis.com/photo-resources/2026/04/16/8d0a3d41-7b45-434b-a75b-b7d2eb0922b4/WTA-Tournament_US-Open.png?height=128,https://www.wtatennis.com/tournaments/905/us-open/2020,Grand Slam,Hard,https://www.wtatennis.com/resources/v7.42.0/i/elements/gs-tag.svg,2020-08-31,2020-09-13,2020,8,New York,CZE,NY,US,USA,840,019,,America,Northern America,USA,26.0,1300.0,1500000.0,128M/0Q/32D,Us Open,,141,7,20.142857142857142,17,2.4285714285714284,Karolina Muchova,20.0,https://www.wtatennis.com/resources/v7.42.0/i/elements/flags/cze.svg,R16,W,"5-7, 6-1, 6-4",https://www.wtatennis.com/players/322191/karolina-muchova,False,False,False,False,False,False,False,3,False,29,17,12,1,CZ,CZE,203,150,Europe,Central Europe,CZE,"5,7,None|6,1,None|6,4,None",,
5,US Open,https://photoresources.wtatennis.com/photo-resources/2026/04/16/8d0a3d41-7b45-434b-a75b-b7d2eb0922b4/WTA-Tournament_US-Open.png?height=128,https://www.wtatennis.com/tournaments/905/us-open/2020,Grand Slam,Hard,https://www.wtatennis.com/resources/v7.42.0/i/elements/gs-tag.svg,2020-08-31,2020-09-13,2020,8,New York,POL,NY,US,USA,840,019,,America,Northern America,USA,53.0,1300.0,1500000.0,128M/0Q/32D,Us Open,,141,7,20.142857142857142,17,2.4285714285714284,Iga Swiatek,,https://www.wtatennis.com/resources/v7.42.0/i/elements/flags/pol.svg,R32,W,"6-4, 6-2",https://www.wtatennis.com/players/326408/iga-swiatek,False,False,False,False,False,False,False,2,True,18,12,6,1,PL,POL,616,150,Europe,Central Europe,POL,"6,4,None|6,2,None",,
6,US Open,https://photoresources.wtatennis.com/photo-resources/2026/04/16/8d0a3d41-7b45-434b-a75b-b7d2eb0922b4/WTA-Tournament_US-Open.png?height=128,https://www.wtatennis.com/tournaments/905/us-open/2020,Grand Slam,Hard,https://www.wtatennis.com/resources/v7.42.0/i/elements/gs-tag.svg,2020-08-31,2020-09-13,2020,8,New York,BLR,NY,US,USA,840,019,,America,Northern America,USA,11.0,1300.0,1500000.0,128M/0Q/32D,Us Open,,141,7,20.142857142857142,17,2.4285714285714284,Aryna Sabalenka,5.0,https://www.wtatennis.com/resources/v7.42.0/i/elements/flags/blr.svg,R64,W,"6-1, 6-3",https://www.wtatennis.com/players/320760/aryna-sabalenka,False,False,False,False,False,False,False,2,True,16,12,4,1,BY,BLR,112,150,Europe,Eastern Europe,BLR,"6,1,None|6,3,None",,
7,US Open,https://photoresources.wtatennis.com/photo-resources/2026/04/16/8d0a3d41-7b45-434b-a75b-b7d2eb0922b4/WTA-Tournament_US-Open.png?height=128,https://www.wtatennis.com/tournaments/905/us-open/2020,Grand Slam,Hard,https://www.wtatennis.com/resources/v7.42.0/i/elements/gs-tag.svg,2020-08-31,2020-09-13,2020,8,New York,AUT,NY,US,USA,840,019,,America,Northern America,USA,139.0,1300.0,1500000.0,128M/0Q/32D,Us Open,,141,7,20.142857142857142,17,2.4285714285714284,Barbara Haas,,https://www.wtatennis.com/resources/v7.42.0/i/elements/flags/aut.svg,R128,W,"6-1, 6-2",https://www.wtatennis.com/players/318424/barbara-haas,False,False,False,False,False,False,False,2,True,15,12,3,1,AT,AUT,040,150,Europe,Central Europe,AUT,"6,1,None|6,2,None",,
1,Western & Southern Open,,https://www.wtatennis.com/tournaments/1017/cincinnati/2020,Premier 5,Hard,https://www.wtatennis.com/resources/v7.42.0/i/elements/1000k-tag.svg,2020-08-21,2020-08-29,2020,8,New York,JPN,NY,US,USA,840,019,,America,Northern America,USA,10.0,900.0,285000.0,64M/64Q/32D,Western & Southern Open,,108,5,21.6,11,2.2,Naomi Osaka,4.0,https://www.wtatennis.com/resources/v7.42.0/i/elements/flags/jpn.svg,F,W,Walkover,https://www.wtatennis.com/players/319998/naomi-osaka,False,True,False,False,False,False,False,0,False,0,0,0,0,JP,JPN,392,142,Asia,East Asia,JPN,,,
2,Western & Southern Open,,https://www.wtatennis.com/tournaments/1017/cincinnati/2020,Premier 5,Hard,https://www.wtatennis.com/resources/v7.42.0/i/elements/1000k-tag.svg,2020-08-21,2020-08-29,2020,8,New York,GBR,NY,US,USA,840,019,Britain|UK|Great Britain|United Kingdom,America,Northern America,USA,15.0,900.0,285000.0,64M/64Q/32D,Western & Southern Open,,108,5,21.6,11,2.2,Johanna Konta,8.0,https://www.wtatennis.com/resources/v7.42.0/i/elements/flags/gbr.svg,SF,W,"4-6, 6-4, 6-1",https://www.wtatennis.com/players/313907/johanna-konta,False,False,False,False,False,False,False,3,False,27,16,11,1,GB,GBR,826,150,Europe,Northern Europe,ENG,"4,6,None|6,4,None|6,1,None",,
3,Western & Southern Open,,https://www.wtatennis.com/tournaments/1017/cincinnati/2020,Premier 5,Hard,https://www.wtatennis.com/resources/v7.42.0/i/elements/1000k-tag.svg,2020-08-21,2020-08-29,2020,8,New York,TUN,NY,US,USA,840,019,,America,Northern America,USA,39.0,900.0,285000.0,64M/64Q/32D,Western & Southern Open,,108,5,21.6,11,2.2,Ons Jabeur,,https://www.wtatennis.com/resources/v7.42.0/i/elements/flags/tun.svg,QF,W,"7-6 (9), 6-2",https://www.wtatennis.com/players/316847/ons-jabeur,False,False,False,True,False,False,True,2,True,21,13,8,1,TN,TUN,788,002,Africa,North Africa,TUN,"7,6,9|6,2,None",,
4,Western & Southern Open,,https://www.wtatennis.com/tournaments/1017/cincinnati/2020,Premier 5,Hard,https://www.wtatennis.com/resources/v7.42.0/i/elements/1000k-tag.svg,2020-08-21,2020-08-29,2020,8,New York,FRA,NY,US,USA,840,019,,America,Northern America,USA,60.0,900.0,285000.0,64M/64Q/32D,Western & Southern Open,,108,5,21.6,11,2.2,Alizé Cornet,,https://www.wtatennis.com/resources/v7.42.0/i/elements/flags/fra.svg,R16,W,"6-4, 7-5",https://www.wtatennis.com/players/312121/aliz-cornet,False,False,False,False,False,False,False,2,True,22,13,9,1,FR,FRA,250,150,Europe,Western Europe,FRA,"6,4,None|7,5,None",,
5,Western & Southern Open,,https://www.wtatennis.com/tournaments/1017/cincinnati/2020,Premier 5,Hard,https://www.wtatennis.com/resources/v7.42.0/i/elements/1000k-tag.svg,2020-08-21,2020-08-29,2020,8,New York,FRA,NY,US,USA,840,019,,America,Northern America,USA,49.0,900.0,285000.0,64M/64Q/32D,Western & Southern Open,,108,5,21.6,11,2.2,Caroline Garcia,,https://www.wtatennis.com/resources/v7.42.0/i/elements/flags/fra.svg,R32,W,"6-2, 7-6 (8)",https://www.wtatennis.com/players/315391/caroline-garcia,False,False,False,False,True,False,True,2,True,21,13,8,1,FR,FRA,250,150,Europe,Western Europe,FRA,"6,2,None|7,6,8",,
6,Western & Southern Open,,https://www.wtatennis.com/tournaments/1017/cincinnati/2020,Premier 5,Hard,https://www.wtatennis.com/resources/v7.42.0/i/elements/1000k-tag.svg,2020-08-21,2020-08-29,2020,8,New York,CRO,NY,US,USA,840,019,,America,Northern America,USA,24.0,900.0,285000.0,64M/64Q/32D,Western & Southern Open,,108,5,21.6,11,2.2,Donna Vekic,15.0,https://www.wtatennis.com/resources/v7.42.0/i/elements/flags/cro.svg,R64,W,"6-2, 6-3",https://www.wtatennis.com/players/318516/donna-vekic,False,False,False,False,False,False,False,2,True,17,12,5,1,HR,HRV,191,150,Europe,Southeastern Europe,CRO,"6,2,None|6,3,None",,
1,The Top Seed Open Presented By Bluegrass Orthopaedics,,https://www.wtatennis.com/tournaments/2022/lexington/2020,International,Hard,https://www.wtatennis.com/resources/v7.42.0/i/elements/250k-tag.svg,2020-08-10,2020-08-16,2020,8,Lexington,USA,KY,US,USA,840,019,United States of America|America|USA|US,America,Northern America,USA,67.0,1.0,2300.0,32M/32Q/16D,The Top Seed Open Presented By Bluegrass Orthopaedics,,17,1,17.0,2,2.0,Venus Williams,,https://www.wtatennis.com/resources/v7.42.0/i/elements/flags/usa.svg,R32,L,"3-6, 2-6",https://www.wtatennis.com/players/230220/venus-williams,False,False,False,False,False,False,False,2,False,17,5,12,0,US,USA,840,019,America,Northern America,USA,"3,6,None|2,6,None",,
1,Abierto Gnp Seguros,,https://www.wtatennis.com/tournaments/1039/monterrey/2020,International,Hard,https://www.wtatennis.com/resources/v7.42.0/i/elements/250k-tag.svg,2020-03-02,2020-03-08,2020,3,Monterrey,SLO,,MX,MEX,484,019,,America,Central America,MEX,71.0,1.0,2300.0,32M/32Q/16D,Abierto Gnp Seguros,,16,1,16.0,2,2.0,Tamara Zidansek,,https://www.wtatennis.com/resources/v7.42.0/i/elements/flags/slo.svg,R32,L,"2-6, 2-6",https://www.wtatennis.com/players/323079/tamara-zidansek,False,False,False,False,False,False,False,2,False,16,4,12,0,,,,,,,SLO,"2,6,None|2,6,None",,
1,US Open,https://photoresources.wtatennis.com/photo-resources/2026/04/16/8d0a3d41-7b45-434b-a75b-b7d2eb0922b4/WTA-Tournament_US-Open.png?height=128,https://www.wtatennis.com/tournaments/905/us-open/2019,Grand Slam,Hard,https://www.wtatennis.com/resources/v7.42.0/i/elements/gs-tag.svg,2019-08-26,2019-09-07,2019,8,New York,BLR,NY,US,USA,840,019,,America,Northern America,USA,13.0,10.0,58000.0,128M/128Q/64D,2019 Us Open Tennis Championships,,28,1,28.0,3,3.0,Aryna Sabalenka,9.0,https://www.wtatennis.com/resources/v7.42.0/i/elements/flags/blr.svg,R128,L,"6-3, 3-6, 4-6",https://www.wtatennis.com/players/320760/aryna-sabalenka,False,False,False,False,False,False,False,3,True,28,13,15,0,BY,BLR,112,150,Europe,Eastern Europe,BLR,"6,3,None|3,6,None|4,6,None",,
1,Western & Southern Open,,https://www.wtatennis.com/tournaments/1017/cincinnati/2019,Premier 5,Hard,https://www.wtatennis.com/resources/v7.42.0/i/elements/1000k-tag.svg,2019-08-12,2019-08-18,2019,8,Cincinnati,CRO,OH,US,USA,840,019,,America,Northern America,USA,26.0,60.0,15600.0,64M/32Q/32D,Western & Southern Open,,31,2,15.5,4,2.0,Donna Vekic,,https://www.wtatennis.com/resources/v7.42.0/i/elements/flags/cro.svg,R32,L,"2-6, 5-7",https://www.wtatennis.com/players/318516/donna-vekic,False,False,False,False,False,False,False,2,False,20,7,13,0,HR,HRV,191,150,Europe,Southeastern Europe,CRO,"2,6,None|5,7,None",,
2,Western & Southern Open,,https://www.wtatennis.com/tournaments/1017/cincinnati/2019,Premier 5,Hard,https://www.wtatennis.com/resources/v7.42.0/i/elements/1000k-tag.svg,2019-08-12,2019-08-18,2019,8,Cincinnati,SUI,OH,US,USA,840,019,,America,Northern America,USA,12.0,60.0,15600.0,64M/32Q/32D,Western & Southern Open,,31,2,15.5,4,2.0,Belinda Bencic,12.0,https://www.wtatennis.com/resources/v7.42.0/i/elements/flags/sui.svg,R64,W,"6-4, 1-0",https://www.wtatennis.com/players/319001/belinda-bencic,True,False,False,False,False,False,False,2,True,11,7,4,1,CH,CHE,756,150,Europe,Central Europe,SUI,"6,4,None|1,0,None|Ret",,
1,Rogers Cup,,https://www.wtatennis.com/tournaments/806/montreal/2019,Premier 5,Hard,https://www.wtatennis.com/resources/v7.42.0/i/elements/1000k-tag.svg,2019-08-05,2019-08-11,2019,8,Toronto,UKR,,CA,CAN,124,019,,America,Northern America,CAN,33.0,60.0,14920.0,64M/64Q/32D,Rogers Cup Presented By National Bank,,40,2,20.0,4,2.0,Dayana Yastremska,,https://www.wtatennis.com/resources/v7.42.0/i/elements/flags/ukr.svg,R32,L,"5-7, 5-7",https://www.wtatennis.com/players/324261/dayana-yastremska,False,False,False,False,False,False,False,2,False,24,10,14,0,UA,UKR,804,150,Europe,Eastern Europe,UKR,"5,7,None|5,7,None",,
2,Rogers Cup,,https://www.wtatennis.com/tournaments/806/montreal/2019,Premier 5,Hard,https://www.wtatennis.com/resources/v7.42.0/i/elements/1000k-tag.svg,2019-08-05,2019-08-11,2019,8,Toronto,ITA,,CA,CAN,124,019,,America,Northern America,CAN,52.0,60.0,14920.0,64M/64Q/32D,Rogers Cup Presented By National Bank,,40,2,20.0,4,2.0,Camila Giorgi,,https://www.wtatennis.com/resources/v7.42.0/i/elements/flags/ita.svg,R64,W,"6-2, 6-2",https://www.wtatennis.com/players/314610/camila-giorgi,False,False,False,False,False,False,False,2,True,16,12,4,1,IT,ITA,380,150,Europe,Southern Europe,ITA,"6,2,None|6,2,None",,
1,Mubadala Silicon Valley Classic,,https://www.wtatennis.com/tournaments/703/san-jose/2019,Premier,Hard,https://www.wtatennis.com/resources/v7.42.0/i/elements/500k-tag.svg,2019-07-29,2019-08-04,2019,7,San Jose,CRO,CA,US,USA,840,019,,America,Northern America,USA,25.0,55.0,12575.0,32M/16Q/16D,Mubadala Silicon Valley Classic,,37,2,18.5,4,2.0,Donna Vekic,5.0,https://www.wtatennis.com/resources/v7.42.0/i/elements/flags/cro.svg,R16,L,"4-6, 3-6",https://www.wtatennis.com/players/318516/donna-vekic,False,False,False,False,False,False,False,2,False,19,7,12,0,HR,HRV,191,150,Europe,Southeastern Europe,CRO,"4,6,None|3,6,None",,
2,Mubadala Silicon Valley Classic,,https://www.wtatennis.com/tournaments/703/san-jose/2019,Premier,Hard,https://www.wtatennis.com/resources/v7.42.0/i/elements/500k-tag.svg,2019-07-29,2019-08-04,2019,7,San Jose,FRA,CA,US,USA,840,019,,America,Northern America,USA,244.0,55.0,12575.0,32M/16Q/16D,Mubadala Silicon Valley Classic,,37,2,18.5,4,2.0,Harmony Tan,,https://www.wtatennis.com/resources/v7.42.0/i/elements/flags/fra.svg,R32,W,"6-2, 6-4",https://www.wtatennis.com/players/320016/harmony-tan,False,False,False,False,False,False,False,2,True,18,12,6,1,FR,FRA,250,150,Europe,Western Europe,FRA,"6,2,None|6,4,None",,
1,Wimbledon,https://photoresources.wtatennis.com/photo-resources/2026/04/16/d29814e6-6e80-4015-b680-9a7f3cb065c3/WTA-Tournament_Wimbledon.png?height=128,https://www.wtatennis.com/tournaments/904/wimbledon/2019,Grand Slam,Grass,https://www.wtatennis.com/resources/v7.42.0/i/elements/gs-tag.svg,2019-07-01,2019-07-14,2019,7,Wimbledon,ROU,,GB,GBR,826,150,,Europe,Northern Europe,ENG,7.0,130.0,143661.0,128M/128Q/64D,The Championships,,50,3,16.666666666666668,6,2.0,Simona Halep,7.0,https://www.wtatennis.com/resources/v7.42.0/i/elements/flags/rou.svg,R32,L,"3-6, 1-6",https://www.wtatennis.com/players/314320/simona-halep,False,False,False,False,False,False,False,2,False,16,4,12,0,RO,ROU,642,150,Europe,Southeastern Europe,ROU,"3,6,None|1,6,None",,
2,Wimbledon,https://photoresources.wtatennis.com/photo-resources/2026/04/16/d29814e6-6e80-4015-b680-9a7f3cb065c3/WTA-Tournament_Wimbledon.png?height=128,https://www.wtatennis.com/tournaments/904/wimbledon/2019,Grand Slam,Grass,https://www.wtatennis.com/resources/v7.42.0/i/elements/gs-tag.svg,2019-07-01,2019-07-14,2019,7,Wimbledon,AUS,,GB,GBR,826,150,,Europe,Northern Europe,ENG,49.0,130.0,143661.0,128M/128Q/64D,The Championships,,50,3,16.666666666666668,6,2.0,Ajla Tomljanovic,,https://www.wtatennis.com/resources/v7.42.0/i/elements/flags/aus.svg,R64,W,"6-2, 6-0",https://www.wtatennis.com/players/315232/ajla-tomljanovic,False,False,False,False,False,False,False,2,True,14,12,2,1,AU,AUS,036,009,Oceania,Australasia,AUS,"6,2,None|6,0,None",,
3,Wimbledon,https://photoresources.wtatennis.com/photo-resources/2026/04/16/d29814e6-6e80-4015-b680-9a7f3cb065c3/WTA-Tournament_Wimbledon.png?height=128,https://www.wtatennis.com/tournaments/904/wimbledon/2019,Grand Slam,Grass,https://www.wtatennis.com/resources/v7.42.0/i/elements/gs-tag.svg,2019-07-01,2019-07-14,2019,7,Wimbledon,FRA,,GB,GBR,826,150,,Europe,Northern Europe,ENG,51.0,130.0,143661.0,128M/128Q/64D,The Championships,,50,3,16.666666666666668,6,2.0,Alizé Cornet,,https://www.wtatennis.com/resources/v7.42.0/i/elements/flags/fra.svg,R128,W,"6-4, 6-4",https://www.wtatennis.com/players/312121/aliz-cornet,False,False,False,False,False,False,False,2,True,20,12,8,1,FR,FRA,250,150,Europe,Western Europe,FRA,"6,4,None|6,4,None",,
1,Mallorca Open,,https://www.wtatennis.com/tournaments/1091/mallorca/2019,International,Grass,https://www.wtatennis.com/resources/v7.42.0/i/elements/250k-tag.svg,2019-06-17,2019-06-23,2019,6,Mallorca,FRA,,ES,ESP,724,150,,Europe,Southern Europe,ESP,23.0,1.0,2100.0,32M/32Q/16D,Mallorca Open,,29,1,29.0,3,3.0,Caroline Garcia,6.0,https://www.wtatennis.com/resources/v7.42.0/i/elements/flags/fra.svg,R32,L,"6-1, 4-6, 5-7",https://www.wtatennis.com/players/315391/caroline-garcia,False,False,False,False,False,False,False,3,True,29,15,14,0,FR,FRA,250,150,Europe,Western Europe,FRA,"6,1,None|4,6,None|5,7,None",,
1,Roland Garros,,https://www.wtatennis.com/tournaments/903/roland-garros/2019,Grand Slam,Clay,https://www.wtatennis.com/resources/v7.42.0/i/elements/gs-tag.svg,2019-05-26,2019-06-09,2019,5,Paris,JPN,,FR,FRA,250,150,,Europe,Western Europe,FRA,1.0,70.0,100219.0,128M/128Q/64D,Roland Garros,,54,2,27.0,5,2.5,Naomi Osaka,1.0,https://www.wtatennis.com/resources/v7.42.0/i/elements/flags/jpn.svg,R64,L,"6-4, 5-7, 3-6",https://www.wtatennis.com/players/319998/naomi-osaka,False,False,False,False,False,False,False,3,True,31,14,17,0,JP,JPN,392,142,Asia,East Asia,JPN,"6,4,None|5,7,None|3,6,None",,
2,Roland Garros,,https://www.wtatennis.com/tournaments/903/roland-garros/2019,Grand Slam,Clay,https://www.wtatennis.com/resources/v7.42.0/i/elements/gs-tag.svg,2019-05-26,2019-06-09,2019,5,Paris,LAT,,FR,FRA,250,150,,Europe,Western Europe,FRA,39.0,70.0,100219.0,128M/128Q/64D,Roland Garros,,54,2,27.0,5,2.5,Jelena Ostapenko,,https://www.wtatennis.com/resources/v7.42.0/i/elements/flags/lat.svg,R128,W,"6-4, 7-6 (4)",https://www.wtatennis.com/players/319939/jelena-ostapenko,False,False,False,False,True,False,True,2,True,23,13,10,1,,,,,,,LAT,"6,4,None|7,6,4",,
1,Internazionali Bnl D'Italia,,https://www.wtatennis.com/tournaments/709/rome/2019,Premier 5,Clay,https://www.wtatennis.com/resources/v7.42.0/i/elements/1000k-tag.svg,2019-05-13,2019-05-19,2019,5,Rome,CZE,,IT,ITA,380,150,,Europe,Southern Europe,ITA,7.0,190.0,74698.0,64M/32Q/32D,Internazionali Bnl D'Italia,,87,4,21.75,10,2.5,Karolina Pliskova,4.0,https://www.wtatennis.com/resources/v7.42.0/i/elements/flags/cze.svg,QF,L,"7-6 (5), 2-6, 2-6",https://www.wtatennis.com/players/313974/karolina-pliskova,False,False,False,True,False,False,True,3,True,29,11,18,0,CZ,CZE,203,150,Europe,Central Europe,CZE,"7,6,5|2,6,None|2,6,None",W,True
2,Internazionali Bnl D'Italia,,https://www.wtatennis.com/tournaments/709/rome/2019,Premier 5,Clay,https://www.wtatennis.com/resources/v7.42.0/i/elements/1000k-tag.svg,2019-05-13,2019-05-19,2019,5,Rome,ESP,,IT,ITA,380,150,Kingdom of Spain,Europe,Southern Europe,ITA,19.0,190.0,74698.0,64M/32Q/32D,Internazionali Bnl D'Italia,,87,4,21.75,10,2.5,Garbiñe Muguruza,,https://www.wtatennis.com/resources/v7.42.0/i/elements/flags/esp.svg,R16,W,"6-4, 3-1",https://www.wtatennis.com/players/316239/garbi-e-muguruza,True,False,False,False,False,False,False,2,True,14,9,5,1,ES,ESP,724,150,Europe,Southern Europe,ESP,"6,4,None|3,1,None|Ret",W,True
3,Internazionali Bnl D'Italia,,https://www.wtatennis.com/tournaments/709/rome/2019,Premier 5,Clay,https://www.wtatennis.com/resources/v7.42.0/i/elements/1000k-tag.svg,2019-05-13,2019-05-19,2019,5,Rome,UKR,,IT,ITA,380,150,,Europe,Southern Europe,ITA,6.0,190.0,74698.0,64M/32Q/32D,Internazionali Bnl D'Italia,,87,4,21.75,10,2.5,Elina Svitolina,5.0,https://www.wtatennis.com/resources/v7.42.0/i/elements/flags/ukr.svg,R32,W,"4-6, 6-1, 7-5",https://www.wtatennis.com/players/316738/elina-svitolina,False,False,False,False,False,False,False,3,False,29,17,12,1,UA,UKR,804,150,Europe,Eastern Europe,UKR,"4,6,None|6,1,None|7,5,None",W,True
4,Internazionali Bnl D'Italia,,https://www.wtatennis.com/tournaments/709/rome/2019,Premier 5,Clay,https://www.wtatennis.com/resources/v7.42.0/i/elements/1000k-tag.svg,2019-05-13,2019-05-19,2019,5,Rome,CHN,,IT,ITA,380,150,,Europe,Southern Europe,ITA,48.0,190.0,74698.0,64M/32Q/32D,Internazionali Bnl D'Italia,,87,4,21.75,10,2.5,Shuai Zhang,,https://www.wtatennis.com/resources/v7.42.0/i/elements/flags/chn.svg,R64,W,"6-2, 6-1",https://www.wtatennis.com/players/311779/shuai-zhang,False,False,False,False,False,False,False,2,True,15,12,3,1,CN,CHN,156,142,Asia,East Asia,CHN,"6,2,None|6,1,None",W,True
1,Mutua Madrid Open,,https://www.wtatennis.com/tournaments/1038/madrid/2019,Premier Mandatory,Clay,https://www.wtatennis.com/resources/v7.42.0/i/elements/1000k-tag.svg,2019-05-04,2019-05-11,2019,5,Madrid,USA,,ES,ESP,724,150,United States of America|America|USA|US,Europe,Southern Europe,ESP,8.0,65.0,47304.0,64M/32Q/32D,Mutua Madrid Open,,48,2,24.0,5,2.5,Sloane Stephens,8.0,https://www.wtatennis.com/resources/v7.42.0/i/elements/flags/usa.svg,R32,L,"4-6, 6-2, 2-6",https://www.wtatennis.com/players/315683/sloane-stephens,False,False,False,False,False,False,False,3,False,26,12,14,0,US,USA,840,019,America,Northern America,USA,"4,6,None|6,2,None|2,6,None",,
2,Mutua Madrid Open,,https://www.wtatennis.com/tournaments/1038/madrid/2019,Premier Mandatory,Clay,https://www.wtatennis.com/resources/v7.42.0/i/elements/1000k-tag.svg,2019-05-04,2019-05-11,2019,5,Madrid,AUS,,ES,ESP,724,150,,Europe,Southern Europe,ESP,21.0,65.0,47304.0,64M/32Q/32D,Mutua Madrid Open,,48,2,24.0,5,2.5,Daria Kasatkina,,https://www.wtatennis.com/resources/v7.42.0/i/elements/flags/aus.svg,R64,W,"7-5, 6-4",https://www.wtatennis.com/players/322082/daria-kasatkina,False,False,False,False,False,False,False,2,True,22,13,9,1,AU,AUS,036,009,Oceania,Australasia,AUS,"7,5,None|6,4,None",,
1,Porsche Tennis Grand Prix,,https://www.wtatennis.com/tournaments/1051/stuttgart/2019,Premier,Clay,https://www.wtatennis.com/resources/v7.42.0/i/elements/500k-tag.svg,2019-04-22,2019-04-28,2019,4,Stuttgart,EST,,DE,DEU,276,150,,Europe,Central Europe,GER,15.0,100.0,23500.0,32M/32Q/16D,Porsche Tennis Grand Prix,,78,3,26.0,8,2.6666666666666665,Anett Kontaveit,8.0,https://www.wtatennis.com/resources/v7.42.0/i/elements/flags/est.svg,QF,L,"7-5, 5-7, 0-3",https://www.wtatennis.com/players/318425/anett-kontaveit,True,False,False,False,False,False,False,3,True,27,12,15,0,EE,EST,233,150,Europe,Northern Europe,EST,"7,5,None|5,7,None|0,3,None|Ret",,
2,Porsche Tennis Grand Prix,,https://www.wtatennis.com/tournaments/1051/stuttgart/2019,Premier,Clay,https://www.wtatennis.com/resources/v7.42.0/i/elements/500k-tag.svg,2019-04-22,2019-04-28,2019,4,Stuttgart,CZE,,DE,DEU,276,150,,Europe,Central Europe,GER,4.0,100.0,23500.0,32M/32Q/16D,Porsche Tennis Grand Prix,,78,3,26.0,8,2.6666666666666665,Karolina Pliskova,4.0,https://www.wtatennis.com/resources/v7.42.0/i/elements/flags/cze.svg,R16,W,"4-6, 6-3, 6-4",https://www.wtatennis.com/players/313974/karolina-pliskova,False,False,False,False,False,False,False,3,False,29,16,13,1,CZ,CZE,203,150,Europe,Central Europe,CZE,"4,6,None|6,3,None|6,4,None",,
3,Porsche Tennis Grand Prix,,https://www.wtatennis.com/tournaments/1051/stuttgart/2019,Premier,Clay,https://www.wtatennis.com/resources/v7.42.0/i/elements/500k-tag.svg,2019-04-22,2019-04-28,2019,4,Stuttgart,RUS,,DE,DEU,276,150,,Europe,Central Europe,GER,84.0,100.0,23500.0,32M/32Q/16D,Porsche Tennis Grand Prix,,78,3,26.0,8,2.6666666666666665,Vera Zvonareva,,https://www.wtatennis.com/resources/v7.42.0/i/elements/flags/rus.svg,R32,W,"7-5, 6-4",https://www.wtatennis.com/players/260142/vera-zvonareva,False,False,False,False,False,False,False,2,True,22,13,9,1,RU,RUS,643,150,Europe,Eastern Europe,RUS,"7,5,None|6,4,None",,
1,"Fed Cup World Group 1 Wk2- Brisbane, Australia",https://www.wtatennis.com/resources/v7.42.0/i/elements/itf.png,,ITF,Hard,https://www.wtatennis.com/resources/v7.42.0/i/elements/itf.png,2019-04-20,2019-04-21,2019,4,,AUS,,AU,AUS,036,009,,Oceania,Australasia,AUS,9.0,,,8M/0Q/2D,"Fed Cup World Group 1 Wk2- Brisbane, Australia",,36,2,18.0,4,2.0,Ashleigh Barty,,https://www.wtatennis.com/resources/v7.42.0/i/elements/flags/aus.svg,Round 2 R2,L,"6-7 (2), 3-6",https://www.wtatennis.com/players/318033/ashleigh-barty,False,False,False,True,False,False,True,2,False,22,9,13,0,AU,AUS,036,009,Oceania,Australasia,AUS,"6,7,2|3,6,None",,
2,"Fed Cup World Group 1 Wk2- Brisbane, Australia",https://www.wtatennis.com/resources/v7.42.0/i/elements/itf.png,,ITF,Hard,https://www.wtatennis.com/resources/v7.42.0/i/elements/itf.png,2019-04-20,2019-04-21,2019,4,,AUS,,AU,AUS,036,009,,Oceania,Australasia,AUS,77.0,,,8M/0Q/2D,"Fed Cup World Group 1 Wk2- Brisbane, Australia",,36,2,18.0,4,2.0,Samantha Stosur,,https://www.wtatennis.com/resources/v7.42.0/i/elements/flags/aus.svg,Round 2 R2,W,"6-1, 6-1",https://www.wtatennis.com/players/190787/samantha-stosur,False,False,False,False,False,False,False,2,True,14,12,2,1,AU,AUS,036,009,Oceania,Australasia,AUS,"6,1,None|6,1,None",,
1,Abierto Gnp Seguros,,https://www.wtatennis.com/tournaments/1039/monterrey/2019,International,Hard,https://www.wtatennis.com/resources/v7.42.0/i/elements/250k-tag.svg,2019-04-01,2019-04-07,2019,4,Monterrey,ESP,,MX,MEX,484,019,Kingdom of Spain,America,Central America,MEX,19.0,180.0,21400.0,32M/32Q/16D,Abierto Gnp Seguros,,89,5,17.8,11,2.2,Garbiñe Muguruza,2.0,https://www.wtatennis.com/resources/v7.42.0/i/elements/flags/esp.svg,F,L,"1-6, 1-3",https://www.wtatennis.com/players/316239/garbi-e-muguruza,True,False,False,False,False,False,False,2,False,11,2,9,0,ES,ESP,724,150,Europe,Southern Europe,ESP,"1,6,None|1,3,None|Ret",,
2,Abierto Gnp Seguros,,https://www.wtatennis.com/tournaments/1039/monterrey/2019,International,Hard,https://www.wtatennis.com/resources/v7.42.0/i/elements/250k-tag.svg,2019-04-01,2019-04-07,2019,4,Monterrey,GER,,MX,MEX,484,019,,America,Central America,MEX,5.0,180.0,21400.0,32M/32Q/16D,Abierto Gnp Seguros,,89,5,17.8,11,2.2,Angelique Kerber,1.0,https://www.wtatennis.com/resources/v7.42.0/i/elements/flags/ger.svg,SF,W,"6-4, 4-6, 6-1",https://www.wtatennis.com/players/311470/angelique-kerber,False,False,False,False,False,False,False,3,True,27,16,11,1,DE,DEU,276,150,Europe,Central Europe,GER,"6,4,None|4,6,None|6,1,None",,
3,Abierto Gnp Seguros,,https://www.wtatennis.com/tournaments/1039/monterrey/2019,International,Hard,https://www.wtatennis.com/resources/v7.42.0/i/elements/250k-tag.svg,2019-04-01,2019-04-07,2019,4,Monterrey,RUS,,MX,MEX,484,019,,America,Central America,MEX,33.0,180.0,21400.0,32M/32Q/16D,Abierto Gnp Seguros,,89,5,17.8,11,2.2,Anastasia Pavlyuchenkova,3.0,https://www.wtatennis.com/resources/v7.42.0/i/elements/flags/rus.svg,QF,W,"6-0, 6-4",https://www.wtatennis.com/players/313796/anastasia-pavlyuchenkova,False,False,False,False,False,False,False,2,True,16,12,4,1,RU,RUS,643,150,Europe,Eastern Europe,RUS,"6,0,None|6,4,None",,
4,Abierto Gnp Seguros,,https://www.wtatennis.com/tournaments/1039/monterrey/2019,International,Hard,https://www.wtatennis.com/resources/v7.42.0/i/elements/250k-tag.svg,2019-04-01,2019-04-07,2019,4,Monterrey,KAZ,,MX,MEX,484,019,,America,Central America,MEX,107.0,180.0,21400.0,32M/32Q/16D,Abierto Gnp Seguros,,89,5,17.8,11,2.2,Zarina Diyas,,https://www.wtatennis.com/resources/v7.42.0/i/elements/flags/kaz.svg,R16,W,"6-3, 6-2",https://www.wtatennis.com/players/315696/zarina-diyas,False,False,False,False,False,False,False,2,True,17,12,5,1,KZ,KAZ,398,142,Asia,Central Asia,KAZ,"6,3,None|6,2,None",,
5,Abierto Gnp Seguros,,https://www.wtatennis.com/tournaments/1039/monterrey/2019,International,Hard,https://www.wtatennis.com/resources/v7.42.0/i/elements/250k-tag.svg,2019-04-01,2019-04-07,2019,4,Monterrey,JPN,,MX,MEX,484,019,,America,Central America,MEX,514.0,180.0,21400.0,32M/32Q/16D,Abierto Gnp Seguros,,89,5,17.8,11,2.2,Miyu Kato,,https://www.wtatennis.com/resources/v7.42.0/i/elements/flags/jpn.svg,R32,W,"6-4, 6-2",https://www.wtatennis.com/players/317612/miyu-kato,False,False,False,False,False,False,False,2,True,18,12,6,1,JP,JPN,392,142,Asia,East Asia,JPN,"6,4,None|6,2,None",,
1,Miami Open,https://photoresources.wtatennis.com/photo-resources/2026/04/16/e0f2d5a2-cc05-4b2a-8377-f57edf6eaaa2/WTA-Tournament_Miami-2024.png?height=128,https://www.wtatennis.com/tournaments/902/miami/2019,Premier Mandatory,Hard,https://www.wtatennis.com/resources/v7.42.0/i/elements/1000k-tag.svg,2019-03-19,2019-03-30,2019,3,Miami,FRA,FL,US,USA,840,019,,America,Northern America,USA,21.0,35.0,26430.0,128M/64Q/32D,Miami Open Presented By Itau,,46,2,23.0,5,2.5,Caroline Garcia,19.0,https://www.wtatennis.com/resources/v7.42.0/i/elements/flags/fra.svg,R64,L,"3-6, 4-6",https://www.wtatennis.com/players/315391/caroline-garcia,False,False,False,False,False,False,False,2,False,19,7,12,0,FR,FRA,250,150,Europe,Western Europe,FRA,"3,6,None|4,6,None",,
2,Miami Open,https://photoresources.wtatennis.com/photo-resources/2026/04/16/e0f2d5a2-cc05-4b2a-8377-f57edf6eaaa2/WTA-Tournament_Miami-2024.png?height=128,https://www.wtatennis.com/tournaments/902/miami/2019,Premier Mandatory,Hard,https://www.wtatennis.com/resources/v7.42.0/i/elements/1000k-tag.svg,2019-03-19,2019-03-30,2019,3,Miami,SVK,FL,US,USA,840,019,,America,Northern America,USA,35.0,35.0,26430.0,128M/64Q/32D,Miami Open Presented By Itau,,46,2,23.0,5,2.5,Dominika Cibulkova,,https://www.wtatennis.com/resources/v7.42.0/i/elements/flags/svk.svg,R128,W,"6-2, 3-6, 6-4",https://www.wtatennis.com/players/312894/dominika-cibulkova,False,False,False,False,False,False,False,3,True,27,15,12,1,SK,SVK,703,150,Europe,Central Europe,SVK,"6,2,None|3,6,None|6,4,None",,
1,Bnp Paribas Open,https://photoresources.wtatennis.com/photo-resources/2026/04/16/a1736320-dd92-4829-8aa8-846c2edef410/WTA-Tournament_Indian-Wells-2017.png?height=128,https://www.wtatennis.com/tournaments/609/indian-wells/2019,Premier Mandatory,Hard,https://www.wtatennis.com/resources/v7.42.0/i/elements/1000k-tag.svg,2019-03-06,2019-03-17,2019,3,Indian Wells,USA,CA,US,USA,840,019,United States of America|America|USA|US,America,Northern America,USA,10.0,35.0,26430.0,128M/64Q/32D,Bnp Paribas Open,,38,2,19.0,4,2.0,Serena Williams,10.0,https://www.wtatennis.com/resources/v7.42.0/i/elements/flags/usa.svg,R64,L,"5-7, 3-6",https://www.wtatennis.com/players/230234/serena-williams,False,False,False,False,False,False,False,2,False,21,8,13,0,US,USA,840,019,America,Northern America,USA,"5,7,None|3,6,None",,
2,Bnp Paribas Open,https://photoresources.wtatennis.com/photo-resources/2026/04/16/a1736320-dd92-4829-8aa8-846c2edef410/WTA-Tournament_Indian-Wells-2017.png?height=128,https://www.wtatennis.com/tournaments/609/indian-wells/2019,Premier Mandatory,Hard,https://www.wtatennis.com/resources/v7.42.0/i/elements/1000k-tag.svg,2019-03-06,2019-03-17,2019,3,Indian Wells,BLR,CA,US,USA,840,019,,America,Northern America,USA,62.0,35.0,26430.0,128M/64Q/32D,Bnp Paribas Open,,38,2,19.0,4,2.0,Vera Lapko,,https://www.wtatennis.com/resources/v7.42.0/i/elements/flags/blr.svg,R128,W,"6-2, 6-3",https://www.wtatennis.com/players/322730/vera-lapko,False,False,False,False,False,False,False,2,True,17,12,5,1,BY,BLR,112,150,Europe,Eastern Europe,BLR,"6,2,None|6,3,None",,
1,Abierto Mexicano,,https://www.wtatennis.com/tournaments/1002/acapulco/2019,International,Hard,https://www.wtatennis.com/resources/v7.42.0/i/elements/250k-tag.svg,2019-02-25,2019-03-02,2019,2,Acapulco,USA,,MX,MEX,484,019,United States of America|America|USA|US,America,Central America,MEX,35.0,60.0,6175.0,32M/32Q/16D,Abierto Mexicano Telcel Presentado Por Hsbc,,62,3,20.666666666666668,7,2.3333333333333335,Sofia Kenin,5.0,https://www.wtatennis.com/resources/v7.42.0/i/elements/flags/usa.svg,QF,L,"4-6, 6-4, 5-7",https://www.wtatennis.com/players/320942/sofia-kenin,False,False,False,False,False,False,False,3,False,32,15,17,0,US,USA,840,019,America,Northern America,USA,"4,6,None|6,4,None|5,7,None",W,True
2,Abierto Mexicano,,https://www.wtatennis.com/tournaments/1002/acapulco/2019,International,Hard,https://www.wtatennis.com/resources/v7.42.0/i/elements/250k-tag.svg,2019-02-25,2019-03-02,2019,2,Acapulco,GER,,MX,MEX,484,019,,America,Central America,MEX,69.0,60.0,6175.0,32M/32Q/16D,Abierto Mexicano Telcel Presentado Por Hsbc,,62,3,20.666666666666668,7,2.3333333333333335,Tatjana Maria,,https://www.wtatennis.com/resources/v7.42.0/i/elements/flags/ger.svg,R16,W,"6-2, 6-1",https://www.wtatennis.com/players/310440/tatjana-maria,False,False,False,False,False,False,False,2,True,15,12,3,1,DE,DEU,276,150,Europe,Central Europe,GER,"6,2,None|6,1,None",W,True
3,Abierto Mexicano,,https://www.wtatennis.com/tournaments/1002/acapulco/2019,International,Hard,https://www.wtatennis.com/resources/v7.42.0/i/elements/250k-tag.svg,2019-02-25,2019-03-02,2019,2,Acapulco,USA,,MX,MEX,484,019,United States of America|America|USA|US,America,Central America,MEX,25.0,60.0,6175.0,32M/32Q/16D,Abierto Mexicano Telcel Presentado Por Hsbc,,62,3,20.666666666666668,7,2.3333333333333335,Danielle Collins,2.0,https://www.wtatennis.com/resources/v7.42.0/i/elements/flags/usa.svg,R32,W,"6-1, 6-2",https://www.wtatennis.com/players/316925/danielle-collins,False,False,False,False,False,False,False,2,True,15,12,3,1,US,USA,840,019,America,Northern America,USA,"6,1,None|6,2,None",W,True
1,St. Petersburg Ladies Trophy,,https://www.wtatennis.com/tournaments/1086/st-petersburg/2019,Premier,Hard,https://www.wtatennis.com/resources/v7.42.0/i/elements/500k-tag.svg,2019-01-28,2019-02-03,2019,1,St. Petersburg,CZE,,RU,RUS,643,150,,Europe,Eastern Europe,RUS,2.0,55.0,11640.0,32M/32Q/16D,St. Petersburg Ladies Trophy,,38,2,19.0,4,2.0,Petra Kvitova,1.0,https://www.wtatennis.com/resources/v7.42.0/i/elements/flags/cze.svg,R16,L,"2-6, 6-7 (3)",https://www.wtatennis.com/players/314206/petra-kvitova,False,False,False,False,True,False,True,2,False,21,8,13,0,CZ,CZE,203,150,Europe,Central Europe,CZE,"2,6,None|6,7,3",W,True
2,St. Petersburg Ladies Trophy,,https://www.wtatennis.com/tournaments/1086/st-petersburg/2019,Premier,Hard,https://www.wtatennis.com/resources/v7.42.0/i/elements/500k-tag.svg,2019-01-28,2019-02-03,2019,1,St. Petersburg,RUS,,RU,RUS,643,150,,Europe,Eastern Europe,RUS,81.0,55.0,11640.0,32M/32Q/16D,St. Petersburg Ladies Trophy,,38,2,19.0,4,2.0,Margarita Gasparyan,,https://www.wtatennis.com/resources/v7.42.0/i/elements/flags/rus.svg,R32,W,"6-4, 6-1",https://www.wtatennis.com/players/317938/margarita-gasparyan,False,False,False,False,False,False,False,2,True,17,12,5,1,RU,RUS,643,150,Europe,Eastern Europe,RUS,"6,4,None|6,1,None",W,True
1,Australian Open,https://photoresources.wtatennis.com/photo-resources/2026/04/16/6b041ce4-8b08-4fff-be75-89d1c452c157/WTA-Tournament_Australian-Open.png?height=128,https://www.wtatennis.com/tournaments/901/australian-open/2019,Grand Slam,Hard,https://www.wtatennis.com/resources/v7.42.0/i/elements/gs-tag.svg,2019-01-14,2019-01-26,2019,1,Melbourne,GER,,AU,AUS,036,009,,Oceania,Australasia,AUS,110.0,10.0,55801.0,128M/128Q/64D,Australian Open,,31,1,31.0,3,3.0,Laura Siegemund,,https://www.wtatennis.com/resources/v7.42.0/i/elements/flags/ger.svg,R128,L,"7-6 (5), 4-6, 2-6",https://www.wtatennis.com/players/310926/laura-siegemund,False,False,False,True,False,False,True,3,True,31,13,18,0,DE,DEU,276,150,Europe,Central Europe,GER,"7,6,5|4,6,None|2,6,None",,
1,Asb Classic 2019,,https://www.wtatennis.com/tournaments/1049/auckland/2019,International,Hard,https://www.wtatennis.com/resources/v7.42.0/i/elements/250k-tag.svg,2019-12-31,2019-01-06,2019,12,Auckland,USA,,NZ,NZL,554,009,United States of America|America|USA|US,Oceania,Australasia,NZL,39.0,1.0,1925.0,32M/32Q/16D,Asb Classic 2019,,25,1,25.0,3,3.0,Venus Williams,6.0,https://www.wtatennis.com/resources/v7.42.0/i/elements/flags/usa.svg,R32,L,"3-6, 6-1, 3-6",https://www.wtatennis.com/players/230220/venus-williams,False,False,False,False,False,False,False,3,False,25,12,13,0,US,USA,840,019,America,Northern America,USA,"3,6,None|6,1,None|3,6,None",,
1,Toray Pan Pacific Open,,https://www.wtatennis.com/tournaments/1056/tokyo/2018,Premier,Hard,https://www.wtatennis.com/resources/v7.42.0/i/elements/500k-tag.svg,2018-09-17,2018-09-23,2018,9,Tokyo,ITA,,JP,JPN,392,142,,Asia,East Asia,JPN,37.0,100.0,21010.0,32M/32Q/16D,Toray Pan Pacific Open,,48,3,16.0,5,1.6666666666666667,Camila Giorgi,,https://www.wtatennis.com/resources/v7.42.0/i/elements/flags/ita.svg,QF,L,3-5,https://www.wtatennis.com/players/314610/camila-giorgi,True,False,False,False,False,False,False,1,False,8,3,5,0,IT,ITA,380,150,Europe,Southern Europe,ITA,"3,5,None|Ret",W,True
2,Toray Pan Pacific Open,,https://www.wtatennis.com/tournaments/1056/tokyo/2018,Premier,Hard,https://www.wtatennis.com/resources/v7.42.0/i/elements/500k-tag.svg,2018-09-17,2018-09-23,2018,9,Tokyo,AUS,,JP,JPN,392,142,,Asia,East Asia,JPN,17.0,100.0,21010.0,32M/32Q/16D,Toray Pan Pacific Open,,48,3,16.0,5,1.6666666666666667,Ashleigh Barty,7.0,https://www.wtatennis.com/resources/v7.42.0/i/elements/flags/aus.svg,R16,W,"6-4, 6-2",https://www.wtatennis.com/players/318033/ashleigh-barty,False,False,False,False,False,False,False,2,True,18,12,6,1,AU,AUS,036,009,Oceania,Australasia,AUS,"6,4,None|6,2,None",W,True
3,Toray Pan Pacific Open,,https://www.wtatennis.com/tournaments/1056/tokyo/2018,Premier,Hard,https://www.wtatennis.com/resources/v7.42.0/i/elements/500k-tag.svg,2018-09-17,2018-09-23,2018,9,Tokyo,JPN,,JP,JPN,392,142,,Asia,East Asia,JPN,125.0,100.0,21010.0,32M/32Q/16D,Toray Pan Pacific Open,,48,3,16.0,5,1.6666666666666667,Kurumi Nara,,https://www.wtatennis.com/resources/v7.42.0/i/elements/flags/jpn.svg,R32,W,"6-4, 7-5",https://www.wtatennis.com/players/314344/kurumi-nara,False,False,False,False,False,False,False,2,True,22,13,9,1,JP,JPN,392,142,Asia,East Asia,JPN,"6,4,None|7,5,None",W,True
1,US Open,https://photoresources.wtatennis.com/photo-resources/2026/04/16/8d0a3d41-7b45-434b-a75b-b7d2eb0922b4/WTA-Tournament_US-Open.png?height=128,https://www.wtatennis.com/tournaments/905/us-open/2018,Grand Slam,Hard,https://www.wtatennis.com/resources/v7.42.0/i/elements/gs-tag.svg,2018-08-27,2018-09-09,2018,8,New York,USA,NY,US,USA,840,019,United States of America|America|USA|US,America,Northern America,USA,3.0,130.0,156000.0,128M/128Q/64D,2018 Us Open Tennis Championships,,55,3,18.333333333333332,6,2.0,Sloane Stephens,3.0,https://www.wtatennis.com/resources/v7.42.0/i/elements/flags/usa.svg,R32,L,"3-6, 4-6",https://www.wtatennis.com/players/315683/sloane-stephens,False,False,False,False,False,False,False,2,False,19,7,12,0,US,USA,840,019,America,Northern America,USA,"3,6,None|4,6,None",W,True
2,US Open,https://photoresources.wtatennis.com/photo-resources/2026/04/16/8d0a3d41-7b45-434b-a75b-b7d2eb0922b4/WTA-Tournament_US-Open.png?height=128,https://www.wtatennis.com/tournaments/905/us-open/2018,Grand Slam,Hard,https://www.wtatennis.com/resources/v7.42.0/i/elements/gs-tag.svg,2018-08-27,2018-09-09,2018,8,New York,AUS,NY,US,USA,840,019,,America,Northern America,USA,32.0,130.0,156000.0,128M/128Q/64D,2018 Us Open Tennis Championships,,55,3,18.333333333333332,6,2.0,Daria Saville,25.0,https://www.wtatennis.com/resources/v7.42.0/i/elements/flags/aus.svg,R64,W,"6-1, 6-2",https://www.wtatennis.com/players/315997/daria-saville,False,False,False,False,False,False,False,2,True,15,12,3,1,AU,AUS,036,009,Oceania,Australasia,AUS,"6,1,None|6,2,None",W,True
3,US Open,https://photoresources.wtatennis.com/photo-resources/2026/04/16/8d0a3d41-7b45-434b-a75b-b7d2eb0922b4/WTA-Tournament_US-Open.png?height=128,https://www.wtatennis.com/tournaments/905/us-open/2018,Grand Slam,Hard,https://www.wtatennis.com/resources/v7.42.0/i/elements/gs-tag.svg,2018-08-27,2018-09-09,2018,8,New York,SVK,NY,US,USA,840,019,,America,Northern America,USA,56.0,130.0,156000.0,128M/128Q/64D,2018 Us Open Tennis Championships,,55,3,18.333333333333332,6,2.0,Viktoria Hruncakova,,https://www.wtatennis.com/resources/v7.42.0/i/elements/flags/svk.svg,R128,W,"6-3, 7-5",https://www.wtatennis.com/players/322277/viktoria-hruncakova,False,False,False,False,False,False,False,2,True,21,13,8,1,SK,SVK,703,150,Europe,Central Europe,SVK,"6,3,None|7,5,None",W,True
1,Western & Southern Open,,https://www.wtatennis.com/tournaments/1017/cincinnati/2018,Premier 5,Hard,https://www.wtatennis.com/resources/v7.42.0/i/elements/1000k-tag.svg,2018-08-13,2018-08-19,2018,8,Cincinnati,FRA,OH,US,USA,840,019,,America,Northern America,USA,5.0,60.0,15180.0,64M/64Q/32D,Western & Southern Open,,53,2,26.5,5,2.5,Caroline Garcia,6.0,https://www.wtatennis.com/resources/v7.42.0/i/elements/flags/fra.svg,R32,L,"4-6, 5-7",https://www.wtatennis.com/players/315391/caroline-garcia,False,False,False,False,False,False,False,2,False,22,9,13,0,FR,FRA,250,150,Europe,Western Europe,FRA,"4,6,None|5,7,None",W,True
2,Western & Southern Open,,https://www.wtatennis.com/tournaments/1017/cincinnati/2018,Premier 5,Hard,https://www.wtatennis.com/resources/v7.42.0/i/elements/1000k-tag.svg,2018-08-13,2018-08-19,2018,8,Cincinnati,ESP,OH,US,USA,840,019,Kingdom of Spain,America,Northern America,USA,25.0,60.0,15180.0,64M/64Q/32D,Western & Southern Open,,53,2,26.5,5,2.5,Carla Suárez Navarro,,https://www.wtatennis.com/resources/v7.42.0/i/elements/flags/esp.svg,R64,W,"6-7 (5), 6-2, 6-4",https://www.wtatennis.com/players/311338/carla-su-rez-navarro,False,False,False,True,False,False,True,3,False,31,18,13,1,ES,ESP,724,150,Europe,Southern Europe,ESP,"6,7,5|6,2,None|6,4,None",W,True
1,Rogers Cup,,https://www.wtatennis.com/tournaments/806/montreal/2018,Premier 5,Hard,https://www.wtatennis.com/resources/v7.42.0/i/elements/1000k-tag.svg,2018-08-06,2018-08-12,2018,8,Montreal,GBR,,CA,CAN,124,019,Britain|UK|Great Britain|United Kingdom,America,Northern America,CAN,43.0,60.0,14860.0,64M/64Q/32D,Rogers Cup Presented By National Bank,,29,2,14.5,4,2.0,Johanna Konta,,https://www.wtatennis.com/resources/v7.42.0/i/elements/flags/gbr.svg,R32,L,"3-6, 1-6",https://www.wtatennis.com/players/313907/johanna-konta,False,False,False,False,False,False,False,2,False,16,4,12,0,GB,GBR,826,150,Europe,Northern Europe,ENG,"3,6,None|1,6,None",W,True
2,Rogers Cup,,https://www.wtatennis.com/tournaments/806/montreal/2018,Premier 5,Hard,https://www.wtatennis.com/resources/v7.42.0/i/elements/1000k-tag.svg,2018-08-06,2018-08-12,2018,8,Montreal,FRA,,CA,CAN,124,019,,America,Northern America,CAN,59.0,60.0,14860.0,64M/64Q/32D,Rogers Cup Presented By National Bank,,29,2,14.5,4,2.0,Kristina Mladenovic,,https://www.wtatennis.com/resources/v7.42.0/i/elements/flags/fra.svg,R64,W,"6-0, 6-1",https://www.wtatennis.com/players/315616/kristina-mladenovic,False,False,False,False,False,False,False,2,True,13,12,1,1,FR,FRA,250,150,Europe,Western Europe,FRA,"6,0,None|6,1,None",W,True
1,Mubadala Silicon Valley Classic,,https://www.wtatennis.com/tournaments/703/san-jose/2018,Premier,Hard,https://www.wtatennis.com/resources/v7.42.0/i/elements/500k-tag.svg,2018-07-30,2018-08-05,2018,7,San Jose,USA,CA,US,USA,840,019,United States of America|America|USA|US,America,Northern America,USA,42.0,100.0,22760.0,32M/16Q/16D,Mubadala Silicon Valley Classic,,121,3,40.333333333333336,7,2.3333333333333335,Danielle Collins,,https://www.wtatennis.com/resources/v7.42.0/i/elements/flags/usa.svg,QF,L,"7-64, 0-3",https://www.wtatennis.com/players/316925/danielle-collins,True,False,False,True,False,False,True,2,True,74,7,67,0,US,USA,840,019,America,Northern America,USA,"7,64,None|0,3,None|Ret",,
2,Mubadala Silicon Valley Classic,,https://www.wtatennis.com/tournaments/703/san-jose/2018,Premier,Hard,https://www.wtatennis.com/resources/v7.42.0/i/elements/500k-tag.svg,2018-07-30,2018-08-05,2018,7,San Jose,RUS,CA,US,USA,840,019,,America,Northern America,USA,101.0,100.0,22760.0,32M/16Q/16D,Mubadala Silicon Valley Classic,,121,3,40.333333333333336,7,2.3333333333333335,Anna Blinkova,,https://www.wtatennis.com/resources/v7.42.0/i/elements/flags/rus.svg,R16,W,"6-1, 6-0",https://www.wtatennis.com/players/324267/anna-blinkova,False,False,False,False,False,False,False,2,True,13,12,1,1,RU,RUS,643,150,Europe,Eastern Europe,RUS,"6,1,None|6,0,None",,
3,Mubadala Silicon Valley Classic,,https://www.wtatennis.com/tournaments/703/san-jose/2018,Premier,Hard,https://www.wtatennis.com/resources/v7.42.0/i/elements/500k-tag.svg,2018-07-30,2018-08-05,2018,7,San Jose,UKR,CA,US,USA,840,019,,America,Northern America,USA,79.0,100.0,22760.0,32M/16Q/16D,Mubadala Silicon Valley Classic,,121,3,40.333333333333336,7,2.3333333333333335,Kateryna Volodko,,https://www.wtatennis.com/resources/v7.42.0/i/elements/flags/ukr.svg,R32,W,"6-3, 6-7 (7), 7-5",https://www.wtatennis.com/players/20702/kateryna-volodko,False,False,False,False,True,False,True,3,True,34,19,15,1,UA,UKR,804,150,Europe,Eastern Europe,UKR,"6,3,None|6,7,7|7,5,None",,
1,Wimbledon,https://photoresources.wtatennis.com/photo-resources/2026/04/16/d29814e6-6e80-4015-b680-9a7f3cb065c3/WTA-Tournament_Wimbledon.png?height=128,https://www.wtatennis.com/tournaments/904/wimbledon/2018,Grand Slam,Grass,https://www.wtatennis.com/resources/v7.42.0/i/elements/gs-tag.svg,2018-07-02,2018-07-15,2018,7,Wimbledon,CZE,,GB,GBR,826,150,,Europe,Northern Europe,ENG,8.0,70.0,86773.0,128M/128Q/64D,The Championships,,40,2,20.0,4,2.0,Karolina Pliskova,7.0,https://www.wtatennis.com/resources/v7.42.0/i/elements/flags/cze.svg,R64,L,"3-6, 3-6",https://www.wtatennis.com/players/313974/karolina-pliskova,False,False,False,False,False,False,False,2,False,18,6,12,0,CZ,CZE,203,150,Europe,Central Europe,CZE,"3,6,None|3,6,None",,
2,Wimbledon,https://photoresources.wtatennis.com/photo-resources/2026/04/16/d29814e6-6e80-4015-b680-9a7f3cb065c3/WTA-Tournament_Wimbledon.png?height=128,https://www.wtatennis.com/tournaments/904/wimbledon/2018,Grand Slam,Grass,https://www.wtatennis.com/resources/v7.42.0/i/elements/gs-tag.svg,2018-07-02,2018-07-15,2018,7,Wimbledon,RUS,,GB,GBR,826,150,,Europe,Northern Europe,ENG,110.0,70.0,86773.0,128M/128Q/64D,The Championships,,40,2,20.0,4,2.0,Ekaterina Alexandrova,,https://www.wtatennis.com/resources/v7.42.0/i/elements/flags/rus.svg,R128,W,"7-6 (4), 6-3",https://www.wtatennis.com/players/319007/ekaterina-alexandrova,False,False,False,True,False,False,True,2,True,22,13,9,1,RU,RUS,643,150,Europe,Eastern Europe,RUS,"7,6,4|6,3,None",,
1,Mallorca Open,,https://www.wtatennis.com/tournaments/1091/mallorca/2018,International,Grass,https://www.wtatennis.com/resources/v7.42.0/i/elements/250k-tag.svg,2018-06-18,2018-06-24,2018,6,Mallorca,CZE,,ES,ESP,724,150,,Europe,Southern Europe,ESP,53.0,30.0,3400.0,32M/32Q/16D,Mallorca Open,,53,2,26.5,5,2.5,Lucie Safarova,7.0,https://www.wtatennis.com/resources/v7.42.0/i/elements/flags/cze.svg,R16,L,"3-6, 4-6",https://www.wtatennis.com/players/310553/lucie-safarova,False,False,False,False,False,False,False,2,False,19,7,12,0,CZ,CZE,203,150,Europe,Central Europe,CZE,"3,6,None|4,6,None",,
2,Mallorca Open,,https://www.wtatennis.com/tournaments/1091/mallorca/2018,International,Grass,https://www.wtatennis.com/resources/v7.42.0/i/elements/250k-tag.svg,2018-06-18,2018-06-24,2018,6,Mallorca,SUI,,ES,ESP,724,150,,Europe,Southern Europe,ESP,93.0,30.0,3400.0,32M/32Q/16D,Mallorca Open,,53,2,26.5,5,2.5,Stefanie Voegele,,https://www.wtatennis.com/resources/v7.42.0/i/elements/flags/sui.svg,R32,W,"6-7 (4), 6-3, 7-5",https://www.wtatennis.com/players/312336/stefanie-voegele,False,False,False,True,False,False,True,3,False,34,19,15,1,CH,CHE,756,150,Europe,Central Europe,SUI,"6,7,4|6,3,None|7,5,None",,
1,Roland Garros,,https://www.wtatennis.com/tournaments/903/roland-garros/2018,Grand Slam,Clay,https://www.wtatennis.com/resources/v7.42.0/i/elements/gs-tag.svg,2018-05-27,2018-06-10,2018,5,Paris,CZE,,FR,FRA,250,150,,Europe,Western Europe,FRA,54.0,10.0,47049.0,128M/128Q/64D,Championnats Internationaux De France,,24,1,24.0,2,2.0,Katerina Siniakova,,https://www.wtatennis.com/resources/v7.42.0/i/elements/flags/cze.svg,R128,L,"5-7, 5-7",https://www.wtatennis.com/players/320301/katerina-siniakova,False,False,False,False,False,False,False,2,False,24,10,14,0,CZ,CZE,203,150,Europe,Central Europe,CZE,"5,7,None|5,7,None",,
1,Internazionali Bnl D'Italia,,https://www.wtatennis.com/tournaments/709/rome/2018,Premier 5,Clay,https://www.wtatennis.com/resources/v7.42.0/i/elements/1000k-tag.svg,2018-05-14,2018-05-20,2018,5,Rome,JPN,,IT,ITA,380,150,,Europe,Southern Europe,ITA,21.0,1.0,9457.0,64M/32Q/32D,Internazionali Bnl D'Italia,,15,1,15.0,2,2.0,Naomi Osaka,,https://www.wtatennis.com/resources/v7.42.0/i/elements/flags/jpn.svg,R64,L,"0-6, 3-6",https://www.wtatennis.com/players/319998/naomi-osaka,False,False,False,False,False,False,False,2,False,15,3,12,0,JP,JPN,392,142,Asia,East Asia,JPN,"0,6,None|3,6,None",,
1,Mutua Madrid Open,,https://www.wtatennis.com/tournaments/1038/madrid/2018,Premier Mandatory,Clay,https://www.wtatennis.com/resources/v7.42.0/i/elements/1000k-tag.svg,2018-05-05,2018-05-12,2018,5,Madrid,CZE,,ES,ESP,724,150,,Europe,Southern Europe,ESP,6.0,65.0,43416.0,64M/32Q/32D,Mutua Madrid Open,,45,2,22.5,5,2.5,Karolina Pliskova,6.0,https://www.wtatennis.com/resources/v7.42.0/i/elements/flags/cze.svg,R32,L,"2-6, 6-1, 5-7",https://www.wtatennis.com/players/313974/karolina-pliskova,False,False,False,False,False,False,False,3,False,27,13,14,0,CZ,CZE,203,150,Europe,Central Europe,CZE,"2,6,None|6,1,None|5,7,None",,
2,Mutua Madrid Open,,https://www.wtatennis.com/tournaments/1038/madrid/2018,Premier Mandatory,Clay,https://www.wtatennis.com/resources/v7.42.0/i/elements/1000k-tag.svg,2018-05-05,2018-05-12,2018,5,Madrid,SRB,,ES,ESP,724,150,,Europe,Southern Europe,ESP,45.0,65.0,43416.0,64M/32Q/32D,Mutua Madrid Open,,45,2,22.5,5,2.5,Aleksandra Krunic,,https://www.wtatennis.com/resources/v7.42.0/i/elements/flags/srb.svg,R64,W,"6-3, 6-3",https://www.wtatennis.com/players/316344/aleksandra-krunic,False,False,False,False,False,False,False,2,True,18,12,6,1,RS,SRB,688,150,Europe,Southeastern Europe,SRB,"6,3,None|6,3,None",,
1,Miami Open,https://photoresources.wtatennis.com/photo-resources/2026/04/16/e0f2d5a2-cc05-4b2a-8377-f57edf6eaaa2/WTA-Tournament_Miami-2024.png?height=128,https://www.wtatennis.com/tournaments/902/miami/2018,Premier Mandatory,Hard,https://www.wtatennis.com/resources/v7.42.0/i/elements/1000k-tag.svg,2018-03-20,2018-03-31,2018,3,Miami,USA,FL,US,USA,840,019,United States of America|America|USA|US,America,Northern America,USA,12.0,390.0,327965.0,128M/64Q/32D,Miami Open Presented By Itau,,176,6,29.333333333333332,14,2.3333333333333335,Sloane Stephens,13.0,https://www.wtatennis.com/resources/v7.42.0/i/elements/flags/usa.svg,SF,L,"6-3, 2-6, 1-6",https://www.wtatennis.com/players/315683/sloane-stephens,False,False,False,False,False,False,False,3,True,24,9,15,0,US,USA,840,019,America,Northern America,USA,"6,3,None|2,6,None|1,6,None",W,True
2,Miami Open,https://photoresources.wtatennis.com/photo-resources/2026/04/16/e0f2d5a2-cc05-4b2a-8377-f57edf6eaaa2/WTA-Tournament_Miami-2024.png?height=128,https://www.wtatennis.com/tournaments/902/miami/2018,Premier Mandatory,Hard,https://www.wtatennis.com/resources/v7.42.0/i/elements/1000k-tag.svg,2018-03-20,2018-03-31,2018,3,Miami,CZE,FL,US,USA,840,019,,America,Northern America,USA,6.0,390.0,327965.0,128M/64Q/32D,Miami Open Presented By Itau,,176,6,29.333333333333332,14,2.3333333333333335,Karolina Pliskova,5.0,https://www.wtatennis.com/resources/v7.42.0/i/elements/flags/cze.svg,QF,W,"7-5, 6-3",https://www.wtatennis.com/players/313974/karolina-pliskova,False,False,False,False,False,False,False,2,True,21,13,8,1,CZ,CZE,203,150,Europe,Central Europe,CZE,"7,5,None|6,3,None",W,True
3,Miami Open,https://photoresources.wtatennis.com/photo-resources/2026/04/16/e0f2d5a2-cc05-4b2a-8377-f57edf6eaaa2/WTA-Tournament_Miami-2024.png?height=128,https://www.wtatennis.com/tournaments/902/miami/2018,Premier Mandatory,Hard,https://www.wtatennis.com/resources/v7.42.0/i/elements/1000k-tag.svg,2018-03-20,2018-03-31,2018,3,Miami,POL,FL,US,USA,840,019,,America,Northern America,USA,32.0,390.0,327965.0,128M/64Q/32D,Miami Open Presented By Itau,,176,6,29.333333333333332,14,2.3333333333333335,Agnieszka Radwanska,30.0,https://www.wtatennis.com/resources/v7.42.0/i/elements/flags/pol.svg,R16,W,"6-2, 6-2",https://www.wtatennis.com/players/312251/agnieszka-radwanska,False,False,False,False,False,False,False,2,True,16,12,4,1,PL,POL,616,150,Europe,Central Europe,POL,"6,2,None|6,2,None",W,True
4,Miami Open,https://photoresources.wtatennis.com/photo-resources/2026/04/16/e0f2d5a2-cc05-4b2a-8377-f57edf6eaaa2/WTA-Tournament_Miami-2024.png?height=128,https://www.wtatennis.com/tournaments/902/miami/2018,Premier Mandatory,Hard,https://www.wtatennis.com/resources/v7.42.0/i/elements/1000k-tag.svg,2018-03-20,2018-03-31,2018,3,Miami,LAT,FL,US,USA,840,019,,America,Northern America,USA,17.0,390.0,327965.0,128M/64Q/32D,Miami Open Presented By Itau,,176,6,29.333333333333332,14,2.3333333333333335,Anastasija Sevastova,20.0,https://www.wtatennis.com/resources/v7.42.0/i/elements/flags/lat.svg,R32,W,"3-6, 6-4, 6-1",https://www.wtatennis.com/players/313987/anastasija-sevastova,False,False,False,False,False,False,False,3,False,26,15,11,1,,,,,,,LAT,"3,6,None|6,4,None|6,1,None",W,True
5,Miami Open,https://photoresources.wtatennis.com/photo-resources/2026/04/16/e0f2d5a2-cc05-4b2a-8377-f57edf6eaaa2/WTA-Tournament_Miami-2024.png?height=128,https://www.wtatennis.com/tournaments/902/miami/2018,Premier Mandatory,Hard,https://www.wtatennis.com/resources/v7.42.0/i/elements/1000k-tag.svg,2018-03-20,2018-03-31,2018,3,Miami,USA,FL,US,USA,840,019,United States of America|America|USA|US,America,Northern America,USA,15.0,390.0,327965.0,128M/64Q/32D,Miami Open Presented By Itau,,176,6,29.333333333333332,14,2.3333333333333335,Madison Keys,14.0,https://www.wtatennis.com/resources/v7.42.0/i/elements/flags/usa.svg,R64,W,"7-65, 2-0",https://www.wtatennis.com/players/316959/madison-keys,True,False,False,True,False,False,True,2,True,74,9,65,1,US,USA,840,019,America,Northern America,USA,"7,65,None|2,0,None|Ret",W,True
6,Miami Open,https://photoresources.wtatennis.com/photo-resources/2026/04/16/e0f2d5a2-cc05-4b2a-8377-f57edf6eaaa2/WTA-Tournament_Miami-2024.png?height=128,https://www.wtatennis.com/tournaments/902/miami/2018,Premier Mandatory,Hard,https://www.wtatennis.com/resources/v7.42.0/i/elements/1000k-tag.svg,2018-03-20,2018-03-31,2018,3,Miami,USA,FL,US,USA,840,019,United States of America|America|USA|US,America,Northern America,USA,44.0,390.0,327965.0,128M/64Q/32D,Miami Open Presented By Itau,,176,6,29.333333333333332,14,2.3333333333333335,Catherine Bellis,,https://www.wtatennis.com/resources/v7.42.0/i/elements/flags/usa.svg,R128,W,"6-3, 6-0",https://www.wtatennis.com/players/322526/catherine-bellis,False,False,False,False,False,False,False,2,True,15,12,3,1,US,USA,840,019,America,Northern America,USA,"6,3,None|6,0,None",W,True
1,Bnp Paribas Open,https://photoresources.wtatennis.com/photo-resources/2026/04/16/a1736320-dd92-4829-8aa8-846c2edef410/WTA-Tournament_Indian-Wells-2017.png?height=128,https://www.wtatennis.com/tournaments/609/indian-wells/2018,Premier Mandatory,Hard,https://www.wtatennis.com/resources/v7.42.0/i/elements/1000k-tag.svg,2018-03-07,2018-03-18,2018,3,Indian Wells,USA,CA,US,USA,840,019,United States of America|America|USA|US,America,Northern America,USA,13.0,35.0,25465.0,128M/64Q/32D,Bnp Paribas Open,,37,2,18.5,4,2.0,Sloane Stephens,13.0,https://www.wtatennis.com/resources/v7.42.0/i/elements/flags/usa.svg,R64,L,"1-6, 5-7",https://www.wtatennis.com/players/315683/sloane-stephens,False,False,False,False,False,False,False,2,False,19,6,13,0,US,USA,840,019,America,Northern America,USA,"1,6,None|5,7,None",W,True
2,Bnp Paribas Open,https://photoresources.wtatennis.com/photo-resources/2026/04/16/a1736320-dd92-4829-8aa8-846c2edef410/WTA-Tournament_Indian-Wells-2017.png?height=128,https://www.wtatennis.com/tournaments/609/indian-wells/2018,Premier Mandatory,Hard,https://www.wtatennis.com/resources/v7.42.0/i/elements/1000k-tag.svg,2018-03-07,2018-03-18,2018,3,Indian Wells,GBR,CA,US,USA,840,019,Britain|UK|Great Britain|United Kingdom,America,Northern America,USA,70.0,35.0,25465.0,128M/64Q/32D,Bnp Paribas Open,,37,2,18.5,4,2.0,Heather Watson,,https://www.wtatennis.com/resources/v7.42.0/i/elements/flags/gbr.svg,R128,W,"6-4, 6-2",https://www.wtatennis.com/players/316981/heather-watson,False,False,False,False,False,False,False,2,True,18,12,6,1,GB,GBR,826,150,Europe,Northern Europe,ENG,"6,4,None|6,2,None",W,True
1,Wimbledon,https://photoresources.wtatennis.com/photo-resources/2026/04/16/d29814e6-6e80-4015-b680-9a7f3cb065c3/WTA-Tournament_Wimbledon.png?height=128,https://www.wtatennis.com/tournaments/904/wimbledon/2017,Grand Slam,Grass,https://www.wtatennis.com/resources/v7.42.0/i/elements/gs-tag.svg,2017-07-03,2017-07-16,2017,7,Wimbledon,ROU,,GB,GBR,826,150,,Europe,Northern Europe,ENG,2.0,240.0,182408.0,128M/128Q/64D,The Championships,,89,4,22.25,10,2.5,Simona Halep,2.0,https://www.wtatennis.com/resources/v7.42.0/i/elements/flags/rou.svg,R16,L,"6-7 (3), 2-6",https://www.wtatennis.com/players/314320/simona-halep,False,False,False,True,False,False,True,2,False,21,8,13,0,RO,ROU,642,150,Europe,Southeastern Europe,ROU,"6,7,3|2,6,None",,
2,Wimbledon,https://photoresources.wtatennis.com/photo-resources/2026/04/16/d29814e6-6e80-4015-b680-9a7f3cb065c3/WTA-Tournament_Wimbledon.png?height=128,https://www.wtatennis.com/tournaments/904/wimbledon/2017,Grand Slam,Grass,https://www.wtatennis.com/resources/v7.42.0/i/elements/gs-tag.svg,2017-07-03,2017-07-16,2017,7,Wimbledon,GBR,,GB,GBR,826,150,Britain|UK|Great Britain|United Kingdom,Europe,Northern Europe,ENG,102.0,240.0,182408.0,128M/128Q/64D,The Championships,,89,4,22.25,10,2.5,Heather Watson,,https://www.wtatennis.com/resources/v7.42.0/i/elements/flags/gbr.svg,R32,W,"3-6, 6-1, 6-4",https://www.wtatennis.com/players/316981/heather-watson,False,False,False,False,False,False,False,3,False,26,15,11,1,GB,GBR,826,150,Europe,Northern Europe,ENG,"3,6,None|6,1,None|6,4,None",,
3,Wimbledon,https://photoresources.wtatennis.com/photo-resources/2026/04/16/d29814e6-6e80-4015-b680-9a7f3cb065c3/WTA-Tournament_Wimbledon.png?height=128,https://www.wtatennis.com/tournaments/904/wimbledon/2017,Grand Slam,Grass,https://www.wtatennis.com/resources/v7.42.0/i/elements/gs-tag.svg,2017-07-03,2017-07-16,2017,7,Wimbledon,RUS,,GB,GBR,826,150,,Europe,Northern Europe,ENG,16.0,240.0,182408.0,128M/128Q/64D,The Championships,,89,4,22.25,10,2.5,Elena Vesnina,15.0,https://www.wtatennis.com/resources/v7.42.0/i/elements/flags/rus.svg,R64,W,"6-3, 6-3",https://www.wtatennis.com/players/311220/elena-vesnina,False,False,False,False,False,False,False,2,True,18,12,6,1,RU,RUS,643,150,Europe,Eastern Europe,RUS,"6,3,None|6,3,None",,
4,Wimbledon,https://photoresources.wtatennis.com/photo-resources/2026/04/16/d29814e6-6e80-4015-b680-9a7f3cb065c3/WTA-Tournament_Wimbledon.png?height=128,https://www.wtatennis.com/tournaments/904/wimbledon/2017,Grand Slam,Grass,https://www.wtatennis.com/resources/v7.42.0/i/elements/gs-tag.svg,2017-07-03,2017-07-16,2017,7,Wimbledon,USA,,GB,GBR,826,150,United States of America|America|USA|US,Europe,Northern Europe,ENG,40.0,240.0,182408.0,128M/128Q/64D,The Championships,,89,4,22.25,10,2.5,Catherine Bellis,,https://www.wtatennis.com/resources/v7.42.0/i/elements/flags/usa.svg,R128,W,"3-6, 6-2, 6-1",https://www.wtatennis.com/players/322526/catherine-bellis,False,False,False,False,False,False,False,3,False,24,15,9,1,US,USA,840,019,America,Northern America,USA,"3,6,None|6,2,None|6,1,None",,
1,Mallorca Open,,https://www.wtatennis.com/tournaments/1091/mallorca/2017,International,Grass,https://www.wtatennis.com/resources/v7.42.0/i/elements/250k-tag.svg,2017-06-19,2017-06-25,2017,6,Mallorca,CRO,,ES,ESP,724,150,,Europe,Southern Europe,ESP,28.0,30.0,3400.0,32M/32Q/16D,Mallorca Open,,48,2,24.0,5,2.5,Ana Konjuh,7.0,https://www.wtatennis.com/resources/v7.42.0/i/elements/flags/cro.svg,R16,L,"1-6, 3-6",https://www.wtatennis.com/players/320682/ana-konjuh,False,False,False,False,False,False,False,2,False,16,4,12,0,HR,HRV,191,150,Europe,Southeastern Europe,CRO,"1,6,None|3,6,None",W,True
2,Mallorca Open,,https://www.wtatennis.com/tournaments/1091/mallorca/2017,International,Grass,https://www.wtatennis.com/resources/v7.42.0/i/elements/250k-tag.svg,2017-06-19,2017-06-25,2017,6,Mallorca,JPN,,ES,ESP,724,150,,Europe,Southern Europe,ESP,74.0,30.0,3400.0,32M/32Q/16D,Mallorca Open,,48,2,24.0,5,2.5,Risa Ozaki,,https://www.wtatennis.com/resources/v7.42.0/i/elements/flags/jpn.svg,R32,W,"6-3, 4-6, 7-6 (7)",https://www.wtatennis.com/players/318704/risa-ozaki,False,False,False,False,False,True,True,3,True,32,17,15,1,JP,JPN,392,142,Asia,East Asia,JPN,"6,3,None|4,6,None|7,6,7",W,True
1,Roland Garros,,https://www.wtatennis.com/tournaments/903/roland-garros/2016,Grand Slam,Clay,https://www.wtatennis.com/resources/v7.42.0/i/elements/gs-tag.svg,2016-05-22,2016-06-05,2016,5,Paris,ITA,,FR,FRA,250,150,,Europe,Western Europe,FRA,118.0,10.0,32314.0,128M/96Q/64D,Championnats Internationaux De France,,86,1,86.0,3,3.0,Karin Knapp,,https://www.wtatennis.com/resources/v7.42.0/i/elements/flags/ita.svg,R128,L,"3-6, 7-66, 0-4",https://www.wtatennis.com/players/311299/karin-knapp,True,False,False,False,True,False,True,3,False,86,10,76,0,IT,ITA,380,150,Europe,Southern Europe,ITA,"3,6,None|7,66,None|0,4,None|Ret",,
1,Internazionali Bnl D'Italia,,https://www.wtatennis.com/tournaments/709/rome/2016,Premier 5,Clay,https://www.wtatennis.com/resources/v7.42.0/i/elements/1000k-tag.svg,2016-05-09,2016-05-15,2016,5,Rome,ROU,,IT,ITA,380,150,,Europe,Southern Europe,ITA,35.0,1.0,15680.0,64M/32Q/32D,Internazionali Bnl D'Italia,,17,1,17.0,2,2.0,Irina-Camelia Begu,,https://www.wtatennis.com/resources/v7.42.0/i/elements/flags/rou.svg,R32,L,"3-6, 2-6",https://www.wtatennis.com/players/313169/irina-camelia-begu,False,False,False,False,False,False,False,2,False,17,5,12,0,RO,ROU,642,150,Europe,Southeastern Europe,ROU,"3,6,None|2,6,None",,
2,Internazionali Bnl D'Italia,,https://www.wtatennis.com/tournaments/709/rome/2016,Premier 5,Clay,https://www.wtatennis.com/resources/v7.42.0/i/elements/1000k-tag.svg,2016-05-09,2016-05-15,2016,5,Rome,,,IT,ITA,380,150,,Europe,Southern Europe,ITA,,1.0,15680.0,64M/32Q/32D,Internazionali Bnl D'Italia,,17,1,17.0,2,2.0,,,,R64,,Bye,,False,False,True,False,False,False,False,0,False,0,0,0,0,,,,,,,,,,
1,Mutua Madrid Open,,https://www.wtatennis.com/tournaments/1038/madrid/2016,Premier Mandatory,Clay,https://www.wtatennis.com/resources/v7.42.0/i/elements/1000k-tag.svg,2016-04-30,2016-05-07,2016,4,Madrid,USA,,ES,ESP,724,150,United States of America|America|USA|US,Europe,Southern Europe,ESP,130.0,120.0,68213.0,64M/32Q/32D,Mutua Madrid Open,,35,2,17.5,4,2.0,Louisa Chirico,,https://www.wtatennis.com/resources/v7.42.0/i/elements/flags/usa.svg,R16,L,Walkover,https://www.wtatennis.com/players/320218/louisa-chirico,False,True,False,False,False,False,False,0,False,0,0,0,0,US,USA,840,019,America,Northern America,USA,,,
2,Mutua Madrid Open,,https://www.wtatennis.com/tournaments/1038/madrid/2016,Premier Mandatory,Clay,https://www.wtatennis.com/resources/v7.42.0/i/elements/1000k-tag.svg,2016-04-30,2016-05-07,2016,4,Madrid,FRA,,ES,ESP,724,150,,Europe,Southern Europe,ESP,48.0,120.0,68213.0,64M/32Q/32D,Mutua Madrid Open,,35,2,17.5,4,2.0,Alizé Cornet,,https://www.wtatennis.com/resources/v7.42.0/i/elements/flags/fra.svg,R32,W,"6-3, 6-2",https://www.wtatennis.com/players/312121/aliz-cornet,False,False,False,False,False,False,False,2,True,17,12,5,1,FR,FRA,250,150,Europe,Western Europe,FRA,"6,3,None|6,2,None",,
3,Mutua Madrid Open,,https://www.wtatennis.com/tournaments/1038/madrid/2016,Premier Mandatory,Clay,https://www.wtatennis.com/resources/v7.42.0/i/elements/1000k-tag.svg,2016-04-30,2016-05-07,2016,4,Madrid,GBR,,ES,ESP,724,150,Britain|UK|Great Britain|United Kingdom,Europe,Southern Europe,ESP,339.0,120.0,68213.0,64M/32Q/32D,Mutua Madrid Open,,35,2,17.5,4,2.0,Laura Robson,,https://www.wtatennis.com/resources/v7.42.0/i/elements/flags/gbr.svg,R64,W,"6-4, 6-2",https://www.wtatennis.com/players/316629/laura-robson,False,False,False,False,False,False,False,2,True,18,12,6,1,GB,GBR,826,150,Europe,Northern Europe,ENG,"6,4,None|6,2,None",,
1,Fed Cup World Group (Playoffs) Wk2,https://www.wtatennis.com/resources/v7.42.0/i/elements/itf.png,,ITF,Clay,https://www.wtatennis.com/resources/v7.42.0/i/elements/itf.png,2016-04-16,2016-04-17,2016,4,Moscow,RUS,,RU,RUS,643,150,,Europe,Eastern Europe,RUS,47.0,,,8M/0Q/2D,Fed Cup World Group (Playoffs) Wk2,,46,2,23.0,5,2.5,Margarita Gasparyan,,https://www.wtatennis.com/resources/v7.42.0/i/elements/flags/rus.svg,Round 2 R2,W,"6-2, 6-3",https://www.wtatennis.com/players/317938/margarita-gasparyan,False,False,False,False,False,False,False,2,True,17,12,5,1,RU,RUS,643,150,Europe,Eastern Europe,RUS,"6,2,None|6,3,None",,
2,Fed Cup World Group (Playoffs) Wk2,https://www.wtatennis.com/resources/v7.42.0/i/elements/itf.png,,ITF,Clay,https://www.wtatennis.com/resources/v7.42.0/i/elements/itf.png,2016-04-16,2016-04-17,2016,4,Moscow,AUS,,RU,RUS,643,150,,Europe,Eastern Europe,RUS,32.0,,,8M/0Q/2D,Fed Cup World Group (Playoffs) Wk2,,46,2,23.0,5,2.5,Daria Kasatkina,,https://www.wtatennis.com/resources/v7.42.0/i/elements/flags/aus.svg,Round 2 R2,W,"6-2, 5-7, 6-3",https://www.wtatennis.com/players/322082/daria-kasatkina,False,False,False,False,False,False,False,3,True,29,17,12,1,AU,AUS,036,009,Oceania,Australasia,AUS,"6,2,None|5,7,None|6,3,None",,
1,Miami Open,https://photoresources.wtatennis.com/photo-resources/2026/04/16/e0f2d5a2-cc05-4b2a-8377-f57edf6eaaa2/WTA-Tournament_Miami-2024.png?height=128,https://www.wtatennis.com/tournaments/902/miami/2016,Premier Mandatory,Hard,https://www.wtatennis.com/resources/v7.42.0/i/elements/1000k-tag.svg,2016-03-22,2016-04-03,2016,3,Miami,RUS,FL,US,USA,840,019,,America,Northern America,USA,19.0,1000.0,1028300.0,128M/48Q/32D,Miami Open Presented By Itau,,114,6,19.0,12,2.0,Svetlana Kuznetsova,15.0,https://www.wtatennis.com/resources/v7.42.0/i/elements/flags/rus.svg,F,W,"6-3, 6-2",https://www.wtatennis.com/players/110552/svetlana-kuznetsova,False,False,False,False,False,False,False,2,True,17,12,5,1,RU,RUS,643,150,Europe,Eastern Europe,RUS,"6,3,None|6,2,None",,
2,Miami Open,https://photoresources.wtatennis.com/photo-resources/2026/04/16/e0f2d5a2-cc05-4b2a-8377-f57edf6eaaa2/WTA-Tournament_Miami-2024.png?height=128,https://www.wtatennis.com/tournaments/902/miami/2016,Premier Mandatory,Hard,https://www.wtatennis.com/resources/v7.42.0/i/elements/1000k-tag.svg,2016-03-22,2016-04-03,2016,3,Miami,GER,FL,US,USA,840,019,,America,Northern America,USA,3.0,1000.0,1028300.0,128M/48Q/32D,Miami Open Presented By Itau,,114,6,19.0,12,2.0,Angelique Kerber,2.0,https://www.wtatennis.com/resources/v7.42.0/i/elements/flags/ger.svg,SF,W,"6-2, 7-5",https://www.wtatennis.com/players/311470/angelique-kerber,False,False,False,False,False,False,False,2,True,20,13,7,1,DE,DEU,276,150,Europe,Central Europe,GER,"6,2,None|7,5,None",,
3,Miami Open,https://photoresources.wtatennis.com/photo-resources/2026/04/16/e0f2d5a2-cc05-4b2a-8377-f57edf6eaaa2/WTA-Tournament_Miami-2024.png?height=128,https://www.wtatennis.com/tournaments/902/miami/2016,Premier Mandatory,Hard,https://www.wtatennis.com/resources/v7.42.0/i/elements/1000k-tag.svg,2016-03-22,2016-04-03,2016,3,Miami,GBR,FL,US,USA,840,019,Britain|UK|Great Britain|United Kingdom,America,Northern America,USA,23.0,1000.0,1028300.0,128M/48Q/32D,Miami Open Presented By Itau,,114,6,19.0,12,2.0,Johanna Konta,24.0,https://www.wtatennis.com/resources/v7.42.0/i/elements/flags/gbr.svg,QF,W,"6-4, 6-2",https://www.wtatennis.com/players/313907/johanna-konta,False,False,False,False,False,False,False,2,True,18,12,6,1,GB,GBR,826,150,Europe,Northern Europe,ENG,"6,4,None|6,2,None",,
4,Miami Open,https://photoresources.wtatennis.com/photo-resources/2026/04/16/e0f2d5a2-cc05-4b2a-8377-f57edf6eaaa2/WTA-Tournament_Miami-2024.png?height=128,https://www.wtatennis.com/tournaments/902/miami/2016,Premier Mandatory,Hard,https://www.wtatennis.com/resources/v7.42.0/i/elements/1000k-tag.svg,2016-03-22,2016-04-03,2016,3,Miami,ESP,FL,US,USA,840,019,Kingdom of Spain,America,Northern America,USA,4.0,1000.0,1028300.0,128M/48Q/32D,Miami Open Presented By Itau,,114,6,19.0,12,2.0,Garbiñe Muguruza,4.0,https://www.wtatennis.com/resources/v7.42.0/i/elements/flags/esp.svg,R16,W,"7-6 (6), 7-6 (4)",https://www.wtatennis.com/players/316239/garbi-e-muguruza,False,False,False,True,True,False,True,2,True,26,14,12,1,ES,ESP,724,150,Europe,Southern Europe,ESP,"7,6,6|7,6,4",,
5,Miami Open,https://photoresources.wtatennis.com/photo-resources/2026/04/16/e0f2d5a2-cc05-4b2a-8377-f57edf6eaaa2/WTA-Tournament_Miami-2024.png?height=128,https://www.wtatennis.com/tournaments/902/miami/2016,Premier Mandatory,Hard,https://www.wtatennis.com/resources/v7.42.0/i/elements/1000k-tag.svg,2016-03-22,2016-04-03,2016,3,Miami,POL,FL,US,USA,840,019,,America,Northern America,USA,110.0,1000.0,1028300.0,128M/48Q/32D,Miami Open Presented By Itau,,114,6,19.0,12,2.0,Magda Linette,,https://www.wtatennis.com/resources/v7.42.0/i/elements/flags/pol.svg,R32,W,"6-3, 6-0",https://www.wtatennis.com/players/315130/magda-linette,False,False,False,False,False,False,False,2,True,15,12,3,1,PL,POL,616,150,Europe,Central Europe,POL,"6,3,None|6,0,None",,
6,Miami Open,https://photoresources.wtatennis.com/photo-resources/2026/04/16/e0f2d5a2-cc05-4b2a-8377-f57edf6eaaa2/WTA-Tournament_Miami-2024.png?height=128,https://www.wtatennis.com/tournaments/902/miami/2016,Premier Mandatory,Hard,https://www.wtatennis.com/resources/v7.42.0/i/elements/1000k-tag.svg,2016-03-22,2016-04-03,2016,3,Miami,PUR,FL,US,USA,840,019,,America,Northern America,USA,67.0,1000.0,1028300.0,128M/48Q/32D,Miami Open Presented By Itau,,114,6,19.0,12,2.0,Monica Puig,,https://www.wtatennis.com/resources/v7.42.0/i/elements/flags/pur.svg,R64,W,"6-2, 6-4",https://www.wtatennis.com/players/317755/monica-puig,False,False,False,False,False,False,False,2,True,18,12,6,1,PR,PRI,630,019,America,Caribbean,PUR,"6,2,None|6,4,None",,
7,Miami Open,https://photoresources.wtatennis.com/photo-resources/2026/04/16/e0f2d5a2-cc05-4b2a-8377-f57edf6eaaa2/WTA-Tournament_Miami-2024.png?height=128,https://www.wtatennis.com/tournaments/902/miami/2016,Premier Mandatory,Hard,https://www.wtatennis.com/resources/v7.42.0/i/elements/1000k-tag.svg,2016-03-22,2016-04-03,2016,3,Miami,,FL,US,USA,840,019,,America,Northern America,USA,,1000.0,1028300.0,128M/48Q/32D,Miami Open Presented By Itau,,114,6,19.0,12,2.0,,,,R128,,Bye,,False,False,True,False,False,False,False,0,False,0,0,0,0,,,,,,,,,,
1,Bnp Paribas Open,https://photoresources.wtatennis.com/photo-resources/2026/04/16/a1736320-dd92-4829-8aa8-846c2edef410/WTA-Tournament_Indian-Wells-2017.png?height=128,https://www.wtatennis.com/tournaments/609/indian-wells/2016,Premier Mandatory,Hard,https://www.wtatennis.com/resources/v7.42.0/i/elements/1000k-tag.svg,2016-03-09,2016-03-20,2016,3,Indian Wells,USA,CA,US,USA,840,019,United States of America|America|USA|US,America,Northern America,USA,1.0,1000.0,1028300.0,128M/48Q/32D,Bnp Paribas Open,,120,6,20.0,14,2.3333333333333335,Serena Williams,1.0,https://www.wtatennis.com/resources/v7.42.0/i/elements/flags/usa.svg,F,W,"6-4, 6-4",https://www.wtatennis.com/players/230234/serena-williams,False,False,False,False,False,False,False,2,True,20,12,8,1,US,USA,840,019,America,Northern America,USA,"6,4,None|6,4,None",,
2,Bnp Paribas Open,https://photoresources.wtatennis.com/photo-resources/2026/04/16/a1736320-dd92-4829-8aa8-846c2edef410/WTA-Tournament_Indian-Wells-2017.png?height=128,https://www.wtatennis.com/tournaments/609/indian-wells/2016,Premier Mandatory,Hard,https://www.wtatennis.com/resources/v7.42.0/i/elements/1000k-tag.svg,2016-03-09,2016-03-20,2016,3,Indian Wells,CZE,CA,US,USA,840,019,,America,Northern America,USA,19.0,1000.0,1028300.0,128M/48Q/32D,Bnp Paribas Open,,120,6,20.0,14,2.3333333333333335,Karolina Pliskova,18.0,https://www.wtatennis.com/resources/v7.42.0/i/elements/flags/cze.svg,SF,W,"7-6 (1), 1-6, 6-2",https://www.wtatennis.com/players/313974/karolina-pliskova,False,False,False,True,False,False,True,3,True,28,14,14,1,CZ,CZE,203,150,Europe,Central Europe,CZE,"7,6,1|1,6,None|6,2,None",,
3,Bnp Paribas Open,https://photoresources.wtatennis.com/photo-resources/2026/04/16/a1736320-dd92-4829-8aa8-846c2edef410/WTA-Tournament_Indian-Wells-2017.png?height=128,https://www.wtatennis.com/tournaments/609/indian-wells/2016,Premier Mandatory,Hard,https://www.wtatennis.com/resources/v7.42.0/i/elements/1000k-tag.svg,2016-03-09,2016-03-20,2016,3,Indian Wells,SVK,CA,US,USA,840,019,,America,Northern America,USA,97.0,1000.0,1028300.0,128M/48Q/32D,Bnp Paribas Open,,120,6,20.0,14,2.3333333333333335,Magdalena Rybarikova,,https://www.wtatennis.com/resources/v7.42.0/i/elements/flags/svk.svg,QF,W,"6-0, 6-0",https://www.wtatennis.com/players/312580/magdalena-rybarikova,False,False,False,False,False,False,False,2,True,12,12,0,1,SK,SVK,703,150,Europe,Central Europe,SVK,"6,0,None|6,0,None",,
4,Bnp Paribas Open,https://photoresources.wtatennis.com/photo-resources/2026/04/16/a1736320-dd92-4829-8aa8-846c2edef410/WTA-Tournament_Indian-Wells-2017.png?height=128,https://www.wtatennis.com/tournaments/609/indian-wells/2016,Premier Mandatory,Hard,https://www.wtatennis.com/resources/v7.42.0/i/elements/1000k-tag.svg,2016-03-09,2016-03-20,2016,3,Indian Wells,AUS,CA,US,USA,840,019,,America,Northern America,USA,28.0,1000.0,1028300.0,128M/48Q/32D,Bnp Paribas Open,,120,6,20.0,14,2.3333333333333335,Samantha Stosur,26.0,https://www.wtatennis.com/resources/v7.42.0/i/elements/flags/aus.svg,R16,W,"6-1, 4-6, 6-1",https://www.wtatennis.com/players/190787/samantha-stosur,False,False,False,False,False,False,False,3,True,24,16,8,1,AU,AUS,036,009,Oceania,Australasia,AUS,"6,1,None|4,6,None|6,1,None",,
5,Bnp Paribas Open,https://photoresources.wtatennis.com/photo-resources/2026/04/16/a1736320-dd92-4829-8aa8-846c2edef410/WTA-Tournament_Indian-Wells-2017.png?height=128,https://www.wtatennis.com/tournaments/609/indian-wells/2016,Premier Mandatory,Hard,https://www.wtatennis.com/resources/v7.42.0/i/elements/1000k-tag.svg,2016-03-09,2016-03-20,2016,3,Indian Wells,CHN,CA,US,USA,840,019,,America,Northern America,USA,69.0,1000.0,1028300.0,128M/48Q/32D,Bnp Paribas Open,,120,6,20.0,14,2.3333333333333335,Shuai Zhang,,https://www.wtatennis.com/resources/v7.42.0/i/elements/flags/chn.svg,R32,W,"6-4, 6-3",https://www.wtatennis.com/players/311779/shuai-zhang,False,False,False,False,False,False,False,2,True,19,12,7,1,CN,CHN,156,142,Asia,East Asia,CHN,"6,4,None|6,3,None",,
6,Bnp Paribas Open,https://photoresources.wtatennis.com/photo-resources/2026/04/16/a1736320-dd92-4829-8aa8-846c2edef410/WTA-Tournament_Indian-Wells-2017.png?height=128,https://www.wtatennis.com/tournaments/609/indian-wells/2016,Premier Mandatory,Hard,https://www.wtatennis.com/resources/v7.42.0/i/elements/1000k-tag.svg,2016-03-09,2016-03-20,2016,3,Indian Wells,KAZ,CA,US,USA,840,019,,America,Northern America,USA,87.0,1000.0,1028300.0,128M/48Q/32D,Bnp Paribas Open,,120,6,20.0,14,2.3333333333333335,Zarina Diyas,,https://www.wtatennis.com/resources/v7.42.0/i/elements/flags/kaz.svg,R64,W,"6-3, 6-2",https://www.wtatennis.com/players/315696/zarina-diyas,False,False,False,False,False,False,False,2,True,17,12,5,1,KZ,KAZ,398,142,Asia,Central Asia,KAZ,"6,3,None|6,2,None",,
7,Bnp Paribas Open,https://photoresources.wtatennis.com/photo-resources/2026/04/16/a1736320-dd92-4829-8aa8-846c2edef410/WTA-Tournament_Indian-Wells-2017.png?height=128,https://www.wtatennis.com/tournaments/609/indian-wells/2016,Premier Mandatory,Hard,https://www.wtatennis.com/resources/v7.42.0/i/elements/1000k-tag.svg,2016-03-09,2016-03-20,2016,3,Indian Wells,,CA,US,USA,840,019,,America,Northern America,USA,,1000.0,1028300.0,128M/48Q/32D,Bnp Paribas Open,,120,6,20.0,14,2.3333333333333335,,,,R128,,Bye,,False,False,True,False,False,False,False,0,False,0,0,0,0,,,,,,,,,,
1,Abierto Mexicano,,https://www.wtatennis.com/tournaments/1002/acapulco/2016,International,Hard,https://www.wtatennis.com/resources/v7.42.0/i/elements/250k-tag.svg,2016-02-22,2016-02-27,2016,2,Acapulco,SVK,,MX,MEX,484,019,,America,Central America,MEX,66.0,30.0,3400.0,32M/24Q/16D,Abierto Mexicano Telcel Presentado Por Hsbc,,26,1,26.0,3,3.0,Dominika Cibulkova,,https://www.wtatennis.com/resources/v7.42.0/i/elements/flags/svk.svg,R16,L,Walkover,https://www.wtatennis.com/players/312894/dominika-cibulkova,False,True,False,False,False,False,False,0,False,0,0,0,0,SK,SVK,703,150,Europe,Central Europe,SVK,,,
2,Abierto Mexicano,,https://www.wtatennis.com/tournaments/1002/acapulco/2016,International,Hard,https://www.wtatennis.com/resources/v7.42.0/i/elements/250k-tag.svg,2016-02-22,2016-02-27,2016,2,Acapulco,SLO,,MX,MEX,484,019,,America,Central America,MEX,82.0,30.0,3400.0,32M/24Q/16D,Abierto Mexicano Telcel Presentado Por Hsbc,,26,1,26.0,3,3.0,Polona Hercog,,https://www.wtatennis.com/resources/v7.42.0/i/elements/flags/slo.svg,R32,W,"4-6, 6-3, 6-1",https://www.wtatennis.com/players/313968/polona-hercog,False,False,False,False,False,False,False,3,False,26,16,10,1,,,,,,,SLO,"4,6,None|6,3,None|6,1,None",,
1,Australian Open,https://photoresources.wtatennis.com/photo-resources/2026/04/16/6b041ce4-8b08-4fff-be75-89d1c452c157/WTA-Tournament_Australian-Open.png?height=128,https://www.wtatennis.com/tournaments/901/australian-open/2016,Grand Slam,Hard,https://www.wtatennis.com/resources/v7.42.0/i/elements/gs-tag.svg,2016-01-18,2016-01-31,2016,1,Melbourne,GER,,AU,AUS,036,009,,Oceania,Australasia,AUS,6.0,430.0,281663.0,128M/128Q/64D,Australian Open,,80,5,16.0,10,2.0,Angelique Kerber,7.0,https://www.wtatennis.com/resources/v7.42.0/i/elements/flags/ger.svg,QF,L,"3-6, 5-7",https://www.wtatennis.com/players/311470/angelique-kerber,False,False,False,False,False,False,False,2,False,21,8,13,0,DE,DEU,276,150,Europe,Central Europe,GER,"3,6,None|5,7,None",,
2,Australian Open,https://photoresources.wtatennis.com/photo-resources/2026/04/16/6b041ce4-8b08-4fff-be75-89d1c452c157/WTA-Tournament_Australian-Open.png?height=128,https://www.wtatennis.com/tournaments/901/australian-open/2016,Grand Slam,Hard,https://www.wtatennis.com/resources/v7.42.0/i/elements/gs-tag.svg,2016-01-18,2016-01-31,2016,1,Melbourne,CZE,,AU,AUS,036,009,,Oceania,Australasia,AUS,48.0,430.0,281663.0,128M/128Q/64D,Australian Open,,80,5,16.0,10,2.0,Barbora Strycova,,https://www.wtatennis.com/resources/v7.42.0/i/elements/flags/cze.svg,R16,W,"6-2, 6-4",https://www.wtatennis.com/players/190879/barbora-strycova,False,False,False,False,False,False,False,2,True,18,12,6,1,CZ,CZE,203,150,Europe,Central Europe,CZE,"6,2,None|6,4,None",,
3,Australian Open,https://photoresources.wtatennis.com/photo-resources/2026/04/16/6b041ce4-8b08-4fff-be75-89d1c452c157/WTA-Tournament_Australian-Open.png?height=128,https://www.wtatennis.com/tournaments/901/australian-open/2016,Grand Slam,Hard,https://www.wtatennis.com/resources/v7.42.0/i/elements/gs-tag.svg,2016-01-18,2016-01-31,2016,1,Melbourne,JPN,,AU,AUS,036,009,,Oceania,Australasia,AUS,127.0,430.0,281663.0,128M/128Q/64D,Australian Open,,80,5,16.0,10,2.0,Naomi Osaka,,https://www.wtatennis.com/resources/v7.42.0/i/elements/flags/jpn.svg,R32,W,"6-1, 6-1",https://www.wtatennis.com/players/319998/naomi-osaka,False,False,False,False,False,False,False,2,True,14,12,2,1,JP,JPN,392,142,Asia,East Asia,JPN,"6,1,None|6,1,None",,
4,Australian Open,https://photoresources.wtatennis.com/photo-resources/2026/04/16/6b041ce4-8b08-4fff-be75-89d1c452c157/WTA-Tournament_Australian-Open.png?height=128,https://www.wtatennis.com/tournaments/901/australian-open/2016,Grand Slam,Hard,https://www.wtatennis.com/resources/v7.42.0/i/elements/gs-tag.svg,2016-01-18,2016-01-31,2016,1,Melbourne,MNE,,AU,AUS,036,009,,Oceania,Australasia,AUS,54.0,430.0,281663.0,128M/128Q/64D,Australian Open,,80,5,16.0,10,2.0,Danka Kovinic,,https://www.wtatennis.com/resources/v7.42.0/i/elements/flags/mne.svg,R64,W,"6-1, 6-2",https://www.wtatennis.com/players/317684/danka-kovinic,False,False,False,False,False,False,False,2,True,15,12,3,1,ME,MNE,499,150,Europe,Southeastern Europe,MNE,"6,1,None|6,2,None",,
5,Australian Open,https://photoresources.wtatennis.com/photo-resources/2026/04/16/6b041ce4-8b08-4fff-be75-89d1c452c157/WTA-Tournament_Australian-Open.png?height=128,https://www.wtatennis.com/tournaments/901/australian-open/2016,Grand Slam,Hard,https://www.wtatennis.com/resources/v7.42.0/i/elements/gs-tag.svg,2016-01-18,2016-01-31,2016,1,Melbourne,BEL,,AU,AUS,036,009,,Oceania,Australasia,AUS,43.0,430.0,281663.0,128M/128Q/64D,Australian Open,,80,5,16.0,10,2.0,Alison Van Uytvanck,,https://www.wtatennis.com/resources/v7.42.0/i/elements/flags/bel.svg,R128,W,"6-0, 6-0",https://www.wtatennis.com/players/317819/alison-van-uytvanck,False,False,False,False,False,False,False,2,True,12,12,0,1,BE,BEL,056,150,Europe,Western Europe,BEL,"6,0,None|6,0,None",,
1,Brisbane International Presented By Suncorp,https://photoresources.wtatennis.com/photo-resources/2026/04/16/e0cf338c-8e78-4f7f-816c-d0a252863119/WTA-Tournament_Brisbane-2025.png?height=128,https://www.wtatennis.com/tournaments/800/brisbane/2016,Premier,Hard,https://www.wtatennis.com/resources/v7.42.0/i/elements/500k-tag.svg,2016-01-03,2016-01-09,2016,1,Brisbane,GER,,AU,AUS,036,009,,Oceania,Australasia,AUS,10.0,470.0,193210.0,32M/32Q/16D,Brisbane International Presented By Suncorp,,77,5,15.4,10,2.0,Angelique Kerber,4.0,https://www.wtatennis.com/resources/v7.42.0/i/elements/flags/ger.svg,F,W,"6-3, 6-1",https://www.wtatennis.com/players/311470/angelique-kerber,False,False,False,False,False,False,False,2,True,16,12,4,1,DE,DEU,276,150,Europe,Central Europe,GER,"6,3,None|6,1,None",,
2,Brisbane International Presented By Suncorp,https://photoresources.wtatennis.com/photo-resources/2026/04/16/e0cf338c-8e78-4f7f-816c-d0a252863119/WTA-Tournament_Brisbane-2025.png?height=128,https://www.wtatennis.com/tournaments/800/brisbane/2016,Premier,Hard,https://www.wtatennis.com/resources/v7.42.0/i/elements/500k-tag.svg,2016-01-03,2016-01-09,2016,1,Brisbane,USA,,AU,AUS,036,009,United States of America|America|USA|US,Oceania,Australasia,AUS,142.0,470.0,193210.0,32M/32Q/16D,Brisbane International Presented By Suncorp,,77,5,15.4,10,2.0,Samantha Crawford,,https://www.wtatennis.com/resources/v7.42.0/i/elements/flags/usa.svg,SF,W,"6-0, 6-3",https://www.wtatennis.com/players/319220/samantha-crawford,False,False,False,False,False,False,False,2,True,15,12,3,1,US,USA,840,019,America,Northern America,USA,"6,0,None|6,3,None",,
3,Brisbane International Presented By Suncorp,https://photoresources.wtatennis.com/photo-resources/2026/04/16/e0cf338c-8e78-4f7f-816c-d0a252863119/WTA-Tournament_Brisbane-2025.png?height=128,https://www.wtatennis.com/tournaments/800/brisbane/2016,Premier,Hard,https://www.wtatennis.com/resources/v7.42.0/i/elements/500k-tag.svg,2016-01-03,2016-01-09,2016,1,Brisbane,ITA,,AU,AUS,036,009,,Oceania,Australasia,AUS,15.0,470.0,193210.0,32M/32Q/16D,Brisbane International Presented By Suncorp,,77,5,15.4,10,2.0,Roberta Vinci,8.0,https://www.wtatennis.com/resources/v7.42.0/i/elements/flags/ita.svg,QF,W,"6-1, 6-2",https://www.wtatennis.com/players/220214/roberta-vinci,False,False,False,False,False,False,False,2,True,15,12,3,1,IT,ITA,380,150,Europe,Southern Europe,ITA,"6,1,None|6,2,None",,
4,Brisbane International Presented By Suncorp,https://photoresources.wtatennis.com/photo-resources/2026/04/16/e0cf338c-8e78-4f7f-816c-d0a252863119/WTA-Tournament_Brisbane-2025.png?height=128,https://www.wtatennis.com/tournaments/800/brisbane/2016,Premier,Hard,https://www.wtatennis.com/resources/v7.42.0/i/elements/500k-tag.svg,2016-01-03,2016-01-09,2016,1,Brisbane,BEL,,AU,AUS,036,009,,Oceania,Australasia,AUS,170.0,470.0,193210.0,32M/32Q/16D,Brisbane International Presented By Suncorp,,77,5,15.4,10,2.0,Ysaline Bonaventure,,https://www.wtatennis.com/resources/v7.42.0/i/elements/flags/bel.svg,R16,W,"6-3, 6-2",https://www.wtatennis.com/players/317317/ysaline-bonaventure,False,False,False,False,False,False,False,2,True,17,12,5,1,BE,BEL,056,150,Europe,Western Europe,BEL,"6,3,None|6,2,None",,
5,Brisbane International Presented By Suncorp,https://photoresources.wtatennis.com/photo-resources/2026/04/16/e0cf338c-8e78-4f7f-816c-d0a252863119/WTA-Tournament_Brisbane-2025.png?height=128,https://www.wtatennis.com/tournaments/800/brisbane/2016,Premier,Hard,https://www.wtatennis.com/resources/v7.42.0/i/elements/500k-tag.svg,2016-01-03,2016-01-09,2016,1,Brisbane,RUS,,AU,AUS,036,009,,Oceania,Australasia,AUS,115.0,470.0,193210.0,32M/32Q/16D,Brisbane International Presented By Suncorp,,77,5,15.4,10,2.0,Elena Vesnina,,https://www.wtatennis.com/resources/v7.42.0/i/elements/flags/rus.svg,R32,W,"6-2, 6-0",https://www.wtatennis.com/players/311220/elena-vesnina,False,False,False,False,False,False,False,2,True,14,12,2,1,RU,RUS,643,150,Europe,Eastern Europe,RUS,"6,2,None|6,0,None",,
1,Wuhan Open,,https://www.wtatennis.com/tournaments/1075/wuhan/2015,Premier 5,Hard,https://www.wtatennis.com/resources/v7.42.0/i/elements/1000k-tag.svg,2015-09-27,2015-10-03,2015,9,Wuhan,GBR,,CN,CHN,156,142,Britain|UK|Great Britain|United Kingdom,Asia,East Asia,CHN,66.0,60.0,13335.0,64M/32Q/32D,2015 Dongfeng Motor Wuhan Open,,32,2,16.0,4,2.0,Johanna Konta,,https://www.wtatennis.com/resources/v7.42.0/i/elements/flags/gbr.svg,R32,L,"4-6, 0-1",https://www.wtatennis.com/players/313907/johanna-konta,True,False,False,False,False,False,False,2,False,11,4,7,0,GB,GBR,826,150,Europe,Northern Europe,ENG,"4,6,None|0,1,None|Ret",,
2,Wuhan Open,,https://www.wtatennis.com/tournaments/1075/wuhan/2015,Premier 5,Hard,https://www.wtatennis.com/resources/v7.42.0/i/elements/1000k-tag.svg,2015-09-27,2015-10-03,2015,9,Wuhan,USA,,CN,CHN,156,142,United States of America|America|USA|US,Asia,East Asia,CHN,74.0,60.0,13335.0,64M/32Q/32D,2015 Dongfeng Motor Wuhan Open,,32,2,16.0,4,2.0,Lauren Davis,,https://www.wtatennis.com/resources/v7.42.0/i/elements/flags/usa.svg,R64,W,"6-2, 7-6 (4)",https://www.wtatennis.com/players/317414/lauren-davis,False,False,False,False,True,False,True,2,True,21,13,8,1,US,USA,840,019,America,Northern America,USA,"6,2,None|7,6,4",,
1,US Open,https://photoresources.wtatennis.com/photo-resources/2026/04/16/8d0a3d41-7b45-434b-a75b-b7d2eb0922b4/WTA-Tournament_US-Open.png?height=128,https://www.wtatennis.com/tournaments/905/us-open/2015,Grand Slam,Hard,https://www.wtatennis.com/resources/v7.42.0/i/elements/gs-tag.svg,2015-08-31,2015-09-13,2015,8,New York,ROU,NY,US,USA,840,019,,America,Northern America,USA,2.0,430.0,403316.0,128M/128Q/64D,Us Open,,115,5,23.0,12,2.4,Simona Halep,2.0,https://www.wtatennis.com/resources/v7.42.0/i/elements/flags/rou.svg,QF,L,"3-6, 6-4, 4-6",https://www.wtatennis.com/players/314320/simona-halep,False,False,False,False,False,False,False,3,False,29,13,16,0,RO,ROU,642,150,Europe,Southeastern Europe,ROU,"3,6,None|6,4,None|4,6,None",,
2,US Open,https://photoresources.wtatennis.com/photo-resources/2026/04/16/8d0a3d41-7b45-434b-a75b-b7d2eb0922b4/WTA-Tournament_US-Open.png?height=128,https://www.wtatennis.com/tournaments/905/us-open/2015,Grand Slam,Hard,https://www.wtatennis.com/resources/v7.42.0/i/elements/gs-tag.svg,2015-08-31,2015-09-13,2015,8,New York,USA,NY,US,USA,840,019,United States of America|America|USA|US,America,Northern America,USA,46.0,430.0,403316.0,128M/128Q/64D,Us Open,,115,5,23.0,12,2.4,Varvara Lepchenko,,https://www.wtatennis.com/resources/v7.42.0/i/elements/flags/usa.svg,R16,W,"6-3, 6-4",https://www.wtatennis.com/players/120420/varvara-lepchenko,False,False,False,False,False,False,False,2,True,19,12,7,1,US,USA,840,019,America,Northern America,USA,"6,3,None|6,4,None",,
3,US Open,https://photoresources.wtatennis.com/photo-resources/2026/04/16/8d0a3d41-7b45-434b-a75b-b7d2eb0922b4/WTA-Tournament_US-Open.png?height=128,https://www.wtatennis.com/tournaments/905/us-open/2015,Grand Slam,Hard,https://www.wtatennis.com/resources/v7.42.0/i/elements/gs-tag.svg,2015-08-31,2015-09-13,2015,8,New York,GER,NY,US,USA,840,019,,America,Northern America,USA,11.0,430.0,403316.0,128M/128Q/64D,Us Open,,115,5,23.0,12,2.4,Angelique Kerber,11.0,https://www.wtatennis.com/resources/v7.42.0/i/elements/flags/ger.svg,R32,W,"7-5, 2-6, 6-4",https://www.wtatennis.com/players/311470/angelique-kerber,False,False,False,False,False,False,False,3,True,30,15,15,1,DE,DEU,276,150,Europe,Central Europe,GER,"7,5,None|2,6,None|6,4,None",,
4,US Open,https://photoresources.wtatennis.com/photo-resources/2026/04/16/8d0a3d41-7b45-434b-a75b-b7d2eb0922b4/WTA-Tournament_US-Open.png?height=128,https://www.wtatennis.com/tournaments/905/us-open/2015,Grand Slam,Hard,https://www.wtatennis.com/resources/v7.42.0/i/elements/gs-tag.svg,2015-08-31,2015-09-13,2015,8,New York,BEL,NY,US,USA,840,019,,America,Northern America,USA,92.0,430.0,403316.0,128M/128Q/64D,Us Open,,115,5,23.0,12,2.4,Yanina Wickmayer,,https://www.wtatennis.com/resources/v7.42.0/i/elements/flags/bel.svg,R64,W,"7-5, 6-4",https://www.wtatennis.com/players/312536/yanina-wickmayer,False,False,False,False,False,False,False,2,True,22,13,9,1,BE,BEL,056,150,Europe,Western Europe,BEL,"7,5,None|6,4,None",,
5,US Open,https://photoresources.wtatennis.com/photo-resources/2026/04/16/8d0a3d41-7b45-434b-a75b-b7d2eb0922b4/WTA-Tournament_US-Open.png?height=128,https://www.wtatennis.com/tournaments/905/us-open/2015,Grand Slam,Hard,https://www.wtatennis.com/resources/v7.42.0/i/elements/gs-tag.svg,2015-08-31,2015-09-13,2015,8,New York,CZE,NY,US,USA,840,019,,America,Northern America,USA,56.0,430.0,403316.0,128M/128Q/64D,Us Open,,115,5,23.0,12,2.4,Lucie Hradecka,,https://www.wtatennis.com/resources/v7.42.0/i/elements/flags/cze.svg,R128,W,"6-1, 6-2",https://www.wtatennis.com/players/310849/lucie-hradecka,False,False,False,False,False,False,False,2,True,15,12,3,1,CZ,CZE,203,150,Europe,Central Europe,CZE,"6,1,None|6,2,None",,
1,Western & Southern Open,,https://www.wtatennis.com/tournaments/1017/cincinnati/2015,Premier 5,Hard,https://www.wtatennis.com/resources/v7.42.0/i/elements/1000k-tag.svg,2015-08-17,2015-08-23,2015,8,Cincinnati,RUS,OH,US,USA,840,019,,America,Northern America,USA,34.0,105.0,27640.0,64M/64Q/32D,Western & Southern Open,,41,3,13.666666666666666,6,2.0,Anastasia Pavlyuchenkova,,https://www.wtatennis.com/resources/v7.42.0/i/elements/flags/rus.svg,R16,L,"6-1, 0-3",https://www.wtatennis.com/players/313796/anastasia-pavlyuchenkova,True,False,False,False,False,False,False,2,True,10,6,4,0,RU,RUS,643,150,Europe,Eastern Europe,RUS,"6,1,None|0,3,None|Ret",,
2,Western & Southern Open,,https://www.wtatennis.com/tournaments/1017/cincinnati/2015,Premier 5,Hard,https://www.wtatennis.com/resources/v7.42.0/i/elements/1000k-tag.svg,2015-08-17,2015-08-23,2015,8,Cincinnati,DEN,OH,US,USA,840,019,,America,Northern America,USA,5.0,105.0,27640.0,64M/64Q/32D,Western & Southern Open,,41,3,13.666666666666666,6,2.0,Caroline Wozniacki,5.0,https://www.wtatennis.com/resources/v7.42.0/i/elements/flags/den.svg,R32,W,"6-0, 6-4",https://www.wtatennis.com/players/313402/caroline-wozniacki,False,False,False,False,False,False,False,2,True,16,12,4,1,DK,DNK,208,150,Europe,Northern Europe,DEN,"6,0,None|6,4,None",,
3,Western & Southern Open,,https://www.wtatennis.com/tournaments/1017/cincinnati/2015,Premier 5,Hard,https://www.wtatennis.com/resources/v7.42.0/i/elements/1000k-tag.svg,2015-08-17,2015-08-23,2015,8,Cincinnati,USA,OH,US,USA,840,019,United States of America|America|USA|US,America,Northern America,USA,85.0,105.0,27640.0,64M/64Q/32D,Western & Southern Open,,41,3,13.666666666666666,6,2.0,Lauren Davis,,https://www.wtatennis.com/resources/v7.42.0/i/elements/flags/usa.svg,R64,W,"6-1, 6-2",https://www.wtatennis.com/players/317414/lauren-davis,False,False,False,False,False,False,False,2,True,15,12,3,1,US,USA,840,019,America,Northern America,USA,"6,1,None|6,2,None",,
1,Rogers Cup,,https://www.wtatennis.com/tournaments/806/montreal/2015,Premier 5,Hard,https://www.wtatennis.com/resources/v7.42.0/i/elements/1000k-tag.svg,2015-08-10,2015-08-16,2015,8,Toronto,ITA,,CA,CAN,124,019,,America,Northern America,CAN,17.0,105.0,27375.0,64M/64Q/32D,Rogers Cup Presented By National Bank,,55,3,18.333333333333332,6,2.0,Sara Errani,15.0,https://www.wtatennis.com/resources/v7.42.0/i/elements/flags/ita.svg,R16,L,"5-7, 3-6",https://www.wtatennis.com/players/310761/sara-errani,False,False,False,False,False,False,False,2,False,21,8,13,0,IT,ITA,380,150,Europe,Southern Europe,ITA,"5,7,None|3,6,None",,
2,Rogers Cup,,https://www.wtatennis.com/tournaments/806/montreal/2015,Premier 5,Hard,https://www.wtatennis.com/resources/v7.42.0/i/elements/1000k-tag.svg,2015-08-10,2015-08-16,2015,8,Toronto,CZE,,CA,CAN,124,019,,America,Northern America,CAN,4.0,105.0,27375.0,64M/64Q/32D,Rogers Cup Presented By National Bank,,55,3,18.333333333333332,6,2.0,Petra Kvitova,3.0,https://www.wtatennis.com/resources/v7.42.0/i/elements/flags/cze.svg,R32,W,"6-2, 6-3",https://www.wtatennis.com/players/314206/petra-kvitova,False,False,False,False,False,False,False,2,True,17,12,5,1,CZ,CZE,203,150,Europe,Central Europe,CZE,"6,2,None|6,3,None",,
3,Rogers Cup,,https://www.wtatennis.com/tournaments/806/montreal/2015,Premier 5,Hard,https://www.wtatennis.com/resources/v7.42.0/i/elements/1000k-tag.svg,2015-08-10,2015-08-16,2015,8,Toronto,UKR,,CA,CAN,124,019,,America,Northern America,CAN,15.0,105.0,27375.0,64M/64Q/32D,Rogers Cup Presented By National Bank,,55,3,18.333333333333332,6,2.0,Elina Svitolina,,https://www.wtatennis.com/resources/v7.42.0/i/elements/flags/ukr.svg,R64,W,"6-1, 6-4",https://www.wtatennis.com/players/316738/elina-svitolina,False,False,False,False,False,False,False,2,True,17,12,5,1,UA,UKR,804,150,Europe,Eastern Europe,UKR,"6,1,None|6,4,None",,
1,Wimbledon,https://photoresources.wtatennis.com/photo-resources/2026/04/16/d29814e6-6e80-4015-b680-9a7f3cb065c3/WTA-Tournament_Wimbledon.png?height=128,https://www.wtatennis.com/tournaments/904/wimbledon/2015,Grand Slam,Grass,https://www.wtatennis.com/resources/v7.42.0/i/elements/gs-tag.svg,2015-06-29,2015-07-12,2015,6,Wimbledon,USA,,GB,GBR,826,150,United States of America|America|USA|US,Europe,Northern Europe,ENG,1.0,430.0,384488.0,128M/128Q/64D,The Championships,,96,5,19.2,11,2.2,Serena Williams,1.0,https://www.wtatennis.com/resources/v7.42.0/i/elements/flags/usa.svg,QF,L,"6-3, 2-6, 3-6",https://www.wtatennis.com/players/230234/serena-williams,False,False,False,False,False,False,False,3,True,26,11,15,0,US,USA,840,019,America,Northern America,USA,"6,3,None|2,6,None|3,6,None",,
2,Wimbledon,https://photoresources.wtatennis.com/photo-resources/2026/04/16/d29814e6-6e80-4015-b680-9a7f3cb065c3/WTA-Tournament_Wimbledon.png?height=128,https://www.wtatennis.com/tournaments/904/wimbledon/2015,Grand Slam,Grass,https://www.wtatennis.com/resources/v7.42.0/i/elements/gs-tag.svg,2015-06-29,2015-07-12,2015,6,Wimbledon,SUI,,GB,GBR,826,150,,Europe,Northern Europe,ENG,22.0,430.0,384488.0,128M/128Q/64D,The Championships,,96,5,19.2,11,2.2,Belinda Bencic,30.0,https://www.wtatennis.com/resources/v7.42.0/i/elements/flags/sui.svg,R16,W,"6-2, 6-3",https://www.wtatennis.com/players/319001/belinda-bencic,False,False,False,False,False,False,False,2,True,17,12,5,1,CH,CHE,756,150,Europe,Central Europe,SUI,"6,2,None|6,3,None",,
3,Wimbledon,https://photoresources.wtatennis.com/photo-resources/2026/04/16/d29814e6-6e80-4015-b680-9a7f3cb065c3/WTA-Tournament_Wimbledon.png?height=128,https://www.wtatennis.com/tournaments/904/wimbledon/2015,Grand Slam,Grass,https://www.wtatennis.com/resources/v7.42.0/i/elements/gs-tag.svg,2015-06-29,2015-07-12,2015,6,Wimbledon,FRA,,GB,GBR,826,150,,Europe,Northern Europe,ENG,38.0,430.0,384488.0,128M/128Q/64D,The Championships,,96,5,19.2,11,2.2,Kristina Mladenovic,,https://www.wtatennis.com/resources/v7.42.0/i/elements/flags/fra.svg,R32,W,"6-4, 6-4",https://www.wtatennis.com/players/315616/kristina-mladenovic,False,False,False,False,False,False,False,2,True,20,12,8,1,FR,FRA,250,150,Europe,Western Europe,FRA,"6,4,None|6,4,None",,
4,Wimbledon,https://photoresources.wtatennis.com/photo-resources/2026/04/16/d29814e6-6e80-4015-b680-9a7f3cb065c3/WTA-Tournament_Wimbledon.png?height=128,https://www.wtatennis.com/tournaments/904/wimbledon/2015,Grand Slam,Grass,https://www.wtatennis.com/resources/v7.42.0/i/elements/gs-tag.svg,2015-06-29,2015-07-12,2015,6,Wimbledon,BEL,,GB,GBR,826,150,,Europe,Northern Europe,ENG,96.0,430.0,384488.0,128M/128Q/64D,The Championships,,96,5,19.2,11,2.2,Kirsten Flipkens,,https://www.wtatennis.com/resources/v7.42.0/i/elements/flags/bel.svg,R64,W,"6-3, 6-3",https://www.wtatennis.com/players/310331/kirsten-flipkens,False,False,False,False,False,False,False,2,True,18,12,6,1,BE,BEL,056,150,Europe,Western Europe,BEL,"6,3,None|6,3,None",,
5,Wimbledon,https://photoresources.wtatennis.com/photo-resources/2026/04/16/d29814e6-6e80-4015-b680-9a7f3cb065c3/WTA-Tournament_Wimbledon.png?height=128,https://www.wtatennis.com/tournaments/904/wimbledon/2015,Grand Slam,Grass,https://www.wtatennis.com/resources/v7.42.0/i/elements/gs-tag.svg,2015-06-29,2015-07-12,2015,6,Wimbledon,EST,,GB,GBR,826,150,,Europe,Northern Europe,ENG,145.0,430.0,384488.0,128M/128Q/64D,The Championships,,96,5,19.2,11,2.2,Anett Kontaveit,,https://www.wtatennis.com/resources/v7.42.0/i/elements/flags/est.svg,R128,W,"6-2, 6-1",https://www.wtatennis.com/players/318425/anett-kontaveit,False,False,False,False,False,False,False,2,True,15,12,3,1,EE,EST,233,150,Europe,Northern Europe,EST,"6,2,None|6,1,None",,
1,Aegon Classic Birmingham,,https://www.wtatennis.com/tournaments/1052/birmingham/2015,Premier,Grass,https://www.wtatennis.com/resources/v7.42.0/i/elements/500k-tag.svg,2015-06-15,2015-06-21,2015,6,Birmingham,KAZ,,GB,GBR,826,150,,Europe,Northern Europe,ENG,34.0,30.0,4440.0,64M/32Q/16D,Aegon Classic Birmingham,,23,1,23.0,2,2.0,Zarina Diyas,,https://www.wtatennis.com/resources/v7.42.0/i/elements/flags/kaz.svg,R32,L,Walkover,https://www.wtatennis.com/players/315696/zarina-diyas,False,True,False,False,False,False,False,0,False,0,0,0,0,KZ,KAZ,398,142,Asia,Central Asia,KAZ,,,
2,Aegon Classic Birmingham,,https://www.wtatennis.com/tournaments/1052/birmingham/2015,Premier,Grass,https://www.wtatennis.com/resources/v7.42.0/i/elements/500k-tag.svg,2015-06-15,2015-06-21,2015,6,Birmingham,USA,,GB,GBR,826,150,United States of America|America|USA|US,Europe,Northern Europe,ENG,38.0,30.0,4440.0,64M/32Q/16D,Aegon Classic Birmingham,,23,1,23.0,2,2.0,Varvara Lepchenko,,https://www.wtatennis.com/resources/v7.42.0/i/elements/flags/usa.svg,R64,W,"7-6 (7), 6-4",https://www.wtatennis.com/players/120420/varvara-lepchenko,False,False,False,True,False,False,True,2,True,23,13,10,1,US,USA,840,019,America,Northern America,USA,"7,6,7|6,4,None",,
1,Roland Garros,,https://www.wtatennis.com/tournaments/903/roland-garros/2015,Grand Slam,Clay,https://www.wtatennis.com/resources/v7.42.0/i/elements/gs-tag.svg,2015-05-24,2015-06-07,2015,5,Paris,USA,,FR,FRA,250,150,United States of America|America|USA|US,Europe,Western Europe,FRA,1.0,130.0,101469.0,128M/128Q/64D,Championnats Internationaux De France,,59,3,19.666666666666668,7,2.3333333333333335,Serena Williams,1.0,https://www.wtatennis.com/resources/v7.42.0/i/elements/flags/usa.svg,R32,L,"6-3, 4-6, 2-6",https://www.wtatennis.com/players/230234/serena-williams,False,False,False,False,False,False,False,3,True,27,12,15,0,US,USA,840,019,America,Northern America,USA,"6,3,None|4,6,None|2,6,None",,
2,Roland Garros,,https://www.wtatennis.com/tournaments/903/roland-garros/2015,Grand Slam,Clay,https://www.wtatennis.com/resources/v7.42.0/i/elements/gs-tag.svg,2015-05-24,2015-06-07,2015,5,Paris,CZE,,FR,FRA,250,150,,Europe,Western Europe,FRA,61.0,130.0,101469.0,128M/128Q/64D,Championnats Internationaux De France,,59,3,19.666666666666668,7,2.3333333333333335,Lucie Hradecka,,https://www.wtatennis.com/resources/v7.42.0/i/elements/flags/cze.svg,R64,W,"6-2, 6-3",https://www.wtatennis.com/players/310849/lucie-hradecka,False,False,False,False,False,False,False,2,True,17,12,5,1,CZ,CZE,203,150,Europe,Central Europe,CZE,"6,2,None|6,3,None",,
3,Roland Garros,,https://www.wtatennis.com/tournaments/903/roland-garros/2015,Grand Slam,Clay,https://www.wtatennis.com/resources/v7.42.0/i/elements/gs-tag.svg,2015-05-24,2015-06-07,2015,5,Paris,ESP,,FR,FRA,250,150,Kingdom of Spain,Europe,Western Europe,FRA,131.0,130.0,101469.0,128M/128Q/64D,Championnats Internationaux De France,,59,3,19.666666666666668,7,2.3333333333333335,María-Teresa Torró-Flor,,https://www.wtatennis.com/resources/v7.42.0/i/elements/flags/esp.svg,R128,W,"6-2, 6-1",https://www.wtatennis.com/players/314776/mar-a-teresa-torr-flor,False,False,False,False,False,False,False,2,True,15,12,3,1,ES,ESP,724,150,Europe,Southern Europe,ESP,"6,2,None|6,1,None",,
1,Internazionali Bnl D'Italia,,https://www.wtatennis.com/tournaments/709/rome/2015,Premier 5,Clay,https://www.wtatennis.com/resources/v7.42.0/i/elements/1000k-tag.svg,2015-05-11,2015-05-17,2015,5,Rome,RUS,,IT,ITA,380,150,,Europe,Southern Europe,ITA,3.0,190.0,57049.0,64M/32Q/32D,Internazionali Bnl D'Italia,,94,4,23.5,10,2.5,Maria Sharapova,3.0,https://www.wtatennis.com/resources/v7.42.0/i/elements/flags/rus.svg,QF,L,"3-6, 2-6",https://www.wtatennis.com/players/310137/maria-sharapova,False,False,False,False,False,False,False,2,False,17,5,12,0,RU,RUS,643,150,Europe,Eastern Europe,RUS,"3,6,None|2,6,None",,
2,Internazionali Bnl D'Italia,,https://www.wtatennis.com/tournaments/709/rome/2015,Premier 5,Clay,https://www.wtatennis.com/resources/v7.42.0/i/elements/1000k-tag.svg,2015-05-11,2015-05-17,2015,5,Rome,ROU,,IT,ITA,380,150,,Europe,Southern Europe,ITA,31.0,190.0,57049.0,64M/32Q/32D,Internazionali Bnl D'Italia,,94,4,23.5,10,2.5,Irina-Camelia Begu,,https://www.wtatennis.com/resources/v7.42.0/i/elements/flags/rou.svg,R16,W,"6-4, 5-7, 6-1",https://www.wtatennis.com/players/313169/irina-camelia-begu,False,False,False,False,False,False,False,3,True,29,17,12,1,RO,ROU,642,150,Europe,Southeastern Europe,ROU,"6,4,None|5,7,None|6,1,None",,
3,Internazionali Bnl D'Italia,,https://www.wtatennis.com/tournaments/709/rome/2015,Premier 5,Clay,https://www.wtatennis.com/resources/v7.42.0/i/elements/1000k-tag.svg,2015-05-11,2015-05-17,2015,5,Rome,DEN,,IT,ITA,380,150,,Europe,Southern Europe,ITA,5.0,190.0,57049.0,64M/32Q/32D,Internazionali Bnl D'Italia,,94,4,23.5,10,2.5,Caroline Wozniacki,5.0,https://www.wtatennis.com/resources/v7.42.0/i/elements/flags/den.svg,R32,W,"6-2, 7-6 (2)",https://www.wtatennis.com/players/313402/caroline-wozniacki,False,False,False,False,True,False,True,2,True,21,13,8,1,DK,DNK,208,150,Europe,Northern Europe,DEN,"6,2,None|7,6,2",,
4,Internazionali Bnl D'Italia,,https://www.wtatennis.com/tournaments/709/rome/2015,Premier 5,Clay,https://www.wtatennis.com/resources/v7.42.0/i/elements/1000k-tag.svg,2015-05-11,2015-05-17,2015,5,Rome,CZE,,IT,ITA,380,150,,Europe,Southern Europe,ITA,60.0,190.0,57049.0,64M/32Q/32D,Internazionali Bnl D'Italia,,94,4,23.5,10,2.5,Lucie Hradecka,,https://www.wtatennis.com/resources/v7.42.0/i/elements/flags/cze.svg,R64,W,"7-5, 2-6, 6-1",https://www.wtatennis.com/players/310849/lucie-hradecka,False,False,False,False,False,False,False,3,True,27,15,12,1,CZ,CZE,203,150,Europe,Central Europe,CZE,"7,5,None|2,6,None|6,1,None",,
1,Mutua Madrid Open,,https://www.wtatennis.com/tournaments/1038/madrid/2015,Premier Mandatory,Clay,https://www.wtatennis.com/resources/v7.42.0/i/elements/1000k-tag.svg,2015-05-02,2015-05-09,2015,5,Madrid,USA,,ES,ESP,724,150,United States of America|America|USA|US,Europe,Southern Europe,ESP,1.0,120.0,58409.0,64M/32Q/32D,Mutua Madrid Open,,74,3,24.666666666666668,7,2.3333333333333335,Serena Williams,1.0,https://www.wtatennis.com/resources/v7.42.0/i/elements/flags/usa.svg,R16,L,"6-7 (5), 6-3, 6-7 (1)",https://www.wtatennis.com/players/230234/serena-williams,False,False,False,True,False,True,True,3,False,35,18,17,0,US,USA,840,019,America,Northern America,USA,"6,7,5|6,3,None|6,7,1",,
2,Mutua Madrid Open,,https://www.wtatennis.com/tournaments/1038/madrid/2015,Premier Mandatory,Clay,https://www.wtatennis.com/resources/v7.42.0/i/elements/1000k-tag.svg,2015-05-02,2015-05-09,2015,5,Madrid,AUS,,ES,ESP,724,150,,Europe,Southern Europe,ESP,61.0,120.0,58409.0,64M/32Q/32D,Mutua Madrid Open,,74,3,24.666666666666668,7,2.3333333333333335,Ajla Tomljanovic,,https://www.wtatennis.com/resources/v7.42.0/i/elements/flags/aus.svg,R32,W,"6-3, 6-3",https://www.wtatennis.com/players/315232/ajla-tomljanovic,False,False,False,False,False,False,False,2,True,18,12,6,1,AU,AUS,036,009,Oceania,Australasia,AUS,"6,3,None|6,3,None",,
3,Mutua Madrid Open,,https://www.wtatennis.com/tournaments/1038/madrid/2015,Premier Mandatory,Clay,https://www.wtatennis.com/resources/v7.42.0/i/elements/1000k-tag.svg,2015-05-02,2015-05-09,2015,5,Madrid,USA,,ES,ESP,724,150,United States of America|America|USA|US,Europe,Southern Europe,ESP,16.0,120.0,58409.0,64M/32Q/32D,Mutua Madrid Open,,74,3,24.666666666666668,7,2.3333333333333335,Venus Williams,16.0,https://www.wtatennis.com/resources/v7.42.0/i/elements/flags/usa.svg,R64,W,"6-3, 7-5",https://www.wtatennis.com/players/230220/venus-williams,False,False,False,False,False,False,False,2,True,21,13,8,1,US,USA,840,019,America,Northern America,USA,"6,3,None|7,5,None",,
1,Miami Open,https://photoresources.wtatennis.com/photo-resources/2026/04/16/e0f2d5a2-cc05-4b2a-8377-f57edf6eaaa2/WTA-Tournament_Miami-2024.png?height=128,https://www.wtatennis.com/tournaments/902/miami/2015,Premier Mandatory,Hard,https://www.wtatennis.com/resources/v7.42.0/i/elements/1000k-tag.svg,2015-03-24,2015-04-05,2015,3,Miami,ITA,FL,US,USA,840,019,,America,Northern America,USA,28.0,65.0,31670.0,128M/64Q/32D,Miami Open Presented By Itau,,56,3,18.666666666666668,6,2.0,Flavia Pennetta,15.0,https://www.wtatennis.com/resources/v7.42.0/i/elements/flags/ita.svg,R32,L,"6-7 (5), 6-7 (6)",https://www.wtatennis.com/players/160391/flavia-pennetta,False,False,False,True,True,False,True,2,False,26,12,14,0,IT,ITA,380,150,Europe,Southern Europe,ITA,"6,7,5|6,7,6",,
2,Miami Open,https://photoresources.wtatennis.com/photo-resources/2026/04/16/e0f2d5a2-cc05-4b2a-8377-f57edf6eaaa2/WTA-Tournament_Miami-2024.png?height=128,https://www.wtatennis.com/tournaments/902/miami/2015,Premier Mandatory,Hard,https://www.wtatennis.com/resources/v7.42.0/i/elements/1000k-tag.svg,2015-03-24,2015-04-05,2015,3,Miami,SRB,FL,US,USA,840,019,,America,Northern America,USA,17.0,65.0,31670.0,128M/64Q/32D,Miami Open Presented By Itau,,56,3,18.666666666666668,6,2.0,Jelena Jankovic,20.0,https://www.wtatennis.com/resources/v7.42.0/i/elements/flags/srb.svg,R64,W,"6-1, 6-1",https://www.wtatennis.com/players/100153/jelena-jankovic,False,False,False,False,False,False,False,2,True,14,12,2,1,RS,SRB,688,150,Europe,Southeastern Europe,SRB,"6,1,None|6,1,None",,
3,Miami Open,https://photoresources.wtatennis.com/photo-resources/2026/04/16/e0f2d5a2-cc05-4b2a-8377-f57edf6eaaa2/WTA-Tournament_Miami-2024.png?height=128,https://www.wtatennis.com/tournaments/902/miami/2015,Premier Mandatory,Hard,https://www.wtatennis.com/resources/v7.42.0/i/elements/1000k-tag.svg,2015-03-24,2015-04-05,2015,3,Miami,ESP,FL,US,USA,840,019,Kingdom of Spain,America,Northern America,USA,67.0,65.0,31670.0,128M/64Q/32D,Miami Open Presented By Itau,,56,3,18.666666666666668,6,2.0,Sílvia Soler-Espinosa,,https://www.wtatennis.com/resources/v7.42.0/i/elements/flags/esp.svg,R128,W,"6-1, 6-3",https://www.wtatennis.com/players/311493/s-lvia-soler-espinosa,False,False,False,False,False,False,False,2,True,16,12,4,1,ES,ESP,724,150,Europe,Southern Europe,ESP,"6,1,None|6,3,None",,
1,Bnp Paribas Open,https://photoresources.wtatennis.com/photo-resources/2026/04/16/a1736320-dd92-4829-8aa8-846c2edef410/WTA-Tournament_Indian-Wells-2017.png?height=128,https://www.wtatennis.com/tournaments/609/indian-wells/2015,Premier Mandatory,Hard,https://www.wtatennis.com/resources/v7.42.0/i/elements/1000k-tag.svg,2015-03-11,2015-03-22,2015,3,Indian Wells,RUS,CA,US,USA,840,019,,America,Northern America,USA,2.0,65.0,31670.0,128M/64Q/32D,Bnp Paribas Open,,37,2,18.5,4,2.0,Maria Sharapova,2.0,https://www.wtatennis.com/resources/v7.42.0/i/elements/flags/rus.svg,R32,L,"4-6, 3-6",https://www.wtatennis.com/players/310137/maria-sharapova,False,False,False,False,False,False,False,2,False,19,7,12,0,RU,RUS,643,150,Europe,Eastern Europe,RUS,"4,6,None|3,6,None",,
2,Bnp Paribas Open,https://photoresources.wtatennis.com/photo-resources/2026/04/16/a1736320-dd92-4829-8aa8-846c2edef410/WTA-Tournament_Indian-Wells-2017.png?height=128,https://www.wtatennis.com/tournaments/609/indian-wells/2015,Premier Mandatory,Hard,https://www.wtatennis.com/resources/v7.42.0/i/elements/1000k-tag.svg,2015-03-11,2015-03-22,2015,3,Indian Wells,BEL,CA,US,USA,840,019,,America,Northern America,USA,61.0,65.0,31670.0,128M/64Q/32D,Bnp Paribas Open,,37,2,18.5,4,2.0,Kirsten Flipkens,,https://www.wtatennis.com/resources/v7.42.0/i/elements/flags/bel.svg,R64,W,"6-2, 6-4",https://www.wtatennis.com/players/310331/kirsten-flipkens,False,False,False,False,False,False,False,2,True,18,12,6,1,BE,BEL,056,150,Europe,Western Europe,BEL,"6,2,None|6,4,None",,
3,Bnp Paribas Open,https://photoresources.wtatennis.com/photo-resources/2026/04/16/a1736320-dd92-4829-8aa8-846c2edef410/WTA-Tournament_Indian-Wells-2017.png?height=128,https://www.wtatennis.com/tournaments/609/indian-wells/2015,Premier Mandatory,Hard,https://www.wtatennis.com/resources/v7.42.0/i/elements/1000k-tag.svg,2015-03-11,2015-03-22,2015,3,Indian Wells,,CA,US,USA,840,019,,America,Northern America,USA,,65.0,31670.0,128M/64Q/32D,Bnp Paribas Open,,37,2,18.5,4,2.0,,,,R128,,Bye,,False,False,True,False,False,False,False,0,False,0,0,0,0,,,,,,,,,,
1,Qatar Total Open,https://photoresources.wtatennis.com/photo-resources/2025/04/16/74cb07bc-dc84-43f7-9acc-95e51d3748c9/WTA-Tournament_Doha-2025.png?height=128,https://www.wtatennis.com/tournaments/1003/doha/2015,Premier,Hard,https://www.wtatennis.com/resources/v7.42.0/i/elements/500k-tag.svg,2015-02-23,2015-02-28,2015,2,Doha,CZE,,QA,QAT,634,142,,Asia,Western Asia,QAT,15.0,305.0,66400.0,32M/32Q/16D,Qatar Total Open 2015,,105,5,21.0,12,2.4,Lucie Safarova,,https://www.wtatennis.com/resources/v7.42.0/i/elements/flags/cze.svg,F,L,"4-6, 3-6",https://www.wtatennis.com/players/310553/lucie-safarova,False,False,False,False,False,False,False,2,False,19,7,12,0,CZ,CZE,203,150,Europe,Central Europe,CZE,"4,6,None|3,6,None",W,True
2,Qatar Total Open,https://photoresources.wtatennis.com/photo-resources/2025/04/16/74cb07bc-dc84-43f7-9acc-95e51d3748c9/WTA-Tournament_Doha-2025.png?height=128,https://www.wtatennis.com/tournaments/1003/doha/2015,Premier,Hard,https://www.wtatennis.com/resources/v7.42.0/i/elements/500k-tag.svg,2015-02-23,2015-02-28,2015,2,Doha,USA,,QA,QAT,634,142,United States of America|America|USA|US,Asia,Western Asia,QAT,17.0,305.0,66400.0,32M/32Q/16D,Qatar Total Open 2015,,105,5,21.0,12,2.4,Venus Williams,7.0,https://www.wtatennis.com/resources/v7.42.0/i/elements/flags/usa.svg,SF,W,"2-6, 6-2, 6-4",https://www.wtatennis.com/players/230220/venus-williams,False,False,False,False,False,False,False,3,False,26,14,12,1,US,USA,840,019,America,Northern America,USA,"2,6,None|6,2,None|6,4,None",W,True
3,Qatar Total Open,https://photoresources.wtatennis.com/photo-resources/2025/04/16/74cb07bc-dc84-43f7-9acc-95e51d3748c9/WTA-Tournament_Doha-2025.png?height=128,https://www.wtatennis.com/tournaments/1003/doha/2015,Premier,Hard,https://www.wtatennis.com/resources/v7.42.0/i/elements/500k-tag.svg,2015-02-23,2015-02-28,2015,2,Doha,DEN,,QA,QAT,634,142,,Asia,Western Asia,QAT,5.0,305.0,66400.0,32M/32Q/16D,Qatar Total Open 2015,,105,5,21.0,12,2.4,Caroline Wozniacki,3.0,https://www.wtatennis.com/resources/v7.42.0/i/elements/flags/den.svg,QF,W,"6-3, 6-1",https://www.wtatennis.com/players/313402/caroline-wozniacki,False,False,False,False,False,False,False,2,True,16,12,4,1,DK,DNK,208,150,Europe,Northern Europe,DEN,"6,3,None|6,1,None",W,True
4,Qatar Total Open,https://photoresources.wtatennis.com/photo-resources/2025/04/16/74cb07bc-dc84-43f7-9acc-95e51d3748c9/WTA-Tournament_Doha-2025.png?height=128,https://www.wtatennis.com/tournaments/1003/doha/2015,Premier,Hard,https://www.wtatennis.com/resources/v7.42.0/i/elements/500k-tag.svg,2015-02-23,2015-02-28,2015,2,Doha,UKR,,QA,QAT,634,142,,Asia,Western Asia,QAT,27.0,305.0,66400.0,32M/32Q/16D,Qatar Total Open 2015,,105,5,21.0,12,2.4,Elina Svitolina,,https://www.wtatennis.com/resources/v7.42.0/i/elements/flags/ukr.svg,R16,W,"6-3, 6-7 (4), 6-1",https://www.wtatennis.com/players/316738/elina-svitolina,False,False,False,False,True,False,True,3,True,29,18,11,1,UA,UKR,804,150,Europe,Eastern Europe,UKR,"6,3,None|6,7,4|6,1,None",W,True
5,Qatar Total Open,https://photoresources.wtatennis.com/photo-resources/2025/04/16/74cb07bc-dc84-43f7-9acc-95e51d3748c9/WTA-Tournament_Doha-2025.png?height=128,https://www.wtatennis.com/tournaments/1003/doha/2015,Premier,Hard,https://www.wtatennis.com/resources/v7.42.0/i/elements/500k-tag.svg,2015-02-23,2015-02-28,2015,2,Doha,GER,,QA,QAT,634,142,,Asia,Western Asia,QAT,11.0,305.0,66400.0,32M/32Q/16D,Qatar Total Open 2015,,105,5,21.0,12,2.4,Angelique Kerber,8.0,https://www.wtatennis.com/resources/v7.42.0/i/elements/flags/ger.svg,R32,W,"6-0, 6-3",https://www.wtatennis.com/players/311470/angelique-kerber,False,False,False,False,False,False,False,2,True,15,12,3,1,DE,DEU,276,150,Europe,Central Europe,GER,"6,0,None|6,3,None",W,True
1,Australian Open,https://photoresources.wtatennis.com/photo-resources/2026/04/16/6b041ce4-8b08-4fff-be75-89d1c452c157/WTA-Tournament_Australian-Open.png?height=128,https://www.wtatennis.com/tournaments/901/australian-open/2015,Grand Slam,Hard,https://www.wtatennis.com/resources/v7.42.0/i/elements/gs-tag.svg,2015-01-19,2015-01-31,2015,1,Melbourne,SVK,,AU,AUS,036,009,,Oceania,Australasia,AUS,10.0,240.0,153026.0,128M/128Q/64D,Australian Open,,81,4,20.25,9,2.25,Dominika Cibulkova,11.0,https://www.wtatennis.com/resources/v7.42.0/i/elements/flags/svk.svg,R16,L,"2-6, 6-3, 3-6",https://www.wtatennis.com/players/312894/dominika-cibulkova,False,False,False,False,False,False,False,3,False,26,11,15,0,SK,SVK,703,150,Europe,Central Europe,SVK,"2,6,None|6,3,None|3,6,None",,
2,Australian Open,https://photoresources.wtatennis.com/photo-resources/2026/04/16/6b041ce4-8b08-4fff-be75-89d1c452c157/WTA-Tournament_Australian-Open.png?height=128,https://www.wtatennis.com/tournaments/901/australian-open/2015,Grand Slam,Hard,https://www.wtatennis.com/resources/v7.42.0/i/elements/gs-tag.svg,2015-01-19,2015-01-31,2015,1,Melbourne,CZE,,AU,AUS,036,009,,Oceania,Australasia,AUS,23.0,240.0,153026.0,128M/128Q/64D,Australian Open,,81,4,20.25,9,2.25,Barbora Strycova,25.0,https://www.wtatennis.com/resources/v7.42.0/i/elements/flags/cze.svg,R32,W,"6-4, 6-4",https://www.wtatennis.com/players/190879/barbora-strycova,False,False,False,False,False,False,False,2,True,20,12,8,1,CZ,CZE,203,150,Europe,Central Europe,CZE,"6,4,None|6,4,None",,
3,Australian Open,https://photoresources.wtatennis.com/photo-resources/2026/04/16/6b041ce4-8b08-4fff-be75-89d1c452c157/WTA-Tournament_Australian-Open.png?height=128,https://www.wtatennis.com/tournaments/901/australian-open/2015,Grand Slam,Hard,https://www.wtatennis.com/resources/v7.42.0/i/elements/gs-tag.svg,2015-01-19,2015-01-31,2015,1,Melbourne,DEN,,AU,AUS,036,009,,Oceania,Australasia,AUS,8.0,240.0,153026.0,128M/128Q/64D,Australian Open,,81,4,20.25,9,2.25,Caroline Wozniacki,8.0,https://www.wtatennis.com/resources/v7.42.0/i/elements/flags/den.svg,R64,W,"6-4, 6-2",https://www.wtatennis.com/players/313402/caroline-wozniacki,False,False,False,False,False,False,False,2,True,18,12,6,1,DK,DNK,208,150,Europe,Northern Europe,DEN,"6,4,None|6,2,None",,
4,Australian Open,https://photoresources.wtatennis.com/photo-resources/2026/04/16/6b041ce4-8b08-4fff-be75-89d1c452c157/WTA-Tournament_Australian-Open.png?height=128,https://www.wtatennis.com/tournaments/901/australian-open/2015,Grand Slam,Hard,https://www.wtatennis.com/resources/v7.42.0/i/elements/gs-tag.svg,2015-01-19,2015-01-31,2015,1,Melbourne,USA,,AU,AUS,036,009,United States of America|America|USA|US,Oceania,Australasia,AUS,32.0,240.0,153026.0,128M/128Q/64D,Australian Open,,81,4,20.25,9,2.25,Sloane Stephens,,https://www.wtatennis.com/resources/v7.42.0/i/elements/flags/usa.svg,R128,W,"6-3, 6-2",https://www.wtatennis.com/players/315683/sloane-stephens,False,False,False,False,False,False,False,2,True,17,12,5,1,US,USA,840,019,America,Northern America,USA,"6,3,None|6,2,None",,
1,Brisbane International Presented By Suncorp,https://photoresources.wtatennis.com/photo-resources/2026/04/16/e0cf338c-8e78-4f7f-816c-d0a252863119/WTA-Tournament_Brisbane-2025.png?height=128,https://www.wtatennis.com/tournaments/800/brisbane/2015,Premier,Hard,https://www.wtatennis.com/resources/v7.42.0/i/elements/500k-tag.svg,2015-01-04,2015-01-10,2015,1,Brisbane,CZE,,AU,AUS,036,009,,Oceania,Australasia,AUS,23.0,1.0,6477.0,32M/32Q/16D,Brisbane International Presented By Suncorp,,33,1,33.0,3,3.0,Karolina Pliskova,,https://www.wtatennis.com/resources/v7.42.0/i/elements/flags/cze.svg,R32,L,"6-4, 6-7 (7), 4-6",https://www.wtatennis.com/players/313974/karolina-pliskova,False,False,False,False,True,False,True,3,True,33,16,17,0,CZ,CZE,203,150,Europe,Central Europe,CZE,"6,4,None|6,7,7|4,6,None",,
1,Toray Pan Pacific Open,,https://www.wtatennis.com/tournaments/1056/tokyo/2014,Premier,Hard,https://www.wtatennis.com/resources/v7.42.0/i/elements/500k-tag.svg,2014-09-15,2014-09-21,2014,9,Tokyo,SRB,,JP,JPN,392,142,,Asia,East Asia,JPN,10.0,55.0,11681.0,32M/32Q/16D,Toray Pan Pacific Open,,42,2,21.0,5,2.5,Ana Ivanovic,3.0,https://www.wtatennis.com/resources/v7.42.0/i/elements/flags/srb.svg,R16,L,"3-6, 4-6",https://www.wtatennis.com/players/311710/ana-ivanovic,False,False,False,False,False,False,False,2,False,19,7,12,0,RS,SRB,688,150,Europe,Southeastern Europe,SRB,"3,6,None|4,6,None",,
2,Toray Pan Pacific Open,,https://www.wtatennis.com/tournaments/1056/tokyo/2014,Premier,Hard,https://www.wtatennis.com/resources/v7.42.0/i/elements/500k-tag.svg,2014-09-15,2014-09-21,2014,9,Tokyo,JPN,,JP,JPN,392,142,,Asia,East Asia,JPN,86.0,55.0,11681.0,32M/32Q/16D,Toray Pan Pacific Open,,42,2,21.0,5,2.5,Kimiko Date,,https://www.wtatennis.com/resources/v7.42.0/i/elements/flags/jpn.svg,R32,W,"3-6, 6-0, 6-2",https://www.wtatennis.com/players/40130/kimiko-date,False,False,False,False,False,False,False,3,False,23,15,8,1,JP,JPN,392,142,Asia,East Asia,JPN,"3,6,None|6,0,None|6,2,None",,
1,US Open,https://photoresources.wtatennis.com/photo-resources/2026/04/16/8d0a3d41-7b45-434b-a75b-b7d2eb0922b4/WTA-Tournament_US-Open.png?height=128,https://www.wtatennis.com/tournaments/905/us-open/2014,Grand Slam,Hard,https://www.wtatennis.com/resources/v7.42.0/i/elements/gs-tag.svg,2014-08-25,2014-09-07,2014,8,New York,RUS,NY,US,USA,840,019,,America,Northern America,USA,18.0,430.0,364443.0,128M/128Q/64D,Us Open,,109,5,21.8,12,2.4,Ekaterina Makarova,17.0,https://www.wtatennis.com/resources/v7.42.0/i/elements/flags/rus.svg,QF,L,"4-6, 2-6",https://www.wtatennis.com/players/311604/ekaterina-makarova,False,False,False,False,False,False,False,2,False,18,6,12,0,RU,RUS,643,150,Europe,Eastern Europe,RUS,"4,6,None|2,6,None",,
2,US Open,https://photoresources.wtatennis.com/photo-resources/2026/04/16/8d0a3d41-7b45-434b-a75b-b7d2eb0922b4/WTA-Tournament_US-Open.png?height=128,https://www.wtatennis.com/tournaments/905/us-open/2014,Grand Slam,Hard,https://www.wtatennis.com/resources/v7.42.0/i/elements/gs-tag.svg,2014-08-25,2014-09-07,2014,8,New York,SRB,NY,US,USA,840,019,,America,Northern America,USA,145.0,430.0,364443.0,128M/128Q/64D,Us Open,,109,5,21.8,12,2.4,Aleksandra Krunic,,https://www.wtatennis.com/resources/v7.42.0/i/elements/flags/srb.svg,R16,W,"4-6, 6-4, 6-4",https://www.wtatennis.com/players/316344/aleksandra-krunic,False,False,False,False,False,False,False,3,False,30,16,14,1,RS,SRB,688,150,Europe,Southeastern Europe,SRB,"4,6,None|6,4,None|6,4,None",,
3,US Open,https://photoresources.wtatennis.com/photo-resources/2026/04/16/8d0a3d41-7b45-434b-a75b-b7d2eb0922b4/WTA-Tournament_US-Open.png?height=128,https://www.wtatennis.com/tournaments/905/us-open/2014,Grand Slam,Hard,https://www.wtatennis.com/resources/v7.42.0/i/elements/gs-tag.svg,2014-08-25,2014-09-07,2014,8,New York,RUS,NY,US,USA,840,019,,America,Northern America,USA,56.0,430.0,364443.0,128M/128Q/64D,Us Open,,109,5,21.8,12,2.4,Elena Vesnina,,https://www.wtatennis.com/resources/v7.42.0/i/elements/flags/rus.svg,R32,W,"6-1, 6-1",https://www.wtatennis.com/players/311220/elena-vesnina,False,False,False,False,False,False,False,2,True,14,12,2,1,RU,RUS,643,150,Europe,Eastern Europe,RUS,"6,1,None|6,1,None",,
4,US Open,https://photoresources.wtatennis.com/photo-resources/2026/04/16/8d0a3d41-7b45-434b-a75b-b7d2eb0922b4/WTA-Tournament_US-Open.png?height=128,https://www.wtatennis.com/tournaments/905/us-open/2014,Grand Slam,Hard,https://www.wtatennis.com/resources/v7.42.0/i/elements/gs-tag.svg,2014-08-25,2014-09-07,2014,8,New York,USA,NY,US,USA,840,019,United States of America|America|USA|US,America,Northern America,USA,44.0,430.0,364443.0,128M/128Q/64D,Us Open,,109,5,21.8,12,2.4,Christina Mchale,,https://www.wtatennis.com/resources/v7.42.0/i/elements/flags/usa.svg,R64,W,"6-3, 6-2",https://www.wtatennis.com/players/314917/christina-mchale,False,False,False,False,False,False,False,2,True,17,12,5,1,US,USA,840,019,America,Northern America,USA,"6,3,None|6,2,None",,
5,US Open,https://photoresources.wtatennis.com/photo-resources/2026/04/16/8d0a3d41-7b45-434b-a75b-b7d2eb0922b4/WTA-Tournament_US-Open.png?height=128,https://www.wtatennis.com/tournaments/905/us-open/2014,Grand Slam,Hard,https://www.wtatennis.com/resources/v7.42.0/i/elements/gs-tag.svg,2014-08-25,2014-09-07,2014,8,New York,JPN,NY,US,USA,840,019,,America,Northern America,USA,90.0,430.0,364443.0,128M/128Q/64D,Us Open,,109,5,21.8,12,2.4,Misaki Doi,,https://www.wtatennis.com/resources/v7.42.0/i/elements/flags/jpn.svg,R128,W,"6-7 (3), 6-4, 6-1",https://www.wtatennis.com/players/314237/misaki-doi,False,False,False,True,False,False,True,3,False,30,18,12,1,JP,JPN,392,142,Asia,East Asia,JPN,"6,7,3|6,4,None|6,1,None",,
1,Coupe Rogers Présentée Par Banque Nationale,,https://www.wtatennis.com/tournaments/806/montreal/2014,Premier 5,Hard,https://www.wtatennis.com/resources/v7.42.0/i/elements/1000k-tag.svg,2014-08-04,2014-08-10,2014,8,Montreal,POL,,CA,CAN,124,019,,America,Northern America,CAN,5.0,190.0,51130.0,64M/64Q/32D,Coupe Rogers Présentée Par Banque Nationale,,62,3,20.666666666666668,7,2.3333333333333335,Agnieszka Radwanska,3.0,https://www.wtatennis.com/resources/v7.42.0/i/elements/flags/pol.svg,QF,L,"2-6, 2-6",https://www.wtatennis.com/players/312251/agnieszka-radwanska,False,False,False,False,False,False,False,2,False,16,4,12,0,PL,POL,616,150,Europe,Central Europe,POL,"2,6,None|2,6,None",,
2,Coupe Rogers Présentée Par Banque Nationale,,https://www.wtatennis.com/tournaments/806/montreal/2014,Premier 5,Hard,https://www.wtatennis.com/resources/v7.42.0/i/elements/1000k-tag.svg,2014-08-04,2014-08-10,2014,8,Montreal,GBR,,CA,CAN,124,019,Britain|UK|Great Britain|United Kingdom,America,Northern America,CAN,57.0,190.0,51130.0,64M/64Q/32D,Coupe Rogers Présentée Par Banque Nationale,,62,3,20.666666666666668,7,2.3333333333333335,Heather Watson,,https://www.wtatennis.com/resources/v7.42.0/i/elements/flags/gbr.svg,R16,W,"6-2, 6-4",https://www.wtatennis.com/players/316981/heather-watson,False,False,False,False,False,False,False,2,True,18,12,6,1,GB,GBR,826,150,Europe,Northern Europe,ENG,"6,2,None|6,4,None",,
3,Coupe Rogers Présentée Par Banque Nationale,,https://www.wtatennis.com/tournaments/806/montreal/2014,Premier 5,Hard,https://www.wtatennis.com/resources/v7.42.0/i/elements/1000k-tag.svg,2014-08-04,2014-08-10,2014,8,Montreal,FRA,,CA,CAN,124,019,,America,Northern America,CAN,22.0,190.0,51130.0,64M/64Q/32D,Coupe Rogers Présentée Par Banque Nationale,,62,3,20.666666666666668,7,2.3333333333333335,Alizé Cornet,,https://www.wtatennis.com/resources/v7.42.0/i/elements/flags/fra.svg,R32,W,"6-4, 2-6, 6-4",https://www.wtatennis.com/players/312121/aliz-cornet,False,False,False,False,False,False,False,3,True,28,14,14,1,FR,FRA,250,150,Europe,Western Europe,FRA,"6,4,None|2,6,None|6,4,None",,
4,Coupe Rogers Présentée Par Banque Nationale,,https://www.wtatennis.com/tournaments/806/montreal/2014,Premier 5,Hard,https://www.wtatennis.com/resources/v7.42.0/i/elements/1000k-tag.svg,2014-08-04,2014-08-10,2014,8,Montreal,,,CA,CAN,124,019,,America,Northern America,CAN,,190.0,51130.0,64M/64Q/32D,Coupe Rogers Présentée Par Banque Nationale,,62,3,20.666666666666668,7,2.3333333333333335,,,,R64,,Bye,,False,False,True,False,False,False,False,0,False,0,0,0,0,,,,,,,,,,
1,Bank Of The West Classic,,https://www.wtatennis.com/tournaments/703/san-jose/2014,Premier,Hard,https://www.wtatennis.com/resources/v7.42.0/i/elements/500k-tag.svg,2014-07-28,2014-08-03,2014,7,Stanford,USA,CA,US,USA,840,019,United States of America|America|USA|US,America,Northern America,USA,25.0,1.0,10000.0,32M/16Q/16D,Bank Of The West Classic,,23,1,23.0,2,2.0,Venus Williams,,https://www.wtatennis.com/resources/v7.42.0/i/elements/flags/usa.svg,R16,L,"4-6, 6-7 (1)",https://www.wtatennis.com/players/230220/venus-williams,False,False,False,False,True,False,True,2,False,23,10,13,0,US,USA,840,019,America,Northern America,USA,"4,6,None|6,7,1",W,True
2,Bank Of The West Classic,,https://www.wtatennis.com/tournaments/703/san-jose/2014,Premier,Hard,https://www.wtatennis.com/resources/v7.42.0/i/elements/500k-tag.svg,2014-07-28,2014-08-03,2014,7,Stanford,,CA,US,USA,840,019,,America,Northern America,USA,,1.0,10000.0,32M/16Q/16D,Bank Of The West Classic,,23,1,23.0,2,2.0,,,,R32,,Bye,,False,False,True,False,False,False,False,0,False,0,0,0,0,,,,,,,,,W,True
1,Wimbledon,https://photoresources.wtatennis.com/photo-resources/2026/04/16/d29814e6-6e80-4015-b680-9a7f3cb065c3/WTA-Tournament_Wimbledon.png?height=128,https://www.wtatennis.com/tournaments/904/wimbledon/2014,Grand Slam,Grass,https://www.wtatennis.com/resources/v7.42.0/i/elements/gs-tag.svg,2014-06-23,2014-07-05,2014,6,Wimbledon,SRB,,GB,GBR,826,150,,Europe,Northern Europe,ENG,45.0,70.0,67015.0,128M/128Q/64D,The Championships,,51,2,25.5,5,2.5,Bojana Jovanovski Petrovic,,https://www.wtatennis.com/resources/v7.42.0/i/elements/flags/srb.svg,R64,L,"3-6, 6-3, 5-7",https://www.wtatennis.com/players/314369/bojana-jovanovski-petrovic,False,False,False,False,False,False,False,3,False,30,14,16,0,RS,SRB,688,150,Europe,Southeastern Europe,SRB,"3,6,None|6,3,None|5,7,None",,
2,Wimbledon,https://photoresources.wtatennis.com/photo-resources/2026/04/16/d29814e6-6e80-4015-b680-9a7f3cb065c3/WTA-Tournament_Wimbledon.png?height=128,https://www.wtatennis.com/tournaments/904/wimbledon/2014,Grand Slam,Grass,https://www.wtatennis.com/resources/v7.42.0/i/elements/gs-tag.svg,2014-06-23,2014-07-05,2014,6,Wimbledon,CRO,,GB,GBR,826,150,,Europe,Northern Europe,ENG,108.0,70.0,67015.0,128M/128Q/64D,The Championships,,51,2,25.5,5,2.5,Mirjana Lucic-Baroni,,https://www.wtatennis.com/resources/v7.42.0/i/elements/flags/cro.svg,R128,W,"6-3, 7-5",https://www.wtatennis.com/players/120323/mirjana-lucic-baroni,False,False,False,False,False,False,False,2,True,21,13,8,1,HR,HRV,191,150,Europe,Southeastern Europe,CRO,"6,3,None|7,5,None",,
1,Eastbourne International,,https://www.wtatennis.com/tournaments/710/eastbourne/2014,WTA 250,Grass,https://www.wtatennis.com/resources/v7.42.0/i/elements/250k-tag.svg,2014-06-16,2014-06-21,2014,6,Eastbourne,ITA,,GB,GBR,826,150,,Europe,Northern Europe,ENG,42.0,1.0,4740.0,32M/32Q/16D,Aegon International,,31,1,31.0,3,3.0,Camila Giorgi,,https://www.wtatennis.com/resources/v7.42.0/i/elements/flags/ita.svg,R32,L,"6-4, 3-6, 5-7",https://www.wtatennis.com/players/314610/camila-giorgi,False,False,False,False,False,False,False,3,True,31,14,17,0,IT,ITA,380,150,Europe,Southern Europe,ITA,"6,4,None|3,6,None|5,7,None",W,True
1,Bnp Paribas Open,https://photoresources.wtatennis.com/photo-resources/2026/04/16/a1736320-dd92-4829-8aa8-846c2edef410/WTA-Tournament_Indian-Wells-2017.png?height=128,https://www.wtatennis.com/tournaments/609/indian-wells/2014,Premier Mandatory,Hard,https://www.wtatennis.com/resources/v7.42.0/i/elements/1000k-tag.svg,2014-03-05,2014-03-16,2014,3,Indian Wells,USA,CA,US,USA,840,019,United States of America|America|USA|US,America,Northern America,USA,66.0,10.0,16000.0,128M/64Q/32D,Bnp Paribas Open,,19,1,19.0,2,2.0,Lauren Davis,,https://www.wtatennis.com/resources/v7.42.0/i/elements/flags/usa.svg,R64,L,"0-6, 6-7 (2)",https://www.wtatennis.com/players/317414/lauren-davis,False,False,False,False,True,False,True,2,False,19,6,13,0,US,USA,840,019,America,Northern America,USA,"0,6,None|6,7,2",,
2,Bnp Paribas Open,https://photoresources.wtatennis.com/photo-resources/2026/04/16/a1736320-dd92-4829-8aa8-846c2edef410/WTA-Tournament_Indian-Wells-2017.png?height=128,https://www.wtatennis.com/tournaments/609/indian-wells/2014,Premier Mandatory,Hard,https://www.wtatennis.com/resources/v7.42.0/i/elements/1000k-tag.svg,2014-03-05,2014-03-16,2014,3,Indian Wells,,CA,US,USA,840,019,,America,Northern America,USA,,10.0,16000.0,128M/64Q/32D,Bnp Paribas Open,,19,1,19.0,2,2.0,,,,R128,,Bye,,False,False,True,False,False,False,False,0,False,0,0,0,0,,,,,,,,,,
1,Australian Open,https://photoresources.wtatennis.com/photo-resources/2026/04/16/6b041ce4-8b08-4fff-be75-89d1c452c157/WTA-Tournament_Australian-Open.png?height=128,https://www.wtatennis.com/tournaments/901/australian-open/2014,Grand Slam,Hard,https://www.wtatennis.com/resources/v7.42.0/i/elements/gs-tag.svg,2014-01-13,2014-01-25,2014,1,Melbourne,POL,,AU,AUS,036,009,,Oceania,Australasia,AUS,5.0,430.0,239365.0,128M/128Q/64D,Australian Open,,93,5,18.6,11,2.2,Agnieszka Radwanska,5.0,https://www.wtatennis.com/resources/v7.42.0/i/elements/flags/pol.svg,QF,L,"1-6, 7-5, 0-6",https://www.wtatennis.com/players/312251/agnieszka-radwanska,False,False,False,False,False,False,False,3,False,25,8,17,0,PL,POL,616,150,Europe,Central Europe,POL,"1,6,None|7,5,None|0,6,None",,
2,Australian Open,https://photoresources.wtatennis.com/photo-resources/2026/04/16/6b041ce4-8b08-4fff-be75-89d1c452c157/WTA-Tournament_Australian-Open.png?height=128,https://www.wtatennis.com/tournaments/901/australian-open/2014,Grand Slam,Hard,https://www.wtatennis.com/resources/v7.42.0/i/elements/gs-tag.svg,2014-01-13,2014-01-25,2014,1,Melbourne,USA,,AU,AUS,036,009,United States of America|America|USA|US,Oceania,Australasia,AUS,13.0,430.0,239365.0,128M/128Q/64D,Australian Open,,93,5,18.6,11,2.2,Sloane Stephens,13.0,https://www.wtatennis.com/resources/v7.42.0/i/elements/flags/usa.svg,R16,W,"6-3, 6-2",https://www.wtatennis.com/players/315683/sloane-stephens,False,False,False,False,False,False,False,2,True,17,12,5,1,US,USA,840,019,America,Northern America,USA,"6,3,None|6,2,None",,
3,Australian Open,https://photoresources.wtatennis.com/photo-resources/2026/04/16/6b041ce4-8b08-4fff-be75-89d1c452c157/WTA-Tournament_Australian-Open.png?height=128,https://www.wtatennis.com/tournaments/901/australian-open/2014,Grand Slam,Hard,https://www.wtatennis.com/resources/v7.42.0/i/elements/gs-tag.svg,2014-01-13,2014-01-25,2014,1,Melbourne,AUT,,AU,AUS,036,009,,Oceania,Australasia,AUS,49.0,430.0,239365.0,128M/128Q/64D,Australian Open,,93,5,18.6,11,2.2,Yvonne Meusburger,,https://www.wtatennis.com/resources/v7.42.0/i/elements/flags/aut.svg,R32,W,"6-1, 6-0",https://www.wtatennis.com/players/130698/yvonne-meusburger,False,False,False,False,False,False,False,2,True,13,12,1,1,AT,AUT,040,150,Europe,Central Europe,AUT,"6,1,None|6,0,None",,
4,Australian Open,https://photoresources.wtatennis.com/photo-resources/2026/04/16/6b041ce4-8b08-4fff-be75-89d1c452c157/WTA-Tournament_Australian-Open.png?height=128,https://www.wtatennis.com/tournaments/901/australian-open/2014,Grand Slam,Hard,https://www.wtatennis.com/resources/v7.42.0/i/elements/gs-tag.svg,2014-01-13,2014-01-25,2014,1,Melbourne,CZE,,AU,AUS,036,009,,Oceania,Australasia,AUS,84.0,430.0,239365.0,128M/128Q/64D,Australian Open,,93,5,18.6,11,2.2,Barbora Strycova,,https://www.wtatennis.com/resources/v7.42.0/i/elements/flags/cze.svg,R64,W,"6-1, 6-4",https://www.wtatennis.com/players/190879/barbora-strycova,False,False,False,False,False,False,False,2,True,17,12,5,1,CZ,CZE,203,150,Europe,Central Europe,CZE,"6,1,None|6,4,None",,
5,Australian Open,https://photoresources.wtatennis.com/photo-resources/2026/04/16/6b041ce4-8b08-4fff-be75-89d1c452c157/WTA-Tournament_Australian-Open.png?height=128,https://www.wtatennis.com/tournaments/901/australian-open/2014,Grand Slam,Hard,https://www.wtatennis.com/resources/v7.42.0/i/elements/gs-tag.svg,2014-01-13,2014-01-25,2014,1,Melbourne,SWE,,AU,AUS,036,009,,Oceania,Australasia,AUS,91.0,430.0,239365.0,128M/128Q/64D,Australian Open,,93,5,18.6,11,2.2,Johanna Larsson,,https://www.wtatennis.com/resources/v7.42.0/i/elements/flags/swe.svg,R128,W,"7-6 (2), 6-2",https://www.wtatennis.com/players/311593/johanna-larsson,False,False,False,True,False,False,True,2,True,21,13,8,1,SE,SWE,752,150,Europe,Northern Europe,SWE,"7,6,2|6,2,None",,
1,Brisbane International,https://photoresources.wtatennis.com/photo-resources/2026/04/16/e0cf338c-8e78-4f7f-816c-d0a252863119/WTA-Tournament_Brisbane-2025.png?height=128,https://www.wtatennis.com/tournaments/800/brisbane/2014,Premier,Hard,https://www.wtatennis.com/resources/v7.42.0/i/elements/500k-tag.svg,2014-12-29,2014-01-04,2014,12,Brisbane,USA,,AU,AUS,036,009,United States of America|America|USA|US,Oceania,Australasia,AUS,1.0,305.0,104890.0,32M/32Q/16D,Brisbane International,,94,4,23.5,10,2.5,Serena Williams,1.0,https://www.wtatennis.com/resources/v7.42.0/i/elements/flags/usa.svg,F,L,"4-6, 5-7",https://www.wtatennis.com/players/230234/serena-williams,False,False,False,False,False,False,False,2,False,22,9,13,0,US,USA,840,019,America,Northern America,USA,"4,6,None|5,7,None",,
2,Brisbane International,https://photoresources.wtatennis.com/photo-resources/2026/04/16/e0cf338c-8e78-4f7f-816c-d0a252863119/WTA-Tournament_Brisbane-2025.png?height=128,https://www.wtatennis.com/tournaments/800/brisbane/2014,Premier,Hard,https://www.wtatennis.com/resources/v7.42.0/i/elements/500k-tag.svg,2014-12-29,2014-01-04,2014,12,Brisbane,SRB,,AU,AUS,036,009,,Oceania,Australasia,AUS,8.0,305.0,104890.0,32M/32Q/16D,Brisbane International,,94,4,23.5,10,2.5,Jelena Jankovic,4.0,https://www.wtatennis.com/resources/v7.42.0/i/elements/flags/srb.svg,SF,W,"1-6, 6-3, 6-4",https://www.wtatennis.com/players/100153/jelena-jankovic,False,False,False,False,False,False,False,3,False,26,13,13,1,RS,SRB,688,150,Europe,Southeastern Europe,SRB,"1,6,None|6,3,None|6,4,None",,
3,Brisbane International,https://photoresources.wtatennis.com/photo-resources/2026/04/16/e0cf338c-8e78-4f7f-816c-d0a252863119/WTA-Tournament_Brisbane-2025.png?height=128,https://www.wtatennis.com/tournaments/800/brisbane/2014,Premier,Hard,https://www.wtatennis.com/resources/v7.42.0/i/elements/500k-tag.svg,2014-12-29,2014-01-04,2014,12,Brisbane,SUI,,AU,AUS,036,009,,Oceania,Australasia,AUS,50.0,305.0,104890.0,32M/32Q/16D,Brisbane International,,94,4,23.5,10,2.5,Stefanie Voegele,,https://www.wtatennis.com/resources/v7.42.0/i/elements/flags/sui.svg,QF,W,"6-4, 6-7 (7), 6-1",https://www.wtatennis.com/players/312336/stefanie-voegele,False,False,False,False,True,False,True,3,True,30,18,12,1,CH,CHE,756,150,Europe,Central Europe,SUI,"6,4,None|6,7,7|6,1,None",,
4,Brisbane International,https://photoresources.wtatennis.com/photo-resources/2026/04/16/e0cf338c-8e78-4f7f-816c-d0a252863119/WTA-Tournament_Brisbane-2025.png?height=128,https://www.wtatennis.com/tournaments/800/brisbane/2014,Premier,Hard,https://www.wtatennis.com/resources/v7.42.0/i/elements/500k-tag.svg,2014-12-29,2014-01-04,2014,12,Brisbane,AUS,,AU,AUS,036,009,,Oceania,Australasia,AUS,142.0,305.0,104890.0,32M/32Q/16D,Brisbane International,,94,4,23.5,10,2.5,Casey Dellacqua,,https://www.wtatennis.com/resources/v7.42.0/i/elements/flags/aus.svg,R16,W,"6-3, 6-1",https://www.wtatennis.com/players/310730/casey-dellacqua,False,False,False,False,False,False,False,2,True,16,12,4,1,AU,AUS,036,009,Oceania,Australasia,AUS,"6,3,None|6,1,None",,
5,Brisbane International,https://photoresources.wtatennis.com/photo-resources/2026/04/16/e0cf338c-8e78-4f7f-816c-d0a252863119/WTA-Tournament_Brisbane-2025.png?height=128,https://www.wtatennis.com/tournaments/800/brisbane/2014,Premier,Hard,https://www.wtatennis.com/resources/v7.42.0/i/elements/500k-tag.svg,2014-12-29,2014-01-04,2014,12,Brisbane,,,AU,AUS,036,009,,Oceania,Australasia,AUS,,305.0,104890.0,32M/32Q/16D,Brisbane International,,94,4,23.5,10,2.5,,,,R32,,Bye,,False,False,True,False,False,False,False,0,False,0,0,0,0,,,,,,,,,,
1,Teb Bnp Paribas Wta Championships,,https://www.wtatennis.com/tournaments/808/wta-finals/2013,Finals,Hard,https://www.wtatennis.com/resources/v7.42.0/i/elements/finals-tag.svg,2013-10-22,2013-10-27,2013,10,Istanbul,ITA,,TR,TUR,792,142,,Asia,Western Asia,TUR,7.0,370.0,275000.0,8M/0Q/4D,Teb Bnp Paribas Wta Championships,,55,3,18.333333333333332,6,2.0,Sara Errani,6.0,https://www.wtatennis.com/resources/v7.42.0/i/elements/flags/ita.svg,RR,W,"7-6 (4), 6-2",https://www.wtatennis.com/players/310761/sara-errani,False,False,False,True,False,False,True,2,True,21,13,8,1,IT,ITA,380,150,Europe,Southern Europe,ITA,"7,6,4|6,2,None",,
2,Teb Bnp Paribas Wta Championships,,https://www.wtatennis.com/tournaments/808/wta-finals/2013,Finals,Hard,https://www.wtatennis.com/resources/v7.42.0/i/elements/finals-tag.svg,2013-10-22,2013-10-27,2013,10,Istanbul,SRB,,TR,TUR,792,142,,Asia,Western Asia,TUR,8.0,370.0,275000.0,8M/0Q/4D,Teb Bnp Paribas Wta Championships,,55,3,18.333333333333332,6,2.0,Jelena Jankovic,7.0,https://www.wtatennis.com/resources/v7.42.0/i/elements/flags/srb.svg,RR,L,"4-6, 3-6",https://www.wtatennis.com/players/100153/jelena-jankovic,False,False,False,False,False,False,False,2,False,19,7,12,0,RS,SRB,688,150,Europe,Southeastern Europe,SRB,"4,6,None|3,6,None",,
3,Teb Bnp Paribas Wta Championships,,https://www.wtatennis.com/tournaments/808/wta-finals/2013,Finals,Hard,https://www.wtatennis.com/resources/v7.42.0/i/elements/finals-tag.svg,2013-10-22,2013-10-27,2013,10,Istanbul,CHN,,TR,TUR,792,142,,Asia,Western Asia,TUR,5.0,370.0,275000.0,8M/0Q/4D,Teb Bnp Paribas Wta Championships,,55,3,18.333333333333332,6,2.0,Na Li,4.0,https://www.wtatennis.com/resources/v7.42.0/i/elements/flags/chn.svg,RR,L,"2-6, 1-6",https://www.wtatennis.com/players/120330/na-li,False,False,False,False,False,False,False,2,False,15,3,12,0,CN,CHN,156,142,Asia,East Asia,CHN,"2,6,None|1,6,None",,
1,China Open,,https://www.wtatennis.com/tournaments/1020/beijing/2013,Premier Mandatory,Hard,https://www.wtatennis.com/resources/v7.42.0/i/elements/1000k-tag.svg,2013-09-28,2013-10-06,2013,9,Beijing,GER,,CN,CHN,156,142,,Asia,East Asia,CHN,43.0,5.0,13500.0,64M/32Q/32D,China Open,,28,1,28.0,3,3.0,Andrea Petkovic,,https://www.wtatennis.com/resources/v7.42.0/i/elements/flags/ger.svg,R64,L,"4-6, 6-2, 4-6",https://www.wtatennis.com/players/310770/andrea-petkovic,False,False,False,False,False,False,False,3,False,28,14,14,0,DE,DEU,276,150,Europe,Central Europe,GER,"4,6,None|6,2,None|4,6,None",,
1,Toray Pan Pacific Open,,https://www.wtatennis.com/tournaments/1056/tokyo/2013,Premier 5,Hard,https://www.wtatennis.com/resources/v7.42.0/i/elements/1000k-tag.svg,2013-09-22,2013-09-28,2013,9,Tokyo,USA,,JP,JPN,392,142,United States of America|America|USA|US,Asia,East Asia,JPN,63.0,1.0,12480.0,64M/32Q/16D,Toray Pan Pacific Open,,18,1,18.0,2,2.0,Venus Williams,,https://www.wtatennis.com/resources/v7.42.0/i/elements/flags/usa.svg,R32,L,"2-6, 4-6",https://www.wtatennis.com/players/230220/venus-williams,False,False,False,False,False,False,False,2,False,18,6,12,0,US,USA,840,019,America,Northern America,USA,"2,6,None|4,6,None",,
2,Toray Pan Pacific Open,,https://www.wtatennis.com/tournaments/1056/tokyo/2013,Premier 5,Hard,https://www.wtatennis.com/resources/v7.42.0/i/elements/1000k-tag.svg,2013-09-22,2013-09-28,2013,9,Tokyo,,,JP,JPN,392,142,,Asia,East Asia,JPN,,1.0,12480.0,64M/32Q/16D,Toray Pan Pacific Open,,18,1,18.0,2,2.0,,,,R64,,Bye,,False,False,True,False,False,False,False,0,False,0,0,0,0,,,,,,,,,,
1,US Open,https://photoresources.wtatennis.com/photo-resources/2026/04/16/8d0a3d41-7b45-434b-a75b-b7d2eb0922b4/WTA-Tournament_US-Open.png?height=128,https://www.wtatennis.com/tournaments/905/us-open/2013,Grand Slam,Hard,https://www.wtatennis.com/resources/v7.42.0/i/elements/gs-tag.svg,2013-08-26,2013-09-08,2013,8,New York,USA,NY,US,USA,840,019,United States of America|America|USA|US,America,Northern America,USA,1.0,1400.0,1527858.0,128M/128Q/64D,Us Open,,154,7,22.0,17,2.4285714285714284,Serena Williams,1.0,https://www.wtatennis.com/resources/v7.42.0/i/elements/flags/usa.svg,F,L,"5-7, 7-6 (6), 1-6",https://www.wtatennis.com/players/230234/serena-williams,False,False,False,False,True,False,True,3,False,32,13,19,0,US,USA,840,019,America,Northern America,USA,"5,7,None|7,6,6|1,6,None",,
2,US Open,https://photoresources.wtatennis.com/photo-resources/2026/04/16/8d0a3d41-7b45-434b-a75b-b7d2eb0922b4/WTA-Tournament_US-Open.png?height=128,https://www.wtatennis.com/tournaments/905/us-open/2013,Grand Slam,Hard,https://www.wtatennis.com/resources/v7.42.0/i/elements/gs-tag.svg,2013-08-26,2013-09-08,2013,8,New York,ITA,NY,US,USA,840,019,,America,Northern America,USA,83.0,1400.0,1527858.0,128M/128Q/64D,Us Open,,154,7,22.0,17,2.4285714285714284,Flavia Pennetta,,https://www.wtatennis.com/resources/v7.42.0/i/elements/flags/ita.svg,SF,W,"6-4, 6-2",https://www.wtatennis.com/players/160391/flavia-pennetta,False,False,False,False,False,False,False,2,True,18,12,6,1,IT,ITA,380,150,Europe,Southern Europe,ITA,"6,4,None|6,2,None",,
3,US Open,https://photoresources.wtatennis.com/photo-resources/2026/04/16/8d0a3d41-7b45-434b-a75b-b7d2eb0922b4/WTA-Tournament_US-Open.png?height=128,https://www.wtatennis.com/tournaments/905/us-open/2013,Grand Slam,Hard,https://www.wtatennis.com/resources/v7.42.0/i/elements/gs-tag.svg,2013-08-26,2013-09-08,2013,8,New York,SVK,NY,US,USA,840,019,,America,Northern America,USA,48.0,1400.0,1527858.0,128M/128Q/64D,Us Open,,154,7,22.0,17,2.4285714285714284,Daniela Hantuchova,,https://www.wtatennis.com/resources/v7.42.0/i/elements/flags/svk.svg,QF,W,"6-2, 6-3",https://www.wtatennis.com/players/80394/daniela-hantuchova,False,False,False,False,False,False,False,2,True,17,12,5,1,SK,SVK,703,150,Europe,Central Europe,SVK,"6,2,None|6,3,None",,
4,US Open,https://photoresources.wtatennis.com/photo-resources/2026/04/16/8d0a3d41-7b45-434b-a75b-b7d2eb0922b4/WTA-Tournament_US-Open.png?height=128,https://www.wtatennis.com/tournaments/905/us-open/2013,Grand Slam,Hard,https://www.wtatennis.com/resources/v7.42.0/i/elements/gs-tag.svg,2013-08-26,2013-09-08,2013,8,New York,SRB,NY,US,USA,840,019,,America,Northern America,USA,15.0,1400.0,1527858.0,128M/128Q/64D,Us Open,,154,7,22.0,17,2.4285714285714284,Ana Ivanovic,13.0,https://www.wtatennis.com/resources/v7.42.0/i/elements/flags/srb.svg,R16,W,"4-6, 6-3, 6-4",https://www.wtatennis.com/players/311710/ana-ivanovic,False,False,False,False,False,False,False,3,False,29,16,13,1,RS,SRB,688,150,Europe,Southeastern Europe,SRB,"4,6,None|6,3,None|6,4,None",,
5,US Open,https://photoresources.wtatennis.com/photo-resources/2026/04/16/8d0a3d41-7b45-434b-a75b-b7d2eb0922b4/WTA-Tournament_US-Open.png?height=128,https://www.wtatennis.com/tournaments/905/us-open/2013,Grand Slam,Hard,https://www.wtatennis.com/resources/v7.42.0/i/elements/gs-tag.svg,2013-08-26,2013-09-08,2013,8,New York,FRA,NY,US,USA,840,019,,America,Northern America,USA,28.0,1400.0,1527858.0,128M/128Q/64D,Us Open,,154,7,22.0,17,2.4285714285714284,Alizé Cornet,26.0,https://www.wtatennis.com/resources/v7.42.0/i/elements/flags/fra.svg,R32,W,"6-7 (2), 6-3, 6-2",https://www.wtatennis.com/players/312121/aliz-cornet,False,False,False,True,False,False,True,3,False,30,18,12,1,FR,FRA,250,150,Europe,Western Europe,FRA,"6,7,2|6,3,None|6,2,None",,
6,US Open,https://photoresources.wtatennis.com/photo-resources/2026/04/16/8d0a3d41-7b45-434b-a75b-b7d2eb0922b4/WTA-Tournament_US-Open.png?height=128,https://www.wtatennis.com/tournaments/905/us-open/2013,Grand Slam,Hard,https://www.wtatennis.com/resources/v7.42.0/i/elements/gs-tag.svg,2013-08-26,2013-09-08,2013,8,New York,CAN,NY,US,USA,840,019,,America,Northern America,USA,323.0,1400.0,1527858.0,128M/128Q/64D,Us Open,,154,7,22.0,17,2.4285714285714284,Aleksandra Wozniak,,https://www.wtatennis.com/resources/v7.42.0/i/elements/flags/can.svg,R64,W,"6-3, 6-1",https://www.wtatennis.com/players/310494/aleksandra-wozniak,False,False,False,False,False,False,False,2,True,16,12,4,1,CA,CAN,124,019,America,Northern America,CAN,"6,3,None|6,1,None",,
7,US Open,https://photoresources.wtatennis.com/photo-resources/2026/04/16/8d0a3d41-7b45-434b-a75b-b7d2eb0922b4/WTA-Tournament_US-Open.png?height=128,https://www.wtatennis.com/tournaments/905/us-open/2013,Grand Slam,Hard,https://www.wtatennis.com/resources/v7.42.0/i/elements/gs-tag.svg,2013-08-26,2013-09-08,2013,8,New York,GER,NY,US,USA,840,019,,America,Northern America,USA,99.0,1400.0,1527858.0,128M/128Q/64D,Us Open,,154,7,22.0,17,2.4285714285714284,Dinah Pfizenmaier,,https://www.wtatennis.com/resources/v7.42.0/i/elements/flags/ger.svg,R128,W,"6-0, 6-0",https://www.wtatennis.com/players/316518/dinah-pfizenmaier,False,False,False,False,False,False,False,2,True,12,12,0,1,DE,DEU,276,150,Europe,Central Europe,GER,"6,0,None|6,0,None",,
1,Western & Southern Open,,https://www.wtatennis.com/tournaments/1017/cincinnati/2013,Premier 5,Hard,https://www.wtatennis.com/resources/v7.42.0/i/elements/1000k-tag.svg,2013-08-12,2013-08-18,2013,8,Cincinnati,USA,OH,US,USA,840,019,United States of America|America|USA|US,America,Northern America,USA,1.0,900.0,426000.0,64M/64Q/32D,Western & Southern Open,,117,5,23.4,12,2.4,Serena Williams,1.0,https://www.wtatennis.com/resources/v7.42.0/i/elements/flags/usa.svg,F,W,"2-6, 6-2, 7-6 (6)",https://www.wtatennis.com/players/230234/serena-williams,False,False,False,False,False,True,True,3,False,29,15,14,1,US,USA,840,019,America,Northern America,USA,"2,6,None|6,2,None|7,6,6",,
2,Western & Southern Open,,https://www.wtatennis.com/tournaments/1017/cincinnati/2013,Premier 5,Hard,https://www.wtatennis.com/resources/v7.42.0/i/elements/1000k-tag.svg,2013-08-12,2013-08-18,2013,8,Cincinnati,SRB,OH,US,USA,840,019,,America,Northern America,USA,15.0,900.0,426000.0,64M/64Q/32D,Western & Southern Open,,117,5,23.4,12,2.4,Jelena Jankovic,14.0,https://www.wtatennis.com/resources/v7.42.0/i/elements/flags/srb.svg,SF,W,"4-6, 6-2, 6-3",https://www.wtatennis.com/players/100153/jelena-jankovic,False,False,False,False,False,False,False,3,False,27,16,11,1,RS,SRB,688,150,Europe,Southeastern Europe,SRB,"4,6,None|6,2,None|6,3,None",,
3,Western & Southern Open,,https://www.wtatennis.com/tournaments/1017/cincinnati/2013,Premier 5,Hard,https://www.wtatennis.com/resources/v7.42.0/i/elements/1000k-tag.svg,2013-08-12,2013-08-18,2013,8,Cincinnati,DEN,OH,US,USA,840,019,,America,Northern America,USA,10.0,900.0,426000.0,64M/64Q/32D,Western & Southern Open,,117,5,23.4,12,2.4,Caroline Wozniacki,10.0,https://www.wtatennis.com/resources/v7.42.0/i/elements/flags/den.svg,QF,W,"6-3, 7-6 (5)",https://www.wtatennis.com/players/313402/caroline-wozniacki,False,False,False,False,True,False,True,2,True,22,13,9,1,DK,DNK,208,150,Europe,Northern Europe,DEN,"6,3,None|7,6,5",,
4,Western & Southern Open,,https://www.wtatennis.com/tournaments/1017/cincinnati/2013,Premier 5,Hard,https://www.wtatennis.com/resources/v7.42.0/i/elements/1000k-tag.svg,2013-08-12,2013-08-18,2013,8,Cincinnati,SVK,OH,US,USA,840,019,,America,Northern America,USA,33.0,900.0,426000.0,64M/64Q/32D,Western & Southern Open,,117,5,23.4,12,2.4,Magdalena Rybarikova,,https://www.wtatennis.com/resources/v7.42.0/i/elements/flags/svk.svg,R16,W,"6-3, 6-4",https://www.wtatennis.com/players/312580/magdalena-rybarikova,False,False,False,False,False,False,False,2,True,19,12,7,1,SK,SVK,703,150,Europe,Central Europe,SVK,"6,3,None|6,4,None",,
5,Western & Southern Open,,https://www.wtatennis.com/tournaments/1017/cincinnati/2013,Premier 5,Hard,https://www.wtatennis.com/resources/v7.42.0/i/elements/1000k-tag.svg,2013-08-12,2013-08-18,2013,8,Cincinnati,USA,OH,US,USA,840,019,United States of America|America|USA|US,America,Northern America,USA,140.0,900.0,426000.0,64M/64Q/32D,Western & Southern Open,,117,5,23.4,12,2.4,Vania King,,https://www.wtatennis.com/resources/v7.42.0/i/elements/flags/usa.svg,R32,W,"6-1, 7-6 (6)",https://www.wtatennis.com/players/311550/vania-king,False,False,False,False,True,False,True,2,True,20,13,7,1,US,USA,840,019,America,Northern America,USA,"6,1,None|7,6,6",,
6,Western & Southern Open,,https://www.wtatennis.com/tournaments/1017/cincinnati/2013,Premier 5,Hard,https://www.wtatennis.com/resources/v7.42.0/i/elements/1000k-tag.svg,2013-08-12,2013-08-18,2013,8,Cincinnati,,OH,US,USA,840,019,,America,Northern America,USA,,900.0,426000.0,64M/64Q/32D,Western & Southern Open,,117,5,23.4,12,2.4,,,,R64,,Bye,,False,False,True,False,False,False,False,0,False,0,0,0,0,,,,,,,,,,
1,Southern California Open,,https://www.wtatennis.com/tournaments/408/carlsbad/2013,Premier,Hard,https://www.wtatennis.com/resources/v7.42.0/i/elements/500k-tag.svg,2013-07-29,2013-08-04,2013,7,Carlsbad,AUS,CA,US,USA,840,019,,America,Northern America,USA,13.0,320.0,68200.0,32M/32Q/16D,Southern California Open,,74,4,18.5,9,2.25,Samantha Stosur,5.0,https://www.wtatennis.com/resources/v7.42.0/i/elements/flags/aus.svg,F,L,"2-6, 3-6",https://www.wtatennis.com/players/190787/samantha-stosur,False,False,False,False,False,False,False,2,False,17,5,12,0,AU,AUS,036,009,Oceania,Australasia,AUS,"2,6,None|3,6,None",,
2,Southern California Open,,https://www.wtatennis.com/tournaments/408/carlsbad/2013,Premier,Hard,https://www.wtatennis.com/resources/v7.42.0/i/elements/500k-tag.svg,2013-07-29,2013-08-04,2013,7,Carlsbad,SRB,CA,US,USA,840,019,,America,Northern America,USA,17.0,320.0,68200.0,32M/32Q/16D,Southern California Open,,74,4,18.5,9,2.25,Ana Ivanovic,7.0,https://www.wtatennis.com/resources/v7.42.0/i/elements/flags/srb.svg,SF,W,"6-0, 4-6, 6-3",https://www.wtatennis.com/players/311710/ana-ivanovic,False,False,False,False,False,False,False,3,True,25,16,9,1,RS,SRB,688,150,Europe,Southeastern Europe,SRB,"6,0,None|4,6,None|6,3,None",,
3,Southern California Open,,https://www.wtatennis.com/tournaments/408/carlsbad/2013,Premier,Hard,https://www.wtatennis.com/resources/v7.42.0/i/elements/500k-tag.svg,2013-07-29,2013-08-04,2013,7,Carlsbad,POL,CA,US,USA,840,019,,America,Northern America,USA,39.0,320.0,68200.0,32M/32Q/16D,Southern California Open,,74,4,18.5,9,2.25,Urszula Radwanska,,https://www.wtatennis.com/resources/v7.42.0/i/elements/flags/pol.svg,QF,W,"6-1, 6-2",https://www.wtatennis.com/players/313131/urszula-radwanska,False,False,False,False,False,False,False,2,True,15,12,3,1,PL,POL,616,150,Europe,Central Europe,POL,"6,1,None|6,2,None",,
4,Southern California Open,,https://www.wtatennis.com/tournaments/408/carlsbad/2013,Premier,Hard,https://www.wtatennis.com/resources/v7.42.0/i/elements/500k-tag.svg,2013-07-29,2013-08-04,2013,7,Carlsbad,ITA,CA,US,USA,840,019,,America,Northern America,USA,55.0,320.0,68200.0,32M/32Q/16D,Southern California Open,,74,4,18.5,9,2.25,Francesca Schiavone,,https://www.wtatennis.com/resources/v7.42.0/i/elements/flags/ita.svg,R16,W,"6-2, 6-3",https://www.wtatennis.com/players/190666/francesca-schiavone,False,False,False,False,False,False,False,2,True,17,12,5,1,IT,ITA,380,150,Europe,Southern Europe,ITA,"6,2,None|6,3,None",,
5,Southern California Open,,https://www.wtatennis.com/tournaments/408/carlsbad/2013,Premier,Hard,https://www.wtatennis.com/resources/v7.42.0/i/elements/500k-tag.svg,2013-07-29,2013-08-04,2013,7,Carlsbad,,CA,US,USA,840,019,,America,Northern America,USA,,320.0,68200.0,32M/32Q/16D,Southern California Open,,74,4,18.5,9,2.25,,,,R32,,Bye,,False,False,True,False,False,False,False,0,False,0,0,0,0,,,,,,,,,,
1,Wimbledon,https://photoresources.wtatennis.com/photo-resources/2026/04/16/d29814e6-6e80-4015-b680-9a7f3cb065c3/WTA-Tournament_Wimbledon.png?height=128,https://www.wtatennis.com/tournaments/904/wimbledon/2013,Grand Slam,Grass,https://www.wtatennis.com/resources/v7.42.0/i/elements/gs-tag.svg,2013-06-24,2013-07-06,2013,6,Wimbledon,ITA,,GB,GBR,826,150,,Europe,Northern Europe,ENG,166.0,100.0,59476.0,128M/128Q/64D,The Championships,,15,1,15.0,2,2.0,Flavia Pennetta,,https://www.wtatennis.com/resources/v7.42.0/i/elements/flags/ita.svg,R64,L,Walkover,https://www.wtatennis.com/players/160391/flavia-pennetta,False,True,False,False,False,False,False,0,False,0,0,0,0,IT,ITA,380,150,Europe,Southern Europe,ITA,,,
2,Wimbledon,https://photoresources.wtatennis.com/photo-resources/2026/04/16/d29814e6-6e80-4015-b680-9a7f3cb065c3/WTA-Tournament_Wimbledon.png?height=128,https://www.wtatennis.com/tournaments/904/wimbledon/2013,Grand Slam,Grass,https://www.wtatennis.com/resources/v7.42.0/i/elements/gs-tag.svg,2013-06-24,2013-07-06,2013,6,Wimbledon,POR,,GB,GBR,826,150,,Europe,Northern Europe,ENG,106.0,100.0,59476.0,128M/128Q/64D,The Championships,,15,1,15.0,2,2.0,Maria Joao Koehler,,https://www.wtatennis.com/resources/v7.42.0/i/elements/flags/por.svg,R128,W,"6-1, 6-2",https://www.wtatennis.com/players/314757/maria-joao-koehler,False,False,False,False,False,False,False,2,True,15,12,3,1,PT,PRT,620,150,Europe,Southern Europe,POR,"6,1,None|6,2,None",,
1,Roland Garros,,https://www.wtatennis.com/tournaments/903/roland-garros/2013,Grand Slam,Clay,https://www.wtatennis.com/resources/v7.42.0/i/elements/gs-tag.svg,2013-05-26,2013-06-08,2013,5,Paris,RUS,,FR,FRA,250,150,,Europe,Western Europe,FRA,2.0,900.0,467567.0,128M/128Q/64D,Championnats Internationaux De France,,123,6,20.5,14,2.3333333333333335,Maria Sharapova,2.0,https://www.wtatennis.com/resources/v7.42.0/i/elements/flags/rus.svg,SF,L,"1-6, 6-2, 4-6",https://www.wtatennis.com/players/310137/maria-sharapova,False,False,False,False,False,False,False,3,False,25,11,14,0,RU,RUS,643,150,Europe,Eastern Europe,RUS,"1,6,None|6,2,None|4,6,None",,
2,Roland Garros,,https://www.wtatennis.com/tournaments/903/roland-garros/2013,Grand Slam,Clay,https://www.wtatennis.com/resources/v7.42.0/i/elements/gs-tag.svg,2013-05-26,2013-06-08,2013,5,Paris,RUS,,FR,FRA,250,150,,Europe,Western Europe,FRA,12.0,900.0,467567.0,128M/128Q/64D,Championnats Internationaux De France,,123,6,20.5,14,2.3333333333333335,Maria Kirilenko,12.0,https://www.wtatennis.com/resources/v7.42.0/i/elements/flags/rus.svg,QF,W,"7-6 (3), 6-2",https://www.wtatennis.com/players/310577/maria-kirilenko,False,False,False,True,False,False,True,2,True,21,13,8,1,RU,RUS,643,150,Europe,Eastern Europe,RUS,"7,6,3|6,2,None",,
3,Roland Garros,,https://www.wtatennis.com/tournaments/903/roland-garros/2013,Grand Slam,Clay,https://www.wtatennis.com/resources/v7.42.0/i/elements/gs-tag.svg,2013-05-26,2013-06-08,2013,5,Paris,ITA,,FR,FRA,250,150,,Europe,Western Europe,FRA,50.0,900.0,467567.0,128M/128Q/64D,Championnats Internationaux De France,,123,6,20.5,14,2.3333333333333335,Francesca Schiavone,,https://www.wtatennis.com/resources/v7.42.0/i/elements/flags/ita.svg,R16,W,"6-3, 6-0",https://www.wtatennis.com/players/190666/francesca-schiavone,False,False,False,False,False,False,False,2,True,15,12,3,1,IT,ITA,380,150,Europe,Southern Europe,ITA,"6,3,None|6,0,None",,
4,Roland Garros,,https://www.wtatennis.com/tournaments/903/roland-garros/2013,Grand Slam,Clay,https://www.wtatennis.com/resources/v7.42.0/i/elements/gs-tag.svg,2013-05-26,2013-06-08,2013,5,Paris,FRA,,FR,FRA,250,150,,Europe,Western Europe,FRA,27.0,900.0,467567.0,128M/128Q/64D,Championnats Internationaux De France,,123,6,20.5,14,2.3333333333333335,Alizé Cornet,31.0,https://www.wtatennis.com/resources/v7.42.0/i/elements/flags/fra.svg,R32,W,"4-6, 6-3, 6-1",https://www.wtatennis.com/players/312121/aliz-cornet,False,False,False,False,False,False,False,3,False,26,16,10,1,FR,FRA,250,150,Europe,Western Europe,FRA,"4,6,None|6,3,None|6,1,None",,
5,Roland Garros,,https://www.wtatennis.com/tournaments/903/roland-garros/2013,Grand Slam,Clay,https://www.wtatennis.com/resources/v7.42.0/i/elements/gs-tag.svg,2013-05-26,2013-06-08,2013,5,Paris,GER,,FR,FRA,250,150,,Europe,Western Europe,FRA,62.0,900.0,467567.0,128M/128Q/64D,Championnats Internationaux De France,,123,6,20.5,14,2.3333333333333335,Annika Beck,,https://www.wtatennis.com/resources/v7.42.0/i/elements/flags/ger.svg,R64,W,"6-4, 6-3",https://www.wtatennis.com/players/316979/annika-beck,False,False,False,False,False,False,False,2,True,19,12,7,1,DE,DEU,276,150,Europe,Central Europe,GER,"6,4,None|6,3,None",,
6,Roland Garros,,https://www.wtatennis.com/tournaments/903/roland-garros/2013,Grand Slam,Clay,https://www.wtatennis.com/resources/v7.42.0/i/elements/gs-tag.svg,2013-05-26,2013-06-08,2013,5,Paris,RUS,,FR,FRA,250,150,,Europe,Western Europe,FRA,38.0,900.0,467567.0,128M/128Q/64D,Championnats Internationaux De France,,123,6,20.5,14,2.3333333333333335,Elena Vesnina,,https://www.wtatennis.com/resources/v7.42.0/i/elements/flags/rus.svg,R128,W,"6-1, 6-4",https://www.wtatennis.com/players/311220/elena-vesnina,False,False,False,False,False,False,False,2,True,17,12,5,1,RU,RUS,643,150,Europe,Eastern Europe,RUS,"6,1,None|6,4,None",,
1,Internazionali Bnl D'Italia,,https://www.wtatennis.com/tournaments/709/rome/2013,Premier 5,Clay,https://www.wtatennis.com/resources/v7.42.0/i/elements/1000k-tag.svg,2013-05-13,2013-05-19,2013,5,Rome,USA,,IT,ITA,380,150,United States of America|America|USA|US,Europe,Southern Europe,ITA,1.0,620.0,213000.0,64M/32Q/32D,Internazionali Bnl D'Italia,,83,5,16.6,11,2.2,Serena Williams,1.0,https://www.wtatennis.com/resources/v7.42.0/i/elements/flags/usa.svg,F,L,"1-6, 3-6",https://www.wtatennis.com/players/230234/serena-williams,False,False,False,False,False,False,False,2,False,16,4,12,0,US,USA,840,019,America,Northern America,USA,"1,6,None|3,6,None",,
2,Internazionali Bnl D'Italia,,https://www.wtatennis.com/tournaments/709/rome/2013,Premier 5,Clay,https://www.wtatennis.com/resources/v7.42.0/i/elements/1000k-tag.svg,2013-05-13,2013-05-19,2013,5,Rome,ITA,,IT,ITA,380,150,,Europe,Southern Europe,ITA,6.0,620.0,213000.0,64M/32Q/32D,Internazionali Bnl D'Italia,,83,5,16.6,11,2.2,Sara Errani,7.0,https://www.wtatennis.com/resources/v7.42.0/i/elements/flags/ita.svg,SF,W,"6-0, 7-5",https://www.wtatennis.com/players/310761/sara-errani,False,False,False,False,False,False,False,2,True,18,13,5,1,IT,ITA,380,150,Europe,Southern Europe,ITA,"6,0,None|7,5,None",,
3,Internazionali Bnl D'Italia,,https://www.wtatennis.com/tournaments/709/rome/2013,Premier 5,Clay,https://www.wtatennis.com/resources/v7.42.0/i/elements/1000k-tag.svg,2013-05-13,2013-05-19,2013,5,Rome,AUS,,IT,ITA,380,150,,Europe,Southern Europe,ITA,10.0,620.0,213000.0,64M/32Q/32D,Internazionali Bnl D'Italia,,83,5,16.6,11,2.2,Samantha Stosur,9.0,https://www.wtatennis.com/resources/v7.42.0/i/elements/flags/aus.svg,QF,W,"6-4, 1-6, 6-3",https://www.wtatennis.com/players/190787/samantha-stosur,False,False,False,False,False,False,False,3,True,26,13,13,1,AU,AUS,036,009,Oceania,Australasia,AUS,"6,4,None|1,6,None|6,3,None",,
4,Internazionali Bnl D'Italia,,https://www.wtatennis.com/tournaments/709/rome/2013,Premier 5,Clay,https://www.wtatennis.com/resources/v7.42.0/i/elements/1000k-tag.svg,2013-05-13,2013-05-19,2013,5,Rome,JPN,,IT,ITA,380,150,,Europe,Southern Europe,ITA,45.0,620.0,213000.0,64M/32Q/32D,Internazionali Bnl D'Italia,,83,5,16.6,11,2.2,Ayumi Morita,,https://www.wtatennis.com/resources/v7.42.0/i/elements/flags/jpn.svg,R16,W,"6-1, 2-0",https://www.wtatennis.com/players/312848/ayumi-morita,True,False,False,False,False,False,False,2,True,9,8,1,1,JP,JPN,392,142,Asia,East Asia,JPN,"6,1,None|2,0,None|Ret",,
5,Internazionali Bnl D'Italia,,https://www.wtatennis.com/tournaments/709/rome/2013,Premier 5,Clay,https://www.wtatennis.com/resources/v7.42.0/i/elements/1000k-tag.svg,2013-05-13,2013-05-19,2013,5,Rome,GER,,IT,ITA,380,150,,Europe,Southern Europe,ITA,25.0,620.0,213000.0,64M/32Q/32D,Internazionali Bnl D'Italia,,83,5,16.6,11,2.2,Julia Goerges,,https://www.wtatennis.com/resources/v7.42.0/i/elements/flags/ger.svg,R32,W,"6-2, 6-0",https://www.wtatennis.com/players/313381/julia-goerges,False,False,False,False,False,False,False,2,True,14,12,2,1,DE,DEU,276,150,Europe,Central Europe,GER,"6,2,None|6,0,None",,
6,Internazionali Bnl D'Italia,,https://www.wtatennis.com/tournaments/709/rome/2013,Premier 5,Clay,https://www.wtatennis.com/resources/v7.42.0/i/elements/1000k-tag.svg,2013-05-13,2013-05-19,2013,5,Rome,,,IT,ITA,380,150,,Europe,Southern Europe,ITA,,620.0,213000.0,64M/32Q/32D,Internazionali Bnl D'Italia,,83,5,16.6,11,2.2,,,,R64,,Bye,,False,False,True,False,False,False,False,0,False,0,0,0,0,,,,,,,,,,
1,Mutua Madrid Open,,https://www.wtatennis.com/tournaments/1038/madrid/2013,Premier Mandatory,Clay,https://www.wtatennis.com/resources/v7.42.0/i/elements/1000k-tag.svg,2013-05-04,2013-05-12,2013,5,Madrid,RUS,,ES,ESP,724,150,,Europe,Southern Europe,ESP,24.0,80.0,26433.0,64M/32Q/32D,Mutua Madrid Open,,50,2,25.0,5,2.5,Ekaterina Makarova,,https://www.wtatennis.com/resources/v7.42.0/i/elements/flags/rus.svg,R32,L,"6-1, 2-6, 3-6",https://www.wtatennis.com/players/311604/ekaterina-makarova,False,False,False,False,False,False,False,3,True,24,11,13,0,RU,RUS,643,150,Europe,Eastern Europe,RUS,"6,1,None|2,6,None|3,6,None",,
2,Mutua Madrid Open,,https://www.wtatennis.com/tournaments/1038/madrid/2013,Premier Mandatory,Clay,https://www.wtatennis.com/resources/v7.42.0/i/elements/1000k-tag.svg,2013-05-04,2013-05-12,2013,5,Madrid,RUS,,ES,ESP,724,150,,Europe,Southern Europe,ESP,19.0,80.0,26433.0,64M/32Q/32D,Mutua Madrid Open,,50,2,25.0,5,2.5,Anastasia Pavlyuchenkova,,https://www.wtatennis.com/resources/v7.42.0/i/elements/flags/rus.svg,R64,W,"7-6 (8), 7-6 (3)",https://www.wtatennis.com/players/313796/anastasia-pavlyuchenkova,False,False,False,True,True,False,True,2,True,26,14,12,1,RU,RUS,643,150,Europe,Eastern Europe,RUS,"7,6,8|7,6,3",,
1,Bnp Paribas Open,https://photoresources.wtatennis.com/photo-resources/2026/04/16/a1736320-dd92-4829-8aa8-846c2edef410/WTA-Tournament_Indian-Wells-2017.png?height=128,https://www.wtatennis.com/tournaments/609/indian-wells/2013,Premier Mandatory,Hard,https://www.wtatennis.com/resources/v7.42.0/i/elements/1000k-tag.svg,2013-03-06,2013-03-17,2013,3,Indian Wells,DEN,CA,US,USA,840,019,,America,Northern America,USA,10.0,250.0,104000.0,128M/64Q/32D,Bnp Paribas Open,,57,3,19.0,7,2.3333333333333335,Caroline Wozniacki,8.0,https://www.wtatennis.com/resources/v7.42.0/i/elements/flags/den.svg,QF,L,Walkover,https://www.wtatennis.com/players/313402/caroline-wozniacki,False,True,False,False,False,False,False,0,False,0,0,0,0,DK,DNK,208,150,Europe,Northern Europe,DEN,,,
2,Bnp Paribas Open,https://photoresources.wtatennis.com/photo-resources/2026/04/16/a1736320-dd92-4829-8aa8-846c2edef410/WTA-Tournament_Indian-Wells-2017.png?height=128,https://www.wtatennis.com/tournaments/609/indian-wells/2013,Premier Mandatory,Hard,https://www.wtatennis.com/resources/v7.42.0/i/elements/1000k-tag.svg,2013-03-06,2013-03-17,2013,3,Indian Wells,POL,CA,US,USA,840,019,,America,Northern America,USA,37.0,250.0,104000.0,128M/64Q/32D,Bnp Paribas Open,,57,3,19.0,7,2.3333333333333335,Urszula Radwanska,,https://www.wtatennis.com/resources/v7.42.0/i/elements/flags/pol.svg,R16,W,"6-3, 6-1",https://www.wtatennis.com/players/313131/urszula-radwanska,False,False,False,False,False,False,False,2,True,16,12,4,1,PL,POL,616,150,Europe,Central Europe,POL,"6,3,None|6,1,None",,
3,Bnp Paribas Open,https://photoresources.wtatennis.com/photo-resources/2026/04/16/a1736320-dd92-4829-8aa8-846c2edef410/WTA-Tournament_Indian-Wells-2017.png?height=128,https://www.wtatennis.com/tournaments/609/indian-wells/2013,Premier Mandatory,Hard,https://www.wtatennis.com/resources/v7.42.0/i/elements/1000k-tag.svg,2013-03-06,2013-03-17,2013,3,Indian Wells,BEL,CA,US,USA,840,019,,America,Northern America,USA,31.0,250.0,104000.0,128M/64Q/32D,Bnp Paribas Open,,57,3,19.0,7,2.3333333333333335,Kirsten Flipkens,28.0,https://www.wtatennis.com/resources/v7.42.0/i/elements/flags/bel.svg,R32,W,"3-6, 6-3, 6-0",https://www.wtatennis.com/players/310331/kirsten-flipkens,False,False,False,False,False,False,False,3,False,24,15,9,1,BE,BEL,056,150,Europe,Western Europe,BEL,"3,6,None|6,3,None|6,0,None",,
4,Bnp Paribas Open,https://photoresources.wtatennis.com/photo-resources/2026/04/16/a1736320-dd92-4829-8aa8-846c2edef410/WTA-Tournament_Indian-Wells-2017.png?height=128,https://www.wtatennis.com/tournaments/609/indian-wells/2013,Premier Mandatory,Hard,https://www.wtatennis.com/resources/v7.42.0/i/elements/1000k-tag.svg,2013-03-06,2013-03-17,2013,3,Indian Wells,SVK,CA,US,USA,840,019,,America,Northern America,USA,73.0,250.0,104000.0,128M/64Q/32D,Bnp Paribas Open,,57,3,19.0,7,2.3333333333333335,Daniela Hantuchova,,https://www.wtatennis.com/resources/v7.42.0/i/elements/flags/svk.svg,R64,W,"6-4, 6-1",https://www.wtatennis.com/players/80394/daniela-hantuchova,False,False,False,False,False,False,False,2,True,17,12,5,1,SK,SVK,703,150,Europe,Central Europe,SVK,"6,4,None|6,1,None",,
5,Bnp Paribas Open,https://photoresources.wtatennis.com/photo-resources/2026/04/16/a1736320-dd92-4829-8aa8-846c2edef410/WTA-Tournament_Indian-Wells-2017.png?height=128,https://www.wtatennis.com/tournaments/609/indian-wells/2013,Premier Mandatory,Hard,https://www.wtatennis.com/resources/v7.42.0/i/elements/1000k-tag.svg,2013-03-06,2013-03-17,2013,3,Indian Wells,,CA,US,USA,840,019,,America,Northern America,USA,,250.0,104000.0,128M/64Q/32D,Bnp Paribas Open,,57,3,19.0,7,2.3333333333333335,,,,R128,,Bye,,False,False,True,False,False,False,False,0,False,0,0,0,0,,,,,,,,,,
1,Qatar Total Open,https://photoresources.wtatennis.com/photo-resources/2025/04/16/74cb07bc-dc84-43f7-9acc-95e51d3748c9/WTA-Tournament_Doha-2025.png?height=128,https://www.wtatennis.com/tournaments/1003/doha/2013,Premier 5,Hard,https://www.wtatennis.com/resources/v7.42.0/i/elements/1000k-tag.svg,2013-02-11,2013-02-17,2013,2,Doha,USA,,QA,QAT,634,142,United States of America|America|USA|US,Asia,Western Asia,QAT,2.0,900.0,426000.0,64M/32Q/32D,Qatar Total Open,,93,5,18.6,11,2.2,Serena Williams,2.0,https://www.wtatennis.com/resources/v7.42.0/i/elements/flags/usa.svg,F,W,"7-6 (6), 2-6, 6-3",https://www.wtatennis.com/players/230234/serena-williams,False,False,False,True,False,False,True,3,True,30,15,15,1,US,USA,840,019,America,Northern America,USA,"7,6,6|2,6,None|6,3,None",,
2,Qatar Total Open,https://photoresources.wtatennis.com/photo-resources/2025/04/16/74cb07bc-dc84-43f7-9acc-95e51d3748c9/WTA-Tournament_Doha-2025.png?height=128,https://www.wtatennis.com/tournaments/1003/doha/2013,Premier 5,Hard,https://www.wtatennis.com/resources/v7.42.0/i/elements/1000k-tag.svg,2013-02-11,2013-02-17,2013,2,Doha,POL,,QA,QAT,634,142,,Asia,Western Asia,QAT,4.0,900.0,426000.0,64M/32Q/32D,Qatar Total Open,,93,5,18.6,11,2.2,Agnieszka Radwanska,4.0,https://www.wtatennis.com/resources/v7.42.0/i/elements/flags/pol.svg,SF,W,"6-3, 6-3",https://www.wtatennis.com/players/312251/agnieszka-radwanska,False,False,False,False,False,False,False,2,True,18,12,6,1,PL,POL,616,150,Europe,Central Europe,POL,"6,3,None|6,3,None",,
3,Qatar Total Open,https://photoresources.wtatennis.com/photo-resources/2025/04/16/74cb07bc-dc84-43f7-9acc-95e51d3748c9/WTA-Tournament_Doha-2025.png?height=128,https://www.wtatennis.com/tournaments/1003/doha/2013,Premier 5,Hard,https://www.wtatennis.com/resources/v7.42.0/i/elements/1000k-tag.svg,2013-02-11,2013-02-17,2013,2,Doha,ITA,,QA,QAT,634,142,,Asia,Western Asia,QAT,7.0,900.0,426000.0,64M/32Q/32D,Qatar Total Open,,93,5,18.6,11,2.2,Sara Errani,6.0,https://www.wtatennis.com/resources/v7.42.0/i/elements/flags/ita.svg,QF,W,"6-2, 6-2",https://www.wtatennis.com/players/310761/sara-errani,False,False,False,False,False,False,False,2,True,16,12,4,1,IT,ITA,380,150,Europe,Southern Europe,ITA,"6,2,None|6,2,None",,
4,Qatar Total Open,https://photoresources.wtatennis.com/photo-resources/2025/04/16/74cb07bc-dc84-43f7-9acc-95e51d3748c9/WTA-Tournament_Doha-2025.png?height=128,https://www.wtatennis.com/tournaments/1003/doha/2013,Premier 5,Hard,https://www.wtatennis.com/resources/v7.42.0/i/elements/1000k-tag.svg,2013-02-11,2013-02-17,2013,2,Doha,USA,,QA,QAT,634,142,United States of America|America|USA|US,Asia,Western Asia,QAT,44.0,900.0,426000.0,64M/32Q/32D,Qatar Total Open,,93,5,18.6,11,2.2,Christina Mchale,,https://www.wtatennis.com/resources/v7.42.0/i/elements/flags/usa.svg,R16,W,"6-0, 6-0",https://www.wtatennis.com/players/314917/christina-mchale,False,False,False,False,False,False,False,2,True,12,12,0,1,US,USA,840,019,America,Northern America,USA,"6,0,None|6,0,None",,
5,Qatar Total Open,https://photoresources.wtatennis.com/photo-resources/2025/04/16/74cb07bc-dc84-43f7-9acc-95e51d3748c9/WTA-Tournament_Doha-2025.png?height=128,https://www.wtatennis.com/tournaments/1003/doha/2013,Premier 5,Hard,https://www.wtatennis.com/resources/v7.42.0/i/elements/1000k-tag.svg,2013-02-11,2013-02-17,2013,2,Doha,SUI,,QA,QAT,634,142,,Asia,Western Asia,QAT,62.0,900.0,426000.0,64M/32Q/32D,Qatar Total Open,,93,5,18.6,11,2.2,Romina Oprandi,,https://www.wtatennis.com/resources/v7.42.0/i/elements/flags/sui.svg,R32,W,"6-2, 6-3",https://www.wtatennis.com/players/150185/romina-oprandi,False,False,False,False,False,False,False,2,True,17,12,5,1,CH,CHE,756,150,Europe,Central Europe,SUI,"6,2,None|6,3,None",,
6,Qatar Total Open,https://photoresources.wtatennis.com/photo-resources/2025/04/16/74cb07bc-dc84-43f7-9acc-95e51d3748c9/WTA-Tournament_Doha-2025.png?height=128,https://www.wtatennis.com/tournaments/1003/doha/2013,Premier 5,Hard,https://www.wtatennis.com/resources/v7.42.0/i/elements/1000k-tag.svg,2013-02-11,2013-02-17,2013,2,Doha,,,QA,QAT,634,142,,Asia,Western Asia,QAT,,900.0,426000.0,64M/32Q/32D,Qatar Total Open,,93,5,18.6,11,2.2,,,,R64,,Bye,,False,False,True,False,False,False,False,0,False,0,0,0,0,,,,,,,,,,
1,Australian Open,https://photoresources.wtatennis.com/photo-resources/2026/04/16/6b041ce4-8b08-4fff-be75-89d1c452c157/WTA-Tournament_Australian-Open.png?height=128,https://www.wtatennis.com/tournaments/901/australian-open/2013,Grand Slam,Hard,https://www.wtatennis.com/resources/v7.42.0/i/elements/gs-tag.svg,2013-01-14,2013-01-27,2013,1,Melbourne,CHN,,AU,AUS,036,009,,Oceania,Australasia,AUS,6.0,2000.0,2441936.0,128M/128Q/64D,Australian Open,,137,7,19.571428571428573,16,2.2857142857142856,Na Li,6.0,https://www.wtatennis.com/resources/v7.42.0/i/elements/flags/chn.svg,F,W,"4-6, 6-4, 6-3",https://www.wtatennis.com/players/120330/na-li,False,False,False,False,False,False,False,3,False,29,16,13,1,CN,CHN,156,142,Asia,East Asia,CHN,"4,6,None|6,4,None|6,3,None",,
2,Australian Open,https://photoresources.wtatennis.com/photo-resources/2026/04/16/6b041ce4-8b08-4fff-be75-89d1c452c157/WTA-Tournament_Australian-Open.png?height=128,https://www.wtatennis.com/tournaments/901/australian-open/2013,Grand Slam,Hard,https://www.wtatennis.com/resources/v7.42.0/i/elements/gs-tag.svg,2013-01-14,2013-01-27,2013,1,Melbourne,USA,,AU,AUS,036,009,United States of America|America|USA|US,Oceania,Australasia,AUS,25.0,2000.0,2441936.0,128M/128Q/64D,Australian Open,,137,7,19.571428571428573,16,2.2857142857142856,Sloane Stephens,29.0,https://www.wtatennis.com/resources/v7.42.0/i/elements/flags/usa.svg,SF,W,"6-1, 6-4",https://www.wtatennis.com/players/315683/sloane-stephens,False,False,False,False,False,False,False,2,True,17,12,5,1,US,USA,840,019,America,Northern America,USA,"6,1,None|6,4,None",,
3,Australian Open,https://photoresources.wtatennis.com/photo-resources/2026/04/16/6b041ce4-8b08-4fff-be75-89d1c452c157/WTA-Tournament_Australian-Open.png?height=128,https://www.wtatennis.com/tournaments/901/australian-open/2013,Grand Slam,Hard,https://www.wtatennis.com/resources/v7.42.0/i/elements/gs-tag.svg,2013-01-14,2013-01-27,2013,1,Melbourne,RUS,,AU,AUS,036,009,,Oceania,Australasia,AUS,75.0,2000.0,2441936.0,128M/128Q/64D,Australian Open,,137,7,19.571428571428573,16,2.2857142857142856,Svetlana Kuznetsova,,https://www.wtatennis.com/resources/v7.42.0/i/elements/flags/rus.svg,QF,W,"7-5, 6-1",https://www.wtatennis.com/players/110552/svetlana-kuznetsova,False,False,False,False,False,False,False,2,True,19,13,6,1,RU,RUS,643,150,Europe,Eastern Europe,RUS,"7,5,None|6,1,None",,
4,Australian Open,https://photoresources.wtatennis.com/photo-resources/2026/04/16/6b041ce4-8b08-4fff-be75-89d1c452c157/WTA-Tournament_Australian-Open.png?height=128,https://www.wtatennis.com/tournaments/901/australian-open/2013,Grand Slam,Hard,https://www.wtatennis.com/resources/v7.42.0/i/elements/gs-tag.svg,2013-01-14,2013-01-27,2013,1,Melbourne,RUS,,AU,AUS,036,009,,Oceania,Australasia,AUS,47.0,2000.0,2441936.0,128M/128Q/64D,Australian Open,,137,7,19.571428571428573,16,2.2857142857142856,Elena Vesnina,,https://www.wtatennis.com/resources/v7.42.0/i/elements/flags/rus.svg,R16,W,"6-1, 6-1",https://www.wtatennis.com/players/311220/elena-vesnina,False,False,False,False,False,False,False,2,True,14,12,2,1,RU,RUS,643,150,Europe,Eastern Europe,RUS,"6,1,None|6,1,None",,
5,Australian Open,https://photoresources.wtatennis.com/photo-resources/2026/04/16/6b041ce4-8b08-4fff-be75-89d1c452c157/WTA-Tournament_Australian-Open.png?height=128,https://www.wtatennis.com/tournaments/901/australian-open/2013,Grand Slam,Hard,https://www.wtatennis.com/resources/v7.42.0/i/elements/gs-tag.svg,2013-01-14,2013-01-27,2013,1,Melbourne,USA,,AU,AUS,036,009,United States of America|America|USA|US,Oceania,Australasia,AUS,63.0,2000.0,2441936.0,128M/128Q/64D,Australian Open,,137,7,19.571428571428573,16,2.2857142857142856,Jamie Hampton,,https://www.wtatennis.com/resources/v7.42.0/i/elements/flags/usa.svg,R32,W,"6-4, 4-6, 6-2",https://www.wtatennis.com/players/312711/jamie-hampton,False,False,False,False,False,False,False,3,True,28,16,12,1,US,USA,840,019,America,Northern America,USA,"6,4,None|4,6,None|6,2,None",,
6,Australian Open,https://photoresources.wtatennis.com/photo-resources/2026/04/16/6b041ce4-8b08-4fff-be75-89d1c452c157/WTA-Tournament_Australian-Open.png?height=128,https://www.wtatennis.com/tournaments/901/australian-open/2013,Grand Slam,Hard,https://www.wtatennis.com/resources/v7.42.0/i/elements/gs-tag.svg,2013-01-14,2013-01-27,2013,1,Melbourne,GRE,,AU,AUS,036,009,,Oceania,Australasia,AUS,94.0,2000.0,2441936.0,128M/128Q/64D,Australian Open,,137,7,19.571428571428573,16,2.2857142857142856,Eleni Daniilidou,,https://www.wtatennis.com/resources/v7.42.0/i/elements/flags/gre.svg,R64,W,"6-1, 6-0",https://www.wtatennis.com/players/40313/eleni-daniilidou,False,False,False,False,False,False,False,2,True,13,12,1,1,GR,GRC,300,150,Europe,Southeastern Europe,GRE,"6,1,None|6,0,None",,
7,Australian Open,https://photoresources.wtatennis.com/photo-resources/2026/04/16/6b041ce4-8b08-4fff-be75-89d1c452c157/WTA-Tournament_Australian-Open.png?height=128,https://www.wtatennis.com/tournaments/901/australian-open/2013,Grand Slam,Hard,https://www.wtatennis.com/resources/v7.42.0/i/elements/gs-tag.svg,2013-01-14,2013-01-27,2013,1,Melbourne,ROU,,AU,AUS,036,009,,Oceania,Australasia,AUS,49.0,2000.0,2441936.0,128M/128Q/64D,Australian Open,,137,7,19.571428571428573,16,2.2857142857142856,Monica Niculescu,,https://www.wtatennis.com/resources/v7.42.0/i/elements/flags/rou.svg,R128,W,"6-1, 6-4",https://www.wtatennis.com/players/310775/monica-niculescu,False,False,False,False,False,False,False,2,True,17,12,5,1,RO,ROU,642,150,Europe,Southeastern Europe,ROU,"6,1,None|6,4,None",,
1,Brisbane International Presented By Suncorp,https://photoresources.wtatennis.com/photo-resources/2026/04/16/e0cf338c-8e78-4f7f-816c-d0a252863119/WTA-Tournament_Brisbane-2025.png?height=128,https://www.wtatennis.com/tournaments/800/brisbane/2013,Premier,Hard,https://www.wtatennis.com/resources/v7.42.0/i/elements/500k-tag.svg,2013-12-30,2013-01-05,2013,12,Brisbane,USA,,AU,AUS,036,009,United States of America|America|USA|US,Oceania,Australasia,AUS,3.0,200.0,35715.0,32M/32Q/16D,Brisbane International Presented By Suncorp,,31,2,15.5,4,2.0,Serena Williams,3.0,https://www.wtatennis.com/resources/v7.42.0/i/elements/flags/usa.svg,SF,L,Walkover,https://www.wtatennis.com/players/230234/serena-williams,False,True,False,False,False,False,False,0,False,0,0,0,0,US,USA,840,019,America,Northern America,USA,,,
2,Brisbane International Presented By Suncorp,https://photoresources.wtatennis.com/photo-resources/2026/04/16/e0cf338c-8e78-4f7f-816c-d0a252863119/WTA-Tournament_Brisbane-2025.png?height=128,https://www.wtatennis.com/tournaments/800/brisbane/2013,Premier,Hard,https://www.wtatennis.com/resources/v7.42.0/i/elements/500k-tag.svg,2013-12-30,2013-01-05,2013,12,Brisbane,RUS,,AU,AUS,036,009,,Oceania,Australasia,AUS,103.0,200.0,35715.0,32M/32Q/16D,Brisbane International Presented By Suncorp,,31,2,15.5,4,2.0,Ksenia Pervak,,https://www.wtatennis.com/resources/v7.42.0/i/elements/flags/rus.svg,QF,W,"6-1, 6-0",https://www.wtatennis.com/players/313537/ksenia-pervak,False,False,False,False,False,False,False,2,True,13,12,1,1,RU,RUS,643,150,Europe,Eastern Europe,RUS,"6,1,None|6,0,None",,
3,Brisbane International Presented By Suncorp,https://photoresources.wtatennis.com/photo-resources/2026/04/16/e0cf338c-8e78-4f7f-816c-d0a252863119/WTA-Tournament_Brisbane-2025.png?height=128,https://www.wtatennis.com/tournaments/800/brisbane/2013,Premier,Hard,https://www.wtatennis.com/resources/v7.42.0/i/elements/500k-tag.svg,2013-12-30,2013-01-05,2013,12,Brisbane,GER,,AU,AUS,036,009,,Oceania,Australasia,AUS,37.0,200.0,35715.0,32M/32Q/16D,Brisbane International Presented By Suncorp,,31,2,15.5,4,2.0,Sabine Lisicki,,https://www.wtatennis.com/resources/v7.42.0/i/elements/flags/ger.svg,R16,W,"6-3, 6-3",https://www.wtatennis.com/players/312520/sabine-lisicki,False,False,False,False,False,False,False,2,True,18,12,6,1,DE,DEU,276,150,Europe,Central Europe,GER,"6,3,None|6,3,None",,
4,Brisbane International Presented By Suncorp,https://photoresources.wtatennis.com/photo-resources/2026/04/16/e0cf338c-8e78-4f7f-816c-d0a252863119/WTA-Tournament_Brisbane-2025.png?height=128,https://www.wtatennis.com/tournaments/800/brisbane/2013,Premier,Hard,https://www.wtatennis.com/resources/v7.42.0/i/elements/500k-tag.svg,2013-12-30,2013-01-05,2013,12,Brisbane,,,AU,AUS,036,009,,Oceania,Australasia,AUS,,200.0,35715.0,32M/32Q/16D,Brisbane International Presented By Suncorp,,31,2,15.5,4,2.0,,,,R32,,Bye,,False,False,True,False,False,False,False,0,False,0,0,0,0,,,,,,,,,,
1,Teb Bnp Paribas Wta Championships,,https://www.wtatennis.com/tournaments/808/wta-finals/2012,Finals,Hard,https://www.wtatennis.com/resources/v7.42.0/i/elements/finals-tag.svg,2012-10-23,2012-10-28,2012,10,Istanbul,RUS,,TR,TUR,792,142,,Asia,Western Asia,TUR,2.0,530.0,370000.0,8M/0Q/4D,Teb Bnp Paribas Wta Championships,,96,4,24.0,9,2.25,Maria Sharapova,2.0,https://www.wtatennis.com/resources/v7.42.0/i/elements/flags/rus.svg,SF,L,"4-6, 2-6",https://www.wtatennis.com/players/310137/maria-sharapova,False,False,False,False,False,False,False,2,False,18,6,12,0,RU,RUS,643,150,Europe,Eastern Europe,RUS,"4,6,None|2,6,None",,
2,Teb Bnp Paribas Wta Championships,,https://www.wtatennis.com/tournaments/808/wta-finals/2012,Finals,Hard,https://www.wtatennis.com/resources/v7.42.0/i/elements/finals-tag.svg,2012-10-23,2012-10-28,2012,10,Istanbul,GER,,TR,TUR,792,142,,Asia,Western Asia,TUR,5.0,530.0,370000.0,8M/0Q/4D,Teb Bnp Paribas Wta Championships,,96,4,24.0,9,2.25,Angelique Kerber,5.0,https://www.wtatennis.com/resources/v7.42.0/i/elements/flags/ger.svg,RR,W,"6-7 (11), 7-6 (2), 6-4",https://www.wtatennis.com/players/311470/angelique-kerber,False,False,False,True,True,False,True,3,False,36,19,17,1,DE,DEU,276,150,Europe,Central Europe,GER,"6,7,11|7,6,2|6,4,None",,
3,Teb Bnp Paribas Wta Championships,,https://www.wtatennis.com/tournaments/808/wta-finals/2012,Finals,Hard,https://www.wtatennis.com/resources/v7.42.0/i/elements/finals-tag.svg,2012-10-23,2012-10-28,2012,10,Istanbul,USA,,TR,TUR,792,142,United States of America|America|USA|US,Asia,Western Asia,TUR,3.0,530.0,370000.0,8M/0Q/4D,Teb Bnp Paribas Wta Championships,,96,4,24.0,9,2.25,Serena Williams,3.0,https://www.wtatennis.com/resources/v7.42.0/i/elements/flags/usa.svg,RR,L,"4-6, 4-6",https://www.wtatennis.com/players/230234/serena-williams,False,False,False,False,False,False,False,2,False,20,8,12,0,US,USA,840,019,America,Northern America,USA,"4,6,None|4,6,None",,
4,Teb Bnp Paribas Wta Championships,,https://www.wtatennis.com/tournaments/808/wta-finals/2012,Finals,Hard,https://www.wtatennis.com/resources/v7.42.0/i/elements/finals-tag.svg,2012-10-23,2012-10-28,2012,10,Istanbul,CHN,,TR,TUR,792,142,,Asia,Western Asia,TUR,8.0,530.0,370000.0,8M/0Q/4D,Teb Bnp Paribas Wta Championships,,96,4,24.0,9,2.25,Na Li,8.0,https://www.wtatennis.com/resources/v7.42.0/i/elements/flags/chn.svg,RR,W,"7-6 (4), 6-3",https://www.wtatennis.com/players/120330/na-li,False,False,False,True,False,False,True,2,True,22,13,9,1,CN,CHN,156,142,Asia,East Asia,CHN,"7,6,4|6,3,None",,
1,Generali Ladies Linz Presented By Voestalpine,,https://www.wtatennis.com/tournaments/528/linz/2012,International,Hard,https://www.wtatennis.com/resources/v7.42.0/i/elements/250k-tag.svg,2012-10-08,2012-10-14,2012,10,Linz,GER,,AT,AUT,040,150,,Europe,Central Europe,AUT,19.0,280.0,37000.0,32M/32Q/16D,Generali Ladies Linz Presented By Voestalpine,,78,5,15.6,10,2.0,Julia Goerges,5.0,https://www.wtatennis.com/resources/v7.42.0/i/elements/flags/ger.svg,F,W,"6-3, 6-4",https://www.wtatennis.com/players/313381/julia-goerges,False,False,False,False,False,False,False,2,True,19,12,7,1,DE,DEU,276,150,Europe,Central Europe,GER,"6,3,None|6,4,None",,
2,Generali Ladies Linz Presented By Voestalpine,,https://www.wtatennis.com/tournaments/528/linz/2012,International,Hard,https://www.wtatennis.com/resources/v7.42.0/i/elements/250k-tag.svg,2012-10-08,2012-10-14,2012,10,Linz,ROU,,AT,AUT,040,150,,Europe,Central Europe,AUT,57.0,280.0,37000.0,32M/32Q/16D,Generali Ladies Linz Presented By Voestalpine,,78,5,15.6,10,2.0,Irina-Camelia Begu,,https://www.wtatennis.com/resources/v7.42.0/i/elements/flags/rou.svg,SF,W,"6-2, 6-1",https://www.wtatennis.com/players/313169/irina-camelia-begu,False,False,False,False,False,False,False,2,True,15,12,3,1,RO,ROU,642,150,Europe,Southeastern Europe,ROU,"6,2,None|6,1,None",,
3,Generali Ladies Linz Presented By Voestalpine,,https://www.wtatennis.com/tournaments/528/linz/2012,International,Hard,https://www.wtatennis.com/resources/v7.42.0/i/elements/250k-tag.svg,2012-10-08,2012-10-14,2012,10,Linz,CRO,,AT,AUT,040,150,,Europe,Central Europe,AUT,64.0,280.0,37000.0,32M/32Q/16D,Generali Ladies Linz Presented By Voestalpine,,78,5,15.6,10,2.0,Petra Martic,,https://www.wtatennis.com/resources/v7.42.0/i/elements/flags/cro.svg,QF,W,"6-2, 6-2",https://www.wtatennis.com/players/313711/petra-martic,False,False,False,False,False,False,False,2,True,16,12,4,1,HR,HRV,191,150,Europe,Southeastern Europe,CRO,"6,2,None|6,2,None",,
4,Generali Ladies Linz Presented By Voestalpine,,https://www.wtatennis.com/tournaments/528/linz/2012,International,Hard,https://www.wtatennis.com/resources/v7.42.0/i/elements/250k-tag.svg,2012-10-08,2012-10-14,2012,10,Linz,ROU,,AT,AUT,040,150,,Europe,Central Europe,AUT,46.0,280.0,37000.0,32M/32Q/16D,Generali Ladies Linz Presented By Voestalpine,,78,5,15.6,10,2.0,Simona Halep,,https://www.wtatennis.com/resources/v7.42.0/i/elements/flags/rou.svg,R16,W,"6-1, 6-1",https://www.wtatennis.com/players/314320/simona-halep,False,False,False,False,False,False,False,2,True,14,12,2,1,RO,ROU,642,150,Europe,Southeastern Europe,ROU,"6,1,None|6,1,None",,
5,Generali Ladies Linz Presented By Voestalpine,,https://www.wtatennis.com/tournaments/528/linz/2012,International,Hard,https://www.wtatennis.com/resources/v7.42.0/i/elements/250k-tag.svg,2012-10-08,2012-10-14,2012,10,Linz,NED,,AT,AUT,040,150,,Europe,Central Europe,AUT,69.0,280.0,37000.0,32M/32Q/16D,Generali Ladies Linz Presented By Voestalpine,,78,5,15.6,10,2.0,Arantxa Rus,,https://www.wtatennis.com/resources/v7.42.0/i/elements/flags/ned.svg,R32,W,"6-0, 6-2",https://www.wtatennis.com/players/313349/arantxa-rus,False,False,False,False,False,False,False,2,True,14,12,2,1,NL,NLD,528,150,Europe,Western Europe,NED,"6,0,None|6,2,None",,
1,China Open,,https://www.wtatennis.com/tournaments/1020/beijing/2012,Premier Mandatory,Hard,https://www.wtatennis.com/resources/v7.42.0/i/elements/1000k-tag.svg,2012-09-29,2012-10-07,2012,9,Beijing,RUS,,CN,CHN,156,142,,Asia,East Asia,CHN,2.0,1000.0,848000.0,64M/32Q/32D,China Open,,97,6,16.166666666666668,12,2.0,Maria Sharapova,2.0,https://www.wtatennis.com/resources/v7.42.0/i/elements/flags/rus.svg,F,W,"6-3, 6-1",https://www.wtatennis.com/players/310137/maria-sharapova,False,False,False,False,False,False,False,2,True,16,12,4,1,RU,RUS,643,150,Europe,Eastern Europe,RUS,"6,3,None|6,1,None",,
2,China Open,,https://www.wtatennis.com/tournaments/1020/beijing/2012,Premier Mandatory,Hard,https://www.wtatennis.com/resources/v7.42.0/i/elements/1000k-tag.svg,2012-09-29,2012-10-07,2012,9,Beijing,FRA,,CN,CHN,156,142,,Asia,East Asia,CHN,10.0,1000.0,848000.0,64M/32Q/32D,China Open,,97,6,16.166666666666668,12,2.0,Marion Bartoli,9.0,https://www.wtatennis.com/resources/v7.42.0/i/elements/flags/fra.svg,SF,W,"6-4, 6-2",https://www.wtatennis.com/players/20631/marion-bartoli,False,False,False,False,False,False,False,2,True,18,12,6,1,FR,FRA,250,150,Europe,Western Europe,FRA,"6,4,None|6,2,None",,
3,China Open,,https://www.wtatennis.com/tournaments/1020/beijing/2012,Premier Mandatory,Hard,https://www.wtatennis.com/resources/v7.42.0/i/elements/1000k-tag.svg,2012-09-29,2012-10-07,2012,9,Beijing,SUI,,CN,CHN,156,142,,Asia,East Asia,CHN,69.0,1000.0,848000.0,64M/32Q/32D,China Open,,97,6,16.166666666666668,12,2.0,Romina Oprandi,,https://www.wtatennis.com/resources/v7.42.0/i/elements/flags/sui.svg,QF,W,"6-2, 6-0",https://www.wtatennis.com/players/150185/romina-oprandi,False,False,False,False,False,False,False,2,True,14,12,2,1,CH,CHE,756,150,Europe,Central Europe,SUI,"6,2,None|6,0,None",,
4,China Open,,https://www.wtatennis.com/tournaments/1020/beijing/2012,Premier Mandatory,Hard,https://www.wtatennis.com/resources/v7.42.0/i/elements/1000k-tag.svg,2012-09-29,2012-10-07,2012,9,Beijing,RUS,,CN,CHN,156,142,,Asia,East Asia,CHN,78.0,1000.0,848000.0,64M/32Q/32D,China Open,,97,6,16.166666666666668,12,2.0,Elena Vesnina,,https://www.wtatennis.com/resources/v7.42.0/i/elements/flags/rus.svg,R16,W,"6-3, 6-3",https://www.wtatennis.com/players/311220/elena-vesnina,False,False,False,False,False,False,False,2,True,18,12,6,1,RU,RUS,643,150,Europe,Eastern Europe,RUS,"6,3,None|6,3,None",,
5,China Open,,https://www.wtatennis.com/tournaments/1020/beijing/2012,Premier Mandatory,Hard,https://www.wtatennis.com/resources/v7.42.0/i/elements/1000k-tag.svg,2012-09-29,2012-10-07,2012,9,Beijing,GER,,CN,CHN,156,142,,Asia,East Asia,CHN,28.0,1000.0,848000.0,64M/32Q/32D,China Open,,97,6,16.166666666666668,12,2.0,Sabine Lisicki,,https://www.wtatennis.com/resources/v7.42.0/i/elements/flags/ger.svg,R32,W,"6-4, 6-2",https://www.wtatennis.com/players/312520/sabine-lisicki,False,False,False,False,False,False,False,2,True,18,12,6,1,DE,DEU,276,150,Europe,Central Europe,GER,"6,4,None|6,2,None",,
6,China Open,,https://www.wtatennis.com/tournaments/1020/beijing/2012,Premier Mandatory,Hard,https://www.wtatennis.com/resources/v7.42.0/i/elements/1000k-tag.svg,2012-09-29,2012-10-07,2012,9,Beijing,FRA,,CN,CHN,156,142,,Asia,East Asia,CHN,43.0,1000.0,848000.0,64M/32Q/32D,China Open,,97,6,16.166666666666668,12,2.0,Alizé Cornet,,https://www.wtatennis.com/resources/v7.42.0/i/elements/flags/fra.svg,R64,W,"6-1, 6-0",https://www.wtatennis.com/players/312121/aliz-cornet,False,False,False,False,False,False,False,2,True,13,12,1,1,FR,FRA,250,150,Europe,Western Europe,FRA,"6,1,None|6,0,None",,
1,Toray Pan Pacific Open,,https://www.wtatennis.com/tournaments/1056/tokyo/2012,Premier 5,Hard,https://www.wtatennis.com/resources/v7.42.0/i/elements/1000k-tag.svg,2012-09-23,2012-09-29,2012,9,Tokyo,GER,,JP,JPN,392,142,,Asia,East Asia,JPN,6.0,225.0,44250.0,64M/32Q/16D,Toray Pan Pacific Open,,32,2,16.0,4,2.0,Angelique Kerber,5.0,https://www.wtatennis.com/resources/v7.42.0/i/elements/flags/ger.svg,QF,L,Walkover,https://www.wtatennis.com/players/311470/angelique-kerber,False,True,False,False,False,False,False,0,False,0,0,0,0,DE,DEU,276,150,Europe,Central Europe,GER,,,
2,Toray Pan Pacific Open,,https://www.wtatennis.com/tournaments/1056/tokyo/2012,Premier 5,Hard,https://www.wtatennis.com/resources/v7.42.0/i/elements/1000k-tag.svg,2012-09-23,2012-09-29,2012,9,Tokyo,ITA,,JP,JPN,392,142,,Asia,East Asia,JPN,16.0,225.0,44250.0,64M/32Q/16D,Toray Pan Pacific Open,,32,2,16.0,4,2.0,Roberta Vinci,14.0,https://www.wtatennis.com/resources/v7.42.0/i/elements/flags/ita.svg,R16,W,"6-4, 6-2",https://www.wtatennis.com/players/220214/roberta-vinci,False,False,False,False,False,False,False,2,True,18,12,6,1,IT,ITA,380,150,Europe,Southern Europe,ITA,"6,4,None|6,2,None",,
3,Toray Pan Pacific Open,,https://www.wtatennis.com/tournaments/1056/tokyo/2012,Premier 5,Hard,https://www.wtatennis.com/resources/v7.42.0/i/elements/1000k-tag.svg,2012-09-23,2012-09-29,2012,9,Tokyo,AUT,,JP,JPN,392,142,,Asia,East Asia,JPN,32.0,225.0,44250.0,64M/32Q/16D,Toray Pan Pacific Open,,32,2,16.0,4,2.0,Tamira Paszek,,https://www.wtatennis.com/resources/v7.42.0/i/elements/flags/aut.svg,R32,W,"6-1, 6-1",https://www.wtatennis.com/players/313035/tamira-paszek,False,False,False,False,False,False,False,2,True,14,12,2,1,AT,AUT,040,150,Europe,Central Europe,AUT,"6,1,None|6,1,None",,
4,Toray Pan Pacific Open,,https://www.wtatennis.com/tournaments/1056/tokyo/2012,Premier 5,Hard,https://www.wtatennis.com/resources/v7.42.0/i/elements/1000k-tag.svg,2012-09-23,2012-09-29,2012,9,Tokyo,,,JP,JPN,392,142,,Asia,East Asia,JPN,,225.0,44250.0,64M/32Q/16D,Toray Pan Pacific Open,,32,2,16.0,4,2.0,,,,R64,,Bye,,False,False,True,False,False,False,False,0,False,0,0,0,0,,,,,,,,,,
1,US Open,https://photoresources.wtatennis.com/photo-resources/2026/04/16/8d0a3d41-7b45-434b-a75b-b7d2eb0922b4/WTA-Tournament_US-Open.png?height=128,https://www.wtatennis.com/tournaments/905/us-open/2012,Grand Slam,Hard,https://www.wtatennis.com/resources/v7.42.0/i/elements/gs-tag.svg,2012-08-27,2012-09-08,2012,8,New York,USA,NY,US,USA,840,019,United States of America|America|USA|US,America,Northern America,USA,4.0,1400.0,929027.0,128M/128Q/64D,Us Open,,143,7,20.428571428571427,17,2.4285714285714284,Serena Williams,4.0,https://www.wtatennis.com/resources/v7.42.0/i/elements/flags/usa.svg,F,L,"2-6, 6-2, 5-7",https://www.wtatennis.com/players/230234/serena-williams,False,False,False,False,False,False,False,3,False,28,13,15,0,US,USA,840,019,America,Northern America,USA,"2,6,None|6,2,None|5,7,None",,
2,US Open,https://photoresources.wtatennis.com/photo-resources/2026/04/16/8d0a3d41-7b45-434b-a75b-b7d2eb0922b4/WTA-Tournament_US-Open.png?height=128,https://www.wtatennis.com/tournaments/905/us-open/2012,Grand Slam,Hard,https://www.wtatennis.com/resources/v7.42.0/i/elements/gs-tag.svg,2012-08-27,2012-09-08,2012,8,New York,RUS,NY,US,USA,840,019,,America,Northern America,USA,3.0,1400.0,929027.0,128M/128Q/64D,Us Open,,143,7,20.428571428571427,17,2.4285714285714284,Maria Sharapova,3.0,https://www.wtatennis.com/resources/v7.42.0/i/elements/flags/rus.svg,SF,W,"3-6, 6-2, 6-4",https://www.wtatennis.com/players/310137/maria-sharapova,False,False,False,False,False,False,False,3,False,27,15,12,1,RU,RUS,643,150,Europe,Eastern Europe,RUS,"3,6,None|6,2,None|6,4,None",,
3,US Open,https://photoresources.wtatennis.com/photo-resources/2026/04/16/8d0a3d41-7b45-434b-a75b-b7d2eb0922b4/WTA-Tournament_US-Open.png?height=128,https://www.wtatennis.com/tournaments/905/us-open/2012,Grand Slam,Hard,https://www.wtatennis.com/resources/v7.42.0/i/elements/gs-tag.svg,2012-08-27,2012-09-08,2012,8,New York,AUS,NY,US,USA,840,019,,America,Northern America,USA,7.0,1400.0,929027.0,128M/128Q/64D,Us Open,,143,7,20.428571428571427,17,2.4285714285714284,Samantha Stosur,7.0,https://www.wtatennis.com/resources/v7.42.0/i/elements/flags/aus.svg,QF,W,"6-1, 4-6, 7-6 (5)",https://www.wtatennis.com/players/190787/samantha-stosur,False,False,False,False,False,True,True,3,True,30,17,13,1,AU,AUS,036,009,Oceania,Australasia,AUS,"6,1,None|4,6,None|7,6,5",,
4,US Open,https://photoresources.wtatennis.com/photo-resources/2026/04/16/8d0a3d41-7b45-434b-a75b-b7d2eb0922b4/WTA-Tournament_US-Open.png?height=128,https://www.wtatennis.com/tournaments/905/us-open/2012,Grand Slam,Hard,https://www.wtatennis.com/resources/v7.42.0/i/elements/gs-tag.svg,2012-08-27,2012-09-08,2012,8,New York,USA,NY,US,USA,840,019,United States of America|America|USA|US,America,Northern America,USA,73.0,1400.0,929027.0,128M/128Q/64D,Us Open,,143,7,20.428571428571427,17,2.4285714285714284,Anna Tatishvili,,https://www.wtatennis.com/resources/v7.42.0/i/elements/flags/usa.svg,R16,W,"6-2, 6-2",https://www.wtatennis.com/players/312962/anna-tatishvili,False,False,False,False,False,False,False,2,True,16,12,4,1,US,USA,840,019,America,Northern America,USA,"6,2,None|6,2,None",,
5,US Open,https://photoresources.wtatennis.com/photo-resources/2026/04/16/8d0a3d41-7b45-434b-a75b-b7d2eb0922b4/WTA-Tournament_US-Open.png?height=128,https://www.wtatennis.com/tournaments/905/us-open/2012,Grand Slam,Hard,https://www.wtatennis.com/resources/v7.42.0/i/elements/gs-tag.svg,2012-08-27,2012-09-08,2012,8,New York,CHN,NY,US,USA,840,019,,America,Northern America,USA,28.0,1400.0,929027.0,128M/128Q/64D,Us Open,,143,7,20.428571428571427,17,2.4285714285714284,Jie Zheng,28.0,https://www.wtatennis.com/resources/v7.42.0/i/elements/flags/chn.svg,R32,W,"6-0, 6-1",https://www.wtatennis.com/players/260144/jie-zheng,False,False,False,False,False,False,False,2,True,13,12,1,1,CN,CHN,156,142,Asia,East Asia,CHN,"6,0,None|6,1,None",,
6,US Open,https://photoresources.wtatennis.com/photo-resources/2026/04/16/8d0a3d41-7b45-434b-a75b-b7d2eb0922b4/WTA-Tournament_US-Open.png?height=128,https://www.wtatennis.com/tournaments/905/us-open/2012,Grand Slam,Hard,https://www.wtatennis.com/resources/v7.42.0/i/elements/gs-tag.svg,2012-08-27,2012-09-08,2012,8,New York,BEL,NY,US,USA,840,019,,America,Northern America,USA,133.0,1400.0,929027.0,128M/128Q/64D,Us Open,,143,7,20.428571428571427,17,2.4285714285714284,Kirsten Flipkens,,https://www.wtatennis.com/resources/v7.42.0/i/elements/flags/bel.svg,R64,W,"6-2, 6-2",https://www.wtatennis.com/players/310331/kirsten-flipkens,False,False,False,False,False,False,False,2,True,16,12,4,1,BE,BEL,056,150,Europe,Western Europe,BEL,"6,2,None|6,2,None",,
7,US Open,https://photoresources.wtatennis.com/photo-resources/2026/04/16/8d0a3d41-7b45-434b-a75b-b7d2eb0922b4/WTA-Tournament_US-Open.png?height=128,https://www.wtatennis.com/tournaments/905/us-open/2012,Grand Slam,Hard,https://www.wtatennis.com/resources/v7.42.0/i/elements/gs-tag.svg,2012-08-27,2012-09-08,2012,8,New York,RUS,NY,US,USA,840,019,,America,Northern America,USA,76.0,1400.0,929027.0,128M/128Q/64D,Us Open,,143,7,20.428571428571427,17,2.4285714285714284,Alexandra Panova,,https://www.wtatennis.com/resources/v7.42.0/i/elements/flags/rus.svg,R128,W,"6-0, 6-1",https://www.wtatennis.com/players/311956/alexandra-panova,False,False,False,False,False,False,False,2,True,13,12,1,1,RU,RUS,643,150,Europe,Eastern Europe,RUS,"6,0,None|6,1,None",,
1,Rogers Cup,,https://www.wtatennis.com/tournaments/806/montreal/2012,Premier 5,Hard,https://www.wtatennis.com/resources/v7.42.0/i/elements/1000k-tag.svg,2012-08-07,2012-08-13,2012,8,Montreal,AUT,,CA,CAN,124,019,,America,Northern America,CAN,43.0,1.0,11500.0,64M/64Q/28D,Rogers Cup Presented By National Bank,,6,1,6.0,1,1.0,Tamira Paszek,,https://www.wtatennis.com/resources/v7.42.0/i/elements/flags/aut.svg,R32,L,3-3,https://www.wtatennis.com/players/313035/tamira-paszek,True,False,False,False,False,False,False,1,False,6,3,3,0,AT,AUT,040,150,Europe,Central Europe,AUT,"3,3,None|Ret",,
2,Rogers Cup,,https://www.wtatennis.com/tournaments/806/montreal/2012,Premier 5,Hard,https://www.wtatennis.com/resources/v7.42.0/i/elements/1000k-tag.svg,2012-08-07,2012-08-13,2012,8,Montreal,,,CA,CAN,124,019,,America,Northern America,CAN,,1.0,11500.0,64M/64Q/28D,Rogers Cup Presented By National Bank,,6,1,6.0,1,1.0,,,,R64,,Bye,,False,False,True,False,False,False,False,0,False,0,0,0,0,,,,,,,,,,
1,Olympics Tennis Event,,https://www.wtatennis.com/tournaments/650/olympics/2012,OLYMPICS,Grass,,2012-07-28,2012-08-05,2012,7,London,USA,,GB,GBR,826,150,United States of America|America|USA|US,Europe,Northern Europe,ENG,4.0,340.0,,64M/0Q/32D,Olympics Tennis Event,,117,6,19.5,13,2.1666666666666665,Serena Williams,4.0,https://www.wtatennis.com/resources/v7.42.0/i/elements/flags/usa.svg,SF,L,"1-6, 2-6",https://www.wtatennis.com/players/230234/serena-williams,False,False,False,False,False,False,False,2,False,15,3,12,0,US,USA,840,019,America,Northern America,USA,"1,6,None|2,6,None",,
2,Olympics Tennis Event,,https://www.wtatennis.com/tournaments/650/olympics/2012,OLYMPICS,Grass,,2012-07-28,2012-08-05,2012,7,London,GER,,GB,GBR,826,150,,Europe,Northern Europe,ENG,7.0,340.0,,64M/0Q/32D,Olympics Tennis Event,,117,6,19.5,13,2.1666666666666665,Angelique Kerber,7.0,https://www.wtatennis.com/resources/v7.42.0/i/elements/flags/ger.svg,QF,W,"6-4, 7-5",https://www.wtatennis.com/players/311470/angelique-kerber,False,False,False,False,False,False,False,2,True,22,13,9,1,DE,DEU,276,150,Europe,Central Europe,GER,"6,4,None|7,5,None",,
3,Olympics Tennis Event,,https://www.wtatennis.com/tournaments/650/olympics/2012,OLYMPICS,Grass,,2012-07-28,2012-08-05,2012,7,London,RUS,,GB,GBR,826,150,,Europe,Northern Europe,ENG,19.0,340.0,,64M/0Q/32D,Olympics Tennis Event,,117,6,19.5,13,2.1666666666666665,Nadia Petrova,16.0,https://www.wtatennis.com/resources/v7.42.0/i/elements/flags/rus.svg,R16,W,"7-6 (6), 6-4",https://www.wtatennis.com/players/160379/nadia-petrova,False,False,False,True,False,False,True,2,True,23,13,10,1,RU,RUS,643,150,Europe,Eastern Europe,RUS,"7,6,6|6,4,None",,
4,Olympics Tennis Event,,https://www.wtatennis.com/tournaments/650/olympics/2012,OLYMPICS,Grass,,2012-07-28,2012-08-05,2012,7,London,ESP,,GB,GBR,826,150,Kingdom of Spain,Europe,Northern Europe,ENG,90.0,340.0,,64M/0Q/32D,Olympics Tennis Event,,117,6,19.5,13,2.1666666666666665,Maria Jose  Martinez Sanchez,,https://www.wtatennis.com/resources/v7.42.0/i/elements/flags/esp.svg,R32,W,"6-1, 6-2",https://www.wtatennis.com/players/130591/maria-jose-martinez-sanchez,False,False,False,False,False,False,False,2,True,15,12,3,1,ES,ESP,724,150,Europe,Southern Europe,ESP,"6,1,None|6,2,None",,
5,Olympics Tennis Event,,https://www.wtatennis.com/tournaments/650/olympics/2012,OLYMPICS,Grass,,2012-07-28,2012-08-05,2012,7,London,ROU,,GB,GBR,826,150,,Europe,Northern Europe,ENG,79.0,340.0,,64M/0Q/32D,Olympics Tennis Event,,117,6,19.5,13,2.1666666666666665,Irina-Camelia Begu,,https://www.wtatennis.com/resources/v7.42.0/i/elements/flags/rou.svg,R64,W,"6-1, 3-6, 6-1",https://www.wtatennis.com/players/313169/irina-camelia-begu,False,False,False,False,False,False,False,3,True,23,15,8,1,RO,ROU,642,150,Europe,Southeastern Europe,ROU,"6,1,None|3,6,None|6,1,None",,
6,Olympics Tennis Event,,https://www.wtatennis.com/tournaments/650/olympics/2012,OLYMPICS,Grass,,2012-07-28,2012-08-05,2012,7,London,RUS,,GB,GBR,826,150,,Europe,Northern Europe,ENG,15.0,340.0,,64M/0Q/32D,Olympics Tennis Event,,117,6,19.5,13,2.1666666666666665,Maria Kirilenko,14.0,https://www.wtatennis.com/resources/v7.42.0/i/elements/flags/rus.svg,Round PRE RPRE,W,"6-3, 6-4",https://www.wtatennis.com/players/310577/maria-kirilenko,False,False,False,False,False,False,False,2,True,19,12,7,1,RU,RUS,643,150,Europe,Eastern Europe,RUS,"6,3,None|6,4,None",,
1,Wimbledon,https://photoresources.wtatennis.com/photo-resources/2026/04/16/d29814e6-6e80-4015-b680-9a7f3cb065c3/WTA-Tournament_Wimbledon.png?height=128,https://www.wtatennis.com/tournaments/904/wimbledon/2012,Grand Slam,Grass,https://www.wtatennis.com/resources/v7.42.0/i/elements/gs-tag.svg,2012-06-25,2012-07-07,2012,6,Wimbledon,USA,,GB,GBR,826,150,United States of America|America|USA|US,Europe,Northern Europe,ENG,6.0,900.0,446767.0,128M/128Q/64D,The Championships,,106,6,17.666666666666668,12,2.0,Serena Williams,6.0,https://www.wtatennis.com/resources/v7.42.0/i/elements/flags/usa.svg,SF,L,"3-6, 6-7 (6)",https://www.wtatennis.com/players/230234/serena-williams,False,False,False,False,True,False,True,2,False,22,9,13,0,US,USA,840,019,America,Northern America,USA,"3,6,None|6,7,6",,
2,Wimbledon,https://photoresources.wtatennis.com/photo-resources/2026/04/16/d29814e6-6e80-4015-b680-9a7f3cb065c3/WTA-Tournament_Wimbledon.png?height=128,https://www.wtatennis.com/tournaments/904/wimbledon/2012,Grand Slam,Grass,https://www.wtatennis.com/resources/v7.42.0/i/elements/gs-tag.svg,2012-06-25,2012-07-07,2012,6,Wimbledon,AUT,,GB,GBR,826,150,,Europe,Northern Europe,ENG,37.0,900.0,446767.0,128M/128Q/64D,The Championships,,106,6,17.666666666666668,12,2.0,Tamira Paszek,,https://www.wtatennis.com/resources/v7.42.0/i/elements/flags/aut.svg,QF,W,"6-3, 7-6 (4)",https://www.wtatennis.com/players/313035/tamira-paszek,False,False,False,False,True,False,True,2,True,22,13,9,1,AT,AUT,040,150,Europe,Central Europe,AUT,"6,3,None|7,6,4",,
3,Wimbledon,https://photoresources.wtatennis.com/photo-resources/2026/04/16/d29814e6-6e80-4015-b680-9a7f3cb065c3/WTA-Tournament_Wimbledon.png?height=128,https://www.wtatennis.com/tournaments/904/wimbledon/2012,Grand Slam,Grass,https://www.wtatennis.com/resources/v7.42.0/i/elements/gs-tag.svg,2012-06-25,2012-07-07,2012,6,Wimbledon,SRB,,GB,GBR,826,150,,Europe,Northern Europe,ENG,14.0,900.0,446767.0,128M/128Q/64D,The Championships,,106,6,17.666666666666668,12,2.0,Ana Ivanovic,14.0,https://www.wtatennis.com/resources/v7.42.0/i/elements/flags/srb.svg,R16,W,"6-1, 6-0",https://www.wtatennis.com/players/311710/ana-ivanovic,False,False,False,False,False,False,False,2,True,13,12,1,1,RS,SRB,688,150,Europe,Southeastern Europe,SRB,"6,1,None|6,0,None",,
4,Wimbledon,https://photoresources.wtatennis.com/photo-resources/2026/04/16/d29814e6-6e80-4015-b680-9a7f3cb065c3/WTA-Tournament_Wimbledon.png?height=128,https://www.wtatennis.com/tournaments/904/wimbledon/2012,Grand Slam,Grass,https://www.wtatennis.com/resources/v7.42.0/i/elements/gs-tag.svg,2012-06-25,2012-07-07,2012,6,Wimbledon,SVK,,GB,GBR,826,150,,Europe,Northern Europe,ENG,178.0,900.0,446767.0,128M/128Q/64D,The Championships,,106,6,17.666666666666668,12,2.0,Jana Cepelova,,https://www.wtatennis.com/resources/v7.42.0/i/elements/flags/svk.svg,R32,W,"6-3, 6-3",https://www.wtatennis.com/players/316774/jana-cepelova,False,False,False,False,False,False,False,2,True,18,12,6,1,SK,SVK,703,150,Europe,Central Europe,SVK,"6,3,None|6,3,None",,
5,Wimbledon,https://photoresources.wtatennis.com/photo-resources/2026/04/16/d29814e6-6e80-4015-b680-9a7f3cb065c3/WTA-Tournament_Wimbledon.png?height=128,https://www.wtatennis.com/tournaments/904/wimbledon/2012,Grand Slam,Grass,https://www.wtatennis.com/resources/v7.42.0/i/elements/gs-tag.svg,2012-06-25,2012-07-07,2012,6,Wimbledon,SUI,,GB,GBR,826,150,,Europe,Northern Europe,ENG,87.0,900.0,446767.0,128M/128Q/64D,The Championships,,106,6,17.666666666666668,12,2.0,Romina Oprandi,,https://www.wtatennis.com/resources/v7.42.0/i/elements/flags/sui.svg,R64,W,"6-2, 6-0",https://www.wtatennis.com/players/150185/romina-oprandi,False,False,False,False,False,False,False,2,True,14,12,2,1,CH,CHE,756,150,Europe,Central Europe,SUI,"6,2,None|6,0,None",,
6,Wimbledon,https://photoresources.wtatennis.com/photo-resources/2026/04/16/d29814e6-6e80-4015-b680-9a7f3cb065c3/WTA-Tournament_Wimbledon.png?height=128,https://www.wtatennis.com/tournaments/904/wimbledon/2012,Grand Slam,Grass,https://www.wtatennis.com/resources/v7.42.0/i/elements/gs-tag.svg,2012-06-25,2012-07-07,2012,6,Wimbledon,USA,,GB,GBR,826,150,United States of America|America|USA|US,Europe,Northern Europe,ENG,78.0,900.0,446767.0,128M/128Q/64D,The Championships,,106,6,17.666666666666668,12,2.0,Irina Falconi Hartman,,https://www.wtatennis.com/resources/v7.42.0/i/elements/flags/usa.svg,R128,W,"6-1, 6-4",https://www.wtatennis.com/players/314545/irina-falconi-hartman,False,False,False,False,False,False,False,2,True,17,12,5,1,US,USA,840,019,America,Northern America,USA,"6,1,None|6,4,None",,
1,Roland Garros,,https://www.wtatennis.com/tournaments/903/roland-garros/2012,Grand Slam,Clay,https://www.wtatennis.com/resources/v7.42.0/i/elements/gs-tag.svg,2012-05-27,2012-06-09,2012,5,Paris,SVK,,FR,FRA,250,150,,Europe,Western Europe,FRA,16.0,280.0,108091.0,128M/128Q/64D,Championnats Internationaux De France,,86,4,21.5,9,2.25,Dominika Cibulkova,15.0,https://www.wtatennis.com/resources/v7.42.0/i/elements/flags/svk.svg,R16,L,"2-6, 6-7 (4)",https://www.wtatennis.com/players/312894/dominika-cibulkova,False,False,False,False,True,False,True,2,False,21,8,13,0,SK,SVK,703,150,Europe,Central Europe,SVK,"2,6,None|6,7,4",,
2,Roland Garros,,https://www.wtatennis.com/tournaments/903/roland-garros/2012,Grand Slam,Clay,https://www.wtatennis.com/resources/v7.42.0/i/elements/gs-tag.svg,2012-05-27,2012-06-09,2012,5,Paris,CAN,,FR,FRA,250,150,,Europe,Western Europe,FRA,58.0,280.0,108091.0,128M/128Q/64D,Championnats Internationaux De France,,86,4,21.5,9,2.25,Aleksandra Wozniak,,https://www.wtatennis.com/resources/v7.42.0/i/elements/flags/can.svg,R32,W,"6-4, 6-4",https://www.wtatennis.com/players/310494/aleksandra-wozniak,False,False,False,False,False,False,False,2,True,20,12,8,1,CA,CAN,124,019,America,Northern America,CAN,"6,4,None|6,4,None",,
3,Roland Garros,,https://www.wtatennis.com/tournaments/903/roland-garros/2012,Grand Slam,Clay,https://www.wtatennis.com/resources/v7.42.0/i/elements/gs-tag.svg,2012-05-27,2012-06-09,2012,5,Paris,GER,,FR,FRA,250,150,,Europe,Western Europe,FRA,198.0,280.0,108091.0,128M/128Q/64D,Championnats Internationaux De France,,86,4,21.5,9,2.25,Dinah Pfizenmaier,,https://www.wtatennis.com/resources/v7.42.0/i/elements/flags/ger.svg,R64,W,"6-1, 6-1",https://www.wtatennis.com/players/316518/dinah-pfizenmaier,False,False,False,False,False,False,False,2,True,14,12,2,1,DE,DEU,276,150,Europe,Central Europe,GER,"6,1,None|6,1,None",,
4,Roland Garros,,https://www.wtatennis.com/tournaments/903/roland-garros/2012,Grand Slam,Clay,https://www.wtatennis.com/resources/v7.42.0/i/elements/gs-tag.svg,2012-05-27,2012-06-09,2012,5,Paris,ITA,,FR,FRA,250,150,,Europe,Western Europe,FRA,105.0,280.0,108091.0,128M/128Q/64D,Championnats Internationaux De France,,86,4,21.5,9,2.25,Alberta Brianti,,https://www.wtatennis.com/resources/v7.42.0/i/elements/flags/ita.svg,R128,W,"6-7 (6), 6-4, 6-2",https://www.wtatennis.com/players/20458/alberta-brianti,False,False,False,True,False,False,True,3,False,31,18,13,1,IT,ITA,380,150,Europe,Southern Europe,ITA,"6,7,6|6,4,None|6,2,None",,
1,Internazionali Bnl D'Italia,,https://www.wtatennis.com/tournaments/709/rome/2012,Premier 5,Clay,https://www.wtatennis.com/resources/v7.42.0/i/elements/1000k-tag.svg,2012-05-14,2012-05-20,2012,5,Rome,SVK,,IT,ITA,380,150,,Europe,Southern Europe,ITA,17.0,125.0,22000.0,64M/32Q/32D,Internazionali Bnl D'Italia,,15,1,15.0,2,2.0,Dominika Cibulkova,14.0,https://www.wtatennis.com/resources/v7.42.0/i/elements/flags/svk.svg,R16,L,Walkover,https://www.wtatennis.com/players/312894/dominika-cibulkova,False,True,False,False,False,False,False,0,False,0,0,0,0,SK,SVK,703,150,Europe,Central Europe,SVK,,,
2,Internazionali Bnl D'Italia,,https://www.wtatennis.com/tournaments/709/rome/2012,Premier 5,Clay,https://www.wtatennis.com/resources/v7.42.0/i/elements/1000k-tag.svg,2012-05-14,2012-05-20,2012,5,Rome,ISR,,IT,ITA,380,150,,Europe,Southern Europe,ITA,54.0,125.0,22000.0,64M/32Q/32D,Internazionali Bnl D'Italia,,15,1,15.0,2,2.0,Shahar Peer,,https://www.wtatennis.com/resources/v7.42.0/i/elements/flags/isr.svg,R32,W,"6-1, 6-2",https://www.wtatennis.com/players/311168/shahar-peer,False,False,False,False,False,False,False,2,True,15,12,3,1,IL,ISR,376,142,Asia,Western Asia,ISR,"6,1,None|6,2,None",,
3,Internazionali Bnl D'Italia,,https://www.wtatennis.com/tournaments/709/rome/2012,Premier 5,Clay,https://www.wtatennis.com/resources/v7.42.0/i/elements/1000k-tag.svg,2012-05-14,2012-05-20,2012,5,Rome,,,IT,ITA,380,150,,Europe,Southern Europe,ITA,,125.0,22000.0,64M/32Q/32D,Internazionali Bnl D'Italia,,15,1,15.0,2,2.0,,,,R64,,Bye,,False,False,True,False,False,False,False,0,False,0,0,0,0,,,,,,,,,,
1,Mutua Madrid Open,,https://www.wtatennis.com/tournaments/1038/madrid/2012,Premier Mandatory,Clay,https://www.wtatennis.com/resources/v7.42.0/i/elements/1000k-tag.svg,2012-05-05,2012-05-13,2012,5,Madrid,USA,,ES,ESP,724,150,United States of America|America|USA|US,Europe,Southern Europe,ESP,9.0,700.0,432566.0,64M/32Q/28D,Mutua Madrid Open,,126,6,21.0,13,2.1666666666666665,Serena Williams,9.0,https://www.wtatennis.com/resources/v7.42.0/i/elements/flags/usa.svg,F,L,"1-6, 3-6",https://www.wtatennis.com/players/230234/serena-williams,False,False,False,False,False,False,False,2,False,16,4,12,0,US,USA,840,019,America,Northern America,USA,"1,6,None|3,6,None",,
2,Mutua Madrid Open,,https://www.wtatennis.com/tournaments/1038/madrid/2012,Premier Mandatory,Clay,https://www.wtatennis.com/resources/v7.42.0/i/elements/1000k-tag.svg,2012-05-05,2012-05-13,2012,5,Madrid,POL,,ES,ESP,724,150,,Europe,Southern Europe,ESP,3.0,700.0,432566.0,64M/32Q/28D,Mutua Madrid Open,,126,6,21.0,13,2.1666666666666665,Agnieszka Radwanska,4.0,https://www.wtatennis.com/resources/v7.42.0/i/elements/flags/pol.svg,SF,W,"6-2, 6-4",https://www.wtatennis.com/players/312251/agnieszka-radwanska,False,False,False,False,False,False,False,2,True,18,12,6,1,PL,POL,616,150,Europe,Central Europe,POL,"6,2,None|6,4,None",,
3,Mutua Madrid Open,,https://www.wtatennis.com/tournaments/1038/madrid/2012,Premier Mandatory,Clay,https://www.wtatennis.com/resources/v7.42.0/i/elements/1000k-tag.svg,2012-05-05,2012-05-13,2012,5,Madrid,CHN,,ES,ESP,724,150,,Europe,Southern Europe,ESP,8.0,700.0,432566.0,64M/32Q/28D,Mutua Madrid Open,,126,6,21.0,13,2.1666666666666665,Na Li,8.0,https://www.wtatennis.com/resources/v7.42.0/i/elements/flags/chn.svg,QF,W,"3-6, 6-3, 6-3",https://www.wtatennis.com/players/120330/na-li,False,False,False,False,False,False,False,3,False,27,15,12,1,CN,CHN,156,142,Asia,East Asia,CHN,"3,6,None|6,3,None|6,3,None",,
4,Mutua Madrid Open,,https://www.wtatennis.com/tournaments/1038/madrid/2012,Premier Mandatory,Clay,https://www.wtatennis.com/resources/v7.42.0/i/elements/1000k-tag.svg,2012-05-05,2012-05-13,2012,5,Madrid,SRB,,ES,ESP,724,150,,Europe,Southern Europe,ESP,15.0,700.0,432566.0,64M/32Q/28D,Mutua Madrid Open,,126,6,21.0,13,2.1666666666666665,Ana Ivanovic,13.0,https://www.wtatennis.com/resources/v7.42.0/i/elements/flags/srb.svg,R16,W,"6-4, 6-4",https://www.wtatennis.com/players/311710/ana-ivanovic,False,False,False,False,False,False,False,2,True,20,12,8,1,RS,SRB,688,150,Europe,Southeastern Europe,SRB,"6,4,None|6,4,None",,
5,Mutua Madrid Open,,https://www.wtatennis.com/tournaments/1038/madrid/2012,Premier Mandatory,Clay,https://www.wtatennis.com/resources/v7.42.0/i/elements/1000k-tag.svg,2012-05-05,2012-05-13,2012,5,Madrid,CZE,,ES,ESP,724,150,,Europe,Southern Europe,ESP,117.0,700.0,432566.0,64M/32Q/28D,Mutua Madrid Open,,126,6,21.0,13,2.1666666666666665,Andrea  Sestini Hlavackova,,https://www.wtatennis.com/resources/v7.42.0/i/elements/flags/cze.svg,R32,W,"6-3, 7-6 (2)",https://www.wtatennis.com/players/80459/andrea-sestini-hlavackova,False,False,False,False,True,False,True,2,True,22,13,9,1,CZ,CZE,203,150,Europe,Central Europe,CZE,"6,3,None|7,6,2",,
6,Mutua Madrid Open,,https://www.wtatennis.com/tournaments/1038/madrid/2012,Premier Mandatory,Clay,https://www.wtatennis.com/resources/v7.42.0/i/elements/1000k-tag.svg,2012-05-05,2012-05-13,2012,5,Madrid,RUS,,ES,ESP,724,150,,Europe,Southern Europe,ESP,28.0,700.0,432566.0,64M/32Q/28D,Mutua Madrid Open,,126,6,21.0,13,2.1666666666666665,Svetlana Kuznetsova,,https://www.wtatennis.com/resources/v7.42.0/i/elements/flags/rus.svg,R64,W,"7-6 (5), 6-4",https://www.wtatennis.com/players/110552/svetlana-kuznetsova,False,False,False,True,False,False,True,2,True,23,13,10,1,RU,RUS,643,150,Europe,Eastern Europe,RUS,"7,6,5|6,4,None",,
1,Porsche Tennis Grand Prix,,https://www.wtatennis.com/tournaments/1051/stuttgart/2012,Premier,Clay,https://www.wtatennis.com/resources/v7.42.0/i/elements/500k-tag.svg,2012-04-23,2012-04-29,2012,4,Stuttgart,RUS,,DE,DEU,276,150,,Europe,Central Europe,GER,2.0,320.0,62500.0,32M/32Q/16D,Porsche Tennis Grand Prix,,84,4,21.0,9,2.25,Maria Sharapova,2.0,https://www.wtatennis.com/resources/v7.42.0/i/elements/flags/rus.svg,F,L,"1-6, 4-6",https://www.wtatennis.com/players/310137/maria-sharapova,False,False,False,False,False,False,False,2,False,17,5,12,0,RU,RUS,643,150,Europe,Eastern Europe,RUS,"1,6,None|4,6,None",,
2,Porsche Tennis Grand Prix,,https://www.wtatennis.com/tournaments/1051/stuttgart/2012,Premier,Clay,https://www.wtatennis.com/resources/v7.42.0/i/elements/500k-tag.svg,2012-04-23,2012-04-29,2012,4,Stuttgart,POL,,DE,DEU,276,150,,Europe,Central Europe,GER,4.0,320.0,62500.0,32M/32Q/16D,Porsche Tennis Grand Prix,,84,4,21.0,9,2.25,Agnieszka Radwanska,4.0,https://www.wtatennis.com/resources/v7.42.0/i/elements/flags/pol.svg,SF,W,"6-1, 6-3",https://www.wtatennis.com/players/312251/agnieszka-radwanska,False,False,False,False,False,False,False,2,True,16,12,4,1,PL,POL,616,150,Europe,Central Europe,POL,"6,1,None|6,3,None",,
3,Porsche Tennis Grand Prix,,https://www.wtatennis.com/tournaments/1051/stuttgart/2012,Premier,Clay,https://www.wtatennis.com/resources/v7.42.0/i/elements/500k-tag.svg,2012-04-23,2012-04-29,2012,4,Stuttgart,GER,,DE,DEU,276,150,,Europe,Central Europe,GER,35.0,320.0,62500.0,32M/32Q/16D,Porsche Tennis Grand Prix,,84,4,21.0,9,2.25,Mona Barthel,,https://www.wtatennis.com/resources/v7.42.0/i/elements/flags/ger.svg,QF,W,"6-4, 6-7 (3), 7-5",https://www.wtatennis.com/players/315365/mona-barthel,False,False,False,False,True,False,True,3,True,35,19,16,1,DE,DEU,276,150,Europe,Central Europe,GER,"6,4,None|6,7,3|7,5,None",,
4,Porsche Tennis Grand Prix,,https://www.wtatennis.com/tournaments/1051/stuttgart/2012,Premier,Clay,https://www.wtatennis.com/resources/v7.42.0/i/elements/500k-tag.svg,2012-04-23,2012-04-29,2012,4,Stuttgart,GER,,DE,DEU,276,150,,Europe,Central Europe,GER,12.0,320.0,62500.0,32M/32Q/16D,Porsche Tennis Grand Prix,,84,4,21.0,9,2.25,Andrea Petkovic,,https://www.wtatennis.com/resources/v7.42.0/i/elements/flags/ger.svg,R16,W,"6-2, 4-4",https://www.wtatennis.com/players/310770/andrea-petkovic,True,False,False,False,False,False,False,2,True,16,10,6,1,DE,DEU,276,150,Europe,Central Europe,GER,"6,2,None|4,4,None|Ret",,
5,Porsche Tennis Grand Prix,,https://www.wtatennis.com/tournaments/1051/stuttgart/2012,Premier,Clay,https://www.wtatennis.com/resources/v7.42.0/i/elements/500k-tag.svg,2012-04-23,2012-04-29,2012,4,Stuttgart,,,DE,DEU,276,150,,Europe,Central Europe,GER,,320.0,62500.0,32M/32Q/16D,Porsche Tennis Grand Prix,,84,4,21.0,9,2.25,,,,R32,,Bye,,False,False,True,False,False,False,False,0,False,0,0,0,0,,,,,,,,,,
1,Sony Ericsson Open,https://photoresources.wtatennis.com/photo-resources/2026/04/16/e0f2d5a2-cc05-4b2a-8377-f57edf6eaaa2/WTA-Tournament_Miami-2024.png?height=128,https://www.wtatennis.com/tournaments/902/miami/2012,Premier Mandatory,Hard,https://www.wtatennis.com/resources/v7.42.0/i/elements/1000k-tag.svg,2012-03-20,2012-03-31,2012,3,Miami,FRA,FL,US,USA,840,019,,America,Northern America,USA,7.0,250.0,79000.0,128M/64Q/32D,Sony Ericsson Open,,85,4,21.25,9,2.25,Marion Bartoli,7.0,https://www.wtatennis.com/resources/v7.42.0/i/elements/flags/fra.svg,QF,L,"3-6, 3-6",https://www.wtatennis.com/players/20631/marion-bartoli,False,False,False,False,False,False,False,2,False,18,6,12,0,FR,FRA,250,150,Europe,Western Europe,FRA,"3,6,None|3,6,None",,
2,Sony Ericsson Open,https://photoresources.wtatennis.com/photo-resources/2026/04/16/e0f2d5a2-cc05-4b2a-8377-f57edf6eaaa2/WTA-Tournament_Miami-2024.png?height=128,https://www.wtatennis.com/tournaments/902/miami/2012,Premier Mandatory,Hard,https://www.wtatennis.com/resources/v7.42.0/i/elements/1000k-tag.svg,2012-03-20,2012-03-31,2012,3,Miami,SVK,FL,US,USA,840,019,,America,Northern America,USA,18.0,250.0,79000.0,128M/64Q/32D,Sony Ericsson Open,,85,4,21.25,9,2.25,Dominika Cibulkova,16.0,https://www.wtatennis.com/resources/v7.42.0/i/elements/flags/svk.svg,R16,W,"1-6, 7-6 (7), 7-5",https://www.wtatennis.com/players/312894/dominika-cibulkova,False,False,False,False,True,False,True,3,False,32,15,17,1,SK,SVK,703,150,Europe,Central Europe,SVK,"1,6,None|7,6,7|7,5,None",,
3,Sony Ericsson Open,https://photoresources.wtatennis.com/photo-resources/2026/04/16/e0f2d5a2-cc05-4b2a-8377-f57edf6eaaa2/WTA-Tournament_Miami-2024.png?height=128,https://www.wtatennis.com/tournaments/902/miami/2012,Premier Mandatory,Hard,https://www.wtatennis.com/resources/v7.42.0/i/elements/1000k-tag.svg,2012-03-20,2012-03-31,2012,3,Miami,GBR,FL,US,USA,840,019,Britain|UK|Great Britain|United Kingdom,America,Northern America,USA,129.0,250.0,79000.0,128M/64Q/32D,Sony Ericsson Open,,85,4,21.25,9,2.25,Heather Watson,,https://www.wtatennis.com/resources/v7.42.0/i/elements/flags/gbr.svg,R32,W,"6-0, 6-2",https://www.wtatennis.com/players/316981/heather-watson,False,False,False,False,False,False,False,2,True,14,12,2,1,GB,GBR,826,150,Europe,Northern Europe,ENG,"6,0,None|6,2,None",,
4,Sony Ericsson Open,https://photoresources.wtatennis.com/photo-resources/2026/04/16/e0f2d5a2-cc05-4b2a-8377-f57edf6eaaa2/WTA-Tournament_Miami-2024.png?height=128,https://www.wtatennis.com/tournaments/902/miami/2012,Premier Mandatory,Hard,https://www.wtatennis.com/resources/v7.42.0/i/elements/1000k-tag.svg,2012-03-20,2012-03-31,2012,3,Miami,NED,FL,US,USA,840,019,,America,Northern America,USA,71.0,250.0,79000.0,128M/64Q/32D,Sony Ericsson Open,,85,4,21.25,9,2.25,Michaella Krajicek,,https://www.wtatennis.com/resources/v7.42.0/i/elements/flags/ned.svg,R64,W,"6-3, 7-5",https://www.wtatennis.com/players/311578/michaella-krajicek,False,False,False,False,False,False,False,2,True,21,13,8,1,NL,NLD,528,150,Europe,Western Europe,NED,"6,3,None|7,5,None",,
5,Sony Ericsson Open,https://photoresources.wtatennis.com/photo-resources/2026/04/16/e0f2d5a2-cc05-4b2a-8377-f57edf6eaaa2/WTA-Tournament_Miami-2024.png?height=128,https://www.wtatennis.com/tournaments/902/miami/2012,Premier Mandatory,Hard,https://www.wtatennis.com/resources/v7.42.0/i/elements/1000k-tag.svg,2012-03-20,2012-03-31,2012,3,Miami,,FL,US,USA,840,019,,America,Northern America,USA,,250.0,79000.0,128M/64Q/32D,Sony Ericsson Open,,85,4,21.25,9,2.25,,,,R128,,Bye,,False,False,True,False,False,False,False,0,False,0,0,0,0,,,,,,,,,,
1,Bnp Paribas Open,https://photoresources.wtatennis.com/photo-resources/2026/04/16/a1736320-dd92-4829-8aa8-846c2edef410/WTA-Tournament_Indian-Wells-2017.png?height=128,https://www.wtatennis.com/tournaments/609/indian-wells/2012,Premier Mandatory,Hard,https://www.wtatennis.com/resources/v7.42.0/i/elements/1000k-tag.svg,2012-03-07,2012-03-18,2012,3,Indian Wells,RUS,CA,US,USA,840,019,,America,Northern America,USA,2.0,1000.0,1000000.0,128M/64Q/32D,Bnp Paribas Open,,117,6,19.5,13,2.1666666666666665,Maria Sharapova,2.0,https://www.wtatennis.com/resources/v7.42.0/i/elements/flags/rus.svg,F,W,"6-2, 6-3",https://www.wtatennis.com/players/310137/maria-sharapova,False,False,False,False,False,False,False,2,True,17,12,5,1,RU,RUS,643,150,Europe,Eastern Europe,RUS,"6,2,None|6,3,None",,
2,Bnp Paribas Open,https://photoresources.wtatennis.com/photo-resources/2026/04/16/a1736320-dd92-4829-8aa8-846c2edef410/WTA-Tournament_Indian-Wells-2017.png?height=128,https://www.wtatennis.com/tournaments/609/indian-wells/2012,Premier Mandatory,Hard,https://www.wtatennis.com/resources/v7.42.0/i/elements/1000k-tag.svg,2012-03-07,2012-03-18,2012,3,Indian Wells,GER,CA,US,USA,840,019,,America,Northern America,USA,19.0,1000.0,1000000.0,128M/64Q/32D,Bnp Paribas Open,,117,6,19.5,13,2.1666666666666665,Angelique Kerber,18.0,https://www.wtatennis.com/resources/v7.42.0/i/elements/flags/ger.svg,SF,W,"6-4, 6-3",https://www.wtatennis.com/players/311470/angelique-kerber,False,False,False,False,False,False,False,2,True,19,12,7,1,DE,DEU,276,150,Europe,Central Europe,GER,"6,4,None|6,3,None",,
3,Bnp Paribas Open,https://photoresources.wtatennis.com/photo-resources/2026/04/16/a1736320-dd92-4829-8aa8-846c2edef410/WTA-Tournament_Indian-Wells-2017.png?height=128,https://www.wtatennis.com/tournaments/609/indian-wells/2012,Premier Mandatory,Hard,https://www.wtatennis.com/resources/v7.42.0/i/elements/1000k-tag.svg,2012-03-07,2012-03-18,2012,3,Indian Wells,POL,CA,US,USA,840,019,,America,Northern America,USA,5.0,1000.0,1000000.0,128M/64Q/32D,Bnp Paribas Open,,117,6,19.5,13,2.1666666666666665,Agnieszka Radwanska,5.0,https://www.wtatennis.com/resources/v7.42.0/i/elements/flags/pol.svg,QF,W,"6-0, 6-2",https://www.wtatennis.com/players/312251/agnieszka-radwanska,False,False,False,False,False,False,False,2,True,14,12,2,1,PL,POL,616,150,Europe,Central Europe,POL,"6,0,None|6,2,None",,
4,Bnp Paribas Open,https://photoresources.wtatennis.com/photo-resources/2026/04/16/a1736320-dd92-4829-8aa8-846c2edef410/WTA-Tournament_Indian-Wells-2017.png?height=128,https://www.wtatennis.com/tournaments/609/indian-wells/2012,Premier Mandatory,Hard,https://www.wtatennis.com/resources/v7.42.0/i/elements/1000k-tag.svg,2012-03-07,2012-03-18,2012,3,Indian Wells,GER,CA,US,USA,840,019,,America,Northern America,USA,15.0,1000.0,1000000.0,128M/64Q/32D,Bnp Paribas Open,,117,6,19.5,13,2.1666666666666665,Julia Goerges,14.0,https://www.wtatennis.com/resources/v7.42.0/i/elements/flags/ger.svg,R16,W,"6-3, 6-1",https://www.wtatennis.com/players/313381/julia-goerges,False,False,False,False,False,False,False,2,True,16,12,4,1,DE,DEU,276,150,Europe,Central Europe,GER,"6,3,None|6,1,None",,
5,Bnp Paribas Open,https://photoresources.wtatennis.com/photo-resources/2026/04/16/a1736320-dd92-4829-8aa8-846c2edef410/WTA-Tournament_Indian-Wells-2017.png?height=128,https://www.wtatennis.com/tournaments/609/indian-wells/2012,Premier Mandatory,Hard,https://www.wtatennis.com/resources/v7.42.0/i/elements/1000k-tag.svg,2012-03-07,2012-03-18,2012,3,Indian Wells,RUS,CA,US,USA,840,019,,America,Northern America,USA,27.0,1000.0,1000000.0,128M/64Q/32D,Bnp Paribas Open,,117,6,19.5,13,2.1666666666666665,Svetlana Kuznetsova,25.0,https://www.wtatennis.com/resources/v7.42.0/i/elements/flags/rus.svg,R32,W,"6-1, 6-2",https://www.wtatennis.com/players/110552/svetlana-kuznetsova,False,False,False,False,False,False,False,2,True,15,12,3,1,RU,RUS,643,150,Europe,Eastern Europe,RUS,"6,1,None|6,2,None",,
6,Bnp Paribas Open,https://photoresources.wtatennis.com/photo-resources/2026/04/16/a1736320-dd92-4829-8aa8-846c2edef410/WTA-Tournament_Indian-Wells-2017.png?height=128,https://www.wtatennis.com/tournaments/609/indian-wells/2012,Premier Mandatory,Hard,https://www.wtatennis.com/resources/v7.42.0/i/elements/1000k-tag.svg,2012-03-07,2012-03-18,2012,3,Indian Wells,GER,CA,US,USA,840,019,,America,Northern America,USA,37.0,1000.0,1000000.0,128M/64Q/32D,Bnp Paribas Open,,117,6,19.5,13,2.1666666666666665,Mona Barthel,,https://www.wtatennis.com/resources/v7.42.0/i/elements/flags/ger.svg,R64,W,"6-4, 6-7 (4), 7-6 (6)",https://www.wtatennis.com/players/315365/mona-barthel,False,False,False,False,True,True,True,3,True,36,19,17,1,DE,DEU,276,150,Europe,Central Europe,GER,"6,4,None|6,7,4|7,6,6",,
7,Bnp Paribas Open,https://photoresources.wtatennis.com/photo-resources/2026/04/16/a1736320-dd92-4829-8aa8-846c2edef410/WTA-Tournament_Indian-Wells-2017.png?height=128,https://www.wtatennis.com/tournaments/609/indian-wells/2012,Premier Mandatory,Hard,https://www.wtatennis.com/resources/v7.42.0/i/elements/1000k-tag.svg,2012-03-07,2012-03-18,2012,3,Indian Wells,,CA,US,USA,840,019,,America,Northern America,USA,,1000.0,1000000.0,128M/64Q/32D,Bnp Paribas Open,,117,6,19.5,13,2.1666666666666665,,,,R128,,Bye,,False,False,True,False,False,False,False,0,False,0,0,0,0,,,,,,,,,,
1,Qatar Total Open,https://photoresources.wtatennis.com/photo-resources/2025/04/16/74cb07bc-dc84-43f7-9acc-95e51d3748c9/WTA-Tournament_Doha-2025.png?height=128,https://www.wtatennis.com/tournaments/1003/doha/2012,Premier 5,Hard,https://www.wtatennis.com/resources/v7.42.0/i/elements/1000k-tag.svg,2012-02-13,2012-02-19,2012,2,Doha,AUS,,QA,QAT,634,142,,Asia,Western Asia,QAT,5.0,900.0,385000.0,64M/32Q/32D,Qatar Total Open,,78,5,15.6,10,2.0,Samantha Stosur,3.0,https://www.wtatennis.com/resources/v7.42.0/i/elements/flags/aus.svg,F,W,"6-1, 6-2",https://www.wtatennis.com/players/190787/samantha-stosur,False,False,False,False,False,False,False,2,True,15,12,3,1,AU,AUS,036,009,Oceania,Australasia,AUS,"6,1,None|6,2,None",,
2,Qatar Total Open,https://photoresources.wtatennis.com/photo-resources/2025/04/16/74cb07bc-dc84-43f7-9acc-95e51d3748c9/WTA-Tournament_Doha-2025.png?height=128,https://www.wtatennis.com/tournaments/1003/doha/2012,Premier 5,Hard,https://www.wtatennis.com/resources/v7.42.0/i/elements/1000k-tag.svg,2012-02-13,2012-02-19,2012,2,Doha,POL,,QA,QAT,634,142,,Asia,Western Asia,QAT,6.0,900.0,385000.0,64M/32Q/32D,Qatar Total Open,,78,5,15.6,10,2.0,Agnieszka Radwanska,4.0,https://www.wtatennis.com/resources/v7.42.0/i/elements/flags/pol.svg,SF,W,"6-2, 6-4",https://www.wtatennis.com/players/312251/agnieszka-radwanska,False,False,False,False,False,False,False,2,True,18,12,6,1,PL,POL,616,150,Europe,Central Europe,POL,"6,2,None|6,4,None",,
3,Qatar Total Open,https://photoresources.wtatennis.com/photo-resources/2025/04/16/74cb07bc-dc84-43f7-9acc-95e51d3748c9/WTA-Tournament_Doha-2025.png?height=128,https://www.wtatennis.com/tournaments/1003/doha/2012,Premier 5,Hard,https://www.wtatennis.com/resources/v7.42.0/i/elements/1000k-tag.svg,2012-02-13,2012-02-19,2012,2,Doha,BEL,,QA,QAT,634,142,,Asia,Western Asia,QAT,27.0,900.0,385000.0,64M/32Q/32D,Qatar Total Open,,78,5,15.6,10,2.0,Yanina Wickmayer,,https://www.wtatennis.com/resources/v7.42.0/i/elements/flags/bel.svg,QF,W,"6-0, 6-4",https://www.wtatennis.com/players/312536/yanina-wickmayer,False,False,False,False,False,False,False,2,True,16,12,4,1,BE,BEL,056,150,Europe,Western Europe,BEL,"6,0,None|6,4,None",,
4,Qatar Total Open,https://photoresources.wtatennis.com/photo-resources/2025/04/16/74cb07bc-dc84-43f7-9acc-95e51d3748c9/WTA-Tournament_Doha-2025.png?height=128,https://www.wtatennis.com/tournaments/1003/doha/2012,Premier 5,Hard,https://www.wtatennis.com/resources/v7.42.0/i/elements/1000k-tag.svg,2012-02-13,2012-02-19,2012,2,Doha,ROU,,QA,QAT,634,142,,Asia,Western Asia,QAT,63.0,900.0,385000.0,64M/32Q/32D,Qatar Total Open,,78,5,15.6,10,2.0,Simona Halep,,https://www.wtatennis.com/resources/v7.42.0/i/elements/flags/rou.svg,R16,W,"6-3, 6-1",https://www.wtatennis.com/players/314320/simona-halep,False,False,False,False,False,False,False,2,True,16,12,4,1,RO,ROU,642,150,Europe,Southeastern Europe,ROU,"6,3,None|6,1,None",,
5,Qatar Total Open,https://photoresources.wtatennis.com/photo-resources/2025/04/16/74cb07bc-dc84-43f7-9acc-95e51d3748c9/WTA-Tournament_Doha-2025.png?height=128,https://www.wtatennis.com/tournaments/1003/doha/2012,Premier 5,Hard,https://www.wtatennis.com/resources/v7.42.0/i/elements/1000k-tag.svg,2012-02-13,2012-02-19,2012,2,Doha,GER,,QA,QAT,634,142,,Asia,Western Asia,QAT,39.0,900.0,385000.0,64M/32Q/32D,Qatar Total Open,,78,5,15.6,10,2.0,Mona Barthel,,https://www.wtatennis.com/resources/v7.42.0/i/elements/flags/ger.svg,R32,W,"6-1, 6-0",https://www.wtatennis.com/players/315365/mona-barthel,False,False,False,False,False,False,False,2,True,13,12,1,1,DE,DEU,276,150,Europe,Central Europe,GER,"6,1,None|6,0,None",,
6,Qatar Total Open,https://photoresources.wtatennis.com/photo-resources/2025/04/16/74cb07bc-dc84-43f7-9acc-95e51d3748c9/WTA-Tournament_Doha-2025.png?height=128,https://www.wtatennis.com/tournaments/1003/doha/2012,Premier 5,Hard,https://www.wtatennis.com/resources/v7.42.0/i/elements/1000k-tag.svg,2012-02-13,2012-02-19,2012,2,Doha,,,QA,QAT,634,142,,Asia,Western Asia,QAT,,900.0,385000.0,64M/32Q/32D,Qatar Total Open,,78,5,15.6,10,2.0,,,,R64,,Bye,,False,False,True,False,False,False,False,0,False,0,0,0,0,,,,,,,,,,
1,Australian Open,https://photoresources.wtatennis.com/photo-resources/2026/04/16/6b041ce4-8b08-4fff-be75-89d1c452c157/WTA-Tournament_Australian-Open.png?height=128,https://www.wtatennis.com/tournaments/901/australian-open/2012,Grand Slam,Hard,https://www.wtatennis.com/resources/v7.42.0/i/elements/gs-tag.svg,2012-01-16,2012-01-28,2012,1,Melbourne,RUS,,AU,AUS,036,009,,Oceania,Australasia,AUS,4.0,2000.0,2429950.0,128M/128Q/64D,Australian Open,,128,7,18.285714285714285,16,2.2857142857142856,Maria Sharapova,4.0,https://www.wtatennis.com/resources/v7.42.0/i/elements/flags/rus.svg,F,W,"6-3, 6-0",https://www.wtatennis.com/players/310137/maria-sharapova,False,False,False,False,False,False,False,2,True,15,12,3,1,RU,RUS,643,150,Europe,Eastern Europe,RUS,"6,3,None|6,0,None",,
2,Australian Open,https://photoresources.wtatennis.com/photo-resources/2026/04/16/6b041ce4-8b08-4fff-be75-89d1c452c157/WTA-Tournament_Australian-Open.png?height=128,https://www.wtatennis.com/tournaments/901/australian-open/2012,Grand Slam,Hard,https://www.wtatennis.com/resources/v7.42.0/i/elements/gs-tag.svg,2012-01-16,2012-01-28,2012,1,Melbourne,BEL,,AU,AUS,036,009,,Oceania,Australasia,AUS,14.0,2000.0,2429950.0,128M/128Q/64D,Australian Open,,128,7,18.285714285714285,16,2.2857142857142856,Kim Clijsters,11.0,https://www.wtatennis.com/resources/v7.42.0/i/elements/flags/bel.svg,SF,W,"6-4, 1-6, 6-3",https://www.wtatennis.com/players/30458/kim-clijsters,False,False,False,False,False,False,False,3,True,26,13,13,1,BE,BEL,056,150,Europe,Western Europe,BEL,"6,4,None|1,6,None|6,3,None",,
3,Australian Open,https://photoresources.wtatennis.com/photo-resources/2026/04/16/6b041ce4-8b08-4fff-be75-89d1c452c157/WTA-Tournament_Australian-Open.png?height=128,https://www.wtatennis.com/tournaments/901/australian-open/2012,Grand Slam,Hard,https://www.wtatennis.com/resources/v7.42.0/i/elements/gs-tag.svg,2012-01-16,2012-01-28,2012,1,Melbourne,POL,,AU,AUS,036,009,,Oceania,Australasia,AUS,8.0,2000.0,2429950.0,128M/128Q/64D,Australian Open,,128,7,18.285714285714285,16,2.2857142857142856,Agnieszka Radwanska,8.0,https://www.wtatennis.com/resources/v7.42.0/i/elements/flags/pol.svg,QF,W,"6-7 (0), 6-0, 6-2",https://www.wtatennis.com/players/312251/agnieszka-radwanska,False,False,False,True,False,False,True,3,False,27,18,9,1,PL,POL,616,150,Europe,Central Europe,POL,"6,7,0|6,0,None|6,2,None",,
4,Australian Open,https://photoresources.wtatennis.com/photo-resources/2026/04/16/6b041ce4-8b08-4fff-be75-89d1c452c157/WTA-Tournament_Australian-Open.png?height=128,https://www.wtatennis.com/tournaments/901/australian-open/2012,Grand Slam,Hard,https://www.wtatennis.com/resources/v7.42.0/i/elements/gs-tag.svg,2012-01-16,2012-01-28,2012,1,Melbourne,CZE,,AU,AUS,036,009,,Oceania,Australasia,AUS,46.0,2000.0,2429950.0,128M/128Q/64D,Australian Open,,128,7,18.285714285714285,16,2.2857142857142856,Iveta Melzer,,https://www.wtatennis.com/resources/v7.42.0/i/elements/flags/cze.svg,R16,W,"6-2, 6-2",https://www.wtatennis.com/players/20576/iveta-melzer,False,False,False,False,False,False,False,2,True,16,12,4,1,CZ,CZE,203,150,Europe,Central Europe,CZE,"6,2,None|6,2,None",,
5,Australian Open,https://photoresources.wtatennis.com/photo-resources/2026/04/16/6b041ce4-8b08-4fff-be75-89d1c452c157/WTA-Tournament_Australian-Open.png?height=128,https://www.wtatennis.com/tournaments/901/australian-open/2012,Grand Slam,Hard,https://www.wtatennis.com/resources/v7.42.0/i/elements/gs-tag.svg,2012-01-16,2012-01-28,2012,1,Melbourne,GER,,AU,AUS,036,009,,Oceania,Australasia,AUS,44.0,2000.0,2429950.0,128M/128Q/64D,Australian Open,,128,7,18.285714285714285,16,2.2857142857142856,Mona Barthel,,https://www.wtatennis.com/resources/v7.42.0/i/elements/flags/ger.svg,R32,W,"6-2, 6-4",https://www.wtatennis.com/players/315365/mona-barthel,False,False,False,False,False,False,False,2,True,18,12,6,1,DE,DEU,276,150,Europe,Central Europe,GER,"6,2,None|6,4,None",,
6,Australian Open,https://photoresources.wtatennis.com/photo-resources/2026/04/16/6b041ce4-8b08-4fff-be75-89d1c452c157/WTA-Tournament_Australian-Open.png?height=128,https://www.wtatennis.com/tournaments/901/australian-open/2012,Grand Slam,Hard,https://www.wtatennis.com/resources/v7.42.0/i/elements/gs-tag.svg,2012-01-16,2012-01-28,2012,1,Melbourne,AUS,,AU,AUS,036,009,,Oceania,Australasia,AUS,126.0,2000.0,2429950.0,128M/128Q/64D,Australian Open,,128,7,18.285714285714285,16,2.2857142857142856,Casey Dellacqua,,https://www.wtatennis.com/resources/v7.42.0/i/elements/flags/aus.svg,R64,W,"6-1, 6-0",https://www.wtatennis.com/players/310730/casey-dellacqua,False,False,False,False,False,False,False,2,True,13,12,1,1,AU,AUS,036,009,Oceania,Australasia,AUS,"6,1,None|6,0,None",,
7,Australian Open,https://photoresources.wtatennis.com/photo-resources/2026/04/16/6b041ce4-8b08-4fff-be75-89d1c452c157/WTA-Tournament_Australian-Open.png?height=128,https://www.wtatennis.com/tournaments/901/australian-open/2012,Grand Slam,Hard,https://www.wtatennis.com/resources/v7.42.0/i/elements/gs-tag.svg,2012-01-16,2012-01-28,2012,1,Melbourne,GBR,,AU,AUS,036,009,Britain|UK|Great Britain|United Kingdom,Oceania,Australasia,AUS,105.0,2000.0,2429950.0,128M/128Q/64D,Australian Open,,128,7,18.285714285714285,16,2.2857142857142856,Heather Watson,,https://www.wtatennis.com/resources/v7.42.0/i/elements/flags/gbr.svg,R128,W,"6-1, 6-0",https://www.wtatennis.com/players/316981/heather-watson,False,False,False,False,False,False,False,2,True,13,12,1,1,GB,GBR,826,150,Europe,Northern Europe,ENG,"6,1,None|6,0,None",,
1,Apia International Sydney,,https://www.wtatennis.com/tournaments/702/sydney/2012,Premier,Hard,https://www.wtatennis.com/resources/v7.42.0/i/elements/500k-tag.svg,2012-01-08,2012-01-13,2012,1,Sydney,CHN,,AU,AUS,036,009,,Oceania,Australasia,AUS,5.0,470.0,107000.0,32M/64Q/16D,Apia International Sydney,,103,5,20.6,12,2.4,Na Li,4.0,https://www.wtatennis.com/resources/v7.42.0/i/elements/flags/chn.svg,F,W,"6-2, 1-6, 6-3",https://www.wtatennis.com/players/120330/na-li,False,False,False,False,False,False,False,3,True,24,13,11,1,CN,CHN,156,142,Asia,East Asia,CHN,"6,2,None|1,6,None|6,3,None",,
2,Apia International Sydney,,https://www.wtatennis.com/tournaments/702/sydney/2012,Premier,Hard,https://www.wtatennis.com/resources/v7.42.0/i/elements/500k-tag.svg,2012-01-08,2012-01-13,2012,1,Sydney,POL,,AU,AUS,036,009,,Oceania,Australasia,AUS,8.0,470.0,107000.0,32M/64Q/16D,Apia International Sydney,,103,5,20.6,12,2.4,Agnieszka Radwanska,7.0,https://www.wtatennis.com/resources/v7.42.0/i/elements/flags/pol.svg,SF,W,"1-6, 6-3, 6-2",https://www.wtatennis.com/players/312251/agnieszka-radwanska,False,False,False,False,False,False,False,3,False,24,13,11,1,PL,POL,616,150,Europe,Central Europe,POL,"1,6,None|6,3,None|6,2,None",,
3,Apia International Sydney,,https://www.wtatennis.com/tournaments/702/sydney/2012,Premier,Hard,https://www.wtatennis.com/resources/v7.42.0/i/elements/500k-tag.svg,2012-01-08,2012-01-13,2012,1,Sydney,FRA,,AU,AUS,036,009,,Oceania,Australasia,AUS,9.0,470.0,107000.0,32M/64Q/16D,Apia International Sydney,,103,5,20.6,12,2.4,Marion Bartoli,8.0,https://www.wtatennis.com/resources/v7.42.0/i/elements/flags/fra.svg,QF,W,"7-5, 6-4",https://www.wtatennis.com/players/20631/marion-bartoli,False,False,False,False,False,False,False,2,True,22,13,9,1,FR,FRA,250,150,Europe,Western Europe,FRA,"7,5,None|6,4,None",,
4,Apia International Sydney,,https://www.wtatennis.com/tournaments/702/sydney/2012,Premier,Hard,https://www.wtatennis.com/resources/v7.42.0/i/elements/500k-tag.svg,2012-01-08,2012-01-13,2012,1,Sydney,SRB,,AU,AUS,036,009,,Oceania,Australasia,AUS,14.0,470.0,107000.0,32M/64Q/16D,Apia International Sydney,,103,5,20.6,12,2.4,Jelena Jankovic,,https://www.wtatennis.com/resources/v7.42.0/i/elements/flags/srb.svg,R16,W,"6-4, 6-2",https://www.wtatennis.com/players/100153/jelena-jankovic,False,False,False,False,False,False,False,2,True,18,12,6,1,RS,SRB,688,150,Europe,Southeastern Europe,SRB,"6,4,None|6,2,None",,
5,Apia International Sydney,,https://www.wtatennis.com/tournaments/702/sydney/2012,Premier,Hard,https://www.wtatennis.com/resources/v7.42.0/i/elements/500k-tag.svg,2012-01-08,2012-01-13,2012,1,Sydney,SUI,,AU,AUS,036,009,,Oceania,Australasia,AUS,140.0,470.0,107000.0,32M/64Q/16D,Apia International Sydney,,103,5,20.6,12,2.4,Stefanie Voegele,,https://www.wtatennis.com/resources/v7.42.0/i/elements/flags/sui.svg,R32,W,"6-2, 6-1",https://www.wtatennis.com/players/312336/stefanie-voegele,False,False,False,False,False,False,False,2,True,15,12,3,1,CH,CHE,756,150,Europe,Central Europe,SUI,"6,2,None|6,1,None",,
1,Teb Bnp Paribas Wta Championships,,https://www.wtatennis.com/tournaments/808/wta-finals/2011,Finals,Hard,https://www.wtatennis.com/resources/v7.42.0/i/elements/finals-tag.svg,2011-10-25,2011-10-30,2011,10,Istanbul,CZE,,TR,TUR,792,142,,Asia,Western Asia,TUR,3.0,890.0,775000.0,8M/0Q/4D,Teb Bnp Paribas Wta Championships,,112,5,22.4,12,2.4,Petra Kvitova,,https://www.wtatennis.com/resources/v7.42.0/i/elements/flags/cze.svg,F,L,"5-7, 6-4, 3-6",https://www.wtatennis.com/players/314206/petra-kvitova,False,False,False,False,False,False,False,3,False,31,14,17,0,CZ,CZE,203,150,Europe,Central Europe,CZE,"5,7,None|6,4,None|3,6,None",,
2,Teb Bnp Paribas Wta Championships,,https://www.wtatennis.com/tournaments/808/wta-finals/2011,Finals,Hard,https://www.wtatennis.com/resources/v7.42.0/i/elements/finals-tag.svg,2011-10-25,2011-10-30,2011,10,Istanbul,RUS,,TR,TUR,792,142,,Asia,Western Asia,TUR,6.0,890.0,775000.0,8M/0Q/4D,Teb Bnp Paribas Wta Championships,,112,5,22.4,12,2.4,Vera Zvonareva,,https://www.wtatennis.com/resources/v7.42.0/i/elements/flags/rus.svg,SF,W,"6-2, 6-3",https://www.wtatennis.com/players/260142/vera-zvonareva,False,False,False,False,False,False,False,2,True,17,12,5,1,RU,RUS,643,150,Europe,Eastern Europe,RUS,"6,2,None|6,3,None",,
3,Teb Bnp Paribas Wta Championships,,https://www.wtatennis.com/tournaments/808/wta-finals/2011,Finals,Hard,https://www.wtatennis.com/resources/v7.42.0/i/elements/finals-tag.svg,2011-10-25,2011-10-30,2011,10,Istanbul,AUS,,TR,TUR,792,142,,Asia,Western Asia,TUR,7.0,890.0,775000.0,8M/0Q/4D,Teb Bnp Paribas Wta Championships,,112,5,22.4,12,2.4,Samantha Stosur,,https://www.wtatennis.com/resources/v7.42.0/i/elements/flags/aus.svg,RR,W,"6-2, 6-2",https://www.wtatennis.com/players/190787/samantha-stosur,False,False,False,False,False,False,False,2,True,16,12,4,1,AU,AUS,036,009,Oceania,Australasia,AUS,"6,2,None|6,2,None",,
4,Teb Bnp Paribas Wta Championships,,https://www.wtatennis.com/tournaments/808/wta-finals/2011,Finals,Hard,https://www.wtatennis.com/resources/v7.42.0/i/elements/finals-tag.svg,2011-10-25,2011-10-30,2011,10,Istanbul,CHN,,TR,TUR,792,142,,Asia,Western Asia,TUR,5.0,890.0,775000.0,8M/0Q/4D,Teb Bnp Paribas Wta Championships,,112,5,22.4,12,2.4,Na Li,,https://www.wtatennis.com/resources/v7.42.0/i/elements/flags/chn.svg,RR,W,"6-2, 6-2",https://www.wtatennis.com/players/120330/na-li,False,False,False,False,False,False,False,2,True,16,12,4,1,CN,CHN,156,142,Asia,East Asia,CHN,"6,2,None|6,2,None",,
5,Teb Bnp Paribas Wta Championships,,https://www.wtatennis.com/tournaments/808/wta-finals/2011,Finals,Hard,https://www.wtatennis.com/resources/v7.42.0/i/elements/finals-tag.svg,2011-10-25,2011-10-30,2011,10,Istanbul,FRA,,TR,TUR,792,142,,Asia,Western Asia,TUR,9.0,890.0,775000.0,8M/0Q/4D,Teb Bnp Paribas Wta Championships,,112,5,22.4,12,2.4,Marion Bartoli,,https://www.wtatennis.com/resources/v7.42.0/i/elements/flags/fra.svg,RR,L,"7-5, 4-6, 4-6",https://www.wtatennis.com/players/20631/marion-bartoli,False,False,False,False,False,False,False,3,True,32,15,17,0,FR,FRA,250,150,Europe,Western Europe,FRA,"7,5,None|4,6,None|4,6,None",,
1,Bgl Bnp Paribas Luxembourg Open,,https://www.wtatennis.com/tournaments/300/luxembourg/2011,International,Hard,https://www.wtatennis.com/resources/v7.42.0/i/elements/250k-tag.svg,2011-10-17,2011-10-23,2011,10,Luxembourg,ROU,,LU,LUX,442,150,,Europe,Western Europe,LUX,34.0,280.0,37000.0,32M/32Q/16D,Bgl Bnp Paribas Luxembourg Open,,82,5,16.4,10,2.0,Monica Niculescu,,https://www.wtatennis.com/resources/v7.42.0/i/elements/flags/rou.svg,F,W,"6-2, 6-2",https://www.wtatennis.com/players/310775/monica-niculescu,False,False,False,False,False,False,False,2,True,16,12,4,1,RO,ROU,642,150,Europe,Southeastern Europe,ROU,"6,2,None|6,2,None",,
2,Bgl Bnp Paribas Luxembourg Open,,https://www.wtatennis.com/tournaments/300/luxembourg/2011,International,Hard,https://www.wtatennis.com/resources/v7.42.0/i/elements/250k-tag.svg,2011-10-17,2011-10-23,2011,10,Luxembourg,GER,,LU,LUX,442,150,,Europe,Western Europe,LUX,21.0,280.0,37000.0,32M/32Q/16D,Bgl Bnp Paribas Luxembourg Open,,82,5,16.4,10,2.0,Julia Goerges,6.0,https://www.wtatennis.com/resources/v7.42.0/i/elements/flags/ger.svg,SF,W,"6-3, 6-3",https://www.wtatennis.com/players/313381/julia-goerges,False,False,False,False,False,False,False,2,True,18,12,6,1,DE,DEU,276,150,Europe,Central Europe,GER,"6,3,None|6,3,None",,
3,Bgl Bnp Paribas Luxembourg Open,,https://www.wtatennis.com/tournaments/300/luxembourg/2011,International,Hard,https://www.wtatennis.com/resources/v7.42.0/i/elements/250k-tag.svg,2011-10-17,2011-10-23,2011,10,Luxembourg,CZE,,LU,LUX,442,150,,Europe,Western Europe,LUX,53.0,280.0,37000.0,32M/32Q/16D,Bgl Bnp Paribas Luxembourg Open,,82,5,16.4,10,2.0,Iveta Melzer,,https://www.wtatennis.com/resources/v7.42.0/i/elements/flags/cze.svg,QF,W,"6-3, 6-2",https://www.wtatennis.com/players/20576/iveta-melzer,False,False,False,False,False,False,False,2,True,17,12,5,1,CZ,CZE,203,150,Europe,Central Europe,CZE,"6,3,None|6,2,None",,
4,Bgl Bnp Paribas Luxembourg Open,,https://www.wtatennis.com/tournaments/300/luxembourg/2011,International,Hard,https://www.wtatennis.com/resources/v7.42.0/i/elements/250k-tag.svg,2011-10-17,2011-10-23,2011,10,Luxembourg,ITA,,LU,LUX,442,150,,Europe,Western Europe,LUX,73.0,280.0,37000.0,32M/32Q/16D,Bgl Bnp Paribas Luxembourg Open,,82,5,16.4,10,2.0,Alberta Brianti,,https://www.wtatennis.com/resources/v7.42.0/i/elements/flags/ita.svg,R16,W,"6-0, 6-1",https://www.wtatennis.com/players/20458/alberta-brianti,False,False,False,False,False,False,False,2,True,13,12,1,1,IT,ITA,380,150,Europe,Southern Europe,ITA,"6,0,None|6,1,None",,
5,Bgl Bnp Paribas Luxembourg Open,,https://www.wtatennis.com/tournaments/300/luxembourg/2011,International,Hard,https://www.wtatennis.com/resources/v7.42.0/i/elements/250k-tag.svg,2011-10-17,2011-10-23,2011,10,Luxembourg,CZE,,LU,LUX,442,150,,Europe,Western Europe,LUX,44.0,280.0,37000.0,32M/32Q/16D,Bgl Bnp Paribas Luxembourg Open,,82,5,16.4,10,2.0,Barbora Strycova,,https://www.wtatennis.com/resources/v7.42.0/i/elements/flags/cze.svg,R32,W,"6-2, 6-4",https://www.wtatennis.com/players/190879/barbora-strycova,False,False,False,False,False,False,False,2,True,18,12,6,1,CZ,CZE,203,150,Europe,Central Europe,CZE,"6,2,None|6,4,None",,
1,China Open,,https://www.wtatennis.com/tournaments/1020/beijing/2011,Premier Mandatory,Hard,https://www.wtatennis.com/resources/v7.42.0/i/elements/1000k-tag.svg,2011-10-01,2011-10-09,2011,10,,RUS,,CN,CHN,156,142,,Asia,East Asia,CHN,16.0,140.0,37225.0,64M/32Q/32D,China Open,,22,1,22.0,2,2.0,Anastasia Pavlyuchenkova,13.0,https://www.wtatennis.com/resources/v7.42.0/i/elements/flags/rus.svg,R16,L,Walkover,https://www.wtatennis.com/players/313796/anastasia-pavlyuchenkova,False,True,False,False,False,False,False,0,False,0,0,0,0,RU,RUS,643,150,Europe,Eastern Europe,RUS,,,
2,China Open,,https://www.wtatennis.com/tournaments/1020/beijing/2011,Premier Mandatory,Hard,https://www.wtatennis.com/resources/v7.42.0/i/elements/1000k-tag.svg,2011-10-01,2011-10-09,2011,10,,SLO,,CN,CHN,156,142,,Asia,East Asia,CHN,35.0,140.0,37225.0,64M/32Q/32D,China Open,,22,1,22.0,2,2.0,Polona Hercog,,https://www.wtatennis.com/resources/v7.42.0/i/elements/flags/slo.svg,R32,W,"7-6 (8), 6-3",https://www.wtatennis.com/players/313968/polona-hercog,False,False,False,True,False,False,True,2,True,22,13,9,1,,,,,,,SLO,"7,6,8|6,3,None",,
3,China Open,,https://www.wtatennis.com/tournaments/1020/beijing/2011,Premier Mandatory,Hard,https://www.wtatennis.com/resources/v7.42.0/i/elements/1000k-tag.svg,2011-10-01,2011-10-09,2011,10,,,,CN,CHN,156,142,,Asia,East Asia,CHN,,140.0,37225.0,64M/32Q/32D,China Open,,22,1,22.0,2,2.0,,,,R64,,Bye,,False,False,True,False,False,False,False,0,False,0,0,0,0,,,,,,,,,,
1,Toray Pan Pacific Open,,https://www.wtatennis.com/tournaments/1056/tokyo/2011,Premier 5,Hard,https://www.wtatennis.com/resources/v7.42.0/i/elements/1000k-tag.svg,2011-09-25,2011-10-01,2011,9,,POL,,JP,JPN,392,142,,Asia,East Asia,JPN,13.0,395.0,90000.0,64M/32Q/16D,Toray Pan Pacific Open,,82,4,20.5,9,2.25,Agnieszka Radwanska,9.0,https://www.wtatennis.com/resources/v7.42.0/i/elements/flags/pol.svg,SF,L,"3-6, 6-4, 2-6",https://www.wtatennis.com/players/312251/agnieszka-radwanska,False,False,False,False,False,False,False,3,False,27,11,16,0,PL,POL,616,150,Europe,Central Europe,POL,"3,6,None|6,4,None|2,6,None",,
2,Toray Pan Pacific Open,,https://www.wtatennis.com/tournaments/1056/tokyo/2011,Premier 5,Hard,https://www.wtatennis.com/resources/v7.42.0/i/elements/1000k-tag.svg,2011-09-25,2011-10-01,2011,9,,FRA,,JP,JPN,392,142,,Asia,East Asia,JPN,10.0,395.0,90000.0,64M/32Q/16D,Toray Pan Pacific Open,,82,4,20.5,9,2.25,Marion Bartoli,7.0,https://www.wtatennis.com/resources/v7.42.0/i/elements/flags/fra.svg,QF,W,"7-5, 6-0",https://www.wtatennis.com/players/20631/marion-bartoli,False,False,False,False,False,False,False,2,True,18,13,5,1,FR,FRA,250,150,Europe,Western Europe,FRA,"7,5,None|6,0,None",,
3,Toray Pan Pacific Open,,https://www.wtatennis.com/tournaments/1056/tokyo/2011,Premier 5,Hard,https://www.wtatennis.com/resources/v7.42.0/i/elements/1000k-tag.svg,2011-09-25,2011-10-01,2011,9,,CZE,,JP,JPN,392,142,,Asia,East Asia,JPN,48.0,395.0,90000.0,64M/32Q/16D,Toray Pan Pacific Open,,82,4,20.5,9,2.25,Klara Koukalova,,https://www.wtatennis.com/resources/v7.42.0/i/elements/flags/cze.svg,R16,W,"6-3, 7-5",https://www.wtatennis.com/players/110492/klara-koukalova,False,False,False,False,False,False,False,2,True,21,13,8,1,CZ,CZE,203,150,Europe,Central Europe,CZE,"6,3,None|7,5,None",,
4,Toray Pan Pacific Open,,https://www.wtatennis.com/tournaments/1056/tokyo/2011,Premier 5,Hard,https://www.wtatennis.com/resources/v7.42.0/i/elements/1000k-tag.svg,2011-09-25,2011-10-01,2011,9,,ROU,,JP,JPN,392,142,,Asia,East Asia,JPN,38.0,395.0,90000.0,64M/32Q/16D,Toray Pan Pacific Open,,82,4,20.5,9,2.25,Irina-Camelia Begu,,https://www.wtatennis.com/resources/v7.42.0/i/elements/flags/rou.svg,R32,W,"6-1, 6-3",https://www.wtatennis.com/players/313169/irina-camelia-begu,False,False,False,False,False,False,False,2,True,16,12,4,1,RO,ROU,642,150,Europe,Southeastern Europe,ROU,"6,1,None|6,3,None",,
5,Toray Pan Pacific Open,,https://www.wtatennis.com/tournaments/1056/tokyo/2011,Premier 5,Hard,https://www.wtatennis.com/resources/v7.42.0/i/elements/1000k-tag.svg,2011-09-25,2011-10-01,2011,9,,,,JP,JPN,392,142,,Asia,East Asia,JPN,,395.0,90000.0,64M/32Q/16D,Toray Pan Pacific Open,,82,4,20.5,9,2.25,,,,R64,,Bye,,False,False,True,False,False,False,False,0,False,0,0,0,0,,,,,,,,,,
1,Flushing Meadows,https://photoresources.wtatennis.com/photo-resources/2026/04/16/8d0a3d41-7b45-434b-a75b-b7d2eb0922b4/WTA-Tournament_US-Open.png?height=128,https://www.wtatennis.com/tournaments/905/us-open/2011,Grand Slam,Hard,https://www.wtatennis.com/resources/v7.42.0/i/elements/gs-tag.svg,2011-08-29,2011-09-11,2011,8,,USA,,US,USA,840,019,United States of America|America|USA|US,America,Northern America,USA,27.0,160.0,53723.0,128M/128Q/64D,Flushing Meadows,,55,3,18.333333333333332,6,2.0,Serena Williams,28.0,https://www.wtatennis.com/resources/v7.42.0/i/elements/flags/usa.svg,R32,L,"1-6, 6-7 (5)",https://www.wtatennis.com/players/230234/serena-williams,False,False,False,False,True,False,True,2,False,20,7,13,0,US,USA,840,019,America,Northern America,USA,"1,6,None|6,7,5",,
2,Flushing Meadows,https://photoresources.wtatennis.com/photo-resources/2026/04/16/8d0a3d41-7b45-434b-a75b-b7d2eb0922b4/WTA-Tournament_US-Open.png?height=128,https://www.wtatennis.com/tournaments/905/us-open/2011,Grand Slam,Hard,https://www.wtatennis.com/resources/v7.42.0/i/elements/gs-tag.svg,2011-08-29,2011-09-11,2011,8,,ARG,,US,USA,840,019,,America,Northern America,USA,57.0,160.0,53723.0,128M/128Q/64D,Flushing Meadows,,55,3,18.333333333333332,6,2.0,Gisela Dulko,,https://www.wtatennis.com/resources/v7.42.0/i/elements/flags/arg.svg,R64,W,"6-4, 6-3",https://www.wtatennis.com/players/40388/gisela-dulko,False,False,False,False,False,False,False,2,True,19,12,7,1,AR,ARG,032,019,America,Southern South America,ARG,"6,4,None|6,3,None",,
3,Flushing Meadows,https://photoresources.wtatennis.com/photo-resources/2026/04/16/8d0a3d41-7b45-434b-a75b-b7d2eb0922b4/WTA-Tournament_US-Open.png?height=128,https://www.wtatennis.com/tournaments/905/us-open/2011,Grand Slam,Hard,https://www.wtatennis.com/resources/v7.42.0/i/elements/gs-tag.svg,2011-08-29,2011-09-11,2011,8,,SWE,,US,USA,840,019,,America,Northern America,USA,60.0,160.0,53723.0,128M/128Q/64D,Flushing Meadows,,55,3,18.333333333333332,6,2.0,Johanna Larsson,,https://www.wtatennis.com/resources/v7.42.0/i/elements/flags/swe.svg,R128,W,"6-1, 6-3",https://www.wtatennis.com/players/311593/johanna-larsson,False,False,False,False,False,False,False,2,True,16,12,4,1,SE,SWE,752,150,Europe,Northern Europe,SWE,"6,1,None|6,3,None",,
1,Rogers Cup,,https://www.wtatennis.com/tournaments/806/montreal/2011,Premier 5,Hard,https://www.wtatennis.com/resources/v7.42.0/i/elements/1000k-tag.svg,2011-08-08,2011-08-14,2011,8,,USA,,CA,CAN,124,019,United States of America|America|USA|US,America,Northern America,CAN,80.0,395.0,90000.0,64M/64Q/32D,Rogers Cup,,60,4,15.0,8,2.0,Serena Williams,,https://www.wtatennis.com/resources/v7.42.0/i/elements/flags/usa.svg,SF,L,"3-6, 3-6",https://www.wtatennis.com/players/230234/serena-williams,False,False,False,False,False,False,False,2,False,18,6,12,0,US,USA,840,019,America,Northern America,USA,"3,6,None|3,6,None",,
2,Rogers Cup,,https://www.wtatennis.com/tournaments/806/montreal/2011,Premier 5,Hard,https://www.wtatennis.com/resources/v7.42.0/i/elements/1000k-tag.svg,2011-08-08,2011-08-14,2011,8,,KAZ,,CA,CAN,124,019,,America,Northern America,CAN,135.0,395.0,90000.0,64M/64Q/32D,Rogers Cup,,60,4,15.0,8,2.0,Galina Voskoboeva,,https://www.wtatennis.com/resources/v7.42.0/i/elements/flags/kaz.svg,QF,W,"6-1, 6-2",https://www.wtatennis.com/players/310419/galina-voskoboeva,False,False,False,False,False,False,False,2,True,15,12,3,1,KZ,KAZ,398,142,Asia,Central Asia,KAZ,"6,1,None|6,2,None",,
3,Rogers Cup,,https://www.wtatennis.com/tournaments/806/montreal/2011,Premier 5,Hard,https://www.wtatennis.com/resources/v7.42.0/i/elements/1000k-tag.svg,2011-08-08,2011-08-14,2011,8,,ESP,,CA,CAN,124,019,Kingdom of Spain,America,Northern America,CAN,37.0,395.0,90000.0,64M/64Q/32D,Rogers Cup,,60,4,15.0,8,2.0,Maria Jose  Martinez Sanchez,,https://www.wtatennis.com/resources/v7.42.0/i/elements/flags/esp.svg,R16,W,"6-1, 6-2",https://www.wtatennis.com/players/130591/maria-jose-martinez-sanchez,False,False,False,False,False,False,False,2,True,15,12,3,1,ES,ESP,724,150,Europe,Southern Europe,ESP,"6,1,None|6,2,None",,
4,Rogers Cup,,https://www.wtatennis.com/tournaments/806/montreal/2011,Premier 5,Hard,https://www.wtatennis.com/resources/v7.42.0/i/elements/1000k-tag.svg,2011-08-08,2011-08-14,2011,8,,CAN,,CA,CAN,124,019,,America,Northern America,CAN,108.0,395.0,90000.0,64M/64Q/32D,Rogers Cup,,60,4,15.0,8,2.0,Stéphanie Dubois,,https://www.wtatennis.com/resources/v7.42.0/i/elements/flags/can.svg,R32,W,"6-0, 6-0",https://www.wtatennis.com/players/310290/st-phanie-dubois,False,False,False,False,False,False,False,2,True,12,12,0,1,CA,CAN,124,019,America,Northern America,CAN,"6,0,None|6,0,None",,
5,Rogers Cup,,https://www.wtatennis.com/tournaments/806/montreal/2011,Premier 5,Hard,https://www.wtatennis.com/resources/v7.42.0/i/elements/1000k-tag.svg,2011-08-08,2011-08-14,2011,8,,,,CA,CAN,124,019,,America,Northern America,CAN,,395.0,90000.0,64M/64Q/32D,Rogers Cup,,60,4,15.0,8,2.0,,,,R64,,Bye,,False,False,True,False,False,False,False,0,False,0,0,0,0,,,,,,,,,,
1,Bank Of The West Classic,,https://www.wtatennis.com/tournaments/703/san-jose/2011,Premier,Hard,https://www.wtatennis.com/resources/v7.42.0/i/elements/500k-tag.svg,2011-07-25,2011-07-31,2011,7,,NZL,,US,USA,840,019,,America,Northern America,USA,121.0,1.0,9525.0,32M/32Q/16D,Bank Of The West Classic,,30,1,30.0,3,3.0,Marina Erakovic,,https://www.wtatennis.com/resources/v7.42.0/i/elements/flags/nzl.svg,R16,L,"6-4, 5-7, 2-6",https://www.wtatennis.com/players/312086/marina-erakovic,False,False,False,False,False,False,False,3,True,30,13,17,0,NZ,NZL,554,009,Oceania,Australasia,NZL,"6,4,None|5,7,None|2,6,None",,
2,Bank Of The West Classic,,https://www.wtatennis.com/tournaments/703/san-jose/2011,Premier,Hard,https://www.wtatennis.com/resources/v7.42.0/i/elements/500k-tag.svg,2011-07-25,2011-07-31,2011,7,,,,US,USA,840,019,,America,Northern America,USA,,1.0,9525.0,32M/32Q/16D,Bank Of The West Classic,,30,1,30.0,3,3.0,,,,R32,,Bye,,False,False,True,False,False,False,False,0,False,0,0,0,0,,,,,,,,,,
1,Wimbledon,https://photoresources.wtatennis.com/photo-resources/2026/04/16/d29814e6-6e80-4015-b680-9a7f3cb065c3/WTA-Tournament_Wimbledon.png?height=128,https://www.wtatennis.com/tournaments/904/wimbledon/2011,Grand Slam,Grass,https://www.wtatennis.com/resources/v7.42.0/i/elements/gs-tag.svg,2011-06-20,2011-07-02,2011,6,,CZE,,GB,GBR,826,150,,Europe,Northern Europe,ENG,8.0,900.0,440000.0,128M/128Q/64D,The Championships,,112,6,18.666666666666668,14,2.3333333333333335,Petra Kvitova,8.0,https://www.wtatennis.com/resources/v7.42.0/i/elements/flags/cze.svg,SF,L,"1-6, 6-3, 2-6",https://www.wtatennis.com/players/314206/petra-kvitova,False,False,False,False,False,False,False,3,False,24,9,15,0,CZ,CZE,203,150,Europe,Central Europe,CZE,"1,6,None|6,3,None|2,6,None",,
2,Wimbledon,https://photoresources.wtatennis.com/photo-resources/2026/04/16/d29814e6-6e80-4015-b680-9a7f3cb065c3/WTA-Tournament_Wimbledon.png?height=128,https://www.wtatennis.com/tournaments/904/wimbledon/2011,Grand Slam,Grass,https://www.wtatennis.com/resources/v7.42.0/i/elements/gs-tag.svg,2011-06-20,2011-07-02,2011,6,,AUT,,GB,GBR,826,150,,Europe,Northern Europe,ENG,80.0,900.0,440000.0,128M/128Q/64D,The Championships,,112,6,18.666666666666668,14,2.3333333333333335,Tamira Paszek,,https://www.wtatennis.com/resources/v7.42.0/i/elements/flags/aut.svg,QF,W,"6-3, 6-1",https://www.wtatennis.com/players/313035/tamira-paszek,False,False,False,False,False,False,False,2,True,16,12,4,1,AT,AUT,040,150,Europe,Central Europe,AUT,"6,3,None|6,1,None",,
3,Wimbledon,https://photoresources.wtatennis.com/photo-resources/2026/04/16/d29814e6-6e80-4015-b680-9a7f3cb065c3/WTA-Tournament_Wimbledon.png?height=128,https://www.wtatennis.com/tournaments/904/wimbledon/2011,Grand Slam,Grass,https://www.wtatennis.com/resources/v7.42.0/i/elements/gs-tag.svg,2011-06-20,2011-07-02,2011,6,,RUS,,GB,GBR,826,150,,Europe,Northern Europe,ENG,37.0,900.0,440000.0,128M/128Q/64D,The Championships,,112,6,18.666666666666668,14,2.3333333333333335,Nadia Petrova,,https://www.wtatennis.com/resources/v7.42.0/i/elements/flags/rus.svg,R16,W,"6-2, 6-2",https://www.wtatennis.com/players/160379/nadia-petrova,False,False,False,False,False,False,False,2,True,16,12,4,1,RU,RUS,643,150,Europe,Eastern Europe,RUS,"6,2,None|6,2,None",,
4,Wimbledon,https://photoresources.wtatennis.com/photo-resources/2026/04/16/d29814e6-6e80-4015-b680-9a7f3cb065c3/WTA-Tournament_Wimbledon.png?height=128,https://www.wtatennis.com/tournaments/904/wimbledon/2011,Grand Slam,Grass,https://www.wtatennis.com/resources/v7.42.0/i/elements/gs-tag.svg,2011-06-20,2011-07-02,2011,6,,SVK,,GB,GBR,826,150,,Europe,Northern Europe,ENG,23.0,900.0,440000.0,128M/128Q/64D,The Championships,,112,6,18.666666666666668,14,2.3333333333333335,Daniela Hantuchova,25.0,https://www.wtatennis.com/resources/v7.42.0/i/elements/flags/svk.svg,R32,W,"6-3, 3-6, 6-2",https://www.wtatennis.com/players/80394/daniela-hantuchova,False,False,False,False,False,False,False,3,True,26,15,11,1,SK,SVK,703,150,Europe,Central Europe,SVK,"6,3,None|3,6,None|6,2,None",,
5,Wimbledon,https://photoresources.wtatennis.com/photo-resources/2026/04/16/d29814e6-6e80-4015-b680-9a7f3cb065c3/WTA-Tournament_Wimbledon.png?height=128,https://www.wtatennis.com/tournaments/904/wimbledon/2011,Grand Slam,Grass,https://www.wtatennis.com/resources/v7.42.0/i/elements/gs-tag.svg,2011-06-20,2011-07-02,2011,6,,CZE,,GB,GBR,826,150,,Europe,Northern Europe,ENG,53.0,900.0,440000.0,128M/128Q/64D,The Championships,,112,6,18.666666666666668,14,2.3333333333333335,Iveta Melzer,,https://www.wtatennis.com/resources/v7.42.0/i/elements/flags/cze.svg,R64,W,"6-0, 6-3",https://www.wtatennis.com/players/20576/iveta-melzer,False,False,False,False,False,False,False,2,True,15,12,3,1,CZ,CZE,203,150,Europe,Central Europe,CZE,"6,0,None|6,3,None",,
6,Wimbledon,https://photoresources.wtatennis.com/photo-resources/2026/04/16/d29814e6-6e80-4015-b680-9a7f3cb065c3/WTA-Tournament_Wimbledon.png?height=128,https://www.wtatennis.com/tournaments/904/wimbledon/2011,Grand Slam,Grass,https://www.wtatennis.com/resources/v7.42.0/i/elements/gs-tag.svg,2011-06-20,2011-07-02,2011,6,,SVK,,GB,GBR,826,150,,Europe,Northern Europe,ENG,66.0,900.0,440000.0,128M/128Q/64D,The Championships,,112,6,18.666666666666668,14,2.3333333333333335,Magdalena Rybarikova,,https://www.wtatennis.com/resources/v7.42.0/i/elements/flags/svk.svg,R128,W,"6-4, 3-2",https://www.wtatennis.com/players/312580/magdalena-rybarikova,True,False,False,False,False,False,False,2,True,15,9,6,1,SK,SVK,703,150,Europe,Central Europe,SVK,"6,4,None|3,2,None|Ret",,
1,Eastbourne International,,https://www.wtatennis.com/tournaments/710/eastbourne/2011,WTA 250,Grass,https://www.wtatennis.com/resources/v7.42.0/i/elements/250k-tag.svg,2011-06-13,2011-06-18,2011,6,,FRA,,GB,GBR,826,150,,Europe,Northern Europe,ENG,9.0,120.0,15300.0,32M/32Q/16D,Aegon International,,53,3,17.666666666666668,6,2.0,Marion Bartoli,6.0,https://www.wtatennis.com/resources/v7.42.0/i/elements/flags/fra.svg,QF,L,"2-6, 0-2",https://www.wtatennis.com/players/20631/marion-bartoli,True,False,False,False,False,False,False,2,False,10,2,8,0,FR,FRA,250,150,Europe,Western Europe,FRA,"2,6,None|0,2,None|Ret",,
2,Eastbourne International,,https://www.wtatennis.com/tournaments/710/eastbourne/2011,WTA 250,Grass,https://www.wtatennis.com/resources/v7.42.0/i/elements/250k-tag.svg,2011-06-13,2011-06-18,2011,6,,GBR,,GB,GBR,826,150,Britain|UK|Great Britain|United Kingdom,Europe,Northern Europe,ENG,61.0,120.0,15300.0,32M/32Q/16D,Aegon International,,53,3,17.666666666666668,6,2.0,Elena Baltacha,,https://www.wtatennis.com/resources/v7.42.0/i/elements/flags/gbr.svg,R16,W,"6-1, 7-6 (0)",https://www.wtatennis.com/players/20556/elena-baltacha,False,False,False,False,True,False,True,2,True,20,13,7,1,GB,GBR,826,150,Europe,Northern Europe,ENG,"6,1,None|7,6,0",,
3,Eastbourne International,,https://www.wtatennis.com/tournaments/710/eastbourne/2011,WTA 250,Grass,https://www.wtatennis.com/resources/v7.42.0/i/elements/250k-tag.svg,2011-06-13,2011-06-18,2011,6,,CHN,,GB,GBR,826,150,,Europe,Northern Europe,ENG,20.0,120.0,15300.0,32M/32Q/16D,Aegon International,,53,3,17.666666666666668,6,2.0,Shuai Peng,,https://www.wtatennis.com/resources/v7.42.0/i/elements/flags/chn.svg,R32,W,"6-4, 7-6 (2)",https://www.wtatennis.com/players/160471/shuai-peng,False,False,False,False,True,False,True,2,True,23,13,10,1,CN,CHN,156,142,Asia,East Asia,CHN,"6,4,None|7,6,2",,
1,Roland Garros,,https://www.wtatennis.com/tournaments/903/roland-garros/2011,Grand Slam,Clay,https://www.wtatennis.com/resources/v7.42.0/i/elements/gs-tag.svg,2011-05-22,2011-06-04,2011,5,,CHN,,FR,FRA,250,150,,Europe,Western Europe,FRA,7.0,500.0,205847.0,128M/128Q/64D,Roland Garros,,85,5,17.0,10,2.0,Na Li,6.0,https://www.wtatennis.com/resources/v7.42.0/i/elements/flags/chn.svg,QF,L,"5-7, 2-6",https://www.wtatennis.com/players/120330/na-li,False,False,False,False,False,False,False,2,False,20,7,13,0,CN,CHN,156,142,Asia,East Asia,CHN,"5,7,None|2,6,None",,
2,Roland Garros,,https://www.wtatennis.com/tournaments/903/roland-garros/2011,Grand Slam,Clay,https://www.wtatennis.com/resources/v7.42.0/i/elements/gs-tag.svg,2011-05-22,2011-06-04,2011,5,,RUS,,FR,FRA,250,150,,Europe,Western Europe,FRA,33.0,500.0,205847.0,128M/128Q/64D,Roland Garros,,85,5,17.0,10,2.0,Ekaterina Makarova,,https://www.wtatennis.com/resources/v7.42.0/i/elements/flags/rus.svg,R16,W,"6-2, 6-3",https://www.wtatennis.com/players/311604/ekaterina-makarova,False,False,False,False,False,False,False,2,True,17,12,5,1,RU,RUS,643,150,Europe,Eastern Europe,RUS,"6,2,None|6,3,None",,
3,Roland Garros,,https://www.wtatennis.com/tournaments/903/roland-garros/2011,Grand Slam,Clay,https://www.wtatennis.com/resources/v7.42.0/i/elements/gs-tag.svg,2011-05-22,2011-06-04,2011,5,,ITA,,FR,FRA,250,150,,Europe,Western Europe,FRA,31.0,500.0,205847.0,128M/128Q/64D,Roland Garros,,85,5,17.0,10,2.0,Roberta Vinci,30.0,https://www.wtatennis.com/resources/v7.42.0/i/elements/flags/ita.svg,R32,W,"6-3, 6-2",https://www.wtatennis.com/players/220214/roberta-vinci,False,False,False,False,False,False,False,2,True,17,12,5,1,IT,ITA,380,150,Europe,Southern Europe,ITA,"6,3,None|6,2,None",,
4,Roland Garros,,https://www.wtatennis.com/tournaments/903/roland-garros/2011,Grand Slam,Clay,https://www.wtatennis.com/resources/v7.42.0/i/elements/gs-tag.svg,2011-05-22,2011-06-04,2011,5,,FRA,,FR,FRA,250,150,,Europe,Western Europe,FRA,105.0,500.0,205847.0,128M/128Q/64D,Roland Garros,,85,5,17.0,10,2.0,Pauline Parmentier,,https://www.wtatennis.com/resources/v7.42.0/i/elements/flags/fra.svg,R64,W,"6-0, 6-1",https://www.wtatennis.com/players/160515/pauline-parmentier,False,False,False,False,False,False,False,2,True,13,12,1,1,FR,FRA,250,150,Europe,Western Europe,FRA,"6,0,None|6,1,None",,
5,Roland Garros,,https://www.wtatennis.com/tournaments/903/roland-garros/2011,Grand Slam,Clay,https://www.wtatennis.com/resources/v7.42.0/i/elements/gs-tag.svg,2011-05-22,2011-06-04,2011,5,,CZE,,FR,FRA,250,150,,Europe,Western Europe,FRA,97.0,500.0,205847.0,128M/128Q/64D,Roland Garros,,85,5,17.0,10,2.0,Andrea  Sestini Hlavackova,,https://www.wtatennis.com/resources/v7.42.0/i/elements/flags/cze.svg,R128,W,"6-3, 6-3",https://www.wtatennis.com/players/80459/andrea-sestini-hlavackova,False,False,False,False,False,False,False,2,True,18,12,6,1,CZ,CZE,203,150,Europe,Central Europe,CZE,"6,3,None|6,3,None",,
1,Internazionali Bnl D'Italia,,https://www.wtatennis.com/tournaments/709/rome/2011,Premier 5,Clay,https://www.wtatennis.com/resources/v7.42.0/i/elements/1000k-tag.svg,2011-05-09,2011-05-15,2011,5,,RUS,,IT,ITA,380,150,,Europe,Southern Europe,ITA,8.0,225.0,41450.0,64M/32Q/32D,Internazionali Bnl D'Italia,,56,3,18.666666666666668,7,2.3333333333333335,Maria Sharapova,7.0,https://www.wtatennis.com/resources/v7.42.0/i/elements/flags/rus.svg,QF,L,"6-4, 0-3",https://www.wtatennis.com/players/310137/maria-sharapova,True,False,False,False,False,False,False,2,True,13,6,7,0,RU,RUS,643,150,Europe,Eastern Europe,RUS,"6,4,None|0,3,None|Ret",,
2,Internazionali Bnl D'Italia,,https://www.wtatennis.com/tournaments/709/rome/2011,Premier 5,Clay,https://www.wtatennis.com/resources/v7.42.0/i/elements/1000k-tag.svg,2011-05-09,2011-05-15,2011,5,,RUS,,IT,ITA,380,150,,Europe,Southern Europe,ITA,16.0,225.0,41450.0,64M/32Q/32D,Internazionali Bnl D'Italia,,56,3,18.666666666666668,7,2.3333333333333335,Anastasia Pavlyuchenkova,16.0,https://www.wtatennis.com/resources/v7.42.0/i/elements/flags/rus.svg,R16,W,"6-4, 4-6, 6-2",https://www.wtatennis.com/players/313796/anastasia-pavlyuchenkova,False,False,False,False,False,False,False,3,True,28,16,12,1,RU,RUS,643,150,Europe,Eastern Europe,RUS,"6,4,None|4,6,None|6,2,None",,
3,Internazionali Bnl D'Italia,,https://www.wtatennis.com/tournaments/709/rome/2011,Premier 5,Clay,https://www.wtatennis.com/resources/v7.42.0/i/elements/1000k-tag.svg,2011-05-09,2011-05-15,2011,5,,ITA,,IT,ITA,380,150,,Europe,Southern Europe,ITA,39.0,225.0,41450.0,64M/32Q/32D,Internazionali Bnl D'Italia,,56,3,18.666666666666668,7,2.3333333333333335,Sara Errani,,https://www.wtatennis.com/resources/v7.42.0/i/elements/flags/ita.svg,R32,W,"6-1, 6-2",https://www.wtatennis.com/players/310761/sara-errani,False,False,False,False,False,False,False,2,True,15,12,3,1,IT,ITA,380,150,Europe,Southern Europe,ITA,"6,1,None|6,2,None",,
4,Internazionali Bnl D'Italia,,https://www.wtatennis.com/tournaments/709/rome/2011,Premier 5,Clay,https://www.wtatennis.com/resources/v7.42.0/i/elements/1000k-tag.svg,2011-05-09,2011-05-15,2011,5,,,,IT,ITA,380,150,,Europe,Southern Europe,ITA,,225.0,41450.0,64M/32Q/32D,Internazionali Bnl D'Italia,,56,3,18.666666666666668,7,2.3333333333333335,,,,R64,,Bye,,False,False,True,False,False,False,False,0,False,0,0,0,0,,,,,,,,,,
1,2011 Mutua Madrid Open,,https://www.wtatennis.com/tournaments/1038/madrid/2011,Premier Mandatory,Clay,https://www.wtatennis.com/resources/v7.42.0/i/elements/1000k-tag.svg,2011-04-30,2011-05-08,2011,4,,CZE,,ES,ESP,724,150,,Europe,Southern Europe,ESP,18.0,700.0,434194.0,64M/32Q/32D,2011 Mutua Madrid Open,,108,6,18.0,13,2.1666666666666665,Petra Kvitova,16.0,https://www.wtatennis.com/resources/v7.42.0/i/elements/flags/cze.svg,F,L,"6-7 (3), 4-6",https://www.wtatennis.com/players/314206/petra-kvitova,False,False,False,True,False,False,True,2,False,23,10,13,0,CZ,CZE,203,150,Europe,Central Europe,CZE,"6,7,3|4,6,None",,
2,2011 Mutua Madrid Open,,https://www.wtatennis.com/tournaments/1038/madrid/2011,Premier Mandatory,Clay,https://www.wtatennis.com/resources/v7.42.0/i/elements/1000k-tag.svg,2011-04-30,2011-05-08,2011,4,,GER,,ES,ESP,724,150,,Europe,Southern Europe,ESP,27.0,700.0,434194.0,64M/32Q/32D,2011 Mutua Madrid Open,,108,6,18.0,13,2.1666666666666665,Julia Goerges,,https://www.wtatennis.com/resources/v7.42.0/i/elements/flags/ger.svg,SF,W,"6-4, 6-2",https://www.wtatennis.com/players/313381/julia-goerges,False,False,False,False,False,False,False,2,True,18,12,6,1,DE,DEU,276,150,Europe,Central Europe,GER,"6,4,None|6,2,None",,
3,2011 Mutua Madrid Open,,https://www.wtatennis.com/tournaments/1038/madrid/2011,Premier Mandatory,Clay,https://www.wtatennis.com/resources/v7.42.0/i/elements/1000k-tag.svg,2011-04-30,2011-05-08,2011,4,,CZE,,ES,ESP,724,150,,Europe,Southern Europe,ESP,32.0,700.0,434194.0,64M/32Q/32D,2011 Mutua Madrid Open,,108,6,18.0,13,2.1666666666666665,Lucie Safarova,,https://www.wtatennis.com/resources/v7.42.0/i/elements/flags/cze.svg,QF,W,"6-3, 3-6, 6-2",https://www.wtatennis.com/players/310553/lucie-safarova,False,False,False,False,False,False,False,3,True,26,15,11,1,CZ,CZE,203,150,Europe,Central Europe,CZE,"6,3,None|3,6,None|6,2,None",,
4,2011 Mutua Madrid Open,,https://www.wtatennis.com/tournaments/1038/madrid/2011,Premier Mandatory,Clay,https://www.wtatennis.com/resources/v7.42.0/i/elements/1000k-tag.svg,2011-04-30,2011-05-08,2011,4,,ESP,,ES,ESP,724,150,Kingdom of Spain,Europe,Southern Europe,ESP,70.0,700.0,434194.0,64M/32Q/32D,2011 Mutua Madrid Open,,108,6,18.0,13,2.1666666666666665,Arantxa  Parra Santonja,,https://www.wtatennis.com/resources/v7.42.0/i/elements/flags/esp.svg,R16,W,"6-0, 6-3",https://www.wtatennis.com/players/160451/arantxa-parra-santonja,False,False,False,False,False,False,False,2,True,15,12,3,1,ES,ESP,724,150,Europe,Southern Europe,ESP,"6,0,None|6,3,None",,
5,2011 Mutua Madrid Open,,https://www.wtatennis.com/tournaments/1038/madrid/2011,Premier Mandatory,Clay,https://www.wtatennis.com/resources/v7.42.0/i/elements/1000k-tag.svg,2011-04-30,2011-05-08,2011,4,,SWE,,ES,ESP,724,150,,Europe,Southern Europe,ESP,90.0,700.0,434194.0,64M/32Q/32D,2011 Mutua Madrid Open,,108,6,18.0,13,2.1666666666666665,Sofia Arvidsson,,https://www.wtatennis.com/resources/v7.42.0/i/elements/flags/swe.svg,R32,W,"6-1, 6-1",https://www.wtatennis.com/players/10334/sofia-arvidsson,False,False,False,False,False,False,False,2,True,14,12,2,1,SE,SWE,752,150,Europe,Northern Europe,SWE,"6,1,None|6,1,None",,
6,2011 Mutua Madrid Open,,https://www.wtatennis.com/tournaments/1038/madrid/2011,Premier Mandatory,Clay,https://www.wtatennis.com/resources/v7.42.0/i/elements/1000k-tag.svg,2011-04-30,2011-05-08,2011,4,,RUS,,ES,ESP,724,150,,Europe,Southern Europe,ESP,59.0,700.0,434194.0,64M/32Q/32D,2011 Mutua Madrid Open,,108,6,18.0,13,2.1666666666666665,Vera Dushevina,,https://www.wtatennis.com/resources/v7.42.0/i/elements/flags/rus.svg,R64,W,"6-0, 6-0",https://www.wtatennis.com/players/310625/vera-dushevina,False,False,False,False,False,False,False,2,True,12,12,0,1,RU,RUS,643,150,Europe,Eastern Europe,RUS,"6,0,None|6,0,None",,
1,Porsche Tennis Grand Prix,,https://www.wtatennis.com/tournaments/1051/stuttgart/2011,Premier,Clay,https://www.wtatennis.com/resources/v7.42.0/i/elements/500k-tag.svg,2011-04-18,2011-04-24,2011,4,,GER,,DE,DEU,276,150,,Europe,Central Europe,GER,32.0,1.0,9525.0,32M/32Q/16D,Porsche Tennis Grand Prix,,10,1,10.0,1,1.0,Julia Goerges,,https://www.wtatennis.com/resources/v7.42.0/i/elements/flags/ger.svg,R16,L,6-4,https://www.wtatennis.com/players/313381/julia-goerges,True,False,False,False,False,False,False,1,True,10,6,4,0,DE,DEU,276,150,Europe,Central Europe,GER,"6,4,None|Ret",,
2,Porsche Tennis Grand Prix,,https://www.wtatennis.com/tournaments/1051/stuttgart/2011,Premier,Clay,https://www.wtatennis.com/resources/v7.42.0/i/elements/500k-tag.svg,2011-04-18,2011-04-24,2011,4,,,,DE,DEU,276,150,,Europe,Central Europe,GER,,1.0,9525.0,32M/32Q/16D,Porsche Tennis Grand Prix,,10,1,10.0,1,1.0,,,,R32,,Bye,,False,False,True,False,False,False,False,0,False,0,0,0,0,,,,,,,,,,
1,Andalucia Tennis Experience,,https://www.wtatennis.com/tournaments/1040/marbella/2011,International,Clay,https://www.wtatennis.com/resources/v7.42.0/i/elements/250k-tag.svg,2011-04-04,2011-04-10,2011,4,,ROU,,ES,ESP,724,150,,Europe,Southern Europe,ESP,138.0,280.0,37000.0,32M/32Q/16D,Andalucia Tennis Experience,,72,5,14.4,9,1.8,Irina-Camelia Begu,,https://www.wtatennis.com/resources/v7.42.0/i/elements/flags/rou.svg,F,W,"6-3, 6-2",https://www.wtatennis.com/players/313169/irina-camelia-begu,False,False,False,False,False,False,False,2,True,17,12,5,1,RO,ROU,642,150,Europe,Southeastern Europe,ROU,"6,3,None|6,2,None",,
2,Andalucia Tennis Experience,,https://www.wtatennis.com/tournaments/1040/marbella/2011,International,Clay,https://www.wtatennis.com/resources/v7.42.0/i/elements/250k-tag.svg,2011-04-04,2011-04-10,2011,4,,ITA,,ES,ESP,724,150,,Europe,Southern Europe,ESP,43.0,280.0,37000.0,32M/32Q/16D,Andalucia Tennis Experience,,72,5,14.4,9,1.8,Sara Errani,8.0,https://www.wtatennis.com/resources/v7.42.0/i/elements/flags/ita.svg,SF,W,"6-2, 6-1",https://www.wtatennis.com/players/310761/sara-errani,False,False,False,False,False,False,False,2,True,15,12,3,1,IT,ITA,380,150,Europe,Southern Europe,ITA,"6,2,None|6,1,None",,
3,Andalucia Tennis Experience,,https://www.wtatennis.com/tournaments/1040/marbella/2011,International,Clay,https://www.wtatennis.com/resources/v7.42.0/i/elements/250k-tag.svg,2011-04-04,2011-04-10,2011,4,,RUS,,ES,ESP,724,150,,Europe,Southern Europe,ESP,81.0,280.0,37000.0,32M/32Q/16D,Andalucia Tennis Experience,,72,5,14.4,9,1.8,Dinara Safina,,https://www.wtatennis.com/resources/v7.42.0/i/elements/flags/rus.svg,QF,W,5-1,https://www.wtatennis.com/players/190950/dinara-safina,True,False,False,False,False,False,False,1,False,6,5,1,1,RU,RUS,643,150,Europe,Eastern Europe,RUS,"5,1,None|Ret",,
4,Andalucia Tennis Experience,,https://www.wtatennis.com/tournaments/1040/marbella/2011,International,Clay,https://www.wtatennis.com/resources/v7.42.0/i/elements/250k-tag.svg,2011-04-04,2011-04-10,2011,4,,ESP,,ES,ESP,724,150,Kingdom of Spain,Europe,Southern Europe,ESP,82.0,280.0,37000.0,32M/32Q/16D,Andalucia Tennis Experience,,72,5,14.4,9,1.8,Laura Pous-Tio,,https://www.wtatennis.com/resources/v7.42.0/i/elements/flags/esp.svg,R16,W,"6-3, 6-2",https://www.wtatennis.com/players/160481/laura-pous-tio,False,False,False,False,False,False,False,2,True,17,12,5,1,ES,ESP,724,150,Europe,Southern Europe,ESP,"6,3,None|6,2,None",,
5,Andalucia Tennis Experience,,https://www.wtatennis.com/tournaments/1040/marbella/2011,International,Clay,https://www.wtatennis.com/resources/v7.42.0/i/elements/250k-tag.svg,2011-04-04,2011-04-10,2011,4,,ESP,,ES,ESP,724,150,Kingdom of Spain,Europe,Southern Europe,ESP,65.0,280.0,37000.0,32M/32Q/16D,Andalucia Tennis Experience,,72,5,14.4,9,1.8,Arantxa  Parra Santonja,,https://www.wtatennis.com/resources/v7.42.0/i/elements/flags/esp.svg,R32,W,"6-2, 6-3",https://www.wtatennis.com/players/160451/arantxa-parra-santonja,False,False,False,False,False,False,False,2,True,17,12,5,1,ES,ESP,724,150,Europe,Southern Europe,ESP,"6,2,None|6,3,None",,
1,Sony Ericsson Open,https://photoresources.wtatennis.com/photo-resources/2026/04/16/e0f2d5a2-cc05-4b2a-8377-f57edf6eaaa2/WTA-Tournament_Miami-2024.png?height=128,https://www.wtatennis.com/tournaments/902/miami/2011,Premier Mandatory,Hard,https://www.wtatennis.com/resources/v7.42.0/i/elements/1000k-tag.svg,2011-03-22,2011-04-03,2011,3,,RUS,,US,USA,840,019,,America,Northern America,USA,13.0,1000.0,700000.0,128M/64Q/32D,Sony Ericsson Open,,132,6,22.0,15,2.5,Maria Sharapova,16.0,https://www.wtatennis.com/resources/v7.42.0/i/elements/flags/rus.svg,F,W,"6-1, 6-4",https://www.wtatennis.com/players/310137/maria-sharapova,False,False,False,False,False,False,False,2,True,17,12,5,1,RU,RUS,643,150,Europe,Eastern Europe,RUS,"6,1,None|6,4,None",,
2,Sony Ericsson Open,https://photoresources.wtatennis.com/photo-resources/2026/04/16/e0f2d5a2-cc05-4b2a-8377-f57edf6eaaa2/WTA-Tournament_Miami-2024.png?height=128,https://www.wtatennis.com/tournaments/902/miami/2011,Premier Mandatory,Hard,https://www.wtatennis.com/resources/v7.42.0/i/elements/1000k-tag.svg,2011-03-22,2011-04-03,2011,3,,RUS,,US,USA,840,019,,America,Northern America,USA,3.0,1000.0,700000.0,128M/64Q/32D,Sony Ericsson Open,,132,6,22.0,15,2.5,Vera Zvonareva,3.0,https://www.wtatennis.com/resources/v7.42.0/i/elements/flags/rus.svg,SF,W,"6-0, 6-3",https://www.wtatennis.com/players/260142/vera-zvonareva,False,False,False,False,False,False,False,2,True,15,12,3,1,RU,RUS,643,150,Europe,Eastern Europe,RUS,"6,0,None|6,3,None",,
3,Sony Ericsson Open,https://photoresources.wtatennis.com/photo-resources/2026/04/16/e0f2d5a2-cc05-4b2a-8377-f57edf6eaaa2/WTA-Tournament_Miami-2024.png?height=128,https://www.wtatennis.com/tournaments/902/miami/2011,Premier Mandatory,Hard,https://www.wtatennis.com/resources/v7.42.0/i/elements/1000k-tag.svg,2011-03-22,2011-04-03,2011,3,,BEL,,US,USA,840,019,,America,Northern America,USA,2.0,1000.0,700000.0,128M/64Q/32D,Sony Ericsson Open,,132,6,22.0,15,2.5,Kim Clijsters,2.0,https://www.wtatennis.com/resources/v7.42.0/i/elements/flags/bel.svg,QF,W,"6-3, 6-3",https://www.wtatennis.com/players/30458/kim-clijsters,False,False,False,False,False,False,False,2,True,18,12,6,1,BE,BEL,056,150,Europe,Western Europe,BEL,"6,3,None|6,3,None",,
4,Sony Ericsson Open,https://photoresources.wtatennis.com/photo-resources/2026/04/16/e0f2d5a2-cc05-4b2a-8377-f57edf6eaaa2/WTA-Tournament_Miami-2024.png?height=128,https://www.wtatennis.com/tournaments/902/miami/2011,Premier Mandatory,Hard,https://www.wtatennis.com/resources/v7.42.0/i/elements/1000k-tag.svg,2011-03-22,2011-04-03,2011,3,,RUS,,US,USA,840,019,,America,Northern America,USA,21.0,1000.0,700000.0,128M/64Q/32D,Sony Ericsson Open,,132,6,22.0,15,2.5,Anastasia Pavlyuchenkova,17.0,https://www.wtatennis.com/resources/v7.42.0/i/elements/flags/rus.svg,R16,W,"3-6, 6-1, 6-4",https://www.wtatennis.com/players/313796/anastasia-pavlyuchenkova,False,False,False,False,False,False,False,3,False,26,15,11,1,RU,RUS,643,150,Europe,Eastern Europe,RUS,"3,6,None|6,1,None|6,4,None",,
5,Sony Ericsson Open,https://photoresources.wtatennis.com/photo-resources/2026/04/16/e0f2d5a2-cc05-4b2a-8377-f57edf6eaaa2/WTA-Tournament_Miami-2024.png?height=128,https://www.wtatennis.com/tournaments/902/miami/2011,Premier Mandatory,Hard,https://www.wtatennis.com/resources/v7.42.0/i/elements/1000k-tag.svg,2011-03-22,2011-04-03,2011,3,,SVK,,US,USA,840,019,,America,Northern America,USA,25.0,1000.0,700000.0,128M/64Q/32D,Sony Ericsson Open,,132,6,22.0,15,2.5,Dominika Cibulkova,25.0,https://www.wtatennis.com/resources/v7.42.0/i/elements/flags/svk.svg,R32,W,"3-6, 6-3, 6-4",https://www.wtatennis.com/players/312894/dominika-cibulkova,False,False,False,False,False,False,False,3,False,28,15,13,1,SK,SVK,703,150,Europe,Central Europe,SVK,"3,6,None|6,3,None|6,4,None",,
6,Sony Ericsson Open,https://photoresources.wtatennis.com/photo-resources/2026/04/16/e0f2d5a2-cc05-4b2a-8377-f57edf6eaaa2/WTA-Tournament_Miami-2024.png?height=128,https://www.wtatennis.com/tournaments/902/miami/2011,Premier Mandatory,Hard,https://www.wtatennis.com/resources/v7.42.0/i/elements/1000k-tag.svg,2011-03-22,2011-04-03,2011,3,,CZE,,US,USA,840,019,,America,Northern America,USA,71.0,1000.0,700000.0,128M/64Q/32D,Sony Ericsson Open,,132,6,22.0,15,2.5,Lucie Hradecka,,https://www.wtatennis.com/resources/v7.42.0/i/elements/flags/cze.svg,R64,W,"7-5, 4-6, 6-0",https://www.wtatennis.com/players/310849/lucie-hradecka,False,False,False,False,False,False,False,3,True,28,17,11,1,CZ,CZE,203,150,Europe,Central Europe,CZE,"7,5,None|4,6,None|6,0,None",,
7,Sony Ericsson Open,https://photoresources.wtatennis.com/photo-resources/2026/04/16/e0f2d5a2-cc05-4b2a-8377-f57edf6eaaa2/WTA-Tournament_Miami-2024.png?height=128,https://www.wtatennis.com/tournaments/902/miami/2011,Premier Mandatory,Hard,https://www.wtatennis.com/resources/v7.42.0/i/elements/1000k-tag.svg,2011-03-22,2011-04-03,2011,3,,,,US,USA,840,019,,America,Northern America,USA,,1000.0,700000.0,128M/64Q/32D,Sony Ericsson Open,,132,6,22.0,15,2.5,,,,R128,,Bye,,False,False,True,False,False,False,False,0,False,0,0,0,0,,,,,,,,,,
1,Bnp Paribas Open,https://photoresources.wtatennis.com/photo-resources/2026/04/16/a1736320-dd92-4829-8aa8-846c2edef410/WTA-Tournament_Indian-Wells-2017.png?height=128,https://www.wtatennis.com/tournaments/609/indian-wells/2011,Premier Mandatory,Hard,https://www.wtatennis.com/resources/v7.42.0/i/elements/1000k-tag.svg,2011-03-09,2011-03-20,2011,3,,DEN,,US,USA,840,019,,America,Northern America,USA,1.0,250.0,64700.0,128M/64Q/32D,Bnp Paribas Open,,76,4,19.0,8,2.0,Caroline Wozniacki,1.0,https://www.wtatennis.com/resources/v7.42.0/i/elements/flags/den.svg,QF,L,0-3,https://www.wtatennis.com/players/313402/caroline-wozniacki,True,False,False,False,False,False,False,1,False,3,0,3,0,DK,DNK,208,150,Europe,Northern Europe,DEN,"0,3,None|Ret",,
2,Bnp Paribas Open,https://photoresources.wtatennis.com/photo-resources/2026/04/16/a1736320-dd92-4829-8aa8-846c2edef410/WTA-Tournament_Indian-Wells-2017.png?height=128,https://www.wtatennis.com/tournaments/609/indian-wells/2011,Premier Mandatory,Hard,https://www.wtatennis.com/resources/v7.42.0/i/elements/1000k-tag.svg,2011-03-09,2011-03-20,2011,3,,POL,,US,USA,840,019,,America,Northern America,USA,10.0,250.0,64700.0,128M/64Q/32D,Bnp Paribas Open,,76,4,19.0,8,2.0,Agnieszka Radwanska,9.0,https://www.wtatennis.com/resources/v7.42.0/i/elements/flags/pol.svg,R16,W,"4-6, 6-3, 7-6 (3)",https://www.wtatennis.com/players/312251/agnieszka-radwanska,False,False,False,False,False,True,True,3,False,32,17,15,1,PL,POL,616,150,Europe,Central Europe,POL,"4,6,None|6,3,None|7,6,3",,
3,Bnp Paribas Open,https://photoresources.wtatennis.com/photo-resources/2026/04/16/a1736320-dd92-4829-8aa8-846c2edef410/WTA-Tournament_Indian-Wells-2017.png?height=128,https://www.wtatennis.com/tournaments/609/indian-wells/2011,Premier Mandatory,Hard,https://www.wtatennis.com/resources/v7.42.0/i/elements/1000k-tag.svg,2011-03-09,2011-03-20,2011,3,,POL,,US,USA,840,019,,America,Northern America,USA,172.0,250.0,64700.0,128M/64Q/32D,Bnp Paribas Open,,76,4,19.0,8,2.0,Urszula Radwanska,,https://www.wtatennis.com/resources/v7.42.0/i/elements/flags/pol.svg,R32,W,"7-6 (3), 6-3",https://www.wtatennis.com/players/313131/urszula-radwanska,False,False,False,True,False,False,True,2,True,22,13,9,1,PL,POL,616,150,Europe,Central Europe,POL,"7,6,3|6,3,None",,
4,Bnp Paribas Open,https://photoresources.wtatennis.com/photo-resources/2026/04/16/a1736320-dd92-4829-8aa8-846c2edef410/WTA-Tournament_Indian-Wells-2017.png?height=128,https://www.wtatennis.com/tournaments/609/indian-wells/2011,Premier Mandatory,Hard,https://www.wtatennis.com/resources/v7.42.0/i/elements/1000k-tag.svg,2011-03-09,2011-03-20,2011,3,,RUS,,US,USA,840,019,,America,Northern America,USA,41.0,250.0,64700.0,128M/64Q/32D,Bnp Paribas Open,,76,4,19.0,8,2.0,Ekaterina Makarova,,https://www.wtatennis.com/resources/v7.42.0/i/elements/flags/rus.svg,R64,W,"6-4, 6-3",https://www.wtatennis.com/players/311604/ekaterina-makarova,False,False,False,False,False,False,False,2,True,19,12,7,1,RU,RUS,643,150,Europe,Eastern Europe,RUS,"6,4,None|6,3,None",,
5,Bnp Paribas Open,https://photoresources.wtatennis.com/photo-resources/2026/04/16/a1736320-dd92-4829-8aa8-846c2edef410/WTA-Tournament_Indian-Wells-2017.png?height=128,https://www.wtatennis.com/tournaments/609/indian-wells/2011,Premier Mandatory,Hard,https://www.wtatennis.com/resources/v7.42.0/i/elements/1000k-tag.svg,2011-03-09,2011-03-20,2011,3,,,,US,USA,840,019,,America,Northern America,USA,,250.0,64700.0,128M/64Q/32D,Bnp Paribas Open,,76,4,19.0,8,2.0,,,,R128,,Bye,,False,False,True,False,False,False,False,0,False,0,0,0,0,,,,,,,,,,
1,Qatar Ladies Open 2011,https://photoresources.wtatennis.com/photo-resources/2025/04/16/74cb07bc-dc84-43f7-9acc-95e51d3748c9/WTA-Tournament_Doha-2025.png?height=128,https://www.wtatennis.com/tournaments/1003/doha/2011,Premier,Hard,https://www.wtatennis.com/resources/v7.42.0/i/elements/500k-tag.svg,2011-02-21,2011-02-26,2011,2,,SVK,,QA,QAT,634,142,,Asia,Western Asia,QAT,30.0,1.0,5200.0,32M/32Q/16D,Qatar Ladies Open 2011,,25,1,25.0,3,3.0,Daniela Hantuchova,,https://www.wtatennis.com/resources/v7.42.0/i/elements/flags/svk.svg,R32,L,"6-4, 1-6, 2-6",https://www.wtatennis.com/players/80394/daniela-hantuchova,False,False,False,False,False,False,False,3,True,25,9,16,0,SK,SVK,703,150,Europe,Central Europe,SVK,"6,4,None|1,6,None|2,6,None",,
1,Dubai Duty  Free Tennis Championships,https://photoresources.wtatennis.com/photo-resources/2026/04/16/2aee9d91-0756-4a92-b0bb-09b8d0dd8d76/WTA-Tournament_Dubai-2017.png?height=128,https://www.wtatennis.com/tournaments/718/dubai/2011,Premier 5,Hard,https://www.wtatennis.com/resources/v7.42.0/i/elements/1000k-tag.svg,2011-02-14,2011-02-20,2011,2,,ITA,,AE,ARE,784,142,,Asia,Western Asia,UAE,18.0,125.0,20550.0,64M/32Q/32D,Dubai Duty  Free Tennis Championships,,63,2,31.5,6,3.0,Flavia Pennetta,11.0,https://www.wtatennis.com/resources/v7.42.0/i/elements/flags/ita.svg,R16,L,"3-6, 7-6 (2), 4-6",https://www.wtatennis.com/players/160391/flavia-pennetta,False,False,False,False,True,False,True,3,False,32,14,18,0,IT,ITA,380,150,Europe,Southern Europe,ITA,"3,6,None|7,6,2|4,6,None",,
2,Dubai Duty  Free Tennis Championships,https://photoresources.wtatennis.com/photo-resources/2026/04/16/2aee9d91-0756-4a92-b0bb-09b8d0dd8d76/WTA-Tournament_Dubai-2017.png?height=128,https://www.wtatennis.com/tournaments/718/dubai/2011,Premier 5,Hard,https://www.wtatennis.com/resources/v7.42.0/i/elements/1000k-tag.svg,2011-02-14,2011-02-20,2011,2,,CHN,,AE,ARE,784,142,,Asia,Western Asia,UAE,39.0,125.0,20550.0,64M/32Q/32D,Dubai Duty  Free Tennis Championships,,63,2,31.5,6,3.0,Shuai Peng,,https://www.wtatennis.com/resources/v7.42.0/i/elements/flags/chn.svg,R32,W,"4-6, 6-2, 7-6 (5)",https://www.wtatennis.com/players/160471/shuai-peng,False,False,False,False,False,True,True,3,False,31,17,14,1,CN,CHN,156,142,Asia,East Asia,CHN,"4,6,None|6,2,None|7,6,5",,
3,Dubai Duty  Free Tennis Championships,https://photoresources.wtatennis.com/photo-resources/2026/04/16/2aee9d91-0756-4a92-b0bb-09b8d0dd8d76/WTA-Tournament_Dubai-2017.png?height=128,https://www.wtatennis.com/tournaments/718/dubai/2011,Premier 5,Hard,https://www.wtatennis.com/resources/v7.42.0/i/elements/1000k-tag.svg,2011-02-14,2011-02-20,2011,2,,,,AE,ARE,784,142,,Asia,Western Asia,UAE,,125.0,20550.0,64M/32Q/32D,Dubai Duty  Free Tennis Championships,,63,2,31.5,6,3.0,,,,R64,,Bye,,False,False,True,False,False,False,False,0,False,0,0,0,0,,,,,,,,,,
1,Australian Open,https://photoresources.wtatennis.com/photo-resources/2026/04/16/6b041ce4-8b08-4fff-be75-89d1c452c157/WTA-Tournament_Australian-Open.png?height=128,https://www.wtatennis.com/tournaments/901/australian-open/2011,Grand Slam,Hard,https://www.wtatennis.com/resources/v7.42.0/i/elements/gs-tag.svg,2011-01-17,2011-01-29,2011,1,,CHN,,AU,AUS,036,009,,Oceania,Australasia,AUS,11.0,280.0,90575.0,128M/128Q/64D,Australian Open,,70,4,17.5,8,2.0,Na Li,9.0,https://www.wtatennis.com/resources/v7.42.0/i/elements/flags/chn.svg,R16,L,"3-6, 3-6",https://www.wtatennis.com/players/120330/na-li,False,False,False,False,False,False,False,2,False,18,6,12,0,CN,CHN,156,142,Asia,East Asia,CHN,"3,6,None|3,6,None",,
2,Australian Open,https://photoresources.wtatennis.com/photo-resources/2026/04/16/6b041ce4-8b08-4fff-be75-89d1c452c157/WTA-Tournament_Australian-Open.png?height=128,https://www.wtatennis.com/tournaments/901/australian-open/2011,Grand Slam,Hard,https://www.wtatennis.com/resources/v7.42.0/i/elements/gs-tag.svg,2011-01-17,2011-01-29,2011,1,,RSA,,AU,AUS,036,009,,Oceania,Australasia,AUS,107.0,280.0,90575.0,128M/128Q/64D,Australian Open,,70,4,17.5,8,2.0,Chanelle Scheepers,,https://www.wtatennis.com/resources/v7.42.0/i/elements/flags/rsa.svg,R32,W,"6-3, 6-3",https://www.wtatennis.com/players/190873/chanelle-scheepers,False,False,False,False,False,False,False,2,True,18,12,6,1,ZA,ZAF,710,002,Africa,Southern Africa,RSA,"6,3,None|6,3,None",,
3,Australian Open,https://photoresources.wtatennis.com/photo-resources/2026/04/16/6b041ce4-8b08-4fff-be75-89d1c452c157/WTA-Tournament_Australian-Open.png?height=128,https://www.wtatennis.com/tournaments/901/australian-open/2011,Grand Slam,Hard,https://www.wtatennis.com/resources/v7.42.0/i/elements/gs-tag.svg,2011-01-17,2011-01-29,2011,1,,CZE,,AU,AUS,036,009,,Oceania,Australasia,AUS,99.0,280.0,90575.0,128M/128Q/64D,Australian Open,,70,4,17.5,8,2.0,Andrea  Sestini Hlavackova,,https://www.wtatennis.com/resources/v7.42.0/i/elements/flags/cze.svg,R64,W,"6-4, 6-4",https://www.wtatennis.com/players/80459/andrea-sestini-hlavackova,False,False,False,False,False,False,False,2,True,20,12,8,1,CZ,CZE,203,150,Europe,Central Europe,CZE,"6,4,None|6,4,None",,
4,Australian Open,https://photoresources.wtatennis.com/photo-resources/2026/04/16/6b041ce4-8b08-4fff-be75-89d1c452c157/WTA-Tournament_Australian-Open.png?height=128,https://www.wtatennis.com/tournaments/901/australian-open/2011,Grand Slam,Hard,https://www.wtatennis.com/resources/v7.42.0/i/elements/gs-tag.svg,2011-01-17,2011-01-29,2011,1,,GER,,AU,AUS,036,009,,Oceania,Australasia,AUS,166.0,280.0,90575.0,128M/128Q/64D,Australian Open,,70,4,17.5,8,2.0,Kathrin Woerle-Scheller,,https://www.wtatennis.com/resources/v7.42.0/i/elements/flags/ger.svg,R128,W,"6-0, 6-2",https://www.wtatennis.com/players/230279/kathrin-woerle-scheller,False,False,False,False,False,False,False,2,True,14,12,2,1,DE,DEU,276,150,Europe,Central Europe,GER,"6,0,None|6,2,None",,
1,Medibank International,,https://www.wtatennis.com/tournaments/702/sydney/2011,Premier,Hard,https://www.wtatennis.com/resources/v7.42.0/i/elements/500k-tag.svg,2011-01-09,2011-01-14,2011,1,,BEL,,AU,AUS,036,009,,Oceania,Australasia,AUS,3.0,120.0,15675.0,32M/64Q/16D,Medibank International,,64,3,21.333333333333332,7,2.3333333333333335,Kim Clijsters,3.0,https://www.wtatennis.com/resources/v7.42.0/i/elements/flags/bel.svg,QF,L,"3-6, 2-6",https://www.wtatennis.com/players/30458/kim-clijsters,False,False,False,False,False,False,False,2,False,17,5,12,0,BE,BEL,056,150,Europe,Western Europe,BEL,"3,6,None|2,6,None",,
2,Medibank International,,https://www.wtatennis.com/tournaments/702/sydney/2011,Premier,Hard,https://www.wtatennis.com/resources/v7.42.0/i/elements/500k-tag.svg,2011-01-09,2011-01-14,2011,1,,ISR,,AU,AUS,036,009,,Oceania,Australasia,AUS,12.0,120.0,15675.0,32M/64Q/16D,Medibank International,,64,3,21.333333333333332,7,2.3333333333333335,Shahar Peer,,https://www.wtatennis.com/resources/v7.42.0/i/elements/flags/isr.svg,R16,W,"7-5, 6-3",https://www.wtatennis.com/players/311168/shahar-peer,False,False,False,False,False,False,False,2,True,21,13,8,1,IL,ISR,376,142,Asia,Western Asia,ISR,"7,5,None|6,3,None",,
3,Medibank International,,https://www.wtatennis.com/tournaments/702/sydney/2011,Premier,Hard,https://www.wtatennis.com/resources/v7.42.0/i/elements/500k-tag.svg,2011-01-09,2011-01-14,2011,1,,RUS,,AU,AUS,036,009,,Oceania,Australasia,AUS,49.0,120.0,15675.0,32M/64Q/16D,Medibank International,,64,3,21.333333333333332,7,2.3333333333333335,Ekaterina Makarova,,https://www.wtatennis.com/resources/v7.42.0/i/elements/flags/rus.svg,R32,W,"2-6, 6-2, 6-4",https://www.wtatennis.com/players/311604/ekaterina-makarova,False,False,False,False,False,False,False,3,False,26,14,12,1,RU,RUS,643,150,Europe,Eastern Europe,RUS,"2,6,None|6,2,None|6,4,None",,
1,Sony Ericsson Championships,,https://www.wtatennis.com/tournaments/808/wta-finals/2010,Finals,Hard,https://www.wtatennis.com/resources/v7.42.0/i/elements/finals-tag.svg,2010-10-26,2010-10-31,2010,10,,RUS,,QA,QAT,634,142,,Asia,Western Asia,QAT,2.0,370.0,200000.0,8M/0Q/4D,Sony Ericsson Championships,,69,3,23.0,7,2.3333333333333335,Vera Zvonareva,2.0,https://www.wtatennis.com/resources/v7.42.0/i/elements/flags/rus.svg,RR,L,"6-7 (4), 4-6",https://www.wtatennis.com/players/260142/vera-zvonareva,False,False,False,True,False,False,True,2,False,23,10,13,0,RU,RUS,643,150,Europe,Eastern Europe,RUS,"6,7,4|4,6,None",,
2,Sony Ericsson Championships,,https://www.wtatennis.com/tournaments/808/wta-finals/2010,Finals,Hard,https://www.wtatennis.com/resources/v7.42.0/i/elements/finals-tag.svg,2010-10-26,2010-10-31,2010,10,,BEL,,QA,QAT,634,142,,Asia,Western Asia,QAT,4.0,370.0,200000.0,8M/0Q/4D,Sony Ericsson Championships,,69,3,23.0,7,2.3333333333333335,Kim Clijsters,3.0,https://www.wtatennis.com/resources/v7.42.0/i/elements/flags/bel.svg,RR,L,"4-6, 7-5, 1-6",https://www.wtatennis.com/players/30458/kim-clijsters,False,False,False,False,False,False,False,3,False,29,12,17,0,BE,BEL,056,150,Europe,Western Europe,BEL,"4,6,None|7,5,None|1,6,None",,
3,Sony Ericsson Championships,,https://www.wtatennis.com/tournaments/808/wta-finals/2010,Finals,Hard,https://www.wtatennis.com/resources/v7.42.0/i/elements/finals-tag.svg,2010-10-26,2010-10-31,2010,10,,SRB,,QA,QAT,634,142,,Asia,Western Asia,QAT,8.0,370.0,200000.0,8M/0Q/4D,Sony Ericsson Championships,,69,3,23.0,7,2.3333333333333335,Jelena Jankovic,6.0,https://www.wtatennis.com/resources/v7.42.0/i/elements/flags/srb.svg,RR,W,"6-4, 6-1",https://www.wtatennis.com/players/100153/jelena-jankovic,False,False,False,False,False,False,False,2,True,17,12,5,1,RS,SRB,688,150,Europe,Southeastern Europe,SRB,"6,4,None|6,1,None",,
1,Kremlin Cup,,https://www.wtatennis.com/tournaments/730/moscow/2010,Premier,Hard,https://www.wtatennis.com/resources/v7.42.0/i/elements/500k-tag.svg,2010-10-18,2010-10-24,2010,10,,RUS,,RU,RUS,643,150,,Europe,Eastern Europe,RUS,24.0,470.0,157427.0,32M/32Q/16D,Kremlin Cup,,78,4,19.5,9,2.25,Maria Kirilenko,6.0,https://www.wtatennis.com/resources/v7.42.0/i/elements/flags/rus.svg,F,W,"6-3, 6-4",https://www.wtatennis.com/players/310577/maria-kirilenko,False,False,False,False,False,False,False,2,True,19,12,7,1,RU,RUS,643,150,Europe,Eastern Europe,RUS,"6,3,None|6,4,None",,
2,Kremlin Cup,,https://www.wtatennis.com/tournaments/730/moscow/2010,Premier,Hard,https://www.wtatennis.com/resources/v7.42.0/i/elements/500k-tag.svg,2010-10-18,2010-10-24,2010,10,,ESP,,RU,RUS,643,150,Kingdom of Spain,Europe,Eastern Europe,RUS,28.0,470.0,157427.0,32M/32Q/16D,Kremlin Cup,,78,4,19.5,9,2.25,Maria Jose  Martinez Sanchez,8.0,https://www.wtatennis.com/resources/v7.42.0/i/elements/flags/esp.svg,SF,W,"6-3, 6-3",https://www.wtatennis.com/players/130591/maria-jose-martinez-sanchez,False,False,False,False,False,False,False,2,True,18,12,6,1,ES,ESP,724,150,Europe,Southern Europe,ESP,"6,3,None|6,3,None",,
3,Kremlin Cup,,https://www.wtatennis.com/tournaments/730/moscow/2010,Premier,Hard,https://www.wtatennis.com/resources/v7.42.0/i/elements/500k-tag.svg,2010-10-18,2010-10-24,2010,10,,RUS,,RU,RUS,643,150,,Europe,Eastern Europe,RUS,27.0,470.0,157427.0,32M/32Q/16D,Kremlin Cup,,78,4,19.5,9,2.25,Alisa Kleybanova,7.0,https://www.wtatennis.com/resources/v7.42.0/i/elements/flags/rus.svg,QF,W,"6-1, 6-3",https://www.wtatennis.com/players/311777/alisa-kleybanova,False,False,False,False,False,False,False,2,True,16,12,4,1,RU,RUS,643,150,Europe,Eastern Europe,RUS,"6,1,None|6,3,None",,
4,Kremlin Cup,,https://www.wtatennis.com/tournaments/730/moscow/2010,Premier,Hard,https://www.wtatennis.com/resources/v7.42.0/i/elements/500k-tag.svg,2010-10-18,2010-10-24,2010,10,,GER,,RU,RUS,643,150,,Europe,Eastern Europe,RUS,32.0,470.0,157427.0,32M/32Q/16D,Kremlin Cup,,78,4,19.5,9,2.25,Andrea Petkovic,,https://www.wtatennis.com/resources/v7.42.0/i/elements/flags/ger.svg,R16,W,"6-4, 2-6, 6-1",https://www.wtatennis.com/players/310770/andrea-petkovic,False,False,False,False,False,False,False,3,True,25,14,11,1,DE,DEU,276,150,Europe,Central Europe,GER,"6,4,None|2,6,None|6,1,None",,
5,Kremlin Cup,,https://www.wtatennis.com/tournaments/730/moscow/2010,Premier,Hard,https://www.wtatennis.com/resources/v7.42.0/i/elements/500k-tag.svg,2010-10-18,2010-10-24,2010,10,,,,RU,RUS,643,150,,Europe,Eastern Europe,RUS,,470.0,157427.0,32M/32Q/16D,Kremlin Cup,,78,4,19.5,9,2.25,,,,R32,,Bye,,False,False,True,False,False,False,False,0,False,0,0,0,0,,,,,,,,,,
1,China Open,,https://www.wtatennis.com/tournaments/1020/beijing/2010,Premier Mandatory,Hard,https://www.wtatennis.com/resources/v7.42.0/i/elements/1000k-tag.svg,2010-10-02,2010-10-10,2010,10,,SUI,,CN,CHN,156,142,,Asia,East Asia,CHN,47.0,5.0,19950.0,64M/32Q/32D,China Open,,15,1,15.0,2,2.0,Timea Bacsinszky,,https://www.wtatennis.com/resources/v7.42.0/i/elements/flags/sui.svg,R32,L,"6-4, 2-3",https://www.wtatennis.com/players/311579/timea-bacsinszky,True,False,False,False,False,False,False,2,True,15,8,7,0,CH,CHE,756,150,Europe,Central Europe,SUI,"6,4,None|2,3,None|Ret",,
2,China Open,,https://www.wtatennis.com/tournaments/1020/beijing/2010,Premier Mandatory,Hard,https://www.wtatennis.com/resources/v7.42.0/i/elements/1000k-tag.svg,2010-10-02,2010-10-10,2010,10,,,,CN,CHN,156,142,,Asia,East Asia,CHN,,5.0,19950.0,64M/32Q/32D,China Open,,15,1,15.0,2,2.0,,,,R64,,Bye,,False,False,True,False,False,False,False,0,False,0,0,0,0,,,,,,,,,,
1,Toray Pan Pacific Open,,https://www.wtatennis.com/tournaments/1056/tokyo/2010,Premier 5,Hard,https://www.wtatennis.com/resources/v7.42.0/i/elements/1000k-tag.svg,2010-09-26,2010-10-02,2010,9,,DEN,,JP,JPN,392,142,,Asia,East Asia,JPN,2.0,395.0,87500.0,64M/32Q/16D,Toray Pan Pacific Open,,70,4,17.5,8,2.0,Caroline Wozniacki,1.0,https://www.wtatennis.com/resources/v7.42.0/i/elements/flags/den.svg,SF,L,"2-6, 7-6 (3), 4-6",https://www.wtatennis.com/players/313402/caroline-wozniacki,False,False,False,False,True,False,True,3,False,31,13,18,0,DK,DNK,208,150,Europe,Northern Europe,DEN,"2,6,None|7,6,3|4,6,None",,
2,Toray Pan Pacific Open,,https://www.wtatennis.com/tournaments/1056/tokyo/2010,Premier 5,Hard,https://www.wtatennis.com/resources/v7.42.0/i/elements/1000k-tag.svg,2010-09-26,2010-10-02,2010,9,,USA,,JP,JPN,392,142,United States of America|America|USA|US,Asia,East Asia,JPN,172.0,395.0,87500.0,64M/32Q/16D,Toray Pan Pacific Open,,70,4,17.5,8,2.0,Coco Vandeweghe,,https://www.wtatennis.com/resources/v7.42.0/i/elements/flags/usa.svg,QF,W,"6-2, 6-1",https://www.wtatennis.com/players/314464/coco-vandeweghe,False,False,False,False,False,False,False,2,True,15,12,3,1,US,USA,840,019,America,Northern America,USA,"6,2,None|6,1,None",,
3,Toray Pan Pacific Open,,https://www.wtatennis.com/tournaments/1056/tokyo/2010,Premier 5,Hard,https://www.wtatennis.com/resources/v7.42.0/i/elements/1000k-tag.svg,2010-09-26,2010-10-02,2010,9,,FRA,,JP,JPN,392,142,,Asia,East Asia,JPN,14.0,395.0,87500.0,64M/32Q/16D,Toray Pan Pacific Open,,70,4,17.5,8,2.0,Marion Bartoli,11.0,https://www.wtatennis.com/resources/v7.42.0/i/elements/flags/fra.svg,R16,W,6-2,https://www.wtatennis.com/players/20631/marion-bartoli,True,False,False,False,False,False,False,1,True,8,6,2,1,FR,FRA,250,150,Europe,Western Europe,FRA,"6,2,None|Ret",,
4,Toray Pan Pacific Open,,https://www.wtatennis.com/tournaments/1056/tokyo/2010,Premier 5,Hard,https://www.wtatennis.com/resources/v7.42.0/i/elements/1000k-tag.svg,2010-09-26,2010-10-02,2010,9,,CZE,,JP,JPN,392,142,,Asia,East Asia,JPN,30.0,395.0,87500.0,64M/32Q/16D,Toray Pan Pacific Open,,70,4,17.5,8,2.0,Lucie Safarova,,https://www.wtatennis.com/resources/v7.42.0/i/elements/flags/cze.svg,R32,W,"6-1, 6-3",https://www.wtatennis.com/players/310553/lucie-safarova,False,False,False,False,False,False,False,2,True,16,12,4,1,CZ,CZE,203,150,Europe,Central Europe,CZE,"6,1,None|6,3,None",,
5,Toray Pan Pacific Open,,https://www.wtatennis.com/tournaments/1056/tokyo/2010,Premier 5,Hard,https://www.wtatennis.com/resources/v7.42.0/i/elements/1000k-tag.svg,2010-09-26,2010-10-02,2010,9,,,,JP,JPN,392,142,,Asia,East Asia,JPN,,395.0,87500.0,64M/32Q/16D,Toray Pan Pacific Open,,70,4,17.5,8,2.0,,,,R64,,Bye,,False,False,True,False,False,False,False,0,False,0,0,0,0,,,,,,,,,,
1,US Open,https://photoresources.wtatennis.com/photo-resources/2026/04/16/8d0a3d41-7b45-434b-a75b-b7d2eb0922b4/WTA-Tournament_US-Open.png?height=128,https://www.wtatennis.com/tournaments/905/us-open/2010,Grand Slam,Hard,https://www.wtatennis.com/resources/v7.42.0/i/elements/gs-tag.svg,2010-08-30,2010-09-12,2010,8,,ARG,,US,USA,840,019,,America,Northern America,USA,41.0,100.0,30320.0,128M/128Q/64D,Us Open,,31,2,15.5,4,2.0,Gisela Dulko,,https://www.wtatennis.com/resources/v7.42.0/i/elements/flags/arg.svg,R64,L,1-5,https://www.wtatennis.com/players/40388/gisela-dulko,True,False,False,False,False,False,False,1,False,6,1,5,0,AR,ARG,032,019,America,Southern South America,ARG,"1,5,None|Ret",,
2,US Open,https://photoresources.wtatennis.com/photo-resources/2026/04/16/8d0a3d41-7b45-434b-a75b-b7d2eb0922b4/WTA-Tournament_US-Open.png?height=128,https://www.wtatennis.com/tournaments/905/us-open/2010,Grand Slam,Hard,https://www.wtatennis.com/resources/v7.42.0/i/elements/gs-tag.svg,2010-08-30,2010-09-12,2010,8,,ROU,,US,USA,840,019,,America,Northern America,USA,93.0,100.0,30320.0,128M/128Q/64D,Us Open,,31,2,15.5,4,2.0,Monica Niculescu,,https://www.wtatennis.com/resources/v7.42.0/i/elements/flags/rou.svg,R128,W,"6-0, 5-7, 6-1",https://www.wtatennis.com/players/310775/monica-niculescu,False,False,False,False,False,False,False,3,True,25,17,8,1,RO,ROU,642,150,Europe,Southeastern Europe,ROU,"6,0,None|5,7,None|6,1,None",,
1,Rogers Cup,,https://www.wtatennis.com/tournaments/806/montreal/2010,Premier 5,Hard,https://www.wtatennis.com/resources/v7.42.0/i/elements/1000k-tag.svg,2010-08-16,2010-08-22,2010,8,,RUS,,CA,CAN,124,019,,America,Northern America,CAN,11.0,395.0,87500.0,64M/64Q/32D,Rogers Cup Presented By National Bank,,144,5,28.8,10,2.0,Vera Zvonareva,8.0,https://www.wtatennis.com/resources/v7.42.0/i/elements/flags/rus.svg,SF,L,"66-7, 0-1",https://www.wtatennis.com/players/260142/vera-zvonareva,True,False,False,True,False,False,True,2,False,74,66,8,0,RU,RUS,643,150,Europe,Eastern Europe,RUS,"66,7,None|0,1,None|Ret",,
2,Rogers Cup,,https://www.wtatennis.com/tournaments/806/montreal/2010,Premier 5,Hard,https://www.wtatennis.com/resources/v7.42.0/i/elements/1000k-tag.svg,2010-08-16,2010-08-22,2010,8,,FRA,,CA,CAN,124,019,,America,Northern America,CAN,17.0,395.0,87500.0,64M/64Q/32D,Rogers Cup Presented By National Bank,,144,5,28.8,10,2.0,Marion Bartoli,17.0,https://www.wtatennis.com/resources/v7.42.0/i/elements/flags/fra.svg,QF,W,"6-2, 7-6 (6)",https://www.wtatennis.com/players/20631/marion-bartoli,False,False,False,False,True,False,True,2,True,21,13,8,1,FR,FRA,250,150,Europe,Western Europe,FRA,"6,2,None|7,6,6",,
3,Rogers Cup,,https://www.wtatennis.com/tournaments/806/montreal/2010,Premier 5,Hard,https://www.wtatennis.com/resources/v7.42.0/i/elements/1000k-tag.svg,2010-08-16,2010-08-22,2010,8,,CHN,,CA,CAN,124,019,,America,Northern America,CAN,10.0,395.0,87500.0,64M/64Q/32D,Rogers Cup Presented By National Bank,,144,5,28.8,10,2.0,Na Li,9.0,https://www.wtatennis.com/resources/v7.42.0/i/elements/flags/chn.svg,R16,W,"6-3, 6-3",https://www.wtatennis.com/players/120330/na-li,False,False,False,False,False,False,False,2,True,18,12,6,1,CN,CHN,156,142,Asia,East Asia,CHN,"6,3,None|6,3,None",,
4,Rogers Cup,,https://www.wtatennis.com/tournaments/806/montreal/2010,Premier 5,Hard,https://www.wtatennis.com/resources/v7.42.0/i/elements/1000k-tag.svg,2010-08-16,2010-08-22,2010,8,,RUS,,CA,CAN,124,019,,America,Northern America,CAN,27.0,395.0,87500.0,64M/64Q/32D,Rogers Cup Presented By National Bank,,144,5,28.8,10,2.0,Maria Kirilenko,,https://www.wtatennis.com/resources/v7.42.0/i/elements/flags/rus.svg,R32,W,"6-4, 6-1",https://www.wtatennis.com/players/310577/maria-kirilenko,False,False,False,False,False,False,False,2,True,17,12,5,1,RU,RUS,643,150,Europe,Eastern Europe,RUS,"6,4,None|6,1,None",,
5,Rogers Cup,,https://www.wtatennis.com/tournaments/806/montreal/2010,Premier 5,Hard,https://www.wtatennis.com/resources/v7.42.0/i/elements/1000k-tag.svg,2010-08-16,2010-08-22,2010,8,,UKR,,CA,CAN,124,019,,America,Northern America,CAN,50.0,395.0,87500.0,64M/64Q/32D,Rogers Cup Presented By National Bank,,144,5,28.8,10,2.0,Kateryna Volodko,,https://www.wtatennis.com/resources/v7.42.0/i/elements/flags/ukr.svg,R64,W,"6-1, 6-1",https://www.wtatennis.com/players/20702/kateryna-volodko,False,False,False,False,False,False,False,2,True,14,12,2,1,UA,UKR,804,150,Europe,Eastern Europe,UKR,"6,1,None|6,1,None",,
1,Western & Southern Financial Group Women'S Open,,https://www.wtatennis.com/tournaments/1017/cincinnati/2010,Premier 5,Hard,https://www.wtatennis.com/resources/v7.42.0/i/elements/1000k-tag.svg,2010-08-09,2010-08-15,2010,8,,SRB,,US,USA,840,019,,America,Northern America,USA,62.0,1.0,5400.0,64M/64Q/32D,Western & Southern Financial Group Women'S Open,,29,1,29.0,3,3.0,Ana Ivanovic,,https://www.wtatennis.com/resources/v7.42.0/i/elements/flags/srb.svg,R64,L,"6-2, 6-7 (6), 2-6",https://www.wtatennis.com/players/311710/ana-ivanovic,False,False,False,False,True,False,True,3,True,29,14,15,0,RS,SRB,688,150,Europe,Southeastern Europe,SRB,"6,2,None|6,7,6|2,6,None",,
1,Bank Of The West Classic,,https://www.wtatennis.com/tournaments/703/san-jose/2010,Premier,Hard,https://www.wtatennis.com/resources/v7.42.0/i/elements/500k-tag.svg,2010-07-26,2010-08-01,2010,7,,RUS,,US,USA,840,019,,America,Northern America,USA,15.0,470.0,107000.0,32M/32Q/16D,Bank Of The West Classic,,91,5,18.2,11,2.2,Maria Sharapova,5.0,https://www.wtatennis.com/resources/v7.42.0/i/elements/flags/rus.svg,F,W,"6-4, 6-1",https://www.wtatennis.com/players/310137/maria-sharapova,False,False,False,False,False,False,False,2,True,17,12,5,1,RU,RUS,643,150,Europe,Eastern Europe,RUS,"6,4,None|6,1,None",W,True
2,Bank Of The West Classic,,https://www.wtatennis.com/tournaments/703/san-jose/2010,Premier,Hard,https://www.wtatennis.com/resources/v7.42.0/i/elements/500k-tag.svg,2010-07-26,2010-08-01,2010,7,,AUS,,US,USA,840,019,,America,Northern America,USA,5.0,470.0,107000.0,32M/32Q/16D,Bank Of The West Classic,,91,5,18.2,11,2.2,Samantha Stosur,1.0,https://www.wtatennis.com/resources/v7.42.0/i/elements/flags/aus.svg,SF,W,"6-2, 6-3",https://www.wtatennis.com/players/190787/samantha-stosur,False,False,False,False,False,False,False,2,True,17,12,5,1,AU,AUS,036,009,Oceania,Australasia,AUS,"6,2,None|6,3,None",W,True
3,Bank Of The West Classic,,https://www.wtatennis.com/tournaments/703/san-jose/2010,Premier,Hard,https://www.wtatennis.com/resources/v7.42.0/i/elements/500k-tag.svg,2010-07-26,2010-08-01,2010,7,,FRA,,US,USA,840,019,,America,Northern America,USA,14.0,470.0,107000.0,32M/32Q/16D,Bank Of The West Classic,,91,5,18.2,11,2.2,Marion Bartoli,4.0,https://www.wtatennis.com/resources/v7.42.0/i/elements/flags/fra.svg,QF,W,"3-6, 6-3, 6-3",https://www.wtatennis.com/players/20631/marion-bartoli,False,False,False,False,False,False,False,3,False,27,15,12,1,FR,FRA,250,150,Europe,Western Europe,FRA,"3,6,None|6,3,None|6,3,None",W,True
4,Bank Of The West Classic,,https://www.wtatennis.com/tournaments/703/san-jose/2010,Premier,Hard,https://www.wtatennis.com/resources/v7.42.0/i/elements/500k-tag.svg,2010-07-26,2010-08-01,2010,7,,USA,,US,USA,840,019,United States of America|America|USA|US,America,Northern America,USA,44.0,470.0,107000.0,32M/32Q/16D,Bank Of The West Classic,,91,5,18.2,11,2.2,Melanie Oudin,,https://www.wtatennis.com/resources/v7.42.0/i/elements/flags/usa.svg,R16,W,"6-3, 6-1",https://www.wtatennis.com/players/313963/melanie-oudin,False,False,False,False,False,False,False,2,True,16,12,4,1,US,USA,840,019,America,Northern America,USA,"6,3,None|6,1,None",W,True
5,Bank Of The West Classic,,https://www.wtatennis.com/tournaments/703/san-jose/2010,Premier,Hard,https://www.wtatennis.com/resources/v7.42.0/i/elements/500k-tag.svg,2010-07-26,2010-08-01,2010,7,,JPN,,US,USA,840,019,,America,Northern America,USA,90.0,470.0,107000.0,32M/32Q/16D,Bank Of The West Classic,,91,5,18.2,11,2.2,Ayumi Morita,,https://www.wtatennis.com/resources/v7.42.0/i/elements/flags/jpn.svg,R32,W,"6-0, 6-2",https://www.wtatennis.com/players/312848/ayumi-morita,False,False,False,False,False,False,False,2,True,14,12,2,1,JP,JPN,392,142,Asia,East Asia,JPN,"6,0,None|6,2,None",W,True
1,Wimbledon,https://photoresources.wtatennis.com/photo-resources/2026/04/16/d29814e6-6e80-4015-b680-9a7f3cb065c3/WTA-Tournament_Wimbledon.png?height=128,https://www.wtatennis.com/tournaments/904/wimbledon/2010,Grand Slam,Grass,https://www.wtatennis.com/resources/v7.42.0/i/elements/gs-tag.svg,2010-06-21,2010-07-03,2010,6,,CZE,,GB,GBR,826,150,,Europe,Northern Europe,ENG,62.0,160.0,49936.0,128M/128Q/64D,The Championships,,53,3,17.666666666666668,6,2.0,Petra Kvitova,,https://www.wtatennis.com/resources/v7.42.0/i/elements/flags/cze.svg,R32,L,"5-7, 0-6",https://www.wtatennis.com/players/314206/petra-kvitova,False,False,False,False,False,False,False,2,False,18,5,13,0,CZ,CZE,203,150,Europe,Central Europe,CZE,"5,7,None|0,6,None",,
2,Wimbledon,https://photoresources.wtatennis.com/photo-resources/2026/04/16/d29814e6-6e80-4015-b680-9a7f3cb065c3/WTA-Tournament_Wimbledon.png?height=128,https://www.wtatennis.com/tournaments/904/wimbledon/2010,Grand Slam,Grass,https://www.wtatennis.com/resources/v7.42.0/i/elements/gs-tag.svg,2010-06-21,2010-07-03,2010,6,,SRB,,GB,GBR,826,150,,Europe,Northern Europe,ENG,107.0,160.0,49936.0,128M/128Q/64D,The Championships,,53,3,17.666666666666668,6,2.0,Bojana Jovanovski Petrovic,,https://www.wtatennis.com/resources/v7.42.0/i/elements/flags/srb.svg,R64,W,"6-1, 6-4",https://www.wtatennis.com/players/314369/bojana-jovanovski-petrovic,False,False,False,False,False,False,False,2,True,17,12,5,1,RS,SRB,688,150,Europe,Southeastern Europe,SRB,"6,1,None|6,4,None",,
3,Wimbledon,https://photoresources.wtatennis.com/photo-resources/2026/04/16/d29814e6-6e80-4015-b680-9a7f3cb065c3/WTA-Tournament_Wimbledon.png?height=128,https://www.wtatennis.com/tournaments/904/wimbledon/2010,Grand Slam,Grass,https://www.wtatennis.com/resources/v7.42.0/i/elements/gs-tag.svg,2010-06-21,2010-07-03,2010,6,,CRO,,GB,GBR,826,150,,Europe,Northern Europe,ENG,182.0,160.0,49936.0,128M/128Q/64D,The Championships,,53,3,17.666666666666668,6,2.0,Mirjana Lucic-Baroni,,https://www.wtatennis.com/resources/v7.42.0/i/elements/flags/cro.svg,R128,W,"6-3, 6-3",https://www.wtatennis.com/players/120323/mirjana-lucic-baroni,False,False,False,False,False,False,False,2,True,18,12,6,1,HR,HRV,191,150,Europe,Southeastern Europe,CRO,"6,3,None|6,3,None",,
1,Eastbourne International,,https://www.wtatennis.com/tournaments/710/eastbourne/2010,WTA 250,Grass,https://www.wtatennis.com/resources/v7.42.0/i/elements/250k-tag.svg,2010-06-14,2010-06-19,2010,6,,RUS,,GB,GBR,826,150,,Europe,Northern Europe,ENG,100.0,320.0,52500.0,32M/32Q/16D,"Aegon International- Eastbourne, Great Britain",,101,5,20.2,10,2.0,Ekaterina Makarova,,https://www.wtatennis.com/resources/v7.42.0/i/elements/flags/rus.svg,F,L,"6-7 (5), 4-6",https://www.wtatennis.com/players/311604/ekaterina-makarova,False,False,False,True,False,False,True,2,False,23,10,13,0,RU,RUS,643,150,Europe,Eastern Europe,RUS,"6,7,5|4,6,None",,
2,Eastbourne International,,https://www.wtatennis.com/tournaments/710/eastbourne/2010,WTA 250,Grass,https://www.wtatennis.com/resources/v7.42.0/i/elements/250k-tag.svg,2010-06-14,2010-06-19,2010,6,,FRA,,GB,GBR,826,150,,Europe,Northern Europe,ENG,12.0,320.0,52500.0,32M/32Q/16D,"Aegon International- Eastbourne, Great Britain",,101,5,20.2,10,2.0,Marion Bartoli,8.0,https://www.wtatennis.com/resources/v7.42.0/i/elements/flags/fra.svg,SF,W,"6-3, 7-5",https://www.wtatennis.com/players/20631/marion-bartoli,False,False,False,False,False,False,False,2,True,21,13,8,1,FR,FRA,250,150,Europe,Western Europe,FRA,"6,3,None|7,5,None",,
3,Eastbourne International,,https://www.wtatennis.com/tournaments/710/eastbourne/2010,WTA 250,Grass,https://www.wtatennis.com/resources/v7.42.0/i/elements/250k-tag.svg,2010-06-14,2010-06-19,2010,6,,BEL,,GB,GBR,826,150,,Europe,Northern Europe,ENG,9.0,320.0,52500.0,32M/32Q/16D,"Aegon International- Eastbourne, Great Britain",,101,5,20.2,10,2.0,Kim Clijsters,5.0,https://www.wtatennis.com/resources/v7.42.0/i/elements/flags/bel.svg,QF,W,"7-6 (6), 6-4",https://www.wtatennis.com/players/30458/kim-clijsters,False,False,False,True,False,False,True,2,True,23,13,10,1,BE,BEL,056,150,Europe,Western Europe,BEL,"7,6,6|6,4,None",,
4,Eastbourne International,,https://www.wtatennis.com/tournaments/710/eastbourne/2010,WTA 250,Grass,https://www.wtatennis.com/resources/v7.42.0/i/elements/250k-tag.svg,2010-06-14,2010-06-19,2010,6,,GBR,,GB,GBR,826,150,Britain|UK|Great Britain|United Kingdom,Europe,Northern Europe,ENG,344.0,320.0,52500.0,32M/32Q/16D,"Aegon International- Eastbourne, Great Britain",,101,5,20.2,10,2.0,Heather Watson,,https://www.wtatennis.com/resources/v7.42.0/i/elements/flags/gbr.svg,R16,W,"6-1, 6-1",https://www.wtatennis.com/players/316981/heather-watson,False,False,False,False,False,False,False,2,True,14,12,2,1,GB,GBR,826,150,Europe,Northern Europe,ENG,"6,1,None|6,1,None",,
5,Eastbourne International,,https://www.wtatennis.com/tournaments/710/eastbourne/2010,WTA 250,Grass,https://www.wtatennis.com/resources/v7.42.0/i/elements/250k-tag.svg,2010-06-14,2010-06-19,2010,6,,POL,,GB,GBR,826,150,,Europe,Northern Europe,ENG,8.0,320.0,52500.0,32M/32Q/16D,"Aegon International- Eastbourne, Great Britain",,101,5,20.2,10,2.0,Agnieszka Radwanska,4.0,https://www.wtatennis.com/resources/v7.42.0/i/elements/flags/pol.svg,R32,W,"7-6 (2), 6-1",https://www.wtatennis.com/players/312251/agnieszka-radwanska,False,False,False,True,False,False,True,2,True,20,13,7,1,PL,POL,616,150,Europe,Central Europe,POL,"7,6,2|6,1,None",,
1,Roland Garros,,https://www.wtatennis.com/tournaments/903/roland-garros/2010,Grand Slam,Clay,https://www.wtatennis.com/resources/v7.42.0/i/elements/gs-tag.svg,2010-05-23,2010-06-05,2010,5,,ARG,,FR,FRA,250,150,,Europe,Western Europe,FRA,45.0,5.0,19927.0,128M/128Q/64D,"Roland Garros- Paris, France",,15,1,15.0,2,2.0,Gisela Dulko,,https://www.wtatennis.com/resources/v7.42.0/i/elements/flags/arg.svg,R128,L,"1-6, 2-6",https://www.wtatennis.com/players/40388/gisela-dulko,False,False,False,False,False,False,False,2,False,15,3,12,0,AR,ARG,032,019,America,Southern South America,ARG,"1,6,None|2,6,None",,
1,"Mutua Madrilena Madrid Open-Madrid, Spain",,https://www.wtatennis.com/tournaments/1038/madrid/2010,Premier Mandatory,Clay,https://www.wtatennis.com/resources/v7.42.0/i/elements/1000k-tag.svg,2010-05-08,2010-05-16,2010,5,,CHN,,ES,ESP,724,150,,Europe,Southern Europe,ESP,50.0,5.0,12367.0,64M/32Q/32D,"Mutua Madrilena Madrid Open-Madrid, Spain",,3,1,3.0,1,1.0,Shuai Peng,,https://www.wtatennis.com/resources/v7.42.0/i/elements/flags/chn.svg,R64,L,0-3,https://www.wtatennis.com/players/160471/shuai-peng,True,False,False,False,False,False,False,1,False,3,0,3,0,CN,CHN,156,142,Asia,East Asia,CHN,"0,3,None|Ret",,
1,International Bnl D'Italia,,https://www.wtatennis.com/tournaments/709/rome/2010,Premier 5,Clay,https://www.wtatennis.com/resources/v7.42.0/i/elements/1000k-tag.svg,2010-05-02,2010-05-08,2010,5,,SRB,,IT,ITA,380,150,,Europe,Southern Europe,ITA,58.0,70.0,10275.0,64M/32Q/32D,International Bnl D'Italia,,37,2,18.5,4,2.0,Ana Ivanovic,,https://www.wtatennis.com/resources/v7.42.0/i/elements/flags/srb.svg,R32,L,"4-6, 4-6",https://www.wtatennis.com/players/311710/ana-ivanovic,False,False,False,False,False,False,False,2,False,20,8,12,0,RS,SRB,688,150,Europe,Southeastern Europe,SRB,"4,6,None|4,6,None",,
2,International Bnl D'Italia,,https://www.wtatennis.com/tournaments/709/rome/2010,Premier 5,Clay,https://www.wtatennis.com/resources/v7.42.0/i/elements/1000k-tag.svg,2010-05-02,2010-05-08,2010,5,,BUL,,IT,ITA,380,150,,Europe,Southern Europe,ITA,143.0,70.0,10275.0,64M/32Q/32D,International Bnl D'Italia,,37,2,18.5,4,2.0,Sesil Karatantcheva,,https://www.wtatennis.com/resources/v7.42.0/i/elements/flags/bul.svg,R64,W,"6-1, 6-4",https://www.wtatennis.com/players/311810/sesil-karatantcheva,False,False,False,False,False,False,False,2,True,17,12,5,1,BG,BGR,100,150,Europe,Southeastern Europe,BUL,"6,1,None|6,4,None",,
1,Porsche Tennis Grand Prix,,https://www.wtatennis.com/tournaments/1051/stuttgart/2010,Premier,Clay,https://www.wtatennis.com/resources/v7.42.0/i/elements/500k-tag.svg,2010-04-26,2010-05-02,2010,4,,RUS,,DE,DEU,276,150,,Europe,Central Europe,GER,138.0,60.0,8800.0,32M/32Q/16D,Porsche Tennis Grand Prix,,35,2,17.5,4,2.0,Anna Lapushchenkova,,https://www.wtatennis.com/resources/v7.42.0/i/elements/flags/rus.svg,R16,L,"3-6, 3-6",https://www.wtatennis.com/players/311239/anna-lapushchenkova,False,False,False,False,False,False,False,2,False,18,6,12,0,RU,RUS,643,150,Europe,Eastern Europe,RUS,"3,6,None|3,6,None",,
2,Porsche Tennis Grand Prix,,https://www.wtatennis.com/tournaments/1051/stuttgart/2010,Premier,Clay,https://www.wtatennis.com/resources/v7.42.0/i/elements/500k-tag.svg,2010-04-26,2010-05-02,2010,4,,ITA,,DE,DEU,276,150,,Europe,Central Europe,GER,15.0,60.0,8800.0,32M/32Q/16D,Porsche Tennis Grand Prix,,35,2,17.5,4,2.0,Flavia Pennetta,,https://www.wtatennis.com/resources/v7.42.0/i/elements/flags/ita.svg,R32,W,"6-1, 6-4",https://www.wtatennis.com/players/160391/flavia-pennetta,False,False,False,False,False,False,False,2,True,17,12,5,1,IT,ITA,380,150,Europe,Southern Europe,ITA,"6,1,None|6,4,None",,
1,Family Circle Cup,,https://www.wtatennis.com/tournaments/804/charleston/2010,Premier,Clay,https://www.wtatennis.com/resources/v7.42.0/i/elements/500k-tag.svg,2010-04-12,2010-04-18,2010,4,,USA,,US,USA,840,019,United States of America|America|USA|US,America,Northern America,USA,192.0,1.0,3830.0,64M/32Q/16D,Family Circle Cup,,12,1,12.0,2,2.0,Christina Mchale,,https://www.wtatennis.com/resources/v7.42.0/i/elements/flags/usa.svg,R32,L,"6-2, 2-2",https://www.wtatennis.com/players/314917/christina-mchale,True,False,False,False,False,False,False,2,True,12,8,4,0,US,USA,840,019,America,Northern America,USA,"6,2,None|2,2,None|Ret",,
2,Family Circle Cup,,https://www.wtatennis.com/tournaments/804/charleston/2010,Premier,Clay,https://www.wtatennis.com/resources/v7.42.0/i/elements/500k-tag.svg,2010-04-12,2010-04-18,2010,4,,,,US,USA,840,019,,America,Northern America,USA,,1.0,3830.0,64M/32Q/16D,Family Circle Cup,,12,1,12.0,2,2.0,,,,R64,,Bye,,False,False,True,False,False,False,False,0,False,0,0,0,0,,,,,,,,,,
1,"Andalucia Tennis Experience-Marbella, Spain",,https://www.wtatennis.com/tournaments/1040/marbella/2010,International,Clay,https://www.wtatennis.com/resources/v7.42.0/i/elements/250k-tag.svg,2010-04-05,2010-04-11,2010,4,,ESP,,ES,ESP,724,150,Kingdom of Spain,Europe,Southern Europe,ESP,28.0,70.0,5340.0,32M/32Q/16D,"Andalucia Tennis Experience-Marbella, Spain",,37,3,12.333333333333334,5,1.6666666666666667,Maria Jose  Martinez Sanchez,5.0,https://www.wtatennis.com/resources/v7.42.0/i/elements/flags/esp.svg,QF,L,4-0,https://www.wtatennis.com/players/130591/maria-jose-martinez-sanchez,True,False,False,False,False,False,False,1,False,4,4,0,0,ES,ESP,724,150,Europe,Southern Europe,ESP,"4,0,None|Ret",,
2,"Andalucia Tennis Experience-Marbella, Spain",,https://www.wtatennis.com/tournaments/1040/marbella/2010,International,Clay,https://www.wtatennis.com/resources/v7.42.0/i/elements/250k-tag.svg,2010-04-05,2010-04-11,2010,4,,ESP,,ES,ESP,724,150,Kingdom of Spain,Europe,Southern Europe,ESP,237.0,70.0,5340.0,32M/32Q/16D,"Andalucia Tennis Experience-Marbella, Spain",,37,3,12.333333333333334,5,1.6666666666666667,Estrella Cabeza Candela,,https://www.wtatennis.com/resources/v7.42.0/i/elements/flags/esp.svg,R16,W,"6-2, 6-4",https://www.wtatennis.com/players/311235/estrella-cabeza-candela,False,False,False,False,False,False,False,2,True,18,12,6,1,ES,ESP,724,150,Europe,Southern Europe,ESP,"6,2,None|6,4,None",,
3,"Andalucia Tennis Experience-Marbella, Spain",,https://www.wtatennis.com/tournaments/1040/marbella/2010,International,Clay,https://www.wtatennis.com/resources/v7.42.0/i/elements/250k-tag.svg,2010-04-05,2010-04-11,2010,4,,AUT,,ES,ESP,724,150,,Europe,Southern Europe,ESP,95.0,70.0,5340.0,32M/32Q/16D,"Andalucia Tennis Experience-Marbella, Spain",,37,3,12.333333333333334,5,1.6666666666666667,Yvonne Meusburger,,https://www.wtatennis.com/resources/v7.42.0/i/elements/flags/aut.svg,R32,W,"6-3, 6-0",https://www.wtatennis.com/players/130698/yvonne-meusburger,False,False,False,False,False,False,False,2,True,15,12,3,1,AT,AUT,040,150,Europe,Central Europe,AUT,"6,3,None|6,0,None",,
1,Sony Ericsson Open,https://photoresources.wtatennis.com/photo-resources/2026/04/16/e0f2d5a2-cc05-4b2a-8377-f57edf6eaaa2/WTA-Tournament_Miami-2024.png?height=128,https://www.wtatennis.com/tournaments/902/miami/2010,Premier Mandatory,Hard,https://www.wtatennis.com/resources/v7.42.0/i/elements/1000k-tag.svg,2010-03-23,2010-04-04,2010,3,,BEL,,US,USA,840,019,,America,Northern America,USA,16.0,140.0,32000.0,128M/64Q/32D,Sony Ericsson Open,,51,3,17.0,6,2.0,Kim Clijsters,14.0,https://www.wtatennis.com/resources/v7.42.0/i/elements/flags/bel.svg,R16,L,"4-6, 0-6",https://www.wtatennis.com/players/30458/kim-clijsters,False,False,False,False,False,False,False,2,False,16,4,12,0,BE,BEL,056,150,Europe,Western Europe,BEL,"4,6,None|0,6,None",,
2,Sony Ericsson Open,https://photoresources.wtatennis.com/photo-resources/2026/04/16/e0f2d5a2-cc05-4b2a-8377-f57edf6eaaa2/WTA-Tournament_Miami-2024.png?height=128,https://www.wtatennis.com/tournaments/902/miami/2010,Premier Mandatory,Hard,https://www.wtatennis.com/resources/v7.42.0/i/elements/1000k-tag.svg,2010-03-23,2010-04-04,2010,3,,CZE,,US,USA,840,019,,America,Northern America,USA,41.0,140.0,32000.0,128M/64Q/32D,Sony Ericsson Open,,51,3,17.0,6,2.0,Lucie Safarova,,https://www.wtatennis.com/resources/v7.42.0/i/elements/flags/cze.svg,R32,W,"6-4, 6-2",https://www.wtatennis.com/players/310553/lucie-safarova,False,False,False,False,False,False,False,2,True,18,12,6,1,CZ,CZE,203,150,Europe,Central Europe,CZE,"6,4,None|6,2,None",,
3,Sony Ericsson Open,https://photoresources.wtatennis.com/photo-resources/2026/04/16/e0f2d5a2-cc05-4b2a-8377-f57edf6eaaa2/WTA-Tournament_Miami-2024.png?height=128,https://www.wtatennis.com/tournaments/902/miami/2010,Premier Mandatory,Hard,https://www.wtatennis.com/resources/v7.42.0/i/elements/1000k-tag.svg,2010-03-23,2010-04-04,2010,3,,ROU,,US,USA,840,019,,America,Northern America,USA,49.0,140.0,32000.0,128M/64Q/32D,Sony Ericsson Open,,51,3,17.0,6,2.0,Alexandra Dulgheru,,https://www.wtatennis.com/resources/v7.42.0/i/elements/flags/rou.svg,R64,W,"6-3, 6-2",https://www.wtatennis.com/players/312712/alexandra-dulgheru,False,False,False,False,False,False,False,2,True,17,12,5,1,RO,ROU,642,150,Europe,Southeastern Europe,ROU,"6,3,None|6,2,None",,
4,Sony Ericsson Open,https://photoresources.wtatennis.com/photo-resources/2026/04/16/e0f2d5a2-cc05-4b2a-8377-f57edf6eaaa2/WTA-Tournament_Miami-2024.png?height=128,https://www.wtatennis.com/tournaments/902/miami/2010,Premier Mandatory,Hard,https://www.wtatennis.com/resources/v7.42.0/i/elements/1000k-tag.svg,2010-03-23,2010-04-04,2010,3,,,,US,USA,840,019,,America,Northern America,USA,,140.0,32000.0,128M/64Q/32D,Sony Ericsson Open,,51,3,17.0,6,2.0,,,,R128,,Bye,,False,False,True,False,False,False,False,0,False,0,0,0,0,,,,,,,,,,
1,Bnp Paribas Open,https://photoresources.wtatennis.com/photo-resources/2026/04/16/a1736320-dd92-4829-8aa8-846c2edef410/WTA-Tournament_Indian-Wells-2017.png?height=128,https://www.wtatennis.com/tournaments/609/indian-wells/2010,Premier Mandatory,Hard,https://www.wtatennis.com/resources/v7.42.0/i/elements/1000k-tag.svg,2010-03-10,2010-03-21,2010,3,,ESP,,US,USA,840,019,Kingdom of Spain,America,Northern America,USA,33.0,80.0,18740.0,128M/64Q/32D,Bnp Paribas Open,,40,2,20.0,4,2.0,Maria Jose  Martinez Sanchez,28.0,https://www.wtatennis.com/resources/v7.42.0/i/elements/flags/esp.svg,R32,L,"6-7 (4), 2-6",https://www.wtatennis.com/players/130591/maria-jose-martinez-sanchez,False,False,False,True,False,False,True,2,False,21,8,13,0,ES,ESP,724,150,Europe,Southern Europe,ESP,"6,7,4|2,6,None",,
2,Bnp Paribas Open,https://photoresources.wtatennis.com/photo-resources/2026/04/16/a1736320-dd92-4829-8aa8-846c2edef410/WTA-Tournament_Indian-Wells-2017.png?height=128,https://www.wtatennis.com/tournaments/609/indian-wells/2010,Premier Mandatory,Hard,https://www.wtatennis.com/resources/v7.42.0/i/elements/1000k-tag.svg,2010-03-10,2010-03-21,2010,3,,AUT,,US,USA,840,019,,America,Northern America,USA,47.0,80.0,18740.0,128M/64Q/32D,Bnp Paribas Open,,40,2,20.0,4,2.0,Sybille Bammer,,https://www.wtatennis.com/resources/v7.42.0/i/elements/flags/aut.svg,R64,W,"6-1, 7-5",https://www.wtatennis.com/players/20463/sybille-bammer,False,False,False,False,False,False,False,2,True,19,13,6,1,AT,AUT,040,150,Europe,Central Europe,AUT,"6,1,None|7,5,None",,
3,Bnp Paribas Open,https://photoresources.wtatennis.com/photo-resources/2026/04/16/a1736320-dd92-4829-8aa8-846c2edef410/WTA-Tournament_Indian-Wells-2017.png?height=128,https://www.wtatennis.com/tournaments/609/indian-wells/2010,Premier Mandatory,Hard,https://www.wtatennis.com/resources/v7.42.0/i/elements/1000k-tag.svg,2010-03-10,2010-03-21,2010,3,,,,US,USA,840,019,,America,Northern America,USA,,80.0,18740.0,128M/64Q/32D,Bnp Paribas Open,,40,2,20.0,4,2.0,,,,R128,,Bye,,False,False,True,False,False,False,False,0,False,0,0,0,0,,,,,,,,,,
1,Barclays Dubai Tennis Championshps,https://photoresources.wtatennis.com/photo-resources/2026/04/16/2aee9d91-0756-4a92-b0bb-09b8d0dd8d76/WTA-Tournament_Dubai-2017.png?height=128,https://www.wtatennis.com/tournaments/718/dubai/2010,Premier 5,Hard,https://www.wtatennis.com/resources/v7.42.0/i/elements/1000k-tag.svg,2010-02-14,2010-02-20,2010,2,,USA,,AE,ARE,784,142,United States of America|America|USA|US,Asia,Western Asia,UAE,5.0,620.0,175000.0,64M/32Q/32D,Barclays Dubai Tennis Championshps,,87,5,17.4,10,2.0,Venus Williams,3.0,https://www.wtatennis.com/resources/v7.42.0/i/elements/flags/usa.svg,F,L,"3-6, 5-7",https://www.wtatennis.com/players/230220/venus-williams,False,False,False,False,False,False,False,2,False,21,8,13,0,US,USA,840,019,America,Northern America,USA,"3,6,None|5,7,None",,
2,Barclays Dubai Tennis Championshps,https://photoresources.wtatennis.com/photo-resources/2026/04/16/2aee9d91-0756-4a92-b0bb-09b8d0dd8d76/WTA-Tournament_Dubai-2017.png?height=128,https://www.wtatennis.com/tournaments/718/dubai/2010,Premier 5,Hard,https://www.wtatennis.com/resources/v7.42.0/i/elements/1000k-tag.svg,2010-02-14,2010-02-20,2010,2,,POL,,AE,ARE,784,142,,Asia,Western Asia,UAE,9.0,620.0,175000.0,64M/32Q/32D,Barclays Dubai Tennis Championshps,,87,5,17.4,10,2.0,Agnieszka Radwanska,7.0,https://www.wtatennis.com/resources/v7.42.0/i/elements/flags/pol.svg,SF,W,"6-3, 6-4",https://www.wtatennis.com/players/312251/agnieszka-radwanska,False,False,False,False,False,False,False,2,True,19,12,7,1,PL,POL,616,150,Europe,Central Europe,POL,"6,3,None|6,4,None",,
3,Barclays Dubai Tennis Championshps,https://photoresources.wtatennis.com/photo-resources/2026/04/16/2aee9d91-0756-4a92-b0bb-09b8d0dd8d76/WTA-Tournament_Dubai-2017.png?height=128,https://www.wtatennis.com/tournaments/718/dubai/2010,Premier 5,Hard,https://www.wtatennis.com/resources/v7.42.0/i/elements/1000k-tag.svg,2010-02-14,2010-02-20,2010,2,,RUS,,AE,ARE,784,142,,Asia,Western Asia,UAE,14.0,620.0,175000.0,64M/32Q/32D,Barclays Dubai Tennis Championshps,,87,5,17.4,10,2.0,Vera Zvonareva,12.0,https://www.wtatennis.com/resources/v7.42.0/i/elements/flags/rus.svg,QF,W,"6-1, 6-3",https://www.wtatennis.com/players/260142/vera-zvonareva,False,False,False,False,False,False,False,2,True,16,12,4,1,RU,RUS,643,150,Europe,Eastern Europe,RUS,"6,1,None|6,3,None",,
4,Barclays Dubai Tennis Championshps,https://photoresources.wtatennis.com/photo-resources/2026/04/16/2aee9d91-0756-4a92-b0bb-09b8d0dd8d76/WTA-Tournament_Dubai-2017.png?height=128,https://www.wtatennis.com/tournaments/718/dubai/2010,Premier 5,Hard,https://www.wtatennis.com/resources/v7.42.0/i/elements/1000k-tag.svg,2010-02-14,2010-02-20,2010,2,,GER,,AE,ARE,784,142,,Asia,Western Asia,UAE,63.0,620.0,175000.0,64M/32Q/32D,Barclays Dubai Tennis Championshps,,87,5,17.4,10,2.0,Anna-Lena Groenefeld,,https://www.wtatennis.com/resources/v7.42.0/i/elements/flags/ger.svg,R16,W,"6-1, 4-6, 6-3",https://www.wtatennis.com/players/310318/anna-lena-groenefeld,False,False,False,False,False,False,False,3,True,26,16,10,1,DE,DEU,276,150,Europe,Central Europe,GER,"6,1,None|4,6,None|6,3,None",,
5,Barclays Dubai Tennis Championshps,https://photoresources.wtatennis.com/photo-resources/2026/04/16/2aee9d91-0756-4a92-b0bb-09b8d0dd8d76/WTA-Tournament_Dubai-2017.png?height=128,https://www.wtatennis.com/tournaments/718/dubai/2010,Premier 5,Hard,https://www.wtatennis.com/resources/v7.42.0/i/elements/1000k-tag.svg,2010-02-14,2010-02-20,2010,2,,UKR,,AE,ARE,784,142,,Asia,Western Asia,UAE,34.0,620.0,175000.0,64M/32Q/32D,Barclays Dubai Tennis Championshps,,87,5,17.4,10,2.0,Kateryna Volodko,,https://www.wtatennis.com/resources/v7.42.0/i/elements/flags/ukr.svg,R32,W,4-1,https://www.wtatennis.com/players/20702/kateryna-volodko,True,False,False,False,False,False,False,1,False,5,4,1,1,UA,UKR,804,150,Europe,Eastern Europe,UKR,"4,1,None|Ret",,
6,Barclays Dubai Tennis Championshps,https://photoresources.wtatennis.com/photo-resources/2026/04/16/2aee9d91-0756-4a92-b0bb-09b8d0dd8d76/WTA-Tournament_Dubai-2017.png?height=128,https://www.wtatennis.com/tournaments/718/dubai/2010,Premier 5,Hard,https://www.wtatennis.com/resources/v7.42.0/i/elements/1000k-tag.svg,2010-02-14,2010-02-20,2010,2,,,,AE,ARE,784,142,,Asia,Western Asia,UAE,,620.0,175000.0,64M/32Q/32D,Barclays Dubai Tennis Championshps,,87,5,17.4,10,2.0,,,,R64,,Bye,,False,False,True,False,False,False,False,0,False,0,0,0,0,,,,,,,,,,
1,Australian Open,https://photoresources.wtatennis.com/photo-resources/2026/04/16/6b041ce4-8b08-4fff-be75-89d1c452c157/WTA-Tournament_Australian-Open.png?height=128,https://www.wtatennis.com/tournaments/901/australian-open/2010,Grand Slam,Hard,https://www.wtatennis.com/resources/v7.42.0/i/elements/gs-tag.svg,2010-01-18,2010-01-30,2010,1,,USA,,AU,AUS,036,009,United States of America|America|USA|US,Oceania,Australasia,AUS,1.0,500.0,166139.0,128M/128Q/64D,Australian Open,,101,5,20.2,12,2.4,Serena Williams,1.0,https://www.wtatennis.com/resources/v7.42.0/i/elements/flags/usa.svg,QF,L,"6-4, 6-7 (4), 2-6",https://www.wtatennis.com/players/230234/serena-williams,False,False,False,False,True,False,True,3,True,31,14,17,0,US,USA,840,019,America,Northern America,USA,"6,4,None|6,7,4|2,6,None",,
2,Australian Open,https://photoresources.wtatennis.com/photo-resources/2026/04/16/6b041ce4-8b08-4fff-be75-89d1c452c157/WTA-Tournament_Australian-Open.png?height=128,https://www.wtatennis.com/tournaments/901/australian-open/2010,Grand Slam,Hard,https://www.wtatennis.com/resources/v7.42.0/i/elements/gs-tag.svg,2010-01-18,2010-01-30,2010,1,,RUS,,AU,AUS,036,009,,Oceania,Australasia,AUS,9.0,500.0,166139.0,128M/128Q/64D,Australian Open,,101,5,20.2,12,2.4,Vera Zvonareva,9.0,https://www.wtatennis.com/resources/v7.42.0/i/elements/flags/rus.svg,R16,W,"4-6, 6-4, 6-0",https://www.wtatennis.com/players/260142/vera-zvonareva,False,False,False,False,False,False,False,3,False,26,16,10,1,RU,RUS,643,150,Europe,Eastern Europe,RUS,"4,6,None|6,4,None|6,0,None",,
3,Australian Open,https://photoresources.wtatennis.com/photo-resources/2026/04/16/6b041ce4-8b08-4fff-be75-89d1c452c157/WTA-Tournament_Australian-Open.png?height=128,https://www.wtatennis.com/tournaments/901/australian-open/2010,Grand Slam,Hard,https://www.wtatennis.com/resources/v7.42.0/i/elements/gs-tag.svg,2010-01-18,2010-01-30,2010,1,,ITA,,AU,AUS,036,009,,Oceania,Australasia,AUS,62.0,500.0,166139.0,128M/128Q/64D,Australian Open,,101,5,20.2,12,2.4,Tathiana Garbin,,https://www.wtatennis.com/resources/v7.42.0/i/elements/flags/ita.svg,R32,W,"6-0, 6-2",https://www.wtatennis.com/players/30348/tathiana-garbin,False,False,False,False,False,False,False,2,True,14,12,2,1,IT,ITA,380,150,Europe,Southern Europe,ITA,"6,0,None|6,2,None",,
4,Australian Open,https://photoresources.wtatennis.com/photo-resources/2026/04/16/6b041ce4-8b08-4fff-be75-89d1c452c157/WTA-Tournament_Australian-Open.png?height=128,https://www.wtatennis.com/tournaments/901/australian-open/2010,Grand Slam,Hard,https://www.wtatennis.com/resources/v7.42.0/i/elements/gs-tag.svg,2010-01-18,2010-01-30,2010,1,,SUI,,AU,AUS,036,009,,Oceania,Australasia,AUS,74.0,500.0,166139.0,128M/128Q/64D,Australian Open,,101,5,20.2,12,2.4,Stefanie Voegele,,https://www.wtatennis.com/resources/v7.42.0/i/elements/flags/sui.svg,R64,W,"6-4, 6-0",https://www.wtatennis.com/players/312336/stefanie-voegele,False,False,False,False,False,False,False,2,True,16,12,4,1,CH,CHE,756,150,Europe,Central Europe,SUI,"6,4,None|6,0,None",,
5,Australian Open,https://photoresources.wtatennis.com/photo-resources/2026/04/16/6b041ce4-8b08-4fff-be75-89d1c452c157/WTA-Tournament_Australian-Open.png?height=128,https://www.wtatennis.com/tournaments/901/australian-open/2010,Grand Slam,Hard,https://www.wtatennis.com/resources/v7.42.0/i/elements/gs-tag.svg,2010-01-18,2010-01-30,2010,1,,FRA,,AU,AUS,036,009,,Oceania,Australasia,AUS,116.0,500.0,166139.0,128M/128Q/64D,Australian Open,,101,5,20.2,12,2.4,Stéphanie Cohen-Aloro,,https://www.wtatennis.com/resources/v7.42.0/i/elements/flags/fra.svg,R128,W,"6-2, 6-0",https://www.wtatennis.com/players/30501/st-phanie-cohen-aloro,False,False,False,False,False,False,False,2,True,14,12,2,1,FR,FRA,250,150,Europe,Western Europe,FRA,"6,2,None|6,0,None",,
1,"Medibank International- Sydney, Australia",,https://www.wtatennis.com/tournaments/702/sydney/2010,Premier,Hard,https://www.wtatennis.com/resources/v7.42.0/i/elements/500k-tag.svg,2010-01-10,2010-01-15,2010,1,,RUS,,AU,AUS,036,009,,Oceania,Australasia,AUS,5.0,200.0,28650.0,32M/64Q/16D,"Medibank International- Sydney, Australia",,104,4,26.0,11,2.75,Elena Dementieva,5.0,https://www.wtatennis.com/resources/v7.42.0/i/elements/flags/rus.svg,SF,L,"3-6, 1-6",https://www.wtatennis.com/players/40289/elena-dementieva,False,False,False,False,False,False,False,2,False,16,4,12,0,RU,RUS,643,150,Europe,Eastern Europe,RUS,"3,6,None|1,6,None",,
2,"Medibank International- Sydney, Australia",,https://www.wtatennis.com/tournaments/702/sydney/2010,Premier,Hard,https://www.wtatennis.com/resources/v7.42.0/i/elements/500k-tag.svg,2010-01-10,2010-01-15,2010,1,,SVK,,AU,AUS,036,009,,Oceania,Australasia,AUS,24.0,200.0,28650.0,32M/64Q/16D,"Medibank International- Sydney, Australia",,104,4,26.0,11,2.75,Dominika Cibulkova,,https://www.wtatennis.com/resources/v7.42.0/i/elements/flags/svk.svg,QF,W,"2-6, 6-2, 7-5",https://www.wtatennis.com/players/312894/dominika-cibulkova,False,False,False,False,False,False,False,3,False,28,15,13,1,SK,SVK,703,150,Europe,Central Europe,SVK,"2,6,None|6,2,None|7,5,None",,
3,"Medibank International- Sydney, Australia",,https://www.wtatennis.com/tournaments/702/sydney/2010,Premier,Hard,https://www.wtatennis.com/resources/v7.42.0/i/elements/500k-tag.svg,2010-01-10,2010-01-15,2010,1,,JPN,,AU,AUS,036,009,,Oceania,Australasia,AUS,64.0,200.0,28650.0,32M/64Q/16D,"Medibank International- Sydney, Australia",,104,4,26.0,11,2.75,Kimiko Date,,https://www.wtatennis.com/resources/v7.42.0/i/elements/flags/jpn.svg,R16,W,"6-1, 5-7, 7-5",https://www.wtatennis.com/players/40130/kimiko-date,False,False,False,False,False,False,False,3,True,31,18,13,1,JP,JPN,392,142,Asia,East Asia,JPN,"6,1,None|5,7,None|7,5,None",,
4,"Medibank International- Sydney, Australia",,https://www.wtatennis.com/tournaments/702/sydney/2010,Premier,Hard,https://www.wtatennis.com/resources/v7.42.0/i/elements/500k-tag.svg,2010-01-10,2010-01-15,2010,1,,GER,,AU,AUS,036,009,,Oceania,Australasia,AUS,22.0,200.0,28650.0,32M/64Q/16D,"Medibank International- Sydney, Australia",,104,4,26.0,11,2.75,Sabine Lisicki,,https://www.wtatennis.com/resources/v7.42.0/i/elements/flags/ger.svg,R32,W,"3-6, 6-2, 7-5",https://www.wtatennis.com/players/312520/sabine-lisicki,False,False,False,False,False,False,False,3,False,29,16,13,1,DE,DEU,276,150,Europe,Central Europe,GER,"3,6,None|6,2,None|7,5,None",,
1,Sony Ericsson Championships,,https://www.wtatennis.com/tournaments/808/wta-finals/2009,Finals,Hard,https://www.wtatennis.com/resources/v7.42.0/i/elements/finals-tag.svg,2009-10-27,2009-11-01,2009,10,,SRB,,QA,QAT,634,142,,Asia,Western Asia,QAT,8.0,370.0,200000.0,8M/0Q/4D,Sony Ericsson Championships,,73,3,24.333333333333332,8,2.6666666666666665,Jelena Jankovic,,https://www.wtatennis.com/resources/v7.42.0/i/elements/flags/srb.svg,RR,W,"6-2, 6-3",https://www.wtatennis.com/players/100153/jelena-jankovic,False,False,False,False,False,False,False,2,True,17,12,5,1,RS,SRB,688,150,Europe,Southeastern Europe,SRB,"6,2,None|6,3,None",,
2,Sony Ericsson Championships,,https://www.wtatennis.com/tournaments/808/wta-finals/2009,Finals,Hard,https://www.wtatennis.com/resources/v7.42.0/i/elements/finals-tag.svg,2009-10-27,2009-11-01,2009,10,,POL,,QA,QAT,634,142,,Asia,Western Asia,QAT,10.0,370.0,200000.0,8M/0Q/4D,Sony Ericsson Championships,,73,3,24.333333333333332,8,2.6666666666666665,Agnieszka Radwanska,,https://www.wtatennis.com/resources/v7.42.0/i/elements/flags/pol.svg,RR,L,"6-4, 5-7, 1-4",https://www.wtatennis.com/players/312251/agnieszka-radwanska,True,False,False,False,False,False,False,3,True,27,12,15,0,PL,POL,616,150,Europe,Central Europe,POL,"6,4,None|5,7,None|1,4,None|Ret",,
3,Sony Ericsson Championships,,https://www.wtatennis.com/tournaments/808/wta-finals/2009,Finals,Hard,https://www.wtatennis.com/resources/v7.42.0/i/elements/finals-tag.svg,2009-10-27,2009-11-01,2009,10,,DEN,,QA,QAT,634,142,,Asia,Western Asia,QAT,4.0,370.0,200000.0,8M/0Q/4D,Sony Ericsson Championships,,73,3,24.333333333333332,8,2.6666666666666665,Caroline Wozniacki,,https://www.wtatennis.com/resources/v7.42.0/i/elements/flags/den.svg,RR,L,"6-1, 4-6, 5-7",https://www.wtatennis.com/players/313402/caroline-wozniacki,False,False,False,False,False,False,False,3,True,29,15,14,0,DK,DNK,208,150,Europe,Northern Europe,DEN,"6,1,None|4,6,None|5,7,None",,
1,China Open,,https://www.wtatennis.com/tournaments/1020/beijing/2009,Premier Mandatory,Hard,https://www.wtatennis.com/resources/v7.42.0/i/elements/1000k-tag.svg,2009-10-03,2009-10-11,2009,10,,RUS,,CN,CHN,156,142,,Asia,East Asia,CHN,15.0,80.0,19950.0,64M/32Q/32D,China Open,,50,2,25.0,5,2.5,Maria Sharapova,,https://www.wtatennis.com/resources/v7.42.0/i/elements/flags/rus.svg,R32,L,"3-6, 7-6 (5), 5-7",https://www.wtatennis.com/players/310137/maria-sharapova,False,False,False,False,True,False,True,3,False,34,15,19,0,RU,RUS,643,150,Europe,Eastern Europe,RUS,"3,6,None|7,6,5|5,7,None",,
2,China Open,,https://www.wtatennis.com/tournaments/1020/beijing/2009,Premier Mandatory,Hard,https://www.wtatennis.com/resources/v7.42.0/i/elements/1000k-tag.svg,2009-10-03,2009-10-11,2009,10,,BLR,,CN,CHN,156,142,,Asia,East Asia,CHN,65.0,80.0,19950.0,64M/32Q/32D,China Open,,50,2,25.0,5,2.5,Olga Govortsova,,https://www.wtatennis.com/resources/v7.42.0/i/elements/flags/blr.svg,R64,W,"6-1, 6-3",https://www.wtatennis.com/players/311243/olga-govortsova,False,False,False,False,False,False,False,2,True,16,12,4,1,BY,BLR,112,150,Europe,Eastern Europe,BLR,"6,1,None|6,3,None",,
1,Toray Pan Pacific Open,,https://www.wtatennis.com/tournaments/1056/tokyo/2009,Premier 5,Hard,https://www.wtatennis.com/resources/v7.42.0/i/elements/1000k-tag.svg,2009-09-27,2009-10-03,2009,9,,CHN,,JP,JPN,392,142,,Asia,East Asia,JPN,16.0,200.0,40000.0,64M/32Q/16D,Toray Pan Pacific Open,,72,3,24.0,7,2.3333333333333335,Na Li,15.0,https://www.wtatennis.com/resources/v7.42.0/i/elements/flags/chn.svg,QF,L,"6-7 (7), 6-4, 6-7 (4)",https://www.wtatennis.com/players/120330/na-li,False,False,False,True,False,True,True,3,False,36,18,18,0,CN,CHN,156,142,Asia,East Asia,CHN,"6,7,7|6,4,None|6,7,4",,
2,Toray Pan Pacific Open,,https://www.wtatennis.com/tournaments/1056/tokyo/2009,Premier 5,Hard,https://www.wtatennis.com/resources/v7.42.0/i/elements/1000k-tag.svg,2009-09-27,2009-10-03,2009,9,,CZE,,JP,JPN,392,142,,Asia,East Asia,JPN,43.0,200.0,40000.0,64M/32Q/16D,Toray Pan Pacific Open,,72,3,24.0,7,2.3333333333333335,Lucie Safarova,,https://www.wtatennis.com/resources/v7.42.0/i/elements/flags/cze.svg,R16,W,"7-5, 6-4",https://www.wtatennis.com/players/310553/lucie-safarova,False,False,False,False,False,False,False,2,True,22,13,9,1,CZ,CZE,203,150,Europe,Central Europe,CZE,"7,5,None|6,4,None",,
3,Toray Pan Pacific Open,,https://www.wtatennis.com/tournaments/1056/tokyo/2009,Premier 5,Hard,https://www.wtatennis.com/resources/v7.42.0/i/elements/1000k-tag.svg,2009-09-27,2009-10-03,2009,9,,CHN,,JP,JPN,392,142,,Asia,East Asia,JPN,32.0,200.0,40000.0,64M/32Q/16D,Toray Pan Pacific Open,,72,3,24.0,7,2.3333333333333335,Jie Zheng,,https://www.wtatennis.com/resources/v7.42.0/i/elements/flags/chn.svg,R32,W,"6-1, 6-1",https://www.wtatennis.com/players/260144/jie-zheng,False,False,False,False,False,False,False,2,True,14,12,2,1,CN,CHN,156,142,Asia,East Asia,CHN,"6,1,None|6,1,None",,
4,Toray Pan Pacific Open,,https://www.wtatennis.com/tournaments/1056/tokyo/2009,Premier 5,Hard,https://www.wtatennis.com/resources/v7.42.0/i/elements/1000k-tag.svg,2009-09-27,2009-10-03,2009,9,,,,JP,JPN,392,142,,Asia,East Asia,JPN,,200.0,40000.0,64M/32Q/16D,Toray Pan Pacific Open,,72,3,24.0,7,2.3333333333333335,,,,R64,,Bye,,False,False,True,False,False,False,False,0,False,0,0,0,0,,,,,,,,,,
1,US Open,https://photoresources.wtatennis.com/photo-resources/2026/04/16/8d0a3d41-7b45-434b-a75b-b7d2eb0922b4/WTA-Tournament_US-Open.png?height=128,https://www.wtatennis.com/tournaments/905/us-open/2009,Grand Slam,Hard,https://www.wtatennis.com/resources/v7.42.0/i/elements/gs-tag.svg,2009-08-31,2009-09-13,2009,8,,ITA,,US,USA,840,019,,America,Northern America,USA,28.0,160.0,47016.0,128M/128Q/64D,Us Open,,55,3,18.333333333333332,7,2.3333333333333335,Francesca Schiavone,26.0,https://www.wtatennis.com/resources/v7.42.0/i/elements/flags/ita.svg,R32,L,"6-4, 2-6, 2-6",https://www.wtatennis.com/players/190666/francesca-schiavone,False,False,False,False,False,False,False,3,True,26,10,16,0,IT,ITA,380,150,Europe,Southern Europe,ITA,"6,4,None|2,6,None|2,6,None",,
2,US Open,https://photoresources.wtatennis.com/photo-resources/2026/04/16/8d0a3d41-7b45-434b-a75b-b7d2eb0922b4/WTA-Tournament_US-Open.png?height=128,https://www.wtatennis.com/tournaments/905/us-open/2009,Grand Slam,Hard,https://www.wtatennis.com/resources/v7.42.0/i/elements/gs-tag.svg,2009-08-31,2009-09-13,2009,8,,CZE,,US,USA,840,019,,America,Northern America,USA,117.0,160.0,47016.0,128M/128Q/64D,Us Open,,55,3,18.333333333333332,7,2.3333333333333335,Barbora Strycova,,https://www.wtatennis.com/resources/v7.42.0/i/elements/flags/cze.svg,R64,W,"6-2, 6-1",https://www.wtatennis.com/players/190879/barbora-strycova,False,False,False,False,False,False,False,2,True,15,12,3,1,CZ,CZE,203,150,Europe,Central Europe,CZE,"6,2,None|6,1,None",,
3,US Open,https://photoresources.wtatennis.com/photo-resources/2026/04/16/8d0a3d41-7b45-434b-a75b-b7d2eb0922b4/WTA-Tournament_US-Open.png?height=128,https://www.wtatennis.com/tournaments/905/us-open/2009,Grand Slam,Hard,https://www.wtatennis.com/resources/v7.42.0/i/elements/gs-tag.svg,2009-08-31,2009-09-13,2009,8,,ROU,,US,USA,840,019,,America,Northern America,USA,78.0,160.0,47016.0,128M/128Q/64D,Us Open,,55,3,18.333333333333332,7,2.3333333333333335,Alexandra Dulgheru,,https://www.wtatennis.com/resources/v7.42.0/i/elements/flags/rou.svg,R128,W,"6-1, 6-1",https://www.wtatennis.com/players/312712/alexandra-dulgheru,False,False,False,False,False,False,False,2,True,14,12,2,1,RO,ROU,642,150,Europe,Southeastern Europe,ROU,"6,1,None|6,1,None",,
1,Rogers Cup,,https://www.wtatennis.com/tournaments/806/montreal/2009,Premier 5,Hard,https://www.wtatennis.com/resources/v7.42.0/i/elements/1000k-tag.svg,2009-08-17,2009-08-23,2009,8,,BEL,,CA,CAN,124,019,,America,Northern America,CAN,,60.0,10275.0,64M/64Q/32D,Rogers Cup,,47,2,23.5,5,2.5,Kim Clijsters,,https://www.wtatennis.com/resources/v7.42.0/i/elements/flags/bel.svg,R32,L,"5-7, 6-4, 1-6",https://www.wtatennis.com/players/30458/kim-clijsters,False,False,False,False,False,False,False,3,False,29,12,17,0,BE,BEL,056,150,Europe,Western Europe,BEL,"5,7,None|6,4,None|1,6,None",,
2,Rogers Cup,,https://www.wtatennis.com/tournaments/806/montreal/2009,Premier 5,Hard,https://www.wtatennis.com/resources/v7.42.0/i/elements/1000k-tag.svg,2009-08-17,2009-08-23,2009,8,,CHN,,CA,CAN,124,019,,America,Northern America,CAN,37.0,60.0,10275.0,64M/64Q/32D,Rogers Cup,,47,2,23.5,5,2.5,Shuai Peng,,https://www.wtatennis.com/resources/v7.42.0/i/elements/flags/chn.svg,R64,W,"6-3, 6-3",https://www.wtatennis.com/players/160471/shuai-peng,False,False,False,False,False,False,False,2,True,18,12,6,1,CN,CHN,156,142,Asia,East Asia,CHN,"6,3,None|6,3,None",,
1,Western & Southern Financial Group Women'S Open,,https://www.wtatennis.com/tournaments/1017/cincinnati/2009,Premier 5,Hard,https://www.wtatennis.com/resources/v7.42.0/i/elements/1000k-tag.svg,2009-08-10,2009-08-16,2009,8,,SRB,,US,USA,840,019,,America,Northern America,USA,5.0,110.0,20000.0,64M/32Q/32D,Western & Southern Financial Group Women'S Open,,65,3,21.666666666666668,6,2.0,Jelena Jankovic,5.0,https://www.wtatennis.com/resources/v7.42.0/i/elements/flags/srb.svg,R16,L,"5-7, 6-7 (4)",https://www.wtatennis.com/players/100153/jelena-jankovic,False,False,False,False,True,False,True,2,False,25,11,14,0,RS,SRB,688,150,Europe,Southeastern Europe,SRB,"5,7,None|6,7,4",,
2,Western & Southern Financial Group Women'S Open,,https://www.wtatennis.com/tournaments/1017/cincinnati/2009,Premier 5,Hard,https://www.wtatennis.com/resources/v7.42.0/i/elements/1000k-tag.svg,2009-08-10,2009-08-16,2009,8,,RUS,,US,USA,840,019,,America,Northern America,USA,51.0,110.0,20000.0,64M/32Q/32D,Western & Southern Financial Group Women'S Open,,65,3,21.666666666666668,6,2.0,Anna Chakvetadze,,https://www.wtatennis.com/resources/v7.42.0/i/elements/flags/rus.svg,R32,W,"6-4, 6-2",https://www.wtatennis.com/players/310623/anna-chakvetadze,False,False,False,False,False,False,False,2,True,18,12,6,1,RU,RUS,643,150,Europe,Eastern Europe,RUS,"6,4,None|6,2,None",,
3,Western & Southern Financial Group Women'S Open,,https://www.wtatennis.com/tournaments/1017/cincinnati/2009,Premier 5,Hard,https://www.wtatennis.com/resources/v7.42.0/i/elements/1000k-tag.svg,2009-08-10,2009-08-16,2009,8,,EST,,US,USA,840,019,,America,Northern America,USA,25.0,110.0,20000.0,64M/32Q/32D,Western & Southern Financial Group Women'S Open,,65,3,21.666666666666668,6,2.0,Kaia Kanepi,,https://www.wtatennis.com/resources/v7.42.0/i/elements/flags/est.svg,R64,W,"6-3, 7-6 (2)",https://www.wtatennis.com/players/110536/kaia-kanepi,False,False,False,False,True,False,True,2,True,22,13,9,1,EE,EST,233,150,Europe,Northern Europe,EST,"6,3,None|7,6,2",,
1,"La Women'S Tennis Championships Presented By Herbalife- Los Angeles, California",,https://www.wtatennis.com/tournaments/805/los-angeles/2009,Premier,Hard,https://www.wtatennis.com/resources/v7.42.0/i/elements/500k-tag.svg,2009-08-03,2009-08-09,2009,8,,RUS,,US,USA,840,019,,America,Northern America,USA,61.0,1.0,3830.0,64M/32Q/16D,"La Women'S Tennis Championships Presented By Herbalife- Los Angeles, California",,31,1,31.0,3,3.0,Maria Sharapova,,https://www.wtatennis.com/resources/v7.42.0/i/elements/flags/rus.svg,R32,L,"7-6 (4), 4-6, 2-6",https://www.wtatennis.com/players/310137/maria-sharapova,False,False,False,True,False,False,True,3,True,31,13,18,0,RU,RUS,643,150,Europe,Eastern Europe,RUS,"7,6,4|4,6,None|2,6,None",,
2,"La Women'S Tennis Championships Presented By Herbalife- Los Angeles, California",,https://www.wtatennis.com/tournaments/805/los-angeles/2009,Premier,Hard,https://www.wtatennis.com/resources/v7.42.0/i/elements/500k-tag.svg,2009-08-03,2009-08-09,2009,8,,,,US,USA,840,019,,America,Northern America,USA,,1.0,3830.0,64M/32Q/16D,"La Women'S Tennis Championships Presented By Herbalife- Los Angeles, California",,31,1,31.0,3,3.0,,,,R64,,Bye,,False,False,True,False,False,False,False,0,False,0,0,0,0,,,,,,,,,,
1,Wimbledon,https://photoresources.wtatennis.com/photo-resources/2026/04/16/d29814e6-6e80-4015-b680-9a7f3cb065c3/WTA-Tournament_Wimbledon.png?height=128,https://www.wtatennis.com/tournaments/904/wimbledon/2009,Grand Slam,Grass,https://www.wtatennis.com/resources/v7.42.0/i/elements/gs-tag.svg,2009-06-22,2009-07-05,2009,6,,USA,,GB,GBR,826,150,United States of America|America|USA|US,Europe,Northern Europe,ENG,2.0,500.0,182078.0,128M/128Q/64D,The Championships,,89,5,17.8,10,2.0,Serena Williams,2.0,https://www.wtatennis.com/resources/v7.42.0/i/elements/flags/usa.svg,QF,L,"2-6, 3-6",https://www.wtatennis.com/players/230234/serena-williams,False,False,False,False,False,False,False,2,False,17,5,12,0,US,USA,840,019,America,Northern America,USA,"2,6,None|3,6,None",,
2,Wimbledon,https://photoresources.wtatennis.com/photo-resources/2026/04/16/d29814e6-6e80-4015-b680-9a7f3cb065c3/WTA-Tournament_Wimbledon.png?height=128,https://www.wtatennis.com/tournaments/904/wimbledon/2009,Grand Slam,Grass,https://www.wtatennis.com/resources/v7.42.0/i/elements/gs-tag.svg,2009-06-22,2009-07-05,2009,6,,RUS,,GB,GBR,826,150,,Europe,Northern Europe,ENG,10.0,500.0,182078.0,128M/128Q/64D,The Championships,,89,5,17.8,10,2.0,Nadia Petrova,10.0,https://www.wtatennis.com/resources/v7.42.0/i/elements/flags/rus.svg,R16,W,"7-6 (5), 2-6, 6-3",https://www.wtatennis.com/players/160379/nadia-petrova,False,False,False,True,False,False,True,3,True,30,15,15,1,RU,RUS,643,150,Europe,Eastern Europe,RUS,"7,6,5|2,6,None|6,3,None",,
3,Wimbledon,https://photoresources.wtatennis.com/photo-resources/2026/04/16/d29814e6-6e80-4015-b680-9a7f3cb065c3/WTA-Tournament_Wimbledon.png?height=128,https://www.wtatennis.com/tournaments/904/wimbledon/2009,Grand Slam,Grass,https://www.wtatennis.com/resources/v7.42.0/i/elements/gs-tag.svg,2009-06-22,2009-07-05,2009,6,,ROU,,GB,GBR,826,150,,Europe,Northern Europe,ENG,27.0,500.0,182078.0,128M/128Q/64D,The Championships,,89,5,17.8,10,2.0,Sorana Cirstea,28.0,https://www.wtatennis.com/resources/v7.42.0/i/elements/flags/rou.svg,R32,W,"7-6 (2), 6-3",https://www.wtatennis.com/players/312469/sorana-cirstea,False,False,False,True,False,False,True,2,True,22,13,9,1,RO,ROU,642,150,Europe,Southeastern Europe,ROU,"7,6,2|6,3,None",,
4,Wimbledon,https://photoresources.wtatennis.com/photo-resources/2026/04/16/d29814e6-6e80-4015-b680-9a7f3cb065c3/WTA-Tournament_Wimbledon.png?height=128,https://www.wtatennis.com/tournaments/904/wimbledon/2009,Grand Slam,Grass,https://www.wtatennis.com/resources/v7.42.0/i/elements/gs-tag.svg,2009-06-22,2009-07-05,2009,6,,ROU,,GB,GBR,826,150,,Europe,Northern Europe,ENG,75.0,500.0,182078.0,128M/128Q/64D,The Championships,,89,5,17.8,10,2.0,Raluca Olaru,,https://www.wtatennis.com/resources/v7.42.0/i/elements/flags/rou.svg,R64,W,"6-0, 6-0",https://www.wtatennis.com/players/311766/raluca-olaru,False,False,False,False,False,False,False,2,True,12,12,0,1,RO,ROU,642,150,Europe,Southeastern Europe,ROU,"6,0,None|6,0,None",,
5,Wimbledon,https://photoresources.wtatennis.com/photo-resources/2026/04/16/d29814e6-6e80-4015-b680-9a7f3cb065c3/WTA-Tournament_Wimbledon.png?height=128,https://www.wtatennis.com/tournaments/904/wimbledon/2009,Grand Slam,Grass,https://www.wtatennis.com/resources/v7.42.0/i/elements/gs-tag.svg,2009-06-22,2009-07-05,2009,6,,FRA,,GB,GBR,826,150,,Europe,Northern Europe,ENG,95.0,500.0,182078.0,128M/128Q/64D,The Championships,,89,5,17.8,10,2.0,Severine Beltrame,,https://www.wtatennis.com/resources/v7.42.0/i/elements/flags/fra.svg,R128,W,6-2,https://www.wtatennis.com/players/20553/severine-beltrame,True,False,False,False,False,False,False,1,True,8,6,2,1,FR,FRA,250,150,Europe,Western Europe,FRA,"6,2,None|Ret",,
1,Roland Garros,,https://www.wtatennis.com/tournaments/903/roland-garros/2009,Grand Slam,Clay,https://www.wtatennis.com/resources/v7.42.0/i/elements/gs-tag.svg,2009-05-24,2009-06-07,2009,5,,RUS,,FR,FRA,250,150,,Europe,Western Europe,FRA,1.0,500.0,187185.0,128M/128Q/64D,Roland Garros,,117,5,23.4,12,2.4,Dinara Safina,1.0,https://www.wtatennis.com/resources/v7.42.0/i/elements/flags/rus.svg,QF,L,"6-1, 4-6, 2-6",https://www.wtatennis.com/players/190950/dinara-safina,False,False,False,False,False,False,False,3,True,25,12,13,0,RU,RUS,643,150,Europe,Eastern Europe,RUS,"6,1,None|4,6,None|2,6,None",,
2,Roland Garros,,https://www.wtatennis.com/tournaments/903/roland-garros/2009,Grand Slam,Clay,https://www.wtatennis.com/resources/v7.42.0/i/elements/gs-tag.svg,2009-05-24,2009-06-07,2009,5,,SRB,,FR,FRA,250,150,,Europe,Western Europe,FRA,8.0,500.0,187185.0,128M/128Q/64D,Roland Garros,,117,5,23.4,12,2.4,Ana Ivanovic,8.0,https://www.wtatennis.com/resources/v7.42.0/i/elements/flags/srb.svg,R16,W,"6-2, 6-3",https://www.wtatennis.com/players/311710/ana-ivanovic,False,False,False,False,False,False,False,2,True,17,12,5,1,RS,SRB,688,150,Europe,Southeastern Europe,SRB,"6,2,None|6,3,None",,
3,Roland Garros,,https://www.wtatennis.com/tournaments/903/roland-garros/2009,Grand Slam,Clay,https://www.wtatennis.com/resources/v7.42.0/i/elements/gs-tag.svg,2009-05-24,2009-06-07,2009,5,,ESP,,FR,FRA,250,150,Kingdom of Spain,Europe,Western Europe,FRA,22.0,500.0,187185.0,128M/128Q/64D,Roland Garros,,117,5,23.4,12,2.4,Carla Suárez Navarro,22.0,https://www.wtatennis.com/resources/v7.42.0/i/elements/flags/esp.svg,R32,W,"5-7, 7-5, 6-2",https://www.wtatennis.com/players/311338/carla-su-rez-navarro,False,False,False,False,False,False,False,3,False,32,18,14,1,ES,ESP,724,150,Europe,Southern Europe,ESP,"5,7,None|7,5,None|6,2,None",,
4,Roland Garros,,https://www.wtatennis.com/tournaments/903/roland-garros/2009,Grand Slam,Clay,https://www.wtatennis.com/resources/v7.42.0/i/elements/gs-tag.svg,2009-05-24,2009-06-07,2009,5,,GER,,FR,FRA,250,150,,Europe,Western Europe,FRA,74.0,500.0,187185.0,128M/128Q/64D,Roland Garros,,117,5,23.4,12,2.4,Kristina Barrois,,https://www.wtatennis.com/resources/v7.42.0/i/elements/flags/ger.svg,R64,W,"7-6 (1), 7-5",https://www.wtatennis.com/players/312578/kristina-barrois,False,False,False,True,False,False,True,2,True,25,14,11,1,DE,DEU,276,150,Europe,Central Europe,GER,"7,6,1|7,5,None",,
5,Roland Garros,,https://www.wtatennis.com/tournaments/903/roland-garros/2009,Grand Slam,Clay,https://www.wtatennis.com/resources/v7.42.0/i/elements/gs-tag.svg,2009-05-24,2009-06-07,2009,5,,ITA,,FR,FRA,250,150,,Europe,Western Europe,FRA,54.0,500.0,187185.0,128M/128Q/64D,Roland Garros,,117,5,23.4,12,2.4,Roberta Vinci,,https://www.wtatennis.com/resources/v7.42.0/i/elements/flags/ita.svg,R128,W,"6-4, 6-2",https://www.wtatennis.com/players/220214/roberta-vinci,False,False,False,False,False,False,False,2,True,18,12,6,1,IT,ITA,380,150,Europe,Southern Europe,ITA,"6,4,None|6,2,None",,
1,"Mutua Madrilena Madrid Open-Madrid, Spain",,https://www.wtatennis.com/tournaments/1038/madrid/2009,Premier Mandatory,Clay,https://www.wtatennis.com/resources/v7.42.0/i/elements/1000k-tag.svg,2009-05-09,2009-05-17,2009,5,,HUN,,ES,ESP,724,150,,Europe,Southern Europe,ESP,38.0,140.0,36907.0,64M/32Q/32D,"Mutua Madrilena Madrid Open-Madrid, Spain",,43,2,21.5,5,2.5,Agnes Szavay,,https://www.wtatennis.com/resources/v7.42.0/i/elements/flags/hun.svg,R16,L,"6-4, 2-6, 2-6",https://www.wtatennis.com/players/311872/agnes-szavay,False,False,False,False,False,False,False,3,True,26,10,16,0,HU,HUN,348,150,Europe,Central Europe,HUN,"6,4,None|2,6,None|2,6,None",,
2,"Mutua Madrilena Madrid Open-Madrid, Spain",,https://www.wtatennis.com/tournaments/1038/madrid/2009,Premier Mandatory,Clay,https://www.wtatennis.com/resources/v7.42.0/i/elements/1000k-tag.svg,2009-05-09,2009-05-17,2009,5,,CHN,,ES,ESP,724,150,,Europe,Southern Europe,ESP,32.0,140.0,36907.0,64M/32Q/32D,"Mutua Madrilena Madrid Open-Madrid, Spain",,43,2,21.5,5,2.5,Shuai Peng,,https://www.wtatennis.com/resources/v7.42.0/i/elements/flags/chn.svg,R32,W,"6-4, 6-1",https://www.wtatennis.com/players/160471/shuai-peng,False,False,False,False,False,False,False,2,True,17,12,5,1,CN,CHN,156,142,Asia,East Asia,CHN,"6,4,None|6,1,None",,
3,"Mutua Madrilena Madrid Open-Madrid, Spain",,https://www.wtatennis.com/tournaments/1038/madrid/2009,Premier Mandatory,Clay,https://www.wtatennis.com/resources/v7.42.0/i/elements/1000k-tag.svg,2009-05-09,2009-05-17,2009,5,,,,ES,ESP,724,150,,Europe,Southern Europe,ESP,,140.0,36907.0,64M/32Q/32D,"Mutua Madrilena Madrid Open-Madrid, Spain",,43,2,21.5,5,2.5,,,,R64,,Bye,,False,False,True,False,False,False,False,0,False,0,0,0,0,,,,,,,,,,
1,International Bnl D'Italia,,https://www.wtatennis.com/tournaments/709/rome/2009,Premier 5,Clay,https://www.wtatennis.com/resources/v7.42.0/i/elements/1000k-tag.svg,2009-05-03,2009-05-09,2009,5,,RUS,,IT,ITA,380,150,,Europe,Southern Europe,ITA,8.0,350.0,87500.0,64M/32Q/32D,International Bnl D'Italia,,62,4,15.5,7,1.75,Svetlana Kuznetsova,7.0,https://www.wtatennis.com/resources/v7.42.0/i/elements/flags/rus.svg,SF,L,"2-6, 4-6",https://www.wtatennis.com/players/110552/svetlana-kuznetsova,False,False,False,False,False,False,False,2,False,18,6,12,0,RU,RUS,643,150,Europe,Eastern Europe,RUS,"2,6,None|4,6,None",,
2,International Bnl D'Italia,,https://www.wtatennis.com/tournaments/709/rome/2009,Premier 5,Clay,https://www.wtatennis.com/resources/v7.42.0/i/elements/1000k-tag.svg,2009-05-03,2009-05-09,2009,5,,EST,,IT,ITA,380,150,,Europe,Southern Europe,ITA,19.0,350.0,87500.0,64M/32Q/32D,International Bnl D'Italia,,62,4,15.5,7,1.75,Kaia Kanepi,16.0,https://www.wtatennis.com/resources/v7.42.0/i/elements/flags/est.svg,QF,W,"7-6 (5), 6-3",https://www.wtatennis.com/players/110536/kaia-kanepi,False,False,False,True,False,False,True,2,True,22,13,9,1,EE,EST,233,150,Europe,Northern Europe,EST,"7,6,5|6,3,None",,
3,International Bnl D'Italia,,https://www.wtatennis.com/tournaments/709/rome/2009,Premier 5,Clay,https://www.wtatennis.com/resources/v7.42.0/i/elements/1000k-tag.svg,2009-05-03,2009-05-09,2009,5,,DEN,,IT,ITA,380,150,,Europe,Southern Europe,ITA,11.0,350.0,87500.0,64M/32Q/32D,International Bnl D'Italia,,62,4,15.5,7,1.75,Caroline Wozniacki,9.0,https://www.wtatennis.com/resources/v7.42.0/i/elements/flags/den.svg,R16,W,"6-2, 6-2",https://www.wtatennis.com/players/313402/caroline-wozniacki,False,False,False,False,False,False,False,2,True,16,12,4,1,DK,DNK,208,150,Europe,Northern Europe,DEN,"6,2,None|6,2,None",,
4,International Bnl D'Italia,,https://www.wtatennis.com/tournaments/709/rome/2009,Premier 5,Clay,https://www.wtatennis.com/resources/v7.42.0/i/elements/1000k-tag.svg,2009-05-03,2009-05-09,2009,5,,JPN,,IT,ITA,380,150,,Europe,Southern Europe,ITA,84.0,350.0,87500.0,64M/32Q/32D,International Bnl D'Italia,,62,4,15.5,7,1.75,Ayumi Morita,,https://www.wtatennis.com/resources/v7.42.0/i/elements/flags/jpn.svg,R32,W,6-0,https://www.wtatennis.com/players/312848/ayumi-morita,True,False,False,False,False,False,False,1,True,6,6,0,1,JP,JPN,392,142,Asia,East Asia,JPN,"6,0,None|Ret",,
5,International Bnl D'Italia,,https://www.wtatennis.com/tournaments/709/rome/2009,Premier 5,Clay,https://www.wtatennis.com/resources/v7.42.0/i/elements/1000k-tag.svg,2009-05-03,2009-05-09,2009,5,,,,IT,ITA,380,150,,Europe,Southern Europe,ITA,,350.0,87500.0,64M/32Q/32D,International Bnl D'Italia,,62,4,15.5,7,1.75,,,,R64,,Bye,,False,False,True,False,False,False,False,0,False,0,0,0,0,,,,,,,,,,
1,Porsche Tennis Grand Prix,,https://www.wtatennis.com/tournaments/1051/stuttgart/2009,Premier,Clay,https://www.wtatennis.com/resources/v7.42.0/i/elements/500k-tag.svg,2009-04-27,2009-05-03,2009,4,,ARG,,DE,DEU,276,150,,Europe,Central Europe,GER,34.0,60.0,8590.0,32M/32Q/16D,Porsche Tennis Grand Prix,,36,2,18.0,4,2.0,Gisela Dulko,,https://www.wtatennis.com/resources/v7.42.0/i/elements/flags/arg.svg,R16,L,"4-6, 3-6",https://www.wtatennis.com/players/40388/gisela-dulko,False,False,False,False,False,False,False,2,False,19,7,12,0,AR,ARG,032,019,America,Southern South America,ARG,"4,6,None|3,6,None",,
2,Porsche Tennis Grand Prix,,https://www.wtatennis.com/tournaments/1051/stuttgart/2009,Premier,Clay,https://www.wtatennis.com/resources/v7.42.0/i/elements/500k-tag.svg,2009-04-27,2009-05-03,2009,4,,ESP,,DE,DEU,276,150,Kingdom of Spain,Europe,Central Europe,GER,24.0,60.0,8590.0,32M/32Q/16D,Porsche Tennis Grand Prix,,36,2,18.0,4,2.0,Carla Suárez Navarro,,https://www.wtatennis.com/resources/v7.42.0/i/elements/flags/esp.svg,R32,W,"6-1, 6-4",https://www.wtatennis.com/players/311338/carla-su-rez-navarro,False,False,False,False,False,False,False,2,True,17,12,5,1,ES,ESP,724,150,Europe,Southern Europe,ESP,"6,1,None|6,4,None",,
1,Sony Ericsson Open,https://photoresources.wtatennis.com/photo-resources/2026/04/16/e0f2d5a2-cc05-4b2a-8377-f57edf6eaaa2/WTA-Tournament_Miami-2024.png?height=128,https://www.wtatennis.com/tournaments/902/miami/2009,Premier Mandatory,Hard,https://www.wtatennis.com/resources/v7.42.0/i/elements/1000k-tag.svg,2009-03-25,2009-04-05,2009,3,,USA,,US,USA,840,019,United States of America|America|USA|US,America,Northern America,USA,1.0,1000.0,700000.0,128M/64Q/32D,Sony Ericsson Open,,109,6,18.166666666666668,13,2.1666666666666665,Serena Williams,1.0,https://www.wtatennis.com/resources/v7.42.0/i/elements/flags/usa.svg,F,W,"6-3, 6-1",https://www.wtatennis.com/players/230234/serena-williams,False,False,False,False,False,False,False,2,True,16,12,4,1,US,USA,840,019,America,Northern America,USA,"6,3,None|6,1,None",,
2,Sony Ericsson Open,https://photoresources.wtatennis.com/photo-resources/2026/04/16/e0f2d5a2-cc05-4b2a-8377-f57edf6eaaa2/WTA-Tournament_Miami-2024.png?height=128,https://www.wtatennis.com/tournaments/902/miami/2009,Premier Mandatory,Hard,https://www.wtatennis.com/resources/v7.42.0/i/elements/1000k-tag.svg,2009-03-25,2009-04-05,2009,3,,RUS,,US,USA,840,019,,America,Northern America,USA,8.0,1000.0,700000.0,128M/64Q/32D,Sony Ericsson Open,,109,6,18.166666666666668,13,2.1666666666666665,Svetlana Kuznetsova,8.0,https://www.wtatennis.com/resources/v7.42.0/i/elements/flags/rus.svg,SF,W,"6-3, 2-6, 7-5",https://www.wtatennis.com/players/110552/svetlana-kuznetsova,False,False,False,False,False,False,False,3,True,29,15,14,1,RU,RUS,643,150,Europe,Eastern Europe,RUS,"6,3,None|2,6,None|7,5,None",,
3,Sony Ericsson Open,https://photoresources.wtatennis.com/photo-resources/2026/04/16/e0f2d5a2-cc05-4b2a-8377-f57edf6eaaa2/WTA-Tournament_Miami-2024.png?height=128,https://www.wtatennis.com/tournaments/902/miami/2009,Premier Mandatory,Hard,https://www.wtatennis.com/resources/v7.42.0/i/elements/1000k-tag.svg,2009-03-25,2009-04-05,2009,3,,AUS,,US,USA,840,019,,America,Northern America,USA,42.0,1000.0,700000.0,128M/64Q/32D,Sony Ericsson Open,,109,6,18.166666666666668,13,2.1666666666666665,Samantha Stosur,,https://www.wtatennis.com/resources/v7.42.0/i/elements/flags/aus.svg,QF,W,"6-1, 6-0",https://www.wtatennis.com/players/190787/samantha-stosur,False,False,False,False,False,False,False,2,True,13,12,1,1,AU,AUS,036,009,Oceania,Australasia,AUS,"6,1,None|6,0,None",,
4,Sony Ericsson Open,https://photoresources.wtatennis.com/photo-resources/2026/04/16/e0f2d5a2-cc05-4b2a-8377-f57edf6eaaa2/WTA-Tournament_Miami-2024.png?height=128,https://www.wtatennis.com/tournaments/902/miami/2009,Premier Mandatory,Hard,https://www.wtatennis.com/resources/v7.42.0/i/elements/1000k-tag.svg,2009-03-25,2009-04-05,2009,3,,HUN,,US,USA,840,019,,America,Northern America,USA,25.0,1000.0,700000.0,128M/64Q/32D,Sony Ericsson Open,,109,6,18.166666666666668,13,2.1666666666666665,Agnes Szavay,25.0,https://www.wtatennis.com/resources/v7.42.0/i/elements/flags/hun.svg,R16,W,"6-2, 6-4",https://www.wtatennis.com/players/311872/agnes-szavay,False,False,False,False,False,False,False,2,True,18,12,6,1,HU,HUN,348,150,Europe,Central Europe,HUN,"6,2,None|6,4,None",,
5,Sony Ericsson Open,https://photoresources.wtatennis.com/photo-resources/2026/04/16/e0f2d5a2-cc05-4b2a-8377-f57edf6eaaa2/WTA-Tournament_Miami-2024.png?height=128,https://www.wtatennis.com/tournaments/902/miami/2009,Premier Mandatory,Hard,https://www.wtatennis.com/resources/v7.42.0/i/elements/1000k-tag.svg,2009-03-25,2009-04-05,2009,3,,RUS,,US,USA,840,019,,America,Northern America,USA,23.0,1000.0,700000.0,128M/64Q/32D,Sony Ericsson Open,,109,6,18.166666666666668,13,2.1666666666666665,Anna Chakvetadze,22.0,https://www.wtatennis.com/resources/v7.42.0/i/elements/flags/rus.svg,R32,W,"6-1, 6-4",https://www.wtatennis.com/players/310623/anna-chakvetadze,False,False,False,False,False,False,False,2,True,17,12,5,1,RU,RUS,643,150,Europe,Eastern Europe,RUS,"6,1,None|6,4,None",,
6,Sony Ericsson Open,https://photoresources.wtatennis.com/photo-resources/2026/04/16/e0f2d5a2-cc05-4b2a-8377-f57edf6eaaa2/WTA-Tournament_Miami-2024.png?height=128,https://www.wtatennis.com/tournaments/902/miami/2009,Premier Mandatory,Hard,https://www.wtatennis.com/resources/v7.42.0/i/elements/1000k-tag.svg,2009-03-25,2009-04-05,2009,3,,RUS,,US,USA,840,019,,America,Northern America,USA,27.0,1000.0,700000.0,128M/64Q/32D,Sony Ericsson Open,,109,6,18.166666666666668,13,2.1666666666666665,Anastasia Pavlyuchenkova,,https://www.wtatennis.com/resources/v7.42.0/i/elements/flags/rus.svg,R64,W,"6-2, 6-2",https://www.wtatennis.com/players/313796/anastasia-pavlyuchenkova,False,False,False,False,False,False,False,2,True,16,12,4,1,RU,RUS,643,150,Europe,Eastern Europe,RUS,"6,2,None|6,2,None",,
7,Sony Ericsson Open,https://photoresources.wtatennis.com/photo-resources/2026/04/16/e0f2d5a2-cc05-4b2a-8377-f57edf6eaaa2/WTA-Tournament_Miami-2024.png?height=128,https://www.wtatennis.com/tournaments/902/miami/2009,Premier Mandatory,Hard,https://www.wtatennis.com/resources/v7.42.0/i/elements/1000k-tag.svg,2009-03-25,2009-04-05,2009,3,,,,US,USA,840,019,,America,Northern America,USA,,1000.0,700000.0,128M/64Q/32D,Sony Ericsson Open,,109,6,18.166666666666668,13,2.1666666666666665,,,,R128,,Bye,,False,False,True,False,False,False,False,0,False,0,0,0,0,,,,,,,,,,
1,Bnp Paribas Open,https://photoresources.wtatennis.com/photo-resources/2026/04/16/a1736320-dd92-4829-8aa8-846c2edef410/WTA-Tournament_Indian-Wells-2017.png?height=128,https://www.wtatennis.com/tournaments/609/indian-wells/2009,Premier Mandatory,Hard,https://www.wtatennis.com/resources/v7.42.0/i/elements/1000k-tag.svg,2009-03-11,2009-03-22,2009,3,,RUS,,US,USA,840,019,,America,Northern America,USA,6.0,450.0,150000.0,128M/64Q/32D,Bnp Paribas Open,,121,5,24.2,12,2.4,Vera Zvonareva,4.0,https://www.wtatennis.com/resources/v7.42.0/i/elements/flags/rus.svg,SF,L,"3-6, 3-6",https://www.wtatennis.com/players/260142/vera-zvonareva,False,False,False,False,False,False,False,2,False,18,6,12,0,RU,RUS,643,150,Europe,Eastern Europe,RUS,"3,6,None|3,6,None",,
2,Bnp Paribas Open,https://photoresources.wtatennis.com/photo-resources/2026/04/16/a1736320-dd92-4829-8aa8-846c2edef410/WTA-Tournament_Indian-Wells-2017.png?height=128,https://www.wtatennis.com/tournaments/609/indian-wells/2009,Premier Mandatory,Hard,https://www.wtatennis.com/resources/v7.42.0/i/elements/1000k-tag.svg,2009-03-11,2009-03-22,2009,3,,RUS,,US,USA,840,019,,America,Northern America,USA,2.0,450.0,150000.0,128M/64Q/32D,Bnp Paribas Open,,121,5,24.2,12,2.4,Dinara Safina,1.0,https://www.wtatennis.com/resources/v7.42.0/i/elements/flags/rus.svg,QF,W,"6-7 (4), 6-1, 6-3",https://www.wtatennis.com/players/190950/dinara-safina,False,False,False,True,False,False,True,3,False,29,18,11,1,RU,RUS,643,150,Europe,Eastern Europe,RUS,"6,7,4|6,1,None|6,3,None",,
3,Bnp Paribas Open,https://photoresources.wtatennis.com/photo-resources/2026/04/16/a1736320-dd92-4829-8aa8-846c2edef410/WTA-Tournament_Indian-Wells-2017.png?height=128,https://www.wtatennis.com/tournaments/609/indian-wells/2009,Premier Mandatory,Hard,https://www.wtatennis.com/resources/v7.42.0/i/elements/1000k-tag.svg,2009-03-11,2009-03-22,2009,3,,ISR,,US,USA,840,019,,America,Northern America,USA,49.0,450.0,150000.0,128M/64Q/32D,Bnp Paribas Open,,121,5,24.2,12,2.4,Shahar Peer,,https://www.wtatennis.com/resources/v7.42.0/i/elements/flags/isr.svg,R16,W,"7-5, 6-4",https://www.wtatennis.com/players/311168/shahar-peer,False,False,False,False,False,False,False,2,True,22,13,9,1,IL,ISR,376,142,Asia,Western Asia,ISR,"7,5,None|6,4,None",,
4,Bnp Paribas Open,https://photoresources.wtatennis.com/photo-resources/2026/04/16/a1736320-dd92-4829-8aa8-846c2edef410/WTA-Tournament_Indian-Wells-2017.png?height=128,https://www.wtatennis.com/tournaments/609/indian-wells/2009,Premier Mandatory,Hard,https://www.wtatennis.com/resources/v7.42.0/i/elements/1000k-tag.svg,2009-03-11,2009-03-22,2009,3,,RUS,,US,USA,840,019,,America,Northern America,USA,56.0,450.0,150000.0,128M/64Q/32D,Bnp Paribas Open,,121,5,24.2,12,2.4,Elena Vesnina,,https://www.wtatennis.com/resources/v7.42.0/i/elements/flags/rus.svg,R32,W,"6-3, 7-5",https://www.wtatennis.com/players/311220/elena-vesnina,False,False,False,False,False,False,False,2,True,21,13,8,1,RU,RUS,643,150,Europe,Eastern Europe,RUS,"6,3,None|7,5,None",,
5,Bnp Paribas Open,https://photoresources.wtatennis.com/photo-resources/2026/04/16/a1736320-dd92-4829-8aa8-846c2edef410/WTA-Tournament_Indian-Wells-2017.png?height=128,https://www.wtatennis.com/tournaments/609/indian-wells/2009,Premier Mandatory,Hard,https://www.wtatennis.com/resources/v7.42.0/i/elements/1000k-tag.svg,2009-03-11,2009-03-22,2009,3,,KAZ,,US,USA,840,019,,America,Northern America,USA,130.0,450.0,150000.0,128M/64Q/32D,Bnp Paribas Open,,121,5,24.2,12,2.4,Yaroslava Shvedova,,https://www.wtatennis.com/resources/v7.42.0/i/elements/flags/kaz.svg,R64,W,"4-6, 7-5, 6-3",https://www.wtatennis.com/players/311137/yaroslava-shvedova,False,False,False,False,False,False,False,3,False,31,17,14,1,KZ,KAZ,398,142,Asia,Central Asia,KAZ,"4,6,None|7,5,None|6,3,None",,
6,Bnp Paribas Open,https://photoresources.wtatennis.com/photo-resources/2026/04/16/a1736320-dd92-4829-8aa8-846c2edef410/WTA-Tournament_Indian-Wells-2017.png?height=128,https://www.wtatennis.com/tournaments/609/indian-wells/2009,Premier Mandatory,Hard,https://www.wtatennis.com/resources/v7.42.0/i/elements/1000k-tag.svg,2009-03-11,2009-03-22,2009,3,,,,US,USA,840,019,,America,Northern America,USA,,450.0,150000.0,128M/64Q/32D,Bnp Paribas Open,,121,5,24.2,12,2.4,,,,R128,,Bye,,False,False,True,False,False,False,False,0,False,0,0,0,0,,,,,,,,,,
1,"Regions Morgan Keegan & Cellular South Cup- Memphis, Tn",,https://www.wtatennis.com/tournaments/1012/memphis/2009,International,Hard,https://www.wtatennis.com/resources/v7.42.0/i/elements/250k-tag.svg,2009-02-15,2009-02-21,2009,2,,DEN,,US,USA,840,019,,America,Northern America,USA,12.0,280.0,37000.0,32M/16Q/16D,"Regions Morgan Keegan & Cellular South Cup- Memphis, Tn",,98,5,19.6,11,2.2,Caroline Wozniacki,1.0,https://www.wtatennis.com/resources/v7.42.0/i/elements/flags/den.svg,F,W,"6-1, 6-3",https://www.wtatennis.com/players/313402/caroline-wozniacki,False,False,False,False,False,False,False,2,True,16,12,4,1,DK,DNK,208,150,Europe,Northern Europe,DEN,"6,1,None|6,3,None",,
2,"Regions Morgan Keegan & Cellular South Cup- Memphis, Tn",,https://www.wtatennis.com/tournaments/1012/memphis/2009,International,Hard,https://www.wtatennis.com/resources/v7.42.0/i/elements/250k-tag.svg,2009-02-15,2009-02-21,2009,2,,GER,,US,USA,840,019,,America,Northern America,USA,59.0,280.0,37000.0,32M/16Q/16D,"Regions Morgan Keegan & Cellular South Cup- Memphis, Tn",,98,5,19.6,11,2.2,Sabine Lisicki,6.0,https://www.wtatennis.com/resources/v7.42.0/i/elements/flags/ger.svg,SF,W,"6-4, 3-6, 7-6 (1)",https://www.wtatennis.com/players/312520/sabine-lisicki,False,False,False,False,False,True,True,3,True,32,16,16,1,DE,DEU,276,150,Europe,Central Europe,GER,"6,4,None|3,6,None|7,6,1",,
3,"Regions Morgan Keegan & Cellular South Cup- Memphis, Tn",,https://www.wtatennis.com/tournaments/1012/memphis/2009,International,Hard,https://www.wtatennis.com/resources/v7.42.0/i/elements/250k-tag.svg,2009-02-15,2009-02-21,2009,2,,FRA,,US,USA,840,019,,America,Northern America,USA,86.0,280.0,37000.0,32M/16Q/16D,"Regions Morgan Keegan & Cellular South Cup- Memphis, Tn",,98,5,19.6,11,2.2,Pauline Parmentier,8.0,https://www.wtatennis.com/resources/v7.42.0/i/elements/flags/fra.svg,QF,W,"6-4, 6-2",https://www.wtatennis.com/players/160515/pauline-parmentier,False,False,False,False,False,False,False,2,True,18,12,6,1,FR,FRA,250,150,Europe,Western Europe,FRA,"6,4,None|6,2,None",,
4,"Regions Morgan Keegan & Cellular South Cup- Memphis, Tn",,https://www.wtatennis.com/tournaments/1012/memphis/2009,International,Hard,https://www.wtatennis.com/resources/v7.42.0/i/elements/250k-tag.svg,2009-02-15,2009-02-21,2009,2,,FRA,,US,USA,840,019,,America,Northern America,USA,88.0,280.0,37000.0,32M/16Q/16D,"Regions Morgan Keegan & Cellular South Cup- Memphis, Tn",,98,5,19.6,11,2.2,Stéphanie Cohen-Aloro,,https://www.wtatennis.com/resources/v7.42.0/i/elements/flags/fra.svg,R16,W,"6-2, 6-2",https://www.wtatennis.com/players/30501/st-phanie-cohen-aloro,False,False,False,False,False,False,False,2,True,16,12,4,1,FR,FRA,250,150,Europe,Western Europe,FRA,"6,2,None|6,2,None",,
5,"Regions Morgan Keegan & Cellular South Cup- Memphis, Tn",,https://www.wtatennis.com/tournaments/1012/memphis/2009,International,Hard,https://www.wtatennis.com/resources/v7.42.0/i/elements/250k-tag.svg,2009-02-15,2009-02-21,2009,2,,USA,,US,USA,840,019,United States of America|America|USA|US,America,Northern America,USA,125.0,280.0,37000.0,32M/16Q/16D,"Regions Morgan Keegan & Cellular South Cup- Memphis, Tn",,98,5,19.6,11,2.2,Varvara Lepchenko,,https://www.wtatennis.com/resources/v7.42.0/i/elements/flags/usa.svg,R32,W,"6-2, 6-2",https://www.wtatennis.com/players/120420/varvara-lepchenko,False,False,False,False,False,False,False,2,True,16,12,4,1,US,USA,840,019,America,Northern America,USA,"6,2,None|6,2,None",,
1,Australian Open,https://photoresources.wtatennis.com/photo-resources/2026/04/16/6b041ce4-8b08-4fff-be75-89d1c452c157/WTA-Tournament_Australian-Open.png?height=128,https://www.wtatennis.com/tournaments/901/australian-open/2009,Grand Slam,Hard,https://www.wtatennis.com/resources/v7.42.0/i/elements/gs-tag.svg,2009-01-19,2009-01-31,2009,1,,USA,,AU,AUS,036,009,United States of America|America|USA|US,Oceania,Australasia,AUS,2.0,280.0,60439.0,128M/128Q/64D,Australian Open,,53,4,13.25,7,1.75,Serena Williams,2.0,https://www.wtatennis.com/resources/v7.42.0/i/elements/flags/usa.svg,R16,L,"6-3, 2-4",https://www.wtatennis.com/players/230234/serena-williams,True,False,False,False,False,False,False,2,True,15,8,7,0,US,USA,840,019,America,Northern America,USA,"6,3,None|2,4,None|Ret",,
2,Australian Open,https://photoresources.wtatennis.com/photo-resources/2026/04/16/6b041ce4-8b08-4fff-be75-89d1c452c157/WTA-Tournament_Australian-Open.png?height=128,https://www.wtatennis.com/tournaments/901/australian-open/2009,Grand Slam,Hard,https://www.wtatennis.com/resources/v7.42.0/i/elements/gs-tag.svg,2009-01-19,2009-01-31,2009,1,,FRA,,AU,AUS,036,009,,Oceania,Australasia,AUS,22.0,280.0,60439.0,128M/128Q/64D,Australian Open,,53,4,13.25,7,1.75,Amélie Mauresmo,20.0,https://www.wtatennis.com/resources/v7.42.0/i/elements/flags/fra.svg,R32,W,"6-4, 6-2",https://www.wtatennis.com/players/130450/am-lie-mauresmo,False,False,False,False,False,False,False,2,True,18,12,6,1,FR,FRA,250,150,Europe,Western Europe,FRA,"6,4,None|6,2,None",,
3,Australian Open,https://photoresources.wtatennis.com/photo-resources/2026/04/16/6b041ce4-8b08-4fff-be75-89d1c452c157/WTA-Tournament_Australian-Open.png?height=128,https://www.wtatennis.com/tournaments/901/australian-open/2009,Grand Slam,Hard,https://www.wtatennis.com/resources/v7.42.0/i/elements/gs-tag.svg,2009-01-19,2009-01-31,2009,1,,ITA,,AU,AUS,036,009,,Oceania,Australasia,AUS,54.0,280.0,60439.0,128M/128Q/64D,Australian Open,,53,4,13.25,7,1.75,Tathiana Garbin,,https://www.wtatennis.com/resources/v7.42.0/i/elements/flags/ita.svg,R64,W,4-1,https://www.wtatennis.com/players/30348/tathiana-garbin,True,False,False,False,False,False,False,1,False,5,4,1,1,IT,ITA,380,150,Europe,Southern Europe,ITA,"4,1,None|Ret",,
4,Australian Open,https://photoresources.wtatennis.com/photo-resources/2026/04/16/6b041ce4-8b08-4fff-be75-89d1c452c157/WTA-Tournament_Australian-Open.png?height=128,https://www.wtatennis.com/tournaments/901/australian-open/2009,Grand Slam,Hard,https://www.wtatennis.com/resources/v7.42.0/i/elements/gs-tag.svg,2009-01-19,2009-01-31,2009,1,,CZE,,AU,AUS,036,009,,Oceania,Australasia,AUS,40.0,280.0,60439.0,128M/128Q/64D,Australian Open,,53,4,13.25,7,1.75,Petra Kvitova,,https://www.wtatennis.com/resources/v7.42.0/i/elements/flags/cze.svg,R128,W,"6-2, 6-1",https://www.wtatennis.com/players/314206/petra-kvitova,False,False,False,False,False,False,False,2,True,15,12,3,1,CZ,CZE,203,150,Europe,Central Europe,CZE,"6,2,None|6,1,None",,
1,"Brisbane International- Brisbane,  Australia",https://photoresources.wtatennis.com/photo-resources/2026/04/16/e0cf338c-8e78-4f7f-816c-d0a252863119/WTA-Tournament_Brisbane-2025.png?height=128,https://www.wtatennis.com/tournaments/800/brisbane/2009,International,Hard,https://www.wtatennis.com/resources/v7.42.0/i/elements/250k-tag.svg,2009-01-04,2009-01-10,2009,1,,FRA,,AU,AUS,036,009,,Oceania,Australasia,AUS,17.0,280.0,37000.0,32M/32Q/16D,"Brisbane International- Brisbane,  Australia",,94,5,18.8,10,2.0,Marion Bartoli,3.0,https://www.wtatennis.com/resources/v7.42.0/i/elements/flags/fra.svg,F,W,"6-3, 6-1",https://www.wtatennis.com/players/20631/marion-bartoli,False,False,False,False,False,False,False,2,True,16,12,4,1,FR,FRA,250,150,Europe,Western Europe,FRA,"6,3,None|6,1,None",,
2,"Brisbane International- Brisbane,  Australia",https://photoresources.wtatennis.com/photo-resources/2026/04/16/e0cf338c-8e78-4f7f-816c-d0a252863119/WTA-Tournament_Brisbane-2025.png?height=128,https://www.wtatennis.com/tournaments/800/brisbane/2009,International,Hard,https://www.wtatennis.com/resources/v7.42.0/i/elements/250k-tag.svg,2009-01-04,2009-01-10,2009,1,,ITA,,AU,AUS,036,009,,Oceania,Australasia,AUS,41.0,280.0,37000.0,32M/32Q/16D,"Brisbane International- Brisbane,  Australia",,94,5,18.8,10,2.0,Sara Errani,,https://www.wtatennis.com/resources/v7.42.0/i/elements/flags/ita.svg,SF,W,"6-3, 6-1",https://www.wtatennis.com/players/310761/sara-errani,False,False,False,False,False,False,False,2,True,16,12,4,1,IT,ITA,380,150,Europe,Southern Europe,ITA,"6,3,None|6,1,None",,
3,"Brisbane International- Brisbane,  Australia",https://photoresources.wtatennis.com/photo-resources/2026/04/16/e0cf338c-8e78-4f7f-816c-d0a252863119/WTA-Tournament_Brisbane-2025.png?height=128,https://www.wtatennis.com/tournaments/800/brisbane/2009,International,Hard,https://www.wtatennis.com/resources/v7.42.0/i/elements/250k-tag.svg,2009-01-04,2009-01-10,2009,1,,CZE,,AU,AUS,036,009,,Oceania,Australasia,AUS,61.0,280.0,37000.0,32M/32Q/16D,"Brisbane International- Brisbane,  Australia",,94,5,18.8,10,2.0,Lucie Safarova,,https://www.wtatennis.com/resources/v7.42.0/i/elements/flags/cze.svg,QF,W,"7-6 (5), 6-4",https://www.wtatennis.com/players/310553/lucie-safarova,False,False,False,True,False,False,True,2,True,23,13,10,1,CZ,CZE,203,150,Europe,Central Europe,CZE,"7,6,5|6,4,None",,
4,"Brisbane International- Brisbane,  Australia",https://photoresources.wtatennis.com/photo-resources/2026/04/16/e0cf338c-8e78-4f7f-816c-d0a252863119/WTA-Tournament_Brisbane-2025.png?height=128,https://www.wtatennis.com/tournaments/800/brisbane/2009,International,Hard,https://www.wtatennis.com/resources/v7.42.0/i/elements/250k-tag.svg,2009-01-04,2009-01-10,2009,1,,AUS,,AU,AUS,036,009,,Oceania,Australasia,AUS,98.0,280.0,37000.0,32M/32Q/16D,"Brisbane International- Brisbane,  Australia",,94,5,18.8,10,2.0,Jarmila Wolfe,,https://www.wtatennis.com/resources/v7.42.0/i/elements/flags/aus.svg,R16,W,"7-6 (4), 7-5",https://www.wtatennis.com/players/310169/jarmila-wolfe,False,False,False,True,False,False,True,2,True,25,14,11,1,AU,AUS,036,009,Oceania,Australasia,AUS,"7,6,4|7,5,None",,
5,"Brisbane International- Brisbane,  Australia",https://photoresources.wtatennis.com/photo-resources/2026/04/16/e0cf338c-8e78-4f7f-816c-d0a252863119/WTA-Tournament_Brisbane-2025.png?height=128,https://www.wtatennis.com/tournaments/800/brisbane/2009,International,Hard,https://www.wtatennis.com/resources/v7.42.0/i/elements/250k-tag.svg,2009-01-04,2009-01-10,2009,1,,UKR,,AU,AUS,036,009,,Oceania,Australasia,AUS,59.0,280.0,37000.0,32M/32Q/16D,"Brisbane International- Brisbane,  Australia",,94,5,18.8,10,2.0,Kateryna Volodko,,https://www.wtatennis.com/resources/v7.42.0/i/elements/flags/ukr.svg,R32,W,"6-0, 6-2",https://www.wtatennis.com/players/20702/kateryna-volodko,False,False,False,False,False,False,False,2,True,14,12,2,1,UA,UKR,804,150,Europe,Eastern Europe,UKR,"6,0,None|6,2,None",,
1,Zurich Open,https://www.wtatennis.com/resources/v7.42.0/i/elements/itf.png,,ITF,Hard,https://www.wtatennis.com/resources/v7.42.0/i/elements/itf.png,2008-10-13,2008-10-19,2008,10,Zurich,ESP,,CH,CHE,756,150,Kingdom of Spain,Europe,Central Europe,SUI,30.0,70.0,14600.0,32M/32Q/16D,Zurich Open,,46,3,15.333333333333334,6,2.0,Anabel Medina Garrigues,,https://www.wtatennis.com/resources/v7.42.0/i/elements/flags/esp.svg,QF,L,"6-4, 3-6",https://www.wtatennis.com/players/130611/anabel-medina-garrigues,True,False,False,False,False,False,False,2,True,19,9,10,0,ES,ESP,724,150,Europe,Southern Europe,ESP,"6,4,None|3,6,None|Ret",,
2,Zurich Open,https://www.wtatennis.com/resources/v7.42.0/i/elements/itf.png,,ITF,Hard,https://www.wtatennis.com/resources/v7.42.0/i/elements/itf.png,2008-10-13,2008-10-19,2008,10,Zurich,ROU,,CH,CHE,756,150,,Europe,Central Europe,SUI,66.0,70.0,14600.0,32M/32Q/16D,Zurich Open,,46,3,15.333333333333334,6,2.0,Monica Niculescu,,https://www.wtatennis.com/resources/v7.42.0/i/elements/flags/rou.svg,R16,W,"6-0, 6-0",https://www.wtatennis.com/players/310775/monica-niculescu,False,False,False,False,False,False,False,2,True,12,12,0,1,RO,ROU,642,150,Europe,Southeastern Europe,ROU,"6,0,None|6,0,None",,
3,Zurich Open,https://www.wtatennis.com/resources/v7.42.0/i/elements/itf.png,,ITF,Hard,https://www.wtatennis.com/resources/v7.42.0/i/elements/itf.png,2008-10-13,2008-10-19,2008,10,Zurich,FRA,,CH,CHE,756,150,,Europe,Central Europe,SUI,22.0,70.0,14600.0,32M/32Q/16D,Zurich Open,,46,3,15.333333333333334,6,2.0,Amélie Mauresmo,,https://www.wtatennis.com/resources/v7.42.0/i/elements/flags/fra.svg,R32,W,"6-2, 6-1",https://www.wtatennis.com/players/130450/am-lie-mauresmo,False,False,False,False,False,False,False,2,True,15,12,3,1,FR,FRA,250,150,Europe,Western Europe,FRA,"6,2,None|6,1,None",,
1,Kremlin Cup,https://www.wtatennis.com/resources/v7.42.0/i/elements/itf.png,,ITF,Hard,https://www.wtatennis.com/resources/v7.42.0/i/elements/itf.png,2008-10-06,2008-10-12,2008,10,Moscow,ITA,,RU,RUS,643,150,,Europe,Eastern Europe,RUS,43.0,1.0,8790.0,32M/32Q/16D,Kremlin Cup,,26,1,26.0,3,3.0,Sara Errani,,https://www.wtatennis.com/resources/v7.42.0/i/elements/flags/ita.svg,R32,L,"6-1, 4-6, 3-6",https://www.wtatennis.com/players/310761/sara-errani,False,False,False,False,False,False,False,3,True,26,13,13,0,IT,ITA,380,150,Europe,Southern Europe,ITA,"6,1,None|4,6,None|3,6,None",,
1,Porsche Tennis Grand Prix,https://www.wtatennis.com/resources/v7.42.0/i/elements/itf.png,,ITF,Hard,https://www.wtatennis.com/resources/v7.42.0/i/elements/itf.png,2008-09-29,2008-10-05,2008,9,Stuttgart,RUS,,DE,DEU,276,150,,Europe,Central Europe,GER,18.0,140.0,28750.0,32M/32Q/16D,Porsche Tennis Grand Prix,,89,4,22.25,9,2.25,Nadia Petrova,,https://www.wtatennis.com/resources/v7.42.0/i/elements/flags/rus.svg,SF,L,"4-6, 4-6",https://www.wtatennis.com/players/160379/nadia-petrova,False,False,False,False,False,False,False,2,False,20,8,12,0,RU,RUS,643,150,Europe,Eastern Europe,RUS,"4,6,None|4,6,None",,
2,Porsche Tennis Grand Prix,https://www.wtatennis.com/resources/v7.42.0/i/elements/itf.png,,ITF,Hard,https://www.wtatennis.com/resources/v7.42.0/i/elements/itf.png,2008-09-29,2008-10-05,2008,9,Stuttgart,RUS,,DE,DEU,276,150,,Europe,Central Europe,GER,4.0,140.0,28750.0,32M/32Q/16D,Porsche Tennis Grand Prix,,89,4,22.25,9,2.25,Elena Dementieva,4.0,https://www.wtatennis.com/resources/v7.42.0/i/elements/flags/rus.svg,QF,W,"7-6 (6), 3-6, 6-1",https://www.wtatennis.com/players/40289/elena-dementieva,False,False,False,True,False,False,True,3,True,29,16,13,1,RU,RUS,643,150,Europe,Eastern Europe,RUS,"7,6,6|3,6,None|6,1,None",,
3,Porsche Tennis Grand Prix,https://www.wtatennis.com/resources/v7.42.0/i/elements/itf.png,,ITF,Hard,https://www.wtatennis.com/resources/v7.42.0/i/elements/itf.png,2008-09-29,2008-10-05,2008,9,Stuttgart,POL,,DE,DEU,276,150,,Europe,Central Europe,GER,10.0,140.0,28750.0,32M/32Q/16D,Porsche Tennis Grand Prix,,89,4,22.25,9,2.25,Agnieszka Radwanska,8.0,https://www.wtatennis.com/resources/v7.42.0/i/elements/flags/pol.svg,R16,W,"6-1, 7-5",https://www.wtatennis.com/players/312251/agnieszka-radwanska,False,False,False,False,False,False,False,2,True,19,13,6,1,PL,POL,616,150,Europe,Central Europe,POL,"6,1,None|7,5,None",,
4,Porsche Tennis Grand Prix,https://www.wtatennis.com/resources/v7.42.0/i/elements/itf.png,,ITF,Hard,https://www.wtatennis.com/resources/v7.42.0/i/elements/itf.png,2008-09-29,2008-10-05,2008,9,Stuttgart,HUN,,DE,DEU,276,150,,Europe,Central Europe,GER,27.0,140.0,28750.0,32M/32Q/16D,Porsche Tennis Grand Prix,,89,4,22.25,9,2.25,Agnes Szavay,,https://www.wtatennis.com/resources/v7.42.0/i/elements/flags/hun.svg,R32,W,"7-5, 6-3",https://www.wtatennis.com/players/311872/agnes-szavay,False,False,False,False,False,False,False,2,True,21,13,8,1,HU,HUN,348,150,Europe,Central Europe,HUN,"7,5,None|6,3,None",,
1,US Open,https://photoresources.wtatennis.com/photo-resources/2026/04/16/8d0a3d41-7b45-434b-a75b-b7d2eb0922b4/WTA-Tournament_US-Open.png?height=128,https://www.wtatennis.com/tournaments/905/us-open/2008,Grand Slam,Hard,https://www.wtatennis.com/resources/v7.42.0/i/elements/gs-tag.svg,2008-08-25,2008-09-07,2008,8,,DEN,,US,USA,840,019,,America,Northern America,USA,18.0,90.0,45262.0,128M/128Q/64D,Us Open,,52,3,17.333333333333332,6,2.0,Caroline Wozniacki,21.0,https://www.wtatennis.com/resources/v7.42.0/i/elements/flags/den.svg,R32,L,"4-6, 4-6",https://www.wtatennis.com/players/313402/caroline-wozniacki,False,False,False,False,False,False,False,2,False,20,8,12,0,DK,DNK,208,150,Europe,Northern Europe,DEN,"4,6,None|4,6,None",,
2,US Open,https://photoresources.wtatennis.com/photo-resources/2026/04/16/8d0a3d41-7b45-434b-a75b-b7d2eb0922b4/WTA-Tournament_US-Open.png?height=128,https://www.wtatennis.com/tournaments/905/us-open/2008,Grand Slam,Hard,https://www.wtatennis.com/resources/v7.42.0/i/elements/gs-tag.svg,2008-08-25,2008-09-07,2008,8,,CZE,,US,USA,840,019,,America,Northern America,USA,50.0,90.0,45262.0,128M/128Q/64D,Us Open,,52,3,17.333333333333332,6,2.0,Iveta Melzer,,https://www.wtatennis.com/resources/v7.42.0/i/elements/flags/cze.svg,R64,W,"6-2, 6-3",https://www.wtatennis.com/players/20576/iveta-melzer,False,False,False,False,False,False,False,2,True,17,12,5,1,CZ,CZE,203,150,Europe,Central Europe,CZE,"6,2,None|6,3,None",,
3,US Open,https://photoresources.wtatennis.com/photo-resources/2026/04/16/8d0a3d41-7b45-434b-a75b-b7d2eb0922b4/WTA-Tournament_US-Open.png?height=128,https://www.wtatennis.com/tournaments/905/us-open/2008,Grand Slam,Hard,https://www.wtatennis.com/resources/v7.42.0/i/elements/gs-tag.svg,2008-08-25,2008-09-07,2008,8,,CZE,,US,USA,840,019,,America,Northern America,USA,64.0,90.0,45262.0,128M/128Q/64D,Us Open,,52,3,17.333333333333332,6,2.0,Klara Koukalova,,https://www.wtatennis.com/resources/v7.42.0/i/elements/flags/cze.svg,R128,W,"6-2, 6-1",https://www.wtatennis.com/players/110492/klara-koukalova,False,False,False,False,False,False,False,2,True,15,12,3,1,CZ,CZE,203,150,Europe,Central Europe,CZE,"6,2,None|6,1,None",,
1,Olympic Games,,https://www.wtatennis.com/tournaments/650/olympics/2008,OLYMPICS,Hard,,2008-08-10,2008-08-17,2008,8,,USA,,CN,CHN,156,142,United States of America|America|USA|US,Asia,East Asia,CHN,8.0,48.0,,64M/0Q/32D,Olympic Games,,65,3,21.666666666666668,7,2.3333333333333335,Venus Williams,7.0,https://www.wtatennis.com/resources/v7.42.0/i/elements/flags/usa.svg,R16,L,"3-6, 2-6",https://www.wtatennis.com/players/230220/venus-williams,False,False,False,False,False,False,False,2,False,17,5,12,0,US,USA,840,019,America,Northern America,USA,"3,6,None|2,6,None",,
2,Olympic Games,,https://www.wtatennis.com/tournaments/650/olympics/2008,OLYMPICS,Hard,,2008-08-10,2008-08-17,2008,8,,AUS,,CN,CHN,156,142,,Asia,East Asia,CHN,40.0,48.0,,64M/0Q/32D,Olympic Games,,65,3,21.666666666666668,7,2.3333333333333335,Casey Dellacqua,,https://www.wtatennis.com/resources/v7.42.0/i/elements/flags/aus.svg,R32,W,"6-2, 6-2",https://www.wtatennis.com/players/310730/casey-dellacqua,False,False,False,False,False,False,False,2,True,16,12,4,1,AU,AUS,036,009,Oceania,Australasia,AUS,"6,2,None|6,2,None",,
3,Olympic Games,,https://www.wtatennis.com/tournaments/650/olympics/2008,OLYMPICS,Hard,,2008-08-10,2008-08-17,2008,8,,UKR,,CN,CHN,156,142,,Asia,East Asia,CHN,77.0,48.0,,64M/0Q/32D,Olympic Games,,65,3,21.666666666666668,7,2.3333333333333335,Tatiana Perebiynis,,https://www.wtatennis.com/resources/v7.42.0/i/elements/flags/ukr.svg,R64,W,"6-4, 5-7, 6-4",https://www.wtatennis.com/players/160405/tatiana-perebiynis,False,False,False,False,False,False,False,3,True,32,17,15,1,UA,UKR,804,150,Europe,Eastern Europe,UKR,"6,4,None|5,7,None|6,4,None",,
1,Rogers Cup,https://www.wtatennis.com/resources/v7.42.0/i/elements/itf.png,,ITF,Hard,https://www.wtatennis.com/resources/v7.42.0/i/elements/itf.png,2008-07-28,2008-08-03,2008,7,Montreal,RUS,,CA,CAN,124,019,,America,Northern America,CAN,8.0,195.0,50600.0,64M/64Q/32D,Rogers Cup Presented By National Bank,,148,5,29.6,11,2.2,Dinara Safina,7.0,https://www.wtatennis.com/resources/v7.42.0/i/elements/flags/rus.svg,SF,L,"0-6, 6-2, 3-6",https://www.wtatennis.com/players/190950/dinara-safina,False,False,False,False,False,False,False,3,False,23,9,14,0,RU,RUS,643,150,Europe,Eastern Europe,RUS,"0,6,None|6,2,None|3,6,None",,
2,Rogers Cup,https://www.wtatennis.com/resources/v7.42.0/i/elements/itf.png,,ITF,Hard,https://www.wtatennis.com/resources/v7.42.0/i/elements/itf.png,2008-07-28,2008-08-03,2008,7,Montreal,AUT,,CA,CAN,124,019,,America,Northern America,CAN,94.0,195.0,50600.0,64M/64Q/32D,Rogers Cup Presented By National Bank,,148,5,29.6,11,2.2,Tamira Paszek,,https://www.wtatennis.com/resources/v7.42.0/i/elements/flags/aut.svg,QF,W,"6-4, 7-5",https://www.wtatennis.com/players/313035/tamira-paszek,False,False,False,False,False,False,False,2,True,22,13,9,1,AT,AUT,040,150,Europe,Central Europe,AUT,"6,4,None|7,5,None",,
3,Rogers Cup,https://www.wtatennis.com/resources/v7.42.0/i/elements/itf.png,,ITF,Hard,https://www.wtatennis.com/resources/v7.42.0/i/elements/itf.png,2008-07-28,2008-08-03,2008,7,Montreal,FRA,,CA,CAN,124,019,,America,Northern America,CAN,27.0,195.0,50600.0,64M/64Q/32D,Rogers Cup Presented By National Bank,,148,5,29.6,11,2.2,Virginie Razzano,,https://www.wtatennis.com/resources/v7.42.0/i/elements/flags/fra.svg,R16,W,"7-64, 2-0",https://www.wtatennis.com/players/180384/virginie-razzano,True,False,False,True,False,False,True,2,True,73,9,64,1,FR,FRA,250,150,Europe,Western Europe,FRA,"7,64,None|2,0,None|Ret",,
4,Rogers Cup,https://www.wtatennis.com/resources/v7.42.0/i/elements/itf.png,,ITF,Hard,https://www.wtatennis.com/resources/v7.42.0/i/elements/itf.png,2008-07-28,2008-08-03,2008,7,Montreal,AUT,,CA,CAN,124,019,,America,Northern America,CAN,32.0,195.0,50600.0,64M/64Q/32D,Rogers Cup Presented By National Bank,,148,5,29.6,11,2.2,Sybille Bammer,,https://www.wtatennis.com/resources/v7.42.0/i/elements/flags/aut.svg,R32,W,"6-2, 6-2",https://www.wtatennis.com/players/20463/sybille-bammer,False,False,False,False,False,False,False,2,True,16,12,4,1,AT,AUT,040,150,Europe,Central Europe,AUT,"6,2,None|6,2,None",,
5,Rogers Cup,https://www.wtatennis.com/resources/v7.42.0/i/elements/itf.png,,ITF,Hard,https://www.wtatennis.com/resources/v7.42.0/i/elements/itf.png,2008-07-28,2008-08-03,2008,7,Montreal,USA,,CA,CAN,124,019,United States of America|America|USA|US,America,Northern America,CAN,482.0,195.0,50600.0,64M/64Q/32D,Rogers Cup Presented By National Bank,,148,5,29.6,11,2.2,Jamea Jackson,,https://www.wtatennis.com/resources/v7.42.0/i/elements/flags/usa.svg,R64,W,"6-1, 6-1",https://www.wtatennis.com/players/100164/jamea-jackson,False,False,False,False,False,False,False,2,True,14,12,2,1,US,USA,840,019,America,Northern America,USA,"6,1,None|6,1,None",,
1,La Open Presented By Herbalife,https://www.wtatennis.com/resources/v7.42.0/i/elements/itf.png,,ITF,Hard,https://www.wtatennis.com/resources/v7.42.0/i/elements/itf.png,2008-07-21,2008-07-27,2008,7,Los Angeles,RUS,,,,,,,,,California,9.0,70.0,12860.0,64M/32Q/16D,La Open Presented By Herbalife,,55,3,18.333333333333332,6,2.0,Dinara Safina,4.0,https://www.wtatennis.com/resources/v7.42.0/i/elements/flags/rus.svg,QF,L,"3-6, 1-6",https://www.wtatennis.com/players/190950/dinara-safina,False,False,False,False,False,False,False,2,False,16,4,12,0,RU,RUS,643,150,Europe,Eastern Europe,RUS,"3,6,None|1,6,None",,
2,La Open Presented By Herbalife,https://www.wtatennis.com/resources/v7.42.0/i/elements/itf.png,,ITF,Hard,https://www.wtatennis.com/resources/v7.42.0/i/elements/itf.png,2008-07-21,2008-07-27,2008,7,Los Angeles,AUS,,,,,,,,,California,87.0,70.0,12860.0,64M/32Q/16D,La Open Presented By Herbalife,,55,3,18.333333333333332,6,2.0,Samantha Stosur,,https://www.wtatennis.com/resources/v7.42.0/i/elements/flags/aus.svg,R16,W,"6-4, 7-6 (4)",https://www.wtatennis.com/players/190787/samantha-stosur,False,False,False,False,True,False,True,2,True,23,13,10,1,AU,AUS,036,009,Oceania,Australasia,AUS,"6,4,None|7,6,4",,
3,La Open Presented By Herbalife,https://www.wtatennis.com/resources/v7.42.0/i/elements/itf.png,,ITF,Hard,https://www.wtatennis.com/resources/v7.42.0/i/elements/itf.png,2008-07-21,2008-07-27,2008,7,Los Angeles,TPE,,,,,,,,,California,71.0,70.0,12860.0,64M/32Q/16D,La Open Presented By Herbalife,,55,3,18.333333333333332,6,2.0,Latisha Chan,,https://www.wtatennis.com/resources/v7.42.0/i/elements/flags/tpe.svg,R32,W,"6-1, 6-3",https://www.wtatennis.com/players/312015/latisha-chan,False,False,False,False,False,False,False,2,True,16,12,4,1,,,,,,,TPE,"6,1,None|6,3,None",,
4,La Open Presented By Herbalife,https://www.wtatennis.com/resources/v7.42.0/i/elements/itf.png,,ITF,Hard,https://www.wtatennis.com/resources/v7.42.0/i/elements/itf.png,2008-07-21,2008-07-27,2008,7,Los Angeles,,,,,,,,,,California,,70.0,12860.0,64M/32Q/16D,La Open Presented By Herbalife,,55,3,18.333333333333332,6,2.0,,,,R64,,Bye,,False,False,True,False,False,False,False,0,False,0,0,0,0,,,,,,,,,,
1,Wimbledon,https://photoresources.wtatennis.com/photo-resources/2026/04/16/d29814e6-6e80-4015-b680-9a7f3cb065c3/WTA-Tournament_Wimbledon.png?height=128,https://www.wtatennis.com/tournaments/904/wimbledon/2008,Grand Slam,Grass,https://www.wtatennis.com/resources/v7.42.0/i/elements/gs-tag.svg,2008-06-23,2008-07-05,2008,6,,RUS,,GB,GBR,826,150,,Europe,Northern Europe,ENG,18.0,90.0,56298.0,128M/128Q/64D,The Championships,,56,3,18.666666666666668,6,2.0,Nadia Petrova,21.0,https://www.wtatennis.com/resources/v7.42.0/i/elements/flags/rus.svg,R32,L,"6-7 (11), 6-7 (4)",https://www.wtatennis.com/players/160379/nadia-petrova,False,False,False,True,True,False,True,2,False,26,12,14,0,RU,RUS,643,150,Europe,Eastern Europe,RUS,"6,7,11|6,7,4",,
2,Wimbledon,https://photoresources.wtatennis.com/photo-resources/2026/04/16/d29814e6-6e80-4015-b680-9a7f3cb065c3/WTA-Tournament_Wimbledon.png?height=128,https://www.wtatennis.com/tournaments/904/wimbledon/2008,Grand Slam,Grass,https://www.wtatennis.com/resources/v7.42.0/i/elements/gs-tag.svg,2008-06-23,2008-07-05,2008,6,,ROU,,GB,GBR,826,150,,Europe,Northern Europe,ENG,66.0,90.0,56298.0,128M/128Q/64D,The Championships,,56,3,18.666666666666668,6,2.0,Sorana Cirstea,,https://www.wtatennis.com/resources/v7.42.0/i/elements/flags/rou.svg,R64,W,"6-1, 6-3",https://www.wtatennis.com/players/312469/sorana-cirstea,False,False,False,False,False,False,False,2,True,16,12,4,1,RO,ROU,642,150,Europe,Southeastern Europe,ROU,"6,1,None|6,3,None",,
3,Wimbledon,https://photoresources.wtatennis.com/photo-resources/2026/04/16/d29814e6-6e80-4015-b680-9a7f3cb065c3/WTA-Tournament_Wimbledon.png?height=128,https://www.wtatennis.com/tournaments/904/wimbledon/2008,Grand Slam,Grass,https://www.wtatennis.com/resources/v7.42.0/i/elements/gs-tag.svg,2008-06-23,2008-07-05,2008,6,,BUL,,GB,GBR,826,150,,Europe,Northern Europe,ENG,41.0,90.0,56298.0,128M/128Q/64D,The Championships,,56,3,18.666666666666668,6,2.0,Tsvetana Pironkova,,https://www.wtatennis.com/resources/v7.42.0/i/elements/flags/bul.svg,R128,W,"6-1, 6-1",https://www.wtatennis.com/players/311041/tsvetana-pironkova,False,False,False,False,False,False,False,2,True,14,12,2,1,BG,BGR,100,150,Europe,Southeastern Europe,BUL,"6,1,None|6,1,None",,
1,International Women'S Open,,https://www.wtatennis.com/tournaments/710/eastbourne/2008,WTA 250,Grass,https://www.wtatennis.com/resources/v7.42.0/i/elements/250k-tag.svg,2008-06-16,2008-06-21,2008,6,,FRA,,GB,GBR,826,150,,Europe,Northern Europe,ENG,61.0,1.0,4175.0,32M/32Q/16D,International Women'S Open,,8,1,8.0,1,1.0,Aravane Rezai,,https://www.wtatennis.com/resources/v7.42.0/i/elements/flags/fra.svg,R32,L,2-6,https://www.wtatennis.com/players/311791/aravane-rezai,True,False,False,False,False,False,False,1,False,8,2,6,0,FR,FRA,250,150,Europe,Western Europe,FRA,"2,6,None|Ret",,
1,Roland Garros,,https://www.wtatennis.com/tournaments/903/roland-garros/2008,Grand Slam,Clay,https://www.wtatennis.com/resources/v7.42.0/i/elements/gs-tag.svg,2008-05-25,2008-06-07,2008,5,,RUS,,FR,FRA,250,150,,Europe,Western Europe,FRA,4.0,140.0,92099.0,128M/128Q/64D,Roland Garros,,59,4,14.75,8,2.0,Svetlana Kuznetsova,4.0,https://www.wtatennis.com/resources/v7.42.0/i/elements/flags/rus.svg,R16,L,"2-6, 3-6",https://www.wtatennis.com/players/110552/svetlana-kuznetsova,False,False,False,False,False,False,False,2,False,17,5,12,0,RU,RUS,643,150,Europe,Eastern Europe,RUS,"2,6,None|3,6,None",,
2,Roland Garros,,https://www.wtatennis.com/tournaments/903/roland-garros/2008,Grand Slam,Clay,https://www.wtatennis.com/resources/v7.42.0/i/elements/gs-tag.svg,2008-05-25,2008-06-07,2008,5,,ITA,,FR,FRA,250,150,,Europe,Western Europe,FRA,19.0,140.0,92099.0,128M/128Q/64D,Roland Garros,,59,4,14.75,8,2.0,Francesca Schiavone,18.0,https://www.wtatennis.com/resources/v7.42.0/i/elements/flags/ita.svg,R32,W,"6-1, 6-1",https://www.wtatennis.com/players/190666/francesca-schiavone,False,False,False,False,False,False,False,2,True,14,12,2,1,IT,ITA,380,150,Europe,Southern Europe,ITA,"6,1,None|6,1,None",,
3,Roland Garros,,https://www.wtatennis.com/tournaments/903/roland-garros/2008,Grand Slam,Clay,https://www.wtatennis.com/resources/v7.42.0/i/elements/gs-tag.svg,2008-05-25,2008-06-07,2008,5,,ROU,,FR,FRA,250,150,,Europe,Western Europe,FRA,78.0,140.0,92099.0,128M/128Q/64D,Roland Garros,,59,4,14.75,8,2.0,Sorana Cirstea,,https://www.wtatennis.com/resources/v7.42.0/i/elements/flags/rou.svg,R64,W,"6-0, 6-0",https://www.wtatennis.com/players/312469/sorana-cirstea,False,False,False,False,False,False,False,2,True,12,12,0,1,RO,ROU,642,150,Europe,Southeastern Europe,ROU,"6,0,None|6,0,None",,
4,Roland Garros,,https://www.wtatennis.com/tournaments/903/roland-garros/2008,Grand Slam,Clay,https://www.wtatennis.com/resources/v7.42.0/i/elements/gs-tag.svg,2008-05-25,2008-06-07,2008,5,,USA,,FR,FRA,250,150,United States of America|America|USA|US,Europe,Western Europe,FRA,59.0,140.0,92099.0,128M/128Q/64D,Roland Garros,,59,4,14.75,8,2.0,Edina Gallovits-Hall,,https://www.wtatennis.com/resources/v7.42.0/i/elements/flags/usa.svg,R128,W,"6-1, 6-3",https://www.wtatennis.com/players/70471/edina-gallovits-hall,False,False,False,False,False,False,False,2,True,16,12,4,1,US,USA,840,019,America,Northern America,USA,"6,1,None|6,3,None",,
1,"Internazionali  Bnl D'Ltalia 2008- Rome, Italy",https://www.wtatennis.com/resources/v7.42.0/i/elements/itf.png,,ITF,Clay,https://www.wtatennis.com/resources/v7.42.0/i/elements/itf.png,2008-05-12,2008-05-18,2008,5,,BUL,,IT,ITA,380,150,,Europe,Southern Europe,ITA,64.0,60.0,13000.0,64M/64Q/32D,"Internazionali  Bnl D'Ltalia 2008- Rome, Italy",,42,3,14.0,6,2.0,Tsvetana Pironkova,,https://www.wtatennis.com/resources/v7.42.0/i/elements/flags/bul.svg,R16,L,"2-6, 0-1",https://www.wtatennis.com/players/311041/tsvetana-pironkova,True,False,False,False,False,False,False,2,False,9,2,7,0,BG,BGR,100,150,Europe,Southeastern Europe,BUL,"2,6,None|0,1,None|Ret",W,True
2,"Internazionali  Bnl D'Ltalia 2008- Rome, Italy",https://www.wtatennis.com/resources/v7.42.0/i/elements/itf.png,,ITF,Clay,https://www.wtatennis.com/resources/v7.42.0/i/elements/itf.png,2008-05-12,2008-05-18,2008,5,,ROU,,IT,ITA,380,150,,Europe,Southern Europe,ITA,111.0,60.0,13000.0,64M/64Q/32D,"Internazionali  Bnl D'Ltalia 2008- Rome, Italy",,42,3,14.0,6,2.0,Monica Niculescu,,https://www.wtatennis.com/resources/v7.42.0/i/elements/flags/rou.svg,R32,W,"6-3, 6-2",https://www.wtatennis.com/players/310775/monica-niculescu,False,False,False,False,False,False,False,2,True,17,12,5,1,RO,ROU,642,150,Europe,Southeastern Europe,ROU,"6,3,None|6,2,None",W,True
3,"Internazionali  Bnl D'Ltalia 2008- Rome, Italy",https://www.wtatennis.com/resources/v7.42.0/i/elements/itf.png,,ITF,Clay,https://www.wtatennis.com/resources/v7.42.0/i/elements/itf.png,2008-05-12,2008-05-18,2008,5,,AUT,,IT,ITA,380,150,,Europe,Southern Europe,ITA,22.0,60.0,13000.0,64M/64Q/32D,"Internazionali  Bnl D'Ltalia 2008- Rome, Italy",,42,3,14.0,6,2.0,Sybille Bammer,19.0,https://www.wtatennis.com/resources/v7.42.0/i/elements/flags/aut.svg,R64,W,"6-1, 6-3",https://www.wtatennis.com/players/20463/sybille-bammer,False,False,False,False,False,False,False,2,True,16,12,4,1,AT,AUT,040,150,Europe,Central Europe,AUT,"6,1,None|6,3,None",W,True
1,Qatar Telecom German Open,https://www.wtatennis.com/resources/v7.42.0/i/elements/itf.png,,ITF,Clay,https://www.wtatennis.com/resources/v7.42.0/i/elements/itf.png,2008-05-05,2008-05-11,2008,5,Berlin,RUS,,DE,DEU,276,150,,Europe,Central Europe,GER,17.0,195.0,51000.0,64M/32Q/32D,Qatar Telecom German Open,,100,5,20.0,11,2.2,Dinara Safina,13.0,https://www.wtatennis.com/resources/v7.42.0/i/elements/flags/rus.svg,SF,L,"4-6, 1-6",https://www.wtatennis.com/players/190950/dinara-safina,False,False,False,False,False,False,False,2,False,17,5,12,0,RU,RUS,643,150,Europe,Eastern Europe,RUS,"4,6,None|1,6,None",,
2,Qatar Telecom German Open,https://www.wtatennis.com/resources/v7.42.0/i/elements/itf.png,,ITF,Clay,https://www.wtatennis.com/resources/v7.42.0/i/elements/itf.png,2008-05-05,2008-05-11,2008,5,Berlin,UKR,,DE,DEU,276,150,,Europe,Central Europe,GER,25.0,195.0,51000.0,64M/32Q/32D,Qatar Telecom German Open,,100,5,20.0,11,2.2,Alona Bondarenko,15.0,https://www.wtatennis.com/resources/v7.42.0/i/elements/flags/ukr.svg,QF,W,"7-6 (2), 6-2",https://www.wtatennis.com/players/20608/alona-bondarenko,False,False,False,True,False,False,True,2,True,21,13,8,1,UA,UKR,804,150,Europe,Eastern Europe,UKR,"7,6,2|6,2,None",,
3,Qatar Telecom German Open,https://www.wtatennis.com/resources/v7.42.0/i/elements/itf.png,,ITF,Clay,https://www.wtatennis.com/resources/v7.42.0/i/elements/itf.png,2008-05-05,2008-05-11,2008,5,Berlin,ARG,,DE,DEU,276,150,,Europe,Central Europe,GER,48.0,195.0,51000.0,64M/32Q/32D,Qatar Telecom German Open,,100,5,20.0,11,2.2,Gisela Dulko,,https://www.wtatennis.com/resources/v7.42.0/i/elements/flags/arg.svg,R16,W,"6-3, 6-1",https://www.wtatennis.com/players/40388/gisela-dulko,False,False,False,False,False,False,False,2,True,16,12,4,1,AR,ARG,032,019,America,Southern South America,ARG,"6,3,None|6,1,None",,
4,Qatar Telecom German Open,https://www.wtatennis.com/resources/v7.42.0/i/elements/itf.png,,ITF,Clay,https://www.wtatennis.com/resources/v7.42.0/i/elements/itf.png,2008-05-05,2008-05-11,2008,5,Berlin,RUS,,DE,DEU,276,150,,Europe,Central Europe,GER,7.0,195.0,51000.0,64M/32Q/32D,Qatar Telecom German Open,,100,5,20.0,11,2.2,Anna Chakvetadze,6.0,https://www.wtatennis.com/resources/v7.42.0/i/elements/flags/rus.svg,R32,W,"1-6, 7-6 (1), 6-4",https://www.wtatennis.com/players/310623/anna-chakvetadze,False,False,False,False,True,False,True,3,False,30,14,16,1,RU,RUS,643,150,Europe,Eastern Europe,RUS,"1,6,None|7,6,1|6,4,None",,
5,Qatar Telecom German Open,https://www.wtatennis.com/resources/v7.42.0/i/elements/itf.png,,ITF,Clay,https://www.wtatennis.com/resources/v7.42.0/i/elements/itf.png,2008-05-05,2008-05-11,2008,5,Berlin,AUS,,DE,DEU,276,150,,Europe,Central Europe,GER,52.0,195.0,51000.0,64M/32Q/32D,Qatar Telecom German Open,,100,5,20.0,11,2.2,Casey Dellacqua,,https://www.wtatennis.com/resources/v7.42.0/i/elements/flags/aus.svg,R64,W,"6-2, 6-2",https://www.wtatennis.com/players/310730/casey-dellacqua,False,False,False,False,False,False,False,2,True,16,12,4,1,AU,AUS,036,009,Oceania,Australasia,AUS,"6,2,None|6,2,None",,
1,Ecm Prague Open,https://www.wtatennis.com/resources/v7.42.0/i/elements/itf.png,,ITF,Clay,https://www.wtatennis.com/resources/v7.42.0/i/elements/itf.png,2008-04-28,2008-05-04,2008,4,Prague,RUS,,CZ,CZE,203,150,,Europe,Central Europe,CZE,13.0,80.0,12345.0,32M/32Q/16D,Ecm Prague Open,,88,5,17.6,10,2.0,Vera Zvonareva,1.0,https://www.wtatennis.com/resources/v7.42.0/i/elements/flags/rus.svg,F,L,"6-7 (2), 2-6",https://www.wtatennis.com/players/260142/vera-zvonareva,False,False,False,True,False,False,True,2,False,21,8,13,0,RU,RUS,643,150,Europe,Eastern Europe,RUS,"6,7,2|2,6,None",,
2,Ecm Prague Open,https://www.wtatennis.com/resources/v7.42.0/i/elements/itf.png,,ITF,Clay,https://www.wtatennis.com/resources/v7.42.0/i/elements/itf.png,2008-04-28,2008-05-04,2008,4,Prague,CZE,,CZ,CZE,203,150,,Europe,Central Europe,CZE,53.0,80.0,12345.0,32M/32Q/16D,Ecm Prague Open,,88,5,17.6,10,2.0,Klara Koukalova,7.0,https://www.wtatennis.com/resources/v7.42.0/i/elements/flags/cze.svg,SF,W,"6-3, 6-2",https://www.wtatennis.com/players/110492/klara-koukalova,False,False,False,False,False,False,False,2,True,17,12,5,1,CZ,CZE,203,150,Europe,Central Europe,CZE,"6,3,None|6,2,None",,
3,Ecm Prague Open,https://www.wtatennis.com/resources/v7.42.0/i/elements/itf.png,,ITF,Clay,https://www.wtatennis.com/resources/v7.42.0/i/elements/itf.png,2008-04-28,2008-05-04,2008,4,Prague,CZE,,CZ,CZE,203,150,,Europe,Central Europe,CZE,671.0,80.0,12345.0,32M/32Q/16D,Ecm Prague Open,,88,5,17.6,10,2.0,Karolina Pliskova,,https://www.wtatennis.com/resources/v7.42.0/i/elements/flags/cze.svg,QF,W,"6-2, 6-1",https://www.wtatennis.com/players/313974/karolina-pliskova,False,False,False,False,False,False,False,2,True,15,12,3,1,CZ,CZE,203,150,Europe,Central Europe,CZE,"6,2,None|6,1,None",,
4,Ecm Prague Open,https://www.wtatennis.com/resources/v7.42.0/i/elements/itf.png,,ITF,Clay,https://www.wtatennis.com/resources/v7.42.0/i/elements/itf.png,2008-04-28,2008-05-04,2008,4,Prague,BLR,,CZ,CZE,203,150,,Europe,Central Europe,CZE,145.0,80.0,12345.0,32M/32Q/16D,Ecm Prague Open,,88,5,17.6,10,2.0,Tatiana Poutchek,,https://www.wtatennis.com/resources/v7.42.0/i/elements/flags/blr.svg,R16,W,"6-2, 6-2",https://www.wtatennis.com/players/160303/tatiana-poutchek,False,False,False,False,False,False,False,2,True,16,12,4,1,BY,BLR,112,150,Europe,Eastern Europe,BLR,"6,2,None|6,2,None",,
5,Ecm Prague Open,https://www.wtatennis.com/resources/v7.42.0/i/elements/itf.png,,ITF,Clay,https://www.wtatennis.com/resources/v7.42.0/i/elements/itf.png,2008-04-28,2008-05-04,2008,4,Prague,CZE,,CZ,CZE,203,150,,Europe,Central Europe,CZE,95.0,80.0,12345.0,32M/32Q/16D,Ecm Prague Open,,88,5,17.6,10,2.0,Petra Kvitova,,https://www.wtatennis.com/resources/v7.42.0/i/elements/flags/cze.svg,R32,W,"6-3, 6-4",https://www.wtatennis.com/players/314206/petra-kvitova,False,False,False,False,False,False,False,2,True,19,12,7,1,CZ,CZE,203,150,Europe,Central Europe,CZE,"6,3,None|6,4,None",,
1,Family Circle Cup,https://www.wtatennis.com/resources/v7.42.0/i/elements/itf.png,,ITF,Clay,https://www.wtatennis.com/resources/v7.42.0/i/elements/itf.png,2008-04-14,2008-04-20,2008,4,Charleston,RUS,,,,,,,,,South Carolina,8.0,60.0,13285.0,64M/32Q/32D,Family Circle Cup,,54,3,18.0,6,2.0,Elena Dementieva,4.0,https://www.wtatennis.com/resources/v7.42.0/i/elements/flags/rus.svg,R16,L,"4-6, 5-7",https://www.wtatennis.com/players/40289/elena-dementieva,False,False,False,False,False,False,False,2,False,22,9,13,0,RU,RUS,643,150,Europe,Eastern Europe,RUS,"4,6,None|5,7,None",,
2,Family Circle Cup,https://www.wtatennis.com/resources/v7.42.0/i/elements/itf.png,,ITF,Clay,https://www.wtatennis.com/resources/v7.42.0/i/elements/itf.png,2008-04-14,2008-04-20,2008,4,Charleston,CHN,,,,,,,,,South Carolina,259.0,60.0,13285.0,64M/32Q/32D,Family Circle Cup,,54,3,18.0,6,2.0,Tiantian Sun,,https://www.wtatennis.com/resources/v7.42.0/i/elements/flags/chn.svg,R32,W,"7-6 (4), 6-0",https://www.wtatennis.com/players/190817/tiantian-sun,False,False,False,True,False,False,True,2,True,19,13,6,1,CN,CHN,156,142,Asia,East Asia,CHN,"7,6,4|6,0,None",,
3,Family Circle Cup,https://www.wtatennis.com/resources/v7.42.0/i/elements/itf.png,,ITF,Clay,https://www.wtatennis.com/resources/v7.42.0/i/elements/itf.png,2008-04-14,2008-04-20,2008,4,Charleston,RSA,,,,,,,,,South Carolina,188.0,60.0,13285.0,64M/32Q/32D,Family Circle Cup,,54,3,18.0,6,2.0,Chanelle Scheepers,,https://www.wtatennis.com/resources/v7.42.0/i/elements/flags/rsa.svg,R64,W,"6-1, 6-0",https://www.wtatennis.com/players/190873/chanelle-scheepers,False,False,False,False,False,False,False,2,True,13,12,1,1,ZA,ZAF,710,002,Africa,Southern Africa,RSA,"6,1,None|6,0,None",,
1,Bausch & Lomb Championships,https://www.wtatennis.com/resources/v7.42.0/i/elements/itf.png,,ITF,Clay,https://www.wtatennis.com/resources/v7.42.0/i/elements/itf.png,2008-04-07,2008-04-13,2008,4,Amelia Island,SVK,,,,,,,,,Florida,34.0,20.0,3370.0,64M/32Q/16D,Bausch & Lomb Championships,,61,2,30.5,6,3.0,Dominika Cibulkova,,https://www.wtatennis.com/resources/v7.42.0/i/elements/flags/svk.svg,R32,L,"5-7, 6-4, 2-6",https://www.wtatennis.com/players/312894/dominika-cibulkova,False,False,False,False,False,False,False,3,False,30,13,17,0,SK,SVK,703,150,Europe,Central Europe,SVK,"5,7,None|6,4,None|2,6,None",,
2,Bausch & Lomb Championships,https://www.wtatennis.com/resources/v7.42.0/i/elements/itf.png,,ITF,Clay,https://www.wtatennis.com/resources/v7.42.0/i/elements/itf.png,2008-04-07,2008-04-13,2008,4,Amelia Island,ITA,,,,,,,,,Florida,65.0,20.0,3370.0,64M/32Q/16D,Bausch & Lomb Championships,,61,2,30.5,6,3.0,Sara Errani,,https://www.wtatennis.com/resources/v7.42.0/i/elements/flags/ita.svg,R64,W,"3-6, 7-5, 6-4",https://www.wtatennis.com/players/310761/sara-errani,False,False,False,False,False,False,False,3,False,31,16,15,1,IT,ITA,380,150,Europe,Southern Europe,ITA,"3,6,None|7,5,None|6,4,None",,
1,Sony Ericsson Open,https://www.wtatennis.com/resources/v7.42.0/i/elements/itf.png,,ITF,Hard,https://www.wtatennis.com/resources/v7.42.0/i/elements/itf.png,2008-03-26,2008-04-05,2008,3,Miami,RUS,,,,,,,,,Fl,4.0,45.0,20400.0,128M/64Q/32D,Sony Ericsson Open,,43,2,21.5,5,2.5,Svetlana Kuznetsova,3.0,https://www.wtatennis.com/resources/v7.42.0/i/elements/flags/rus.svg,R32,L,"6-1, 5-7, 0-6",https://www.wtatennis.com/players/110552/svetlana-kuznetsova,False,False,False,False,False,False,False,3,True,25,11,14,0,RU,RUS,643,150,Europe,Eastern Europe,RUS,"6,1,None|5,7,None|0,6,None",,
2,Sony Ericsson Open,https://www.wtatennis.com/resources/v7.42.0/i/elements/itf.png,,ITF,Hard,https://www.wtatennis.com/resources/v7.42.0/i/elements/itf.png,2008-03-26,2008-04-05,2008,3,Miami,UKR,,,,,,,,,Fl,82.0,45.0,20400.0,128M/64Q/32D,Sony Ericsson Open,,43,2,21.5,5,2.5,Tatiana Perebiynis,,https://www.wtatennis.com/resources/v7.42.0/i/elements/flags/ukr.svg,R64,W,"6-2, 6-4",https://www.wtatennis.com/players/160405/tatiana-perebiynis,False,False,False,False,False,False,False,2,True,18,12,6,1,UA,UKR,804,150,Europe,Eastern Europe,UKR,"6,2,None|6,4,None",,
3,Sony Ericsson Open,https://www.wtatennis.com/resources/v7.42.0/i/elements/itf.png,,ITF,Hard,https://www.wtatennis.com/resources/v7.42.0/i/elements/itf.png,2008-03-26,2008-04-05,2008,3,Miami,,,,,,,,,,Fl,,45.0,20400.0,128M/64Q/32D,Sony Ericsson Open,,43,2,21.5,5,2.5,,,,R128,,Bye,,False,False,True,False,False,False,False,0,False,0,0,0,0,,,,,,,,,,
1,Open Gaz De France,https://www.wtatennis.com/resources/v7.42.0/i/elements/itf.png,,ITF,Carpet,https://www.wtatennis.com/resources/v7.42.0/i/elements/itf.png,2008-02-04,2008-02-10,2008,2,Paris,GRE,,FR,FRA,250,150,,Europe,Western Europe,FRA,36.0,1.0,4175.0,32M/32Q/16D,Open Gaz De France,,28,1,28.0,3,3.0,Eleni Daniilidou,,https://www.wtatennis.com/resources/v7.42.0/i/elements/flags/gre.svg,R32,L,"6-2, 2-6, 5-7",https://www.wtatennis.com/players/40313/eleni-daniilidou,False,False,False,False,False,False,False,3,True,28,13,15,0,GR,GRC,300,150,Europe,Southeastern Europe,GRE,"6,2,None|2,6,None|5,7,None",,
1,Australian Open,https://photoresources.wtatennis.com/photo-resources/2026/04/16/6b041ce4-8b08-4fff-be75-89d1c452c157/WTA-Tournament_Australian-Open.png?height=128,https://www.wtatennis.com/tournaments/901/australian-open/2008,Grand Slam,Hard,https://www.wtatennis.com/resources/v7.42.0/i/elements/gs-tag.svg,2008-01-14,2008-01-27,2008,1,,USA,,AU,AUS,036,009,United States of America|America|USA|US,Oceania,Australasia,AUS,7.0,90.0,41791.0,128M/128Q/64D,Australian Open,,53,3,17.666666666666668,6,2.0,Serena Williams,7.0,https://www.wtatennis.com/resources/v7.42.0/i/elements/flags/usa.svg,R32,L,"3-6, 4-6",https://www.wtatennis.com/players/230234/serena-williams,False,False,False,False,False,False,False,2,False,19,7,12,0,US,USA,840,019,America,Northern America,USA,"3,6,None|4,6,None",,
2,Australian Open,https://photoresources.wtatennis.com/photo-resources/2026/04/16/6b041ce4-8b08-4fff-be75-89d1c452c157/WTA-Tournament_Australian-Open.png?height=128,https://www.wtatennis.com/tournaments/901/australian-open/2008,Grand Slam,Hard,https://www.wtatennis.com/resources/v7.42.0/i/elements/gs-tag.svg,2008-01-14,2008-01-27,2008,1,,GER,,AU,AUS,036,009,,Oceania,Australasia,AUS,162.0,90.0,41791.0,128M/128Q/64D,Australian Open,,53,3,17.666666666666668,6,2.0,Sandra Kloesel,,https://www.wtatennis.com/resources/v7.42.0/i/elements/flags/ger.svg,R64,W,"6-1, 6-1",https://www.wtatennis.com/players/110325/sandra-kloesel,False,False,False,False,False,False,False,2,True,14,12,2,1,DE,DEU,276,150,Europe,Central Europe,GER,"6,1,None|6,1,None",,
3,Australian Open,https://photoresources.wtatennis.com/photo-resources/2026/04/16/6b041ce4-8b08-4fff-be75-89d1c452c157/WTA-Tournament_Australian-Open.png?height=128,https://www.wtatennis.com/tournaments/901/australian-open/2008,Grand Slam,Hard,https://www.wtatennis.com/resources/v7.42.0/i/elements/gs-tag.svg,2008-01-14,2008-01-27,2008,1,,UZB,,AU,AUS,036,009,,Oceania,Australasia,AUS,95.0,90.0,41791.0,128M/128Q/64D,Australian Open,,53,3,17.666666666666668,6,2.0,Akgul Amanmuradova,,https://www.wtatennis.com/resources/v7.42.0/i/elements/flags/uzb.svg,R128,W,"6-2, 7-5",https://www.wtatennis.com/players/10362/akgul-amanmuradova,False,False,False,False,False,False,False,2,True,20,13,7,1,UZ,UZB,860,142,Asia,Central Asia,UZB,"6,2,None|7,5,None",,
1,Moorilla Hobart International,https://www.wtatennis.com/resources/v7.42.0/i/elements/itf.png,,ITF,Hard,https://www.wtatennis.com/resources/v7.42.0/i/elements/itf.png,2008-01-06,2008-01-11,2008,1,Hobart,BLR,,AU,AUS,036,009,,Oceania,Australasia,AUS,47.0,1.0,1165.0,32M/32Q/16D,Moorilla Hobart International,,4,1,4.0,1,1.0,Olga Govortsova,,https://www.wtatennis.com/resources/v7.42.0/i/elements/flags/blr.svg,R32,L,3-1,https://www.wtatennis.com/players/311243/olga-govortsova,True,False,False,False,False,False,False,1,False,4,3,1,0,BY,BLR,112,150,Europe,Eastern Europe,BLR,"3,1,None|Ret",,
1,Mondial Australian Women'S Hardcourts,https://www.wtatennis.com/resources/v7.42.0/i/elements/itf.png,,ITF,Hard,https://www.wtatennis.com/resources/v7.42.0/i/elements/itf.png,2008-12-30,2008-01-05,2008,12,Gold Coast,CHN,,AU,AUS,036,009,,Oceania,Australasia,AUS,29.0,100.0,14650.0,32M/32Q/16D,Mondial Australian Women'S Hardcourts,,107,5,21.4,12,2.4,Na Li,,https://www.wtatennis.com/resources/v7.42.0/i/elements/flags/chn.svg,F,L,"6-4, 3-6, 4-6",https://www.wtatennis.com/players/120330/na-li,False,False,False,False,False,False,False,3,True,29,13,16,0,CN,CHN,156,142,Asia,East Asia,CHN,"6,4,None|3,6,None|4,6,None",,
2,Mondial Australian Women'S Hardcourts,https://www.wtatennis.com/resources/v7.42.0/i/elements/itf.png,,ITF,Hard,https://www.wtatennis.com/resources/v7.42.0/i/elements/itf.png,2008-12-30,2008-01-05,2008,12,Gold Coast,ISR,,AU,AUS,036,009,,Oceania,Australasia,AUS,17.0,100.0,14650.0,32M/32Q/16D,Mondial Australian Women'S Hardcourts,,107,5,21.4,12,2.4,Shahar Peer,5.0,https://www.wtatennis.com/resources/v7.42.0/i/elements/flags/isr.svg,SF,W,"6-4, 6-2",https://www.wtatennis.com/players/311168/shahar-peer,False,False,False,False,False,False,False,2,True,18,12,6,1,IL,ISR,376,142,Asia,Western Asia,ISR,"6,4,None|6,2,None",,
3,Mondial Australian Women'S Hardcourts,https://www.wtatennis.com/resources/v7.42.0/i/elements/itf.png,,ITF,Hard,https://www.wtatennis.com/resources/v7.42.0/i/elements/itf.png,2008-12-30,2008-01-05,2008,12,Gold Coast,SVK,,AU,AUS,036,009,,Oceania,Australasia,AUS,51.0,100.0,14650.0,32M/32Q/16D,Mondial Australian Women'S Hardcourts,,107,5,21.4,12,2.4,Dominika Cibulkova,,https://www.wtatennis.com/resources/v7.42.0/i/elements/flags/svk.svg,QF,W,"6-1, 3-6, 6-3",https://www.wtatennis.com/players/312894/dominika-cibulkova,False,False,False,False,False,False,False,3,True,25,15,10,1,SK,SVK,703,150,Europe,Central Europe,SVK,"6,1,None|3,6,None|6,3,None",,
4,Mondial Australian Women'S Hardcourts,https://www.wtatennis.com/resources/v7.42.0/i/elements/itf.png,,ITF,Hard,https://www.wtatennis.com/resources/v7.42.0/i/elements/itf.png,2008-12-30,2008-01-05,2008,12,Gold Coast,UKR,,AU,AUS,036,009,,Oceania,Australasia,AUS,123.0,100.0,14650.0,32M/32Q/16D,Mondial Australian Women'S Hardcourts,,107,5,21.4,12,2.4,Yuliana Fedak,,https://www.wtatennis.com/resources/v7.42.0/i/elements/flags/ukr.svg,R16,W,"6-4, 6-2",https://www.wtatennis.com/players/60301/yuliana-fedak,False,False,False,False,False,False,False,2,True,18,12,6,1,UA,UKR,804,150,Europe,Eastern Europe,UKR,"6,4,None|6,2,None",,
5,Mondial Australian Women'S Hardcourts,https://www.wtatennis.com/resources/v7.42.0/i/elements/itf.png,,ITF,Hard,https://www.wtatennis.com/resources/v7.42.0/i/elements/itf.png,2008-12-30,2008-01-05,2008,12,Gold Coast,JPN,,AU,AUS,036,009,,Oceania,Australasia,AUS,38.0,100.0,14650.0,32M/32Q/16D,Mondial Australian Women'S Hardcourts,,107,5,21.4,12,2.4,Ai Sugiyama,,https://www.wtatennis.com/resources/v7.42.0/i/elements/flags/jpn.svg,R32,W,"6-2, 6-3",https://www.wtatennis.com/players/190353/ai-sugiyama,False,False,False,False,False,False,False,2,True,17,12,5,1,JP,JPN,392,142,Asia,East Asia,JPN,"6,2,None|6,3,None",,
1,Kremlin Cup,https://www.wtatennis.com/resources/v7.42.0/i/elements/itf.png,,ITF,Carpet,https://www.wtatennis.com/resources/v7.42.0/i/elements/itf.png,2007-10-08,2007-10-14,2007,10,Moscow,RUS,,RU,RUS,643,150,,Europe,Eastern Europe,RUS,14.0,110.0,28175.0,32M/32Q/16D,Kremlin Cup,,61,3,20.333333333333332,6,2.0,Elena Dementieva,,https://www.wtatennis.com/resources/v7.42.0/i/elements/flags/rus.svg,QF,L,"6-7 (4), 2-6",https://www.wtatennis.com/players/40289/elena-dementieva,False,False,False,True,False,False,True,2,False,21,8,13,0,RU,RUS,643,150,Europe,Eastern Europe,RUS,"6,7,4|2,6,None",,
2,Kremlin Cup,https://www.wtatennis.com/resources/v7.42.0/i/elements/itf.png,,ITF,Carpet,https://www.wtatennis.com/resources/v7.42.0/i/elements/itf.png,2007-10-08,2007-10-14,2007,10,Moscow,RUS,,RU,RUS,643,150,,Europe,Eastern Europe,RUS,4.0,110.0,28175.0,32M/32Q/16D,Kremlin Cup,,61,3,20.333333333333332,6,2.0,Maria Sharapova,2.0,https://www.wtatennis.com/resources/v7.42.0/i/elements/flags/rus.svg,R16,W,"7-6 (9), 6-2",https://www.wtatennis.com/players/310137/maria-sharapova,False,False,False,True,False,False,True,2,True,21,13,8,1,RU,RUS,643,150,Europe,Eastern Europe,RUS,"7,6,9|6,2,None",,
3,Kremlin Cup,https://www.wtatennis.com/resources/v7.42.0/i/elements/itf.png,,ITF,Carpet,https://www.wtatennis.com/resources/v7.42.0/i/elements/itf.png,2007-10-08,2007-10-14,2007,10,Moscow,AUT,,RU,RUS,643,150,,Europe,Eastern Europe,RUS,21.0,110.0,28175.0,32M/32Q/16D,Kremlin Cup,,61,3,20.333333333333332,6,2.0,Sybille Bammer,,https://www.wtatennis.com/resources/v7.42.0/i/elements/flags/aut.svg,R32,W,"6-3, 6-4",https://www.wtatennis.com/players/20463/sybille-bammer,False,False,False,False,False,False,False,2,True,19,12,7,1,AT,AUT,040,150,Europe,Central Europe,AUT,"6,3,None|6,4,None",,
1,Tashkent Open,https://www.wtatennis.com/resources/v7.42.0/i/elements/itf.png,,ITF,Hard,https://www.wtatennis.com/resources/v7.42.0/i/elements/itf.png,2007-10-02,2007-10-08,2007,10,Tashkent,FRA,,UZ,UZB,860,142,,Asia,Central Asia,UZB,87.0,80.0,11490.0,32M/16Q/16D,Tashkent Open,,91,5,18.2,10,2.0,Pauline Parmentier,,https://www.wtatennis.com/resources/v7.42.0/i/elements/flags/fra.svg,F,L,"5-7, 2-6",https://www.wtatennis.com/players/160515/pauline-parmentier,False,False,False,False,False,False,False,2,False,20,7,13,0,FR,FRA,250,150,Europe,Western Europe,FRA,"5,7,None|2,6,None",,
2,Tashkent Open,https://www.wtatennis.com/resources/v7.42.0/i/elements/itf.png,,ITF,Hard,https://www.wtatennis.com/resources/v7.42.0/i/elements/itf.png,2007-10-02,2007-10-08,2007,10,Tashkent,RUS,,UZ,UZB,860,142,,Asia,Central Asia,UZB,61.0,80.0,11490.0,32M/16Q/16D,Tashkent Open,,91,5,18.2,10,2.0,Elena Vesnina,4.0,https://www.wtatennis.com/resources/v7.42.0/i/elements/flags/rus.svg,SF,W,"6-4, 6-2",https://www.wtatennis.com/players/311220/elena-vesnina,False,False,False,False,False,False,False,2,True,18,12,6,1,RU,RUS,643,150,Europe,Eastern Europe,RUS,"6,4,None|6,2,None",,
3,Tashkent Open,https://www.wtatennis.com/resources/v7.42.0/i/elements/itf.png,,ITF,Hard,https://www.wtatennis.com/resources/v7.42.0/i/elements/itf.png,2007-10-02,2007-10-08,2007,10,Tashkent,KGZ,,UZ,UZB,860,142,,Asia,Central Asia,UZB,433.0,80.0,11490.0,32M/16Q/16D,Tashkent Open,,91,5,18.2,10,2.0,Ksenia Palkina,,https://www.wtatennis.com/resources/v7.42.0/i/elements/flags/kgz.svg,QF,W,"6-2, 6-1",https://www.wtatennis.com/players/312755/ksenia-palkina,False,False,False,False,False,False,False,2,True,15,12,3,1,KG,KGZ,417,142,Asia,Central Asia,KGZ,"6,2,None|6,1,None",,
4,Tashkent Open,https://www.wtatennis.com/resources/v7.42.0/i/elements/itf.png,,ITF,Hard,https://www.wtatennis.com/resources/v7.42.0/i/elements/itf.png,2007-10-02,2007-10-08,2007,10,Tashkent,RUS,,UZ,UZB,860,142,,Asia,Central Asia,UZB,157.0,80.0,11490.0,32M/16Q/16D,Tashkent Open,,91,5,18.2,10,2.0,Evgeniya Rodina,,https://www.wtatennis.com/resources/v7.42.0/i/elements/flags/rus.svg,R16,W,"6-4, 6-3",https://www.wtatennis.com/players/312584/evgeniya-rodina,False,False,False,False,False,False,False,2,True,19,12,7,1,RU,RUS,643,150,Europe,Eastern Europe,RUS,"6,4,None|6,3,None",,
5,Tashkent Open,https://www.wtatennis.com/resources/v7.42.0/i/elements/itf.png,,ITF,Hard,https://www.wtatennis.com/resources/v7.42.0/i/elements/itf.png,2007-10-02,2007-10-08,2007,10,Tashkent,TPE,,UZ,UZB,860,142,,Asia,Central Asia,UZB,119.0,80.0,11490.0,32M/16Q/16D,Tashkent Open,,91,5,18.2,10,2.0,Su-Wei Hsieh,,https://www.wtatennis.com/resources/v7.42.0/i/elements/flags/tpe.svg,R32,W,"6-3, 6-4",https://www.wtatennis.com/players/310053/su-wei-hsieh,False,False,False,False,False,False,False,2,True,19,12,7,1,,,,,,,TPE,"6,3,None|6,4,None",,
1,Fortis Championships Luxembourg,https://www.wtatennis.com/resources/v7.42.0/i/elements/itf.png,,ITF,Hard,https://www.wtatennis.com/resources/v7.42.0/i/elements/itf.png,2007-09-24,2007-09-30,2007,9,,RUS,,LU,LUX,442,150,,Europe,Western Europe,LUX,27.0,70.0,13500.0,32M/32Q/16D,Fortis Championships Luxembourg,,64,3,21.333333333333332,7,2.3333333333333335,Vera Zvonareva,,https://www.wtatennis.com/resources/v7.42.0/i/elements/flags/rus.svg,QF,L,"1-6, 6-7 (5)",https://www.wtatennis.com/players/260142/vera-zvonareva,False,False,False,False,True,False,True,2,False,20,7,13,0,RU,RUS,643,150,Europe,Eastern Europe,RUS,"1,6,None|6,7,5",,
2,Fortis Championships Luxembourg,https://www.wtatennis.com/resources/v7.42.0/i/elements/itf.png,,ITF,Hard,https://www.wtatennis.com/resources/v7.42.0/i/elements/itf.png,2007-09-24,2007-09-30,2007,9,,RUS,,LU,LUX,442,150,,Europe,Western Europe,LUX,8.0,70.0,13500.0,32M/32Q/16D,Fortis Championships Luxembourg,,64,3,21.333333333333332,7,2.3333333333333335,Nadia Petrova,3.0,https://www.wtatennis.com/resources/v7.42.0/i/elements/flags/rus.svg,R16,W,"6-2, 6-1",https://www.wtatennis.com/players/160379/nadia-petrova,False,False,False,False,False,False,False,2,True,15,12,3,1,RU,RUS,643,150,Europe,Eastern Europe,RUS,"6,2,None|6,1,None",,
3,Fortis Championships Luxembourg,https://www.wtatennis.com/resources/v7.42.0/i/elements/itf.png,,ITF,Hard,https://www.wtatennis.com/resources/v7.42.0/i/elements/itf.png,2007-09-24,2007-09-30,2007,9,,POL,,LU,LUX,442,150,,Europe,Western Europe,LUX,30.0,70.0,13500.0,32M/32Q/16D,Fortis Championships Luxembourg,,64,3,21.333333333333332,7,2.3333333333333335,Agnieszka Radwanska,,https://www.wtatennis.com/resources/v7.42.0/i/elements/flags/pol.svg,R32,W,"4-6, 7-5, 6-1",https://www.wtatennis.com/players/312251/agnieszka-radwanska,False,False,False,False,False,False,False,3,False,29,17,12,1,PL,POL,616,150,Europe,Central Europe,POL,"4,6,None|7,5,None|6,1,None",,
1,US Open,https://photoresources.wtatennis.com/photo-resources/2026/04/16/8d0a3d41-7b45-434b-a75b-b7d2eb0922b4/WTA-Tournament_US-Open.png?height=128,https://www.wtatennis.com/tournaments/905/us-open/2007,Grand Slam,Hard,https://www.wtatennis.com/resources/v7.42.0/i/elements/gs-tag.svg,2007-08-27,2007-09-09,2007,8,,RUS,,US,USA,840,019,,America,Northern America,USA,4.0,140.0,73729.0,128M/128Q/64D,Us Open,,69,4,17.25,9,2.25,Svetlana Kuznetsova,4.0,https://www.wtatennis.com/resources/v7.42.0/i/elements/flags/rus.svg,R16,L,"2-6, 3-6",https://www.wtatennis.com/players/110552/svetlana-kuznetsova,False,False,False,False,False,False,False,2,False,17,5,12,0,RU,RUS,643,150,Europe,Eastern Europe,RUS,"2,6,None|3,6,None",,
2,US Open,https://photoresources.wtatennis.com/photo-resources/2026/04/16/8d0a3d41-7b45-434b-a75b-b7d2eb0922b4/WTA-Tournament_US-Open.png?height=128,https://www.wtatennis.com/tournaments/905/us-open/2007,Grand Slam,Hard,https://www.wtatennis.com/resources/v7.42.0/i/elements/gs-tag.svg,2007-08-27,2007-09-09,2007,8,,SUI,,US,USA,840,019,,America,Northern America,USA,17.0,140.0,73729.0,128M/128Q/64D,Us Open,,69,4,17.25,9,2.25,Martina Hingis,16.0,https://www.wtatennis.com/resources/v7.42.0/i/elements/flags/sui.svg,R32,W,"3-6, 6-1, 6-0",https://www.wtatennis.com/players/80301/martina-hingis,False,False,False,False,False,False,False,3,False,22,15,7,1,CH,CHE,756,150,Europe,Central Europe,SUI,"3,6,None|6,1,None|6,0,None",,
3,US Open,https://photoresources.wtatennis.com/photo-resources/2026/04/16/8d0a3d41-7b45-434b-a75b-b7d2eb0922b4/WTA-Tournament_US-Open.png?height=128,https://www.wtatennis.com/tournaments/905/us-open/2007,Grand Slam,Hard,https://www.wtatennis.com/resources/v7.42.0/i/elements/gs-tag.svg,2007-08-27,2007-09-09,2007,8,,SVK,,US,USA,840,019,,America,Northern America,USA,63.0,140.0,73729.0,128M/128Q/64D,Us Open,,69,4,17.25,9,2.25,Dominika Cibulkova,,https://www.wtatennis.com/resources/v7.42.0/i/elements/flags/svk.svg,R64,W,"6-2, 6-2",https://www.wtatennis.com/players/312894/dominika-cibulkova,False,False,False,False,False,False,False,2,True,16,12,4,1,SK,SVK,703,150,Europe,Central Europe,SVK,"6,2,None|6,2,None",,
4,US Open,https://photoresources.wtatennis.com/photo-resources/2026/04/16/8d0a3d41-7b45-434b-a75b-b7d2eb0922b4/WTA-Tournament_US-Open.png?height=128,https://www.wtatennis.com/tournaments/905/us-open/2007,Grand Slam,Hard,https://www.wtatennis.com/resources/v7.42.0/i/elements/gs-tag.svg,2007-08-27,2007-09-09,2007,8,,SUI,,US,USA,840,019,,America,Northern America,USA,110.0,140.0,73729.0,128M/128Q/64D,Us Open,,69,4,17.25,9,2.25,Emmanuelle Gagliardi,,https://www.wtatennis.com/resources/v7.42.0/i/elements/flags/sui.svg,R128,W,"6-1, 6-1",https://www.wtatennis.com/players/70245/emmanuelle-gagliardi,False,False,False,False,False,False,False,2,True,14,12,2,1,CH,CHE,756,150,Europe,Central Europe,SUI,"6,1,None|6,1,None",,
1,La Open Presented By Herbalife,https://www.wtatennis.com/resources/v7.42.0/i/elements/itf.png,,ITF,Hard,https://www.wtatennis.com/resources/v7.42.0/i/elements/itf.png,2007-08-06,2007-08-12,2007,8,Los Angeles,SRB,,,,,,,,,California,3.0,70.0,11885.0,64M/32Q/16D,La Open Presented By Herbalife,,81,4,20.25,9,2.25,Jelena Jankovic,2.0,https://www.wtatennis.com/resources/v7.42.0/i/elements/flags/srb.svg,QF,L,"4-6, 7-6 (5), 2-6",https://www.wtatennis.com/players/100153/jelena-jankovic,False,False,False,False,True,False,True,3,False,31,13,18,0,RS,SRB,688,150,Europe,Southeastern Europe,SRB,"4,6,None|7,6,5|2,6,None",,
2,La Open Presented By Herbalife,https://www.wtatennis.com/resources/v7.42.0/i/elements/itf.png,,ITF,Hard,https://www.wtatennis.com/resources/v7.42.0/i/elements/itf.png,2007-08-06,2007-08-12,2007,8,Los Angeles,UKR,,,,,,,,,California,54.0,70.0,11885.0,64M/32Q/16D,La Open Presented By Herbalife,,81,4,20.25,9,2.25,Kateryna Volodko,,https://www.wtatennis.com/resources/v7.42.0/i/elements/flags/ukr.svg,R16,W,"6-1, 6-2",https://www.wtatennis.com/players/20702/kateryna-volodko,False,False,False,False,False,False,False,2,True,15,12,3,1,UA,UKR,804,150,Europe,Eastern Europe,UKR,"6,1,None|6,2,None",,
3,La Open Presented By Herbalife,https://www.wtatennis.com/resources/v7.42.0/i/elements/itf.png,,ITF,Hard,https://www.wtatennis.com/resources/v7.42.0/i/elements/itf.png,2007-08-06,2007-08-12,2007,8,Los Angeles,USA,,,,,,United States of America|America|USA|US,,,California,39.0,70.0,11885.0,64M/32Q/16D,La Open Presented By Herbalife,,81,4,20.25,9,2.25,Meghann Shaughnessy,,https://www.wtatennis.com/resources/v7.42.0/i/elements/flags/usa.svg,R32,W,"6-2, 6-3",https://www.wtatennis.com/players/190565/meghann-shaughnessy,False,False,False,False,False,False,False,2,True,17,12,5,1,US,USA,840,019,America,Northern America,USA,"6,2,None|6,3,None",,
4,La Open Presented By Herbalife,https://www.wtatennis.com/resources/v7.42.0/i/elements/itf.png,,ITF,Hard,https://www.wtatennis.com/resources/v7.42.0/i/elements/itf.png,2007-08-06,2007-08-12,2007,8,Los Angeles,ITA,,,,,,,,,California,112.0,70.0,11885.0,64M/32Q/16D,La Open Presented By Herbalife,,81,4,20.25,9,2.25,Alberta Brianti,,https://www.wtatennis.com/resources/v7.42.0/i/elements/flags/ita.svg,R64,W,"6-3, 6-3",https://www.wtatennis.com/players/20458/alberta-brianti,False,False,False,False,False,False,False,2,True,18,12,6,1,IT,ITA,380,150,Europe,Southern Europe,ITA,"6,3,None|6,3,None",,
1,Acura Classic,https://www.wtatennis.com/resources/v7.42.0/i/elements/itf.png,,ITF,Hard,https://www.wtatennis.com/resources/v7.42.0/i/elements/itf.png,2007-07-30,2007-08-05,2007,7,San Diego,SVK,,,,,,,,,California,10.0,35.0,6265.0,64M/32Q/32D,Acura Classic,,48,2,24.0,6,3.0,Daniela Hantuchova,6.0,https://www.wtatennis.com/resources/v7.42.0/i/elements/flags/svk.svg,R32,L,"3-6, 6-1, 1-6",https://www.wtatennis.com/players/80394/daniela-hantuchova,False,False,False,False,False,False,False,3,False,23,10,13,0,SK,SVK,703,150,Europe,Central Europe,SVK,"3,6,None|6,1,None|1,6,None",,
2,Acura Classic,https://www.wtatennis.com/resources/v7.42.0/i/elements/itf.png,,ITF,Hard,https://www.wtatennis.com/resources/v7.42.0/i/elements/itf.png,2007-07-30,2007-08-05,2007,7,San Diego,TPE,,,,,,,,,California,65.0,35.0,6265.0,64M/32Q/32D,Acura Classic,,48,2,24.0,6,3.0,Latisha Chan,,https://www.wtatennis.com/resources/v7.42.0/i/elements/flags/tpe.svg,R64,W,"4-6, 6-3, 6-0",https://www.wtatennis.com/players/312015/latisha-chan,False,False,False,False,False,False,False,3,False,25,16,9,1,,,,,,,TPE,"4,6,None|6,3,None|6,0,None",,
1,Bank Of The West Classic,https://www.wtatennis.com/resources/v7.42.0/i/elements/itf.png,,ITF,Hard,https://www.wtatennis.com/resources/v7.42.0/i/elements/itf.png,2007-07-23,2007-07-29,2007,7,Stanford,RUS,,,,,,,,,California,45.0,1.0,3855.0,32M/32Q/16D,Bank Of The West Classic,,31,1,31.0,3,3.0,Maria Kirilenko,,https://www.wtatennis.com/resources/v7.42.0/i/elements/flags/rus.svg,R32,L,"6-3, 5-7, 4-6",https://www.wtatennis.com/players/310577/maria-kirilenko,False,False,False,False,False,False,False,3,True,31,15,16,0,RU,RUS,643,150,Europe,Eastern Europe,RUS,"6,3,None|5,7,None|4,6,None",,
1,Wimbledon,https://photoresources.wtatennis.com/photo-resources/2026/04/16/d29814e6-6e80-4015-b680-9a7f3cb065c3/WTA-Tournament_Wimbledon.png?height=128,https://www.wtatennis.com/tournaments/904/wimbledon/2007,Grand Slam,Grass,https://www.wtatennis.com/resources/v7.42.0/i/elements/gs-tag.svg,2007-06-25,2007-07-07,2007,6,,CZE,,GB,GBR,826,150,,Europe,Northern Europe,ENG,10.0,90.0,50422.0,128M/128Q/64D,The Championships,,50,3,16.666666666666668,6,2.0,Nicole Vaidisova,14.0,https://www.wtatennis.com/resources/v7.42.0/i/elements/flags/cze.svg,R32,L,"4-6, 2-6",https://www.wtatennis.com/players/311911/nicole-vaidisova,False,False,False,False,False,False,False,2,False,18,6,12,0,CZ,CZE,203,150,Europe,Central Europe,CZE,"4,6,None|2,6,None",,
2,Wimbledon,https://photoresources.wtatennis.com/photo-resources/2026/04/16/d29814e6-6e80-4015-b680-9a7f3cb065c3/WTA-Tournament_Wimbledon.png?height=128,https://www.wtatennis.com/tournaments/904/wimbledon/2007,Grand Slam,Grass,https://www.wtatennis.com/resources/v7.42.0/i/elements/gs-tag.svg,2007-06-25,2007-07-07,2007,6,,ITA,,GB,GBR,826,150,,Europe,Northern Europe,ENG,23.0,90.0,50422.0,128M/128Q/64D,The Championships,,50,3,16.666666666666668,6,2.0,Tathiana Garbin,21.0,https://www.wtatennis.com/resources/v7.42.0/i/elements/flags/ita.svg,R64,W,"6-1, 6-3",https://www.wtatennis.com/players/30348/tathiana-garbin,False,False,False,False,False,False,False,2,True,16,12,4,1,IT,ITA,380,150,Europe,Southern Europe,ITA,"6,1,None|6,3,None",,
3,Wimbledon,https://photoresources.wtatennis.com/photo-resources/2026/04/16/d29814e6-6e80-4015-b680-9a7f3cb065c3/WTA-Tournament_Wimbledon.png?height=128,https://www.wtatennis.com/tournaments/904/wimbledon/2007,Grand Slam,Grass,https://www.wtatennis.com/resources/v7.42.0/i/elements/gs-tag.svg,2007-06-25,2007-07-07,2007,6,,CRO,,GB,GBR,826,150,,Europe,Northern Europe,ENG,86.0,90.0,50422.0,128M/128Q/64D,The Championships,,50,3,16.666666666666668,6,2.0,Jelena Kostanic Tosic,,https://www.wtatennis.com/resources/v7.42.0/i/elements/flags/cro.svg,R128,W,"6-3, 6-1",https://www.wtatennis.com/players/110380/jelena-kostanic-tosic,False,False,False,False,False,False,False,2,True,16,12,4,1,HR,HRV,191,150,Europe,Southeastern Europe,CRO,"6,3,None|6,1,None",,
1,Ordina Open,https://www.wtatennis.com/resources/v7.42.0/i/elements/itf.png,,ITF,Grass,https://www.wtatennis.com/resources/v7.42.0/i/elements/itf.png,2007-06-17,2007-06-23,2007,6,S'Hertogenbosch,RUS,,NL,NLD,528,150,,Europe,Western Europe,NED,8.0,1.0,1290.0,32M/16Q/16D,Ordina Open,,28,1,28.0,3,3.0,Anna Chakvetadze,3.0,https://www.wtatennis.com/resources/v7.42.0/i/elements/flags/rus.svg,R32,L,"7-5, 2-6, 2-6",https://www.wtatennis.com/players/310623/anna-chakvetadze,False,False,False,False,False,False,False,3,True,28,11,17,0,RU,RUS,643,150,Europe,Eastern Europe,RUS,"7,5,None|2,6,None|2,6,None",,
1,Roland Garros,,https://www.wtatennis.com/tournaments/903/roland-garros/2007,Grand Slam,Clay,https://www.wtatennis.com/resources/v7.42.0/i/elements/gs-tag.svg,2007-05-27,2007-06-09,2007,5,,ITA,,FR,FRA,250,150,,Europe,Western Europe,FRA,85.0,2.0,18002.0,128M/128Q/64D,Roland Garros,,14,1,14.0,2,2.0,Karin Knapp,,https://www.wtatennis.com/resources/v7.42.0/i/elements/flags/ita.svg,R128,L,"1-6, 1-6",https://www.wtatennis.com/players/311299/karin-knapp,False,False,False,False,False,False,False,2,False,14,2,12,0,IT,ITA,380,150,Europe,Southern Europe,ITA,"1,6,None|1,6,None",,
1,Ecm Prague Open 2007,https://www.wtatennis.com/resources/v7.42.0/i/elements/itf.png,,ITF,Clay,https://www.wtatennis.com/resources/v7.42.0/i/elements/itf.png,2007-05-07,2007-05-13,2007,5,,JPN,,CZ,CZE,203,150,,Europe,Central Europe,CZE,60.0,50.0,6140.0,32M/32Q/16D,Ecm Prague Open 2007,,77,4,19.25,9,2.25,Akiko Morigami,6.0,https://www.wtatennis.com/resources/v7.42.0/i/elements/flags/jpn.svg,SF,L,"3-6, 5-4",https://www.wtatennis.com/players/130541/akiko-morigami,True,False,False,False,False,False,False,2,False,18,8,10,0,JP,JPN,392,142,Asia,East Asia,JPN,"3,6,None|5,4,None|Ret",,
2,Ecm Prague Open 2007,https://www.wtatennis.com/resources/v7.42.0/i/elements/itf.png,,ITF,Clay,https://www.wtatennis.com/resources/v7.42.0/i/elements/itf.png,2007-05-07,2007-05-13,2007,5,,SVK,,CZ,CZE,203,150,,Europe,Central Europe,CZE,139.0,50.0,6140.0,32M/32Q/16D,Ecm Prague Open 2007,,77,4,19.25,9,2.25,Dominika Cibulkova,,https://www.wtatennis.com/resources/v7.42.0/i/elements/flags/svk.svg,QF,W,"6-1, 6-1",https://www.wtatennis.com/players/312894/dominika-cibulkova,False,False,False,False,False,False,False,2,True,14,12,2,1,SK,SVK,703,150,Europe,Central Europe,SVK,"6,1,None|6,1,None",,
3,Ecm Prague Open 2007,https://www.wtatennis.com/resources/v7.42.0/i/elements/itf.png,,ITF,Clay,https://www.wtatennis.com/resources/v7.42.0/i/elements/itf.png,2007-05-07,2007-05-13,2007,5,,FRA,,CZ,CZE,203,150,,Europe,Central Europe,CZE,47.0,50.0,6140.0,32M/32Q/16D,Ecm Prague Open 2007,,77,4,19.25,9,2.25,Nathalie Dechy,5.0,https://www.wtatennis.com/resources/v7.42.0/i/elements/flags/fra.svg,R16,W,"7-6 (3), 6-1",https://www.wtatennis.com/players/40254/nathalie-dechy,False,False,False,True,False,False,True,2,True,20,13,7,1,FR,FRA,250,150,Europe,Western Europe,FRA,"7,6,3|6,1,None",,
4,Ecm Prague Open 2007,https://www.wtatennis.com/resources/v7.42.0/i/elements/itf.png,,ITF,Clay,https://www.wtatennis.com/resources/v7.42.0/i/elements/itf.png,2007-05-07,2007-05-13,2007,5,,SVK,,CZ,CZE,203,150,,Europe,Central Europe,CZE,101.0,50.0,6140.0,32M/32Q/16D,Ecm Prague Open 2007,,77,4,19.25,9,2.25,Martina Sucha,,https://www.wtatennis.com/resources/v7.42.0/i/elements/flags/svk.svg,R32,W,"2-6, 6-3, 6-2",https://www.wtatennis.com/players/190295/martina-sucha,False,False,False,False,False,False,False,3,False,25,14,11,1,SK,SVK,703,150,Europe,Central Europe,SVK,"2,6,None|6,3,None|6,2,None",,
1,Estoril Open,https://www.wtatennis.com/resources/v7.42.0/i/elements/itf.png,,ITF,Clay,https://www.wtatennis.com/resources/v7.42.0/i/elements/itf.png,2007-04-30,2007-05-06,2007,4,,HUN,,PT,PRT,620,150,,Europe,Southern Europe,POR,176.0,80.0,11395.0,32M/32Q/16D,Estoril Open,,100,5,20.0,11,2.2,Greta Arn,,https://www.wtatennis.com/resources/v7.42.0/i/elements/flags/hun.svg,F,L,"6-2, 1-6, 6-7 (3)",https://www.wtatennis.com/players/10230/greta-arn,False,False,False,False,False,True,True,3,True,28,13,15,0,HU,HUN,348,150,Europe,Central Europe,HUN,"6,2,None|1,6,None|6,7,3",,
2,Estoril Open,https://www.wtatennis.com/resources/v7.42.0/i/elements/itf.png,,ITF,Clay,https://www.wtatennis.com/resources/v7.42.0/i/elements/itf.png,2007-04-30,2007-05-06,2007,4,,CZE,,PT,PRT,620,150,,Europe,Southern Europe,POR,30.0,80.0,11395.0,32M/32Q/16D,Estoril Open,,100,5,20.0,11,2.2,Lucie Safarova,3.0,https://www.wtatennis.com/resources/v7.42.0/i/elements/flags/cze.svg,SF,W,"6-4, 6-0",https://www.wtatennis.com/players/310553/lucie-safarova,False,False,False,False,False,False,False,2,True,16,12,4,1,CZ,CZE,203,150,Europe,Central Europe,CZE,"6,4,None|6,0,None",,
3,Estoril Open,https://www.wtatennis.com/resources/v7.42.0/i/elements/itf.png,,ITF,Clay,https://www.wtatennis.com/resources/v7.42.0/i/elements/itf.png,2007-04-30,2007-05-06,2007,4,,ARG,,PT,PRT,620,150,,Europe,Southern Europe,POR,34.0,80.0,11395.0,32M/32Q/16D,Estoril Open,,100,5,20.0,11,2.2,Gisela Dulko,,https://www.wtatennis.com/resources/v7.42.0/i/elements/flags/arg.svg,QF,W,"6-1, 6-2",https://www.wtatennis.com/players/40388/gisela-dulko,False,False,False,False,False,False,False,2,True,15,12,3,1,AR,ARG,032,019,America,Southern South America,ARG,"6,1,None|6,2,None",,
4,Estoril Open,https://www.wtatennis.com/resources/v7.42.0/i/elements/itf.png,,ITF,Clay,https://www.wtatennis.com/resources/v7.42.0/i/elements/itf.png,2007-04-30,2007-05-06,2007,4,,ITA,,PT,PRT,620,150,,Europe,Southern Europe,POR,26.0,80.0,11395.0,32M/32Q/16D,Estoril Open,,100,5,20.0,11,2.2,Francesca Schiavone,2.0,https://www.wtatennis.com/resources/v7.42.0/i/elements/flags/ita.svg,R16,W,"6-2, 6-2",https://www.wtatennis.com/players/190666/francesca-schiavone,False,False,False,False,False,False,False,2,True,16,12,4,1,IT,ITA,380,150,Europe,Southern Europe,ITA,"6,2,None|6,2,None",,
5,Estoril Open,https://www.wtatennis.com/resources/v7.42.0/i/elements/itf.png,,ITF,Clay,https://www.wtatennis.com/resources/v7.42.0/i/elements/itf.png,2007-04-30,2007-05-06,2007,4,,FRA,,PT,PRT,620,150,,Europe,Southern Europe,POR,59.0,80.0,11395.0,32M/32Q/16D,Estoril Open,,100,5,20.0,11,2.2,Virginie Razzano,,https://www.wtatennis.com/resources/v7.42.0/i/elements/flags/fra.svg,R32,W,"7-6 (14), 7-5",https://www.wtatennis.com/players/180384/virginie-razzano,False,False,False,True,False,False,True,2,True,25,14,11,1,FR,FRA,250,150,Europe,Western Europe,FRA,"7,6,14|7,5,None",,
1,Bausch & Lomb Championships,https://www.wtatennis.com/resources/v7.42.0/i/elements/itf.png,,ITF,Clay,https://www.wtatennis.com/resources/v7.42.0/i/elements/itf.png,2007-04-02,2007-04-08,2007,4,Amelia Island,SUI,,,,,,,,,Florida,62.0,1.0,1595.0,64M/32Q/16D,Bausch & Lomb Championships,,14,1,14.0,2,2.0,Romina Oprandi,,https://www.wtatennis.com/resources/v7.42.0/i/elements/flags/sui.svg,R64,L,"1-6, 1-6",https://www.wtatennis.com/players/150185/romina-oprandi,False,False,False,False,False,False,False,2,False,14,2,12,0,CH,CHE,756,150,Europe,Central Europe,SUI,"1,6,None|1,6,None",,
1,Sony Ericsson Open,https://www.wtatennis.com/resources/v7.42.0/i/elements/itf.png,,ITF,Hard,https://www.wtatennis.com/resources/v7.42.0/i/elements/itf.png,2007-03-21,2007-04-03,2007,3,Miami,CZE,,,,,,,,,Fl,8.0,45.0,18240.0,128M/64Q/32D,Sony Ericsson Open,,56,3,18.666666666666668,6,2.0,Nicole Vaidisova,8.0,https://www.wtatennis.com/resources/v7.42.0/i/elements/flags/cze.svg,R32,L,"3-6, 3-6",https://www.wtatennis.com/players/311911/nicole-vaidisova,False,False,False,False,False,False,False,2,False,18,6,12,0,CZ,CZE,203,150,Europe,Central Europe,CZE,"3,6,None|3,6,None",,
2,Sony Ericsson Open,https://www.wtatennis.com/resources/v7.42.0/i/elements/itf.png,,ITF,Hard,https://www.wtatennis.com/resources/v7.42.0/i/elements/itf.png,2007-03-21,2007-04-03,2007,3,Miami,ESP,,,,,,Kingdom of Spain,,,Fl,31.0,45.0,18240.0,128M/64Q/32D,Sony Ericsson Open,,56,3,18.666666666666668,6,2.0,Anabel Medina Garrigues,26.0,https://www.wtatennis.com/resources/v7.42.0/i/elements/flags/esp.svg,R64,W,"6-4, 7-5",https://www.wtatennis.com/players/130611/anabel-medina-garrigues,False,False,False,False,False,False,False,2,True,22,13,9,1,ES,ESP,724,150,Europe,Southern Europe,ESP,"6,4,None|7,5,None",,
3,Sony Ericsson Open,https://www.wtatennis.com/resources/v7.42.0/i/elements/itf.png,,ITF,Hard,https://www.wtatennis.com/resources/v7.42.0/i/elements/itf.png,2007-03-21,2007-04-03,2007,3,Miami,THA,,,,,,,,,Fl,68.0,45.0,18240.0,128M/64Q/32D,Sony Ericsson Open,,56,3,18.666666666666668,6,2.0,Tamarine Tanasugarn,,https://www.wtatennis.com/resources/v7.42.0/i/elements/flags/tha.svg,R128,W,"6-0, 6-4",https://www.wtatennis.com/players/200137/tamarine-tanasugarn,False,False,False,False,False,False,False,2,True,16,12,4,1,TH,THA,764,142,Asia,Southeast Asia,THA,"6,0,None|6,4,None",,
1,Pacific Life Open,https://www.wtatennis.com/resources/v7.42.0/i/elements/itf.png,,ITF,Hard,https://www.wtatennis.com/resources/v7.42.0/i/elements/itf.png,2007-03-07,2007-03-17,2007,3,Indian Wells,RUS,,,,,,,,,California,20.0,55.0,8755.0,128M/48Q/32D,Pacific Life Open,,109,5,21.8,11,2.2,Vera Zvonareva,15.0,https://www.wtatennis.com/resources/v7.42.0/i/elements/flags/rus.svg,R32,L,"3-6, 3-6",https://www.wtatennis.com/players/260142/vera-zvonareva,False,False,False,False,False,False,False,2,False,18,6,12,0,RU,RUS,643,150,Europe,Eastern Europe,RUS,"3,6,None|3,6,None",Q,False
2,Pacific Life Open,https://www.wtatennis.com/resources/v7.42.0/i/elements/itf.png,,ITF,Hard,https://www.wtatennis.com/resources/v7.42.0/i/elements/itf.png,2007-03-07,2007-03-17,2007,3,Indian Wells,CHN,,,,,,,,,California,31.0,55.0,8755.0,128M/48Q/32D,Pacific Life Open,,109,5,21.8,11,2.2,Jie Zheng,22.0,https://www.wtatennis.com/resources/v7.42.0/i/elements/flags/chn.svg,R64,W,"6-3, 7-5",https://www.wtatennis.com/players/260144/jie-zheng,False,False,False,False,False,False,False,2,True,21,13,8,1,CN,CHN,156,142,Asia,East Asia,CHN,"6,3,None|7,5,None",Q,False
3,Pacific Life Open,https://www.wtatennis.com/resources/v7.42.0/i/elements/itf.png,,ITF,Hard,https://www.wtatennis.com/resources/v7.42.0/i/elements/itf.png,2007-03-07,2007-03-17,2007,3,Indian Wells,FRA,,,,,,,,,California,43.0,55.0,8755.0,128M/48Q/32D,Pacific Life Open,,109,5,21.8,11,2.2,Emilie Loit,,https://www.wtatennis.com/resources/v7.42.0/i/elements/flags/fra.svg,R128,W,"7-5, 6-3",https://www.wtatennis.com/players/120277/emilie-loit,False,False,False,False,False,False,False,2,True,21,13,8,1,FR,FRA,250,150,Europe,Western Europe,FRA,"7,5,None|6,3,None",Q,False
4,Pacific Life Open,https://www.wtatennis.com/resources/v7.42.0/i/elements/itf.png,,ITF,Hard,https://www.wtatennis.com/resources/v7.42.0/i/elements/itf.png,2007-03-07,2007-03-17,2007,3,Indian Wells,HUN,,,,,,,,,California,117.0,55.0,8755.0,128M/48Q/32D,Pacific Life Open,,109,5,21.8,11,2.2,Melinda Czink,17.0,https://www.wtatennis.com/resources/v7.42.0/i/elements/flags/hun.svg,QR2,W,"6-4, 6-4",https://www.wtatennis.com/players/30557/melinda-czink,False,False,False,False,False,False,False,2,True,20,12,8,1,HU,HUN,348,150,Europe,Central Europe,HUN,"6,4,None|6,4,None",Q,False
5,Pacific Life Open,https://www.wtatennis.com/resources/v7.42.0/i/elements/itf.png,,ITF,Hard,https://www.wtatennis.com/resources/v7.42.0/i/elements/itf.png,2007-03-07,2007-03-17,2007,3,Indian Wells,ARG,,,,,,,,,California,149.0,55.0,8755.0,128M/48Q/32D,Pacific Life Open,,109,5,21.8,11,2.2,Paola Suárez,,https://www.wtatennis.com/resources/v7.42.0/i/elements/flags/arg.svg,QR1,W,"6-4, 4-6, 6-3",https://www.wtatennis.com/players/190360/paola-su-rez,False,False,False,False,False,False,False,3,True,29,16,13,1,AR,ARG,032,019,America,Southern South America,ARG,"6,4,None|4,6,None|6,3,None",Q,False
1,"Itf/Usta $75,000",https://www.wtatennis.com/resources/v7.42.0/i/elements/itf.png,,ITF,Hard,https://www.wtatennis.com/resources/v7.42.0/i/elements/itf.png,2007-02-07,2007-03-04,2007,2,Las Vegas,BLR,,,,,,,,,Nevada,118.0,,1140.0,32M/32Q/16D,"Itf/Usta $75,000",,39,2,19.5,5,2.5,Tatiana Poutchek,,https://www.wtatennis.com/resources/v7.42.0/i/elements/flags/blr.svg,R16,L,"6-4, 2-6, 1-6",https://www.wtatennis.com/players/160303/tatiana-poutchek,False,False,False,False,False,False,False,3,True,25,9,16,0,BY,BLR,112,150,Europe,Eastern Europe,BLR,"6,4,None|2,6,None|1,6,None",,
2,"Itf/Usta $75,000",https://www.wtatennis.com/resources/v7.42.0/i/elements/itf.png,,ITF,Hard,https://www.wtatennis.com/resources/v7.42.0/i/elements/itf.png,2007-02-07,2007-03-04,2007,2,Las Vegas,USA,,,,,,United States of America|America|USA|US,,,Nevada,569.0,,1140.0,32M/32Q/16D,"Itf/Usta $75,000",,39,2,19.5,5,2.5,Lindsay Lee-Waters,,https://www.wtatennis.com/resources/v7.42.0/i/elements/flags/usa.svg,R32,W,"6-0, 6-2",https://www.wtatennis.com/players/120281/lindsay-lee-waters,False,False,False,False,False,False,False,2,True,14,12,2,1,US,USA,840,019,America,Northern America,USA,"6,0,None|6,2,None",,
1,Australian Open,https://photoresources.wtatennis.com/photo-resources/2026/04/16/6b041ce4-8b08-4fff-be75-89d1c452c157/WTA-Tournament_Australian-Open.png?height=128,https://www.wtatennis.com/tournaments/901/australian-open/2007,Grand Slam,Hard,https://www.wtatennis.com/resources/v7.42.0/i/elements/gs-tag.svg,2007-01-15,2007-01-27,2007,1,,SRB,,AU,AUS,036,009,,Oceania,Australasia,AUS,11.0,90.0,36086.0,128M/128Q/64D,Australian Open,,67,3,22.333333333333332,7,2.3333333333333335,Jelena Jankovic,11.0,https://www.wtatennis.com/resources/v7.42.0/i/elements/flags/srb.svg,R32,L,"3-6, 4-6",https://www.wtatennis.com/players/100153/jelena-jankovic,False,False,False,False,False,False,False,2,False,19,7,12,0,RS,SRB,688,150,Europe,Southeastern Europe,SRB,"3,6,None|4,6,None",,
2,Australian Open,https://photoresources.wtatennis.com/photo-resources/2026/04/16/6b041ce4-8b08-4fff-be75-89d1c452c157/WTA-Tournament_Australian-Open.png?height=128,https://www.wtatennis.com/tournaments/901/australian-open/2007,Grand Slam,Hard,https://www.wtatennis.com/resources/v7.42.0/i/elements/gs-tag.svg,2007-01-15,2007-01-27,2007,1,,FRA,,AU,AUS,036,009,,Oceania,Australasia,AUS,21.0,90.0,36086.0,128M/128Q/64D,Australian Open,,67,3,22.333333333333332,7,2.3333333333333335,Marion Bartoli,18.0,https://www.wtatennis.com/resources/v7.42.0/i/elements/flags/fra.svg,R64,W,"6-0, 7-5",https://www.wtatennis.com/players/20631/marion-bartoli,False,False,False,False,False,False,False,2,True,18,13,5,1,FR,FRA,250,150,Europe,Western Europe,FRA,"6,0,None|7,5,None",,
3,Australian Open,https://photoresources.wtatennis.com/photo-resources/2026/04/16/6b041ce4-8b08-4fff-be75-89d1c452c157/WTA-Tournament_Australian-Open.png?height=128,https://www.wtatennis.com/tournaments/901/australian-open/2007,Grand Slam,Hard,https://www.wtatennis.com/resources/v7.42.0/i/elements/gs-tag.svg,2007-01-15,2007-01-27,2007,1,,UKR,,AU,AUS,036,009,,Oceania,Australasia,AUS,73.0,90.0,36086.0,128M/128Q/64D,Australian Open,,67,3,22.333333333333332,7,2.3333333333333335,Yuliana Fedak,,https://www.wtatennis.com/resources/v7.42.0/i/elements/flags/ukr.svg,R128,W,"6-2, 5-7, 6-4",https://www.wtatennis.com/players/60301/yuliana-fedak,False,False,False,False,False,False,False,3,True,30,17,13,1,UA,UKR,804,150,Europe,Eastern Europe,UKR,"6,2,None|5,7,None|6,4,None",,
1,Moorilla Hobart International,https://www.wtatennis.com/resources/v7.42.0/i/elements/itf.png,,ITF,Hard,https://www.wtatennis.com/resources/v7.42.0/i/elements/itf.png,2007-01-07,2007-01-13,2007,1,Hobart,SUI,,AU,AUS,036,009,,Oceania,Australasia,AUS,113.0,2.0,310.0,32M/32Q/16D,Moorilla Hobart International,,46,2,23.0,5,2.5,Emmanuelle Gagliardi,,https://www.wtatennis.com/resources/v7.42.0/i/elements/flags/sui.svg,QR2,L,"3-6, 2-5",https://www.wtatennis.com/players/70245/emmanuelle-gagliardi,True,False,False,False,False,False,False,2,False,16,5,11,0,CH,CHE,756,150,Europe,Central Europe,SUI,"3,6,None|2,5,None|Ret",,
2,Moorilla Hobart International,https://www.wtatennis.com/resources/v7.42.0/i/elements/itf.png,,ITF,Hard,https://www.wtatennis.com/resources/v7.42.0/i/elements/itf.png,2007-01-07,2007-01-13,2007,1,Hobart,KAZ,,AU,AUS,036,009,,Oceania,Australasia,AUS,139.0,2.0,310.0,32M/32Q/16D,Moorilla Hobart International,,46,2,23.0,5,2.5,Yaroslava Shvedova,,https://www.wtatennis.com/resources/v7.42.0/i/elements/flags/kaz.svg,QR1,W,"6-1, 4-6, 7-6 (4)",https://www.wtatennis.com/players/311137/yaroslava-shvedova,False,False,False,False,False,True,True,3,True,30,17,13,1,KZ,KAZ,398,142,Asia,Central Asia,KAZ,"6,1,None|4,6,None|7,6,4",,
1,"Itf/Usta $75,000",https://www.wtatennis.com/resources/v7.42.0/i/elements/itf.png,,ITF,Hard,https://www.wtatennis.com/resources/v7.42.0/i/elements/itf.png,2006-11-07,2006-11-12,2006,11,Pittsburgh,CAN,,,,,,,,,Pennsylvania,115.0,,6080.0,32M/32Q/16D,"Itf/Usta $75,000",,89,5,17.8,11,2.2,Aleksandra Wozniak,,https://www.wtatennis.com/resources/v7.42.0/i/elements/flags/can.svg,F,L,2-6,https://www.wtatennis.com/players/310494/aleksandra-wozniak,True,False,False,False,False,False,False,1,False,8,2,6,0,CA,CAN,124,019,America,Northern America,CAN,"2,6,None|Ret",,
2,"Itf/Usta $75,000",https://www.wtatennis.com/resources/v7.42.0/i/elements/itf.png,,ITF,Hard,https://www.wtatennis.com/resources/v7.42.0/i/elements/itf.png,2006-11-07,2006-11-12,2006,11,Pittsburgh,USA,,,,,,United States of America|America|USA|US,,,Pennsylvania,164.0,,6080.0,32M/32Q/16D,"Itf/Usta $75,000",,89,5,17.8,11,2.2,Abigail Spears,,https://www.wtatennis.com/resources/v7.42.0/i/elements/flags/usa.svg,SF,W,"6-1, 4-6, 6-0",https://www.wtatennis.com/players/190771/abigail-spears,False,False,False,False,False,False,False,3,True,23,16,7,1,US,USA,840,019,America,Northern America,USA,"6,1,None|4,6,None|6,0,None",,
3,"Itf/Usta $75,000",https://www.wtatennis.com/resources/v7.42.0/i/elements/itf.png,,ITF,Hard,https://www.wtatennis.com/resources/v7.42.0/i/elements/itf.png,2006-11-07,2006-11-12,2006,11,Pittsburgh,CAN,,,,,,,,,Pennsylvania,130.0,,6080.0,32M/32Q/16D,"Itf/Usta $75,000",,89,5,17.8,11,2.2,Stéphanie Dubois,,https://www.wtatennis.com/resources/v7.42.0/i/elements/flags/can.svg,QF,W,"6-4, 3-6, 6-4",https://www.wtatennis.com/players/310290/st-phanie-dubois,False,False,False,False,False,False,False,3,True,29,15,14,1,CA,CAN,124,019,America,Northern America,CAN,"6,4,None|3,6,None|6,4,None",,
4,"Itf/Usta $75,000",https://www.wtatennis.com/resources/v7.42.0/i/elements/itf.png,,ITF,Hard,https://www.wtatennis.com/resources/v7.42.0/i/elements/itf.png,2006-11-07,2006-11-12,2006,11,Pittsburgh,AUS,,,,,,,,,Pennsylvania,79.0,,6080.0,32M/32Q/16D,"Itf/Usta $75,000",,89,5,17.8,11,2.2,Nicole Pratt,6.0,https://www.wtatennis.com/resources/v7.42.0/i/elements/flags/aus.svg,R16,W,"6-3, 6-0",https://www.wtatennis.com/players/160078/nicole-pratt,False,False,False,False,False,False,False,2,True,15,12,3,1,AU,AUS,036,009,Oceania,Australasia,AUS,"6,3,None|6,0,None",,
5,"Itf/Usta $75,000",https://www.wtatennis.com/resources/v7.42.0/i/elements/itf.png,,ITF,Hard,https://www.wtatennis.com/resources/v7.42.0/i/elements/itf.png,2006-11-07,2006-11-12,2006,11,Pittsburgh,HUN,,,,,,,,,Pennsylvania,93.0,,6080.0,32M/32Q/16D,"Itf/Usta $75,000",,89,5,17.8,11,2.2,Melinda Czink,,https://www.wtatennis.com/resources/v7.42.0/i/elements/flags/hun.svg,R32,W,"6-1, 6-1",https://www.wtatennis.com/players/30557/melinda-czink,False,False,False,False,False,False,False,2,True,14,12,2,1,HU,HUN,348,150,Europe,Central Europe,HUN,"6,1,None|6,1,None",,
1,Bell Challenge,https://www.wtatennis.com/resources/v7.42.0/i/elements/itf.png,,ITF,Carpet,https://www.wtatennis.com/resources/v7.42.0/i/elements/itf.png,2006-10-30,2006-11-05,2006,10,Quebec City,AUT,,CA,CAN,124,019,,America,Northern America,CAN,58.0,1.0,1300.0,32M/32Q/16D,Bell Challenge,,23,1,23.0,3,3.0,Sybille Bammer,5.0,https://www.wtatennis.com/resources/v7.42.0/i/elements/flags/aut.svg,R32,L,"6-2, 2-6, 1-6",https://www.wtatennis.com/players/20463/sybille-bammer,False,False,False,False,False,False,False,3,True,23,9,14,0,AT,AUT,040,150,Europe,Central Europe,AUT,"6,2,None|2,6,None|1,6,None",,
1,Tashkent Open,https://www.wtatennis.com/resources/v7.42.0/i/elements/itf.png,,ITF,Hard,https://www.wtatennis.com/resources/v7.42.0/i/elements/itf.png,2006-10-02,2006-10-08,2006,10,,CHN,,UZ,UZB,860,142,,Asia,Central Asia,UZB,128.0,43.0,6765.0,32M/16Q/16D,Tashkent Open,,73,4,18.25,8,2.0,Tiantian Sun,,https://www.wtatennis.com/resources/v7.42.0/i/elements/flags/chn.svg,SF,L,"5-7, 4-6",https://www.wtatennis.com/players/190817/tiantian-sun,False,False,False,False,False,False,False,2,False,22,9,13,0,CN,CHN,156,142,Asia,East Asia,CHN,"5,7,None|4,6,None",,
2,Tashkent Open,https://www.wtatennis.com/resources/v7.42.0/i/elements/itf.png,,ITF,Hard,https://www.wtatennis.com/resources/v7.42.0/i/elements/itf.png,2006-10-02,2006-10-08,2006,10,,ITA,,UZ,UZB,860,142,,Asia,Central Asia,UZB,51.0,43.0,6765.0,32M/16Q/16D,Tashkent Open,,73,4,18.25,8,2.0,Maria Elena Camerin,1.0,https://www.wtatennis.com/resources/v7.42.0/i/elements/flags/ita.svg,QF,W,"6-0, 6-1",https://www.wtatennis.com/players/30462/maria-elena-camerin,False,False,False,False,False,False,False,2,True,13,12,1,1,IT,ITA,380,150,Europe,Southern Europe,ITA,"6,0,None|6,1,None",,
3,Tashkent Open,https://www.wtatennis.com/resources/v7.42.0/i/elements/itf.png,,ITF,Hard,https://www.wtatennis.com/resources/v7.42.0/i/elements/itf.png,2006-10-02,2006-10-08,2006,10,,SVK,,UZ,UZB,860,142,,Asia,Central Asia,UZB,254.0,43.0,6765.0,32M/16Q/16D,Tashkent Open,,73,4,18.25,8,2.0,Dominika Cibulkova,,https://www.wtatennis.com/resources/v7.42.0/i/elements/flags/svk.svg,R16,W,"6-4, 6-4",https://www.wtatennis.com/players/312894/dominika-cibulkova,False,False,False,False,False,False,False,2,True,20,12,8,1,SK,SVK,703,150,Europe,Central Europe,SVK,"6,4,None|6,4,None",,
4,Tashkent Open,https://www.wtatennis.com/resources/v7.42.0/i/elements/itf.png,,ITF,Hard,https://www.wtatennis.com/resources/v7.42.0/i/elements/itf.png,2006-10-02,2006-10-08,2006,10,,CRO,,UZ,UZB,860,142,,Asia,Central Asia,UZB,177.0,43.0,6765.0,32M/16Q/16D,Tashkent Open,,73,4,18.25,8,2.0,Sanja Ancic,,https://www.wtatennis.com/resources/v7.42.0/i/elements/flags/cro.svg,R32,W,"7-5, 6-0",https://www.wtatennis.com/players/312164/sanja-ancic,False,False,False,False,False,False,False,2,True,18,13,5,1,HR,HRV,191,150,Europe,Southeastern Europe,CRO,"7,5,None|6,0,None",,
1,US Open,https://photoresources.wtatennis.com/photo-resources/2026/04/16/8d0a3d41-7b45-434b-a75b-b7d2eb0922b4/WTA-Tournament_US-Open.png?height=128,https://www.wtatennis.com/tournaments/905/us-open/2006,Grand Slam,Hard,https://www.wtatennis.com/resources/v7.42.0/i/elements/gs-tag.svg,2006-08-28,2006-09-09,2006,8,,RUS,,US,USA,840,019,,America,Northern America,USA,29.0,62.0,38769.0,128M/128Q/64D,Us Open,,54,3,18.0,6,2.0,Anna Chakvetadze,23.0,https://www.wtatennis.com/resources/v7.42.0/i/elements/flags/rus.svg,R32,L,"4-6, 3-6",https://www.wtatennis.com/players/310623/anna-chakvetadze,False,False,False,False,False,False,False,2,False,19,7,12,0,RU,RUS,643,150,Europe,Eastern Europe,RUS,"4,6,None|3,6,None",,
2,US Open,https://photoresources.wtatennis.com/photo-resources/2026/04/16/8d0a3d41-7b45-434b-a75b-b7d2eb0922b4/WTA-Tournament_US-Open.png?height=128,https://www.wtatennis.com/tournaments/905/us-open/2006,Grand Slam,Hard,https://www.wtatennis.com/resources/v7.42.0/i/elements/gs-tag.svg,2006-08-28,2006-09-09,2006,8,,USA,,US,USA,840,019,United States of America|America|USA|US,America,Northern America,USA,57.0,62.0,38769.0,128M/128Q/64D,Us Open,,54,3,18.0,6,2.0,Jamea Jackson,,https://www.wtatennis.com/resources/v7.42.0/i/elements/flags/usa.svg,R64,W,"6-3, 6-2",https://www.wtatennis.com/players/100164/jamea-jackson,False,False,False,False,False,False,False,2,True,17,12,5,1,US,USA,840,019,America,Northern America,USA,"6,3,None|6,2,None",,
3,US Open,https://photoresources.wtatennis.com/photo-resources/2026/04/16/8d0a3d41-7b45-434b-a75b-b7d2eb0922b4/WTA-Tournament_US-Open.png?height=128,https://www.wtatennis.com/tournaments/905/us-open/2006,Grand Slam,Hard,https://www.wtatennis.com/resources/v7.42.0/i/elements/gs-tag.svg,2006-08-28,2006-09-09,2006,8,,RUS,,US,USA,840,019,,America,Northern America,USA,12.0,62.0,38769.0,128M/128Q/64D,Us Open,,54,3,18.0,6,2.0,Anastasia Myskina,11.0,https://www.wtatennis.com/resources/v7.42.0/i/elements/flags/rus.svg,R128,W,"6-4, 6-2",https://www.wtatennis.com/players/130533/anastasia-myskina,False,False,False,False,False,False,False,2,True,18,12,6,1,RU,RUS,643,150,Europe,Eastern Europe,RUS,"6,4,None|6,2,None",,
1,Pilot Pen Tennis Presented By Michelob Ultra,https://www.wtatennis.com/resources/v7.42.0/i/elements/itf.png,,ITF,Hard,https://www.wtatennis.com/resources/v7.42.0/i/elements/itf.png,2006-08-20,2006-08-26,2006,8,New Haven,COL,,,,,,,,,Connecticut,42.0,1.0,640.0,32M/32Q/16D,Pilot Pen Tennis Presented By Michelob Ultra,,15,1,15.0,2,2.0,Catalina Castaño,6.0,https://www.wtatennis.com/resources/v7.42.0/i/elements/flags/col.svg,QR1,L,"1-6, 2-6",https://www.wtatennis.com/players/30360/catalina-casta-o,False,False,False,False,False,False,False,2,False,15,3,12,0,CO,COL,170,019,America,Northern South America,COL,"1,6,None|2,6,None",,
1,Wimbledon,https://photoresources.wtatennis.com/photo-resources/2026/04/16/d29814e6-6e80-4015-b680-9a7f3cb065c3/WTA-Tournament_Wimbledon.png?height=128,https://www.wtatennis.com/tournaments/904/wimbledon/2006,Grand Slam,Grass,https://www.wtatennis.com/resources/v7.42.0/i/elements/gs-tag.svg,2006-06-26,2006-07-08,2006,6,,POL,,GB,GBR,826,150,,Europe,Northern Europe,ENG,217.0,2.0,12785.0,128M/128Q/64D,The Championships,,22,1,22.0,2,2.0,Agnieszka Radwanska,,https://www.wtatennis.com/resources/v7.42.0/i/elements/flags/pol.svg,R128,L,"5-7, 4-6",https://www.wtatennis.com/players/312251/agnieszka-radwanska,False,False,False,False,False,False,False,2,False,22,9,13,0,PL,POL,616,150,Europe,Central Europe,POL,"5,7,None|4,6,None",,
1,Roland Garros,,https://www.wtatennis.com/tournaments/903/roland-garros/2006,Grand Slam,Clay,https://www.wtatennis.com/resources/v7.42.0/i/elements/gs-tag.svg,2006-05-28,2006-06-10,2006,5,,ESP,,FR,FRA,250,150,Kingdom of Spain,Europe,Western Europe,FRA,27.0,31.0,13834.0,128M/128Q/64D,Roland Garros,,105,4,26.25,11,2.75,Anabel Medina Garrigues,26.0,https://www.wtatennis.com/resources/v7.42.0/i/elements/flags/esp.svg,R128,L,"6-0, 3-6, 7-9",https://www.wtatennis.com/players/130611/anabel-medina-garrigues,False,False,False,False,False,False,False,3,True,31,16,15,0,ES,ESP,724,150,Europe,Southern Europe,ESP,"6,0,None|3,6,None|7,9,None",Q,False
2,Roland Garros,,https://www.wtatennis.com/tournaments/903/roland-garros/2006,Grand Slam,Clay,https://www.wtatennis.com/resources/v7.42.0/i/elements/gs-tag.svg,2006-05-28,2006-06-10,2006,5,,POL,,FR,FRA,250,150,,Europe,Western Europe,FRA,198.0,31.0,13834.0,128M/128Q/64D,Roland Garros,,105,4,26.25,11,2.75,Joanna Sakowicz-Kostecka,,https://www.wtatennis.com/resources/v7.42.0/i/elements/flags/pol.svg,QR3,W,"3-6, 6-3, 6-0",https://www.wtatennis.com/players/190815/joanna-sakowicz-kostecka,False,False,False,False,False,False,False,3,False,24,15,9,1,PL,POL,616,150,Europe,Central Europe,POL,"3,6,None|6,3,None|6,0,None",Q,False
3,Roland Garros,,https://www.wtatennis.com/tournaments/903/roland-garros/2006,Grand Slam,Clay,https://www.wtatennis.com/resources/v7.42.0/i/elements/gs-tag.svg,2006-05-28,2006-06-10,2006,5,,USA,,FR,FRA,250,150,United States of America|America|USA|US,Europe,Western Europe,FRA,269.0,31.0,13834.0,128M/128Q/64D,Roland Garros,,105,4,26.25,11,2.75,Carly Gullickson,,https://www.wtatennis.com/resources/v7.42.0/i/elements/flags/usa.svg,QR2,W,"6-4, 6-4",https://www.wtatennis.com/players/310089/carly-gullickson,False,False,False,False,False,False,False,2,True,20,12,8,1,US,USA,840,019,America,Northern America,USA,"6,4,None|6,4,None",Q,False
4,Roland Garros,,https://www.wtatennis.com/tournaments/903/roland-garros/2006,Grand Slam,Clay,https://www.wtatennis.com/resources/v7.42.0/i/elements/gs-tag.svg,2006-05-28,2006-06-10,2006,5,,BIH,,FR,FRA,250,150,,Europe,Western Europe,FRA,173.0,31.0,13834.0,128M/128Q/64D,Roland Garros,,105,4,26.25,11,2.75,Mervana Jugic-Salkic,,https://www.wtatennis.com/resources/v7.42.0/i/elements/flags/bih.svg,QR1,W,"5-7, 6-3, 6-3",https://www.wtatennis.com/players/100123/mervana-jugic-salkic,False,False,False,False,False,False,False,3,False,30,17,13,1,BA,BIH,070,150,Europe,Southeastern Europe,BIH,"5,7,None|6,3,None|6,3,None",Q,False
1,Internazionali D'Ltalia 2006,https://www.wtatennis.com/resources/v7.42.0/i/elements/itf.png,,ITF,Clay,https://www.wtatennis.com/resources/v7.42.0/i/elements/itf.png,2006-05-15,2006-05-21,2006,5,Rome,RUS,,IT,ITA,380,150,,Europe,Southern Europe,ITA,13.0,11.0,3455.0,64M/32Q/32D,Internazionali D'Ltalia 2006,,65,3,21.666666666666668,7,2.3333333333333335,Anastasia Myskina,10.0,https://www.wtatennis.com/resources/v7.42.0/i/elements/flags/rus.svg,R64,L,"3-6, 6-3, 6-7 (6)",https://www.wtatennis.com/players/130533/anastasia-myskina,False,False,False,False,False,True,True,3,False,31,15,16,0,RU,RUS,643,150,Europe,Eastern Europe,RUS,"3,6,None|6,3,None|6,7,6",Q,False
2,Internazionali D'Ltalia 2006,https://www.wtatennis.com/resources/v7.42.0/i/elements/itf.png,,ITF,Clay,https://www.wtatennis.com/resources/v7.42.0/i/elements/itf.png,2006-05-15,2006-05-21,2006,5,Rome,ESP,,IT,ITA,380,150,Kingdom of Spain,Europe,Southern Europe,ITA,68.0,11.0,3455.0,64M/32Q/32D,Internazionali D'Ltalia 2006,,65,3,21.666666666666668,7,2.3333333333333335,María Sánchez Lorenzo,3.0,https://www.wtatennis.com/resources/v7.42.0/i/elements/flags/esp.svg,QR2,W,"6-2, 6-2",https://www.wtatennis.com/players/190435/mar-a-s-nchez-lorenzo,False,False,False,False,False,False,False,2,True,16,12,4,1,ES,ESP,724,150,Europe,Southern Europe,ESP,"6,2,None|6,2,None",Q,False
3,Internazionali D'Ltalia 2006,https://www.wtatennis.com/resources/v7.42.0/i/elements/itf.png,,ITF,Clay,https://www.wtatennis.com/resources/v7.42.0/i/elements/itf.png,2006-05-15,2006-05-21,2006,5,Rome,AUS,,IT,ITA,380,150,,Europe,Southern Europe,ITA,98.0,11.0,3455.0,64M/32Q/32D,Internazionali D'Ltalia 2006,,65,3,21.666666666666668,7,2.3333333333333335,Jarmila Wolfe,10.0,https://www.wtatennis.com/resources/v7.42.0/i/elements/flags/aus.svg,QR1,W,"6-3, 6-3",https://www.wtatennis.com/players/310169/jarmila-wolfe,False,False,False,False,False,False,False,2,True,18,12,6,1,AU,AUS,036,009,Oceania,Australasia,AUS,"6,3,None|6,3,None",Q,False
1,Ecm Prague Open 2006,https://www.wtatennis.com/resources/v7.42.0/i/elements/itf.png,,ITF,Clay,https://www.wtatennis.com/resources/v7.42.0/i/elements/itf.png,2006-05-08,2006-05-14,2006,5,,CZE,,CZ,CZE,203,150,,Europe,Central Europe,CZE,163.0,6.0,1035.0,32M/32Q/16D,Ecm Prague Open 2006,,66,4,16.5,8,2.0,Michaela Pastikova,,https://www.wtatennis.com/resources/v7.42.0/i/elements/flags/cze.svg,R32,L,"2-6, 5-7",https://www.wtatennis.com/players/160361/michaela-pastikova,False,False,False,False,False,False,False,2,False,20,7,13,0,CZ,CZE,203,150,Europe,Central Europe,CZE,"2,6,None|5,7,None",Q,False
2,Ecm Prague Open 2006,https://www.wtatennis.com/resources/v7.42.0/i/elements/itf.png,,ITF,Clay,https://www.wtatennis.com/resources/v7.42.0/i/elements/itf.png,2006-05-08,2006-05-14,2006,5,,HUN,,CZ,CZE,203,150,,Europe,Central Europe,CZE,272.0,6.0,1035.0,32M/32Q/16D,Ecm Prague Open 2006,,66,4,16.5,8,2.0,Aniko Kapros,,https://www.wtatennis.com/resources/v7.42.0/i/elements/flags/hun.svg,QR3,W,"6-2, 6-0",https://www.wtatennis.com/players/110505/aniko-kapros,False,False,False,False,False,False,False,2,True,14,12,2,1,HU,HUN,348,150,Europe,Central Europe,HUN,"6,2,None|6,0,None",Q,False
3,Ecm Prague Open 2006,https://www.wtatennis.com/resources/v7.42.0/i/elements/itf.png,,ITF,Clay,https://www.wtatennis.com/resources/v7.42.0/i/elements/itf.png,2006-05-08,2006-05-14,2006,5,,CZE,,CZ,CZE,203,150,,Europe,Central Europe,CZE,197.0,6.0,1035.0,32M/32Q/16D,Ecm Prague Open 2006,,66,4,16.5,8,2.0,Sandra Zahlavova,,https://www.wtatennis.com/resources/v7.42.0/i/elements/flags/cze.svg,QR2,W,"6-4, 6-2",https://www.wtatennis.com/players/260158/sandra-zahlavova,False,False,False,False,False,False,False,2,True,18,12,6,1,CZ,CZE,203,150,Europe,Central Europe,CZE,"6,4,None|6,2,None",Q,False
4,Ecm Prague Open 2006,https://www.wtatennis.com/resources/v7.42.0/i/elements/itf.png,,ITF,Clay,https://www.wtatennis.com/resources/v7.42.0/i/elements/itf.png,2006-05-08,2006-05-14,2006,5,,CZE,,CZ,CZE,203,150,,Europe,Central Europe,CZE,835.0,6.0,1035.0,32M/32Q/16D,Ecm Prague Open 2006,,66,4,16.5,8,2.0,Katerina Vankova,,https://www.wtatennis.com/resources/v7.42.0/i/elements/flags/cze.svg,QR1,W,"6-0, 6-2",https://www.wtatennis.com/players/312347/katerina-vankova,False,False,False,False,False,False,False,2,True,14,12,2,1,CZ,CZE,203,150,Europe,Central Europe,CZE,"6,0,None|6,2,None",Q,False
1,Estoril Open,https://www.wtatennis.com/resources/v7.42.0/i/elements/itf.png,,ITF,Clay,https://www.wtatennis.com/resources/v7.42.0/i/elements/itf.png,2006-05-01,2006-05-07,2006,5,,CHN,,PT,PRT,620,150,,Europe,Southern Europe,POR,49.0,4.0,1035.0,32M/32Q/16D,Estoril Open,,80,4,20.0,9,2.25,Jie Zheng,6.0,https://www.wtatennis.com/resources/v7.42.0/i/elements/flags/chn.svg,R32,L,"5-7, 4-6",https://www.wtatennis.com/players/260144/jie-zheng,False,False,False,False,False,False,False,2,False,22,9,13,0,CN,CHN,156,142,Asia,East Asia,CHN,"5,7,None|4,6,None",L,False
2,Estoril Open,https://www.wtatennis.com/resources/v7.42.0/i/elements/itf.png,,ITF,Clay,https://www.wtatennis.com/resources/v7.42.0/i/elements/itf.png,2006-05-01,2006-05-07,2006,5,,GER,,PT,PRT,620,150,,Europe,Southern Europe,POR,170.0,4.0,1035.0,32M/32Q/16D,Estoril Open,,80,4,20.0,9,2.25,Kristina Barrois,,https://www.wtatennis.com/resources/v7.42.0/i/elements/flags/ger.svg,QR3,L,"0-6, 6-1, 2-6",https://www.wtatennis.com/players/312578/kristina-barrois,False,False,False,False,False,False,False,3,False,21,8,13,0,DE,DEU,276,150,Europe,Central Europe,GER,"0,6,None|6,1,None|2,6,None",L,False
3,Estoril Open,https://www.wtatennis.com/resources/v7.42.0/i/elements/itf.png,,ITF,Clay,https://www.wtatennis.com/resources/v7.42.0/i/elements/itf.png,2006-05-01,2006-05-07,2006,5,,ITA,,PT,PRT,620,150,,Europe,Southern Europe,POR,187.0,4.0,1035.0,32M/32Q/16D,Estoril Open,,80,4,20.0,9,2.25,Alberta Brianti,,https://www.wtatennis.com/resources/v7.42.0/i/elements/flags/ita.svg,QR2,W,"6-1, 7-5",https://www.wtatennis.com/players/20458/alberta-brianti,False,False,False,False,False,False,False,2,True,19,13,6,1,IT,ITA,380,150,Europe,Southern Europe,ITA,"6,1,None|7,5,None",L,False
4,Estoril Open,https://www.wtatennis.com/resources/v7.42.0/i/elements/itf.png,,ITF,Clay,https://www.wtatennis.com/resources/v7.42.0/i/elements/itf.png,2006-05-01,2006-05-07,2006,5,,ROU,,PT,PRT,620,150,,Europe,Southern Europe,POR,178.0,4.0,1035.0,32M/32Q/16D,Estoril Open,,80,4,20.0,9,2.25,Anda Perianu,,https://www.wtatennis.com/resources/v7.42.0/i/elements/flags/rou.svg,QR1,W,"6-3, 6-3",https://www.wtatennis.com/players/312364/anda-perianu,False,False,False,False,False,False,False,2,True,18,12,6,1,RO,ROU,642,150,Europe,Southeastern Europe,ROU,"6,3,None|6,3,None",L,False
1,Nasdaq-100 Open,https://www.wtatennis.com/resources/v7.42.0/i/elements/itf.png,,ITF,Hard,https://www.wtatennis.com/resources/v7.42.0/i/elements/itf.png,2006-03-22,2006-04-01,2006,3,Miami,RUS,,,,,,,,,Florida,12.0,47.0,19730.0,128M/64Q/32D,Nasdaq-100 Open,,107,5,21.4,11,2.2,Anastasia Myskina,10.0,https://www.wtatennis.com/resources/v7.42.0/i/elements/flags/rus.svg,R32,L,"3-6, 5-7",https://www.wtatennis.com/players/130533/anastasia-myskina,False,False,False,False,False,False,False,2,False,21,8,13,0,RU,RUS,643,150,Europe,Eastern Europe,RUS,"3,6,None|5,7,None",Q,False
2,Nasdaq-100 Open,https://www.wtatennis.com/resources/v7.42.0/i/elements/itf.png,,ITF,Hard,https://www.wtatennis.com/resources/v7.42.0/i/elements/itf.png,2006-03-22,2006-04-01,2006,3,Miami,SRB,,,,,,,,,Florida,27.0,47.0,19730.0,128M/64Q/32D,Nasdaq-100 Open,,107,5,21.4,11,2.2,Jelena Jankovic,25.0,https://www.wtatennis.com/resources/v7.42.0/i/elements/flags/srb.svg,R64,W,"6-3, 6-1",https://www.wtatennis.com/players/100153/jelena-jankovic,False,False,False,False,False,False,False,2,True,16,12,4,1,RS,SRB,688,150,Europe,Southeastern Europe,SRB,"6,3,None|6,1,None",Q,False
3,Nasdaq-100 Open,https://www.wtatennis.com/resources/v7.42.0/i/elements/itf.png,,ITF,Hard,https://www.wtatennis.com/resources/v7.42.0/i/elements/itf.png,2006-03-22,2006-04-01,2006,3,Miami,ESP,,,,,,Kingdom of Spain,,,Florida,84.0,47.0,19730.0,128M/64Q/32D,Nasdaq-100 Open,,107,5,21.4,11,2.2,Laura Pous-Tio,,https://www.wtatennis.com/resources/v7.42.0/i/elements/flags/esp.svg,R128,W,"7-6 (6), 6-3",https://www.wtatennis.com/players/160481/laura-pous-tio,False,False,False,True,False,False,True,2,True,22,13,9,1,ES,ESP,724,150,Europe,Southern Europe,ESP,"7,6,6|6,3,None",Q,False
4,Nasdaq-100 Open,https://www.wtatennis.com/resources/v7.42.0/i/elements/itf.png,,ITF,Hard,https://www.wtatennis.com/resources/v7.42.0/i/elements/itf.png,2006-03-22,2006-04-01,2006,3,Miami,BUL,,,,,,,,,Florida,72.0,47.0,19730.0,128M/64Q/32D,Nasdaq-100 Open,,107,5,21.4,11,2.2,Tsvetana Pironkova,3.0,https://www.wtatennis.com/resources/v7.42.0/i/elements/flags/bul.svg,QR2,W,"3-6, 6-1, 6-4",https://www.wtatennis.com/players/311041/tsvetana-pironkova,False,False,False,False,False,False,False,3,False,26,15,11,1,BG,BGR,100,150,Europe,Southeastern Europe,BUL,"3,6,None|6,1,None|6,4,None",Q,False
5,Nasdaq-100 Open,https://www.wtatennis.com/resources/v7.42.0/i/elements/itf.png,,ITF,Hard,https://www.wtatennis.com/resources/v7.42.0/i/elements/itf.png,2006-03-22,2006-04-01,2006,3,Miami,GER,,,,,,,,,Florida,102.0,47.0,19730.0,128M/64Q/32D,Nasdaq-100 Open,,107,5,21.4,11,2.2,Martina Müller,16.0,https://www.wtatennis.com/resources/v7.42.0/i/elements/flags/ger.svg,QR1,W,"6-4, 7-5",https://www.wtatennis.com/players/130631/martina-m-ller,False,False,False,False,False,False,False,2,True,22,13,9,1,DE,DEU,276,150,Europe,Central Europe,GER,"6,4,None|7,5,None",Q,False
1,Pacific Life Open,https://www.wtatennis.com/resources/v7.42.0/i/elements/itf.png,,ITF,Hard,https://www.wtatennis.com/resources/v7.42.0/i/elements/itf.png,2006-03-08,2006-03-18,2006,3,Indian Wells,USA,,,,,,United States of America|America|USA|US,,,California,115.0,6.0,1170.0,128M/64Q/32D,Pacific Life Open,,44,2,22.0,5,2.5,Bethanie Mattek-Sands,9.0,https://www.wtatennis.com/resources/v7.42.0/i/elements/flags/usa.svg,QR2,L,"6-1, 4-6, 5-7",https://www.wtatennis.com/players/130713/bethanie-mattek-sands,False,False,False,False,False,False,False,3,True,29,15,14,0,US,USA,840,019,America,Northern America,USA,"6,1,None|4,6,None|5,7,None",,
2,Pacific Life Open,https://www.wtatennis.com/resources/v7.42.0/i/elements/itf.png,,ITF,Hard,https://www.wtatennis.com/resources/v7.42.0/i/elements/itf.png,2006-03-08,2006-03-18,2006,3,Indian Wells,PHI,,,,,,,,,California,,6.0,1170.0,128M/64Q/32D,Pacific Life Open,,44,2,22.0,5,2.5,Dianne Matias,,https://www.wtatennis.com/resources/v7.42.0/i/elements/flags/phi.svg,QR1,W,"6-2, 6-1",https://www.wtatennis.com/players/130707/dianne-matias,False,False,False,False,False,False,False,2,True,15,12,3,1,PH,PHL,608,142,Asia,Southeast Asia,PHI,"6,2,None|6,1,None",,
1,Regions Morgan Keegan Champ'S & Cellular South Cup,https://www.wtatennis.com/resources/v7.42.0/i/elements/itf.png,,ITF,Carpet,https://www.wtatennis.com/resources/v7.42.0/i/elements/itf.png,2006-02-19,2006-02-25,2006,2,,USA,,,,,,United States of America|America|USA|US,,,Tennessee,129.0,16.0,2200.0,32M/32Q/16D,Regions Morgan Keegan Champ'S & Cellular South Cup,,65,2,32.5,6,3.0,Lilia Osterloh,,https://www.wtatennis.com/resources/v7.42.0/i/elements/flags/usa.svg,R16,L,"4-6, 7-5, 5-7",https://www.wtatennis.com/players/150134/lilia-osterloh,False,False,False,False,False,False,False,3,False,34,16,18,0,US,USA,840,019,America,Northern America,USA,"4,6,None|7,5,None|5,7,None",W,True
2,Regions Morgan Keegan Champ'S & Cellular South Cup,https://www.wtatennis.com/resources/v7.42.0/i/elements/itf.png,,ITF,Carpet,https://www.wtatennis.com/resources/v7.42.0/i/elements/itf.png,2006-02-19,2006-02-25,2006,2,,CZE,,,,,,,,,Tennessee,13.0,16.0,2200.0,32M/32Q/16D,Regions Morgan Keegan Champ'S & Cellular South Cup,,65,2,32.5,6,3.0,Nicole Vaidisova,1.0,https://www.wtatennis.com/resources/v7.42.0/i/elements/flags/cze.svg,R32,W,"7-6 (5), 2-6, 6-4",https://www.wtatennis.com/players/311911/nicole-vaidisova,False,False,False,True,False,False,True,3,True,31,15,16,1,CZ,CZE,203,150,Europe,Central Europe,CZE,"7,6,5|2,6,None|6,4,None",W,True
1,Australian Open,https://photoresources.wtatennis.com/photo-resources/2026/04/16/6b041ce4-8b08-4fff-be75-89d1c452c157/WTA-Tournament_Australian-Open.png?height=128,https://www.wtatennis.com/tournaments/901/australian-open/2006,Grand Slam,Hard,https://www.wtatennis.com/resources/v7.42.0/i/elements/gs-tag.svg,2006-01-16,2006-01-28,2006,1,,IND,,AU,AUS,036,009,,Oceania,Australasia,AUS,32.0,31.0,12713.0,128M/128Q/64D,Australian Open,,84,4,21.0,9,2.25,Sania Mirza,32.0,https://www.wtatennis.com/resources/v7.42.0/i/elements/flags/ind.svg,R128,L,"6-7 (6), 2-6",https://www.wtatennis.com/players/310112/sania-mirza,False,False,False,True,False,False,True,2,False,21,8,13,0,IN,IND,356,142,Asia,South Asia,IND,"6,7,6|2,6,None",Q,False
2,Australian Open,https://photoresources.wtatennis.com/photo-resources/2026/04/16/6b041ce4-8b08-4fff-be75-89d1c452c157/WTA-Tournament_Australian-Open.png?height=128,https://www.wtatennis.com/tournaments/901/australian-open/2006,Grand Slam,Hard,https://www.wtatennis.com/resources/v7.42.0/i/elements/gs-tag.svg,2006-01-16,2006-01-28,2006,1,,CAN,,AU,AUS,036,009,,Oceania,Australasia,AUS,163.0,31.0,12713.0,128M/128Q/64D,Australian Open,,84,4,21.0,9,2.25,Aleksandra Wozniak,,https://www.wtatennis.com/resources/v7.42.0/i/elements/flags/can.svg,QR3,W,"7-6 (5), 6-1",https://www.wtatennis.com/players/310494/aleksandra-wozniak,False,False,False,True,False,False,True,2,True,20,13,7,1,CA,CAN,124,019,America,Northern America,CAN,"7,6,5|6,1,None",Q,False
3,Australian Open,https://photoresources.wtatennis.com/photo-resources/2026/04/16/6b041ce4-8b08-4fff-be75-89d1c452c157/WTA-Tournament_Australian-Open.png?height=128,https://www.wtatennis.com/tournaments/901/australian-open/2006,Grand Slam,Hard,https://www.wtatennis.com/resources/v7.42.0/i/elements/gs-tag.svg,2006-01-16,2006-01-28,2006,1,,USA,,AU,AUS,036,009,United States of America|America|USA|US,Oceania,Australasia,AUS,125.0,31.0,12713.0,128M/128Q/64D,Australian Open,,84,4,21.0,9,2.25,Varvara Lepchenko,9.0,https://www.wtatennis.com/resources/v7.42.0/i/elements/flags/usa.svg,QR2,W,"3-6, 6-1, 6-1",https://www.wtatennis.com/players/120420/varvara-lepchenko,False,False,False,False,False,False,False,3,False,23,15,8,1,US,USA,840,019,America,Northern America,USA,"3,6,None|6,1,None|6,1,None",Q,False
4,Australian Open,https://photoresources.wtatennis.com/photo-resources/2026/04/16/6b041ce4-8b08-4fff-be75-89d1c452c157/WTA-Tournament_Australian-Open.png?height=128,https://www.wtatennis.com/tournaments/901/australian-open/2006,Grand Slam,Hard,https://www.wtatennis.com/resources/v7.42.0/i/elements/gs-tag.svg,2006-01-16,2006-01-28,2006,1,,RSA,,AU,AUS,036,009,,Oceania,Australasia,AUS,159.0,31.0,12713.0,128M/128Q/64D,Australian Open,,84,4,21.0,9,2.25,Natalie Grandin,,https://www.wtatennis.com/resources/v7.42.0/i/elements/flags/rsa.svg,QR1,W,"6-4, 6-4",https://www.wtatennis.com/players/70394/natalie-grandin,False,False,False,False,False,False,False,2,True,20,12,8,1,ZA,ZAF,710,002,Africa,Southern Africa,RSA,"6,4,None|6,4,None",Q,False
1,Asb Classic,https://www.wtatennis.com/resources/v7.42.0/i/elements/itf.png,,ITF,Hard,https://www.wtatennis.com/resources/v7.42.0/i/elements/itf.png,2006-01-02,2006-01-07,2006,1,Auckland,RUS,,NZ,NZL,554,009,,Oceania,Australasia,NZL,25.0,12.0,1925.0,32M/32Q/16D,Asb Classic,,56,2,28.0,6,3.0,Maria Kirilenko,4.0,https://www.wtatennis.com/resources/v7.42.0/i/elements/flags/rus.svg,R16,L,"3-6, 6-2, 3-6",https://www.wtatennis.com/players/310577/maria-kirilenko,False,False,False,False,False,False,False,3,False,26,12,14,0,RU,RUS,643,150,Europe,Eastern Europe,RUS,"3,6,None|6,2,None|3,6,None",W,True
2,Asb Classic,https://www.wtatennis.com/resources/v7.42.0/i/elements/itf.png,,ITF,Hard,https://www.wtatennis.com/resources/v7.42.0/i/elements/itf.png,2006-01-02,2006-01-07,2006,1,Auckland,USA,,NZ,NZL,554,009,United States of America|America|USA|US,Oceania,Australasia,NZL,52.0,12.0,1925.0,32M/32Q/16D,Asb Classic,,56,2,28.0,6,3.0,Amy Frazier,,https://www.wtatennis.com/resources/v7.42.0/i/elements/flags/usa.svg,R32,W,"6-2, 5-7, 6-4",https://www.wtatennis.com/players/60034/amy-frazier,False,False,False,False,False,False,False,3,True,30,17,13,1,US,USA,840,019,America,Northern America,USA,"6,2,None|5,7,None|6,4,None",W,True
1,"Itf/Usta $75,000",https://www.wtatennis.com/resources/v7.42.0/i/elements/itf.png,,ITF,Hard,https://www.wtatennis.com/resources/v7.42.0/i/elements/itf.png,2005-11-15,2005-11-20,2005,11,Tucson,USA,,,,,,United States of America|America|USA|US,,,Arizona,112.0,,665.0,32M/32Q/16D,"Itf/Usta $75,000",,30,1,30.0,3,3.0,Shenay Perry,4.0,https://www.wtatennis.com/resources/v7.42.0/i/elements/flags/usa.svg,R32,L,"6-4, 2-6, 5-7",https://www.wtatennis.com/players/160472/shenay-perry,False,False,False,False,False,False,False,3,True,30,13,17,0,US,USA,840,019,America,Northern America,USA,"6,4,None|2,6,None|5,7,None",,
1,Guangzhou Int'L Women'S Open '05,https://www.wtatennis.com/resources/v7.42.0/i/elements/itf.png,,ITF,Hard,https://www.wtatennis.com/resources/v7.42.0/i/elements/itf.png,2005-09-26,2005-10-02,2005,9,Guangzhou,HKG,,CN,CHN,156,142,,Asia,East Asia,CHN,163.0,84.0,7600.0,32M/16Q/16D,Guangzhou Int'L Women'S Open '05,,98,6,16.333333333333332,12,2.0,Zi Yan,,https://www.wtatennis.com/resources/v7.42.0/i/elements/flags/hkg.svg,SF,L,"4-6, 3-6",https://www.wtatennis.com/players/250089/zi-yan,False,False,False,False,False,False,False,2,False,19,7,12,0,HK,HKG,344,142,Asia,East Asia,HKG,"4,6,None|3,6,None",Q,False
2,Guangzhou Int'L Women'S Open '05,https://www.wtatennis.com/resources/v7.42.0/i/elements/itf.png,,ITF,Hard,https://www.wtatennis.com/resources/v7.42.0/i/elements/itf.png,2005-09-26,2005-10-02,2005,9,Guangzhou,CHN,,CN,CHN,156,142,,Asia,East Asia,CHN,31.0,84.0,7600.0,32M/16Q/16D,Guangzhou Int'L Women'S Open '05,,98,6,16.333333333333332,12,2.0,Shuai Peng,2.0,https://www.wtatennis.com/resources/v7.42.0/i/elements/flags/chn.svg,QF,W,"6-4, 1-0",https://www.wtatennis.com/players/160471/shuai-peng,True,False,False,False,False,False,False,2,True,11,7,4,1,CN,CHN,156,142,Asia,East Asia,CHN,"6,4,None|1,0,None|Ret",Q,False
3,Guangzhou Int'L Women'S Open '05,https://www.wtatennis.com/resources/v7.42.0/i/elements/itf.png,,ITF,Hard,https://www.wtatennis.com/resources/v7.42.0/i/elements/itf.png,2005-09-26,2005-10-02,2005,9,Guangzhou,SVK,,CN,CHN,156,142,,Asia,East Asia,CHN,64.0,84.0,7600.0,32M/16Q/16D,Guangzhou Int'L Women'S Open '05,,98,6,16.333333333333332,12,2.0,Martina Sucha,8.0,https://www.wtatennis.com/resources/v7.42.0/i/elements/flags/svk.svg,R16,W,"6-3, 6-2",https://www.wtatennis.com/players/190295/martina-sucha,False,False,False,False,False,False,False,2,True,17,12,5,1,SK,SVK,703,150,Europe,Central Europe,SVK,"6,3,None|6,2,None",Q,False
4,Guangzhou Int'L Women'S Open '05,https://www.wtatennis.com/resources/v7.42.0/i/elements/itf.png,,ITF,Hard,https://www.wtatennis.com/resources/v7.42.0/i/elements/itf.png,2005-09-26,2005-10-02,2005,9,Guangzhou,KAZ,,CN,CHN,156,142,,Asia,East Asia,CHN,127.0,84.0,7600.0,32M/16Q/16D,Guangzhou Int'L Women'S Open '05,,98,6,16.333333333333332,12,2.0,Galina Voskoboeva,,https://www.wtatennis.com/resources/v7.42.0/i/elements/flags/kaz.svg,R32,W,"6-4, 6-0",https://www.wtatennis.com/players/310419/galina-voskoboeva,False,False,False,False,False,False,False,2,True,16,12,4,1,KZ,KAZ,398,142,Asia,Central Asia,KAZ,"6,4,None|6,0,None",Q,False
5,Guangzhou Int'L Women'S Open '05,https://www.wtatennis.com/resources/v7.42.0/i/elements/itf.png,,ITF,Hard,https://www.wtatennis.com/resources/v7.42.0/i/elements/itf.png,2005-09-26,2005-10-02,2005,9,Guangzhou,CHN,,CN,CHN,156,142,,Asia,East Asia,CHN,557.0,84.0,7600.0,32M/16Q/16D,Guangzhou Int'L Women'S Open '05,,98,6,16.333333333333332,12,2.0,Wen-Hao Wu,,https://www.wtatennis.com/resources/v7.42.0/i/elements/flags/chn.svg,QR2,W,"6-3, 7-5",https://www.wtatennis.com/players/310799/wen-hao-wu,False,False,False,False,False,False,False,2,True,21,13,8,1,CN,CHN,156,142,Asia,East Asia,CHN,"6,3,None|7,5,None",Q,False
6,Guangzhou Int'L Women'S Open '05,https://www.wtatennis.com/resources/v7.42.0/i/elements/itf.png,,ITF,Hard,https://www.wtatennis.com/resources/v7.42.0/i/elements/itf.png,2005-09-26,2005-10-02,2005,9,Guangzhou,CHN,,CN,CHN,156,142,,Asia,East Asia,CHN,1071.0,84.0,7600.0,32M/16Q/16D,Guangzhou Int'L Women'S Open '05,,98,6,16.333333333333332,12,2.0,Wei-Juan Liu,,https://www.wtatennis.com/resources/v7.42.0/i/elements/flags/chn.svg,QR1,W,"6-1, 6-1",https://www.wtatennis.com/players/120368/wei-juan-liu,False,False,False,False,False,False,False,2,True,14,12,2,1,CN,CHN,156,142,Asia,East Asia,CHN,"6,1,None|6,1,None",Q,False
1,Sunfeast Open 2005,https://www.wtatennis.com/resources/v7.42.0/i/elements/itf.png,,ITF,Carpet,https://www.wtatennis.com/resources/v7.42.0/i/elements/itf.png,2005-09-19,2005-09-25,2005,9,Kolkata,KAZ,,IN,IND,356,142,,Asia,South Asia,IND,131.0,1.0,1300.0,32M/16Q/16D,Sunfeast Open 2005,,21,1,21.0,2,2.0,Galina Voskoboeva,,https://www.wtatennis.com/resources/v7.42.0/i/elements/flags/kaz.svg,R32,L,"3-6, 5-7",https://www.wtatennis.com/players/310419/galina-voskoboeva,False,False,False,False,False,False,False,2,False,21,8,13,0,KZ,KAZ,398,142,Asia,Central Asia,KAZ,"3,6,None|5,7,None",,
1,Pilot Pen Tennis Prestented By Michelob Ultra,https://www.wtatennis.com/resources/v7.42.0/i/elements/itf.png,,ITF,Hard,https://www.wtatennis.com/resources/v7.42.0/i/elements/itf.png,2005-08-21,2005-08-27,2005,8,New Haven,CZE,,,,,,,,,Connecticut,41.0,19.0,2185.0,32M/32Q/16D,Pilot Pen Tennis Prestented By Michelob Ultra,,75,3,25.0,8,2.6666666666666665,Kveta Peschke,2.0,https://www.wtatennis.com/resources/v7.42.0/i/elements/flags/cze.svg,QR3,L,"1-6, 6-3, 6-7 (4)",https://www.wtatennis.com/players/80218/kveta-peschke,False,False,False,False,False,True,True,3,False,29,13,16,0,CZ,CZE,203,150,Europe,Central Europe,CZE,"1,6,None|6,3,None|6,7,4",W,True
2,Pilot Pen Tennis Prestented By Michelob Ultra,https://www.wtatennis.com/resources/v7.42.0/i/elements/itf.png,,ITF,Hard,https://www.wtatennis.com/resources/v7.42.0/i/elements/itf.png,2005-08-21,2005-08-27,2005,8,New Haven,AUS,,,,,,,,,Connecticut,51.0,19.0,2185.0,32M/32Q/16D,Pilot Pen Tennis Prestented By Michelob Ultra,,75,3,25.0,8,2.6666666666666665,Samantha Stosur,5.0,https://www.wtatennis.com/resources/v7.42.0/i/elements/flags/aus.svg,QR2,W,"6-1, 6-3",https://www.wtatennis.com/players/190787/samantha-stosur,False,False,False,False,False,False,False,2,True,16,12,4,1,AU,AUS,036,009,Oceania,Australasia,AUS,"6,1,None|6,3,None",W,True
3,Pilot Pen Tennis Prestented By Michelob Ultra,https://www.wtatennis.com/resources/v7.42.0/i/elements/itf.png,,ITF,Hard,https://www.wtatennis.com/resources/v7.42.0/i/elements/itf.png,2005-08-21,2005-08-27,2005,8,New Haven,UKR,,,,,,,,,Connecticut,80.0,19.0,2185.0,32M/32Q/16D,Pilot Pen Tennis Prestented By Michelob Ultra,,75,3,25.0,8,2.6666666666666665,Alona Bondarenko,,https://www.wtatennis.com/resources/v7.42.0/i/elements/flags/ukr.svg,QR1,W,"4-6, 7-5, 6-2",https://www.wtatennis.com/players/20608/alona-bondarenko,False,False,False,False,False,False,False,3,False,30,17,13,1,UA,UKR,804,150,Europe,Eastern Europe,UKR,"4,6,None|7,5,None|6,2,None",W,True
1,"Itf/Tennis Europe $50,000 +H",https://www.wtatennis.com/resources/v7.42.0/i/elements/itf.png,,ITF,Clay,https://www.wtatennis.com/resources/v7.42.0/i/elements/itf.png,2005-07-19,2005-07-24,2005,7,Petange,UKR,,LU,LUX,442,150,,Europe,Western Europe,LUX,156.0,,7315.0,32M/32Q/16D,"Itf/Tennis Europe $50,000 +H",,108,5,21.6,11,2.2,Viktoriya Kutuzova,7.0,https://www.wtatennis.com/resources/v7.42.0/i/elements/flags/ukr.svg,F,W,"6-4, 6-2",https://www.wtatennis.com/players/311393/viktoriya-kutuzova,False,False,False,False,False,False,False,2,True,18,12,6,1,UA,UKR,804,150,Europe,Eastern Europe,UKR,"6,4,None|6,2,None",,
2,"Itf/Tennis Europe $50,000 +H",https://www.wtatennis.com/resources/v7.42.0/i/elements/itf.png,,ITF,Clay,https://www.wtatennis.com/resources/v7.42.0/i/elements/itf.png,2005-07-19,2005-07-24,2005,7,Petange,GER,,LU,LUX,442,150,,Europe,Western Europe,LUX,187.0,,7315.0,32M/32Q/16D,"Itf/Tennis Europe $50,000 +H",,108,5,21.6,11,2.2,Kathrin Woerle-Scheller,,https://www.wtatennis.com/resources/v7.42.0/i/elements/flags/ger.svg,SF,W,"7-6 (7), 6-4",https://www.wtatennis.com/players/230279/kathrin-woerle-scheller,False,False,False,True,False,False,True,2,True,23,13,10,1,DE,DEU,276,150,Europe,Central Europe,GER,"7,6,7|6,4,None",,
3,"Itf/Tennis Europe $50,000 +H",https://www.wtatennis.com/resources/v7.42.0/i/elements/itf.png,,ITF,Clay,https://www.wtatennis.com/resources/v7.42.0/i/elements/itf.png,2005-07-19,2005-07-24,2005,7,Petange,SWE,,LU,LUX,442,150,,Europe,Western Europe,LUX,120.0,,7315.0,32M/32Q/16D,"Itf/Tennis Europe $50,000 +H",,108,5,21.6,11,2.2,Sofia Arvidsson,1.0,https://www.wtatennis.com/resources/v7.42.0/i/elements/flags/swe.svg,QF,W,"7-5, 7-6 (5)",https://www.wtatennis.com/players/10334/sofia-arvidsson,False,False,False,False,True,False,True,2,True,25,14,11,1,SE,SWE,752,150,Europe,Northern Europe,SWE,"7,5,None|7,6,5",,
4,"Itf/Tennis Europe $50,000 +H",https://www.wtatennis.com/resources/v7.42.0/i/elements/itf.png,,ITF,Clay,https://www.wtatennis.com/resources/v7.42.0/i/elements/itf.png,2005-07-19,2005-07-24,2005,7,Petange,ROU,,LU,LUX,442,150,,Europe,Western Europe,LUX,195.0,,7315.0,32M/32Q/16D,"Itf/Tennis Europe $50,000 +H",,108,5,21.6,11,2.2,Magda Mihalache,,https://www.wtatennis.com/resources/v7.42.0/i/elements/flags/rou.svg,R16,W,"6-0, 7-6 (2)",https://www.wtatennis.com/players/130537/magda-mihalache,False,False,False,False,True,False,True,2,True,19,13,6,1,RO,ROU,642,150,Europe,Southeastern Europe,ROU,"6,0,None|7,6,2",,
5,"Itf/Tennis Europe $50,000 +H",https://www.wtatennis.com/resources/v7.42.0/i/elements/itf.png,,ITF,Clay,https://www.wtatennis.com/resources/v7.42.0/i/elements/itf.png,2005-07-19,2005-07-24,2005,7,Petange,FRA,,LU,LUX,442,150,,Europe,Western Europe,LUX,256.0,,7315.0,32M/32Q/16D,"Itf/Tennis Europe $50,000 +H",,108,5,21.6,11,2.2,Pauline Parmentier,,https://www.wtatennis.com/resources/v7.42.0/i/elements/flags/fra.svg,R32,W,"3-6, 6-1, 6-1",https://www.wtatennis.com/players/160515/pauline-parmentier,False,False,False,False,False,False,False,3,False,23,15,8,1,FR,FRA,250,150,Europe,Western Europe,FRA,"3,6,None|6,1,None|6,1,None",,
1,"Itf/Tennis Europe $25,000",https://www.wtatennis.com/resources/v7.42.0/i/elements/itf.png,,ITF,Hard,https://www.wtatennis.com/resources/v7.42.0/i/elements/itf.png,2005-05-17,2005-05-22,2005,5,Santa Cruz De Tenerife,CZE,,ES,ESP,724,150,,Europe,Southern Europe,ESP,419.0,,1078.0,32M/32Q/16D,"Itf/Tennis Europe $25,000",,92,4,23.0,9,2.25,Petra Cetkovska,,https://www.wtatennis.com/resources/v7.42.0/i/elements/flags/cze.svg,SF,L,"6-7 (4), 5-7",https://www.wtatennis.com/players/30562/petra-cetkovska,False,False,False,True,False,False,True,2,False,25,11,14,0,CZ,CZE,203,150,Europe,Central Europe,CZE,"6,7,4|5,7,None",,
2,"Itf/Tennis Europe $25,000",https://www.wtatennis.com/resources/v7.42.0/i/elements/itf.png,,ITF,Hard,https://www.wtatennis.com/resources/v7.42.0/i/elements/itf.png,2005-05-17,2005-05-22,2005,5,Santa Cruz De Tenerife,GBR,,ES,ESP,724,150,Britain|UK|Great Britain|United Kingdom,Europe,Southern Europe,ESP,228.0,,1078.0,32M/32Q/16D,"Itf/Tennis Europe $25,000",,92,4,23.0,9,2.25,Amanda Keen,1.0,https://www.wtatennis.com/resources/v7.42.0/i/elements/flags/gbr.svg,QF,W,"6-3, 6-4",https://www.wtatennis.com/players/100106/amanda-keen,False,False,False,False,False,False,False,2,True,19,12,7,1,GB,GBR,826,150,Europe,Northern Europe,ENG,"6,3,None|6,4,None",,
3,"Itf/Tennis Europe $25,000",https://www.wtatennis.com/resources/v7.42.0/i/elements/itf.png,,ITF,Hard,https://www.wtatennis.com/resources/v7.42.0/i/elements/itf.png,2005-05-17,2005-05-22,2005,5,Santa Cruz De Tenerife,FRA,,ES,ESP,724,150,,Europe,Southern Europe,ESP,494.0,,1078.0,32M/32Q/16D,"Itf/Tennis Europe $25,000",,92,4,23.0,9,2.25,Anne-Laure Heitz,,https://www.wtatennis.com/resources/v7.42.0/i/elements/flags/fra.svg,R16,W,"6-7 (5), 7-5, 6-2",https://www.wtatennis.com/players/80370/anne-laure-heitz,False,False,False,True,False,False,True,3,False,33,19,14,1,FR,FRA,250,150,Europe,Western Europe,FRA,"6,7,5|7,5,None|6,2,None",,
4,"Itf/Tennis Europe $25,000",https://www.wtatennis.com/resources/v7.42.0/i/elements/itf.png,,ITF,Hard,https://www.wtatennis.com/resources/v7.42.0/i/elements/itf.png,2005-05-17,2005-05-22,2005,5,Santa Cruz De Tenerife,SRB,,ES,ESP,724,150,,Europe,Southern Europe,ESP,368.0,,1078.0,32M/32Q/16D,"Itf/Tennis Europe $25,000",,92,4,23.0,9,2.25,Ana Timotic,,https://www.wtatennis.com/resources/v7.42.0/i/elements/flags/srb.svg,R32,W,"6-2, 6-1",https://www.wtatennis.com/players/200323/ana-timotic,False,False,False,False,False,False,False,2,True,15,12,3,1,RS,SRB,688,150,Europe,Southeastern Europe,SRB,"6,2,None|6,1,None",,
1,Ecm Prague Open 2005,https://www.wtatennis.com/resources/v7.42.0/i/elements/itf.png,,ITF,Clay,https://www.wtatennis.com/resources/v7.42.0/i/elements/itf.png,2005-05-09,2005-05-15,2005,5,,ESP,,CZ,CZE,203,150,Kingdom of Spain,Europe,Central Europe,CZE,123.0,7.0,550.0,32M/32Q/16D,Ecm Prague Open 2005,,50,3,16.666666666666668,6,2.0,Laura Pous-Tio,3.0,https://www.wtatennis.com/resources/v7.42.0/i/elements/flags/esp.svg,QR3,L,"3-6, 2-6",https://www.wtatennis.com/players/160481/laura-pous-tio,False,False,False,False,False,False,False,2,False,17,5,12,0,ES,ESP,724,150,Europe,Southern Europe,ESP,"3,6,None|2,6,None",,
2,Ecm Prague Open 2005,https://www.wtatennis.com/resources/v7.42.0/i/elements/itf.png,,ITF,Clay,https://www.wtatennis.com/resources/v7.42.0/i/elements/itf.png,2005-05-09,2005-05-15,2005,5,,FIN,,CZ,CZE,203,150,,Europe,Central Europe,CZE,145.0,7.0,550.0,32M/32Q/16D,Ecm Prague Open 2005,,50,3,16.666666666666668,6,2.0,Emma Laine,7.0,https://www.wtatennis.com/resources/v7.42.0/i/elements/flags/fin.svg,QR2,W,"6-4, 6-4",https://www.wtatennis.com/players/310237/emma-laine,False,False,False,False,False,False,False,2,True,20,12,8,1,FI,FIN,246,150,Europe,Northern Europe,FIN,"6,4,None|6,4,None",,
3,Ecm Prague Open 2005,https://www.wtatennis.com/resources/v7.42.0/i/elements/itf.png,,ITF,Clay,https://www.wtatennis.com/resources/v7.42.0/i/elements/itf.png,2005-05-09,2005-05-15,2005,5,,USA,,CZ,CZE,203,150,United States of America|America|USA|US,Europe,Central Europe,CZE,430.0,7.0,550.0,32M/32Q/16D,Ecm Prague Open 2005,,50,3,16.666666666666668,6,2.0,Liga Dekmeijere,,https://www.wtatennis.com/resources/v7.42.0/i/elements/flags/usa.svg,QR1,W,"6-1, 6-0",https://www.wtatennis.com/players/40341/liga-dekmeijere,False,False,False,False,False,False,False,2,True,13,12,1,1,US,USA,840,019,America,Northern America,USA,"6,1,None|6,0,None",,
1,"Itf/Usta $25,000",https://www.wtatennis.com/resources/v7.42.0/i/elements/itf.png,,ITF,Clay,https://www.wtatennis.com/resources/v7.42.0/i/elements/itf.png,2005-04-05,2005-04-10,2005,4,Tunica Resorts,USA,,,,,,United States of America|America|USA|US,,,Mississippi,190.0,,1078.0,32M/32Q/16D,"Itf/Usta $25,000",,82,4,20.5,9,2.25,Varvara Lepchenko,7.0,https://www.wtatennis.com/resources/v7.42.0/i/elements/flags/usa.svg,SF,L,"4-6, 6-4, 6-7 (1)",https://www.wtatennis.com/players/120420/varvara-lepchenko,False,False,False,False,False,True,True,3,False,33,16,17,0,US,USA,840,019,America,Northern America,USA,"4,6,None|6,4,None|6,7,1",,
2,"Itf/Usta $25,000",https://www.wtatennis.com/resources/v7.42.0/i/elements/itf.png,,ITF,Clay,https://www.wtatennis.com/resources/v7.42.0/i/elements/itf.png,2005-04-05,2005-04-10,2005,4,Tunica Resorts,CAN,,,,,,,,,Mississippi,423.0,,1078.0,32M/32Q/16D,"Itf/Usta $25,000",,82,4,20.5,9,2.25,Aleksandra Wozniak,,https://www.wtatennis.com/resources/v7.42.0/i/elements/flags/can.svg,QF,W,"6-2, 6-1",https://www.wtatennis.com/players/310494/aleksandra-wozniak,False,False,False,False,False,False,False,2,True,15,12,3,1,CA,CAN,124,019,America,Northern America,CAN,"6,2,None|6,1,None",,
3,"Itf/Usta $25,000",https://www.wtatennis.com/resources/v7.42.0/i/elements/itf.png,,ITF,Clay,https://www.wtatennis.com/resources/v7.42.0/i/elements/itf.png,2005-04-05,2005-04-10,2005,4,Tunica Resorts,LUX,,,,,,,,,Mississippi,293.0,,1078.0,32M/32Q/16D,"Itf/Usta $25,000",,82,4,20.5,9,2.25,Mandy Minella,,https://www.wtatennis.com/resources/v7.42.0/i/elements/flags/lux.svg,R16,W,"7-5, 6-3",https://www.wtatennis.com/players/310431/mandy-minella,False,False,False,False,False,False,False,2,True,21,13,8,1,LU,LUX,442,150,Europe,Western Europe,LUX,"7,5,None|6,3,None",,
4,"Itf/Usta $25,000",https://www.wtatennis.com/resources/v7.42.0/i/elements/itf.png,,ITF,Clay,https://www.wtatennis.com/resources/v7.42.0/i/elements/itf.png,2005-04-05,2005-04-10,2005,4,Tunica Resorts,JPN,,,,,,,,,Mississippi,107.0,,1078.0,32M/32Q/16D,"Itf/Usta $25,000",,82,4,20.5,9,2.25,Rika Fujiwara,1.0,https://www.wtatennis.com/resources/v7.42.0/i/elements/flags/jpn.svg,R32,W,"6-1, 6-0",https://www.wtatennis.com/players/60284/rika-fujiwara,False,False,False,False,False,False,False,2,True,13,12,1,1,JP,JPN,392,142,Asia,East Asia,JPN,"6,1,None|6,0,None",,
1,"Itf/Usta $25,000",https://www.wtatennis.com/resources/v7.42.0/i/elements/itf.png,,ITF,Hard,https://www.wtatennis.com/resources/v7.42.0/i/elements/itf.png,2005-03-29,2005-04-03,2005,3,Augusta,JPN,,GE,GEO,268,142,,Asia,Western Asia,GEO,160.0,,1666.0,32M/32Q/16D,"Itf/Usta $25,000",,106,5,21.2,11,2.2,Saori Obata,6.0,https://www.wtatennis.com/resources/v7.42.0/i/elements/flags/jpn.svg,F,L,"2-6, 2-6",https://www.wtatennis.com/players/150103/saori-obata,False,False,False,False,False,False,False,2,False,16,4,12,0,JP,JPN,392,142,Asia,East Asia,JPN,"2,6,None|2,6,None",,
2,"Itf/Usta $25,000",https://www.wtatennis.com/resources/v7.42.0/i/elements/itf.png,,ITF,Hard,https://www.wtatennis.com/resources/v7.42.0/i/elements/itf.png,2005-03-29,2005-04-03,2005,3,Augusta,ITA,,GE,GEO,268,142,,Asia,Western Asia,GEO,227.0,,1666.0,32M/32Q/16D,"Itf/Usta $25,000",,106,5,21.2,11,2.2,Adriana Serra Zanetti,,https://www.wtatennis.com/resources/v7.42.0/i/elements/flags/ita.svg,SF,W,"7-6 (1), 6-4",https://www.wtatennis.com/players/190276/adriana-serra-zanetti,False,False,False,True,False,False,True,2,True,23,13,10,1,IT,ITA,380,150,Europe,Southern Europe,ITA,"7,6,1|6,4,None",,
3,"Itf/Usta $25,000",https://www.wtatennis.com/resources/v7.42.0/i/elements/itf.png,,ITF,Hard,https://www.wtatennis.com/resources/v7.42.0/i/elements/itf.png,2005-03-29,2005-04-03,2005,3,Augusta,IND,,GE,GEO,268,142,,Asia,Western Asia,GEO,134.0,,1666.0,32M/32Q/16D,"Itf/Usta $25,000",,106,5,21.2,11,2.2,Shikha Uberoi,4.0,https://www.wtatennis.com/resources/v7.42.0/i/elements/flags/ind.svg,QF,W,"7-5, 6-7 (8), 6-2",https://www.wtatennis.com/players/210043/shikha-uberoi,False,False,False,False,True,False,True,3,True,33,19,14,1,IN,IND,356,142,Asia,South Asia,IND,"7,5,None|6,7,8|6,2,None",,
4,"Itf/Usta $25,000",https://www.wtatennis.com/resources/v7.42.0/i/elements/itf.png,,ITF,Hard,https://www.wtatennis.com/resources/v7.42.0/i/elements/itf.png,2005-03-29,2005-04-03,2005,3,Augusta,USA,,GE,GEO,268,142,United States of America|America|USA|US,Asia,Western Asia,GEO,261.0,,1666.0,32M/32Q/16D,"Itf/Usta $25,000",,106,5,21.2,11,2.2,Jewel Peterson,,https://www.wtatennis.com/resources/v7.42.0/i/elements/flags/usa.svg,R16,W,"6-3, 6-2",https://www.wtatennis.com/players/160444/jewel-peterson,False,False,False,False,False,False,False,2,True,17,12,5,1,US,USA,840,019,America,Northern America,USA,"6,3,None|6,2,None",,
5,"Itf/Usta $25,000",https://www.wtatennis.com/resources/v7.42.0/i/elements/itf.png,,ITF,Hard,https://www.wtatennis.com/resources/v7.42.0/i/elements/itf.png,2005-03-29,2005-04-03,2005,3,Augusta,USA,,GE,GEO,268,142,United States of America|America|USA|US,Asia,Western Asia,GEO,427.0,,1666.0,32M/32Q/16D,"Itf/Usta $25,000",,106,5,21.2,11,2.2,Megan Falcon,,https://www.wtatennis.com/resources/v7.42.0/i/elements/flags/usa.svg,R32,W,"6-1, 6-4",https://www.wtatennis.com/players/310619/megan-falcon,False,False,False,False,False,False,False,2,True,17,12,5,1,US,USA,840,019,America,Northern America,USA,"6,1,None|6,4,None",,
1,"Itf/Usta $25,000",https://www.wtatennis.com/resources/v7.42.0/i/elements/itf.png,,ITF,Hard,https://www.wtatennis.com/resources/v7.42.0/i/elements/itf.png,2005-03-22,2005-03-27,2005,3,Redding,CRO,,,,,,,,,California,359.0,,686.0,32M/32Q/16D,"Itf/Usta $25,000",,61,3,20.333333333333332,7,2.3333333333333335,Ivana Lisjak,,https://www.wtatennis.com/resources/v7.42.0/i/elements/flags/cro.svg,QF,L,"4-6, 1-6",https://www.wtatennis.com/players/310113/ivana-lisjak,False,False,False,False,False,False,False,2,False,17,5,12,0,HR,HRV,191,150,Europe,Southeastern Europe,CRO,"4,6,None|1,6,None",,
2,"Itf/Usta $25,000",https://www.wtatennis.com/resources/v7.42.0/i/elements/itf.png,,ITF,Hard,https://www.wtatennis.com/resources/v7.42.0/i/elements/itf.png,2005-03-22,2005-03-27,2005,3,Redding,UKR,,,,,,,,,California,191.0,,686.0,32M/32Q/16D,"Itf/Usta $25,000",,61,3,20.333333333333332,7,2.3333333333333335,Yuliya Beygelzimer,3.0,https://www.wtatennis.com/resources/v7.42.0/i/elements/flags/ukr.svg,R16,W,"6-2, 7-6 (1)",https://www.wtatennis.com/players/20652/yuliya-beygelzimer,False,False,False,False,True,False,True,2,True,21,13,8,1,UA,UKR,804,150,Europe,Eastern Europe,UKR,"6,2,None|7,6,1",,
3,"Itf/Usta $25,000",https://www.wtatennis.com/resources/v7.42.0/i/elements/itf.png,,ITF,Hard,https://www.wtatennis.com/resources/v7.42.0/i/elements/itf.png,2005-03-22,2005-03-27,2005,3,Redding,JPN,,,,,,,,,California,242.0,,686.0,32M/32Q/16D,"Itf/Usta $25,000",,61,3,20.333333333333332,7,2.3333333333333335,Seiko Okamoto,,https://www.wtatennis.com/resources/v7.42.0/i/elements/flags/jpn.svg,R32,W,"2-6, 6-1, 6-2",https://www.wtatennis.com/players/150145/seiko-okamoto,False,False,False,False,False,False,False,3,False,23,14,9,1,JP,JPN,392,142,Asia,East Asia,JPN,"2,6,None|6,1,None|6,2,None",,
1,"Itf $25,000",https://www.wtatennis.com/resources/v7.42.0/i/elements/itf.png,,ITF,Hard,https://www.wtatennis.com/resources/v7.42.0/i/elements/itf.png,2004-11-28,2004-12-05,2004,11,Raanana,ISR,,IL,ISR,376,142,,Asia,Western Asia,ISR,111.0,,686.0,32M/32Q/16D,"Itf $25,000",,64,3,21.333333333333332,7,2.3333333333333335,Tzipora Obziler,1.0,https://www.wtatennis.com/resources/v7.42.0/i/elements/flags/isr.svg,QF,L,"6-3, 6-7 (3), 6-7 (1)",https://www.wtatennis.com/players/150048/tzipora-obziler,False,False,False,False,True,True,True,3,True,35,18,17,0,IL,ISR,376,142,Asia,Western Asia,ISR,"6,3,None|6,7,3|6,7,1",,
2,"Itf $25,000",https://www.wtatennis.com/resources/v7.42.0/i/elements/itf.png,,ITF,Hard,https://www.wtatennis.com/resources/v7.42.0/i/elements/itf.png,2004-11-28,2004-12-05,2004,11,Raanana,BLR,,IL,ISR,376,142,,Asia,Western Asia,ISR,293.0,,686.0,32M/32Q/16D,"Itf $25,000",,64,3,21.333333333333332,7,2.3333333333333335,Nadejda Ostrovskaya,8.0,https://www.wtatennis.com/resources/v7.42.0/i/elements/flags/blr.svg,R16,W,"6-1, 4-0",https://www.wtatennis.com/players/150137/nadejda-ostrovskaya,True,False,False,False,False,False,False,2,True,11,10,1,1,BY,BLR,112,150,Europe,Eastern Europe,BLR,"6,1,None|4,0,None|Ret",,
3,"Itf $25,000",https://www.wtatennis.com/resources/v7.42.0/i/elements/itf.png,,ITF,Hard,https://www.wtatennis.com/resources/v7.42.0/i/elements/itf.png,2004-11-28,2004-12-05,2004,11,Raanana,SRB,,IL,ISR,376,142,,Asia,Western Asia,ISR,304.0,,686.0,32M/32Q/16D,"Itf $25,000",,64,3,21.333333333333332,7,2.3333333333333335,Ana Timotic,,https://www.wtatennis.com/resources/v7.42.0/i/elements/flags/srb.svg,R32,W,"6-2, 6-4",https://www.wtatennis.com/players/200323/ana-timotic,False,False,False,False,False,False,False,2,True,18,12,6,1,RS,SRB,688,150,Europe,Southeastern Europe,SRB,"6,2,None|6,4,None",,
1,"Itf/Tennis Europe $75,000",https://www.wtatennis.com/resources/v7.42.0/i/elements/itf.png,,ITF,Clay,https://www.wtatennis.com/resources/v7.42.0/i/elements/itf.png,2004-07-26,2004-08-01,2004,7,Modena,HUN,,IT,ITA,380,150,,Europe,Southern Europe,ITA,96.0,,1116.0,32M/32Q/16D,"Itf/Tennis Europe $75,000",,32,2,16.0,4,2.0,Melinda Czink,4.0,https://www.wtatennis.com/resources/v7.42.0/i/elements/flags/hun.svg,R16,L,"4-6, 1-6",https://www.wtatennis.com/players/30557/melinda-czink,False,False,False,False,False,False,False,2,False,17,5,12,0,HU,HUN,348,150,Europe,Central Europe,HUN,"4,6,None|1,6,None",W,True
2,"Itf/Tennis Europe $75,000",https://www.wtatennis.com/resources/v7.42.0/i/elements/itf.png,,ITF,Clay,https://www.wtatennis.com/resources/v7.42.0/i/elements/itf.png,2004-07-26,2004-08-01,2004,7,Modena,CRO,,IT,ITA,380,150,,Europe,Southern Europe,ITA,169.0,,1116.0,32M/32Q/16D,"Itf/Tennis Europe $75,000",,32,2,16.0,4,2.0,Ivana Abramovic,,https://www.wtatennis.com/resources/v7.42.0/i/elements/flags/cro.svg,R32,W,"6-1, 6-2",https://www.wtatennis.com/players/10327/ivana-abramovic,False,False,False,False,False,False,False,2,True,15,12,3,1,HR,HRV,191,150,Europe,Southeastern Europe,CRO,"6,1,None|6,2,None",W,True
1,"Itf/Tennis Europe $25,000",https://www.wtatennis.com/resources/v7.42.0/i/elements/itf.png,,ITF,Clay,https://www.wtatennis.com/resources/v7.42.0/i/elements/itf.png,2004-07-05,2004-07-11,2004,7,Darmstadt,SWE,,DE,DEU,276,150,,Europe,Central Europe,GER,227.0,,1078.0,32M/32Q/16D,"Itf/Tennis Europe $25,000",,75,4,18.75,9,2.25,Asa Svensson,,https://www.wtatennis.com/resources/v7.42.0/i/elements/flags/swe.svg,SF,L,"6-7 (5), 3-6",https://www.wtatennis.com/players/30227/asa-svensson,False,False,False,True,False,False,True,2,False,22,9,13,0,SE,SWE,752,150,Europe,Northern Europe,SWE,"6,7,5|3,6,None",W,True
2,"Itf/Tennis Europe $25,000",https://www.wtatennis.com/resources/v7.42.0/i/elements/itf.png,,ITF,Clay,https://www.wtatennis.com/resources/v7.42.0/i/elements/itf.png,2004-07-05,2004-07-11,2004,7,Darmstadt,SCG,,DE,DEU,276,150,,Europe,Central Europe,GER,577.0,,1078.0,32M/32Q/16D,"Itf/Tennis Europe $25,000",,75,4,18.75,9,2.25,Dragana Zaric,,https://www.wtatennis.com/resources/v7.42.0/i/elements/flags/scg.svg,QF,W,"6-2, 6-0",https://www.wtatennis.com/players/260091/dragana-zaric,False,False,False,False,False,False,False,2,True,14,12,2,1,,,,,,,SCG,"6,2,None|6,0,None",W,True
3,"Itf/Tennis Europe $25,000",https://www.wtatennis.com/resources/v7.42.0/i/elements/itf.png,,ITF,Clay,https://www.wtatennis.com/resources/v7.42.0/i/elements/itf.png,2004-07-05,2004-07-11,2004,7,Darmstadt,CZE,,DE,DEU,276,150,,Europe,Central Europe,GER,423.0,,1078.0,32M/32Q/16D,"Itf/Tennis Europe $25,000",,75,4,18.75,9,2.25,Jana Hlavackova,,https://www.wtatennis.com/resources/v7.42.0/i/elements/flags/cze.svg,R16,W,"6-1, 6-2",https://www.wtatennis.com/players/80348/jana-hlavackova,False,False,False,False,False,False,False,2,True,15,12,3,1,CZ,CZE,203,150,Europe,Central Europe,CZE,"6,1,None|6,2,None",W,True
4,"Itf/Tennis Europe $25,000",https://www.wtatennis.com/resources/v7.42.0/i/elements/itf.png,,ITF,Clay,https://www.wtatennis.com/resources/v7.42.0/i/elements/itf.png,2004-07-05,2004-07-11,2004,7,Darmstadt,UKR,,DE,DEU,276,150,,Europe,Central Europe,GER,184.0,,1078.0,32M/32Q/16D,"Itf/Tennis Europe $25,000",,75,4,18.75,9,2.25,Mariya Koryttseva,2.0,https://www.wtatennis.com/resources/v7.42.0/i/elements/flags/ukr.svg,R32,W,"6-3, 2-6, 6-1",https://www.wtatennis.com/players/110584/mariya-koryttseva,False,False,False,False,False,False,False,3,True,24,14,10,1,UA,UKR,804,150,Europe,Eastern Europe,UKR,"6,3,None|2,6,None|6,1,None",W,True
1,"Itf/Tennis Europe $10,000",https://www.wtatennis.com/resources/v7.42.0/i/elements/itf.png,,ITF,Clay,https://www.wtatennis.com/resources/v7.42.0/i/elements/itf.png,2004-04-14,2004-04-18,2004,4,Bol,POL,,HR,HRV,191,150,,Europe,Southeastern Europe,CRO,588.0,,98.0,32M/8Q/16D,"Itf/Tennis Europe $10,000",,19,1,19.0,2,2.0,Marta Lesniak,,https://www.wtatennis.com/resources/v7.42.0/i/elements/flags/pol.svg,R32,L,"1-6, 5-7",https://www.wtatennis.com/players/311449/marta-lesniak,False,False,False,False,False,False,False,2,False,19,6,13,0,PL,POL,616,150,Europe,Central Europe,POL,"1,6,None|5,7,None",Q,False
1,"Itf/Tennis Europe $10,000",https://www.wtatennis.com/resources/v7.42.0/i/elements/itf.png,,ITF,Clay,https://www.wtatennis.com/resources/v7.42.0/i/elements/itf.png,2004-04-05,2004-04-11,2004,4,Makarska,BIH,,HR,HRV,191,150,,Europe,Southeastern Europe,CRO,107.0,,245.0,32M/8Q/16D,"Itf/Tennis Europe $10,000",,64,3,21.333333333333332,7,2.3333333333333335,Mervana Jugic-Salkic,1.0,https://www.wtatennis.com/resources/v7.42.0/i/elements/flags/bih.svg,QF,L,"2-6, 4-6",https://www.wtatennis.com/players/100123/mervana-jugic-salkic,False,False,False,False,False,False,False,2,False,18,6,12,0,BA,BIH,070,150,Europe,Southeastern Europe,BIH,"2,6,None|4,6,None",Q,False
2,"Itf/Tennis Europe $10,000",https://www.wtatennis.com/resources/v7.42.0/i/elements/itf.png,,ITF,Clay,https://www.wtatennis.com/resources/v7.42.0/i/elements/itf.png,2004-04-05,2004-04-11,2004,4,Makarska,SRB,,HR,HRV,191,150,,Europe,Southeastern Europe,CRO,,,245.0,32M/8Q/16D,"Itf/Tennis Europe $10,000",,64,3,21.333333333333332,7,2.3333333333333335,Andrea Popovic,,https://www.wtatennis.com/resources/v7.42.0/i/elements/flags/srb.svg,R16,W,"4-6, 6-3, 6-4",https://www.wtatennis.com/players/312154/andrea-popovic,False,False,False,False,False,False,False,3,False,29,16,13,1,RS,SRB,688,150,Europe,Southeastern Europe,SRB,"4,6,None|6,3,None|6,4,None",Q,False
3,"Itf/Tennis Europe $10,000",https://www.wtatennis.com/resources/v7.42.0/i/elements/itf.png,,ITF,Clay,https://www.wtatennis.com/resources/v7.42.0/i/elements/itf.png,2004-04-05,2004-04-11,2004,4,Makarska,CRO,,HR,HRV,191,150,,Europe,Southeastern Europe,CRO,,,245.0,32M/8Q/16D,"Itf/Tennis Europe $10,000",,64,3,21.333333333333332,7,2.3333333333333335,Mirna Marinovic,,https://www.wtatennis.com/resources/v7.42.0/i/elements/flags/cro.svg,R32,W,"6-4, 6-1",https://www.wtatennis.com/players/312163/mirna-marinovic,False,False,False,False,False,False,False,2,True,17,12,5,1,HR,HRV,191,150,Europe,Southeastern Europe,CRO,"6,4,None|6,1,None",Q,False
1,"Itf/Tennis Europe $10,000",https://www.wtatennis.com/resources/v7.42.0/i/elements/itf.png,,ITF,Hard,https://www.wtatennis.com/resources/v7.42.0/i/elements/itf.png,2003-11-23,2003-11-30,2003,11,Haifa,BLR,,IL,ISR,376,142,,Asia,Western Asia,ISR,9999.0,,98.0,32M/8Q/16D,"Itf/Tennis Europe $10,000",,25,1,25.0,3,3.0,Olga Govortsova,,https://www.wtatennis.com/resources/v7.42.0/i/elements/flags/blr.svg,R32,L,"2-6, 6-4, 1-6",https://www.wtatennis.com/players/311243/olga-govortsova,False,False,False,False,False,False,False,3,False,25,9,16,0,BY,BLR,112,150,Europe,Eastern Europe,BLR,"2,6,None|6,4,None|1,6,None",Q,False
1,"Itf $10,000",https://www.wtatennis.com/resources/v7.42.0/i/elements/itf.png,,ITF,Hard,https://www.wtatennis.com/resources/v7.42.0/i/elements/itf.png,2003-11-09,2003-11-16,2003,11,Ramat Hasharon,BUL,,IL,ISR,376,142,,Asia,Western Asia,ISR,9999.0,,98.0,32M/8Q/16D,"Itf $10,000",,33,1,33.0,3,3.0,Dia Evtimova,,https://www.wtatennis.com/resources/v7.42.0/i/elements/flags/bul.svg,R32,L,"7-6 (2), 5-7, 2-6",https://www.wtatennis.com/players/311117/dia-evtimova,False,False,False,True,False,False,True,3,True,33,14,19,0,BG,BGR,100,150,Europe,Southeastern Europe,BUL,"7,6,2|5,7,None|2,6,None",Q,False
