id,title,logo,url,level,surface,level_logo,start_date,end_date,year,month,city,country,state,tour_code_alpha_2,tour_code_alpha_3,tour_country_code_m49,tour_region_code,alternative_name,tour_region,tour_subregion,tour_fifa,rank,entry_type,points_gain,prize_money,draw,custom_title,alt_titles,name,seed,flag,round,win_loss,score,url_profile,retired,walkover,bye,first_set_tiebreak,second_set_tiebreak,third_set_tiebreak,has_tiebreak,number_of_sets,first_set_won,total_games,winner_games,loser_games,code_alpha_2,code_alpha_3,country_code_m49,region_code,region,subregion,fifa,splitted_score
1,Omnium Banque Nationale Présenté Par Rogers ,https://photoresources.wtatennis.com/photo-resources/2026/04/16/12d4c93e-8e56-4d81-ac72-ea0d1498127e/WTA-Tournament_Canada-English-2021.png?height=128,https://www.wtatennis.com/tournaments/806/montreal/2025,WTA 1000,Hard,https://www.wtatennis.com/resources/v7.42.0/i/elements/1000k-tag.svg,2025-07-27,2025-08-07,2025,7,Montreal,SUI,,CA,CAN,124,019,,America,Northern America,CAN,20.0,W,35.0,19705.0,128M/32Q/32D,Omnium Banque Nationale Présenté Par Rogers ,,Belinda Bencic,17.0,https://www.wtatennis.com/resources/v7.42.0/i/elements/flags/sui.svg,Round of 64,L,"2-6, 6-3, 4-6",https://www.wtatennis.com/players/319001/belinda-bencic,False,False,False,False,False,False,False,3,False,27,12,15,CH,CHE,756,150,Europe,Central Europe,SUI,"2,6,None|6,3,None|4,6,None"
2,Omnium Banque Nationale Présenté Par Rogers ,https://photoresources.wtatennis.com/photo-resources/2026/04/16/12d4c93e-8e56-4d81-ac72-ea0d1498127e/WTA-Tournament_Canada-English-2021.png?height=128,https://www.wtatennis.com/tournaments/806/montreal/2025,WTA 1000,Hard,https://www.wtatennis.com/resources/v7.42.0/i/elements/1000k-tag.svg,2025-07-27,2025-08-07,2025,7,Montreal,COL,,CA,CAN,124,019,,America,Northern America,CAN,82.0,W,35.0,19705.0,128M/32Q/32D,Omnium Banque Nationale Présenté Par Rogers ,,Emiliana Arango,,https://www.wtatennis.com/resources/v7.42.0/i/elements/flags/col.svg,Round of 128,W,"6-4, 2-6, 6-2",https://www.wtatennis.com/players/324789/emiliana-arango,False,False,False,False,False,False,False,3,True,26,14,12,CO,COL,170,019,America,Northern South America,COL,"6,4,None|2,6,None|6,2,None"
1,Hall Of Fame Open,https://photoresources.wtatennis.com/photo-resources/2025/04/16/acd36489-076d-4eb0-9221-04c62f96df43/WTA-Tournament_Newport-2025.png?height=128,https://www.wtatennis.com/tournaments/1123/newport-125/2025,WTA 125,Grass,https://www.wtatennis.com/resources/v7.42.0/i/elements/125k-tag.svg,2025-07-07,2025-07-13,2025,7,Newport,USA,RI,US,USA,840,019,United States of America|America|USA|US,America,Northern America,USA,268.0,W,,2475.0,32M/8Q/16D,Hall Of Fame Open,,Anna Rogers,,https://www.wtatennis.com/resources/v7.42.0/i/elements/flags/usa.svg,Round of 32,L,"5-7, 2-6",https://www.wtatennis.com/players/328647/anna-rogers,False,False,False,False,False,False,False,2,False,20,7,13,US,USA,840,019,America,Northern America,USA,"5,7,None|2,6,None"
1,National Bank Open Presented By Rogers,,https://www.wtatennis.com/tournaments/806/montreal/2024,WTA 1000,Hard,https://www.wtatennis.com/resources/v7.42.0/i/elements/1000k-tag.svg,2024-08-06,2024-08-12,2024,8,Toronto,JPN,,CA,CAN,124,019,,America,Northern America,CAN,63.0,W,2.0,4610.0,64M/32Q/32D,National Bank Open Presented By Rogers,,Moyuka Uchijima,2.0,https://www.wtatennis.com/resources/v7.42.0/i/elements/flags/jpn.svg,Qualifying R1 Qual. R1,L,"7-5, 5-7, 4-6",https://www.wtatennis.com/players/327241/moyuka-uchijima,False,False,False,False,False,False,False,3,True,34,16,18,JP,JPN,392,142,Asia,East Asia,JPN,"7,5,None|5,7,None|4,6,None"
1,Itf/Usta W75,https://www.wtatennis.com/resources/v7.42.0/i/elements/itf.png,,ITF,Clay,https://www.wtatennis.com/resources/v7.42.0/i/elements/itf.png,2024-05-06,2024-05-12,2024,5,Zephyrhills,USA,,,,,,United States of America|America|USA|US,,,Florida,96.0,W,,1543.0,32M/32Q/16D,Itf/Usta W75,,Kayla Day,1.0,https://www.wtatennis.com/resources/v7.42.0/i/elements/flags/usa.svg,Quarterfinals,L,"7-64, 5-7",https://www.wtatennis.com/players/322534/kayla-day,True,False,False,True,False,False,True,2,True,83,12,71,US,USA,840,019,America,Northern America,USA,"7,64,None|5,7,None|Ret"
2,Itf/Usta W75,https://www.wtatennis.com/resources/v7.42.0/i/elements/itf.png,,ITF,Clay,https://www.wtatennis.com/resources/v7.42.0/i/elements/itf.png,2024-05-06,2024-05-12,2024,5,Zephyrhills,HUN,,,,,,,,,Florida,265.0,W,,1543.0,32M/32Q/16D,Itf/Usta W75,,Fanny Stollar,,https://www.wtatennis.com/resources/v7.42.0/i/elements/flags/hun.svg,Round of 16,W,"6-1, 2-6, 6-4",https://www.wtatennis.com/players/323231/fanny-stollar,False,False,False,False,False,False,False,3,True,25,14,11,HU,HUN,348,150,Europe,Central Europe,HUN,"6,1,None|2,6,None|6,4,None"
3,Itf/Usta W75,https://www.wtatennis.com/resources/v7.42.0/i/elements/itf.png,,ITF,Clay,https://www.wtatennis.com/resources/v7.42.0/i/elements/itf.png,2024-05-06,2024-05-12,2024,5,Zephyrhills,LTU,,,,,,,,,Florida,224.0,W,,1543.0,32M/32Q/16D,Itf/Usta W75,,Justina Mikulskyte,6.0,https://www.wtatennis.com/resources/v7.42.0/i/elements/flags/ltu.svg,Round of 32,W,"6-1, 6-2",https://www.wtatennis.com/players/323677/justina-mikulskyte,False,False,False,False,False,False,False,2,True,15,12,3,LT,LTU,440,150,Europe,Northern Europe,LTU,"6,1,None|6,2,None"
1,Guadalajara Open Akron Presented By Santander,,https://www.wtatennis.com/tournaments/2075/guadalajara-500/2023,WTA 1000,Hard,https://www.wtatennis.com/resources/v7.42.0/i/elements/1000k-tag.svg,2023-09-17,2023-09-23,2023,9,Guadalajara,RUS,,MX,MEX,484,019,,America,Central America,MEX,19.0,W,60.0,17930.0,64M/32Q/32D,Guadalajara Open Akron Presented By Santander,,Veronika Kudermetova,7.0,https://www.wtatennis.com/resources/v7.42.0/i/elements/flags/rus.svg,Round of 32,L,"2-6, 7-6 (4), 4-6",https://www.wtatennis.com/players/319526/veronika-kudermetova,False,False,False,False,True,False,True,3,False,31,13,18,RU,RUS,643,150,Europe,Eastern Europe,RUS,"2,6,None|7,6,4|4,6,None"
2,Guadalajara Open Akron Presented By Santander,,https://www.wtatennis.com/tournaments/2075/guadalajara-500/2023,WTA 1000,Hard,https://www.wtatennis.com/resources/v7.42.0/i/elements/1000k-tag.svg,2023-09-17,2023-09-23,2023,9,Guadalajara,MEX,,MX,MEX,484,019,United States of Mexico|United Mexican States,America,Central America,MEX,181.0,W,60.0,17930.0,64M/32Q/32D,Guadalajara Open Akron Presented By Santander,,Renata Zarazua,,https://www.wtatennis.com/resources/v7.42.0/i/elements/flags/mex.svg,Round of 64,W,"6-1, 7-6 (4)",https://www.wtatennis.com/players/320716/renata-zarazua,False,False,False,False,True,False,True,2,True,20,13,7,MX,MEX,484,019,America,Central America,MEX,"6,1,None|7,6,4"
1,Us Open,,https://www.wtatennis.com/tournaments/905/us-open/2023,Grand Slam,Hard,https://www.wtatennis.com/resources/v7.42.0/i/elements/gs-tag.svg,2023-08-28,2023-09-10,2023,8,New York,UKR,NY,US,USA,840,019,,America,Northern America,USA,110.0,,20.0,34500.0,128M/128Q/64D,Us Open,,Dayana Yastremska,12.0,https://www.wtatennis.com/resources/v7.42.0/i/elements/flags/ukr.svg,Qualifying R2 Qual. R2,L,"1-6, 6-4, 4-6",https://www.wtatennis.com/players/324261/dayana-yastremska,False,False,False,False,False,False,False,3,False,27,11,16,UA,UKR,804,150,Europe,Eastern Europe,UKR,"1,6,None|6,4,None|4,6,None"
2,Us Open,,https://www.wtatennis.com/tournaments/905/us-open/2023,Grand Slam,Hard,https://www.wtatennis.com/resources/v7.42.0/i/elements/gs-tag.svg,2023-08-28,2023-09-10,2023,8,New York,USA,NY,US,USA,840,019,United States of America|America|USA|US,America,Northern America,USA,994.0,,20.0,34500.0,128M/128Q/64D,Us Open,,Katherine Hui,,https://www.wtatennis.com/resources/v7.42.0/i/elements/flags/usa.svg,Qualifying R1 Qual. R1,W,"6-2, 6-3",https://www.wtatennis.com/players/330053/katherine-hui,False,False,False,False,False,False,False,2,True,17,12,5,US,USA,840,019,America,Northern America,USA,"6,2,None|6,3,None"
1,Omnium Banque Nationale Présenté Par Rogers ,,https://www.wtatennis.com/tournaments/806/montreal/2023,WTA 1000,Hard,https://www.wtatennis.com/resources/v7.42.0/i/elements/1000k-tag.svg,2023-08-07,2023-08-13,2023,8,Montreal,USA,,CA,CAN,124,019,United States of America|America|USA|US,America,Northern America,CAN,48.0,W,1.0,4000.0,64M/32Q/32D,Omnium Banque Nationale Présenté Par Rogers ,,Danielle Collins,3.0,https://www.wtatennis.com/resources/v7.42.0/i/elements/flags/usa.svg,Qualifying R1 Qual. R1,L,"1-6, 6-1, 1-6",https://www.wtatennis.com/players/316925/danielle-collins,False,False,False,False,False,False,False,3,False,21,8,13,US,USA,840,019,America,Northern America,USA,"1,6,None|6,1,None|1,6,None"
1,Wimbledon,,https://www.wtatennis.com/tournaments/904/wimbledon/2023,Grand Slam,Grass,https://www.wtatennis.com/resources/v7.42.0/i/elements/gs-tag.svg,2023-07-03,2023-07-16,2023,7,Wimbledon,BEL,,GB,GBR,826,150,,Europe,Northern Europe,ENG,123.0,,2.0,16138.0,128M/128Q/64D,"The Championships, Wimbledon",,Greet Minnen,13.0,https://www.wtatennis.com/resources/v7.42.0/i/elements/flags/bel.svg,Qualifying R1 Qual. R1,L,"4-6, 5-7",https://www.wtatennis.com/players/321454/greet-minnen,False,False,False,False,False,False,False,2,False,22,9,13,BE,BEL,056,150,Europe,Western Europe,BEL,"4,6,None|5,7,None"
1,"Bett1Open, Presented By Ecotrans Group",,https://www.wtatennis.com/tournaments/2012/berlin/2023,WTA 500,Grass,https://www.wtatennis.com/resources/v7.42.0/i/elements/500k-tag.svg,2023-06-19,2023-06-25,2023,6,Berlin,RUS,,DE,DEU,276,150,,Europe,Central Europe,GER,1243.0,,13.0,5020.0,32M/24Q/16D,"Bett1Open, Presented By Ecotrans Group",,Vera Zvonareva,,https://www.wtatennis.com/resources/v7.42.0/i/elements/flags/rus.svg,Qualifying R2 Qual. R2,L,"3-6, 7-5, 3-6",https://www.wtatennis.com/players/260142/vera-zvonareva,False,False,False,False,False,False,False,3,False,30,13,17,RU,RUS,643,150,Europe,Eastern Europe,RUS,"3,6,None|7,5,None|3,6,None"
2,"Bett1Open, Presented By Ecotrans Group",,https://www.wtatennis.com/tournaments/2012/berlin/2023,WTA 500,Grass,https://www.wtatennis.com/resources/v7.42.0/i/elements/500k-tag.svg,2023-06-19,2023-06-25,2023,6,Berlin,AUS,,DE,DEU,276,150,,Europe,Central Europe,GER,114.0,,13.0,5020.0,32M/24Q/16D,"Bett1Open, Presented By Ecotrans Group",,Kimberly Birrell,5.0,https://www.wtatennis.com/resources/v7.42.0/i/elements/flags/aus.svg,Qualifying R1 Qual. R1,W,"7-5, 3-6, 6-4",https://www.wtatennis.com/players/320728/kimberly-birrell,False,False,False,False,False,False,False,3,True,31,16,15,AU,AUS,036,009,Oceania,Australasia,AUS,"7,5,None|3,6,None|6,4,None"
1,Firenze Ladies Open,,https://www.wtatennis.com/tournaments/2090/florence-125/2023,WTA 125,Clay,https://www.wtatennis.com/resources/v7.42.0/i/elements/125k-tag.svg,2023-05-15,2023-05-21,2023,5,Florence,ITA,,IT,ITA,380,150,,Europe,Southern Europe,ITA,78.0,,,3475.0,32M/16Q/16D,Firenze Ladies Open,,Sara Errani,6.0,https://www.wtatennis.com/resources/v7.42.0/i/elements/flags/ita.svg,Quarterfinals,L,"3-6, 0-1",https://www.wtatennis.com/players/310761/sara-errani,True,False,False,False,False,False,False,2,False,10,3,7,IT,ITA,380,150,Europe,Southern Europe,ITA,"3,6,None|0,1,None|Ret"
2,Firenze Ladies Open,,https://www.wtatennis.com/tournaments/2090/florence-125/2023,WTA 125,Clay,https://www.wtatennis.com/resources/v7.42.0/i/elements/125k-tag.svg,2023-05-15,2023-05-21,2023,5,Florence,SLO,,IT,ITA,380,150,,Europe,Southern Europe,ITA,130.0,,,3475.0,32M/16Q/16D,Firenze Ladies Open,,Kaja Juvan,,https://www.wtatennis.com/resources/v7.42.0/i/elements/flags/slo.svg,Round of 16,W,"7-6 (6), 6-3",https://www.wtatennis.com/players/324702/kaja-juvan,False,False,False,True,False,False,True,2,True,22,13,9,,,,,,,SLO,"7,6,6|6,3,None"
3,Firenze Ladies Open,,https://www.wtatennis.com/tournaments/2090/florence-125/2023,WTA 125,Clay,https://www.wtatennis.com/resources/v7.42.0/i/elements/125k-tag.svg,2023-05-15,2023-05-21,2023,5,Florence,ITA,,IT,ITA,380,150,,Europe,Southern Europe,ITA,421.0,,,3475.0,32M/16Q/16D,Firenze Ladies Open,,Diletta Cherubini,,https://www.wtatennis.com/resources/v7.42.0/i/elements/flags/ita.svg,Round of 32,W,"6-4, 6-4",https://www.wtatennis.com/players/328173/diletta-cherubini,False,False,False,False,False,False,False,2,True,20,12,8,IT,ITA,380,150,Europe,Southern Europe,ITA,"6,4,None|6,4,None"
1,Internazionali Bnl D'Italia,,https://www.wtatennis.com/tournaments/709/rome/2023,WTA 1000,Clay,https://www.wtatennis.com/resources/v7.42.0/i/elements/1000k-tag.svg,2023-05-09,2023-05-20,2023,5,Rome,HUN,,IT,ITA,380,150,,Europe,Southern Europe,ITA,91.0,,2.0,3110.0,96M/48Q/32D,Internazionali Bnl D'Italia,,Dalma Galfi,7.0,https://www.wtatennis.com/resources/v7.42.0/i/elements/flags/hun.svg,Qualifying R1 Qual. R1,L,"6-7 (4), 3-6",https://www.wtatennis.com/players/321106/dalma-galfi,False,False,False,True,False,False,True,2,False,22,9,13,HU,HUN,348,150,Europe,Central Europe,HUN,"6,7,4|3,6,None"
1,Mutua Madrid Open,,https://www.wtatennis.com/tournaments/1038/madrid/2023,WTA 1000,Clay,https://www.wtatennis.com/resources/v7.42.0/i/elements/1000k-tag.svg,2023-04-25,2023-05-07,2023,4,Madrid,ITA,,ES,ESP,724,150,,Europe,Southern Europe,ESP,20.0,Q,65.0,27045.0,96M/48Q/32D,Mutua Madrid Open,,Martina Trevisan,18.0,https://www.wtatennis.com/resources/v7.42.0/i/elements/flags/ita.svg,Round of 64,L,"2-6, 5-7",https://www.wtatennis.com/players/316266/martina-trevisan,False,False,False,False,False,False,False,2,False,20,7,13,IT,ITA,380,150,Europe,Southern Europe,ITA,"2,6,None|5,7,None"
2,Mutua Madrid Open,,https://www.wtatennis.com/tournaments/1038/madrid/2023,WTA 1000,Clay,https://www.wtatennis.com/resources/v7.42.0/i/elements/1000k-tag.svg,2023-04-25,2023-05-07,2023,4,Madrid,UKR,,ES,ESP,724,150,,Europe,Southern Europe,ESP,149.0,Q,65.0,27045.0,96M/48Q/32D,Mutua Madrid Open,,Dayana Yastremska,,https://www.wtatennis.com/resources/v7.42.0/i/elements/flags/ukr.svg,Round of 128,W,"6-7 (6), 6-2, 6-2",https://www.wtatennis.com/players/324261/dayana-yastremska,False,False,False,True,False,False,True,3,False,29,18,11,UA,UKR,804,150,Europe,Eastern Europe,UKR,"6,7,6|6,2,None|6,2,None"
3,Mutua Madrid Open,,https://www.wtatennis.com/tournaments/1038/madrid/2023,WTA 1000,Clay,https://www.wtatennis.com/resources/v7.42.0/i/elements/1000k-tag.svg,2023-04-25,2023-05-07,2023,4,Madrid,USA,,ES,ESP,724,150,United States of America|America|USA|US,Europe,Southern Europe,ESP,147.0,Q,65.0,27045.0,96M/48Q/32D,Mutua Madrid Open,,Elizabeth Mandlik,,https://www.wtatennis.com/resources/v7.42.0/i/elements/flags/usa.svg,Qualifying R2 Qual. R2,W,"6-3, 6-2",https://www.wtatennis.com/players/326379/elizabeth-mandlik,False,False,False,False,False,False,False,2,True,17,12,5,US,USA,840,019,America,Northern America,USA,"6,3,None|6,2,None"
4,Mutua Madrid Open,,https://www.wtatennis.com/tournaments/1038/madrid/2023,WTA 1000,Clay,https://www.wtatennis.com/resources/v7.42.0/i/elements/1000k-tag.svg,2023-04-25,2023-05-07,2023,4,Madrid,ESP,,ES,ESP,724,150,Kingdom of Spain,Europe,Southern Europe,ESP,102.0,Q,65.0,27045.0,96M/48Q/32D,Mutua Madrid Open,,Sara Sorribes Tormo,13.0,https://www.wtatennis.com/resources/v7.42.0/i/elements/flags/esp.svg,Qualifying R1 Qual. R1,W,"6-1, 4-1",https://www.wtatennis.com/players/318872/sara-sorribes-tormo,True,False,False,False,False,False,False,2,True,12,10,2,ES,ESP,724,150,Europe,Southern Europe,ESP,"6,1,None|4,1,None|Ret"
1,"Itf/Tennis Europe $100,000",https://www.wtatennis.com/resources/v7.42.0/i/elements/itf.png,,ITF,Clay,https://www.wtatennis.com/resources/v7.42.0/i/elements/itf.png,2023-04-17,2023-04-23,2023,4,Oeiras,MNE,,PT,PRT,620,150,,Europe,Southern Europe,POR,72.0,W,,1559.0,32M/32Q/16D,"Itf/Tennis Europe $100,000",,Danka Kovinic,5.0,https://www.wtatennis.com/resources/v7.42.0/i/elements/flags/mne.svg,Round of 16,L,"3-6, 5-7",https://www.wtatennis.com/players/317684/danka-kovinic,False,False,False,False,False,False,False,2,False,21,8,13,ME,MNE,499,150,Europe,Southeastern Europe,MNE,"3,6,None|5,7,None"
2,"Itf/Tennis Europe $100,000",https://www.wtatennis.com/resources/v7.42.0/i/elements/itf.png,,ITF,Clay,https://www.wtatennis.com/resources/v7.42.0/i/elements/itf.png,2023-04-17,2023-04-23,2023,4,Oeiras,FRA,,PT,PRT,620,150,,Europe,Southern Europe,POR,109.0,W,,1559.0,32M/32Q/16D,"Itf/Tennis Europe $100,000",,Diane Parry,,https://www.wtatennis.com/resources/v7.42.0/i/elements/flags/fra.svg,Round of 32,W,"6-2, 6-4",https://www.wtatennis.com/players/327077/diane-parry,False,False,False,False,False,False,False,2,True,18,12,6,FR,FRA,250,150,Europe,Western Europe,FRA,"6,2,None|6,4,None"
1,Copa Colsanitas Presented By Zurich,,https://www.wtatennis.com/tournaments/894/bogota/2023,WTA 250,Clay,https://www.wtatennis.com/resources/v7.42.0/i/elements/250k-tag.svg,2023-04-03,2023-04-09,2023,4,Bogota,UZB,,CO,COL,170,019,,America,Northern South America,COL,90.0,W,30.0,3920.0,32M/24Q/16D,Copa Colsanitas Presented By Zurich,,Kamilla Rakhimova,4.0,https://www.wtatennis.com/resources/v7.42.0/i/elements/flags/uzb.svg,Round of 16,L,"0-6, 7-6 (7), 4-6",https://www.wtatennis.com/players/325936/kamilla-rakhimova,False,False,False,False,True,False,True,3,False,29,11,18,UZ,UZB,860,142,Asia,Central Asia,UZB,"0,6,None|7,6,7|4,6,None"
2,Copa Colsanitas Presented By Zurich,,https://www.wtatennis.com/tournaments/894/bogota/2023,WTA 250,Clay,https://www.wtatennis.com/resources/v7.42.0/i/elements/250k-tag.svg,2023-04-03,2023-04-09,2023,4,Bogota,SUI,,CO,COL,170,019,,America,Northern South America,COL,137.0,W,30.0,3920.0,32M/24Q/16D,Copa Colsanitas Presented By Zurich,,Ylena In-Albon,,https://www.wtatennis.com/resources/v7.42.0/i/elements/flags/sui.svg,Round of 32,W,"6-3, 6-2",https://www.wtatennis.com/players/321397/ylena-in-albon,False,False,False,False,False,False,False,2,True,17,12,5,CH,CHE,756,150,Europe,Central Europe,SUI,"6,3,None|6,2,None"
1,Australian Open,,https://www.wtatennis.com/tournaments/901/australian-open/2023,Grand Slam,Hard,https://www.wtatennis.com/resources/v7.42.0/i/elements/gs-tag.svg,2023-01-16,2023-01-29,2023,1,Melbourne,USA,,AU,AUS,036,009,United States of America|America|USA|US,Oceania,Australasia,AUS,181.0,,2.0,18185.0,128M/128Q/64D,Australian Open,,Ashlyn Krueger,,https://www.wtatennis.com/resources/v7.42.0/i/elements/flags/usa.svg,Qualifying R1 Qual. R1,L,"3-6, 6-1, 4-6",https://www.wtatennis.com/players/329409/ashlyn-krueger,False,False,False,False,False,False,False,3,False,26,13,13,US,USA,840,019,America,Northern America,USA,"3,6,None|6,1,None|4,6,None"
1,Asb Classic,,https://www.wtatennis.com/tournaments/1049/auckland/2023,WTA 250,Hard,https://www.wtatennis.com/resources/v7.42.0/i/elements/250k-tag.svg,2023-01-02,2023-01-08,2023,1,Auckland,USA,,NZ,NZL,554,009,United States of America|America|USA|US,Oceania,Australasia,NZL,129.0,W,12.0,2075.0,32M/24Q/16D,Asb Classic,,Ann Li,11.0,https://www.wtatennis.com/resources/v7.42.0/i/elements/flags/usa.svg,Qualifying R1 Qual. R1,W,"6-4, 6-3",https://www.wtatennis.com/players/326096/ann-li,False,False,False,False,False,False,False,2,True,19,12,7,US,USA,840,019,America,Northern America,USA,"6,4,None|6,3,None"
1,Dow Tennis Classic,,https://www.wtatennis.com/tournaments/2051/midland-125/2022,WTA 125,Hard,https://www.wtatennis.com/resources/v7.42.0/i/elements/125k-tag.svg,2022-10-31,2022-11-06,2022,10,Midland,COL,MI,US,USA,840,019,,America,Northern America,USA,83.0,W,,1008.0,32M/16Q/16D,Dow Tennis Classic,,Camila Osorio,5.0,https://www.wtatennis.com/resources/v7.42.0/i/elements/flags/col.svg,Round of 32,L,"6-1, 2-6, 2-6",https://www.wtatennis.com/players/325898/camila-osorio,False,False,False,False,False,False,False,3,True,23,10,13,CO,COL,170,019,America,Northern South America,COL,"6,1,None|2,6,None|2,6,None"
1,Abierto Tampico,,https://www.wtatennis.com/tournaments/2067/tampico-125/2022,WTA 125,Hard,https://www.wtatennis.com/resources/v7.42.0/i/elements/125k-tag.svg,2022-10-24,2022-10-29,2022,10,Tampico,MEX,,MX,MEX,484,019,United States of Mexico|United Mexican States,America,Central America,MEX,291.0,W,,1008.0,32M/16Q/16D,Abierto Tampico,,Renata Zarazua,,https://www.wtatennis.com/resources/v7.42.0/i/elements/flags/mex.svg,Round of 32,L,"5-7, 6-1, 5-7",https://www.wtatennis.com/players/320716/renata-zarazua,False,False,False,False,False,False,False,3,False,31,16,15,MX,MEX,484,019,America,Central America,MEX,"5,7,None|6,1,None|5,7,None"
1,Guadalajara Open Akron,,https://www.wtatennis.com/tournaments/2075/guadalajara-500/2022,WTA 1000,Hard,https://www.wtatennis.com/resources/v7.42.0/i/elements/1000k-tag.svg,2022-10-17,2022-10-23,2022,10,Guadalajara,LAT,,MX,MEX,484,019,,America,Central America,MEX,23.0,W,60.0,16340.0,64M/32Q/32D,Guadalajara Open Akron,,Jelena Ostapenko,12.0,https://www.wtatennis.com/resources/v7.42.0/i/elements/flags/lat.svg,Round of 32,L,"5-7, 6-2, 1-6",https://www.wtatennis.com/players/319939/jelena-ostapenko,False,False,False,False,False,False,False,3,False,27,12,15,,,,,,,LAT,"5,7,None|6,2,None|1,6,None"
2,Guadalajara Open Akron,,https://www.wtatennis.com/tournaments/2075/guadalajara-500/2022,WTA 1000,Hard,https://www.wtatennis.com/resources/v7.42.0/i/elements/1000k-tag.svg,2022-10-17,2022-10-23,2022,10,Guadalajara,USA,,MX,MEX,484,019,United States of America|America|USA|US,America,Central America,MEX,194.0,W,60.0,16340.0,64M/32Q/32D,Guadalajara Open Akron,,Kayla Day,,https://www.wtatennis.com/resources/v7.42.0/i/elements/flags/usa.svg,Round of 64,W,"7-5, 6-3",https://www.wtatennis.com/players/322534/kayla-day,False,False,False,False,False,False,False,2,True,21,13,8,US,USA,840,019,America,Northern America,USA,"7,5,None|6,3,None"
1,Transylvania Open By Verdino,,https://www.wtatennis.com/tournaments/2050/cluj-napoca/2022,WTA 250,Hard,https://www.wtatennis.com/resources/v7.42.0/i/elements/250k-tag.svg,2022-10-10,2022-10-16,2022,10,Cluj-Napoca,UKR,,RO,ROU,642,150,,Europe,Southeastern Europe,ROU,45.0,W,1.0,2200.0,32M/24Q/16D,Transylvania Open By Verdino,,Anhelina Kalinina,2.0,https://www.wtatennis.com/resources/v7.42.0/i/elements/flags/ukr.svg,Round of 32,L,3-6,https://www.wtatennis.com/players/320567/anhelina-kalinina,True,False,False,False,False,False,False,1,False,9,3,6,UA,UKR,804,150,Europe,Eastern Europe,UKR,"3,6,None|Ret"
1,Agel Open 2022,,https://www.wtatennis.com/tournaments/2025/ostrava/2022,WTA 500,Hard,https://www.wtatennis.com/resources/v7.42.0/i/elements/500k-tag.svg,2022-10-03,2022-10-09,2022,10,Ostrava,SUI,,CZ,CZE,203,150,,Europe,Central Europe,CZE,14.0,Q,25.0,8080.0,32M/24Q/16D,Agel Open 2022,,Belinda Bencic,6.0,https://www.wtatennis.com/resources/v7.42.0/i/elements/flags/sui.svg,Round of 32,L,"7-6 (7), 1-6, 4-6",https://www.wtatennis.com/players/319001/belinda-bencic,False,False,False,True,False,False,True,3,True,30,12,18,CH,CHE,756,150,Europe,Central Europe,SUI,"7,6,7|1,6,None|4,6,None"
2,Agel Open 2022,,https://www.wtatennis.com/tournaments/2025/ostrava/2022,WTA 500,Hard,https://www.wtatennis.com/resources/v7.42.0/i/elements/500k-tag.svg,2022-10-03,2022-10-09,2022,10,Ostrava,HUN,,CZ,CZE,203,150,,Europe,Central Europe,CZE,87.0,Q,25.0,8080.0,32M/24Q/16D,Agel Open 2022,,Dalma Galfi,5.0,https://www.wtatennis.com/resources/v7.42.0/i/elements/flags/hun.svg,Qualifying R2 Qual. R2,W,"6-3, 6-2",https://www.wtatennis.com/players/321106/dalma-galfi,False,False,False,False,False,False,False,2,True,17,12,5,HU,HUN,348,150,Europe,Central Europe,HUN,"6,3,None|6,2,None"
3,Agel Open 2022,,https://www.wtatennis.com/tournaments/2025/ostrava/2022,WTA 500,Hard,https://www.wtatennis.com/resources/v7.42.0/i/elements/500k-tag.svg,2022-10-03,2022-10-09,2022,10,Ostrava,FRA,,CZ,CZE,203,150,,Europe,Central Europe,CZE,100.0,Q,25.0,8080.0,32M/24Q/16D,Agel Open 2022,,Oceane Dodin,7.0,https://www.wtatennis.com/resources/v7.42.0/i/elements/flags/fra.svg,Qualifying R1 Qual. R1,W,"6-2, 4-6, 6-3",https://www.wtatennis.com/players/319436/oceane-dodin,False,False,False,False,False,False,False,3,True,27,16,11,FR,FRA,250,150,Europe,Western Europe,FRA,"6,2,None|4,6,None|6,3,None"
1,Hana Bank Korea Open,,https://www.wtatennis.com/tournaments/1024/seoul/2022,WTA 250,Hard,https://www.wtatennis.com/resources/v7.42.0/i/elements/250k-tag.svg,2022-09-19,2022-09-25,2022,9,Seoul,GER,,,,,,,,,Korea,80.0,,1.0,2725.0,32M/24Q/16D,Hana Bank Korea Open,,Tatjana Maria,7.0,https://www.wtatennis.com/resources/v7.42.0/i/elements/flags/ger.svg,Round of 32,L,"6-7 (5), 6-7 (5)",https://www.wtatennis.com/players/310440/tatjana-maria,False,False,False,True,True,False,True,2,False,26,12,14,DE,DEU,276,150,Europe,Central Europe,GER,"6,7,5|6,7,5"
1,Chennai Open,,https://www.wtatennis.com/tournaments/2078/chennai/2022,WTA 250,Hard,https://www.wtatennis.com/resources/v7.42.0/i/elements/250k-tag.svg,2022-09-12,2022-09-18,2022,9,Chennai,ARG,,IN,IND,356,142,,Asia,South Asia,IND,298.0,W,60.0,6200.0,32M/24Q/16D,Chennai Open,,Nadia Podoroska,,https://www.wtatennis.com/resources/v7.42.0/i/elements/flags/arg.svg,Quarterfinals,L,"6-1, 4-6, 2-6",https://www.wtatennis.com/players/319112/nadia-podoroska,False,False,False,False,False,False,False,3,True,25,12,13,AR,ARG,032,019,America,Southern South America,ARG,"6,1,None|4,6,None|2,6,None"
2,Chennai Open,,https://www.wtatennis.com/tournaments/2078/chennai/2022,WTA 250,Hard,https://www.wtatennis.com/resources/v7.42.0/i/elements/250k-tag.svg,2022-09-12,2022-09-18,2022,9,Chennai,IND,,IN,IND,356,142,,Asia,South Asia,IND,359.0,W,60.0,6200.0,32M/24Q/16D,Chennai Open,,Karman Thandi,,https://www.wtatennis.com/resources/v7.42.0/i/elements/flags/ind.svg,Round of 16,W,"6-2, 7-6 (2)",https://www.wtatennis.com/players/323593/karman-thandi,False,False,False,False,True,False,True,2,True,21,13,8,IN,IND,356,142,Asia,South Asia,IND,"6,2,None|7,6,2"
3,Chennai Open,,https://www.wtatennis.com/tournaments/2078/chennai/2022,WTA 250,Hard,https://www.wtatennis.com/resources/v7.42.0/i/elements/250k-tag.svg,2022-09-12,2022-09-18,2022,9,Chennai,SUI,,IN,IND,356,142,,Asia,South Asia,IND,167.0,W,60.0,6200.0,32M/24Q/16D,Chennai Open,,Joanne Zuger,,https://www.wtatennis.com/resources/v7.42.0/i/elements/flags/sui.svg,Round of 32,W,"7-6 (4), 6-2",https://www.wtatennis.com/players/324411/joanne-zuger,False,False,False,True,False,False,True,2,True,21,13,8,CH,CHE,756,150,Europe,Central Europe,SUI,"7,6,4|6,2,None"
1,Us Open,,https://www.wtatennis.com/tournaments/905/us-open/2022,Grand Slam,Hard,https://www.wtatennis.com/resources/v7.42.0/i/elements/gs-tag.svg,2022-08-29,2022-09-11,2022,8,New York,CZE,NY,US,USA,840,019,,America,Northern America,USA,109.0,,20.0,33600.0,128M/128Q/64D,Us Open,,Linda Noskova,4.0,https://www.wtatennis.com/resources/v7.42.0/i/elements/flags/cze.svg,Qualifying R2 Qual. R2,L,"2-6, 3-6",https://www.wtatennis.com/players/329668/linda-noskova,False,False,False,False,False,False,False,2,False,17,5,12,CZ,CZE,203,150,Europe,Central Europe,CZE,"2,6,None|3,6,None"
2,Us Open,,https://www.wtatennis.com/tournaments/905/us-open/2022,Grand Slam,Hard,https://www.wtatennis.com/resources/v7.42.0/i/elements/gs-tag.svg,2022-08-29,2022-09-11,2022,8,New York,JPN,NY,US,USA,840,019,,America,Northern America,USA,196.0,,20.0,33600.0,128M/128Q/64D,Us Open,,Yuki Naito,,https://www.wtatennis.com/resources/v7.42.0/i/elements/flags/jpn.svg,Qualifying R1 Qual. R1,W,"6-3, 6-3",https://www.wtatennis.com/players/326235/yuki-naito,False,False,False,False,False,False,False,2,True,18,12,6,JP,JPN,392,142,Asia,East Asia,JPN,"6,3,None|6,3,None"
1,Odlum Brown Vanopen,,https://www.wtatennis.com/tournaments/2064/vancouver-125/2022,WTA 125,Hard,https://www.wtatennis.com/resources/v7.42.0/i/elements/125k-tag.svg,2022-08-14,2022-08-21,2022,8,Vancouver,NED,,CA,CAN,124,019,,America,Northern America,CAN,166.0,W,,1250.0,32M/16Q/16D,Odlum Brown Vanopen,,Arianne Hartono,,https://www.wtatennis.com/resources/v7.42.0/i/elements/flags/ned.svg,Round of 32,L,"2-6, 2-6",https://www.wtatennis.com/players/323451/arianne-hartono,False,False,False,False,False,False,False,2,False,16,4,12,NL,NLD,528,150,Europe,Western Europe,NED,"2,6,None|2,6,None"
1,Abierto Gnp Seguros,,https://www.wtatennis.com/tournaments/1039/monterrey/2021,WTA 250,Hard,https://www.wtatennis.com/resources/v7.42.0/i/elements/250k-tag.svg,2021-03-15,2021-03-21,2021,3,Monterrey,CHN,,MX,MEX,484,019,,America,Central America,MEX,101.0,S,1.0,2675.0,32M/32Q/16D,Abierto Gnp Seguros,,Lin Zhu,,https://www.wtatennis.com/resources/v7.42.0/i/elements/flags/chn.svg,Round of 32,L,"5-7, 6-7 (3)",https://www.wtatennis.com/players/317306/lin-zhu,False,False,False,False,True,False,True,2,False,25,11,14,CN,CHN,156,142,Asia,East Asia,CHN,"5,7,None|6,7,3"
1,Abierto Zapopan 2021,,https://www.wtatennis.com/tournaments/2002/guadalajara/2021,WTA 250,Hard,https://www.wtatennis.com/resources/v7.42.0/i/elements/250k-tag.svg,2021-03-08,2021-03-13,2021,3,Guadalajara,ESP,,MX,MEX,484,019,Kingdom of Spain,America,Central America,MEX,71.0,W,180.0,16398.0,32M/32Q/16D,Abierto Zapopan 2021,,Sara Sorribes Tormo,4.0,https://www.wtatennis.com/resources/v7.42.0/i/elements/flags/esp.svg,Finals,L,"2-6, 5-7",https://www.wtatennis.com/players/318872/sara-sorribes-tormo,False,False,False,False,False,False,False,2,False,20,7,13,ES,ESP,724,150,Europe,Southern Europe,ESP,"2,6,None|5,7,None"
2,Abierto Zapopan 2021,,https://www.wtatennis.com/tournaments/2002/guadalajara/2021,WTA 250,Hard,https://www.wtatennis.com/resources/v7.42.0/i/elements/250k-tag.svg,2021-03-08,2021-03-13,2021,3,Guadalajara,ITA,,MX,MEX,484,019,,America,Central America,MEX,134.0,W,180.0,16398.0,32M/32Q/16D,Abierto Zapopan 2021,,Elisabetta Cocciaretto,,https://www.wtatennis.com/resources/v7.42.0/i/elements/flags/ita.svg,Semifinals,W,"6-2, 7-6 (2)",https://www.wtatennis.com/players/327909/elisabetta-cocciaretto,False,False,False,False,True,False,True,2,True,21,13,8,IT,ITA,380,150,Europe,Southern Europe,ITA,"6,2,None|7,6,2"
3,Abierto Zapopan 2021,,https://www.wtatennis.com/tournaments/2002/guadalajara/2021,WTA 250,Hard,https://www.wtatennis.com/resources/v7.42.0/i/elements/250k-tag.svg,2021-03-08,2021-03-13,2021,3,Guadalajara,USA,,MX,MEX,484,019,United States of America|America|USA|US,America,Central America,MEX,120.0,W,180.0,16398.0,32M/32Q/16D,Abierto Zapopan 2021,,Caty Mcnally,,https://www.wtatennis.com/resources/v7.42.0/i/elements/flags/usa.svg,Quarterfinals,W,"6-4, 6-3",https://www.wtatennis.com/players/325725/caty-mcnally,False,False,False,False,False,False,False,2,True,19,12,7,US,USA,840,019,America,Northern America,USA,"6,4,None|6,3,None"
4,Abierto Zapopan 2021,,https://www.wtatennis.com/tournaments/2002/guadalajara/2021,WTA 250,Hard,https://www.wtatennis.com/resources/v7.42.0/i/elements/250k-tag.svg,2021-03-08,2021-03-13,2021,3,Guadalajara,SLO,,MX,MEX,484,019,,America,Central America,MEX,91.0,W,180.0,16398.0,32M/32Q/16D,Abierto Zapopan 2021,,Kaja Juvan,8.0,https://www.wtatennis.com/resources/v7.42.0/i/elements/flags/slo.svg,Round of 16,W,"6-4, 6-3",https://www.wtatennis.com/players/324702/kaja-juvan,False,False,False,False,False,False,False,2,True,19,12,7,,,,,,,SLO,"6,4,None|6,3,None"
5,Abierto Zapopan 2021,,https://www.wtatennis.com/tournaments/2002/guadalajara/2021,WTA 250,Hard,https://www.wtatennis.com/resources/v7.42.0/i/elements/250k-tag.svg,2021-03-08,2021-03-13,2021,3,Guadalajara,USA,,MX,MEX,484,019,United States of America|America|USA|US,America,Central America,MEX,154.0,W,180.0,16398.0,32M/32Q/16D,Abierto Zapopan 2021,,Caroline Dolehide,,https://www.wtatennis.com/resources/v7.42.0/i/elements/flags/usa.svg,Round of 32,W,"3-6, 6-1, 6-3",https://www.wtatennis.com/players/322052/caroline-dolehide,False,False,False,False,False,False,False,3,False,25,15,10,US,USA,840,019,America,Northern America,USA,"3,6,None|6,1,None|6,3,None"
1,Open 6Ème Sens Métropole De Lyon,,https://www.wtatennis.com/tournaments/2011/lyon/2021,WTA 250,Hard,https://www.wtatennis.com/resources/v7.42.0/i/elements/250k-tag.svg,2021-03-01,2021-03-07,2021,3,Lyon,BLR,,FR,FRA,250,150,,Europe,Western Europe,FRA,96.0,W,1.0,2675.0,32M/32Q/16D,Open 6Ème Sens Métropole De Lyon,,Aliaksandra Sasnovich,,https://www.wtatennis.com/resources/v7.42.0/i/elements/flags/blr.svg,Round of 32,L,"6-7 (7), 2-6",https://www.wtatennis.com/players/317790/aliaksandra-sasnovich,False,False,False,True,False,False,True,2,False,21,8,13,BY,BLR,112,150,Europe,Eastern Europe,BLR,"6,7,7|2,6,None"
1,Australian Open,,https://www.wtatennis.com/tournaments/901/australian-open/2021,Grand Slam,Hard,https://www.wtatennis.com/resources/v7.42.0/i/elements/gs-tag.svg,2021-02-08,2021-02-20,2021,2,Melbourne,CHN,,AU,AUS,036,009,,Oceania,Australasia,AUS,232.0,,20.0,23993.0,128M/128Q/64D,Australian Open,,Yue Yuan,,https://www.wtatennis.com/resources/v7.42.0/i/elements/flags/chn.svg,Qualifying R2 Qual. R2,L,"2-6, 4-6",https://www.wtatennis.com/players/324325/yue-yuan,False,False,False,False,False,False,False,2,False,18,6,12,CN,CHN,156,142,Asia,East Asia,CHN,"2,6,None|4,6,None"
2,Australian Open,,https://www.wtatennis.com/tournaments/901/australian-open/2021,Grand Slam,Hard,https://www.wtatennis.com/resources/v7.42.0/i/elements/gs-tag.svg,2021-02-08,2021-02-20,2021,2,Melbourne,AUS,,AU,AUS,036,009,,Oceania,Australasia,AUS,326.0,,20.0,23993.0,128M/128Q/64D,Australian Open,,Abbie Myers,,https://www.wtatennis.com/resources/v7.42.0/i/elements/flags/aus.svg,Qualifying R1 Qual. R1,W,"6-2, 6-3",https://www.wtatennis.com/players/317914/abbie-myers,False,False,False,False,False,False,False,2,True,17,12,5,AU,AUS,036,009,Oceania,Australasia,AUS,"6,2,None|6,3,None"
1,"Itf/Usta $80,000",https://www.wtatennis.com/resources/v7.42.0/i/elements/itf.png,,ITF,Hard,https://www.wtatennis.com/resources/v7.42.0/i/elements/itf.png,2020-10-20,2020-10-24,2020,10,,USA,,US,USA,840,019,United States of America|America|USA|US,America,Northern America,USA,325.0,,,407.0,32M/32Q/16D,"Itf/Usta $80,000",,Katie Volynets,,https://www.wtatennis.com/resources/v7.42.0/i/elements/flags/usa.svg,Qualifying R2 Qual. R2,L,"4-6, 0-3",https://www.wtatennis.com/players/327391/katie-volynets,True,False,False,False,False,False,False,2,False,13,4,9,US,USA,840,019,America,Northern America,USA,"4,6,None|0,3,None|Ret"
2,"Itf/Usta $80,000",https://www.wtatennis.com/resources/v7.42.0/i/elements/itf.png,,ITF,Hard,https://www.wtatennis.com/resources/v7.42.0/i/elements/itf.png,2020-10-20,2020-10-24,2020,10,,USA,,US,USA,840,019,United States of America|America|USA|US,America,Northern America,USA,291.0,,,407.0,32M/32Q/16D,"Itf/Usta $80,000",,Alexa Glatch,,https://www.wtatennis.com/resources/v7.42.0/i/elements/flags/usa.svg,Qualifying R1 Qual. R1,W,"6-2, 6-2",https://www.wtatennis.com/players/312214/alexa-glatch,False,False,False,False,False,False,False,2,True,16,12,4,US,USA,840,019,America,Northern America,USA,"6,2,None|6,2,None"
1,Roland Garros,,https://www.wtatennis.com/tournaments/903/roland-garros/2020,Grand Slam,Clay,https://www.wtatennis.com/resources/v7.42.0/i/elements/gs-tag.svg,2020-09-27,2020-10-10,2020,9,Paris,POL,,FR,FRA,250,150,,Europe,Western Europe,FRA,54.0,W,130.0,139267.0,128M/128Q/64D,Roland Garros,,Iga Swiatek,,https://www.wtatennis.com/resources/v7.42.0/i/elements/flags/pol.svg,Round of 32,L,"3-6, 2-6",https://www.wtatennis.com/players/326408/iga-swiatek,False,False,False,False,False,False,False,2,False,17,5,12,PL,POL,616,150,Europe,Central Europe,POL,"3,6,None|2,6,None"
2,Roland Garros,,https://www.wtatennis.com/tournaments/903/roland-garros/2020,Grand Slam,Clay,https://www.wtatennis.com/resources/v7.42.0/i/elements/gs-tag.svg,2020-09-27,2020-10-10,2020,9,Paris,AUS,,FR,FRA,250,150,,Europe,Western Europe,FRA,788.0,W,130.0,139267.0,128M/128Q/64D,Roland Garros,,Daria Saville,,https://www.wtatennis.com/resources/v7.42.0/i/elements/flags/aus.svg,Round of 64,W,"5-7, 6-4, 6-3",https://www.wtatennis.com/players/315997/daria-saville,False,False,False,False,False,False,False,3,False,31,17,14,AU,AUS,036,009,Oceania,Australasia,AUS,"5,7,None|6,4,None|6,3,None"
3,Roland Garros,,https://www.wtatennis.com/tournaments/903/roland-garros/2020,Grand Slam,Clay,https://www.wtatennis.com/resources/v7.42.0/i/elements/gs-tag.svg,2020-09-27,2020-10-10,2020,9,Paris,RUS,,FR,FRA,250,150,,Europe,Western Europe,FRA,108.0,W,130.0,139267.0,128M/128Q/64D,Roland Garros,,Anna Kalinskaya,,https://www.wtatennis.com/resources/v7.42.0/i/elements/flags/rus.svg,Round of 128,W,"6-4, 6-4",https://www.wtatennis.com/players/323942/anna-kalinskaya,False,False,False,False,False,False,False,2,True,20,12,8,RU,RUS,643,150,Europe,Eastern Europe,RUS,"6,4,None|6,4,None"
1,Teb Bnp Paribas Tennis Championship Istanbul,,https://www.wtatennis.com/tournaments/2020/istanbul/2020,International,Clay,https://www.wtatennis.com/resources/v7.42.0/i/elements/250k-tag.svg,2020-09-08,2020-09-13,2020,9,Istanbul,ROU,,TR,TUR,792,142,,Asia,Western Asia,TUR,88.0,Q,198.0,14000.0,32M/16Q/16D,Teb Bnp Paribas Tennis Championship Istanbul,,Patricia Maria Tig,,https://www.wtatennis.com/resources/v7.42.0/i/elements/flags/rou.svg,Finals,L,"6-2, 1-6, 6-7 (4)",https://www.wtatennis.com/players/317171/patricia-maria-tig,False,False,False,False,False,True,True,3,True,28,13,15,RO,ROU,642,150,Europe,Southeastern Europe,ROU,"6,2,None|1,6,None|6,7,4"
2,Teb Bnp Paribas Tennis Championship Istanbul,,https://www.wtatennis.com/tournaments/2020/istanbul/2020,International,Clay,https://www.wtatennis.com/resources/v7.42.0/i/elements/250k-tag.svg,2020-09-08,2020-09-13,2020,9,Istanbul,ESP,,TR,TUR,792,142,Kingdom of Spain,Asia,Western Asia,TUR,94.0,Q,198.0,14000.0,32M/16Q/16D,Teb Bnp Paribas Tennis Championship Istanbul,,Paula Badosa,,https://www.wtatennis.com/resources/v7.42.0/i/elements/flags/esp.svg,Semifinals,W,"6-3, 6-2",https://www.wtatennis.com/players/320124/paula-badosa,False,False,False,False,False,False,False,2,True,17,12,5,ES,ESP,724,150,Europe,Southern Europe,ESP,"6,3,None|6,2,None"
3,Teb Bnp Paribas Tennis Championship Istanbul,,https://www.wtatennis.com/tournaments/2020/istanbul/2020,International,Clay,https://www.wtatennis.com/resources/v7.42.0/i/elements/250k-tag.svg,2020-09-08,2020-09-13,2020,9,Istanbul,MNE,,TR,TUR,792,142,,Asia,Western Asia,TUR,92.0,Q,198.0,14000.0,32M/16Q/16D,Teb Bnp Paribas Tennis Championship Istanbul,,Danka Kovinic,,https://www.wtatennis.com/resources/v7.42.0/i/elements/flags/mne.svg,Quarterfinals,W,"3-6, 6-4, 7-5",https://www.wtatennis.com/players/317684/danka-kovinic,False,False,False,False,False,False,False,3,False,31,16,15,ME,MNE,499,150,Europe,Southeastern Europe,MNE,"3,6,None|6,4,None|7,5,None"
4,Teb Bnp Paribas Tennis Championship Istanbul,,https://www.wtatennis.com/tournaments/2020/istanbul/2020,International,Clay,https://www.wtatennis.com/resources/v7.42.0/i/elements/250k-tag.svg,2020-09-08,2020-09-13,2020,9,Istanbul,RUS,,TR,TUR,792,142,,Asia,Western Asia,TUR,34.0,Q,198.0,14000.0,32M/16Q/16D,Teb Bnp Paribas Tennis Championship Istanbul,,Svetlana Kuznetsova,1.0,https://www.wtatennis.com/resources/v7.42.0/i/elements/flags/rus.svg,Round of 16,W,"7-6 (3), 6-7 (5), 6-2",https://www.wtatennis.com/players/110552/svetlana-kuznetsova,False,False,False,True,True,False,True,3,True,34,19,15,RU,RUS,643,150,Europe,Eastern Europe,RUS,"7,6,3|6,7,5|6,2,None"
5,Teb Bnp Paribas Tennis Championship Istanbul,,https://www.wtatennis.com/tournaments/2020/istanbul/2020,International,Clay,https://www.wtatennis.com/resources/v7.42.0/i/elements/250k-tag.svg,2020-09-08,2020-09-13,2020,9,Istanbul,BUL,,TR,TUR,792,142,,Asia,Western Asia,TUR,133.0,Q,198.0,14000.0,32M/16Q/16D,Teb Bnp Paribas Tennis Championship Istanbul,,Viktoriya Tomova,,https://www.wtatennis.com/resources/v7.42.0/i/elements/flags/bul.svg,Round of 32,W,"6-2, 6-4",https://www.wtatennis.com/players/317584/viktoriya-tomova,False,False,False,False,False,False,False,2,True,18,12,6,BG,BGR,100,150,Europe,Southeastern Europe,BUL,"6,2,None|6,4,None"
6,Teb Bnp Paribas Tennis Championship Istanbul,,https://www.wtatennis.com/tournaments/2020/istanbul/2020,International,Clay,https://www.wtatennis.com/resources/v7.42.0/i/elements/250k-tag.svg,2020-09-08,2020-09-13,2020,9,Istanbul,SUI,,TR,TUR,792,142,,Asia,Western Asia,TUR,148.0,Q,198.0,14000.0,32M/16Q/16D,Teb Bnp Paribas Tennis Championship Istanbul,,Leonie Kung,8.0,https://www.wtatennis.com/resources/v7.42.0/i/elements/flags/sui.svg,Qualifying R2 Qual. R2,W,"6-4, 6-4",https://www.wtatennis.com/players/324028/leonie-kung,False,False,False,False,False,False,False,2,True,20,12,8,CH,CHE,756,150,Europe,Central Europe,SUI,"6,4,None|6,4,None"
7,Teb Bnp Paribas Tennis Championship Istanbul,,https://www.wtatennis.com/tournaments/2020/istanbul/2020,International,Clay,https://www.wtatennis.com/resources/v7.42.0/i/elements/250k-tag.svg,2020-09-08,2020-09-13,2020,9,Istanbul,SRB,,TR,TUR,792,142,,Asia,Western Asia,TUR,230.0,Q,198.0,14000.0,32M/16Q/16D,Teb Bnp Paribas Tennis Championship Istanbul,,Ivana Jorovic,,https://www.wtatennis.com/resources/v7.42.0/i/elements/flags/srb.svg,Qualifying R1 Qual. R1,W,"6-2, 7-6 (9)",https://www.wtatennis.com/players/320360/ivana-jorovic,False,False,False,False,True,False,True,2,True,21,13,8,RS,SRB,688,150,Europe,Southeastern Europe,SRB,"6,2,None|7,6,9"
1,Prague Open,,https://www.wtatennis.com/tournaments/2023/prague-125k/2020,125K,Clay,https://www.wtatennis.com/resources/v7.42.0/i/elements/125k-tag.svg,2020-08-29,2020-09-06,2020,8,Prague,MEX,,CZ,CZE,203,150,United States of Mexico|United Mexican States,Europe,Central Europe,CZE,191.0,,,11000.0,128M/0Q/32D,Prague Open,,Renata Zarazua,30.0,https://www.wtatennis.com/resources/v7.42.0/i/elements/flags/mex.svg,Round of 128,L,"0-6, 6-7 (5)",https://www.wtatennis.com/players/320716/renata-zarazua,False,False,False,False,True,False,True,2,False,19,6,13,MX,MEX,484,019,America,Central America,MEX,"0,6,None|6,7,5"
1,Prague Open,,https://www.wtatennis.com/tournaments/1082/prague/2020,International,Clay,https://www.wtatennis.com/resources/v7.42.0/i/elements/250k-tag.svg,2020-08-10,2020-08-16,2020,8,Prague,BEL,,CZ,CZE,203,150,,Europe,Central Europe,CZE,23.0,W,60.0,5000.0,32M/32Q/16D,Prague Open,,Elise Mertens,3.0,https://www.wtatennis.com/resources/v7.42.0/i/elements/flags/bel.svg,Quarterfinals,L,"4-6, 6-1, 4-6",https://www.wtatennis.com/players/317964/elise-mertens,False,False,False,False,False,False,False,3,False,27,14,13,BE,BEL,056,150,Europe,Western Europe,BEL,"4,6,None|6,1,None|4,6,None"
2,Prague Open,,https://www.wtatennis.com/tournaments/1082/prague/2020,International,Clay,https://www.wtatennis.com/resources/v7.42.0/i/elements/250k-tag.svg,2020-08-10,2020-08-16,2020,8,Prague,SLO,,CZ,CZE,203,150,,Europe,Central Europe,CZE,72.0,W,60.0,5000.0,32M/32Q/16D,Prague Open,,Tamara Zidansek,,https://www.wtatennis.com/resources/v7.42.0/i/elements/flags/slo.svg,Round of 16,W,"7-6 (2), 6-7 (2), 6-2",https://www.wtatennis.com/players/323079/tamara-zidansek,False,False,False,True,True,False,True,3,True,34,19,15,,,,,,,SLO,"7,6,2|6,7,2|6,2,None"
3,Prague Open,,https://www.wtatennis.com/tournaments/1082/prague/2020,International,Clay,https://www.wtatennis.com/resources/v7.42.0/i/elements/250k-tag.svg,2020-08-10,2020-08-16,2020,8,Prague,RUS,,CZ,CZE,203,150,,Europe,Central Europe,CZE,40.0,W,60.0,5000.0,32M/32Q/16D,Prague Open,,Veronika Kudermetova,8.0,https://www.wtatennis.com/resources/v7.42.0/i/elements/flags/rus.svg,Round of 32,W,"6-0, 6-3",https://www.wtatennis.com/players/319526/veronika-kudermetova,False,False,False,False,False,False,False,2,True,15,12,3,RU,RUS,643,150,Europe,Eastern Europe,RUS,"6,0,None|6,3,None"
1,Oracle Challenger Series,,https://www.wtatennis.com/tournaments/1102/newport-beach/2020,125K,Hard,https://www.wtatennis.com/resources/v7.42.0/i/elements/125k-tag.svg,2020-01-27,2020-02-02,2020,1,Newport Beach,USA,CA,US,USA,840,019,United States of America|America|USA|US,America,Northern America,USA,299.0,,1.0,1130.0,64M/4Q/16D,Oracle Challenger Series,,Alexa Glatch,,https://www.wtatennis.com/resources/v7.42.0/i/elements/flags/usa.svg,Round of 64,L,"1-6, 2-6",https://www.wtatennis.com/players/312214/alexa-glatch,False,False,False,False,False,False,False,2,False,15,3,12,US,USA,840,019,America,Northern America,USA,"1,6,None|2,6,None"
1,Australian Open,,https://www.wtatennis.com/tournaments/901/australian-open/2020,Grand Slam,Hard,https://www.wtatennis.com/resources/v7.42.0/i/elements/gs-tag.svg,2020-01-20,2020-02-02,2020,1,Melbourne,ITA,,AU,AUS,036,009,,Oceania,Australasia,AUS,154.0,,30.0,34641.0,128M/128Q/64D,Australian Open,,Martina Trevisan,,https://www.wtatennis.com/resources/v7.42.0/i/elements/flags/ita.svg,Qualifying R3 Qual. R3,L,"4-6, 3-6",https://www.wtatennis.com/players/316266/martina-trevisan,False,False,False,False,False,False,False,2,False,19,7,12,IT,ITA,380,150,Europe,Southern Europe,ITA,"4,6,None|3,6,None"
2,Australian Open,,https://www.wtatennis.com/tournaments/901/australian-open/2020,Grand Slam,Hard,https://www.wtatennis.com/resources/v7.42.0/i/elements/gs-tag.svg,2020-01-20,2020-02-02,2020,1,Melbourne,AUS,,AU,AUS,036,009,,Oceania,Australasia,AUS,130.0,,30.0,34641.0,128M/128Q/64D,Australian Open,,Maddison Inglis,21.0,https://www.wtatennis.com/resources/v7.42.0/i/elements/flags/aus.svg,Qualifying R2 Qual. R2,W,"6-3, 6-1",https://www.wtatennis.com/players/321179/maddison-inglis,False,False,False,False,False,False,False,2,True,16,12,4,AU,AUS,036,009,Oceania,Australasia,AUS,"6,3,None|6,1,None"
3,Australian Open,,https://www.wtatennis.com/tournaments/901/australian-open/2020,Grand Slam,Hard,https://www.wtatennis.com/resources/v7.42.0/i/elements/gs-tag.svg,2020-01-20,2020-02-02,2020,1,Melbourne,CHN,,AU,AUS,036,009,,Oceania,Australasia,AUS,211.0,,30.0,34641.0,128M/128Q/64D,Australian Open,,Xiaodi You,,https://www.wtatennis.com/resources/v7.42.0/i/elements/flags/chn.svg,Qualifying R1 Qual. R1,W,"4-6, 7-6 (4), 6-1",https://www.wtatennis.com/players/322451/xiaodi-you,False,False,False,False,True,False,True,3,False,30,17,13,CN,CHN,156,142,Asia,East Asia,CHN,"4,6,None|7,6,4|6,1,None"
1,Asb Classic 2020,,https://www.wtatennis.com/tournaments/1049/auckland/2020,International,Hard,https://www.wtatennis.com/resources/v7.42.0/i/elements/250k-tag.svg,2020-01-06,2020-01-12,2020,1,Auckland,USA,,NZ,NZL,554,009,United States of America|America|USA|US,Oceania,Australasia,NZL,25.0,W,60.0,6100.0,32M/32Q/16D,Asb Classic 2020,,Amanda Anisimova,3.0,https://www.wtatennis.com/resources/v7.42.0/i/elements/flags/usa.svg,Quarterfinals,L,"2-6, 6-3, 4-6",https://www.wtatennis.com/players/326384/amanda-anisimova,False,False,False,False,False,False,False,3,False,27,12,15,US,USA,840,019,America,Northern America,USA,"2,6,None|6,3,None|4,6,None"
2,Asb Classic 2020,,https://www.wtatennis.com/tournaments/1049/auckland/2020,International,Hard,https://www.wtatennis.com/resources/v7.42.0/i/elements/250k-tag.svg,2020-01-06,2020-01-12,2020,1,Auckland,FRA,,NZ,NZL,554,009,,Oceania,Australasia,NZL,46.0,W,60.0,6100.0,32M/32Q/16D,Asb Classic 2020,,Caroline Garcia,8.0,https://www.wtatennis.com/resources/v7.42.0/i/elements/flags/fra.svg,Round of 16,W,"6-4, 6-4",https://www.wtatennis.com/players/315391/caroline-garcia,False,False,False,False,False,False,False,2,True,20,12,8,FR,FRA,250,150,Europe,Western Europe,FRA,"6,4,None|6,4,None"
3,Asb Classic 2020,,https://www.wtatennis.com/tournaments/1049/auckland/2020,International,Hard,https://www.wtatennis.com/resources/v7.42.0/i/elements/250k-tag.svg,2020-01-06,2020-01-12,2020,1,Auckland,BEL,,NZ,NZL,554,009,,Oceania,Australasia,NZL,72.0,W,60.0,6100.0,32M/32Q/16D,Asb Classic 2020,,Kirsten Flipkens,,https://www.wtatennis.com/resources/v7.42.0/i/elements/flags/bel.svg,Round of 32,W,"7-5, 7-5",https://www.wtatennis.com/players/310331/kirsten-flipkens,False,False,False,False,False,False,False,2,True,24,14,10,BE,BEL,056,150,Europe,Western Europe,BEL,"7,5,None|7,5,None"
1,Oracle Challenger Series,,https://www.wtatennis.com/tournaments/2001/houston/2019,125K,Hard,https://www.wtatennis.com/resources/v7.42.0/i/elements/125k-tag.svg,2019-11-10,2019-11-17,2019,11,Houston,LUX,TX,US,USA,840,019,,America,Northern America,USA,144.0,,15.0,2580.0,64M/4Q/16D,Oracle Challenger Series,,Mandy Minella,10.0,https://www.wtatennis.com/resources/v7.42.0/i/elements/flags/lux.svg,Round of 16,L,1-2,https://www.wtatennis.com/players/310431/mandy-minella,True,False,False,False,False,False,False,1,False,3,1,2,LU,LUX,442,150,Europe,Western Europe,LUX,"1,2,None|Ret"
2,Oracle Challenger Series,,https://www.wtatennis.com/tournaments/2001/houston/2019,125K,Hard,https://www.wtatennis.com/resources/v7.42.0/i/elements/125k-tag.svg,2019-11-10,2019-11-17,2019,11,Houston,USA,TX,US,USA,840,019,United States of America|America|USA|US,America,Northern America,USA,120.0,,15.0,2580.0,64M/4Q/16D,Oracle Challenger Series,,Francesca Di Lorenzo,8.0,https://www.wtatennis.com/resources/v7.42.0/i/elements/flags/usa.svg,Round of 32,W,"6-2, 3-1",https://www.wtatennis.com/players/324188/francesca-di-lorenzo,True,False,False,False,False,False,False,2,True,12,9,3,US,USA,840,019,America,Northern America,USA,"6,2,None|3,1,None|Ret"
3,Oracle Challenger Series,,https://www.wtatennis.com/tournaments/2001/houston/2019,125K,Hard,https://www.wtatennis.com/resources/v7.42.0/i/elements/125k-tag.svg,2019-11-10,2019-11-17,2019,11,Houston,GRE,TX,US,USA,840,019,,America,Northern America,USA,284.0,,15.0,2580.0,64M/4Q/16D,Oracle Challenger Series,,Valentini Grammatikopoulou,,https://www.wtatennis.com/resources/v7.42.0/i/elements/flags/gre.svg,Round of 64,W,"7-6 (4), 6-4",https://www.wtatennis.com/players/319250/valentini-grammatikopoulou,False,False,False,True,False,False,True,2,True,23,13,10,GR,GRC,300,150,Europe,Southeastern Europe,GRE,"7,6,4|6,4,None"
1,"Itf/Usta $60,000",https://www.wtatennis.com/resources/v7.42.0/i/elements/itf.png,,ITF,Hard,https://www.wtatennis.com/resources/v7.42.0/i/elements/itf.png,2019-09-24,2019-09-29,2019,9,,ROU,,US,USA,840,019,,America,Northern America,USA,272.0,,,557.0,32M/32Q/16D,"Itf/Usta $60,000",,Gabriela Lee,,https://www.wtatennis.com/resources/v7.42.0/i/elements/flags/rou.svg,Round of 32,L,"4-6, 6-4, 4-6",https://www.wtatennis.com/players/319454/gabriela-lee,False,False,False,False,False,False,False,3,False,30,14,16,RO,ROU,642,150,Europe,Southeastern Europe,ROU,"4,6,None|6,4,None|4,6,None"
1,2019 Us Open Tennis Championships,,https://www.wtatennis.com/tournaments/905/us-open/2019,Grand Slam,Hard,https://www.wtatennis.com/resources/v7.42.0/i/elements/gs-tag.svg,2019-08-26,2019-09-07,2019,8,New York,LAT,NY,US,USA,840,019,,America,Northern America,USA,11.0,,10.0,58000.0,128M/128Q/64D,2019 Us Open Tennis Championships,,Anastasija Sevastova,12.0,https://www.wtatennis.com/resources/v7.42.0/i/elements/flags/lat.svg,Round of 128,L,"3-6, 3-6",https://www.wtatennis.com/players/313987/anastasija-sevastova,False,False,False,False,False,False,False,2,False,18,6,12,,,,,,,LAT,"3,6,None|3,6,None"
1,Bronx Open,,https://www.wtatennis.com/tournaments/2010/bronx/2019,International,Hard,https://www.wtatennis.com/resources/v7.42.0/i/elements/250k-tag.svg,2019-08-18,2019-08-24,2019,8,New York,EST,NY,US,USA,840,019,,America,Northern America,USA,83.0,,1.0,430.0,32M/64Q/16D,Bronx Open,,Kaia Kanepi,5.0,https://www.wtatennis.com/resources/v7.42.0/i/elements/flags/est.svg,Qualifying R1 Qual. R1,L,"4-6, 6-3, 3-6",https://www.wtatennis.com/players/110536/kaia-kanepi,False,False,False,False,False,False,False,3,False,28,13,15,EE,EST,233,150,Europe,Northern Europe,EST,"4,6,None|6,3,None|3,6,None"
1,"Itf $100,000",https://www.wtatennis.com/resources/v7.42.0/i/elements/itf.png,,ITF,Hard,https://www.wtatennis.com/resources/v7.42.0/i/elements/itf.png,2019-08-13,2019-08-18,2019,8,Vancouver,HUN,,CA,CAN,124,019,,America,Northern America,CAN,125.0,,,926.0,32M/32Q/16D,"Itf $100,000",,Timea Babos,,https://www.wtatennis.com/resources/v7.42.0/i/elements/flags/hun.svg,Round of 32,L,"6-3, 3-6, 1-6",https://www.wtatennis.com/players/317070/timea-babos,False,False,False,False,False,False,False,3,True,25,10,15,HU,HUN,348,150,Europe,Central Europe,HUN,"6,3,None|3,6,None|1,6,None"
1,Rogers Cup Presented By National Bank,,https://www.wtatennis.com/tournaments/806/montreal/2019,Premier 5,Hard,https://www.wtatennis.com/resources/v7.42.0/i/elements/1000k-tag.svg,2019-08-05,2019-08-11,2019,8,Toronto,CAN,,CA,CAN,124,019,,America,Northern America,CAN,27.0,W,1.0,8045.0,64M/64Q/32D,Rogers Cup Presented By National Bank,,Bianca Andreescu,,https://www.wtatennis.com/resources/v7.42.0/i/elements/flags/can.svg,Round of 64,L,"6-4, 1-6, 4-6",https://www.wtatennis.com/players/325088/bianca-andreescu,False,False,False,False,False,False,False,3,True,27,11,16,CA,CAN,124,019,America,Northern America,CAN,"6,4,None|1,6,None|4,6,None"
1,Citi Open,,https://www.wtatennis.com/tournaments/1045/washington-dc/2019,International,Hard,https://www.wtatennis.com/resources/v7.42.0/i/elements/250k-tag.svg,2019-07-29,2019-08-04,2019,7,Washington Dc,USA,DC,US,USA,840,019,United States of America|America|USA|US,America,Northern America,USA,75.0,,1.0,2220.0,32M/16Q/16D,Citi Open,,Lauren Davis,,https://www.wtatennis.com/resources/v7.42.0/i/elements/flags/usa.svg,Round of 32,L,"1-6, 2-6",https://www.wtatennis.com/players/317414/lauren-davis,False,False,False,False,False,False,False,2,False,15,3,12,US,USA,840,019,America,Northern America,USA,"1,6,None|2,6,None"
1,Ladies Open Lausanne,,https://www.wtatennis.com/tournaments/1094/lausanne/2019,International,Clay,https://www.wtatennis.com/resources/v7.42.0/i/elements/250k-tag.svg,2019-07-15,2019-07-21,2019,7,,GER,,US,USA,840,019,,America,Northern America,USA,142.0,,1.0,2100.0,32M/32Q/16D,Ladies Open Lausanne,,Tamara Korpatsch,,https://www.wtatennis.com/resources/v7.42.0/i/elements/flags/ger.svg,Round of 32,L,"6-2, 4-6, 5-7",https://www.wtatennis.com/players/319571/tamara-korpatsch,False,False,False,False,False,False,False,3,True,30,15,15,DE,DEU,276,150,Europe,Central Europe,GER,"6,2,None|4,6,None|5,7,None"
1,Wimbledon,,https://www.wtatennis.com/tournaments/904/wimbledon/2019,Grand Slam,Grass,https://www.wtatennis.com/resources/v7.42.0/i/elements/gs-tag.svg,2019-07-01,2019-07-14,2019,7,Wimbledon,SLO,,GB,GBR,826,150,,Europe,Northern Europe,ENG,61.0,,10.0,58241.0,128M/128Q/64D,The Championships,,Tamara Zidansek,,https://www.wtatennis.com/resources/v7.42.0/i/elements/flags/slo.svg,Round of 128,L,"3-6, 7-5, 6-8",https://www.wtatennis.com/players/323079/tamara-zidansek,False,False,False,False,False,False,False,3,False,35,16,19,,,,,,,SLO,"3,6,None|7,5,None|6,8,None"
1,Nature Valley International Eastbourne,,https://www.wtatennis.com/tournaments/710/eastbourne/2019,WTA 250,Grass,https://www.wtatennis.com/resources/v7.42.0/i/elements/250k-tag.svg,2019-06-23,2019-06-29,2019,6,Eastbourne,FRA,,GB,GBR,826,150,,Europe,Northern Europe,ENG,99.0,,1.0,1400.0,64M/32Q/16D,Nature Valley International Eastbourne,,Fiona Ferro,,https://www.wtatennis.com/resources/v7.42.0/i/elements/flags/fra.svg,Qualifying R1 Qual. R1,L,"2-6, 0-6",https://www.wtatennis.com/players/319969/fiona-ferro,False,False,False,False,False,False,False,2,False,14,2,12,FR,FRA,250,150,Europe,Western Europe,FRA,"2,6,None|0,6,None"
1,Roland Garros,,https://www.wtatennis.com/tournaments/903/roland-garros/2019,Grand Slam,Clay,https://www.wtatennis.com/resources/v7.42.0/i/elements/gs-tag.svg,2019-05-26,2019-06-09,2019,5,Paris,UKR,,FR,FRA,250,150,,Europe,Western Europe,FRA,27.0,,10.0,52989.0,128M/128Q/64D,Roland Garros,,Lesia Tsurenko,27.0,https://www.wtatennis.com/resources/v7.42.0/i/elements/flags/ukr.svg,Round of 128,L,"2-6, 2-6",https://www.wtatennis.com/players/315295/lesia-tsurenko,False,False,False,False,False,False,False,2,False,16,4,12,UA,UKR,804,150,Europe,Eastern Europe,UKR,"2,6,None|2,6,None"
1,Miami Open Presented By Itau,,https://www.wtatennis.com/tournaments/902/miami/2019,Premier Mandatory,Hard,https://www.wtatennis.com/resources/v7.42.0/i/elements/1000k-tag.svg,2019-03-19,2019-03-30,2019,3,Miami,JPN,FL,US,USA,840,019,,America,Northern America,USA,119.0,,2.0,3395.0,128M/64Q/32D,Miami Open Presented By Itau,,Nao Hibino,,https://www.wtatennis.com/resources/v7.42.0/i/elements/flags/jpn.svg,Qualifying R1 Qual. R1,L,"6-4, 0-6, 4-6",https://www.wtatennis.com/players/320238/nao-hibino,False,False,False,False,False,False,False,3,True,26,10,16,JP,JPN,392,142,Asia,East Asia,JPN,"6,4,None|0,6,None|4,6,None"
1,Bnp Paribas Open,,https://www.wtatennis.com/tournaments/609/indian-wells/2019,Premier Mandatory,Hard,https://www.wtatennis.com/resources/v7.42.0/i/elements/1000k-tag.svg,2019-03-06,2019-03-17,2019,3,Indian Wells,BEL,CA,US,USA,840,019,,America,Northern America,USA,56.0,,10.0,16425.0,128M/64Q/32D,Bnp Paribas Open,,Kirsten Flipkens,,https://www.wtatennis.com/resources/v7.42.0/i/elements/flags/bel.svg,Round of 128,L,"5-7, 6-3, 5-7",https://www.wtatennis.com/players/310331/kirsten-flipkens,False,False,False,False,False,False,False,3,False,33,16,17,BE,BEL,056,150,Europe,Western Europe,BEL,"5,7,None|6,3,None|5,7,None"
1,Dubai Duty Free Tennis Championships,,https://www.wtatennis.com/tournaments/718/dubai/2019,Premier 5,Hard,https://www.wtatennis.com/resources/v7.42.0/i/elements/1000k-tag.svg,2019-02-17,2019-02-23,2019,2,Dubai,ROU,,AE,ARE,784,142,,Asia,Western Asia,UAE,2.0,W,60.0,15240.0,64M/32Q/32D,Dubai Duty Free Tennis Championships,,Simona Halep,3.0,https://www.wtatennis.com/resources/v7.42.0/i/elements/flags/rou.svg,Round of 32,L,"6-7 (4), 4-6",https://www.wtatennis.com/players/314320/simona-halep,False,False,False,True,False,False,True,2,False,23,10,13,RO,ROU,642,150,Europe,Southeastern Europe,ROU,"6,7,4|4,6,None"
2,Dubai Duty Free Tennis Championships,,https://www.wtatennis.com/tournaments/718/dubai/2019,Premier 5,Hard,https://www.wtatennis.com/resources/v7.42.0/i/elements/1000k-tag.svg,2019-02-17,2019-02-23,2019,2,Dubai,BLR,,AE,ARE,784,142,,Asia,Western Asia,UAE,60.0,W,60.0,15240.0,64M/32Q/32D,Dubai Duty Free Tennis Championships,,Vera Lapko,,https://www.wtatennis.com/resources/v7.42.0/i/elements/flags/blr.svg,Round of 64,W,"6-3, 6-4",https://www.wtatennis.com/players/322730/vera-lapko,False,False,False,False,False,False,False,2,True,19,12,7,BY,BLR,112,150,Europe,Eastern Europe,BLR,"6,3,None|6,4,None"
1,Qatar Total Open 2019,,https://www.wtatennis.com/tournaments/1003/doha/2019,Premier,Hard,https://www.wtatennis.com/resources/v7.42.0/i/elements/500k-tag.svg,2019-02-11,2019-02-16,2019,2,Doha,USA,,QA,QAT,634,142,United States of America|America|USA|US,Asia,Western Asia,QAT,97.0,,1.0,1100.0,32M/32Q/16D,Qatar Total Open 2019,,Madison Brengle,,https://www.wtatennis.com/resources/v7.42.0/i/elements/flags/usa.svg,Qualifying R1 Qual. R1,L,"7-5, 3-6, 4-6",https://www.wtatennis.com/players/312328/madison-brengle,False,False,False,False,False,False,False,3,True,31,14,17,US,USA,840,019,America,Northern America,USA,"7,5,None|3,6,None|4,6,None"
1,Oracle Challenger Series,,https://www.wtatennis.com/tournaments/1102/newport-beach/2019,125K,Hard,https://www.wtatennis.com/resources/v7.42.0/i/elements/125k-tag.svg,2019-01-21,2019-01-27,2019,1,Newport Beach,CAN,,US,USA,840,019,,America,Northern America,USA,,,29.0,4875.0,64M/4Q/16D,Oracle Challenger Series,,Bianca Andreescu,6.0,https://www.wtatennis.com/resources/v7.42.0/i/elements/flags/can.svg,Quarterfinals,L,"2-6, 0-6",https://www.wtatennis.com/players/325088/bianca-andreescu,False,False,False,False,False,False,False,2,False,14,2,12,CA,CAN,124,019,America,Northern America,CAN,"2,6,None|0,6,None"
2,Oracle Challenger Series,,https://www.wtatennis.com/tournaments/1102/newport-beach/2019,125K,Hard,https://www.wtatennis.com/resources/v7.42.0/i/elements/125k-tag.svg,2019-01-21,2019-01-27,2019,1,Newport Beach,SUI,,US,USA,840,019,,America,Northern America,USA,,,29.0,4875.0,64M/4Q/16D,Oracle Challenger Series,,Jil Teichmann,16.0,https://www.wtatennis.com/resources/v7.42.0/i/elements/flags/sui.svg,Round of 16,W,"6-2, 6-2",https://www.wtatennis.com/players/320926/jil-teichmann,False,False,False,False,False,False,False,2,True,16,12,4,CH,CHE,756,150,Europe,Central Europe,SUI,"6,2,None|6,2,None"
3,Oracle Challenger Series,,https://www.wtatennis.com/tournaments/1102/newport-beach/2019,125K,Hard,https://www.wtatennis.com/resources/v7.42.0/i/elements/125k-tag.svg,2019-01-21,2019-01-27,2019,1,Newport Beach,USA,,US,USA,840,019,United States of America|America|USA|US,America,Northern America,USA,,,29.0,4875.0,64M/4Q/16D,Oracle Challenger Series,,Kayla Day,,https://www.wtatennis.com/resources/v7.42.0/i/elements/flags/usa.svg,Round of 32,W,"2-6, 6-3, 6-2",https://www.wtatennis.com/players/322534/kayla-day,False,False,False,False,False,False,False,3,False,25,14,11,US,USA,840,019,America,Northern America,USA,"2,6,None|6,3,None|6,2,None"
4,Oracle Challenger Series,,https://www.wtatennis.com/tournaments/1102/newport-beach/2019,125K,Hard,https://www.wtatennis.com/resources/v7.42.0/i/elements/125k-tag.svg,2019-01-21,2019-01-27,2019,1,Newport Beach,,,US,USA,840,019,,America,Northern America,USA,,,29.0,4875.0,64M/4Q/16D,Oracle Challenger Series,,,,,Round of 64,,Bye,,False,False,True,False,False,False,False,0,False,0,0,0,,,,,,,,
1,Australian Open,,https://www.wtatennis.com/tournaments/901/australian-open/2019,Grand Slam,Hard,https://www.wtatennis.com/resources/v7.42.0/i/elements/gs-tag.svg,2019-01-14,2019-01-26,2019,1,Melbourne,USA,,AU,AUS,036,009,United States of America|America|USA|US,Oceania,Australasia,AUS,16.0,,70.0,78121.0,128M/128Q/64D,Australian Open,,Serena Williams,16.0,https://www.wtatennis.com/resources/v7.42.0/i/elements/flags/usa.svg,Round of 64,L,"2-6, 2-6",https://www.wtatennis.com/players/230234/serena-williams,False,False,False,False,False,False,False,2,False,16,4,12,US,USA,840,019,America,Northern America,USA,"2,6,None|2,6,None"
2,Australian Open,,https://www.wtatennis.com/tournaments/901/australian-open/2019,Grand Slam,Hard,https://www.wtatennis.com/resources/v7.42.0/i/elements/gs-tag.svg,2019-01-14,2019-01-26,2019,1,Melbourne,CHN,,AU,AUS,036,009,,Oceania,Australasia,AUS,128.0,,70.0,78121.0,128M/128Q/64D,Australian Open,,Shuai Peng,,https://www.wtatennis.com/resources/v7.42.0/i/elements/flags/chn.svg,Round of 128,W,"6-2, 6-1",https://www.wtatennis.com/players/160471/shuai-peng,False,False,False,False,False,False,False,2,True,15,12,3,CN,CHN,156,142,Asia,East Asia,CHN,"6,2,None|6,1,None"
1,Asb Classic 2019,,https://www.wtatennis.com/tournaments/1049/auckland/2019,International,Hard,https://www.wtatennis.com/resources/v7.42.0/i/elements/250k-tag.svg,2019-12-31,2019-01-06,2019,12,Auckland,GER,,NZ,NZL,554,009,,Oceania,Australasia,NZL,14.0,,60.0,5900.0,32M/32Q/16D,Asb Classic 2019,,Julia Goerges,2.0,https://www.wtatennis.com/resources/v7.42.0/i/elements/flags/ger.svg,Quarterfinals,L,"6-3, 3-6, 6-7 (6)",https://www.wtatennis.com/players/313381/julia-goerges,False,False,False,False,False,True,True,3,True,31,15,16,DE,DEU,276,150,Europe,Central Europe,GER,"6,3,None|3,6,None|6,7,6"
2,Asb Classic 2019,,https://www.wtatennis.com/tournaments/1049/auckland/2019,International,Hard,https://www.wtatennis.com/resources/v7.42.0/i/elements/250k-tag.svg,2019-12-31,2019-01-06,2019,12,Auckland,NED,,NZ,NZL,554,009,,Oceania,Australasia,NZL,174.0,,60.0,5900.0,32M/32Q/16D,Asb Classic 2019,,Bibiane Schoofs,,https://www.wtatennis.com/resources/v7.42.0/i/elements/flags/ned.svg,Round of 16,W,"6-7 (5), 6-4, 6-4",https://www.wtatennis.com/players/311597/bibiane-schoofs,False,False,False,True,False,False,True,3,False,33,18,15,NL,NLD,528,150,Europe,Western Europe,NED,"6,7,5|6,4,None|6,4,None"
3,Asb Classic 2019,,https://www.wtatennis.com/tournaments/1049/auckland/2019,International,Hard,https://www.wtatennis.com/resources/v7.42.0/i/elements/250k-tag.svg,2019-12-31,2019-01-06,2019,12,Auckland,USA,,NZ,NZL,554,009,United States of America|America|USA|US,Oceania,Australasia,NZL,88.0,,60.0,5900.0,32M/32Q/16D,Asb Classic 2019,,Madison Brengle,,https://www.wtatennis.com/resources/v7.42.0/i/elements/flags/usa.svg,Round of 32,W,"6-3, 6-3",https://www.wtatennis.com/players/312328/madison-brengle,False,False,False,False,False,False,False,2,True,18,12,6,US,USA,840,019,America,Northern America,USA,"6,3,None|6,3,None"
1,Bgl Bnp Paribas Luxembourg Open,,https://www.wtatennis.com/tournaments/300/luxembourg/2018,International,Hard,https://www.wtatennis.com/resources/v7.42.0/i/elements/250k-tag.svg,2018-10-15,2018-10-20,2018,10,Luxembourg,GER,,LU,LUX,442,150,,Europe,Western Europe,LUX,9.0,Q,128.0,11300.0,32M/32Q/16D,Bgl Bnp Paribas Luxembourg Open,,Julia Goerges,1.0,https://www.wtatennis.com/resources/v7.42.0/i/elements/flags/ger.svg,Semifinals,L,"7-6 (3), 5-7, 1-6",https://www.wtatennis.com/players/313381/julia-goerges,False,False,False,True,False,False,True,3,True,32,13,19,DE,DEU,276,150,Europe,Central Europe,GER,"7,6,3|5,7,None|1,6,None"
2,Bgl Bnp Paribas Luxembourg Open,,https://www.wtatennis.com/tournaments/300/luxembourg/2018,International,Hard,https://www.wtatennis.com/resources/v7.42.0/i/elements/250k-tag.svg,2018-10-15,2018-10-20,2018,10,Luxembourg,GER,,LU,LUX,442,150,,Europe,Western Europe,LUX,67.0,Q,128.0,11300.0,32M/32Q/16D,Bgl Bnp Paribas Luxembourg Open,,Andrea Petkovic,,https://www.wtatennis.com/resources/v7.42.0/i/elements/flags/ger.svg,Quarterfinals,W,"4-6, 4-0",https://www.wtatennis.com/players/310770/andrea-petkovic,True,False,False,False,False,False,False,2,False,14,8,6,DE,DEU,276,150,Europe,Central Europe,GER,"4,6,None|4,0,None|Ret"
3,Bgl Bnp Paribas Luxembourg Open,,https://www.wtatennis.com/tournaments/300/luxembourg/2018,International,Hard,https://www.wtatennis.com/resources/v7.42.0/i/elements/250k-tag.svg,2018-10-15,2018-10-20,2018,10,Luxembourg,ESP,,LU,LUX,442,150,Kingdom of Spain,Europe,Western Europe,LUX,24.0,Q,128.0,11300.0,32M/32Q/16D,Bgl Bnp Paribas Luxembourg Open,,Carla Suárez Navarro,3.0,https://www.wtatennis.com/resources/v7.42.0/i/elements/flags/esp.svg,Round of 16,W,"6-1, 6-0",https://www.wtatennis.com/players/311338/carla-su-rez-navarro,False,False,False,False,False,False,False,2,True,13,12,1,ES,ESP,724,150,Europe,Southern Europe,ESP,"6,1,None|6,0,None"
4,Bgl Bnp Paribas Luxembourg Open,,https://www.wtatennis.com/tournaments/300/luxembourg/2018,International,Hard,https://www.wtatennis.com/resources/v7.42.0/i/elements/250k-tag.svg,2018-10-15,2018-10-20,2018,10,Luxembourg,HUN,,LU,LUX,442,150,,Europe,Western Europe,LUX,63.0,Q,128.0,11300.0,32M/32Q/16D,Bgl Bnp Paribas Luxembourg Open,,Timea Babos,,https://www.wtatennis.com/resources/v7.42.0/i/elements/flags/hun.svg,Round of 32,W,"6-4, 6-2",https://www.wtatennis.com/players/317070/timea-babos,False,False,False,False,False,False,False,2,True,18,12,6,HU,HUN,348,150,Europe,Central Europe,HUN,"6,4,None|6,2,None"
5,Bgl Bnp Paribas Luxembourg Open,,https://www.wtatennis.com/tournaments/300/luxembourg/2018,International,Hard,https://www.wtatennis.com/resources/v7.42.0/i/elements/250k-tag.svg,2018-10-15,2018-10-20,2018,10,Luxembourg,FRA,,LU,LUX,442,150,,Europe,Western Europe,LUX,229.0,Q,128.0,11300.0,32M/32Q/16D,Bgl Bnp Paribas Luxembourg Open,,Jessika Ponchet,,https://www.wtatennis.com/resources/v7.42.0/i/elements/flags/fra.svg,Qualifying R3 Qual. R3,W,"6-2, 7-5",https://www.wtatennis.com/players/319421/jessika-ponchet,False,False,False,False,False,False,False,2,True,20,13,7,FR,FRA,250,150,Europe,Western Europe,FRA,"6,2,None|7,5,None"
6,Bgl Bnp Paribas Luxembourg Open,,https://www.wtatennis.com/tournaments/300/luxembourg/2018,International,Hard,https://www.wtatennis.com/resources/v7.42.0/i/elements/250k-tag.svg,2018-10-15,2018-10-20,2018,10,Luxembourg,SUI,,LU,LUX,442,150,,Europe,Western Europe,LUX,144.0,Q,128.0,11300.0,32M/32Q/16D,Bgl Bnp Paribas Luxembourg Open,,Jil Teichmann,,https://www.wtatennis.com/resources/v7.42.0/i/elements/flags/sui.svg,Qualifying R2 Qual. R2,W,"6-3, 6-1",https://www.wtatennis.com/players/320926/jil-teichmann,False,False,False,False,False,False,False,2,True,16,12,4,CH,CHE,756,150,Europe,Central Europe,SUI,"6,3,None|6,1,None"
7,Bgl Bnp Paribas Luxembourg Open,,https://www.wtatennis.com/tournaments/300/luxembourg/2018,International,Hard,https://www.wtatennis.com/resources/v7.42.0/i/elements/250k-tag.svg,2018-10-15,2018-10-20,2018,10,Luxembourg,CYP,,LU,LUX,442,150,,Europe,Western Europe,LUX,267.0,Q,128.0,11300.0,32M/32Q/16D,Bgl Bnp Paribas Luxembourg Open,,Raluka Serban,,https://www.wtatennis.com/resources/v7.42.0/i/elements/flags/cyp.svg,Qualifying R1 Qual. R1,W,"6-1, 2-6, 6-1",https://www.wtatennis.com/players/321280/raluka-serban,False,False,False,False,False,False,False,3,True,22,14,8,CY,CYP,196,142,Asia,Western Asia,CYP,"6,1,None|2,6,None|6,1,None"
1,Tashkent Open,,https://www.wtatennis.com/tournaments/825/tashkent/2018,International,Hard,https://www.wtatennis.com/resources/v7.42.0/i/elements/250k-tag.svg,2018-09-24,2018-09-29,2018,9,Tashkent,JPN,,UZ,UZB,860,142,,Asia,Central Asia,UZB,128.0,,1.0,2220.0,32M/16Q/16D,Tashkent Open,,Nao Hibino,,https://www.wtatennis.com/resources/v7.42.0/i/elements/flags/jpn.svg,Round of 32,L,"3-6, 3-6",https://www.wtatennis.com/players/320238/nao-hibino,False,False,False,False,False,False,False,2,False,18,6,12,JP,JPN,392,142,Asia,East Asia,JPN,"3,6,None|3,6,None"
1,Toray Pan Pacific Open,,https://www.wtatennis.com/tournaments/1056/tokyo/2018,Premier,Hard,https://www.wtatennis.com/resources/v7.42.0/i/elements/500k-tag.svg,2018-09-17,2018-09-23,2018,9,Tokyo,USA,,JP,JPN,392,142,United States of America|America|USA|US,Asia,East Asia,JPN,75.0,Q,25.0,7150.0,32M/32Q/16D,Toray Pan Pacific Open,,Alison Riske-Amritraj,,https://www.wtatennis.com/resources/v7.42.0/i/elements/flags/usa.svg,Round of 32,L,"4-6, 4-6",https://www.wtatennis.com/players/312850/alison-riske-amritraj,False,False,False,False,False,False,False,2,False,20,8,12,US,USA,840,019,America,Northern America,USA,"4,6,None|4,6,None"
2,Toray Pan Pacific Open,,https://www.wtatennis.com/tournaments/1056/tokyo/2018,Premier,Hard,https://www.wtatennis.com/resources/v7.42.0/i/elements/500k-tag.svg,2018-09-17,2018-09-23,2018,9,Tokyo,JPN,,JP,JPN,392,142,,Asia,East Asia,JPN,387.0,Q,25.0,7150.0,32M/32Q/16D,Toray Pan Pacific Open,,Chihiro Muramatsu,,https://www.wtatennis.com/resources/v7.42.0/i/elements/flags/jpn.svg,Qualifying R2 Qual. R2,W,"6-1, 2-6, 7-5",https://www.wtatennis.com/players/323095/chihiro-muramatsu,False,False,False,False,False,False,False,3,True,27,15,12,JP,JPN,392,142,Asia,East Asia,JPN,"6,1,None|2,6,None|7,5,None"
3,Toray Pan Pacific Open,,https://www.wtatennis.com/tournaments/1056/tokyo/2018,Premier,Hard,https://www.wtatennis.com/resources/v7.42.0/i/elements/500k-tag.svg,2018-09-17,2018-09-23,2018,9,Tokyo,JPN,,JP,JPN,392,142,,Asia,East Asia,JPN,372.0,Q,25.0,7150.0,32M/32Q/16D,Toray Pan Pacific Open,,Moyuka Uchijima,,https://www.wtatennis.com/resources/v7.42.0/i/elements/flags/jpn.svg,Qualifying R1 Qual. R1,W,"6-1, 6-1",https://www.wtatennis.com/players/327241/moyuka-uchijima,False,False,False,False,False,False,False,2,True,14,12,2,JP,JPN,392,142,Asia,East Asia,JPN,"6,1,None|6,1,None"
1,"Hana-Cupid Japan Women'S Open Championships- Hiroshima, Japan",,https://www.wtatennis.com/tournaments/405/osaka/2018,International,Hard,https://www.wtatennis.com/resources/v7.42.0/i/elements/250k-tag.svg,2018-09-10,2018-09-16,2018,9,Hiroshima,JPN,,JP,JPN,392,142,,Asia,East Asia,JPN,138.0,,1.0,1925.0,32M/32Q/16D,"Hana-Cupid Japan Women'S Open Championships- Hiroshima, Japan",,Nao Hibino,,https://www.wtatennis.com/resources/v7.42.0/i/elements/flags/jpn.svg,Round of 32,L,"4-6, 4-6",https://www.wtatennis.com/players/320238/nao-hibino,False,False,False,False,False,False,False,2,False,20,8,12,JP,JPN,392,142,Asia,East Asia,JPN,"4,6,None|4,6,None"
1,Oracle Challenger Series,,https://www.wtatennis.com/tournaments/2000/chicago-125/2018,125K,Hard,https://www.wtatennis.com/resources/v7.42.0/i/elements/125k-tag.svg,2018-09-04,2018-09-09,2018,9,Chicago,USA,IL,US,USA,840,019,United States of America|America|USA|US,America,Northern America,USA,,,1.0,1225.0,32M/32Q/16D,Oracle Challenger Series,,Kristie Ahn,,https://www.wtatennis.com/resources/v7.42.0/i/elements/flags/usa.svg,Round of 32,L,"6-7 (3), 4-6",https://www.wtatennis.com/players/316159/kristie-ahn,False,False,False,True,False,False,True,2,False,23,10,13,US,USA,840,019,America,Northern America,USA,"6,7,3|4,6,None"
1,2018 Us Open Tennis Championships,,https://www.wtatennis.com/tournaments/905/us-open/2018,Grand Slam,Hard,https://www.wtatennis.com/resources/v7.42.0/i/elements/gs-tag.svg,2018-08-27,2018-09-09,2018,8,New York,CZE,NY,US,USA,840,019,,America,Northern America,USA,103.0,Q,110.0,93000.0,128M/128Q/64D,2018 Us Open Tennis Championships,,Marketa Vondrousova,,https://www.wtatennis.com/resources/v7.42.0/i/elements/flags/cze.svg,Round of 64,L,"4-6, 3-6",https://www.wtatennis.com/players/323027/marketa-vondrousova,False,False,False,False,False,False,False,2,False,19,7,12,CZ,CZE,203,150,Europe,Central Europe,CZE,"4,6,None|3,6,None"
2,2018 Us Open Tennis Championships,,https://www.wtatennis.com/tournaments/905/us-open/2018,Grand Slam,Hard,https://www.wtatennis.com/resources/v7.42.0/i/elements/gs-tag.svg,2018-08-27,2018-09-09,2018,8,New York,FRA,NY,US,USA,840,019,,America,Northern America,USA,396.0,Q,110.0,93000.0,128M/128Q/64D,2018 Us Open Tennis Championships,,Harmony Tan,,https://www.wtatennis.com/resources/v7.42.0/i/elements/flags/fra.svg,Round of 128,W,"6-3, 6-1",https://www.wtatennis.com/players/320016/harmony-tan,False,False,False,False,False,False,False,2,True,16,12,4,FR,FRA,250,150,Europe,Western Europe,FRA,"6,3,None|6,1,None"
3,2018 Us Open Tennis Championships,,https://www.wtatennis.com/tournaments/905/us-open/2018,Grand Slam,Hard,https://www.wtatennis.com/resources/v7.42.0/i/elements/gs-tag.svg,2018-08-27,2018-09-09,2018,8,New York,USA,NY,US,USA,840,019,United States of America|America|USA|US,America,Northern America,USA,163.0,Q,110.0,93000.0,128M/128Q/64D,2018 Us Open Tennis Championships,,Jamie Loeb,,https://www.wtatennis.com/resources/v7.42.0/i/elements/flags/usa.svg,Qualifying R3 Qual. R3,W,"6-0, 6-3",https://www.wtatennis.com/players/319411/jamie-loeb,False,False,False,False,False,False,False,2,True,15,12,3,US,USA,840,019,America,Northern America,USA,"6,0,None|6,3,None"
4,2018 Us Open Tennis Championships,,https://www.wtatennis.com/tournaments/905/us-open/2018,Grand Slam,Hard,https://www.wtatennis.com/resources/v7.42.0/i/elements/gs-tag.svg,2018-08-27,2018-09-09,2018,8,New York,GEO,NY,US,USA,840,019,,America,Northern America,USA,167.0,Q,110.0,93000.0,128M/128Q/64D,2018 Us Open Tennis Championships,,Ekaterine Gorgodze,,https://www.wtatennis.com/resources/v7.42.0/i/elements/flags/geo.svg,Qualifying R2 Qual. R2,W,"6-1, 6-2",https://www.wtatennis.com/players/314660/ekaterine-gorgodze,False,False,False,False,False,False,False,2,True,15,12,3,GE,GEO,268,142,Asia,Western Asia,GEO,"6,1,None|6,2,None"
5,2018 Us Open Tennis Championships,,https://www.wtatennis.com/tournaments/905/us-open/2018,Grand Slam,Hard,https://www.wtatennis.com/resources/v7.42.0/i/elements/gs-tag.svg,2018-08-27,2018-09-09,2018,8,New York,CAN,NY,US,USA,840,019,,America,Northern America,USA,161.0,Q,110.0,93000.0,128M/128Q/64D,2018 Us Open Tennis Championships,,Carol Zhao,,https://www.wtatennis.com/resources/v7.42.0/i/elements/flags/can.svg,Qualifying R1 Qual. R1,W,"6-0, 6-1",https://www.wtatennis.com/players/317805/carol-zhao,False,False,False,False,False,False,False,2,True,13,12,1,CA,CAN,124,019,America,Northern America,CAN,"6,0,None|6,1,None"
1,"Itf $100,000",https://www.wtatennis.com/resources/v7.42.0/i/elements/itf.png,,ITF,Hard,https://www.wtatennis.com/resources/v7.42.0/i/elements/itf.png,2018-08-14,2018-08-19,2018,8,Vancouver,JPN,,CA,CAN,124,019,,America,Northern America,CAN,130.0,,,2533.0,32M/32Q/16D,"Itf $100,000",,Nao Hibino,,https://www.wtatennis.com/resources/v7.42.0/i/elements/flags/jpn.svg,Quarterfinals,L,"6-3, 1-6, 3-6",https://www.wtatennis.com/players/320238/nao-hibino,False,False,False,False,False,False,False,3,True,25,10,15,JP,JPN,392,142,Asia,East Asia,JPN,"6,3,None|1,6,None|3,6,None"
2,"Itf $100,000",https://www.wtatennis.com/resources/v7.42.0/i/elements/itf.png,,ITF,Hard,https://www.wtatennis.com/resources/v7.42.0/i/elements/itf.png,2018-08-14,2018-08-19,2018,8,Vancouver,UKR,,CA,CAN,124,019,,America,Northern America,CAN,90.0,,,2533.0,32M/32Q/16D,"Itf $100,000",,Kateryna Baindl,1.0,https://www.wtatennis.com/resources/v7.42.0/i/elements/flags/ukr.svg,Round of 16,W,"6-4, 5-7, 6-1",https://www.wtatennis.com/players/316739/kateryna-baindl,False,False,False,False,False,False,False,3,True,29,17,12,UA,UKR,804,150,Europe,Eastern Europe,UKR,"6,4,None|5,7,None|6,1,None"
3,"Itf $100,000",https://www.wtatennis.com/resources/v7.42.0/i/elements/itf.png,,ITF,Hard,https://www.wtatennis.com/resources/v7.42.0/i/elements/itf.png,2018-08-14,2018-08-19,2018,8,Vancouver,PAR,,CA,CAN,124,019,,America,Northern America,CAN,140.0,,,2533.0,32M/32Q/16D,"Itf $100,000",,Veronica Cepede Royg,,https://www.wtatennis.com/resources/v7.42.0/i/elements/flags/par.svg,Round of 32,W,"6-2, 6-2",https://www.wtatennis.com/players/314793/veronica-cepede-royg,False,False,False,False,False,False,False,2,True,16,12,4,PY,PRY,600,019,America,Central South America,PAR,"6,2,None|6,2,None"
1,Rogers Cup Presented By National Bank,,https://www.wtatennis.com/tournaments/806/montreal/2018,Premier 5,Hard,https://www.wtatennis.com/resources/v7.42.0/i/elements/1000k-tag.svg,2018-08-06,2018-08-12,2018,8,Montreal,BEL,,CA,CAN,124,019,,America,Northern America,CAN,15.0,W,1.0,8015.0,64M/64Q/32D,Rogers Cup Presented By National Bank,,Elise Mertens,14.0,https://www.wtatennis.com/resources/v7.42.0/i/elements/flags/bel.svg,Round of 64,L,"2-6, 4-6",https://www.wtatennis.com/players/317964/elise-mertens,False,False,False,False,False,False,False,2,False,18,6,12,BE,BEL,056,150,Europe,Western Europe,BEL,"2,6,None|4,6,None"
1,Ladies Championship Gstaad By Ixion Services,,https://www.wtatennis.com/tournaments/1094/lausanne/2018,International,Clay,https://www.wtatennis.com/resources/v7.42.0/i/elements/250k-tag.svg,2018-07-16,2018-07-22,2018,7,Gstaad,FRA,,CH,CHE,756,150,,Europe,Central Europe,SUI,48.0,,110.0,11500.0,32M/32Q/16D,Ladies Championship Gstaad By Ixion Services,,Alizé Cornet,1.0,https://www.wtatennis.com/resources/v7.42.0/i/elements/flags/fra.svg,Semifinals,L,"65-7, 0-1",https://www.wtatennis.com/players/312121/aliz-cornet,True,False,False,True,False,False,True,2,False,73,65,8,FR,FRA,250,150,Europe,Western Europe,FRA,"65,7,None|0,1,None|Ret"
2,Ladies Championship Gstaad By Ixion Services,,https://www.wtatennis.com/tournaments/1094/lausanne/2018,International,Clay,https://www.wtatennis.com/resources/v7.42.0/i/elements/250k-tag.svg,2018-07-16,2018-07-22,2018,7,Gstaad,RUS,,CH,CHE,756,150,,Europe,Central Europe,SUI,141.0,,110.0,11500.0,32M/32Q/16D,Ladies Championship Gstaad By Ixion Services,,Veronika Kudermetova,,https://www.wtatennis.com/resources/v7.42.0/i/elements/flags/rus.svg,Quarterfinals,W,"7-5, 6-0",https://www.wtatennis.com/players/319526/veronika-kudermetova,False,False,False,False,False,False,False,2,True,18,13,5,RU,RUS,643,150,Europe,Eastern Europe,RUS,"7,5,None|6,0,None"
3,Ladies Championship Gstaad By Ixion Services,,https://www.wtatennis.com/tournaments/1094/lausanne/2018,International,Clay,https://www.wtatennis.com/resources/v7.42.0/i/elements/250k-tag.svg,2018-07-16,2018-07-22,2018,7,Gstaad,SUI,,CH,CHE,756,150,,Europe,Central Europe,SUI,110.0,,110.0,11500.0,32M/32Q/16D,Ladies Championship Gstaad By Ixion Services,,Viktorija Golubic,8.0,https://www.wtatennis.com/resources/v7.42.0/i/elements/flags/sui.svg,Round of 16,W,"7-6 (2), 7-6 (7)",https://www.wtatennis.com/players/316296/viktorija-golubic,False,False,False,True,True,False,True,2,True,26,14,12,CH,CHE,756,150,Europe,Central Europe,SUI,"7,6,2|7,6,7"
4,Ladies Championship Gstaad By Ixion Services,,https://www.wtatennis.com/tournaments/1094/lausanne/2018,International,Clay,https://www.wtatennis.com/resources/v7.42.0/i/elements/250k-tag.svg,2018-07-16,2018-07-22,2018,7,Gstaad,SUI,,CH,CHE,756,150,,Europe,Central Europe,SUI,761.0,,110.0,11500.0,32M/32Q/16D,Ladies Championship Gstaad By Ixion Services,,Timea Bacsinszky,,https://www.wtatennis.com/resources/v7.42.0/i/elements/flags/sui.svg,Round of 32,W,"4-6, 7-6 (1), 6-4",https://www.wtatennis.com/players/311579/timea-bacsinszky,False,False,False,False,True,False,True,3,False,33,17,16,CH,CHE,756,150,Europe,Central Europe,SUI,"4,6,None|7,6,1|6,4,None"
1,"Itf/Tennis Europe $100,000",https://www.wtatennis.com/resources/v7.42.0/i/elements/itf.png,,ITF,Clay,https://www.wtatennis.com/resources/v7.42.0/i/elements/itf.png,2018-07-10,2018-07-15,2018,7,Contrexeville,ESP,,FR,FRA,250,150,Kingdom of Spain,Europe,Western Europe,FRA,,,,887.0,32M/32Q/16D,"Itf/Tennis Europe $100,000",,Paula Badosa,,https://www.wtatennis.com/resources/v7.42.0/i/elements/flags/esp.svg,Round of 32,L,"2-6, 6-3, 3-6",https://www.wtatennis.com/players/320124/paula-badosa,False,False,False,False,False,False,False,3,False,26,11,15,ES,ESP,724,150,Europe,Southern Europe,ESP,"2,6,None|6,3,None|3,6,None"
1,Wimbledon,,https://www.wtatennis.com/tournaments/904/wimbledon/2018,Grand Slam,Grass,https://www.wtatennis.com/resources/v7.42.0/i/elements/gs-tag.svg,2018-07-02,2018-07-15,2018,7,Wimbledon,AUS,,GB,GBR,826,150,,Europe,Northern Europe,ENG,17.0,Q,110.0,86773.0,128M/128Q/64D,The Championships,,Ashleigh Barty,17.0,https://www.wtatennis.com/resources/v7.42.0/i/elements/flags/aus.svg,Round of 64,L,"4-6, 5-7",https://www.wtatennis.com/players/318033/ashleigh-barty,False,False,False,False,False,False,False,2,False,22,9,13,AU,AUS,036,009,Oceania,Australasia,AUS,"4,6,None|5,7,None"
2,Wimbledon,,https://www.wtatennis.com/tournaments/904/wimbledon/2018,Grand Slam,Grass,https://www.wtatennis.com/resources/v7.42.0/i/elements/gs-tag.svg,2018-07-02,2018-07-15,2018,7,Wimbledon,GBR,,GB,GBR,826,150,Britain|UK|Great Britain|United Kingdom,Europe,Northern Europe,ENG,180.0,Q,110.0,86773.0,128M/128Q/64D,The Championships,,Gabriella Taylor,,https://www.wtatennis.com/resources/v7.42.0/i/elements/flags/gbr.svg,Round of 128,W,"6-0, 4-6, 6-3",https://www.wtatennis.com/players/321034/gabriella-taylor,False,False,False,False,False,False,False,3,True,25,16,9,GB,GBR,826,150,Europe,Northern Europe,ENG,"6,0,None|4,6,None|6,3,None"
3,Wimbledon,,https://www.wtatennis.com/tournaments/904/wimbledon/2018,Grand Slam,Grass,https://www.wtatennis.com/resources/v7.42.0/i/elements/gs-tag.svg,2018-07-02,2018-07-15,2018,7,Wimbledon,COL,,GB,GBR,826,150,,Europe,Northern Europe,ENG,96.0,Q,110.0,86773.0,128M/128Q/64D,The Championships,,Mariana Duque-Mariño,2.0,https://www.wtatennis.com/resources/v7.42.0/i/elements/flags/col.svg,Qualifying R3 Qual. R3,W,"6-3, 6-2",https://www.wtatennis.com/players/312572/mariana-duque-mari-o,False,False,False,False,False,False,False,2,True,17,12,5,CO,COL,170,019,America,Northern South America,COL,"6,3,None|6,2,None"
4,Wimbledon,,https://www.wtatennis.com/tournaments/904/wimbledon/2018,Grand Slam,Grass,https://www.wtatennis.com/resources/v7.42.0/i/elements/gs-tag.svg,2018-07-02,2018-07-15,2018,7,Wimbledon,CZE,,GB,GBR,826,150,,Europe,Northern Europe,ENG,223.0,Q,110.0,86773.0,128M/128Q/64D,The Championships,,Karolina Muchova,,https://www.wtatennis.com/resources/v7.42.0/i/elements/flags/cze.svg,Qualifying R2 Qual. R2,W,"6-2, 2-6, 6-3",https://www.wtatennis.com/players/322191/karolina-muchova,False,False,False,False,False,False,False,3,True,25,14,11,CZ,CZE,203,150,Europe,Central Europe,CZE,"6,2,None|2,6,None|6,3,None"
5,Wimbledon,,https://www.wtatennis.com/tournaments/904/wimbledon/2018,Grand Slam,Grass,https://www.wtatennis.com/resources/v7.42.0/i/elements/gs-tag.svg,2018-07-02,2018-07-15,2018,7,Wimbledon,CHN,,GB,GBR,826,150,,Europe,Northern Europe,ENG,129.0,Q,110.0,86773.0,128M/128Q/64D,The Championships,,Lin Zhu,18.0,https://www.wtatennis.com/resources/v7.42.0/i/elements/flags/chn.svg,Qualifying R1 Qual. R1,W,"6-0, 6-2",https://www.wtatennis.com/players/317306/lin-zhu,False,False,False,False,False,False,False,2,True,14,12,2,CN,CHN,156,142,Asia,East Asia,CHN,"6,0,None|6,2,None"
1,Nature Valley Classic,,https://www.wtatennis.com/tournaments/1052/birmingham/2018,Premier,Grass,https://www.wtatennis.com/resources/v7.42.0/i/elements/500k-tag.svg,2018-06-18,2018-06-24,2018,6,Birmingham,USA,,GB,GBR,826,150,United States of America|America|USA|US,Europe,Northern Europe,ENG,77.0,,18.0,3791.0,32M/32Q/16D,Nature Valley Classic,,Jennifer Brady,5.0,https://www.wtatennis.com/resources/v7.42.0/i/elements/flags/usa.svg,Qualifying R3 Qual. R3,L,"6-7 (7), 6-4, 4-6",https://www.wtatennis.com/players/318358/jennifer-brady,False,False,False,True,False,False,True,3,False,33,16,17,US,USA,840,019,America,Northern America,USA,"6,7,7|6,4,None|4,6,None"
2,Nature Valley Classic,,https://www.wtatennis.com/tournaments/1052/birmingham/2018,Premier,Grass,https://www.wtatennis.com/resources/v7.42.0/i/elements/500k-tag.svg,2018-06-18,2018-06-24,2018,6,Birmingham,AUS,,GB,GBR,826,150,,Europe,Northern Europe,ENG,168.0,,18.0,3791.0,32M/32Q/16D,Nature Valley Classic,,Priscilla Hon,,https://www.wtatennis.com/resources/v7.42.0/i/elements/flags/aus.svg,Qualifying R2 Qual. R2,W,"6-3, 6-4",https://www.wtatennis.com/players/320543/priscilla-hon,False,False,False,False,False,False,False,2,True,19,12,7,AU,AUS,036,009,Oceania,Australasia,AUS,"6,3,None|6,4,None"
3,Nature Valley Classic,,https://www.wtatennis.com/tournaments/1052/birmingham/2018,Premier,Grass,https://www.wtatennis.com/resources/v7.42.0/i/elements/500k-tag.svg,2018-06-18,2018-06-24,2018,6,Birmingham,USA,,GB,GBR,826,150,United States of America|America|USA|US,Europe,Northern Europe,ENG,111.0,,18.0,3791.0,32M/32Q/16D,Nature Valley Classic,,Caroline Dolehide,,https://www.wtatennis.com/resources/v7.42.0/i/elements/flags/usa.svg,Qualifying R1 Qual. R1,W,"7-5, 6-4",https://www.wtatennis.com/players/322052/caroline-dolehide,False,False,False,False,False,False,False,2,True,22,13,9,US,USA,840,019,America,Northern America,USA,"7,5,None|6,4,None"
1,Roland Garros,,https://www.wtatennis.com/tournaments/903/roland-garros/2018,Grand Slam,Clay,https://www.wtatennis.com/resources/v7.42.0/i/elements/gs-tag.svg,2018-05-27,2018-06-10,2018,5,Paris,SLO,,FR,FRA,250,150,,Europe,Western Europe,FRA,121.0,,2.0,7057.0,128M/128Q/64D,Championnats Internationaux De France,,Dalila Jakupovic,13.0,https://www.wtatennis.com/resources/v7.42.0/i/elements/flags/slo.svg,Qualifying R1 Qual. R1,L,"0-6, 1-2",https://www.wtatennis.com/players/315294/dalila-jakupovic,True,False,False,False,False,False,False,2,False,9,1,8,,,,,,,SLO,"0,6,None|1,2,None|Ret"
1,Volvo Car Open,,https://www.wtatennis.com/tournaments/804/charleston/2018,Premier,Clay,https://www.wtatennis.com/resources/v7.42.0/i/elements/500k-tag.svg,2018-04-02,2018-04-08,2018,4,Charleston,ITA,SC,US,USA,840,019,,America,Northern America,USA,95.0,,1.0,2516.0,64M/32Q/16D,Volvo Car Open,,Sara Errani,,https://www.wtatennis.com/resources/v7.42.0/i/elements/flags/ita.svg,Round of 64,L,"4-6, 4-6",https://www.wtatennis.com/players/310761/sara-errani,False,False,False,False,False,False,False,2,False,20,8,12,IT,ITA,380,150,Europe,Southern Europe,ITA,"4,6,None|4,6,None"
1,Miami Open Presented By Itau,,https://www.wtatennis.com/tournaments/902/miami/2018,Premier Mandatory,Hard,https://www.wtatennis.com/resources/v7.42.0/i/elements/1000k-tag.svg,2018-03-20,2018-03-31,2018,3,Miami,SWE,FL,US,USA,840,019,,America,Northern America,USA,116.0,,20.0,4650.0,128M/64Q/32D,Miami Open Presented By Itau,,Rebecca Peterson,,https://www.wtatennis.com/resources/v7.42.0/i/elements/flags/swe.svg,Qualifying R2 Qual. R2,L,"4-6, 3-6",https://www.wtatennis.com/players/317771/rebecca-peterson,False,False,False,False,False,False,False,2,False,19,7,12,SE,SWE,752,150,Europe,Northern Europe,SWE,"4,6,None|3,6,None"
2,Miami Open Presented By Itau,,https://www.wtatennis.com/tournaments/902/miami/2018,Premier Mandatory,Hard,https://www.wtatennis.com/resources/v7.42.0/i/elements/1000k-tag.svg,2018-03-20,2018-03-31,2018,3,Miami,USA,FL,US,USA,840,019,United States of America|America|USA|US,America,Northern America,USA,357.0,,20.0,4650.0,128M/64Q/32D,Miami Open Presented By Itau,,Allie Kiick,,https://www.wtatennis.com/resources/v7.42.0/i/elements/flags/usa.svg,Qualifying R1 Qual. R1,W,"6-2, 6-2",https://www.wtatennis.com/players/319042/allie-kiick,False,False,False,False,False,False,False,2,True,16,12,4,US,USA,840,019,America,Northern America,USA,"6,2,None|6,2,None"
1,Bnp Paribas Open,,https://www.wtatennis.com/tournaments/609/indian-wells/2018,Premier Mandatory,Hard,https://www.wtatennis.com/resources/v7.42.0/i/elements/1000k-tag.svg,2018-03-07,2018-03-18,2018,3,Indian Wells,USA,CA,US,USA,840,019,United States of America|America|USA|US,America,Northern America,USA,100.0,W,10.0,15610.0,128M/64Q/32D,Bnp Paribas Open,,Sachia Vickery,,https://www.wtatennis.com/resources/v7.42.0/i/elements/flags/usa.svg,Round of 128,L,"3-6, 4-6",https://www.wtatennis.com/players/317443/sachia-vickery,False,False,False,False,False,False,False,2,False,19,7,12,US,USA,840,019,America,Northern America,USA,"3,6,None|4,6,None"
1,Taiwan Open,,https://www.wtatennis.com/tournaments/1096/singapore/2018,International,Hard,https://www.wtatennis.com/resources/v7.42.0/i/elements/250k-tag.svg,2018-01-29,2018-02-04,2018,1,Taipei City,CHN,,,,,,,,,Chinese Taipei,152.0,W,60.0,6175.0,32M/32Q/16D,Taiwan Open,,Yafan Wang,,https://www.wtatennis.com/resources/v7.42.0/i/elements/flags/chn.svg,Quarterfinals,L,"4-6, 0-6",https://www.wtatennis.com/players/317510/yafan-wang,False,False,False,False,False,False,False,2,False,16,4,12,CN,CHN,156,142,Asia,East Asia,CHN,"4,6,None|0,6,None"
2,Taiwan Open,,https://www.wtatennis.com/tournaments/1096/singapore/2018,International,Hard,https://www.wtatennis.com/resources/v7.42.0/i/elements/250k-tag.svg,2018-01-29,2018-02-04,2018,1,Taipei City,ROU,,,,,,,,,Chinese Taipei,89.0,W,60.0,6175.0,32M/32Q/16D,Taiwan Open,,Ana Bogdan,,https://www.wtatennis.com/resources/v7.42.0/i/elements/flags/rou.svg,Round of 16,W,"7-5, 7-5",https://www.wtatennis.com/players/315427/ana-bogdan,False,False,False,False,False,False,False,2,True,24,14,10,RO,ROU,642,150,Europe,Southeastern Europe,ROU,"7,5,None|7,5,None"
3,Taiwan Open,,https://www.wtatennis.com/tournaments/1096/singapore/2018,International,Hard,https://www.wtatennis.com/resources/v7.42.0/i/elements/250k-tag.svg,2018-01-29,2018-02-04,2018,1,Taipei City,CHN,,,,,,,,,Chinese Taipei,116.0,W,60.0,6175.0,32M/32Q/16D,Taiwan Open,,Lin Zhu,,https://www.wtatennis.com/resources/v7.42.0/i/elements/flags/chn.svg,Round of 32,W,"1-6, 7-5, 2-0",https://www.wtatennis.com/players/317306/lin-zhu,True,False,False,False,False,False,False,3,False,21,10,11,CN,CHN,156,142,Asia,East Asia,CHN,"1,6,None|7,5,None|2,0,None|Ret"
1,Australian Open,,https://www.wtatennis.com/tournaments/901/australian-open/2018,Grand Slam,Hard,https://www.wtatennis.com/resources/v7.42.0/i/elements/gs-tag.svg,2018-01-15,2018-01-28,2018,1,Melbourne,ROU,,AU,AUS,036,009,,Oceania,Australasia,AUS,1.0,,70.0,68286.0,128M/128Q/64D,Australian Open,,Simona Halep,1.0,https://www.wtatennis.com/resources/v7.42.0/i/elements/flags/rou.svg,Round of 64,L,"2-6, 2-6",https://www.wtatennis.com/players/314320/simona-halep,False,False,False,False,False,False,False,2,False,16,4,12,RO,ROU,642,150,Europe,Southeastern Europe,ROU,"2,6,None|2,6,None"
2,Australian Open,,https://www.wtatennis.com/tournaments/901/australian-open/2018,Grand Slam,Hard,https://www.wtatennis.com/resources/v7.42.0/i/elements/gs-tag.svg,2018-01-15,2018-01-28,2018,1,Melbourne,FRA,,AU,AUS,036,009,,Oceania,Australasia,AUS,85.0,,70.0,68286.0,128M/128Q/64D,Australian Open,,Oceane Dodin,,https://www.wtatennis.com/resources/v7.42.0/i/elements/flags/fra.svg,Round of 128,W,"6-3, 7-6 (5)",https://www.wtatennis.com/players/319436/oceane-dodin,False,False,False,False,True,False,True,2,True,22,13,9,FR,FRA,250,150,Europe,Western Europe,FRA,"6,3,None|7,6,5"
1,Hobart International,,https://www.wtatennis.com/tournaments/1050/hobart/2018,International,Hard,https://www.wtatennis.com/resources/v7.42.0/i/elements/250k-tag.svg,2018-01-07,2018-01-13,2018,1,Hobart,BLR,,AU,AUS,036,009,,Oceania,Australasia,AUS,69.0,W,1.0,2100.0,32M/32Q/16D,Hobart International,,Aryna Sabalenka,,https://www.wtatennis.com/resources/v7.42.0/i/elements/flags/blr.svg,Round of 32,L,"4-6, 3-6",https://www.wtatennis.com/players/320760/aryna-sabalenka,False,False,False,False,False,False,False,2,False,19,7,12,BY,BLR,112,150,Europe,Eastern Europe,BLR,"4,6,None|3,6,None"
1,Bgl Bnp Paribas Luxembourg Open,,https://www.wtatennis.com/tournaments/300/luxembourg/2017,International,Hard,https://www.wtatennis.com/resources/v7.42.0/i/elements/250k-tag.svg,2017-10-16,2017-10-21,2017,10,Luxembourg,SWE,,LU,LUX,442,150,,Europe,Western Europe,LUX,79.0,,1.0,1925.0,32M/32Q/16D,Bgl Bnp Paribas Luxembourg Open,,Johanna Larsson,,https://www.wtatennis.com/resources/v7.42.0/i/elements/flags/swe.svg,Round of 32,L,"6-2, 2-6, 3-6",https://www.wtatennis.com/players/311593/johanna-larsson,False,False,False,False,False,False,False,3,True,25,11,14,SE,SWE,752,150,Europe,Northern Europe,SWE,"6,2,None|2,6,None|3,6,None"
1,Prudential Hong Kong Tennis Open,,https://www.wtatennis.com/tournaments/1074/hong-kong/2017,International,Hard,https://www.wtatennis.com/resources/v7.42.0/i/elements/250k-tag.svg,2017-10-09,2017-10-15,2017,10,Hong Kong,DEN,,,,,,,,,"Hong-Kong, China",6.0,,1.0,3026.0,32M/32Q/16D,Prudential Hong Kong Tennis Open,,Caroline Wozniacki,3.0,https://www.wtatennis.com/resources/v7.42.0/i/elements/flags/den.svg,Round of 32,L,"1-6, 1-6",https://www.wtatennis.com/players/313402/caroline-wozniacki,False,False,False,False,False,False,False,2,False,14,2,12,DK,DNK,208,150,Europe,Northern Europe,DEN,"1,6,None|1,6,None"
1,China Open,,https://www.wtatennis.com/tournaments/1020/beijing/2017,Premier Mandatory,Hard,https://www.wtatennis.com/resources/v7.42.0/i/elements/1000k-tag.svg,2017-09-30,2017-10-08,2017,9,Beijing,SVK,,CN,CHN,156,142,,Asia,East Asia,CHN,28.0,W,10.0,19960.0,64M/32Q/32D,China Open,,Magdalena Rybarikova,,https://www.wtatennis.com/resources/v7.42.0/i/elements/flags/svk.svg,Round of 64,L,"4-6, 3-6",https://www.wtatennis.com/players/312580/magdalena-rybarikova,False,False,False,False,False,False,False,2,False,19,7,12,SK,SVK,703,150,Europe,Central Europe,SVK,"4,6,None|3,6,None"
1,2017 Us Open Tennis Championships,,https://www.wtatennis.com/tournaments/905/us-open/2017,Grand Slam,Hard,https://www.wtatennis.com/resources/v7.42.0/i/elements/gs-tag.svg,2017-08-28,2017-09-10,2017,8,New York,RUS,NY,US,USA,840,019,,America,Northern America,USA,89.0,,10.0,50000.0,128M/128Q/64D,2017 Us Open Tennis Championships,,Evgeniya Rodina,,https://www.wtatennis.com/resources/v7.42.0/i/elements/flags/rus.svg,Round of 128,L,"6-7 (2), 1-6",https://www.wtatennis.com/players/312584/evgeniya-rodina,False,False,False,True,False,False,True,2,False,20,7,13,RU,RUS,643,150,Europe,Eastern Europe,RUS,"6,7,2|1,6,None"
1,Connecticut Open Presented By United Technologies,,https://www.wtatennis.com/tournaments/602/new-haven/2017,Premier,Hard,https://www.wtatennis.com/resources/v7.42.0/i/elements/500k-tag.svg,2017-08-20,2017-08-26,2017,8,New Haven,POL,CT,US,USA,840,019,,America,Northern America,USA,10.0,W,55.0,10690.0,32M/64Q/16D,Connecticut Open Presented By United Technologies,,Agnieszka Radwanska,1.0,https://www.wtatennis.com/resources/v7.42.0/i/elements/flags/pol.svg,Round of 16,L,"3-6, 5-7",https://www.wtatennis.com/players/312251/agnieszka-radwanska,False,False,False,False,False,False,False,2,False,21,8,13,PL,POL,616,150,Europe,Central Europe,POL,"3,6,None|5,7,None"
2,Connecticut Open Presented By United Technologies,,https://www.wtatennis.com/tournaments/602/new-haven/2017,Premier,Hard,https://www.wtatennis.com/resources/v7.42.0/i/elements/500k-tag.svg,2017-08-20,2017-08-26,2017,8,New Haven,USA,CT,US,USA,840,019,United States of America|America|USA|US,America,Northern America,USA,34.0,W,55.0,10690.0,32M/64Q/16D,Connecticut Open Presented By United Technologies,,Lauren Davis,,https://www.wtatennis.com/resources/v7.42.0/i/elements/flags/usa.svg,Round of 32,W,"6-1, 6-3",https://www.wtatennis.com/players/317414/lauren-davis,False,False,False,False,False,False,False,2,True,16,12,4,US,USA,840,019,America,Northern America,USA,"6,1,None|6,3,None"
1,Rogers Cup Presented By National Bank,,https://www.wtatennis.com/tournaments/806/montreal/2017,Premier 5,Hard,https://www.wtatennis.com/resources/v7.42.0/i/elements/1000k-tag.svg,2017-08-07,2017-08-13,2017,8,Toronto,CRO,,CA,CAN,124,019,,America,Northern America,CAN,51.0,W,1.0,7745.0,64M/64Q/32D,Rogers Cup Presented By National Bank,,Donna Vekic,,https://www.wtatennis.com/resources/v7.42.0/i/elements/flags/cro.svg,Round of 64,L,"3-6, 4-6",https://www.wtatennis.com/players/318516/donna-vekic,False,False,False,False,False,False,False,2,False,19,7,12,HR,HRV,191,150,Europe,Southeastern Europe,CRO,"3,6,None|4,6,None"
1,Citi Open,,https://www.wtatennis.com/tournaments/1045/washington-dc/2017,International,Hard,https://www.wtatennis.com/resources/v7.42.0/i/elements/250k-tag.svg,2017-07-31,2017-08-06,2017,7,Washington Dc,GER,DC,US,USA,840,019,,America,Northern America,USA,102.0,,30.0,3420.0,32M/16Q/16D,Citi Open,,Andrea Petkovic,,https://www.wtatennis.com/resources/v7.42.0/i/elements/flags/ger.svg,Round of 16,L,"2-6, 6-4, 0-6",https://www.wtatennis.com/players/310770/andrea-petkovic,False,False,False,False,False,False,False,3,False,24,8,16,DE,DEU,276,150,Europe,Central Europe,GER,"2,6,None|6,4,None|0,6,None"
2,Citi Open,,https://www.wtatennis.com/tournaments/1045/washington-dc/2017,International,Hard,https://www.wtatennis.com/resources/v7.42.0/i/elements/250k-tag.svg,2017-07-31,2017-08-06,2017,7,Washington Dc,USA,DC,US,USA,840,019,United States of America|America|USA|US,America,Northern America,USA,61.0,,30.0,3420.0,32M/16Q/16D,Citi Open,,Christina Mchale,8.0,https://www.wtatennis.com/resources/v7.42.0/i/elements/flags/usa.svg,Round of 32,W,"7-6 (6), 6-0",https://www.wtatennis.com/players/314917/christina-mchale,False,False,False,True,False,False,True,2,True,19,13,6,US,USA,840,019,America,Northern America,USA,"7,6,6|6,0,None"
1,Wimbledon,,https://www.wtatennis.com/tournaments/904/wimbledon/2017,Grand Slam,Grass,https://www.wtatennis.com/resources/v7.42.0/i/elements/gs-tag.svg,2017-07-03,2017-07-16,2017,7,Wimbledon,ESP,,GB,GBR,826,150,Kingdom of Spain,Europe,Northern Europe,ENG,27.0,,10.0,43431.0,128M/128Q/64D,The Championships,,Carla Suárez Navarro,25.0,https://www.wtatennis.com/resources/v7.42.0/i/elements/flags/esp.svg,Round of 128,L,"6-1, 1-6, 1-6",https://www.wtatennis.com/players/311338/carla-su-rez-navarro,False,False,False,False,False,False,False,3,True,21,8,13,ES,ESP,724,150,Europe,Southern Europe,ESP,"6,1,None|1,6,None|1,6,None"
1,Aegon International Eastbourne,,https://www.wtatennis.com/tournaments/710/eastbourne/2017,WTA 250,Grass,https://www.wtatennis.com/resources/v7.42.0/i/elements/250k-tag.svg,2017-06-25,2017-07-01,2017,6,Eastbourne,CZE,,GB,GBR,826,150,,Europe,Northern Europe,ENG,23.0,,1.0,3395.0,64M/32Q/16D,Aegon International Eastbourne,,Barbora Strycova,,https://www.wtatennis.com/resources/v7.42.0/i/elements/flags/cze.svg,Round of 64,L,"3-6, 6-3, 2-6",https://www.wtatennis.com/players/190879/barbora-strycova,False,False,False,False,False,False,False,3,False,26,11,15,CZ,CZE,203,150,Europe,Central Europe,CZE,"3,6,None|6,3,None|2,6,None"
1,Mallorca Open,,https://www.wtatennis.com/tournaments/1091/mallorca/2017,International,Grass,https://www.wtatennis.com/resources/v7.42.0/i/elements/250k-tag.svg,2017-06-19,2017-06-25,2017,6,Mallorca,ITA,,ES,ESP,724,150,,Europe,Southern Europe,ESP,73.0,,1.0,2100.0,32M/32Q/16D,Mallorca Open,,Francesca Schiavone,,https://www.wtatennis.com/resources/v7.42.0/i/elements/flags/ita.svg,Round of 32,L,"7-6 (5), 4-6, 3-6",https://www.wtatennis.com/players/190666/francesca-schiavone,False,False,False,True,False,False,True,3,True,32,14,18,IT,ITA,380,150,Europe,Southern Europe,ITA,"7,6,5|4,6,None|3,6,None"
1,Roland Garros,,https://www.wtatennis.com/tournaments/903/roland-garros/2017,Grand Slam,Clay,https://www.wtatennis.com/resources/v7.42.0/i/elements/gs-tag.svg,2017-05-28,2017-06-11,2017,5,Paris,LAT,,FR,FRA,250,150,,Europe,Western Europe,FRA,19.0,,70.0,76776.0,128M/128Q/64D,Championnats Internationaux De France,,Anastasija Sevastova,17.0,https://www.wtatennis.com/resources/v7.42.0/i/elements/flags/lat.svg,Round of 64,L,"3-6, 0-6",https://www.wtatennis.com/players/313987/anastasija-sevastova,False,False,False,False,False,False,False,2,False,15,3,12,,,,,,,LAT,"3,6,None|0,6,None"
2,Roland Garros,,https://www.wtatennis.com/tournaments/903/roland-garros/2017,Grand Slam,Clay,https://www.wtatennis.com/resources/v7.42.0/i/elements/gs-tag.svg,2017-05-28,2017-06-11,2017,5,Paris,JPN,,FR,FRA,250,150,,Europe,Western Europe,FRA,72.0,,70.0,76776.0,128M/128Q/64D,Championnats Internationaux De France,,Risa Ozaki,,https://www.wtatennis.com/resources/v7.42.0/i/elements/flags/jpn.svg,Round of 128,W,"2-6, 6-3, 6-2",https://www.wtatennis.com/players/318704/risa-ozaki,False,False,False,False,False,False,False,3,False,25,14,11,JP,JPN,392,142,Asia,East Asia,JPN,"2,6,None|6,3,None|6,2,None"
1,Mutua Madrid Open,,https://www.wtatennis.com/tournaments/1038/madrid/2017,Premier Mandatory,Clay,https://www.wtatennis.com/resources/v7.42.0/i/elements/1000k-tag.svg,2017-05-06,2017-05-13,2017,5,Madrid,RUS,,ES,ESP,724,150,,Europe,Southern Europe,ESP,9.0,,215.0,142482.0,64M/32Q/32D,Mutua Madrid Open,,Svetlana Kuznetsova,8.0,https://www.wtatennis.com/resources/v7.42.0/i/elements/flags/rus.svg,Quarterfinals,L,"4-6, 0-6",https://www.wtatennis.com/players/110552/svetlana-kuznetsova,False,False,False,False,False,False,False,2,False,16,4,12,RU,RUS,643,150,Europe,Eastern Europe,RUS,"4,6,None|0,6,None"
2,Mutua Madrid Open,,https://www.wtatennis.com/tournaments/1038/madrid/2017,Premier Mandatory,Clay,https://www.wtatennis.com/resources/v7.42.0/i/elements/1000k-tag.svg,2017-05-06,2017-05-13,2017,5,Madrid,GER,,ES,ESP,724,150,,Europe,Southern Europe,ESP,2.0,,215.0,142482.0,64M/32Q/32D,Mutua Madrid Open,,Angelique Kerber,1.0,https://www.wtatennis.com/resources/v7.42.0/i/elements/flags/ger.svg,Round of 16,W,"6-3, 5-0",https://www.wtatennis.com/players/311470/angelique-kerber,True,False,False,False,False,False,False,2,True,14,11,3,DE,DEU,276,150,Europe,Central Europe,GER,"6,3,None|5,0,None|Ret"
3,Mutua Madrid Open,,https://www.wtatennis.com/tournaments/1038/madrid/2017,Premier Mandatory,Clay,https://www.wtatennis.com/resources/v7.42.0/i/elements/1000k-tag.svg,2017-05-06,2017-05-13,2017,5,Madrid,RUS,,ES,ESP,724,150,,Europe,Southern Europe,ESP,258.0,,215.0,142482.0,64M/32Q/32D,Mutua Madrid Open,,Maria Sharapova,,https://www.wtatennis.com/resources/v7.42.0/i/elements/flags/rus.svg,Round of 32,W,"7-5, 2-6, 6-4",https://www.wtatennis.com/players/310137/maria-sharapova,False,False,False,False,False,False,False,3,True,30,15,15,RU,RUS,643,150,Europe,Eastern Europe,RUS,"7,5,None|2,6,None|6,4,None"
4,Mutua Madrid Open,,https://www.wtatennis.com/tournaments/1038/madrid/2017,Premier Mandatory,Clay,https://www.wtatennis.com/resources/v7.42.0/i/elements/1000k-tag.svg,2017-05-06,2017-05-13,2017,5,Madrid,FRA,,ES,ESP,724,150,,Europe,Southern Europe,ESP,44.0,,215.0,142482.0,64M/32Q/32D,Mutua Madrid Open,,Alizé Cornet,,https://www.wtatennis.com/resources/v7.42.0/i/elements/flags/fra.svg,Round of 64,W,"6-4, 4-6, 6-1",https://www.wtatennis.com/players/312121/aliz-cornet,False,False,False,False,False,False,False,3,True,27,16,11,FR,FRA,250,150,Europe,Western Europe,FRA,"6,4,None|4,6,None|6,1,None"
1,Teb Bnp Paribas Istanbul Cup,,https://www.wtatennis.com/tournaments/1027/istanbul/2017,International,Clay,https://www.wtatennis.com/resources/v7.42.0/i/elements/250k-tag.svg,2017-04-24,2017-04-30,2017,4,Istanbul,SVK,,TR,TUR,792,142,,Asia,Western Asia,TUR,97.0,,1.0,2100.0,32M/32Q/16D,Teb Bnp Paribas Istanbul Cup,,Jana Cepelova,,https://www.wtatennis.com/resources/v7.42.0/i/elements/flags/svk.svg,Round of 32,L,"0-6, 4-6",https://www.wtatennis.com/players/316774/jana-cepelova,False,False,False,False,False,False,False,2,False,16,4,12,SK,SVK,703,150,Europe,Central Europe,SVK,"0,6,None|4,6,None"
1,"Itf/Usta $80,000",https://www.wtatennis.com/resources/v7.42.0/i/elements/itf.png,,ITF,Clay,https://www.wtatennis.com/resources/v7.42.0/i/elements/itf.png,2017-04-10,2017-04-16,2017,4,Indian Harbour Beach,USA,,,,,,United States of America|America|USA|US,,,Florida,896.0,W,,2027.0,32M/32Q/16D,"Itf/Usta $80,000",,Victoria Duval,,https://www.wtatennis.com/resources/v7.42.0/i/elements/flags/usa.svg,Quarterfinals,L,"0-6, 3-6",https://www.wtatennis.com/players/317901/victoria-duval,False,False,False,False,False,False,False,2,False,15,3,12,US,USA,840,019,America,Northern America,USA,"0,6,None|3,6,None"
2,"Itf/Usta $80,000",https://www.wtatennis.com/resources/v7.42.0/i/elements/itf.png,,ITF,Clay,https://www.wtatennis.com/resources/v7.42.0/i/elements/itf.png,2017-04-10,2017-04-16,2017,4,Indian Harbour Beach,UKR,,,,,,,,,Florida,305.0,W,,2027.0,32M/32Q/16D,"Itf/Usta $80,000",,Anhelina Kalinina,,https://www.wtatennis.com/resources/v7.42.0/i/elements/flags/ukr.svg,Round of 16,W,"7-5, 6-4",https://www.wtatennis.com/players/320567/anhelina-kalinina,False,False,False,False,False,False,False,2,True,22,13,9,UA,UKR,804,150,Europe,Eastern Europe,UKR,"7,5,None|6,4,None"
3,"Itf/Usta $80,000",https://www.wtatennis.com/resources/v7.42.0/i/elements/itf.png,,ITF,Clay,https://www.wtatennis.com/resources/v7.42.0/i/elements/itf.png,2017-04-10,2017-04-16,2017,4,Indian Harbour Beach,USA,,,,,,United States of America|America|USA|US,,,Florida,601.0,W,,2027.0,32M/32Q/16D,"Itf/Usta $80,000",,Brianna Morgan,,https://www.wtatennis.com/resources/v7.42.0/i/elements/flags/usa.svg,Round of 32,W,"6-4, 2-6, 6-4",https://www.wtatennis.com/players/318565/brianna-morgan,False,False,False,False,False,False,False,3,True,28,14,14,US,USA,840,019,America,Northern America,USA,"6,4,None|2,6,None|6,4,None"
1,Abierto Gnp Seguros,,https://www.wtatennis.com/tournaments/1039/monterrey/2017,International,Hard,https://www.wtatennis.com/resources/v7.42.0/i/elements/250k-tag.svg,2017-04-03,2017-04-09,2017,4,Monterrey,ESP,,MX,MEX,484,019,Kingdom of Spain,America,Central America,MEX,98.0,,1.0,1925.0,32M/32Q/16D,Abierto Gnp Seguros,,Sara Sorribes Tormo,,https://www.wtatennis.com/resources/v7.42.0/i/elements/flags/esp.svg,Round of 32,L,"6-7 (8), 3-6",https://www.wtatennis.com/players/318872/sara-sorribes-tormo,False,False,False,True,False,False,True,2,False,22,9,13,ES,ESP,724,150,Europe,Southern Europe,ESP,"6,7,8|3,6,None"
1,Miami Open Presented By Itau,,https://www.wtatennis.com/tournaments/902/miami/2017,Premier Mandatory,Hard,https://www.wtatennis.com/resources/v7.42.0/i/elements/1000k-tag.svg,2017-03-21,2017-04-02,2017,3,Miami,AUS,FL,US,USA,840,019,,America,Northern America,USA,91.0,,10.0,13690.0,128M/48Q/32D,Miami Open Presented By Itau,,Ashleigh Barty,,https://www.wtatennis.com/resources/v7.42.0/i/elements/flags/aus.svg,Round of 128,L,"4-6, 7-5, 3-6",https://www.wtatennis.com/players/318033/ashleigh-barty,False,False,False,False,False,False,False,3,False,31,14,17,AU,AUS,036,009,Oceania,Australasia,AUS,"4,6,None|7,5,None|3,6,None"
1,Bnp Paribas Open,,https://www.wtatennis.com/tournaments/609/indian-wells/2017,Premier Mandatory,Hard,https://www.wtatennis.com/resources/v7.42.0/i/elements/1000k-tag.svg,2017-03-08,2017-03-19,2017,3,Indian Wells,GER,CA,US,USA,840,019,,America,Northern America,USA,61.0,,10.0,13690.0,96M/48Q/32D,Bnp Paribas Open,,Annika Beck,,https://www.wtatennis.com/resources/v7.42.0/i/elements/flags/ger.svg,Round of 128,L,"6-3, 2-6, 2-6",https://www.wtatennis.com/players/316979/annika-beck,False,False,False,False,False,False,False,3,True,25,10,15,DE,DEU,276,150,Europe,Central Europe,GER,"6,3,None|2,6,None|2,6,None"
1,Abierto Mexicano Telcel Presentado Por Hsbc,,https://www.wtatennis.com/tournaments/1002/acapulco/2017,International,Hard,https://www.wtatennis.com/resources/v7.42.0/i/elements/250k-tag.svg,2017-02-27,2017-03-04,2017,2,Acapulco,AUS,,MX,MEX,484,019,,America,Central America,MEX,,,1.0,2100.0,32M/24Q/16D,Abierto Mexicano Telcel Presentado Por Hsbc,,Ajla Tomljanovic,,https://www.wtatennis.com/resources/v7.42.0/i/elements/flags/aus.svg,Round of 32,L,"6-7 (4), 1-6",https://www.wtatennis.com/players/315232/ajla-tomljanovic,False,False,False,True,False,False,True,2,False,20,7,13,AU,AUS,036,009,Oceania,Australasia,AUS,"6,7,4|1,6,None"
1,Australian Open,,https://www.wtatennis.com/tournaments/901/australian-open/2017,Grand Slam,Hard,https://www.wtatennis.com/resources/v7.42.0/i/elements/gs-tag.svg,2017-01-16,2017-01-29,2017,1,Melbourne,USA,,AU,AUS,036,009,United States of America|America|USA|US,Oceania,Australasia,AUS,35.0,,130.0,94913.0,128M/128Q/64D,Australian Open,,Coco Vandeweghe,,https://www.wtatennis.com/resources/v7.42.0/i/elements/flags/usa.svg,Round of 32,L,"4-6, 6-3, 5-7",https://www.wtatennis.com/players/314464/coco-vandeweghe,False,False,False,False,False,False,False,3,False,31,15,16,US,USA,840,019,America,Northern America,USA,"4,6,None|6,3,None|5,7,None"
2,Australian Open,,https://www.wtatennis.com/tournaments/901/australian-open/2017,Grand Slam,Hard,https://www.wtatennis.com/resources/v7.42.0/i/elements/gs-tag.svg,2017-01-16,2017-01-29,2017,1,Melbourne,CHN,,AU,AUS,036,009,,Oceania,Australasia,AUS,83.0,,130.0,94913.0,128M/128Q/64D,Australian Open,,Shuai Peng,,https://www.wtatennis.com/resources/v7.42.0/i/elements/flags/chn.svg,Round of 64,W,"7-6 (5), 6-2",https://www.wtatennis.com/players/160471/shuai-peng,False,False,False,True,False,False,True,2,True,21,13,8,CN,CHN,156,142,Asia,East Asia,CHN,"7,6,5|6,2,None"
3,Australian Open,,https://www.wtatennis.com/tournaments/901/australian-open/2017,Grand Slam,Hard,https://www.wtatennis.com/resources/v7.42.0/i/elements/gs-tag.svg,2017-01-16,2017-01-29,2017,1,Melbourne,USA,,AU,AUS,036,009,United States of America|America|USA|US,Oceania,Australasia,AUS,65.0,,130.0,94913.0,128M/128Q/64D,Australian Open,,Louisa Chirico,,https://www.wtatennis.com/resources/v7.42.0/i/elements/flags/usa.svg,Round of 128,W,"6-0, 6-4",https://www.wtatennis.com/players/320218/louisa-chirico,False,False,False,False,False,False,False,2,True,16,12,4,US,USA,840,019,America,Northern America,USA,"6,0,None|6,4,None"
1,Apia International Sydney,,https://www.wtatennis.com/tournaments/702/sydney/2017,Premier,Hard,https://www.wtatennis.com/resources/v7.42.0/i/elements/500k-tag.svg,2017-01-08,2017-01-13,2017,1,Sydney,GBR,,AU,AUS,036,009,Britain|UK|Great Britain|United Kingdom,Oceania,Australasia,AUS,10.0,W,185.0,37825.0,32M/32Q/16D,Apia International Sydney,,Johanna Konta,6.0,https://www.wtatennis.com/resources/v7.42.0/i/elements/flags/gbr.svg,Semifinals,L,"2-6, 2-6",https://www.wtatennis.com/players/313907/johanna-konta,False,False,False,False,False,False,False,2,False,16,4,12,GB,GBR,826,150,Europe,Northern Europe,ENG,"2,6,None|2,6,None"
2,Apia International Sydney,,https://www.wtatennis.com/tournaments/702/sydney/2017,Premier,Hard,https://www.wtatennis.com/resources/v7.42.0/i/elements/500k-tag.svg,2017-01-08,2017-01-13,2017,1,Sydney,RUS,,AU,AUS,036,009,,Oceania,Australasia,AUS,27.0,W,185.0,37825.0,32M/32Q/16D,Apia International Sydney,,Anastasia Pavlyuchenkova,,https://www.wtatennis.com/resources/v7.42.0/i/elements/flags/rus.svg,Quarterfinals,W,"6-2, 6-3",https://www.wtatennis.com/players/313796/anastasia-pavlyuchenkova,False,False,False,False,False,False,False,2,True,17,12,5,RU,RUS,643,150,Europe,Eastern Europe,RUS,"6,2,None|6,3,None"
3,Apia International Sydney,,https://www.wtatennis.com/tournaments/702/sydney/2017,Premier,Hard,https://www.wtatennis.com/resources/v7.42.0/i/elements/500k-tag.svg,2017-01-08,2017-01-13,2017,1,Sydney,SVK,,AU,AUS,036,009,,Oceania,Australasia,AUS,6.0,W,185.0,37825.0,32M/32Q/16D,Apia International Sydney,,Dominika Cibulkova,3.0,https://www.wtatennis.com/resources/v7.42.0/i/elements/flags/svk.svg,Round of 16,W,"6-4, 6-3",https://www.wtatennis.com/players/312894/dominika-cibulkova,False,False,False,False,False,False,False,2,True,19,12,7,SK,SVK,703,150,Europe,Central Europe,SVK,"6,4,None|6,3,None"
4,Apia International Sydney,,https://www.wtatennis.com/tournaments/702/sydney/2017,Premier,Hard,https://www.wtatennis.com/resources/v7.42.0/i/elements/500k-tag.svg,2017-01-08,2017-01-13,2017,1,Sydney,CHN,,AU,AUS,036,009,,Oceania,Australasia,AUS,23.0,W,185.0,37825.0,32M/32Q/16D,Apia International Sydney,,Shuai Zhang,,https://www.wtatennis.com/resources/v7.42.0/i/elements/flags/chn.svg,Round of 32,W,"7-6 (1), 6-2",https://www.wtatennis.com/players/311779/shuai-zhang,False,False,False,True,False,False,True,2,True,21,13,8,CN,CHN,156,142,Asia,East Asia,CHN,"7,6,1|6,2,None"
1,Brisbane International Presented By Suncorp,,https://www.wtatennis.com/tournaments/800/brisbane/2017,Premier,Hard,https://www.wtatennis.com/resources/v7.42.0/i/elements/500k-tag.svg,2017-01-01,2017-01-07,2017,1,Brisbane,USA,,AU,AUS,036,009,United States of America|America|USA|US,Oceania,Australasia,AUS,59.0,,1.0,6703.0,32M/32Q/16D,Brisbane International Presented By Suncorp,,Shelby Rogers,,https://www.wtatennis.com/resources/v7.42.0/i/elements/flags/usa.svg,Round of 32,L,"2-6, 6-2, 1-6",https://www.wtatennis.com/players/317421/shelby-rogers,False,False,False,False,False,False,False,3,False,23,9,14,US,USA,840,019,America,Northern America,USA,"2,6,None|6,2,None|1,6,None"
1,Bgl Bnp Paribas Luxembourg Open,,https://www.wtatennis.com/tournaments/300/luxembourg/2016,International,Hard,https://www.wtatennis.com/resources/v7.42.0/i/elements/250k-tag.svg,2016-10-17,2016-10-22,2016,10,Luxembourg,CZE,,LU,LUX,442,150,,Europe,Western Europe,LUX,100.0,,1.0,1925.0,32M/32Q/16D,Bgl Bnp Paribas Luxembourg Open,,Denisa Satralova,,https://www.wtatennis.com/resources/v7.42.0/i/elements/flags/cze.svg,Round of 32,L,"6-3, 3-6, 3-6",https://www.wtatennis.com/players/316550/denisa-satralova,False,False,False,False,False,False,False,3,True,27,12,15,CZ,CZE,203,150,Europe,Central Europe,CZE,"6,3,None|3,6,None|3,6,None"
1,Generali Ladies Linz,,https://www.wtatennis.com/tournaments/528/linz/2016,International,Hard,https://www.wtatennis.com/resources/v7.42.0/i/elements/250k-tag.svg,2016-10-10,2016-10-16,2016,10,Linz,EST,,AT,AUT,040,150,,Europe,Central Europe,AUT,121.0,,1.0,1925.0,32M/32Q/16D,Generali Ladies Linz,,Anett Kontaveit,,https://www.wtatennis.com/resources/v7.42.0/i/elements/flags/est.svg,Round of 32,L,"6-7 (5), 4-6",https://www.wtatennis.com/players/318425/anett-kontaveit,False,False,False,True,False,False,True,2,False,23,10,13,EE,EST,233,150,Europe,Northern Europe,EST,"6,7,5|4,6,None"
1,Coupe Banque Nationale Presentee Par Mazda,,https://www.wtatennis.com/tournaments/656/quebec-city/2016,International,Carpet,https://www.wtatennis.com/resources/v7.42.0/i/elements/250k-tag.svg,2016-09-12,2016-09-18,2016,9,Quebec City,RUS,,CA,CAN,124,019,,America,Northern America,CAN,162.0,,30.0,3400.0,32M/24Q/16D,Coupe Banque Nationale Presentee Par Mazda,,Alla Kudryavtseva,,https://www.wtatennis.com/resources/v7.42.0/i/elements/flags/rus.svg,Round of 16,L,"2-6, 3-6",https://www.wtatennis.com/players/311362/alla-kudryavtseva,False,False,False,False,False,False,False,2,False,17,5,12,RU,RUS,643,150,Europe,Eastern Europe,RUS,"2,6,None|3,6,None"
2,Coupe Banque Nationale Presentee Par Mazda,,https://www.wtatennis.com/tournaments/656/quebec-city/2016,International,Carpet,https://www.wtatennis.com/resources/v7.42.0/i/elements/250k-tag.svg,2016-09-12,2016-09-18,2016,9,Quebec City,LUX,,CA,CAN,124,019,,America,Northern America,CAN,108.0,,30.0,3400.0,32M/24Q/16D,Coupe Banque Nationale Presentee Par Mazda,,Mandy Minella,,https://www.wtatennis.com/resources/v7.42.0/i/elements/flags/lux.svg,Round of 32,W,"6-3, 6-4",https://www.wtatennis.com/players/310431/mandy-minella,False,False,False,False,False,False,False,2,True,19,12,7,LU,LUX,442,150,Europe,Western Europe,LUX,"6,3,None|6,4,None"
1,2016 Us Open Tennis Championships,,https://www.wtatennis.com/tournaments/905/us-open/2016,Grand Slam,Hard,https://www.wtatennis.com/resources/v7.42.0/i/elements/gs-tag.svg,2016-08-29,2016-09-11,2016,8,New York,CZE,NY,US,USA,840,019,,America,Northern America,USA,72.0,,10.0,42540.0,128M/128Q/64D,2016 Us Open Tennis Championships,,Katerina Siniakova,,https://www.wtatennis.com/resources/v7.42.0/i/elements/flags/cze.svg,Round of 128,L,"3-6, 6-3, 2-6",https://www.wtatennis.com/players/320301/katerina-siniakova,False,False,False,False,False,False,False,3,False,26,11,15,CZ,CZE,203,150,Europe,Central Europe,CZE,"3,6,None|6,3,None|2,6,None"
1,Connecticut Open Presented By United Technologies,,https://www.wtatennis.com/tournaments/602/new-haven/2016,Premier,Hard,https://www.wtatennis.com/resources/v7.42.0/i/elements/500k-tag.svg,2016-08-21,2016-08-27,2016,8,New Haven,CZE,CT,US,USA,840,019,,America,Northern America,USA,15.0,W,55.0,10665.0,32M/48Q/16D,Connecticut Open Presented By United Technologies,,Petra Kvitova,6.0,https://www.wtatennis.com/resources/v7.42.0/i/elements/flags/cze.svg,Round of 16,L,"3-6, 2-6",https://www.wtatennis.com/players/314206/petra-kvitova,False,False,False,False,False,False,False,2,False,17,5,12,CZ,CZE,203,150,Europe,Central Europe,CZE,"3,6,None|2,6,None"
2,Connecticut Open Presented By United Technologies,,https://www.wtatennis.com/tournaments/602/new-haven/2016,Premier,Hard,https://www.wtatennis.com/resources/v7.42.0/i/elements/500k-tag.svg,2016-08-21,2016-08-27,2016,8,New Haven,GER,CT,US,USA,840,019,,America,Northern America,USA,42.0,W,55.0,10665.0,32M/48Q/16D,Connecticut Open Presented By United Technologies,,Annika Beck,,https://www.wtatennis.com/resources/v7.42.0/i/elements/flags/ger.svg,Round of 32,W,"6-2, 6-1",https://www.wtatennis.com/players/316979/annika-beck,False,False,False,False,False,False,False,2,True,15,12,3,DE,DEU,276,150,Europe,Central Europe,GER,"6,2,None|6,1,None"
1,Western & Southern Open,,https://www.wtatennis.com/tournaments/1017/cincinnati/2016,Premier 5,Hard,https://www.wtatennis.com/resources/v7.42.0/i/elements/1000k-tag.svg,2016-08-15,2016-08-21,2016,8,Cincinnati,CZE,OH,US,USA,840,019,,America,Northern America,USA,20.0,Q,30.0,12205.0,64M/48Q/32D,Western & Southern Open,,Barbora Strycova,,https://www.wtatennis.com/resources/v7.42.0/i/elements/flags/cze.svg,Round of 64,L,"4-6, 0-6",https://www.wtatennis.com/players/190879/barbora-strycova,False,False,False,False,False,False,False,2,False,16,4,12,CZ,CZE,203,150,Europe,Central Europe,CZE,"4,6,None|0,6,None"
2,Western & Southern Open,,https://www.wtatennis.com/tournaments/1017/cincinnati/2016,Premier 5,Hard,https://www.wtatennis.com/resources/v7.42.0/i/elements/1000k-tag.svg,2016-08-15,2016-08-21,2016,8,Cincinnati,SUI,OH,US,USA,840,019,,America,Northern America,USA,68.0,Q,30.0,12205.0,64M/48Q/32D,Western & Southern Open,,Viktorija Golubic,21.0,https://www.wtatennis.com/resources/v7.42.0/i/elements/flags/sui.svg,Qualifying R2 Qual. R2,W,"6-4, 6-2",https://www.wtatennis.com/players/316296/viktorija-golubic,False,False,False,False,False,False,False,2,True,18,12,6,CH,CHE,756,150,Europe,Central Europe,SUI,"6,4,None|6,2,None"
3,Western & Southern Open,,https://www.wtatennis.com/tournaments/1017/cincinnati/2016,Premier 5,Hard,https://www.wtatennis.com/resources/v7.42.0/i/elements/1000k-tag.svg,2016-08-15,2016-08-21,2016,8,Cincinnati,GER,OH,US,USA,840,019,,America,Northern America,USA,101.0,Q,30.0,12205.0,64M/48Q/32D,Western & Southern Open,,Carina Witthoeft,,https://www.wtatennis.com/resources/v7.42.0/i/elements/flags/ger.svg,Qualifying R1 Qual. R1,W,"6-4, 6-1",https://www.wtatennis.com/players/317536/carina-witthoeft,False,False,False,False,False,False,False,2,True,17,12,5,DE,DEU,276,150,Europe,Central Europe,GER,"6,4,None|6,1,None"
1,Olympics Tennis Event,,https://www.wtatennis.com/tournaments/650/olympics/2016,OLYMPICS,Hard,,2016-08-06,2016-08-14,2016,8,Rio De Janeiro,GER,,BR,BRA,076,019,,America,Eastern South America,BRA,2.0,,,,64M/0Q/32D,Olympics Tennis Event,,Angelique Kerber,,https://www.wtatennis.com/resources/v7.42.0/i/elements/flags/ger.svg,Round of 32,L,"4-6, 2-6",https://www.wtatennis.com/players/311470/angelique-kerber,False,False,False,False,False,False,False,2,False,18,6,12,DE,DEU,276,150,Europe,Central Europe,GER,"4,6,None|2,6,None"
2,Olympics Tennis Event,,https://www.wtatennis.com/tournaments/650/olympics/2016,OLYMPICS,Hard,,2016-08-06,2016-08-14,2016,8,Rio De Janeiro,USA,,BR,BRA,076,019,United States of America|America|USA|US,America,Eastern South America,BRA,28.0,,,,64M/0Q/32D,Olympics Tennis Event,,Sloane Stephens,,https://www.wtatennis.com/resources/v7.42.0/i/elements/flags/usa.svg,Round of 64,W,"6-3, 6-3",https://www.wtatennis.com/players/315683/sloane-stephens,False,False,False,False,False,False,False,2,True,18,12,6,US,USA,840,019,America,Northern America,USA,"6,3,None|6,3,None"
1,Rogers Cup Presented By National Bank,,https://www.wtatennis.com/tournaments/806/montreal/2016,Premier 5,Hard,https://www.wtatennis.com/resources/v7.42.0/i/elements/1000k-tag.svg,2016-07-25,2016-07-31,2016,7,Montreal,SVK,,CA,CAN,124,019,,America,Northern America,CAN,121.0,,105.0,27790.0,64M/48Q/32D,Rogers Cup Presented By National Bank,,Kristina Kucova,,https://www.wtatennis.com/resources/v7.42.0/i/elements/flags/svk.svg,Round of 16,L,"6-3, 4-6, 3-6",https://www.wtatennis.com/players/312673/kristina-kucova,False,False,False,False,False,False,False,3,True,28,13,15,SK,SVK,703,150,Europe,Central Europe,SVK,"6,3,None|4,6,None|3,6,None"
2,Rogers Cup Presented By National Bank,,https://www.wtatennis.com/tournaments/806/montreal/2016,Premier 5,Hard,https://www.wtatennis.com/resources/v7.42.0/i/elements/1000k-tag.svg,2016-07-25,2016-07-31,2016,7,Montreal,SVK,,CA,CAN,124,019,,America,Northern America,CAN,10.0,,105.0,27790.0,64M/48Q/32D,Rogers Cup Presented By National Bank,,Dominika Cibulkova,11.0,https://www.wtatennis.com/resources/v7.42.0/i/elements/flags/svk.svg,Round of 32,W,"6-2, 6-0",https://www.wtatennis.com/players/312894/dominika-cibulkova,False,False,False,False,False,False,False,2,True,14,12,2,SK,SVK,703,150,Europe,Central Europe,SVK,"6,2,None|6,0,None"
3,Rogers Cup Presented By National Bank,,https://www.wtatennis.com/tournaments/806/montreal/2016,Premier 5,Hard,https://www.wtatennis.com/resources/v7.42.0/i/elements/1000k-tag.svg,2016-07-25,2016-07-31,2016,7,Montreal,CZE,,CA,CAN,124,019,,America,Northern America,CAN,28.0,,105.0,27790.0,64M/48Q/32D,Rogers Cup Presented By National Bank,,Lucie Safarova,,https://www.wtatennis.com/resources/v7.42.0/i/elements/flags/cze.svg,Round of 64,W,"6-3, 3-6, 7-6 (3)",https://www.wtatennis.com/players/310553/lucie-safarova,False,False,False,False,False,True,True,3,True,31,16,15,CZ,CZE,203,150,Europe,Central Europe,CZE,"6,3,None|3,6,None|7,6,3"
1,Citi Open,,https://www.wtatennis.com/tournaments/1045/washington-dc/2016,International,Hard,https://www.wtatennis.com/resources/v7.42.0/i/elements/250k-tag.svg,2016-07-18,2016-07-24,2016,7,Washington Dc,ITA,DC,US,USA,840,019,,America,Northern America,USA,77.0,,1.0,2220.0,32M/16Q/16D,Citi Open,,Camila Giorgi,,https://www.wtatennis.com/resources/v7.42.0/i/elements/flags/ita.svg,Round of 32,L,"5-7, 4-6",https://www.wtatennis.com/players/314610/camila-giorgi,False,False,False,False,False,False,False,2,False,22,9,13,IT,ITA,380,150,Europe,Southern Europe,ITA,"5,7,None|4,6,None"
1,Wimbledon,,https://www.wtatennis.com/tournaments/904/wimbledon/2016,Grand Slam,Grass,https://www.wtatennis.com/resources/v7.42.0/i/elements/gs-tag.svg,2016-06-27,2016-07-10,2016,6,Wimbledon,SVK,,GB,GBR,826,150,,Europe,Northern Europe,ENG,18.0,,130.0,122633.0,128M/96Q/64D,The Championships,,Dominika Cibulkova,19.0,https://www.wtatennis.com/resources/v7.42.0/i/elements/flags/svk.svg,Round of 32,L,"4-6, 3-6",https://www.wtatennis.com/players/312894/dominika-cibulkova,False,False,False,False,False,False,False,2,False,19,7,12,SK,SVK,703,150,Europe,Central Europe,SVK,"4,6,None|3,6,None"
2,Wimbledon,,https://www.wtatennis.com/tournaments/904/wimbledon/2016,Grand Slam,Grass,https://www.wtatennis.com/resources/v7.42.0/i/elements/gs-tag.svg,2016-06-27,2016-07-10,2016,6,Wimbledon,GBR,,GB,GBR,826,150,Britain|UK|Great Britain|United Kingdom,Europe,Northern Europe,ENG,19.0,,130.0,122633.0,128M/96Q/64D,The Championships,,Johanna Konta,16.0,https://www.wtatennis.com/resources/v7.42.0/i/elements/flags/gbr.svg,Round of 64,W,"6-3, 1-6, 6-1",https://www.wtatennis.com/players/313907/johanna-konta,False,False,False,False,False,False,False,3,True,23,13,10,GB,GBR,826,150,Europe,Northern Europe,ENG,"6,3,None|1,6,None|6,1,None"
3,Wimbledon,,https://www.wtatennis.com/tournaments/904/wimbledon/2016,Grand Slam,Grass,https://www.wtatennis.com/resources/v7.42.0/i/elements/gs-tag.svg,2016-06-27,2016-07-10,2016,6,Wimbledon,SVK,,GB,GBR,826,150,,Europe,Northern Europe,ENG,94.0,,130.0,122633.0,128M/96Q/64D,The Championships,,Magdalena Rybarikova,,https://www.wtatennis.com/resources/v7.42.0/i/elements/flags/svk.svg,Round of 128,W,"6-3, 6-4",https://www.wtatennis.com/players/312580/magdalena-rybarikova,False,False,False,False,False,False,False,2,True,19,12,7,SK,SVK,703,150,Europe,Central Europe,SVK,"6,3,None|6,4,None"
1,Aegon International Eastbourne,,https://www.wtatennis.com/tournaments/710/eastbourne/2016,WTA 250,Grass,https://www.wtatennis.com/resources/v7.42.0/i/elements/250k-tag.svg,2016-06-19,2016-06-25,2016,6,Eastbourne,POL,,GB,GBR,826,150,,Europe,Northern Europe,ENG,3.0,,55.0,9300.0,64M/32Q/16D,Aegon International Eastbourne,,Agnieszka Radwanska,1.0,https://www.wtatennis.com/resources/v7.42.0/i/elements/flags/pol.svg,Round of 16,L,"3-6, 3-6",https://www.wtatennis.com/players/312251/agnieszka-radwanska,False,False,False,False,False,False,False,2,False,18,6,12,PL,POL,616,150,Europe,Central Europe,POL,"3,6,None|3,6,None"
2,Aegon International Eastbourne,,https://www.wtatennis.com/tournaments/710/eastbourne/2016,WTA 250,Grass,https://www.wtatennis.com/resources/v7.42.0/i/elements/250k-tag.svg,2016-06-19,2016-06-25,2016,6,Eastbourne,ROU,,GB,GBR,826,150,,Europe,Northern Europe,ENG,27.0,,55.0,9300.0,64M/32Q/16D,Aegon International Eastbourne,,Irina-Camelia Begu,15.0,https://www.wtatennis.com/resources/v7.42.0/i/elements/flags/rou.svg,Round of 32,W,"6-3, 6-1",https://www.wtatennis.com/players/313169/irina-camelia-begu,False,False,False,False,False,False,False,2,True,16,12,4,RO,ROU,642,150,Europe,Southeastern Europe,ROU,"6,3,None|6,1,None"
3,Aegon International Eastbourne,,https://www.wtatennis.com/tournaments/710/eastbourne/2016,WTA 250,Grass,https://www.wtatennis.com/resources/v7.42.0/i/elements/250k-tag.svg,2016-06-19,2016-06-25,2016,6,Eastbourne,USA,,GB,GBR,826,150,United States of America|America|USA|US,Europe,Northern Europe,ENG,64.0,,55.0,9300.0,64M/32Q/16D,Aegon International Eastbourne,,Varvara Lepchenko,,https://www.wtatennis.com/resources/v7.42.0/i/elements/flags/usa.svg,Round of 64,W,"6-1, 6-2",https://www.wtatennis.com/players/120420/varvara-lepchenko,False,False,False,False,False,False,False,2,True,15,12,3,US,USA,840,019,America,Northern America,USA,"6,1,None|6,2,None"
1,Mallorca Open,,https://www.wtatennis.com/tournaments/1091/mallorca/2016,International,Grass,https://www.wtatennis.com/resources/v7.42.0/i/elements/250k-tag.svg,2016-06-13,2016-06-19,2016,6,Mallorca,LAT,,ES,ESP,724,150,,Europe,Southern Europe,ESP,82.0,,30.0,3310.0,32M/32Q/16D,Mallorca Open,,Anastasija Sevastova,,https://www.wtatennis.com/resources/v7.42.0/i/elements/flags/lat.svg,Round of 16,L,"3-6, 3-6",https://www.wtatennis.com/players/313987/anastasija-sevastova,False,False,False,False,False,False,False,2,False,18,6,12,,,,,,,LAT,"3,6,None|3,6,None"
2,Mallorca Open,,https://www.wtatennis.com/tournaments/1091/mallorca/2016,International,Grass,https://www.wtatennis.com/resources/v7.42.0/i/elements/250k-tag.svg,2016-06-13,2016-06-19,2016,6,Mallorca,MNE,,ES,ESP,724,150,,Europe,Southern Europe,ESP,53.0,,30.0,3310.0,32M/32Q/16D,Mallorca Open,,Danka Kovinic,,https://www.wtatennis.com/resources/v7.42.0/i/elements/flags/mne.svg,Round of 32,W,"6-3, 7-5",https://www.wtatennis.com/players/317684/danka-kovinic,False,False,False,False,False,False,False,2,True,21,13,8,ME,MNE,499,150,Europe,Southeastern Europe,MNE,"6,3,None|7,5,None"
1,Ricoh Open,,https://www.wtatennis.com/tournaments/822/s-hertogenbosch/2016,International,Grass,https://www.wtatennis.com/resources/v7.42.0/i/elements/250k-tag.svg,2016-06-06,2016-06-12,2016,6,S-Hertogenbosch,BEL,,NL,NLD,528,150,,Europe,Western Europe,NED,171.0,,1.0,2100.0,32M/32Q/16D,Ricoh Open,,Elise Mertens,,https://www.wtatennis.com/resources/v7.42.0/i/elements/flags/bel.svg,Round of 32,L,"2-6, 0-6",https://www.wtatennis.com/players/317964/elise-mertens,False,False,False,False,False,False,False,2,False,14,2,12,BE,BEL,056,150,Europe,Western Europe,BEL,"2,6,None|0,6,None"
1,Roland Garros,,https://www.wtatennis.com/tournaments/903/roland-garros/2016,Grand Slam,Clay,https://www.wtatennis.com/resources/v7.42.0/i/elements/gs-tag.svg,2016-05-22,2016-06-05,2016,5,Paris,SUI,,FR,FRA,250,150,,Europe,Western Europe,FRA,9.0,,70.0,64628.0,128M/96Q/64D,Championnats Internationaux De France,,Timea Bacsinszky,8.0,https://www.wtatennis.com/resources/v7.42.0/i/elements/flags/sui.svg,Round of 64,L,"4-6, 4-6",https://www.wtatennis.com/players/311579/timea-bacsinszky,False,False,False,False,False,False,False,2,False,20,8,12,CH,CHE,756,150,Europe,Central Europe,SUI,"4,6,None|4,6,None"
2,Roland Garros,,https://www.wtatennis.com/tournaments/903/roland-garros/2016,Grand Slam,Clay,https://www.wtatennis.com/resources/v7.42.0/i/elements/gs-tag.svg,2016-05-22,2016-06-05,2016,5,Paris,GER,,FR,FRA,250,150,,Europe,Western Europe,FRA,37.0,,70.0,64628.0,128M/96Q/64D,Championnats Internationaux De France,,Laura Siegemund,,https://www.wtatennis.com/resources/v7.42.0/i/elements/flags/ger.svg,Round of 128,W,"6-2, 6-2",https://www.wtatennis.com/players/310926/laura-siegemund,False,False,False,False,False,False,False,2,True,16,12,4,DE,DEU,276,150,Europe,Central Europe,GER,"6,2,None|6,2,None"
1,Internazionali Bnl D'Italia,,https://www.wtatennis.com/tournaments/709/rome/2016,Premier 5,Clay,https://www.wtatennis.com/resources/v7.42.0/i/elements/1000k-tag.svg,2016-05-09,2016-05-15,2016,5,Rome,CZE,,IT,ITA,380,150,,Europe,Southern Europe,ITA,36.0,,105.0,30541.0,64M/32Q/32D,Internazionali Bnl D'Italia,,Barbora Strycova,,https://www.wtatennis.com/resources/v7.42.0/i/elements/flags/cze.svg,Round of 16,L,"1-6, 0-6",https://www.wtatennis.com/players/190879/barbora-strycova,False,False,False,False,False,False,False,2,False,13,1,12,CZ,CZE,203,150,Europe,Central Europe,CZE,"1,6,None|0,6,None"
2,Internazionali Bnl D'Italia,,https://www.wtatennis.com/tournaments/709/rome/2016,Premier 5,Clay,https://www.wtatennis.com/resources/v7.42.0/i/elements/1000k-tag.svg,2016-05-09,2016-05-15,2016,5,Rome,GER,,IT,ITA,380,150,,Europe,Southern Europe,ITA,2.0,,105.0,30541.0,64M/32Q/32D,Internazionali Bnl D'Italia,,Angelique Kerber,2.0,https://www.wtatennis.com/resources/v7.42.0/i/elements/flags/ger.svg,Round of 32,W,"6-1, 5-7, 7-5",https://www.wtatennis.com/players/311470/angelique-kerber,False,False,False,False,False,False,False,3,True,31,18,13,DE,DEU,276,150,Europe,Central Europe,GER,"6,1,None|5,7,None|7,5,None"
3,Internazionali Bnl D'Italia,,https://www.wtatennis.com/tournaments/709/rome/2016,Premier 5,Clay,https://www.wtatennis.com/resources/v7.42.0/i/elements/1000k-tag.svg,2016-05-09,2016-05-15,2016,5,Rome,SRB,,IT,ITA,380,150,,Europe,Southern Europe,ITA,25.0,,105.0,30541.0,64M/32Q/32D,Internazionali Bnl D'Italia,,Jelena Jankovic,,https://www.wtatennis.com/resources/v7.42.0/i/elements/flags/srb.svg,Round of 64,W,"6-4, 2-6, 6-3",https://www.wtatennis.com/players/100153/jelena-jankovic,False,False,False,False,False,False,False,3,True,27,14,13,RS,SRB,688,150,Europe,Southeastern Europe,SRB,"6,4,None|2,6,None|6,3,None"
1,Mutua Madrid Open,,https://www.wtatennis.com/tournaments/1038/madrid/2016,Premier Mandatory,Clay,https://www.wtatennis.com/resources/v7.42.0/i/elements/1000k-tag.svg,2016-04-30,2016-05-07,2016,4,Madrid,ROU,,ES,ESP,724,150,,Europe,Southern Europe,ESP,34.0,,10.0,15193.0,64M/32Q/32D,Mutua Madrid Open,,Irina-Camelia Begu,,https://www.wtatennis.com/resources/v7.42.0/i/elements/flags/rou.svg,Round of 64,L,"4-6, 6-3, 4-6",https://www.wtatennis.com/players/313169/irina-camelia-begu,False,False,False,False,False,False,False,3,False,29,14,15,RO,ROU,642,150,Europe,Southeastern Europe,ROU,"4,6,None|6,3,None|4,6,None"
1,Volvo Car Open,,https://www.wtatennis.com/tournaments/804/charleston/2016,Premier,Clay,https://www.wtatennis.com/resources/v7.42.0/i/elements/500k-tag.svg,2016-04-04,2016-04-10,2016,4,Charleston,ESP,SC,US,USA,840,019,Kingdom of Spain,America,Northern America,USA,112.0,,30.0,4585.0,64M/32Q/16D,Volvo Car Open,,Lourdes Domínguez Lino,,https://www.wtatennis.com/resources/v7.42.0/i/elements/flags/esp.svg,Round of 32,L,"4-6, 6-1, 0-1",https://www.wtatennis.com/players/40300/lourdes-dom-nguez-lino,True,False,False,False,False,False,False,3,False,18,10,8,ES,ESP,724,150,Europe,Southern Europe,ESP,"4,6,None|6,1,None|0,1,None|Ret"
2,Volvo Car Open,,https://www.wtatennis.com/tournaments/804/charleston/2016,Premier,Clay,https://www.wtatennis.com/resources/v7.42.0/i/elements/500k-tag.svg,2016-04-04,2016-04-10,2016,4,Charleston,ROU,SC,US,USA,840,019,,America,Northern America,USA,97.0,,30.0,4585.0,64M/32Q/16D,Volvo Car Open,,Alexandra Dulgheru,,https://www.wtatennis.com/resources/v7.42.0/i/elements/flags/rou.svg,Round of 64,W,"6-3, 6-4",https://www.wtatennis.com/players/312712/alexandra-dulgheru,False,False,False,False,False,False,False,2,True,19,12,7,RO,ROU,642,150,Europe,Southeastern Europe,ROU,"6,3,None|6,4,None"
1,Miami Open Presented By Itau,,https://www.wtatennis.com/tournaments/902/miami/2016,Premier Mandatory,Hard,https://www.wtatennis.com/resources/v7.42.0/i/elements/1000k-tag.svg,2016-03-22,2016-04-03,2016,3,Miami,CZE,FL,US,USA,840,019,,America,Northern America,USA,85.0,,10.0,11970.0,128M/48Q/32D,Miami Open Presented By Itau,,Lucie Hradecka,,https://www.wtatennis.com/resources/v7.42.0/i/elements/flags/cze.svg,Round of 128,L,"4-6, 6-3, 2-6",https://www.wtatennis.com/players/310849/lucie-hradecka,False,False,False,False,False,False,False,3,False,27,12,15,CZ,CZE,203,150,Europe,Central Europe,CZE,"4,6,None|6,3,None|2,6,None"
1,Bnp Paribas Open,,https://www.wtatennis.com/tournaments/609/indian-wells/2016,Premier Mandatory,Hard,https://www.wtatennis.com/resources/v7.42.0/i/elements/1000k-tag.svg,2016-03-09,2016-03-20,2016,3,Indian Wells,SUI,CA,US,USA,840,019,,America,Northern America,USA,21.0,,65.0,36170.0,128M/48Q/32D,Bnp Paribas Open,,Timea Bacsinszky,12.0,https://www.wtatennis.com/resources/v7.42.0/i/elements/flags/sui.svg,Round of 32,L,"2-6, 7-5, 2-6",https://www.wtatennis.com/players/311579/timea-bacsinszky,False,False,False,False,False,False,False,3,False,28,11,17,CH,CHE,756,150,Europe,Central Europe,SUI,"2,6,None|7,5,None|2,6,None"
2,Bnp Paribas Open,,https://www.wtatennis.com/tournaments/609/indian-wells/2016,Premier Mandatory,Hard,https://www.wtatennis.com/resources/v7.42.0/i/elements/1000k-tag.svg,2016-03-09,2016-03-20,2016,3,Indian Wells,USA,CA,US,USA,840,019,United States of America|America|USA|US,America,Northern America,USA,22.0,,65.0,36170.0,128M/48Q/32D,Bnp Paribas Open,,Sloane Stephens,21.0,https://www.wtatennis.com/resources/v7.42.0/i/elements/flags/usa.svg,Round of 64,W,"7-5, 7-5",https://www.wtatennis.com/players/315683/sloane-stephens,False,False,False,False,False,False,False,2,True,24,14,10,US,USA,840,019,America,Northern America,USA,"7,5,None|7,5,None"
3,Bnp Paribas Open,,https://www.wtatennis.com/tournaments/609/indian-wells/2016,Premier Mandatory,Hard,https://www.wtatennis.com/resources/v7.42.0/i/elements/1000k-tag.svg,2016-03-09,2016-03-20,2016,3,Indian Wells,JPN,CA,US,USA,840,019,,America,Northern America,USA,125.0,,65.0,36170.0,128M/48Q/32D,Bnp Paribas Open,,Risa Ozaki,,https://www.wtatennis.com/resources/v7.42.0/i/elements/flags/jpn.svg,Round of 128,W,"2-6, 6-4, 6-2",https://www.wtatennis.com/players/318704/risa-ozaki,False,False,False,False,False,False,False,3,False,26,14,12,JP,JPN,392,142,Asia,East Asia,JPN,"2,6,None|6,4,None|6,2,None"
1,Bmw Malaysian Open,,https://www.wtatennis.com/tournaments/1041/kuala-lumpur/2016,International,Hard,https://www.wtatennis.com/resources/v7.42.0/i/elements/250k-tag.svg,2016-02-29,2016-03-06,2016,2,Kuala Lumpur,UKR,,MY,MYS,458,142,,Asia,Southeast Asia,MAS,19.0,,180.0,21400.0,32M/24Q/16D,Bmw Malaysian Open,,Elina Svitolina,2.0,https://www.wtatennis.com/resources/v7.42.0/i/elements/flags/ukr.svg,Finals,L,"7-6 (5), 4-6, 5-7",https://www.wtatennis.com/players/316738/elina-svitolina,False,False,False,True,False,False,True,3,True,35,16,19,UA,UKR,804,150,Europe,Eastern Europe,UKR,"7,6,5|4,6,None|5,7,None"
2,Bmw Malaysian Open,,https://www.wtatennis.com/tournaments/1041/kuala-lumpur/2016,International,Hard,https://www.wtatennis.com/resources/v7.42.0/i/elements/250k-tag.svg,2016-02-29,2016-03-06,2016,2,Kuala Lumpur,GBR,,MY,MYS,458,142,Britain|UK|Great Britain|United Kingdom,Asia,Southeast Asia,MAS,96.0,,180.0,21400.0,32M/24Q/16D,Bmw Malaysian Open,,Naomi Broady,,https://www.wtatennis.com/resources/v7.42.0/i/elements/flags/gbr.svg,Semifinals,W,"6-4, 6-3",https://www.wtatennis.com/players/313941/naomi-broady,False,False,False,False,False,False,False,2,True,19,12,7,GB,GBR,826,150,Europe,Northern Europe,ENG,"6,4,None|6,3,None"
3,Bmw Malaysian Open,,https://www.wtatennis.com/tournaments/1041/kuala-lumpur/2016,International,Hard,https://www.wtatennis.com/resources/v7.42.0/i/elements/250k-tag.svg,2016-02-29,2016-03-06,2016,2,Kuala Lumpur,TUR,,MY,MYS,458,142,,Asia,Southeast Asia,MAS,128.0,,180.0,21400.0,32M/24Q/16D,Bmw Malaysian Open,,Cagla Buyukakcay,,https://www.wtatennis.com/resources/v7.42.0/i/elements/flags/tur.svg,Quarterfinals,W,"6-1, 6-4",https://www.wtatennis.com/players/312292/cagla-buyukakcay,False,False,False,False,False,False,False,2,True,17,12,5,TR,TUR,792,142,Asia,Western Asia,TUR,"6,1,None|6,4,None"
4,Bmw Malaysian Open,,https://www.wtatennis.com/tournaments/1041/kuala-lumpur/2016,International,Hard,https://www.wtatennis.com/resources/v7.42.0/i/elements/250k-tag.svg,2016-02-29,2016-03-06,2016,2,Kuala Lumpur,JPN,,MY,MYS,458,142,,Asia,Southeast Asia,MAS,82.0,,180.0,21400.0,32M/24Q/16D,Bmw Malaysian Open,,Kurumi Nara,,https://www.wtatennis.com/resources/v7.42.0/i/elements/flags/jpn.svg,Round of 16,W,"6-1, 6-2",https://www.wtatennis.com/players/314344/kurumi-nara,False,False,False,False,False,False,False,2,True,15,12,3,JP,JPN,392,142,Asia,East Asia,JPN,"6,1,None|6,2,None"
5,Bmw Malaysian Open,,https://www.wtatennis.com/tournaments/1041/kuala-lumpur/2016,International,Hard,https://www.wtatennis.com/resources/v7.42.0/i/elements/250k-tag.svg,2016-02-29,2016-03-06,2016,2,Kuala Lumpur,HKG,,MY,MYS,458,142,,Asia,Southeast Asia,MAS,278.0,,180.0,21400.0,32M/24Q/16D,Bmw Malaysian Open,,Ling Zhang,,https://www.wtatennis.com/resources/v7.42.0/i/elements/flags/hkg.svg,Round of 32,W,"6-3, 6-1",https://www.wtatennis.com/players/313228/ling-zhang,False,False,False,False,False,False,False,2,True,16,12,4,HK,HKG,344,142,Asia,East Asia,HKG,"6,3,None|6,1,None"
1,Qatar Total Open 2016,,https://www.wtatennis.com/tournaments/1003/doha/2016,Premier 5,Hard,https://www.wtatennis.com/resources/v7.42.0/i/elements/1000k-tag.svg,2016-02-21,2016-02-27,2016,2,Doha,CHN,,QA,QAT,634,142,,Asia,Western Asia,QAT,73.0,W,105.0,29580.0,64M/32Q/32D,Qatar Total Open 2016,,Saisai Zheng,,https://www.wtatennis.com/resources/v7.42.0/i/elements/flags/chn.svg,Round of 16,L,"6-7 (1), 1-6",https://www.wtatennis.com/players/316286/saisai-zheng,False,False,False,True,False,False,True,2,False,20,7,13,CN,CHN,156,142,Asia,East Asia,CHN,"6,7,1|1,6,None"
2,Qatar Total Open 2016,,https://www.wtatennis.com/tournaments/1003/doha/2016,Premier 5,Hard,https://www.wtatennis.com/resources/v7.42.0/i/elements/1000k-tag.svg,2016-02-21,2016-02-27,2016,2,Doha,CZE,,QA,QAT,634,142,,Asia,Western Asia,QAT,62.0,W,105.0,29580.0,64M/32Q/32D,Qatar Total Open 2016,,Denisa Satralova,,https://www.wtatennis.com/resources/v7.42.0/i/elements/flags/cze.svg,Round of 32,W,"7-6 (0), 7-5",https://www.wtatennis.com/players/316550/denisa-satralova,False,False,False,True,False,False,True,2,True,25,14,11,CZ,CZE,203,150,Europe,Central Europe,CZE,"7,6,0|7,5,None"
3,Qatar Total Open 2016,,https://www.wtatennis.com/tournaments/1003/doha/2016,Premier 5,Hard,https://www.wtatennis.com/resources/v7.42.0/i/elements/1000k-tag.svg,2016-02-21,2016-02-27,2016,2,Doha,LAT,,QA,QAT,634,142,,Asia,Western Asia,QAT,95.0,W,105.0,29580.0,64M/32Q/32D,Qatar Total Open 2016,,Anastasija Sevastova,,https://www.wtatennis.com/resources/v7.42.0/i/elements/flags/lat.svg,Round of 64,W,"5-7, 6-3, 7-6 (4)",https://www.wtatennis.com/players/313987/anastasija-sevastova,False,False,False,False,False,True,True,3,False,34,18,16,,,,,,,LAT,"5,7,None|6,3,None|7,6,4"
1,Australian Open,,https://www.wtatennis.com/tournaments/901/australian-open/2016,Grand Slam,Hard,https://www.wtatennis.com/resources/v7.42.0/i/elements/gs-tag.svg,2016-01-18,2016-01-31,2016,1,Melbourne,POL,,AU,AUS,036,009,,Oceania,Australasia,AUS,4.0,,70.0,50324.0,128M/128Q/64D,Australian Open,,Agnieszka Radwanska,4.0,https://www.wtatennis.com/resources/v7.42.0/i/elements/flags/pol.svg,Round of 64,L,"4-6, 2-6",https://www.wtatennis.com/players/312251/agnieszka-radwanska,False,False,False,False,False,False,False,2,False,18,6,12,PL,POL,616,150,Europe,Central Europe,POL,"4,6,None|2,6,None"
2,Australian Open,,https://www.wtatennis.com/tournaments/901/australian-open/2016,Grand Slam,Hard,https://www.wtatennis.com/resources/v7.42.0/i/elements/gs-tag.svg,2016-01-18,2016-01-31,2016,1,Melbourne,SRB,,AU,AUS,036,009,,Oceania,Australasia,AUS,119.0,,70.0,50324.0,128M/128Q/64D,Australian Open,,Aleksandra Krunic,,https://www.wtatennis.com/resources/v7.42.0/i/elements/flags/srb.svg,Round of 128,W,"6-3, 6-4",https://www.wtatennis.com/players/316344/aleksandra-krunic,False,False,False,False,False,False,False,2,True,19,12,7,RS,SRB,688,150,Europe,Southeastern Europe,SRB,"6,3,None|6,4,None"
1,Hobart International,,https://www.wtatennis.com/tournaments/1050/hobart/2016,International,Hard,https://www.wtatennis.com/resources/v7.42.0/i/elements/250k-tag.svg,2016-01-10,2016-01-16,2016,1,Hobart,FRA,,AU,AUS,036,009,,Oceania,Australasia,AUS,42.0,,180.0,21400.0,32M/32Q/16D,Hobart International,,Alizé Cornet,7.0,https://www.wtatennis.com/resources/v7.42.0/i/elements/flags/fra.svg,Finals,L,"1-6, 2-6",https://www.wtatennis.com/players/312121/aliz-cornet,False,False,False,False,False,False,False,2,False,15,3,12,FR,FRA,250,150,Europe,Western Europe,FRA,"1,6,None|2,6,None"
2,Hobart International,,https://www.wtatennis.com/tournaments/1050/hobart/2016,International,Hard,https://www.wtatennis.com/resources/v7.42.0/i/elements/250k-tag.svg,2016-01-10,2016-01-16,2016,1,Hobart,SVK,,AU,AUS,036,009,,Oceania,Australasia,AUS,37.0,,180.0,21400.0,32M/32Q/16D,Hobart International,,Dominika Cibulkova,3.0,https://www.wtatennis.com/resources/v7.42.0/i/elements/flags/svk.svg,Semifinals,W,"6-1, 4-6, 6-4",https://www.wtatennis.com/players/312894/dominika-cibulkova,False,False,False,False,False,False,False,3,True,27,16,11,SK,SVK,703,150,Europe,Central Europe,SVK,"6,1,None|4,6,None|6,4,None"
3,Hobart International,,https://www.wtatennis.com/tournaments/1050/hobart/2016,International,Hard,https://www.wtatennis.com/resources/v7.42.0/i/elements/250k-tag.svg,2016-01-10,2016-01-16,2016,1,Hobart,ITA,,AU,AUS,036,009,,Oceania,Australasia,AUS,35.0,,180.0,21400.0,32M/32Q/16D,Hobart International,,Camila Giorgi,2.0,https://www.wtatennis.com/resources/v7.42.0/i/elements/flags/ita.svg,Quarterfinals,W,"6-3, 6-2",https://www.wtatennis.com/players/314610/camila-giorgi,False,False,False,False,False,False,False,2,True,17,12,5,IT,ITA,380,150,Europe,Southern Europe,ITA,"6,3,None|6,2,None"
4,Hobart International,,https://www.wtatennis.com/tournaments/1050/hobart/2016,International,Hard,https://www.wtatennis.com/resources/v7.42.0/i/elements/250k-tag.svg,2016-01-10,2016-01-16,2016,1,Hobart,BEL,,AU,AUS,036,009,,Oceania,Australasia,AUS,44.0,,180.0,21400.0,32M/32Q/16D,Hobart International,,Alison Van Uytvanck,8.0,https://www.wtatennis.com/resources/v7.42.0/i/elements/flags/bel.svg,Round of 16,W,"6-4, 7-5",https://www.wtatennis.com/players/317819/alison-van-uytvanck,False,False,False,False,False,False,False,2,True,22,13,9,BE,BEL,056,150,Europe,Western Europe,BEL,"6,4,None|7,5,None"
5,Hobart International,,https://www.wtatennis.com/tournaments/1050/hobart/2016,International,Hard,https://www.wtatennis.com/resources/v7.42.0/i/elements/250k-tag.svg,2016-01-10,2016-01-16,2016,1,Hobart,USA,,AU,AUS,036,009,United States of America|America|USA|US,Oceania,Australasia,AUS,64.0,,180.0,21400.0,32M/32Q/16D,Hobart International,,Bethanie Mattek-Sands,,https://www.wtatennis.com/resources/v7.42.0/i/elements/flags/usa.svg,Round of 32,W,"6-2, 6-1",https://www.wtatennis.com/players/130713/bethanie-mattek-sands,False,False,False,False,False,False,False,2,True,15,12,3,US,USA,840,019,America,Northern America,USA,"6,2,None|6,1,None"
1,Shenzhen Open,,https://www.wtatennis.com/tournaments/1063/shenzhen/2016,International,Hard,https://www.wtatennis.com/resources/v7.42.0/i/elements/250k-tag.svg,2016-01-03,2016-01-09,2016,1,Shenzhen,HUN,,CN,CHN,156,142,,Asia,East Asia,CHN,70.0,,60.0,8934.0,32M/16Q/16D,Shenzhen Open,,Timea Babos,,https://www.wtatennis.com/resources/v7.42.0/i/elements/flags/hun.svg,Quarterfinals,L,"4-6, 4-6",https://www.wtatennis.com/players/317070/timea-babos,False,False,False,False,False,False,False,2,False,20,8,12,HU,HUN,348,150,Europe,Central Europe,HUN,"4,6,None|4,6,None"
2,Shenzhen Open,,https://www.wtatennis.com/tournaments/1063/shenzhen/2016,International,Hard,https://www.wtatennis.com/resources/v7.42.0/i/elements/250k-tag.svg,2016-01-03,2016-01-09,2016,1,Shenzhen,USA,,CN,CHN,156,142,United States of America|America|USA|US,Asia,East Asia,CHN,109.0,,60.0,8934.0,32M/16Q/16D,Shenzhen Open,,Nicole Gibbs,,https://www.wtatennis.com/resources/v7.42.0/i/elements/flags/usa.svg,Round of 16,W,"6-4, 6-2",https://www.wtatennis.com/players/315279/nicole-gibbs,False,False,False,False,False,False,False,2,True,18,12,6,US,USA,840,019,America,Northern America,USA,"6,4,None|6,2,None"
3,Shenzhen Open,,https://www.wtatennis.com/tournaments/1063/shenzhen/2016,International,Hard,https://www.wtatennis.com/resources/v7.42.0/i/elements/250k-tag.svg,2016-01-03,2016-01-09,2016,1,Shenzhen,CRO,,CN,CHN,156,142,,Asia,East Asia,CHN,103.0,,60.0,8934.0,32M/16Q/16D,Shenzhen Open,,Donna Vekic,,https://www.wtatennis.com/resources/v7.42.0/i/elements/flags/cro.svg,Round of 32,W,"6-4, 1-6, 7-5",https://www.wtatennis.com/players/318516/donna-vekic,False,False,False,False,False,False,False,3,True,29,14,15,HR,HRV,191,150,Europe,Southeastern Europe,CRO,"6,4,None|1,6,None|7,5,None"
1,China Open 2015,,https://www.wtatennis.com/tournaments/1020/beijing/2015,Premier Mandatory,Hard,https://www.wtatennis.com/resources/v7.42.0/i/elements/1000k-tag.svg,2015-10-03,2015-10-11,2015,10,Beijing,GER,,CN,CHN,156,142,,Asia,East Asia,CHN,21.0,,10.0,15280.0,64M/32Q/32D,China Open 2015,,Andrea Petkovic,13.0,https://www.wtatennis.com/resources/v7.42.0/i/elements/flags/ger.svg,Round of 64,L,"2-6, 1-1",https://www.wtatennis.com/players/310770/andrea-petkovic,True,False,False,False,False,False,False,2,False,10,3,7,DE,DEU,276,150,Europe,Central Europe,GER,"2,6,None|1,1,None|Ret"
1,Us Open,,https://www.wtatennis.com/tournaments/905/us-open/2015,Grand Slam,Hard,https://www.wtatennis.com/resources/v7.42.0/i/elements/gs-tag.svg,2015-08-31,2015-09-13,2015,8,New York,ITA,NY,US,USA,840,019,,America,Northern America,USA,43.0,,240.0,209595.0,128M/128Q/64D,Us Open,,Roberta Vinci,,https://www.wtatennis.com/resources/v7.42.0/i/elements/flags/ita.svg,Round of 16,L,Walkover,https://www.wtatennis.com/players/220214/roberta-vinci,False,True,False,False,False,False,False,0,False,0,0,0,IT,ITA,380,150,Europe,Southern Europe,ITA,
2,Us Open,,https://www.wtatennis.com/tournaments/905/us-open/2015,Grand Slam,Hard,https://www.wtatennis.com/resources/v7.42.0/i/elements/gs-tag.svg,2015-08-31,2015-09-13,2015,8,New York,SVK,NY,US,USA,840,019,,America,Northern America,USA,50.0,,240.0,209595.0,128M/128Q/64D,Us Open,,Dominika Cibulkova,,https://www.wtatennis.com/resources/v7.42.0/i/elements/flags/svk.svg,Round of 32,W,"7-6 (9), 4-6, 6-3",https://www.wtatennis.com/players/312894/dominika-cibulkova,False,False,False,True,False,False,True,3,True,32,17,15,SK,SVK,703,150,Europe,Central Europe,SVK,"7,6,9|4,6,None|6,3,None"
3,Us Open,,https://www.wtatennis.com/tournaments/905/us-open/2015,Grand Slam,Hard,https://www.wtatennis.com/resources/v7.42.0/i/elements/gs-tag.svg,2015-08-31,2015-09-13,2015,8,New York,SLO,NY,US,USA,840,019,,America,Northern America,USA,64.0,,240.0,209595.0,128M/128Q/64D,Us Open,,Polona Hercog,,https://www.wtatennis.com/resources/v7.42.0/i/elements/flags/slo.svg,Round of 64,W,"6-3, 6-7 (2), 6-3",https://www.wtatennis.com/players/313968/polona-hercog,False,False,False,False,True,False,True,3,True,31,18,13,,,,,,,SLO,"6,3,None|6,7,2|6,3,None"
4,Us Open,,https://www.wtatennis.com/tournaments/905/us-open/2015,Grand Slam,Hard,https://www.wtatennis.com/resources/v7.42.0/i/elements/gs-tag.svg,2015-08-31,2015-09-13,2015,8,New York,USA,NY,US,USA,840,019,United States of America|America|USA|US,America,Northern America,USA,57.0,,240.0,209595.0,128M/128Q/64D,Us Open,,Alison Riske-Amritraj,,https://www.wtatennis.com/resources/v7.42.0/i/elements/flags/usa.svg,Round of 128,W,"6-4, 6-3",https://www.wtatennis.com/players/312850/alison-riske-amritraj,False,False,False,False,False,False,False,2,True,19,12,7,US,USA,840,019,America,Northern America,USA,"6,4,None|6,3,None"
1,Connecticut Open Presented By United Technologies,,https://www.wtatennis.com/tournaments/602/new-haven/2015,Premier,Hard,https://www.wtatennis.com/resources/v7.42.0/i/elements/500k-tag.svg,2015-08-23,2015-08-29,2015,8,New Haven,ITA,CT,US,USA,840,019,,America,Northern America,USA,47.0,,1.0,5755.0,32M/64Q/16D,Connecticut Open Presented By United Technologies,,Roberta Vinci,,https://www.wtatennis.com/resources/v7.42.0/i/elements/flags/ita.svg,Round of 32,L,"1-6, 0-6",https://www.wtatennis.com/players/220214/roberta-vinci,False,False,False,False,False,False,False,2,False,13,1,12,IT,ITA,380,150,Europe,Southern Europe,ITA,"1,6,None|0,6,None"
1,Western & Southern Open,,https://www.wtatennis.com/tournaments/1017/cincinnati/2015,Premier 5,Hard,https://www.wtatennis.com/resources/v7.42.0/i/elements/1000k-tag.svg,2015-08-17,2015-08-23,2015,8,Cincinnati,UKR,OH,US,USA,840,019,,America,Northern America,USA,20.0,,60.0,14160.0,64M/64Q/32D,Western & Southern Open,,Elina Svitolina,14.0,https://www.wtatennis.com/resources/v7.42.0/i/elements/flags/ukr.svg,Round of 32,L,"6-7 (6), 5-7",https://www.wtatennis.com/players/316738/elina-svitolina,False,False,False,True,False,False,True,2,False,25,11,14,UA,UKR,804,150,Europe,Eastern Europe,UKR,"6,7,6|5,7,None"
2,Western & Southern Open,,https://www.wtatennis.com/tournaments/1017/cincinnati/2015,Premier 5,Hard,https://www.wtatennis.com/resources/v7.42.0/i/elements/1000k-tag.svg,2015-08-17,2015-08-23,2015,8,Cincinnati,UKR,OH,US,USA,840,019,,America,Northern America,USA,103.0,,60.0,14160.0,64M/64Q/32D,Western & Southern Open,,Kateryna Volodko,,https://www.wtatennis.com/resources/v7.42.0/i/elements/flags/ukr.svg,Round of 64,W,"7-6 (2), 7-6 (5)",https://www.wtatennis.com/players/20702/kateryna-volodko,False,False,False,True,True,False,True,2,True,26,14,12,UA,UKR,804,150,Europe,Eastern Europe,UKR,"7,6,2|7,6,5"
1,Rogers Cup Presented By National Bank,,https://www.wtatennis.com/tournaments/806/montreal/2015,Premier 5,Hard,https://www.wtatennis.com/resources/v7.42.0/i/elements/1000k-tag.svg,2015-08-10,2015-08-16,2015,8,Toronto,SUI,,CA,CAN,124,019,,America,Northern America,CAN,20.0,,1.0,7565.0,64M/64Q/32D,Rogers Cup Presented By National Bank,,Belinda Bencic,,https://www.wtatennis.com/resources/v7.42.0/i/elements/flags/sui.svg,Round of 64,L,"0-6, 7-5, 2-6",https://www.wtatennis.com/players/319001/belinda-bencic,False,False,False,False,False,False,False,3,False,26,9,17,CH,CHE,756,150,Europe,Central Europe,SUI,"0,6,None|7,5,None|2,6,None"
1,Wimbledon,,https://www.wtatennis.com/tournaments/904/wimbledon/2015,Grand Slam,Grass,https://www.wtatennis.com/resources/v7.42.0/i/elements/gs-tag.svg,2015-06-29,2015-07-12,2015,6,Wimbledon,CHN,,GB,GBR,826,150,,Europe,Northern Europe,ENG,117.0,,10.0,46258.0,128M/128Q/64D,The Championships,,Yingying Duan,,https://www.wtatennis.com/resources/v7.42.0/i/elements/flags/chn.svg,Round of 128,L,"6-7 (3), 4-6",https://www.wtatennis.com/players/314492/yingying-duan,False,False,False,True,False,False,True,2,False,23,10,13,CN,CHN,156,142,Asia,East Asia,CHN,"6,7,3|4,6,None"
1,Aegon International Eastbourne,,https://www.wtatennis.com/tournaments/710/eastbourne/2015,WTA 250,Grass,https://www.wtatennis.com/resources/v7.42.0/i/elements/250k-tag.svg,2015-06-21,2015-06-27,2015,6,Eastbourne,SUI,,GB,GBR,826,150,,Europe,Northern Europe,ENG,31.0,,55.0,8700.0,64M/32Q/16D,Aegon International Eastbourne,,Belinda Bencic,,https://www.wtatennis.com/resources/v7.42.0/i/elements/flags/sui.svg,Round of 16,L,"4-6, 0-3",https://www.wtatennis.com/players/319001/belinda-bencic,True,False,False,False,False,False,False,2,False,13,4,9,CH,CHE,756,150,Europe,Central Europe,SUI,"4,6,None|0,3,None|Ret"
2,Aegon International Eastbourne,,https://www.wtatennis.com/tournaments/710/eastbourne/2015,WTA 250,Grass,https://www.wtatennis.com/resources/v7.42.0/i/elements/250k-tag.svg,2015-06-21,2015-06-27,2015,6,Eastbourne,USA,,GB,GBR,826,150,United States of America|America|USA|US,Europe,Northern Europe,ENG,42.0,,55.0,8700.0,64M/32Q/16D,Aegon International Eastbourne,,Alison Riske-Amritraj,,https://www.wtatennis.com/resources/v7.42.0/i/elements/flags/usa.svg,Round of 32,W,"7-6 (5), 6-3",https://www.wtatennis.com/players/312850/alison-riske-amritraj,False,False,False,True,False,False,True,2,True,22,13,9,US,USA,840,019,America,Northern America,USA,"7,6,5|6,3,None"
3,Aegon International Eastbourne,,https://www.wtatennis.com/tournaments/710/eastbourne/2015,WTA 250,Grass,https://www.wtatennis.com/resources/v7.42.0/i/elements/250k-tag.svg,2015-06-21,2015-06-27,2015,6,Eastbourne,,,GB,GBR,826,150,,Europe,Northern Europe,ENG,,,55.0,8700.0,64M/32Q/16D,Aegon International Eastbourne,,,,,Round of 64,,Bye,,False,False,True,False,False,False,False,0,False,0,0,0,,,,,,,,
1,Aegon Classic Birmingham,,https://www.wtatennis.com/tournaments/1052/birmingham/2015,Premier,Grass,https://www.wtatennis.com/resources/v7.42.0/i/elements/500k-tag.svg,2015-06-15,2015-06-21,2015,6,Birmingham,FRA,,GB,GBR,826,150,,Europe,Northern Europe,ENG,43.0,W,1.0,4440.0,64M/32Q/16D,Aegon Classic Birmingham,,Kristina Mladenovic,,https://www.wtatennis.com/resources/v7.42.0/i/elements/flags/fra.svg,Round of 32,L,"3-6, 6-4, 0-6",https://www.wtatennis.com/players/315616/kristina-mladenovic,False,False,False,False,False,False,False,3,False,25,9,16,FR,FRA,250,150,Europe,Western Europe,FRA,"3,6,None|6,4,None|0,6,None"
2,Aegon Classic Birmingham,,https://www.wtatennis.com/tournaments/1052/birmingham/2015,Premier,Grass,https://www.wtatennis.com/resources/v7.42.0/i/elements/500k-tag.svg,2015-06-15,2015-06-21,2015,6,Birmingham,,,GB,GBR,826,150,,Europe,Northern Europe,ENG,,W,1.0,4440.0,64M/32Q/16D,Aegon Classic Birmingham,,,,,Round of 64,,Bye,,False,False,True,False,False,False,False,0,False,0,0,0,,,,,,,,
1,Topshelf Open,,https://www.wtatennis.com/tournaments/822/s-hertogenbosch/2015,International,Grass,https://www.wtatennis.com/resources/v7.42.0/i/elements/250k-tag.svg,2015-06-08,2015-06-14,2015,6,S-Hertogenbosch,KAZ,,NL,NLD,528,150,,Europe,Western Europe,NED,76.0,W,1.0,1925.0,32M/32Q/16D,Topshelf Open,,Yaroslava Shvedova,,https://www.wtatennis.com/resources/v7.42.0/i/elements/flags/kaz.svg,Round of 32,L,"4-6, 6-1, 4-6",https://www.wtatennis.com/players/311137/yaroslava-shvedova,False,False,False,False,False,False,False,3,False,27,14,13,KZ,KAZ,398,142,Asia,Central Asia,KAZ,"4,6,None|6,1,None|4,6,None"
1,Roland Garros,,https://www.wtatennis.com/tournaments/903/roland-garros/2015,Grand Slam,Clay,https://www.wtatennis.com/resources/v7.42.0/i/elements/gs-tag.svg,2015-05-24,2015-06-07,2015,5,Paris,FRA,,FR,FRA,250,150,,Europe,Western Europe,FRA,44.0,,10.0,32231.0,128M/128Q/64D,Championnats Internationaux De France,,Kristina Mladenovic,,https://www.wtatennis.com/resources/v7.42.0/i/elements/flags/fra.svg,Round of 128,L,"4-6, 4-6",https://www.wtatennis.com/players/315616/kristina-mladenovic,False,False,False,False,False,False,False,2,False,20,8,12,FR,FRA,250,150,Europe,Western Europe,FRA,"4,6,None|4,6,None"
1,Internazionali Bnl D'Italia,,https://www.wtatennis.com/tournaments/709/rome/2015,Premier 5,Clay,https://www.wtatennis.com/resources/v7.42.0/i/elements/1000k-tag.svg,2015-05-11,2015-05-17,2015,5,Rome,ESP,,IT,ITA,380,150,Kingdom of Spain,Europe,Southern Europe,ITA,10.0,,105.0,28281.0,64M/32Q/32D,Internazionali Bnl D'Italia,,Carla Suárez Navarro,10.0,https://www.wtatennis.com/resources/v7.42.0/i/elements/flags/esp.svg,Round of 16,L,"7-6 (2), 5-7, 6-7 (7)",https://www.wtatennis.com/players/311338/carla-su-rez-navarro,False,False,False,True,False,True,True,3,True,38,18,20,ES,ESP,724,150,Europe,Southern Europe,ESP,"7,6,2|5,7,None|6,7,7"
2,Internazionali Bnl D'Italia,,https://www.wtatennis.com/tournaments/709/rome/2015,Premier 5,Clay,https://www.wtatennis.com/resources/v7.42.0/i/elements/1000k-tag.svg,2015-05-11,2015-05-17,2015,5,Rome,KAZ,,IT,ITA,380,150,,Europe,Southern Europe,ITA,34.0,,105.0,28281.0,64M/32Q/32D,Internazionali Bnl D'Italia,,Zarina Diyas,,https://www.wtatennis.com/resources/v7.42.0/i/elements/flags/kaz.svg,Round of 32,W,"6-3, 6-4",https://www.wtatennis.com/players/315696/zarina-diyas,False,False,False,False,False,False,False,2,True,19,12,7,KZ,KAZ,398,142,Asia,Central Asia,KAZ,"6,3,None|6,4,None"
3,Internazionali Bnl D'Italia,,https://www.wtatennis.com/tournaments/709/rome/2015,Premier 5,Clay,https://www.wtatennis.com/resources/v7.42.0/i/elements/1000k-tag.svg,2015-05-11,2015-05-17,2015,5,Rome,,,IT,ITA,380,150,,Europe,Southern Europe,ITA,,,105.0,28281.0,64M/32Q/32D,Internazionali Bnl D'Italia,,,,,Round of 64,,Bye,,False,False,True,False,False,False,False,0,False,0,0,0,,,,,,,,
1,Mutua Madrid Open,,https://www.wtatennis.com/tournaments/1038/madrid/2015,Premier Mandatory,Clay,https://www.wtatennis.com/resources/v7.42.0/i/elements/1000k-tag.svg,2015-05-02,2015-05-09,2015,5,Madrid,CZE,,ES,ESP,724,150,,Europe,Southern Europe,ESP,23.0,,10.0,13007.0,64M/32Q/32D,Mutua Madrid Open,,Barbora Strycova,,https://www.wtatennis.com/resources/v7.42.0/i/elements/flags/cze.svg,Round of 64,L,"6-0, 3-6, 3-6",https://www.wtatennis.com/players/190879/barbora-strycova,False,False,False,False,False,False,False,3,True,24,12,12,CZ,CZE,203,150,Europe,Central Europe,CZE,"6,0,None|3,6,None|3,6,None"
1,Fed Cup World Group (Playoffs) Wk2,https://www.wtatennis.com/resources/v7.42.0/i/elements/itf.png,,ITF,Hard,https://www.wtatennis.com/resources/v7.42.0/i/elements/itf.png,2015-04-18,2015-04-19,2015,4,Montreal,ROU,,CA,CAN,124,019,,America,Northern America,CAN,69.0,,,,8M/0Q/0D,Fed Cup World Group (Playoffs) Wk2,,Alexandra Dulgheru,,https://www.wtatennis.com/resources/v7.42.0/i/elements/flags/rou.svg,Round 2 R2,L,"4-6, 4-6",https://www.wtatennis.com/players/312712/alexandra-dulgheru,False,False,False,False,False,False,False,2,False,20,8,12,RO,ROU,642,150,Europe,Southeastern Europe,ROU,"4,6,None|4,6,None"
2,Fed Cup World Group (Playoffs) Wk2,https://www.wtatennis.com/resources/v7.42.0/i/elements/itf.png,,ITF,Hard,https://www.wtatennis.com/resources/v7.42.0/i/elements/itf.png,2015-04-18,2015-04-19,2015,4,Montreal,ROU,,CA,CAN,124,019,,America,Northern America,CAN,104.0,,,,8M/0Q/0D,Fed Cup World Group (Playoffs) Wk2,,Andreea Mitu,,https://www.wtatennis.com/resources/v7.42.0/i/elements/flags/rou.svg,Round 2 R2,L,"6-4, 4-6, 1-6",https://www.wtatennis.com/players/314050/andreea-mitu,False,False,False,False,False,False,False,3,True,27,11,16,RO,ROU,642,150,Europe,Southeastern Europe,ROU,"6,4,None|4,6,None|1,6,None"
1,Family Circle Cup,,https://www.wtatennis.com/tournaments/804/charleston/2015,Premier,Clay,https://www.wtatennis.com/resources/v7.42.0/i/elements/500k-tag.svg,2015-04-06,2015-04-12,2015,4,Charleston,USA,SC,US,USA,840,019,United States of America|America|USA|US,America,Northern America,USA,66.0,W,1.0,4440.0,64M/32Q/16D,Family Circle Cup,,Lauren Davis,,https://www.wtatennis.com/resources/v7.42.0/i/elements/flags/usa.svg,Round of 32,L,"3-6, 1-6",https://www.wtatennis.com/players/317414/lauren-davis,False,False,False,False,False,False,False,2,False,16,4,12,US,USA,840,019,America,Northern America,USA,"3,6,None|1,6,None"
2,Family Circle Cup,,https://www.wtatennis.com/tournaments/804/charleston/2015,Premier,Clay,https://www.wtatennis.com/resources/v7.42.0/i/elements/500k-tag.svg,2015-04-06,2015-04-12,2015,4,Charleston,,SC,US,USA,840,019,,America,Northern America,USA,,W,1.0,4440.0,64M/32Q/16D,Family Circle Cup,,,,,Round of 64,,Bye,,False,False,True,False,False,False,False,0,False,0,0,0,,,,,,,,
1,Miami Open Presented By Itau,,https://www.wtatennis.com/tournaments/902/miami/2015,Premier Mandatory,Hard,https://www.wtatennis.com/resources/v7.42.0/i/elements/1000k-tag.svg,2015-03-24,2015-04-05,2015,3,Miami,GER,FL,US,USA,840,019,,America,Northern America,USA,113.0,,10.0,17100.0,128M/64Q/32D,Miami Open Presented By Itau,,Tatjana Maria,,https://www.wtatennis.com/resources/v7.42.0/i/elements/flags/ger.svg,Round of 64,L,"0-6, 6-7 (4)",https://www.wtatennis.com/players/310440/tatjana-maria,False,False,False,False,True,False,True,2,False,19,6,13,DE,DEU,276,150,Europe,Central Europe,GER,"0,6,None|6,7,4"
2,Miami Open Presented By Itau,,https://www.wtatennis.com/tournaments/902/miami/2015,Premier Mandatory,Hard,https://www.wtatennis.com/resources/v7.42.0/i/elements/1000k-tag.svg,2015-03-24,2015-04-05,2015,3,Miami,,FL,US,USA,840,019,,America,Northern America,USA,,,10.0,17100.0,128M/64Q/32D,Miami Open Presented By Itau,,,,,Round of 128,,Bye,,False,False,True,False,False,False,False,0,False,0,0,0,,,,,,,,
1,Bnp Paribas Open,,https://www.wtatennis.com/tournaments/609/indian-wells/2015,Premier Mandatory,Hard,https://www.wtatennis.com/resources/v7.42.0/i/elements/1000k-tag.svg,2015-03-11,2015-03-22,2015,3,Indian Wells,UKR,CA,US,USA,840,019,,America,Northern America,USA,85.0,,120.0,59185.0,128M/64Q/32D,Bnp Paribas Open,,Lesia Tsurenko,,https://www.wtatennis.com/resources/v7.42.0/i/elements/flags/ukr.svg,Round of 16,L,"7-6 (5), 5-7, 4-6",https://www.wtatennis.com/players/315295/lesia-tsurenko,False,False,False,True,False,False,True,3,True,35,16,19,UA,UKR,804,150,Europe,Eastern Europe,UKR,"7,6,5|5,7,None|4,6,None"
2,Bnp Paribas Open,,https://www.wtatennis.com/tournaments/609/indian-wells/2015,Premier Mandatory,Hard,https://www.wtatennis.com/resources/v7.42.0/i/elements/1000k-tag.svg,2015-03-11,2015-03-22,2015,3,Indian Wells,USA,CA,US,USA,840,019,United States of America|America|USA|US,America,Northern America,USA,36.0,,120.0,59185.0,128M/64Q/32D,Bnp Paribas Open,,Coco Vandeweghe,30.0,https://www.wtatennis.com/resources/v7.42.0/i/elements/flags/usa.svg,Round of 32,W,"6-3, 6-2",https://www.wtatennis.com/players/314464/coco-vandeweghe,False,False,False,False,False,False,False,2,True,17,12,5,US,USA,840,019,America,Northern America,USA,"6,3,None|6,2,None"
3,Bnp Paribas Open,,https://www.wtatennis.com/tournaments/609/indian-wells/2015,Premier Mandatory,Hard,https://www.wtatennis.com/resources/v7.42.0/i/elements/1000k-tag.svg,2015-03-11,2015-03-22,2015,3,Indian Wells,CZE,CA,US,USA,840,019,,America,Northern America,USA,122.0,,120.0,59185.0,128M/64Q/32D,Bnp Paribas Open,,Lucie Hradecka,,https://www.wtatennis.com/resources/v7.42.0/i/elements/flags/cze.svg,Round of 64,W,"6-2, 6-2",https://www.wtatennis.com/players/310849/lucie-hradecka,False,False,False,False,False,False,False,2,True,16,12,4,CZ,CZE,203,150,Europe,Central Europe,CZE,"6,2,None|6,2,None"
4,Bnp Paribas Open,,https://www.wtatennis.com/tournaments/609/indian-wells/2015,Premier Mandatory,Hard,https://www.wtatennis.com/resources/v7.42.0/i/elements/1000k-tag.svg,2015-03-11,2015-03-22,2015,3,Indian Wells,,CA,US,USA,840,019,,America,Northern America,USA,,,120.0,59185.0,128M/64Q/32D,Bnp Paribas Open,,,,,Round of 128,,Bye,,False,False,True,False,False,False,False,0,False,0,0,0,,,,,,,,
1,Bnp Paribas Fortis Diamond Games,,https://www.wtatennis.com/tournaments/1016/antwerp/2015,Premier,Hard,https://www.wtatennis.com/resources/v7.42.0/i/elements/500k-tag.svg,2015-02-09,2015-02-15,2015,2,Antwerp,GER,,BE,BEL,056,150,,Europe,Western Europe,BEL,42.0,,1.0,10240.0,32M/32Q/16D,Bnp Paribas Fortis Diamond Games,,Mona Barthel,,https://www.wtatennis.com/resources/v7.42.0/i/elements/flags/ger.svg,Round of 16,L,"6-4, 1-6, 2-6",https://www.wtatennis.com/players/315365/mona-barthel,False,False,False,False,False,False,False,3,True,25,9,16,DE,DEU,276,150,Europe,Central Europe,GER,"6,4,None|1,6,None|2,6,None"
2,Bnp Paribas Fortis Diamond Games,,https://www.wtatennis.com/tournaments/1016/antwerp/2015,Premier,Hard,https://www.wtatennis.com/resources/v7.42.0/i/elements/500k-tag.svg,2015-02-09,2015-02-15,2015,2,Antwerp,,,BE,BEL,056,150,,Europe,Western Europe,BEL,,,1.0,10240.0,32M/32Q/16D,Bnp Paribas Fortis Diamond Games,,,,,Round of 32,,Bye,,False,False,True,False,False,False,False,0,False,0,0,0,,,,,,,,
1,Australian Open,,https://www.wtatennis.com/tournaments/901/australian-open/2015,Grand Slam,Hard,https://www.wtatennis.com/resources/v7.42.0/i/elements/gs-tag.svg,2015-01-19,2015-01-31,2015,1,Melbourne,RUS,,AU,AUS,036,009,,Oceania,Australasia,AUS,2.0,,430.0,287308.0,128M/128Q/64D,Australian Open,,Maria Sharapova,2.0,https://www.wtatennis.com/resources/v7.42.0/i/elements/flags/rus.svg,Quarterfinals,L,"3-6, 2-6",https://www.wtatennis.com/players/310137/maria-sharapova,False,False,False,False,False,False,False,2,False,17,5,12,RU,RUS,643,150,Europe,Eastern Europe,RUS,"3,6,None|2,6,None"
2,Australian Open,,https://www.wtatennis.com/tournaments/901/australian-open/2015,Grand Slam,Hard,https://www.wtatennis.com/resources/v7.42.0/i/elements/gs-tag.svg,2015-01-19,2015-01-31,2015,1,Melbourne,ROU,,AU,AUS,036,009,,Oceania,Australasia,AUS,42.0,,430.0,287308.0,128M/128Q/64D,Australian Open,,Irina-Camelia Begu,,https://www.wtatennis.com/resources/v7.42.0/i/elements/flags/rou.svg,Round of 16,W,"6-1, 5-7, 6-2",https://www.wtatennis.com/players/313169/irina-camelia-begu,False,False,False,False,False,False,False,3,True,27,17,10,RO,ROU,642,150,Europe,Southeastern Europe,ROU,"6,1,None|5,7,None|6,2,None"
3,Australian Open,,https://www.wtatennis.com/tournaments/901/australian-open/2015,Grand Slam,Hard,https://www.wtatennis.com/resources/v7.42.0/i/elements/gs-tag.svg,2015-01-19,2015-01-31,2015,1,Melbourne,FRA,,AU,AUS,036,009,,Oceania,Australasia,AUS,36.0,,430.0,287308.0,128M/128Q/64D,Australian Open,,Caroline Garcia,,https://www.wtatennis.com/resources/v7.42.0/i/elements/flags/fra.svg,Round of 32,W,"7-5, 6-0",https://www.wtatennis.com/players/315391/caroline-garcia,False,False,False,False,False,False,False,2,True,18,13,5,FR,FRA,250,150,Europe,Western Europe,FRA,"7,5,None|6,0,None"
4,Australian Open,,https://www.wtatennis.com/tournaments/901/australian-open/2015,Grand Slam,Hard,https://www.wtatennis.com/resources/v7.42.0/i/elements/gs-tag.svg,2015-01-19,2015-01-31,2015,1,Melbourne,NED,,AU,AUS,036,009,,Oceania,Australasia,AUS,72.0,,430.0,287308.0,128M/128Q/64D,Australian Open,,Kiki Bertens,,https://www.wtatennis.com/resources/v7.42.0/i/elements/flags/ned.svg,Round of 64,W,"6-0, 6-3",https://www.wtatennis.com/players/314584/kiki-bertens,False,False,False,False,False,False,False,2,True,15,12,3,NL,NLD,528,150,Europe,Western Europe,NED,"6,0,None|6,3,None"
5,Australian Open,,https://www.wtatennis.com/tournaments/901/australian-open/2015,Grand Slam,Hard,https://www.wtatennis.com/resources/v7.42.0/i/elements/gs-tag.svg,2015-01-19,2015-01-31,2015,1,Melbourne,GER,,AU,AUS,036,009,,Oceania,Australasia,AUS,98.0,,430.0,287308.0,128M/128Q/64D,Australian Open,,Anna-Lena Friedsam,,https://www.wtatennis.com/resources/v7.42.0/i/elements/flags/ger.svg,Round of 128,W,"6-2, 6-4",https://www.wtatennis.com/players/319091/anna-lena-friedsam,False,False,False,False,False,False,False,2,True,18,12,6,DE,DEU,276,150,Europe,Central Europe,GER,"6,2,None|6,4,None"
1,Bnp Paribas Wta Finals Singapore Presented By Sc Global,,https://www.wtatennis.com/tournaments/808/wta-finals/2014,Finals,Hard,https://www.wtatennis.com/resources/v7.42.0/i/elements/finals-tag.svg,2014-10-20,2014-10-26,2014,10,Singapore,ROU,,SG,SGP,702,142,,Asia,Southeast Asia,SGP,4.0,,210.0,140000.0,8M/0Q/8D,Bnp Paribas Wta Finals Singapore Presented By Sc Global,,Simona Halep,4.0,https://www.wtatennis.com/resources/v7.42.0/i/elements/flags/rou.svg,Group Stage Group,L,"2-6, 3-6",https://www.wtatennis.com/players/314320/simona-halep,False,False,False,False,False,False,False,2,False,17,5,12,RO,ROU,642,150,Europe,Southeastern Europe,ROU,"2,6,None|3,6,None"
2,Bnp Paribas Wta Finals Singapore Presented By Sc Global,,https://www.wtatennis.com/tournaments/808/wta-finals/2014,Finals,Hard,https://www.wtatennis.com/resources/v7.42.0/i/elements/finals-tag.svg,2014-10-20,2014-10-26,2014,10,Singapore,SRB,,SG,SGP,702,142,,Asia,Southeast Asia,SGP,7.0,,210.0,140000.0,8M/0Q/8D,Bnp Paribas Wta Finals Singapore Presented By Sc Global,,Ana Ivanovic,7.0,https://www.wtatennis.com/resources/v7.42.0/i/elements/flags/srb.svg,Group Stage Group,L,"1-6, 3-6",https://www.wtatennis.com/players/311710/ana-ivanovic,False,False,False,False,False,False,False,2,False,16,4,12,RS,SRB,688,150,Europe,Southeastern Europe,SRB,"1,6,None|3,6,None"
3,Bnp Paribas Wta Finals Singapore Presented By Sc Global,,https://www.wtatennis.com/tournaments/808/wta-finals/2014,Finals,Hard,https://www.wtatennis.com/resources/v7.42.0/i/elements/finals-tag.svg,2014-10-20,2014-10-26,2014,10,Singapore,USA,,SG,SGP,702,142,United States of America|America|USA|US,Asia,Southeast Asia,SGP,1.0,,210.0,140000.0,8M/0Q/8D,Bnp Paribas Wta Finals Singapore Presented By Sc Global,,Serena Williams,1.0,https://www.wtatennis.com/resources/v7.42.0/i/elements/flags/usa.svg,Group Stage Group,L,"1-6, 1-6",https://www.wtatennis.com/players/230234/serena-williams,False,False,False,False,False,False,False,2,False,14,2,12,US,USA,840,019,America,Northern America,USA,"1,6,None|1,6,None"
1,Generali Ladies Linz,,https://www.wtatennis.com/tournaments/528/linz/2014,International,Hard,https://www.wtatennis.com/resources/v7.42.0/i/elements/250k-tag.svg,2014-10-06,2014-10-12,2014,10,Linz,BUL,,AT,AUT,040,150,,Europe,Central Europe,AUT,44.0,,30.0,3310.0,32M/32Q/16D,Generali Ladies Linz,,Tsvetana Pironkova,,https://www.wtatennis.com/resources/v7.42.0/i/elements/flags/bul.svg,Round of 16,L,Walkover,https://www.wtatennis.com/players/311041/tsvetana-pironkova,False,True,False,False,False,False,False,0,False,0,0,0,BG,BGR,100,150,Europe,Southeastern Europe,BUL,
2,Generali Ladies Linz,,https://www.wtatennis.com/tournaments/528/linz/2014,International,Hard,https://www.wtatennis.com/resources/v7.42.0/i/elements/250k-tag.svg,2014-10-06,2014-10-12,2014,10,Linz,AUT,,AT,AUT,040,150,,Europe,Central Europe,AUT,100.0,,30.0,3310.0,32M/32Q/16D,Generali Ladies Linz,,Patricia Mayr-Achleitner,,https://www.wtatennis.com/resources/v7.42.0/i/elements/flags/aut.svg,Round of 32,W,"6-4, 6-1",https://www.wtatennis.com/players/311044/patricia-mayr-achleitner,False,False,False,False,False,False,False,2,True,17,12,5,AT,AUT,040,150,Europe,Central Europe,AUT,"6,4,None|6,1,None"
1,China Open 2014,,https://www.wtatennis.com/tournaments/1020/beijing/2014,Premier Mandatory,Hard,https://www.wtatennis.com/resources/v7.42.0/i/elements/1000k-tag.svg,2014-09-27,2014-10-05,2014,9,Beijing,GER,,CN,CHN,156,142,,Asia,East Asia,CHN,25.0,,10.0,25560.0,64M/32Q/32D,China Open 2014,,Sabine Lisicki,,https://www.wtatennis.com/resources/v7.42.0/i/elements/flags/ger.svg,Round of 32,L,"2-6, 4-6",https://www.wtatennis.com/players/312520/sabine-lisicki,False,False,False,False,False,False,False,2,False,18,6,12,DE,DEU,276,150,Europe,Central Europe,GER,"2,6,None|4,6,None"
2,China Open 2014,,https://www.wtatennis.com/tournaments/1020/beijing/2014,Premier Mandatory,Hard,https://www.wtatennis.com/resources/v7.42.0/i/elements/1000k-tag.svg,2014-09-27,2014-10-05,2014,9,Beijing,,,CN,CHN,156,142,,Asia,East Asia,CHN,,,10.0,25560.0,64M/32Q/32D,China Open 2014,,,,,Round of 64,,Bye,,False,False,True,False,False,False,False,0,False,0,0,0,,,,,,,,
1,2014 Dongfeng Motor Wuhan Open,,https://www.wtatennis.com/tournaments/1075/wuhan/2014,Premier 5,Hard,https://www.wtatennis.com/resources/v7.42.0/i/elements/1000k-tag.svg,2014-09-21,2014-09-27,2014,9,Wuhan,CZE,,CN,CHN,156,142,,Asia,East Asia,CHN,3.0,,585.0,220200.0,64M/32Q/32D,2014 Dongfeng Motor Wuhan Open,,Petra Kvitova,3.0,https://www.wtatennis.com/resources/v7.42.0/i/elements/flags/cze.svg,Finals,L,"3-6, 4-6",https://www.wtatennis.com/players/314206/petra-kvitova,False,False,False,False,False,False,False,2,False,19,7,12,CZ,CZE,203,150,Europe,Central Europe,CZE,"3,6,None|4,6,None"
2,2014 Dongfeng Motor Wuhan Open,,https://www.wtatennis.com/tournaments/1075/wuhan/2014,Premier 5,Hard,https://www.wtatennis.com/resources/v7.42.0/i/elements/1000k-tag.svg,2014-09-21,2014-09-27,2014,9,Wuhan,DEN,,CN,CHN,156,142,,Asia,East Asia,CHN,7.0,,585.0,220200.0,64M/32Q/32D,2014 Dongfeng Motor Wuhan Open,,Caroline Wozniacki,8.0,https://www.wtatennis.com/resources/v7.42.0/i/elements/flags/den.svg,Semifinals,W,"6-2, 6-3",https://www.wtatennis.com/players/313402/caroline-wozniacki,False,False,False,False,False,False,False,2,True,17,12,5,DK,DNK,208,150,Europe,Northern Europe,DEN,"6,2,None|6,3,None"
3,2014 Dongfeng Motor Wuhan Open,,https://www.wtatennis.com/tournaments/1075/wuhan/2014,Premier 5,Hard,https://www.wtatennis.com/resources/v7.42.0/i/elements/1000k-tag.svg,2014-09-21,2014-09-27,2014,9,Wuhan,FRA,,CN,CHN,156,142,,Asia,East Asia,CHN,21.0,,585.0,220200.0,64M/32Q/32D,2014 Dongfeng Motor Wuhan Open,,Alizé Cornet,,https://www.wtatennis.com/resources/v7.42.0/i/elements/flags/fra.svg,Quarterfinals,W,"6-3, 7-5",https://www.wtatennis.com/players/312121/aliz-cornet,False,False,False,False,False,False,False,2,True,21,13,8,FR,FRA,250,150,Europe,Western Europe,FRA,"6,3,None|7,5,None"
4,2014 Dongfeng Motor Wuhan Open,,https://www.wtatennis.com/tournaments/1075/wuhan/2014,Premier 5,Hard,https://www.wtatennis.com/resources/v7.42.0/i/elements/1000k-tag.svg,2014-09-21,2014-09-27,2014,9,Wuhan,USA,,CN,CHN,156,142,United States of America|America|USA|US,Asia,East Asia,CHN,67.0,,585.0,220200.0,64M/32Q/32D,2014 Dongfeng Motor Wuhan Open,,Alison Riske-Amritraj,,https://www.wtatennis.com/resources/v7.42.0/i/elements/flags/usa.svg,Round of 16,W,"6-2, 6-3",https://www.wtatennis.com/players/312850/alison-riske-amritraj,False,False,False,False,False,False,False,2,True,17,12,5,US,USA,840,019,America,Northern America,USA,"6,2,None|6,3,None"
5,2014 Dongfeng Motor Wuhan Open,,https://www.wtatennis.com/tournaments/1075/wuhan/2014,Premier 5,Hard,https://www.wtatennis.com/resources/v7.42.0/i/elements/1000k-tag.svg,2014-09-21,2014-09-27,2014,9,Wuhan,GER,,CN,CHN,156,142,,Asia,East Asia,CHN,55.0,,585.0,220200.0,64M/32Q/32D,2014 Dongfeng Motor Wuhan Open,,Mona Barthel,,https://www.wtatennis.com/resources/v7.42.0/i/elements/flags/ger.svg,Round of 32,W,"4-6, 6-3, 6-4",https://www.wtatennis.com/players/315365/mona-barthel,False,False,False,False,False,False,False,3,False,29,16,13,DE,DEU,276,150,Europe,Central Europe,GER,"4,6,None|6,3,None|6,4,None"
6,2014 Dongfeng Motor Wuhan Open,,https://www.wtatennis.com/tournaments/1075/wuhan/2014,Premier 5,Hard,https://www.wtatennis.com/resources/v7.42.0/i/elements/1000k-tag.svg,2014-09-21,2014-09-27,2014,9,Wuhan,,,CN,CHN,156,142,,Asia,East Asia,CHN,,,585.0,220200.0,64M/32Q/32D,2014 Dongfeng Motor Wuhan Open,,,,,Round of 64,,Bye,,False,False,True,False,False,False,False,0,False,0,0,0,,,,,,,,
1,Us Open,,https://www.wtatennis.com/tournaments/905/us-open/2014,Grand Slam,Hard,https://www.wtatennis.com/resources/v7.42.0/i/elements/gs-tag.svg,2014-08-25,2014-09-07,2014,8,New York,RUS,NY,US,USA,840,019,,America,Northern America,USA,18.0,,240.0,184362.0,128M/128Q/64D,Us Open,,Ekaterina Makarova,17.0,https://www.wtatennis.com/resources/v7.42.0/i/elements/flags/rus.svg,Round of 16,L,"6-7 (2), 4-6",https://www.wtatennis.com/players/311604/ekaterina-makarova,False,False,False,True,False,False,True,2,False,23,10,13,RU,RUS,643,150,Europe,Eastern Europe,RUS,"6,7,2|4,6,None"
2,Us Open,,https://www.wtatennis.com/tournaments/905/us-open/2014,Grand Slam,Hard,https://www.wtatennis.com/resources/v7.42.0/i/elements/gs-tag.svg,2014-08-25,2014-09-07,2014,8,New York,CZE,NY,US,USA,840,019,,America,Northern America,USA,29.0,,240.0,184362.0,128M/128Q/64D,Us Open,,Barbora Strycova,30.0,https://www.wtatennis.com/resources/v7.42.0/i/elements/flags/cze.svg,Round of 32,W,"6-2, 6-7 (2), 6-4",https://www.wtatennis.com/players/190879/barbora-strycova,False,False,False,False,True,False,True,3,True,31,18,13,CZ,CZE,203,150,Europe,Central Europe,CZE,"6,2,None|6,7,2|6,4,None"
3,Us Open,,https://www.wtatennis.com/tournaments/905/us-open/2014,Grand Slam,Hard,https://www.wtatennis.com/resources/v7.42.0/i/elements/gs-tag.svg,2014-08-25,2014-09-07,2014,8,New York,ROU,NY,US,USA,840,019,,America,Northern America,USA,80.0,,240.0,184362.0,128M/128Q/64D,Us Open,,Sorana Cirstea,,https://www.wtatennis.com/resources/v7.42.0/i/elements/flags/rou.svg,Round of 64,W,"6-2, 6-7 (4), 6-4",https://www.wtatennis.com/players/312469/sorana-cirstea,False,False,False,False,True,False,True,3,True,31,18,13,RO,ROU,642,150,Europe,Southeastern Europe,ROU,"6,2,None|6,7,4|6,4,None"
4,Us Open,,https://www.wtatennis.com/tournaments/905/us-open/2014,Grand Slam,Hard,https://www.wtatennis.com/resources/v7.42.0/i/elements/gs-tag.svg,2014-08-25,2014-09-07,2014,8,New York,BLR,NY,US,USA,840,019,,America,Northern America,USA,117.0,,240.0,184362.0,128M/128Q/64D,Us Open,,Olga Govortsova,,https://www.wtatennis.com/resources/v7.42.0/i/elements/flags/blr.svg,Round of 128,W,"6-2, 6-1",https://www.wtatennis.com/players/311243/olga-govortsova,False,False,False,False,False,False,False,2,True,15,12,3,BY,BLR,112,150,Europe,Eastern Europe,BLR,"6,2,None|6,1,None"
1,Connecticut Open Presented By United Technologies,,https://www.wtatennis.com/tournaments/602/new-haven/2014,Premier,Hard,https://www.wtatennis.com/resources/v7.42.0/i/elements/500k-tag.svg,2014-08-17,2014-08-23,2014,8,New Haven,AUS,CT,US,USA,840,019,,America,Northern America,USA,25.0,,55.0,9700.0,32M/64Q/16D,Connecticut Open Presented By United Technologies,,Samantha Stosur,,https://www.wtatennis.com/resources/v7.42.0/i/elements/flags/aus.svg,Round of 16,L,"2-6, 2-6",https://www.wtatennis.com/players/190787/samantha-stosur,False,False,False,False,False,False,False,2,False,16,4,12,AU,AUS,036,009,Oceania,Australasia,AUS,"2,6,None|2,6,None"
2,Connecticut Open Presented By United Technologies,,https://www.wtatennis.com/tournaments/602/new-haven/2014,Premier,Hard,https://www.wtatennis.com/resources/v7.42.0/i/elements/500k-tag.svg,2014-08-17,2014-08-23,2014,8,New Haven,SRB,CT,US,USA,840,019,,America,Northern America,USA,35.0,,55.0,9700.0,32M/64Q/16D,Connecticut Open Presented By United Technologies,,Bojana Jovanovski Petrovic,,https://www.wtatennis.com/resources/v7.42.0/i/elements/flags/srb.svg,Round of 32,W,"6-1, 6-1",https://www.wtatennis.com/players/314369/bojana-jovanovski-petrovic,False,False,False,False,False,False,False,2,True,14,12,2,RS,SRB,688,150,Europe,Southeastern Europe,SRB,"6,1,None|6,1,None"
1,Western & Southern Open,,https://www.wtatennis.com/tournaments/1017/cincinnati/2014,Premier 5,Hard,https://www.wtatennis.com/resources/v7.42.0/i/elements/1000k-tag.svg,2014-08-11,2014-08-17,2014,8,Cincinnati,RUS,OH,US,USA,840,019,,America,Northern America,USA,24.0,,1.0,13370.0,64M/64Q/32D,Western & Southern Open,,Svetlana Kuznetsova,,https://www.wtatennis.com/resources/v7.42.0/i/elements/flags/rus.svg,Round of 32,L,"4-6, 6-3, 2-6",https://www.wtatennis.com/players/110552/svetlana-kuznetsova,False,False,False,False,False,False,False,3,False,27,12,15,RU,RUS,643,150,Europe,Eastern Europe,RUS,"4,6,None|6,3,None|2,6,None"
2,Western & Southern Open,,https://www.wtatennis.com/tournaments/1017/cincinnati/2014,Premier 5,Hard,https://www.wtatennis.com/resources/v7.42.0/i/elements/1000k-tag.svg,2014-08-11,2014-08-17,2014,8,Cincinnati,,OH,US,USA,840,019,,America,Northern America,USA,,,1.0,13370.0,64M/64Q/32D,Western & Southern Open,,,,,Round of 64,,Bye,,False,False,True,False,False,False,False,0,False,0,0,0,,,,,,,,
1,Coupe Rogers Présentée Par Banque Nationale,,https://www.wtatennis.com/tournaments/806/montreal/2014,Premier 5,Hard,https://www.wtatennis.com/resources/v7.42.0/i/elements/1000k-tag.svg,2014-08-04,2014-08-10,2014,8,Montreal,USA,,CA,CAN,124,019,United States of America|America|USA|US,America,Northern America,CAN,113.0,,1.0,12620.0,64M/64Q/32D,Coupe Rogers Présentée Par Banque Nationale,,Shelby Rogers,,https://www.wtatennis.com/resources/v7.42.0/i/elements/flags/usa.svg,Round of 32,L,"0-6, 6-2, 0-6",https://www.wtatennis.com/players/317421/shelby-rogers,False,False,False,False,False,False,False,3,False,20,6,14,US,USA,840,019,America,Northern America,USA,"0,6,None|6,2,None|0,6,None"
2,Coupe Rogers Présentée Par Banque Nationale,,https://www.wtatennis.com/tournaments/806/montreal/2014,Premier 5,Hard,https://www.wtatennis.com/resources/v7.42.0/i/elements/1000k-tag.svg,2014-08-04,2014-08-10,2014,8,Montreal,,,CA,CAN,124,019,,America,Northern America,CAN,,,1.0,12620.0,64M/64Q/32D,Coupe Rogers Présentée Par Banque Nationale,,,,,Round of 64,,Bye,,False,False,True,False,False,False,False,0,False,0,0,0,,,,,,,,
1,Wimbledon,,https://www.wtatennis.com/tournaments/904/wimbledon/2014,Grand Slam,Grass,https://www.wtatennis.com/resources/v7.42.0/i/elements/gs-tag.svg,2014-06-23,2014-07-05,2014,6,Wimbledon,CZE,,GB,GBR,826,150,,Europe,Northern Europe,ENG,6.0,,1300.0,1371562.0,128M/128Q/64D,The Championships,,Petra Kvitova,6.0,https://www.wtatennis.com/resources/v7.42.0/i/elements/flags/cze.svg,Finals,L,"3-6, 0-6",https://www.wtatennis.com/players/314206/petra-kvitova,False,False,False,False,False,False,False,2,False,15,3,12,CZ,CZE,203,150,Europe,Central Europe,CZE,"3,6,None|0,6,None"
2,Wimbledon,,https://www.wtatennis.com/tournaments/904/wimbledon/2014,Grand Slam,Grass,https://www.wtatennis.com/resources/v7.42.0/i/elements/gs-tag.svg,2014-06-23,2014-07-05,2014,6,Wimbledon,ROU,,GB,GBR,826,150,,Europe,Northern Europe,ENG,3.0,,1300.0,1371562.0,128M/128Q/64D,The Championships,,Simona Halep,3.0,https://www.wtatennis.com/resources/v7.42.0/i/elements/flags/rou.svg,Semifinals,W,"7-6 (5), 6-2",https://www.wtatennis.com/players/314320/simona-halep,False,False,False,True,False,False,True,2,True,21,13,8,RO,ROU,642,150,Europe,Southeastern Europe,ROU,"7,6,5|6,2,None"
3,Wimbledon,,https://www.wtatennis.com/tournaments/904/wimbledon/2014,Grand Slam,Grass,https://www.wtatennis.com/resources/v7.42.0/i/elements/gs-tag.svg,2014-06-23,2014-07-05,2014,6,Wimbledon,GER,,GB,GBR,826,150,,Europe,Northern Europe,ENG,7.0,,1300.0,1371562.0,128M/128Q/64D,The Championships,,Angelique Kerber,9.0,https://www.wtatennis.com/resources/v7.42.0/i/elements/flags/ger.svg,Quarterfinals,W,"6-3, 6-4",https://www.wtatennis.com/players/311470/angelique-kerber,False,False,False,False,False,False,False,2,True,19,12,7,DE,DEU,276,150,Europe,Central Europe,GER,"6,3,None|6,4,None"
4,Wimbledon,,https://www.wtatennis.com/tournaments/904/wimbledon/2014,Grand Slam,Grass,https://www.wtatennis.com/resources/v7.42.0/i/elements/gs-tag.svg,2014-06-23,2014-07-05,2014,6,Wimbledon,FRA,,GB,GBR,826,150,,Europe,Northern Europe,ENG,24.0,,1300.0,1371562.0,128M/128Q/64D,The Championships,,Alizé Cornet,25.0,https://www.wtatennis.com/resources/v7.42.0/i/elements/flags/fra.svg,Round of 16,W,"7-6 (5), 7-5",https://www.wtatennis.com/players/312121/aliz-cornet,False,False,False,True,False,False,True,2,True,25,14,11,FR,FRA,250,150,Europe,Western Europe,FRA,"7,6,5|7,5,None"
5,Wimbledon,,https://www.wtatennis.com/tournaments/904/wimbledon/2014,Grand Slam,Grass,https://www.wtatennis.com/resources/v7.42.0/i/elements/gs-tag.svg,2014-06-23,2014-07-05,2014,6,Wimbledon,GER,,GB,GBR,826,150,,Europe,Northern Europe,ENG,20.0,,1300.0,1371562.0,128M/128Q/64D,The Championships,,Andrea Petkovic,20.0,https://www.wtatennis.com/resources/v7.42.0/i/elements/flags/ger.svg,Round of 32,W,"6-3, 6-4",https://www.wtatennis.com/players/310770/andrea-petkovic,False,False,False,False,False,False,False,2,True,19,12,7,DE,DEU,276,150,Europe,Central Europe,GER,"6,3,None|6,4,None"
6,Wimbledon,,https://www.wtatennis.com/tournaments/904/wimbledon/2014,Grand Slam,Grass,https://www.wtatennis.com/resources/v7.42.0/i/elements/gs-tag.svg,2014-06-23,2014-07-05,2014,6,Wimbledon,ESP,,GB,GBR,826,150,Kingdom of Spain,Europe,Northern Europe,ENG,75.0,,1300.0,1371562.0,128M/128Q/64D,The Championships,,Sílvia Soler-Espinosa,,https://www.wtatennis.com/resources/v7.42.0/i/elements/flags/esp.svg,Round of 64,W,"7-5, 6-1",https://www.wtatennis.com/players/311493/s-lvia-soler-espinosa,False,False,False,False,False,False,False,2,True,19,13,6,ES,ESP,724,150,Europe,Southern Europe,ESP,"7,5,None|6,1,None"
7,Wimbledon,,https://www.wtatennis.com/tournaments/904/wimbledon/2014,Grand Slam,Grass,https://www.wtatennis.com/resources/v7.42.0/i/elements/gs-tag.svg,2014-06-23,2014-07-05,2014,6,Wimbledon,SVK,,GB,GBR,826,150,,Europe,Northern Europe,ENG,34.0,,1300.0,1371562.0,128M/128Q/64D,The Championships,,Daniela Hantuchova,,https://www.wtatennis.com/resources/v7.42.0/i/elements/flags/svk.svg,Round of 128,W,"7-5, 7-5",https://www.wtatennis.com/players/80394/daniela-hantuchova,False,False,False,False,False,False,False,2,True,24,14,10,SK,SVK,703,150,Europe,Central Europe,SVK,"7,5,None|7,5,None"
1,Topshelf Open,,https://www.wtatennis.com/tournaments/822/s-hertogenbosch/2014,International,Grass,https://www.wtatennis.com/resources/v7.42.0/i/elements/250k-tag.svg,2014-06-15,2014-06-21,2014,6,S-Hertogenbosch,USA,,NL,NLD,528,150,United States of America|America|USA|US,Europe,Western Europe,NED,75.0,,1.0,2220.0,32M/16Q/16D,Topshelf Open,,Vania King,,https://www.wtatennis.com/resources/v7.42.0/i/elements/flags/usa.svg,Round of 32,L,"6-2, 3-6, 3-6",https://www.wtatennis.com/players/311550/vania-king,False,False,False,False,False,False,False,3,True,26,12,14,US,USA,840,019,America,Northern America,USA,"6,2,None|3,6,None|3,6,None"
1,Roland Garros,,https://www.wtatennis.com/tournaments/903/roland-garros/2014,Grand Slam,Clay,https://www.wtatennis.com/resources/v7.42.0/i/elements/gs-tag.svg,2014-05-25,2014-06-07,2014,5,Paris,RUS,,FR,FRA,250,150,,Europe,Western Europe,FRA,8.0,,780.0,543709.0,128M/128Q/64D,Championnats Internationaux De France,,Maria Sharapova,7.0,https://www.wtatennis.com/resources/v7.42.0/i/elements/flags/rus.svg,Semifinals,L,"6-4, 5-7, 2-6",https://www.wtatennis.com/players/310137/maria-sharapova,False,False,False,False,False,False,False,3,True,30,13,17,RU,RUS,643,150,Europe,Eastern Europe,RUS,"6,4,None|5,7,None|2,6,None"
2,Roland Garros,,https://www.wtatennis.com/tournaments/903/roland-garros/2014,Grand Slam,Clay,https://www.wtatennis.com/resources/v7.42.0/i/elements/gs-tag.svg,2014-05-25,2014-06-07,2014,5,Paris,ESP,,FR,FRA,250,150,Kingdom of Spain,Europe,Western Europe,FRA,15.0,,780.0,543709.0,128M/128Q/64D,Championnats Internationaux De France,,Carla Suárez Navarro,14.0,https://www.wtatennis.com/resources/v7.42.0/i/elements/flags/esp.svg,Quarterfinals,W,"7-6 (4), 2-6, 7-5",https://www.wtatennis.com/players/311338/carla-su-rez-navarro,False,False,False,True,False,False,True,3,True,33,16,17,ES,ESP,724,150,Europe,Southern Europe,ESP,"7,6,4|2,6,None|7,5,None"
3,Roland Garros,,https://www.wtatennis.com/tournaments/903/roland-garros/2014,Grand Slam,Clay,https://www.wtatennis.com/resources/v7.42.0/i/elements/gs-tag.svg,2014-05-25,2014-06-07,2014,5,Paris,GER,,FR,FRA,250,150,,Europe,Western Europe,FRA,9.0,,780.0,543709.0,128M/128Q/64D,Championnats Internationaux De France,,Angelique Kerber,8.0,https://www.wtatennis.com/resources/v7.42.0/i/elements/flags/ger.svg,Round of 16,W,"6-1, 6-2",https://www.wtatennis.com/players/311470/angelique-kerber,False,False,False,False,False,False,False,2,True,15,12,3,DE,DEU,276,150,Europe,Central Europe,GER,"6,1,None|6,2,None"
4,Roland Garros,,https://www.wtatennis.com/tournaments/903/roland-garros/2014,Grand Slam,Clay,https://www.wtatennis.com/resources/v7.42.0/i/elements/gs-tag.svg,2014-05-25,2014-06-07,2014,5,Paris,SWE,,FR,FRA,250,150,,Europe,Western Europe,FRA,99.0,,780.0,543709.0,128M/128Q/64D,Championnats Internationaux De France,,Johanna Larsson,,https://www.wtatennis.com/resources/v7.42.0/i/elements/flags/swe.svg,Round of 32,W,"7-5, 6-4",https://www.wtatennis.com/players/311593/johanna-larsson,False,False,False,False,False,False,False,2,True,22,13,9,SE,SWE,752,150,Europe,Northern Europe,SWE,"7,5,None|6,4,None"
5,Roland Garros,,https://www.wtatennis.com/tournaments/903/roland-garros/2014,Grand Slam,Clay,https://www.wtatennis.com/resources/v7.42.0/i/elements/gs-tag.svg,2014-05-25,2014-06-07,2014,5,Paris,GER,,FR,FRA,250,150,,Europe,Western Europe,FRA,107.0,,780.0,543709.0,128M/128Q/64D,Championnats Internationaux De France,,Julia Goerges,,https://www.wtatennis.com/resources/v7.42.0/i/elements/flags/ger.svg,Round of 64,W,"2-6, 6-2, 6-1",https://www.wtatennis.com/players/313381/julia-goerges,False,False,False,False,False,False,False,3,False,23,14,9,DE,DEU,276,150,Europe,Central Europe,GER,"2,6,None|6,2,None|6,1,None"
6,Roland Garros,,https://www.wtatennis.com/tournaments/903/roland-garros/2014,Grand Slam,Clay,https://www.wtatennis.com/resources/v7.42.0/i/elements/gs-tag.svg,2014-05-25,2014-06-07,2014,5,Paris,ISR,,FR,FRA,250,150,,Europe,Western Europe,FRA,88.0,,780.0,543709.0,128M/128Q/64D,Championnats Internationaux De France,,Shahar Peer,,https://www.wtatennis.com/resources/v7.42.0/i/elements/flags/isr.svg,Round of 128,W,"6-0, 6-2",https://www.wtatennis.com/players/311168/shahar-peer,False,False,False,False,False,False,False,2,True,14,12,2,IL,ISR,376,142,Asia,Western Asia,ISR,"6,0,None|6,2,None"
1,Nürnberger Versicherungscup,,https://www.wtatennis.com/tournaments/1068/n-rnberg/2014,International,Clay,https://www.wtatennis.com/resources/v7.42.0/i/elements/250k-tag.svg,2014-05-18,2014-05-24,2014,5,Nürnberg,CZE,,DE,DEU,276,150,,Europe,Central Europe,GER,64.0,,280.0,43000.0,32M/32Q/16D,Nürnberger Versicherungscup,,Karolina Pliskova,,https://www.wtatennis.com/resources/v7.42.0/i/elements/flags/cze.svg,Finals,W,"6-2, 4-6, 6-3",https://www.wtatennis.com/players/313974/karolina-pliskova,False,False,False,False,False,False,False,3,True,27,16,11,CZ,CZE,203,150,Europe,Central Europe,CZE,"6,2,None|4,6,None|6,3,None"
2,Nürnberger Versicherungscup,,https://www.wtatennis.com/tournaments/1068/n-rnberg/2014,International,Clay,https://www.wtatennis.com/resources/v7.42.0/i/elements/250k-tag.svg,2014-05-18,2014-05-24,2014,5,Nürnberg,ITA,,DE,DEU,276,150,,Europe,Central Europe,GER,52.0,,280.0,43000.0,32M/32Q/16D,Nürnberger Versicherungscup,,Karin Knapp,,https://www.wtatennis.com/resources/v7.42.0/i/elements/flags/ita.svg,Semifinals,W,"6-4, 6-3",https://www.wtatennis.com/players/311299/karin-knapp,False,False,False,False,False,False,False,2,True,19,12,7,IT,ITA,380,150,Europe,Southern Europe,ITA,"6,4,None|6,3,None"
3,Nürnberger Versicherungscup,,https://www.wtatennis.com/tournaments/1068/n-rnberg/2014,International,Clay,https://www.wtatennis.com/resources/v7.42.0/i/elements/250k-tag.svg,2014-05-18,2014-05-24,2014,5,Nürnberg,KAZ,,DE,DEU,276,150,,Europe,Central Europe,GER,72.0,,280.0,43000.0,32M/32Q/16D,Nürnberger Versicherungscup,,Yaroslava Shvedova,,https://www.wtatennis.com/resources/v7.42.0/i/elements/flags/kaz.svg,Quarterfinals,W,"7-6 (3), 7-6 (6)",https://www.wtatennis.com/players/311137/yaroslava-shvedova,False,False,False,True,True,False,True,2,True,26,14,12,KZ,KAZ,398,142,Asia,Central Asia,KAZ,"7,6,3|7,6,6"
4,Nürnberger Versicherungscup,,https://www.wtatennis.com/tournaments/1068/n-rnberg/2014,International,Clay,https://www.wtatennis.com/resources/v7.42.0/i/elements/250k-tag.svg,2014-05-18,2014-05-24,2014,5,Nürnberg,AUS,,DE,DEU,276,150,,Europe,Central Europe,GER,217.0,,280.0,43000.0,32M/32Q/16D,Nürnberger Versicherungscup,,Anastasia Rodionova,,https://www.wtatennis.com/resources/v7.42.0/i/elements/flags/aus.svg,Round of 16,W,"6-0, 6-1",https://www.wtatennis.com/players/180356/anastasia-rodionova,False,False,False,False,False,False,False,2,True,13,12,1,AU,AUS,036,009,Oceania,Australasia,AUS,"6,0,None|6,1,None"
5,Nürnberger Versicherungscup,,https://www.wtatennis.com/tournaments/1068/n-rnberg/2014,International,Clay,https://www.wtatennis.com/resources/v7.42.0/i/elements/250k-tag.svg,2014-05-18,2014-05-24,2014,5,Nürnberg,CZE,,DE,DEU,276,150,,Europe,Central Europe,GER,63.0,,280.0,43000.0,32M/32Q/16D,Nürnberger Versicherungscup,,Barbora Strycova,,https://www.wtatennis.com/resources/v7.42.0/i/elements/flags/cze.svg,Round of 32,W,"6-0, 6-3",https://www.wtatennis.com/players/190879/barbora-strycova,False,False,False,False,False,False,False,2,True,15,12,3,CZ,CZE,203,150,Europe,Central Europe,CZE,"6,0,None|6,3,None"
1,Internazionali Bnl D'Italia,,https://www.wtatennis.com/tournaments/709/rome/2014,Premier 5,Clay,https://www.wtatennis.com/resources/v7.42.0/i/elements/1000k-tag.svg,2014-05-12,2014-05-18,2014,5,Rome,ITA,,IT,ITA,380,150,,Europe,Southern Europe,ITA,61.0,,1.0,7217.0,64M/32Q/32D,Internazionali Bnl D'Italia,,Francesca Schiavone,,https://www.wtatennis.com/resources/v7.42.0/i/elements/flags/ita.svg,Round of 64,L,"4-6, 2-6",https://www.wtatennis.com/players/190666/francesca-schiavone,False,False,False,False,False,False,False,2,False,18,6,12,IT,ITA,380,150,Europe,Southern Europe,ITA,"4,6,None|2,6,None"
1,Mutua Madrid Open,,https://www.wtatennis.com/tournaments/1038/madrid/2014,Premier Mandatory,Clay,https://www.wtatennis.com/resources/v7.42.0/i/elements/1000k-tag.svg,2014-05-03,2014-05-11,2014,5,Madird,POL,,ES,ESP,724,150,,Europe,Southern Europe,ESP,3.0,,10.0,13614.0,64M/32Q/32D,Mutua Madrid Open,,Agnieszka Radwanska,3.0,https://www.wtatennis.com/resources/v7.42.0/i/elements/flags/pol.svg,Round of 64,L,"6-7 (3), 2-6",https://www.wtatennis.com/players/312251/agnieszka-radwanska,False,False,False,True,False,False,True,2,False,21,8,13,PL,POL,616,150,Europe,Central Europe,POL,"6,7,3|2,6,None"
1,Portugal Open,,https://www.wtatennis.com/tournaments/358/oeiras-estoril/2014,International,Clay,https://www.wtatennis.com/resources/v7.42.0/i/elements/250k-tag.svg,2014-04-28,2014-05-03,2014,4,Oeiras (Estoril),RUS,,PT,PRT,620,150,,Europe,Southern Europe,POR,29.0,W,60.0,5900.0,32M/32Q/16D,Portugal Open,,Svetlana Kuznetsova,7.0,https://www.wtatennis.com/resources/v7.42.0/i/elements/flags/rus.svg,Quarterfinals,L,"4-6, 1-6",https://www.wtatennis.com/players/110552/svetlana-kuznetsova,False,False,False,False,False,False,False,2,False,17,5,12,RU,RUS,643,150,Europe,Eastern Europe,RUS,"4,6,None|1,6,None"
2,Portugal Open,,https://www.wtatennis.com/tournaments/358/oeiras-estoril/2014,International,Clay,https://www.wtatennis.com/resources/v7.42.0/i/elements/250k-tag.svg,2014-04-28,2014-05-03,2014,4,Oeiras (Estoril),KAZ,,PT,PRT,620,150,,Europe,Southern Europe,POR,65.0,W,60.0,5900.0,32M/32Q/16D,Portugal Open,,Yaroslava Shvedova,,https://www.wtatennis.com/resources/v7.42.0/i/elements/flags/kaz.svg,Round of 16,W,"6-4, 6-2",https://www.wtatennis.com/players/311137/yaroslava-shvedova,False,False,False,False,False,False,False,2,True,18,12,6,KZ,KAZ,398,142,Asia,Central Asia,KAZ,"6,4,None|6,2,None"
3,Portugal Open,,https://www.wtatennis.com/tournaments/358/oeiras-estoril/2014,International,Clay,https://www.wtatennis.com/resources/v7.42.0/i/elements/250k-tag.svg,2014-04-28,2014-05-03,2014,4,Oeiras (Estoril),RUS,,PT,PRT,620,150,,Europe,Southern Europe,POR,87.0,W,60.0,5900.0,32M/32Q/16D,Portugal Open,,Alisa Kleybanova,,https://www.wtatennis.com/resources/v7.42.0/i/elements/flags/rus.svg,Round of 32,W,"6-4, 6-1",https://www.wtatennis.com/players/311777/alisa-kleybanova,False,False,False,False,False,False,False,2,True,17,12,5,RU,RUS,643,150,Europe,Eastern Europe,RUS,"6,4,None|6,1,None"
1,Fed Cup World Group (Playoffs) Wk2,https://www.wtatennis.com/resources/v7.42.0/i/elements/itf.png,,ITF,Hard,https://www.wtatennis.com/resources/v7.42.0/i/elements/itf.png,2014-04-19,2014-04-20,2014,4,Quebec City,SVK,,CA,CAN,124,019,,America,Northern America,CAN,137.0,,,,6M/0Q/2D,Fed Cup World Group (Playoffs) Wk2,,Kristina Kucova,,https://www.wtatennis.com/resources/v7.42.0/i/elements/flags/svk.svg,Round 2 R2,W,"7-6 (0), 2-6, 6-1",https://www.wtatennis.com/players/312673/kristina-kucova,False,False,False,True,False,False,True,3,True,28,15,13,SK,SVK,703,150,Europe,Central Europe,SVK,"7,6,0|2,6,None|6,1,None"
2,Fed Cup World Group (Playoffs) Wk2,https://www.wtatennis.com/resources/v7.42.0/i/elements/itf.png,,ITF,Hard,https://www.wtatennis.com/resources/v7.42.0/i/elements/itf.png,2014-04-19,2014-04-20,2014,4,Quebec City,SVK,,CA,CAN,124,019,,America,Northern America,CAN,52.0,,,,6M/0Q/2D,Fed Cup World Group (Playoffs) Wk2,,Jana Cepelova,,https://www.wtatennis.com/resources/v7.42.0/i/elements/flags/svk.svg,Round 2 R2,W,"7-6 (6), 6-3",https://www.wtatennis.com/players/316774/jana-cepelova,False,False,False,True,False,False,True,2,True,22,13,9,SK,SVK,703,150,Europe,Central Europe,SVK,"7,6,6|6,3,None"
1,Family Circle Cup,,https://www.wtatennis.com/tournaments/804/charleston/2014,Premier,Clay,https://www.wtatennis.com/resources/v7.42.0/i/elements/500k-tag.svg,2014-03-31,2014-04-06,2014,3,Charleston,GER,SC,US,USA,840,019,,America,Northern America,USA,40.0,,185.0,31510.0,64M/32Q/16D,Family Circle Cup,,Andrea Petkovic,14.0,https://www.wtatennis.com/resources/v7.42.0/i/elements/flags/ger.svg,Semifinals,L,"6-1, 3-6, 5-7",https://www.wtatennis.com/players/310770/andrea-petkovic,False,False,False,False,False,False,False,3,True,28,14,14,DE,DEU,276,150,Europe,Central Europe,GER,"6,1,None|3,6,None|5,7,None"
2,Family Circle Cup,,https://www.wtatennis.com/tournaments/804/charleston/2014,Premier,Clay,https://www.wtatennis.com/resources/v7.42.0/i/elements/500k-tag.svg,2014-03-31,2014-04-06,2014,3,Charleston,SRB,SC,US,USA,840,019,,America,Northern America,USA,8.0,,185.0,31510.0,64M/32Q/16D,Family Circle Cup,,Jelena Jankovic,2.0,https://www.wtatennis.com/resources/v7.42.0/i/elements/flags/srb.svg,Quarterfinals,W,"6-3, 4-6, 6-3",https://www.wtatennis.com/players/100153/jelena-jankovic,False,False,False,False,False,False,False,3,True,28,16,12,RS,SRB,688,150,Europe,Southeastern Europe,SRB,"6,3,None|4,6,None|6,3,None"
3,Family Circle Cup,,https://www.wtatennis.com/tournaments/804/charleston/2014,Premier,Clay,https://www.wtatennis.com/resources/v7.42.0/i/elements/500k-tag.svg,2014-03-31,2014-04-06,2014,3,Charleston,USA,SC,US,USA,840,019,United States of America|America|USA|US,America,Northern America,USA,28.0,,185.0,31510.0,64M/32Q/16D,Family Circle Cup,,Venus Williams,11.0,https://www.wtatennis.com/resources/v7.42.0/i/elements/flags/usa.svg,Round of 16,W,"7-6 (6), 2-6, 6-4",https://www.wtatennis.com/players/230220/venus-williams,False,False,False,True,False,False,True,3,True,31,15,16,US,USA,840,019,America,Northern America,USA,"7,6,6|2,6,None|6,4,None"
4,Family Circle Cup,,https://www.wtatennis.com/tournaments/804/charleston/2014,Premier,Clay,https://www.wtatennis.com/resources/v7.42.0/i/elements/500k-tag.svg,2014-03-31,2014-04-06,2014,3,Charleston,RUS,SC,US,USA,840,019,,America,Northern America,USA,117.0,,185.0,31510.0,64M/32Q/16D,Family Circle Cup,,Alla Kudryavtseva,,https://www.wtatennis.com/resources/v7.42.0/i/elements/flags/rus.svg,Round of 32,W,"6-2, 6-0",https://www.wtatennis.com/players/311362/alla-kudryavtseva,False,False,False,False,False,False,False,2,True,14,12,2,RU,RUS,643,150,Europe,Eastern Europe,RUS,"6,2,None|6,0,None"
5,Family Circle Cup,,https://www.wtatennis.com/tournaments/804/charleston/2014,Premier,Clay,https://www.wtatennis.com/resources/v7.42.0/i/elements/500k-tag.svg,2014-03-31,2014-04-06,2014,3,Charleston,,SC,US,USA,840,019,,America,Northern America,USA,,,185.0,31510.0,64M/32Q/16D,Family Circle Cup,,,,,Round of 64,,Bye,,False,False,True,False,False,False,False,0,False,0,0,0,,,,,,,,
1,Sony Open Tennis,,https://www.wtatennis.com/tournaments/902/miami/2014,Premier Mandatory,Hard,https://www.wtatennis.com/resources/v7.42.0/i/elements/1000k-tag.svg,2014-03-18,2014-03-29,2014,3,Miami,UKR,FL,US,USA,840,019,,America,Northern America,USA,42.0,,10.0,14945.0,128M/64Q/32D,Sony Open Tennis,,Elina Svitolina,,https://www.wtatennis.com/resources/v7.42.0/i/elements/flags/ukr.svg,Round of 64,L,"6-1, 1-6, 2-6",https://www.wtatennis.com/players/316738/elina-svitolina,False,False,False,False,False,False,False,3,True,22,9,13,UA,UKR,804,150,Europe,Eastern Europe,UKR,"6,1,None|1,6,None|2,6,None"
2,Sony Open Tennis,,https://www.wtatennis.com/tournaments/902/miami/2014,Premier Mandatory,Hard,https://www.wtatennis.com/resources/v7.42.0/i/elements/1000k-tag.svg,2014-03-18,2014-03-29,2014,3,Miami,,FL,US,USA,840,019,,America,Northern America,USA,,,10.0,14945.0,128M/64Q/32D,Sony Open Tennis,,,,,Round of 128,,Bye,,False,False,True,False,False,False,False,0,False,0,0,0,,,,,,,,
1,Bnp Paribas Open,,https://www.wtatennis.com/tournaments/609/indian-wells/2014,Premier Mandatory,Hard,https://www.wtatennis.com/resources/v7.42.0/i/elements/1000k-tag.svg,2014-03-05,2014-03-16,2014,3,Indian Wells,ROU,CA,US,USA,840,019,,America,Northern America,USA,7.0,,120.0,52000.0,128M/64Q/32D,Bnp Paribas Open,,Simona Halep,6.0,https://www.wtatennis.com/resources/v7.42.0/i/elements/flags/rou.svg,Round of 16,L,"2-6, 6-1, 4-6",https://www.wtatennis.com/players/314320/simona-halep,False,False,False,False,False,False,False,3,False,25,12,13,RO,ROU,642,150,Europe,Southeastern Europe,ROU,"2,6,None|6,1,None|4,6,None"
2,Bnp Paribas Open,,https://www.wtatennis.com/tournaments/609/indian-wells/2014,Premier Mandatory,Hard,https://www.wtatennis.com/resources/v7.42.0/i/elements/1000k-tag.svg,2014-03-05,2014-03-16,2014,3,Indian Wells,ITA,CA,US,USA,840,019,,America,Northern America,USA,10.0,,120.0,52000.0,128M/64Q/32D,Bnp Paribas Open,,Sara Errani,9.0,https://www.wtatennis.com/resources/v7.42.0/i/elements/flags/ita.svg,Round of 32,W,"6-3, 6-3",https://www.wtatennis.com/players/310761/sara-errani,False,False,False,False,False,False,False,2,True,18,12,6,IT,ITA,380,150,Europe,Southern Europe,ITA,"6,3,None|6,3,None"
3,Bnp Paribas Open,,https://www.wtatennis.com/tournaments/609/indian-wells/2014,Premier Mandatory,Hard,https://www.wtatennis.com/resources/v7.42.0/i/elements/1000k-tag.svg,2014-03-05,2014-03-16,2014,3,Indian Wells,CHN,CA,US,USA,840,019,,America,Northern America,USA,40.0,,120.0,52000.0,128M/64Q/32D,Bnp Paribas Open,,Shuai Peng,,https://www.wtatennis.com/resources/v7.42.0/i/elements/flags/chn.svg,Round of 64,W,"6-2, 6-2",https://www.wtatennis.com/players/160471/shuai-peng,False,False,False,False,False,False,False,2,True,16,12,4,CN,CHN,156,142,Asia,East Asia,CHN,"6,2,None|6,2,None"
4,Bnp Paribas Open,,https://www.wtatennis.com/tournaments/609/indian-wells/2014,Premier Mandatory,Hard,https://www.wtatennis.com/resources/v7.42.0/i/elements/1000k-tag.svg,2014-03-05,2014-03-16,2014,3,Indian Wells,,CA,US,USA,840,019,,America,Northern America,USA,,,120.0,52000.0,128M/64Q/32D,Bnp Paribas Open,,,,,Round of 128,,Bye,,False,False,True,False,False,False,False,0,False,0,0,0,,,,,,,,
1,Abierto Mexicano Telcel Presentado Por Hsbc,,https://www.wtatennis.com/tournaments/1002/acapulco/2014,International,Hard,https://www.wtatennis.com/resources/v7.42.0/i/elements/250k-tag.svg,2014-02-24,2014-03-01,2014,2,Acapulco,FRA,,MX,MEX,484,019,,America,Central America,MEX,89.0,,60.0,5900.0,32M/32Q/16D,Abierto Mexicano Telcel Presentado Por Hsbc,,Caroline Garcia,,https://www.wtatennis.com/resources/v7.42.0/i/elements/flags/fra.svg,Quarterfinals,L,"6-3, 4-6, 1-6",https://www.wtatennis.com/players/315391/caroline-garcia,False,False,False,False,False,False,False,3,True,26,11,15,FR,FRA,250,150,Europe,Western Europe,FRA,"6,3,None|4,6,None|1,6,None"
2,Abierto Mexicano Telcel Presentado Por Hsbc,,https://www.wtatennis.com/tournaments/1002/acapulco/2014,International,Hard,https://www.wtatennis.com/resources/v7.42.0/i/elements/250k-tag.svg,2014-02-24,2014-03-01,2014,2,Acapulco,ESP,,MX,MEX,484,019,Kingdom of Spain,America,Central America,MEX,147.0,,60.0,5900.0,32M/32Q/16D,Abierto Mexicano Telcel Presentado Por Hsbc,,Lara Arruabarrena,,https://www.wtatennis.com/resources/v7.42.0/i/elements/flags/esp.svg,Round of 16,W,"7-5, 6-2",https://www.wtatennis.com/players/315296/lara-arruabarrena,False,False,False,False,False,False,False,2,True,20,13,7,ES,ESP,724,150,Europe,Southern Europe,ESP,"7,5,None|6,2,None"
3,Abierto Mexicano Telcel Presentado Por Hsbc,,https://www.wtatennis.com/tournaments/1002/acapulco/2014,International,Hard,https://www.wtatennis.com/resources/v7.42.0/i/elements/250k-tag.svg,2014-02-24,2014-03-01,2014,2,Acapulco,ISR,,MX,MEX,484,019,,America,Central America,MEX,85.0,,60.0,5900.0,32M/32Q/16D,Abierto Mexicano Telcel Presentado Por Hsbc,,Shahar Peer,,https://www.wtatennis.com/resources/v7.42.0/i/elements/flags/isr.svg,Round of 32,W,"6-2, 6-2",https://www.wtatennis.com/players/311168/shahar-peer,False,False,False,False,False,False,False,2,True,16,12,4,IL,ISR,376,142,Asia,Western Asia,ISR,"6,2,None|6,2,None"
1,Dubai Duty Free Tennis Championships,,https://www.wtatennis.com/tournaments/718/dubai/2014,Premier,Hard,https://www.wtatennis.com/resources/v7.42.0/i/elements/500k-tag.svg,2014-02-17,2014-02-22,2014,2,Dubai,GER,,AE,ARE,784,142,,Asia,Western Asia,UAE,50.0,,18.0,5387.0,32M/32Q/16D,Dubai Duty Free Tennis Championships,,Annika Beck,,https://www.wtatennis.com/resources/v7.42.0/i/elements/flags/ger.svg,Qualifying R3 Qual. R3,L,"1-6, 4-6",https://www.wtatennis.com/players/316979/annika-beck,False,False,False,False,False,False,False,2,False,17,5,12,DE,DEU,276,150,Europe,Central Europe,GER,"1,6,None|4,6,None"
2,Dubai Duty Free Tennis Championships,,https://www.wtatennis.com/tournaments/718/dubai/2014,Premier,Hard,https://www.wtatennis.com/resources/v7.42.0/i/elements/500k-tag.svg,2014-02-17,2014-02-22,2014,2,Dubai,BUL,,AE,ARE,784,142,,Asia,Western Asia,UAE,48.0,,18.0,5387.0,32M/32Q/16D,Dubai Duty Free Tennis Championships,,Tsvetana Pironkova,,https://www.wtatennis.com/resources/v7.42.0/i/elements/flags/bul.svg,Qualifying R2 Qual. R2,W,"6-2, 6-4",https://www.wtatennis.com/players/311041/tsvetana-pironkova,False,False,False,False,False,False,False,2,True,18,12,6,BG,BGR,100,150,Europe,Southeastern Europe,BUL,"6,2,None|6,4,None"
3,Dubai Duty Free Tennis Championships,,https://www.wtatennis.com/tournaments/718/dubai/2014,Premier,Hard,https://www.wtatennis.com/resources/v7.42.0/i/elements/500k-tag.svg,2014-02-17,2014-02-22,2014,2,Dubai,RUS,,AE,ARE,784,142,,Asia,Western Asia,UAE,139.0,,18.0,5387.0,32M/32Q/16D,Dubai Duty Free Tennis Championships,,Vera Dushevina,,https://www.wtatennis.com/resources/v7.42.0/i/elements/flags/rus.svg,Qualifying R1 Qual. R1,W,"5-7, 6-3, 6-3",https://www.wtatennis.com/players/310625/vera-dushevina,False,False,False,False,False,False,False,3,False,30,17,13,RU,RUS,643,150,Europe,Eastern Europe,RUS,"5,7,None|6,3,None|6,3,None"
1,Qatar Total Open 2014,,https://www.wtatennis.com/tournaments/1003/doha/2014,Premier 5,Hard,https://www.wtatennis.com/resources/v7.42.0/i/elements/1000k-tag.svg,2014-02-10,2014-02-16,2014,2,Doha,USA,,QA,QAT,634,142,United States of America|America|USA|US,Asia,Western Asia,QAT,42.0,,1.0,6630.0,64M/32Q/32D,Qatar Total Open 2014,,Bethanie Mattek-Sands,,https://www.wtatennis.com/resources/v7.42.0/i/elements/flags/usa.svg,Round of 64,L,"5-7, 1-6",https://www.wtatennis.com/players/130713/bethanie-mattek-sands,False,False,False,False,False,False,False,2,False,19,6,13,US,USA,840,019,America,Northern America,USA,"5,7,None|1,6,None"
1,Fed Cup World Group Ii Week 1,https://www.wtatennis.com/resources/v7.42.0/i/elements/itf.png,,ITF,Hard,https://www.wtatennis.com/resources/v7.42.0/i/elements/itf.png,2014-02-08,2014-02-09,2014,2,Montreal,SRB,,CA,CAN,124,019,,America,Northern America,CAN,149.0,,,,6M/0Q/2D,Fed Cup World Group Ii Week 1,,Jovana Jovic,,https://www.wtatennis.com/resources/v7.42.0/i/elements/flags/srb.svg,Round 1 R1,W,"6-1, 6-0",https://www.wtatennis.com/players/317351/jovana-jovic,False,False,False,False,False,False,False,2,True,13,12,1,RS,SRB,688,150,Europe,Southeastern Europe,SRB,"6,1,None|6,0,None"
2,Fed Cup World Group Ii Week 1,https://www.wtatennis.com/resources/v7.42.0/i/elements/itf.png,,ITF,Hard,https://www.wtatennis.com/resources/v7.42.0/i/elements/itf.png,2014-02-08,2014-02-09,2014,2,Montreal,SRB,,CA,CAN,124,019,,America,Northern America,CAN,117.0,,,,6M/0Q/2D,Fed Cup World Group Ii Week 1,,Vesna Dolonc,,https://www.wtatennis.com/resources/v7.42.0/i/elements/flags/srb.svg,Round 1 R1,W,"6-0, 6-3",https://www.wtatennis.com/players/313653/vesna-dolonc,False,False,False,False,False,False,False,2,True,15,12,3,RS,SRB,688,150,Europe,Southeastern Europe,SRB,"6,0,None|6,3,None"
1,Australian Open,,https://www.wtatennis.com/tournaments/901/australian-open/2014,Grand Slam,Hard,https://www.wtatennis.com/resources/v7.42.0/i/elements/gs-tag.svg,2014-01-13,2014-01-25,2014,1,Melbourne,CHN,,AU,AUS,036,009,,Oceania,Australasia,AUS,4.0,,780.0,478731.0,128M/128Q/64D,Australian Open,,Na Li,4.0,https://www.wtatennis.com/resources/v7.42.0/i/elements/flags/chn.svg,Semifinals,L,"2-6, 4-6",https://www.wtatennis.com/players/120330/na-li,False,False,False,False,False,False,False,2,False,18,6,12,CN,CHN,156,142,Asia,East Asia,CHN,"2,6,None|4,6,None"
2,Australian Open,,https://www.wtatennis.com/tournaments/901/australian-open/2014,Grand Slam,Hard,https://www.wtatennis.com/resources/v7.42.0/i/elements/gs-tag.svg,2014-01-13,2014-01-25,2014,1,Melbourne,SRB,,AU,AUS,036,009,,Oceania,Australasia,AUS,14.0,,780.0,478731.0,128M/128Q/64D,Australian Open,,Ana Ivanovic,14.0,https://www.wtatennis.com/resources/v7.42.0/i/elements/flags/srb.svg,Quarterfinals,W,"5-7, 7-5, 6-2",https://www.wtatennis.com/players/311710/ana-ivanovic,False,False,False,False,False,False,False,3,False,32,18,14,RS,SRB,688,150,Europe,Southeastern Europe,SRB,"5,7,None|7,5,None|6,2,None"
3,Australian Open,,https://www.wtatennis.com/tournaments/901/australian-open/2014,Grand Slam,Hard,https://www.wtatennis.com/resources/v7.42.0/i/elements/gs-tag.svg,2014-01-13,2014-01-25,2014,1,Melbourne,AUS,,AU,AUS,036,009,,Oceania,Australasia,AUS,120.0,,780.0,478731.0,128M/128Q/64D,Australian Open,,Casey Dellacqua,,https://www.wtatennis.com/resources/v7.42.0/i/elements/flags/aus.svg,Round of 16,W,"6-7 (5), 6-2, 6-0",https://www.wtatennis.com/players/310730/casey-dellacqua,False,False,False,True,False,False,True,3,False,27,18,9,AU,AUS,036,009,Oceania,Australasia,AUS,"6,7,5|6,2,None|6,0,None"
4,Australian Open,,https://www.wtatennis.com/tournaments/901/australian-open/2014,Grand Slam,Hard,https://www.wtatennis.com/resources/v7.42.0/i/elements/gs-tag.svg,2014-01-13,2014-01-25,2014,1,Melbourne,USA,,AU,AUS,036,009,United States of America|America|USA|US,Oceania,Australasia,AUS,68.0,,780.0,478731.0,128M/128Q/64D,Australian Open,,Lauren Davis,,https://www.wtatennis.com/resources/v7.42.0/i/elements/flags/usa.svg,Round of 32,W,"6-2, 6-2",https://www.wtatennis.com/players/317414/lauren-davis,False,False,False,False,False,False,False,2,True,16,12,4,US,USA,840,019,America,Northern America,USA,"6,2,None|6,2,None"
5,Australian Open,,https://www.wtatennis.com/tournaments/901/australian-open/2014,Grand Slam,Hard,https://www.wtatennis.com/resources/v7.42.0/i/elements/gs-tag.svg,2014-01-13,2014-01-25,2014,1,Melbourne,FRA,,AU,AUS,036,009,,Oceania,Australasia,AUS,100.0,,780.0,478731.0,128M/128Q/64D,Australian Open,,Virginie Razzano,,https://www.wtatennis.com/resources/v7.42.0/i/elements/flags/fra.svg,Round of 64,W,"6-2, 7-6 (10)",https://www.wtatennis.com/players/180384/virginie-razzano,False,False,False,False,True,False,True,2,True,21,13,8,FR,FRA,250,150,Europe,Western Europe,FRA,"6,2,None|7,6,10"
6,Australian Open,,https://www.wtatennis.com/tournaments/901/australian-open/2014,Grand Slam,Hard,https://www.wtatennis.com/resources/v7.42.0/i/elements/gs-tag.svg,2014-01-13,2014-01-25,2014,1,Melbourne,CHN,,AU,AUS,036,009,,Oceania,Australasia,AUS,487.0,,780.0,478731.0,128M/128Q/64D,Australian Open,,Hao Chen Tang,,https://www.wtatennis.com/resources/v7.42.0/i/elements/flags/chn.svg,Round of 128,W,"7-5, 6-1",https://www.wtatennis.com/players/317359/hao-chen-tang,False,False,False,False,False,False,False,2,True,19,13,6,CN,CHN,156,142,Asia,East Asia,CHN,"7,5,None|6,1,None"
1,Apia International Sydney,,https://www.wtatennis.com/tournaments/702/sydney/2014,Premier,Hard,https://www.wtatennis.com/resources/v7.42.0/i/elements/500k-tag.svg,2014-01-05,2014-01-10,2014,1,Sydney,USA,,AU,AUS,036,009,United States of America|America|USA|US,Oceania,Australasia,AUS,48.0,,1.0,5385.0,32M/64Q/16D,Apia International Sydney,,Bethanie Mattek-Sands,,https://www.wtatennis.com/resources/v7.42.0/i/elements/flags/usa.svg,Round of 32,L,"4-6, 3-6",https://www.wtatennis.com/players/130713/bethanie-mattek-sands,False,False,False,False,False,False,False,2,False,19,7,12,US,USA,840,019,America,Northern America,USA,"4,6,None|3,6,None"
1,Bgl Bnp Paribas Luxembourg Open,,https://www.wtatennis.com/tournaments/300/luxembourg/2013,International,Hard,https://www.wtatennis.com/resources/v7.42.0/i/elements/250k-tag.svg,2013-10-14,2013-10-20,2013,10,Luxembourg,GER,,LU,LUX,442,150,,Europe,Western Europe,LUX,40.0,,1.0,1800.0,32M/32Q/16D,Bgl Bnp Paribas Luxembourg Open,,Andrea Petkovic,,https://www.wtatennis.com/resources/v7.42.0/i/elements/flags/ger.svg,Round of 32,L,"6-2, 5-7, 1-6",https://www.wtatennis.com/players/310770/andrea-petkovic,False,False,False,False,False,False,False,3,True,27,12,15,DE,DEU,276,150,Europe,Central Europe,GER,"6,2,None|5,7,None|1,6,None"
1,Hp Japan Women'S Open Tennis 2013,,https://www.wtatennis.com/tournaments/405/osaka/2013,International,Hard,https://www.wtatennis.com/resources/v7.42.0/i/elements/250k-tag.svg,2013-10-07,2013-10-13,2013,10,Osaka,AUS,,JP,JPN,392,142,,Asia,East Asia,JPN,20.0,,200.0,20000.0,32M/32Q/16D,Hp Japan Women'S Open Tennis 2013,,Samantha Stosur,3.0,https://www.wtatennis.com/resources/v7.42.0/i/elements/flags/aus.svg,Finals,L,"6-3, 5-7, 2-6",https://www.wtatennis.com/players/190787/samantha-stosur,False,False,False,False,False,False,False,3,True,29,13,16,AU,AUS,036,009,Oceania,Australasia,AUS,"6,3,None|5,7,None|2,6,None"
2,Hp Japan Women'S Open Tennis 2013,,https://www.wtatennis.com/tournaments/405/osaka/2013,International,Hard,https://www.wtatennis.com/resources/v7.42.0/i/elements/250k-tag.svg,2013-10-07,2013-10-13,2013,10,Osaka,JPN,,JP,JPN,392,142,,Asia,East Asia,JPN,87.0,,200.0,20000.0,32M/32Q/16D,Hp Japan Women'S Open Tennis 2013,,Kurumi Nara,,https://www.wtatennis.com/resources/v7.42.0/i/elements/flags/jpn.svg,Semifinals,W,"6-2, 6-2",https://www.wtatennis.com/players/314344/kurumi-nara,False,False,False,False,False,False,False,2,True,16,12,4,JP,JPN,392,142,Asia,East Asia,JPN,"6,2,None|6,2,None"
3,Hp Japan Women'S Open Tennis 2013,,https://www.wtatennis.com/tournaments/405/osaka/2013,International,Hard,https://www.wtatennis.com/resources/v7.42.0/i/elements/250k-tag.svg,2013-10-07,2013-10-13,2013,10,Osaka,CZE,,JP,JPN,392,142,,Asia,East Asia,JPN,108.0,,200.0,20000.0,32M/32Q/16D,Hp Japan Women'S Open Tennis 2013,,Barbora Strycova,,https://www.wtatennis.com/resources/v7.42.0/i/elements/flags/cze.svg,Quarterfinals,W,"2-6, 6-4, 6-1",https://www.wtatennis.com/players/190879/barbora-strycova,False,False,False,False,False,False,False,3,False,25,14,11,CZ,CZE,203,150,Europe,Central Europe,CZE,"2,6,None|6,4,None|6,1,None"
4,Hp Japan Women'S Open Tennis 2013,,https://www.wtatennis.com/tournaments/405/osaka/2013,International,Hard,https://www.wtatennis.com/resources/v7.42.0/i/elements/250k-tag.svg,2013-10-07,2013-10-13,2013,10,Osaka,THA,,JP,JPN,392,142,,Asia,East Asia,JPN,119.0,,200.0,20000.0,32M/32Q/16D,Hp Japan Women'S Open Tennis 2013,,Luksika Kumkhum,,https://www.wtatennis.com/resources/v7.42.0/i/elements/flags/tha.svg,Round of 16,W,"6-2, 6-2",https://www.wtatennis.com/players/317033/luksika-kumkhum,False,False,False,False,False,False,False,2,True,16,12,4,TH,THA,764,142,Asia,Southeast Asia,THA,"6,2,None|6,2,None"
5,Hp Japan Women'S Open Tennis 2013,,https://www.wtatennis.com/tournaments/405/osaka/2013,International,Hard,https://www.wtatennis.com/resources/v7.42.0/i/elements/250k-tag.svg,2013-10-07,2013-10-13,2013,10,Osaka,USA,,JP,JPN,392,142,United States of America|America|USA|US,Asia,East Asia,JPN,55.0,,200.0,20000.0,32M/32Q/16D,Hp Japan Women'S Open Tennis 2013,,Varvara Lepchenko,,https://www.wtatennis.com/resources/v7.42.0/i/elements/flags/usa.svg,Round of 32,W,"6-3, 6-0",https://www.wtatennis.com/players/120420/varvara-lepchenko,False,False,False,False,False,False,False,2,True,15,12,3,US,USA,840,019,America,Northern America,USA,"6,3,None|6,0,None"
1,China Open,,https://www.wtatennis.com/tournaments/1020/beijing/2013,Premier Mandatory,Hard,https://www.wtatennis.com/resources/v7.42.0/i/elements/1000k-tag.svg,2013-09-28,2013-10-06,2013,9,Beijing,USA,,CN,CHN,156,142,United States of America|America|USA|US,Asia,East Asia,CHN,13.0,Q,110.0,23500.0,64M/32Q/32D,China Open,,Sloane Stephens,11.0,https://www.wtatennis.com/resources/v7.42.0/i/elements/flags/usa.svg,Round of 32,L,"1-6, 6-1, 4-6",https://www.wtatennis.com/players/315683/sloane-stephens,False,False,False,False,False,False,False,3,False,24,11,13,US,USA,840,019,America,Northern America,USA,"1,6,None|6,1,None|4,6,None"
2,China Open,,https://www.wtatennis.com/tournaments/1020/beijing/2013,Premier Mandatory,Hard,https://www.wtatennis.com/resources/v7.42.0/i/elements/1000k-tag.svg,2013-09-28,2013-10-06,2013,9,Beijing,SVK,,CN,CHN,156,142,,Asia,East Asia,CHN,35.0,Q,110.0,23500.0,64M/32Q/32D,China Open,,Magdalena Rybarikova,,https://www.wtatennis.com/resources/v7.42.0/i/elements/flags/svk.svg,Round of 64,W,"6-4, 6-1",https://www.wtatennis.com/players/312580/magdalena-rybarikova,False,False,False,False,False,False,False,2,True,17,12,5,SK,SVK,703,150,Europe,Central Europe,SVK,"6,4,None|6,1,None"
3,China Open,,https://www.wtatennis.com/tournaments/1020/beijing/2013,Premier Mandatory,Hard,https://www.wtatennis.com/resources/v7.42.0/i/elements/1000k-tag.svg,2013-09-28,2013-10-06,2013,9,Beijing,SVK,,CN,CHN,156,142,,Asia,East Asia,CHN,85.0,Q,110.0,23500.0,64M/32Q/32D,China Open,,Anna Karolina Schmiedlova,,https://www.wtatennis.com/resources/v7.42.0/i/elements/flags/svk.svg,Qualifying R2 Qual. R2,W,"4-6, 6-0, 6-3",https://www.wtatennis.com/players/318203/anna-karolina-schmiedlova,False,False,False,False,False,False,False,3,False,25,16,9,SK,SVK,703,150,Europe,Central Europe,SVK,"4,6,None|6,0,None|6,3,None"
4,China Open,,https://www.wtatennis.com/tournaments/1020/beijing/2013,Premier Mandatory,Hard,https://www.wtatennis.com/resources/v7.42.0/i/elements/1000k-tag.svg,2013-09-28,2013-10-06,2013,9,Beijing,CHN,,CN,CHN,156,142,,Asia,East Asia,CHN,151.0,Q,110.0,23500.0,64M/32Q/32D,China Open,,Saisai Zheng,,https://www.wtatennis.com/resources/v7.42.0/i/elements/flags/chn.svg,Qualifying R1 Qual. R1,W,"6-2, 6-3",https://www.wtatennis.com/players/316286/saisai-zheng,False,False,False,False,False,False,False,2,True,17,12,5,CN,CHN,156,142,Asia,East Asia,CHN,"6,2,None|6,3,None"
1,Toray Pan Pacific Open,,https://www.wtatennis.com/tournaments/1056/tokyo/2013,Premier 5,Hard,https://www.wtatennis.com/resources/v7.42.0/i/elements/1000k-tag.svg,2013-09-22,2013-09-28,2013,9,Tokyo,USA,,JP,JPN,392,142,United States of America|America|USA|US,Asia,East Asia,JPN,63.0,,225.0,49050.0,64M/32Q/16D,Toray Pan Pacific Open,,Venus Williams,,https://www.wtatennis.com/resources/v7.42.0/i/elements/flags/usa.svg,Quarterfinals,L,"3-6, 7-6 (4), 3-6",https://www.wtatennis.com/players/230220/venus-williams,False,False,False,False,True,False,True,3,False,31,13,18,US,USA,840,019,America,Northern America,USA,"3,6,None|7,6,4|3,6,None"
2,Toray Pan Pacific Open,,https://www.wtatennis.com/tournaments/1056/tokyo/2013,Premier 5,Hard,https://www.wtatennis.com/resources/v7.42.0/i/elements/1000k-tag.svg,2013-09-22,2013-09-28,2013,9,Tokyo,SRB,,JP,JPN,392,142,,Asia,East Asia,JPN,10.0,,225.0,49050.0,64M/32Q/16D,Toray Pan Pacific Open,,Jelena Jankovic,6.0,https://www.wtatennis.com/resources/v7.42.0/i/elements/flags/srb.svg,Round of 16,W,"7-5, 6-2",https://www.wtatennis.com/players/100153/jelena-jankovic,False,False,False,False,False,False,False,2,True,20,13,7,RS,SRB,688,150,Europe,Southeastern Europe,SRB,"7,5,None|6,2,None"
3,Toray Pan Pacific Open,,https://www.wtatennis.com/tournaments/1056/tokyo/2013,Premier 5,Hard,https://www.wtatennis.com/resources/v7.42.0/i/elements/1000k-tag.svg,2013-09-22,2013-09-28,2013,9,Tokyo,USA,,JP,JPN,392,142,United States of America|America|USA|US,Asia,East Asia,JPN,13.0,,225.0,49050.0,64M/32Q/16D,Toray Pan Pacific Open,,Sloane Stephens,9.0,https://www.wtatennis.com/resources/v7.42.0/i/elements/flags/usa.svg,Round of 32,W,"5-7, 7-6 (7), 6-3",https://www.wtatennis.com/players/315683/sloane-stephens,False,False,False,False,True,False,True,3,False,34,18,16,US,USA,840,019,America,Northern America,USA,"5,7,None|7,6,7|6,3,None"
4,Toray Pan Pacific Open,,https://www.wtatennis.com/tournaments/1056/tokyo/2013,Premier 5,Hard,https://www.wtatennis.com/resources/v7.42.0/i/elements/1000k-tag.svg,2013-09-22,2013-09-28,2013,9,Tokyo,PUR,,JP,JPN,392,142,,Asia,East Asia,JPN,44.0,,225.0,49050.0,64M/32Q/16D,Toray Pan Pacific Open,,Monica Puig,,https://www.wtatennis.com/resources/v7.42.0/i/elements/flags/pur.svg,Round of 64,W,"6-0, 6-4",https://www.wtatennis.com/players/317755/monica-puig,False,False,False,False,False,False,False,2,True,16,12,4,PR,PRI,630,019,America,Caribbean,PUR,"6,0,None|6,4,None"
1,Challenge Bell,,https://www.wtatennis.com/tournaments/656/quebec-city/2013,International,Carpet,https://www.wtatennis.com/resources/v7.42.0/i/elements/250k-tag.svg,2013-09-09,2013-09-15,2013,9,Quebec City,CZE,,CA,CAN,124,019,,America,Northern America,CAN,48.0,,130.0,10425.0,32M/32Q/16D,Challenge Bell,,Lucie Safarova,3.0,https://www.wtatennis.com/resources/v7.42.0/i/elements/flags/cze.svg,Semifinals,L,"6-3, 3-6, 2-6",https://www.wtatennis.com/players/310553/lucie-safarova,False,False,False,False,False,False,False,3,True,26,11,15,CZ,CZE,203,150,Europe,Central Europe,CZE,"6,3,None|3,6,None|2,6,None"
2,Challenge Bell,,https://www.wtatennis.com/tournaments/656/quebec-city/2013,International,Carpet,https://www.wtatennis.com/resources/v7.42.0/i/elements/250k-tag.svg,2013-09-09,2013-09-15,2013,9,Quebec City,FRA,,CA,CAN,124,019,,America,Northern America,CAN,40.0,,130.0,10425.0,32M/32Q/16D,Challenge Bell,,Kristina Mladenovic,2.0,https://www.wtatennis.com/resources/v7.42.0/i/elements/flags/fra.svg,Quarterfinals,W,"6-3, 6-2",https://www.wtatennis.com/players/315616/kristina-mladenovic,False,False,False,False,False,False,False,2,True,17,12,5,FR,FRA,250,150,Europe,Western Europe,FRA,"6,3,None|6,2,None"
3,Challenge Bell,,https://www.wtatennis.com/tournaments/656/quebec-city/2013,International,Carpet,https://www.wtatennis.com/resources/v7.42.0/i/elements/250k-tag.svg,2013-09-09,2013-09-15,2013,9,Quebec City,BUL,,CA,CAN,124,019,,America,Northern America,CAN,150.0,,130.0,10425.0,32M/32Q/16D,Challenge Bell,,Sesil Karatantcheva,,https://www.wtatennis.com/resources/v7.42.0/i/elements/flags/bul.svg,Round of 16,W,"7-6 (2), 6-4",https://www.wtatennis.com/players/311810/sesil-karatantcheva,False,False,False,True,False,False,True,2,True,23,13,10,BG,BGR,100,150,Europe,Southeastern Europe,BUL,"7,6,2|6,4,None"
4,Challenge Bell,,https://www.wtatennis.com/tournaments/656/quebec-city/2013,International,Carpet,https://www.wtatennis.com/resources/v7.42.0/i/elements/250k-tag.svg,2013-09-09,2013-09-15,2013,9,Quebec City,SWE,,CA,CAN,124,019,,America,Northern America,CAN,103.0,,130.0,10425.0,32M/32Q/16D,Challenge Bell,,Sofia Arvidsson,,https://www.wtatennis.com/resources/v7.42.0/i/elements/flags/swe.svg,Round of 32,W,"6-1, 2-6, 7-6 (0)",https://www.wtatennis.com/players/10334/sofia-arvidsson,False,False,False,False,False,True,True,3,True,28,15,13,SE,SWE,752,150,Europe,Northern Europe,SWE,"6,1,None|2,6,None|7,6,0"
1,Us Open,,https://www.wtatennis.com/tournaments/905/us-open/2013,Grand Slam,Hard,https://www.wtatennis.com/resources/v7.42.0/i/elements/gs-tag.svg,2013-08-26,2013-09-08,2013,8,New York,GER,NY,US,USA,840,019,,America,Northern America,USA,9.0,,100.0,52097.0,128M/128Q/64D,Us Open,,Angelique Kerber,8.0,https://www.wtatennis.com/resources/v7.42.0/i/elements/flags/ger.svg,Round of 64,L,"4-6, 6-2, 3-6",https://www.wtatennis.com/players/311470/angelique-kerber,False,False,False,False,False,False,False,3,False,27,13,14,DE,DEU,276,150,Europe,Central Europe,GER,"4,6,None|6,2,None|3,6,None"
2,Us Open,,https://www.wtatennis.com/tournaments/905/us-open/2013,Grand Slam,Hard,https://www.wtatennis.com/resources/v7.42.0/i/elements/gs-tag.svg,2013-08-26,2013-09-08,2013,8,New York,CZE,NY,US,USA,840,019,,America,Northern America,USA,72.0,,100.0,52097.0,128M/128Q/64D,Us Open,,Karolina Pliskova,,https://www.wtatennis.com/resources/v7.42.0/i/elements/flags/cze.svg,Round of 128,W,"4-6, 6-4, 7-5",https://www.wtatennis.com/players/313974/karolina-pliskova,False,False,False,False,False,False,False,3,False,32,17,15,CZ,CZE,203,150,Europe,Central Europe,CZE,"4,6,None|6,4,None|7,5,None"
1,Western & Southern Open,,https://www.wtatennis.com/tournaments/1017/cincinnati/2013,Premier 5,Hard,https://www.wtatennis.com/resources/v7.42.0/i/elements/1000k-tag.svg,2013-08-12,2013-08-18,2013,8,Cincinnati,USA,OH,US,USA,840,019,United States of America|America|USA|US,America,Northern America,USA,1.0,Q,100.0,12200.0,64M/64Q/32D,Western & Southern Open,,Serena Williams,1.0,https://www.wtatennis.com/resources/v7.42.0/i/elements/flags/usa.svg,Round of 32,L,"6-4, 2-6, 2-6",https://www.wtatennis.com/players/230234/serena-williams,False,False,False,False,False,False,False,3,True,26,10,16,US,USA,840,019,America,Northern America,USA,"6,4,None|2,6,None|2,6,None"
2,Western & Southern Open,,https://www.wtatennis.com/tournaments/1017/cincinnati/2013,Premier 5,Hard,https://www.wtatennis.com/resources/v7.42.0/i/elements/1000k-tag.svg,2013-08-12,2013-08-18,2013,8,Cincinnati,PUR,OH,US,USA,840,019,,America,Northern America,USA,53.0,Q,100.0,12200.0,64M/64Q/32D,Western & Southern Open,,Monica Puig,,https://www.wtatennis.com/resources/v7.42.0/i/elements/flags/pur.svg,Round of 64,W,"6-3, 6-4",https://www.wtatennis.com/players/317755/monica-puig,False,False,False,False,False,False,False,2,True,19,12,7,PR,PRI,630,019,America,Caribbean,PUR,"6,3,None|6,4,None"
3,Western & Southern Open,,https://www.wtatennis.com/tournaments/1017/cincinnati/2013,Premier 5,Hard,https://www.wtatennis.com/resources/v7.42.0/i/elements/1000k-tag.svg,2013-08-12,2013-08-18,2013,8,Cincinnati,SRB,OH,US,USA,840,019,,America,Northern America,USA,94.0,Q,100.0,12200.0,64M/64Q/32D,Western & Southern Open,,Vesna Dolonc,,https://www.wtatennis.com/resources/v7.42.0/i/elements/flags/srb.svg,Qualifying R2 Qual. R2,W,"6-3, 6-1",https://www.wtatennis.com/players/313653/vesna-dolonc,False,False,False,False,False,False,False,2,True,16,12,4,RS,SRB,688,150,Europe,Southeastern Europe,SRB,"6,3,None|6,1,None"
4,Western & Southern Open,,https://www.wtatennis.com/tournaments/1017/cincinnati/2013,Premier 5,Hard,https://www.wtatennis.com/resources/v7.42.0/i/elements/1000k-tag.svg,2013-08-12,2013-08-18,2013,8,Cincinnati,ESP,OH,US,USA,840,019,Kingdom of Spain,America,Northern America,USA,89.0,Q,100.0,12200.0,64M/64Q/32D,Western & Southern Open,,Anabel Medina Garrigues,,https://www.wtatennis.com/resources/v7.42.0/i/elements/flags/esp.svg,Qualifying R1 Qual. R1,W,"6-0, 6-3",https://www.wtatennis.com/players/130611/anabel-medina-garrigues,False,False,False,False,False,False,False,2,True,15,12,3,ES,ESP,724,150,Europe,Southern Europe,ESP,"6,0,None|6,3,None"
1,Rogers Cup Presented By National Bank,,https://www.wtatennis.com/tournaments/806/montreal/2013,Premier 5,Hard,https://www.wtatennis.com/resources/v7.42.0/i/elements/1000k-tag.svg,2013-08-05,2013-08-11,2013,8,Toronto,CZE,,CA,CAN,124,019,,America,Northern America,CAN,7.0,W,70.0,12200.0,64M/64Q/32D,Rogers Cup Presented By National Bank,,Petra Kvitova,6.0,https://www.wtatennis.com/resources/v7.42.0/i/elements/flags/cze.svg,Round of 32,L,"3-6, 2-6",https://www.wtatennis.com/players/314206/petra-kvitova,False,False,False,False,False,False,False,2,False,17,5,12,CZ,CZE,203,150,Europe,Central Europe,CZE,"3,6,None|2,6,None"
2,Rogers Cup Presented By National Bank,,https://www.wtatennis.com/tournaments/806/montreal/2013,Premier 5,Hard,https://www.wtatennis.com/resources/v7.42.0/i/elements/1000k-tag.svg,2013-08-05,2013-08-11,2013,8,Toronto,RUS,,CA,CAN,124,019,,America,Northern America,CAN,599.0,W,70.0,12200.0,64M/64Q/32D,Rogers Cup Presented By National Bank,,Alisa Kleybanova,,https://www.wtatennis.com/resources/v7.42.0/i/elements/flags/rus.svg,Round of 64,W,"6-3, 6-1",https://www.wtatennis.com/players/311777/alisa-kleybanova,False,False,False,False,False,False,False,2,True,16,12,4,RU,RUS,643,150,Europe,Eastern Europe,RUS,"6,3,None|6,1,None"
1,Citi Open,,https://www.wtatennis.com/tournaments/1045/washington-dc/2013,International,Hard,https://www.wtatennis.com/resources/v7.42.0/i/elements/250k-tag.svg,2013-07-29,2013-08-04,2013,7,Washington Dc,RUS,MD,US,USA,840,019,,America,Northern America,USA,27.0,,1.0,2075.0,32M/16Q/16D,Citi Open,,Ekaterina Makarova,3.0,https://www.wtatennis.com/resources/v7.42.0/i/elements/flags/rus.svg,Round of 32,L,"4-6, 2-6",https://www.wtatennis.com/players/311604/ekaterina-makarova,False,False,False,False,False,False,False,2,False,18,6,12,RU,RUS,643,150,Europe,Eastern Europe,RUS,"4,6,None|2,6,None"
1,Wimbledon,,https://www.wtatennis.com/tournaments/904/wimbledon/2013,Grand Slam,Grass,https://www.wtatennis.com/resources/v7.42.0/i/elements/gs-tag.svg,2013-06-24,2013-07-06,2013,6,Wimbledon,ESP,,GB,GBR,826,150,Kingdom of Spain,Europe,Northern Europe,ENG,18.0,,160.0,98609.0,128M/128Q/64D,The Championships,,Carla Suárez Navarro,19.0,https://www.wtatennis.com/resources/v7.42.0/i/elements/flags/esp.svg,Round of 32,L,"5-7, 2-6",https://www.wtatennis.com/players/311338/carla-su-rez-navarro,False,False,False,False,False,False,False,2,False,20,7,13,ES,ESP,724,150,Europe,Southern Europe,ESP,"5,7,None|2,6,None"
2,Wimbledon,,https://www.wtatennis.com/tournaments/904/wimbledon/2013,Grand Slam,Grass,https://www.wtatennis.com/resources/v7.42.0/i/elements/gs-tag.svg,2013-06-24,2013-07-06,2013,6,Wimbledon,SRB,,GB,GBR,826,150,,Europe,Northern Europe,ENG,12.0,,160.0,98609.0,128M/128Q/64D,The Championships,,Ana Ivanovic,12.0,https://www.wtatennis.com/resources/v7.42.0/i/elements/flags/srb.svg,Round of 64,W,"6-3, 6-3",https://www.wtatennis.com/players/311710/ana-ivanovic,False,False,False,False,False,False,False,2,True,18,12,6,RS,SRB,688,150,Europe,Southeastern Europe,SRB,"6,3,None|6,3,None"
3,Wimbledon,,https://www.wtatennis.com/tournaments/904/wimbledon/2013,Grand Slam,Grass,https://www.wtatennis.com/resources/v7.42.0/i/elements/gs-tag.svg,2013-06-24,2013-07-06,2013,6,Wimbledon,KAZ,,GB,GBR,826,150,,Europe,Northern Europe,ENG,88.0,,160.0,98609.0,128M/128Q/64D,The Championships,,Galina Voskoboeva,,https://www.wtatennis.com/resources/v7.42.0/i/elements/flags/kaz.svg,Round of 128,W,"5-7, 7-6 (5), 6-4",https://www.wtatennis.com/players/310419/galina-voskoboeva,False,False,False,False,True,False,True,3,False,35,18,17,KZ,KAZ,398,142,Asia,Central Asia,KAZ,"5,7,None|7,6,5|6,4,None"
1,Aegon International,,https://www.wtatennis.com/tournaments/710/eastbourne/2013,WTA 250,Grass,https://www.wtatennis.com/resources/v7.42.0/i/elements/250k-tag.svg,2013-06-17,2013-06-22,2013,6,Eastbourne,UKR,,GB,GBR,826,150,,Europe,Northern Europe,ENG,187.0,,8.0,1450.0,32M/32Q/16D,Aegon International,,Yuliya Beygelzimer,,https://www.wtatennis.com/resources/v7.42.0/i/elements/flags/ukr.svg,Qualifying R2 Qual. R2,L,"6-2, 4-6, 4-6",https://www.wtatennis.com/players/20652/yuliya-beygelzimer,False,False,False,False,False,False,False,3,True,28,14,14,UA,UKR,804,150,Europe,Eastern Europe,UKR,"6,2,None|4,6,None|4,6,None"
2,Aegon International,,https://www.wtatennis.com/tournaments/710/eastbourne/2013,WTA 250,Grass,https://www.wtatennis.com/resources/v7.42.0/i/elements/250k-tag.svg,2013-06-17,2013-06-22,2013,6,Eastbourne,GBR,,GB,GBR,826,150,Britain|UK|Great Britain|United Kingdom,Europe,Northern Europe,ENG,720.0,,8.0,1450.0,32M/32Q/16D,Aegon International,,Lucy Brown,,https://www.wtatennis.com/resources/v7.42.0/i/elements/flags/gbr.svg,Qualifying R1 Qual. R1,W,"6-3, 6-3",https://www.wtatennis.com/players/316837/lucy-brown,False,False,False,False,False,False,False,2,True,18,12,6,GB,GBR,826,150,Europe,Northern Europe,ENG,"6,3,None|6,3,None"
1,Aegon Classic,,https://www.wtatennis.com/tournaments/1052/birmingham/2013,International,Grass,https://www.wtatennis.com/resources/v7.42.0/i/elements/250k-tag.svg,2013-06-10,2013-06-16,2013,6,Birmingham,SRB,,GB,GBR,826,150,,Europe,Northern Europe,ENG,40.0,,1.0,750.0,64M/32Q/16D,Aegon Classic,,Bojana Jovanovski Petrovic,13.0,https://www.wtatennis.com/resources/v7.42.0/i/elements/flags/srb.svg,Round of 64,L,"7-5, 3-6, 2-6",https://www.wtatennis.com/players/314369/bojana-jovanovski-petrovic,False,False,False,False,False,False,False,3,True,29,12,17,RS,SRB,688,150,Europe,Southeastern Europe,SRB,"7,5,None|3,6,None|2,6,None"
1,"Itf/Tennis Europe $75,000",https://www.wtatennis.com/resources/v7.42.0/i/elements/itf.png,,ITF,Grass,https://www.wtatennis.com/resources/v7.42.0/i/elements/itf.png,2013-06-03,2013-06-09,2013,6,Nottingham,USA,,GB,GBR,826,150,United States of America|America|USA|US,Europe,Northern Europe,ENG,137.0,,,1140.0,32M/32Q/16D,"Itf/Tennis Europe $75,000",,Irina Falconi Hartman,,https://www.wtatennis.com/resources/v7.42.0/i/elements/flags/usa.svg,Round of 16,L,"6-4, 2-6, 1-6",https://www.wtatennis.com/players/314545/irina-falconi-hartman,False,False,False,False,False,False,False,3,True,25,9,16,US,USA,840,019,America,Northern America,USA,"6,4,None|2,6,None|1,6,None"
2,"Itf/Tennis Europe $75,000",https://www.wtatennis.com/resources/v7.42.0/i/elements/itf.png,,ITF,Grass,https://www.wtatennis.com/resources/v7.42.0/i/elements/itf.png,2013-06-03,2013-06-09,2013,6,Nottingham,USA,,GB,GBR,826,150,United States of America|America|USA|US,Europe,Northern Europe,ENG,199.0,,,1140.0,32M/32Q/16D,"Itf/Tennis Europe $75,000",,Madison Brengle,,https://www.wtatennis.com/resources/v7.42.0/i/elements/flags/usa.svg,Round of 32,W,"6-4, 2-6, 7-5",https://www.wtatennis.com/players/312328/madison-brengle,False,False,False,False,False,False,False,3,True,30,15,15,US,USA,840,019,America,Northern America,USA,"6,4,None|2,6,None|7,5,None"
1,Roland Garros,,https://www.wtatennis.com/tournaments/903/roland-garros/2013,Grand Slam,Clay,https://www.wtatennis.com/resources/v7.42.0/i/elements/gs-tag.svg,2013-05-26,2013-06-08,2013,5,Paris,RUS,,FR,FRA,250,150,,Europe,Western Europe,FRA,2.0,,100.0,43640.0,128M/128Q/64D,Championnats Internationaux De France,,Maria Sharapova,2.0,https://www.wtatennis.com/resources/v7.42.0/i/elements/flags/rus.svg,Round of 64,L,"2-6, 4-6",https://www.wtatennis.com/players/310137/maria-sharapova,False,False,False,False,False,False,False,2,False,18,6,12,RU,RUS,643,150,Europe,Eastern Europe,RUS,"2,6,None|4,6,None"
2,Roland Garros,,https://www.wtatennis.com/tournaments/903/roland-garros/2013,Grand Slam,Clay,https://www.wtatennis.com/resources/v7.42.0/i/elements/gs-tag.svg,2013-05-26,2013-06-08,2013,5,Paris,BUL,,FR,FRA,250,150,,Europe,Western Europe,FRA,59.0,,100.0,43640.0,128M/128Q/64D,Championnats Internationaux De France,,Tsvetana Pironkova,,https://www.wtatennis.com/resources/v7.42.0/i/elements/flags/bul.svg,Round of 128,W,"6-1, 7-6 (2)",https://www.wtatennis.com/players/311041/tsvetana-pironkova,False,False,False,False,True,False,True,2,True,20,13,7,BG,BGR,100,150,Europe,Southeastern Europe,BUL,"6,1,None|7,6,2"
1,Internationaux De Strasbourg,,https://www.wtatennis.com/tournaments/406/strasbourg/2013,International,Clay,https://www.wtatennis.com/resources/v7.42.0/i/elements/250k-tag.svg,2013-05-20,2013-05-25,2013,5,Strasbourg,FRA,,FR,FRA,250,150,,Europe,Western Europe,FRA,31.0,,130.0,10425.0,32M/32Q/16D,Internationaux De Strasbourg,,Alizé Cornet,3.0,https://www.wtatennis.com/resources/v7.42.0/i/elements/flags/fra.svg,Semifinals,L,"5-7, 7-6 (5), 3-6",https://www.wtatennis.com/players/312121/aliz-cornet,False,False,False,False,True,False,True,3,False,34,15,19,FR,FRA,250,150,Europe,Western Europe,FRA,"5,7,None|7,6,5|3,6,None"
2,Internationaux De Strasbourg,,https://www.wtatennis.com/tournaments/406/strasbourg/2013,International,Clay,https://www.wtatennis.com/resources/v7.42.0/i/elements/250k-tag.svg,2013-05-20,2013-05-25,2013,5,Strasbourg,USA,,FR,FRA,250,150,United States of America|America|USA|US,Europe,Western Europe,FRA,83.0,,130.0,10425.0,32M/32Q/16D,Internationaux De Strasbourg,,Anna Tatishvili,,https://www.wtatennis.com/resources/v7.42.0/i/elements/flags/usa.svg,Quarterfinals,W,"6-3, 6-2",https://www.wtatennis.com/players/312962/anna-tatishvili,False,False,False,False,False,False,False,2,True,17,12,5,US,USA,840,019,America,Northern America,USA,"6,3,None|6,2,None"
3,Internationaux De Strasbourg,,https://www.wtatennis.com/tournaments/406/strasbourg/2013,International,Clay,https://www.wtatennis.com/resources/v7.42.0/i/elements/250k-tag.svg,2013-05-20,2013-05-25,2013,5,Strasbourg,ITA,,FR,FRA,250,150,,Europe,Western Europe,FRA,88.0,,130.0,10425.0,32M/32Q/16D,Internationaux De Strasbourg,,Camila Giorgi,,https://www.wtatennis.com/resources/v7.42.0/i/elements/flags/ita.svg,Round of 16,W,"6-3, 6-0",https://www.wtatennis.com/players/314610/camila-giorgi,False,False,False,False,False,False,False,2,True,15,12,3,IT,ITA,380,150,Europe,Southern Europe,ITA,"6,3,None|6,0,None"
4,Internationaux De Strasbourg,,https://www.wtatennis.com/tournaments/406/strasbourg/2013,International,Clay,https://www.wtatennis.com/resources/v7.42.0/i/elements/250k-tag.svg,2013-05-20,2013-05-25,2013,5,Strasbourg,ESP,,FR,FRA,250,150,Kingdom of Spain,Europe,Western Europe,FRA,84.0,,130.0,10425.0,32M/32Q/16D,Internationaux De Strasbourg,,Sílvia Soler-Espinosa,,https://www.wtatennis.com/resources/v7.42.0/i/elements/flags/esp.svg,Round of 32,W,"6-3, 6-3",https://www.wtatennis.com/players/311493/s-lvia-soler-espinosa,False,False,False,False,False,False,False,2,True,18,12,6,ES,ESP,724,150,Europe,Southern Europe,ESP,"6,3,None|6,3,None"
1,Family Circle Cup,,https://www.wtatennis.com/tournaments/804/charleston/2013,Premier,Clay,https://www.wtatennis.com/resources/v7.42.0/i/elements/500k-tag.svg,2013-04-01,2013-04-07,2013,4,Charleston,SRB,SC,US,USA,840,019,,America,Northern America,USA,18.0,Q,132.0,16990.0,64M/32Q/16D,Family Circle Cup,,Jelena Jankovic,9.0,https://www.wtatennis.com/resources/v7.42.0/i/elements/flags/srb.svg,Quarterfinals,L,"2-6, 1-6",https://www.wtatennis.com/players/100153/jelena-jankovic,False,False,False,False,False,False,False,2,False,15,3,12,RS,SRB,688,150,Europe,Southeastern Europe,SRB,"2,6,None|1,6,None"
2,Family Circle Cup,,https://www.wtatennis.com/tournaments/804/charleston/2013,Premier,Clay,https://www.wtatennis.com/resources/v7.42.0/i/elements/500k-tag.svg,2013-04-01,2013-04-07,2013,4,Charleston,AUS,SC,US,USA,840,019,,America,Northern America,USA,9.0,Q,132.0,16990.0,64M/32Q/16D,Family Circle Cup,,Samantha Stosur,3.0,https://www.wtatennis.com/resources/v7.42.0/i/elements/flags/aus.svg,Round of 16,W,"6-1, 2-0",https://www.wtatennis.com/players/190787/samantha-stosur,True,False,False,False,False,False,False,2,True,9,8,1,AU,AUS,036,009,Oceania,Australasia,AUS,"6,1,None|2,0,None|Ret"
3,Family Circle Cup,,https://www.wtatennis.com/tournaments/804/charleston/2013,Premier,Clay,https://www.wtatennis.com/resources/v7.42.0/i/elements/500k-tag.svg,2013-04-01,2013-04-07,2013,4,Charleston,GBR,SC,US,USA,840,019,Britain|UK|Great Britain|United Kingdom,America,Northern America,USA,42.0,Q,132.0,16990.0,64M/32Q/16D,Family Circle Cup,,Laura Robson,16.0,https://www.wtatennis.com/resources/v7.42.0/i/elements/flags/gbr.svg,Round of 32,W,"6-4, 3-6, 6-1",https://www.wtatennis.com/players/316629/laura-robson,False,False,False,False,False,False,False,3,True,26,15,11,GB,GBR,826,150,Europe,Northern Europe,ENG,"6,4,None|3,6,None|6,1,None"
4,Family Circle Cup,,https://www.wtatennis.com/tournaments/804/charleston/2013,Premier,Clay,https://www.wtatennis.com/resources/v7.42.0/i/elements/500k-tag.svg,2013-04-01,2013-04-07,2013,4,Charleston,ITA,SC,US,USA,840,019,,America,Northern America,USA,145.0,Q,132.0,16990.0,64M/32Q/16D,Family Circle Cup,,Nastassja Burnett,,https://www.wtatennis.com/resources/v7.42.0/i/elements/flags/ita.svg,Round of 64,W,"6-2, 6-3",https://www.wtatennis.com/players/314192/nastassja-burnett,False,False,False,False,False,False,False,2,True,17,12,5,IT,ITA,380,150,Europe,Southern Europe,ITA,"6,2,None|6,3,None"
5,Family Circle Cup,,https://www.wtatennis.com/tournaments/804/charleston/2013,Premier,Clay,https://www.wtatennis.com/resources/v7.42.0/i/elements/500k-tag.svg,2013-04-01,2013-04-07,2013,4,Charleston,BRA,SC,US,USA,840,019,,America,Northern America,USA,329.0,Q,132.0,16990.0,64M/32Q/16D,Family Circle Cup,,Paula Cristina Goncalves,,https://www.wtatennis.com/resources/v7.42.0/i/elements/flags/bra.svg,Qualifying R2 Qual. R2,W,"6-1, 6-0",https://www.wtatennis.com/players/314419/paula-cristina-goncalves,False,False,False,False,False,False,False,2,True,13,12,1,BR,BRA,076,019,America,Eastern South America,BRA,"6,1,None|6,0,None"
6,Family Circle Cup,,https://www.wtatennis.com/tournaments/804/charleston/2013,Premier,Clay,https://www.wtatennis.com/resources/v7.42.0/i/elements/500k-tag.svg,2013-04-01,2013-04-07,2013,4,Charleston,HUN,SC,US,USA,840,019,,America,Northern America,USA,456.0,Q,132.0,16990.0,64M/32Q/16D,Family Circle Cup,,Katalin Marosi,,https://www.wtatennis.com/resources/v7.42.0/i/elements/flags/hun.svg,Qualifying R1 Qual. R1,W,"7-5, 6-2",https://www.wtatennis.com/players/130497/katalin-marosi,False,False,False,False,False,False,False,2,True,20,13,7,HU,HUN,348,150,Europe,Central Europe,HUN,"7,5,None|6,2,None"
1,Sony Open Tennis,,https://www.wtatennis.com/tournaments/902/miami/2013,Premier Mandatory,Hard,https://www.wtatennis.com/resources/v7.42.0/i/elements/1000k-tag.svg,2013-03-19,2013-03-31,2013,3,Miami,RUS,FL,US,USA,840,019,,America,Northern America,USA,2.0,W,50.0,13750.0,128M/64Q/32D,Sony Open Tennis,,Maria Sharapova,3.0,https://www.wtatennis.com/resources/v7.42.0/i/elements/flags/rus.svg,Round of 64,L,"2-6, 0-6",https://www.wtatennis.com/players/310137/maria-sharapova,False,False,False,False,False,False,False,2,False,14,2,12,RU,RUS,643,150,Europe,Eastern Europe,RUS,"2,6,None|0,6,None"
2,Sony Open Tennis,,https://www.wtatennis.com/tournaments/902/miami/2013,Premier Mandatory,Hard,https://www.wtatennis.com/resources/v7.42.0/i/elements/1000k-tag.svg,2013-03-19,2013-03-31,2013,3,Miami,ISR,FL,US,USA,840,019,,America,Northern America,USA,116.0,W,50.0,13750.0,128M/64Q/32D,Sony Open Tennis,,Shahar Peer,,https://www.wtatennis.com/resources/v7.42.0/i/elements/flags/isr.svg,Round of 128,W,"4-6, 6-1, 6-4",https://www.wtatennis.com/players/311168/shahar-peer,False,False,False,False,False,False,False,3,False,27,16,11,IL,ISR,376,142,Asia,Western Asia,ISR,"4,6,None|6,1,None|6,4,None"
1,Bnp Paribas Open,,https://www.wtatennis.com/tournaments/609/indian-wells/2013,Premier Mandatory,Hard,https://www.wtatennis.com/resources/v7.42.0/i/elements/1000k-tag.svg,2013-03-06,2013-03-17,2013,3,Indian Wells,UKR,CA,US,USA,840,019,,America,Northern America,USA,88.0,,1.0,1285.0,128M/64Q/32D,Bnp Paribas Open,,Elina Svitolina,4.0,https://www.wtatennis.com/resources/v7.42.0/i/elements/flags/ukr.svg,Qualifying R1 Qual. R1,L,"6-7 (2), 7-5, 2-6",https://www.wtatennis.com/players/316738/elina-svitolina,False,False,False,True,False,False,True,3,False,33,15,18,UA,UKR,804,150,Europe,Eastern Europe,UKR,"6,7,2|7,5,None|2,6,None"
1,Abierto Mexicano Telcel Presentador Por Hsbc,,https://www.wtatennis.com/tournaments/1002/acapulco/2013,International,Clay,https://www.wtatennis.com/resources/v7.42.0/i/elements/250k-tag.svg,2013-02-25,2013-03-02,2013,2,Acapulco,ITA,,MX,MEX,484,019,,America,Central America,MEX,8.0,Q,46.0,3100.0,32M/32Q/16D,Abierto Mexicano Telcel Presentador Por Hsbc,,Sara Errani,1.0,https://www.wtatennis.com/resources/v7.42.0/i/elements/flags/ita.svg,Round of 16,L,"6-7 (4), 2-6",https://www.wtatennis.com/players/310761/sara-errani,False,False,False,True,False,False,True,2,False,21,8,13,IT,ITA,380,150,Europe,Southern Europe,ITA,"6,7,4|2,6,None"
2,Abierto Mexicano Telcel Presentador Por Hsbc,,https://www.wtatennis.com/tournaments/1002/acapulco/2013,International,Clay,https://www.wtatennis.com/resources/v7.42.0/i/elements/250k-tag.svg,2013-02-25,2013-03-02,2013,2,Acapulco,CZE,,MX,MEX,484,019,,America,Central America,MEX,138.0,Q,46.0,3100.0,32M/32Q/16D,Abierto Mexicano Telcel Presentador Por Hsbc,,Eva Birnerova,,https://www.wtatennis.com/resources/v7.42.0/i/elements/flags/cze.svg,Round of 32,W,"7-6 (5), 6-3",https://www.wtatennis.com/players/20596/eva-birnerova,False,False,False,True,False,False,True,2,True,22,13,9,CZ,CZE,203,150,Europe,Central Europe,CZE,"7,6,5|6,3,None"
3,Abierto Mexicano Telcel Presentador Por Hsbc,,https://www.wtatennis.com/tournaments/1002/acapulco/2013,International,Clay,https://www.wtatennis.com/resources/v7.42.0/i/elements/250k-tag.svg,2013-02-25,2013-03-02,2013,2,Acapulco,COL,,MX,MEX,484,019,,America,Central America,MEX,143.0,Q,46.0,3100.0,32M/32Q/16D,Abierto Mexicano Telcel Presentador Por Hsbc,,Mariana Duque-Mariño,5.0,https://www.wtatennis.com/resources/v7.42.0/i/elements/flags/col.svg,Qualifying R3 Qual. R3,W,"6-3, 6-3",https://www.wtatennis.com/players/312572/mariana-duque-mari-o,False,False,False,False,False,False,False,2,True,18,12,6,CO,COL,170,019,America,Northern South America,COL,"6,3,None|6,3,None"
4,Abierto Mexicano Telcel Presentador Por Hsbc,,https://www.wtatennis.com/tournaments/1002/acapulco/2013,International,Clay,https://www.wtatennis.com/resources/v7.42.0/i/elements/250k-tag.svg,2013-02-25,2013-03-02,2013,2,Acapulco,POL,,MX,MEX,484,019,,America,Central America,MEX,354.0,Q,46.0,3100.0,32M/32Q/16D,Abierto Mexicano Telcel Presentador Por Hsbc,,Katarzyna Piter,,https://www.wtatennis.com/resources/v7.42.0/i/elements/flags/pol.svg,Qualifying R2 Qual. R2,W,"6-3, 6-3",https://www.wtatennis.com/players/313806/katarzyna-piter,False,False,False,False,False,False,False,2,True,18,12,6,PL,POL,616,150,Europe,Central Europe,POL,"6,3,None|6,3,None"
5,Abierto Mexicano Telcel Presentador Por Hsbc,,https://www.wtatennis.com/tournaments/1002/acapulco/2013,International,Clay,https://www.wtatennis.com/resources/v7.42.0/i/elements/250k-tag.svg,2013-02-25,2013-03-02,2013,2,Acapulco,MEX,,MX,MEX,484,019,United States of Mexico|United Mexican States,America,Central America,MEX,463.0,Q,46.0,3100.0,32M/32Q/16D,Abierto Mexicano Telcel Presentador Por Hsbc,,Ana Sofia Sánchez,,https://www.wtatennis.com/resources/v7.42.0/i/elements/flags/mex.svg,Qualifying R1 Qual. R1,W,"6-2, 6-7 (4), 7-5",https://www.wtatennis.com/players/316694/ana-sofia-s-nchez,False,False,False,False,True,False,True,3,True,33,19,14,MX,MEX,484,019,America,Central America,MEX,"6,2,None|6,7,4|7,5,None"
1,Copa Claro Colsanitas,,https://www.wtatennis.com/tournaments/894/bogota/2013,International,Clay,https://www.wtatennis.com/resources/v7.42.0/i/elements/250k-tag.svg,2013-02-18,2013-02-24,2013,2,Bogota,ESP,,CO,COL,170,019,Kingdom of Spain,America,Northern South America,COL,232.0,,6.0,700.0,32M/32Q/16D,Copa Claro Colsanitas,,Arantxa  Parra Santonja,,https://www.wtatennis.com/resources/v7.42.0/i/elements/flags/esp.svg,Qualifying R2 Qual. R2,L,"4-6, 5-7",https://www.wtatennis.com/players/160451/arantxa-parra-santonja,False,False,False,False,False,False,False,2,False,22,9,13,ES,ESP,724,150,Europe,Southern Europe,ESP,"4,6,None|5,7,None"
2,Copa Claro Colsanitas,,https://www.wtatennis.com/tournaments/894/bogota/2013,International,Clay,https://www.wtatennis.com/resources/v7.42.0/i/elements/250k-tag.svg,2013-02-18,2013-02-24,2013,2,Bogota,NED,,CO,COL,170,019,,America,Northern South America,COL,208.0,,6.0,700.0,32M/32Q/16D,Copa Claro Colsanitas,,Richel Hogenkamp,,https://www.wtatennis.com/resources/v7.42.0/i/elements/flags/ned.svg,Qualifying R1 Qual. R1,W,"6-4, 6-0",https://www.wtatennis.com/players/317263/richel-hogenkamp,False,False,False,False,False,False,False,2,True,16,12,4,NL,NLD,528,150,Europe,Western Europe,NED,"6,4,None|6,0,None"
1,Vii Bionaire Tennis Cup,,https://www.wtatennis.com/tournaments/1065/cali-125/2013,125K,Clay,https://www.wtatennis.com/resources/v7.42.0/i/elements/125k-tag.svg,2013-02-11,2013-02-17,2013,2,Cali,RUS,,CO,COL,170,019,,America,Northern South America,COL,106.0,,22.0,2000.0,32M/16Q/16D,Vii Bionaire Tennis Cup,,Alexandra Panova,4.0,https://www.wtatennis.com/resources/v7.42.0/i/elements/flags/rus.svg,Round of 16,L,"6-3, 5-7, 6-7 (4)",https://www.wtatennis.com/players/311956/alexandra-panova,False,False,False,False,False,True,True,3,True,34,17,17,RU,RUS,643,150,Europe,Eastern Europe,RUS,"6,3,None|5,7,None|6,7,4"
2,Vii Bionaire Tennis Cup,,https://www.wtatennis.com/tournaments/1065/cali-125/2013,125K,Clay,https://www.wtatennis.com/resources/v7.42.0/i/elements/125k-tag.svg,2013-02-11,2013-02-17,2013,2,Cali,FRA,,CO,COL,170,019,,America,Northern South America,COL,327.0,,22.0,2000.0,32M/16Q/16D,Vii Bionaire Tennis Cup,,Laura Thorpe,,https://www.wtatennis.com/resources/v7.42.0/i/elements/flags/fra.svg,Round of 32,W,"7-5, 6-2",https://www.wtatennis.com/players/311629/laura-thorpe,False,False,False,False,False,False,False,2,True,20,13,7,FR,FRA,250,150,Europe,Western Europe,FRA,"7,5,None|6,2,None"
1,Australian Open,,https://www.wtatennis.com/tournaments/901/australian-open/2013,Grand Slam,Hard,https://www.wtatennis.com/resources/v7.42.0/i/elements/gs-tag.svg,2013-01-14,2013-01-27,2013,1,Melbourne,AUS,,AU,AUS,036,009,,Oceania,Australasia,AUS,223.0,,40.0,6592.0,128M/128Q/64D,Australian Open,,Daria Saville,,https://www.wtatennis.com/resources/v7.42.0/i/elements/flags/aus.svg,Qualifying R2 Qual. R2,L,"6-7 (7), 6-7 (6)",https://www.wtatennis.com/players/315997/daria-saville,False,False,False,True,True,False,True,2,False,26,12,14,AU,AUS,036,009,Oceania,Australasia,AUS,"6,7,7|6,7,6"
2,Australian Open,,https://www.wtatennis.com/tournaments/901/australian-open/2013,Grand Slam,Hard,https://www.wtatennis.com/resources/v7.42.0/i/elements/gs-tag.svg,2013-01-14,2013-01-27,2013,1,Melbourne,BRA,,AU,AUS,036,009,,Oceania,Australasia,AUS,162.0,,40.0,6592.0,128M/128Q/64D,Australian Open,,Teliana Pereira,,https://www.wtatennis.com/resources/v7.42.0/i/elements/flags/bra.svg,Qualifying R1 Qual. R1,W,"4-6, 6-3, 6-2",https://www.wtatennis.com/players/311647/teliana-pereira,False,False,False,False,False,False,False,3,False,27,16,11,BR,BRA,076,019,America,Eastern South America,BRA,"4,6,None|6,3,None|6,2,None"
1,Apia International Sydney,,https://www.wtatennis.com/tournaments/702/sydney/2013,Premier,Hard,https://www.wtatennis.com/resources/v7.42.0/i/elements/500k-tag.svg,2013-01-06,2013-01-11,2013,1,Sydney,AUS,,AU,AUS,036,009,,Oceania,Australasia,AUS,674.0,,1.0,610.0,32M/64Q/16D,Apia International Sydney,,Storm Hunter,,https://www.wtatennis.com/resources/v7.42.0/i/elements/flags/aus.svg,Qualifying R1 Qual. R1,L,"6-7 (6), 6-7 (6)",https://www.wtatennis.com/players/317810/storm-hunter,False,False,False,True,True,False,True,2,False,26,12,14,AU,AUS,036,009,Oceania,Australasia,AUS,"6,7,6|6,7,6"
1,Asb Classic,,https://www.wtatennis.com/tournaments/1049/auckland/2013,International,Hard,https://www.wtatennis.com/resources/v7.42.0/i/elements/250k-tag.svg,2013-12-31,2013-01-05,2013,12,Auckland,RUS,,NZ,NZL,554,009,,Oceania,Australasia,NZL,68.0,W,1.0,1800.0,32M/32Q/16D,Asb Classic,,Elena Vesnina,,https://www.wtatennis.com/resources/v7.42.0/i/elements/flags/rus.svg,Round of 32,L,"5-7, 3-6",https://www.wtatennis.com/players/311220/elena-vesnina,False,False,False,False,False,False,False,2,False,21,8,13,RU,RUS,643,150,Europe,Eastern Europe,RUS,"5,7,None|3,6,None"
1,"Itf/Usta $75,000",https://www.wtatennis.com/resources/v7.42.0/i/elements/itf.png,,ITF,Hard,https://www.wtatennis.com/resources/v7.42.0/i/elements/itf.png,2012-11-05,2012-11-11,2012,11,Phoenix,USA,,AZ,AZE,031,142,United States of America|America|USA|US,Asia,Western Asia,AZE,139.0,,,665.0,32M/32Q/16D,"Itf/Usta $75,000",,Maria Sanchez,8.0,https://www.wtatennis.com/resources/v7.42.0/i/elements/flags/usa.svg,Round of 32,L,"5-7, 3-6",https://www.wtatennis.com/players/313958/maria-sanchez,False,False,False,False,False,False,False,2,False,21,8,13,US,USA,840,019,America,Northern America,USA,"5,7,None|3,6,None"
1,"Itf $50,000",https://www.wtatennis.com/resources/v7.42.0/i/elements/itf.png,,ITF,Hard,https://www.wtatennis.com/resources/v7.42.0/i/elements/itf.png,2012-10-29,2012-11-04,2012,10,Toronto,CAN,,CA,CAN,124,019,,America,Northern America,CAN,179.0,,,7315.0,32M/32Q/16D,"Itf $50,000",,Sharon Fichman,5.0,https://www.wtatennis.com/resources/v7.42.0/i/elements/flags/can.svg,Finals,W,"6-1, 6-2",https://www.wtatennis.com/players/313283/sharon-fichman,False,False,False,False,False,False,False,2,True,15,12,3,CA,CAN,124,019,America,Northern America,CAN,"6,1,None|6,2,None"
2,"Itf $50,000",https://www.wtatennis.com/resources/v7.42.0/i/elements/itf.png,,ITF,Hard,https://www.wtatennis.com/resources/v7.42.0/i/elements/itf.png,2012-10-29,2012-11-04,2012,10,Toronto,USA,,CA,CAN,124,019,United States of America|America|USA|US,America,Northern America,CAN,149.0,,,7315.0,32M/32Q/16D,"Itf $50,000",,Maria Sanchez,1.0,https://www.wtatennis.com/resources/v7.42.0/i/elements/flags/usa.svg,Semifinals,W,"7-5, 6-2",https://www.wtatennis.com/players/313958/maria-sanchez,False,False,False,False,False,False,False,2,True,20,13,7,US,USA,840,019,America,Northern America,USA,"7,5,None|6,2,None"
3,"Itf $50,000",https://www.wtatennis.com/resources/v7.42.0/i/elements/itf.png,,ITF,Hard,https://www.wtatennis.com/resources/v7.42.0/i/elements/itf.png,2012-10-29,2012-11-04,2012,10,Toronto,SVK,,CA,CAN,124,019,,America,Northern America,CAN,284.0,,,7315.0,32M/32Q/16D,"Itf $50,000",,Michaela Honcova,,https://www.wtatennis.com/resources/v7.42.0/i/elements/flags/svk.svg,Quarterfinals,W,"6-1, 6-0",https://www.wtatennis.com/players/315597/michaela-honcova,False,False,False,False,False,False,False,2,True,13,12,1,SK,SVK,703,150,Europe,Central Europe,SVK,"6,1,None|6,0,None"
4,"Itf $50,000",https://www.wtatennis.com/resources/v7.42.0/i/elements/itf.png,,ITF,Hard,https://www.wtatennis.com/resources/v7.42.0/i/elements/itf.png,2012-10-29,2012-11-04,2012,10,Toronto,USA,,CA,CAN,124,019,United States of America|America|USA|US,America,Northern America,CAN,450.0,,,7315.0,32M/32Q/16D,"Itf $50,000",,Alexandra Mueller,,https://www.wtatennis.com/resources/v7.42.0/i/elements/flags/usa.svg,Round of 16,W,"6-1, 6-0",https://www.wtatennis.com/players/310808/alexandra-mueller,False,False,False,False,False,False,False,2,True,13,12,1,US,USA,840,019,America,Northern America,USA,"6,1,None|6,0,None"
5,"Itf $50,000",https://www.wtatennis.com/resources/v7.42.0/i/elements/itf.png,,ITF,Hard,https://www.wtatennis.com/resources/v7.42.0/i/elements/itf.png,2012-10-29,2012-11-04,2012,10,Toronto,AUT,,CA,CAN,124,019,,America,Northern America,CAN,336.0,,,7315.0,32M/32Q/16D,"Itf $50,000",,Nicole Rottmann,,https://www.wtatennis.com/resources/v7.42.0/i/elements/flags/aut.svg,Round of 32,W,"6-0, 6-3",https://www.wtatennis.com/players/313545/nicole-rottmann,False,False,False,False,False,False,False,2,True,15,12,3,AT,AUT,040,150,Europe,Central Europe,AUT,"6,0,None|6,3,None"
1,"Itf $50,000",https://www.wtatennis.com/resources/v7.42.0/i/elements/itf.png,,ITF,Hard,https://www.wtatennis.com/resources/v7.42.0/i/elements/itf.png,2012-10-22,2012-10-28,2012,10,Saguenay,USA,,CA,CAN,124,019,United States of America|America|USA|US,America,Northern America,CAN,173.0,,,3990.0,32M/32Q/16D,"Itf $50,000",,Madison Keys,7.0,https://www.wtatennis.com/resources/v7.42.0/i/elements/flags/usa.svg,Finals,L,"4-6, 2-6",https://www.wtatennis.com/players/316959/madison-keys,False,False,False,False,False,False,False,2,False,18,6,12,US,USA,840,019,America,Northern America,USA,"4,6,None|2,6,None"
2,"Itf $50,000",https://www.wtatennis.com/resources/v7.42.0/i/elements/itf.png,,ITF,Hard,https://www.wtatennis.com/resources/v7.42.0/i/elements/itf.png,2012-10-22,2012-10-28,2012,10,Saguenay,USA,,CA,CAN,124,019,United States of America|America|USA|US,America,Northern America,CAN,98.0,,,3990.0,32M/32Q/16D,"Itf $50,000",,Melanie Oudin,1.0,https://www.wtatennis.com/resources/v7.42.0/i/elements/flags/usa.svg,Semifinals,W,"6-2, 6-2",https://www.wtatennis.com/players/313963/melanie-oudin,False,False,False,False,False,False,False,2,True,16,12,4,US,USA,840,019,America,Northern America,USA,"6,2,None|6,2,None"
3,"Itf $50,000",https://www.wtatennis.com/resources/v7.42.0/i/elements/itf.png,,ITF,Hard,https://www.wtatennis.com/resources/v7.42.0/i/elements/itf.png,2012-10-22,2012-10-28,2012,10,Saguenay,CAN,,CA,CAN,124,019,,America,Northern America,CAN,193.0,,,3990.0,32M/32Q/16D,"Itf $50,000",,Sharon Fichman,,https://www.wtatennis.com/resources/v7.42.0/i/elements/flags/can.svg,Quarterfinals,W,"6-3, 6-3",https://www.wtatennis.com/players/313283/sharon-fichman,False,False,False,False,False,False,False,2,True,18,12,6,CA,CAN,124,019,America,Northern America,CAN,"6,3,None|6,3,None"
4,"Itf $50,000",https://www.wtatennis.com/resources/v7.42.0/i/elements/itf.png,,ITF,Hard,https://www.wtatennis.com/resources/v7.42.0/i/elements/itf.png,2012-10-22,2012-10-28,2012,10,Saguenay,USA,,CA,CAN,124,019,United States of America|America|USA|US,America,Northern America,CAN,302.0,,,3990.0,32M/32Q/16D,"Itf $50,000",,Samantha Crawford,,https://www.wtatennis.com/resources/v7.42.0/i/elements/flags/usa.svg,Round of 16,W,"6-2, 6-2",https://www.wtatennis.com/players/319220/samantha-crawford,False,False,False,False,False,False,False,2,True,16,12,4,US,USA,840,019,America,Northern America,USA,"6,2,None|6,2,None"
5,"Itf $50,000",https://www.wtatennis.com/resources/v7.42.0/i/elements/itf.png,,ITF,Hard,https://www.wtatennis.com/resources/v7.42.0/i/elements/itf.png,2012-10-22,2012-10-28,2012,10,Saguenay,USA,,CA,CAN,124,019,United States of America|America|USA|US,America,Northern America,CAN,255.0,,,3990.0,32M/32Q/16D,"Itf $50,000",,Julia Boserup,,https://www.wtatennis.com/resources/v7.42.0/i/elements/flags/usa.svg,Round of 32,W,"6-4, 6-4",https://www.wtatennis.com/players/313832/julia-boserup,False,False,False,False,False,False,False,2,True,20,12,8,US,USA,840,019,America,Northern America,USA,"6,4,None|6,4,None"
1,Hp Japan Women'S Open Tennis 2012,,https://www.wtatennis.com/tournaments/405/osaka/2012,International,Hard,https://www.wtatennis.com/resources/v7.42.0/i/elements/250k-tag.svg,2012-10-08,2012-10-14,2012,10,Osaka,THA,,JP,JPN,392,142,,Asia,East Asia,JPN,212.0,,10.0,860.0,32M/32Q/16D,Hp Japan Women'S Open Tennis 2012,,Luksika Kumkhum,7.0,https://www.wtatennis.com/resources/v7.42.0/i/elements/flags/tha.svg,Qualifying R3 Qual. R3,L,"1-6, 2-6",https://www.wtatennis.com/players/317033/luksika-kumkhum,False,False,False,False,False,False,False,2,False,15,3,12,TH,THA,764,142,Asia,Southeast Asia,THA,"1,6,None|2,6,None"
2,Hp Japan Women'S Open Tennis 2012,,https://www.wtatennis.com/tournaments/405/osaka/2012,International,Hard,https://www.wtatennis.com/resources/v7.42.0/i/elements/250k-tag.svg,2012-10-08,2012-10-14,2012,10,Osaka,AUS,,JP,JPN,392,142,,Asia,East Asia,JPN,232.0,,10.0,860.0,32M/32Q/16D,Hp Japan Women'S Open Tennis 2012,,Daria Saville,,https://www.wtatennis.com/resources/v7.42.0/i/elements/flags/aus.svg,Qualifying R2 Qual. R2,W,"4-6, 6-1, 6-4",https://www.wtatennis.com/players/315997/daria-saville,False,False,False,False,False,False,False,3,False,27,16,11,AU,AUS,036,009,Oceania,Australasia,AUS,"4,6,None|6,1,None|6,4,None"
3,Hp Japan Women'S Open Tennis 2012,,https://www.wtatennis.com/tournaments/405/osaka/2012,International,Hard,https://www.wtatennis.com/resources/v7.42.0/i/elements/250k-tag.svg,2012-10-08,2012-10-14,2012,10,Osaka,JPN,,JP,JPN,392,142,,Asia,East Asia,JPN,486.0,,10.0,860.0,32M/32Q/16D,Hp Japan Women'S Open Tennis 2012,,Eri Hozumi,,https://www.wtatennis.com/resources/v7.42.0/i/elements/flags/jpn.svg,Qualifying R1 Qual. R1,W,"2-6, 6-4, 6-4",https://www.wtatennis.com/players/317138/eri-hozumi,False,False,False,False,False,False,False,3,False,28,14,14,JP,JPN,392,142,Asia,East Asia,JPN,"2,6,None|6,4,None|6,4,None"
1,China Open,,https://www.wtatennis.com/tournaments/1020/beijing/2012,Premier Mandatory,Hard,https://www.wtatennis.com/resources/v7.42.0/i/elements/1000k-tag.svg,2012-09-29,2012-10-07,2012,9,Beijing,RUS,,CN,CHN,156,142,,Asia,East Asia,CHN,78.0,W,1.0,1475.0,64M/32Q/32D,China Open,,Elena Vesnina,9.0,https://www.wtatennis.com/resources/v7.42.0/i/elements/flags/rus.svg,Qualifying R1 Qual. R1,L,"3-6, 6-2, 1-6",https://www.wtatennis.com/players/311220/elena-vesnina,False,False,False,False,False,False,False,3,False,24,10,14,RU,RUS,643,150,Europe,Eastern Europe,RUS,"3,6,None|6,2,None|1,6,None"
1,Bell Challenge,,https://www.wtatennis.com/tournaments/656/quebec-city/2012,International,Carpet,https://www.wtatennis.com/resources/v7.42.0/i/elements/250k-tag.svg,2012-09-10,2012-09-16,2012,9,Quebec City,CZE,,CA,CAN,124,019,,America,Northern America,CAN,60.0,W,30.0,2950.0,32M/32Q/16D,Bell Challenge,,Lucie Hradecka,8.0,https://www.wtatennis.com/resources/v7.42.0/i/elements/flags/cze.svg,Round of 16,L,"6-7 (2), 6-2, 6-7 (4)",https://www.wtatennis.com/players/310849/lucie-hradecka,False,False,False,True,False,True,True,3,False,34,18,16,CZ,CZE,203,150,Europe,Central Europe,CZE,"6,7,2|6,2,None|6,7,4"
2,Bell Challenge,,https://www.wtatennis.com/tournaments/656/quebec-city/2012,International,Carpet,https://www.wtatennis.com/resources/v7.42.0/i/elements/250k-tag.svg,2012-09-10,2012-09-16,2012,9,Quebec City,USA,,CA,CAN,124,019,United States of America|America|USA|US,America,Northern America,CAN,180.0,W,30.0,2950.0,32M/32Q/16D,Bell Challenge,,Grace Min,,https://www.wtatennis.com/resources/v7.42.0/i/elements/flags/usa.svg,Round of 32,W,"6-4, 6-3",https://www.wtatennis.com/players/316157/grace-min,False,False,False,False,False,False,False,2,True,19,12,7,US,USA,840,019,America,Northern America,USA,"6,4,None|6,3,None"
1,Texas Tennis Open,,https://www.wtatennis.com/tournaments/1047/dallas/2012,International,Hard,https://www.wtatennis.com/resources/v7.42.0/i/elements/250k-tag.svg,2012-08-19,2012-08-24,2012,8,Dallas,CAN,TX,US,USA,840,019,,America,Northern America,USA,50.0,Q,40.0,3100.0,32M/16Q/16D,Texas Tennis Open,,Aleksandra Wozniak,,https://www.wtatennis.com/resources/v7.42.0/i/elements/flags/can.svg,Round of 16,L,"2-6, 2-6",https://www.wtatennis.com/players/310494/aleksandra-wozniak,False,False,False,False,False,False,False,2,False,16,4,12,CA,CAN,124,019,America,Northern America,CAN,"2,6,None|2,6,None"
2,Texas Tennis Open,,https://www.wtatennis.com/tournaments/1047/dallas/2012,International,Hard,https://www.wtatennis.com/resources/v7.42.0/i/elements/250k-tag.svg,2012-08-19,2012-08-24,2012,8,Dallas,KAZ,TX,US,USA,840,019,,America,Northern America,USA,79.0,Q,40.0,3100.0,32M/16Q/16D,Texas Tennis Open,,Galina Voskoboeva,,https://www.wtatennis.com/resources/v7.42.0/i/elements/flags/kaz.svg,Round of 32,W,"6-4, 6-3",https://www.wtatennis.com/players/310419/galina-voskoboeva,False,False,False,False,False,False,False,2,True,19,12,7,KZ,KAZ,398,142,Asia,Central Asia,KAZ,"6,4,None|6,3,None"
3,Texas Tennis Open,,https://www.wtatennis.com/tournaments/1047/dallas/2012,International,Hard,https://www.wtatennis.com/resources/v7.42.0/i/elements/250k-tag.svg,2012-08-19,2012-08-24,2012,8,Dallas,HUN,TX,US,USA,840,019,,America,Northern America,USA,90.0,Q,40.0,3100.0,32M/16Q/16D,Texas Tennis Open,,Melinda Czink,1.0,https://www.wtatennis.com/resources/v7.42.0/i/elements/flags/hun.svg,Qualifying R2 Qual. R2,W,"6-4, 6-2",https://www.wtatennis.com/players/30557/melinda-czink,False,False,False,False,False,False,False,2,True,18,12,6,HU,HUN,348,150,Europe,Central Europe,HUN,"6,4,None|6,2,None"
4,Texas Tennis Open,,https://www.wtatennis.com/tournaments/1047/dallas/2012,International,Hard,https://www.wtatennis.com/resources/v7.42.0/i/elements/250k-tag.svg,2012-08-19,2012-08-24,2012,8,Dallas,USA,TX,US,USA,840,019,United States of America|America|USA|US,America,Northern America,USA,409.0,Q,40.0,3100.0,32M/16Q/16D,Texas Tennis Open,,Nicole Melichar-Martinez,,https://www.wtatennis.com/resources/v7.42.0/i/elements/flags/usa.svg,Qualifying R1 Qual. R1,W,"6-1, 6-2",https://www.wtatennis.com/players/316713/nicole-melichar-martinez,False,False,False,False,False,False,False,2,True,15,12,3,US,USA,840,019,America,Northern America,USA,"6,1,None|6,2,None"
1,Rogers Cup Presented By National Bank,,https://www.wtatennis.com/tournaments/806/montreal/2012,Premier 5,Hard,https://www.wtatennis.com/resources/v7.42.0/i/elements/1000k-tag.svg,2012-08-07,2012-08-13,2012,8,Montreal,CHN,,CA,CAN,124,019,,America,Northern America,CAN,11.0,W,70.0,11500.0,64M/64Q/28D,Rogers Cup Presented By National Bank,,Na Li,10.0,https://www.wtatennis.com/resources/v7.42.0/i/elements/flags/chn.svg,Round of 32,L,"4-6, 4-6",https://www.wtatennis.com/players/120330/na-li,False,False,False,False,False,False,False,2,False,20,8,12,CN,CHN,156,142,Asia,East Asia,CHN,"4,6,None|4,6,None"
2,Rogers Cup Presented By National Bank,,https://www.wtatennis.com/tournaments/806/montreal/2012,Premier 5,Hard,https://www.wtatennis.com/resources/v7.42.0/i/elements/1000k-tag.svg,2012-08-07,2012-08-13,2012,8,Montreal,ISR,,CA,CAN,124,019,,America,Northern America,CAN,56.0,W,70.0,11500.0,64M/64Q/28D,Rogers Cup Presented By National Bank,,Shahar Peer,,https://www.wtatennis.com/resources/v7.42.0/i/elements/flags/isr.svg,Round of 64,W,"3-6, 6-2, 7-5",https://www.wtatennis.com/players/311168/shahar-peer,False,False,False,False,False,False,False,3,False,29,16,13,IL,ISR,376,142,Asia,Western Asia,ISR,"3,6,None|6,2,None|7,5,None"
1,Citi Open,,https://www.wtatennis.com/tournaments/1045/washington-dc/2012,International,Hard,https://www.wtatennis.com/resources/v7.42.0/i/elements/250k-tag.svg,2012-07-29,2012-08-04,2012,7,Washington Dc,USA,MD,US,USA,840,019,United States of America|America|USA|US,America,Northern America,USA,50.0,W,70.0,5625.0,32M/16Q/16D,Citi Open,,Sloane Stephens,3.0,https://www.wtatennis.com/resources/v7.42.0/i/elements/flags/usa.svg,Quarterfinals,L,"4-6, 4-6",https://www.wtatennis.com/players/315683/sloane-stephens,False,False,False,False,False,False,False,2,False,20,8,12,US,USA,840,019,America,Northern America,USA,"4,6,None|4,6,None"
2,Citi Open,,https://www.wtatennis.com/tournaments/1045/washington-dc/2012,International,Hard,https://www.wtatennis.com/resources/v7.42.0/i/elements/250k-tag.svg,2012-07-29,2012-08-04,2012,7,Washington Dc,BLR,MD,US,USA,840,019,,America,Northern America,USA,82.0,W,70.0,5625.0,32M/16Q/16D,Citi Open,,Olga Govortsova,8.0,https://www.wtatennis.com/resources/v7.42.0/i/elements/flags/blr.svg,Round of 16,W,"1-6, 6-0, 6-3",https://www.wtatennis.com/players/311243/olga-govortsova,False,False,False,False,False,False,False,3,False,22,13,9,BY,BLR,112,150,Europe,Eastern Europe,BLR,"1,6,None|6,0,None|6,3,None"
3,Citi Open,,https://www.wtatennis.com/tournaments/1045/washington-dc/2012,International,Hard,https://www.wtatennis.com/resources/v7.42.0/i/elements/250k-tag.svg,2012-07-29,2012-08-04,2012,7,Washington Dc,ITA,MD,US,USA,840,019,,America,Northern America,USA,121.0,W,70.0,5625.0,32M/16Q/16D,Citi Open,,Karin Knapp,,https://www.wtatennis.com/resources/v7.42.0/i/elements/flags/ita.svg,Round of 32,W,"6-2, 7-6 (4)",https://www.wtatennis.com/players/311299/karin-knapp,False,False,False,False,True,False,True,2,True,21,13,8,IT,ITA,380,150,Europe,Southern Europe,ITA,"6,2,None|7,6,4"
1,"Itf $25,000",https://www.wtatennis.com/resources/v7.42.0/i/elements/itf.png,,ITF,Hard,https://www.wtatennis.com/resources/v7.42.0/i/elements/itf.png,2012-07-16,2012-07-22,2012,7,Granby,CAN,,CA,CAN,124,019,,America,Northern America,CAN,126.0,,,2940.0,32M/32Q/16D,"Itf $25,000",,Stéphanie Dubois,1.0,https://www.wtatennis.com/resources/v7.42.0/i/elements/flags/can.svg,Finals,W,"6-2, 5-2",https://www.wtatennis.com/players/310290/st-phanie-dubois,True,False,False,False,False,False,False,2,True,15,11,4,CA,CAN,124,019,America,Northern America,CAN,"6,2,None|5,2,None|Ret"
2,"Itf $25,000",https://www.wtatennis.com/resources/v7.42.0/i/elements/itf.png,,ITF,Hard,https://www.wtatennis.com/resources/v7.42.0/i/elements/itf.png,2012-07-16,2012-07-22,2012,7,Granby,FRA,,CA,CAN,124,019,,America,Northern America,CAN,214.0,,,2940.0,32M/32Q/16D,"Itf $25,000",,Julie Coin,4.0,https://www.wtatennis.com/resources/v7.42.0/i/elements/flags/fra.svg,Semifinals,W,"6-4, 6-2",https://www.wtatennis.com/players/30548/julie-coin,False,False,False,False,False,False,False,2,True,18,12,6,FR,FRA,250,150,Europe,Western Europe,FRA,"6,4,None|6,2,None"
3,"Itf $25,000",https://www.wtatennis.com/resources/v7.42.0/i/elements/itf.png,,ITF,Hard,https://www.wtatennis.com/resources/v7.42.0/i/elements/itf.png,2012-07-16,2012-07-22,2012,7,Granby,USA,,CA,CAN,124,019,United States of America|America|USA|US,America,Northern America,CAN,157.0,,,2940.0,32M/32Q/16D,"Itf $25,000",,Alison Riske-Amritraj,2.0,https://www.wtatennis.com/resources/v7.42.0/i/elements/flags/usa.svg,Quarterfinals,W,"6-3, 5-7, 6-2",https://www.wtatennis.com/players/312850/alison-riske-amritraj,False,False,False,False,False,False,False,3,True,29,17,12,US,USA,840,019,America,Northern America,USA,"6,3,None|5,7,None|6,2,None"
4,"Itf $25,000",https://www.wtatennis.com/resources/v7.42.0/i/elements/itf.png,,ITF,Hard,https://www.wtatennis.com/resources/v7.42.0/i/elements/itf.png,2012-07-16,2012-07-22,2012,7,Granby,CAN,,CA,CAN,124,019,,America,Northern America,CAN,,,,2940.0,32M/32Q/16D,"Itf $25,000",,Francoise Abanda,,https://www.wtatennis.com/resources/v7.42.0/i/elements/flags/can.svg,Round of 16,W,"6-2, 7-5",https://www.wtatennis.com/players/320421/francoise-abanda,False,False,False,False,False,False,False,2,True,20,13,7,CA,CAN,124,019,America,Northern America,CAN,"6,2,None|7,5,None"
5,"Itf $25,000",https://www.wtatennis.com/resources/v7.42.0/i/elements/itf.png,,ITF,Hard,https://www.wtatennis.com/resources/v7.42.0/i/elements/itf.png,2012-07-16,2012-07-22,2012,7,Granby,CAN,,CA,CAN,124,019,,America,Northern America,CAN,195.0,,,2940.0,32M/32Q/16D,"Itf $25,000",,Sharon Fichman,6.0,https://www.wtatennis.com/resources/v7.42.0/i/elements/flags/can.svg,Round of 32,W,"6-3, 6-2",https://www.wtatennis.com/players/313283/sharon-fichman,False,False,False,False,False,False,False,2,True,17,12,5,CA,CAN,124,019,America,Northern America,CAN,"6,3,None|6,2,None"
1,Unicef Open,,https://www.wtatennis.com/tournaments/822/s-hertogenbosch/2012,International,Grass,https://www.wtatennis.com/resources/v7.42.0/i/elements/250k-tag.svg,2012-06-17,2012-06-23,2012,6,'S-Hertogenbosch,ESP,,NL,NLD,528,150,Kingdom of Spain,Europe,Western Europe,NED,220.0,,1.0,440.0,32M/16Q/16D,Unicef Open,,Arantxa  Parra Santonja,6.0,https://www.wtatennis.com/resources/v7.42.0/i/elements/flags/esp.svg,Qualifying R1 Qual. R1,L,"3-6, 4-6",https://www.wtatennis.com/players/160451/arantxa-parra-santonja,False,False,False,False,False,False,False,2,False,19,7,12,ES,ESP,724,150,Europe,Southern Europe,ESP,"3,6,None|4,6,None"
1,"Itf/Tennis Europe $25,000",https://www.wtatennis.com/resources/v7.42.0/i/elements/itf.png,,ITF,Clay,https://www.wtatennis.com/resources/v7.42.0/i/elements/itf.png,2012-05-28,2012-06-03,2012,5,Maribor,GER,,SI,SVN,705,150,,Europe,Southern Europe,SVN,455.0,Q,,686.0,32M/32Q/16D,"Itf/Tennis Europe $25,000",,Anna-Lena Friedsam,,https://www.wtatennis.com/resources/v7.42.0/i/elements/flags/ger.svg,Quarterfinals,L,"6-3, 4-6, 3-6",https://www.wtatennis.com/players/319091/anna-lena-friedsam,False,False,False,False,False,False,False,3,True,28,13,15,DE,DEU,276,150,Europe,Central Europe,GER,"6,3,None|4,6,None|3,6,None"
2,"Itf/Tennis Europe $25,000",https://www.wtatennis.com/resources/v7.42.0/i/elements/itf.png,,ITF,Clay,https://www.wtatennis.com/resources/v7.42.0/i/elements/itf.png,2012-05-28,2012-06-03,2012,5,Maribor,ROU,,SI,SVN,705,150,,Europe,Southern Europe,SVN,203.0,Q,,686.0,32M/32Q/16D,"Itf/Tennis Europe $25,000",,Elena Bogdan,6.0,https://www.wtatennis.com/resources/v7.42.0/i/elements/flags/rou.svg,Round of 16,W,"7-5, 6-1",https://www.wtatennis.com/players/314318/elena-bogdan,False,False,False,False,False,False,False,2,True,19,13,6,RO,ROU,642,150,Europe,Southeastern Europe,ROU,"7,5,None|6,1,None"
3,"Itf/Tennis Europe $25,000",https://www.wtatennis.com/resources/v7.42.0/i/elements/itf.png,,ITF,Clay,https://www.wtatennis.com/resources/v7.42.0/i/elements/itf.png,2012-05-28,2012-06-03,2012,5,Maribor,FRA,,SI,SVN,705,150,,Europe,Southern Europe,SVN,385.0,Q,,686.0,32M/32Q/16D,"Itf/Tennis Europe $25,000",,Natalie Piquion,,https://www.wtatennis.com/resources/v7.42.0/i/elements/flags/fra.svg,Round of 32,W,"3-6, 6-4, 6-2",https://www.wtatennis.com/players/313014/natalie-piquion,False,False,False,False,False,False,False,3,False,27,15,12,FR,FRA,250,150,Europe,Western Europe,FRA,"3,6,None|6,4,None|6,2,None"
4,"Itf/Tennis Europe $25,000",https://www.wtatennis.com/resources/v7.42.0/i/elements/itf.png,,ITF,Clay,https://www.wtatennis.com/resources/v7.42.0/i/elements/itf.png,2012-05-28,2012-06-03,2012,5,Maribor,CRO,,SI,SVN,705,150,,Europe,Southern Europe,SVN,878.0,Q,,686.0,32M/32Q/16D,"Itf/Tennis Europe $25,000",,Petra Sunic,,https://www.wtatennis.com/resources/v7.42.0/i/elements/flags/cro.svg,Qualifying R2 Qual. R2,W,"6-0, 6-1",https://www.wtatennis.com/players/313059/petra-sunic,False,False,False,False,False,False,False,2,True,13,12,1,HR,HRV,191,150,Europe,Southeastern Europe,CRO,"6,0,None|6,1,None"
5,"Itf/Tennis Europe $25,000",https://www.wtatennis.com/resources/v7.42.0/i/elements/itf.png,,ITF,Clay,https://www.wtatennis.com/resources/v7.42.0/i/elements/itf.png,2012-05-28,2012-06-03,2012,5,Maribor,SLO,,SI,SVN,705,150,,Europe,Southern Europe,SVN,9999.0,Q,,686.0,32M/32Q/16D,"Itf/Tennis Europe $25,000",,Julija Jauk,,https://www.wtatennis.com/resources/v7.42.0/i/elements/flags/slo.svg,Qualifying R1 Qual. R1,W,"6-0, 6-1",https://www.wtatennis.com/players/318132/julija-jauk,False,False,False,False,False,False,False,2,True,13,12,1,,,,,,,SLO,"6,0,None|6,1,None"
1,"Itf/Tennis Europe $10,000",https://www.wtatennis.com/resources/v7.42.0/i/elements/itf.png,,ITF,Clay,https://www.wtatennis.com/resources/v7.42.0/i/elements/itf.png,2012-05-14,2012-05-20,2012,5,Bastad 2,SRB,,SE,SWE,752,150,,Europe,Northern Europe,SWE,402.0,,,1568.0,32M/8Q/16D,"Itf/Tennis Europe $10,000",,Milana Spremo,4.0,https://www.wtatennis.com/resources/v7.42.0/i/elements/flags/srb.svg,Finals,W,"6-3, 6-0",https://www.wtatennis.com/players/314627/milana-spremo,False,False,False,False,False,False,False,2,True,15,12,3,RS,SRB,688,150,Europe,Southeastern Europe,SRB,"6,3,None|6,0,None"
2,"Itf/Tennis Europe $10,000",https://www.wtatennis.com/resources/v7.42.0/i/elements/itf.png,,ITF,Clay,https://www.wtatennis.com/resources/v7.42.0/i/elements/itf.png,2012-05-14,2012-05-20,2012,5,Bastad 2,SWE,,SE,SWE,752,150,,Europe,Northern Europe,SWE,945.0,,,1568.0,32M/8Q/16D,"Itf/Tennis Europe $10,000",,Sandra Roma,,https://www.wtatennis.com/resources/v7.42.0/i/elements/flags/swe.svg,Semifinals,W,"6-2, 6-2",https://www.wtatennis.com/players/312387/sandra-roma,False,False,False,False,False,False,False,2,True,16,12,4,SE,SWE,752,150,Europe,Northern Europe,SWE,"6,2,None|6,2,None"
3,"Itf/Tennis Europe $10,000",https://www.wtatennis.com/resources/v7.42.0/i/elements/itf.png,,ITF,Clay,https://www.wtatennis.com/resources/v7.42.0/i/elements/itf.png,2012-05-14,2012-05-20,2012,5,Bastad 2,POL,,SE,SWE,752,150,,Europe,Northern Europe,SWE,650.0,,,1568.0,32M/8Q/16D,"Itf/Tennis Europe $10,000",,Barbara Sobaszkiewicz,,https://www.wtatennis.com/resources/v7.42.0/i/elements/flags/pol.svg,Quarterfinals,W,"6-1, 6-2",https://www.wtatennis.com/players/314208/barbara-sobaszkiewicz,False,False,False,False,False,False,False,2,True,15,12,3,PL,POL,616,150,Europe,Central Europe,POL,"6,1,None|6,2,None"
4,"Itf/Tennis Europe $10,000",https://www.wtatennis.com/resources/v7.42.0/i/elements/itf.png,,ITF,Clay,https://www.wtatennis.com/resources/v7.42.0/i/elements/itf.png,2012-05-14,2012-05-20,2012,5,Bastad 2,NED,,SE,SWE,752,150,,Europe,Northern Europe,SWE,1020.0,,,1568.0,32M/8Q/16D,"Itf/Tennis Europe $10,000",,Indy De Vroome,,https://www.wtatennis.com/resources/v7.42.0/i/elements/flags/ned.svg,Round of 16,W,"6-4, 6-2",https://www.wtatennis.com/players/319266/indy-de-vroome,False,False,False,False,False,False,False,2,True,18,12,6,NL,NLD,528,150,Europe,Western Europe,NED,"6,4,None|6,2,None"
5,"Itf/Tennis Europe $10,000",https://www.wtatennis.com/resources/v7.42.0/i/elements/itf.png,,ITF,Clay,https://www.wtatennis.com/resources/v7.42.0/i/elements/itf.png,2012-05-14,2012-05-20,2012,5,Bastad 2,SWE,,SE,SWE,752,150,,Europe,Northern Europe,SWE,,,,1568.0,32M/8Q/16D,"Itf/Tennis Europe $10,000",,Andrea Norlander,,https://www.wtatennis.com/resources/v7.42.0/i/elements/flags/swe.svg,Round of 32,W,"6-1, 6-0",https://www.wtatennis.com/players/319956/andrea-norlander,False,False,False,False,False,False,False,2,True,13,12,1,SE,SWE,752,150,Europe,Northern Europe,SWE,"6,1,None|6,0,None"
1,"Itf/Tennis Europe $10,000",https://www.wtatennis.com/resources/v7.42.0/i/elements/itf.png,,ITF,Clay,https://www.wtatennis.com/resources/v7.42.0/i/elements/itf.png,2012-05-07,2012-05-13,2012,5,Bastad,PHI,,SE,SWE,752,150,,Europe,Northern Europe,SWE,740.0,,,1568.0,32M/8Q/16D,"Itf/Tennis Europe $10,000",,Katharina Lehnert,,https://www.wtatennis.com/resources/v7.42.0/i/elements/flags/phi.svg,Finals,W,"7-6 (4), 6-0",https://www.wtatennis.com/players/317832/katharina-lehnert,False,False,False,True,False,False,True,2,True,19,13,6,PH,PHL,608,142,Asia,Southeast Asia,PHI,"7,6,4|6,0,None"
2,"Itf/Tennis Europe $10,000",https://www.wtatennis.com/resources/v7.42.0/i/elements/itf.png,,ITF,Clay,https://www.wtatennis.com/resources/v7.42.0/i/elements/itf.png,2012-05-07,2012-05-13,2012,5,Bastad,SWE,,SE,SWE,752,150,,Europe,Northern Europe,SWE,462.0,,,1568.0,32M/8Q/16D,"Itf/Tennis Europe $10,000",,Hilda Melander,5.0,https://www.wtatennis.com/resources/v7.42.0/i/elements/flags/swe.svg,Semifinals,W,"6-2, 6-3",https://www.wtatennis.com/players/314813/hilda-melander,False,False,False,False,False,False,False,2,True,17,12,5,SE,SWE,752,150,Europe,Northern Europe,SWE,"6,2,None|6,3,None"
3,"Itf/Tennis Europe $10,000",https://www.wtatennis.com/resources/v7.42.0/i/elements/itf.png,,ITF,Clay,https://www.wtatennis.com/resources/v7.42.0/i/elements/itf.png,2012-05-07,2012-05-13,2012,5,Bastad,POL,,SE,SWE,752,150,,Europe,Northern Europe,SWE,617.0,,,1568.0,32M/8Q/16D,"Itf/Tennis Europe $10,000",,Barbara Sobaszkiewicz,,https://www.wtatennis.com/resources/v7.42.0/i/elements/flags/pol.svg,Quarterfinals,W,"6-1, 6-4",https://www.wtatennis.com/players/314208/barbara-sobaszkiewicz,False,False,False,False,False,False,False,2,True,17,12,5,PL,POL,616,150,Europe,Central Europe,POL,"6,1,None|6,4,None"
4,"Itf/Tennis Europe $10,000",https://www.wtatennis.com/resources/v7.42.0/i/elements/itf.png,,ITF,Clay,https://www.wtatennis.com/resources/v7.42.0/i/elements/itf.png,2012-05-07,2012-05-13,2012,5,Bastad,POL,,SE,SWE,752,150,,Europe,Northern Europe,SWE,858.0,,,1568.0,32M/8Q/16D,"Itf/Tennis Europe $10,000",,Agata Baranska,,https://www.wtatennis.com/resources/v7.42.0/i/elements/flags/pol.svg,Round of 16,W,"6-4, 6-3",https://www.wtatennis.com/players/317096/agata-baranska,False,False,False,False,False,False,False,2,True,19,12,7,PL,POL,616,150,Europe,Central Europe,POL,"6,4,None|6,3,None"
5,"Itf/Tennis Europe $10,000",https://www.wtatennis.com/resources/v7.42.0/i/elements/itf.png,,ITF,Clay,https://www.wtatennis.com/resources/v7.42.0/i/elements/itf.png,2012-05-07,2012-05-13,2012,5,Bastad,GER,,SE,SWE,752,150,,Europe,Northern Europe,SWE,932.0,,,1568.0,32M/8Q/16D,"Itf/Tennis Europe $10,000",,Laura Schaeder,,https://www.wtatennis.com/resources/v7.42.0/i/elements/flags/ger.svg,Round of 32,W,"6-2, 6-3",https://www.wtatennis.com/players/317433/laura-schaeder,False,False,False,False,False,False,False,2,True,17,12,5,DE,DEU,276,150,Europe,Central Europe,GER,"6,2,None|6,3,None"
1,"Itf/Usta $50,000",https://www.wtatennis.com/resources/v7.42.0/i/elements/itf.png,,ITF,Clay,https://www.wtatennis.com/resources/v7.42.0/i/elements/itf.png,2012-04-16,2012-04-22,2012,4,Dothan,AUS,,,,,,,,,Alabama,219.0,,,475.0,32M/32Q/16D,"Itf/Usta $50,000",,Sacha Jones,,https://www.wtatennis.com/resources/v7.42.0/i/elements/flags/aus.svg,Round of 32,L,"6-4, 4-6, 2-6",https://www.wtatennis.com/players/313617/sacha-jones,False,False,False,False,False,False,False,3,True,28,12,16,AU,AUS,036,009,Oceania,Australasia,AUS,"6,4,None|4,6,None|2,6,None"
1,"Itf/Usta $25,000",https://www.wtatennis.com/resources/v7.42.0/i/elements/itf.png,,ITF,Clay,https://www.wtatennis.com/resources/v7.42.0/i/elements/itf.png,2012-04-09,2012-04-15,2012,4,Pelham,GEO,,,,,,,,,Alabama,266.0,,,133.0,32M/32Q/16D,"Itf/Usta $25,000",,Sofia Shapatava,5.0,https://www.wtatennis.com/resources/v7.42.0/i/elements/flags/geo.svg,Qualifying R2 Qual. R2,L,"4-6, 6-1, 2-6",https://www.wtatennis.com/players/312623/sofia-shapatava,False,False,False,False,False,False,False,3,False,25,12,13,GE,GEO,268,142,Asia,Western Asia,GEO,"4,6,None|6,1,None|2,6,None"
2,"Itf/Usta $25,000",https://www.wtatennis.com/resources/v7.42.0/i/elements/itf.png,,ITF,Clay,https://www.wtatennis.com/resources/v7.42.0/i/elements/itf.png,2012-04-09,2012-04-15,2012,4,Pelham,UKR,,,,,,,,,Alabama,582.0,,,133.0,32M/32Q/16D,"Itf/Usta $25,000",,Olga Ianchuk,,https://www.wtatennis.com/resources/v7.42.0/i/elements/flags/ukr.svg,Qualifying R1 Qual. R1,W,"6-3, 6-2",https://www.wtatennis.com/players/317148/olga-ianchuk,False,False,False,False,False,False,False,2,True,17,12,5,UA,UKR,804,150,Europe,Eastern Europe,UKR,"6,3,None|6,2,None"
1,"Itf/Usta $25,000",https://www.wtatennis.com/resources/v7.42.0/i/elements/itf.png,,ITF,Clay,https://www.wtatennis.com/resources/v7.42.0/i/elements/itf.png,2012-04-02,2012-04-08,2012,4,Jackson,USA,,,,,,United States of America|America|USA|US,,,Mississippi,180.0,Q,,294.0,32M/32Q/16D,"Itf/Usta $25,000",,Alexa Glatch,3.0,https://www.wtatennis.com/resources/v7.42.0/i/elements/flags/usa.svg,Round of 32,L,"3-6, 2-6",https://www.wtatennis.com/players/312214/alexa-glatch,False,False,False,False,False,False,False,2,False,17,5,12,US,USA,840,019,America,Northern America,USA,"3,6,None|2,6,None"
2,"Itf/Usta $25,000",https://www.wtatennis.com/resources/v7.42.0/i/elements/itf.png,,ITF,Clay,https://www.wtatennis.com/resources/v7.42.0/i/elements/itf.png,2012-04-02,2012-04-08,2012,4,Jackson,JPN,,,,,,,,,Mississippi,792.0,Q,,294.0,32M/32Q/16D,"Itf/Usta $25,000",,Miyu Kato,,https://www.wtatennis.com/resources/v7.42.0/i/elements/flags/jpn.svg,Qualifying R2 Qual. R2,W,"6-3, 7-5",https://www.wtatennis.com/players/317612/miyu-kato,False,False,False,False,False,False,False,2,True,21,13,8,JP,JPN,392,142,Asia,East Asia,JPN,"6,3,None|7,5,None"
3,"Itf/Usta $25,000",https://www.wtatennis.com/resources/v7.42.0/i/elements/itf.png,,ITF,Clay,https://www.wtatennis.com/resources/v7.42.0/i/elements/itf.png,2012-04-02,2012-04-08,2012,4,Jackson,USA,,,,,,United States of America|America|USA|US,,,Mississippi,,Q,,294.0,32M/32Q/16D,"Itf/Usta $25,000",,Carol Jane Elliott,,https://www.wtatennis.com/resources/v7.42.0/i/elements/flags/usa.svg,Qualifying R1 Qual. R1,W,3-0,https://www.wtatennis.com/players/320043/carol-jane-elliott,True,False,False,False,False,False,False,1,False,3,3,0,US,USA,840,019,America,Northern America,USA,"3,0,None|Ret"
1,"Itf/Usta $50,000",https://www.wtatennis.com/resources/v7.42.0/i/elements/itf.png,,ITF,Clay,https://www.wtatennis.com/resources/v7.42.0/i/elements/itf.png,2012-03-26,2012-04-01,2012,3,Osprey,CZE,,,,,,,,,Florida,68.0,,,760.0,32M/32Q/16D,"Itf/Usta $50,000",,Lucie Hradecka,1.0,https://www.wtatennis.com/resources/v7.42.0/i/elements/flags/cze.svg,Round of 16,L,"5-7, 1-6",https://www.wtatennis.com/players/310849/lucie-hradecka,False,False,False,False,False,False,False,2,False,19,6,13,CZ,CZE,203,150,Europe,Central Europe,CZE,"5,7,None|1,6,None"
2,"Itf/Usta $50,000",https://www.wtatennis.com/resources/v7.42.0/i/elements/itf.png,,ITF,Clay,https://www.wtatennis.com/resources/v7.42.0/i/elements/itf.png,2012-03-26,2012-04-01,2012,3,Osprey,GBR,,,,,,Britain|UK|Great Britain|United Kingdom,,,Florida,120.0,,,760.0,32M/32Q/16D,"Itf/Usta $50,000",,Laura Robson,,https://www.wtatennis.com/resources/v7.42.0/i/elements/flags/gbr.svg,Round of 32,W,"6-3, 6-7 (6), 6-4",https://www.wtatennis.com/players/316629/laura-robson,False,False,False,False,True,False,True,3,True,32,18,14,GB,GBR,826,150,Europe,Northern Europe,ENG,"6,3,None|6,7,6|6,4,None"
1,"Itf/Usta $25,000",https://www.wtatennis.com/resources/v7.42.0/i/elements/itf.png,,ITF,Hard,https://www.wtatennis.com/resources/v7.42.0/i/elements/itf.png,2012-03-12,2012-03-18,2012,3,Clearwater,GEO,,,,,,,,,Florida,263.0,,,133.0,32M/32Q/16D,"Itf/Usta $25,000",,Sofia Shapatava,16.0,https://www.wtatennis.com/resources/v7.42.0/i/elements/flags/geo.svg,Qualifying R1 Qual. R1,W,"6-0, 6-4",https://www.wtatennis.com/players/312623/sofia-shapatava,False,False,False,False,False,False,False,2,True,16,12,4,GE,GEO,268,142,Asia,Western Asia,GEO,"6,0,None|6,4,None"
1,"Itf/Usta $25,000",https://www.wtatennis.com/resources/v7.42.0/i/elements/itf.png,,ITF,Hard,https://www.wtatennis.com/resources/v7.42.0/i/elements/itf.png,2012-03-05,2012-03-11,2012,3,Fort Walton Beach,USA,,,,,,United States of America|America|USA|US,,,Florida,188.0,,,686.0,32M/32Q/16D,"Itf/Usta $25,000",,Madison Brengle,,https://www.wtatennis.com/resources/v7.42.0/i/elements/flags/usa.svg,Quarterfinals,L,"0-6, 2-6",https://www.wtatennis.com/players/312328/madison-brengle,False,False,False,False,False,False,False,2,False,14,2,12,US,USA,840,019,America,Northern America,USA,"0,6,None|2,6,None"
2,"Itf/Usta $25,000",https://www.wtatennis.com/resources/v7.42.0/i/elements/itf.png,,ITF,Hard,https://www.wtatennis.com/resources/v7.42.0/i/elements/itf.png,2012-03-05,2012-03-11,2012,3,Fort Walton Beach,USA,,,,,,United States of America|America|USA|US,,,Florida,,,,686.0,32M/32Q/16D,"Itf/Usta $25,000",,Breaunna Addison,,https://www.wtatennis.com/resources/v7.42.0/i/elements/flags/usa.svg,Round of 16,W,"6-3, 3-6, 6-1",https://www.wtatennis.com/players/317295/breaunna-addison,False,False,False,False,False,False,False,3,True,25,15,10,US,USA,840,019,America,Northern America,USA,"6,3,None|3,6,None|6,1,None"
3,"Itf/Usta $25,000",https://www.wtatennis.com/resources/v7.42.0/i/elements/itf.png,,ITF,Hard,https://www.wtatennis.com/resources/v7.42.0/i/elements/itf.png,2012-03-05,2012-03-11,2012,3,Fort Walton Beach,GBR,,,,,,Britain|UK|Great Britain|United Kingdom,,,Florida,192.0,,,686.0,32M/32Q/16D,"Itf/Usta $25,000",,Naomi Broady,,https://www.wtatennis.com/resources/v7.42.0/i/elements/flags/gbr.svg,Round of 32,W,"2-6, 6-4, 6-1",https://www.wtatennis.com/players/313941/naomi-broady,False,False,False,False,False,False,False,3,False,25,14,11,GB,GBR,826,150,Europe,Northern Europe,ENG,"2,6,None|6,4,None|6,1,None"
1,Itf $25000,https://www.wtatennis.com/resources/v7.42.0/i/elements/itf.png,,ITF,Hard,https://www.wtatennis.com/resources/v7.42.0/i/elements/itf.png,2012-01-30,2012-02-05,2012,1,Burnie,RUS,,AU,AUS,036,009,,Oceania,Australasia,AUS,282.0,,,686.0,32M/32Q/16D,Itf $25000,,Irina Khromacheva,,https://www.wtatennis.com/resources/v7.42.0/i/elements/flags/rus.svg,Quarterfinals,L,"1-6, 3-6",https://www.wtatennis.com/players/317915/irina-khromacheva,False,False,False,False,False,False,False,2,False,16,4,12,RU,RUS,643,150,Europe,Eastern Europe,RUS,"1,6,None|3,6,None"
2,Itf $25000,https://www.wtatennis.com/resources/v7.42.0/i/elements/itf.png,,ITF,Hard,https://www.wtatennis.com/resources/v7.42.0/i/elements/itf.png,2012-01-30,2012-02-05,2012,1,Burnie,GBR,,AU,AUS,036,009,Britain|UK|Great Britain|United Kingdom,Oceania,Australasia,AUS,323.0,,,686.0,32M/32Q/16D,Itf $25000,,Melanie South,,https://www.wtatennis.com/resources/v7.42.0/i/elements/flags/gbr.svg,Round of 16,W,"6-2, 4-6, 7-5",https://www.wtatennis.com/players/310620/melanie-south,False,False,False,False,False,False,False,3,True,30,17,13,GB,GBR,826,150,Europe,Northern Europe,ENG,"6,2,None|4,6,None|7,5,None"
3,Itf $25000,https://www.wtatennis.com/resources/v7.42.0/i/elements/itf.png,,ITF,Hard,https://www.wtatennis.com/resources/v7.42.0/i/elements/itf.png,2012-01-30,2012-02-05,2012,1,Burnie,JPN,,AU,AUS,036,009,,Oceania,Australasia,AUS,465.0,,,686.0,32M/32Q/16D,Itf $25000,,Ayumi Oka,,https://www.wtatennis.com/resources/v7.42.0/i/elements/flags/jpn.svg,Round of 32,W,"6-2, 6-2",https://www.wtatennis.com/players/311412/ayumi-oka,False,False,False,False,False,False,False,2,True,16,12,4,JP,JPN,392,142,Asia,East Asia,JPN,"6,2,None|6,2,None"
1,"Itf/Usta $75,000",https://www.wtatennis.com/resources/v7.42.0/i/elements/itf.png,,ITF,Hard,https://www.wtatennis.com/resources/v7.42.0/i/elements/itf.png,2011-11-07,2011-11-13,2011,11,Phoenix,USA,,AZ,AZE,031,142,United States of America|America|USA|US,Asia,Western Asia,AZE,641.0,,,232.0,32M/32Q/16D,"Itf/Usta $75,000",,Anne-Liz Jeukeng,,https://www.wtatennis.com/resources/v7.42.0/i/elements/flags/usa.svg,Qualifying R2 Qual. R2,L,"6-7 (5), 6-2, 3-6",https://www.wtatennis.com/players/318400/anne-liz-jeukeng,False,False,False,True,False,False,True,3,False,30,15,15,US,USA,840,019,America,Northern America,USA,"6,7,5|6,2,None|3,6,None"
2,"Itf/Usta $75,000",https://www.wtatennis.com/resources/v7.42.0/i/elements/itf.png,,ITF,Hard,https://www.wtatennis.com/resources/v7.42.0/i/elements/itf.png,2011-11-07,2011-11-13,2011,11,Phoenix,USA,,AZ,AZE,031,142,United States of America|America|USA|US,Asia,Western Asia,AZE,745.0,,,232.0,32M/32Q/16D,"Itf/Usta $75,000",,Elizabeth Lumpkin,,https://www.wtatennis.com/resources/v7.42.0/i/elements/flags/usa.svg,Qualifying R1 Qual. R1,W,"6-3, 6-4",https://www.wtatennis.com/players/311300/elizabeth-lumpkin,False,False,False,False,False,False,False,2,True,19,12,7,US,USA,840,019,America,Northern America,USA,"6,3,None|6,4,None"
1,"Itf $50,000",https://www.wtatennis.com/resources/v7.42.0/i/elements/itf.png,,ITF,Hard,https://www.wtatennis.com/resources/v7.42.0/i/elements/itf.png,2011-10-31,2011-11-06,2011,10,Toronto,SUI,,CA,CAN,124,019,,America,Northern America,CAN,350.0,,,1235.0,32M/32Q/16D,"Itf $50,000",,Amra Sadikovic,,https://www.wtatennis.com/resources/v7.42.0/i/elements/flags/sui.svg,Quarterfinals,L,"1-6, 1-6",https://www.wtatennis.com/players/313355/amra-sadikovic,False,False,False,False,False,False,False,2,False,14,2,12,CH,CHE,756,150,Europe,Central Europe,SUI,"1,6,None|1,6,None"
2,"Itf $50,000",https://www.wtatennis.com/resources/v7.42.0/i/elements/itf.png,,ITF,Hard,https://www.wtatennis.com/resources/v7.42.0/i/elements/itf.png,2011-10-31,2011-11-06,2011,10,Toronto,USA,,CA,CAN,124,019,United States of America|America|USA|US,America,Northern America,CAN,280.0,,,1235.0,32M/32Q/16D,"Itf $50,000",,Amanda Fink,,https://www.wtatennis.com/resources/v7.42.0/i/elements/flags/usa.svg,Round of 16,W,"6-2, 7-6 (6)",https://www.wtatennis.com/players/312786/amanda-fink,False,False,False,False,True,False,True,2,True,21,13,8,US,USA,840,019,America,Northern America,USA,"6,2,None|7,6,6"
3,"Itf $50,000",https://www.wtatennis.com/resources/v7.42.0/i/elements/itf.png,,ITF,Hard,https://www.wtatennis.com/resources/v7.42.0/i/elements/itf.png,2011-10-31,2011-11-06,2011,10,Toronto,USA,,CA,CAN,124,019,United States of America|America|USA|US,America,Northern America,CAN,146.0,,,1235.0,32M/32Q/16D,"Itf $50,000",,Alexa Glatch,3.0,https://www.wtatennis.com/resources/v7.42.0/i/elements/flags/usa.svg,Round of 32,W,"6-0, 6-2",https://www.wtatennis.com/players/312214/alexa-glatch,False,False,False,False,False,False,False,2,True,14,12,2,US,USA,840,019,America,Northern America,USA,"6,0,None|6,2,None"
1,"Itf $50,000",https://www.wtatennis.com/resources/v7.42.0/i/elements/itf.png,,ITF,Hard,https://www.wtatennis.com/resources/v7.42.0/i/elements/itf.png,2011-10-24,2011-10-30,2011,10,Saguenay,HUN,,CA,CAN,124,019,,America,Northern America,CAN,181.0,,,760.0,32M/32Q/16D,"Itf $50,000",,Timea Babos,3.0,https://www.wtatennis.com/resources/v7.42.0/i/elements/flags/hun.svg,Round of 16,L,"2-6, 4-6",https://www.wtatennis.com/players/317070/timea-babos,False,False,False,False,False,False,False,2,False,18,6,12,HU,HUN,348,150,Europe,Central Europe,HUN,"2,6,None|4,6,None"
2,"Itf $50,000",https://www.wtatennis.com/resources/v7.42.0/i/elements/itf.png,,ITF,Hard,https://www.wtatennis.com/resources/v7.42.0/i/elements/itf.png,2011-10-24,2011-10-30,2011,10,Saguenay,CHN,,CA,CAN,124,019,,America,Northern America,CAN,360.0,,,760.0,32M/32Q/16D,"Itf $50,000",,Sheng-Nan Sun,,https://www.wtatennis.com/resources/v7.42.0/i/elements/flags/chn.svg,Round of 32,W,"7-6 (2), 4-6, 6-3",https://www.wtatennis.com/players/310798/sheng-nan-sun,False,False,False,True,False,False,True,3,True,32,17,15,CN,CHN,156,142,Asia,East Asia,CHN,"7,6,2|4,6,None|6,3,None"
1,"Itf/Usta $25,000",https://www.wtatennis.com/resources/v7.42.0/i/elements/itf.png,,ITF,Hard,https://www.wtatennis.com/resources/v7.42.0/i/elements/itf.png,2011-10-17,2011-10-23,2011,10,,BUL,,US,USA,840,019,,America,Northern America,USA,205.0,,,294.0,32M/32Q/16D,"Itf/Usta $25,000",,Sesil Karatantcheva,,https://www.wtatennis.com/resources/v7.42.0/i/elements/flags/bul.svg,Round of 32,L,"3-6, 4-6",https://www.wtatennis.com/players/311810/sesil-karatantcheva,False,False,False,False,False,False,False,2,False,19,7,12,BG,BGR,100,150,Europe,Southeastern Europe,BUL,"3,6,None|4,6,None"
1,"Itf/Usta $50,000",https://www.wtatennis.com/resources/v7.42.0/i/elements/itf.png,,ITF,Hard,https://www.wtatennis.com/resources/v7.42.0/i/elements/itf.png,2011-10-10,2011-10-16,2011,10,,USA,,US,USA,840,019,United States of America|America|USA|US,America,Northern America,USA,558.0,,,143.0,32M/32Q/16D,"Itf/Usta $50,000",,Shelby Rogers,,https://www.wtatennis.com/resources/v7.42.0/i/elements/flags/usa.svg,Qualifying R2 Qual. R2,L,"4-6, 6-1, 3-6",https://www.wtatennis.com/players/317421/shelby-rogers,False,False,False,False,False,False,False,3,False,26,13,13,US,USA,840,019,America,Northern America,USA,"4,6,None|6,1,None|3,6,None"
2,"Itf/Usta $50,000",https://www.wtatennis.com/resources/v7.42.0/i/elements/itf.png,,ITF,Hard,https://www.wtatennis.com/resources/v7.42.0/i/elements/itf.png,2011-10-10,2011-10-16,2011,10,,USA,,US,USA,840,019,United States of America|America|USA|US,America,Northern America,USA,457.0,,,143.0,32M/32Q/16D,"Itf/Usta $50,000",,Amanda Mcdowell,,https://www.wtatennis.com/resources/v7.42.0/i/elements/flags/usa.svg,Qualifying R1 Qual. R1,W,"6-2, 6-3",https://www.wtatennis.com/players/316279/amanda-mcdowell,False,False,False,False,False,False,False,2,True,17,12,5,US,USA,840,019,America,Northern America,USA,"6,2,None|6,3,None"
1,"Itf/Tennis $50,000",https://www.wtatennis.com/resources/v7.42.0/i/elements/itf.png,,ITF,Hard,https://www.wtatennis.com/resources/v7.42.0/i/elements/itf.png,2011-10-03,2011-10-09,2011,10,,RUS,,,,,,,,,Kansas city,253.0,Q,,760.0,32M/32Q/16D,"Itf/Tennis $50,000",,Olga Puchkova,,https://www.wtatennis.com/resources/v7.42.0/i/elements/flags/rus.svg,Round of 16,L,"2-6, 3-6",https://www.wtatennis.com/players/310717/olga-puchkova,False,False,False,False,False,False,False,2,False,17,5,12,RU,RUS,643,150,Europe,Eastern Europe,RUS,"2,6,None|3,6,None"
2,"Itf/Tennis $50,000",https://www.wtatennis.com/resources/v7.42.0/i/elements/itf.png,,ITF,Hard,https://www.wtatennis.com/resources/v7.42.0/i/elements/itf.png,2011-10-03,2011-10-09,2011,10,,USA,,,,,,United States of America|America|USA|US,,,Kansas city,710.0,Q,,760.0,32M/32Q/16D,"Itf/Tennis $50,000",,Maria Sanchez,,https://www.wtatennis.com/resources/v7.42.0/i/elements/flags/usa.svg,Round of 32,W,"7-6 (1), 1-6, 6-2",https://www.wtatennis.com/players/313958/maria-sanchez,False,False,False,True,False,False,True,3,True,28,14,14,US,USA,840,019,America,Northern America,USA,"7,6,1|1,6,None|6,2,None"
3,"Itf/Tennis $50,000",https://www.wtatennis.com/resources/v7.42.0/i/elements/itf.png,,ITF,Hard,https://www.wtatennis.com/resources/v7.42.0/i/elements/itf.png,2011-10-03,2011-10-09,2011,10,,UKR,,,,,,,,,Kansas city,436.0,Q,,760.0,32M/32Q/16D,"Itf/Tennis $50,000",,Alyona Sotnikova,8.0,https://www.wtatennis.com/resources/v7.42.0/i/elements/flags/ukr.svg,Qualifying R3 Qual. R3,W,"6-1, 6-2",https://www.wtatennis.com/players/314903/alyona-sotnikova,False,False,False,False,False,False,False,2,True,15,12,3,UA,UKR,804,150,Europe,Eastern Europe,UKR,"6,1,None|6,2,None"
4,"Itf/Tennis $50,000",https://www.wtatennis.com/resources/v7.42.0/i/elements/itf.png,,ITF,Hard,https://www.wtatennis.com/resources/v7.42.0/i/elements/itf.png,2011-10-03,2011-10-09,2011,10,,DEN,,,,,,,,,Kansas city,892.0,Q,,760.0,32M/32Q/16D,"Itf/Tennis $50,000",,Malou Ejdesgaard,,https://www.wtatennis.com/resources/v7.42.0/i/elements/flags/den.svg,Qualifying R2 Qual. R2,W,"6-0, 6-4",https://www.wtatennis.com/players/314395/malou-ejdesgaard,False,False,False,False,False,False,False,2,True,16,12,4,DK,DNK,208,150,Europe,Northern Europe,DEN,"6,0,None|6,4,None"
5,"Itf/Tennis $50,000",https://www.wtatennis.com/resources/v7.42.0/i/elements/itf.png,,ITF,Hard,https://www.wtatennis.com/resources/v7.42.0/i/elements/itf.png,2011-10-03,2011-10-09,2011,10,,CAN,,,,,,,,,Kansas city,452.0,Q,,760.0,32M/32Q/16D,"Itf/Tennis $50,000",,Gabriela Dabrowski,,https://www.wtatennis.com/resources/v7.42.0/i/elements/flags/can.svg,Qualifying R1 Qual. R1,W,"7-6 (2), 7-5",https://www.wtatennis.com/players/314445/gabriela-dabrowski,False,False,False,True,False,False,True,2,True,25,14,11,CA,CAN,124,019,America,Northern America,CAN,"7,6,2|7,5,None"
1,Bell Challenge,,https://www.wtatennis.com/tournaments/656/quebec-city/2011,International,Carpet,https://www.wtatennis.com/resources/v7.42.0/i/elements/250k-tag.svg,2011-09-12,2011-09-18,2011,9,,USA,,CA,CAN,124,019,United States of America|America|USA|US,America,Northern America,CAN,106.0,W,1.0,1725.0,32M/32Q/16D,Bell Challenge,,Varvara Lepchenko,,https://www.wtatennis.com/resources/v7.42.0/i/elements/flags/usa.svg,Round of 32,L,"1-6, 7-6 (0), 3-6",https://www.wtatennis.com/players/120420/varvara-lepchenko,False,False,False,False,True,False,True,3,False,29,11,18,US,USA,840,019,America,Northern America,USA,"1,6,None|7,6,0|3,6,None"
1,Rogers Cup,,https://www.wtatennis.com/tournaments/806/montreal/2011,Premier 5,Hard,https://www.wtatennis.com/resources/v7.42.0/i/elements/1000k-tag.svg,2011-08-08,2011-08-14,2011,8,,GER,,CA,CAN,124,019,,America,Northern America,CAN,10.0,W,1.0,5500.0,64M/64Q/32D,Rogers Cup,,Andrea Petkovic,11.0,https://www.wtatennis.com/resources/v7.42.0/i/elements/flags/ger.svg,Round of 64,L,"2-6, 2-6",https://www.wtatennis.com/players/310770/andrea-petkovic,False,False,False,False,False,False,False,2,False,16,4,12,DE,DEU,276,150,Europe,Central Europe,GER,"2,6,None|2,6,None"
1,"Itf $100,000",https://www.wtatennis.com/resources/v7.42.0/i/elements/itf.png,,ITF,Hard,https://www.wtatennis.com/resources/v7.42.0/i/elements/itf.png,2011-08-01,2011-08-07,2011,8,Vancouver,USA,,CA,CAN,124,019,United States of America|America|USA|US,America,Northern America,CAN,193.0,W,,887.0,32M/32Q/16D,"Itf $100,000",,Julia Cohen,,https://www.wtatennis.com/resources/v7.42.0/i/elements/flags/usa.svg,Round of 32,L,"5-7, 4-6",https://www.wtatennis.com/players/311380/julia-cohen,False,False,False,False,False,False,False,2,False,22,9,13,US,USA,840,019,America,Northern America,USA,"5,7,None|4,6,None"
1,Citi Open,,https://www.wtatennis.com/tournaments/1045/washington-dc/2011,International,Hard,https://www.wtatennis.com/resources/v7.42.0/i/elements/250k-tag.svg,2011-07-25,2011-07-31,2011,7,,RUS,,US,USA,840,019,,America,Northern America,USA,32.0,W,30.0,2950.0,32M/32Q/16D,Citi Open,,Nadia Petrova,2.0,https://www.wtatennis.com/resources/v7.42.0/i/elements/flags/rus.svg,Round of 16,L,"2-6, 2-6",https://www.wtatennis.com/players/160379/nadia-petrova,False,False,False,False,False,False,False,2,False,16,4,12,RU,RUS,643,150,Europe,Eastern Europe,RUS,"2,6,None|2,6,None"
2,Citi Open,,https://www.wtatennis.com/tournaments/1045/washington-dc/2011,International,Hard,https://www.wtatennis.com/resources/v7.42.0/i/elements/250k-tag.svg,2011-07-25,2011-07-31,2011,7,,USA,,US,USA,840,019,United States of America|America|USA|US,America,Northern America,USA,114.0,W,30.0,2950.0,32M/32Q/16D,Citi Open,,Alison Riske-Amritraj,,https://www.wtatennis.com/resources/v7.42.0/i/elements/flags/usa.svg,Round of 32,W,"6-3, 6-2",https://www.wtatennis.com/players/312850/alison-riske-amritraj,False,False,False,False,False,False,False,2,True,17,12,5,US,USA,840,019,America,Northern America,USA,"6,3,None|6,2,None"
1,"Itf $25,000",https://www.wtatennis.com/resources/v7.42.0/i/elements/itf.png,,ITF,Hard,https://www.wtatennis.com/resources/v7.42.0/i/elements/itf.png,2011-07-11,2011-07-17,2011,7,Granby,HKG,,CA,CAN,124,019,,America,Northern America,CAN,194.0,,,490.0,32M/32Q/16D,"Itf $25,000",,Ling Zhang,4.0,https://www.wtatennis.com/resources/v7.42.0/i/elements/flags/hkg.svg,Round of 16,L,"7-6 (3), 5-7, 5-7",https://www.wtatennis.com/players/313228/ling-zhang,False,False,False,True,False,False,True,3,True,37,17,20,HK,HKG,344,142,Asia,East Asia,HKG,"7,6,3|5,7,None|5,7,None"
2,"Itf $25,000",https://www.wtatennis.com/resources/v7.42.0/i/elements/itf.png,,ITF,Hard,https://www.wtatennis.com/resources/v7.42.0/i/elements/itf.png,2011-07-11,2011-07-17,2011,7,Granby,JPN,,CA,CAN,124,019,,America,Northern America,CAN,410.0,,,490.0,32M/32Q/16D,"Itf $25,000",,Remi Tezuka,,https://www.wtatennis.com/resources/v7.42.0/i/elements/flags/jpn.svg,Round of 32,W,"6-4, 6-1",https://www.wtatennis.com/players/200299/remi-tezuka,False,False,False,False,False,False,False,2,True,17,12,5,JP,JPN,392,142,Asia,East Asia,JPN,"6,4,None|6,1,None"
1,"Itf $50,000",https://www.wtatennis.com/resources/v7.42.0/i/elements/itf.png,,ITF,Clay,https://www.wtatennis.com/resources/v7.42.0/i/elements/itf.png,2011-07-04,2011-07-10,2011,7,Waterloo,USA,,CA,CAN,124,019,United States of America|America|USA|US,America,Northern America,CAN,159.0,,,475.0,32M/32Q/16D,"Itf $50,000",,Tetiana Luzhanska,2.0,https://www.wtatennis.com/resources/v7.42.0/i/elements/flags/usa.svg,Round of 32,L,"2-6, 6-4, 1-6",https://www.wtatennis.com/players/120381/tetiana-luzhanska,False,False,False,False,False,False,False,3,False,25,9,16,US,USA,840,019,America,Northern America,USA,"2,6,None|6,4,None|1,6,None"
1,"Itf/Usta $50,000",https://www.wtatennis.com/resources/v7.42.0/i/elements/itf.png,,ITF,Clay,https://www.wtatennis.com/resources/v7.42.0/i/elements/itf.png,2011-04-25,2011-05-01,2011,4,Charlottesville,POR,,,,,,,,,Virginia,187.0,W,,760.0,32M/32Q/16D,"Itf/Usta $50,000",,Michelle Larcher De Brito,8.0,https://www.wtatennis.com/resources/v7.42.0/i/elements/flags/por.svg,Round of 16,L,"5-7, 6-4, 2-6",https://www.wtatennis.com/players/314929/michelle-larcher-de-brito,False,False,False,False,False,False,False,3,False,30,13,17,PT,PRT,620,150,Europe,Southern Europe,POR,"5,7,None|6,4,None|2,6,None"
2,"Itf/Usta $50,000",https://www.wtatennis.com/resources/v7.42.0/i/elements/itf.png,,ITF,Clay,https://www.wtatennis.com/resources/v7.42.0/i/elements/itf.png,2011-04-25,2011-05-01,2011,4,Charlottesville,USA,,,,,,United States of America|America|USA|US,,,Virginia,376.0,W,,760.0,32M/32Q/16D,"Itf/Usta $50,000",,Amanda Fink,,https://www.wtatennis.com/resources/v7.42.0/i/elements/flags/usa.svg,Round of 32,W,"6-3, 6-0",https://www.wtatennis.com/players/312786/amanda-fink,False,False,False,False,False,False,False,2,True,15,12,3,US,USA,840,019,America,Northern America,USA,"6,3,None|6,0,None"
1,"Itf/Tennis Europe $10,000",https://www.wtatennis.com/resources/v7.42.0/i/elements/itf.png,,ITF,Clay,https://www.wtatennis.com/resources/v7.42.0/i/elements/itf.png,2011-04-04,2011-04-10,2011,4,Sibenik,FRA,,HR,HRV,191,150,,Europe,Southeastern Europe,CRO,756.0,,,1568.0,32M/8Q/16D,"Itf/Tennis Europe $10,000",,Jessica Ginier,,https://www.wtatennis.com/resources/v7.42.0/i/elements/flags/fra.svg,Finals,W,"6-2, 6-0",https://www.wtatennis.com/players/316962/jessica-ginier,False,False,False,False,False,False,False,2,True,14,12,2,FR,FRA,250,150,Europe,Western Europe,FRA,"6,2,None|6,0,None"
2,"Itf/Tennis Europe $10,000",https://www.wtatennis.com/resources/v7.42.0/i/elements/itf.png,,ITF,Clay,https://www.wtatennis.com/resources/v7.42.0/i/elements/itf.png,2011-04-04,2011-04-10,2011,4,Sibenik,SUI,,HR,HRV,191,150,,Europe,Southeastern Europe,CRO,584.0,,,1568.0,32M/8Q/16D,"Itf/Tennis Europe $10,000",,Amra Sadikovic,8.0,https://www.wtatennis.com/resources/v7.42.0/i/elements/flags/sui.svg,Semifinals,W,"6-3, 3-6, 6-2",https://www.wtatennis.com/players/313355/amra-sadikovic,False,False,False,False,False,False,False,3,True,26,15,11,CH,CHE,756,150,Europe,Central Europe,SUI,"6,3,None|3,6,None|6,2,None"
3,"Itf/Tennis Europe $10,000",https://www.wtatennis.com/resources/v7.42.0/i/elements/itf.png,,ITF,Clay,https://www.wtatennis.com/resources/v7.42.0/i/elements/itf.png,2011-04-04,2011-04-10,2011,4,Sibenik,CRO,,HR,HRV,191,150,,Europe,Southeastern Europe,CRO,599.0,,,1568.0,32M/8Q/16D,"Itf/Tennis Europe $10,000",,Maria Abramovic,,https://www.wtatennis.com/resources/v7.42.0/i/elements/flags/cro.svg,Quarterfinals,W,"6-1, 3-1",https://www.wtatennis.com/players/311275/maria-abramovic,True,False,False,False,False,False,False,2,True,11,9,2,HR,HRV,191,150,Europe,Southeastern Europe,CRO,"6,1,None|3,1,None|Ret"
4,"Itf/Tennis Europe $10,000",https://www.wtatennis.com/resources/v7.42.0/i/elements/itf.png,,ITF,Clay,https://www.wtatennis.com/resources/v7.42.0/i/elements/itf.png,2011-04-04,2011-04-10,2011,4,Sibenik,ROU,,HR,HRV,191,150,,Europe,Southeastern Europe,CRO,646.0,,,1568.0,32M/8Q/16D,"Itf/Tennis Europe $10,000",,Raluca Elena Joitoiu,,https://www.wtatennis.com/resources/v7.42.0/i/elements/flags/rou.svg,Round of 16,W,"6-2, 6-1",https://www.wtatennis.com/players/316228/raluca-elena-joitoiu,False,False,False,False,False,False,False,2,True,15,12,3,RO,ROU,642,150,Europe,Southeastern Europe,ROU,"6,2,None|6,1,None"
5,"Itf/Tennis Europe $10,000",https://www.wtatennis.com/resources/v7.42.0/i/elements/itf.png,,ITF,Clay,https://www.wtatennis.com/resources/v7.42.0/i/elements/itf.png,2011-04-04,2011-04-10,2011,4,Sibenik,SUI,,HR,HRV,191,150,,Europe,Southeastern Europe,CRO,9999.0,,,1568.0,32M/8Q/16D,"Itf/Tennis Europe $10,000",,Mateja Kraljevic,,https://www.wtatennis.com/resources/v7.42.0/i/elements/flags/sui.svg,Round of 32,W,"6-2, 6-1",https://www.wtatennis.com/players/317663/mateja-kraljevic,False,False,False,False,False,False,False,2,True,15,12,3,CH,CHE,756,150,Europe,Central Europe,SUI,"6,2,None|6,1,None"
1,"Itf/Usta $25,000",https://www.wtatennis.com/resources/v7.42.0/i/elements/itf.png,,ITF,Hard,https://www.wtatennis.com/resources/v7.42.0/i/elements/itf.png,2011-02-14,2011-02-20,2011,2,Surprise,USA,,,,,,United States of America|America|USA|US,,,Arizona,215.0,L,,490.0,32M/32Q/16D,"Itf/Usta $25,000",,Tetiana Luzhanska,4.0,https://www.wtatennis.com/resources/v7.42.0/i/elements/flags/usa.svg,Round of 16,L,"6-0, 6-7 (4), 3-6",https://www.wtatennis.com/players/120381/tetiana-luzhanska,False,False,False,False,True,False,True,3,True,28,15,13,US,USA,840,019,America,Northern America,USA,"6,0,None|6,7,4|3,6,None"
2,"Itf/Usta $25,000",https://www.wtatennis.com/resources/v7.42.0/i/elements/itf.png,,ITF,Hard,https://www.wtatennis.com/resources/v7.42.0/i/elements/itf.png,2011-02-14,2011-02-20,2011,2,Surprise,USA,,,,,,United States of America|America|USA|US,,,Arizona,554.0,L,,490.0,32M/32Q/16D,"Itf/Usta $25,000",,Elizabeth Lumpkin,,https://www.wtatennis.com/resources/v7.42.0/i/elements/flags/usa.svg,Round of 32,W,"6-3, 6-2",https://www.wtatennis.com/players/311300/elizabeth-lumpkin,False,False,False,False,False,False,False,2,True,17,12,5,US,USA,840,019,America,Northern America,USA,"6,3,None|6,2,None"
3,"Itf/Usta $25,000",https://www.wtatennis.com/resources/v7.42.0/i/elements/itf.png,,ITF,Hard,https://www.wtatennis.com/resources/v7.42.0/i/elements/itf.png,2011-02-14,2011-02-20,2011,2,Surprise,RSA,,,,,,,,,Arizona,374.0,L,,490.0,32M/32Q/16D,"Itf/Usta $25,000",,Chanel Simmonds,2.0,https://www.wtatennis.com/resources/v7.42.0/i/elements/flags/rsa.svg,Qualifying R2 Qual. R2,L,"7-5, 1-6, 6-7 (2)",https://www.wtatennis.com/players/315735/chanel-simmonds,False,False,False,False,False,True,True,3,True,32,14,18,ZA,ZAF,710,002,Africa,Southern Africa,RSA,"7,5,None|1,6,None|6,7,2"
4,"Itf/Usta $25,000",https://www.wtatennis.com/resources/v7.42.0/i/elements/itf.png,,ITF,Hard,https://www.wtatennis.com/resources/v7.42.0/i/elements/itf.png,2011-02-14,2011-02-20,2011,2,Surprise,CHN,,,,,,,,,Arizona,925.0,L,,490.0,32M/32Q/16D,"Itf/Usta $25,000",,Di Zhao,,https://www.wtatennis.com/resources/v7.42.0/i/elements/flags/chn.svg,Qualifying R1 Qual. R1,W,"6-3, 6-3",https://www.wtatennis.com/players/316092/di-zhao,False,False,False,False,False,False,False,2,True,18,12,6,CN,CHN,156,142,Asia,East Asia,CHN,"6,3,None|6,3,None"
1,Itf $25000,https://www.wtatennis.com/resources/v7.42.0/i/elements/itf.png,,ITF,Hard,https://www.wtatennis.com/resources/v7.42.0/i/elements/itf.png,2011-01-31,2011-02-06,2011,1,Burnie,CHN,,AU,AUS,036,009,,Oceania,Australasia,AUS,403.0,Q,,2940.0,32M/32Q/16D,Itf $25000,,Saisai Zheng,,https://www.wtatennis.com/resources/v7.42.0/i/elements/flags/chn.svg,Finals,W,"6-4, 6-3",https://www.wtatennis.com/players/316286/saisai-zheng,False,False,False,False,False,False,False,2,True,19,12,7,CN,CHN,156,142,Asia,East Asia,CHN,"6,4,None|6,3,None"
2,Itf $25000,https://www.wtatennis.com/resources/v7.42.0/i/elements/itf.png,,ITF,Hard,https://www.wtatennis.com/resources/v7.42.0/i/elements/itf.png,2011-01-31,2011-02-06,2011,1,Burnie,SLO,,AU,AUS,036,009,,Oceania,Australasia,AUS,648.0,Q,,2940.0,32M/32Q/16D,Itf $25000,,Nastja Kolar,,https://www.wtatennis.com/resources/v7.42.0/i/elements/flags/slo.svg,Semifinals,W,"6-3, 7-5",https://www.wtatennis.com/players/316405/nastja-kolar,False,False,False,False,False,False,False,2,True,21,13,8,,,,,,,SLO,"6,3,None|7,5,None"
3,Itf $25000,https://www.wtatennis.com/resources/v7.42.0/i/elements/itf.png,,ITF,Hard,https://www.wtatennis.com/resources/v7.42.0/i/elements/itf.png,2011-01-31,2011-02-06,2011,1,Burnie,AUS,,AU,AUS,036,009,,Oceania,Australasia,AUS,544.0,Q,,2940.0,32M/32Q/16D,Itf $25000,,Daria Saville,,https://www.wtatennis.com/resources/v7.42.0/i/elements/flags/aus.svg,Quarterfinals,W,"6-1, 6-2",https://www.wtatennis.com/players/315997/daria-saville,False,False,False,False,False,False,False,2,True,15,12,3,AU,AUS,036,009,Oceania,Australasia,AUS,"6,1,None|6,2,None"
4,Itf $25000,https://www.wtatennis.com/resources/v7.42.0/i/elements/itf.png,,ITF,Hard,https://www.wtatennis.com/resources/v7.42.0/i/elements/itf.png,2011-01-31,2011-02-06,2011,1,Burnie,AUS,,AU,AUS,036,009,,Oceania,Australasia,AUS,349.0,Q,,2940.0,32M/32Q/16D,Itf $25000,,Isabella Holland,,https://www.wtatennis.com/resources/v7.42.0/i/elements/flags/aus.svg,Round of 16,W,"6-4, 6-1",https://www.wtatennis.com/players/314622/isabella-holland,False,False,False,False,False,False,False,2,True,17,12,5,AU,AUS,036,009,Oceania,Australasia,AUS,"6,4,None|6,1,None"
5,Itf $25000,https://www.wtatennis.com/resources/v7.42.0/i/elements/itf.png,,ITF,Hard,https://www.wtatennis.com/resources/v7.42.0/i/elements/itf.png,2011-01-31,2011-02-06,2011,1,Burnie,AUS,,AU,AUS,036,009,,Oceania,Australasia,AUS,153.0,Q,,2940.0,32M/32Q/16D,Itf $25000,,Sally Peers,1.0,https://www.wtatennis.com/resources/v7.42.0/i/elements/flags/aus.svg,Round of 32,W,"1-6, 6-2, 6-3",https://www.wtatennis.com/players/314726/sally-peers,False,False,False,False,False,False,False,3,False,24,13,11,AU,AUS,036,009,Oceania,Australasia,AUS,"1,6,None|6,2,None|6,3,None"
6,Itf $25000,https://www.wtatennis.com/resources/v7.42.0/i/elements/itf.png,,ITF,Hard,https://www.wtatennis.com/resources/v7.42.0/i/elements/itf.png,2011-01-31,2011-02-06,2011,1,Burnie,AUS,,AU,AUS,036,009,,Oceania,Australasia,AUS,,Q,,2940.0,32M/32Q/16D,Itf $25000,,Mia Vriens,,https://www.wtatennis.com/resources/v7.42.0/i/elements/flags/aus.svg,Qualifying R2 Qual. R2,W,"6-1, 6-1",https://www.wtatennis.com/players/316165/mia-vriens,False,False,False,False,False,False,False,2,True,14,12,2,AU,AUS,036,009,Oceania,Australasia,AUS,"6,1,None|6,1,None"
1,"Itf/Tennis $50,000",https://www.wtatennis.com/resources/v7.42.0/i/elements/itf.png,,ITF,Hard,https://www.wtatennis.com/resources/v7.42.0/i/elements/itf.png,2010-10-04,2010-10-10,2010,10,Kansas City,ARG,,,,,,,,,Kansas,421.0,,,143.0,32M/32Q/16D,"Itf/Tennis $50,000",,Jorgelina Cravero,3.0,https://www.wtatennis.com/resources/v7.42.0/i/elements/flags/arg.svg,Qualifying R2 Qual. R2,L,"3-6, 0-6",https://www.wtatennis.com/players/30500/jorgelina-cravero,False,False,False,False,False,False,False,2,False,15,3,12,AR,ARG,032,019,America,Southern South America,ARG,"3,6,None|0,6,None"
2,"Itf/Tennis $50,000",https://www.wtatennis.com/resources/v7.42.0/i/elements/itf.png,,ITF,Hard,https://www.wtatennis.com/resources/v7.42.0/i/elements/itf.png,2010-10-04,2010-10-10,2010,10,Kansas City,USA,,,,,,United States of America|America|USA|US,,,Kansas,786.0,,,143.0,32M/32Q/16D,"Itf/Tennis $50,000",,Chelsey Gullickson,,https://www.wtatennis.com/resources/v7.42.0/i/elements/flags/usa.svg,Qualifying R1 Qual. R1,W,"6-4, 6-4",https://www.wtatennis.com/players/314125/chelsey-gullickson,False,False,False,False,False,False,False,2,True,20,12,8,US,USA,840,019,America,Northern America,USA,"6,4,None|6,4,None"
1,"Itf $50,000",https://www.wtatennis.com/resources/v7.42.0/i/elements/itf.png,,ITF,Hard,https://www.wtatennis.com/resources/v7.42.0/i/elements/itf.png,2010-09-20,2010-09-26,2010,9,Saguenay,CAN,,CA,CAN,124,019,,America,Northern America,CAN,137.0,,,760.0,32M/32Q/16D,"Itf $50,000",,Rebecca Marino,1.0,https://www.wtatennis.com/resources/v7.42.0/i/elements/flags/can.svg,Round of 16,L,"4-6, 6-7 (7)",https://www.wtatennis.com/players/313485/rebecca-marino,False,False,False,False,True,False,True,2,False,23,10,13,CA,CAN,124,019,America,Northern America,CAN,"4,6,None|6,7,7"
2,"Itf $50,000",https://www.wtatennis.com/resources/v7.42.0/i/elements/itf.png,,ITF,Hard,https://www.wtatennis.com/resources/v7.42.0/i/elements/itf.png,2010-09-20,2010-09-26,2010,9,Saguenay,USA,,CA,CAN,124,019,United States of America|America|USA|US,America,Northern America,CAN,442.0,,,760.0,32M/32Q/16D,"Itf $50,000",,Alexandra Mueller,,https://www.wtatennis.com/resources/v7.42.0/i/elements/flags/usa.svg,Round of 32,W,"7-6 (4), 6-2",https://www.wtatennis.com/players/310808/alexandra-mueller,False,False,False,True,False,False,True,2,True,21,13,8,US,USA,840,019,America,Northern America,USA,"7,6,4|6,2,None"
1,Rogers Cup Presented By National Bank,,https://www.wtatennis.com/tournaments/806/montreal/2010,Premier 5,Hard,https://www.wtatennis.com/resources/v7.42.0/i/elements/1000k-tag.svg,2010-08-16,2010-08-22,2010,8,,USA,,CA,CAN,124,019,United States of America|America|USA|US,America,Northern America,CAN,156.0,W,1.0,475.0,64M/64Q/32D,Rogers Cup Presented By National Bank,,Alison Riske-Amritraj,,https://www.wtatennis.com/resources/v7.42.0/i/elements/flags/usa.svg,Qualifying R1 Qual. R1,L,"4-6, 2-6",https://www.wtatennis.com/players/312850/alison-riske-amritraj,False,False,False,False,False,False,False,2,False,18,6,12,US,USA,840,019,America,Northern America,USA,"4,6,None|2,6,None"
1,"Itf $75,000",https://www.wtatennis.com/resources/v7.42.0/i/elements/itf.png,,ITF,Hard,https://www.wtatennis.com/resources/v7.42.0/i/elements/itf.png,2010-08-02,2010-08-08,2010,8,Vancouver,IND,,CA,CAN,124,019,,America,Northern America,CAN,138.0,W,,665.0,32M/32Q/16D,"Itf $75,000",,Sania Mirza,8.0,https://www.wtatennis.com/resources/v7.42.0/i/elements/flags/ind.svg,Round of 32,L,"2-6, 2-6",https://www.wtatennis.com/players/310112/sania-mirza,False,False,False,False,False,False,False,2,False,16,4,12,IN,IND,356,142,Asia,South Asia,IND,"2,6,None|2,6,None"
1,"Itf $25,000",https://www.wtatennis.com/resources/v7.42.0/i/elements/itf.png,,ITF,Hard,https://www.wtatennis.com/resources/v7.42.0/i/elements/itf.png,2010-07-19,2010-07-25,2010,7,Waterloo,USA,,CA,CAN,124,019,United States of America|America|USA|US,America,Northern America,CAN,184.0,,,1078.0,32M/32Q/16D,"Itf $25,000",,Julia Cohen,1.0,https://www.wtatennis.com/resources/v7.42.0/i/elements/flags/usa.svg,Semifinals,L,"4-6, 4-6",https://www.wtatennis.com/players/311380/julia-cohen,False,False,False,False,False,False,False,2,False,20,8,12,US,USA,840,019,America,Northern America,USA,"4,6,None|4,6,None"
2,"Itf $25,000",https://www.wtatennis.com/resources/v7.42.0/i/elements/itf.png,,ITF,Hard,https://www.wtatennis.com/resources/v7.42.0/i/elements/itf.png,2010-07-19,2010-07-25,2010,7,Waterloo,AUS,,CA,CAN,124,019,,America,Northern America,CAN,617.0,,,1078.0,32M/32Q/16D,"Itf $25,000",,Tiffany Welford,,https://www.wtatennis.com/resources/v7.42.0/i/elements/flags/aus.svg,Quarterfinals,W,"6-3, 6-2",https://www.wtatennis.com/players/230284/tiffany-welford,False,False,False,False,False,False,False,2,True,17,12,5,AU,AUS,036,009,Oceania,Australasia,AUS,"6,3,None|6,2,None"
3,"Itf $25,000",https://www.wtatennis.com/resources/v7.42.0/i/elements/itf.png,,ITF,Hard,https://www.wtatennis.com/resources/v7.42.0/i/elements/itf.png,2010-07-19,2010-07-25,2010,7,Waterloo,CAN,,CA,CAN,124,019,,America,Northern America,CAN,1050.0,,,1078.0,32M/32Q/16D,"Itf $25,000",,Carmen Sandor,,https://www.wtatennis.com/resources/v7.42.0/i/elements/flags/can.svg,Round of 16,W,"6-1, 6-3",https://www.wtatennis.com/players/315764/carmen-sandor,False,False,False,False,False,False,False,2,True,16,12,4,CA,CAN,124,019,America,Northern America,CAN,"6,1,None|6,3,None"
4,"Itf $25,000",https://www.wtatennis.com/resources/v7.42.0/i/elements/itf.png,,ITF,Hard,https://www.wtatennis.com/resources/v7.42.0/i/elements/itf.png,2010-07-19,2010-07-25,2010,7,Waterloo,TPE,,CA,CAN,124,019,,America,Northern America,CAN,395.0,,,1078.0,32M/32Q/16D,"Itf $25,000",,Chieh-Yu Hsu,4.0,https://www.wtatennis.com/resources/v7.42.0/i/elements/flags/tpe.svg,Round of 32,W,"7-6 (5), 6-2",https://www.wtatennis.com/players/314181/chieh-yu-hsu,False,False,False,True,False,False,True,2,True,21,13,8,,,,,,,TPE,"7,6,5|6,2,None"
1,"Itf/Usta $25,000",https://www.wtatennis.com/resources/v7.42.0/i/elements/itf.png,,ITF,Clay,https://www.wtatennis.com/resources/v7.42.0/i/elements/itf.png,2010-04-12,2010-04-18,2010,4,Osprey,USA,,,,,,United States of America|America|USA|US,,,Florida,537.0,Q,,686.0,32M/32Q/16D,"Itf/Usta $25,000",,Beatrice Capra,,https://www.wtatennis.com/resources/v7.42.0/i/elements/flags/usa.svg,Quarterfinals,L,"3-6, 4-6",https://www.wtatennis.com/players/314338/beatrice-capra,False,False,False,False,False,False,False,2,False,19,7,12,US,USA,840,019,America,Northern America,USA,"3,6,None|4,6,None"
2,"Itf/Usta $25,000",https://www.wtatennis.com/resources/v7.42.0/i/elements/itf.png,,ITF,Clay,https://www.wtatennis.com/resources/v7.42.0/i/elements/itf.png,2010-04-12,2010-04-18,2010,4,Osprey,BOL,,,,,,,,,Florida,230.0,Q,,686.0,32M/32Q/16D,"Itf/Usta $25,000",,Maria Fernanda Alvarez Teran,7.0,https://www.wtatennis.com/resources/v7.42.0/i/elements/flags/bol.svg,Round of 16,W,"6-4, 6-2",https://www.wtatennis.com/players/313564/maria-fernanda-alvarez-teran,False,False,False,False,False,False,False,2,True,18,12,6,BO,BOL,068,019,America,Central South America,BOL,"6,4,None|6,2,None"
3,"Itf/Usta $25,000",https://www.wtatennis.com/resources/v7.42.0/i/elements/itf.png,,ITF,Clay,https://www.wtatennis.com/resources/v7.42.0/i/elements/itf.png,2010-04-12,2010-04-18,2010,4,Osprey,USA,,,,,,United States of America|America|USA|US,,,Florida,284.0,Q,,686.0,32M/32Q/16D,"Itf/Usta $25,000",,Kimberly Couts,,https://www.wtatennis.com/resources/v7.42.0/i/elements/flags/usa.svg,Round of 32,W,"6-1, 6-7 (5), 7-6 (7)",https://www.wtatennis.com/players/312389/kimberly-couts,False,False,False,False,True,True,True,3,True,33,19,14,US,USA,840,019,America,Northern America,USA,"6,1,None|6,7,5|7,6,7"
4,"Itf/Usta $25,000",https://www.wtatennis.com/resources/v7.42.0/i/elements/itf.png,,ITF,Clay,https://www.wtatennis.com/resources/v7.42.0/i/elements/itf.png,2010-04-12,2010-04-18,2010,4,Osprey,USA,,,,,,United States of America|America|USA|US,,,Florida,660.0,Q,,686.0,32M/32Q/16D,"Itf/Usta $25,000",,Brittany Augustine,,https://www.wtatennis.com/resources/v7.42.0/i/elements/flags/usa.svg,Qualifying R2 Qual. R2,W,"6-3, 6-3",https://www.wtatennis.com/players/313838/brittany-augustine,False,False,False,False,False,False,False,2,True,18,12,6,US,USA,840,019,America,Northern America,USA,"6,3,None|6,3,None"
5,"Itf/Usta $25,000",https://www.wtatennis.com/resources/v7.42.0/i/elements/itf.png,,ITF,Clay,https://www.wtatennis.com/resources/v7.42.0/i/elements/itf.png,2010-04-12,2010-04-18,2010,4,Osprey,BRA,,,,,,,,,Florida,632.0,Q,,686.0,32M/32Q/16D,"Itf/Usta $25,000",,Natalia Cheng,,https://www.wtatennis.com/resources/v7.42.0/i/elements/flags/bra.svg,Qualifying R1 Qual. R1,W,"6-1, 6-2",https://www.wtatennis.com/players/314875/natalia-cheng,False,False,False,False,False,False,False,2,True,15,12,3,BR,BRA,076,019,America,Eastern South America,BRA,"6,1,None|6,2,None"
1,"Itf/Usta $25,000",https://www.wtatennis.com/resources/v7.42.0/i/elements/itf.png,,ITF,Clay,https://www.wtatennis.com/resources/v7.42.0/i/elements/itf.png,2010-04-05,2010-04-11,2010,4,Jackson,USA,,,,,,United States of America|America|USA|US,,,Mississippi,,,,68.0,32M/32Q/16D,"Itf/Usta $25,000",,Ahsha Rolle,9.0,https://www.wtatennis.com/resources/v7.42.0/i/elements/flags/usa.svg,Qualifying R1 Qual. R1,L,"2-6, 2-6",https://www.wtatennis.com/players/310210/ahsha-rolle,False,False,False,False,False,False,False,2,False,16,4,12,US,USA,840,019,America,Northern America,USA,"2,6,None|2,6,None"
1,Itf $25000,https://www.wtatennis.com/resources/v7.42.0/i/elements/itf.png,,ITF,Hard,https://www.wtatennis.com/resources/v7.42.0/i/elements/itf.png,2010-02-01,2010-02-07,2010,2,Burnie,JPN,,AU,AUS,036,009,,Oceania,Australasia,AUS,250.0,Q,,294.0,32M/32Q/16D,Itf $25000,,Erika Sema,6.0,https://www.wtatennis.com/resources/v7.42.0/i/elements/flags/jpn.svg,Round of 32,L,"5-7, 4-6",https://www.wtatennis.com/players/311832/erika-sema,False,False,False,False,False,False,False,2,False,22,9,13,JP,JPN,392,142,Asia,East Asia,JPN,"5,7,None|4,6,None"
2,Itf $25000,https://www.wtatennis.com/resources/v7.42.0/i/elements/itf.png,,ITF,Hard,https://www.wtatennis.com/resources/v7.42.0/i/elements/itf.png,2010-02-01,2010-02-07,2010,2,Burnie,AUS,,AU,AUS,036,009,,Oceania,Australasia,AUS,660.0,Q,,294.0,32M/32Q/16D,Itf $25000,,Hayley Ericksen,3.0,https://www.wtatennis.com/resources/v7.42.0/i/elements/flags/aus.svg,Qualifying R2 Qual. R2,W,"6-3, 6-3",https://www.wtatennis.com/players/313944/hayley-ericksen,False,False,False,False,False,False,False,2,True,18,12,6,AU,AUS,036,009,Oceania,Australasia,AUS,"6,3,None|6,3,None"
3,Itf $25000,https://www.wtatennis.com/resources/v7.42.0/i/elements/itf.png,,ITF,Hard,https://www.wtatennis.com/resources/v7.42.0/i/elements/itf.png,2010-02-01,2010-02-07,2010,2,Burnie,CHN,,AU,AUS,036,009,,Oceania,Australasia,AUS,,Q,,294.0,32M/32Q/16D,Itf $25000,,Min Liu,,https://www.wtatennis.com/resources/v7.42.0/i/elements/flags/chn.svg,Qualifying R1 Qual. R1,W,"2-6, 6-3, 6-4",https://www.wtatennis.com/players/316191/min-liu,False,False,False,False,False,False,False,3,False,27,14,13,CN,CHN,156,142,Asia,East Asia,CHN,"2,6,None|6,3,None|6,4,None"
1,Rogers Cup,,https://www.wtatennis.com/tournaments/806/montreal/2009,Premier 5,Hard,https://www.wtatennis.com/resources/v7.42.0/i/elements/1000k-tag.svg,2009-08-17,2009-08-23,2009,8,,UKR,,CA,CAN,124,019,,America,Northern America,CAN,64.0,W,1.0,1000.0,64M/64Q/32D,Rogers Cup,,Kateryna Volodko,19.0,https://www.wtatennis.com/resources/v7.42.0/i/elements/flags/ukr.svg,Qualifying R1 Qual. R1,L,"2-6, 0-6",https://www.wtatennis.com/players/20702/kateryna-volodko,False,False,False,False,False,False,False,2,False,14,2,12,UA,UKR,804,150,Europe,Eastern Europe,UKR,"2,6,None|0,6,None"
1,"Itf/Tennis Europe $10,000",https://www.wtatennis.com/resources/v7.42.0/i/elements/itf.png,,ITF,Hard,https://www.wtatennis.com/resources/v7.42.0/i/elements/itf.png,2009-06-01,2009-06-07,2009,6,Amarante,CAN,,PT,PRT,620,150,,Europe,Southern Europe,POR,758.0,Q,,196.0,32M/8Q/16D,"Itf/Tennis Europe $10,000",,Melanie Gloria,,https://www.wtatennis.com/resources/v7.42.0/i/elements/flags/can.svg,Round of 16,L,"3-6, 7-6 (5), 1-6",https://www.wtatennis.com/players/310892/melanie-gloria,False,False,False,False,True,False,True,3,False,29,11,18,CA,CAN,124,019,America,Northern America,CAN,"3,6,None|7,6,5|1,6,None"
2,"Itf/Tennis Europe $10,000",https://www.wtatennis.com/resources/v7.42.0/i/elements/itf.png,,ITF,Hard,https://www.wtatennis.com/resources/v7.42.0/i/elements/itf.png,2009-06-01,2009-06-07,2009,6,Amarante,MEX,,PT,PRT,620,150,United States of Mexico|United Mexican States,Europe,Southern Europe,POR,9999.0,Q,,196.0,32M/8Q/16D,"Itf/Tennis Europe $10,000",,Nadia Abdala,,https://www.wtatennis.com/resources/v7.42.0/i/elements/flags/mex.svg,Round of 32,W,"6-0, 6-1",https://www.wtatennis.com/players/312734/nadia-abdala,False,False,False,False,False,False,False,2,True,13,12,1,MX,MEX,484,019,America,Central America,MEX,"6,0,None|6,1,None"
1,"Itf/Tennis Europe $10,000",https://www.wtatennis.com/resources/v7.42.0/i/elements/itf.png,,ITF,Clay,https://www.wtatennis.com/resources/v7.42.0/i/elements/itf.png,2009-05-25,2009-05-31,2009,5,Tortosa,GER,,ES,ESP,724,150,,Europe,Southern Europe,ESP,330.0,,,196.0,32M/8Q/16D,"Itf/Tennis Europe $10,000",,Justine Ozga,2.0,https://www.wtatennis.com/resources/v7.42.0/i/elements/flags/ger.svg,Round of 16,L,Walkover,https://www.wtatennis.com/players/311752/justine-ozga,False,True,False,False,False,False,False,0,False,0,0,0,DE,DEU,276,150,Europe,Central Europe,GER,
2,"Itf/Tennis Europe $10,000",https://www.wtatennis.com/resources/v7.42.0/i/elements/itf.png,,ITF,Clay,https://www.wtatennis.com/resources/v7.42.0/i/elements/itf.png,2009-05-25,2009-05-31,2009,5,Tortosa,ESP,,ES,ESP,724,150,Kingdom of Spain,Europe,Southern Europe,ESP,,,,196.0,32M/8Q/16D,"Itf/Tennis Europe $10,000",,Andrea Medina Tomas,,https://www.wtatennis.com/resources/v7.42.0/i/elements/flags/esp.svg,Round of 32,W,"6-3, 6-1",https://www.wtatennis.com/players/317195/andrea-medina-tomas,False,False,False,False,False,False,False,2,True,16,12,4,ES,ESP,724,150,Europe,Southern Europe,ESP,"6,3,None|6,1,None"
1,"Itf/Tennis Europe $10,000",https://www.wtatennis.com/resources/v7.42.0/i/elements/itf.png,,ITF,Clay,https://www.wtatennis.com/resources/v7.42.0/i/elements/itf.png,2009-05-11,2009-05-17,2009,5,Caserta,ITA,,IT,ITA,380,150,,Europe,Southern Europe,ITA,397.0,,,196.0,32M/8Q/16D,"Itf/Tennis Europe $10,000",,Alexia Virgili,5.0,https://www.wtatennis.com/resources/v7.42.0/i/elements/flags/ita.svg,Round of 16,L,"6-4, 2-6, 3-6",https://www.wtatennis.com/players/310244/alexia-virgili,False,False,False,False,False,False,False,3,True,27,11,16,IT,ITA,380,150,Europe,Southern Europe,ITA,"6,4,None|2,6,None|3,6,None"
2,"Itf/Tennis Europe $10,000",https://www.wtatennis.com/resources/v7.42.0/i/elements/itf.png,,ITF,Clay,https://www.wtatennis.com/resources/v7.42.0/i/elements/itf.png,2009-05-11,2009-05-17,2009,5,Caserta,ITA,,IT,ITA,380,150,,Europe,Southern Europe,ITA,798.0,,,196.0,32M/8Q/16D,"Itf/Tennis Europe $10,000",,Federica Grazioso,,https://www.wtatennis.com/resources/v7.42.0/i/elements/flags/ita.svg,Round of 32,W,"6-4, 7-6 (9)",https://www.wtatennis.com/players/313026/federica-grazioso,False,False,False,False,True,False,True,2,True,23,13,10,IT,ITA,380,150,Europe,Southern Europe,ITA,"6,4,None|7,6,9"
1,"Itf $50,000",https://www.wtatennis.com/resources/v7.42.0/i/elements/itf.png,,ITF,Hard,https://www.wtatennis.com/resources/v7.42.0/i/elements/itf.png,2008-10-20,2008-10-26,2008,10,Saguenay,GER,,CA,CAN,124,019,,America,Northern America,CAN,244.0,W,,475.0,32M/32Q/16D,"Itf $50,000",,Carmen Klaschka,,https://www.wtatennis.com/resources/v7.42.0/i/elements/flags/ger.svg,Round of 32,L,"1-6, 0-6",https://www.wtatennis.com/players/311649/carmen-klaschka,False,False,False,False,False,False,False,2,False,13,1,12,DE,DEU,276,150,Europe,Central Europe,GER,"1,6,None|0,6,None"
1,"Itf/Usta $10,000",https://www.wtatennis.com/resources/v7.42.0/i/elements/itf.png,,ITF,Hard,https://www.wtatennis.com/resources/v7.42.0/i/elements/itf.png,2008-10-06,2008-10-12,2008,10,Southlake,USA,,,,,,United States of America|America|USA|US,,,Texas,,Q,,98.0,32M/8Q/16D,"Itf/Usta $10,000",,Nicole Bartnik,,https://www.wtatennis.com/resources/v7.42.0/i/elements/flags/usa.svg,Round of 32,L,"3-6, 0-6",https://www.wtatennis.com/players/314287/nicole-bartnik,False,False,False,False,False,False,False,2,False,15,3,12,US,USA,840,019,America,Northern America,USA,"3,6,None|0,6,None"
1,Rogers Cup Presented By National Bank,https://www.wtatennis.com/resources/v7.42.0/i/elements/itf.png,,ITF,Hard,https://www.wtatennis.com/resources/v7.42.0/i/elements/itf.png,2008-07-28,2008-08-03,2008,7,Montreal,USA,,CA,CAN,124,019,United States of America|America|USA|US,America,Northern America,CAN,166.0,W,1.0,865.0,64M/64Q/32D,Rogers Cup Presented By National Bank,,Abigail Spears,17.0,https://www.wtatennis.com/resources/v7.42.0/i/elements/flags/usa.svg,Qualifying R1 Qual. R1,L,"3-6, 4-6",https://www.wtatennis.com/players/190771/abigail-spears,False,False,False,False,False,False,False,2,False,19,7,12,US,USA,840,019,America,Northern America,USA,"3,6,None|4,6,None"
1,"Itf $25,000",https://www.wtatennis.com/resources/v7.42.0/i/elements/itf.png,,ITF,Clay,https://www.wtatennis.com/resources/v7.42.0/i/elements/itf.png,2008-06-30,2008-06-06,2008,6,Waterloo,CAN,,CA,CAN,124,019,,America,Northern America,CAN,,W,,294.0,32M/32Q/16D,"Itf $25,000",,Sonja Molnar,,https://www.wtatennis.com/resources/v7.42.0/i/elements/flags/can.svg,Round of 32,L,"6-7 (2), 0-6",https://www.wtatennis.com/players/316323/sonja-molnar,False,False,False,True,False,False,True,2,False,19,6,13,CA,CAN,124,019,America,Northern America,CAN,"6,7,2|0,6,None"
1,"Itf/Usta $10,000",https://www.wtatennis.com/resources/v7.42.0/i/elements/itf.png,,ITF,Hard,https://www.wtatennis.com/resources/v7.42.0/i/elements/itf.png,2008-05-26,2008-06-01,2008,5,Sumter,USA,,,,,,United States of America|America|USA|US,,,South Carolina,,Q,,98.0,32M/8Q/16D,"Itf/Usta $10,000",,Grace Min,,https://www.wtatennis.com/resources/v7.42.0/i/elements/flags/usa.svg,Round of 32,L,"0-6, 3-6",https://www.wtatennis.com/players/316157/grace-min,False,False,False,False,False,False,False,2,False,15,3,12,US,USA,840,019,America,Northern America,USA,"0,6,None|3,6,None"
