id,title,logo,url,level,surface,level_logo,start_date,end_date,year,month,city,country,state,tour_code_alpha_2,tour_code_alpha_3,tour_country_code_m49,tour_region_code,alternative_name,tour_region,tour_subregion,tour_fifa,rank,points_gain,prize_money,draw,name,seed,flag,round,win_loss,score,url_profile,retired,walkover,bye,first_set_tiebreak,second_set_tiebreak,third_set_tiebreak,has_tiebreak,number_of_sets,first_set_won,total_games,winner_games,loser_games,code_alpha_2,code_alpha_3,country_code_m49,region_code,region,subregion,fifa,splitted_score,entry_type
1,Internazionali BNL d'Italia,https://photoresources.wtatennis.com/photo-resources/2026/04/16/2c058ad8-b3d8-49a9-a863-85d7b87a6783/WTA-Tournament_Rome-2018.png?height=128,https://www.wtatennis.com/tournaments/rome,WTA 1000,Clay,https://www.wtatennis.com/resources/v7.42.0/i/elements/1000k-tag.svg,2026-05-05,2026-05-17,2026,5,Rome,UKR,,IT,ITA,380,150,,Europe,Southern Europe,ITA,10.0,650.0,564920.0,128M/48Q/32D,Elina Svitolina,7.0,https://www.wtatennis.com/resources/v7.42.0/i/elements/flags/ukr.svg,Finals,L,"4-6, 7-6 (3), 2-6",https://www.wtatennis.com/players/316738/elina-svitolina,False,False,False,False,True,False,True,3,False,31,13,18,UA,UKR,804,150,Europe,Eastern Europe,UKR,"4,6,None|7,6,3|2,6,None",
2,Internazionali BNL d'Italia,https://photoresources.wtatennis.com/photo-resources/2026/04/16/2c058ad8-b3d8-49a9-a863-85d7b87a6783/WTA-Tournament_Rome-2018.png?height=128,https://www.wtatennis.com/tournaments/rome,WTA 1000,Clay,https://www.wtatennis.com/resources/v7.42.0/i/elements/1000k-tag.svg,2026-05-05,2026-05-17,2026,5,Rome,ROU,,IT,ITA,380,150,,Europe,Southern Europe,ITA,27.0,650.0,564920.0,128M/48Q/32D,Sorana Cirstea,26.0,https://www.wtatennis.com/resources/v7.42.0/i/elements/flags/rou.svg,Semifinals,W,"6-4, 6-3",https://www.wtatennis.com/players/312469/sorana-cirstea,False,False,False,False,False,False,False,2,True,19,12,7,RO,ROU,642,150,Europe,Southeastern Europe,ROU,"6,4,None|6,3,None",
3,Internazionali BNL d'Italia,https://photoresources.wtatennis.com/photo-resources/2026/04/16/2c058ad8-b3d8-49a9-a863-85d7b87a6783/WTA-Tournament_Rome-2018.png?height=128,https://www.wtatennis.com/tournaments/rome,WTA 1000,Clay,https://www.wtatennis.com/resources/v7.42.0/i/elements/1000k-tag.svg,2026-05-05,2026-05-17,2026,5,Rome,RUS,,IT,ITA,380,150,,Europe,Southern Europe,ITA,7.0,650.0,564920.0,128M/48Q/32D,Mirra Andreeva,8.0,https://www.wtatennis.com/resources/v7.42.0/i/elements/flags/rus.svg,Quarterfinals,W,"4-6, 6-2, 6-4",https://www.wtatennis.com/players/331809/mirra-andreeva,False,False,False,False,False,False,False,3,False,28,16,12,RU,RUS,643,150,Europe,Eastern Europe,RUS,"4,6,None|6,2,None|6,4,None",
4,Internazionali BNL d'Italia,https://photoresources.wtatennis.com/photo-resources/2026/04/16/2c058ad8-b3d8-49a9-a863-85d7b87a6783/WTA-Tournament_Rome-2018.png?height=128,https://www.wtatennis.com/tournaments/rome,WTA 1000,Clay,https://www.wtatennis.com/resources/v7.42.0/i/elements/1000k-tag.svg,2026-05-05,2026-05-17,2026,5,Rome,USA,,IT,ITA,380,150,America|USA|US,Europe,Southern Europe,ITA,17.0,650.0,564920.0,128M/48Q/32D,Iva Jovic,16.0,https://www.wtatennis.com/resources/v7.42.0/i/elements/flags/usa.svg,Round of 16,W,"5-7, 7-5, 6-2",https://www.wtatennis.com/players/332285/iva-jovic,False,False,False,False,False,False,False,3,False,32,18,14,US,USA,840,019,America,Northern America,USA,"5,7,None|7,5,None|6,2,None",
5,Internazionali BNL d'Italia,https://photoresources.wtatennis.com/photo-resources/2026/04/16/2c058ad8-b3d8-49a9-a863-85d7b87a6783/WTA-Tournament_Rome-2018.png?height=128,https://www.wtatennis.com/tournaments/rome,WTA 1000,Clay,https://www.wtatennis.com/resources/v7.42.0/i/elements/1000k-tag.svg,2026-05-05,2026-05-17,2026,5,Rome,ARG,,IT,ITA,380,150,,Europe,Southern Europe,ITA,72.0,650.0,564920.0,128M/48Q/32D,Solana Sierra,,https://www.wtatennis.com/resources/v7.42.0/i/elements/flags/arg.svg,Round of 32,W,"5-7, 6-0, 6-4",https://www.wtatennis.com/players/329081/solana-sierra,False,False,False,False,False,False,False,3,False,28,17,11,AR,ARG,032,019,America,Southern South America,ARG,"5,7,None|6,0,None|6,4,None",
6,Internazionali BNL d'Italia,https://photoresources.wtatennis.com/photo-resources/2026/04/16/2c058ad8-b3d8-49a9-a863-85d7b87a6783/WTA-Tournament_Rome-2018.png?height=128,https://www.wtatennis.com/tournaments/rome,WTA 1000,Clay,https://www.wtatennis.com/resources/v7.42.0/i/elements/1000k-tag.svg,2026-05-05,2026-05-17,2026,5,Rome,CZE,,IT,ITA,380,150,,Europe,Southern Europe,ITA,48.0,650.0,564920.0,128M/48Q/32D,Tereza Valentova,,https://www.wtatennis.com/resources/v7.42.0/i/elements/flags/cze.svg,Round of 64,W,"6-3, 6-4",https://www.wtatennis.com/players/330808/tereza-valentova,False,False,False,False,False,False,False,2,True,19,12,7,CZ,CZE,203,150,Europe,Central Europe,CZE,"6,3,None|6,4,None",
7,Internazionali BNL d'Italia,https://photoresources.wtatennis.com/photo-resources/2026/04/16/2c058ad8-b3d8-49a9-a863-85d7b87a6783/WTA-Tournament_Rome-2018.png?height=128,https://www.wtatennis.com/tournaments/rome,WTA 1000,Clay,https://www.wtatennis.com/resources/v7.42.0/i/elements/1000k-tag.svg,2026-05-05,2026-05-17,2026,5,Rome,,,IT,ITA,380,150,,Europe,Southern Europe,ITA,,650.0,564920.0,128M/48Q/32D,,,,Round of 128,,Bye,,False,False,True,False,False,False,False,0,False,0,0,0,,,,,,,,,
1,Mutua Madrid Open,https://photoresources.wtatennis.com/photo-resources/2026/04/16/46f056ec-5c74-4159-bc35-97ca4c015c80/WTA-Tournament_Madrid-2023.png?height=128,https://www.wtatennis.com/tournaments/madrid-open,WTA 1000,Clay,https://www.wtatennis.com/resources/v7.42.0/i/elements/1000k-tag.svg,2026-04-21,2026-05-03,2026,4,Madrid,CZE,,ES,ESP,724,150,,Europe,Southern Europe,ESP,13.0,120.0,92470.0,128M/48Q/32D,Linda Noskova,13.0,https://www.wtatennis.com/resources/v7.42.0/i/elements/flags/cze.svg,Round of 16,L,"4-6, 6-1, 6-7 (5)",https://www.wtatennis.com/players/329668/linda-noskova,False,False,False,False,False,True,True,3,False,30,16,14,CZ,CZE,203,150,Europe,Central Europe,CZE,"4,6,None|6,1,None|6,7,5",
2,Mutua Madrid Open,https://photoresources.wtatennis.com/photo-resources/2026/04/16/46f056ec-5c74-4159-bc35-97ca4c015c80/WTA-Tournament_Madrid-2023.png?height=128,https://www.wtatennis.com/tournaments/madrid-open,WTA 1000,Clay,https://www.wtatennis.com/resources/v7.42.0/i/elements/1000k-tag.svg,2026-04-21,2026-05-03,2026,4,Madrid,ROU,,ES,ESP,724,150,,Europe,Southern Europe,ESP,26.0,120.0,92470.0,128M/48Q/32D,Sorana Cirstea,25.0,https://www.wtatennis.com/resources/v7.42.0/i/elements/flags/rou.svg,Round of 32,W,"4-6, 7-5, 6-1",https://www.wtatennis.com/players/312469/sorana-cirstea,False,False,False,False,False,False,False,3,False,29,17,12,RO,ROU,642,150,Europe,Southeastern Europe,ROU,"4,6,None|7,5,None|6,1,None",
3,Mutua Madrid Open,https://photoresources.wtatennis.com/photo-resources/2026/04/16/46f056ec-5c74-4159-bc35-97ca4c015c80/WTA-Tournament_Madrid-2023.png?height=128,https://www.wtatennis.com/tournaments/madrid-open,WTA 1000,Clay,https://www.wtatennis.com/resources/v7.42.0/i/elements/1000k-tag.svg,2026-04-21,2026-05-03,2026,4,Madrid,FRA,,ES,ESP,724,150,,Europe,Southern Europe,ESP,126.0,120.0,92470.0,128M/48Q/32D,Leolia Jeanjean,,https://www.wtatennis.com/resources/v7.42.0/i/elements/flags/fra.svg,Round of 64,W,"6-3, 6-0",https://www.wtatennis.com/players/320313/leolia-jeanjean,False,False,False,False,False,False,False,2,True,15,12,3,FR,FRA,250,150,Europe,Western Europe,FRA,"6,3,None|6,0,None",
4,Mutua Madrid Open,https://photoresources.wtatennis.com/photo-resources/2026/04/16/46f056ec-5c74-4159-bc35-97ca4c015c80/WTA-Tournament_Madrid-2023.png?height=128,https://www.wtatennis.com/tournaments/madrid-open,WTA 1000,Clay,https://www.wtatennis.com/resources/v7.42.0/i/elements/1000k-tag.svg,2026-04-21,2026-05-03,2026,4,Madrid,,,ES,ESP,724,150,,Europe,Southern Europe,ESP,,120.0,92470.0,128M/48Q/32D,,,,Round of 128,,Bye,,False,False,True,False,False,False,False,0,False,0,0,0,,,,,,,,,
1,Porsche Tennis Grand Prix,https://photoresources.wtatennis.com/photo-resources/2026/04/16/853dd66d-3c70-40ab-9215-4a22158de24a/WTA-Tournament_Stuttgart-2017.png?height=128,https://www.wtatennis.com/tournaments/1051/stuttgart/2026,WTA 500,Clay,https://www.wtatennis.com/resources/v7.42.0/i/elements/500k-tag.svg,2026-04-13,2026-04-19,2026,4,Stuttgart,CZE,,DE,DEU,276,150,,Europe,Central Europe,GER,12.0,108.0,35000.0,32M/16Q/16D,Karolina Muchova,7.0,https://www.wtatennis.com/resources/v7.42.0/i/elements/flags/cze.svg,Quarterfinals,L,"3-6, 7-5, 3-6",https://www.wtatennis.com/players/322191/karolina-muchova,False,False,False,False,False,False,False,3,False,30,13,17,CZ,CZE,203,150,Europe,Central Europe,CZE,"3,6,None|7,5,None|3,6,None",
2,Porsche Tennis Grand Prix,https://photoresources.wtatennis.com/photo-resources/2026/04/16/853dd66d-3c70-40ab-9215-4a22158de24a/WTA-Tournament_Stuttgart-2017.png?height=128,https://www.wtatennis.com/tournaments/1051/stuttgart/2026,WTA 500,Clay,https://www.wtatennis.com/resources/v7.42.0/i/elements/500k-tag.svg,2026-04-13,2026-04-19,2026,4,Stuttgart,RUS,,DE,DEU,276,150,,Europe,Central Europe,GER,21.0,108.0,35000.0,32M/16Q/16D,Liudmila Samsonova,,https://www.wtatennis.com/resources/v7.42.0/i/elements/flags/rus.svg,Round of 16,W,"7-5, 6-1",https://www.wtatennis.com/players/322222/liudmila-samsonova,False,False,False,False,False,False,False,2,True,19,13,6,RU,RUS,643,150,Europe,Eastern Europe,RUS,"7,5,None|6,1,None",
3,Porsche Tennis Grand Prix,https://photoresources.wtatennis.com/photo-resources/2026/04/16/853dd66d-3c70-40ab-9215-4a22158de24a/WTA-Tournament_Stuttgart-2017.png?height=128,https://www.wtatennis.com/tournaments/1051/stuttgart/2026,WTA 500,Clay,https://www.wtatennis.com/resources/v7.42.0/i/elements/500k-tag.svg,2026-04-13,2026-04-19,2026,4,Stuttgart,,,DE,DEU,276,150,,Europe,Central Europe,GER,,108.0,35000.0,32M/16Q/16D,,,,Round of 32,,Bye,,False,False,True,False,False,False,False,0,False,0,0,0,,,,,,,,,
1,Miami Open presented by Itaú,https://photoresources.wtatennis.com/photo-resources/2026/04/16/e0f2d5a2-cc05-4b2a-8377-f57edf6eaaa2/WTA-Tournament_Miami-2024.png?height=128,https://www.wtatennis.com/tournaments/miami-open,WTA 1000,Hard,https://www.wtatennis.com/resources/v7.42.0/i/elements/1000k-tag.svg,2026-03-17,2026-03-29,2026,3,,BLR,,,,,,,,,United States of America,1.0,650.0,612340.0,128M/48Q/32D,Aryna Sabalenka,1.0,https://www.wtatennis.com/resources/v7.42.0/i/elements/flags/blr.svg,Finals,L,"2-6, 6-4, 3-6",https://www.wtatennis.com/players/320760/aryna-sabalenka,False,False,False,False,False,False,False,3,False,27,11,16,BY,BLR,112,150,Europe,Eastern Europe,BLR,"2,6,None|6,4,None|3,6,None",
2,Miami Open presented by Itaú,https://photoresources.wtatennis.com/photo-resources/2026/04/16/e0f2d5a2-cc05-4b2a-8377-f57edf6eaaa2/WTA-Tournament_Miami-2024.png?height=128,https://www.wtatennis.com/tournaments/miami-open,WTA 1000,Hard,https://www.wtatennis.com/resources/v7.42.0/i/elements/1000k-tag.svg,2026-03-17,2026-03-29,2026,3,,CZE,,,,,,,,,United States of America,14.0,650.0,612340.0,128M/48Q/32D,Karolina Muchova,13.0,https://www.wtatennis.com/resources/v7.42.0/i/elements/flags/cze.svg,Semifinals,W,"6-1, 6-1",https://www.wtatennis.com/players/322191/karolina-muchova,False,False,False,False,False,False,False,2,True,14,12,2,CZ,CZE,203,150,Europe,Central Europe,CZE,"6,1,None|6,1,None",
3,Miami Open presented by Itaú,https://photoresources.wtatennis.com/photo-resources/2026/04/16/e0f2d5a2-cc05-4b2a-8377-f57edf6eaaa2/WTA-Tournament_Miami-2024.png?height=128,https://www.wtatennis.com/tournaments/miami-open,WTA 1000,Hard,https://www.wtatennis.com/resources/v7.42.0/i/elements/1000k-tag.svg,2026-03-17,2026-03-29,2026,3,,SUI,,,,,,,,,United States of America,12.0,650.0,612340.0,128M/48Q/32D,Belinda Bencic,12.0,https://www.wtatennis.com/resources/v7.42.0/i/elements/flags/sui.svg,Quarterfinals,W,"6-3, 1-6, 6-3",https://www.wtatennis.com/players/319001/belinda-bencic,False,False,False,False,False,False,False,3,True,25,13,12,CH,CHE,756,150,Europe,Central Europe,SUI,"6,3,None|1,6,None|6,3,None",
4,Miami Open presented by Itaú,https://photoresources.wtatennis.com/photo-resources/2026/04/16/e0f2d5a2-cc05-4b2a-8377-f57edf6eaaa2/WTA-Tournament_Miami-2024.png?height=128,https://www.wtatennis.com/tournaments/miami-open,WTA 1000,Hard,https://www.wtatennis.com/resources/v7.42.0/i/elements/1000k-tag.svg,2026-03-17,2026-03-29,2026,3,,ROU,,,,,,,,,United States of America,35.0,650.0,612340.0,128M/48Q/32D,Sorana Cirstea,,https://www.wtatennis.com/resources/v7.42.0/i/elements/flags/rou.svg,Round of 16,W,"6-4, 3-6, 6-2",https://www.wtatennis.com/players/312469/sorana-cirstea,False,False,False,False,False,False,False,3,True,27,15,12,RO,ROU,642,150,Europe,Southeastern Europe,ROU,"6,4,None|3,6,None|6,2,None",
5,Miami Open presented by Itaú,https://photoresources.wtatennis.com/photo-resources/2026/04/16/e0f2d5a2-cc05-4b2a-8377-f57edf6eaaa2/WTA-Tournament_Miami-2024.png?height=128,https://www.wtatennis.com/tournaments/miami-open,WTA 1000,Hard,https://www.wtatennis.com/resources/v7.42.0/i/elements/1000k-tag.svg,2026-03-17,2026-03-29,2026,3,,USA,,,,,,America|USA|US,,,United States of America,105.0,650.0,612340.0,128M/48Q/32D,Alycia Parks,,https://www.wtatennis.com/resources/v7.42.0/i/elements/flags/usa.svg,Round of 32,W,"3-6, 6-0, 6-1",https://www.wtatennis.com/players/326007/alycia-parks,False,False,False,False,False,False,False,3,False,22,15,7,US,USA,840,019,America,Northern America,USA,"3,6,None|6,0,None|6,1,None",
6,Miami Open presented by Itaú,https://photoresources.wtatennis.com/photo-resources/2026/04/16/e0f2d5a2-cc05-4b2a-8377-f57edf6eaaa2/WTA-Tournament_Miami-2024.png?height=128,https://www.wtatennis.com/tournaments/miami-open,WTA 1000,Hard,https://www.wtatennis.com/resources/v7.42.0/i/elements/1000k-tag.svg,2026-03-17,2026-03-29,2026,3,,ITA,,,,,,,,,United States of America,44.0,650.0,612340.0,128M/48Q/32D,Elisabetta Cocciaretto,,https://www.wtatennis.com/resources/v7.42.0/i/elements/flags/ita.svg,Round of 64,W,"3-6, 6-4, 6-3",https://www.wtatennis.com/players/327909/elisabetta-cocciaretto,False,False,False,False,False,False,False,3,False,28,15,13,IT,ITA,380,150,Europe,Southern Europe,ITA,"3,6,None|6,4,None|6,3,None",
7,Miami Open presented by Itaú,https://photoresources.wtatennis.com/photo-resources/2026/04/16/e0f2d5a2-cc05-4b2a-8377-f57edf6eaaa2/WTA-Tournament_Miami-2024.png?height=128,https://www.wtatennis.com/tournaments/miami-open,WTA 1000,Hard,https://www.wtatennis.com/resources/v7.42.0/i/elements/1000k-tag.svg,2026-03-17,2026-03-29,2026,3,,,,,,,,,,,United States of America,,650.0,612340.0,128M/48Q/32D,,,,Round of 128,,Bye,,False,False,True,False,False,False,False,0,False,0,0,0,,,,,,,,,
1,BNP Paribas Open,https://photoresources.wtatennis.com/photo-resources/2026/04/16/a1736320-dd92-4829-8aa8-846c2edef410/WTA-Tournament_Indian-Wells-2017.png?height=128,https://www.wtatennis.com/tournaments/indian-wells,WTA 1000,Hard,https://www.wtatennis.com/resources/v7.42.0/i/elements/1000k-tag.svg,2026-03-04,2026-03-15,2026,3,,PHI,,,,,,,,,United States of America,32.0,65.0,47375.0,128M/48Q/32D,Alexandra Eala,31.0,https://www.wtatennis.com/resources/v7.42.0/i/elements/flags/phi.svg,Round of 32,L,"2-6, 0-2",https://www.wtatennis.com/players/330332/alexandra-eala,True,False,False,False,False,False,False,2,False,10,2,8,PH,PHL,608,142,Asia,Southeast Asia,PHI,"2,6,None|0,2,None|Ret",
2,BNP Paribas Open,https://photoresources.wtatennis.com/photo-resources/2026/04/16/a1736320-dd92-4829-8aa8-846c2edef410/WTA-Tournament_Indian-Wells-2017.png?height=128,https://www.wtatennis.com/tournaments/indian-wells,WTA 1000,Hard,https://www.wtatennis.com/resources/v7.42.0/i/elements/1000k-tag.svg,2026-03-04,2026-03-15,2026,3,,UZB,,,,,,,,,United States of America,88.0,65.0,47375.0,128M/48Q/32D,Kamilla Rakhimova,,https://www.wtatennis.com/resources/v7.42.0/i/elements/flags/uzb.svg,Round of 64,W,"6-3, 7-6 (5)",https://www.wtatennis.com/players/325936/kamilla-rakhimova,False,False,False,False,True,False,True,2,True,22,13,9,UZ,UZB,860,142,Asia,Central Asia,UZB,"6,3,None|7,6,5",
3,BNP Paribas Open,https://photoresources.wtatennis.com/photo-resources/2026/04/16/a1736320-dd92-4829-8aa8-846c2edef410/WTA-Tournament_Indian-Wells-2017.png?height=128,https://www.wtatennis.com/tournaments/indian-wells,WTA 1000,Hard,https://www.wtatennis.com/resources/v7.42.0/i/elements/1000k-tag.svg,2026-03-04,2026-03-15,2026,3,,,,,,,,,,,United States of America,,65.0,47375.0,128M/48Q/32D,,,,Round of 128,,Bye,,False,False,True,False,False,False,False,0,False,0,0,0,,,,,,,,,
1,Dubai Duty Free Tennis Championships,https://photoresources.wtatennis.com/photo-resources/2026/04/16/2aee9d91-0756-4a92-b0bb-09b8d0dd8d76/WTA-Tournament_Dubai-2017.png?height=128,https://www.wtatennis.com/tournaments/dubai,WTA 1000,Hard,https://www.wtatennis.com/resources/v7.42.0/i/elements/1000k-tag.svg,2026-02-15,2026-02-21,2026,2,Dubai,UKR,,AE,ARE,784,142,,Asia,Western Asia,UAE,9.0,390.0,197000.0,64M/32Q/32D,Elina Svitolina,7.0,https://www.wtatennis.com/resources/v7.42.0/i/elements/flags/ukr.svg,Semifinals,L,"4-6, 7-6 (13), 4-6",https://www.wtatennis.com/players/316738/elina-svitolina,False,False,False,False,True,False,True,3,False,33,15,18,UA,UKR,804,150,Europe,Eastern Europe,UKR,"4,6,None|7,6,13|4,6,None",
2,Dubai Duty Free Tennis Championships,https://photoresources.wtatennis.com/photo-resources/2026/04/16/2aee9d91-0756-4a92-b0bb-09b8d0dd8d76/WTA-Tournament_Dubai-2017.png?height=128,https://www.wtatennis.com/tournaments/dubai,WTA 1000,Hard,https://www.wtatennis.com/resources/v7.42.0/i/elements/1000k-tag.svg,2026-02-15,2026-02-21,2026,2,Dubai,PHI,,AE,ARE,784,142,,Asia,Western Asia,UAE,47.0,390.0,197000.0,64M/32Q/32D,Alexandra Eala,,https://www.wtatennis.com/resources/v7.42.0/i/elements/flags/phi.svg,Quarterfinals,W,"6-0, 6-2",https://www.wtatennis.com/players/330332/alexandra-eala,False,False,False,False,False,False,False,2,True,14,12,2,PH,PHL,608,142,Asia,Southeast Asia,PHI,"6,0,None|6,2,None",
3,Dubai Duty Free Tennis Championships,https://photoresources.wtatennis.com/photo-resources/2026/04/16/2aee9d91-0756-4a92-b0bb-09b8d0dd8d76/WTA-Tournament_Dubai-2017.png?height=128,https://www.wtatennis.com/tournaments/dubai,WTA 1000,Hard,https://www.wtatennis.com/resources/v7.42.0/i/elements/1000k-tag.svg,2026-02-15,2026-02-21,2026,2,Dubai,BEL,,AE,ARE,784,142,,Asia,Western Asia,UAE,22.0,390.0,197000.0,64M/32Q/32D,Elise Mertens,,https://www.wtatennis.com/resources/v7.42.0/i/elements/flags/bel.svg,Round of 16,W,"2-6, 7-6 (9), 6-3",https://www.wtatennis.com/players/317964/elise-mertens,False,False,False,False,True,False,True,3,False,30,15,15,BE,BEL,056,150,Europe,Western Europe,BEL,"2,6,None|7,6,9|6,3,None",
4,Dubai Duty Free Tennis Championships,https://photoresources.wtatennis.com/photo-resources/2026/04/16/2aee9d91-0756-4a92-b0bb-09b8d0dd8d76/WTA-Tournament_Dubai-2017.png?height=128,https://www.wtatennis.com/tournaments/dubai,WTA 1000,Hard,https://www.wtatennis.com/resources/v7.42.0/i/elements/1000k-tag.svg,2026-02-15,2026-02-21,2026,2,Dubai,RUS,,AE,ARE,784,142,,Asia,Western Asia,UAE,23.0,390.0,197000.0,64M/32Q/32D,Anna Kalinskaya,,https://www.wtatennis.com/resources/v7.42.0/i/elements/flags/rus.svg,Round of 32,W,"6-4, 6-4",https://www.wtatennis.com/players/323942/anna-kalinskaya,False,False,False,False,False,False,False,2,True,20,12,8,RU,RUS,643,150,Europe,Eastern Europe,RUS,"6,4,None|6,4,None",
5,Dubai Duty Free Tennis Championships,https://photoresources.wtatennis.com/photo-resources/2026/04/16/2aee9d91-0756-4a92-b0bb-09b8d0dd8d76/WTA-Tournament_Dubai-2017.png?height=128,https://www.wtatennis.com/tournaments/dubai,WTA 1000,Hard,https://www.wtatennis.com/resources/v7.42.0/i/elements/1000k-tag.svg,2026-02-15,2026-02-21,2026,2,Dubai,,,AE,ARE,784,142,,Asia,Western Asia,UAE,,390.0,197000.0,64M/32Q/32D,,,,Round of 64,,Bye,,False,False,True,False,False,False,False,0,False,0,0,0,,,,,,,,,
1,Qatar TotalEnergies Open 2026,https://photoresources.wtatennis.com/photo-resources/2026/04/16/c44d1d24-32ae-4ebe-b5e8-bd228bfb4fc8/1003_Doha_2026.png?height=128,https://www.wtatennis.com/tournaments/doha,WTA 1000,Hard,https://www.wtatennis.com/resources/v7.42.0/i/elements/1000k-tag.svg,2026-02-08,2026-02-14,2026,2,Doha,ITA,,QA,QAT,634,142,,Asia,Western Asia,QAT,57.0,10.0,26000.0,64M/32Q/32D,Elisabetta Cocciaretto,,https://www.wtatennis.com/resources/v7.42.0/i/elements/flags/ita.svg,Round of 32,L,"4-6, 2-6",https://www.wtatennis.com/players/327909/elisabetta-cocciaretto,False,False,False,False,False,False,False,2,False,18,6,12,IT,ITA,380,150,Europe,Southern Europe,ITA,"4,6,None|2,6,None",
2,Qatar TotalEnergies Open 2026,https://photoresources.wtatennis.com/photo-resources/2026/04/16/c44d1d24-32ae-4ebe-b5e8-bd228bfb4fc8/1003_Doha_2026.png?height=128,https://www.wtatennis.com/tournaments/doha,WTA 1000,Hard,https://www.wtatennis.com/resources/v7.42.0/i/elements/1000k-tag.svg,2026-02-08,2026-02-14,2026,2,Doha,,,QA,QAT,634,142,,Asia,Western Asia,QAT,,10.0,26000.0,64M/32Q/32D,,,,Round of 64,,Bye,,False,False,True,False,False,False,False,0,False,0,0,0,,,,,,,,,
1,Australian Open,https://photoresources.wtatennis.com/photo-resources/2026/04/16/6b041ce4-8b08-4fff-be75-89d1c452c157/WTA-Tournament_Australian-Open.png?height=128,https://www.wtatennis.com/tournaments/australian-open,Grand Slam,Hard,https://www.wtatennis.com/resources/v7.42.0/i/elements/gs-tag.svg,2026-01-18,2026-02-01,2026,1,Melbourne,UKR,,AU,AUS,036,009,,Oceania,Australasia,AUS,12.0,430.0,485565.0,128M/128Q/64D,Elina Svitolina,12.0,https://www.wtatennis.com/resources/v7.42.0/i/elements/flags/ukr.svg,Quarterfinals,L,"1-6, 2-6",https://www.wtatennis.com/players/316738/elina-svitolina,False,False,False,False,False,False,False,2,False,15,3,12,UA,UKR,804,150,Europe,Eastern Europe,UKR,"1,6,None|2,6,None",
2,Australian Open,https://photoresources.wtatennis.com/photo-resources/2026/04/16/6b041ce4-8b08-4fff-be75-89d1c452c157/WTA-Tournament_Australian-Open.png?height=128,https://www.wtatennis.com/tournaments/australian-open,Grand Slam,Hard,https://www.wtatennis.com/resources/v7.42.0/i/elements/gs-tag.svg,2026-01-18,2026-02-01,2026,1,Melbourne,CZE,,AU,AUS,036,009,,Oceania,Australasia,AUS,19.0,430.0,485565.0,128M/128Q/64D,Karolina Muchova,19.0,https://www.wtatennis.com/resources/v7.42.0/i/elements/flags/cze.svg,Round of 16,W,"6-1, 3-6, 6-3",https://www.wtatennis.com/players/322191/karolina-muchova,False,False,False,False,False,False,False,3,True,25,15,10,CZ,CZE,203,150,Europe,Central Europe,CZE,"6,1,None|3,6,None|6,3,None",
3,Australian Open,https://photoresources.wtatennis.com/photo-resources/2026/04/16/6b041ce4-8b08-4fff-be75-89d1c452c157/WTA-Tournament_Australian-Open.png?height=128,https://www.wtatennis.com/tournaments/australian-open,Grand Slam,Hard,https://www.wtatennis.com/resources/v7.42.0/i/elements/gs-tag.svg,2026-01-18,2026-02-01,2026,1,Melbourne,USA,,AU,AUS,036,009,America|USA|US,Oceania,Australasia,AUS,70.0,430.0,485565.0,128M/128Q/64D,Hailey Baptiste,,https://www.wtatennis.com/resources/v7.42.0/i/elements/flags/usa.svg,Round of 32,W,"3-6, 6-0, 6-3",https://www.wtatennis.com/players/327101/hailey-baptiste,False,False,False,False,False,False,False,3,False,24,15,9,US,USA,840,019,America,Northern America,USA,"3,6,None|6,0,None|6,3,None",
4,Australian Open,https://photoresources.wtatennis.com/photo-resources/2026/04/16/6b041ce4-8b08-4fff-be75-89d1c452c157/WTA-Tournament_Australian-Open.png?height=128,https://www.wtatennis.com/tournaments/australian-open,Grand Slam,Hard,https://www.wtatennis.com/resources/v7.42.0/i/elements/gs-tag.svg,2026-01-18,2026-02-01,2026,1,Melbourne,SRB,,AU,AUS,036,009,,Oceania,Australasia,AUS,69.0,430.0,485565.0,128M/128Q/64D,Olga Danilovic,,https://www.wtatennis.com/resources/v7.42.0/i/elements/flags/srb.svg,Round of 64,W,"6-2, 6-2",https://www.wtatennis.com/players/324934/olga-danilovic,False,False,False,False,False,False,False,2,True,16,12,4,RS,SRB,688,150,Europe,Southeastern Europe,SRB,"6,2,None|6,2,None",
5,Australian Open,https://photoresources.wtatennis.com/photo-resources/2026/04/16/6b041ce4-8b08-4fff-be75-89d1c452c157/WTA-Tournament_Australian-Open.png?height=128,https://www.wtatennis.com/tournaments/australian-open,Grand Slam,Hard,https://www.wtatennis.com/resources/v7.42.0/i/elements/gs-tag.svg,2026-01-18,2026-02-01,2026,1,Melbourne,UZB,,AU,AUS,036,009,,Oceania,Australasia,AUS,93.0,430.0,485565.0,128M/128Q/64D,Kamilla Rakhimova,,https://www.wtatennis.com/resources/v7.42.0/i/elements/flags/uzb.svg,Round of 128,W,"6-2, 6-3",https://www.wtatennis.com/players/325936/kamilla-rakhimova,False,False,False,False,False,False,False,2,True,17,12,5,UZ,UZB,860,142,Asia,Central Asia,UZB,"6,2,None|6,3,None",
1,United Cup,https://photoresources.wtatennis.com/photo-resources/2026/04/16/4747c6b3-5f7f-4dd1-8f1b-30ede7d1b539/WTA-Tournament_United-cup.jpg?height=128,https://www.wtatennis.com/tournaments/united-cup,WTA 500,Hard,https://www.wtatennis.com/resources/v7.42.0/i/elements/500k-tag.svg,2026-01-02,2026-01-11,2026,1,Perth + Sydney,ARG,,AU,AUS,036,009,,Oceania,Australasia,AUS,66.0,150.0,554400.0,0M/0Q/0D,Solana Sierra,14.0,https://www.wtatennis.com/resources/v7.42.0/i/elements/flags/arg.svg,Round R,W,"6-1, 6-1",https://www.wtatennis.com/players/329081/solana-sierra,False,False,False,False,False,False,False,2,True,14,12,2,AR,ARG,032,019,America,Southern South America,ARG,"6,1,None|6,1,None",
2,United Cup,https://photoresources.wtatennis.com/photo-resources/2026/04/16/4747c6b3-5f7f-4dd1-8f1b-30ede7d1b539/WTA-Tournament_United-cup.jpg?height=128,https://www.wtatennis.com/tournaments/united-cup,WTA 500,Hard,https://www.wtatennis.com/resources/v7.42.0/i/elements/500k-tag.svg,2026-01-02,2026-01-11,2026,1,Perth + Sydney,ESP,,AU,AUS,036,009,Kingdom of Spain,Oceania,Australasia,AUS,42.0,150.0,554400.0,0M/0Q/0D,Jessica Bouzas Maneiro,10.0,https://www.wtatennis.com/resources/v7.42.0/i/elements/flags/esp.svg,Round R,L,"1-6, 7-6 (3), 0-6",https://www.wtatennis.com/players/328139/jessica-bouzas-maneiro,False,False,False,False,True,False,True,3,False,26,8,18,ES,ESP,724,150,Europe,Southern Europe,ESP,"1,6,None|7,6,3|0,6,None",
3,United Cup,https://photoresources.wtatennis.com/photo-resources/2026/04/16/4747c6b3-5f7f-4dd1-8f1b-30ede7d1b539/WTA-Tournament_United-cup.jpg?height=128,https://www.wtatennis.com/tournaments/united-cup,WTA 500,Hard,https://www.wtatennis.com/resources/v7.42.0/i/elements/500k-tag.svg,2026-01-02,2026-01-11,2026,1,Perth + Sydney,GRE,,AU,AUS,036,009,,Oceania,Australasia,AUS,51.0,150.0,554400.0,0M/0Q/0D,Maria Sakkari,12.0,https://www.wtatennis.com/resources/v7.42.0/i/elements/flags/gre.svg,Round R,W,"6-3, 6-2",https://www.wtatennis.com/players/318312/maria-sakkari,False,False,False,False,False,False,False,2,True,17,12,5,GR,GRC,300,150,Europe,Southeastern Europe,GRE,"6,3,None|6,2,None",
4,United Cup,https://photoresources.wtatennis.com/photo-resources/2026/04/16/4747c6b3-5f7f-4dd1-8f1b-30ede7d1b539/WTA-Tournament_United-cup.jpg?height=128,https://www.wtatennis.com/tournaments/united-cup,WTA 500,Hard,https://www.wtatennis.com/resources/v7.42.0/i/elements/500k-tag.svg,2026-01-02,2026-01-11,2026,1,Perth + Sydney,POL,,AU,AUS,036,009,,Oceania,Australasia,AUS,2.0,150.0,554400.0,0M/0Q/0D,Iga Swiatek,9.0,https://www.wtatennis.com/resources/v7.42.0/i/elements/flags/pol.svg,Round R,W,"6-4, 6-2",https://www.wtatennis.com/players/326408/iga-swiatek,False,False,False,False,False,False,False,2,True,18,12,6,PL,POL,616,150,Europe,Central Europe,POL,"6,4,None|6,2,None",
1,WTA Finals Riyadh,https://photoresources.wtatennis.com/photo-resources/2026/04/16/23556323-66a6-4f30-9a8b-9b1f26342c0c/WTA-finals.png?height=128,https://www.wtatennis.com/tournaments/808/wta-finals/2025,Finals,Hard,https://www.wtatennis.com/resources/v7.42.0/i/elements/finals-tag.svg,2025-11-01,2025-11-08,2025,11,Riyadh,BLR,,SA,SAU,682,142,,Asia,Western Asia,KSA,1.0,,695000.0,8M/0Q/8D,Aryna Sabalenka,1.0,https://www.wtatennis.com/resources/v7.42.0/i/elements/flags/blr.svg,Group Stage Group,L,"6-7 (5), 2-6",https://www.wtatennis.com/players/320760/aryna-sabalenka,False,False,False,True,False,False,True,2,False,21,8,13,BY,BLR,112,150,Europe,Eastern Europe,BLR,"6,7,5|2,6,None",
2,WTA Finals Riyadh,https://photoresources.wtatennis.com/photo-resources/2026/04/16/23556323-66a6-4f30-9a8b-9b1f26342c0c/WTA-finals.png?height=128,https://www.wtatennis.com/tournaments/808/wta-finals/2025,Finals,Hard,https://www.wtatennis.com/resources/v7.42.0/i/elements/finals-tag.svg,2025-11-01,2025-11-08,2025,11,Riyadh,USA,,SA,SAU,682,142,America|USA|US,Asia,Western Asia,KSA,5.0,,695000.0,8M/0Q/8D,Jessica Pegula,5.0,https://www.wtatennis.com/resources/v7.42.0/i/elements/flags/usa.svg,Group Stage Group,L,"3-6, 7-6 (4), 2-6",https://www.wtatennis.com/players/316956/jessica-pegula,False,False,False,False,True,False,True,3,False,30,12,18,US,USA,840,019,America,Northern America,USA,"3,6,None|7,6,4|2,6,None",
3,WTA Finals Riyadh,https://photoresources.wtatennis.com/photo-resources/2026/04/16/23556323-66a6-4f30-9a8b-9b1f26342c0c/WTA-finals.png?height=128,https://www.wtatennis.com/tournaments/808/wta-finals/2025,Finals,Hard,https://www.wtatennis.com/resources/v7.42.0/i/elements/finals-tag.svg,2025-11-01,2025-11-08,2025,11,Riyadh,ITA,,SA,SAU,682,142,,Asia,Western Asia,KSA,8.0,,695000.0,8M/0Q/8D,Jasmine Paolini,8.0,https://www.wtatennis.com/resources/v7.42.0/i/elements/flags/ita.svg,Group Stage Group,W,"6-3, 6-2",https://www.wtatennis.com/players/319280/jasmine-paolini,False,False,False,False,False,False,False,2,True,17,12,5,IT,ITA,380,150,Europe,Southern Europe,ITA,"6,3,None|6,2,None",
1,Dongfeng · Voyah Wuhan Open 2025,https://photoresources.wtatennis.com/photo-resources/2026/04/16/63ef78ed-e027-4a3c-ba3b-2fb29fa7d08a/WTA-Tournament_Wuhan-2024.png?height=128,https://www.wtatennis.com/tournaments/1075/wuhan/2025,WTA 1000,Hard,https://www.wtatennis.com/resources/v7.42.0/i/elements/1000k-tag.svg,2025-10-06,2025-10-12,2025,10,Wuhan,USA,,CN,CHN,156,142,America|USA|US,Asia,East Asia,CHN,6.0,1000.0,596000.0,64M/32Q/32D,Jessica Pegula,6.0,https://www.wtatennis.com/resources/v7.42.0/i/elements/flags/usa.svg,Finals,W,"6-4, 7-5",https://www.wtatennis.com/players/316956/jessica-pegula,False,False,False,False,False,False,False,2,True,22,13,9,US,USA,840,019,America,Northern America,USA,"6,4,None|7,5,None",
2,Dongfeng · Voyah Wuhan Open 2025,https://photoresources.wtatennis.com/photo-resources/2026/04/16/63ef78ed-e027-4a3c-ba3b-2fb29fa7d08a/WTA-Tournament_Wuhan-2024.png?height=128,https://www.wtatennis.com/tournaments/1075/wuhan/2025,WTA 1000,Hard,https://www.wtatennis.com/resources/v7.42.0/i/elements/1000k-tag.svg,2025-10-06,2025-10-12,2025,10,Wuhan,ITA,,CN,CHN,156,142,,Asia,East Asia,CHN,8.0,1000.0,596000.0,64M/32Q/32D,Jasmine Paolini,7.0,https://www.wtatennis.com/resources/v7.42.0/i/elements/flags/ita.svg,Semifinals,W,"6-4, 6-3",https://www.wtatennis.com/players/319280/jasmine-paolini,False,False,False,False,False,False,False,2,True,19,12,7,IT,ITA,380,150,Europe,Southern Europe,ITA,"6,4,None|6,3,None",
3,Dongfeng · Voyah Wuhan Open 2025,https://photoresources.wtatennis.com/photo-resources/2026/04/16/63ef78ed-e027-4a3c-ba3b-2fb29fa7d08a/WTA-Tournament_Wuhan-2024.png?height=128,https://www.wtatennis.com/tournaments/1075/wuhan/2025,WTA 1000,Hard,https://www.wtatennis.com/resources/v7.42.0/i/elements/1000k-tag.svg,2025-10-06,2025-10-12,2025,10,Wuhan,GER,,CN,CHN,156,142,,Asia,East Asia,CHN,57.0,1000.0,596000.0,64M/32Q/32D,Laura Siegemund,,https://www.wtatennis.com/resources/v7.42.0/i/elements/flags/ger.svg,Quarterfinals,W,"6-3, 6-0",https://www.wtatennis.com/players/310926/laura-siegemund,False,False,False,False,False,False,False,2,True,15,12,3,DE,DEU,276,150,Europe,Central Europe,GER,"6,3,None|6,0,None",
4,Dongfeng · Voyah Wuhan Open 2025,https://photoresources.wtatennis.com/photo-resources/2026/04/16/63ef78ed-e027-4a3c-ba3b-2fb29fa7d08a/WTA-Tournament_Wuhan-2024.png?height=128,https://www.wtatennis.com/tournaments/1075/wuhan/2025,WTA 1000,Hard,https://www.wtatennis.com/resources/v7.42.0/i/elements/1000k-tag.svg,2025-10-06,2025-10-12,2025,10,Wuhan,CHN,,CN,CHN,156,142,,Asia,East Asia,CHN,142.0,1000.0,596000.0,64M/32Q/32D,Shuai Zhang,,https://www.wtatennis.com/resources/v7.42.0/i/elements/flags/chn.svg,Round of 16,W,"6-3, 6-2",https://www.wtatennis.com/players/311779/shuai-zhang,False,False,False,False,False,False,False,2,True,17,12,5,CN,CHN,156,142,Asia,East Asia,CHN,"6,3,None|6,2,None",
5,Dongfeng · Voyah Wuhan Open 2025,https://photoresources.wtatennis.com/photo-resources/2026/04/16/63ef78ed-e027-4a3c-ba3b-2fb29fa7d08a/WTA-Tournament_Wuhan-2024.png?height=128,https://www.wtatennis.com/tournaments/1075/wuhan/2025,WTA 1000,Hard,https://www.wtatennis.com/resources/v7.42.0/i/elements/1000k-tag.svg,2025-10-06,2025-10-12,2025,10,Wuhan,JPN,,CN,CHN,156,142,,Asia,East Asia,CHN,91.0,1000.0,596000.0,64M/32Q/32D,Moyuka Uchijima,,https://www.wtatennis.com/resources/v7.42.0/i/elements/flags/jpn.svg,Round of 32,W,"6-1, 6-0",https://www.wtatennis.com/players/327241/moyuka-uchijima,False,False,False,False,False,False,False,2,True,13,12,1,JP,JPN,392,142,Asia,East Asia,JPN,"6,1,None|6,0,None",
6,Dongfeng · Voyah Wuhan Open 2025,https://photoresources.wtatennis.com/photo-resources/2026/04/16/63ef78ed-e027-4a3c-ba3b-2fb29fa7d08a/WTA-Tournament_Wuhan-2024.png?height=128,https://www.wtatennis.com/tournaments/1075/wuhan/2025,WTA 1000,Hard,https://www.wtatennis.com/resources/v7.42.0/i/elements/1000k-tag.svg,2025-10-06,2025-10-12,2025,10,Wuhan,,,CN,CHN,156,142,,Asia,East Asia,CHN,,1000.0,596000.0,64M/32Q/32D,,,,Round of 64,,Bye,,False,False,True,False,False,False,False,0,False,0,0,0,,,,,,,,,
1,China Open,https://photoresources.wtatennis.com/photo-resources/2026/04/16/8f77c099-1d17-4cd7-aa46-7c21addc471f/WTA-Tournament_Beijing.png?height=128,https://www.wtatennis.com/tournaments/1020/beijing/2025,WTA 1000,Hard,https://www.wtatennis.com/resources/v7.42.0/i/elements/1000k-tag.svg,2025-09-24,2025-10-05,2025,9,Beijing,USA,,CN,CHN,156,142,America|USA|US,Asia,East Asia,CHN,4.0,390.0,332160.0,128M/48Q/32D,Amanda Anisimova,3.0,https://www.wtatennis.com/resources/v7.42.0/i/elements/flags/usa.svg,Semifinals,L,"1-6, 2-6",https://www.wtatennis.com/players/326384/amanda-anisimova,False,False,False,False,False,False,False,2,False,15,3,12,US,USA,840,019,America,Northern America,USA,"1,6,None|2,6,None",
2,China Open,https://photoresources.wtatennis.com/photo-resources/2026/04/16/8f77c099-1d17-4cd7-aa46-7c21addc471f/WTA-Tournament_Beijing.png?height=128,https://www.wtatennis.com/tournaments/1020/beijing/2025,WTA 1000,Hard,https://www.wtatennis.com/resources/v7.42.0/i/elements/1000k-tag.svg,2025-09-24,2025-10-05,2025,9,Beijing,GER,,CN,CHN,156,142,,Asia,East Asia,CHN,66.0,390.0,332160.0,128M/48Q/32D,Eva Lys,,https://www.wtatennis.com/resources/v7.42.0/i/elements/flags/ger.svg,Quarterfinals,W,"6-3, 6-4",https://www.wtatennis.com/players/325826/eva-lys,False,False,False,False,False,False,False,2,True,19,12,7,DE,DEU,276,150,Europe,Central Europe,GER,"6,3,None|6,4,None",
3,China Open,https://photoresources.wtatennis.com/photo-resources/2026/04/16/8f77c099-1d17-4cd7-aa46-7c21addc471f/WTA-Tournament_Beijing.png?height=128,https://www.wtatennis.com/tournaments/1020/beijing/2025,WTA 1000,Hard,https://www.wtatennis.com/resources/v7.42.0/i/elements/1000k-tag.svg,2025-09-24,2025-10-05,2025,9,Beijing,SUI,,CN,CHN,156,142,,Asia,East Asia,CHN,16.0,390.0,332160.0,128M/48Q/32D,Belinda Bencic,15.0,https://www.wtatennis.com/resources/v7.42.0/i/elements/flags/sui.svg,Round of 16,W,"4-6, 7-6 (4), 6-2",https://www.wtatennis.com/players/319001/belinda-bencic,False,False,False,False,True,False,True,3,False,31,17,14,CH,CHE,756,150,Europe,Central Europe,SUI,"4,6,None|7,6,4|6,2,None",
4,China Open,https://photoresources.wtatennis.com/photo-resources/2026/04/16/8f77c099-1d17-4cd7-aa46-7c21addc471f/WTA-Tournament_Beijing.png?height=128,https://www.wtatennis.com/tournaments/1020/beijing/2025,WTA 1000,Hard,https://www.wtatennis.com/resources/v7.42.0/i/elements/1000k-tag.svg,2025-09-24,2025-10-05,2025,9,Beijing,CAN,,CN,CHN,156,142,,Asia,East Asia,CHN,25.0,390.0,332160.0,128M/48Q/32D,Leylah Fernandez,25.0,https://www.wtatennis.com/resources/v7.42.0/i/elements/flags/can.svg,Round of 32,W,"6-4, 4-6, 7-5",https://www.wtatennis.com/players/326735/leylah-fernandez,False,False,False,False,False,False,False,3,True,32,17,15,CA,CAN,124,019,America,Northern America,CAN,"6,4,None|4,6,None|7,5,None",
5,China Open,https://photoresources.wtatennis.com/photo-resources/2026/04/16/8f77c099-1d17-4cd7-aa46-7c21addc471f/WTA-Tournament_Beijing.png?height=128,https://www.wtatennis.com/tournaments/1020/beijing/2025,WTA 1000,Hard,https://www.wtatennis.com/resources/v7.42.0/i/elements/1000k-tag.svg,2025-09-24,2025-10-05,2025,9,Beijing,UZB,,CN,CHN,156,142,,Asia,East Asia,CHN,89.0,390.0,332160.0,128M/48Q/32D,Kamilla Rakhimova,,https://www.wtatennis.com/resources/v7.42.0/i/elements/flags/uzb.svg,Round of 64,W,"6-4, 6-0",https://www.wtatennis.com/players/325936/kamilla-rakhimova,False,False,False,False,False,False,False,2,True,16,12,4,UZ,UZB,860,142,Asia,Central Asia,UZB,"6,4,None|6,0,None",
6,China Open,https://photoresources.wtatennis.com/photo-resources/2026/04/16/8f77c099-1d17-4cd7-aa46-7c21addc471f/WTA-Tournament_Beijing.png?height=128,https://www.wtatennis.com/tournaments/1020/beijing/2025,WTA 1000,Hard,https://www.wtatennis.com/resources/v7.42.0/i/elements/1000k-tag.svg,2025-09-24,2025-10-05,2025,9,Beijing,,,CN,CHN,156,142,,Asia,East Asia,CHN,,390.0,332160.0,128M/48Q/32D,,,,Round of 128,,Bye,,False,False,True,False,False,False,False,0,False,0,0,0,,,,,,,,,
1,US Open,https://photoresources.wtatennis.com/photo-resources/2026/04/16/8d0a3d41-7b45-434b-a75b-b7d2eb0922b4/WTA-Tournament_US-Open.png?height=128,https://www.wtatennis.com/tournaments/905/us-open/2025,Grand Slam,Hard,https://www.wtatennis.com/resources/v7.42.0/i/elements/gs-tag.svg,2025-08-24,2025-09-07,2025,8,,JPN,,,,,,,,,United States of America,24.0,240.0,400000.0,128M/128Q/64D,Naomi Osaka,23.0,https://www.wtatennis.com/resources/v7.42.0/i/elements/flags/jpn.svg,Round of 16,L,"3-6, 2-6",https://www.wtatennis.com/players/319998/naomi-osaka,False,False,False,False,False,False,False,2,False,17,5,12,JP,JPN,392,142,Asia,East Asia,JPN,"3,6,None|2,6,None",
2,US Open,https://photoresources.wtatennis.com/photo-resources/2026/04/16/8d0a3d41-7b45-434b-a75b-b7d2eb0922b4/WTA-Tournament_US-Open.png?height=128,https://www.wtatennis.com/tournaments/905/us-open/2025,Grand Slam,Hard,https://www.wtatennis.com/resources/v7.42.0/i/elements/gs-tag.svg,2025-08-24,2025-09-07,2025,8,,POL,,,,,,,,,United States of America,33.0,240.0,400000.0,128M/128Q/64D,Magdalena Frech,28.0,https://www.wtatennis.com/resources/v7.42.0/i/elements/flags/pol.svg,Round of 32,W,"6-3, 6-1",https://www.wtatennis.com/players/320277/magdalena-frech,False,False,False,False,False,False,False,2,True,16,12,4,PL,POL,616,150,Europe,Central Europe,POL,"6,3,None|6,1,None",
3,US Open,https://photoresources.wtatennis.com/photo-resources/2026/04/16/8d0a3d41-7b45-434b-a75b-b7d2eb0922b4/WTA-Tournament_US-Open.png?height=128,https://www.wtatennis.com/tournaments/905/us-open/2025,Grand Slam,Hard,https://www.wtatennis.com/resources/v7.42.0/i/elements/gs-tag.svg,2025-08-24,2025-09-07,2025,8,,CRO,,,,,,,,,United States of America,49.0,240.0,400000.0,128M/128Q/64D,Donna Vekic,,https://www.wtatennis.com/resources/v7.42.0/i/elements/flags/cro.svg,Round of 64,W,"7-6 (5), 6-2",https://www.wtatennis.com/players/318516/donna-vekic,False,False,False,True,False,False,True,2,True,21,13,8,HR,HRV,191,150,Europe,Southeastern Europe,CRO,"7,6,5|6,2,None",
4,US Open,https://photoresources.wtatennis.com/photo-resources/2026/04/16/8d0a3d41-7b45-434b-a75b-b7d2eb0922b4/WTA-Tournament_US-Open.png?height=128,https://www.wtatennis.com/tournaments/905/us-open/2025,Grand Slam,Hard,https://www.wtatennis.com/resources/v7.42.0/i/elements/gs-tag.svg,2025-08-24,2025-09-07,2025,8,,AUS,,,,,,,,,United States of America,79.0,240.0,400000.0,128M/128Q/64D,Ajla Tomljanovic,,https://www.wtatennis.com/resources/v7.42.0/i/elements/flags/aus.svg,Round of 128,W,"6-4, 6-7 (2), 7-5",https://www.wtatennis.com/players/315232/ajla-tomljanovic,False,False,False,False,True,False,True,3,True,35,19,16,AU,AUS,036,009,Oceania,Australasia,AUS,"6,4,None|6,7,2|7,5,None",
1,Cincinnati Open,https://photoresources.wtatennis.com/photo-resources/2026/04/16/77288aaf-4c7f-4b8e-86f6-315c2ef872c5/WTA-Tournament_Cincinnati-2024.png?height=128,https://www.wtatennis.com/tournaments/1017/cincinnati/2025,WTA 1000,Hard,https://www.wtatennis.com/resources/v7.42.0/i/elements/1000k-tag.svg,2025-08-07,2025-08-18,2025,8,,ITA,,,,,,,,,United States of America,9.0,215.0,106900.0,128M/48Q/32D,Jasmine Paolini,7.0,https://www.wtatennis.com/resources/v7.42.0/i/elements/flags/ita.svg,Quarterfinals,L,"6-2, 4-6, 3-6",https://www.wtatennis.com/players/319280/jasmine-paolini,False,False,False,False,False,False,False,3,True,27,13,14,IT,ITA,380,150,Europe,Southern Europe,ITA,"6,2,None|4,6,None|3,6,None",
2,Cincinnati Open,https://photoresources.wtatennis.com/photo-resources/2026/04/16/77288aaf-4c7f-4b8e-86f6-315c2ef872c5/WTA-Tournament_Cincinnati-2024.png?height=128,https://www.wtatennis.com/tournaments/1017/cincinnati/2025,WTA 1000,Hard,https://www.wtatennis.com/resources/v7.42.0/i/elements/1000k-tag.svg,2025-08-07,2025-08-18,2025,8,,ITA,,,,,,,,,United States of America,61.0,215.0,106900.0,128M/48Q/32D,Lucia Bronzetti,,https://www.wtatennis.com/resources/v7.42.0/i/elements/flags/ita.svg,Round of 16,W,"6-2, 6-4",https://www.wtatennis.com/players/322280/lucia-bronzetti,False,False,False,False,False,False,False,2,True,18,12,6,IT,ITA,380,150,Europe,Southern Europe,ITA,"6,2,None|6,4,None",
3,Cincinnati Open,https://photoresources.wtatennis.com/photo-resources/2026/04/16/77288aaf-4c7f-4b8e-86f6-315c2ef872c5/WTA-Tournament_Cincinnati-2024.png?height=128,https://www.wtatennis.com/tournaments/1017/cincinnati/2025,WTA 1000,Hard,https://www.wtatennis.com/resources/v7.42.0/i/elements/1000k-tag.svg,2025-08-07,2025-08-18,2025,8,,UKR,,,,,,,,,United States of America,31.0,215.0,106900.0,128M/48Q/32D,Dayana Yastremska,32.0,https://www.wtatennis.com/resources/v7.42.0/i/elements/flags/ukr.svg,Round of 32,W,Walkover,https://www.wtatennis.com/players/324261/dayana-yastremska,False,True,False,False,False,False,False,0,False,0,0,0,UA,UKR,804,150,Europe,Eastern Europe,UKR,,
4,Cincinnati Open,https://photoresources.wtatennis.com/photo-resources/2026/04/16/77288aaf-4c7f-4b8e-86f6-315c2ef872c5/WTA-Tournament_Cincinnati-2024.png?height=128,https://www.wtatennis.com/tournaments/1017/cincinnati/2025,WTA 1000,Hard,https://www.wtatennis.com/resources/v7.42.0/i/elements/1000k-tag.svg,2025-08-07,2025-08-18,2025,8,,CHN,,,,,,,,,United States of America,37.0,215.0,106900.0,128M/48Q/32D,Xinyu Wang,,https://www.wtatennis.com/resources/v7.42.0/i/elements/flags/chn.svg,Round of 64,W,"6-3, 6-2",https://www.wtatennis.com/players/326376/xinyu-wang,False,False,False,False,False,False,False,2,True,17,12,5,CN,CHN,156,142,Asia,East Asia,CHN,"6,3,None|6,2,None",
5,Cincinnati Open,https://photoresources.wtatennis.com/photo-resources/2026/04/16/77288aaf-4c7f-4b8e-86f6-315c2ef872c5/WTA-Tournament_Cincinnati-2024.png?height=128,https://www.wtatennis.com/tournaments/1017/cincinnati/2025,WTA 1000,Hard,https://www.wtatennis.com/resources/v7.42.0/i/elements/1000k-tag.svg,2025-08-07,2025-08-18,2025,8,,,,,,,,,,,United States of America,,215.0,106900.0,128M/48Q/32D,,,,Round of 128,,Bye,,False,False,True,False,False,False,False,0,False,0,0,0,,,,,,,,,
1,Omnium Banque Nationale présenté par Rogers ,https://photoresources.wtatennis.com/photo-resources/2026/04/16/12d4c93e-8e56-4d81-ac72-ea0d1498127e/WTA-Tournament_Canada-English-2021.png?height=128,https://www.wtatennis.com/tournaments/806/montreal/2025,WTA 1000,Hard,https://www.wtatennis.com/resources/v7.42.0/i/elements/1000k-tag.svg,2025-07-27,2025-08-07,2025,7,Montreal,CAN,,CA,CAN,124,019,,America,Northern America,CAN,85.0,120.0,56703.0,128M/32Q/32D,Victoria Mboko,,https://www.wtatennis.com/resources/v7.42.0/i/elements/flags/can.svg,Round of 16,L,"1-6, 4-6",https://www.wtatennis.com/players/331006/victoria-mboko,False,False,False,False,False,False,False,2,False,17,5,12,CA,CAN,124,019,America,Northern America,CAN,"1,6,None|4,6,None",
2,Omnium Banque Nationale présenté par Rogers ,https://photoresources.wtatennis.com/photo-resources/2026/04/16/12d4c93e-8e56-4d81-ac72-ea0d1498127e/WTA-Tournament_Canada-English-2021.png?height=128,https://www.wtatennis.com/tournaments/806/montreal/2025,WTA 1000,Hard,https://www.wtatennis.com/resources/v7.42.0/i/elements/1000k-tag.svg,2025-07-27,2025-08-07,2025,7,Montreal,RUS,,CA,CAN,124,019,,America,Northern America,CAN,42.0,120.0,56703.0,128M/32Q/32D,Veronika Kudermetova,,https://www.wtatennis.com/resources/v7.42.0/i/elements/flags/rus.svg,Round of 32,W,"4-6, 7-5, 6-2",https://www.wtatennis.com/players/319526/veronika-kudermetova,False,False,False,False,False,False,False,3,False,30,17,13,RU,RUS,643,150,Europe,Eastern Europe,RUS,"4,6,None|7,5,None|6,2,None",
3,Omnium Banque Nationale présenté par Rogers ,https://photoresources.wtatennis.com/photo-resources/2026/04/16/12d4c93e-8e56-4d81-ac72-ea0d1498127e/WTA-Tournament_Canada-English-2021.png?height=128,https://www.wtatennis.com/tournaments/806/montreal/2025,WTA 1000,Hard,https://www.wtatennis.com/resources/v7.42.0/i/elements/1000k-tag.svg,2025-07-27,2025-08-07,2025,7,Montreal,USA,,CA,CAN,124,019,America|USA|US,America,Northern America,CAN,61.0,120.0,56703.0,128M/32Q/32D,Danielle Collins,,https://www.wtatennis.com/resources/v7.42.0/i/elements/flags/usa.svg,Round of 64,W,"7-5, 4-6, 7-6 (2)",https://www.wtatennis.com/players/316925/danielle-collins,False,False,False,False,False,True,True,3,True,35,18,17,US,USA,840,019,America,Northern America,USA,"7,5,None|4,6,None|7,6,2",
4,Omnium Banque Nationale présenté par Rogers ,https://photoresources.wtatennis.com/photo-resources/2026/04/16/12d4c93e-8e56-4d81-ac72-ea0d1498127e/WTA-Tournament_Canada-English-2021.png?height=128,https://www.wtatennis.com/tournaments/806/montreal/2025,WTA 1000,Hard,https://www.wtatennis.com/resources/v7.42.0/i/elements/1000k-tag.svg,2025-07-27,2025-08-07,2025,7,Montreal,,,CA,CAN,124,019,,America,Northern America,CAN,,120.0,56703.0,128M/32Q/32D,,,,Round of 128,,Bye,,False,False,True,False,False,False,False,0,False,0,0,0,,,,,,,,,
1,"The Championships, Wimbledon",https://photoresources.wtatennis.com/photo-resources/2026/04/16/d29814e6-6e80-4015-b680-9a7f3cb065c3/WTA-Tournament_Wimbledon.png?height=128,https://www.wtatennis.com/tournaments/904/wimbledon/2025,Grand Slam,Grass,https://www.wtatennis.com/resources/v7.42.0/i/elements/gs-tag.svg,2025-06-30,2025-07-13,2025,6,Wimbledon,UKR,,GB,GBR,826,150,,Europe,Northern Europe,ENG,42.0,10.0,89465.0,128M/128Q/64D,Dayana Yastremska,,https://www.wtatennis.com/resources/v7.42.0/i/elements/flags/ukr.svg,Round of 128,L,"6-7 (3), 1-6",https://www.wtatennis.com/players/324261/dayana-yastremska,False,False,False,True,False,False,True,2,False,20,7,13,UA,UKR,804,150,Europe,Eastern Europe,UKR,"6,7,3|1,6,None",
1,BERLIN TENNIS OPEN by HYLO,https://photoresources.wtatennis.com/photo-resources/2025/05/23/7fdec664-b1a6-44fc-8772-ecfb34d7aca2/WTA-Tournament_Berlin-2024.png?height=128,https://www.wtatennis.com/tournaments/2012/berlin/2025,WTA 500,Grass,https://www.wtatennis.com/resources/v7.42.0/i/elements/500k-tag.svg,2025-06-16,2025-06-22,2025,6,Berlin,CHN,,DE,DEU,276,150,,Europe,Central Europe,GER,49.0,1.0,15170.0,32M/24Q/16D,Xinyu Wang,,https://www.wtatennis.com/resources/v7.42.0/i/elements/flags/chn.svg,Round of 16,L,"3-6, 3-6",https://www.wtatennis.com/players/326376/xinyu-wang,False,False,False,False,False,False,False,2,False,18,6,12,CN,CHN,156,142,Asia,East Asia,CHN,"3,6,None|3,6,None",
2,BERLIN TENNIS OPEN by HYLO,https://photoresources.wtatennis.com/photo-resources/2025/05/23/7fdec664-b1a6-44fc-8772-ecfb34d7aca2/WTA-Tournament_Berlin-2024.png?height=128,https://www.wtatennis.com/tournaments/2012/berlin/2025,WTA 500,Grass,https://www.wtatennis.com/resources/v7.42.0/i/elements/500k-tag.svg,2025-06-16,2025-06-22,2025,6,Berlin,,,DE,DEU,276,150,,Europe,Central Europe,GER,,1.0,15170.0,32M/24Q/16D,,,,Round of 32,,Bye,,False,False,True,False,False,False,False,0,False,0,0,0,,,,,,,,,
1,Roland Garros,https://photoresources.wtatennis.com/photo-resources/2026/04/16/0893d8be-5450-4e36-a144-cdd958c1b484/WTA-Tournament_Roland-Garros.png?height=128,https://www.wtatennis.com/tournaments/903/roland-garros/2025,Grand Slam,Clay,https://www.wtatennis.com/resources/v7.42.0/i/elements/gs-tag.svg,2025-05-25,2025-06-08,2025,5,Paris,BLR,,FR,FRA,250,150,,Europe,Western Europe,FRA,1.0,2000.0,2760946.0,128M/128Q/64D,Aryna Sabalenka,1.0,https://www.wtatennis.com/resources/v7.42.0/i/elements/flags/blr.svg,Finals,W,"6-7 (5), 6-2, 6-4",https://www.wtatennis.com/players/320760/aryna-sabalenka,False,False,False,True,False,False,True,3,False,31,18,13,BY,BLR,112,150,Europe,Eastern Europe,BLR,"6,7,5|6,2,None|6,4,None",
2,Roland Garros,https://photoresources.wtatennis.com/photo-resources/2026/04/16/0893d8be-5450-4e36-a144-cdd958c1b484/WTA-Tournament_Roland-Garros.png?height=128,https://www.wtatennis.com/tournaments/903/roland-garros/2025,Grand Slam,Clay,https://www.wtatennis.com/resources/v7.42.0/i/elements/gs-tag.svg,2025-05-25,2025-06-08,2025,5,Paris,FRA,,FR,FRA,250,150,,Europe,Western Europe,FRA,361.0,2000.0,2760946.0,128M/128Q/64D,Lois Boisson,,https://www.wtatennis.com/resources/v7.42.0/i/elements/flags/fra.svg,Semifinals,W,"6-1, 6-2",https://www.wtatennis.com/players/328884/lois-boisson,False,False,False,False,False,False,False,2,True,15,12,3,FR,FRA,250,150,Europe,Western Europe,FRA,"6,1,None|6,2,None",
3,Roland Garros,https://photoresources.wtatennis.com/photo-resources/2026/04/16/0893d8be-5450-4e36-a144-cdd958c1b484/WTA-Tournament_Roland-Garros.png?height=128,https://www.wtatennis.com/tournaments/903/roland-garros/2025,Grand Slam,Clay,https://www.wtatennis.com/resources/v7.42.0/i/elements/gs-tag.svg,2025-05-25,2025-06-08,2025,5,Paris,USA,,FR,FRA,250,150,America|USA|US,Europe,Western Europe,FRA,8.0,2000.0,2760946.0,128M/128Q/64D,Madison Keys,7.0,https://www.wtatennis.com/resources/v7.42.0/i/elements/flags/usa.svg,Quarterfinals,W,"6-7 (6), 6-4, 6-1",https://www.wtatennis.com/players/316959/madison-keys,False,False,False,True,False,False,True,3,False,30,18,12,US,USA,840,019,America,Northern America,USA,"6,7,6|6,4,None|6,1,None",
4,Roland Garros,https://photoresources.wtatennis.com/photo-resources/2026/04/16/0893d8be-5450-4e36-a144-cdd958c1b484/WTA-Tournament_Roland-Garros.png?height=128,https://www.wtatennis.com/tournaments/903/roland-garros/2025,Grand Slam,Clay,https://www.wtatennis.com/resources/v7.42.0/i/elements/gs-tag.svg,2025-05-25,2025-06-08,2025,5,Paris,RUS,,FR,FRA,250,150,,Europe,Western Europe,FRA,20.0,2000.0,2760946.0,128M/128Q/64D,Ekaterina Alexandrova,20.0,https://www.wtatennis.com/resources/v7.42.0/i/elements/flags/rus.svg,Round of 16,W,"6-0, 7-5",https://www.wtatennis.com/players/319007/ekaterina-alexandrova,False,False,False,False,False,False,False,2,True,18,13,5,RU,RUS,643,150,Europe,Eastern Europe,RUS,"6,0,None|7,5,None",
5,Roland Garros,https://photoresources.wtatennis.com/photo-resources/2026/04/16/0893d8be-5450-4e36-a144-cdd958c1b484/WTA-Tournament_Roland-Garros.png?height=128,https://www.wtatennis.com/tournaments/903/roland-garros/2025,Grand Slam,Clay,https://www.wtatennis.com/resources/v7.42.0/i/elements/gs-tag.svg,2025-05-25,2025-06-08,2025,5,Paris,CZE,,FR,FRA,250,150,,Europe,Western Europe,FRA,47.0,2000.0,2760946.0,128M/128Q/64D,Marie Bouzkova,,https://www.wtatennis.com/resources/v7.42.0/i/elements/flags/cze.svg,Round of 32,W,"6-1, 7-6 (3)",https://www.wtatennis.com/players/320983/marie-bouzkova,False,False,False,False,True,False,True,2,True,20,13,7,CZ,CZE,203,150,Europe,Central Europe,CZE,"6,1,None|7,6,3",
6,Roland Garros,https://photoresources.wtatennis.com/photo-resources/2026/04/16/0893d8be-5450-4e36-a144-cdd958c1b484/WTA-Tournament_Roland-Garros.png?height=128,https://www.wtatennis.com/tournaments/903/roland-garros/2025,Grand Slam,Clay,https://www.wtatennis.com/resources/v7.42.0/i/elements/gs-tag.svg,2025-05-25,2025-06-08,2025,5,Paris,CZE,,FR,FRA,250,150,,Europe,Western Europe,FRA,172.0,2000.0,2760946.0,128M/128Q/64D,Tereza Valentova,,https://www.wtatennis.com/resources/v7.42.0/i/elements/flags/cze.svg,Round of 64,W,"6-2, 6-4",https://www.wtatennis.com/players/330808/tereza-valentova,False,False,False,False,False,False,False,2,True,18,12,6,CZ,CZE,203,150,Europe,Central Europe,CZE,"6,2,None|6,4,None",
7,Roland Garros,https://photoresources.wtatennis.com/photo-resources/2026/04/16/0893d8be-5450-4e36-a144-cdd958c1b484/WTA-Tournament_Roland-Garros.png?height=128,https://www.wtatennis.com/tournaments/903/roland-garros/2025,Grand Slam,Clay,https://www.wtatennis.com/resources/v7.42.0/i/elements/gs-tag.svg,2025-05-25,2025-06-08,2025,5,Paris,AUS,,FR,FRA,250,150,,Europe,Western Europe,FRA,91.0,2000.0,2760946.0,128M/128Q/64D,Olivia Gadecki,,https://www.wtatennis.com/resources/v7.42.0/i/elements/flags/aus.svg,Round of 128,W,"6-2, 6-2",https://www.wtatennis.com/players/326653/olivia-gadecki,False,False,False,False,False,False,False,2,True,16,12,4,AU,AUS,036,009,Oceania,Australasia,AUS,"6,2,None|6,2,None",
1,Internazionali BNL d'Italia,https://photoresources.wtatennis.com/photo-resources/2026/04/16/2c058ad8-b3d8-49a9-a863-85d7b87a6783/WTA-Tournament_Rome-2018.png?height=128,https://www.wtatennis.com/tournaments/709/rome/2025,WTA 1000,Clay,https://www.wtatennis.com/resources/v7.42.0/i/elements/1000k-tag.svg,2025-05-06,2025-05-18,2025,5,Rome,ITA,,IT,ITA,380,150,,Europe,Southern Europe,ITA,5.0,650.0,525240.0,128M/48Q/32D,Jasmine Paolini,6.0,https://www.wtatennis.com/resources/v7.42.0/i/elements/flags/ita.svg,Finals,L,"4-6, 2-6",https://www.wtatennis.com/players/319280/jasmine-paolini,False,False,False,False,False,False,False,2,False,18,6,12,IT,ITA,380,150,Europe,Southern Europe,ITA,"4,6,None|2,6,None",
2,Internazionali BNL d'Italia,https://photoresources.wtatennis.com/photo-resources/2026/04/16/2c058ad8-b3d8-49a9-a863-85d7b87a6783/WTA-Tournament_Rome-2018.png?height=128,https://www.wtatennis.com/tournaments/709/rome/2025,WTA 1000,Clay,https://www.wtatennis.com/resources/v7.42.0/i/elements/1000k-tag.svg,2025-05-06,2025-05-18,2025,5,Rome,CHN,,IT,ITA,380,150,,Europe,Southern Europe,ITA,8.0,650.0,525240.0,128M/48Q/32D,Qinwen Zheng,8.0,https://www.wtatennis.com/resources/v7.42.0/i/elements/flags/chn.svg,Semifinals,W,"7-6 (3), 4-6, 7-6 (4)",https://www.wtatennis.com/players/328120/qinwen-zheng,False,False,False,True,False,True,True,3,True,36,18,18,CN,CHN,156,142,Asia,East Asia,CHN,"7,6,3|4,6,None|7,6,4",
3,Internazionali BNL d'Italia,https://photoresources.wtatennis.com/photo-resources/2026/04/16/2c058ad8-b3d8-49a9-a863-85d7b87a6783/WTA-Tournament_Rome-2018.png?height=128,https://www.wtatennis.com/tournaments/709/rome/2025,WTA 1000,Clay,https://www.wtatennis.com/resources/v7.42.0/i/elements/1000k-tag.svg,2025-05-06,2025-05-18,2025,5,Rome,RUS,,IT,ITA,380,150,,Europe,Southern Europe,ITA,7.0,650.0,525240.0,128M/48Q/32D,Mirra Andreeva,7.0,https://www.wtatennis.com/resources/v7.42.0/i/elements/flags/rus.svg,Quarterfinals,W,"6-4, 7-6 (5)",https://www.wtatennis.com/players/331809/mirra-andreeva,False,False,False,False,True,False,True,2,True,23,13,10,RU,RUS,643,150,Europe,Eastern Europe,RUS,"6,4,None|7,6,5",
4,Internazionali BNL d'Italia,https://photoresources.wtatennis.com/photo-resources/2026/04/16/2c058ad8-b3d8-49a9-a863-85d7b87a6783/WTA-Tournament_Rome-2018.png?height=128,https://www.wtatennis.com/tournaments/709/rome/2025,WTA 1000,Clay,https://www.wtatennis.com/resources/v7.42.0/i/elements/1000k-tag.svg,2025-05-06,2025-05-18,2025,5,Rome,GBR,,IT,ITA,380,150,Britain|UK|Great Britain|United Kingdom,Europe,Southern Europe,ITA,49.0,650.0,525240.0,128M/48Q/32D,Emma Raducanu,,https://www.wtatennis.com/resources/v7.42.0/i/elements/flags/gbr.svg,Round of 16,W,"6-1, 6-2",https://www.wtatennis.com/players/328366/emma-raducanu,False,False,False,False,False,False,False,2,True,15,12,3,GB,GBR,826,150,Europe,Northern Europe,ENG,"6,1,None|6,2,None",
5,Internazionali BNL d'Italia,https://photoresources.wtatennis.com/photo-resources/2026/04/16/2c058ad8-b3d8-49a9-a863-85d7b87a6783/WTA-Tournament_Rome-2018.png?height=128,https://www.wtatennis.com/tournaments/709/rome/2025,WTA 1000,Clay,https://www.wtatennis.com/resources/v7.42.0/i/elements/1000k-tag.svg,2025-05-06,2025-05-18,2025,5,Rome,POL,,IT,ITA,380,150,,Europe,Southern Europe,ITA,32.0,650.0,525240.0,128M/48Q/32D,Magda Linette,32.0,https://www.wtatennis.com/resources/v7.42.0/i/elements/flags/pol.svg,Round of 32,W,"7-5, 6-3",https://www.wtatennis.com/players/315130/magda-linette,False,False,False,False,False,False,False,2,True,21,13,8,PL,POL,616,150,Europe,Central Europe,POL,"7,5,None|6,3,None",
6,Internazionali BNL d'Italia,https://photoresources.wtatennis.com/photo-resources/2026/04/16/2c058ad8-b3d8-49a9-a863-85d7b87a6783/WTA-Tournament_Rome-2018.png?height=128,https://www.wtatennis.com/tournaments/709/rome/2025,WTA 1000,Clay,https://www.wtatennis.com/resources/v7.42.0/i/elements/1000k-tag.svg,2025-05-06,2025-05-18,2025,5,Rome,CAN,,IT,ITA,380,150,,Europe,Southern Europe,ITA,156.0,650.0,525240.0,128M/48Q/32D,Victoria Mboko,,https://www.wtatennis.com/resources/v7.42.0/i/elements/flags/can.svg,Round of 64,W,"3-6, 6-2, 6-1",https://www.wtatennis.com/players/331006/victoria-mboko,False,False,False,False,False,False,False,3,False,24,15,9,CA,CAN,124,019,America,Northern America,CAN,"3,6,None|6,2,None|6,1,None",
7,Internazionali BNL d'Italia,https://photoresources.wtatennis.com/photo-resources/2026/04/16/2c058ad8-b3d8-49a9-a863-85d7b87a6783/WTA-Tournament_Rome-2018.png?height=128,https://www.wtatennis.com/tournaments/709/rome/2025,WTA 1000,Clay,https://www.wtatennis.com/resources/v7.42.0/i/elements/1000k-tag.svg,2025-05-06,2025-05-18,2025,5,Rome,,,IT,ITA,380,150,,Europe,Southern Europe,ITA,,650.0,525240.0,128M/48Q/32D,,,,Round of 128,,Bye,,False,False,True,False,False,False,False,0,False,0,0,0,,,,,,,,,
1,Mutua Madrid Open,https://photoresources.wtatennis.com/photo-resources/2026/04/16/46f056ec-5c74-4159-bc35-97ca4c015c80/WTA-Tournament_Madrid-2023.png?height=128,https://www.wtatennis.com/tournaments/1038/madrid/2025,WTA 1000,Clay,https://www.wtatennis.com/resources/v7.42.0/i/elements/1000k-tag.svg,2025-04-22,2025-05-04,2025,4,Madrid,BLR,,ES,ESP,724,150,,Europe,Southern Europe,ESP,1.0,650.0,597890.0,128M/48Q/32D,Aryna Sabalenka,1.0,https://www.wtatennis.com/resources/v7.42.0/i/elements/flags/blr.svg,Finals,L,"3-6, 6-7 (3)",https://www.wtatennis.com/players/320760/aryna-sabalenka,False,False,False,False,True,False,True,2,False,22,9,13,BY,BLR,112,150,Europe,Eastern Europe,BLR,"3,6,None|6,7,3",
2,Mutua Madrid Open,https://photoresources.wtatennis.com/photo-resources/2026/04/16/46f056ec-5c74-4159-bc35-97ca4c015c80/WTA-Tournament_Madrid-2023.png?height=128,https://www.wtatennis.com/tournaments/1038/madrid/2025,WTA 1000,Clay,https://www.wtatennis.com/resources/v7.42.0/i/elements/1000k-tag.svg,2025-04-22,2025-05-04,2025,4,Madrid,POL,,ES,ESP,724,150,,Europe,Southern Europe,ESP,2.0,650.0,597890.0,128M/48Q/32D,Iga Swiatek,2.0,https://www.wtatennis.com/resources/v7.42.0/i/elements/flags/pol.svg,Semifinals,W,"6-1, 6-1",https://www.wtatennis.com/players/326408/iga-swiatek,False,False,False,False,False,False,False,2,True,14,12,2,PL,POL,616,150,Europe,Central Europe,POL,"6,1,None|6,1,None",
3,Mutua Madrid Open,https://photoresources.wtatennis.com/photo-resources/2026/04/16/46f056ec-5c74-4159-bc35-97ca4c015c80/WTA-Tournament_Madrid-2023.png?height=128,https://www.wtatennis.com/tournaments/1038/madrid/2025,WTA 1000,Clay,https://www.wtatennis.com/resources/v7.42.0/i/elements/1000k-tag.svg,2025-04-22,2025-05-04,2025,4,Madrid,RUS,,ES,ESP,724,150,,Europe,Southern Europe,ESP,7.0,650.0,597890.0,128M/48Q/32D,Mirra Andreeva,7.0,https://www.wtatennis.com/resources/v7.42.0/i/elements/flags/rus.svg,Quarterfinals,W,"7-5, 6-1",https://www.wtatennis.com/players/331809/mirra-andreeva,False,False,False,False,False,False,False,2,True,19,13,6,RU,RUS,643,150,Europe,Eastern Europe,RUS,"7,5,None|6,1,None",
4,Mutua Madrid Open,https://photoresources.wtatennis.com/photo-resources/2026/04/16/46f056ec-5c74-4159-bc35-97ca4c015c80/WTA-Tournament_Madrid-2023.png?height=128,https://www.wtatennis.com/tournaments/1038/madrid/2025,WTA 1000,Clay,https://www.wtatennis.com/resources/v7.42.0/i/elements/1000k-tag.svg,2025-04-22,2025-05-04,2025,4,Madrid,SUI,,ES,ESP,724,150,,Europe,Southern Europe,ESP,42.0,650.0,597890.0,128M/48Q/32D,Belinda Bencic,,https://www.wtatennis.com/resources/v7.42.0/i/elements/flags/sui.svg,Round of 16,W,"6-4, 6-2",https://www.wtatennis.com/players/319001/belinda-bencic,False,False,False,False,False,False,False,2,True,18,12,6,CH,CHE,756,150,Europe,Central Europe,SUI,"6,4,None|6,2,None",
5,Mutua Madrid Open,https://photoresources.wtatennis.com/photo-resources/2026/04/16/46f056ec-5c74-4159-bc35-97ca4c015c80/WTA-Tournament_Madrid-2023.png?height=128,https://www.wtatennis.com/tournaments/1038/madrid/2025,WTA 1000,Clay,https://www.wtatennis.com/resources/v7.42.0/i/elements/1000k-tag.svg,2025-04-22,2025-05-04,2025,4,Madrid,USA,,ES,ESP,724,150,America|USA|US,Europe,Southern Europe,ESP,62.0,650.0,597890.0,128M/48Q/32D,Ann Li,,https://www.wtatennis.com/resources/v7.42.0/i/elements/flags/usa.svg,Round of 32,W,"6-2, 6-3",https://www.wtatennis.com/players/326096/ann-li,False,False,False,False,False,False,False,2,True,17,12,5,US,USA,840,019,America,Northern America,USA,"6,2,None|6,3,None",
6,Mutua Madrid Open,https://photoresources.wtatennis.com/photo-resources/2026/04/16/46f056ec-5c74-4159-bc35-97ca4c015c80/WTA-Tournament_Madrid-2023.png?height=128,https://www.wtatennis.com/tournaments/1038/madrid/2025,WTA 1000,Clay,https://www.wtatennis.com/resources/v7.42.0/i/elements/1000k-tag.svg,2025-04-22,2025-05-04,2025,4,Madrid,UKR,,ES,ESP,724,150,,Europe,Southern Europe,ESP,46.0,650.0,597890.0,128M/48Q/32D,Dayana Yastremska,,https://www.wtatennis.com/resources/v7.42.0/i/elements/flags/ukr.svg,Round of 64,W,"0-6, 6-2, 7-5",https://www.wtatennis.com/players/324261/dayana-yastremska,False,False,False,False,False,False,False,3,False,26,13,13,UA,UKR,804,150,Europe,Eastern Europe,UKR,"0,6,None|6,2,None|7,5,None",
7,Mutua Madrid Open,https://photoresources.wtatennis.com/photo-resources/2026/04/16/46f056ec-5c74-4159-bc35-97ca4c015c80/WTA-Tournament_Madrid-2023.png?height=128,https://www.wtatennis.com/tournaments/1038/madrid/2025,WTA 1000,Clay,https://www.wtatennis.com/resources/v7.42.0/i/elements/1000k-tag.svg,2025-04-22,2025-05-04,2025,4,Madrid,,,ES,ESP,724,150,,Europe,Southern Europe,ESP,,650.0,597890.0,128M/48Q/32D,,,,Round of 128,,Bye,,False,False,True,False,False,False,False,0,False,0,0,0,,,,,,,,,
1,Porsche Tennis Grand Prix,https://photoresources.wtatennis.com/photo-resources/2026/04/16/853dd66d-3c70-40ab-9215-4a22158de24a/WTA-Tournament_Stuttgart-2017.png?height=128,https://www.wtatennis.com/tournaments/1051/stuttgart/2025,WTA 500,Clay,https://www.wtatennis.com/resources/v7.42.0/i/elements/500k-tag.svg,2025-04-14,2025-04-21,2025,4,Stuttgart,ITA,,DE,DEU,276,150,,Europe,Central Europe,GER,6.0,108.0,24950.0,32M/16Q/16D,Jasmine Paolini,5.0,https://www.wtatennis.com/resources/v7.42.0/i/elements/flags/ita.svg,Quarterfinals,L,"4-6, 3-6",https://www.wtatennis.com/players/319280/jasmine-paolini,False,False,False,False,False,False,False,2,False,19,7,12,IT,ITA,380,150,Europe,Southern Europe,ITA,"4,6,None|3,6,None",
2,Porsche Tennis Grand Prix,https://photoresources.wtatennis.com/photo-resources/2026/04/16/853dd66d-3c70-40ab-9215-4a22158de24a/WTA-Tournament_Stuttgart-2017.png?height=128,https://www.wtatennis.com/tournaments/1051/stuttgart/2025,WTA 500,Clay,https://www.wtatennis.com/resources/v7.42.0/i/elements/500k-tag.svg,2025-04-14,2025-04-21,2025,4,Stuttgart,GER,,DE,DEU,276,150,,Europe,Central Europe,GER,124.0,108.0,24950.0,32M/16Q/16D,Ella Seidel,,https://www.wtatennis.com/resources/v7.42.0/i/elements/flags/ger.svg,Round of 16,W,"6-1, 6-1",https://www.wtatennis.com/players/330548/ella-seidel,False,False,False,False,False,False,False,2,True,14,12,2,DE,DEU,276,150,Europe,Central Europe,GER,"6,1,None|6,1,None",
3,Porsche Tennis Grand Prix,https://photoresources.wtatennis.com/photo-resources/2026/04/16/853dd66d-3c70-40ab-9215-4a22158de24a/WTA-Tournament_Stuttgart-2017.png?height=128,https://www.wtatennis.com/tournaments/1051/stuttgart/2025,WTA 500,Clay,https://www.wtatennis.com/resources/v7.42.0/i/elements/500k-tag.svg,2025-04-14,2025-04-21,2025,4,Stuttgart,,,DE,DEU,276,150,,Europe,Central Europe,GER,,108.0,24950.0,32M/16Q/16D,,,,Round of 32,,Bye,,False,False,True,False,False,False,False,0,False,0,0,0,,,,,,,,,
1,Miami Open presented by Itaú,https://photoresources.wtatennis.com/photo-resources/2026/04/16/e0f2d5a2-cc05-4b2a-8377-f57edf6eaaa2/WTA-Tournament_Miami-2024.png?height=128,https://www.wtatennis.com/tournaments/902/miami/2025,WTA 1000,Hard,https://www.wtatennis.com/resources/v7.42.0/i/elements/1000k-tag.svg,2025-03-18,2025-03-30,2025,3,,POL,,,,,,,,,United States of America,34.0,120.0,103225.0,128M/48Q/32D,Magda Linette,,https://www.wtatennis.com/resources/v7.42.0/i/elements/flags/pol.svg,Round of 16,L,"4-6, 4-6",https://www.wtatennis.com/players/315130/magda-linette,False,False,False,False,False,False,False,2,False,20,8,12,PL,POL,616,150,Europe,Central Europe,POL,"4,6,None|4,6,None",
2,Miami Open presented by Itaú,https://photoresources.wtatennis.com/photo-resources/2026/04/16/e0f2d5a2-cc05-4b2a-8377-f57edf6eaaa2/WTA-Tournament_Miami-2024.png?height=128,https://www.wtatennis.com/tournaments/902/miami/2025,WTA 1000,Hard,https://www.wtatennis.com/resources/v7.42.0/i/elements/1000k-tag.svg,2025-03-18,2025-03-30,2025,3,,GRE,,,,,,,,,United States of America,51.0,120.0,103225.0,128M/48Q/32D,Maria Sakkari,28.0,https://www.wtatennis.com/resources/v7.42.0/i/elements/flags/gre.svg,Round of 32,W,"6-2, 6-4",https://www.wtatennis.com/players/318312/maria-sakkari,False,False,False,False,False,False,False,2,True,18,12,6,GR,GRC,300,150,Europe,Southeastern Europe,GRE,"6,2,None|6,4,None",
3,Miami Open presented by Itaú,https://photoresources.wtatennis.com/photo-resources/2026/04/16/e0f2d5a2-cc05-4b2a-8377-f57edf6eaaa2/WTA-Tournament_Miami-2024.png?height=128,https://www.wtatennis.com/tournaments/902/miami/2025,WTA 1000,Hard,https://www.wtatennis.com/resources/v7.42.0/i/elements/1000k-tag.svg,2025-03-18,2025-03-30,2025,3,,USA,,,,,,America|USA|US,,,United States of America,46.0,120.0,103225.0,128M/48Q/32D,Sofia Kenin,,https://www.wtatennis.com/resources/v7.42.0/i/elements/flags/usa.svg,Round of 64,W,"6-0, 6-0",https://www.wtatennis.com/players/320942/sofia-kenin,False,False,False,False,False,False,False,2,True,12,12,0,US,USA,840,019,America,Northern America,USA,"6,0,None|6,0,None",
4,Miami Open presented by Itaú,https://photoresources.wtatennis.com/photo-resources/2026/04/16/e0f2d5a2-cc05-4b2a-8377-f57edf6eaaa2/WTA-Tournament_Miami-2024.png?height=128,https://www.wtatennis.com/tournaments/902/miami/2025,WTA 1000,Hard,https://www.wtatennis.com/resources/v7.42.0/i/elements/1000k-tag.svg,2025-03-18,2025-03-30,2025,3,,,,,,,,,,,United States of America,,120.0,103225.0,128M/48Q/32D,,,,Round of 128,,Bye,,False,False,True,False,False,False,False,0,False,0,0,0,,,,,,,,,
1,BNP Paribas Open,https://photoresources.wtatennis.com/photo-resources/2026/04/16/a1736320-dd92-4829-8aa8-846c2edef410/WTA-Tournament_Indian-Wells-2017.png?height=128,https://www.wtatennis.com/tournaments/609/indian-wells/2025,WTA 1000,Hard,https://www.wtatennis.com/resources/v7.42.0/i/elements/1000k-tag.svg,2025-03-05,2025-03-16,2025,3,,SUI,,,,,,,,,United States of America,58.0,120.0,103525.0,128M/48Q/32D,Belinda Bencic,,https://www.wtatennis.com/resources/v7.42.0/i/elements/flags/sui.svg,Round of 16,L,"6-3, 3-6, 4-6",https://www.wtatennis.com/players/319001/belinda-bencic,False,False,False,False,False,False,False,3,True,28,13,15,CH,CHE,756,150,Europe,Central Europe,SUI,"6,3,None|3,6,None|4,6,None",
2,BNP Paribas Open,https://photoresources.wtatennis.com/photo-resources/2026/04/16/a1736320-dd92-4829-8aa8-846c2edef410/WTA-Tournament_Indian-Wells-2017.png?height=128,https://www.wtatennis.com/tournaments/609/indian-wells/2025,WTA 1000,Hard,https://www.wtatennis.com/resources/v7.42.0/i/elements/1000k-tag.svg,2025-03-05,2025-03-16,2025,3,,GRE,,,,,,,,,United States of America,29.0,120.0,103525.0,128M/48Q/32D,Maria Sakkari,29.0,https://www.wtatennis.com/resources/v7.42.0/i/elements/flags/gre.svg,Round of 32,W,"7-6 (1), 6-2",https://www.wtatennis.com/players/318312/maria-sakkari,False,False,False,True,False,False,True,2,True,21,13,8,GR,GRC,300,150,Europe,Southeastern Europe,GRE,"7,6,1|6,2,None",
3,BNP Paribas Open,https://photoresources.wtatennis.com/photo-resources/2026/04/16/a1736320-dd92-4829-8aa8-846c2edef410/WTA-Tournament_Indian-Wells-2017.png?height=128,https://www.wtatennis.com/tournaments/609/indian-wells/2025,WTA 1000,Hard,https://www.wtatennis.com/resources/v7.42.0/i/elements/1000k-tag.svg,2025-03-05,2025-03-16,2025,3,,JPN,,,,,,,,,United States of America,52.0,120.0,103525.0,128M/48Q/32D,Moyuka Uchijima,,https://www.wtatennis.com/resources/v7.42.0/i/elements/flags/jpn.svg,Round of 64,W,"6-4, 3-6, 7-6 (4)",https://www.wtatennis.com/players/327241/moyuka-uchijima,False,False,False,False,False,True,True,3,True,32,16,16,JP,JPN,392,142,Asia,East Asia,JPN,"6,4,None|3,6,None|7,6,4",
4,BNP Paribas Open,https://photoresources.wtatennis.com/photo-resources/2026/04/16/a1736320-dd92-4829-8aa8-846c2edef410/WTA-Tournament_Indian-Wells-2017.png?height=128,https://www.wtatennis.com/tournaments/609/indian-wells/2025,WTA 1000,Hard,https://www.wtatennis.com/resources/v7.42.0/i/elements/1000k-tag.svg,2025-03-05,2025-03-16,2025,3,,,,,,,,,,,United States of America,,120.0,103525.0,128M/48Q/32D,,,,Round of 128,,Bye,,False,False,True,False,False,False,False,0,False,0,0,0,,,,,,,,,
1,Dubai Duty Free Tennis Championships,https://photoresources.wtatennis.com/photo-resources/2026/04/16/2aee9d91-0756-4a92-b0bb-09b8d0dd8d76/WTA-Tournament_Dubai-2017.png?height=128,https://www.wtatennis.com/tournaments/718/dubai/2025,WTA 1000,Hard,https://www.wtatennis.com/resources/v7.42.0/i/elements/1000k-tag.svg,2025-02-16,2025-02-22,2025,2,Dubai,USA,,AE,ARE,784,142,America|USA|US,Asia,Western Asia,UAE,53.0,10.0,23500.0,64M/32Q/32D,Mccartney Kessler,,https://www.wtatennis.com/resources/v7.42.0/i/elements/flags/usa.svg,Round of 32,L,"4-6, 5-7",https://www.wtatennis.com/players/326678/mccartney-kessler,False,False,False,False,False,False,False,2,False,22,9,13,US,USA,840,019,America,Northern America,USA,"4,6,None|5,7,None",
2,Dubai Duty Free Tennis Championships,https://photoresources.wtatennis.com/photo-resources/2026/04/16/2aee9d91-0756-4a92-b0bb-09b8d0dd8d76/WTA-Tournament_Dubai-2017.png?height=128,https://www.wtatennis.com/tournaments/718/dubai/2025,WTA 1000,Hard,https://www.wtatennis.com/resources/v7.42.0/i/elements/1000k-tag.svg,2025-02-16,2025-02-22,2025,2,Dubai,,,AE,ARE,784,142,,Asia,Western Asia,UAE,,10.0,23500.0,64M/32Q/32D,,,,Round of 64,,Bye,,False,False,True,False,False,False,False,0,False,0,0,0,,,,,,,,,
1,Qatar TotalEnergies Open 2025,https://photoresources.wtatennis.com/photo-resources/2026/04/16/c44d1d24-32ae-4ebe-b5e8-bd228bfb4fc8/1003_Doha_2026.png?height=128,https://www.wtatennis.com/tournaments/1003/doha/2025,WTA 1000,Hard,https://www.wtatennis.com/resources/v7.42.0/i/elements/1000k-tag.svg,2025-02-09,2025-02-15,2025,2,Doha,UKR,,QA,QAT,634,142,,Asia,Western Asia,QAT,21.0,10.0,23500.0,64M/32Q/32D,Marta Kostyuk,,https://www.wtatennis.com/resources/v7.42.0/i/elements/flags/ukr.svg,Round of 32,L,"2-6, 5-7",https://www.wtatennis.com/players/326482/marta-kostyuk,False,False,False,False,False,False,False,2,False,20,7,13,UA,UKR,804,150,Europe,Eastern Europe,UKR,"2,6,None|5,7,None",
2,Qatar TotalEnergies Open 2025,https://photoresources.wtatennis.com/photo-resources/2026/04/16/c44d1d24-32ae-4ebe-b5e8-bd228bfb4fc8/1003_Doha_2026.png?height=128,https://www.wtatennis.com/tournaments/1003/doha/2025,WTA 1000,Hard,https://www.wtatennis.com/resources/v7.42.0/i/elements/1000k-tag.svg,2025-02-09,2025-02-15,2025,2,Doha,,,QA,QAT,634,142,,Asia,Western Asia,QAT,,10.0,23500.0,64M/32Q/32D,,,,Round of 64,,Bye,,False,False,True,False,False,False,False,0,False,0,0,0,,,,,,,,,
1,Australian Open,https://photoresources.wtatennis.com/photo-resources/2026/04/16/6b041ce4-8b08-4fff-be75-89d1c452c157/WTA-Tournament_Australian-Open.png?height=128,https://www.wtatennis.com/tournaments/901/australian-open/2025,Grand Slam,Hard,https://www.wtatennis.com/resources/v7.42.0/i/elements/gs-tag.svg,2025-01-12,2025-01-26,2025,1,Melbourne,ESP,,AU,AUS,036,009,Kingdom of Spain,Oceania,Australasia,AUS,12.0,430.0,419731.0,128M/128Q/64D,Paula Badosa,11.0,https://www.wtatennis.com/resources/v7.42.0/i/elements/flags/esp.svg,Quarterfinals,L,"5-7, 4-6",https://www.wtatennis.com/players/320124/paula-badosa,False,False,False,False,False,False,False,2,False,22,9,13,ES,ESP,724,150,Europe,Southern Europe,ESP,"5,7,None|4,6,None",
2,Australian Open,https://photoresources.wtatennis.com/photo-resources/2026/04/16/6b041ce4-8b08-4fff-be75-89d1c452c157/WTA-Tournament_Australian-Open.png?height=128,https://www.wtatennis.com/tournaments/901/australian-open/2025,Grand Slam,Hard,https://www.wtatennis.com/resources/v7.42.0/i/elements/gs-tag.svg,2025-01-12,2025-01-26,2025,1,Melbourne,SUI,,AU,AUS,036,009,,Oceania,Australasia,AUS,294.0,430.0,419731.0,128M/128Q/64D,Belinda Bencic,,https://www.wtatennis.com/resources/v7.42.0/i/elements/flags/sui.svg,Round of 16,W,"5-7, 6-2, 6-1",https://www.wtatennis.com/players/319001/belinda-bencic,False,False,False,False,False,False,False,3,False,27,17,10,CH,CHE,756,150,Europe,Central Europe,SUI,"5,7,None|6,2,None|6,1,None",
3,Australian Open,https://photoresources.wtatennis.com/photo-resources/2026/04/16/6b041ce4-8b08-4fff-be75-89d1c452c157/WTA-Tournament_Australian-Open.png?height=128,https://www.wtatennis.com/tournaments/901/australian-open/2025,Grand Slam,Hard,https://www.wtatennis.com/resources/v7.42.0/i/elements/gs-tag.svg,2025-01-12,2025-01-26,2025,1,Melbourne,CAN,,AU,AUS,036,009,,Oceania,Australasia,AUS,29.0,430.0,419731.0,128M/128Q/64D,Leylah Fernandez,30.0,https://www.wtatennis.com/resources/v7.42.0/i/elements/flags/can.svg,Round of 32,W,"6-4, 6-2",https://www.wtatennis.com/players/326735/leylah-fernandez,False,False,False,False,False,False,False,2,True,18,12,6,CA,CAN,124,019,America,Northern America,CAN,"6,4,None|6,2,None",
4,Australian Open,https://photoresources.wtatennis.com/photo-resources/2026/04/16/6b041ce4-8b08-4fff-be75-89d1c452c157/WTA-Tournament_Australian-Open.png?height=128,https://www.wtatennis.com/tournaments/901/australian-open/2025,Grand Slam,Hard,https://www.wtatennis.com/resources/v7.42.0/i/elements/gs-tag.svg,2025-01-12,2025-01-26,2025,1,Melbourne,GBR,,AU,AUS,036,009,Britain|UK|Great Britain|United Kingdom,Oceania,Australasia,AUS,173.0,430.0,419731.0,128M/128Q/64D,Jodie Burrage,,https://www.wtatennis.com/resources/v7.42.0/i/elements/flags/gbr.svg,Round of 64,W,"6-3, 7-5",https://www.wtatennis.com/players/323802/jodie-burrage,False,False,False,False,False,False,False,2,True,21,13,8,GB,GBR,826,150,Europe,Northern Europe,ENG,"6,3,None|7,5,None",
5,Australian Open,https://photoresources.wtatennis.com/photo-resources/2026/04/16/6b041ce4-8b08-4fff-be75-89d1c452c157/WTA-Tournament_Australian-Open.png?height=128,https://www.wtatennis.com/tournaments/901/australian-open/2025,Grand Slam,Hard,https://www.wtatennis.com/resources/v7.42.0/i/elements/gs-tag.svg,2025-01-12,2025-01-26,2025,1,Melbourne,USA,,AU,AUS,036,009,America|USA|US,Oceania,Australasia,AUS,74.0,430.0,419731.0,128M/128Q/64D,Sofia Kenin,,https://www.wtatennis.com/resources/v7.42.0/i/elements/flags/usa.svg,Round of 128,W,"6-3, 6-3",https://www.wtatennis.com/players/320942/sofia-kenin,False,False,False,False,False,False,False,2,True,18,12,6,US,USA,840,019,America,Northern America,USA,"6,3,None|6,3,None",
1,United Cup,https://photoresources.wtatennis.com/photo-resources/2026/04/16/4747c6b3-5f7f-4dd1-8f1b-30ede7d1b539/WTA-Tournament_United-cup.jpg?height=128,https://www.wtatennis.com/tournaments/2084/united-cup/2025,WTA 500,Hard,https://www.wtatennis.com/resources/v7.42.0/i/elements/500k-tag.svg,2025-12-27,2025-01-05,2025,12,Sydney + Perth,CAN,,AU,AUS,036,009,,Oceania,Australasia,AUS,31.0,500.0,907000.0,0M/0Q/0D,Leylah Fernandez,7.0,https://www.wtatennis.com/resources/v7.42.0/i/elements/flags/can.svg,Round R,W,"6-3, 6-2",https://www.wtatennis.com/players/326735/leylah-fernandez,False,False,False,False,False,False,False,2,True,17,12,5,CA,CAN,124,019,America,Northern America,CAN,"6,3,None|6,2,None",
2,United Cup,https://photoresources.wtatennis.com/photo-resources/2026/04/16/4747c6b3-5f7f-4dd1-8f1b-30ede7d1b539/WTA-Tournament_United-cup.jpg?height=128,https://www.wtatennis.com/tournaments/2084/united-cup/2025,WTA 500,Hard,https://www.wtatennis.com/resources/v7.42.0/i/elements/500k-tag.svg,2025-12-27,2025-01-05,2025,12,Sydney + Perth,CRO,,AU,AUS,036,009,,Oceania,Australasia,AUS,19.0,500.0,907000.0,0M/0Q/0D,Donna Vekic,18.0,https://www.wtatennis.com/resources/v7.42.0/i/elements/flags/cro.svg,Round R,W,"6-4, 6-2",https://www.wtatennis.com/players/318516/donna-vekic,False,False,False,False,False,False,False,2,True,18,12,6,HR,HRV,191,150,Europe,Southeastern Europe,CRO,"6,4,None|6,2,None",
3,United Cup,https://photoresources.wtatennis.com/photo-resources/2026/04/16/4747c6b3-5f7f-4dd1-8f1b-30ede7d1b539/WTA-Tournament_United-cup.jpg?height=128,https://www.wtatennis.com/tournaments/2084/united-cup/2025,WTA 500,Hard,https://www.wtatennis.com/resources/v7.42.0/i/elements/500k-tag.svg,2025-12-27,2025-01-05,2025,12,Sydney + Perth,CHN,,AU,AUS,036,009,,Oceania,Australasia,AUS,206.0,500.0,907000.0,0M/0Q/0D,Shuai Zhang,5.0,https://www.wtatennis.com/resources/v7.42.0/i/elements/flags/chn.svg,Round R,W,"7-6 (4), 6-2",https://www.wtatennis.com/players/311779/shuai-zhang,False,False,False,True,False,False,True,2,True,21,13,8,CN,CHN,156,142,Asia,East Asia,CHN,"7,6,4|6,2,None",
4,United Cup,https://photoresources.wtatennis.com/photo-resources/2026/04/16/4747c6b3-5f7f-4dd1-8f1b-30ede7d1b539/WTA-Tournament_United-cup.jpg?height=128,https://www.wtatennis.com/tournaments/2084/united-cup/2025,WTA 500,Hard,https://www.wtatennis.com/resources/v7.42.0/i/elements/500k-tag.svg,2025-12-27,2025-01-05,2025,12,Sydney + Perth,CZE,,AU,AUS,036,009,,Oceania,Australasia,AUS,22.0,500.0,907000.0,0M/0Q/0D,Karolina Muchova,8.0,https://www.wtatennis.com/resources/v7.42.0/i/elements/flags/cze.svg,Round R,W,"6-1, 6-4",https://www.wtatennis.com/players/322191/karolina-muchova,False,False,False,False,False,False,False,2,True,17,12,5,CZ,CZE,203,150,Europe,Central Europe,CZE,"6,1,None|6,4,None",
5,United Cup,https://photoresources.wtatennis.com/photo-resources/2026/04/16/4747c6b3-5f7f-4dd1-8f1b-30ede7d1b539/WTA-Tournament_United-cup.jpg?height=128,https://www.wtatennis.com/tournaments/2084/united-cup/2025,WTA 500,Hard,https://www.wtatennis.com/resources/v7.42.0/i/elements/500k-tag.svg,2025-12-27,2025-01-05,2025,12,Sydney + Perth,POL,,AU,AUS,036,009,,Oceania,Australasia,AUS,2.0,500.0,907000.0,0M/0Q/0D,Iga Swiatek,2.0,https://www.wtatennis.com/resources/v7.42.0/i/elements/flags/pol.svg,Round R,W,"6-4, 6-4",https://www.wtatennis.com/players/326408/iga-swiatek,False,False,False,False,False,False,False,2,True,20,12,8,PL,POL,616,150,Europe,Central Europe,POL,"6,4,None|6,4,None",
1,WTA Finals Riyadh,https://photoresources.wtatennis.com/photo-resources/2026/04/16/23556323-66a6-4f30-9a8b-9b1f26342c0c/WTA-finals.png?height=128,https://www.wtatennis.com/tournaments/808/wta-finals/2024,Finals,Hard,https://www.wtatennis.com/resources/v7.42.0/i/elements/finals-tag.svg,2024-11-02,2024-11-09,2024,11,Riyadh,CHN,,SA,SAU,682,142,,Asia,Western Asia,KSA,7.0,,4805000.0,8M/0Q/8D,Qinwen Zheng,7.0,https://www.wtatennis.com/resources/v7.42.0/i/elements/flags/chn.svg,Finals,W,"3-6, 6-4, 7-6 (2)",https://www.wtatennis.com/players/328120/qinwen-zheng,False,False,False,False,False,True,True,3,False,32,16,16,CN,CHN,156,142,Asia,East Asia,CHN,"3,6,None|6,4,None|7,6,2",
2,WTA Finals Riyadh,https://photoresources.wtatennis.com/photo-resources/2026/04/16/23556323-66a6-4f30-9a8b-9b1f26342c0c/WTA-finals.png?height=128,https://www.wtatennis.com/tournaments/808/wta-finals/2024,Finals,Hard,https://www.wtatennis.com/resources/v7.42.0/i/elements/finals-tag.svg,2024-11-02,2024-11-09,2024,11,Riyadh,BLR,,SA,SAU,682,142,,Asia,Western Asia,KSA,1.0,,4805000.0,8M/0Q/8D,Aryna Sabalenka,1.0,https://www.wtatennis.com/resources/v7.42.0/i/elements/flags/blr.svg,Semifinals,W,"7-6 (4), 6-3",https://www.wtatennis.com/players/320760/aryna-sabalenka,False,False,False,True,False,False,True,2,True,22,13,9,BY,BLR,112,150,Europe,Eastern Europe,BLR,"7,6,4|6,3,None",
3,WTA Finals Riyadh,https://photoresources.wtatennis.com/photo-resources/2026/04/16/23556323-66a6-4f30-9a8b-9b1f26342c0c/WTA-finals.png?height=128,https://www.wtatennis.com/tournaments/808/wta-finals/2024,Finals,Hard,https://www.wtatennis.com/resources/v7.42.0/i/elements/finals-tag.svg,2024-11-02,2024-11-09,2024,11,Riyadh,POL,,SA,SAU,682,142,,Asia,Western Asia,KSA,2.0,,4805000.0,8M/0Q/8D,Iga Swiatek,2.0,https://www.wtatennis.com/resources/v7.42.0/i/elements/flags/pol.svg,Group Stage Group,W,"6-3, 6-4",https://www.wtatennis.com/players/326408/iga-swiatek,False,False,False,False,False,False,False,2,True,19,12,7,PL,POL,616,150,Europe,Central Europe,POL,"6,3,None|6,4,None",
4,WTA Finals Riyadh,https://photoresources.wtatennis.com/photo-resources/2026/04/16/23556323-66a6-4f30-9a8b-9b1f26342c0c/WTA-finals.png?height=128,https://www.wtatennis.com/tournaments/808/wta-finals/2024,Finals,Hard,https://www.wtatennis.com/resources/v7.42.0/i/elements/finals-tag.svg,2024-11-02,2024-11-09,2024,11,Riyadh,USA,,SA,SAU,682,142,America|USA|US,Asia,Western Asia,KSA,6.0,,4805000.0,8M/0Q/8D,Jessica Pegula,6.0,https://www.wtatennis.com/resources/v7.42.0/i/elements/flags/usa.svg,Group Stage Group,W,"6-3, 6-2",https://www.wtatennis.com/players/316956/jessica-pegula,False,False,False,False,False,False,False,2,True,17,12,5,US,USA,840,019,America,Northern America,USA,"6,3,None|6,2,None",
5,WTA Finals Riyadh,https://photoresources.wtatennis.com/photo-resources/2026/04/16/23556323-66a6-4f30-9a8b-9b1f26342c0c/WTA-finals.png?height=128,https://www.wtatennis.com/tournaments/808/wta-finals/2024,Finals,Hard,https://www.wtatennis.com/resources/v7.42.0/i/elements/finals-tag.svg,2024-11-02,2024-11-09,2024,11,Riyadh,CZE,,SA,SAU,682,142,,Asia,Western Asia,KSA,13.0,,4805000.0,8M/0Q/8D,Barbora Krejcikova,8.0,https://www.wtatennis.com/resources/v7.42.0/i/elements/flags/cze.svg,Group Stage Group,L,"5-7, 4-6",https://www.wtatennis.com/players/318314/barbora-krejcikova,False,False,False,False,False,False,False,2,False,22,9,13,CZ,CZE,203,150,Europe,Central Europe,CZE,"5,7,None|4,6,None",
1,Dongfeng Voyah · Wuhan Open,https://photoresources.wtatennis.com/photo-resources/2026/04/16/63ef78ed-e027-4a3c-ba3b-2fb29fa7d08a/WTA-Tournament_Wuhan-2024.png?height=128,https://www.wtatennis.com/tournaments/1075/wuhan/2024,WTA 1000,Hard,https://www.wtatennis.com/resources/v7.42.0/i/elements/1000k-tag.svg,2024-10-07,2024-10-13,2024,10,Wuhan,BLR,,CN,CHN,156,142,,Asia,East Asia,CHN,2.0,390.0,159439.0,64M/32Q/32D,Aryna Sabalenka,1.0,https://www.wtatennis.com/resources/v7.42.0/i/elements/flags/blr.svg,Semifinals,L,"6-1, 4-6, 4-6",https://www.wtatennis.com/players/320760/aryna-sabalenka,False,False,False,False,False,False,False,3,True,27,14,13,BY,BLR,112,150,Europe,Eastern Europe,BLR,"6,1,None|4,6,None|4,6,None",
2,Dongfeng Voyah · Wuhan Open,https://photoresources.wtatennis.com/photo-resources/2026/04/16/63ef78ed-e027-4a3c-ba3b-2fb29fa7d08a/WTA-Tournament_Wuhan-2024.png?height=128,https://www.wtatennis.com/tournaments/1075/wuhan/2024,WTA 1000,Hard,https://www.wtatennis.com/resources/v7.42.0/i/elements/1000k-tag.svg,2024-10-07,2024-10-13,2024,10,Wuhan,POL,,CN,CHN,156,142,,Asia,East Asia,CHN,45.0,390.0,159439.0,64M/32Q/32D,Magda Linette,,https://www.wtatennis.com/resources/v7.42.0/i/elements/flags/pol.svg,Quarterfinals,W,"6-0, 6-4",https://www.wtatennis.com/players/315130/magda-linette,False,False,False,False,False,False,False,2,True,16,12,4,PL,POL,616,150,Europe,Central Europe,POL,"6,0,None|6,4,None",
3,Dongfeng Voyah · Wuhan Open,https://photoresources.wtatennis.com/photo-resources/2026/04/16/63ef78ed-e027-4a3c-ba3b-2fb29fa7d08a/WTA-Tournament_Wuhan-2024.png?height=128,https://www.wtatennis.com/tournaments/1075/wuhan/2024,WTA 1000,Hard,https://www.wtatennis.com/resources/v7.42.0/i/elements/1000k-tag.svg,2024-10-07,2024-10-13,2024,10,Wuhan,UKR,,CN,CHN,156,142,,Asia,East Asia,CHN,17.0,390.0,159439.0,64M/32Q/32D,Marta Kostyuk,13.0,https://www.wtatennis.com/resources/v7.42.0/i/elements/flags/ukr.svg,Round of 16,W,"6-4, 6-1",https://www.wtatennis.com/players/326482/marta-kostyuk,False,False,False,False,False,False,False,2,True,17,12,5,UA,UKR,804,150,Europe,Eastern Europe,UKR,"6,4,None|6,1,None",
4,Dongfeng Voyah · Wuhan Open,https://photoresources.wtatennis.com/photo-resources/2026/04/16/63ef78ed-e027-4a3c-ba3b-2fb29fa7d08a/WTA-Tournament_Wuhan-2024.png?height=128,https://www.wtatennis.com/tournaments/1075/wuhan/2024,WTA 1000,Hard,https://www.wtatennis.com/resources/v7.42.0/i/elements/1000k-tag.svg,2024-10-07,2024-10-13,2024,10,Wuhan,BUL,,CN,CHN,156,142,,Asia,East Asia,CHN,48.0,390.0,159439.0,64M/32Q/32D,Viktoriya Tomova,,https://www.wtatennis.com/resources/v7.42.0/i/elements/flags/bul.svg,Round of 32,W,"6-1, 6-2",https://www.wtatennis.com/players/317584/viktoriya-tomova,False,False,False,False,False,False,False,2,True,15,12,3,BG,BGR,100,150,Europe,Southeastern Europe,BUL,"6,1,None|6,2,None",
5,Dongfeng Voyah · Wuhan Open,https://photoresources.wtatennis.com/photo-resources/2026/04/16/63ef78ed-e027-4a3c-ba3b-2fb29fa7d08a/WTA-Tournament_Wuhan-2024.png?height=128,https://www.wtatennis.com/tournaments/1075/wuhan/2024,WTA 1000,Hard,https://www.wtatennis.com/resources/v7.42.0/i/elements/1000k-tag.svg,2024-10-07,2024-10-13,2024,10,Wuhan,,,CN,CHN,156,142,,Asia,East Asia,CHN,,390.0,159439.0,64M/32Q/32D,,,,Round of 64,,Bye,,False,False,True,False,False,False,False,0,False,0,0,0,,,,,,,,,
1,China Open,https://photoresources.wtatennis.com/photo-resources/2026/04/16/8f77c099-1d17-4cd7-aa46-7c21addc471f/WTA-Tournament_Beijing.png?height=128,https://www.wtatennis.com/tournaments/1020/beijing/2024,WTA 1000,Hard,https://www.wtatennis.com/resources/v7.42.0/i/elements/1000k-tag.svg,2024-09-25,2024-10-06,2024,9,Beijing,CZE,,CN,CHN,156,142,,Asia,East Asia,CHN,49.0,1000.0,1100000.0,128M/48Q/32D,Karolina Muchova,,https://www.wtatennis.com/resources/v7.42.0/i/elements/flags/cze.svg,Finals,W,"6-1, 6-3",https://www.wtatennis.com/players/322191/karolina-muchova,False,False,False,False,False,False,False,2,True,16,12,4,CZ,CZE,203,150,Europe,Central Europe,CZE,"6,1,None|6,3,None",
2,China Open,https://photoresources.wtatennis.com/photo-resources/2026/04/16/8f77c099-1d17-4cd7-aa46-7c21addc471f/WTA-Tournament_Beijing.png?height=128,https://www.wtatennis.com/tournaments/1020/beijing/2024,WTA 1000,Hard,https://www.wtatennis.com/resources/v7.42.0/i/elements/1000k-tag.svg,2024-09-25,2024-10-06,2024,9,Beijing,ESP,,CN,CHN,156,142,Kingdom of Spain,Asia,East Asia,CHN,19.0,1000.0,1100000.0,128M/48Q/32D,Paula Badosa,15.0,https://www.wtatennis.com/resources/v7.42.0/i/elements/flags/esp.svg,Semifinals,W,"4-6, 6-4, 6-2",https://www.wtatennis.com/players/320124/paula-badosa,False,False,False,False,False,False,False,3,False,28,16,12,ES,ESP,724,150,Europe,Southern Europe,ESP,"4,6,None|6,4,None|6,2,None",
3,China Open,https://photoresources.wtatennis.com/photo-resources/2026/04/16/8f77c099-1d17-4cd7-aa46-7c21addc471f/WTA-Tournament_Beijing.png?height=128,https://www.wtatennis.com/tournaments/1020/beijing/2024,WTA 1000,Hard,https://www.wtatennis.com/resources/v7.42.0/i/elements/1000k-tag.svg,2024-09-25,2024-10-06,2024,9,Beijing,UKR,,CN,CHN,156,142,,Asia,East Asia,CHN,115.0,1000.0,1100000.0,128M/48Q/32D,Yuliia Starodubtseva,,https://www.wtatennis.com/resources/v7.42.0/i/elements/flags/ukr.svg,Quarterfinals,W,"2-6, 6-2, 6-2",https://www.wtatennis.com/players/325338/yuliia-starodubtseva,False,False,False,False,False,False,False,3,False,24,14,10,UA,UKR,804,150,Europe,Eastern Europe,UKR,"2,6,None|6,2,None|6,2,None",
4,China Open,https://photoresources.wtatennis.com/photo-resources/2026/04/16/8f77c099-1d17-4cd7-aa46-7c21addc471f/WTA-Tournament_Beijing.png?height=128,https://www.wtatennis.com/tournaments/1020/beijing/2024,WTA 1000,Hard,https://www.wtatennis.com/resources/v7.42.0/i/elements/1000k-tag.svg,2024-09-25,2024-10-06,2024,9,Beijing,JPN,,CN,CHN,156,142,,Asia,East Asia,CHN,73.0,1000.0,1100000.0,128M/48Q/32D,Naomi Osaka,,https://www.wtatennis.com/resources/v7.42.0/i/elements/flags/jpn.svg,Round of 16,W,"3-6, 6-4",https://www.wtatennis.com/players/319998/naomi-osaka,True,False,False,False,False,False,False,2,False,19,9,10,JP,JPN,392,142,Asia,East Asia,JPN,"3,6,None|6,4,None|Ret",
5,China Open,https://photoresources.wtatennis.com/photo-resources/2026/04/16/8f77c099-1d17-4cd7-aa46-7c21addc471f/WTA-Tournament_Beijing.png?height=128,https://www.wtatennis.com/tournaments/1020/beijing/2024,WTA 1000,Hard,https://www.wtatennis.com/resources/v7.42.0/i/elements/1000k-tag.svg,2024-09-25,2024-10-06,2024,9,Beijing,GBR,,CN,CHN,156,142,Britain|UK|Great Britain|United Kingdom,Asia,East Asia,CHN,34.0,1000.0,1100000.0,128M/48Q/32D,Katie Boulter,26.0,https://www.wtatennis.com/resources/v7.42.0/i/elements/flags/gbr.svg,Round of 32,W,"7-5, 6-2",https://www.wtatennis.com/players/319125/katie-boulter,False,False,False,False,False,False,False,2,True,20,13,7,GB,GBR,826,150,Europe,Northern Europe,ENG,"7,5,None|6,2,None",
6,China Open,https://photoresources.wtatennis.com/photo-resources/2026/04/16/8f77c099-1d17-4cd7-aa46-7c21addc471f/WTA-Tournament_Beijing.png?height=128,https://www.wtatennis.com/tournaments/1020/beijing/2024,WTA 1000,Hard,https://www.wtatennis.com/resources/v7.42.0/i/elements/1000k-tag.svg,2024-09-25,2024-10-06,2024,9,Beijing,FRA,,CN,CHN,156,142,,Asia,East Asia,CHN,56.0,1000.0,1100000.0,128M/48Q/32D,Clara Burel,,https://www.wtatennis.com/resources/v7.42.0/i/elements/flags/fra.svg,Round of 64,W,"7-5, 6-3",https://www.wtatennis.com/players/325320/clara-burel,False,False,False,False,False,False,False,2,True,21,13,8,FR,FRA,250,150,Europe,Western Europe,FRA,"7,5,None|6,3,None",
7,China Open,https://photoresources.wtatennis.com/photo-resources/2026/04/16/8f77c099-1d17-4cd7-aa46-7c21addc471f/WTA-Tournament_Beijing.png?height=128,https://www.wtatennis.com/tournaments/1020/beijing/2024,WTA 1000,Hard,https://www.wtatennis.com/resources/v7.42.0/i/elements/1000k-tag.svg,2024-09-25,2024-10-06,2024,9,Beijing,,,CN,CHN,156,142,,Asia,East Asia,CHN,,1000.0,1100000.0,128M/48Q/32D,,,,Round of 128,,Bye,,False,False,True,False,False,False,False,0,False,0,0,0,,,,,,,,,
1,US Open,https://photoresources.wtatennis.com/photo-resources/2026/04/16/8d0a3d41-7b45-434b-a75b-b7d2eb0922b4/WTA-Tournament_US-Open.png?height=128,https://www.wtatennis.com/tournaments/905/us-open/2024,Grand Slam,Hard,https://www.wtatennis.com/resources/v7.42.0/i/elements/gs-tag.svg,2024-08-26,2024-09-08,2024,8,New York,USA,NY,,,,,America|USA|US,,,United States of America,12.0,240.0,325000.0,128M/128Q/64D,Emma Navarro,13.0,https://www.wtatennis.com/resources/v7.42.0/i/elements/flags/usa.svg,Round of 16,L,"3-6, 6-4, 3-6",https://www.wtatennis.com/players/325410/emma-navarro,False,False,False,False,False,False,False,3,False,28,12,16,US,USA,840,019,America,Northern America,USA,"3,6,None|6,4,None|3,6,None",
2,US Open,https://photoresources.wtatennis.com/photo-resources/2026/04/16/8d0a3d41-7b45-434b-a75b-b7d2eb0922b4/WTA-Tournament_US-Open.png?height=128,https://www.wtatennis.com/tournaments/905/us-open/2024,Grand Slam,Hard,https://www.wtatennis.com/resources/v7.42.0/i/elements/gs-tag.svg,2024-08-26,2024-09-08,2024,8,New York,UKR,NY,,,,,,,,United States of America,28.0,240.0,325000.0,128M/128Q/64D,Elina Svitolina,27.0,https://www.wtatennis.com/resources/v7.42.0/i/elements/flags/ukr.svg,Round of 32,W,"3-6, 6-3, 6-3",https://www.wtatennis.com/players/316738/elina-svitolina,False,False,False,False,False,False,False,3,False,27,15,12,UA,UKR,804,150,Europe,Eastern Europe,UKR,"3,6,None|6,3,None|6,3,None",
3,US Open,https://photoresources.wtatennis.com/photo-resources/2026/04/16/8d0a3d41-7b45-434b-a75b-b7d2eb0922b4/WTA-Tournament_US-Open.png?height=128,https://www.wtatennis.com/tournaments/905/us-open/2024,Grand Slam,Hard,https://www.wtatennis.com/resources/v7.42.0/i/elements/gs-tag.svg,2024-08-26,2024-09-08,2024,8,New York,GER,NY,,,,,,,,United States of America,99.0,240.0,325000.0,128M/128Q/64D,Tatjana Maria,,https://www.wtatennis.com/resources/v7.42.0/i/elements/flags/ger.svg,Round of 64,W,"6-4, 6-0",https://www.wtatennis.com/players/310440/tatjana-maria,False,False,False,False,False,False,False,2,True,16,12,4,DE,DEU,276,150,Europe,Central Europe,GER,"6,4,None|6,0,None",
4,US Open,https://photoresources.wtatennis.com/photo-resources/2026/04/16/8d0a3d41-7b45-434b-a75b-b7d2eb0922b4/WTA-Tournament_US-Open.png?height=128,https://www.wtatennis.com/tournaments/905/us-open/2024,Grand Slam,Hard,https://www.wtatennis.com/resources/v7.42.0/i/elements/gs-tag.svg,2024-08-26,2024-09-08,2024,8,New York,FRA,NY,,,,,,,,United States of America,66.0,240.0,325000.0,128M/128Q/64D,Varvara Gracheva,,https://www.wtatennis.com/resources/v7.42.0/i/elements/flags/fra.svg,Round of 128,W,"6-2, 6-0",https://www.wtatennis.com/players/325836/varvara-gracheva,False,False,False,False,False,False,False,2,True,14,12,2,FR,FRA,250,150,Europe,Western Europe,FRA,"6,2,None|6,0,None",
1,Cincinnati Open,https://photoresources.wtatennis.com/photo-resources/2026/04/16/77288aaf-4c7f-4b8e-86f6-315c2ef872c5/WTA-Tournament_Cincinnati-2024.png?height=128,https://www.wtatennis.com/tournaments/1017/cincinnati/2024,WTA 1000,Hard,https://www.wtatennis.com/resources/v7.42.0/i/elements/1000k-tag.svg,2024-08-13,2024-08-19,2024,8,Cincinnati,KAZ,OH,,,,,,,,United States of America,34.0,10.0,20650.0,64M/32Q/32D,Yulia Putintseva,,https://www.wtatennis.com/resources/v7.42.0/i/elements/flags/kaz.svg,Round of 32,L,"4-6, 6-2, 4-6",https://www.wtatennis.com/players/317683/yulia-putintseva,False,False,False,False,False,False,False,3,False,28,14,14,KZ,KAZ,398,142,Asia,Central Asia,KAZ,"4,6,None|6,2,None|4,6,None",
2,Cincinnati Open,https://photoresources.wtatennis.com/photo-resources/2026/04/16/77288aaf-4c7f-4b8e-86f6-315c2ef872c5/WTA-Tournament_Cincinnati-2024.png?height=128,https://www.wtatennis.com/tournaments/1017/cincinnati/2024,WTA 1000,Hard,https://www.wtatennis.com/resources/v7.42.0/i/elements/1000k-tag.svg,2024-08-13,2024-08-19,2024,8,Cincinnati,,OH,,,,,,,,United States of America,,10.0,20650.0,64M/32Q/32D,,,,Round of 64,,Bye,,False,False,True,False,False,False,False,0,False,0,0,0,,,,,,,,,
1,National Bank Open presented by Rogers,https://photoresources.wtatennis.com/photo-resources/2026/04/16/12d4c93e-8e56-4d81-ac72-ea0d1498127e/WTA-Tournament_Canada-English-2021.png?height=128,https://www.wtatennis.com/tournaments/806/montreal/2024,WTA 1000,Hard,https://www.wtatennis.com/resources/v7.42.0/i/elements/1000k-tag.svg,2024-08-06,2024-08-12,2024,8,Toronto,RUS,,CA,CAN,124,019,,America,Northern America,CAN,24.0,120.0,36454.0,64M/32Q/32D,Diana Shnaider,14.0,https://www.wtatennis.com/resources/v7.42.0/i/elements/flags/rus.svg,Round of 16,L,"4-6, 1-6",https://www.wtatennis.com/players/330482/diana-shnaider,False,False,False,False,False,False,False,2,False,17,5,12,RU,RUS,643,150,Europe,Eastern Europe,RUS,"4,6,None|1,6,None",
2,National Bank Open presented by Rogers,https://photoresources.wtatennis.com/photo-resources/2026/04/16/12d4c93e-8e56-4d81-ac72-ea0d1498127e/WTA-Tournament_Canada-English-2021.png?height=128,https://www.wtatennis.com/tournaments/806/montreal/2024,WTA 1000,Hard,https://www.wtatennis.com/resources/v7.42.0/i/elements/1000k-tag.svg,2024-08-06,2024-08-12,2024,8,Toronto,CHN,,CA,CAN,124,019,,America,Northern America,CAN,72.0,120.0,36454.0,64M/32Q/32D,Yafan Wang,,https://www.wtatennis.com/resources/v7.42.0/i/elements/flags/chn.svg,Round of 32,W,"6-4, 6-4",https://www.wtatennis.com/players/317510/yafan-wang,False,False,False,False,False,False,False,2,True,20,12,8,CN,CHN,156,142,Asia,East Asia,CHN,"6,4,None|6,4,None",
3,National Bank Open presented by Rogers,https://photoresources.wtatennis.com/photo-resources/2026/04/16/12d4c93e-8e56-4d81-ac72-ea0d1498127e/WTA-Tournament_Canada-English-2021.png?height=128,https://www.wtatennis.com/tournaments/806/montreal/2024,WTA 1000,Hard,https://www.wtatennis.com/resources/v7.42.0/i/elements/1000k-tag.svg,2024-08-06,2024-08-12,2024,8,Toronto,,,CA,CAN,124,019,,America,Northern America,CAN,,120.0,36454.0,64M/32Q/32D,,,,Round of 64,,Bye,,False,False,True,False,False,False,False,0,False,0,0,0,,,,,,,,,
1,OLYMPICS TENNIS EVENT,,https://www.wtatennis.com/tournaments/650/olympics/2024,OLYMPICS,Clay,,2024-07-27,2024-08-04,2024,7,Paris,CRO,,FR,FRA,250,150,,Europe,Western Europe,FRA,21.0,,,64M/0Q/32D,Donna Vekic,13.0,https://www.wtatennis.com/resources/v7.42.0/i/elements/flags/cro.svg,Round of 16,L,"6-7 (7), 2-6",https://www.wtatennis.com/players/318516/donna-vekic,False,False,False,True,False,False,True,2,False,21,8,13,HR,HRV,191,150,Europe,Southeastern Europe,CRO,"6,7,7|2,6,None",
2,OLYMPICS TENNIS EVENT,,https://www.wtatennis.com/tournaments/650/olympics/2024,OLYMPICS,Clay,,2024-07-27,2024-08-04,2024,7,Paris,ARG,,FR,FRA,250,150,,Europe,Western Europe,FRA,89.0,,,64M/0Q/32D,Maria Lourdes Carle,,https://www.wtatennis.com/resources/v7.42.0/i/elements/flags/arg.svg,Round of 32,W,"6-1, 6-1",https://www.wtatennis.com/players/322638/maria-lourdes-carle,False,False,False,False,False,False,False,2,True,14,12,2,AR,ARG,032,019,America,Southern South America,ARG,"6,1,None|6,1,None",
3,OLYMPICS TENNIS EVENT,,https://www.wtatennis.com/tournaments/650/olympics/2024,OLYMPICS,Clay,,2024-07-27,2024-08-04,2024,7,Paris,AUS,,FR,FRA,250,150,,Europe,Western Europe,FRA,123.0,,,64M/0Q/32D,Ajla Tomljanovic,,https://www.wtatennis.com/resources/v7.42.0/i/elements/flags/aus.svg,Round of 64,W,"6-3, 6-0",https://www.wtatennis.com/players/315232/ajla-tomljanovic,False,False,False,False,False,False,False,2,True,15,12,3,AU,AUS,036,009,Oceania,Australasia,AUS,"6,3,None|6,0,None",
1,"The Championships, Wimbledon",https://photoresources.wtatennis.com/photo-resources/2026/04/16/d29814e6-6e80-4015-b680-9a7f3cb065c3/WTA-Tournament_Wimbledon.png?height=128,https://www.wtatennis.com/tournaments/904/wimbledon/2024,Grand Slam,Grass,https://www.wtatennis.com/resources/v7.42.0/i/elements/gs-tag.svg,2024-07-01,2024-07-14,2024,7,Wimbledon,USA,,GB,GBR,826,150,America|USA|US,Europe,Northern Europe,ENG,17.0,240.0,285050.0,128M/128Q/64D,Emma Navarro,19.0,https://www.wtatennis.com/resources/v7.42.0/i/elements/flags/usa.svg,Round of 16,L,"4-6, 3-6",https://www.wtatennis.com/players/325410/emma-navarro,False,False,False,False,False,False,False,2,False,19,7,12,US,USA,840,019,America,Northern America,USA,"4,6,None|3,6,None",
2,"The Championships, Wimbledon",https://photoresources.wtatennis.com/photo-resources/2026/04/16/d29814e6-6e80-4015-b680-9a7f3cb065c3/WTA-Tournament_Wimbledon.png?height=128,https://www.wtatennis.com/tournaments/904/wimbledon/2024,Grand Slam,Grass,https://www.wtatennis.com/resources/v7.42.0/i/elements/gs-tag.svg,2024-07-01,2024-07-14,2024,7,Wimbledon,GBR,,GB,GBR,826,150,Britain|UK|Great Britain|United Kingdom,Europe,Northern Europe,ENG,298.0,240.0,285050.0,128M/128Q/64D,Sonay Kartal,,https://www.wtatennis.com/resources/v7.42.0/i/elements/flags/gbr.svg,Round of 32,W,"6-4, 6-0",https://www.wtatennis.com/players/329918/sonay-kartal,False,False,False,False,False,False,False,2,True,16,12,4,GB,GBR,826,150,Europe,Northern Europe,ENG,"6,4,None|6,0,None",
3,"The Championships, Wimbledon",https://photoresources.wtatennis.com/photo-resources/2026/04/16/d29814e6-6e80-4015-b680-9a7f3cb065c3/WTA-Tournament_Wimbledon.png?height=128,https://www.wtatennis.com/tournaments/904/wimbledon/2024,Grand Slam,Grass,https://www.wtatennis.com/resources/v7.42.0/i/elements/gs-tag.svg,2024-07-01,2024-07-14,2024,7,Wimbledon,ROU,,GB,GBR,826,150,,Europe,Northern Europe,ENG,142.0,240.0,285050.0,128M/128Q/64D,Anca Todoni,,https://www.wtatennis.com/resources/v7.42.0/i/elements/flags/rou.svg,Round of 64,W,"6-2, 6-1",https://www.wtatennis.com/players/330442/anca-todoni,False,False,False,False,False,False,False,2,True,15,12,3,RO,ROU,642,150,Europe,Southeastern Europe,ROU,"6,2,None|6,1,None",
4,"The Championships, Wimbledon",https://photoresources.wtatennis.com/photo-resources/2026/04/16/d29814e6-6e80-4015-b680-9a7f3cb065c3/WTA-Tournament_Wimbledon.png?height=128,https://www.wtatennis.com/tournaments/904/wimbledon/2024,Grand Slam,Grass,https://www.wtatennis.com/resources/v7.42.0/i/elements/gs-tag.svg,2024-07-01,2024-07-14,2024,7,Wimbledon,USA,,GB,GBR,826,150,America|USA|US,Europe,Northern Europe,ENG,51.0,240.0,285050.0,128M/128Q/64D,Caroline Dolehide,,https://www.wtatennis.com/resources/v7.42.0/i/elements/flags/usa.svg,Round of 128,W,"6-1, 6-2",https://www.wtatennis.com/players/322052/caroline-dolehide,False,False,False,False,False,False,False,2,True,15,12,3,US,USA,840,019,America,Northern America,USA,"6,1,None|6,2,None",
1,ecotrans Ladies Open,https://photoresources.wtatennis.com/photo-resources/2025/05/23/7fdec664-b1a6-44fc-8772-ecfb34d7aca2/WTA-Tournament_Berlin-2024.png?height=128,https://www.wtatennis.com/tournaments/2012/berlin/2024,WTA 500,Grass,https://www.wtatennis.com/resources/v7.42.0/i/elements/500k-tag.svg,2024-06-17,2024-06-23,2024,6,Berlin,USA,,DE,DEU,276,150,America|USA|US,Europe,Central Europe,GER,5.0,195.0,44525.0,32M/24Q/16D,Jessica Pegula,4.0,https://www.wtatennis.com/resources/v7.42.0/i/elements/flags/usa.svg,Semifinals,L,"5-7, 6-7 (2)",https://www.wtatennis.com/players/316956/jessica-pegula,False,False,False,False,True,False,True,2,False,25,11,14,US,USA,840,019,America,Northern America,USA,"5,7,None|6,7,2",
2,ecotrans Ladies Open,https://photoresources.wtatennis.com/photo-resources/2025/05/23/7fdec664-b1a6-44fc-8772-ecfb34d7aca2/WTA-Tournament_Berlin-2024.png?height=128,https://www.wtatennis.com/tournaments/2012/berlin/2024,WTA 500,Grass,https://www.wtatennis.com/resources/v7.42.0/i/elements/500k-tag.svg,2024-06-17,2024-06-23,2024,6,Berlin,TUN,,DE,DEU,276,150,,Europe,Central Europe,GER,10.0,195.0,44525.0,32M/24Q/16D,Ons Jabeur,8.0,https://www.wtatennis.com/resources/v7.42.0/i/elements/flags/tun.svg,Quarterfinals,W,7-69,https://www.wtatennis.com/players/316847/ons-jabeur,True,False,False,True,False,False,True,1,True,76,7,69,TN,TUN,788,002,Africa,North Africa,TUN,"7,69,None|Ret",
3,ecotrans Ladies Open,https://photoresources.wtatennis.com/photo-resources/2025/05/23/7fdec664-b1a6-44fc-8772-ecfb34d7aca2/WTA-Tournament_Berlin-2024.png?height=128,https://www.wtatennis.com/tournaments/2012/berlin/2024,WTA 500,Grass,https://www.wtatennis.com/resources/v7.42.0/i/elements/500k-tag.svg,2024-06-17,2024-06-23,2024,6,Berlin,RUS,,DE,DEU,276,150,,Europe,Central Europe,GER,20.0,195.0,44525.0,32M/24Q/16D,Ekaterina Alexandrova,,https://www.wtatennis.com/resources/v7.42.0/i/elements/flags/rus.svg,Round of 16,W,"7-6 (6), 6-2",https://www.wtatennis.com/players/319007/ekaterina-alexandrova,False,False,False,True,False,False,True,2,True,21,13,8,RU,RUS,643,150,Europe,Eastern Europe,RUS,"7,6,6|6,2,None",
4,ecotrans Ladies Open,https://photoresources.wtatennis.com/photo-resources/2025/05/23/7fdec664-b1a6-44fc-8772-ecfb34d7aca2/WTA-Tournament_Berlin-2024.png?height=128,https://www.wtatennis.com/tournaments/2012/berlin/2024,WTA 500,Grass,https://www.wtatennis.com/resources/v7.42.0/i/elements/500k-tag.svg,2024-06-17,2024-06-23,2024,6,Berlin,,,DE,DEU,276,150,,Europe,Central Europe,GER,,195.0,44525.0,32M/24Q/16D,,,,Round of 32,,Bye,,False,False,True,False,False,False,False,0,False,0,0,0,,,,,,,,,
1,Roland Garros,https://photoresources.wtatennis.com/photo-resources/2026/04/16/0893d8be-5450-4e36-a144-cdd958c1b484/WTA-Tournament_Roland-Garros.png?height=128,https://www.wtatennis.com/tournaments/903/roland-garros/2024,Grand Slam,Clay,https://www.wtatennis.com/resources/v7.42.0/i/elements/gs-tag.svg,2024-05-26,2024-06-09,2024,5,Paris,POL,,FR,FRA,250,150,,Europe,Western Europe,FRA,1.0,780.0,744414.0,128M/128Q/64D,Iga Swiatek,1.0,https://www.wtatennis.com/resources/v7.42.0/i/elements/flags/pol.svg,Semifinals,L,"2-6, 4-6",https://www.wtatennis.com/players/326408/iga-swiatek,False,False,False,False,False,False,False,2,False,18,6,12,PL,POL,616,150,Europe,Central Europe,POL,"2,6,None|4,6,None",
2,Roland Garros,https://photoresources.wtatennis.com/photo-resources/2026/04/16/0893d8be-5450-4e36-a144-cdd958c1b484/WTA-Tournament_Roland-Garros.png?height=128,https://www.wtatennis.com/tournaments/903/roland-garros/2024,Grand Slam,Clay,https://www.wtatennis.com/resources/v7.42.0/i/elements/gs-tag.svg,2024-05-26,2024-06-09,2024,5,Paris,TUN,,FR,FRA,250,150,,Europe,Western Europe,FRA,9.0,780.0,744414.0,128M/128Q/64D,Ons Jabeur,8.0,https://www.wtatennis.com/resources/v7.42.0/i/elements/flags/tun.svg,Quarterfinals,W,"4-6, 6-2, 6-3",https://www.wtatennis.com/players/316847/ons-jabeur,False,False,False,False,False,False,False,3,False,27,16,11,TN,TUN,788,002,Africa,North Africa,TUN,"4,6,None|6,2,None|6,3,None",
3,Roland Garros,https://photoresources.wtatennis.com/photo-resources/2026/04/16/0893d8be-5450-4e36-a144-cdd958c1b484/WTA-Tournament_Roland-Garros.png?height=128,https://www.wtatennis.com/tournaments/903/roland-garros/2024,Grand Slam,Clay,https://www.wtatennis.com/resources/v7.42.0/i/elements/gs-tag.svg,2024-05-26,2024-06-09,2024,5,Paris,ITA,,FR,FRA,250,150,,Europe,Western Europe,FRA,51.0,780.0,744414.0,128M/128Q/64D,Elisabetta Cocciaretto,,https://www.wtatennis.com/resources/v7.42.0/i/elements/flags/ita.svg,Round of 16,W,"6-1, 6-2",https://www.wtatennis.com/players/327909/elisabetta-cocciaretto,False,False,False,False,False,False,False,2,True,15,12,3,IT,ITA,380,150,Europe,Southern Europe,ITA,"6,1,None|6,2,None",
4,Roland Garros,https://photoresources.wtatennis.com/photo-resources/2026/04/16/0893d8be-5450-4e36-a144-cdd958c1b484/WTA-Tournament_Roland-Garros.png?height=128,https://www.wtatennis.com/tournaments/903/roland-garros/2024,Grand Slam,Clay,https://www.wtatennis.com/resources/v7.42.0/i/elements/gs-tag.svg,2024-05-26,2024-06-09,2024,5,Paris,UKR,,FR,FRA,250,150,,Europe,Western Europe,FRA,32.0,780.0,744414.0,128M/128Q/64D,Dayana Yastremska,30.0,https://www.wtatennis.com/resources/v7.42.0/i/elements/flags/ukr.svg,Round of 32,W,"6-2, 6-4",https://www.wtatennis.com/players/324261/dayana-yastremska,False,False,False,False,False,False,False,2,True,18,12,6,UA,UKR,804,150,Europe,Eastern Europe,UKR,"6,2,None|6,4,None",
5,Roland Garros,https://photoresources.wtatennis.com/photo-resources/2026/04/16/0893d8be-5450-4e36-a144-cdd958c1b484/WTA-Tournament_Roland-Garros.png?height=128,https://www.wtatennis.com/tournaments/903/roland-garros/2024,Grand Slam,Clay,https://www.wtatennis.com/resources/v7.42.0/i/elements/gs-tag.svg,2024-05-26,2024-06-09,2024,5,Paris,SLO,,FR,FRA,250,150,,Europe,Western Europe,FRA,131.0,780.0,744414.0,128M/128Q/64D,Tamara Zidansek,,https://www.wtatennis.com/resources/v7.42.0/i/elements/flags/slo.svg,Round of 64,W,"6-3, 6-4",https://www.wtatennis.com/players/323079/tamara-zidansek,False,False,False,False,False,False,False,2,True,19,12,7,,,,,,,SLO,"6,3,None|6,4,None",
6,Roland Garros,https://photoresources.wtatennis.com/photo-resources/2026/04/16/0893d8be-5450-4e36-a144-cdd958c1b484/WTA-Tournament_Roland-Garros.png?height=128,https://www.wtatennis.com/tournaments/903/roland-garros/2024,Grand Slam,Clay,https://www.wtatennis.com/resources/v7.42.0/i/elements/gs-tag.svg,2024-05-26,2024-06-09,2024,5,Paris,RUS,,FR,FRA,250,150,,Europe,Western Europe,FRA,208.0,780.0,744414.0,128M/128Q/64D,Julia Avdeeva,,https://www.wtatennis.com/resources/v7.42.0/i/elements/flags/rus.svg,Round of 128,W,"6-1, 6-1",https://www.wtatennis.com/players/330102/julia-avdeeva,False,False,False,False,False,False,False,2,True,14,12,2,RU,RUS,643,150,Europe,Eastern Europe,RUS,"6,1,None|6,1,None",
1,Internazionali BNL d'Italia,https://photoresources.wtatennis.com/photo-resources/2026/04/16/2c058ad8-b3d8-49a9-a863-85d7b87a6783/WTA-Tournament_Rome-2018.png?height=128,https://www.wtatennis.com/tournaments/709/rome/2024,WTA 1000,Clay,https://www.wtatennis.com/resources/v7.42.0/i/elements/1000k-tag.svg,2024-05-07,2024-05-19,2024,5,Rome,POL,,IT,ITA,380,150,,Europe,Southern Europe,ITA,1.0,390.0,192405.0,128M/48Q/32D,Iga Swiatek,1.0,https://www.wtatennis.com/resources/v7.42.0/i/elements/flags/pol.svg,Semifinals,L,"4-6, 3-6",https://www.wtatennis.com/players/326408/iga-swiatek,False,False,False,False,False,False,False,2,False,19,7,12,PL,POL,616,150,Europe,Central Europe,POL,"4,6,None|3,6,None",
2,Internazionali BNL d'Italia,https://photoresources.wtatennis.com/photo-resources/2026/04/16/2c058ad8-b3d8-49a9-a863-85d7b87a6783/WTA-Tournament_Rome-2018.png?height=128,https://www.wtatennis.com/tournaments/709/rome/2024,WTA 1000,Clay,https://www.wtatennis.com/resources/v7.42.0/i/elements/1000k-tag.svg,2024-05-07,2024-05-19,2024,5,Rome,CHN,,IT,ITA,380,150,,Europe,Southern Europe,ITA,7.0,390.0,192405.0,128M/48Q/32D,Qinwen Zheng,7.0,https://www.wtatennis.com/resources/v7.42.0/i/elements/flags/chn.svg,Quarterfinals,W,"7-6 (4), 6-1",https://www.wtatennis.com/players/328120/qinwen-zheng,False,False,False,True,False,False,True,2,True,20,13,7,CN,CHN,156,142,Asia,East Asia,CHN,"7,6,4|6,1,None",
3,Internazionali BNL d'Italia,https://photoresources.wtatennis.com/photo-resources/2026/04/16/2c058ad8-b3d8-49a9-a863-85d7b87a6783/WTA-Tournament_Rome-2018.png?height=128,https://www.wtatennis.com/tournaments/709/rome/2024,WTA 1000,Clay,https://www.wtatennis.com/resources/v7.42.0/i/elements/1000k-tag.svg,2024-05-07,2024-05-19,2024,5,Rome,ESP,,IT,ITA,380,150,Kingdom of Spain,Europe,Southern Europe,ITA,126.0,390.0,192405.0,128M/48Q/32D,Paula Badosa,,https://www.wtatennis.com/resources/v7.42.0/i/elements/flags/esp.svg,Round of 16,W,"5-7, 6-4, 6-1",https://www.wtatennis.com/players/320124/paula-badosa,False,False,False,False,False,False,False,3,False,29,17,12,ES,ESP,724,150,Europe,Southern Europe,ESP,"5,7,None|6,4,None|6,1,None",
4,Internazionali BNL d'Italia,https://photoresources.wtatennis.com/photo-resources/2026/04/16/2c058ad8-b3d8-49a9-a863-85d7b87a6783/WTA-Tournament_Rome-2018.png?height=128,https://www.wtatennis.com/tournaments/709/rome/2024,WTA 1000,Clay,https://www.wtatennis.com/resources/v7.42.0/i/elements/1000k-tag.svg,2024-05-07,2024-05-19,2024,5,Rome,ROU,,IT,ITA,380,150,,Europe,Southern Europe,ITA,68.0,390.0,192405.0,128M/48Q/32D,Jaqueline  Cristian,,https://www.wtatennis.com/resources/v7.42.0/i/elements/flags/rou.svg,Round of 32,W,"6-1, 0-6, 6-3",https://www.wtatennis.com/players/320319/jaqueline-cristian,False,False,False,False,False,False,False,3,True,22,12,10,RO,ROU,642,150,Europe,Southeastern Europe,ROU,"6,1,None|0,6,None|6,3,None",
5,Internazionali BNL d'Italia,https://photoresources.wtatennis.com/photo-resources/2026/04/16/2c058ad8-b3d8-49a9-a863-85d7b87a6783/WTA-Tournament_Rome-2018.png?height=128,https://www.wtatennis.com/tournaments/709/rome/2024,WTA 1000,Clay,https://www.wtatennis.com/resources/v7.42.0/i/elements/1000k-tag.svg,2024-05-07,2024-05-19,2024,5,Rome,POL,,IT,ITA,380,150,,Europe,Southern Europe,ITA,55.0,390.0,192405.0,128M/48Q/32D,Magdalena Frech,,https://www.wtatennis.com/resources/v7.42.0/i/elements/flags/pol.svg,Round of 64,W,"6-3, 6-3",https://www.wtatennis.com/players/320277/magdalena-frech,False,False,False,False,False,False,False,2,True,18,12,6,PL,POL,616,150,Europe,Central Europe,POL,"6,3,None|6,3,None",
6,Internazionali BNL d'Italia,https://photoresources.wtatennis.com/photo-resources/2026/04/16/2c058ad8-b3d8-49a9-a863-85d7b87a6783/WTA-Tournament_Rome-2018.png?height=128,https://www.wtatennis.com/tournaments/709/rome/2024,WTA 1000,Clay,https://www.wtatennis.com/resources/v7.42.0/i/elements/1000k-tag.svg,2024-05-07,2024-05-19,2024,5,Rome,,,IT,ITA,380,150,,Europe,Southern Europe,ITA,,390.0,192405.0,128M/48Q/32D,,,,Round of 128,,Bye,,False,False,True,False,False,False,False,0,False,0,0,0,,,,,,,,,
1,Mutua Madrid Open,https://photoresources.wtatennis.com/photo-resources/2026/04/16/46f056ec-5c74-4159-bc35-97ca4c015c80/WTA-Tournament_Madrid-2023.png?height=128,https://www.wtatennis.com/tournaments/1038/madrid/2024,WTA 1000,Clay,https://www.wtatennis.com/resources/v7.42.0/i/elements/1000k-tag.svg,2024-04-23,2024-05-05,2024,4,Madrid,USA,,ES,ESP,724,150,America|USA|US,Europe,Southern Europe,ESP,20.0,120.0,88440.0,128M/48Q/32D,Madison Keys,18.0,https://www.wtatennis.com/resources/v7.42.0/i/elements/flags/usa.svg,Round of 16,L,"6-7 (4), 6-4, 4-6",https://www.wtatennis.com/players/316959/madison-keys,False,False,False,True,False,False,True,3,False,33,16,17,US,USA,840,019,America,Northern America,USA,"6,7,4|6,4,None|4,6,None",
2,Mutua Madrid Open,https://photoresources.wtatennis.com/photo-resources/2026/04/16/46f056ec-5c74-4159-bc35-97ca4c015c80/WTA-Tournament_Madrid-2023.png?height=128,https://www.wtatennis.com/tournaments/1038/madrid/2024,WTA 1000,Clay,https://www.wtatennis.com/resources/v7.42.0/i/elements/1000k-tag.svg,2024-04-23,2024-05-05,2024,4,Madrid,UKR,,ES,ESP,724,150,,Europe,Southern Europe,ESP,34.0,120.0,88440.0,128M/48Q/32D,Dayana Yastremska,31.0,https://www.wtatennis.com/resources/v7.42.0/i/elements/flags/ukr.svg,Round of 32,W,"6-4, 6-1",https://www.wtatennis.com/players/324261/dayana-yastremska,False,False,False,False,False,False,False,2,True,17,12,5,UA,UKR,804,150,Europe,Eastern Europe,UKR,"6,4,None|6,1,None",
3,Mutua Madrid Open,https://photoresources.wtatennis.com/photo-resources/2026/04/16/46f056ec-5c74-4159-bc35-97ca4c015c80/WTA-Tournament_Madrid-2023.png?height=128,https://www.wtatennis.com/tournaments/1038/madrid/2024,WTA 1000,Clay,https://www.wtatennis.com/resources/v7.42.0/i/elements/1000k-tag.svg,2024-04-23,2024-05-05,2024,4,Madrid,NED,,ES,ESP,724,150,,Europe,Southern Europe,ESP,47.0,120.0,88440.0,128M/48Q/32D,Arantxa Rus,,https://www.wtatennis.com/resources/v7.42.0/i/elements/flags/ned.svg,Round of 64,W,"6-0, 6-0",https://www.wtatennis.com/players/313349/arantxa-rus,False,False,False,False,False,False,False,2,True,12,12,0,NL,NLD,528,150,Europe,Western Europe,NED,"6,0,None|6,0,None",
4,Mutua Madrid Open,https://photoresources.wtatennis.com/photo-resources/2026/04/16/46f056ec-5c74-4159-bc35-97ca4c015c80/WTA-Tournament_Madrid-2023.png?height=128,https://www.wtatennis.com/tournaments/1038/madrid/2024,WTA 1000,Clay,https://www.wtatennis.com/resources/v7.42.0/i/elements/1000k-tag.svg,2024-04-23,2024-05-05,2024,4,Madrid,,,ES,ESP,724,150,,Europe,Southern Europe,ESP,,120.0,88440.0,128M/48Q/32D,,,,Round of 128,,Bye,,False,False,True,False,False,False,False,0,False,0,0,0,,,,,,,,,
1,Porsche Tennis Grand Prix,https://photoresources.wtatennis.com/photo-resources/2026/04/16/853dd66d-3c70-40ab-9215-4a22158de24a/WTA-Tournament_Stuttgart-2017.png?height=128,https://www.wtatennis.com/tournaments/1051/stuttgart/2024,WTA 500,Clay,https://www.wtatennis.com/resources/v7.42.0/i/elements/500k-tag.svg,2024-04-15,2024-04-21,2024,4,Stuttgart,UKR,,DE,DEU,276,150,,Europe,Central Europe,GER,27.0,108.0,23435.0,32M/16Q/16D,Marta Kostyuk,,https://www.wtatennis.com/resources/v7.42.0/i/elements/flags/ukr.svg,Quarterfinals,L,"6-3, 4-6, 6-7 (6)",https://www.wtatennis.com/players/326482/marta-kostyuk,False,False,False,False,False,True,True,3,True,32,16,16,UA,UKR,804,150,Europe,Eastern Europe,UKR,"6,3,None|4,6,None|6,7,6",
2,Porsche Tennis Grand Prix,https://photoresources.wtatennis.com/photo-resources/2026/04/16/853dd66d-3c70-40ab-9215-4a22158de24a/WTA-Tournament_Stuttgart-2017.png?height=128,https://www.wtatennis.com/tournaments/1051/stuttgart/2024,WTA 500,Clay,https://www.wtatennis.com/resources/v7.42.0/i/elements/500k-tag.svg,2024-04-15,2024-04-21,2024,4,Stuttgart,USA,,DE,DEU,276,150,America|USA|US,Europe,Central Europe,GER,134.0,108.0,23435.0,32M/16Q/16D,Sachia Vickery,,https://www.wtatennis.com/resources/v7.42.0/i/elements/flags/usa.svg,Round of 16,W,"6-3, 4-6, 7-5",https://www.wtatennis.com/players/317443/sachia-vickery,False,False,False,False,False,False,False,3,True,31,17,14,US,USA,840,019,America,Northern America,USA,"6,3,None|4,6,None|7,5,None",
3,Porsche Tennis Grand Prix,https://photoresources.wtatennis.com/photo-resources/2026/04/16/853dd66d-3c70-40ab-9215-4a22158de24a/WTA-Tournament_Stuttgart-2017.png?height=128,https://www.wtatennis.com/tournaments/1051/stuttgart/2024,WTA 500,Clay,https://www.wtatennis.com/resources/v7.42.0/i/elements/500k-tag.svg,2024-04-15,2024-04-21,2024,4,Stuttgart,,,DE,DEU,276,150,,Europe,Central Europe,GER,,108.0,23435.0,32M/16Q/16D,,,,Round of 32,,Bye,,False,False,True,False,False,False,False,0,False,0,0,0,,,,,,,,,
1,Miami Open presented by Itaú,https://photoresources.wtatennis.com/photo-resources/2026/04/16/e0f2d5a2-cc05-4b2a-8377-f57edf6eaaa2/WTA-Tournament_Miami-2024.png?height=128,https://www.wtatennis.com/tournaments/902/miami/2024,WTA 1000,Hard,https://www.wtatennis.com/resources/v7.42.0/i/elements/1000k-tag.svg,2024-03-19,2024-03-31,2024,3,Miami,FRA,FL,,,,,,,,United States of America,27.0,120.0,101000.0,128M/48Q/32D,Caroline Garcia,23.0,https://www.wtatennis.com/resources/v7.42.0/i/elements/flags/fra.svg,Round of 16,L,"3-6, 6-1, 2-6",https://www.wtatennis.com/players/315391/caroline-garcia,False,False,False,False,False,False,False,3,False,24,11,13,FR,FRA,250,150,Europe,Western Europe,FRA,"3,6,None|6,1,None|2,6,None",
2,Miami Open presented by Itaú,https://photoresources.wtatennis.com/photo-resources/2026/04/16/e0f2d5a2-cc05-4b2a-8377-f57edf6eaaa2/WTA-Tournament_Miami-2024.png?height=128,https://www.wtatennis.com/tournaments/902/miami/2024,WTA 1000,Hard,https://www.wtatennis.com/resources/v7.42.0/i/elements/1000k-tag.svg,2024-03-19,2024-03-31,2024,3,Miami,FRA,FL,,,,,,,,United States of America,84.0,120.0,101000.0,128M/48Q/32D,Oceane Dodin,,https://www.wtatennis.com/resources/v7.42.0/i/elements/flags/fra.svg,Round of 32,W,"6-4, 6-0",https://www.wtatennis.com/players/319436/oceane-dodin,False,False,False,False,False,False,False,2,True,16,12,4,FR,FRA,250,150,Europe,Western Europe,FRA,"6,4,None|6,0,None",
3,Miami Open presented by Itaú,https://photoresources.wtatennis.com/photo-resources/2026/04/16/e0f2d5a2-cc05-4b2a-8377-f57edf6eaaa2/WTA-Tournament_Miami-2024.png?height=128,https://www.wtatennis.com/tournaments/902/miami/2024,WTA 1000,Hard,https://www.wtatennis.com/resources/v7.42.0/i/elements/1000k-tag.svg,2024-03-19,2024-03-31,2024,3,Miami,ARG,FL,,,,,,,,United States of America,78.0,120.0,101000.0,128M/48Q/32D,Nadia Podoroska,,https://www.wtatennis.com/resources/v7.42.0/i/elements/flags/arg.svg,Round of 64,W,"6-1, 6-2",https://www.wtatennis.com/players/319112/nadia-podoroska,False,False,False,False,False,False,False,2,True,15,12,3,AR,ARG,032,019,America,Southern South America,ARG,"6,1,None|6,2,None",
4,Miami Open presented by Itaú,https://photoresources.wtatennis.com/photo-resources/2026/04/16/e0f2d5a2-cc05-4b2a-8377-f57edf6eaaa2/WTA-Tournament_Miami-2024.png?height=128,https://www.wtatennis.com/tournaments/902/miami/2024,WTA 1000,Hard,https://www.wtatennis.com/resources/v7.42.0/i/elements/1000k-tag.svg,2024-03-19,2024-03-31,2024,3,Miami,,FL,,,,,,,,United States of America,,120.0,101000.0,128M/48Q/32D,,,,Round of 128,,Bye,,False,False,True,False,False,False,False,0,False,0,0,0,,,,,,,,,
1,BNP Paribas Open,https://photoresources.wtatennis.com/photo-resources/2026/04/16/a1736320-dd92-4829-8aa8-846c2edef410/WTA-Tournament_Indian-Wells-2017.png?height=128,https://www.wtatennis.com/tournaments/609/indian-wells/2024,WTA 1000,Hard,https://www.wtatennis.com/resources/v7.42.0/i/elements/1000k-tag.svg,2024-03-06,2024-03-17,2024,3,Indian Wells,GRE,CA,,,,,,,,United States of America,9.0,390.0,325000.0,128M/48Q/32D,Maria Sakkari,9.0,https://www.wtatennis.com/resources/v7.42.0/i/elements/flags/gre.svg,Semifinals,L,"4-6, 7-6 (5), 2-6",https://www.wtatennis.com/players/318312/maria-sakkari,False,False,False,False,True,False,True,3,False,31,13,18,GR,GRC,300,150,Europe,Southeastern Europe,GRE,"4,6,None|7,6,5|2,6,None",
2,BNP Paribas Open,https://photoresources.wtatennis.com/photo-resources/2026/04/16/a1736320-dd92-4829-8aa8-846c2edef410/WTA-Tournament_Indian-Wells-2017.png?height=128,https://www.wtatennis.com/tournaments/609/indian-wells/2024,WTA 1000,Hard,https://www.wtatennis.com/resources/v7.42.0/i/elements/1000k-tag.svg,2024-03-06,2024-03-17,2024,3,Indian Wells,CHN,CA,,,,,,,,United States of America,49.0,390.0,325000.0,128M/48Q/32D,Yue Yuan,,https://www.wtatennis.com/resources/v7.42.0/i/elements/flags/chn.svg,Quarterfinals,W,"6-4, 6-3",https://www.wtatennis.com/players/324325/yue-yuan,False,False,False,False,False,False,False,2,True,19,12,7,CN,CHN,156,142,Asia,East Asia,CHN,"6,4,None|6,3,None",
3,BNP Paribas Open,https://photoresources.wtatennis.com/photo-resources/2026/04/16/a1736320-dd92-4829-8aa8-846c2edef410/WTA-Tournament_Indian-Wells-2017.png?height=128,https://www.wtatennis.com/tournaments/609/indian-wells/2024,WTA 1000,Hard,https://www.wtatennis.com/resources/v7.42.0/i/elements/1000k-tag.svg,2024-03-06,2024-03-17,2024,3,Indian Wells,BEL,CA,,,,,,,,United States of America,28.0,390.0,325000.0,128M/48Q/32D,Elise Mertens,24.0,https://www.wtatennis.com/resources/v7.42.0/i/elements/flags/bel.svg,Round of 16,W,"6-0, 6-2",https://www.wtatennis.com/players/317964/elise-mertens,False,False,False,False,False,False,False,2,True,14,12,2,BE,BEL,056,150,Europe,Western Europe,BEL,"6,0,None|6,2,None",
4,BNP Paribas Open,https://photoresources.wtatennis.com/photo-resources/2026/04/16/a1736320-dd92-4829-8aa8-846c2edef410/WTA-Tournament_Indian-Wells-2017.png?height=128,https://www.wtatennis.com/tournaments/609/indian-wells/2024,WTA 1000,Hard,https://www.wtatennis.com/resources/v7.42.0/i/elements/1000k-tag.svg,2024-03-06,2024-03-17,2024,3,Indian Wells,ITA,CA,,,,,,,,United States of America,53.0,390.0,325000.0,128M/48Q/32D,Lucia Bronzetti,,https://www.wtatennis.com/resources/v7.42.0/i/elements/flags/ita.svg,Round of 32,W,"6-2, 7-6 (5)",https://www.wtatennis.com/players/322280/lucia-bronzetti,False,False,False,False,True,False,True,2,True,21,13,8,IT,ITA,380,150,Europe,Southern Europe,ITA,"6,2,None|7,6,5",
5,BNP Paribas Open,https://photoresources.wtatennis.com/photo-resources/2026/04/16/a1736320-dd92-4829-8aa8-846c2edef410/WTA-Tournament_Indian-Wells-2017.png?height=128,https://www.wtatennis.com/tournaments/609/indian-wells/2024,WTA 1000,Hard,https://www.wtatennis.com/resources/v7.42.0/i/elements/1000k-tag.svg,2024-03-06,2024-03-17,2024,3,Indian Wells,FRA,CA,,,,,,,,United States of America,47.0,390.0,325000.0,128M/48Q/32D,Clara Burel,,https://www.wtatennis.com/resources/v7.42.0/i/elements/flags/fra.svg,Round of 64,W,"2-6, 6-3, 7-6 (4)",https://www.wtatennis.com/players/325320/clara-burel,False,False,False,False,False,True,True,3,False,30,15,15,FR,FRA,250,150,Europe,Western Europe,FRA,"2,6,None|6,3,None|7,6,4",
6,BNP Paribas Open,https://photoresources.wtatennis.com/photo-resources/2026/04/16/a1736320-dd92-4829-8aa8-846c2edef410/WTA-Tournament_Indian-Wells-2017.png?height=128,https://www.wtatennis.com/tournaments/609/indian-wells/2024,WTA 1000,Hard,https://www.wtatennis.com/resources/v7.42.0/i/elements/1000k-tag.svg,2024-03-06,2024-03-17,2024,3,Indian Wells,,CA,,,,,,,,United States of America,,390.0,325000.0,128M/48Q/32D,,,,Round of 128,,Bye,,False,False,True,False,False,False,False,0,False,0,0,0,,,,,,,,,
1,Dubai Duty Free Tennis Championships,https://photoresources.wtatennis.com/photo-resources/2026/04/16/2aee9d91-0756-4a92-b0bb-09b8d0dd8d76/WTA-Tournament_Dubai-2017.png?height=128,https://www.wtatennis.com/tournaments/718/dubai/2024,WTA 1000,Hard,https://www.wtatennis.com/resources/v7.42.0/i/elements/1000k-tag.svg,2024-02-18,2024-02-24,2024,2,Dubai,RUS,,AE,ARE,784,142,,Asia,Western Asia,UAE,40.0,215.0,72965.0,64M/32Q/32D,Anna Kalinskaya,,https://www.wtatennis.com/resources/v7.42.0/i/elements/flags/rus.svg,Quarterfinals,L,"6-2, 4-6, 2-6",https://www.wtatennis.com/players/323942/anna-kalinskaya,False,False,False,False,False,False,False,3,True,26,12,14,RU,RUS,643,150,Europe,Eastern Europe,RUS,"6,2,None|4,6,None|2,6,None",
2,Dubai Duty Free Tennis Championships,https://photoresources.wtatennis.com/photo-resources/2026/04/16/2aee9d91-0756-4a92-b0bb-09b8d0dd8d76/WTA-Tournament_Dubai-2017.png?height=128,https://www.wtatennis.com/tournaments/718/dubai/2024,WTA 1000,Hard,https://www.wtatennis.com/resources/v7.42.0/i/elements/1000k-tag.svg,2024-02-18,2024-02-24,2024,2,Dubai,CZE,,AE,ARE,784,142,,Asia,Western Asia,UAE,36.0,215.0,72965.0,64M/32Q/32D,Karolina Pliskova,,https://www.wtatennis.com/resources/v7.42.0/i/elements/flags/cze.svg,Round of 16,W,"2-6, 6-4, 6-3",https://www.wtatennis.com/players/313974/karolina-pliskova,False,False,False,False,False,False,False,3,False,27,14,13,CZ,CZE,203,150,Europe,Central Europe,CZE,"2,6,None|6,4,None|6,3,None",
3,Dubai Duty Free Tennis Championships,https://photoresources.wtatennis.com/photo-resources/2026/04/16/2aee9d91-0756-4a92-b0bb-09b8d0dd8d76/WTA-Tournament_Dubai-2017.png?height=128,https://www.wtatennis.com/tournaments/718/dubai/2024,WTA 1000,Hard,https://www.wtatennis.com/resources/v7.42.0/i/elements/1000k-tag.svg,2024-02-18,2024-02-24,2024,2,Dubai,ITA,,AE,ARE,784,142,,Asia,Western Asia,UAE,58.0,215.0,72965.0,64M/32Q/32D,Elisabetta Cocciaretto,,https://www.wtatennis.com/resources/v7.42.0/i/elements/flags/ita.svg,Round of 32,W,"6-1, 7-5",https://www.wtatennis.com/players/327909/elisabetta-cocciaretto,False,False,False,False,False,False,False,2,True,19,13,6,IT,ITA,380,150,Europe,Southern Europe,ITA,"6,1,None|7,5,None",
4,Dubai Duty Free Tennis Championships,https://photoresources.wtatennis.com/photo-resources/2026/04/16/2aee9d91-0756-4a92-b0bb-09b8d0dd8d76/WTA-Tournament_Dubai-2017.png?height=128,https://www.wtatennis.com/tournaments/718/dubai/2024,WTA 1000,Hard,https://www.wtatennis.com/resources/v7.42.0/i/elements/1000k-tag.svg,2024-02-18,2024-02-24,2024,2,Dubai,,,AE,ARE,784,142,,Asia,Western Asia,UAE,,215.0,72965.0,64M/32Q/32D,,,,Round of 64,,Bye,,False,False,True,False,False,False,False,0,False,0,0,0,,,,,,,,,
1,Qatar TotalEnergies Open 2024,https://photoresources.wtatennis.com/photo-resources/2026/04/16/c44d1d24-32ae-4ebe-b5e8-bd228bfb4fc8/1003_Doha_2026.png?height=128,https://www.wtatennis.com/tournaments/1003/doha/2024,WTA 1000,Hard,https://www.wtatennis.com/resources/v7.42.0/i/elements/1000k-tag.svg,2024-02-11,2024-02-17,2024,2,Doha,CZE,,QA,QAT,634,142,,Asia,Western Asia,QAT,42.0,10.0,20650.0,64M/32Q/32D,Katerina Siniakova,,https://www.wtatennis.com/resources/v7.42.0/i/elements/flags/cze.svg,Round of 32,L,"2-6, 4-6",https://www.wtatennis.com/players/320301/katerina-siniakova,False,False,False,False,False,False,False,2,False,18,6,12,CZ,CZE,203,150,Europe,Central Europe,CZE,"2,6,None|4,6,None",
2,Qatar TotalEnergies Open 2024,https://photoresources.wtatennis.com/photo-resources/2026/04/16/c44d1d24-32ae-4ebe-b5e8-bd228bfb4fc8/1003_Doha_2026.png?height=128,https://www.wtatennis.com/tournaments/1003/doha/2024,WTA 1000,Hard,https://www.wtatennis.com/resources/v7.42.0/i/elements/1000k-tag.svg,2024-02-11,2024-02-17,2024,2,Doha,,,QA,QAT,634,142,,Asia,Western Asia,QAT,,10.0,20650.0,64M/32Q/32D,,,,Round of 64,,Bye,,False,False,True,False,False,False,False,0,False,0,0,0,,,,,,,,,
1,Australian Open,https://photoresources.wtatennis.com/photo-resources/2026/04/16/6b041ce4-8b08-4fff-be75-89d1c452c157/WTA-Tournament_Australian-Open.png?height=128,https://www.wtatennis.com/tournaments/901/australian-open/2024,Grand Slam,Hard,https://www.wtatennis.com/resources/v7.42.0/i/elements/gs-tag.svg,2024-01-14,2024-01-28,2024,1,Melbourne,BLR,,AU,AUS,036,009,,Oceania,Australasia,AUS,2.0,780.0,654774.0,128M/128Q/64D,Aryna Sabalenka,2.0,https://www.wtatennis.com/resources/v7.42.0/i/elements/flags/blr.svg,Semifinals,L,"6-7 (2), 4-6",https://www.wtatennis.com/players/320760/aryna-sabalenka,False,False,False,True,False,False,True,2,False,23,10,13,BY,BLR,112,150,Europe,Eastern Europe,BLR,"6,7,2|4,6,None",
2,Australian Open,https://photoresources.wtatennis.com/photo-resources/2026/04/16/6b041ce4-8b08-4fff-be75-89d1c452c157/WTA-Tournament_Australian-Open.png?height=128,https://www.wtatennis.com/tournaments/901/australian-open/2024,Grand Slam,Hard,https://www.wtatennis.com/resources/v7.42.0/i/elements/gs-tag.svg,2024-01-14,2024-01-28,2024,1,Melbourne,UKR,,AU,AUS,036,009,,Oceania,Australasia,AUS,37.0,780.0,654774.0,128M/128Q/64D,Marta Kostyuk,,https://www.wtatennis.com/resources/v7.42.0/i/elements/flags/ukr.svg,Quarterfinals,W,"7-6 (6), 6-7 (3), 6-2",https://www.wtatennis.com/players/326482/marta-kostyuk,False,False,False,True,True,False,True,3,True,34,19,15,UA,UKR,804,150,Europe,Eastern Europe,UKR,"7,6,6|6,7,3|6,2,None",
3,Australian Open,https://photoresources.wtatennis.com/photo-resources/2026/04/16/6b041ce4-8b08-4fff-be75-89d1c452c157/WTA-Tournament_Australian-Open.png?height=128,https://www.wtatennis.com/tournaments/901/australian-open/2024,Grand Slam,Hard,https://www.wtatennis.com/resources/v7.42.0/i/elements/gs-tag.svg,2024-01-14,2024-01-28,2024,1,Melbourne,POL,,AU,AUS,036,009,,Oceania,Australasia,AUS,69.0,780.0,654774.0,128M/128Q/64D,Magdalena Frech,,https://www.wtatennis.com/resources/v7.42.0/i/elements/flags/pol.svg,Round of 16,W,"6-1, 6-2",https://www.wtatennis.com/players/320277/magdalena-frech,False,False,False,False,False,False,False,2,True,15,12,3,PL,POL,616,150,Europe,Central Europe,POL,"6,1,None|6,2,None",
4,Australian Open,https://photoresources.wtatennis.com/photo-resources/2026/04/16/6b041ce4-8b08-4fff-be75-89d1c452c157/WTA-Tournament_Australian-Open.png?height=128,https://www.wtatennis.com/tournaments/901/australian-open/2024,Grand Slam,Hard,https://www.wtatennis.com/resources/v7.42.0/i/elements/gs-tag.svg,2024-01-14,2024-01-28,2024,1,Melbourne,USA,,AU,AUS,036,009,America|USA|US,Oceania,Australasia,AUS,82.0,780.0,654774.0,128M/128Q/64D,Alycia Parks,,https://www.wtatennis.com/resources/v7.42.0/i/elements/flags/usa.svg,Round of 32,W,"6-0, 6-2",https://www.wtatennis.com/players/326007/alycia-parks,False,False,False,False,False,False,False,2,True,14,12,2,US,USA,840,019,America,Northern America,USA,"6,0,None|6,2,None",
5,Australian Open,https://photoresources.wtatennis.com/photo-resources/2026/04/16/6b041ce4-8b08-4fff-be75-89d1c452c157/WTA-Tournament_Australian-Open.png?height=128,https://www.wtatennis.com/tournaments/901/australian-open/2024,Grand Slam,Hard,https://www.wtatennis.com/resources/v7.42.0/i/elements/gs-tag.svg,2024-01-14,2024-01-28,2024,1,Melbourne,USA,,AU,AUS,036,009,America|USA|US,Oceania,Australasia,AUS,43.0,780.0,654774.0,128M/128Q/64D,Caroline Dolehide,,https://www.wtatennis.com/resources/v7.42.0/i/elements/flags/usa.svg,Round of 64,W,"7-6 (2), 6-2",https://www.wtatennis.com/players/322052/caroline-dolehide,False,False,False,True,False,False,True,2,True,21,13,8,US,USA,840,019,America,Northern America,USA,"7,6,2|6,2,None",
6,Australian Open,https://photoresources.wtatennis.com/photo-resources/2026/04/16/6b041ce4-8b08-4fff-be75-89d1c452c157/WTA-Tournament_Australian-Open.png?height=128,https://www.wtatennis.com/tournaments/901/australian-open/2024,Grand Slam,Hard,https://www.wtatennis.com/resources/v7.42.0/i/elements/gs-tag.svg,2024-01-14,2024-01-28,2024,1,Melbourne,SVK,,AU,AUS,036,009,,Oceania,Australasia,AUS,68.0,780.0,654774.0,128M/128Q/64D,Anna Karolina Schmiedlova,,https://www.wtatennis.com/resources/v7.42.0/i/elements/flags/svk.svg,Round of 128,W,"6-3, 6-0",https://www.wtatennis.com/players/318203/anna-karolina-schmiedlova,False,False,False,False,False,False,False,2,True,15,12,3,SK,SVK,703,150,Europe,Central Europe,SVK,"6,3,None|6,0,None",
1,ASB Classic,,https://www.wtatennis.com/tournaments/1049/auckland/2024,WTA 250,Hard,https://www.wtatennis.com/resources/v7.42.0/i/elements/250k-tag.svg,2024-01-01,2024-01-07,2024,1,Auckland,UKR,,NZ,NZL,554,009,,Oceania,Australasia,NZL,25.0,250.0,35250.0,32M/24Q/16D,Elina Svitolina,2.0,https://www.wtatennis.com/resources/v7.42.0/i/elements/flags/ukr.svg,Finals,W,"6-7 (4), 6-3, 6-3",https://www.wtatennis.com/players/316738/elina-svitolina,False,False,False,True,False,False,True,3,False,31,18,13,UA,UKR,804,150,Europe,Eastern Europe,UKR,"6,7,4|6,3,None|6,3,None",
2,ASB Classic,,https://www.wtatennis.com/tournaments/1049/auckland/2024,WTA 250,Hard,https://www.wtatennis.com/resources/v7.42.0/i/elements/250k-tag.svg,2024-01-01,2024-01-07,2024,1,Auckland,USA,,NZ,NZL,554,009,America|USA|US,Oceania,Australasia,NZL,31.0,250.0,35250.0,32M/24Q/16D,Emma Navarro,4.0,https://www.wtatennis.com/resources/v7.42.0/i/elements/flags/usa.svg,Semifinals,W,"6-3, 6-1",https://www.wtatennis.com/players/325410/emma-navarro,False,False,False,False,False,False,False,2,True,16,12,4,US,USA,840,019,America,Northern America,USA,"6,3,None|6,1,None",
3,ASB Classic,,https://www.wtatennis.com/tournaments/1049/auckland/2024,WTA 250,Hard,https://www.wtatennis.com/resources/v7.42.0/i/elements/250k-tag.svg,2024-01-01,2024-01-07,2024,1,Auckland,FRA,,NZ,NZL,554,009,,Oceania,Australasia,NZL,42.0,250.0,35250.0,32M/24Q/16D,Varvara Gracheva,8.0,https://www.wtatennis.com/resources/v7.42.0/i/elements/flags/fra.svg,Quarterfinals,W,"6-1, 6-1",https://www.wtatennis.com/players/325836/varvara-gracheva,False,False,False,False,False,False,False,2,True,14,12,2,FR,FRA,250,150,Europe,Western Europe,FRA,"6,1,None|6,1,None",
4,ASB Classic,,https://www.wtatennis.com/tournaments/1049/auckland/2024,WTA 250,Hard,https://www.wtatennis.com/resources/v7.42.0/i/elements/250k-tag.svg,2024-01-01,2024-01-07,2024,1,Auckland,CZE,,NZ,NZL,554,009,,Oceania,Australasia,NZL,117.0,250.0,35250.0,32M/24Q/16D,Brenda Fruhvirtova,,https://www.wtatennis.com/resources/v7.42.0/i/elements/flags/cze.svg,Round of 16,W,"6-3, 6-0",https://www.wtatennis.com/players/331545/brenda-fruhvirtova,False,False,False,False,False,False,False,2,True,15,12,3,CZ,CZE,203,150,Europe,Central Europe,CZE,"6,3,None|6,0,None",
5,ASB Classic,,https://www.wtatennis.com/tournaments/1049/auckland/2024,WTA 250,Hard,https://www.wtatennis.com/resources/v7.42.0/i/elements/250k-tag.svg,2024-01-01,2024-01-07,2024,1,Auckland,USA,,NZ,NZL,554,009,America|USA|US,Oceania,Australasia,NZL,95.0,250.0,35250.0,32M/24Q/16D,Claire Liu,,https://www.wtatennis.com/resources/v7.42.0/i/elements/flags/usa.svg,Round of 32,W,"6-4, 6-2",https://www.wtatennis.com/players/323966/claire-liu,False,False,False,False,False,False,False,2,True,18,12,6,US,USA,840,019,America,Northern America,USA,"6,4,None|6,2,None",
1,GNP Seguros WTA Finals Cancun,https://photoresources.wtatennis.com/photo-resources/2026/04/16/23556323-66a6-4f30-9a8b-9b1f26342c0c/WTA-finals.png?height=128,https://www.wtatennis.com/tournaments/808/wta-finals/2023,Finals,Hard,https://www.wtatennis.com/resources/v7.42.0/i/elements/finals-tag.svg,2023-10-29,2023-11-06,2023,10,Cancun,USA,,MX,MEX,484,019,America|USA|US,America,Central America,MEX,5.0,,648000.0,9M/0Q/16D,Jessica Pegula,5.0,https://www.wtatennis.com/resources/v7.42.0/i/elements/flags/usa.svg,Semifinals,L,"2-6, 1-6",https://www.wtatennis.com/players/316956/jessica-pegula,False,False,False,False,False,False,False,2,False,15,3,12,US,USA,840,019,America,Northern America,USA,"2,6,None|1,6,None",
2,GNP Seguros WTA Finals Cancun,https://photoresources.wtatennis.com/photo-resources/2026/04/16/23556323-66a6-4f30-9a8b-9b1f26342c0c/WTA-finals.png?height=128,https://www.wtatennis.com/tournaments/808/wta-finals/2023,Finals,Hard,https://www.wtatennis.com/resources/v7.42.0/i/elements/finals-tag.svg,2023-10-29,2023-11-06,2023,10,Cancun,POL,,MX,MEX,484,019,,America,Central America,MEX,2.0,,648000.0,9M/0Q/16D,Iga Swiatek,2.0,https://www.wtatennis.com/resources/v7.42.0/i/elements/flags/pol.svg,Group Stage Group,L,"0-6, 5-7",https://www.wtatennis.com/players/326408/iga-swiatek,False,False,False,False,False,False,False,2,False,18,5,13,PL,POL,616,150,Europe,Central Europe,POL,"0,6,None|5,7,None",
3,GNP Seguros WTA Finals Cancun,https://photoresources.wtatennis.com/photo-resources/2026/04/16/23556323-66a6-4f30-9a8b-9b1f26342c0c/WTA-finals.png?height=128,https://www.wtatennis.com/tournaments/808/wta-finals/2023,Finals,Hard,https://www.wtatennis.com/resources/v7.42.0/i/elements/finals-tag.svg,2023-10-29,2023-11-06,2023,10,Cancun,TUN,,MX,MEX,484,019,,America,Central America,MEX,7.0,,648000.0,9M/0Q/16D,Ons Jabeur,6.0,https://www.wtatennis.com/resources/v7.42.0/i/elements/flags/tun.svg,Group Stage Group,W,"6-0, 6-1",https://www.wtatennis.com/players/316847/ons-jabeur,False,False,False,False,False,False,False,2,True,13,12,1,TN,TUN,788,002,Africa,North Africa,TUN,"6,0,None|6,1,None",
4,GNP Seguros WTA Finals Cancun,https://photoresources.wtatennis.com/photo-resources/2026/04/16/23556323-66a6-4f30-9a8b-9b1f26342c0c/WTA-finals.png?height=128,https://www.wtatennis.com/tournaments/808/wta-finals/2023,Finals,Hard,https://www.wtatennis.com/resources/v7.42.0/i/elements/finals-tag.svg,2023-10-29,2023-11-06,2023,10,Cancun,CZE,,MX,MEX,484,019,,America,Central America,MEX,6.0,,648000.0,9M/0Q/16D,Marketa Vondrousova,7.0,https://www.wtatennis.com/resources/v7.42.0/i/elements/flags/cze.svg,Group Stage Group,W,"5-7, 7-6 (4), 6-3",https://www.wtatennis.com/players/323027/marketa-vondrousova,False,False,False,False,True,False,True,3,False,34,18,16,CZ,CZE,203,150,Europe,Central Europe,CZE,"5,7,None|7,6,4|6,3,None",
1,China Open,https://photoresources.wtatennis.com/photo-resources/2026/04/16/8f77c099-1d17-4cd7-aa46-7c21addc471f/WTA-Tournament_Beijing.png?height=128,https://www.wtatennis.com/tournaments/1020/beijing/2023,WTA 1000,Hard,https://www.wtatennis.com/resources/v7.42.0/i/elements/1000k-tag.svg,2023-09-30,2023-10-08,2023,9,Beijing,POL,,CN,CHN,156,142,,Asia,East Asia,CHN,2.0,390.0,402000.0,64M/32Q/32D,Iga Swiatek,2.0,https://www.wtatennis.com/resources/v7.42.0/i/elements/flags/pol.svg,Semifinals,L,"2-6, 3-6",https://www.wtatennis.com/players/326408/iga-swiatek,False,False,False,False,False,False,False,2,False,17,5,12,PL,POL,616,150,Europe,Central Europe,POL,"2,6,None|3,6,None",
2,China Open,https://photoresources.wtatennis.com/photo-resources/2026/04/16/8f77c099-1d17-4cd7-aa46-7c21addc471f/WTA-Tournament_Beijing.png?height=128,https://www.wtatennis.com/tournaments/1020/beijing/2023,WTA 1000,Hard,https://www.wtatennis.com/resources/v7.42.0/i/elements/1000k-tag.svg,2023-09-30,2023-10-08,2023,9,Beijing,GRE,,CN,CHN,156,142,,Asia,East Asia,CHN,6.0,390.0,402000.0,64M/32Q/32D,Maria Sakkari,6.0,https://www.wtatennis.com/resources/v7.42.0/i/elements/flags/gre.svg,Quarterfinals,W,"6-2, 6-4",https://www.wtatennis.com/players/318312/maria-sakkari,False,False,False,False,False,False,False,2,True,18,12,6,GR,GRC,300,150,Europe,Southeastern Europe,GRE,"6,2,None|6,4,None",
3,China Open,https://photoresources.wtatennis.com/photo-resources/2026/04/16/8f77c099-1d17-4cd7-aa46-7c21addc471f/WTA-Tournament_Beijing.png?height=128,https://www.wtatennis.com/tournaments/1020/beijing/2023,WTA 1000,Hard,https://www.wtatennis.com/resources/v7.42.0/i/elements/1000k-tag.svg,2023-09-30,2023-10-08,2023,9,Beijing,RUS,,CN,CHN,156,142,,Asia,East Asia,CHN,16.0,390.0,402000.0,64M/32Q/32D,Veronika Kudermetova,16.0,https://www.wtatennis.com/resources/v7.42.0/i/elements/flags/rus.svg,Round of 16,W,"7-6 (5), 6-2",https://www.wtatennis.com/players/319526/veronika-kudermetova,False,False,False,True,False,False,True,2,True,21,13,8,RU,RUS,643,150,Europe,Eastern Europe,RUS,"7,6,5|6,2,None",
4,China Open,https://photoresources.wtatennis.com/photo-resources/2026/04/16/8f77c099-1d17-4cd7-aa46-7c21addc471f/WTA-Tournament_Beijing.png?height=128,https://www.wtatennis.com/tournaments/1020/beijing/2023,WTA 1000,Hard,https://www.wtatennis.com/resources/v7.42.0/i/elements/1000k-tag.svg,2023-09-30,2023-10-08,2023,9,Beijing,CRO,,CN,CHN,156,142,,Asia,East Asia,CHN,48.0,390.0,402000.0,64M/32Q/32D,Petra Martic,,https://www.wtatennis.com/resources/v7.42.0/i/elements/flags/cro.svg,Round of 32,W,"7-5, 5-7, 7-6 (2)",https://www.wtatennis.com/players/313711/petra-martic,False,False,False,False,False,True,True,3,True,37,19,18,HR,HRV,191,150,Europe,Southeastern Europe,CRO,"7,5,None|5,7,None|7,6,2",
5,China Open,https://photoresources.wtatennis.com/photo-resources/2026/04/16/8f77c099-1d17-4cd7-aa46-7c21addc471f/WTA-Tournament_Beijing.png?height=128,https://www.wtatennis.com/tournaments/1020/beijing/2023,WTA 1000,Hard,https://www.wtatennis.com/resources/v7.42.0/i/elements/1000k-tag.svg,2023-09-30,2023-10-08,2023,9,Beijing,RUS,,CN,CHN,156,142,,Asia,East Asia,CHN,20.0,390.0,402000.0,64M/32Q/32D,Ekaterina Alexandrova,,https://www.wtatennis.com/resources/v7.42.0/i/elements/flags/rus.svg,Round of 64,W,"7-5, 6-3",https://www.wtatennis.com/players/319007/ekaterina-alexandrova,False,False,False,False,False,False,False,2,True,21,13,8,RU,RUS,643,150,Europe,Eastern Europe,RUS,"7,5,None|6,3,None",
1,US Open,https://photoresources.wtatennis.com/photo-resources/2026/04/16/8d0a3d41-7b45-434b-a75b-b7d2eb0922b4/WTA-Tournament_US-Open.png?height=128,https://www.wtatennis.com/tournaments/905/us-open/2023,Grand Slam,Hard,https://www.wtatennis.com/resources/v7.42.0/i/elements/gs-tag.svg,2023-08-28,2023-09-10,2023,8,New York,BLR,NY,,,,,,,,United States of America,2.0,2000.0,3000000.0,128M/128Q/64D,Aryna Sabalenka,2.0,https://www.wtatennis.com/resources/v7.42.0/i/elements/flags/blr.svg,Finals,W,"2-6, 6-3, 6-2",https://www.wtatennis.com/players/320760/aryna-sabalenka,False,False,False,False,False,False,False,3,False,25,14,11,BY,BLR,112,150,Europe,Eastern Europe,BLR,"2,6,None|6,3,None|6,2,None",
2,US Open,https://photoresources.wtatennis.com/photo-resources/2026/04/16/8d0a3d41-7b45-434b-a75b-b7d2eb0922b4/WTA-Tournament_US-Open.png?height=128,https://www.wtatennis.com/tournaments/905/us-open/2023,Grand Slam,Hard,https://www.wtatennis.com/resources/v7.42.0/i/elements/gs-tag.svg,2023-08-28,2023-09-10,2023,8,New York,CZE,NY,,,,,,,,United States of America,10.0,2000.0,3000000.0,128M/128Q/64D,Karolina Muchova,10.0,https://www.wtatennis.com/resources/v7.42.0/i/elements/flags/cze.svg,Semifinals,W,"6-4, 7-5",https://www.wtatennis.com/players/322191/karolina-muchova,False,False,False,False,False,False,False,2,True,22,13,9,CZ,CZE,203,150,Europe,Central Europe,CZE,"6,4,None|7,5,None",
3,US Open,https://photoresources.wtatennis.com/photo-resources/2026/04/16/8d0a3d41-7b45-434b-a75b-b7d2eb0922b4/WTA-Tournament_US-Open.png?height=128,https://www.wtatennis.com/tournaments/905/us-open/2023,Grand Slam,Hard,https://www.wtatennis.com/resources/v7.42.0/i/elements/gs-tag.svg,2023-08-28,2023-09-10,2023,8,New York,LAT,NY,,,,,,,,United States of America,21.0,2000.0,3000000.0,128M/128Q/64D,Jelena Ostapenko,20.0,https://www.wtatennis.com/resources/v7.42.0/i/elements/flags/lat.svg,Quarterfinals,W,"6-0, 6-2",https://www.wtatennis.com/players/319939/jelena-ostapenko,False,False,False,False,False,False,False,2,True,14,12,2,,,,,,,LAT,"6,0,None|6,2,None",
4,US Open,https://photoresources.wtatennis.com/photo-resources/2026/04/16/8d0a3d41-7b45-434b-a75b-b7d2eb0922b4/WTA-Tournament_US-Open.png?height=128,https://www.wtatennis.com/tournaments/905/us-open/2023,Grand Slam,Hard,https://www.wtatennis.com/resources/v7.42.0/i/elements/gs-tag.svg,2023-08-28,2023-09-10,2023,8,New York,DEN,NY,,,,,,,,United States of America,623.0,2000.0,3000000.0,128M/128Q/64D,Caroline Wozniacki,,https://www.wtatennis.com/resources/v7.42.0/i/elements/flags/den.svg,Round of 16,W,"6-3, 3-6, 6-1",https://www.wtatennis.com/players/313402/caroline-wozniacki,False,False,False,False,False,False,False,3,True,25,15,10,DK,DNK,208,150,Europe,Northern Europe,DEN,"6,3,None|3,6,None|6,1,None",
5,US Open,https://photoresources.wtatennis.com/photo-resources/2026/04/16/8d0a3d41-7b45-434b-a75b-b7d2eb0922b4/WTA-Tournament_US-Open.png?height=128,https://www.wtatennis.com/tournaments/905/us-open/2023,Grand Slam,Hard,https://www.wtatennis.com/resources/v7.42.0/i/elements/gs-tag.svg,2023-08-28,2023-09-10,2023,8,New York,BEL,NY,,,,,,,,United States of America,32.0,2000.0,3000000.0,128M/128Q/64D,Elise Mertens,32.0,https://www.wtatennis.com/resources/v7.42.0/i/elements/flags/bel.svg,Round of 32,W,"3-6, 6-3, 6-0",https://www.wtatennis.com/players/317964/elise-mertens,False,False,False,False,False,False,False,3,False,24,15,9,BE,BEL,056,150,Europe,Western Europe,BEL,"3,6,None|6,3,None|6,0,None",
6,US Open,https://photoresources.wtatennis.com/photo-resources/2026/04/16/8d0a3d41-7b45-434b-a75b-b7d2eb0922b4/WTA-Tournament_US-Open.png?height=128,https://www.wtatennis.com/tournaments/905/us-open/2023,Grand Slam,Hard,https://www.wtatennis.com/resources/v7.42.0/i/elements/gs-tag.svg,2023-08-28,2023-09-10,2023,8,New York,RUS,NY,,,,,,,,United States of America,63.0,2000.0,3000000.0,128M/128Q/64D,Mirra Andreeva,,https://www.wtatennis.com/resources/v7.42.0/i/elements/flags/rus.svg,Round of 64,W,"6-3, 6-2",https://www.wtatennis.com/players/331809/mirra-andreeva,False,False,False,False,False,False,False,2,True,17,12,5,RU,RUS,643,150,Europe,Eastern Europe,RUS,"6,3,None|6,2,None",
7,US Open,https://photoresources.wtatennis.com/photo-resources/2026/04/16/8d0a3d41-7b45-434b-a75b-b7d2eb0922b4/WTA-Tournament_US-Open.png?height=128,https://www.wtatennis.com/tournaments/905/us-open/2023,Grand Slam,Hard,https://www.wtatennis.com/resources/v7.42.0/i/elements/gs-tag.svg,2023-08-28,2023-09-10,2023,8,New York,GER,NY,,,,,,,,United States of America,121.0,2000.0,3000000.0,128M/128Q/64D,Laura Siegemund,,https://www.wtatennis.com/resources/v7.42.0/i/elements/flags/ger.svg,Round of 128,W,"3-6, 6-2, 6-4",https://www.wtatennis.com/players/310926/laura-siegemund,False,False,False,False,False,False,False,3,False,27,15,12,DE,DEU,276,150,Europe,Central Europe,GER,"3,6,None|6,2,None|6,4,None",
1,Western & Southern Open,https://photoresources.wtatennis.com/photo-resources/2026/04/16/77288aaf-4c7f-4b8e-86f6-315c2ef872c5/WTA-Tournament_Cincinnati-2024.png?height=128,https://www.wtatennis.com/tournaments/1017/cincinnati/2023,WTA 1000,Hard,https://www.wtatennis.com/resources/v7.42.0/i/elements/1000k-tag.svg,2023-08-14,2023-08-20,2023,8,Cincinnati,CZE,OH,,,,,,,,United States of America,17.0,900.0,454500.0,64M/32Q/32D,Karolina Muchova,,https://www.wtatennis.com/resources/v7.42.0/i/elements/flags/cze.svg,Finals,W,"6-3, 6-4",https://www.wtatennis.com/players/322191/karolina-muchova,False,False,False,False,False,False,False,2,True,19,12,7,CZ,CZE,203,150,Europe,Central Europe,CZE,"6,3,None|6,4,None",
2,Western & Southern Open,https://photoresources.wtatennis.com/photo-resources/2026/04/16/77288aaf-4c7f-4b8e-86f6-315c2ef872c5/WTA-Tournament_Cincinnati-2024.png?height=128,https://www.wtatennis.com/tournaments/1017/cincinnati/2023,WTA 1000,Hard,https://www.wtatennis.com/resources/v7.42.0/i/elements/1000k-tag.svg,2023-08-14,2023-08-20,2023,8,Cincinnati,POL,OH,,,,,,,,United States of America,1.0,900.0,454500.0,64M/32Q/32D,Iga Swiatek,1.0,https://www.wtatennis.com/resources/v7.42.0/i/elements/flags/pol.svg,Semifinals,W,"7-6 (2), 3-6, 6-4",https://www.wtatennis.com/players/326408/iga-swiatek,False,False,False,True,False,False,True,3,True,32,16,16,PL,POL,616,150,Europe,Central Europe,POL,"7,6,2|3,6,None|6,4,None",
3,Western & Southern Open,https://photoresources.wtatennis.com/photo-resources/2026/04/16/77288aaf-4c7f-4b8e-86f6-315c2ef872c5/WTA-Tournament_Cincinnati-2024.png?height=128,https://www.wtatennis.com/tournaments/1017/cincinnati/2023,WTA 1000,Hard,https://www.wtatennis.com/resources/v7.42.0/i/elements/1000k-tag.svg,2023-08-14,2023-08-20,2023,8,Cincinnati,ITA,OH,,,,,,,,United States of America,43.0,900.0,454500.0,64M/32Q/32D,Jasmine Paolini,,https://www.wtatennis.com/resources/v7.42.0/i/elements/flags/ita.svg,Quarterfinals,W,"6-3, 6-2",https://www.wtatennis.com/players/319280/jasmine-paolini,False,False,False,False,False,False,False,2,True,17,12,5,IT,ITA,380,150,Europe,Southern Europe,ITA,"6,3,None|6,2,None",
4,Western & Southern Open,https://photoresources.wtatennis.com/photo-resources/2026/04/16/77288aaf-4c7f-4b8e-86f6-315c2ef872c5/WTA-Tournament_Cincinnati-2024.png?height=128,https://www.wtatennis.com/tournaments/1017/cincinnati/2023,WTA 1000,Hard,https://www.wtatennis.com/resources/v7.42.0/i/elements/1000k-tag.svg,2023-08-14,2023-08-20,2023,8,Cincinnati,CZE,OH,,,,,,,,United States of America,50.0,900.0,454500.0,64M/32Q/32D,Linda Noskova,,https://www.wtatennis.com/resources/v7.42.0/i/elements/flags/cze.svg,Round of 16,W,"6-4, 6-0",https://www.wtatennis.com/players/329668/linda-noskova,False,False,False,False,False,False,False,2,True,16,12,4,CZ,CZE,203,150,Europe,Central Europe,CZE,"6,4,None|6,0,None",
5,Western & Southern Open,https://photoresources.wtatennis.com/photo-resources/2026/04/16/77288aaf-4c7f-4b8e-86f6-315c2ef872c5/WTA-Tournament_Cincinnati-2024.png?height=128,https://www.wtatennis.com/tournaments/1017/cincinnati/2023,WTA 1000,Hard,https://www.wtatennis.com/resources/v7.42.0/i/elements/1000k-tag.svg,2023-08-14,2023-08-20,2023,8,Cincinnati,EGY,OH,,,,,,,,United States of America,33.0,900.0,454500.0,64M/32Q/32D,Mayar Sherif,,https://www.wtatennis.com/resources/v7.42.0/i/elements/flags/egy.svg,Round of 32,W,"6-2, 6-2",https://www.wtatennis.com/players/318711/mayar-sherif,False,False,False,False,False,False,False,2,True,16,12,4,EG,EGY,818,002,Africa,North Africa,EGY,"6,2,None|6,2,None",
6,Western & Southern Open,https://photoresources.wtatennis.com/photo-resources/2026/04/16/77288aaf-4c7f-4b8e-86f6-315c2ef872c5/WTA-Tournament_Cincinnati-2024.png?height=128,https://www.wtatennis.com/tournaments/1017/cincinnati/2023,WTA 1000,Hard,https://www.wtatennis.com/resources/v7.42.0/i/elements/1000k-tag.svg,2023-08-14,2023-08-20,2023,8,Cincinnati,,OH,,,,,,,,United States of America,,900.0,454500.0,64M/32Q/32D,,,,Round of 64,,Bye,,False,False,True,False,False,False,False,0,False,0,0,0,,,,,,,,,
1,Omnium Banque Nationale présenté par Rogers ,https://photoresources.wtatennis.com/photo-resources/2026/04/16/12d4c93e-8e56-4d81-ac72-ea0d1498127e/WTA-Tournament_Canada-English-2021.png?height=128,https://www.wtatennis.com/tournaments/806/montreal/2023,WTA 1000,Hard,https://www.wtatennis.com/resources/v7.42.0/i/elements/1000k-tag.svg,2023-08-07,2023-08-13,2023,8,Montreal,USA,,CA,CAN,124,019,America|USA|US,America,Northern America,CAN,3.0,190.0,63350.0,64M/32Q/32D,Jessica Pegula,4.0,https://www.wtatennis.com/resources/v7.42.0/i/elements/flags/usa.svg,Quarterfinals,L,"2-6, 7-5, 5-7",https://www.wtatennis.com/players/316956/jessica-pegula,False,False,False,False,False,False,False,3,False,32,14,18,US,USA,840,019,America,Northern America,USA,"2,6,None|7,5,None|5,7,None",
2,Omnium Banque Nationale présenté par Rogers ,https://photoresources.wtatennis.com/photo-resources/2026/04/16/12d4c93e-8e56-4d81-ac72-ea0d1498127e/WTA-Tournament_Canada-English-2021.png?height=128,https://www.wtatennis.com/tournaments/806/montreal/2023,WTA 1000,Hard,https://www.wtatennis.com/resources/v7.42.0/i/elements/1000k-tag.svg,2023-08-07,2023-08-13,2023,8,Montreal,CZE,,CA,CAN,124,019,,America,Northern America,CAN,10.0,190.0,63350.0,64M/32Q/32D,Marketa Vondrousova,9.0,https://www.wtatennis.com/resources/v7.42.0/i/elements/flags/cze.svg,Round of 16,W,"6-3, 6-0",https://www.wtatennis.com/players/323027/marketa-vondrousova,False,False,False,False,False,False,False,2,True,15,12,3,CZ,CZE,203,150,Europe,Central Europe,CZE,"6,3,None|6,0,None",
3,Omnium Banque Nationale présenté par Rogers ,https://photoresources.wtatennis.com/photo-resources/2026/04/16/12d4c93e-8e56-4d81-ac72-ea0d1498127e/WTA-Tournament_Canada-English-2021.png?height=128,https://www.wtatennis.com/tournaments/806/montreal/2023,WTA 1000,Hard,https://www.wtatennis.com/resources/v7.42.0/i/elements/1000k-tag.svg,2023-08-07,2023-08-13,2023,8,Montreal,GBR,,CA,CAN,124,019,Britain|UK|Great Britain|United Kingdom,America,Northern America,CAN,72.0,190.0,63350.0,64M/32Q/32D,Katie Boulter,,https://www.wtatennis.com/resources/v7.42.0/i/elements/flags/gbr.svg,Round of 32,W,"6-2, 6-2",https://www.wtatennis.com/players/319125/katie-boulter,False,False,False,False,False,False,False,2,True,16,12,4,GB,GBR,826,150,Europe,Northern Europe,ENG,"6,2,None|6,2,None",
4,Omnium Banque Nationale présenté par Rogers ,https://photoresources.wtatennis.com/photo-resources/2026/04/16/12d4c93e-8e56-4d81-ac72-ea0d1498127e/WTA-Tournament_Canada-English-2021.png?height=128,https://www.wtatennis.com/tournaments/806/montreal/2023,WTA 1000,Hard,https://www.wtatennis.com/resources/v7.42.0/i/elements/1000k-tag.svg,2023-08-07,2023-08-13,2023,8,Montreal,,,CA,CAN,124,019,,America,Northern America,CAN,,190.0,63350.0,64M/32Q/32D,,,,Round of 64,,Bye,,False,False,True,False,False,False,False,0,False,0,0,0,,,,,,,,,
1,Mubadala Citi DC Open,,https://www.wtatennis.com/tournaments/1045/washington-dc/2023,WTA 500,Hard,https://www.wtatennis.com/resources/v7.42.0/i/elements/500k-tag.svg,2023-07-31,2023-08-06,2023,7,,GRE,,,,,,,,,United States of America,9.0,470.0,120150.0,32M/16Q/16D,Maria Sakkari,4.0,https://www.wtatennis.com/resources/v7.42.0/i/elements/flags/gre.svg,Finals,W,"6-2, 6-3",https://www.wtatennis.com/players/318312/maria-sakkari,False,False,False,False,False,False,False,2,True,17,12,5,GR,GRC,300,150,Europe,Southeastern Europe,GRE,"6,2,None|6,3,None",
2,Mubadala Citi DC Open,,https://www.wtatennis.com/tournaments/1045/washington-dc/2023,WTA 500,Hard,https://www.wtatennis.com/resources/v7.42.0/i/elements/500k-tag.svg,2023-07-31,2023-08-06,2023,7,,RUS,,,,,,,,,United States of America,18.0,470.0,120150.0,32M/16Q/16D,Liudmila Samsonova,8.0,https://www.wtatennis.com/resources/v7.42.0/i/elements/flags/rus.svg,Semifinals,W,"6-3, 6-3",https://www.wtatennis.com/players/322222/liudmila-samsonova,False,False,False,False,False,False,False,2,True,18,12,6,RU,RUS,643,150,Europe,Eastern Europe,RUS,"6,3,None|6,3,None",
3,Mubadala Citi DC Open,,https://www.wtatennis.com/tournaments/1045/washington-dc/2023,WTA 500,Hard,https://www.wtatennis.com/resources/v7.42.0/i/elements/500k-tag.svg,2023-07-31,2023-08-06,2023,7,,SUI,,,,,,,,,United States of America,15.0,470.0,120150.0,32M/16Q/16D,Belinda Bencic,6.0,https://www.wtatennis.com/resources/v7.42.0/i/elements/flags/sui.svg,Quarterfinals,W,"6-1, 6-2",https://www.wtatennis.com/players/319001/belinda-bencic,False,False,False,False,False,False,False,2,True,15,12,3,CH,CHE,756,150,Europe,Central Europe,SUI,"6,1,None|6,2,None",
4,Mubadala Citi DC Open,,https://www.wtatennis.com/tournaments/1045/washington-dc/2023,WTA 500,Hard,https://www.wtatennis.com/resources/v7.42.0/i/elements/500k-tag.svg,2023-07-31,2023-08-06,2023,7,,USA,,,,,,America|USA|US,,,United States of America,204.0,470.0,120150.0,32M/16Q/16D,Hailey Baptiste,,https://www.wtatennis.com/resources/v7.42.0/i/elements/flags/usa.svg,Round of 16,W,"6-1, 6-4",https://www.wtatennis.com/players/327101/hailey-baptiste,False,False,False,False,False,False,False,2,True,17,12,5,US,USA,840,019,America,Northern America,USA,"6,1,None|6,4,None",
5,Mubadala Citi DC Open,,https://www.wtatennis.com/tournaments/1045/washington-dc/2023,WTA 500,Hard,https://www.wtatennis.com/resources/v7.42.0/i/elements/500k-tag.svg,2023-07-31,2023-08-06,2023,7,,,,,,,,,,,United States of America,,470.0,120150.0,32M/16Q/16D,,,,Round of 32,,Bye,,False,False,True,False,False,False,False,0,False,0,0,0,,,,,,,,,
1,"The Championships, Wimbledon",https://photoresources.wtatennis.com/photo-resources/2026/04/16/d29814e6-6e80-4015-b680-9a7f3cb065c3/WTA-Tournament_Wimbledon.png?height=128,https://www.wtatennis.com/tournaments/904/wimbledon/2023,Grand Slam,Grass,https://www.wtatennis.com/resources/v7.42.0/i/elements/gs-tag.svg,2023-07-03,2023-07-16,2023,7,Wimbledon,USA,,GB,GBR,826,150,America|USA|US,Europe,Northern Europe,ENG,128.0,10.0,69615.0,128M/128Q/64D,Sofia Kenin,,https://www.wtatennis.com/resources/v7.42.0/i/elements/flags/usa.svg,Round of 128,L,"4-6, 6-4, 2-6",https://www.wtatennis.com/players/320942/sofia-kenin,False,False,False,False,False,False,False,3,False,28,12,16,US,USA,840,019,America,Northern America,USA,"4,6,None|6,4,None|2,6,None",
1,Rothesay International,,https://www.wtatennis.com/tournaments/710/eastbourne/2023,WTA 250,Grass,https://www.wtatennis.com/resources/v7.42.0/i/elements/250k-tag.svg,2023-06-26,2023-07-01,2023,6,Eastbourne,USA,,GB,GBR,826,150,America|USA|US,Europe,Northern Europe,ENG,25.0,185.0,43323.0,32M/24Q/16D,Madison Keys,,https://www.wtatennis.com/resources/v7.42.0/i/elements/flags/usa.svg,Semifinals,L,"3-6, 3-6",https://www.wtatennis.com/players/316959/madison-keys,False,False,False,False,False,False,False,2,False,18,6,12,US,USA,840,019,America,Northern America,USA,"3,6,None|3,6,None",
2,Rothesay International,,https://www.wtatennis.com/tournaments/710/eastbourne/2023,WTA 250,Grass,https://www.wtatennis.com/resources/v7.42.0/i/elements/250k-tag.svg,2023-06-26,2023-07-01,2023,6,Eastbourne,USA,,GB,GBR,826,150,America|USA|US,Europe,Northern Europe,ENG,4.0,185.0,43323.0,32M/24Q/16D,Jessica Pegula,3.0,https://www.wtatennis.com/resources/v7.42.0/i/elements/flags/usa.svg,Quarterfinals,W,"6-3, 6-3",https://www.wtatennis.com/players/316956/jessica-pegula,False,False,False,False,False,False,False,2,True,18,12,6,US,USA,840,019,America,Northern America,USA,"6,3,None|6,3,None",
3,Rothesay International,,https://www.wtatennis.com/tournaments/710/eastbourne/2023,WTA 250,Grass,https://www.wtatennis.com/resources/v7.42.0/i/elements/250k-tag.svg,2023-06-26,2023-07-01,2023,6,Eastbourne,GBR,,GB,GBR,826,150,Britain|UK|Great Britain|United Kingdom,Europe,Northern Europe,ENG,128.0,185.0,43323.0,32M/24Q/16D,Jodie Burrage,,https://www.wtatennis.com/resources/v7.42.0/i/elements/flags/gbr.svg,Round of 16,W,"6-1, 6-1",https://www.wtatennis.com/players/323802/jodie-burrage,False,False,False,False,False,False,False,2,True,14,12,2,GB,GBR,826,150,Europe,Northern Europe,ENG,"6,1,None|6,1,None",
4,Rothesay International,,https://www.wtatennis.com/tournaments/710/eastbourne/2023,WTA 250,Grass,https://www.wtatennis.com/resources/v7.42.0/i/elements/250k-tag.svg,2023-06-26,2023-07-01,2023,6,Eastbourne,USA,,GB,GBR,826,150,America|USA|US,Europe,Northern Europe,ENG,27.0,185.0,43323.0,32M/24Q/16D,Bernarda Pera,,https://www.wtatennis.com/resources/v7.42.0/i/elements/flags/usa.svg,Round of 32,W,"6-3, 6-2",https://www.wtatennis.com/players/317708/bernarda-pera,False,False,False,False,False,False,False,2,True,17,12,5,US,USA,840,019,America,Northern America,USA,"6,3,None|6,2,None",
1,"bett1open, presented by ecotrans Group",https://photoresources.wtatennis.com/photo-resources/2025/05/23/7fdec664-b1a6-44fc-8772-ecfb34d7aca2/WTA-Tournament_Berlin-2024.png?height=128,https://www.wtatennis.com/tournaments/2012/berlin/2023,WTA 500,Grass,https://www.wtatennis.com/resources/v7.42.0/i/elements/500k-tag.svg,2023-06-19,2023-06-25,2023,6,Berlin,RUS,,DE,DEU,276,150,,Europe,Central Europe,GER,22.0,55.0,10086.0,32M/24Q/16D,Ekaterina Alexandrova,,https://www.wtatennis.com/resources/v7.42.0/i/elements/flags/rus.svg,Round of 16,L,"4-6, 0-6",https://www.wtatennis.com/players/319007/ekaterina-alexandrova,False,False,False,False,False,False,False,2,False,16,4,12,RU,RUS,643,150,Europe,Eastern Europe,RUS,"4,6,None|0,6,None",
2,"bett1open, presented by ecotrans Group",https://photoresources.wtatennis.com/photo-resources/2025/05/23/7fdec664-b1a6-44fc-8772-ecfb34d7aca2/WTA-Tournament_Berlin-2024.png?height=128,https://www.wtatennis.com/tournaments/2012/berlin/2023,WTA 500,Grass,https://www.wtatennis.com/resources/v7.42.0/i/elements/500k-tag.svg,2023-06-19,2023-06-25,2023,6,Berlin,CZE,,DE,DEU,276,150,,Europe,Central Europe,GER,54.0,55.0,10086.0,32M/24Q/16D,Katerina Siniakova,,https://www.wtatennis.com/resources/v7.42.0/i/elements/flags/cze.svg,Round of 32,W,"6-3, 6-4",https://www.wtatennis.com/players/320301/katerina-siniakova,False,False,False,False,False,False,False,2,True,19,12,7,CZ,CZE,203,150,Europe,Central Europe,CZE,"6,3,None|6,4,None",
1,Roland Garros,https://photoresources.wtatennis.com/photo-resources/2026/04/16/0893d8be-5450-4e36-a144-cdd958c1b484/WTA-Tournament_Roland-Garros.png?height=128,https://www.wtatennis.com/tournaments/903/roland-garros/2023,Grand Slam,Clay,https://www.wtatennis.com/resources/v7.42.0/i/elements/gs-tag.svg,2023-05-28,2023-06-11,2023,5,Paris,POL,,FR,FRA,250,150,,Europe,Western Europe,FRA,1.0,430.0,400000.0,128M/128Q/64D,Iga Swiatek,1.0,https://www.wtatennis.com/resources/v7.42.0/i/elements/flags/pol.svg,Quarterfinals,L,"4-6, 2-6",https://www.wtatennis.com/players/326408/iga-swiatek,False,False,False,False,False,False,False,2,False,18,6,12,PL,POL,616,150,Europe,Central Europe,POL,"4,6,None|2,6,None",
2,Roland Garros,https://photoresources.wtatennis.com/photo-resources/2026/04/16/0893d8be-5450-4e36-a144-cdd958c1b484/WTA-Tournament_Roland-Garros.png?height=128,https://www.wtatennis.com/tournaments/903/roland-garros/2023,Grand Slam,Clay,https://www.wtatennis.com/resources/v7.42.0/i/elements/gs-tag.svg,2023-05-28,2023-06-11,2023,5,Paris,SVK,,FR,FRA,250,150,,Europe,Western Europe,FRA,100.0,430.0,400000.0,128M/128Q/64D,Anna Karolina Schmiedlova,,https://www.wtatennis.com/resources/v7.42.0/i/elements/flags/svk.svg,Round of 16,W,"7-5, 6-2",https://www.wtatennis.com/players/318203/anna-karolina-schmiedlova,False,False,False,False,False,False,False,2,True,20,13,7,SK,SVK,703,150,Europe,Central Europe,SVK,"7,5,None|6,2,None",
3,Roland Garros,https://photoresources.wtatennis.com/photo-resources/2026/04/16/0893d8be-5450-4e36-a144-cdd958c1b484/WTA-Tournament_Roland-Garros.png?height=128,https://www.wtatennis.com/tournaments/903/roland-garros/2023,Grand Slam,Clay,https://www.wtatennis.com/resources/v7.42.0/i/elements/gs-tag.svg,2023-05-28,2023-06-11,2023,5,Paris,RUS,,FR,FRA,250,150,,Europe,Western Europe,FRA,143.0,430.0,400000.0,128M/128Q/64D,Mirra Andreeva,,https://www.wtatennis.com/resources/v7.42.0/i/elements/flags/rus.svg,Round of 32,W,"6-7 (5), 6-1, 6-1",https://www.wtatennis.com/players/331809/mirra-andreeva,False,False,False,True,False,False,True,3,False,27,18,9,RU,RUS,643,150,Europe,Eastern Europe,RUS,"6,7,5|6,1,None|6,1,None",
4,Roland Garros,https://photoresources.wtatennis.com/photo-resources/2026/04/16/0893d8be-5450-4e36-a144-cdd958c1b484/WTA-Tournament_Roland-Garros.png?height=128,https://www.wtatennis.com/tournaments/903/roland-garros/2023,Grand Slam,Clay,https://www.wtatennis.com/resources/v7.42.0/i/elements/gs-tag.svg,2023-05-28,2023-06-11,2023,5,Paris,AUT,,FR,FRA,250,150,,Europe,Western Europe,FRA,61.0,430.0,400000.0,128M/128Q/64D,Julia Grabher,,https://www.wtatennis.com/resources/v7.42.0/i/elements/flags/aut.svg,Round of 64,W,"6-2, 6-3",https://www.wtatennis.com/players/320316/julia-grabher,False,False,False,False,False,False,False,2,True,17,12,5,AT,AUT,040,150,Europe,Central Europe,AUT,"6,2,None|6,3,None",
5,Roland Garros,https://photoresources.wtatennis.com/photo-resources/2026/04/16/0893d8be-5450-4e36-a144-cdd958c1b484/WTA-Tournament_Roland-Garros.png?height=128,https://www.wtatennis.com/tournaments/903/roland-garros/2023,Grand Slam,Clay,https://www.wtatennis.com/resources/v7.42.0/i/elements/gs-tag.svg,2023-05-28,2023-06-11,2023,5,Paris,SUI,,FR,FRA,250,150,,Europe,Western Europe,FRA,71.0,430.0,400000.0,128M/128Q/64D,Rebeka Masarova,,https://www.wtatennis.com/resources/v7.42.0/i/elements/flags/sui.svg,Round of 128,W,"3-6, 6-1, 6-2",https://www.wtatennis.com/players/322087/rebeka-masarova,False,False,False,False,False,False,False,3,False,24,15,9,CH,CHE,756,150,Europe,Central Europe,SUI,"3,6,None|6,1,None|6,2,None",
1,Internazionali BNL d'Italia,https://photoresources.wtatennis.com/photo-resources/2026/04/16/2c058ad8-b3d8-49a9-a863-85d7b87a6783/WTA-Tournament_Rome-2018.png?height=128,https://www.wtatennis.com/tournaments/709/rome/2023,WTA 1000,Clay,https://www.wtatennis.com/resources/v7.42.0/i/elements/1000k-tag.svg,2023-05-09,2023-05-20,2023,5,Rome,CZE,,IT,ITA,380,150,,Europe,Southern Europe,ITA,38.0,65.0,22700.0,96M/48Q/32D,Marie Bouzkova,27.0,https://www.wtatennis.com/resources/v7.42.0/i/elements/flags/cze.svg,Round of 32,L,"6-4, 2-6, 2-6",https://www.wtatennis.com/players/320983/marie-bouzkova,False,False,False,False,False,False,False,3,True,26,10,16,CZ,CZE,203,150,Europe,Central Europe,CZE,"6,4,None|2,6,None|2,6,None",
2,Internazionali BNL d'Italia,https://photoresources.wtatennis.com/photo-resources/2026/04/16/2c058ad8-b3d8-49a9-a863-85d7b87a6783/WTA-Tournament_Rome-2018.png?height=128,https://www.wtatennis.com/tournaments/709/rome/2023,WTA 1000,Clay,https://www.wtatennis.com/resources/v7.42.0/i/elements/1000k-tag.svg,2023-05-09,2023-05-20,2023,5,Rome,KAZ,,IT,ITA,380,150,,Europe,Southern Europe,ITA,51.0,65.0,22700.0,96M/48Q/32D,Yulia Putintseva,,https://www.wtatennis.com/resources/v7.42.0/i/elements/flags/kaz.svg,Round of 64,W,"6-0, 6-1",https://www.wtatennis.com/players/317683/yulia-putintseva,False,False,False,False,False,False,False,2,True,13,12,1,KZ,KAZ,398,142,Asia,Central Asia,KAZ,"6,0,None|6,1,None",
3,Internazionali BNL d'Italia,https://photoresources.wtatennis.com/photo-resources/2026/04/16/2c058ad8-b3d8-49a9-a863-85d7b87a6783/WTA-Tournament_Rome-2018.png?height=128,https://www.wtatennis.com/tournaments/709/rome/2023,WTA 1000,Clay,https://www.wtatennis.com/resources/v7.42.0/i/elements/1000k-tag.svg,2023-05-09,2023-05-20,2023,5,Rome,,,IT,ITA,380,150,,Europe,Southern Europe,ITA,,65.0,22700.0,96M/48Q/32D,,,,Round of 128,,Bye,,False,False,True,False,False,False,False,0,False,0,0,0,,,,,,,,,
1,Mutua Madrid Open,https://photoresources.wtatennis.com/photo-resources/2026/04/16/46f056ec-5c74-4159-bc35-97ca4c015c80/WTA-Tournament_Madrid-2023.png?height=128,https://www.wtatennis.com/tournaments/1038/madrid/2023,WTA 1000,Clay,https://www.wtatennis.com/resources/v7.42.0/i/elements/1000k-tag.svg,2023-04-25,2023-05-07,2023,4,Madrid,ESP,,ES,ESP,724,150,Kingdom of Spain,Europe,Southern Europe,ESP,42.0,65.0,48835.0,96M/48Q/32D,Paula Badosa,26.0,https://www.wtatennis.com/resources/v7.42.0/i/elements/flags/esp.svg,Round of 32,L,"3-6, 0-6",https://www.wtatennis.com/players/320124/paula-badosa,False,False,False,False,False,False,False,2,False,15,3,12,ES,ESP,724,150,Europe,Southern Europe,ESP,"3,6,None|0,6,None",
2,Mutua Madrid Open,https://photoresources.wtatennis.com/photo-resources/2026/04/16/46f056ec-5c74-4159-bc35-97ca4c015c80/WTA-Tournament_Madrid-2023.png?height=128,https://www.wtatennis.com/tournaments/1038/madrid/2023,WTA 1000,Clay,https://www.wtatennis.com/resources/v7.42.0/i/elements/1000k-tag.svg,2023-04-25,2023-05-07,2023,4,Madrid,ESP,,ES,ESP,724,150,Kingdom of Spain,Europe,Southern Europe,ESP,318.0,65.0,48835.0,96M/48Q/32D,Irene Burillo,,https://www.wtatennis.com/resources/v7.42.0/i/elements/flags/esp.svg,Round of 64,W,"6-4, 6-1",https://www.wtatennis.com/players/321157/irene-burillo,False,False,False,False,False,False,False,2,True,17,12,5,ES,ESP,724,150,Europe,Southern Europe,ESP,"6,4,None|6,1,None",
3,Mutua Madrid Open,https://photoresources.wtatennis.com/photo-resources/2026/04/16/46f056ec-5c74-4159-bc35-97ca4c015c80/WTA-Tournament_Madrid-2023.png?height=128,https://www.wtatennis.com/tournaments/1038/madrid/2023,WTA 1000,Clay,https://www.wtatennis.com/resources/v7.42.0/i/elements/1000k-tag.svg,2023-04-25,2023-05-07,2023,4,Madrid,,,ES,ESP,724,150,,Europe,Southern Europe,ESP,,65.0,48835.0,96M/48Q/32D,,,,Round of 128,,Bye,,False,False,True,False,False,False,False,0,False,0,0,0,,,,,,,,,
1,Porsche Tennis Grand Prix,https://photoresources.wtatennis.com/photo-resources/2026/04/16/853dd66d-3c70-40ab-9215-4a22158de24a/WTA-Tournament_Stuttgart-2017.png?height=128,https://www.wtatennis.com/tournaments/1051/stuttgart/2023,WTA 500,Clay,https://www.wtatennis.com/resources/v7.42.0/i/elements/500k-tag.svg,2023-04-17,2023-04-23,2023,4,Stuttgart,AUT,,DE,DEU,276,150,,Europe,Central Europe,GER,24.0,55.0,10086.0,32M/16Q/16D,Anastasia Potapova,,https://www.wtatennis.com/resources/v7.42.0/i/elements/flags/aut.svg,Round of 16,L,"2-6, 3-6",https://www.wtatennis.com/players/325601/anastasia-potapova,False,False,False,False,False,False,False,2,False,17,5,12,AT,AUT,040,150,Europe,Central Europe,AUT,"2,6,None|3,6,None",
2,Porsche Tennis Grand Prix,https://photoresources.wtatennis.com/photo-resources/2026/04/16/853dd66d-3c70-40ab-9215-4a22158de24a/WTA-Tournament_Stuttgart-2017.png?height=128,https://www.wtatennis.com/tournaments/1051/stuttgart/2023,WTA 500,Clay,https://www.wtatennis.com/resources/v7.42.0/i/elements/500k-tag.svg,2023-04-17,2023-04-23,2023,4,Stuttgart,RUS,,DE,DEU,276,150,,Europe,Central Europe,GER,13.0,55.0,10086.0,32M/16Q/16D,Veronika Kudermetova,,https://www.wtatennis.com/resources/v7.42.0/i/elements/flags/rus.svg,Round of 32,W,"6-2, 4-6, 7-6 (3)",https://www.wtatennis.com/players/319526/veronika-kudermetova,False,False,False,False,False,True,True,3,True,31,17,14,RU,RUS,643,150,Europe,Eastern Europe,RUS,"6,2,None|4,6,None|7,6,3",
1,BJK CUP QUALIFIERS,https://www.wtatennis.com/resources/v7.42.0/i/elements/itf.png,,ITF,Hard,https://www.wtatennis.com/resources/v7.42.0/i/elements/itf.png,2023-04-14,2023-04-15,2023,4,Delray Beach,AUT,FL,,,,,,,,United States of America,78.0,,,8M/0Q/2D,Julia Grabher,,https://www.wtatennis.com/resources/v7.42.0/i/elements/flags/aut.svg,Round 1 R1,W,"6-1, 6-3",https://www.wtatennis.com/players/320316/julia-grabher,False,False,False,False,False,False,False,2,True,16,12,4,AT,AUT,040,150,Europe,Central Europe,AUT,"6,1,None|6,3,None",
1,Miami Open presented by Itaú,https://photoresources.wtatennis.com/photo-resources/2026/04/16/e0f2d5a2-cc05-4b2a-8377-f57edf6eaaa2/WTA-Tournament_Miami-2024.png?height=128,https://www.wtatennis.com/tournaments/902/miami/2023,WTA 1000,Hard,https://www.wtatennis.com/resources/v7.42.0/i/elements/1000k-tag.svg,2023-03-21,2023-04-02,2023,3,Miami,AUT,FL,,,,,,,,United States of America,26.0,65.0,55770.0,96M/48Q/32D,Anastasia Potapova,27.0,https://www.wtatennis.com/resources/v7.42.0/i/elements/flags/aut.svg,Round of 32,L,"7-6 (8), 5-7, 2-6",https://www.wtatennis.com/players/325601/anastasia-potapova,False,False,False,True,False,False,True,3,True,33,14,19,AT,AUT,040,150,Europe,Central Europe,AUT,"7,6,8|5,7,None|2,6,None",
2,Miami Open presented by Itaú,https://photoresources.wtatennis.com/photo-resources/2026/04/16/e0f2d5a2-cc05-4b2a-8377-f57edf6eaaa2/WTA-Tournament_Miami-2024.png?height=128,https://www.wtatennis.com/tournaments/902/miami/2023,WTA 1000,Hard,https://www.wtatennis.com/resources/v7.42.0/i/elements/1000k-tag.svg,2023-03-21,2023-04-02,2023,3,Miami,CAN,FL,,,,,,,,United States of America,83.0,65.0,55770.0,96M/48Q/32D,Rebecca Marino,,https://www.wtatennis.com/resources/v7.42.0/i/elements/flags/can.svg,Round of 64,W,"6-4, 6-3",https://www.wtatennis.com/players/313485/rebecca-marino,False,False,False,False,False,False,False,2,True,19,12,7,CA,CAN,124,019,America,Northern America,CAN,"6,4,None|6,3,None",
3,Miami Open presented by Itaú,https://photoresources.wtatennis.com/photo-resources/2026/04/16/e0f2d5a2-cc05-4b2a-8377-f57edf6eaaa2/WTA-Tournament_Miami-2024.png?height=128,https://www.wtatennis.com/tournaments/902/miami/2023,WTA 1000,Hard,https://www.wtatennis.com/resources/v7.42.0/i/elements/1000k-tag.svg,2023-03-21,2023-04-02,2023,3,Miami,,FL,,,,,,,,United States of America,,65.0,55770.0,96M/48Q/32D,,,,Round of 128,,Bye,,False,False,True,False,False,False,False,0,False,0,0,0,,,,,,,,,
1,BNP Paribas Open,https://photoresources.wtatennis.com/photo-resources/2026/04/16/a1736320-dd92-4829-8aa8-846c2edef410/WTA-Tournament_Indian-Wells-2017.png?height=128,https://www.wtatennis.com/tournaments/609/indian-wells/2023,WTA 1000,Hard,https://www.wtatennis.com/resources/v7.42.0/i/elements/1000k-tag.svg,2023-03-08,2023-03-19,2023,3,Indian Wells,BLR,CA,,,,,,,,United States of America,2.0,215.0,184465.0,96M/48Q/32D,Aryna Sabalenka,2.0,https://www.wtatennis.com/resources/v7.42.0/i/elements/flags/blr.svg,Quarterfinals,L,"4-6, 0-6",https://www.wtatennis.com/players/320760/aryna-sabalenka,False,False,False,False,False,False,False,2,False,16,4,12,BY,BLR,112,150,Europe,Eastern Europe,BLR,"4,6,None|0,6,None",
2,BNP Paribas Open,https://photoresources.wtatennis.com/photo-resources/2026/04/16/a1736320-dd92-4829-8aa8-846c2edef410/WTA-Tournament_Indian-Wells-2017.png?height=128,https://www.wtatennis.com/tournaments/609/indian-wells/2023,WTA 1000,Hard,https://www.wtatennis.com/resources/v7.42.0/i/elements/1000k-tag.svg,2023-03-08,2023-03-19,2023,3,Indian Wells,SWE,CA,,,,,,,,United States of America,103.0,215.0,184465.0,96M/48Q/32D,Rebecca Peterson,,https://www.wtatennis.com/resources/v7.42.0/i/elements/flags/swe.svg,Round of 16,W,"6-3, 1-6, 6-4",https://www.wtatennis.com/players/317771/rebecca-peterson,False,False,False,False,False,False,False,3,True,26,13,13,SE,SWE,752,150,Europe,Northern Europe,SWE,"6,3,None|1,6,None|6,4,None",
3,BNP Paribas Open,https://photoresources.wtatennis.com/photo-resources/2026/04/16/a1736320-dd92-4829-8aa8-846c2edef410/WTA-Tournament_Indian-Wells-2017.png?height=128,https://www.wtatennis.com/tournaments/609/indian-wells/2023,WTA 1000,Hard,https://www.wtatennis.com/resources/v7.42.0/i/elements/1000k-tag.svg,2023-03-08,2023-03-19,2023,3,Indian Wells,CZE,CA,,,,,,,,United States of America,54.0,215.0,184465.0,96M/48Q/32D,Linda Noskova,,https://www.wtatennis.com/resources/v7.42.0/i/elements/flags/cze.svg,Round of 32,W,"6-4, 6-3",https://www.wtatennis.com/players/329668/linda-noskova,False,False,False,False,False,False,False,2,True,19,12,7,CZ,CZE,203,150,Europe,Central Europe,CZE,"6,4,None|6,3,None",
4,BNP Paribas Open,https://photoresources.wtatennis.com/photo-resources/2026/04/16/a1736320-dd92-4829-8aa8-846c2edef410/WTA-Tournament_Indian-Wells-2017.png?height=128,https://www.wtatennis.com/tournaments/609/indian-wells/2023,WTA 1000,Hard,https://www.wtatennis.com/resources/v7.42.0/i/elements/1000k-tag.svg,2023-03-08,2023-03-19,2023,3,Indian Wells,ESP,CA,,,,,Kingdom of Spain,,,United States of America,90.0,215.0,184465.0,96M/48Q/32D,Cristina Bucsa,,https://www.wtatennis.com/resources/v7.42.0/i/elements/flags/esp.svg,Round of 64,W,"6-2, 6-4",https://www.wtatennis.com/players/321158/cristina-bucsa,False,False,False,False,False,False,False,2,True,18,12,6,ES,ESP,724,150,Europe,Southern Europe,ESP,"6,2,None|6,4,None",
5,BNP Paribas Open,https://photoresources.wtatennis.com/photo-resources/2026/04/16/a1736320-dd92-4829-8aa8-846c2edef410/WTA-Tournament_Indian-Wells-2017.png?height=128,https://www.wtatennis.com/tournaments/609/indian-wells/2023,WTA 1000,Hard,https://www.wtatennis.com/resources/v7.42.0/i/elements/1000k-tag.svg,2023-03-08,2023-03-19,2023,3,Indian Wells,,CA,,,,,,,,United States of America,,215.0,184465.0,96M/48Q/32D,,,,Round of 128,,Bye,,False,False,True,False,False,False,False,0,False,0,0,0,,,,,,,,,
1,Dubai Duty Free Tennis Championships,https://photoresources.wtatennis.com/photo-resources/2026/04/16/2aee9d91-0756-4a92-b0bb-09b8d0dd8d76/WTA-Tournament_Dubai-2017.png?height=128,https://www.wtatennis.com/tournaments/718/dubai/2023,WTA 1000,Hard,https://www.wtatennis.com/resources/v7.42.0/i/elements/1000k-tag.svg,2023-02-19,2023-02-25,2023,2,Dubai,POL,,AE,ARE,784,142,,Asia,Western Asia,UAE,1.0,350.0,138000.0,64M/32Q/32D,Iga Swiatek,1.0,https://www.wtatennis.com/resources/v7.42.0/i/elements/flags/pol.svg,Semifinals,L,"4-6, 2-6",https://www.wtatennis.com/players/326408/iga-swiatek,False,False,False,False,False,False,False,2,False,18,6,12,PL,POL,616,150,Europe,Central Europe,POL,"4,6,None|2,6,None",
2,Dubai Duty Free Tennis Championships,https://photoresources.wtatennis.com/photo-resources/2026/04/16/2aee9d91-0756-4a92-b0bb-09b8d0dd8d76/WTA-Tournament_Dubai-2017.png?height=128,https://www.wtatennis.com/tournaments/718/dubai/2023,WTA 1000,Hard,https://www.wtatennis.com/resources/v7.42.0/i/elements/1000k-tag.svg,2023-02-19,2023-02-25,2023,2,Dubai,USA,,AE,ARE,784,142,America|USA|US,Asia,Western Asia,UAE,23.0,350.0,138000.0,64M/32Q/32D,Madison Keys,,https://www.wtatennis.com/resources/v7.42.0/i/elements/flags/usa.svg,Quarterfinals,W,"6-2, 7-5",https://www.wtatennis.com/players/316959/madison-keys,False,False,False,False,False,False,False,2,True,20,13,7,US,USA,840,019,America,Northern America,USA,"6,2,None|7,5,None",
3,Dubai Duty Free Tennis Championships,https://photoresources.wtatennis.com/photo-resources/2026/04/16/2aee9d91-0756-4a92-b0bb-09b8d0dd8d76/WTA-Tournament_Dubai-2017.png?height=128,https://www.wtatennis.com/tournaments/718/dubai/2023,WTA 1000,Hard,https://www.wtatennis.com/resources/v7.42.0/i/elements/1000k-tag.svg,2023-02-19,2023-02-25,2023,2,Dubai,KAZ,,AE,ARE,784,142,,Asia,Western Asia,UAE,10.0,350.0,138000.0,64M/32Q/32D,Elena Rybakina,9.0,https://www.wtatennis.com/resources/v7.42.0/i/elements/flags/kaz.svg,Round of 16,W,Walkover,https://www.wtatennis.com/players/324166/elena-rybakina,False,True,False,False,False,False,False,0,False,0,0,0,KZ,KAZ,398,142,Asia,Central Asia,KAZ,,
4,Dubai Duty Free Tennis Championships,https://photoresources.wtatennis.com/photo-resources/2026/04/16/2aee9d91-0756-4a92-b0bb-09b8d0dd8d76/WTA-Tournament_Dubai-2017.png?height=128,https://www.wtatennis.com/tournaments/718/dubai/2023,WTA 1000,Hard,https://www.wtatennis.com/resources/v7.42.0/i/elements/1000k-tag.svg,2023-02-19,2023-02-25,2023,2,Dubai,BLR,,AE,ARE,784,142,,Asia,Western Asia,UAE,43.0,350.0,138000.0,64M/32Q/32D,Aliaksandra Sasnovich,,https://www.wtatennis.com/resources/v7.42.0/i/elements/flags/blr.svg,Round of 32,W,"6-0, 6-4",https://www.wtatennis.com/players/317790/aliaksandra-sasnovich,False,False,False,False,False,False,False,2,True,16,12,4,BY,BLR,112,150,Europe,Eastern Europe,BLR,"6,0,None|6,4,None",
5,Dubai Duty Free Tennis Championships,https://photoresources.wtatennis.com/photo-resources/2026/04/16/2aee9d91-0756-4a92-b0bb-09b8d0dd8d76/WTA-Tournament_Dubai-2017.png?height=128,https://www.wtatennis.com/tournaments/718/dubai/2023,WTA 1000,Hard,https://www.wtatennis.com/resources/v7.42.0/i/elements/1000k-tag.svg,2023-02-19,2023-02-25,2023,2,Dubai,,,AE,ARE,784,142,,Asia,Western Asia,UAE,,350.0,138000.0,64M/32Q/32D,,,,Round of 64,,Bye,,False,False,True,False,False,False,False,0,False,0,0,0,,,,,,,,,
1,Qatar TotalEnergies Open,https://photoresources.wtatennis.com/photo-resources/2026/04/16/c44d1d24-32ae-4ebe-b5e8-bd228bfb4fc8/1003_Doha_2026.png?height=128,https://www.wtatennis.com/tournaments/1003/doha/2023,WTA 500,Hard,https://www.wtatennis.com/resources/v7.42.0/i/elements/500k-tag.svg,2023-02-13,2023-02-18,2023,2,Doha,RUS,,QA,QAT,634,142,,Asia,Western Asia,QAT,11.0,100.0,21075.0,32M/32Q/16D,Veronika Kudermetova,8.0,https://www.wtatennis.com/resources/v7.42.0/i/elements/flags/rus.svg,Quarterfinals,L,"2-6, 6-3, 1-6",https://www.wtatennis.com/players/319526/veronika-kudermetova,False,False,False,False,False,False,False,3,False,24,9,15,RU,RUS,643,150,Europe,Eastern Europe,RUS,"2,6,None|6,3,None|1,6,None",
2,Qatar TotalEnergies Open,https://photoresources.wtatennis.com/photo-resources/2026/04/16/c44d1d24-32ae-4ebe-b5e8-bd228bfb4fc8/1003_Doha_2026.png?height=128,https://www.wtatennis.com/tournaments/1003/doha/2023,WTA 500,Hard,https://www.wtatennis.com/resources/v7.42.0/i/elements/500k-tag.svg,2023-02-13,2023-02-18,2023,2,Doha,CZE,,QA,QAT,634,142,,Asia,Western Asia,QAT,13.0,100.0,21075.0,32M/32Q/16D,Petra Kvitova,,https://www.wtatennis.com/resources/v7.42.0/i/elements/flags/cze.svg,Round of 16,W,"6-3, 7-6 (6)",https://www.wtatennis.com/players/314206/petra-kvitova,False,False,False,False,True,False,True,2,True,22,13,9,CZ,CZE,203,150,Europe,Central Europe,CZE,"6,3,None|7,6,6",
3,Qatar TotalEnergies Open,https://photoresources.wtatennis.com/photo-resources/2026/04/16/c44d1d24-32ae-4ebe-b5e8-bd228bfb4fc8/1003_Doha_2026.png?height=128,https://www.wtatennis.com/tournaments/1003/doha/2023,WTA 500,Hard,https://www.wtatennis.com/resources/v7.42.0/i/elements/500k-tag.svg,2023-02-13,2023-02-18,2023,2,Doha,,,QA,QAT,634,142,,Asia,Western Asia,QAT,,100.0,21075.0,32M/32Q/16D,,,,Round of 32,,Bye,,False,False,True,False,False,False,False,0,False,0,0,0,,,,,,,,,
1,Australian Open,https://photoresources.wtatennis.com/photo-resources/2026/04/16/6b041ce4-8b08-4fff-be75-89d1c452c157/WTA-Tournament_Australian-Open.png?height=128,https://www.wtatennis.com/tournaments/901/australian-open/2023,Grand Slam,Hard,https://www.wtatennis.com/resources/v7.42.0/i/elements/gs-tag.svg,2023-01-16,2023-01-29,2023,1,Melbourne,LAT,,AU,AUS,036,009,,Oceania,Australasia,AUS,17.0,240.0,236578.0,128M/128Q/64D,Jelena Ostapenko,17.0,https://www.wtatennis.com/resources/v7.42.0/i/elements/flags/lat.svg,Round of 16,L,"5-7, 3-6",https://www.wtatennis.com/players/319939/jelena-ostapenko,False,False,False,False,False,False,False,2,False,21,8,13,,,,,,,LAT,"5,7,None|3,6,None",
2,Australian Open,https://photoresources.wtatennis.com/photo-resources/2026/04/16/6b041ce4-8b08-4fff-be75-89d1c452c157/WTA-Tournament_Australian-Open.png?height=128,https://www.wtatennis.com/tournaments/901/australian-open/2023,Grand Slam,Hard,https://www.wtatennis.com/resources/v7.42.0/i/elements/gs-tag.svg,2023-01-16,2023-01-29,2023,1,Melbourne,USA,,AU,AUS,036,009,America|USA|US,Oceania,Australasia,AUS,41.0,240.0,236578.0,128M/128Q/64D,Bernarda Pera,,https://www.wtatennis.com/resources/v7.42.0/i/elements/flags/usa.svg,Round of 32,W,"6-3, 6-2",https://www.wtatennis.com/players/317708/bernarda-pera,False,False,False,False,False,False,False,2,True,17,12,5,US,USA,840,019,America,Northern America,USA,"6,3,None|6,2,None",
3,Australian Open,https://photoresources.wtatennis.com/photo-resources/2026/04/16/6b041ce4-8b08-4fff-be75-89d1c452c157/WTA-Tournament_Australian-Open.png?height=128,https://www.wtatennis.com/tournaments/901/australian-open/2023,Grand Slam,Hard,https://www.wtatennis.com/resources/v7.42.0/i/elements/gs-tag.svg,2023-01-16,2023-01-29,2023,1,Melbourne,GBR,,AU,AUS,036,009,Britain|UK|Great Britain|United Kingdom,Oceania,Australasia,AUS,77.0,240.0,236578.0,128M/128Q/64D,Emma Raducanu,,https://www.wtatennis.com/resources/v7.42.0/i/elements/flags/gbr.svg,Round of 64,W,"6-3, 7-6 (4)",https://www.wtatennis.com/players/328366/emma-raducanu,False,False,False,False,True,False,True,2,True,22,13,9,GB,GBR,826,150,Europe,Northern Europe,ENG,"6,3,None|7,6,4",
4,Australian Open,https://photoresources.wtatennis.com/photo-resources/2026/04/16/6b041ce4-8b08-4fff-be75-89d1c452c157/WTA-Tournament_Australian-Open.png?height=128,https://www.wtatennis.com/tournaments/901/australian-open/2023,Grand Slam,Hard,https://www.wtatennis.com/resources/v7.42.0/i/elements/gs-tag.svg,2023-01-16,2023-01-29,2023,1,Melbourne,CZE,,AU,AUS,036,009,,Oceania,Australasia,AUS,46.0,240.0,236578.0,128M/128Q/64D,Katerina Siniakova,,https://www.wtatennis.com/resources/v7.42.0/i/elements/flags/cze.svg,Round of 128,W,"6-1, 6-4",https://www.wtatennis.com/players/320301/katerina-siniakova,False,False,False,False,False,False,False,2,True,17,12,5,CZ,CZE,203,150,Europe,Central Europe,CZE,"6,1,None|6,4,None",
1,ASB Classic,,https://www.wtatennis.com/tournaments/1049/auckland/2023,WTA 250,Hard,https://www.wtatennis.com/resources/v7.42.0/i/elements/250k-tag.svg,2023-01-02,2023-01-08,2023,1,Auckland,SUI,,NZ,NZL,554,009,,Oceania,Australasia,NZL,130.0,280.0,34228.0,32M/24Q/16D,Rebeka Masarova,,https://www.wtatennis.com/resources/v7.42.0/i/elements/flags/sui.svg,Finals,W,"6-1, 6-1",https://www.wtatennis.com/players/322087/rebeka-masarova,False,False,False,False,False,False,False,2,True,14,12,2,CH,CHE,756,150,Europe,Central Europe,SUI,"6,1,None|6,1,None",
2,ASB Classic,,https://www.wtatennis.com/tournaments/1049/auckland/2023,WTA 250,Hard,https://www.wtatennis.com/resources/v7.42.0/i/elements/250k-tag.svg,2023-01-02,2023-01-08,2023,1,Auckland,MNE,,NZ,NZL,554,009,,Oceania,Australasia,NZL,60.0,280.0,34228.0,32M/24Q/16D,Danka Kovinic,7.0,https://www.wtatennis.com/resources/v7.42.0/i/elements/flags/mne.svg,Semifinals,W,"6-0, 6-2",https://www.wtatennis.com/players/317684/danka-kovinic,False,False,False,False,False,False,False,2,True,14,12,2,ME,MNE,499,150,Europe,Southeastern Europe,MNE,"6,0,None|6,2,None",
3,ASB Classic,,https://www.wtatennis.com/tournaments/1049/auckland/2023,WTA 250,Hard,https://www.wtatennis.com/resources/v7.42.0/i/elements/250k-tag.svg,2023-01-02,2023-01-08,2023,1,Auckland,CHN,,NZ,NZL,554,009,,Oceania,Australasia,NZL,84.0,280.0,34228.0,32M/24Q/16D,Lin Zhu,,https://www.wtatennis.com/resources/v7.42.0/i/elements/flags/chn.svg,Quarterfinals,W,"6-3, 6-2",https://www.wtatennis.com/players/317306/lin-zhu,False,False,False,False,False,False,False,2,True,17,12,5,CN,CHN,156,142,Asia,East Asia,CHN,"6,3,None|6,2,None",
4,ASB Classic,,https://www.wtatennis.com/tournaments/1049/auckland/2023,WTA 250,Hard,https://www.wtatennis.com/resources/v7.42.0/i/elements/250k-tag.svg,2023-01-02,2023-01-08,2023,1,Auckland,USA,,NZ,NZL,554,009,America|USA|US,Oceania,Australasia,NZL,227.0,280.0,34228.0,32M/24Q/16D,Sofia Kenin,,https://www.wtatennis.com/resources/v7.42.0/i/elements/flags/usa.svg,Round of 16,W,"6-4, 6-4",https://www.wtatennis.com/players/320942/sofia-kenin,False,False,False,False,False,False,False,2,True,20,12,8,US,USA,840,019,America,Northern America,USA,"6,4,None|6,4,None",
5,ASB Classic,,https://www.wtatennis.com/tournaments/1049/auckland/2023,WTA 250,Hard,https://www.wtatennis.com/resources/v7.42.0/i/elements/250k-tag.svg,2023-01-02,2023-01-08,2023,1,Auckland,GER,,NZ,NZL,554,009,,Oceania,Australasia,NZL,68.0,280.0,34228.0,32M/24Q/16D,Tatjana Maria,,https://www.wtatennis.com/resources/v7.42.0/i/elements/flags/ger.svg,Round of 32,W,"6-4, 6-1",https://www.wtatennis.com/players/310440/tatjana-maria,False,False,False,False,False,False,False,2,True,17,12,5,DE,DEU,276,150,Europe,Central Europe,GER,"6,4,None|6,1,None",
1,BJK CUP FINALS,https://www.wtatennis.com/resources/v7.42.0/i/elements/itf.png,,ITF,Hard,https://www.wtatennis.com/resources/v7.42.0/i/elements/itf.png,2022-11-08,2022-11-13,2022,11,,CZE,,,,,,,,,Group d,47.0,,,0M/0Q/0D,Katerina Siniakova,,https://www.wtatennis.com/resources/v7.42.0/i/elements/flags/cze.svg,Round R,L,"6-7 (1), 1-6",https://www.wtatennis.com/players/320301/katerina-siniakova,False,False,False,True,False,False,True,2,False,20,7,13,CZ,CZE,203,150,Europe,Central Europe,CZE,"6,7,1|1,6,None",
1,WTA Finals Fort Worth,https://photoresources.wtatennis.com/photo-resources/2026/04/16/23556323-66a6-4f30-9a8b-9b1f26342c0c/WTA-finals.png?height=128,https://www.wtatennis.com/tournaments/808/wta-finals/2022,Finals,Hard,https://www.wtatennis.com/resources/v7.42.0/i/elements/finals-tag.svg,2022-10-31,2022-11-07,2022,10,,POL,,,,,,,,,United States of America,1.0,,110000.0,9M/0Q/16D,Iga Swiatek,1.0,https://www.wtatennis.com/resources/v7.42.0/i/elements/flags/pol.svg,Group Stage Group,L,"3-6, 0-6",https://www.wtatennis.com/players/326408/iga-swiatek,False,False,False,False,False,False,False,2,False,15,3,12,PL,POL,616,150,Europe,Central Europe,POL,"3,6,None|0,6,None",
2,WTA Finals Fort Worth,https://photoresources.wtatennis.com/photo-resources/2026/04/16/23556323-66a6-4f30-9a8b-9b1f26342c0c/WTA-finals.png?height=128,https://www.wtatennis.com/tournaments/808/wta-finals/2022,Finals,Hard,https://www.wtatennis.com/resources/v7.42.0/i/elements/finals-tag.svg,2022-10-31,2022-11-07,2022,10,,FRA,,,,,,,,,United States of America,6.0,,110000.0,9M/0Q/16D,Caroline Garcia,6.0,https://www.wtatennis.com/resources/v7.42.0/i/elements/flags/fra.svg,Group Stage Group,L,"4-6, 3-6",https://www.wtatennis.com/players/315391/caroline-garcia,False,False,False,False,False,False,False,2,False,19,7,12,FR,FRA,250,150,Europe,Western Europe,FRA,"4,6,None|3,6,None",
3,WTA Finals Fort Worth,https://photoresources.wtatennis.com/photo-resources/2026/04/16/23556323-66a6-4f30-9a8b-9b1f26342c0c/WTA-finals.png?height=128,https://www.wtatennis.com/tournaments/808/wta-finals/2022,Finals,Hard,https://www.wtatennis.com/resources/v7.42.0/i/elements/finals-tag.svg,2022-10-31,2022-11-07,2022,10,,AUS,,,,,,,,,United States of America,8.0,,110000.0,9M/0Q/16D,Daria Kasatkina,8.0,https://www.wtatennis.com/resources/v7.42.0/i/elements/flags/aus.svg,Group Stage Group,L,"6-7 (6), 3-6",https://www.wtatennis.com/players/322082/daria-kasatkina,False,False,False,True,False,False,True,2,False,22,9,13,AU,AUS,036,009,Oceania,Australasia,AUS,"6,7,6|3,6,None",
1,Guadalajara Open Akron,,https://www.wtatennis.com/tournaments/2075/guadalajara-500/2022,WTA 1000,Hard,https://www.wtatennis.com/resources/v7.42.0/i/elements/1000k-tag.svg,2022-10-17,2022-10-23,2022,10,Guadalajara,BLR,,MX,MEX,484,019,,America,Central America,MEX,37.0,190.0,57440.0,64M/32Q/32D,Victoria Azarenka,,https://www.wtatennis.com/resources/v7.42.0/i/elements/flags/blr.svg,Quarterfinals,L,"6-7 (2), 6-4, 3-6",https://www.wtatennis.com/players/312001/victoria-azarenka,False,False,False,True,False,False,True,3,False,32,15,17,BY,BLR,112,150,Europe,Eastern Europe,BLR,"6,7,2|6,4,None|3,6,None",
2,Guadalajara Open Akron,,https://www.wtatennis.com/tournaments/2075/guadalajara-500/2022,WTA 1000,Hard,https://www.wtatennis.com/resources/v7.42.0/i/elements/1000k-tag.svg,2022-10-17,2022-10-23,2022,10,Guadalajara,ITA,,MX,MEX,484,019,,America,Central America,MEX,28.0,190.0,57440.0,64M/32Q/32D,Martina Trevisan,,https://www.wtatennis.com/resources/v7.42.0/i/elements/flags/ita.svg,Round of 16,W,"6-0, 6-3",https://www.wtatennis.com/players/316266/martina-trevisan,False,False,False,False,False,False,False,2,True,15,12,3,IT,ITA,380,150,Europe,Southern Europe,ITA,"6,0,None|6,3,None",
3,Guadalajara Open Akron,,https://www.wtatennis.com/tournaments/2075/guadalajara-500/2022,WTA 1000,Hard,https://www.wtatennis.com/resources/v7.42.0/i/elements/1000k-tag.svg,2022-10-17,2022-10-23,2022,10,Guadalajara,ITA,,MX,MEX,484,019,,America,Central America,MEX,92.0,190.0,57440.0,64M/32Q/32D,Elisabetta Cocciaretto,,https://www.wtatennis.com/resources/v7.42.0/i/elements/flags/ita.svg,Round of 32,W,"7-6 (1), 6-3",https://www.wtatennis.com/players/327909/elisabetta-cocciaretto,False,False,False,True,False,False,True,2,True,22,13,9,IT,ITA,380,150,Europe,Southern Europe,ITA,"7,6,1|6,3,None",
4,Guadalajara Open Akron,,https://www.wtatennis.com/tournaments/2075/guadalajara-500/2022,WTA 1000,Hard,https://www.wtatennis.com/resources/v7.42.0/i/elements/1000k-tag.svg,2022-10-17,2022-10-23,2022,10,Guadalajara,,,MX,MEX,484,019,,America,Central America,MEX,,190.0,57440.0,64M/32Q/32D,,,,Round of 64,,Bye,,False,False,True,False,False,False,False,0,False,0,0,0,,,,,,,,,
1,San Diego Open,,https://www.wtatennis.com/tournaments/2074/san-diego/2022,WTA 500,Hard,https://www.wtatennis.com/resources/v7.42.0/i/elements/500k-tag.svg,2022-10-10,2022-10-16,2022,10,San Diego,POL,CA,,,,,,,,United States of America,1.0,100.0,20505.0,32M/24Q/16D,Iga Swiatek,1.0,https://www.wtatennis.com/resources/v7.42.0/i/elements/flags/pol.svg,Quarterfinals,L,"0-6, 3-6",https://www.wtatennis.com/players/326408/iga-swiatek,False,False,False,False,False,False,False,2,False,15,3,12,PL,POL,616,150,Europe,Central Europe,POL,"0,6,None|3,6,None",
2,San Diego Open,,https://www.wtatennis.com/tournaments/2074/san-diego/2022,WTA 500,Hard,https://www.wtatennis.com/resources/v7.42.0/i/elements/500k-tag.svg,2022-10-10,2022-10-16,2022,10,San Diego,CAN,CA,,,,,,,,United States of America,57.0,100.0,20505.0,32M/24Q/16D,Bianca Andreescu,,https://www.wtatennis.com/resources/v7.42.0/i/elements/flags/can.svg,Round of 16,W,"6-4, 4-6, 6-3",https://www.wtatennis.com/players/325088/bianca-andreescu,False,False,False,False,False,False,False,3,True,29,16,13,CA,CAN,124,019,America,Northern America,CAN,"6,4,None|4,6,None|6,3,None",
3,San Diego Open,,https://www.wtatennis.com/tournaments/2074/san-diego/2022,WTA 500,Hard,https://www.wtatennis.com/resources/v7.42.0/i/elements/500k-tag.svg,2022-10-10,2022-10-16,2022,10,San Diego,USA,CA,,,,,America|USA|US,,,United States of America,294.0,100.0,20505.0,32M/24Q/16D,Robin Montgomery,,https://www.wtatennis.com/resources/v7.42.0/i/elements/flags/usa.svg,Round of 32,W,"6-3, 6-3",https://www.wtatennis.com/players/329408/robin-montgomery,False,False,False,False,False,False,False,2,True,18,12,6,US,USA,840,019,America,Northern America,USA,"6,3,None|6,3,None",
1,US Open,https://photoresources.wtatennis.com/photo-resources/2026/04/16/8d0a3d41-7b45-434b-a75b-b7d2eb0922b4/WTA-Tournament_US-Open.png?height=128,https://www.wtatennis.com/tournaments/905/us-open/2022,Grand Slam,Hard,https://www.wtatennis.com/resources/v7.42.0/i/elements/gs-tag.svg,2022-08-29,2022-09-11,2022,8,New York,FRA,NY,,,,,,,,United States of America,17.0,430.0,445000.0,128M/128Q/64D,Caroline Garcia,17.0,https://www.wtatennis.com/resources/v7.42.0/i/elements/flags/fra.svg,Quarterfinals,L,"3-6, 4-6",https://www.wtatennis.com/players/315391/caroline-garcia,False,False,False,False,False,False,False,2,False,19,7,12,FR,FRA,250,150,Europe,Western Europe,FRA,"3,6,None|4,6,None",
2,US Open,https://photoresources.wtatennis.com/photo-resources/2026/04/16/8d0a3d41-7b45-434b-a75b-b7d2eb0922b4/WTA-Tournament_US-Open.png?height=128,https://www.wtatennis.com/tournaments/905/us-open/2022,Grand Slam,Hard,https://www.wtatennis.com/resources/v7.42.0/i/elements/gs-tag.svg,2022-08-29,2022-09-11,2022,8,New York,CHN,NY,,,,,,,,United States of America,36.0,430.0,445000.0,128M/128Q/64D,Shuai Zhang,,https://www.wtatennis.com/resources/v7.42.0/i/elements/flags/chn.svg,Round of 16,W,"7-5, 7-5",https://www.wtatennis.com/players/311779/shuai-zhang,False,False,False,False,False,False,False,2,True,24,14,10,CN,CHN,156,142,Asia,East Asia,CHN,"7,5,None|7,5,None",
3,US Open,https://photoresources.wtatennis.com/photo-resources/2026/04/16/8d0a3d41-7b45-434b-a75b-b7d2eb0922b4/WTA-Tournament_US-Open.png?height=128,https://www.wtatennis.com/tournaments/905/us-open/2022,Grand Slam,Hard,https://www.wtatennis.com/resources/v7.42.0/i/elements/gs-tag.svg,2022-08-29,2022-09-11,2022,8,New York,USA,NY,,,,,America|USA|US,,,United States of America,20.0,430.0,445000.0,128M/128Q/64D,Madison Keys,20.0,https://www.wtatennis.com/resources/v7.42.0/i/elements/flags/usa.svg,Round of 32,W,"6-2, 6-3",https://www.wtatennis.com/players/316959/madison-keys,False,False,False,False,False,False,False,2,True,17,12,5,US,USA,840,019,America,Northern America,USA,"6,2,None|6,3,None",
4,US Open,https://photoresources.wtatennis.com/photo-resources/2026/04/16/8d0a3d41-7b45-434b-a75b-b7d2eb0922b4/WTA-Tournament_US-Open.png?height=128,https://www.wtatennis.com/tournaments/905/us-open/2022,Grand Slam,Hard,https://www.wtatennis.com/resources/v7.42.0/i/elements/gs-tag.svg,2022-08-29,2022-09-11,2022,8,New York,ROU,NY,,,,,,,,United States of America,101.0,430.0,445000.0,128M/128Q/64D,Elena-Gabriela Ruse,,https://www.wtatennis.com/resources/v7.42.0/i/elements/flags/rou.svg,Round of 64,W,"6-2, 7-6 (4)",https://www.wtatennis.com/players/320408/elena-gabriela-ruse,False,False,False,False,True,False,True,2,True,21,13,8,RO,ROU,642,150,Europe,Southeastern Europe,ROU,"6,2,None|7,6,4",
5,US Open,https://photoresources.wtatennis.com/photo-resources/2026/04/16/8d0a3d41-7b45-434b-a75b-b7d2eb0922b4/WTA-Tournament_US-Open.png?height=128,https://www.wtatennis.com/tournaments/905/us-open/2022,Grand Slam,Hard,https://www.wtatennis.com/resources/v7.42.0/i/elements/gs-tag.svg,2022-08-29,2022-09-11,2022,8,New York,FRA,NY,,,,,,,,United States of America,149.0,430.0,445000.0,128M/128Q/64D,Leolia Jeanjean,,https://www.wtatennis.com/resources/v7.42.0/i/elements/flags/fra.svg,Round of 128,W,"6-2, 6-3",https://www.wtatennis.com/players/320313/leolia-jeanjean,False,False,False,False,False,False,False,2,True,17,12,5,FR,FRA,250,150,Europe,Western Europe,FRA,"6,2,None|6,3,None",
1,Western & Southern Open,https://photoresources.wtatennis.com/photo-resources/2026/04/16/77288aaf-4c7f-4b8e-86f6-315c2ef872c5/WTA-Tournament_Cincinnati-2024.png?height=128,https://www.wtatennis.com/tournaments/1017/cincinnati/2022,WTA 1000,Hard,https://www.wtatennis.com/resources/v7.42.0/i/elements/1000k-tag.svg,2022-08-15,2022-08-21,2022,8,Cincinnati,CZE,OH,,,,,,,,United States of America,46.0,1.0,11725.0,64M/32Q/32D,Marie Bouzkova,,https://www.wtatennis.com/resources/v7.42.0/i/elements/flags/cze.svg,Round of 64,L,"5-7, 0-1",https://www.wtatennis.com/players/320983/marie-bouzkova,True,False,False,False,False,False,False,2,False,13,5,8,CZ,CZE,203,150,Europe,Central Europe,CZE,"5,7,None|0,1,None|Ret",
1,National Bank Open presented by Rogers,https://photoresources.wtatennis.com/photo-resources/2026/04/16/12d4c93e-8e56-4d81-ac72-ea0d1498127e/WTA-Tournament_Canada-English-2021.png?height=128,https://www.wtatennis.com/tournaments/806/montreal/2022,WTA 1000,Hard,https://www.wtatennis.com/resources/v7.42.0/i/elements/1000k-tag.svg,2022-08-08,2022-08-14,2022,8,Toronto,ROU,,CA,CAN,124,019,,America,Northern America,CAN,15.0,190.0,61300.0,64M/32Q/32D,Simona Halep,15.0,https://www.wtatennis.com/resources/v7.42.0/i/elements/flags/rou.svg,Quarterfinals,L,"4-6, 6-7 (2)",https://www.wtatennis.com/players/314320/simona-halep,False,False,False,False,True,False,True,2,False,23,10,13,RO,ROU,642,150,Europe,Southeastern Europe,ROU,"4,6,None|6,7,2",
2,National Bank Open presented by Rogers,https://photoresources.wtatennis.com/photo-resources/2026/04/16/12d4c93e-8e56-4d81-ac72-ea0d1498127e/WTA-Tournament_Canada-English-2021.png?height=128,https://www.wtatennis.com/tournaments/806/montreal/2022,WTA 1000,Hard,https://www.wtatennis.com/resources/v7.42.0/i/elements/1000k-tag.svg,2022-08-08,2022-08-14,2022,8,Toronto,BLR,,CA,CAN,124,019,,America,Northern America,CAN,6.0,190.0,61300.0,64M/32Q/32D,Aryna Sabalenka,6.0,https://www.wtatennis.com/resources/v7.42.0/i/elements/flags/blr.svg,Round of 16,W,"7-5, 4-6, 7-6 (4)",https://www.wtatennis.com/players/320760/aryna-sabalenka,False,False,False,False,False,True,True,3,True,35,18,17,BY,BLR,112,150,Europe,Eastern Europe,BLR,"7,5,None|4,6,None|7,6,4",
3,National Bank Open presented by Rogers,https://photoresources.wtatennis.com/photo-resources/2026/04/16/12d4c93e-8e56-4d81-ac72-ea0d1498127e/WTA-Tournament_Canada-English-2021.png?height=128,https://www.wtatennis.com/tournaments/806/montreal/2022,WTA 1000,Hard,https://www.wtatennis.com/resources/v7.42.0/i/elements/1000k-tag.svg,2022-08-08,2022-08-14,2022,8,Toronto,KAZ,,CA,CAN,124,019,,America,Northern America,CAN,27.0,190.0,61300.0,64M/32Q/32D,Elena Rybakina,,https://www.wtatennis.com/resources/v7.42.0/i/elements/flags/kaz.svg,Round of 32,W,"6-4, 6-7 (8), 7-6 (3)",https://www.wtatennis.com/players/324166/elena-rybakina,False,False,False,False,True,True,True,3,True,36,19,17,KZ,KAZ,398,142,Asia,Central Asia,KAZ,"6,4,None|6,7,8|7,6,3",
4,National Bank Open presented by Rogers,https://photoresources.wtatennis.com/photo-resources/2026/04/16/12d4c93e-8e56-4d81-ac72-ea0d1498127e/WTA-Tournament_Canada-English-2021.png?height=128,https://www.wtatennis.com/tournaments/806/montreal/2022,WTA 1000,Hard,https://www.wtatennis.com/resources/v7.42.0/i/elements/1000k-tag.svg,2022-08-08,2022-08-14,2022,8,Toronto,USA,,CA,CAN,124,019,America|USA|US,America,Northern America,CAN,64.0,190.0,61300.0,64M/32Q/32D,Madison Brengle,,https://www.wtatennis.com/resources/v7.42.0/i/elements/flags/usa.svg,Round of 64,W,"6-1, 6-3",https://www.wtatennis.com/players/312328/madison-brengle,False,False,False,False,False,False,False,2,True,16,12,4,US,USA,840,019,America,Northern America,USA,"6,1,None|6,3,None",
1,Mubadala Silicon Valley Classic,,https://www.wtatennis.com/tournaments/703/san-jose/2022,WTA 500,Hard,https://www.wtatennis.com/resources/v7.42.0/i/elements/500k-tag.svg,2022-08-01,2022-08-07,2022,8,San Jose,ESP,CA,,,,,Kingdom of Spain,,,United States of America,4.0,100.0,22080.0,32M/16Q/16D,Paula Badosa,2.0,https://www.wtatennis.com/resources/v7.42.0/i/elements/flags/esp.svg,Quarterfinals,L,"6-7 (4), 2-6",https://www.wtatennis.com/players/320124/paula-badosa,False,False,False,True,False,False,True,2,False,21,8,13,ES,ESP,724,150,Europe,Southern Europe,ESP,"6,7,4|2,6,None",
2,Mubadala Silicon Valley Classic,,https://www.wtatennis.com/tournaments/703/san-jose/2022,WTA 500,Hard,https://www.wtatennis.com/resources/v7.42.0/i/elements/500k-tag.svg,2022-08-01,2022-08-07,2022,8,San Jose,JPN,CA,,,,,,,,United States of America,41.0,100.0,22080.0,32M/16Q/16D,Naomi Osaka,,https://www.wtatennis.com/resources/v7.42.0/i/elements/flags/jpn.svg,Round of 16,W,"6-4, 6-4",https://www.wtatennis.com/players/319998/naomi-osaka,False,False,False,False,False,False,False,2,True,20,12,8,JP,JPN,392,142,Asia,East Asia,JPN,"6,4,None|6,4,None",
3,Mubadala Silicon Valley Classic,,https://www.wtatennis.com/tournaments/703/san-jose/2022,WTA 500,Hard,https://www.wtatennis.com/resources/v7.42.0/i/elements/500k-tag.svg,2022-08-01,2022-08-07,2022,8,San Jose,UKR,CA,,,,,,,,United States of America,52.0,100.0,22080.0,32M/16Q/16D,Anhelina Kalinina,,https://www.wtatennis.com/resources/v7.42.0/i/elements/flags/ukr.svg,Round of 32,W,"6-1, 6-0",https://www.wtatennis.com/players/320567/anhelina-kalinina,False,False,False,False,False,False,False,2,True,13,12,1,UA,UKR,804,150,Europe,Eastern Europe,UKR,"6,1,None|6,0,None",
1,The Championships,https://photoresources.wtatennis.com/photo-resources/2026/04/16/d29814e6-6e80-4015-b680-9a7f3cb065c3/WTA-Tournament_Wimbledon.png?height=128,https://www.wtatennis.com/tournaments/904/wimbledon/2022,Grand Slam,Grass,https://www.wtatennis.com/resources/v7.42.0/i/elements/gs-tag.svg,2022-06-27,2022-07-10,2022,6,Wimbledon,USA,,GB,GBR,826,150,America|USA|US,Europe,Northern Europe,ENG,25.0,,154816.0,128M/128Q/64D,Amanda Anisimova,20.0,https://www.wtatennis.com/resources/v7.42.0/i/elements/flags/usa.svg,Round of 32,L,"7-6 (4), 2-6, 1-6",https://www.wtatennis.com/players/326384/amanda-anisimova,False,False,False,True,False,False,True,3,True,28,10,18,US,USA,840,019,America,Northern America,USA,"7,6,4|2,6,None|1,6,None",
2,The Championships,https://photoresources.wtatennis.com/photo-resources/2026/04/16/d29814e6-6e80-4015-b680-9a7f3cb065c3/WTA-Tournament_Wimbledon.png?height=128,https://www.wtatennis.com/tournaments/904/wimbledon/2022,Grand Slam,Grass,https://www.wtatennis.com/resources/v7.42.0/i/elements/gs-tag.svg,2022-06-27,2022-07-10,2022,6,Wimbledon,ROU,,GB,GBR,826,150,,Europe,Northern Europe,ENG,127.0,,154816.0,128M/128Q/64D,Mihaela Buzarnescu,,https://www.wtatennis.com/resources/v7.42.0/i/elements/flags/rou.svg,Round of 64,W,"6-2, 6-3",https://www.wtatennis.com/players/312268/mihaela-buzarnescu,False,False,False,False,False,False,False,2,True,17,12,5,RO,ROU,642,150,Europe,Southeastern Europe,ROU,"6,2,None|6,3,None",
3,The Championships,https://photoresources.wtatennis.com/photo-resources/2026/04/16/d29814e6-6e80-4015-b680-9a7f3cb065c3/WTA-Tournament_Wimbledon.png?height=128,https://www.wtatennis.com/tournaments/904/wimbledon/2022,Grand Slam,Grass,https://www.wtatennis.com/resources/v7.42.0/i/elements/gs-tag.svg,2022-06-27,2022-07-10,2022,6,Wimbledon,ROU,,GB,GBR,826,150,,Europe,Northern Europe,ENG,54.0,,154816.0,128M/128Q/64D,Elena-Gabriela Ruse,,https://www.wtatennis.com/resources/v7.42.0/i/elements/flags/rou.svg,Round of 128,W,"2-6, 6-3, 7-5",https://www.wtatennis.com/players/320408/elena-gabriela-ruse,False,False,False,False,False,False,False,3,False,29,15,14,RO,ROU,642,150,Europe,Southeastern Europe,ROU,"2,6,None|6,3,None|7,5,None",
1,bett1open,https://photoresources.wtatennis.com/photo-resources/2025/05/23/7fdec664-b1a6-44fc-8772-ecfb34d7aca2/WTA-Tournament_Berlin-2024.png?height=128,https://www.wtatennis.com/tournaments/2012/berlin/2022,WTA 500,Grass,https://www.wtatennis.com/resources/v7.42.0/i/elements/500k-tag.svg,2022-06-13,2022-06-19,2022,6,Berlin,TUN,,DE,DEU,276,150,,Europe,Central Europe,GER,4.0,185.0,42010.0,32M/24Q/16D,Ons Jabeur,1.0,https://www.wtatennis.com/resources/v7.42.0/i/elements/flags/tun.svg,Semifinals,L,"6-7 (4), 2-6",https://www.wtatennis.com/players/316847/ons-jabeur,False,False,False,True,False,False,True,2,False,21,8,13,TN,TUN,788,002,Africa,North Africa,TUN,"6,7,4|2,6,None",
2,bett1open,https://photoresources.wtatennis.com/photo-resources/2025/05/23/7fdec664-b1a6-44fc-8772-ecfb34d7aca2/WTA-Tournament_Berlin-2024.png?height=128,https://www.wtatennis.com/tournaments/2012/berlin/2022,WTA 500,Grass,https://www.wtatennis.com/resources/v7.42.0/i/elements/500k-tag.svg,2022-06-13,2022-06-19,2022,6,Berlin,CZE,,DE,DEU,276,150,,Europe,Central Europe,GER,7.0,185.0,42010.0,32M/24Q/16D,Karolina Pliskova,4.0,https://www.wtatennis.com/resources/v7.42.0/i/elements/flags/cze.svg,Quarterfinals,W,"7-5, 6-4",https://www.wtatennis.com/players/313974/karolina-pliskova,False,False,False,False,False,False,False,2,True,22,13,9,CZ,CZE,203,150,Europe,Central Europe,CZE,"7,5,None|6,4,None",
3,bett1open,https://photoresources.wtatennis.com/photo-resources/2025/05/23/7fdec664-b1a6-44fc-8772-ecfb34d7aca2/WTA-Tournament_Berlin-2024.png?height=128,https://www.wtatennis.com/tournaments/2012/berlin/2022,WTA 500,Grass,https://www.wtatennis.com/resources/v7.42.0/i/elements/500k-tag.svg,2022-06-13,2022-06-19,2022,6,Berlin,CHN,,DE,DEU,276,150,,Europe,Central Europe,GER,76.0,185.0,42010.0,32M/24Q/16D,Xinyu Wang,,https://www.wtatennis.com/resources/v7.42.0/i/elements/flags/chn.svg,Round of 16,W,"6-0, 6-4",https://www.wtatennis.com/players/326376/xinyu-wang,False,False,False,False,False,False,False,2,True,16,12,4,CN,CHN,156,142,Asia,East Asia,CHN,"6,0,None|6,4,None",
4,bett1open,https://photoresources.wtatennis.com/photo-resources/2025/05/23/7fdec664-b1a6-44fc-8772-ecfb34d7aca2/WTA-Tournament_Berlin-2024.png?height=128,https://www.wtatennis.com/tournaments/2012/berlin/2022,WTA 500,Grass,https://www.wtatennis.com/resources/v7.42.0/i/elements/500k-tag.svg,2022-06-13,2022-06-19,2022,6,Berlin,USA,,DE,DEU,276,150,America|USA|US,Europe,Central Europe,GER,66.0,185.0,42010.0,32M/24Q/16D,Ann Li,,https://www.wtatennis.com/resources/v7.42.0/i/elements/flags/usa.svg,Round of 32,W,"6-2, 7-6 (2)",https://www.wtatennis.com/players/326096/ann-li,False,False,False,False,True,False,True,2,True,21,13,8,US,USA,840,019,America,Northern America,USA,"6,2,None|7,6,2",
1,Roland Garros,https://photoresources.wtatennis.com/photo-resources/2026/04/16/0893d8be-5450-4e36-a144-cdd958c1b484/WTA-Tournament_Roland-Garros.png?height=128,https://www.wtatennis.com/tournaments/903/roland-garros/2022,Grand Slam,Clay,https://www.wtatennis.com/resources/v7.42.0/i/elements/gs-tag.svg,2022-05-22,2022-06-05,2022,5,Paris,POL,,FR,FRA,250,150,,Europe,Western Europe,FRA,1.0,1300.0,1163293.0,128M/128Q/64D,Iga Swiatek,1.0,https://www.wtatennis.com/resources/v7.42.0/i/elements/flags/pol.svg,Finals,L,"1-6, 3-6",https://www.wtatennis.com/players/326408/iga-swiatek,False,False,False,False,False,False,False,2,False,16,4,12,PL,POL,616,150,Europe,Central Europe,POL,"1,6,None|3,6,None",
2,Roland Garros,https://photoresources.wtatennis.com/photo-resources/2026/04/16/0893d8be-5450-4e36-a144-cdd958c1b484/WTA-Tournament_Roland-Garros.png?height=128,https://www.wtatennis.com/tournaments/903/roland-garros/2022,Grand Slam,Clay,https://www.wtatennis.com/resources/v7.42.0/i/elements/gs-tag.svg,2022-05-22,2022-06-05,2022,5,Paris,ITA,,FR,FRA,250,150,,Europe,Western Europe,FRA,59.0,1300.0,1163293.0,128M/128Q/64D,Martina Trevisan,,https://www.wtatennis.com/resources/v7.42.0/i/elements/flags/ita.svg,Semifinals,W,"6-3, 6-1",https://www.wtatennis.com/players/316266/martina-trevisan,False,False,False,False,False,False,False,2,True,16,12,4,IT,ITA,380,150,Europe,Southern Europe,ITA,"6,3,None|6,1,None",
3,Roland Garros,https://photoresources.wtatennis.com/photo-resources/2026/04/16/0893d8be-5450-4e36-a144-cdd958c1b484/WTA-Tournament_Roland-Garros.png?height=128,https://www.wtatennis.com/tournaments/903/roland-garros/2022,Grand Slam,Clay,https://www.wtatennis.com/resources/v7.42.0/i/elements/gs-tag.svg,2022-05-22,2022-06-05,2022,5,Paris,USA,,FR,FRA,250,150,America|USA|US,Europe,Western Europe,FRA,64.0,1300.0,1163293.0,128M/128Q/64D,Sloane Stephens,,https://www.wtatennis.com/resources/v7.42.0/i/elements/flags/usa.svg,Quarterfinals,W,"7-5, 6-2",https://www.wtatennis.com/players/315683/sloane-stephens,False,False,False,False,False,False,False,2,True,20,13,7,US,USA,840,019,America,Northern America,USA,"7,5,None|6,2,None",
4,Roland Garros,https://photoresources.wtatennis.com/photo-resources/2026/04/16/0893d8be-5450-4e36-a144-cdd958c1b484/WTA-Tournament_Roland-Garros.png?height=128,https://www.wtatennis.com/tournaments/903/roland-garros/2022,Grand Slam,Clay,https://www.wtatennis.com/resources/v7.42.0/i/elements/gs-tag.svg,2022-05-22,2022-06-05,2022,5,Paris,BEL,,FR,FRA,250,150,,Europe,Western Europe,FRA,32.0,1300.0,1163293.0,128M/128Q/64D,Elise Mertens,31.0,https://www.wtatennis.com/resources/v7.42.0/i/elements/flags/bel.svg,Round of 16,W,"6-4, 6-0",https://www.wtatennis.com/players/317964/elise-mertens,False,False,False,False,False,False,False,2,True,16,12,4,BE,BEL,056,150,Europe,Western Europe,BEL,"6,4,None|6,0,None",
5,Roland Garros,https://photoresources.wtatennis.com/photo-resources/2026/04/16/0893d8be-5450-4e36-a144-cdd958c1b484/WTA-Tournament_Roland-Garros.png?height=128,https://www.wtatennis.com/tournaments/903/roland-garros/2022,Grand Slam,Clay,https://www.wtatennis.com/resources/v7.42.0/i/elements/gs-tag.svg,2022-05-22,2022-06-05,2022,5,Paris,EST,,FR,FRA,250,150,,Europe,Western Europe,FRA,46.0,1300.0,1163293.0,128M/128Q/64D,Kaia Kanepi,,https://www.wtatennis.com/resources/v7.42.0/i/elements/flags/est.svg,Round of 32,W,"6-3, 6-4",https://www.wtatennis.com/players/110536/kaia-kanepi,False,False,False,False,False,False,False,2,True,19,12,7,EE,EST,233,150,Europe,Northern Europe,EST,"6,3,None|6,4,None",
6,Roland Garros,https://photoresources.wtatennis.com/photo-resources/2026/04/16/0893d8be-5450-4e36-a144-cdd958c1b484/WTA-Tournament_Roland-Garros.png?height=128,https://www.wtatennis.com/tournaments/903/roland-garros/2022,Grand Slam,Clay,https://www.wtatennis.com/resources/v7.42.0/i/elements/gs-tag.svg,2022-05-22,2022-06-05,2022,5,Paris,BEL,,FR,FRA,250,150,,Europe,Western Europe,FRA,60.0,1300.0,1163293.0,128M/128Q/64D,Alison Van Uytvanck,,https://www.wtatennis.com/resources/v7.42.0/i/elements/flags/bel.svg,Round of 64,W,"6-1, 7-6 (4)",https://www.wtatennis.com/players/317819/alison-van-uytvanck,False,False,False,False,True,False,True,2,True,20,13,7,BE,BEL,056,150,Europe,Western Europe,BEL,"6,1,None|7,6,4",
7,Roland Garros,https://photoresources.wtatennis.com/photo-resources/2026/04/16/0893d8be-5450-4e36-a144-cdd958c1b484/WTA-Tournament_Roland-Garros.png?height=128,https://www.wtatennis.com/tournaments/903/roland-garros/2022,Grand Slam,Clay,https://www.wtatennis.com/resources/v7.42.0/i/elements/gs-tag.svg,2022-05-22,2022-06-05,2022,5,Paris,CAN,,FR,FRA,250,150,,Europe,Western Europe,FRA,115.0,1300.0,1163293.0,128M/128Q/64D,Rebecca Marino,,https://www.wtatennis.com/resources/v7.42.0/i/elements/flags/can.svg,Round of 128,W,"7-5, 6-0",https://www.wtatennis.com/players/313485/rebecca-marino,False,False,False,False,False,False,False,2,True,18,13,5,CA,CAN,124,019,America,Northern America,CAN,"7,5,None|6,0,None",
1,Internazionali BNL d'Italia,https://photoresources.wtatennis.com/photo-resources/2026/04/16/2c058ad8-b3d8-49a9-a863-85d7b87a6783/WTA-Tournament_Rome-2018.png?height=128,https://www.wtatennis.com/tournaments/709/rome/2022,WTA 1000,Clay,https://www.wtatennis.com/resources/v7.42.0/i/elements/1000k-tag.svg,2022-05-09,2022-05-15,2022,5,Rome,GRE,,IT,ITA,380,150,,Europe,Southern Europe,ITA,4.0,105.0,28730.0,64M/32Q/32D,Maria Sakkari,4.0,https://www.wtatennis.com/resources/v7.42.0/i/elements/flags/gre.svg,Round of 16,L,"4-6, 5-7",https://www.wtatennis.com/players/318312/maria-sakkari,False,False,False,False,False,False,False,2,False,22,9,13,GR,GRC,300,150,Europe,Southeastern Europe,GRE,"4,6,None|5,7,None",
2,Internazionali BNL d'Italia,https://photoresources.wtatennis.com/photo-resources/2026/04/16/2c058ad8-b3d8-49a9-a863-85d7b87a6783/WTA-Tournament_Rome-2018.png?height=128,https://www.wtatennis.com/tournaments/709/rome/2022,WTA 1000,Clay,https://www.wtatennis.com/resources/v7.42.0/i/elements/1000k-tag.svg,2022-05-09,2022-05-15,2022,5,Rome,USA,,IT,ITA,380,150,America|USA|US,Europe,Southern Europe,ITA,61.0,105.0,28730.0,64M/32Q/32D,Madison Brengle,,https://www.wtatennis.com/resources/v7.42.0/i/elements/flags/usa.svg,Round of 32,W,"6-2, 6-4",https://www.wtatennis.com/players/312328/madison-brengle,False,False,False,False,False,False,False,2,True,18,12,6,US,USA,840,019,America,Northern America,USA,"6,2,None|6,4,None",
3,Internazionali BNL d'Italia,https://photoresources.wtatennis.com/photo-resources/2026/04/16/2c058ad8-b3d8-49a9-a863-85d7b87a6783/WTA-Tournament_Rome-2018.png?height=128,https://www.wtatennis.com/tournaments/709/rome/2022,WTA 1000,Clay,https://www.wtatennis.com/resources/v7.42.0/i/elements/1000k-tag.svg,2022-05-09,2022-05-15,2022,5,Rome,GER,,IT,ITA,380,150,,Europe,Southern Europe,ITA,19.0,105.0,28730.0,64M/32Q/32D,Angelique Kerber,,https://www.wtatennis.com/resources/v7.42.0/i/elements/flags/ger.svg,Round of 64,W,"6-1, 6-4",https://www.wtatennis.com/players/311470/angelique-kerber,False,False,False,False,False,False,False,2,True,17,12,5,DE,DEU,276,150,Europe,Central Europe,GER,"6,1,None|6,4,None",
1,Mutua Madrid Open,https://photoresources.wtatennis.com/photo-resources/2026/04/16/46f056ec-5c74-4159-bc35-97ca4c015c80/WTA-Tournament_Madrid-2023.png?height=128,https://www.wtatennis.com/tournaments/1038/madrid/2022,WTA 1000,Clay,https://www.wtatennis.com/resources/v7.42.0/i/elements/1000k-tag.svg,2022-04-28,2022-05-07,2022,4,Madrid,ROU,,ES,ESP,724,150,,Europe,Southern Europe,ESP,21.0,120.0,112524.0,64M/48Q/32D,Simona Halep,,https://www.wtatennis.com/resources/v7.42.0/i/elements/flags/rou.svg,Round of 16,L,"4-6, 4-6",https://www.wtatennis.com/players/314320/simona-halep,False,False,False,False,False,False,False,2,False,20,8,12,RO,ROU,642,150,Europe,Southeastern Europe,ROU,"4,6,None|4,6,None",
2,Mutua Madrid Open,https://photoresources.wtatennis.com/photo-resources/2026/04/16/46f056ec-5c74-4159-bc35-97ca4c015c80/WTA-Tournament_Madrid-2023.png?height=128,https://www.wtatennis.com/tournaments/1038/madrid/2022,WTA 1000,Clay,https://www.wtatennis.com/resources/v7.42.0/i/elements/1000k-tag.svg,2022-04-28,2022-05-07,2022,4,Madrid,KAZ,,ES,ESP,724,150,,Europe,Southern Europe,ESP,44.0,120.0,112524.0,64M/48Q/32D,Yulia Putintseva,,https://www.wtatennis.com/resources/v7.42.0/i/elements/flags/kaz.svg,Round of 32,W,"6-1, 2-6, 6-4",https://www.wtatennis.com/players/317683/yulia-putintseva,False,False,False,False,False,False,False,3,True,25,14,11,KZ,KAZ,398,142,Asia,Central Asia,KAZ,"6,1,None|2,6,None|6,4,None",
3,Mutua Madrid Open,https://photoresources.wtatennis.com/photo-resources/2026/04/16/46f056ec-5c74-4159-bc35-97ca4c015c80/WTA-Tournament_Madrid-2023.png?height=128,https://www.wtatennis.com/tournaments/1038/madrid/2022,WTA 1000,Clay,https://www.wtatennis.com/resources/v7.42.0/i/elements/1000k-tag.svg,2022-04-28,2022-05-07,2022,4,Madrid,SVK,,ES,ESP,724,150,,Europe,Southern Europe,ESP,89.0,120.0,112524.0,64M/48Q/32D,Anna Karolina Schmiedlova,,https://www.wtatennis.com/resources/v7.42.0/i/elements/flags/svk.svg,Round of 64,W,"6-0, 6-2",https://www.wtatennis.com/players/318203/anna-karolina-schmiedlova,False,False,False,False,False,False,False,2,True,14,12,2,SK,SVK,703,150,Europe,Central Europe,SVK,"6,0,None|6,2,None",
1,Porsche Tennis Grand Prix,https://photoresources.wtatennis.com/photo-resources/2026/04/16/853dd66d-3c70-40ab-9215-4a22158de24a/WTA-Tournament_Stuttgart-2017.png?height=128,https://www.wtatennis.com/tournaments/1051/stuttgart/2022,WTA 500,Clay,https://www.wtatennis.com/resources/v7.42.0/i/elements/500k-tag.svg,2022-04-18,2022-04-24,2022,4,Stuttgart,AUS,,DE,DEU,276,150,,Europe,Central Europe,GER,26.0,1.0,6540.0,32M/16Q/16D,Daria Kasatkina,,https://www.wtatennis.com/resources/v7.42.0/i/elements/flags/aus.svg,Round of 32,L,"4-6, 2-6",https://www.wtatennis.com/players/322082/daria-kasatkina,False,False,False,False,False,False,False,2,False,18,6,12,AU,AUS,036,009,Oceania,Australasia,AUS,"4,6,None|2,6,None",
1,Miami Open presented by Itaú,https://photoresources.wtatennis.com/photo-resources/2026/04/16/e0f2d5a2-cc05-4b2a-8377-f57edf6eaaa2/WTA-Tournament_Miami-2024.png?height=128,https://www.wtatennis.com/tournaments/902/miami/2022,WTA 1000,Hard,https://www.wtatennis.com/resources/v7.42.0/i/elements/1000k-tag.svg,2022-03-22,2022-04-03,2022,3,Miami,POL,FL,,,,,,,,United States of America,2.0,120.0,94575.0,96M/48Q/32D,Iga Swiatek,2.0,https://www.wtatennis.com/resources/v7.42.0/i/elements/flags/pol.svg,Round of 16,L,"3-6, 1-6",https://www.wtatennis.com/players/326408/iga-swiatek,False,False,False,False,False,False,False,2,False,16,4,12,PL,POL,616,150,Europe,Central Europe,POL,"3,6,None|1,6,None",
2,Miami Open presented by Itaú,https://photoresources.wtatennis.com/photo-resources/2026/04/16/e0f2d5a2-cc05-4b2a-8377-f57edf6eaaa2/WTA-Tournament_Miami-2024.png?height=128,https://www.wtatennis.com/tournaments/902/miami/2022,WTA 1000,Hard,https://www.wtatennis.com/resources/v7.42.0/i/elements/1000k-tag.svg,2022-03-22,2022-04-03,2022,3,Miami,CHN,FL,,,,,,,,United States of America,43.0,120.0,94575.0,96M/48Q/32D,Shuai Zhang,,https://www.wtatennis.com/resources/v7.42.0/i/elements/flags/chn.svg,Round of 32,W,"7-6 (1), 7-5",https://www.wtatennis.com/players/311779/shuai-zhang,False,False,False,True,False,False,True,2,True,25,14,11,CN,CHN,156,142,Asia,East Asia,CHN,"7,6,1|7,5,None",
3,Miami Open presented by Itaú,https://photoresources.wtatennis.com/photo-resources/2026/04/16/e0f2d5a2-cc05-4b2a-8377-f57edf6eaaa2/WTA-Tournament_Miami-2024.png?height=128,https://www.wtatennis.com/tournaments/902/miami/2022,WTA 1000,Hard,https://www.wtatennis.com/resources/v7.42.0/i/elements/1000k-tag.svg,2022-03-22,2022-04-03,2022,3,Miami,CHN,FL,,,,,,,,United States of America,101.0,120.0,94575.0,96M/48Q/32D,Qiang Wang,,https://www.wtatennis.com/resources/v7.42.0/i/elements/flags/chn.svg,Round of 64,W,"7-5, 6-4",https://www.wtatennis.com/players/314429/qiang-wang,False,False,False,False,False,False,False,2,True,22,13,9,CN,CHN,156,142,Asia,East Asia,CHN,"7,5,None|6,4,None",
4,Miami Open presented by Itaú,https://photoresources.wtatennis.com/photo-resources/2026/04/16/e0f2d5a2-cc05-4b2a-8377-f57edf6eaaa2/WTA-Tournament_Miami-2024.png?height=128,https://www.wtatennis.com/tournaments/902/miami/2022,WTA 1000,Hard,https://www.wtatennis.com/resources/v7.42.0/i/elements/1000k-tag.svg,2022-03-22,2022-04-03,2022,3,Miami,,FL,,,,,,,,United States of America,,120.0,94575.0,96M/48Q/32D,,,,Round of 128,,Bye,,False,False,True,False,False,False,False,0,False,0,0,0,,,,,,,,,
1,BNP Paribas Open,https://photoresources.wtatennis.com/photo-resources/2026/04/16/a1736320-dd92-4829-8aa8-846c2edef410/WTA-Tournament_Indian-Wells-2017.png?height=128,https://www.wtatennis.com/tournaments/609/indian-wells/2022,WTA 1000,Hard,https://www.wtatennis.com/resources/v7.42.0/i/elements/1000k-tag.svg,2022-03-09,2022-03-20,2022,3,Indian Wells,ROU,CA,,,,,,,,United States of America,26.0,65.0,54000.0,96M/48Q/32D,Simona Halep,24.0,https://www.wtatennis.com/resources/v7.42.0/i/elements/flags/rou.svg,Round of 32,L,"3-6, 4-6",https://www.wtatennis.com/players/314320/simona-halep,False,False,False,False,False,False,False,2,False,19,7,12,RO,ROU,642,150,Europe,Southeastern Europe,ROU,"3,6,None|4,6,None",
2,BNP Paribas Open,https://photoresources.wtatennis.com/photo-resources/2026/04/16/a1736320-dd92-4829-8aa8-846c2edef410/WTA-Tournament_Indian-Wells-2017.png?height=128,https://www.wtatennis.com/tournaments/609/indian-wells/2022,WTA 1000,Hard,https://www.wtatennis.com/resources/v7.42.0/i/elements/1000k-tag.svg,2022-03-09,2022-03-20,2022,3,Indian Wells,USA,CA,,,,,America|USA|US,,,United States of America,87.0,65.0,54000.0,96M/48Q/32D,Claire Liu,,https://www.wtatennis.com/resources/v7.42.0/i/elements/flags/usa.svg,Round of 64,W,"6-1, 7-6 (4)",https://www.wtatennis.com/players/323966/claire-liu,False,False,False,False,True,False,True,2,True,20,13,7,US,USA,840,019,America,Northern America,USA,"6,1,None|7,6,4",
3,BNP Paribas Open,https://photoresources.wtatennis.com/photo-resources/2026/04/16/a1736320-dd92-4829-8aa8-846c2edef410/WTA-Tournament_Indian-Wells-2017.png?height=128,https://www.wtatennis.com/tournaments/609/indian-wells/2022,WTA 1000,Hard,https://www.wtatennis.com/resources/v7.42.0/i/elements/1000k-tag.svg,2022-03-09,2022-03-20,2022,3,Indian Wells,,CA,,,,,,,,United States of America,,65.0,54000.0,96M/48Q/32D,,,,Round of 128,,Bye,,False,False,True,False,False,False,False,0,False,0,0,0,,,,,,,,,
1,Qatar TotalEnergies Open,https://photoresources.wtatennis.com/photo-resources/2026/04/16/c44d1d24-32ae-4ebe-b5e8-bd228bfb4fc8/1003_Doha_2026.png?height=128,https://www.wtatennis.com/tournaments/1003/doha/2022,WTA 1000,Hard,https://www.wtatennis.com/resources/v7.42.0/i/elements/1000k-tag.svg,2022-02-20,2022-02-26,2022,2,Doha,GRE,,QA,QAT,634,142,,Asia,Western Asia,QAT,6.0,190.0,53000.0,64M/32Q/32D,Maria Sakkari,6.0,https://www.wtatennis.com/resources/v7.42.0/i/elements/flags/gre.svg,Quarterfinals,L,"3-6, 3-6",https://www.wtatennis.com/players/318312/maria-sakkari,False,False,False,False,False,False,False,2,False,18,6,12,GR,GRC,300,150,Europe,Southeastern Europe,GRE,"3,6,None|3,6,None",
2,Qatar TotalEnergies Open,https://photoresources.wtatennis.com/photo-resources/2026/04/16/c44d1d24-32ae-4ebe-b5e8-bd228bfb4fc8/1003_Doha_2026.png?height=128,https://www.wtatennis.com/tournaments/1003/doha/2022,WTA 1000,Hard,https://www.wtatennis.com/resources/v7.42.0/i/elements/1000k-tag.svg,2022-02-20,2022-02-26,2022,2,Doha,ESP,,QA,QAT,634,142,Kingdom of Spain,Asia,Western Asia,QAT,4.0,190.0,53000.0,64M/32Q/32D,Paula Badosa,3.0,https://www.wtatennis.com/resources/v7.42.0/i/elements/flags/esp.svg,Round of 16,W,"6-2, 6-3",https://www.wtatennis.com/players/320124/paula-badosa,False,False,False,False,False,False,False,2,True,17,12,5,ES,ESP,724,150,Europe,Southern Europe,ESP,"6,2,None|6,3,None",
3,Qatar TotalEnergies Open,https://photoresources.wtatennis.com/photo-resources/2026/04/16/c44d1d24-32ae-4ebe-b5e8-bd228bfb4fc8/1003_Doha_2026.png?height=128,https://www.wtatennis.com/tournaments/1003/doha/2022,WTA 1000,Hard,https://www.wtatennis.com/resources/v7.42.0/i/elements/1000k-tag.svg,2022-02-20,2022-02-26,2022,2,Doha,FRA,,QA,QAT,634,142,,Asia,Western Asia,QAT,76.0,190.0,53000.0,64M/32Q/32D,Caroline Garcia,,https://www.wtatennis.com/resources/v7.42.0/i/elements/flags/fra.svg,Round of 32,W,"6-2, 7-6 (3)",https://www.wtatennis.com/players/315391/caroline-garcia,False,False,False,False,True,False,True,2,True,21,13,8,FR,FRA,250,150,Europe,Western Europe,FRA,"6,2,None|7,6,3",
4,Qatar TotalEnergies Open,https://photoresources.wtatennis.com/photo-resources/2026/04/16/c44d1d24-32ae-4ebe-b5e8-bd228bfb4fc8/1003_Doha_2026.png?height=128,https://www.wtatennis.com/tournaments/1003/doha/2022,WTA 1000,Hard,https://www.wtatennis.com/resources/v7.42.0/i/elements/1000k-tag.svg,2022-02-20,2022-02-26,2022,2,Doha,USA,,QA,QAT,634,142,America|USA|US,Asia,Western Asia,QAT,46.0,190.0,53000.0,64M/32Q/32D,Shelby Rogers,,https://www.wtatennis.com/resources/v7.42.0/i/elements/flags/usa.svg,Round of 64,W,"6-2, 6-3",https://www.wtatennis.com/players/317421/shelby-rogers,False,False,False,False,False,False,False,2,True,17,12,5,US,USA,840,019,America,Northern America,USA,"6,2,None|6,3,None",
1,Dubai Duty Free Tennis Championships,https://photoresources.wtatennis.com/photo-resources/2026/04/16/2aee9d91-0756-4a92-b0bb-09b8d0dd8d76/WTA-Tournament_Dubai-2017.png?height=128,https://www.wtatennis.com/tournaments/718/dubai/2022,WTA 500,Hard,https://www.wtatennis.com/resources/v7.42.0/i/elements/500k-tag.svg,2022-02-14,2022-02-19,2022,2,Dubai,USA,,AE,ARE,784,142,America|USA|US,Asia,Western Asia,UAE,14.0,1.0,6200.0,32M/48Q/16D,Jessica Pegula,,https://www.wtatennis.com/resources/v7.42.0/i/elements/flags/usa.svg,Round of 32,L,"4-6, 4-6",https://www.wtatennis.com/players/316956/jessica-pegula,False,False,False,False,False,False,False,2,False,20,8,12,US,USA,840,019,America,Northern America,USA,"4,6,None|4,6,None",
1,Australian Open,https://photoresources.wtatennis.com/photo-resources/2026/04/16/6b041ce4-8b08-4fff-be75-89d1c452c157/WTA-Tournament_Australian-Open.png?height=128,https://www.wtatennis.com/tournaments/901/australian-open/2022,Grand Slam,Hard,https://www.wtatennis.com/resources/v7.42.0/i/elements/gs-tag.svg,2022-01-17,2022-01-30,2022,1,Melbourne,CHN,,AU,AUS,036,009,,Oceania,Australasia,AUS,110.0,10.0,77500.0,128M/128Q/64D,Qiang Wang,,https://www.wtatennis.com/resources/v7.42.0/i/elements/flags/chn.svg,Round of 128,L,"4-6, 2-6",https://www.wtatennis.com/players/314429/qiang-wang,False,False,False,False,False,False,False,2,False,18,6,12,CN,CHN,156,142,Asia,East Asia,CHN,"4,6,None|2,6,None",
1,Adelaide International 2,,https://www.wtatennis.com/tournaments/2030/adelaide-250/2022,WTA 250,Hard,https://www.wtatennis.com/resources/v7.42.0/i/elements/250k-tag.svg,2022-01-10,2022-01-15,2022,1,Adelaide,USA,,AU,AUS,036,009,America|USA|US,Oceania,Australasia,AUS,87.0,110.0,10100.0,32M/24Q/16D,Madison Keys,,https://www.wtatennis.com/resources/v7.42.0/i/elements/flags/usa.svg,Semifinals,L,"6-3, 2-6, 5-7",https://www.wtatennis.com/players/316959/madison-keys,False,False,False,False,False,False,False,3,True,29,13,16,US,USA,840,019,America,Northern America,USA,"6,3,None|2,6,None|5,7,None",
2,Adelaide International 2,,https://www.wtatennis.com/tournaments/2030/adelaide-250/2022,WTA 250,Hard,https://www.wtatennis.com/resources/v7.42.0/i/elements/250k-tag.svg,2022-01-10,2022-01-15,2022,1,Adelaide,CRO,,AU,AUS,036,009,,Oceania,Australasia,AUS,65.0,110.0,10100.0,32M/24Q/16D,Ana Konjuh,,https://www.wtatennis.com/resources/v7.42.0/i/elements/flags/cro.svg,Quarterfinals,W,"6-3, 6-4",https://www.wtatennis.com/players/320682/ana-konjuh,False,False,False,False,False,False,False,2,True,19,12,7,HR,HRV,191,150,Europe,Southeastern Europe,CRO,"6,3,None|6,4,None",
3,Adelaide International 2,,https://www.wtatennis.com/tournaments/2030/adelaide-250/2022,WTA 250,Hard,https://www.wtatennis.com/resources/v7.42.0/i/elements/250k-tag.svg,2022-01-10,2022-01-15,2022,1,Adelaide,UKR,,AU,AUS,036,009,,Oceania,Australasia,AUS,50.0,110.0,10100.0,32M/24Q/16D,Marta Kostyuk,,https://www.wtatennis.com/resources/v7.42.0/i/elements/flags/ukr.svg,Round of 16,W,"6-3, 5-7, 6-3",https://www.wtatennis.com/players/326482/marta-kostyuk,False,False,False,False,False,False,False,3,True,30,17,13,UA,UKR,804,150,Europe,Eastern Europe,UKR,"6,3,None|5,7,None|6,3,None",
4,Adelaide International 2,,https://www.wtatennis.com/tournaments/2030/adelaide-250/2022,WTA 250,Hard,https://www.wtatennis.com/resources/v7.42.0/i/elements/250k-tag.svg,2022-01-10,2022-01-15,2022,1,Adelaide,CZE,,AU,AUS,036,009,,Oceania,Australasia,AUS,49.0,110.0,10100.0,32M/24Q/16D,Katerina Siniakova,,https://www.wtatennis.com/resources/v7.42.0/i/elements/flags/cze.svg,Round of 32,W,"6-1, 6-2",https://www.wtatennis.com/players/320301/katerina-siniakova,False,False,False,False,False,False,False,2,True,15,12,3,CZ,CZE,203,150,Europe,Central Europe,CZE,"6,1,None|6,2,None",
1,Adelaide International 1,,https://www.wtatennis.com/tournaments/2014/adelaide/2022,WTA 500,Hard,https://www.wtatennis.com/resources/v7.42.0/i/elements/500k-tag.svg,2022-01-03,2022-01-09,2022,1,Adelaide,AUS,,AU,AUS,036,009,,Oceania,Australasia,AUS,1.0,55.0,10000.0,32M/24Q/16D,Ashleigh Barty,1.0,https://www.wtatennis.com/resources/v7.42.0/i/elements/flags/aus.svg,Round of 16,L,"6-4, 5-7, 1-6",https://www.wtatennis.com/players/318033/ashleigh-barty,False,False,False,False,False,False,False,3,True,29,12,17,AU,AUS,036,009,Oceania,Australasia,AUS,"6,4,None|5,7,None|1,6,None",
2,Adelaide International 1,,https://www.wtatennis.com/tournaments/2014/adelaide/2022,WTA 500,Hard,https://www.wtatennis.com/resources/v7.42.0/i/elements/500k-tag.svg,2022-01-03,2022-01-09,2022,1,Adelaide,NOR,,AU,AUS,036,009,,Oceania,Australasia,AUS,306.0,55.0,10000.0,32M/24Q/16D,Ulrikke Eikeri,,https://www.wtatennis.com/resources/v7.42.0/i/elements/flags/nor.svg,Round of 32,W,"6-2, 6-1",https://www.wtatennis.com/players/315314/ulrikke-eikeri,False,False,False,False,False,False,False,2,True,15,12,3,NO,NOR,578,150,Europe,Northern Europe,NOR,"6,2,None|6,1,None",
1,BNP Paribas Open,https://photoresources.wtatennis.com/photo-resources/2026/04/16/a1736320-dd92-4829-8aa8-846c2edef410/WTA-Tournament_Indian-Wells-2017.png?height=128,https://www.wtatennis.com/tournaments/609/indian-wells/2021,WTA 1000,Hard,https://www.wtatennis.com/resources/v7.42.0/i/elements/1000k-tag.svg,2021-10-06,2021-10-17,2021,10,Indian Wells,ESP,CA,,,,,Kingdom of Spain,,,United States of America,27.0,65.0,51895.0,128M/64Q/32D,Paula Badosa,21.0,https://www.wtatennis.com/resources/v7.42.0/i/elements/flags/esp.svg,Round of 32,L,"2-6, 2-6",https://www.wtatennis.com/players/320124/paula-badosa,False,False,False,False,False,False,False,2,False,16,4,12,ES,ESP,724,150,Europe,Southern Europe,ESP,"2,6,None|2,6,None",
2,BNP Paribas Open,https://photoresources.wtatennis.com/photo-resources/2026/04/16/a1736320-dd92-4829-8aa8-846c2edef410/WTA-Tournament_Indian-Wells-2017.png?height=128,https://www.wtatennis.com/tournaments/609/indian-wells/2021,WTA 1000,Hard,https://www.wtatennis.com/resources/v7.42.0/i/elements/1000k-tag.svg,2021-10-06,2021-10-17,2021,10,Indian Wells,FRA,CA,,,,,,,,United States of America,59.0,65.0,51895.0,128M/64Q/32D,Caroline Garcia,,https://www.wtatennis.com/resources/v7.42.0/i/elements/flags/fra.svg,Round of 64,W,"6-3, 6-7 (2), 6-1",https://www.wtatennis.com/players/315391/caroline-garcia,False,False,False,False,True,False,True,3,True,29,18,11,FR,FRA,250,150,Europe,Western Europe,FRA,"6,3,None|6,7,2|6,1,None",
3,BNP Paribas Open,https://photoresources.wtatennis.com/photo-resources/2026/04/16/a1736320-dd92-4829-8aa8-846c2edef410/WTA-Tournament_Indian-Wells-2017.png?height=128,https://www.wtatennis.com/tournaments/609/indian-wells/2021,WTA 1000,Hard,https://www.wtatennis.com/resources/v7.42.0/i/elements/1000k-tag.svg,2021-10-06,2021-10-17,2021,10,Indian Wells,,CA,,,,,,,,United States of America,,65.0,51895.0,128M/64Q/32D,,,,Round of 128,,Bye,,False,False,True,False,False,False,False,0,False,0,0,0,,,,,,,,,
1,US Open,https://photoresources.wtatennis.com/photo-resources/2026/04/16/8d0a3d41-7b45-434b-a75b-b7d2eb0922b4/WTA-Tournament_US-Open.png?height=128,https://www.wtatennis.com/tournaments/905/us-open/2021,Grand Slam,Hard,https://www.wtatennis.com/resources/v7.42.0/i/elements/gs-tag.svg,2021-08-30,2021-09-11,2021,8,New York,USA,NY,,,,,America|USA|US,,,United States of America,66.0,70.0,115000.0,128M/128Q/64D,Sloane Stephens,,https://www.wtatennis.com/resources/v7.42.0/i/elements/flags/usa.svg,Round of 64,L,"4-6, 2-6",https://www.wtatennis.com/players/315683/sloane-stephens,False,False,False,False,False,False,False,2,False,18,6,12,US,USA,840,019,America,Northern America,USA,"4,6,None|2,6,None",
2,US Open,https://photoresources.wtatennis.com/photo-resources/2026/04/16/8d0a3d41-7b45-434b-a75b-b7d2eb0922b4/WTA-Tournament_US-Open.png?height=128,https://www.wtatennis.com/tournaments/905/us-open/2021,Grand Slam,Hard,https://www.wtatennis.com/resources/v7.42.0/i/elements/gs-tag.svg,2021-08-30,2021-09-11,2021,8,New York,POL,NY,,,,,,,,United States of America,48.0,70.0,115000.0,128M/128Q/64D,Magda Linette,,https://www.wtatennis.com/resources/v7.42.0/i/elements/flags/pol.svg,Round of 128,W,"5-7, 6-3, 6-4",https://www.wtatennis.com/players/315130/magda-linette,False,False,False,False,False,False,False,3,False,31,17,14,PL,POL,616,150,Europe,Central Europe,POL,"5,7,None|6,3,None|6,4,None",
1,Western & Southern Open,https://photoresources.wtatennis.com/photo-resources/2026/04/16/77288aaf-4c7f-4b8e-86f6-315c2ef872c5/WTA-Tournament_Cincinnati-2024.png?height=128,https://www.wtatennis.com/tournaments/1017/cincinnati/2021,WTA 1000,Hard,https://www.wtatennis.com/resources/v7.42.0/i/elements/1000k-tag.svg,2021-08-16,2021-08-22,2021,8,Cincinnati,JPN,OH,,,,,,,,United States of America,2.0,60.0,15330.0,64M/32Q/32D,Naomi Osaka,2.0,https://www.wtatennis.com/resources/v7.42.0/i/elements/flags/jpn.svg,Round of 32,L,"6-4, 3-6, 4-6",https://www.wtatennis.com/players/319998/naomi-osaka,False,False,False,False,False,False,False,3,True,29,13,16,JP,JPN,392,142,Asia,East Asia,JPN,"6,4,None|3,6,None|4,6,None",
2,Western & Southern Open,https://photoresources.wtatennis.com/photo-resources/2026/04/16/77288aaf-4c7f-4b8e-86f6-315c2ef872c5/WTA-Tournament_Cincinnati-2024.png?height=128,https://www.wtatennis.com/tournaments/1017/cincinnati/2021,WTA 1000,Hard,https://www.wtatennis.com/resources/v7.42.0/i/elements/1000k-tag.svg,2021-08-16,2021-08-22,2021,8,Cincinnati,TPE,OH,,,,,,,,United States of America,86.0,60.0,15330.0,64M/32Q/32D,Su-Wei Hsieh,,https://www.wtatennis.com/resources/v7.42.0/i/elements/flags/tpe.svg,Round of 64,W,"6-1, 6-2",https://www.wtatennis.com/players/310053/su-wei-hsieh,False,False,False,False,False,False,False,2,True,15,12,3,,,,,,,TPE,"6,1,None|6,2,None",
1,National Bank Open,https://photoresources.wtatennis.com/photo-resources/2026/04/16/12d4c93e-8e56-4d81-ac72-ea0d1498127e/WTA-Tournament_Canada-English-2021.png?height=128,https://www.wtatennis.com/tournaments/806/montreal/2021,WTA 1000,Hard,https://www.wtatennis.com/resources/v7.42.0/i/elements/1000k-tag.svg,2021-08-09,2021-08-15,2021,8,Montreal,ITA,,CA,CAN,124,019,,America,Northern America,CAN,71.0,190.0,41500.0,64M/32Q/32D,Camila Giorgi,,https://www.wtatennis.com/resources/v7.42.0/i/elements/flags/ita.svg,Quarterfinals,L,"4-6, 6-7 (2)",https://www.wtatennis.com/players/314610/camila-giorgi,False,False,False,False,True,False,True,2,False,23,10,13,IT,ITA,380,150,Europe,Southern Europe,ITA,"4,6,None|6,7,2",
2,National Bank Open,https://photoresources.wtatennis.com/photo-resources/2026/04/16/12d4c93e-8e56-4d81-ac72-ea0d1498127e/WTA-Tournament_Canada-English-2021.png?height=128,https://www.wtatennis.com/tournaments/806/montreal/2021,WTA 1000,Hard,https://www.wtatennis.com/resources/v7.42.0/i/elements/1000k-tag.svg,2021-08-09,2021-08-15,2021,8,Montreal,GBR,,CA,CAN,124,019,Britain|UK|Great Britain|United Kingdom,America,Northern America,CAN,41.0,190.0,41500.0,64M/32Q/32D,Johanna Konta,,https://www.wtatennis.com/resources/v7.42.0/i/elements/flags/gbr.svg,Round of 16,W,Walkover,https://www.wtatennis.com/players/313907/johanna-konta,False,True,False,False,False,False,False,0,False,0,0,0,GB,GBR,826,150,Europe,Northern Europe,ENG,,
3,National Bank Open,https://photoresources.wtatennis.com/photo-resources/2026/04/16/12d4c93e-8e56-4d81-ac72-ea0d1498127e/WTA-Tournament_Canada-English-2021.png?height=128,https://www.wtatennis.com/tournaments/806/montreal/2021,WTA 1000,Hard,https://www.wtatennis.com/resources/v7.42.0/i/elements/1000k-tag.svg,2021-08-09,2021-08-15,2021,8,Montreal,AUT,,CA,CAN,124,019,,America,Northern America,CAN,100.0,190.0,41500.0,64M/32Q/32D,Anastasia Potapova,,https://www.wtatennis.com/resources/v7.42.0/i/elements/flags/aut.svg,Round of 32,W,5-0,https://www.wtatennis.com/players/325601/anastasia-potapova,True,False,False,False,False,False,False,1,False,5,5,0,AT,AUT,040,150,Europe,Central Europe,AUT,"5,0,None|Ret",
4,National Bank Open,https://photoresources.wtatennis.com/photo-resources/2026/04/16/12d4c93e-8e56-4d81-ac72-ea0d1498127e/WTA-Tournament_Canada-English-2021.png?height=128,https://www.wtatennis.com/tournaments/806/montreal/2021,WTA 1000,Hard,https://www.wtatennis.com/resources/v7.42.0/i/elements/1000k-tag.svg,2021-08-09,2021-08-15,2021,8,Montreal,LAT,,CA,CAN,124,019,,America,Northern America,CAN,64.0,190.0,41500.0,64M/32Q/32D,Anastasija Sevastova,,https://www.wtatennis.com/resources/v7.42.0/i/elements/flags/lat.svg,Round of 64,W,"6-1, 6-4",https://www.wtatennis.com/players/313987/anastasija-sevastova,False,False,False,False,False,False,False,2,True,17,12,5,,,,,,,LAT,"6,1,None|6,4,None",
1,The Championships,https://photoresources.wtatennis.com/photo-resources/2026/04/16/d29814e6-6e80-4015-b680-9a7f3cb065c3/WTA-Tournament_Wimbledon.png?height=128,https://www.wtatennis.com/tournaments/904/wimbledon/2021,Grand Slam,Grass,https://www.wtatennis.com/resources/v7.42.0/i/elements/gs-tag.svg,2021-06-28,2021-07-10,2021,6,Wimbledon,GER,,GB,GBR,826,150,,Europe,Northern Europe,ENG,28.0,240.0,245545.0,128M/128Q/64D,Angelique Kerber,25.0,https://www.wtatennis.com/resources/v7.42.0/i/elements/flags/ger.svg,Round of 16,L,"4-6, 4-6",https://www.wtatennis.com/players/311470/angelique-kerber,False,False,False,False,False,False,False,2,False,20,8,12,DE,DEU,276,150,Europe,Central Europe,GER,"4,6,None|4,6,None",
2,The Championships,https://photoresources.wtatennis.com/photo-resources/2026/04/16/d29814e6-6e80-4015-b680-9a7f3cb065c3/WTA-Tournament_Wimbledon.png?height=128,https://www.wtatennis.com/tournaments/904/wimbledon/2021,Grand Slam,Grass,https://www.wtatennis.com/resources/v7.42.0/i/elements/gs-tag.svg,2021-06-28,2021-07-10,2021,6,Wimbledon,SLO,,GB,GBR,826,150,,Europe,Northern Europe,ENG,102.0,240.0,245545.0,128M/128Q/64D,Kaja Juvan,,https://www.wtatennis.com/resources/v7.42.0/i/elements/flags/slo.svg,Round of 32,W,"6-3, 6-3",https://www.wtatennis.com/players/324702/kaja-juvan,False,False,False,False,False,False,False,2,True,18,12,6,,,,,,,SLO,"6,3,None|6,3,None",
3,The Championships,https://photoresources.wtatennis.com/photo-resources/2026/04/16/d29814e6-6e80-4015-b680-9a7f3cb065c3/WTA-Tournament_Wimbledon.png?height=128,https://www.wtatennis.com/tournaments/904/wimbledon/2021,Grand Slam,Grass,https://www.wtatennis.com/resources/v7.42.0/i/elements/gs-tag.svg,2021-06-28,2021-07-10,2021,6,Wimbledon,RUS,,GB,GBR,826,150,,Europe,Northern Europe,ENG,370.0,240.0,245545.0,128M/128Q/64D,Elena Vesnina,,https://www.wtatennis.com/resources/v7.42.0/i/elements/flags/rus.svg,Round of 64,W,"6-4, 6-3",https://www.wtatennis.com/players/311220/elena-vesnina,False,False,False,False,False,False,False,2,True,19,12,7,RU,RUS,643,150,Europe,Eastern Europe,RUS,"6,4,None|6,3,None",
4,The Championships,https://photoresources.wtatennis.com/photo-resources/2026/04/16/d29814e6-6e80-4015-b680-9a7f3cb065c3/WTA-Tournament_Wimbledon.png?height=128,https://www.wtatennis.com/tournaments/904/wimbledon/2021,Grand Slam,Grass,https://www.wtatennis.com/resources/v7.42.0/i/elements/gs-tag.svg,2021-06-28,2021-07-10,2021,6,Wimbledon,GBR,,GB,GBR,826,150,Britain|UK|Great Britain|United Kingdom,Europe,Northern Europe,ENG,211.0,240.0,245545.0,128M/128Q/64D,Francesca Jones,,https://www.wtatennis.com/resources/v7.42.0/i/elements/flags/gbr.svg,Round of 128,W,"7-5, 6-4",https://www.wtatennis.com/players/324479/francesca-jones,False,False,False,False,False,False,False,2,True,22,13,9,GB,GBR,826,150,Europe,Northern Europe,ENG,"7,5,None|6,4,None",
1,Viking International Eastbourne,,https://www.wtatennis.com/tournaments/710/eastbourne/2021,WTA 250,Grass,https://www.wtatennis.com/resources/v7.42.0/i/elements/250k-tag.svg,2021-06-21,2021-06-26,2021,6,Eastbourne,LAT,,,,,,,,,Great Britan,61.0,55.0,7425.0,32M/32Q/16D,Anastasija Sevastova,,https://www.wtatennis.com/resources/v7.42.0/i/elements/flags/lat.svg,Round of 16,L,"6-4, 5-7, 2-6",https://www.wtatennis.com/players/313987/anastasija-sevastova,False,False,False,False,False,False,False,3,True,30,13,17,,,,,,,LAT,"6,4,None|5,7,None|2,6,None",
2,Viking International Eastbourne,,https://www.wtatennis.com/tournaments/710/eastbourne/2021,WTA 250,Grass,https://www.wtatennis.com/resources/v7.42.0/i/elements/250k-tag.svg,2021-06-21,2021-06-26,2021,6,Eastbourne,BEL,,,,,,,,,Great Britan,16.0,55.0,7425.0,32M/32Q/16D,Elise Mertens,7.0,https://www.wtatennis.com/resources/v7.42.0/i/elements/flags/bel.svg,Round of 32,W,"0-6, 7-6 (4), 7-5",https://www.wtatennis.com/players/317964/elise-mertens,False,False,False,False,True,False,True,3,False,31,14,17,BE,BEL,056,150,Europe,Western Europe,BEL,"0,6,None|7,6,4|7,5,None",
1,Roland Garros,https://photoresources.wtatennis.com/photo-resources/2026/04/16/0893d8be-5450-4e36-a144-cdd958c1b484/WTA-Tournament_Roland-Garros.png?height=128,https://www.wtatennis.com/tournaments/903/roland-garros/2021,Grand Slam,Clay,https://www.wtatennis.com/resources/v7.42.0/i/elements/gs-tag.svg,2021-05-30,2021-06-12,2021,5,Paris,CZE,,FR,FRA,250,150,,Europe,Western Europe,FRA,33.0,430.0,300912.0,128M/128Q/64D,Barbora Krejcikova,,https://www.wtatennis.com/resources/v7.42.0/i/elements/flags/cze.svg,Quarterfinals,L,"6-7 (6), 3-6",https://www.wtatennis.com/players/318314/barbora-krejcikova,False,False,False,True,False,False,True,2,False,22,9,13,CZ,CZE,203,150,Europe,Central Europe,CZE,"6,7,6|3,6,None",
2,Roland Garros,https://photoresources.wtatennis.com/photo-resources/2026/04/16/0893d8be-5450-4e36-a144-cdd958c1b484/WTA-Tournament_Roland-Garros.png?height=128,https://www.wtatennis.com/tournaments/903/roland-garros/2021,Grand Slam,Clay,https://www.wtatennis.com/resources/v7.42.0/i/elements/gs-tag.svg,2021-05-30,2021-06-12,2021,5,Paris,TUN,,FR,FRA,250,150,,Europe,Western Europe,FRA,26.0,430.0,300912.0,128M/128Q/64D,Ons Jabeur,25.0,https://www.wtatennis.com/resources/v7.42.0/i/elements/flags/tun.svg,Round of 16,W,"6-3, 6-1",https://www.wtatennis.com/players/316847/ons-jabeur,False,False,False,False,False,False,False,2,True,16,12,4,TN,TUN,788,002,Africa,North Africa,TUN,"6,3,None|6,1,None",
3,Roland Garros,https://photoresources.wtatennis.com/photo-resources/2026/04/16/0893d8be-5450-4e36-a144-cdd958c1b484/WTA-Tournament_Roland-Garros.png?height=128,https://www.wtatennis.com/tournaments/903/roland-garros/2021,Grand Slam,Clay,https://www.wtatennis.com/resources/v7.42.0/i/elements/gs-tag.svg,2021-05-30,2021-06-12,2021,5,Paris,USA,,FR,FRA,250,150,America|USA|US,Europe,Western Europe,FRA,14.0,430.0,300912.0,128M/128Q/64D,Jennifer Brady,13.0,https://www.wtatennis.com/resources/v7.42.0/i/elements/flags/usa.svg,Round of 32,W,6-1,https://www.wtatennis.com/players/318358/jennifer-brady,True,False,False,False,False,False,False,1,True,7,6,1,US,USA,840,019,America,Northern America,USA,"6,1,None|Ret",
4,Roland Garros,https://photoresources.wtatennis.com/photo-resources/2026/04/16/0893d8be-5450-4e36-a144-cdd958c1b484/WTA-Tournament_Roland-Garros.png?height=128,https://www.wtatennis.com/tournaments/903/roland-garros/2021,Grand Slam,Clay,https://www.wtatennis.com/resources/v7.42.0/i/elements/gs-tag.svg,2021-05-30,2021-06-12,2021,5,Paris,CHN,,FR,FRA,250,150,,Europe,Western Europe,FRA,39.0,430.0,300912.0,128M/128Q/64D,Qiang Wang,,https://www.wtatennis.com/resources/v7.42.0/i/elements/flags/chn.svg,Round of 64,W,"6-3, 7-6 (1)",https://www.wtatennis.com/players/314429/qiang-wang,False,False,False,False,True,False,True,2,True,22,13,9,CN,CHN,156,142,Asia,East Asia,CHN,"6,3,None|7,6,1",
5,Roland Garros,https://photoresources.wtatennis.com/photo-resources/2026/04/16/0893d8be-5450-4e36-a144-cdd958c1b484/WTA-Tournament_Roland-Garros.png?height=128,https://www.wtatennis.com/tournaments/903/roland-garros/2021,Grand Slam,Clay,https://www.wtatennis.com/resources/v7.42.0/i/elements/gs-tag.svg,2021-05-30,2021-06-12,2021,5,Paris,SRB,,FR,FRA,250,150,,Europe,Western Europe,FRA,213.0,430.0,300912.0,128M/128Q/64D,Aleksandra Krunic,,https://www.wtatennis.com/resources/v7.42.0/i/elements/flags/srb.svg,Round of 128,W,"7-6 (11), 6-4",https://www.wtatennis.com/players/316344/aleksandra-krunic,False,False,False,True,False,False,True,2,True,23,13,10,RS,SRB,688,150,Europe,Southeastern Europe,SRB,"7,6,11|6,4,None",
1,Emilia-Romagna Open,,https://www.wtatennis.com/tournaments/2041/parma-125/2021,WTA 250,Clay,https://www.wtatennis.com/resources/v7.42.0/i/elements/250k-tag.svg,2021-05-16,2021-05-22,2021,5,Parma,CHN,,IT,ITA,380,150,,Europe,Southern Europe,ITA,48.0,280.0,29200.0,32M/32Q/16D,Qiang Wang,6.0,https://www.wtatennis.com/resources/v7.42.0/i/elements/flags/chn.svg,Finals,W,"6-1, 6-3",https://www.wtatennis.com/players/314429/qiang-wang,False,False,False,False,False,False,False,2,True,16,12,4,CN,CHN,156,142,Asia,East Asia,CHN,"6,1,None|6,3,None",
2,Emilia-Romagna Open,,https://www.wtatennis.com/tournaments/2041/parma-125/2021,WTA 250,Clay,https://www.wtatennis.com/resources/v7.42.0/i/elements/250k-tag.svg,2021-05-16,2021-05-22,2021,5,Parma,CZE,,IT,ITA,380,150,,Europe,Southern Europe,ITA,68.0,280.0,29200.0,32M/32Q/16D,Katerina Siniakova,,https://www.wtatennis.com/resources/v7.42.0/i/elements/flags/cze.svg,Semifinals,W,"7-5, 1-6, 6-2",https://www.wtatennis.com/players/320301/katerina-siniakova,False,False,False,False,False,False,False,3,True,27,14,13,CZ,CZE,203,150,Europe,Central Europe,CZE,"7,5,None|1,6,None|6,2,None",
3,Emilia-Romagna Open,,https://www.wtatennis.com/tournaments/2041/parma-125/2021,WTA 250,Clay,https://www.wtatennis.com/resources/v7.42.0/i/elements/250k-tag.svg,2021-05-16,2021-05-22,2021,5,Parma,USA,,IT,ITA,380,150,America|USA|US,Europe,Southern Europe,ITA,40.0,280.0,29200.0,32M/32Q/16D,Amanda Anisimova,5.0,https://www.wtatennis.com/resources/v7.42.0/i/elements/flags/usa.svg,Quarterfinals,W,"6-3, 6-3",https://www.wtatennis.com/players/326384/amanda-anisimova,False,False,False,False,False,False,False,2,True,18,12,6,US,USA,840,019,America,Northern America,USA,"6,3,None|6,3,None",
4,Emilia-Romagna Open,,https://www.wtatennis.com/tournaments/2041/parma-125/2021,WTA 250,Clay,https://www.wtatennis.com/resources/v7.42.0/i/elements/250k-tag.svg,2021-05-16,2021-05-22,2021,5,Parma,ITA,,IT,ITA,380,150,,Europe,Southern Europe,ITA,83.0,280.0,29200.0,32M/32Q/16D,Camila Giorgi,,https://www.wtatennis.com/resources/v7.42.0/i/elements/flags/ita.svg,Round of 16,W,"6-2, 6-3",https://www.wtatennis.com/players/314610/camila-giorgi,False,False,False,False,False,False,False,2,True,17,12,5,IT,ITA,380,150,Europe,Southern Europe,ITA,"6,2,None|6,3,None",
5,Emilia-Romagna Open,,https://www.wtatennis.com/tournaments/2041/parma-125/2021,WTA 250,Clay,https://www.wtatennis.com/resources/v7.42.0/i/elements/250k-tag.svg,2021-05-16,2021-05-22,2021,5,Parma,EST,,IT,ITA,380,150,,Europe,Southern Europe,ITA,66.0,280.0,29200.0,32M/32Q/16D,Kaia Kanepi,,https://www.wtatennis.com/resources/v7.42.0/i/elements/flags/est.svg,Round of 32,W,"7-6 (6), 7-6 (7)",https://www.wtatennis.com/players/110536/kaia-kanepi,False,False,False,True,True,False,True,2,True,26,14,12,EE,EST,233,150,Europe,Northern Europe,EST,"7,6,6|7,6,7",
1,Internazionali BNL d'Italia,https://photoresources.wtatennis.com/photo-resources/2026/04/16/2c058ad8-b3d8-49a9-a863-85d7b87a6783/WTA-Tournament_Rome-2018.png?height=128,https://www.wtatennis.com/tournaments/709/rome/2021,WTA 1000,Clay,https://www.wtatennis.com/resources/v7.42.0/i/elements/1000k-tag.svg,2021-05-10,2021-05-16,2021,5,Rome,POL,,IT,ITA,380,150,,Europe,Southern Europe,ITA,15.0,350.0,87000.0,64M/32Q/32D,Iga Swiatek,15.0,https://www.wtatennis.com/resources/v7.42.0/i/elements/flags/pol.svg,Semifinals,L,"6-7 (3), 3-6",https://www.wtatennis.com/players/326408/iga-swiatek,False,False,False,True,False,False,True,2,False,22,9,13,PL,POL,616,150,Europe,Central Europe,POL,"6,7,3|3,6,None",
2,Internazionali BNL d'Italia,https://photoresources.wtatennis.com/photo-resources/2026/04/16/2c058ad8-b3d8-49a9-a863-85d7b87a6783/WTA-Tournament_Rome-2018.png?height=128,https://www.wtatennis.com/tournaments/709/rome/2021,WTA 1000,Clay,https://www.wtatennis.com/resources/v7.42.0/i/elements/1000k-tag.svg,2021-05-10,2021-05-16,2021,5,Rome,AUS,,IT,ITA,380,150,,Europe,Southern Europe,ITA,1.0,350.0,87000.0,64M/32Q/32D,Ashleigh Barty,1.0,https://www.wtatennis.com/resources/v7.42.0/i/elements/flags/aus.svg,Quarterfinals,W,"4-6, 1-2",https://www.wtatennis.com/players/318033/ashleigh-barty,True,False,False,False,False,False,False,2,False,13,5,8,AU,AUS,036,009,Oceania,Australasia,AUS,"4,6,None|1,2,None|Ret",
3,Internazionali BNL d'Italia,https://photoresources.wtatennis.com/photo-resources/2026/04/16/2c058ad8-b3d8-49a9-a863-85d7b87a6783/WTA-Tournament_Rome-2018.png?height=128,https://www.wtatennis.com/tournaments/709/rome/2021,WTA 1000,Clay,https://www.wtatennis.com/resources/v7.42.0/i/elements/1000k-tag.svg,2021-05-10,2021-05-16,2021,5,Rome,BLR,,IT,ITA,380,150,,Europe,Southern Europe,ITA,4.0,350.0,87000.0,64M/32Q/32D,Aryna Sabalenka,7.0,https://www.wtatennis.com/resources/v7.42.0/i/elements/flags/blr.svg,Round of 16,W,"7-5, 6-3",https://www.wtatennis.com/players/320760/aryna-sabalenka,False,False,False,False,False,False,False,2,True,21,13,8,BY,BLR,112,150,Europe,Eastern Europe,BLR,"7,5,None|6,3,None",
4,Internazionali BNL d'Italia,https://photoresources.wtatennis.com/photo-resources/2026/04/16/2c058ad8-b3d8-49a9-a863-85d7b87a6783/WTA-Tournament_Rome-2018.png?height=128,https://www.wtatennis.com/tournaments/709/rome/2021,WTA 1000,Clay,https://www.wtatennis.com/resources/v7.42.0/i/elements/1000k-tag.svg,2021-05-10,2021-05-16,2021,5,Rome,GRE,,IT,ITA,380,150,,Europe,Southern Europe,ITA,19.0,350.0,87000.0,64M/32Q/32D,Maria Sakkari,17.0,https://www.wtatennis.com/resources/v7.42.0/i/elements/flags/gre.svg,Round of 32,W,"6-1, 1-6, 6-1",https://www.wtatennis.com/players/318312/maria-sakkari,False,False,False,False,False,False,False,3,True,21,13,8,GR,GRC,300,150,Europe,Southeastern Europe,GRE,"6,1,None|1,6,None|6,1,None",
5,Internazionali BNL d'Italia,https://photoresources.wtatennis.com/photo-resources/2026/04/16/2c058ad8-b3d8-49a9-a863-85d7b87a6783/WTA-Tournament_Rome-2018.png?height=128,https://www.wtatennis.com/tournaments/709/rome/2021,WTA 1000,Clay,https://www.wtatennis.com/resources/v7.42.0/i/elements/1000k-tag.svg,2021-05-10,2021-05-16,2021,5,Rome,KAZ,,IT,ITA,380,150,,Europe,Southern Europe,ITA,34.0,350.0,87000.0,64M/32Q/32D,Yulia Putintseva,,https://www.wtatennis.com/resources/v7.42.0/i/elements/flags/kaz.svg,Round of 64,W,"7-5, 4-6, 6-4",https://www.wtatennis.com/players/317683/yulia-putintseva,False,False,False,False,False,False,False,3,True,32,17,15,KZ,KAZ,398,142,Asia,Central Asia,KAZ,"7,5,None|4,6,None|6,4,None",
1,Mutua Madrid Open,https://photoresources.wtatennis.com/photo-resources/2026/04/16/46f056ec-5c74-4159-bc35-97ca4c015c80/WTA-Tournament_Madrid-2023.png?height=128,https://www.wtatennis.com/tournaments/1038/madrid/2021,WTA 1000,Clay,https://www.wtatennis.com/resources/v7.42.0/i/elements/1000k-tag.svg,2021-04-29,2021-05-08,2021,4,Madrid,CZE,,ES,ESP,724,150,,Europe,Southern Europe,ESP,9.0,10.0,15692.0,64M/64Q/32D,Karolina Pliskova,6.0,https://www.wtatennis.com/resources/v7.42.0/i/elements/flags/cze.svg,Round of 64,L,"7-5, 3-6, 2-6",https://www.wtatennis.com/players/313974/karolina-pliskova,False,False,False,False,False,False,False,3,True,29,12,17,CZ,CZE,203,150,Europe,Central Europe,CZE,"7,5,None|3,6,None|2,6,None",
1,Credit One Charleston Open,,https://www.wtatennis.com/tournaments/804/charleston/2021,WTA 500,Clay,https://www.wtatennis.com/resources/v7.42.0/i/elements/500k-tag.svg,2021-04-05,2021-04-11,2021,4,Charleston,TUN,SC,,,,,,,,United States of America,28.0,100.0,12670.0,64M/32Q/16D,Ons Jabeur,12.0,https://www.wtatennis.com/resources/v7.42.0/i/elements/flags/tun.svg,Quarterfinals,L,"3-6, 3-6",https://www.wtatennis.com/players/316847/ons-jabeur,False,False,False,False,False,False,False,2,False,18,6,12,TN,TUN,788,002,Africa,North Africa,TUN,"3,6,None|3,6,None",
2,Credit One Charleston Open,,https://www.wtatennis.com/tournaments/804/charleston/2021,WTA 500,Clay,https://www.wtatennis.com/resources/v7.42.0/i/elements/500k-tag.svg,2021-04-05,2021-04-11,2021,4,Charleston,USA,SC,,,,,America|USA|US,,,United States of America,79.0,100.0,12670.0,64M/32Q/16D,Lauren Davis,,https://www.wtatennis.com/resources/v7.42.0/i/elements/flags/usa.svg,Round of 16,W,"6-2, 7-6 (2)",https://www.wtatennis.com/players/317414/lauren-davis,False,False,False,False,True,False,True,2,True,21,13,8,US,USA,840,019,America,Northern America,USA,"6,2,None|7,6,2",
3,Credit One Charleston Open,,https://www.wtatennis.com/tournaments/804/charleston/2021,WTA 500,Clay,https://www.wtatennis.com/resources/v7.42.0/i/elements/500k-tag.svg,2021-04-05,2021-04-11,2021,4,Charleston,RUS,SC,,,,,,,,United States of America,110.0,100.0,12670.0,64M/32Q/16D,Liudmila Samsonova,,https://www.wtatennis.com/resources/v7.42.0/i/elements/flags/rus.svg,Round of 32,W,"4-6, 6-1, 6-4",https://www.wtatennis.com/players/322222/liudmila-samsonova,False,False,False,False,False,False,False,3,False,27,16,11,RU,RUS,643,150,Europe,Eastern Europe,RUS,"4,6,None|6,1,None|6,4,None",
4,Credit One Charleston Open,,https://www.wtatennis.com/tournaments/804/charleston/2021,WTA 500,Clay,https://www.wtatennis.com/resources/v7.42.0/i/elements/500k-tag.svg,2021-04-05,2021-04-11,2021,4,Charleston,BUL,SC,,,,,,,,United States of America,113.0,100.0,12670.0,64M/32Q/16D,Tsvetana Pironkova,,https://www.wtatennis.com/resources/v7.42.0/i/elements/flags/bul.svg,Round of 64,W,"6-3, 6-0",https://www.wtatennis.com/players/311041/tsvetana-pironkova,False,False,False,False,False,False,False,2,True,15,12,3,BG,BGR,100,150,Europe,Southeastern Europe,BUL,"6,3,None|6,0,None",
1,Miami Open presented by Itaú,https://photoresources.wtatennis.com/photo-resources/2026/04/16/e0f2d5a2-cc05-4b2a-8377-f57edf6eaaa2/WTA-Tournament_Miami-2024.png?height=128,https://www.wtatennis.com/tournaments/902/miami/2021,WTA 1000,Hard,https://www.wtatennis.com/resources/v7.42.0/i/elements/1000k-tag.svg,2021-03-23,2021-04-03,2021,3,Miami,LAT,FL,,,,,,,,United States of America,57.0,10.0,16000.0,128M/64Q/32D,Anastasija Sevastova,,https://www.wtatennis.com/resources/v7.42.0/i/elements/flags/lat.svg,Round of 64,L,"6-1, 2-6, 3-6",https://www.wtatennis.com/players/313987/anastasija-sevastova,False,False,False,False,False,False,False,3,True,24,11,13,,,,,,,LAT,"6,1,None|2,6,None|3,6,None",
2,Miami Open presented by Itaú,https://photoresources.wtatennis.com/photo-resources/2026/04/16/e0f2d5a2-cc05-4b2a-8377-f57edf6eaaa2/WTA-Tournament_Miami-2024.png?height=128,https://www.wtatennis.com/tournaments/902/miami/2021,WTA 1000,Hard,https://www.wtatennis.com/resources/v7.42.0/i/elements/1000k-tag.svg,2021-03-23,2021-04-03,2021,3,Miami,,FL,,,,,,,,United States of America,,10.0,16000.0,128M/64Q/32D,,,,Round of 128,,Bye,,False,False,True,False,False,False,False,0,False,0,0,0,,,,,,,,,
1,Dubai Duty Free Tennis Championships 2021,https://photoresources.wtatennis.com/photo-resources/2026/04/16/2aee9d91-0756-4a92-b0bb-09b8d0dd8d76/WTA-Tournament_Dubai-2017.png?height=128,https://www.wtatennis.com/tournaments/718/dubai/2021,WTA 1000,Hard,https://www.wtatennis.com/resources/v7.42.0/i/elements/1000k-tag.svg,2021-03-07,2021-03-13,2021,3,Dubai,SUI,,AE,ARE,784,142,,Asia,Western Asia,UAE,54.0,190.0,41500.0,64M/32Q/32D,Jil Teichmann,,https://www.wtatennis.com/resources/v7.42.0/i/elements/flags/sui.svg,Quarterfinals,L,"3-6, 3-6",https://www.wtatennis.com/players/320926/jil-teichmann,False,False,False,False,False,False,False,2,False,18,6,12,CH,CHE,756,150,Europe,Central Europe,SUI,"3,6,None|3,6,None",W
2,Dubai Duty Free Tennis Championships 2021,https://photoresources.wtatennis.com/photo-resources/2026/04/16/2aee9d91-0756-4a92-b0bb-09b8d0dd8d76/WTA-Tournament_Dubai-2017.png?height=128,https://www.wtatennis.com/tournaments/718/dubai/2021,WTA 1000,Hard,https://www.wtatennis.com/resources/v7.42.0/i/elements/1000k-tag.svg,2021-03-07,2021-03-13,2021,3,Dubai,CZE,,AE,ARE,784,142,,Asia,Western Asia,UAE,125.0,190.0,41500.0,64M/32Q/32D,Tereza Martincova,,https://www.wtatennis.com/resources/v7.42.0/i/elements/flags/cze.svg,Round of 16,W,"6-4, 6-2",https://www.wtatennis.com/players/318060/tereza-martincova,False,False,False,False,False,False,False,2,True,18,12,6,CZ,CZE,203,150,Europe,Central Europe,CZE,"6,4,None|6,2,None",W
3,Dubai Duty Free Tennis Championships 2021,https://photoresources.wtatennis.com/photo-resources/2026/04/16/2aee9d91-0756-4a92-b0bb-09b8d0dd8d76/WTA-Tournament_Dubai-2017.png?height=128,https://www.wtatennis.com/tournaments/718/dubai/2021,WTA 1000,Hard,https://www.wtatennis.com/resources/v7.42.0/i/elements/1000k-tag.svg,2021-03-07,2021-03-13,2021,3,Dubai,CZE,,AE,ARE,784,142,,Asia,Western Asia,UAE,20.0,190.0,41500.0,64M/32Q/32D,Marketa Vondrousova,12.0,https://www.wtatennis.com/resources/v7.42.0/i/elements/flags/cze.svg,Round of 32,W,"3-6, 6-0, 6-4",https://www.wtatennis.com/players/323027/marketa-vondrousova,False,False,False,False,False,False,False,3,False,25,15,10,CZ,CZE,203,150,Europe,Central Europe,CZE,"3,6,None|6,0,None|6,4,None",W
4,Dubai Duty Free Tennis Championships 2021,https://photoresources.wtatennis.com/photo-resources/2026/04/16/2aee9d91-0756-4a92-b0bb-09b8d0dd8d76/WTA-Tournament_Dubai-2017.png?height=128,https://www.wtatennis.com/tournaments/718/dubai/2021,WTA 1000,Hard,https://www.wtatennis.com/resources/v7.42.0/i/elements/1000k-tag.svg,2021-03-07,2021-03-13,2021,3,Dubai,RUS,,AE,ARE,784,142,,Asia,Western Asia,UAE,33.0,190.0,41500.0,64M/32Q/32D,Ekaterina Alexandrova,,https://www.wtatennis.com/resources/v7.42.0/i/elements/flags/rus.svg,Round of 64,W,"7-6 (3), 2-6, 7-6 (8)",https://www.wtatennis.com/players/319007/ekaterina-alexandrova,False,False,False,True,False,True,True,3,True,34,16,18,RU,RUS,643,150,Europe,Eastern Europe,RUS,"7,6,3|2,6,None|7,6,8",W
1,Adelaide International,,https://www.wtatennis.com/tournaments/2014/adelaide/2021,WTA 500,Hard,https://www.wtatennis.com/resources/v7.42.0/i/elements/500k-tag.svg,2021-02-22,2021-02-27,2021,2,Adelaide,SUI,,AU,AUS,036,009,,Oceania,Australasia,AUS,12.0,210.0,32400.0,32M/32Q/16D,Belinda Bencic,2.0,https://www.wtatennis.com/resources/v7.42.0/i/elements/flags/sui.svg,Semifinals,L,"6-7 (2), 7-6 (4), 2-6",https://www.wtatennis.com/players/319001/belinda-bencic,False,False,False,True,True,False,True,3,False,34,15,19,CH,CHE,756,150,Europe,Central Europe,SUI,"6,7,2|7,6,4|2,6,None",Q
2,Adelaide International,,https://www.wtatennis.com/tournaments/2014/adelaide/2021,WTA 500,Hard,https://www.wtatennis.com/resources/v7.42.0/i/elements/500k-tag.svg,2021-02-22,2021-02-27,2021,2,Adelaide,USA,,AU,AUS,036,009,America|USA|US,Oceania,Australasia,AUS,53.0,210.0,32400.0,32M/32Q/16D,Shelby Rogers,,https://www.wtatennis.com/resources/v7.42.0/i/elements/flags/usa.svg,Quarterfinals,W,"2-6, 6-4, 6-4",https://www.wtatennis.com/players/317421/shelby-rogers,False,False,False,False,False,False,False,3,False,28,14,14,US,USA,840,019,America,Northern America,USA,"2,6,None|6,4,None|6,4,None",Q
3,Adelaide International,,https://www.wtatennis.com/tournaments/2014/adelaide/2021,WTA 500,Hard,https://www.wtatennis.com/resources/v7.42.0/i/elements/500k-tag.svg,2021-02-22,2021-02-27,2021,2,Adelaide,CRO,,AU,AUS,036,009,,Oceania,Australasia,AUS,21.0,210.0,32400.0,32M/32Q/16D,Petra Martic,6.0,https://www.wtatennis.com/resources/v7.42.0/i/elements/flags/cro.svg,Round of 16,W,"5-7, 6-3, 6-4",https://www.wtatennis.com/players/313711/petra-martic,False,False,False,False,False,False,False,3,False,31,17,14,HR,HRV,191,150,Europe,Southeastern Europe,CRO,"5,7,None|6,3,None|6,4,None",Q
4,Adelaide International,,https://www.wtatennis.com/tournaments/2014/adelaide/2021,WTA 500,Hard,https://www.wtatennis.com/resources/v7.42.0/i/elements/500k-tag.svg,2021-02-22,2021-02-27,2021,2,Adelaide,ITA,,AU,AUS,036,009,,Oceania,Australasia,AUS,99.0,210.0,32400.0,32M/32Q/16D,Jasmine Paolini,,https://www.wtatennis.com/resources/v7.42.0/i/elements/flags/ita.svg,Round of 32,W,"6-4, 6-7 (4), 6-2",https://www.wtatennis.com/players/319280/jasmine-paolini,False,False,False,False,True,False,True,3,True,31,18,13,IT,ITA,380,150,Europe,Southern Europe,ITA,"6,4,None|6,7,4|6,2,None",Q
5,Adelaide International,,https://www.wtatennis.com/tournaments/2014/adelaide/2021,WTA 500,Hard,https://www.wtatennis.com/resources/v7.42.0/i/elements/500k-tag.svg,2021-02-22,2021-02-27,2021,2,Adelaide,SLO,,AU,AUS,036,009,,Oceania,Australasia,AUS,91.0,210.0,32400.0,32M/32Q/16D,Kaja Juvan,8.0,https://www.wtatennis.com/resources/v7.42.0/i/elements/flags/slo.svg,Qualifying R2 Qual. R2,W,"3-6, 7-5, 6-3",https://www.wtatennis.com/players/324702/kaja-juvan,False,False,False,False,False,False,False,3,False,30,16,14,,,,,,,SLO,"3,6,None|7,5,None|6,3,None",Q
6,Adelaide International,,https://www.wtatennis.com/tournaments/2014/adelaide/2021,WTA 500,Hard,https://www.wtatennis.com/resources/v7.42.0/i/elements/500k-tag.svg,2021-02-22,2021-02-27,2021,2,Adelaide,GBR,,AU,AUS,036,009,Britain|UK|Great Britain|United Kingdom,Oceania,Australasia,AUS,206.0,210.0,32400.0,32M/32Q/16D,Francesca Jones,,https://www.wtatennis.com/resources/v7.42.0/i/elements/flags/gbr.svg,Qualifying R1 Qual. R1,W,"6-1, 6-4",https://www.wtatennis.com/players/324479/francesca-jones,False,False,False,False,False,False,False,2,True,17,12,5,GB,GBR,826,150,Europe,Northern Europe,ENG,"6,1,None|6,4,None",Q
1,Australian Open,https://photoresources.wtatennis.com/photo-resources/2026/04/16/6b041ce4-8b08-4fff-be75-89d1c452c157/WTA-Tournament_Australian-Open.png?height=128,https://www.wtatennis.com/tournaments/901/australian-open/2021,Grand Slam,Hard,https://www.wtatennis.com/resources/v7.42.0/i/elements/gs-tag.svg,2021-02-08,2021-02-20,2021,2,Melbourne,UKR,,AU,AUS,036,009,,Oceania,Australasia,AUS,5.0,70.0,102828.0,128M/128Q/64D,Elina Svitolina,5.0,https://www.wtatennis.com/resources/v7.42.0/i/elements/flags/ukr.svg,Round of 64,L,"4-6, 3-6",https://www.wtatennis.com/players/316738/elina-svitolina,False,False,False,False,False,False,False,2,False,19,7,12,UA,UKR,804,150,Europe,Eastern Europe,UKR,"4,6,None|3,6,None",
2,Australian Open,https://photoresources.wtatennis.com/photo-resources/2026/04/16/6b041ce4-8b08-4fff-be75-89d1c452c157/WTA-Tournament_Australian-Open.png?height=128,https://www.wtatennis.com/tournaments/901/australian-open/2021,Grand Slam,Hard,https://www.wtatennis.com/resources/v7.42.0/i/elements/gs-tag.svg,2021-02-08,2021-02-20,2021,2,Melbourne,SUI,,AU,AUS,036,009,,Oceania,Australasia,AUS,58.0,70.0,102828.0,128M/128Q/64D,Jil Teichmann,,https://www.wtatennis.com/resources/v7.42.0/i/elements/flags/sui.svg,Round of 128,W,"6-3, 6-2",https://www.wtatennis.com/players/320926/jil-teichmann,False,False,False,False,False,False,False,2,True,17,12,5,CH,CHE,756,150,Europe,Central Europe,SUI,"6,3,None|6,2,None",
1,Gippsland Trophy,,https://www.wtatennis.com/tournaments/2029/melbourne-500-gippsland-trophy/2021,WTA 500,Hard,https://www.wtatennis.com/resources/v7.42.0/i/elements/500k-tag.svg,2021-01-31,2021-02-06,2021,1,Melbourne,GBR,,AU,AUS,036,009,Britain|UK|Great Britain|United Kingdom,Oceania,Australasia,AUS,371.0,30.0,4250.0,64M/0Q/32D,Katie Boulter,,https://www.wtatennis.com/resources/v7.42.0/i/elements/flags/gbr.svg,Round of 32,L,"6-3, 5-7, 2-6",https://www.wtatennis.com/players/319125/katie-boulter,False,False,False,False,False,False,False,3,True,29,13,16,GB,GBR,826,150,Europe,Northern Europe,ENG,"6,3,None|5,7,None|2,6,None",
2,Gippsland Trophy,,https://www.wtatennis.com/tournaments/2029/melbourne-500-gippsland-trophy/2021,WTA 500,Hard,https://www.wtatennis.com/resources/v7.42.0/i/elements/500k-tag.svg,2021-01-31,2021-02-06,2021,1,Melbourne,SUI,,AU,AUS,036,009,,Oceania,Australasia,AUS,57.0,30.0,4250.0,64M/0Q/32D,Jil Teichmann,,https://www.wtatennis.com/resources/v7.42.0/i/elements/flags/sui.svg,Round of 64,W,"6-3, 6-7 (6), 7-6 (5)",https://www.wtatennis.com/players/320926/jil-teichmann,False,False,False,False,True,True,True,3,True,35,19,16,CH,CHE,756,150,Europe,Central Europe,SUI,"6,3,None|6,7,6|7,6,5",
1,Abu Dhabi WTA Women's Tennis Open,,https://www.wtatennis.com/tournaments/2028/abu-dhabi/2021,WTA 500,Hard,https://www.wtatennis.com/resources/v7.42.0/i/elements/500k-tag.svg,2021-01-06,2021-01-13,2021,1,Abu Dhabi,GRE,,AE,ARE,784,142,,Asia,Western Asia,UAE,22.0,30.0,4100.0,64M/32Q/32D,Maria Sakkari,9.0,https://www.wtatennis.com/resources/v7.42.0/i/elements/flags/gre.svg,Round of 32,L,"5-7, 2-6",https://www.wtatennis.com/players/318312/maria-sakkari,False,False,False,False,False,False,False,2,False,20,7,13,GR,GRC,300,150,Europe,Southeastern Europe,GRE,"5,7,None|2,6,None",
2,Abu Dhabi WTA Women's Tennis Open,,https://www.wtatennis.com/tournaments/2028/abu-dhabi/2021,WTA 500,Hard,https://www.wtatennis.com/resources/v7.42.0/i/elements/500k-tag.svg,2021-01-06,2021-01-13,2021,1,Abu Dhabi,NOR,,AE,ARE,784,142,,Asia,Western Asia,UAE,260.0,30.0,4100.0,64M/32Q/32D,Ulrikke Eikeri,,https://www.wtatennis.com/resources/v7.42.0/i/elements/flags/nor.svg,Round of 64,W,"6-0, 6-1",https://www.wtatennis.com/players/315314/ulrikke-eikeri,False,False,False,False,False,False,False,2,True,13,12,1,NO,NOR,578,150,Europe,Northern Europe,NOR,"6,0,None|6,1,None",
1,J & T Banka Ostrava Open 2020,,https://www.wtatennis.com/tournaments/2025/ostrava/2020,Premier,Hard,https://www.wtatennis.com/resources/v7.42.0/i/elements/500k-tag.svg,2020-10-19,2020-10-25,2020,10,Ostrava,BLR,,CZ,CZE,203,150,,Europe,Central Europe,CZE,12.0,80.0,10700.0,32M/32Q/16D,Aryna Sabalenka,3.0,https://www.wtatennis.com/resources/v7.42.0/i/elements/flags/blr.svg,Round of 16,L,"6-1, 5-7, 6-7 (2)",https://www.wtatennis.com/players/320760/aryna-sabalenka,False,False,False,False,False,True,True,3,True,32,17,15,BY,BLR,112,150,Europe,Eastern Europe,BLR,"6,1,None|5,7,None|6,7,2",Q
2,J & T Banka Ostrava Open 2020,,https://www.wtatennis.com/tournaments/2025/ostrava/2020,Premier,Hard,https://www.wtatennis.com/resources/v7.42.0/i/elements/500k-tag.svg,2020-10-19,2020-10-25,2020,10,Ostrava,CZE,,CZ,CZE,203,150,,Europe,Central Europe,CZE,65.0,80.0,10700.0,32M/32Q/16D,Katerina Siniakova,,https://www.wtatennis.com/resources/v7.42.0/i/elements/flags/cze.svg,Round of 32,W,"7-5, 6-4",https://www.wtatennis.com/players/320301/katerina-siniakova,False,False,False,False,False,False,False,2,True,22,13,9,CZ,CZE,203,150,Europe,Central Europe,CZE,"7,5,None|6,4,None",Q
3,J & T Banka Ostrava Open 2020,,https://www.wtatennis.com/tournaments/2025/ostrava/2020,Premier,Hard,https://www.wtatennis.com/resources/v7.42.0/i/elements/500k-tag.svg,2020-10-19,2020-10-25,2020,10,Ostrava,ROU,,CZ,CZE,203,150,,Europe,Central Europe,CZE,76.0,80.0,10700.0,32M/32Q/16D,Irina-Camelia Begu,11.0,https://www.wtatennis.com/resources/v7.42.0/i/elements/flags/rou.svg,Qualifying R2 Qual. R2,W,"6-4, 6-4",https://www.wtatennis.com/players/313169/irina-camelia-begu,False,False,False,False,False,False,False,2,True,20,12,8,RO,ROU,642,150,Europe,Southeastern Europe,ROU,"6,4,None|6,4,None",Q
4,J & T Banka Ostrava Open 2020,,https://www.wtatennis.com/tournaments/2025/ostrava/2020,Premier,Hard,https://www.wtatennis.com/resources/v7.42.0/i/elements/500k-tag.svg,2020-10-19,2020-10-25,2020,10,Ostrava,SVK,,CZ,CZE,203,150,,Europe,Central Europe,CZE,168.0,80.0,10700.0,32M/32Q/16D,Jana Cepelova,,https://www.wtatennis.com/resources/v7.42.0/i/elements/flags/svk.svg,Qualifying R1 Qual. R1,W,"6-1, 6-0",https://www.wtatennis.com/players/316774/jana-cepelova,False,False,False,False,False,False,False,2,True,13,12,1,SK,SVK,703,150,Europe,Central Europe,SVK,"6,1,None|6,0,None",Q
1,Roland Garros,https://photoresources.wtatennis.com/photo-resources/2026/04/16/0893d8be-5450-4e36-a144-cdd958c1b484/WTA-Tournament_Roland-Garros.png?height=128,https://www.wtatennis.com/tournaments/903/roland-garros/2020,Grand Slam,Clay,https://www.wtatennis.com/resources/v7.42.0/i/elements/gs-tag.svg,2020-09-27,2020-10-10,2020,9,Paris,ITA,,FR,FRA,250,150,,Europe,Western Europe,FRA,159.0,70.0,92845.0,128M/128Q/64D,Martina Trevisan,,https://www.wtatennis.com/resources/v7.42.0/i/elements/flags/ita.svg,Round of 64,L,"6-4, 2-6, 5-7",https://www.wtatennis.com/players/316266/martina-trevisan,False,False,False,False,False,False,False,3,True,30,13,17,IT,ITA,380,150,Europe,Southern Europe,ITA,"6,4,None|2,6,None|5,7,None",
2,Roland Garros,https://photoresources.wtatennis.com/photo-resources/2026/04/16/0893d8be-5450-4e36-a144-cdd958c1b484/WTA-Tournament_Roland-Garros.png?height=128,https://www.wtatennis.com/tournaments/903/roland-garros/2020,Grand Slam,Clay,https://www.wtatennis.com/resources/v7.42.0/i/elements/gs-tag.svg,2020-09-27,2020-10-10,2020,9,Paris,GBR,,FR,FRA,250,150,Britain|UK|Great Britain|United Kingdom,Europe,Western Europe,FRA,13.0,70.0,92845.0,128M/128Q/64D,Johanna Konta,9.0,https://www.wtatennis.com/resources/v7.42.0/i/elements/flags/gbr.svg,Round of 128,W,"6-3, 6-3",https://www.wtatennis.com/players/313907/johanna-konta,False,False,False,False,False,False,False,2,True,18,12,6,GB,GBR,826,150,Europe,Northern Europe,ENG,"6,3,None|6,3,None",
1,Internazionali BNL d'Italia,https://photoresources.wtatennis.com/photo-resources/2026/04/16/2c058ad8-b3d8-49a9-a863-85d7b87a6783/WTA-Tournament_Rome-2018.png?height=128,https://www.wtatennis.com/tournaments/709/rome/2020,Premier 5,Clay,https://www.wtatennis.com/resources/v7.42.0/i/elements/1000k-tag.svg,2020-09-14,2020-09-21,2020,9,Rome,ESP,,IT,ITA,380,150,Kingdom of Spain,Europe,Southern Europe,ITA,17.0,60.0,17044.0,64M/32Q/32D,Garbiñe Muguruza,9.0,https://www.wtatennis.com/resources/v7.42.0/i/elements/flags/esp.svg,Round of 32,L,"6-7 (3), 6-3, 3-6",https://www.wtatennis.com/players/316239/garbi-e-muguruza,False,False,False,True,False,False,True,3,False,31,15,16,ES,ESP,724,150,Europe,Southern Europe,ESP,"6,7,3|6,3,None|3,6,None",
2,Internazionali BNL d'Italia,https://photoresources.wtatennis.com/photo-resources/2026/04/16/2c058ad8-b3d8-49a9-a863-85d7b87a6783/WTA-Tournament_Rome-2018.png?height=128,https://www.wtatennis.com/tournaments/709/rome/2020,Premier 5,Clay,https://www.wtatennis.com/resources/v7.42.0/i/elements/1000k-tag.svg,2020-09-14,2020-09-21,2020,9,Rome,TUN,,IT,ITA,380,150,,Europe,Southern Europe,ITA,34.0,60.0,17044.0,64M/32Q/32D,Ons Jabeur,,https://www.wtatennis.com/resources/v7.42.0/i/elements/flags/tun.svg,Round of 64,W,"6-4, 6-3",https://www.wtatennis.com/players/316847/ons-jabeur,False,False,False,False,False,False,False,2,True,19,12,7,TN,TUN,788,002,Africa,North Africa,TUN,"6,4,None|6,3,None",
1,US Open,https://photoresources.wtatennis.com/photo-resources/2026/04/16/8d0a3d41-7b45-434b-a75b-b7d2eb0922b4/WTA-Tournament_US-Open.png?height=128,https://www.wtatennis.com/tournaments/905/us-open/2020,Grand Slam,Hard,https://www.wtatennis.com/resources/v7.42.0/i/elements/gs-tag.svg,2020-08-31,2020-09-13,2020,8,New York,LAT,NY,,,,,,,,United States of America,45.0,10.0,61000.0,128M/0Q/32D,Anastasija Sevastova,31.0,https://www.wtatennis.com/resources/v7.42.0/i/elements/flags/lat.svg,Round of 128,L,"3-6, 7-5, 4-6",https://www.wtatennis.com/players/313987/anastasija-sevastova,False,False,False,False,False,False,False,3,False,31,14,17,,,,,,,LAT,"3,6,None|7,5,None|4,6,None",
1,Western & Southern Open,https://photoresources.wtatennis.com/photo-resources/2026/04/16/77288aaf-4c7f-4b8e-86f6-315c2ef872c5/WTA-Tournament_Cincinnati-2024.png?height=128,https://www.wtatennis.com/tournaments/1017/cincinnati/2020,Premier 5,Hard,https://www.wtatennis.com/resources/v7.42.0/i/elements/1000k-tag.svg,2020-08-21,2020-08-29,2020,8,New York,GRE,NY,,,,,,,,United States of America,21.0,1.0,11000.0,64M/64Q/32D,Maria Sakkari,13.0,https://www.wtatennis.com/resources/v7.42.0/i/elements/flags/gre.svg,Round of 64,L,"1-6, 3-6",https://www.wtatennis.com/players/318312/maria-sakkari,False,False,False,False,False,False,False,2,False,16,4,12,GR,GRC,300,150,Europe,Southeastern Europe,GRE,"1,6,None|3,6,None",
1,The Top Seed Open presented by Bluegrass Orthopaedics,,https://www.wtatennis.com/tournaments/2022/lexington/2020,International,Hard,https://www.wtatennis.com/resources/v7.42.0/i/elements/250k-tag.svg,2020-08-10,2020-08-16,2020,8,Lexington,USA,KY,,,,,America|USA|US,,,United States of America,49.0,110.0,8700.0,32M/32Q/16D,Jennifer Brady,,https://www.wtatennis.com/resources/v7.42.0/i/elements/flags/usa.svg,Semifinals,L,"2-6, 4-6",https://www.wtatennis.com/players/318358/jennifer-brady,False,False,False,False,False,False,False,2,False,18,6,12,US,USA,840,019,America,Northern America,USA,"2,6,None|4,6,None",
2,The Top Seed Open presented by Bluegrass Orthopaedics,,https://www.wtatennis.com/tournaments/2022/lexington/2020,International,Hard,https://www.wtatennis.com/resources/v7.42.0/i/elements/250k-tag.svg,2020-08-10,2020-08-16,2020,8,Lexington,TUN,KY,,,,,,,,United States of America,39.0,110.0,8700.0,32M/32Q/16D,Ons Jabeur,8.0,https://www.wtatennis.com/resources/v7.42.0/i/elements/flags/tun.svg,Quarterfinals,W,"4-6, 6-4, 6-1",https://www.wtatennis.com/players/316847/ons-jabeur,False,False,False,False,False,False,False,3,False,27,16,11,TN,TUN,788,002,Africa,North Africa,TUN,"4,6,None|6,4,None|6,1,None",
3,The Top Seed Open presented by Bluegrass Orthopaedics,,https://www.wtatennis.com/tournaments/2022/lexington/2020,International,Hard,https://www.wtatennis.com/resources/v7.42.0/i/elements/250k-tag.svg,2020-08-10,2020-08-16,2020,8,Lexington,BLR,KY,,,,,,,,United States of America,11.0,110.0,8700.0,32M/32Q/16D,Aryna Sabalenka,2.0,https://www.wtatennis.com/resources/v7.42.0/i/elements/flags/blr.svg,Round of 16,W,"7-6 (4), 4-6, 6-4",https://www.wtatennis.com/players/320760/aryna-sabalenka,False,False,False,True,False,False,True,3,True,33,17,16,BY,BLR,112,150,Europe,Eastern Europe,BLR,"7,6,4|4,6,None|6,4,None",
4,The Top Seed Open presented by Bluegrass Orthopaedics,,https://www.wtatennis.com/tournaments/2022/lexington/2020,International,Hard,https://www.wtatennis.com/resources/v7.42.0/i/elements/250k-tag.svg,2020-08-10,2020-08-16,2020,8,Lexington,USA,KY,,,,,America|USA|US,,,United States of America,134.0,110.0,8700.0,32M/32Q/16D,Caroline Dolehide,,https://www.wtatennis.com/resources/v7.42.0/i/elements/flags/usa.svg,Round of 32,W,"7-5, 7-5",https://www.wtatennis.com/players/322052/caroline-dolehide,False,False,False,False,False,False,False,2,True,24,14,10,US,USA,840,019,America,Northern America,USA,"7,5,None|7,5,None",
1,Australian Open,,https://www.wtatennis.com/tournaments/901/australian-open/2020,Grand Slam,Hard,https://www.wtatennis.com/resources/v7.42.0/i/elements/gs-tag.svg,2020-01-20,2020-02-02,2020,1,Melbourne,USA,,AU,AUS,036,009,America|USA|US,Oceania,Australasia,AUS,15.0,240.0,207843.0,128M/128Q/64D,Sofia Kenin,14.0,https://www.wtatennis.com/resources/v7.42.0/i/elements/flags/usa.svg,Round of 16,L,"7-6 (5), 3-6, 0-6",https://www.wtatennis.com/players/320942/sofia-kenin,False,False,False,True,False,False,True,3,True,28,10,18,US,USA,840,019,America,Northern America,USA,"7,6,5|3,6,None|0,6,None",
2,Australian Open,,https://www.wtatennis.com/tournaments/901/australian-open/2020,Grand Slam,Hard,https://www.wtatennis.com/resources/v7.42.0/i/elements/gs-tag.svg,2020-01-20,2020-02-02,2020,1,Melbourne,JPN,,AU,AUS,036,009,,Oceania,Australasia,AUS,4.0,240.0,207843.0,128M/128Q/64D,Naomi Osaka,3.0,https://www.wtatennis.com/resources/v7.42.0/i/elements/flags/jpn.svg,Round of 32,W,"6-3, 6-4",https://www.wtatennis.com/players/319998/naomi-osaka,False,False,False,False,False,False,False,2,True,19,12,7,JP,JPN,392,142,Asia,East Asia,JPN,"6,3,None|6,4,None",
3,Australian Open,,https://www.wtatennis.com/tournaments/901/australian-open/2020,Grand Slam,Hard,https://www.wtatennis.com/resources/v7.42.0/i/elements/gs-tag.svg,2020-01-20,2020-02-02,2020,1,Melbourne,ROU,,AU,AUS,036,009,,Oceania,Australasia,AUS,74.0,240.0,207843.0,128M/128Q/64D,Sorana Cirstea,,https://www.wtatennis.com/resources/v7.42.0/i/elements/flags/rou.svg,Round of 64,W,"4-6, 6-3, 7-5",https://www.wtatennis.com/players/312469/sorana-cirstea,False,False,False,False,False,False,False,3,False,31,17,14,RO,ROU,642,150,Europe,Southeastern Europe,ROU,"4,6,None|6,3,None|7,5,None",
4,Australian Open,,https://www.wtatennis.com/tournaments/901/australian-open/2020,Grand Slam,Hard,https://www.wtatennis.com/resources/v7.42.0/i/elements/gs-tag.svg,2020-01-20,2020-02-02,2020,1,Melbourne,USA,,AU,AUS,036,009,America|USA|US,Oceania,Australasia,AUS,55.0,240.0,207843.0,128M/128Q/64D,Venus Williams,,https://www.wtatennis.com/resources/v7.42.0/i/elements/flags/usa.svg,Round of 128,W,"7-6 (5), 6-3",https://www.wtatennis.com/players/230220/venus-williams,False,False,False,True,False,False,True,2,True,22,13,9,US,USA,840,019,America,Northern America,USA,"7,6,5|6,3,None",
1,ASB Classic 2020,,https://www.wtatennis.com/tournaments/1049/auckland/2020,International,Hard,https://www.wtatennis.com/resources/v7.42.0/i/elements/250k-tag.svg,2020-01-06,2020-01-12,2020,1,Auckland,GER,,NZ,NZL,554,009,,Oceania,Australasia,NZL,73.0,30.0,3570.0,32M/32Q/16D,Laura Siegemund,,https://www.wtatennis.com/resources/v7.42.0/i/elements/flags/ger.svg,Round of 16,L,"7-5, 2-6, 3-6",https://www.wtatennis.com/players/310926/laura-siegemund,False,False,False,False,False,False,False,3,True,29,12,17,DE,DEU,276,150,Europe,Central Europe,GER,"7,5,None|2,6,None|3,6,None",
2,ASB Classic 2020,,https://www.wtatennis.com/tournaments/1049/auckland/2020,International,Hard,https://www.wtatennis.com/resources/v7.42.0/i/elements/250k-tag.svg,2020-01-06,2020-01-12,2020,1,Auckland,SVK,,NZ,NZL,554,009,,Oceania,Australasia,NZL,61.0,30.0,3570.0,32M/32Q/16D,Viktoria Hruncakova,,https://www.wtatennis.com/resources/v7.42.0/i/elements/flags/svk.svg,Round of 32,W,"6-3, 6-1",https://www.wtatennis.com/players/322277/viktoria-hruncakova,False,False,False,False,False,False,False,2,True,16,12,4,SK,SVK,703,150,Europe,Central Europe,SVK,"6,3,None|6,1,None",
1,BGL BNP Paribas Luxembourg Open,,https://www.wtatennis.com/tournaments/300/luxembourg/2019,International,Hard,https://www.wtatennis.com/resources/v7.42.0/i/elements/250k-tag.svg,2019-10-14,2019-10-20,2019,10,Luxembourg,RUS,,LU,LUX,442,150,,Europe,Western Europe,LUX,66.0,1.0,1925.0,32M/32Q/16D,Anna Blinkova,8.0,https://www.wtatennis.com/resources/v7.42.0/i/elements/flags/rus.svg,Round of 32,L,"4-6, 0-6",https://www.wtatennis.com/players/324267/anna-blinkova,False,False,False,False,False,False,False,2,False,16,4,12,RU,RUS,643,150,Europe,Eastern Europe,RUS,"4,6,None|0,6,None",
1,Upper Austria Ladies Linz,,https://www.wtatennis.com/tournaments/528/linz/2019,International,Hard,https://www.wtatennis.com/resources/v7.42.0/i/elements/250k-tag.svg,2019-10-07,2019-10-13,2019,10,Linz,LAT,,AT,AUT,040,150,,Europe,Central Europe,AUT,72.0,280.0,41920.0,32M/32Q/16D,Jelena Ostapenko,,https://www.wtatennis.com/resources/v7.42.0/i/elements/flags/lat.svg,Finals,W,"6-3, 1-6, 6-2",https://www.wtatennis.com/players/319939/jelena-ostapenko,False,False,False,False,False,False,False,3,True,24,13,11,,,,,,,LAT,"6,3,None|1,6,None|6,2,None",L
2,Upper Austria Ladies Linz,,https://www.wtatennis.com/tournaments/528/linz/2019,International,Hard,https://www.wtatennis.com/resources/v7.42.0/i/elements/250k-tag.svg,2019-10-07,2019-10-13,2019,10,Linz,GER,,AT,AUT,040,150,,Europe,Central Europe,AUT,75.0,280.0,41920.0,32M/32Q/16D,Andrea Petkovic,,https://www.wtatennis.com/resources/v7.42.0/i/elements/flags/ger.svg,Semifinals,W,"6-4, 6-4",https://www.wtatennis.com/players/310770/andrea-petkovic,False,False,False,False,False,False,False,2,True,20,12,8,DE,DEU,276,150,Europe,Central Europe,GER,"6,4,None|6,4,None",L
3,Upper Austria Ladies Linz,,https://www.wtatennis.com/tournaments/528/linz/2019,International,Hard,https://www.wtatennis.com/resources/v7.42.0/i/elements/250k-tag.svg,2019-10-07,2019-10-13,2019,10,Linz,NED,,AT,AUT,040,150,,Europe,Central Europe,AUT,8.0,280.0,41920.0,32M/32Q/16D,Kiki Bertens,1.0,https://www.wtatennis.com/resources/v7.42.0/i/elements/flags/ned.svg,Quarterfinals,W,"7-6 (1), 6-4",https://www.wtatennis.com/players/314584/kiki-bertens,False,False,False,True,False,False,True,2,True,23,13,10,NL,NLD,528,150,Europe,Western Europe,NED,"7,6,1|6,4,None",L
4,Upper Austria Ladies Linz,,https://www.wtatennis.com/tournaments/528/linz/2019,International,Hard,https://www.wtatennis.com/resources/v7.42.0/i/elements/250k-tag.svg,2019-10-07,2019-10-13,2019,10,Linz,UKR,,AT,AUT,040,150,,Europe,Central Europe,AUT,83.0,280.0,41920.0,32M/32Q/16D,Kateryna Baindl,,https://www.wtatennis.com/resources/v7.42.0/i/elements/flags/ukr.svg,Round of 16,W,"4-6, 6-4, 2-0",https://www.wtatennis.com/players/316739/kateryna-baindl,True,False,False,False,False,False,False,3,False,22,12,10,UA,UKR,804,150,Europe,Eastern Europe,UKR,"4,6,None|6,4,None|2,0,None|Ret",L
5,Upper Austria Ladies Linz,,https://www.wtatennis.com/tournaments/528/linz/2019,International,Hard,https://www.wtatennis.com/resources/v7.42.0/i/elements/250k-tag.svg,2019-10-07,2019-10-13,2019,10,Linz,SUI,,AT,AUT,040,150,,Europe,Central Europe,AUT,132.0,280.0,41920.0,32M/32Q/16D,Stefanie Voegele,,https://www.wtatennis.com/resources/v7.42.0/i/elements/flags/sui.svg,Round of 32,W,"6-3, 7-6 (3)",https://www.wtatennis.com/players/312336/stefanie-voegele,False,False,False,False,True,False,True,2,True,22,13,9,CH,CHE,756,150,Europe,Central Europe,SUI,"6,3,None|7,6,3",L
6,Upper Austria Ladies Linz,,https://www.wtatennis.com/tournaments/528/linz/2019,International,Hard,https://www.wtatennis.com/resources/v7.42.0/i/elements/250k-tag.svg,2019-10-07,2019-10-13,2019,10,Linz,GER,,AT,AUT,040,150,,Europe,Central Europe,AUT,130.0,280.0,41920.0,32M/32Q/16D,Tamara Korpatsch,,https://www.wtatennis.com/resources/v7.42.0/i/elements/flags/ger.svg,Qualifying R2 Qual. R2,L,"4-6, 2-6",https://www.wtatennis.com/players/319571/tamara-korpatsch,False,False,False,False,False,False,False,2,False,18,6,12,DE,DEU,276,150,Europe,Central Europe,GER,"4,6,None|2,6,None",L
7,Upper Austria Ladies Linz,,https://www.wtatennis.com/tournaments/528/linz/2019,International,Hard,https://www.wtatennis.com/resources/v7.42.0/i/elements/250k-tag.svg,2019-10-07,2019-10-13,2019,10,Linz,RUS,,AT,AUT,040,150,,Europe,Central Europe,AUT,157.0,280.0,41920.0,32M/32Q/16D,Liudmila Samsonova,,https://www.wtatennis.com/resources/v7.42.0/i/elements/flags/rus.svg,Qualifying R1 Qual. R1,W,"6-7 (10), 6-2, 6-2",https://www.wtatennis.com/players/322222/liudmila-samsonova,False,False,False,True,False,False,True,3,False,29,18,11,RU,RUS,643,150,Europe,Eastern Europe,RUS,"6,7,10|6,2,None|6,2,None",L
1,2019 US OPEN TENNIS CHAMPIONSHIPS,https://photoresources.wtatennis.com/photo-resources/2026/04/16/8d0a3d41-7b45-434b-a75b-b7d2eb0922b4/WTA-Tournament_US-Open.png?height=128,https://www.wtatennis.com/tournaments/905/us-open/2019,Grand Slam,Hard,https://www.wtatennis.com/resources/v7.42.0/i/elements/gs-tag.svg,2019-08-26,2019-09-07,2019,8,Flushing Meadows,JPN,NY,,,,,,,,United States of America,1.0,130.0,163000.0,128M/128Q/64D,Naomi Osaka,1.0,https://www.wtatennis.com/resources/v7.42.0/i/elements/flags/jpn.svg,Round of 32,L,"3-6, 0-6",https://www.wtatennis.com/players/319998/naomi-osaka,False,False,False,False,False,False,False,2,False,15,3,12,JP,JPN,392,142,Asia,East Asia,JPN,"3,6,None|0,6,None",W
2,2019 US OPEN TENNIS CHAMPIONSHIPS,https://photoresources.wtatennis.com/photo-resources/2026/04/16/8d0a3d41-7b45-434b-a75b-b7d2eb0922b4/WTA-Tournament_US-Open.png?height=128,https://www.wtatennis.com/tournaments/905/us-open/2019,Grand Slam,Hard,https://www.wtatennis.com/resources/v7.42.0/i/elements/gs-tag.svg,2019-08-26,2019-09-07,2019,8,Flushing Meadows,HUN,NY,,,,,,,,United States of America,112.0,130.0,163000.0,128M/128Q/64D,Timea Babos,,https://www.wtatennis.com/resources/v7.42.0/i/elements/flags/hun.svg,Round of 64,W,"6-2, 4-6, 6-4",https://www.wtatennis.com/players/317070/timea-babos,False,False,False,False,False,False,False,3,True,28,16,12,HU,HUN,348,150,Europe,Central Europe,HUN,"6,2,None|4,6,None|6,4,None",W
3,2019 US OPEN TENNIS CHAMPIONSHIPS,https://photoresources.wtatennis.com/photo-resources/2026/04/16/8d0a3d41-7b45-434b-a75b-b7d2eb0922b4/WTA-Tournament_US-Open.png?height=128,https://www.wtatennis.com/tournaments/905/us-open/2019,Grand Slam,Hard,https://www.wtatennis.com/resources/v7.42.0/i/elements/gs-tag.svg,2019-08-26,2019-09-07,2019,8,Flushing Meadows,AUT,NY,,,,,,,,United States of America,72.0,130.0,163000.0,128M/128Q/64D,Anastasia Potapova,,https://www.wtatennis.com/resources/v7.42.0/i/elements/flags/aut.svg,Round of 128,W,"3-6, 6-2, 6-4",https://www.wtatennis.com/players/325601/anastasia-potapova,False,False,False,False,False,False,False,3,False,27,15,12,AT,AUT,040,150,Europe,Central Europe,AUT,"3,6,None|6,2,None|6,4,None",W
1,Citi Open,,https://www.wtatennis.com/tournaments/1045/washington-dc/2019,International,Hard,https://www.wtatennis.com/resources/v7.42.0/i/elements/250k-tag.svg,2019-07-29,2019-08-04,2019,7,Washington Dc,KAZ,DC,,,,,,,,United States of America,84.0,18.0,2220.0,32M/16Q/16D,Zarina Diyas,,https://www.wtatennis.com/resources/v7.42.0/i/elements/flags/kaz.svg,Round of 32,L,"4-6, 2-6",https://www.wtatennis.com/players/315696/zarina-diyas,False,False,False,False,False,False,False,2,False,18,6,12,KZ,KAZ,398,142,Asia,Central Asia,KAZ,"4,6,None|2,6,None",Q
2,Citi Open,,https://www.wtatennis.com/tournaments/1045/washington-dc/2019,International,Hard,https://www.wtatennis.com/resources/v7.42.0/i/elements/250k-tag.svg,2019-07-29,2019-08-04,2019,7,Washington Dc,JPN,DC,,,,,,,,United States of America,294.0,18.0,2220.0,32M/16Q/16D,Hiroko Kuwata,8.0,https://www.wtatennis.com/resources/v7.42.0/i/elements/flags/jpn.svg,Qualifying R2 Qual. R2,W,"6-1, 6-2",https://www.wtatennis.com/players/317821/hiroko-kuwata,False,False,False,False,False,False,False,2,True,15,12,3,JP,JPN,392,142,Asia,East Asia,JPN,"6,1,None|6,2,None",Q
3,Citi Open,,https://www.wtatennis.com/tournaments/1045/washington-dc/2019,International,Hard,https://www.wtatennis.com/resources/v7.42.0/i/elements/250k-tag.svg,2019-07-29,2019-08-04,2019,7,Washington Dc,USA,DC,,,,,America|USA|US,,,United States of America,396.0,18.0,2220.0,32M/16Q/16D,Maegan Manasse,,https://www.wtatennis.com/resources/v7.42.0/i/elements/flags/usa.svg,Qualifying R1 Qual. R1,W,"6-4, 6-2",https://www.wtatennis.com/players/319909/maegan-manasse,False,False,False,False,False,False,False,2,True,18,12,6,US,USA,840,019,America,Northern America,USA,"6,4,None|6,2,None",Q
1,The Championships,https://photoresources.wtatennis.com/photo-resources/2026/04/16/d29814e6-6e80-4015-b680-9a7f3cb065c3/WTA-Tournament_Wimbledon.png?height=128,https://www.wtatennis.com/tournaments/904/wimbledon/2019,Grand Slam,Grass,https://www.wtatennis.com/resources/v7.42.0/i/elements/gs-tag.svg,2019-07-01,2019-07-14,2019,7,Wimbledon,ROU,,GB,GBR,826,150,,Europe,Northern Europe,ENG,7.0,280.0,227786.0,128M/128Q/64D,Simona Halep,7.0,https://www.wtatennis.com/resources/v7.42.0/i/elements/flags/rou.svg,Round of 16,L,"3-6, 3-6",https://www.wtatennis.com/players/314320/simona-halep,False,False,False,False,False,False,False,2,False,18,6,12,RO,ROU,642,150,Europe,Southeastern Europe,ROU,"3,6,None|3,6,None",Q
2,The Championships,https://photoresources.wtatennis.com/photo-resources/2026/04/16/d29814e6-6e80-4015-b680-9a7f3cb065c3/WTA-Tournament_Wimbledon.png?height=128,https://www.wtatennis.com/tournaments/904/wimbledon/2019,Grand Slam,Grass,https://www.wtatennis.com/resources/v7.42.0/i/elements/gs-tag.svg,2019-07-01,2019-07-14,2019,7,Wimbledon,SLO,,GB,GBR,826,150,,Europe,Northern Europe,ENG,60.0,280.0,227786.0,128M/128Q/64D,Polona Hercog,,https://www.wtatennis.com/resources/v7.42.0/i/elements/flags/slo.svg,Round of 32,W,"3-6, 7-6 (7), 7-5",https://www.wtatennis.com/players/313968/polona-hercog,False,False,False,False,True,False,True,3,False,34,17,17,,,,,,,SLO,"3,6,None|7,6,7|7,5,None",Q
3,The Championships,https://photoresources.wtatennis.com/photo-resources/2026/04/16/d29814e6-6e80-4015-b680-9a7f3cb065c3/WTA-Tournament_Wimbledon.png?height=128,https://www.wtatennis.com/tournaments/904/wimbledon/2019,Grand Slam,Grass,https://www.wtatennis.com/resources/v7.42.0/i/elements/gs-tag.svg,2019-07-01,2019-07-14,2019,7,Wimbledon,SVK,,GB,GBR,826,150,,Europe,Northern Europe,ENG,139.0,280.0,227786.0,128M/128Q/64D,Magdalena Rybarikova,,https://www.wtatennis.com/resources/v7.42.0/i/elements/flags/svk.svg,Round of 64,W,"6-3, 6-3",https://www.wtatennis.com/players/312580/magdalena-rybarikova,False,False,False,False,False,False,False,2,True,18,12,6,SK,SVK,703,150,Europe,Central Europe,SVK,"6,3,None|6,3,None",Q
4,The Championships,https://photoresources.wtatennis.com/photo-resources/2026/04/16/d29814e6-6e80-4015-b680-9a7f3cb065c3/WTA-Tournament_Wimbledon.png?height=128,https://www.wtatennis.com/tournaments/904/wimbledon/2019,Grand Slam,Grass,https://www.wtatennis.com/resources/v7.42.0/i/elements/gs-tag.svg,2019-07-01,2019-07-14,2019,7,Wimbledon,USA,,GB,GBR,826,150,America|USA|US,Europe,Northern Europe,ENG,44.0,280.0,227786.0,128M/128Q/64D,Venus Williams,,https://www.wtatennis.com/resources/v7.42.0/i/elements/flags/usa.svg,Round of 128,W,"6-4, 6-4",https://www.wtatennis.com/players/230220/venus-williams,False,False,False,False,False,False,False,2,True,20,12,8,US,USA,840,019,America,Northern America,USA,"6,4,None|6,4,None",Q
5,The Championships,https://photoresources.wtatennis.com/photo-resources/2026/04/16/d29814e6-6e80-4015-b680-9a7f3cb065c3/WTA-Tournament_Wimbledon.png?height=128,https://www.wtatennis.com/tournaments/904/wimbledon/2019,Grand Slam,Grass,https://www.wtatennis.com/resources/v7.42.0/i/elements/gs-tag.svg,2019-07-01,2019-07-14,2019,7,Wimbledon,BEL,,GB,GBR,826,150,,Europe,Northern Europe,ENG,128.0,280.0,227786.0,128M/128Q/64D,Greet Minnen,19.0,https://www.wtatennis.com/resources/v7.42.0/i/elements/flags/bel.svg,Qualifying R3 Qual. R3,W,"6-1, 6-1",https://www.wtatennis.com/players/321454/greet-minnen,False,False,False,False,False,False,False,2,True,14,12,2,BE,BEL,056,150,Europe,Western Europe,BEL,"6,1,None|6,1,None",Q
6,The Championships,https://photoresources.wtatennis.com/photo-resources/2026/04/16/d29814e6-6e80-4015-b680-9a7f3cb065c3/WTA-Tournament_Wimbledon.png?height=128,https://www.wtatennis.com/tournaments/904/wimbledon/2019,Grand Slam,Grass,https://www.wtatennis.com/resources/v7.42.0/i/elements/gs-tag.svg,2019-07-01,2019-07-14,2019,7,Wimbledon,RUS,,GB,GBR,826,150,,Europe,Northern Europe,ENG,251.0,280.0,227786.0,128M/128Q/64D,Valentyna Ivakhnenko,,https://www.wtatennis.com/resources/v7.42.0/i/elements/flags/rus.svg,Qualifying R2 Qual. R2,W,"6-2, 6-3",https://www.wtatennis.com/players/315366/valentyna-ivakhnenko,False,False,False,False,False,False,False,2,True,17,12,5,RU,RUS,643,150,Europe,Eastern Europe,RUS,"6,2,None|6,3,None",Q
7,The Championships,https://photoresources.wtatennis.com/photo-resources/2026/04/16/d29814e6-6e80-4015-b680-9a7f3cb065c3/WTA-Tournament_Wimbledon.png?height=128,https://www.wtatennis.com/tournaments/904/wimbledon/2019,Grand Slam,Grass,https://www.wtatennis.com/resources/v7.42.0/i/elements/gs-tag.svg,2019-07-01,2019-07-14,2019,7,Wimbledon,ESP,,GB,GBR,826,150,Kingdom of Spain,Europe,Northern Europe,ENG,92.0,280.0,227786.0,128M/128Q/64D,Aliona Bolsova,1.0,https://www.wtatennis.com/resources/v7.42.0/i/elements/flags/esp.svg,Qualifying R1 Qual. R1,W,"6-3, 6-4",https://www.wtatennis.com/players/320735/aliona-bolsova,False,False,False,False,False,False,False,2,True,19,12,7,ES,ESP,724,150,Europe,Southern Europe,ESP,"6,3,None|6,4,None",Q
1,Roland Garros,https://photoresources.wtatennis.com/photo-resources/2026/04/16/0893d8be-5450-4e36-a144-cdd958c1b484/WTA-Tournament_Roland-Garros.png?height=128,https://www.wtatennis.com/tournaments/903/roland-garros/2019,Grand Slam,Clay,https://www.wtatennis.com/resources/v7.42.0/i/elements/gs-tag.svg,2019-05-26,2019-06-09,2019,5,Paris,SLO,,FR,FRA,250,150,,Europe,Western Europe,FRA,131.0,20.0,14111.0,128M/128Q/64D,Kaja Juvan,21.0,https://www.wtatennis.com/resources/v7.42.0/i/elements/flags/slo.svg,Qualifying R2 Qual. R2,L,"3-6, 3-6",https://www.wtatennis.com/players/324702/kaja-juvan,False,False,False,False,False,False,False,2,False,18,6,12,,,,,,,SLO,"3,6,None|3,6,None",W
2,Roland Garros,https://photoresources.wtatennis.com/photo-resources/2026/04/16/0893d8be-5450-4e36-a144-cdd958c1b484/WTA-Tournament_Roland-Garros.png?height=128,https://www.wtatennis.com/tournaments/903/roland-garros/2019,Grand Slam,Clay,https://www.wtatennis.com/resources/v7.42.0/i/elements/gs-tag.svg,2019-05-26,2019-06-09,2019,5,Paris,IND,,FR,FRA,250,150,,Europe,Western Europe,FRA,170.0,20.0,14111.0,128M/128Q/64D,Ankita Raina,,https://www.wtatennis.com/resources/v7.42.0/i/elements/flags/ind.svg,Qualifying R1 Qual. R1,W,"6-4, 6-4",https://www.wtatennis.com/players/317164/ankita-raina,False,False,False,False,False,False,False,2,True,20,12,8,IN,IND,356,142,Asia,South Asia,IND,"6,4,None|6,4,None",W
1,"ITF/TENNIS EUROPE $60,000",https://www.wtatennis.com/resources/v7.42.0/i/elements/itf.png,,ITF,Clay,https://www.wtatennis.com/resources/v7.42.0/i/elements/itf.png,2019-05-14,2019-05-19,2019,5,Saint Gaudens,CZE,,FR,FRA,250,150,,Europe,Western Europe,FRA,154.0,,1543.0,32M/32Q/16D,Tereza Martincova,5.0,https://www.wtatennis.com/resources/v7.42.0/i/elements/flags/cze.svg,Quarterfinals,L,"0-6, 6-4, 2-6",https://www.wtatennis.com/players/318060/tereza-martincova,False,False,False,False,False,False,False,3,False,24,8,16,CZ,CZE,203,150,Europe,Central Europe,CZE,"0,6,None|6,4,None|2,6,None",
2,"ITF/TENNIS EUROPE $60,000",https://www.wtatennis.com/resources/v7.42.0/i/elements/itf.png,,ITF,Clay,https://www.wtatennis.com/resources/v7.42.0/i/elements/itf.png,2019-05-14,2019-05-19,2019,5,Saint Gaudens,GBR,,FR,FRA,250,150,Britain|UK|Great Britain|United Kingdom,Europe,Western Europe,FRA,143.0,,1543.0,32M/32Q/16D,Harriet Dart,4.0,https://www.wtatennis.com/resources/v7.42.0/i/elements/flags/gbr.svg,Round of 16,W,"7-5, 7-5",https://www.wtatennis.com/players/319489/harriet-dart,False,False,False,False,False,False,False,2,True,24,14,10,GB,GBR,826,150,Europe,Northern Europe,ENG,"7,5,None|7,5,None",
3,"ITF/TENNIS EUROPE $60,000",https://www.wtatennis.com/resources/v7.42.0/i/elements/itf.png,,ITF,Clay,https://www.wtatennis.com/resources/v7.42.0/i/elements/itf.png,2019-05-14,2019-05-19,2019,5,Saint Gaudens,ITA,,FR,FRA,250,150,,Europe,Western Europe,FRA,423.0,,1543.0,32M/32Q/16D,Lucia Bronzetti,,https://www.wtatennis.com/resources/v7.42.0/i/elements/flags/ita.svg,Round of 32,W,"6-4, 6-4",https://www.wtatennis.com/players/322280/lucia-bronzetti,False,False,False,False,False,False,False,2,True,20,12,8,IT,ITA,380,150,Europe,Southern Europe,ITA,"6,4,None|6,4,None",
1,"ITF/USTA $100,000",https://www.wtatennis.com/resources/v7.42.0/i/elements/itf.png,,ITF,Clay,https://www.wtatennis.com/resources/v7.42.0/i/elements/itf.png,2019-05-07,2019-05-12,2019,5,Bonita Springs,USA,,,,,,America|USA|US,,,Florida,334.0,,316.0,32M/32Q/16D,Quinn Gleason,7.0,https://www.wtatennis.com/resources/v7.42.0/i/elements/flags/usa.svg,Qualifying R1 Qual. R1,L,"1-6, 1-6",https://www.wtatennis.com/players/319413/quinn-gleason,False,False,False,False,False,False,False,2,False,14,2,12,US,USA,840,019,America,Northern America,USA,"1,6,None|1,6,None",
1,"ITF/USTA $100,000",https://www.wtatennis.com/resources/v7.42.0/i/elements/itf.png,,ITF,Clay,https://www.wtatennis.com/resources/v7.42.0/i/elements/itf.png,2019-04-30,2019-05-05,2019,4,Charleston,USA,,,,,,America|USA|US,,,South Carolina,108.0,,2573.0,32M/32Q/16D,Taylor Townsend,2.0,https://www.wtatennis.com/resources/v7.42.0/i/elements/flags/usa.svg,Quarterfinals,L,"0-6, 6-2, 1-6",https://www.wtatennis.com/players/318609/taylor-townsend,False,False,False,False,False,False,False,3,False,21,7,14,US,USA,840,019,America,Northern America,USA,"0,6,None|6,2,None|1,6,None",Q
2,"ITF/USTA $100,000",https://www.wtatennis.com/resources/v7.42.0/i/elements/itf.png,,ITF,Clay,https://www.wtatennis.com/resources/v7.42.0/i/elements/itf.png,2019-04-30,2019-05-05,2019,4,Charleston,PAR,,,,,,,,,South Carolina,158.0,,2573.0,32M/32Q/16D,Veronica Cepede Royg,,https://www.wtatennis.com/resources/v7.42.0/i/elements/flags/par.svg,Round of 16,W,"6-4, 6-1",https://www.wtatennis.com/players/314793/veronica-cepede-royg,False,False,False,False,False,False,False,2,True,17,12,5,PY,PRY,600,019,America,Central South America,PAR,"6,4,None|6,1,None",Q
3,"ITF/USTA $100,000",https://www.wtatennis.com/resources/v7.42.0/i/elements/itf.png,,ITF,Clay,https://www.wtatennis.com/resources/v7.42.0/i/elements/itf.png,2019-04-30,2019-05-05,2019,4,Charleston,AUS,,,,,,,,,South Carolina,156.0,,2573.0,32M/32Q/16D,Kimberly Birrell,,https://www.wtatennis.com/resources/v7.42.0/i/elements/flags/aus.svg,Round of 32,W,"6-4, 6-3",https://www.wtatennis.com/players/320728/kimberly-birrell,False,False,False,False,False,False,False,2,True,19,12,7,AU,AUS,036,009,Oceania,Australasia,AUS,"6,4,None|6,3,None",Q
4,"ITF/USTA $100,000",https://www.wtatennis.com/resources/v7.42.0/i/elements/itf.png,,ITF,Clay,https://www.wtatennis.com/resources/v7.42.0/i/elements/itf.png,2019-04-30,2019-05-05,2019,4,Charleston,AUS,,,,,,,,,South Carolina,244.0,,2573.0,32M/32Q/16D,Olivia Rogowska,1.0,https://www.wtatennis.com/resources/v7.42.0/i/elements/flags/aus.svg,Qualifying R2 Qual. R2,W,"6-1, 6-3",https://www.wtatennis.com/players/313803/olivia-rogowska,False,False,False,False,False,False,False,2,True,16,12,4,AU,AUS,036,009,Oceania,Australasia,AUS,"6,1,None|6,3,None",Q
5,"ITF/USTA $100,000",https://www.wtatennis.com/resources/v7.42.0/i/elements/itf.png,,ITF,Clay,https://www.wtatennis.com/resources/v7.42.0/i/elements/itf.png,2019-04-30,2019-05-05,2019,4,Charleston,USA,,,,,,America|USA|US,,,South Carolina,9999.0,,2573.0,32M/32Q/16D,Emerald Able,,https://www.wtatennis.com/resources/v7.42.0/i/elements/flags/usa.svg,Qualifying R1 Qual. R1,W,"6-1, 6-0",https://www.wtatennis.com/players/320435/emerald-able,False,False,False,False,False,False,False,2,True,13,12,1,US,USA,840,019,America,Northern America,USA,"6,1,None|6,0,None",Q
1,"ITF/USTA $80,000",https://www.wtatennis.com/resources/v7.42.0/i/elements/itf.png,,ITF,Clay,https://www.wtatennis.com/resources/v7.42.0/i/elements/itf.png,2019-04-23,2019-04-28,2019,4,Charlottesville,AUS,,,,,,,,,Virginia,211.0,,740.0,32M/32Q/16D,Zoe Hives,,https://www.wtatennis.com/resources/v7.42.0/i/elements/flags/aus.svg,Round of 32,L,"4-6, 6-7 (3)",https://www.wtatennis.com/players/319856/zoe-hives,False,False,False,False,True,False,True,2,False,23,10,13,AU,AUS,036,009,Oceania,Australasia,AUS,"4,6,None|6,7,3",
1,Miami Open presented by Itau,https://photoresources.wtatennis.com/photo-resources/2026/04/16/e0f2d5a2-cc05-4b2a-8377-f57edf6eaaa2/WTA-Tournament_Miami-2024.png?height=128,https://www.wtatennis.com/tournaments/902/miami/2019,Premier Mandatory,Hard,https://www.wtatennis.com/resources/v7.42.0/i/elements/1000k-tag.svg,2019-03-19,2019-03-30,2019,3,Miami,AUS,FL,,,,,,,,United States of America,22.0,35.0,26430.0,128M/64Q/32D,Daria Kasatkina,14.0,https://www.wtatennis.com/resources/v7.42.0/i/elements/flags/aus.svg,Round of 64,L,"3-6, 2-6",https://www.wtatennis.com/players/322082/daria-kasatkina,False,False,False,False,False,False,False,2,False,17,5,12,AU,AUS,036,009,Oceania,Australasia,AUS,"3,6,None|2,6,None",W
2,Miami Open presented by Itau,https://photoresources.wtatennis.com/photo-resources/2026/04/16/e0f2d5a2-cc05-4b2a-8377-f57edf6eaaa2/WTA-Tournament_Miami-2024.png?height=128,https://www.wtatennis.com/tournaments/902/miami/2019,Premier Mandatory,Hard,https://www.wtatennis.com/resources/v7.42.0/i/elements/1000k-tag.svg,2019-03-19,2019-03-30,2019,3,Miami,USA,FL,,,,,America|USA|US,,,United States of America,221.0,35.0,26430.0,128M/64Q/32D,Caty Mcnally,,https://www.wtatennis.com/resources/v7.42.0/i/elements/flags/usa.svg,Round of 128,W,"3-6, 6-3, 6-4",https://www.wtatennis.com/players/325725/caty-mcnally,False,False,False,False,False,False,False,3,False,28,15,13,US,USA,840,019,America,Northern America,USA,"3,6,None|6,3,None|6,4,None",W
1,"ITF/TENNIS EUROPE $25,000+H",https://www.wtatennis.com/resources/v7.42.0/i/elements/itf.png,,ITF,Hard,https://www.wtatennis.com/resources/v7.42.0/i/elements/itf.png,2019-03-05,2019-03-10,2019,3,Irapuato,USA,,MX,MEX,484,019,America|USA|US,America,Central America,MEX,365.0,,68.0,32M/32Q/16D,Maria Sanchez,6.0,https://www.wtatennis.com/resources/v7.42.0/i/elements/flags/usa.svg,Qualifying R1 Qual. R1,L,"2-6, 2-6",https://www.wtatennis.com/players/313958/maria-sanchez,False,False,False,False,False,False,False,2,False,16,4,12,US,USA,840,019,America,Northern America,USA,"2,6,None|2,6,None",
1,Oracle Challenger Series,,https://www.wtatennis.com/tournaments/1103/indian-wells-125k/2019,125K,Hard,https://www.wtatennis.com/resources/v7.42.0/i/elements/125k-tag.svg,2019-02-25,2019-03-03,2019,2,,SUI,,,,,,,,,United States of America,114.0,,1130.0,64M/4Q/16D,Timea Bacsinszky,,https://www.wtatennis.com/resources/v7.42.0/i/elements/flags/sui.svg,Round of 64,L,"3-6, 6-1, 4-6",https://www.wtatennis.com/players/311579/timea-bacsinszky,False,False,False,False,False,False,False,3,False,26,13,13,CH,CHE,756,150,Europe,Central Europe,SUI,"3,6,None|6,1,None|4,6,None",W
1,"ITF/USTA $25,000",https://www.wtatennis.com/resources/v7.42.0/i/elements/itf.png,,ITF,Hard,https://www.wtatennis.com/resources/v7.42.0/i/elements/itf.png,2019-02-12,2019-02-17,2019,2,Surprise,BUL,,,,,,,,,Arizona,232.0,,2107.0,32M/32Q/16D,Sesil Karatantcheva,3.0,https://www.wtatennis.com/resources/v7.42.0/i/elements/flags/bul.svg,Finals,L,"7-5, 3-6, 1-6",https://www.wtatennis.com/players/311810/sesil-karatantcheva,False,False,False,False,False,False,False,3,True,28,11,17,BG,BGR,100,150,Europe,Southeastern Europe,BUL,"7,5,None|3,6,None|1,6,None",
2,"ITF/USTA $25,000",https://www.wtatennis.com/resources/v7.42.0/i/elements/itf.png,,ITF,Hard,https://www.wtatennis.com/resources/v7.42.0/i/elements/itf.png,2019-02-12,2019-02-17,2019,2,Surprise,BLR,,,,,,,,,Arizona,316.0,,2107.0,32M/32Q/16D,Olga Govortsova,,https://www.wtatennis.com/resources/v7.42.0/i/elements/flags/blr.svg,Semifinals,W,"6-3, 0-6, 6-3",https://www.wtatennis.com/players/311243/olga-govortsova,False,False,False,False,False,False,False,3,True,24,12,12,BY,BLR,112,150,Europe,Eastern Europe,BLR,"6,3,None|0,6,None|6,3,None",
3,"ITF/USTA $25,000",https://www.wtatennis.com/resources/v7.42.0/i/elements/itf.png,,ITF,Hard,https://www.wtatennis.com/resources/v7.42.0/i/elements/itf.png,2019-02-12,2019-02-17,2019,2,Surprise,USA,,,,,,America|USA|US,,,Arizona,284.0,,2107.0,32M/32Q/16D,Ann Li,8.0,https://www.wtatennis.com/resources/v7.42.0/i/elements/flags/usa.svg,Quarterfinals,W,"6-4, 7-5",https://www.wtatennis.com/players/326096/ann-li,False,False,False,False,False,False,False,2,True,22,13,9,US,USA,840,019,America,Northern America,USA,"6,4,None|7,5,None",
4,"ITF/USTA $25,000",https://www.wtatennis.com/resources/v7.42.0/i/elements/itf.png,,ITF,Hard,https://www.wtatennis.com/resources/v7.42.0/i/elements/itf.png,2019-02-12,2019-02-17,2019,2,Surprise,USA,,,,,,America|USA|US,,,Arizona,239.0,,2107.0,32M/32Q/16D,Ashley Kratzer,4.0,https://www.wtatennis.com/resources/v7.42.0/i/elements/flags/usa.svg,Round of 16,W,"7-5, 6-1",https://www.wtatennis.com/players/322532/ashley-kratzer,False,False,False,False,False,False,False,2,True,19,13,6,US,USA,840,019,America,Northern America,USA,"7,5,None|6,1,None",
5,"ITF/USTA $25,000",https://www.wtatennis.com/resources/v7.42.0/i/elements/itf.png,,ITF,Hard,https://www.wtatennis.com/resources/v7.42.0/i/elements/itf.png,2019-02-12,2019-02-17,2019,2,Surprise,ESP,,,,,,Kingdom of Spain,,,Arizona,313.0,,2107.0,32M/32Q/16D,Eva Guerrero Alvarez,,https://www.wtatennis.com/resources/v7.42.0/i/elements/flags/esp.svg,Round of 32,W,"6-3, 6-2",https://www.wtatennis.com/players/322382/eva-guerrero-alvarez,False,False,False,False,False,False,False,2,True,17,12,5,ES,ESP,724,150,Europe,Southern Europe,ESP,"6,3,None|6,2,None",
1,"ITF/USTA $100,000",https://www.wtatennis.com/resources/v7.42.0/i/elements/itf.png,,ITF,Hard,https://www.wtatennis.com/resources/v7.42.0/i/elements/itf.png,2019-01-29,2019-02-03,2019,1,Midland,SWE,,,,,,,,,Michigan,57.0,,1559.0,32M/32Q/16D,Rebecca Peterson,1.0,https://www.wtatennis.com/resources/v7.42.0/i/elements/flags/swe.svg,Round of 16,L,"2-6, 1-6",https://www.wtatennis.com/players/317771/rebecca-peterson,False,False,False,False,False,False,False,2,False,15,3,12,SE,SWE,752,150,Europe,Northern Europe,SWE,"2,6,None|1,6,None",W
2,"ITF/USTA $100,000",https://www.wtatennis.com/resources/v7.42.0/i/elements/itf.png,,ITF,Hard,https://www.wtatennis.com/resources/v7.42.0/i/elements/itf.png,2019-01-29,2019-02-03,2019,1,Midland,USA,,,,,,America|USA|US,,,Michigan,244.0,,1559.0,32M/32Q/16D,Ashley Kratzer,,https://www.wtatennis.com/resources/v7.42.0/i/elements/flags/usa.svg,Round of 32,W,"7-6 (6), 6-7 (6), 6-4",https://www.wtatennis.com/players/322532/ashley-kratzer,False,False,False,True,True,False,True,3,True,36,19,17,US,USA,840,019,America,Northern America,USA,"7,6,6|6,7,6|6,4,None",W
1,"ITF/TENNIS EUROPE $25,000",https://www.wtatennis.com/resources/v7.42.0/i/elements/itf.png,,ITF,Clay,https://www.wtatennis.com/resources/v7.42.0/i/elements/itf.png,2018-10-23,2018-10-28,2018,10,Santa Margherita Di Pula 14,BRA,,IT,ITA,380,150,,Europe,Southern Europe,ITA,380.0,,126.0,32M/32Q/16D,Carolina Alves,1.0,https://www.wtatennis.com/resources/v7.42.0/i/elements/flags/bra.svg,Qualifying R2 Qual. R2,L,"3-6, 1-6",https://www.wtatennis.com/players/319305/carolina-alves,False,False,False,False,False,False,False,2,False,16,4,12,BR,BRA,076,019,America,Eastern South America,BRA,"3,6,None|1,6,None",
2,"ITF/TENNIS EUROPE $25,000",https://www.wtatennis.com/resources/v7.42.0/i/elements/itf.png,,ITF,Clay,https://www.wtatennis.com/resources/v7.42.0/i/elements/itf.png,2018-10-23,2018-10-28,2018,10,Santa Margherita Di Pula 14,ROU,,IT,ITA,380,150,,Europe,Southern Europe,ITA,609.0,,126.0,32M/32Q/16D,Cristina Ene,12.0,https://www.wtatennis.com/resources/v7.42.0/i/elements/flags/rou.svg,Qualifying R1 Qual. R1,W,"6-2, 6-4",https://www.wtatennis.com/players/319239/cristina-ene,False,False,False,False,False,False,False,2,True,18,12,6,RO,ROU,642,150,Europe,Southeastern Europe,ROU,"6,2,None|6,4,None",
1,2018 US OPEN TENNIS CHAMPIONSHIPS,https://photoresources.wtatennis.com/photo-resources/2026/04/16/8d0a3d41-7b45-434b-a75b-b7d2eb0922b4/WTA-Tournament_US-Open.png?height=128,https://www.wtatennis.com/tournaments/905/us-open/2018,Grand Slam,Hard,https://www.wtatennis.com/resources/v7.42.0/i/elements/gs-tag.svg,2018-08-27,2018-09-09,2018,8,Flushing Meadows,GBR,NY,,,,,Britain|UK|Great Britain|United Kingdom,,,United States of America,116.0,2.0,8000.0,128M/128Q/64D,Heather Watson,11.0,https://www.wtatennis.com/resources/v7.42.0/i/elements/flags/gbr.svg,Qualifying R1 Qual. R1,L,"4-6, 1-6",https://www.wtatennis.com/players/316981/heather-watson,False,False,False,False,False,False,False,2,False,17,5,12,GB,GBR,826,150,Europe,Northern Europe,ENG,"4,6,None|1,6,None",W
1,"ITF/USTA $25,000",https://www.wtatennis.com/resources/v7.42.0/i/elements/itf.png,,ITF,Hard,https://www.wtatennis.com/resources/v7.42.0/i/elements/itf.png,2018-06-19,2018-06-24,2018,6,Baton Rouge,RUS,,,,,,,,,Louisiana,447.0,,392.0,32M/64Q/16D,Nika Kukharchuk,8.0,https://www.wtatennis.com/resources/v7.42.0/i/elements/flags/rus.svg,Round of 16,L,"5-7, 3-6",https://www.wtatennis.com/players/311697/nika-kukharchuk,False,False,False,False,False,False,False,2,False,21,8,13,RU,RUS,643,150,Europe,Eastern Europe,RUS,"5,7,None|3,6,None",Q
2,"ITF/USTA $25,000",https://www.wtatennis.com/resources/v7.42.0/i/elements/itf.png,,ITF,Hard,https://www.wtatennis.com/resources/v7.42.0/i/elements/itf.png,2018-06-19,2018-06-24,2018,6,Baton Rouge,USA,,,,,,America|USA|US,,,Louisiana,9999.0,,392.0,32M/64Q/16D,Hayley Carter,,https://www.wtatennis.com/resources/v7.42.0/i/elements/flags/usa.svg,Round of 32,W,"6-3, 1-6, 6-3",https://www.wtatennis.com/players/319131/hayley-carter,False,False,False,False,False,False,False,3,True,25,13,12,US,USA,840,019,America,Northern America,USA,"6,3,None|1,6,None|6,3,None",Q
3,"ITF/USTA $25,000",https://www.wtatennis.com/resources/v7.42.0/i/elements/itf.png,,ITF,Hard,https://www.wtatennis.com/resources/v7.42.0/i/elements/itf.png,2018-06-19,2018-06-24,2018,6,Baton Rouge,USA,,,,,,America|USA|US,,,Louisiana,964.0,,392.0,32M/64Q/16D,Madeleine Kobelt,9.0,https://www.wtatennis.com/resources/v7.42.0/i/elements/flags/usa.svg,Qualifying R3 Qual. R3,W,"6-7 (14), 6-1, 6-1",https://www.wtatennis.com/players/318357/madeleine-kobelt,False,False,False,True,False,False,True,3,False,27,18,9,US,USA,840,019,America,Northern America,USA,"6,7,14|6,1,None|6,1,None",Q
4,"ITF/USTA $25,000",https://www.wtatennis.com/resources/v7.42.0/i/elements/itf.png,,ITF,Hard,https://www.wtatennis.com/resources/v7.42.0/i/elements/itf.png,2018-06-19,2018-06-24,2018,6,Baton Rouge,USA,,,,,,America|USA|US,,,Louisiana,,,392.0,32M/64Q/16D,Anastasia Sysoeva,,https://www.wtatennis.com/resources/v7.42.0/i/elements/flags/usa.svg,Qualifying R2 Qual. R2,W,"2-6, 6-3, 6-2",https://www.wtatennis.com/players/328279/anastasia-sysoeva,False,False,False,False,False,False,False,3,False,25,14,11,US,USA,840,019,America,Northern America,USA,"2,6,None|6,3,None|6,2,None",Q
5,"ITF/USTA $25,000",https://www.wtatennis.com/resources/v7.42.0/i/elements/itf.png,,ITF,Hard,https://www.wtatennis.com/resources/v7.42.0/i/elements/itf.png,2018-06-19,2018-06-24,2018,6,Baton Rouge,PER,,,,,,,,,Louisiana,,,392.0,32M/64Q/16D,Samantha Echevarria,,https://www.wtatennis.com/resources/v7.42.0/i/elements/flags/per.svg,Qualifying R1 Qual. R1,W,"6-0, 6-0",https://www.wtatennis.com/players/322793/samantha-echevarria,False,False,False,False,False,False,False,2,True,12,12,0,PE,PER,604,019,America,Western South America,PER,"6,0,None|6,0,None",Q
1,"ITF/USTA $25,000",https://www.wtatennis.com/resources/v7.42.0/i/elements/itf.png,,ITF,Clay,https://www.wtatennis.com/resources/v7.42.0/i/elements/itf.png,2018-05-22,2018-05-27,2018,5,Osprey,USA,,,,,,America|USA|US,,,Florida,271.0,,392.0,32M/64Q/16D,Katerina Stewart,4.0,https://www.wtatennis.com/resources/v7.42.0/i/elements/flags/usa.svg,Round of 16,L,"6-7 (3), 3-6",https://www.wtatennis.com/players/320619/katerina-stewart,False,False,False,True,False,False,True,2,False,22,9,13,US,USA,840,019,America,Northern America,USA,"6,7,3|3,6,None",Q
2,"ITF/USTA $25,000",https://www.wtatennis.com/resources/v7.42.0/i/elements/itf.png,,ITF,Clay,https://www.wtatennis.com/resources/v7.42.0/i/elements/itf.png,2018-05-22,2018-05-27,2018,5,Osprey,MDA,,,,,,,,,Florida,417.0,,392.0,32M/64Q/16D,Alexandra Perper,,https://www.wtatennis.com/resources/v7.42.0/i/elements/flags/mda.svg,Round of 32,W,"6-2, 6-3",https://www.wtatennis.com/players/318641/alexandra-perper,False,False,False,False,False,False,False,2,True,17,12,5,MD,MDA,498,150,Europe,Eastern Europe,MDA,"6,2,None|6,3,None",Q
3,"ITF/USTA $25,000",https://www.wtatennis.com/resources/v7.42.0/i/elements/itf.png,,ITF,Clay,https://www.wtatennis.com/resources/v7.42.0/i/elements/itf.png,2018-05-22,2018-05-27,2018,5,Osprey,BRA,,,,,,,,,Florida,1059.0,,392.0,32M/64Q/16D,Alice Garcia,15.0,https://www.wtatennis.com/resources/v7.42.0/i/elements/flags/bra.svg,Qualifying R3 Qual. R3,W,"6-1, 6-1",https://www.wtatennis.com/players/320406/alice-garcia,False,False,False,False,False,False,False,2,True,14,12,2,BR,BRA,076,019,America,Eastern South America,BRA,"6,1,None|6,1,None",Q
4,"ITF/USTA $25,000",https://www.wtatennis.com/resources/v7.42.0/i/elements/itf.png,,ITF,Clay,https://www.wtatennis.com/resources/v7.42.0/i/elements/itf.png,2018-05-22,2018-05-27,2018,5,Osprey,VIE,,,,,,,,,Florida,9999.0,,392.0,32M/64Q/16D,Csilla Fodor,,https://www.wtatennis.com/resources/v7.42.0/i/elements/flags/vie.svg,Qualifying R2 Qual. R2,W,"6-3, 6-4",https://www.wtatennis.com/players/325722/csilla-fodor,False,False,False,False,False,False,False,2,True,19,12,7,VN,VNM,704,142,Asia,Southeast Asia,VIE,"6,3,None|6,4,None",Q
5,"ITF/USTA $25,000",https://www.wtatennis.com/resources/v7.42.0/i/elements/itf.png,,ITF,Clay,https://www.wtatennis.com/resources/v7.42.0/i/elements/itf.png,2018-05-22,2018-05-27,2018,5,Osprey,ZAM,,,,,,,,,Florida,,,392.0,32M/64Q/16D,Naomi Chileshe,,https://www.wtatennis.com/resources/v7.42.0/i/elements/flags/zam.svg,Qualifying R1 Qual. R1,W,"6-0, 6-0",https://www.wtatennis.com/players/325708/naomi-chileshe,False,False,False,False,False,False,False,2,True,12,12,0,ZM,ZMB,894,002,Africa,East Africa,ZAM,"6,0,None|6,0,None",Q
