id,title,logo,url,level,surface,level_logo,start_date,end_date,year,month,city,country,state,tour_code_alpha_2,tour_code_alpha_3,tour_country_code_m49,tour_region_code,alternative_name,tour_region,tour_subregion,tour_fifa,rank,points_gain,prize_money,draw,custom_title,alt_titles,name,seed,flag,round,win_loss,score,url_profile,retired,walkover,bye,first_set_tiebreak,second_set_tiebreak,third_set_tiebreak,has_tiebreak,number_of_sets,first_set_won,total_games,winner_games,loser_games,code_alpha_2,code_alpha_3,country_code_m49,region_code,region,subregion,fifa,splitted_score,entry_type
1,Vanda Pharmaceuticals Berlin Tennis Open,https://photoresources.wtatennis.com/photo-resources/2026/04/16/261aa8e1-f293-4d18-ae37-655106d81407/2012_Berlin_2026.png?height=128,https://www.wtatennis.com/tournaments/2012/berlin/2026,WTA 500,Grass,https://www.wtatennis.com/resources/v7.46.6/i/elements/500k-tag.svg,2026-06-15,2026-06-21,2026,6,Berlin,USA,,DE,DEU,276,150,United States of America|America|USA|US,Europe,Central Europe,GER,4.0,195.0,66003.0,32M/24Q/16D,Vanda Pharmaceuticals Berlin Tennis Open,,Jessica Pegula,3.0,https://www.wtatennis.com/resources/v7.46.6/i/elements/flags/usa.svg,Semifinals,L,"4-6, 7-6 (4), 0-6",https://www.wtatennis.com/players/316956/jessica-pegula,False,False,False,False,True,False,True,3,False,29,11,18,US,USA,840,019,America,Northern America,USA,"4,6,None|7,6,4|0,6,None",
2,Vanda Pharmaceuticals Berlin Tennis Open,https://photoresources.wtatennis.com/photo-resources/2026/04/16/261aa8e1-f293-4d18-ae37-655106d81407/2012_Berlin_2026.png?height=128,https://www.wtatennis.com/tournaments/2012/berlin/2026,WTA 500,Grass,https://www.wtatennis.com/resources/v7.46.6/i/elements/500k-tag.svg,2026-06-15,2026-06-21,2026,6,Berlin,CZE,,DE,DEU,276,150,,Europe,Central Europe,GER,62.0,195.0,66003.0,32M/24Q/16D,Vanda Pharmaceuticals Berlin Tennis Open,,Nikola Bartunkova,,https://www.wtatennis.com/resources/v7.46.6/i/elements/flags/cze.svg,Quarterfinals,W,"2-6, 7-6 (2), 6-4",https://www.wtatennis.com/players/330364/nikola-bartunkova,False,False,False,False,True,False,True,3,False,31,15,16,CZ,CZE,203,150,Europe,Central Europe,CZE,"2,6,None|7,6,2|6,4,None",
3,Vanda Pharmaceuticals Berlin Tennis Open,https://photoresources.wtatennis.com/photo-resources/2026/04/16/261aa8e1-f293-4d18-ae37-655106d81407/2012_Berlin_2026.png?height=128,https://www.wtatennis.com/tournaments/2012/berlin/2026,WTA 500,Grass,https://www.wtatennis.com/resources/v7.46.6/i/elements/500k-tag.svg,2026-06-15,2026-06-21,2026,6,Berlin,RUS,,DE,DEU,276,150,,Europe,Central Europe,GER,19.0,195.0,66003.0,32M/24Q/16D,Vanda Pharmaceuticals Berlin Tennis Open,,Ekaterina Alexandrova,,https://www.wtatennis.com/resources/v7.46.6/i/elements/flags/rus.svg,Round of 16,W,"6-4, 6-4",https://www.wtatennis.com/players/319007/ekaterina-alexandrova,False,False,False,False,False,False,False,2,True,20,12,8,RU,RUS,643,150,Europe,Eastern Europe,RUS,"6,4,None|6,4,None",
4,Vanda Pharmaceuticals Berlin Tennis Open,https://photoresources.wtatennis.com/photo-resources/2026/04/16/261aa8e1-f293-4d18-ae37-655106d81407/2012_Berlin_2026.png?height=128,https://www.wtatennis.com/tournaments/2012/berlin/2026,WTA 500,Grass,https://www.wtatennis.com/resources/v7.46.6/i/elements/500k-tag.svg,2026-06-15,2026-06-21,2026,6,Berlin,,,DE,DEU,276,150,,Europe,Central Europe,GER,,195.0,66003.0,32M/24Q/16D,Vanda Pharmaceuticals Berlin Tennis Open,,,,,Round of 32,,Bye,,False,False,True,False,False,False,False,0,False,0,0,0,,,,,,,,,
1,Roland Garros,https://photoresources.wtatennis.com/photo-resources/2026/04/16/0893d8be-5450-4e36-a144-cdd958c1b484/WTA-Tournament_Roland-Garros.png?height=128,https://www.wtatennis.com/tournaments/roland-garros,Grand Slam,Clay,https://www.wtatennis.com/resources/v7.46.6/i/elements/gs-tag.svg,2026-05-24,2026-06-07,2026,5,Paris,RUS,,FR,FRA,250,150,,Europe,Western Europe,FRA,23.0,430.0,548339.0,128M/128Q/64D,Roland Garros,,Diana Shnaider,25.0,https://www.wtatennis.com/resources/v7.46.6/i/elements/flags/rus.svg,Quarterfinals,L,"6-3, 5-7, 0-6",https://www.wtatennis.com/players/330482/diana-shnaider,False,False,False,False,False,False,False,3,True,27,11,16,RU,RUS,643,150,Europe,Eastern Europe,RUS,"6,3,None|5,7,None|0,6,None",
2,Roland Garros,https://photoresources.wtatennis.com/photo-resources/2026/04/16/0893d8be-5450-4e36-a144-cdd958c1b484/WTA-Tournament_Roland-Garros.png?height=128,https://www.wtatennis.com/tournaments/roland-garros,Grand Slam,Clay,https://www.wtatennis.com/resources/v7.46.6/i/elements/gs-tag.svg,2026-05-24,2026-06-07,2026,5,Paris,JPN,,FR,FRA,250,150,,Europe,Western Europe,FRA,16.0,430.0,548339.0,128M/128Q/64D,Roland Garros,,Naomi Osaka,16.0,https://www.wtatennis.com/resources/v7.46.6/i/elements/flags/jpn.svg,Round of 16,W,"7-5, 6-3",https://www.wtatennis.com/players/319998/naomi-osaka,False,False,False,False,False,False,False,2,True,21,13,8,JP,JPN,392,142,Asia,East Asia,JPN,"7,5,None|6,3,None",
3,Roland Garros,https://photoresources.wtatennis.com/photo-resources/2026/04/16/0893d8be-5450-4e36-a144-cdd958c1b484/WTA-Tournament_Roland-Garros.png?height=128,https://www.wtatennis.com/tournaments/roland-garros,Grand Slam,Clay,https://www.wtatennis.com/resources/v7.46.6/i/elements/gs-tag.svg,2026-05-24,2026-06-07,2026,5,Paris,AUS,,FR,FRA,250,150,,Europe,Western Europe,FRA,53.0,430.0,548339.0,128M/128Q/64D,Roland Garros,,Daria Kasatkina,,https://www.wtatennis.com/resources/v7.46.6/i/elements/flags/aus.svg,Round of 32,W,"6-0, 7-5",https://www.wtatennis.com/players/322082/daria-kasatkina,False,False,False,False,False,False,False,2,True,18,13,5,AU,AUS,036,009,Oceania,Australasia,AUS,"6,0,None|7,5,None",
4,Roland Garros,https://photoresources.wtatennis.com/photo-resources/2026/04/16/0893d8be-5450-4e36-a144-cdd958c1b484/WTA-Tournament_Roland-Garros.png?height=128,https://www.wtatennis.com/tournaments/roland-garros,Grand Slam,Clay,https://www.wtatennis.com/resources/v7.46.6/i/elements/gs-tag.svg,2026-05-24,2026-06-07,2026,5,Paris,FRA,,FR,FRA,250,150,,Europe,Western Europe,FRA,67.0,430.0,548339.0,128M/128Q/64D,Roland Garros,,Elsa Jacquemot,,https://www.wtatennis.com/resources/v7.46.6/i/elements/flags/fra.svg,Round of 64,W,"7-5, 6-2",https://www.wtatennis.com/players/328142/elsa-jacquemot,False,False,False,False,False,False,False,2,True,20,13,7,FR,FRA,250,150,Europe,Western Europe,FRA,"7,5,None|6,2,None",
5,Roland Garros,https://photoresources.wtatennis.com/photo-resources/2026/04/16/0893d8be-5450-4e36-a144-cdd958c1b484/WTA-Tournament_Roland-Garros.png?height=128,https://www.wtatennis.com/tournaments/roland-garros,Grand Slam,Clay,https://www.wtatennis.com/resources/v7.46.6/i/elements/gs-tag.svg,2026-05-24,2026-06-07,2026,5,Paris,ESP,,FR,FRA,250,150,Kingdom of Spain,Europe,Western Europe,FRA,50.0,430.0,548339.0,128M/128Q/64D,Roland Garros,,Jessica Bouzas Maneiro,,https://www.wtatennis.com/resources/v7.46.6/i/elements/flags/esp.svg,Round of 128,W,"6-4, 6-2",https://www.wtatennis.com/players/328139/jessica-bouzas-maneiro,False,False,False,False,False,False,False,2,True,18,12,6,ES,ESP,724,150,Europe,Southern Europe,ESP,"6,4,None|6,2,None",
1,Internazionali Bnl D'Italia,https://photoresources.wtatennis.com/photo-resources/2026/04/16/2c058ad8-b3d8-49a9-a863-85d7b87a6783/WTA-Tournament_Rome-2018.png?height=128,https://www.wtatennis.com/tournaments/rome,WTA 1000,Clay,https://www.wtatennis.com/resources/v7.46.6/i/elements/1000k-tag.svg,2026-05-05,2026-05-17,2026,5,Rome,ROU,,IT,ITA,380,150,,Europe,Southern Europe,ITA,27.0,65.0,47375.0,128M/48Q/32D,Internazionali Bnl D'Italia,,Sorana Cirstea,26.0,https://www.wtatennis.com/resources/v7.46.6/i/elements/flags/rou.svg,Round of 32,L,"6-2, 3-6, 5-7",https://www.wtatennis.com/players/312469/sorana-cirstea,False,False,False,False,False,False,False,3,True,29,14,15,RO,ROU,642,150,Europe,Southeastern Europe,ROU,"6,2,None|3,6,None|5,7,None",
2,Internazionali Bnl D'Italia,https://photoresources.wtatennis.com/photo-resources/2026/04/16/2c058ad8-b3d8-49a9-a863-85d7b87a6783/WTA-Tournament_Rome-2018.png?height=128,https://www.wtatennis.com/tournaments/rome,WTA 1000,Clay,https://www.wtatennis.com/resources/v7.46.6/i/elements/1000k-tag.svg,2026-05-05,2026-05-17,2026,5,Rome,CZE,,IT,ITA,380,150,,Europe,Southern Europe,ITA,53.0,65.0,47375.0,128M/48Q/32D,Internazionali Bnl D'Italia,,Barbora Krejcikova,,https://www.wtatennis.com/resources/v7.46.6/i/elements/flags/cze.svg,Round of 64,W,"6-2, 6-3",https://www.wtatennis.com/players/318314/barbora-krejcikova,False,False,False,False,False,False,False,2,True,17,12,5,CZ,CZE,203,150,Europe,Central Europe,CZE,"6,2,None|6,3,None",
3,Internazionali Bnl D'Italia,https://photoresources.wtatennis.com/photo-resources/2026/04/16/2c058ad8-b3d8-49a9-a863-85d7b87a6783/WTA-Tournament_Rome-2018.png?height=128,https://www.wtatennis.com/tournaments/rome,WTA 1000,Clay,https://www.wtatennis.com/resources/v7.46.6/i/elements/1000k-tag.svg,2026-05-05,2026-05-17,2026,5,Rome,,,IT,ITA,380,150,,Europe,Southern Europe,ITA,,65.0,47375.0,128M/48Q/32D,Internazionali Bnl D'Italia,,,,,Round of 128,,Bye,,False,False,True,False,False,False,False,0,False,0,0,0,,,,,,,,,
1,Mutua Madrid Open,https://photoresources.wtatennis.com/photo-resources/2026/04/16/46f056ec-5c74-4159-bc35-97ca4c015c80/WTA-Tournament_Madrid-2023.png?height=128,https://www.wtatennis.com/tournaments/madrid-open,WTA 1000,Clay,https://www.wtatennis.com/resources/v7.46.6/i/elements/1000k-tag.svg,2026-04-21,2026-05-03,2026,4,Madrid,USA,,ES,ESP,724,150,United States of America|America|USA|US,Europe,Southern Europe,ESP,32.0,215.0,169375.0,128M/48Q/32D,Mutua Madrid Open,,Hailey Baptiste,30.0,https://www.wtatennis.com/resources/v7.46.6/i/elements/flags/usa.svg,Quarterfinals,L,"6-2, 2-6, 6-7 (6)",https://www.wtatennis.com/players/327101/hailey-baptiste,False,False,False,False,False,True,True,3,True,29,14,15,US,USA,840,019,America,Northern America,USA,"6,2,None|2,6,None|6,7,6",
2,Mutua Madrid Open,https://photoresources.wtatennis.com/photo-resources/2026/04/16/46f056ec-5c74-4159-bc35-97ca4c015c80/WTA-Tournament_Madrid-2023.png?height=128,https://www.wtatennis.com/tournaments/madrid-open,WTA 1000,Clay,https://www.wtatennis.com/resources/v7.46.6/i/elements/1000k-tag.svg,2026-04-21,2026-05-03,2026,4,Madrid,JPN,,ES,ESP,724,150,,Europe,Southern Europe,ESP,15.0,215.0,169375.0,128M/48Q/32D,Mutua Madrid Open,,Naomi Osaka,14.0,https://www.wtatennis.com/resources/v7.46.6/i/elements/flags/jpn.svg,Round of 16,W,"6-7 (1), 6-3, 6-2",https://www.wtatennis.com/players/319998/naomi-osaka,False,False,False,True,False,False,True,3,False,30,18,12,JP,JPN,392,142,Asia,East Asia,JPN,"6,7,1|6,3,None|6,2,None",
3,Mutua Madrid Open,https://photoresources.wtatennis.com/photo-resources/2026/04/16/46f056ec-5c74-4159-bc35-97ca4c015c80/WTA-Tournament_Madrid-2023.png?height=128,https://www.wtatennis.com/tournaments/madrid-open,WTA 1000,Clay,https://www.wtatennis.com/resources/v7.46.6/i/elements/1000k-tag.svg,2026-04-21,2026-05-03,2026,4,Madrid,ROU,,ES,ESP,724,150,,Europe,Southern Europe,ESP,33.0,215.0,169375.0,128M/48Q/32D,Mutua Madrid Open,,Jaqueline  Cristian,29.0,https://www.wtatennis.com/resources/v7.46.6/i/elements/flags/rou.svg,Round of 32,W,"6-1, 6-4",https://www.wtatennis.com/players/320319/jaqueline-cristian,False,False,False,False,False,False,False,2,True,17,12,5,RO,ROU,642,150,Europe,Southeastern Europe,ROU,"6,1,None|6,4,None",
4,Mutua Madrid Open,https://photoresources.wtatennis.com/photo-resources/2026/04/16/46f056ec-5c74-4159-bc35-97ca4c015c80/WTA-Tournament_Madrid-2023.png?height=128,https://www.wtatennis.com/tournaments/madrid-open,WTA 1000,Clay,https://www.wtatennis.com/resources/v7.46.6/i/elements/1000k-tag.svg,2026-04-21,2026-05-03,2026,4,Madrid,USA,,ES,ESP,724,150,United States of America|America|USA|US,Europe,Southern Europe,ESP,43.0,215.0,169375.0,128M/48Q/32D,Mutua Madrid Open,,Peyton Stearns,,https://www.wtatennis.com/resources/v7.46.6/i/elements/flags/usa.svg,Round of 64,W,"7-5, 6-3",https://www.wtatennis.com/players/327573/peyton-stearns,False,False,False,False,False,False,False,2,True,21,13,8,US,USA,840,019,America,Northern America,USA,"7,5,None|6,3,None",
5,Mutua Madrid Open,https://photoresources.wtatennis.com/photo-resources/2026/04/16/46f056ec-5c74-4159-bc35-97ca4c015c80/WTA-Tournament_Madrid-2023.png?height=128,https://www.wtatennis.com/tournaments/madrid-open,WTA 1000,Clay,https://www.wtatennis.com/resources/v7.46.6/i/elements/1000k-tag.svg,2026-04-21,2026-05-03,2026,4,Madrid,,,ES,ESP,724,150,,Europe,Southern Europe,ESP,,215.0,169375.0,128M/48Q/32D,Mutua Madrid Open,,,,,Round of 128,,Bye,,False,False,True,False,False,False,False,0,False,0,0,0,,,,,,,,,
1,Miami Open Presented By Itaú,https://photoresources.wtatennis.com/photo-resources/2025/04/16/ad3c213f-6323-4422-bb86-ff92e8cb213c/WTA-Tournament_Miami-2024.png?height=128,https://www.wtatennis.com/tournaments/miami-open,WTA 1000,Hard,https://www.wtatennis.com/resources/v7.31.10/i/elements/1000k-tag.svg,2026-03-17,2026-03-29,2026,3,Miami,USA,FL,US,USA,840,019,United States of America|America|USA|US,America,Northern America,USA,4.0,1000.0,1151380.0,128M/48Q/32D,Miami Open Presented By Itaú,,Coco Gauff,4.0,https://www.wtatennis.com/resources/v7.31.10/i/elements/flags/usa.svg,Finals,W,"6-2, 4-6, 6-3",https://www.wtatennis.com/players/328560/coco-gauff,False,False,False,False,False,False,False,3,True,27,16,11,US,USA,840,019,America,Northern America,USA,"6,2,None|4,6,None|6,3,None",
2,Miami Open Presented By Itaú,https://photoresources.wtatennis.com/photo-resources/2025/04/16/ad3c213f-6323-4422-bb86-ff92e8cb213c/WTA-Tournament_Miami-2024.png?height=128,https://www.wtatennis.com/tournaments/miami-open,WTA 1000,Hard,https://www.wtatennis.com/resources/v7.31.10/i/elements/1000k-tag.svg,2026-03-17,2026-03-29,2026,3,Miami,KAZ,FL,US,USA,840,019,,America,Northern America,USA,2.0,1000.0,1151380.0,128M/48Q/32D,Miami Open Presented By Itaú,,Elena Rybakina,3.0,https://www.wtatennis.com/resources/v7.31.10/i/elements/flags/kaz.svg,Semifinals,W,"6-4, 6-3",https://www.wtatennis.com/players/324166/elena-rybakina,False,False,False,False,False,False,False,2,True,19,12,7,KZ,KAZ,398,142,Asia,Central Asia,KAZ,"6,4,None|6,3,None",
3,Miami Open Presented By Itaú,https://photoresources.wtatennis.com/photo-resources/2025/04/16/ad3c213f-6323-4422-bb86-ff92e8cb213c/WTA-Tournament_Miami-2024.png?height=128,https://www.wtatennis.com/tournaments/miami-open,WTA 1000,Hard,https://www.wtatennis.com/resources/v7.31.10/i/elements/1000k-tag.svg,2026-03-17,2026-03-29,2026,3,Miami,USA,FL,US,USA,840,019,United States of America|America|USA|US,America,Northern America,USA,45.0,1000.0,1151380.0,128M/48Q/32D,Miami Open Presented By Itaú,,Hailey Baptiste,,https://www.wtatennis.com/resources/v7.31.10/i/elements/flags/usa.svg,Quarterfinals,W,"6-4, 6-4",https://www.wtatennis.com/players/327101/hailey-baptiste,False,False,False,False,False,False,False,2,True,20,12,8,US,USA,840,019,America,Northern America,USA,"6,4,None|6,4,None",
4,Miami Open Presented By Itaú,https://photoresources.wtatennis.com/photo-resources/2025/04/16/ad3c213f-6323-4422-bb86-ff92e8cb213c/WTA-Tournament_Miami-2024.png?height=128,https://www.wtatennis.com/tournaments/miami-open,WTA 1000,Hard,https://www.wtatennis.com/resources/v7.31.10/i/elements/1000k-tag.svg,2026-03-17,2026-03-29,2026,3,Miami,CHN,FL,US,USA,840,019,,America,Northern America,USA,26.0,1000.0,1151380.0,128M/48Q/32D,Miami Open Presented By Itaú,,Qinwen Zheng,23.0,https://www.wtatennis.com/resources/v7.31.10/i/elements/flags/chn.svg,Round of 16,W,"6-3, 6-4",https://www.wtatennis.com/players/328120/qinwen-zheng,False,False,False,False,False,False,False,2,True,19,12,7,CN,CHN,156,142,Asia,East Asia,CHN,"6,3,None|6,4,None",
5,Miami Open Presented By Itaú,https://photoresources.wtatennis.com/photo-resources/2025/04/16/ad3c213f-6323-4422-bb86-ff92e8cb213c/WTA-Tournament_Miami-2024.png?height=128,https://www.wtatennis.com/tournaments/miami-open,WTA 1000,Hard,https://www.wtatennis.com/resources/v7.31.10/i/elements/1000k-tag.svg,2026-03-17,2026-03-29,2026,3,Miami,USA,FL,US,USA,840,019,United States of America|America|USA|US,America,Northern America,USA,72.0,1000.0,1151380.0,128M/48Q/32D,Miami Open Presented By Itaú,,Caty Mcnally,,https://www.wtatennis.com/resources/v7.31.10/i/elements/flags/usa.svg,Round of 32,W,"6-4, 6-2",https://www.wtatennis.com/players/325725/caty-mcnally,False,False,False,False,False,False,False,2,True,18,12,6,US,USA,840,019,America,Northern America,USA,"6,4,None|6,2,None",
6,Miami Open Presented By Itaú,https://photoresources.wtatennis.com/photo-resources/2025/04/16/ad3c213f-6323-4422-bb86-ff92e8cb213c/WTA-Tournament_Miami-2024.png?height=128,https://www.wtatennis.com/tournaments/miami-open,WTA 1000,Hard,https://www.wtatennis.com/resources/v7.31.10/i/elements/1000k-tag.svg,2026-03-17,2026-03-29,2026,3,Miami,USA,FL,US,USA,840,019,United States of America|America|USA|US,America,Northern America,USA,39.0,1000.0,1151380.0,128M/48Q/32D,Miami Open Presented By Itaú,,Ann Li,,https://www.wtatennis.com/resources/v7.31.10/i/elements/flags/usa.svg,Round of 64,W,"7-6 (5), 6-4",https://www.wtatennis.com/players/326096/ann-li,False,False,False,True,False,False,True,2,True,23,13,10,US,USA,840,019,America,Northern America,USA,"7,6,5|6,4,None",
7,Miami Open Presented By Itaú,https://photoresources.wtatennis.com/photo-resources/2025/04/16/ad3c213f-6323-4422-bb86-ff92e8cb213c/WTA-Tournament_Miami-2024.png?height=128,https://www.wtatennis.com/tournaments/miami-open,WTA 1000,Hard,https://www.wtatennis.com/resources/v7.31.10/i/elements/1000k-tag.svg,2026-03-17,2026-03-29,2026,3,Miami,,FL,US,USA,840,019,,America,Northern America,USA,,1000.0,1151380.0,128M/48Q/32D,Miami Open Presented By Itaú,,,,,Round of 128,,Bye,,False,False,True,False,False,False,False,0,False,0,0,0,,,,,,,,,
1,Bnp Paribas Open,https://photoresources.wtatennis.com/photo-resources/2025/04/16/e155ccb6-5daf-4a93-8fa1-a30ce14c2704/WTA-Tournament_Indian-Wells-2017.png?height=128,https://www.wtatennis.com/tournaments/indian-wells,WTA 1000,Hard,https://www.wtatennis.com/resources/v7.31.10/i/elements/1000k-tag.svg,2026-03-04,2026-03-15,2026,3,Indian Wells,KAZ,CA,US,USA,840,019,,America,Northern America,USA,3.0,1000.0,1085220.0,128M/48Q/32D,Bnp Paribas Open,,Elena Rybakina,3.0,https://www.wtatennis.com/resources/v7.31.10/i/elements/flags/kaz.svg,Finals,W,"3-6, 6-3, 7-6 (6)",https://www.wtatennis.com/players/324166/elena-rybakina,False,False,False,False,False,True,True,3,False,31,16,15,KZ,KAZ,398,142,Asia,Central Asia,KAZ,"3,6,None|6,3,None|7,6,6",
2,Bnp Paribas Open,https://photoresources.wtatennis.com/photo-resources/2025/04/16/e155ccb6-5daf-4a93-8fa1-a30ce14c2704/WTA-Tournament_Indian-Wells-2017.png?height=128,https://www.wtatennis.com/tournaments/indian-wells,WTA 1000,Hard,https://www.wtatennis.com/resources/v7.31.10/i/elements/1000k-tag.svg,2026-03-04,2026-03-15,2026,3,Indian Wells,CZE,CA,US,USA,840,019,,America,Northern America,USA,14.0,1000.0,1085220.0,128M/48Q/32D,Bnp Paribas Open,,Linda Noskova,14.0,https://www.wtatennis.com/resources/v7.31.10/i/elements/flags/cze.svg,Semifinals,W,"6-3, 6-4",https://www.wtatennis.com/players/329668/linda-noskova,False,False,False,False,False,False,False,2,True,19,12,7,CZ,CZE,203,150,Europe,Central Europe,CZE,"6,3,None|6,4,None",
3,Bnp Paribas Open,https://photoresources.wtatennis.com/photo-resources/2025/04/16/e155ccb6-5daf-4a93-8fa1-a30ce14c2704/WTA-Tournament_Indian-Wells-2017.png?height=128,https://www.wtatennis.com/tournaments/indian-wells,WTA 1000,Hard,https://www.wtatennis.com/resources/v7.31.10/i/elements/1000k-tag.svg,2026-03-04,2026-03-15,2026,3,Indian Wells,CAN,CA,US,USA,840,019,,America,Northern America,USA,10.0,1000.0,1085220.0,128M/48Q/32D,Bnp Paribas Open,,Victoria Mboko,10.0,https://www.wtatennis.com/resources/v7.31.10/i/elements/flags/can.svg,Quarterfinals,W,"7-6 (0), 6-4",https://www.wtatennis.com/players/331006/victoria-mboko,False,False,False,True,False,False,True,2,True,23,13,10,CA,CAN,124,019,America,Northern America,CAN,"7,6,0|6,4,None",
4,Bnp Paribas Open,https://photoresources.wtatennis.com/photo-resources/2025/04/16/e155ccb6-5daf-4a93-8fa1-a30ce14c2704/WTA-Tournament_Indian-Wells-2017.png?height=128,https://www.wtatennis.com/tournaments/indian-wells,WTA 1000,Hard,https://www.wtatennis.com/resources/v7.31.10/i/elements/1000k-tag.svg,2026-03-04,2026-03-15,2026,3,Indian Wells,JPN,CA,US,USA,840,019,,America,Northern America,USA,16.0,1000.0,1085220.0,128M/48Q/32D,Bnp Paribas Open,,Naomi Osaka,16.0,https://www.wtatennis.com/resources/v7.31.10/i/elements/flags/jpn.svg,Round of 16,W,"6-2, 6-4",https://www.wtatennis.com/players/319998/naomi-osaka,False,False,False,False,False,False,False,2,True,18,12,6,JP,JPN,392,142,Asia,East Asia,JPN,"6,2,None|6,4,None",
5,Bnp Paribas Open,https://photoresources.wtatennis.com/photo-resources/2025/04/16/e155ccb6-5daf-4a93-8fa1-a30ce14c2704/WTA-Tournament_Indian-Wells-2017.png?height=128,https://www.wtatennis.com/tournaments/indian-wells,WTA 1000,Hard,https://www.wtatennis.com/resources/v7.31.10/i/elements/1000k-tag.svg,2026-03-04,2026-03-15,2026,3,Indian Wells,ROU,CA,US,USA,840,019,,America,Northern America,USA,35.0,1000.0,1085220.0,128M/48Q/32D,Bnp Paribas Open,,Jaqueline  Cristian,,https://www.wtatennis.com/resources/v7.31.10/i/elements/flags/rou.svg,Round of 32,W,"6-4, 6-1",https://www.wtatennis.com/players/320319/jaqueline-cristian,False,False,False,False,False,False,False,2,True,17,12,5,RO,ROU,642,150,Europe,Southeastern Europe,ROU,"6,4,None|6,1,None",
6,Bnp Paribas Open,https://photoresources.wtatennis.com/photo-resources/2025/04/16/e155ccb6-5daf-4a93-8fa1-a30ce14c2704/WTA-Tournament_Indian-Wells-2017.png?height=128,https://www.wtatennis.com/tournaments/indian-wells,WTA 1000,Hard,https://www.wtatennis.com/resources/v7.31.10/i/elements/1000k-tag.svg,2026-03-04,2026-03-15,2026,3,Indian Wells,JPN,CA,US,USA,840,019,,America,Northern America,USA,136.0,1000.0,1085220.0,128M/48Q/32D,Bnp Paribas Open,,Himeno Sakatsume,,https://www.wtatennis.com/resources/v7.31.10/i/elements/flags/jpn.svg,Round of 64,W,"6-4, 6-2",https://www.wtatennis.com/players/326568/himeno-sakatsume,False,False,False,False,False,False,False,2,True,18,12,6,JP,JPN,392,142,Asia,East Asia,JPN,"6,4,None|6,2,None",
7,Bnp Paribas Open,https://photoresources.wtatennis.com/photo-resources/2025/04/16/e155ccb6-5daf-4a93-8fa1-a30ce14c2704/WTA-Tournament_Indian-Wells-2017.png?height=128,https://www.wtatennis.com/tournaments/indian-wells,WTA 1000,Hard,https://www.wtatennis.com/resources/v7.31.10/i/elements/1000k-tag.svg,2026-03-04,2026-03-15,2026,3,Indian Wells,,CA,US,USA,840,019,,America,Northern America,USA,,1000.0,1085220.0,128M/48Q/32D,Bnp Paribas Open,,,,,Round of 128,,Bye,,False,False,True,False,False,False,False,0,False,0,0,0,,,,,,,,,
1,Australian Open,https://photoresources.wtatennis.com/photo-resources/2025/04/16/20886615-8c76-4d00-b747-7946c3692df2/WTA-Tournament_Australian-Open.png?height=128,https://www.wtatennis.com/tournaments/australian-open,Grand Slam,Hard,https://www.wtatennis.com/resources/v7.31.10/i/elements/gs-tag.svg,2026-01-18,2026-02-01,2026,1,Melbourne,KAZ,,AU,AUS,036,009,,Oceania,Australasia,AUS,5.0,1300.0,1391952.0,128M/128Q/64D,Australian Open,,Elena Rybakina,5.0,https://www.wtatennis.com/resources/v7.31.10/i/elements/flags/kaz.svg,Finals,L,"4-6, 6-4, 4-6",https://www.wtatennis.com/players/324166/elena-rybakina,False,False,False,False,False,False,False,3,False,30,14,16,KZ,KAZ,398,142,Asia,Central Asia,KAZ,"4,6,None|6,4,None|4,6,None",
2,Australian Open,https://photoresources.wtatennis.com/photo-resources/2025/04/16/20886615-8c76-4d00-b747-7946c3692df2/WTA-Tournament_Australian-Open.png?height=128,https://www.wtatennis.com/tournaments/australian-open,Grand Slam,Hard,https://www.wtatennis.com/resources/v7.31.10/i/elements/gs-tag.svg,2026-01-18,2026-02-01,2026,1,Melbourne,UKR,,AU,AUS,036,009,,Oceania,Australasia,AUS,12.0,1300.0,1391952.0,128M/128Q/64D,Australian Open,,Elina Svitolina,12.0,https://www.wtatennis.com/resources/v7.31.10/i/elements/flags/ukr.svg,Semifinals,W,"6-2, 6-3",https://www.wtatennis.com/players/316738/elina-svitolina,False,False,False,False,False,False,False,2,True,17,12,5,UA,UKR,804,150,Europe,Eastern Europe,UKR,"6,2,None|6,3,None",
3,Australian Open,https://photoresources.wtatennis.com/photo-resources/2025/04/16/20886615-8c76-4d00-b747-7946c3692df2/WTA-Tournament_Australian-Open.png?height=128,https://www.wtatennis.com/tournaments/australian-open,Grand Slam,Hard,https://www.wtatennis.com/resources/v7.31.10/i/elements/gs-tag.svg,2026-01-18,2026-02-01,2026,1,Melbourne,USA,,AU,AUS,036,009,United States of America|America|USA|US,Oceania,Australasia,AUS,27.0,1300.0,1391952.0,128M/128Q/64D,Australian Open,,Iva Jovic,29.0,https://www.wtatennis.com/resources/v7.31.10/i/elements/flags/usa.svg,Quarterfinals,W,"6-3, 6-0",https://www.wtatennis.com/players/332285/iva-jovic,False,False,False,False,False,False,False,2,True,15,12,3,US,USA,840,019,America,Northern America,USA,"6,3,None|6,0,None",
4,Australian Open,https://photoresources.wtatennis.com/photo-resources/2025/04/16/20886615-8c76-4d00-b747-7946c3692df2/WTA-Tournament_Australian-Open.png?height=128,https://www.wtatennis.com/tournaments/australian-open,Grand Slam,Hard,https://www.wtatennis.com/resources/v7.31.10/i/elements/gs-tag.svg,2026-01-18,2026-02-01,2026,1,Melbourne,CAN,,AU,AUS,036,009,,Oceania,Australasia,AUS,16.0,1300.0,1391952.0,128M/128Q/64D,Australian Open,,Victoria Mboko,17.0,https://www.wtatennis.com/resources/v7.31.10/i/elements/flags/can.svg,Round of 16,W,"6-1, 7-6 (1)",https://www.wtatennis.com/players/331006/victoria-mboko,False,False,False,False,True,False,True,2,True,20,13,7,CA,CAN,124,019,America,Northern America,CAN,"6,1,None|7,6,1",
5,Australian Open,https://photoresources.wtatennis.com/photo-resources/2025/04/16/20886615-8c76-4d00-b747-7946c3692df2/WTA-Tournament_Australian-Open.png?height=128,https://www.wtatennis.com/tournaments/australian-open,Grand Slam,Hard,https://www.wtatennis.com/resources/v7.31.10/i/elements/gs-tag.svg,2026-01-18,2026-02-01,2026,1,Melbourne,AUT,,AU,AUS,036,009,,Oceania,Australasia,AUS,55.0,1300.0,1391952.0,128M/128Q/64D,Australian Open,,Anastasia Potapova,,https://www.wtatennis.com/resources/v7.31.10/i/elements/flags/aut.svg,Round of 32,W,"7-6 (4), 7-6 (7)",https://www.wtatennis.com/players/325601/anastasia-potapova,False,False,False,True,True,False,True,2,True,26,14,12,AT,AUT,040,150,Europe,Central Europe,AUT,"7,6,4|7,6,7",
6,Australian Open,https://photoresources.wtatennis.com/photo-resources/2025/04/16/20886615-8c76-4d00-b747-7946c3692df2/WTA-Tournament_Australian-Open.png?height=128,https://www.wtatennis.com/tournaments/australian-open,Grand Slam,Hard,https://www.wtatennis.com/resources/v7.31.10/i/elements/gs-tag.svg,2026-01-18,2026-02-01,2026,1,Melbourne,CHN,,AU,AUS,036,009,,Oceania,Australasia,AUS,702.0,1300.0,1391952.0,128M/128Q/64D,Australian Open,,Zhuoxuan Bai,,https://www.wtatennis.com/resources/v7.31.10/i/elements/flags/chn.svg,Round of 64,W,"6-3, 6-1",https://www.wtatennis.com/players/327196/zhuoxuan-bai,False,False,False,False,False,False,False,2,True,16,12,4,CN,CHN,156,142,Asia,East Asia,CHN,"6,3,None|6,1,None",
7,Australian Open,https://photoresources.wtatennis.com/photo-resources/2025/04/16/20886615-8c76-4d00-b747-7946c3692df2/WTA-Tournament_Australian-Open.png?height=128,https://www.wtatennis.com/tournaments/australian-open,Grand Slam,Hard,https://www.wtatennis.com/resources/v7.31.10/i/elements/gs-tag.svg,2026-01-18,2026-02-01,2026,1,Melbourne,FRA,,AU,AUS,036,009,,Oceania,Australasia,AUS,118.0,1300.0,1391952.0,128M/128Q/64D,Australian Open,,Tiantsoa Rakotomanga Rajaonah,,https://www.wtatennis.com/resources/v7.31.10/i/elements/flags/fra.svg,Round of 128,W,"6-4, 6-1",https://www.wtatennis.com/players/330970/tiantsoa-rakotomanga-rajaonah,False,False,False,False,False,False,False,2,True,17,12,5,FR,FRA,250,150,Europe,Western Europe,FRA,"6,4,None|6,1,None",
1,Brisbane International,https://photoresources.wtatennis.com/photo-resources/2025/04/16/9050b115-2984-4344-932a-01bc17817720/WTA-Tournament_Brisbane-2025.png?height=128,https://www.wtatennis.com/tournaments/800/brisbane/2026,WTA 500,Hard,https://www.wtatennis.com/resources/v7.31.10/i/elements/500k-tag.svg,2026-01-04,2026-01-11,2026,1,Brisbane,UKR,,AU,AUS,036,009,,Oceania,Australasia,AUS,26.0,500.0,214530.0,64M/24Q/16D,Brisbane International,,Marta Kostyuk,16.0,https://www.wtatennis.com/resources/v7.31.10/i/elements/flags/ukr.svg,Finals,W,"6-4, 6-3",https://www.wtatennis.com/players/326482/marta-kostyuk,False,False,False,False,False,False,False,2,True,19,12,7,UA,UKR,804,150,Europe,Eastern Europe,UKR,"6,4,None|6,3,None",
2,Brisbane International,https://photoresources.wtatennis.com/photo-resources/2025/04/16/9050b115-2984-4344-932a-01bc17817720/WTA-Tournament_Brisbane-2025.png?height=128,https://www.wtatennis.com/tournaments/800/brisbane/2026,WTA 500,Hard,https://www.wtatennis.com/resources/v7.31.10/i/elements/500k-tag.svg,2026-01-04,2026-01-11,2026,1,Brisbane,CZE,,AU,AUS,036,009,,Oceania,Australasia,AUS,20.0,500.0,214530.0,64M/24Q/16D,Brisbane International,,Karolina Muchova,11.0,https://www.wtatennis.com/resources/v7.31.10/i/elements/flags/cze.svg,Semifinals,W,"6-3, 6-4",https://www.wtatennis.com/players/322191/karolina-muchova,False,False,False,False,False,False,False,2,True,19,12,7,CZ,CZE,203,150,Europe,Central Europe,CZE,"6,3,None|6,4,None",
3,Brisbane International,https://photoresources.wtatennis.com/photo-resources/2025/04/16/9050b115-2984-4344-932a-01bc17817720/WTA-Tournament_Brisbane-2025.png?height=128,https://www.wtatennis.com/tournaments/800/brisbane/2026,WTA 500,Hard,https://www.wtatennis.com/resources/v7.31.10/i/elements/500k-tag.svg,2026-01-04,2026-01-11,2026,1,Brisbane,USA,,AU,AUS,036,009,United States of America|America|USA|US,Oceania,Australasia,AUS,7.0,500.0,214530.0,64M/24Q/16D,Brisbane International,,Madison Keys,5.0,https://www.wtatennis.com/resources/v7.31.10/i/elements/flags/usa.svg,Quarterfinals,W,"6-3, 6-3",https://www.wtatennis.com/players/316959/madison-keys,False,False,False,False,False,False,False,2,True,18,12,6,US,USA,840,019,America,Northern America,USA,"6,3,None|6,3,None",
4,Brisbane International,https://photoresources.wtatennis.com/photo-resources/2025/04/16/9050b115-2984-4344-932a-01bc17817720/WTA-Tournament_Brisbane-2025.png?height=128,https://www.wtatennis.com/tournaments/800/brisbane/2026,WTA 500,Hard,https://www.wtatennis.com/resources/v7.31.10/i/elements/500k-tag.svg,2026-01-04,2026-01-11,2026,1,Brisbane,ROU,,AU,AUS,036,009,,Oceania,Australasia,AUS,41.0,500.0,214530.0,64M/24Q/16D,Brisbane International,,Sorana Cirstea,,https://www.wtatennis.com/resources/v7.31.10/i/elements/flags/rou.svg,Round of 16,W,"6-3, 6-3",https://www.wtatennis.com/players/312469/sorana-cirstea,False,False,False,False,False,False,False,2,True,18,12,6,RO,ROU,642,150,Europe,Southeastern Europe,ROU,"6,3,None|6,3,None",
5,Brisbane International,https://photoresources.wtatennis.com/photo-resources/2025/04/16/9050b115-2984-4344-932a-01bc17817720/WTA-Tournament_Brisbane-2025.png?height=128,https://www.wtatennis.com/tournaments/800/brisbane/2026,WTA 500,Hard,https://www.wtatennis.com/resources/v7.31.10/i/elements/500k-tag.svg,2026-01-04,2026-01-11,2026,1,Brisbane,ESP,,AU,AUS,036,009,Kingdom of Spain,Oceania,Australasia,AUS,50.0,500.0,214530.0,64M/24Q/16D,Brisbane International,,Cristina Bucsa,,https://www.wtatennis.com/resources/v7.31.10/i/elements/flags/esp.svg,Round of 32,W,"6-0, 6-1",https://www.wtatennis.com/players/321158/cristina-bucsa,False,False,False,False,False,False,False,2,True,13,12,1,ES,ESP,724,150,Europe,Southern Europe,ESP,"6,0,None|6,1,None",
6,Brisbane International,https://photoresources.wtatennis.com/photo-resources/2025/04/16/9050b115-2984-4344-932a-01bc17817720/WTA-Tournament_Brisbane-2025.png?height=128,https://www.wtatennis.com/tournaments/800/brisbane/2026,WTA 500,Hard,https://www.wtatennis.com/resources/v7.31.10/i/elements/500k-tag.svg,2026-01-04,2026-01-11,2026,1,Brisbane,,,AU,AUS,036,009,,Oceania,Australasia,AUS,,500.0,214530.0,64M/24Q/16D,Brisbane International,,,,,Round of 64,,Bye,,False,False,True,False,False,False,False,0,False,0,0,0,,,,,,,,,
1,Wta Finals Riyadh,https://photoresources.wtatennis.com/photo-resources/2025/10/16/b04a642b-ddb5-40c8-91f1-26a2d61650fe/WTA-finals.png?height=128,https://www.wtatennis.com/tournaments/808/wta-finals/2025,Finals,Hard,https://www.wtatennis.com/resources/v7.31.10/i/elements/finals-tag.svg,2025-11-01,2025-11-08,2025,11,Riyadh,KAZ,,SA,SAU,682,142,,Asia,Western Asia,KSA,6.0,,2695000.0,8M/0Q/8D,Wta Finals Riyadh,,Elena Rybakina,6.0,https://www.wtatennis.com/resources/v7.31.10/i/elements/flags/kaz.svg,Finals,L,"3-6, 6-7 (0)",https://www.wtatennis.com/players/324166/elena-rybakina,False,False,False,False,True,False,True,2,False,22,9,13,KZ,KAZ,398,142,Asia,Central Asia,KAZ,"3,6,None|6,7,0",
2,Wta Finals Riyadh,https://photoresources.wtatennis.com/photo-resources/2025/10/16/b04a642b-ddb5-40c8-91f1-26a2d61650fe/WTA-finals.png?height=128,https://www.wtatennis.com/tournaments/808/wta-finals/2025,Finals,Hard,https://www.wtatennis.com/resources/v7.31.10/i/elements/finals-tag.svg,2025-11-01,2025-11-08,2025,11,Riyadh,USA,,SA,SAU,682,142,United States of America|America|USA|US,Asia,Western Asia,KSA,4.0,,2695000.0,8M/0Q/8D,Wta Finals Riyadh,,Amanda Anisimova,4.0,https://www.wtatennis.com/resources/v7.31.10/i/elements/flags/usa.svg,Semifinals,W,"6-3, 3-6, 6-3",https://www.wtatennis.com/players/326384/amanda-anisimova,False,False,False,False,False,False,False,3,True,27,15,12,US,USA,840,019,America,Northern America,USA,"6,3,None|3,6,None|6,3,None",
3,Wta Finals Riyadh,https://photoresources.wtatennis.com/photo-resources/2025/10/16/b04a642b-ddb5-40c8-91f1-26a2d61650fe/WTA-finals.png?height=128,https://www.wtatennis.com/tournaments/808/wta-finals/2025,Finals,Hard,https://www.wtatennis.com/resources/v7.31.10/i/elements/finals-tag.svg,2025-11-01,2025-11-08,2025,11,Riyadh,ITA,,SA,SAU,682,142,,Asia,Western Asia,KSA,8.0,,2695000.0,8M/0Q/8D,Wta Finals Riyadh,,Jasmine Paolini,8.0,https://www.wtatennis.com/resources/v7.31.10/i/elements/flags/ita.svg,Group Stage Group,W,"6-3, 6-1",https://www.wtatennis.com/players/319280/jasmine-paolini,False,False,False,False,False,False,False,2,True,16,12,4,IT,ITA,380,150,Europe,Southern Europe,ITA,"6,3,None|6,1,None",
4,Wta Finals Riyadh,https://photoresources.wtatennis.com/photo-resources/2025/10/16/b04a642b-ddb5-40c8-91f1-26a2d61650fe/WTA-finals.png?height=128,https://www.wtatennis.com/tournaments/808/wta-finals/2025,Finals,Hard,https://www.wtatennis.com/resources/v7.31.10/i/elements/finals-tag.svg,2025-11-01,2025-11-08,2025,11,Riyadh,USA,,SA,SAU,682,142,United States of America|America|USA|US,Asia,Western Asia,KSA,3.0,,2695000.0,8M/0Q/8D,Wta Finals Riyadh,,Coco Gauff,3.0,https://www.wtatennis.com/resources/v7.31.10/i/elements/flags/usa.svg,Group Stage Group,W,"7-6 (5), 6-2",https://www.wtatennis.com/players/328560/coco-gauff,False,False,False,True,False,False,True,2,True,21,13,8,US,USA,840,019,America,Northern America,USA,"7,6,5|6,2,None",
5,Wta Finals Riyadh,https://photoresources.wtatennis.com/photo-resources/2025/10/16/b04a642b-ddb5-40c8-91f1-26a2d61650fe/WTA-finals.png?height=128,https://www.wtatennis.com/tournaments/808/wta-finals/2025,Finals,Hard,https://www.wtatennis.com/resources/v7.31.10/i/elements/finals-tag.svg,2025-11-01,2025-11-08,2025,11,Riyadh,USA,,SA,SAU,682,142,United States of America|America|USA|US,Asia,Western Asia,KSA,5.0,,2695000.0,8M/0Q/8D,Wta Finals Riyadh,,Jessica Pegula,5.0,https://www.wtatennis.com/resources/v7.31.10/i/elements/flags/usa.svg,Group Stage Group,W,"6-4, 2-6, 6-3",https://www.wtatennis.com/players/316956/jessica-pegula,False,False,False,False,False,False,False,3,True,27,14,13,US,USA,840,019,America,Northern America,USA,"6,4,None|2,6,None|6,3,None",
1,Dongfeng · Voyah Wuhan Open 2025,https://photoresources.wtatennis.com/photo-resources/2025/09/09/28ba4434-1336-4e94-a9e3-4e446fd1311f/WTA-Tournament_Wuhan-2024.png?height=128,https://www.wtatennis.com/tournaments/1075/wuhan/2025,WTA 1000,Hard,https://www.wtatennis.com/resources/v7.31.10/i/elements/1000k-tag.svg,2025-10-06,2025-10-12,2025,10,Wuhan,USA,,CN,CHN,156,142,United States of America|America|USA|US,Asia,East Asia,CHN,6.0,390.0,180100.0,64M/32Q/32D,Dongfeng · Voyah Wuhan Open 2025,,Jessica Pegula,6.0,https://www.wtatennis.com/resources/v7.31.10/i/elements/flags/usa.svg,Semifinals,L,"6-2, 4-6, 6-7 (2)",https://www.wtatennis.com/players/316956/jessica-pegula,False,False,False,False,False,True,True,3,True,31,16,15,US,USA,840,019,America,Northern America,USA,"6,2,None|4,6,None|6,7,2",
2,Dongfeng · Voyah Wuhan Open 2025,https://photoresources.wtatennis.com/photo-resources/2025/09/09/28ba4434-1336-4e94-a9e3-4e446fd1311f/WTA-Tournament_Wuhan-2024.png?height=128,https://www.wtatennis.com/tournaments/1075/wuhan/2025,WTA 1000,Hard,https://www.wtatennis.com/resources/v7.31.10/i/elements/1000k-tag.svg,2025-10-06,2025-10-12,2025,10,Wuhan,KAZ,,CN,CHN,156,142,,Asia,East Asia,CHN,9.0,390.0,180100.0,64M/32Q/32D,Dongfeng · Voyah Wuhan Open 2025,,Elena Rybakina,8.0,https://www.wtatennis.com/resources/v7.31.10/i/elements/flags/kaz.svg,Quarterfinals,W,"6-3, 6-3",https://www.wtatennis.com/players/324166/elena-rybakina,False,False,False,False,False,False,False,2,True,18,12,6,KZ,KAZ,398,142,Asia,Central Asia,KAZ,"6,3,None|6,3,None",
3,Dongfeng · Voyah Wuhan Open 2025,https://photoresources.wtatennis.com/photo-resources/2025/09/09/28ba4434-1336-4e94-a9e3-4e446fd1311f/WTA-Tournament_Wuhan-2024.png?height=128,https://www.wtatennis.com/tournaments/1075/wuhan/2025,WTA 1000,Hard,https://www.wtatennis.com/resources/v7.31.10/i/elements/1000k-tag.svg,2025-10-06,2025-10-12,2025,10,Wuhan,RUS,,CN,CHN,156,142,,Asia,East Asia,CHN,20.0,390.0,180100.0,64M/32Q/32D,Dongfeng · Voyah Wuhan Open 2025,,Liudmila Samsonova,16.0,https://www.wtatennis.com/resources/v7.31.10/i/elements/flags/rus.svg,Round of 16,W,"6-3, 6-2",https://www.wtatennis.com/players/322222/liudmila-samsonova,False,False,False,False,False,False,False,2,True,17,12,5,RU,RUS,643,150,Europe,Eastern Europe,RUS,"6,3,None|6,2,None",
4,Dongfeng · Voyah Wuhan Open 2025,https://photoresources.wtatennis.com/photo-resources/2025/09/09/28ba4434-1336-4e94-a9e3-4e446fd1311f/WTA-Tournament_Wuhan-2024.png?height=128,https://www.wtatennis.com/tournaments/1075/wuhan/2025,WTA 1000,Hard,https://www.wtatennis.com/resources/v7.31.10/i/elements/1000k-tag.svg,2025-10-06,2025-10-12,2025,10,Wuhan,SVK,,CN,CHN,156,142,,Asia,East Asia,CHN,68.0,390.0,180100.0,64M/32Q/32D,Dongfeng · Voyah Wuhan Open 2025,,Rebecca Sramkova,,https://www.wtatennis.com/resources/v7.31.10/i/elements/flags/svk.svg,Round of 32,W,"4-6, 6-3, 6-1",https://www.wtatennis.com/players/320228/rebecca-sramkova,False,False,False,False,False,False,False,3,False,26,16,10,SK,SVK,703,150,Europe,Central Europe,SVK,"4,6,None|6,3,None|6,1,None",
5,Dongfeng · Voyah Wuhan Open 2025,https://photoresources.wtatennis.com/photo-resources/2025/09/09/28ba4434-1336-4e94-a9e3-4e446fd1311f/WTA-Tournament_Wuhan-2024.png?height=128,https://www.wtatennis.com/tournaments/1075/wuhan/2025,WTA 1000,Hard,https://www.wtatennis.com/resources/v7.31.10/i/elements/1000k-tag.svg,2025-10-06,2025-10-12,2025,10,Wuhan,,,CN,CHN,156,142,,Asia,East Asia,CHN,,390.0,180100.0,64M/32Q/32D,Dongfeng · Voyah Wuhan Open 2025,,,,,Round of 64,,Bye,,False,False,True,False,False,False,False,0,False,0,0,0,,,,,,,,,
1,Us Open,https://photoresources.wtatennis.com/photo-resources/2025/04/16/295289d9-36fa-408a-8586-2b407d930c10/WTA-Tournament_US-Open.png?height=128,https://www.wtatennis.com/tournaments/905/us-open/2025,Grand Slam,Hard,https://www.wtatennis.com/resources/v7.31.10/i/elements/gs-tag.svg,2025-08-24,2025-09-07,2025,8,New York,USA,NY,US,USA,840,019,United States of America|America|USA|US,America,Northern America,USA,9.0,2000.0,5000000.0,128M/128Q/64D,Us Open,,Amanda Anisimova,8.0,https://www.wtatennis.com/resources/v7.31.10/i/elements/flags/usa.svg,Finals,W,"6-3, 7-6 (3)",https://www.wtatennis.com/players/326384/amanda-anisimova,False,False,False,False,True,False,True,2,True,22,13,9,US,USA,840,019,America,Northern America,USA,"6,3,None|7,6,3",
2,Us Open,https://photoresources.wtatennis.com/photo-resources/2025/04/16/295289d9-36fa-408a-8586-2b407d930c10/WTA-Tournament_US-Open.png?height=128,https://www.wtatennis.com/tournaments/905/us-open/2025,Grand Slam,Hard,https://www.wtatennis.com/resources/v7.31.10/i/elements/gs-tag.svg,2025-08-24,2025-09-07,2025,8,New York,USA,NY,US,USA,840,019,United States of America|America|USA|US,America,Northern America,USA,4.0,2000.0,5000000.0,128M/128Q/64D,Us Open,,Jessica Pegula,4.0,https://www.wtatennis.com/resources/v7.31.10/i/elements/flags/usa.svg,Semifinals,W,"4-6, 6-3, 6-4",https://www.wtatennis.com/players/316956/jessica-pegula,False,False,False,False,False,False,False,3,False,29,16,13,US,USA,840,019,America,Northern America,USA,"4,6,None|6,3,None|6,4,None",
3,Us Open,https://photoresources.wtatennis.com/photo-resources/2025/04/16/295289d9-36fa-408a-8586-2b407d930c10/WTA-Tournament_US-Open.png?height=128,https://www.wtatennis.com/tournaments/905/us-open/2025,Grand Slam,Hard,https://www.wtatennis.com/resources/v7.31.10/i/elements/gs-tag.svg,2025-08-24,2025-09-07,2025,8,New York,CZE,NY,US,USA,840,019,,America,Northern America,USA,60.0,2000.0,5000000.0,128M/128Q/64D,Us Open,,Marketa Vondrousova,,https://www.wtatennis.com/resources/v7.31.10/i/elements/flags/cze.svg,Quarterfinals,W,Walkover,https://www.wtatennis.com/players/323027/marketa-vondrousova,False,True,False,False,False,False,False,0,False,0,0,0,CZ,CZE,203,150,Europe,Central Europe,CZE,,
4,Us Open,https://photoresources.wtatennis.com/photo-resources/2025/04/16/295289d9-36fa-408a-8586-2b407d930c10/WTA-Tournament_US-Open.png?height=128,https://www.wtatennis.com/tournaments/905/us-open/2025,Grand Slam,Hard,https://www.wtatennis.com/resources/v7.31.10/i/elements/gs-tag.svg,2025-08-24,2025-09-07,2025,8,New York,ESP,NY,US,USA,840,019,Kingdom of Spain,America,Northern America,USA,95.0,2000.0,5000000.0,128M/128Q/64D,Us Open,,Cristina Bucsa,,https://www.wtatennis.com/resources/v7.31.10/i/elements/flags/esp.svg,Round of 16,W,"6-1, 6-4",https://www.wtatennis.com/players/321158/cristina-bucsa,False,False,False,False,False,False,False,2,True,17,12,5,ES,ESP,724,150,Europe,Southern Europe,ESP,"6,1,None|6,4,None",
5,Us Open,https://photoresources.wtatennis.com/photo-resources/2025/04/16/295289d9-36fa-408a-8586-2b407d930c10/WTA-Tournament_US-Open.png?height=128,https://www.wtatennis.com/tournaments/905/us-open/2025,Grand Slam,Hard,https://www.wtatennis.com/resources/v7.31.10/i/elements/gs-tag.svg,2025-08-24,2025-09-07,2025,8,New York,CAN,NY,US,USA,840,019,,America,Northern America,USA,30.0,2000.0,5000000.0,128M/128Q/64D,Us Open,,Leylah Fernandez,31.0,https://www.wtatennis.com/resources/v7.31.10/i/elements/flags/can.svg,Round of 32,W,"6-3, 7-6 (2)",https://www.wtatennis.com/players/326735/leylah-fernandez,False,False,False,False,True,False,True,2,True,22,13,9,CA,CAN,124,019,America,Northern America,CAN,"6,3,None|7,6,2",
6,Us Open,https://photoresources.wtatennis.com/photo-resources/2025/04/16/295289d9-36fa-408a-8586-2b407d930c10/WTA-Tournament_US-Open.png?height=128,https://www.wtatennis.com/tournaments/905/us-open/2025,Grand Slam,Hard,https://www.wtatennis.com/resources/v7.31.10/i/elements/gs-tag.svg,2025-08-24,2025-09-07,2025,8,New York,UZB,NY,US,USA,840,019,,America,Northern America,USA,67.0,2000.0,5000000.0,128M/128Q/64D,Us Open,,Polina Kudermetova,,https://www.wtatennis.com/resources/v7.31.10/i/elements/flags/uzb.svg,Round of 64,W,"7-6 (4), 6-2",https://www.wtatennis.com/players/328897/polina-kudermetova,False,False,False,True,False,False,True,2,True,21,13,8,UZ,UZB,860,142,Asia,Central Asia,UZB,"7,6,4|6,2,None",
7,Us Open,https://photoresources.wtatennis.com/photo-resources/2025/04/16/295289d9-36fa-408a-8586-2b407d930c10/WTA-Tournament_US-Open.png?height=128,https://www.wtatennis.com/tournaments/905/us-open/2025,Grand Slam,Hard,https://www.wtatennis.com/resources/v7.31.10/i/elements/gs-tag.svg,2025-08-24,2025-09-07,2025,8,New York,SUI,NY,US,USA,840,019,,America,Northern America,USA,108.0,2000.0,5000000.0,128M/128Q/64D,Us Open,,Rebeka Masarova,,https://www.wtatennis.com/resources/v7.31.10/i/elements/flags/sui.svg,Round of 128,W,"7-5, 6-1",https://www.wtatennis.com/players/322087/rebeka-masarova,False,False,False,False,False,False,False,2,True,19,13,6,CH,CHE,756,150,Europe,Central Europe,SUI,"7,5,None|6,1,None",
1,Cincinnati Open,https://photoresources.wtatennis.com/photo-resources/2025/04/16/17c99db9-c289-451d-8cd9-65e8d9a25a26/WTA-Tournament_Cincinnati-2024.png?height=128,https://www.wtatennis.com/tournaments/1017/cincinnati/2025,WTA 1000,Hard,https://www.wtatennis.com/resources/v7.31.10/i/elements/1000k-tag.svg,2025-08-07,2025-08-18,2025,8,Cincinnati,KAZ,,US,USA,840,019,,America,Northern America,USA,10.0,215.0,106900.0,128M/48Q/32D,Cincinnati Open,,Elena Rybakina,9.0,https://www.wtatennis.com/resources/v7.31.10/i/elements/flags/kaz.svg,Quarterfinals,L,"1-6, 4-6",https://www.wtatennis.com/players/324166/elena-rybakina,False,False,False,False,False,False,False,2,False,17,5,12,KZ,KAZ,398,142,Asia,Central Asia,KAZ,"1,6,None|4,6,None",
2,Cincinnati Open,https://photoresources.wtatennis.com/photo-resources/2025/04/16/17c99db9-c289-451d-8cd9-65e8d9a25a26/WTA-Tournament_Cincinnati-2024.png?height=128,https://www.wtatennis.com/tournaments/1017/cincinnati/2025,WTA 1000,Hard,https://www.wtatennis.com/resources/v7.31.10/i/elements/1000k-tag.svg,2025-08-07,2025-08-18,2025,8,Cincinnati,ESP,,US,USA,840,019,Kingdom of Spain,America,Northern America,USA,42.0,215.0,106900.0,128M/48Q/32D,Cincinnati Open,,Jessica Bouzas Maneiro,,https://www.wtatennis.com/resources/v7.31.10/i/elements/flags/esp.svg,Round of 16,W,"6-1, 7-5",https://www.wtatennis.com/players/328139/jessica-bouzas-maneiro,False,False,False,False,False,False,False,2,True,19,13,6,ES,ESP,724,150,Europe,Southern Europe,ESP,"6,1,None|7,5,None",
3,Cincinnati Open,https://photoresources.wtatennis.com/photo-resources/2025/04/16/17c99db9-c289-451d-8cd9-65e8d9a25a26/WTA-Tournament_Cincinnati-2024.png?height=128,https://www.wtatennis.com/tournaments/1017/cincinnati/2025,WTA 1000,Hard,https://www.wtatennis.com/resources/v7.31.10/i/elements/1000k-tag.svg,2025-08-07,2025-08-18,2025,8,Cincinnati,GBR,,US,USA,840,019,Britain|UK|Great Britain|United Kingdom,America,Northern America,USA,39.0,215.0,106900.0,128M/48Q/32D,Cincinnati Open,,Emma Raducanu,30.0,https://www.wtatennis.com/resources/v7.31.10/i/elements/flags/gbr.svg,Round of 32,W,"7-6 (3), 4-6, 7-6 (5)",https://www.wtatennis.com/players/328366/emma-raducanu,False,False,False,True,False,True,True,3,True,36,18,18,GB,GBR,826,150,Europe,Northern Europe,ENG,"7,6,3|4,6,None|7,6,5",
4,Cincinnati Open,https://photoresources.wtatennis.com/photo-resources/2025/04/16/17c99db9-c289-451d-8cd9-65e8d9a25a26/WTA-Tournament_Cincinnati-2024.png?height=128,https://www.wtatennis.com/tournaments/1017/cincinnati/2025,WTA 1000,Hard,https://www.wtatennis.com/resources/v7.31.10/i/elements/1000k-tag.svg,2025-08-07,2025-08-18,2025,8,Cincinnati,CZE,,US,USA,840,019,,America,Northern America,USA,59.0,215.0,106900.0,128M/48Q/32D,Cincinnati Open,,Marketa Vondrousova,,https://www.wtatennis.com/resources/v7.31.10/i/elements/flags/cze.svg,Round of 64,W,"7-5, 6-1",https://www.wtatennis.com/players/323027/marketa-vondrousova,False,False,False,False,False,False,False,2,True,19,13,6,CZ,CZE,203,150,Europe,Central Europe,CZE,"7,5,None|6,1,None",
5,Cincinnati Open,https://photoresources.wtatennis.com/photo-resources/2025/04/16/17c99db9-c289-451d-8cd9-65e8d9a25a26/WTA-Tournament_Cincinnati-2024.png?height=128,https://www.wtatennis.com/tournaments/1017/cincinnati/2025,WTA 1000,Hard,https://www.wtatennis.com/resources/v7.31.10/i/elements/1000k-tag.svg,2025-08-07,2025-08-18,2025,8,Cincinnati,,,US,USA,840,019,,America,Northern America,USA,,215.0,106900.0,128M/48Q/32D,Cincinnati Open,,,,,Round of 128,,Bye,,False,False,True,False,False,False,False,0,False,0,0,0,,,,,,,,,
1,Wimbledon,https://photoresources.wtatennis.com/photo-resources/2025/04/16/710d860b-bce6-40c7-8838-a6272dbf6be6/WTA-Tournament_Wimbledon.png?height=128,https://www.wtatennis.com/tournaments/904/wimbledon/2025,Grand Slam,Grass,https://www.wtatennis.com/resources/v7.31.10/i/elements/gs-tag.svg,2025-06-30,2025-07-13,2025,6,Wimbledon,USA,,GB,GBR,826,150,United States of America|America|USA|US,Europe,Northern Europe,ENG,12.0,780.0,1050531.0,128M/128Q/64D,"The Championships, Wimbledon",,Amanda Anisimova,13.0,https://www.wtatennis.com/resources/v7.31.10/i/elements/flags/usa.svg,Semifinals,L,"4-6, 6-4, 4-6",https://www.wtatennis.com/players/326384/amanda-anisimova,False,False,False,False,False,False,False,3,False,30,14,16,US,USA,840,019,America,Northern America,USA,"4,6,None|6,4,None|4,6,None",
2,Wimbledon,https://photoresources.wtatennis.com/photo-resources/2025/04/16/710d860b-bce6-40c7-8838-a6272dbf6be6/WTA-Tournament_Wimbledon.png?height=128,https://www.wtatennis.com/tournaments/904/wimbledon/2025,Grand Slam,Grass,https://www.wtatennis.com/resources/v7.31.10/i/elements/gs-tag.svg,2025-06-30,2025-07-13,2025,6,Wimbledon,GER,,GB,GBR,826,150,,Europe,Northern Europe,ENG,104.0,780.0,1050531.0,128M/128Q/64D,"The Championships, Wimbledon",,Laura Siegemund,,https://www.wtatennis.com/resources/v7.31.10/i/elements/flags/ger.svg,Quarterfinals,W,"4-6, 6-2, 6-4",https://www.wtatennis.com/players/310926/laura-siegemund,False,False,False,False,False,False,False,3,False,28,16,12,DE,DEU,276,150,Europe,Central Europe,GER,"4,6,None|6,2,None|6,4,None",
3,Wimbledon,https://photoresources.wtatennis.com/photo-resources/2025/04/16/710d860b-bce6-40c7-8838-a6272dbf6be6/WTA-Tournament_Wimbledon.png?height=128,https://www.wtatennis.com/tournaments/904/wimbledon/2025,Grand Slam,Grass,https://www.wtatennis.com/resources/v7.31.10/i/elements/gs-tag.svg,2025-06-30,2025-07-13,2025,6,Wimbledon,BEL,,GB,GBR,826,150,,Europe,Northern Europe,ENG,23.0,780.0,1050531.0,128M/128Q/64D,"The Championships, Wimbledon",,Elise Mertens,24.0,https://www.wtatennis.com/resources/v7.31.10/i/elements/flags/bel.svg,Round of 16,W,"6-4, 7-6 (4)",https://www.wtatennis.com/players/317964/elise-mertens,False,False,False,False,True,False,True,2,True,23,13,10,BE,BEL,056,150,Europe,Western Europe,BEL,"6,4,None|7,6,4",
4,Wimbledon,https://photoresources.wtatennis.com/photo-resources/2025/04/16/710d860b-bce6-40c7-8838-a6272dbf6be6/WTA-Tournament_Wimbledon.png?height=128,https://www.wtatennis.com/tournaments/904/wimbledon/2025,Grand Slam,Grass,https://www.wtatennis.com/resources/v7.31.10/i/elements/gs-tag.svg,2025-06-30,2025-07-13,2025,6,Wimbledon,GBR,,GB,GBR,826,150,Britain|UK|Great Britain|United Kingdom,Europe,Northern Europe,ENG,40.0,780.0,1050531.0,128M/128Q/64D,"The Championships, Wimbledon",,Emma Raducanu,,https://www.wtatennis.com/resources/v7.31.10/i/elements/flags/gbr.svg,Round of 32,W,"7-6 (6), 6-4",https://www.wtatennis.com/players/328366/emma-raducanu,False,False,False,True,False,False,True,2,True,23,13,10,GB,GBR,826,150,Europe,Northern Europe,ENG,"7,6,6|6,4,None",
5,Wimbledon,https://photoresources.wtatennis.com/photo-resources/2025/04/16/710d860b-bce6-40c7-8838-a6272dbf6be6/WTA-Tournament_Wimbledon.png?height=128,https://www.wtatennis.com/tournaments/904/wimbledon/2025,Grand Slam,Grass,https://www.wtatennis.com/resources/v7.31.10/i/elements/gs-tag.svg,2025-06-30,2025-07-13,2025,6,Wimbledon,CZE,,GB,GBR,826,150,,Europe,Northern Europe,ENG,48.0,780.0,1050531.0,128M/128Q/64D,"The Championships, Wimbledon",,Marie Bouzkova,,https://www.wtatennis.com/resources/v7.31.10/i/elements/flags/cze.svg,Round of 64,W,"7-6 (4), 6-4",https://www.wtatennis.com/players/320983/marie-bouzkova,False,False,False,True,False,False,True,2,True,23,13,10,CZ,CZE,203,150,Europe,Central Europe,CZE,"7,6,4|6,4,None",
6,Wimbledon,https://photoresources.wtatennis.com/photo-resources/2025/04/16/710d860b-bce6-40c7-8838-a6272dbf6be6/WTA-Tournament_Wimbledon.png?height=128,https://www.wtatennis.com/tournaments/904/wimbledon/2025,Grand Slam,Grass,https://www.wtatennis.com/resources/v7.31.10/i/elements/gs-tag.svg,2025-06-30,2025-07-13,2025,6,Wimbledon,CAN,,GB,GBR,826,150,,Europe,Northern Europe,ENG,194.0,780.0,1050531.0,128M/128Q/64D,"The Championships, Wimbledon",,Carson Branstine,,https://www.wtatennis.com/resources/v7.31.10/i/elements/flags/can.svg,Round of 128,W,"6-1, 7-5",https://www.wtatennis.com/players/324361/carson-branstine,False,False,False,False,False,False,False,2,True,19,13,6,CA,CAN,124,019,America,Northern America,CAN,"6,1,None|7,5,None",
1,Berlin Tennis Open By Hylo,https://photoresources.wtatennis.com/photo-resources/2025/05/23/7fdec664-b1a6-44fc-8772-ecfb34d7aca2/WTA-Tournament_Berlin-2024.png?height=128,https://www.wtatennis.com/tournaments/2012/berlin/2025,WTA 500,Grass,https://www.wtatennis.com/resources/v7.31.10/i/elements/500k-tag.svg,2025-06-16,2025-06-22,2025,6,Berlin,CZE,,DE,DEU,276,150,,Europe,Central Europe,GER,164.0,195.0,59100.0,32M/24Q/16D,Berlin Tennis Open By Hylo,,Marketa Vondrousova,,https://www.wtatennis.com/resources/v7.31.10/i/elements/flags/cze.svg,Semifinals,L,"2-6, 4-6",https://www.wtatennis.com/players/323027/marketa-vondrousova,False,False,False,False,False,False,False,2,False,18,6,12,CZ,CZE,203,150,Europe,Central Europe,CZE,"2,6,None|4,6,None",
2,Berlin Tennis Open By Hylo,https://photoresources.wtatennis.com/photo-resources/2025/05/23/7fdec664-b1a6-44fc-8772-ecfb34d7aca2/WTA-Tournament_Berlin-2024.png?height=128,https://www.wtatennis.com/tournaments/2012/berlin/2025,WTA 500,Grass,https://www.wtatennis.com/resources/v7.31.10/i/elements/500k-tag.svg,2025-06-16,2025-06-22,2025,6,Berlin,KAZ,,DE,DEU,276,150,,Europe,Central Europe,GER,11.0,195.0,59100.0,32M/24Q/16D,Berlin Tennis Open By Hylo,,Elena Rybakina,,https://www.wtatennis.com/resources/v7.31.10/i/elements/flags/kaz.svg,Quarterfinals,W,"7-6 (6), 3-6, 7-6 (6)",https://www.wtatennis.com/players/324166/elena-rybakina,False,False,False,True,False,True,True,3,True,35,17,18,KZ,KAZ,398,142,Asia,Central Asia,KAZ,"7,6,6|3,6,None|7,6,6",
3,Berlin Tennis Open By Hylo,https://photoresources.wtatennis.com/photo-resources/2025/05/23/7fdec664-b1a6-44fc-8772-ecfb34d7aca2/WTA-Tournament_Berlin-2024.png?height=128,https://www.wtatennis.com/tournaments/2012/berlin/2025,WTA 500,Grass,https://www.wtatennis.com/resources/v7.31.10/i/elements/500k-tag.svg,2025-06-16,2025-06-22,2025,6,Berlin,SUI,,DE,DEU,276,150,,Europe,Central Europe,GER,112.0,195.0,59100.0,32M/24Q/16D,Berlin Tennis Open By Hylo,,Rebeka Masarova,,https://www.wtatennis.com/resources/v7.31.10/i/elements/flags/sui.svg,Round of 16,W,"6-2, 7-6 (6)",https://www.wtatennis.com/players/322087/rebeka-masarova,False,False,False,False,True,False,True,2,True,21,13,8,CH,CHE,756,150,Europe,Central Europe,SUI,"6,2,None|7,6,6",
4,Berlin Tennis Open By Hylo,https://photoresources.wtatennis.com/photo-resources/2025/05/23/7fdec664-b1a6-44fc-8772-ecfb34d7aca2/WTA-Tournament_Berlin-2024.png?height=128,https://www.wtatennis.com/tournaments/2012/berlin/2025,WTA 500,Grass,https://www.wtatennis.com/resources/v7.31.10/i/elements/500k-tag.svg,2025-06-16,2025-06-22,2025,6,Berlin,,,DE,DEU,276,150,,Europe,Central Europe,GER,,195.0,59100.0,32M/24Q/16D,Berlin Tennis Open By Hylo,,,,,Round of 32,,Bye,,False,False,True,False,False,False,False,0,False,0,0,0,,,,,,,,,
1,Roland Garros,https://photoresources.wtatennis.com/photo-resources/2025/04/16/ddbbc328-7967-416c-a6b5-043c8c3f933e/WTA-Tournament_Roland-Garros.png?height=128,https://www.wtatennis.com/tournaments/903/roland-garros/2025,Grand Slam,Clay,https://www.wtatennis.com/resources/v7.31.10/i/elements/gs-tag.svg,2025-05-25,2025-06-08,2025,5,Paris,USA,,FR,FRA,250,150,United States of America|America|USA|US,Europe,Western Europe,FRA,2.0,1300.0,1380473.0,128M/128Q/64D,Roland Garros,,Coco Gauff,2.0,https://www.wtatennis.com/resources/v7.31.10/i/elements/flags/usa.svg,Finals,L,"7-6 (5), 2-6, 4-6",https://www.wtatennis.com/players/328560/coco-gauff,False,False,False,True,False,False,True,3,True,31,13,18,US,USA,840,019,America,Northern America,USA,"7,6,5|2,6,None|4,6,None",
2,Roland Garros,https://photoresources.wtatennis.com/photo-resources/2025/04/16/ddbbc328-7967-416c-a6b5-043c8c3f933e/WTA-Tournament_Roland-Garros.png?height=128,https://www.wtatennis.com/tournaments/903/roland-garros/2025,Grand Slam,Clay,https://www.wtatennis.com/resources/v7.31.10/i/elements/gs-tag.svg,2025-05-25,2025-06-08,2025,5,Paris,POL,,FR,FRA,250,150,,Europe,Western Europe,FRA,5.0,1300.0,1380473.0,128M/128Q/64D,Roland Garros,,Iga Swiatek,5.0,https://www.wtatennis.com/resources/v7.31.10/i/elements/flags/pol.svg,Semifinals,W,"7-6 (1), 4-6, 6-0",https://www.wtatennis.com/players/326408/iga-swiatek,False,False,False,True,False,False,True,3,True,29,17,12,PL,POL,616,150,Europe,Central Europe,POL,"7,6,1|4,6,None|6,0,None",
3,Roland Garros,https://photoresources.wtatennis.com/photo-resources/2025/04/16/ddbbc328-7967-416c-a6b5-043c8c3f933e/WTA-Tournament_Roland-Garros.png?height=128,https://www.wtatennis.com/tournaments/903/roland-garros/2025,Grand Slam,Clay,https://www.wtatennis.com/resources/v7.31.10/i/elements/gs-tag.svg,2025-05-25,2025-06-08,2025,5,Paris,CHN,,FR,FRA,250,150,,Europe,Western Europe,FRA,7.0,1300.0,1380473.0,128M/128Q/64D,Roland Garros,,Qinwen Zheng,8.0,https://www.wtatennis.com/resources/v7.31.10/i/elements/flags/chn.svg,Quarterfinals,W,"7-6 (3), 6-3",https://www.wtatennis.com/players/328120/qinwen-zheng,False,False,False,True,False,False,True,2,True,22,13,9,CN,CHN,156,142,Asia,East Asia,CHN,"7,6,3|6,3,None",
4,Roland Garros,https://photoresources.wtatennis.com/photo-resources/2025/04/16/ddbbc328-7967-416c-a6b5-043c8c3f933e/WTA-Tournament_Roland-Garros.png?height=128,https://www.wtatennis.com/tournaments/903/roland-garros/2025,Grand Slam,Clay,https://www.wtatennis.com/resources/v7.31.10/i/elements/gs-tag.svg,2025-05-25,2025-06-08,2025,5,Paris,USA,,FR,FRA,250,150,United States of America|America|USA|US,Europe,Western Europe,FRA,16.0,1300.0,1380473.0,128M/128Q/64D,Roland Garros,,Amanda Anisimova,16.0,https://www.wtatennis.com/resources/v7.31.10/i/elements/flags/usa.svg,Round of 16,W,"7-5, 6-3",https://www.wtatennis.com/players/326384/amanda-anisimova,False,False,False,False,False,False,False,2,True,21,13,8,US,USA,840,019,America,Northern America,USA,"7,5,None|6,3,None",
5,Roland Garros,https://photoresources.wtatennis.com/photo-resources/2025/04/16/ddbbc328-7967-416c-a6b5-043c8c3f933e/WTA-Tournament_Roland-Garros.png?height=128,https://www.wtatennis.com/tournaments/903/roland-garros/2025,Grand Slam,Clay,https://www.wtatennis.com/resources/v7.31.10/i/elements/gs-tag.svg,2025-05-25,2025-06-08,2025,5,Paris,SRB,,FR,FRA,250,150,,Europe,Western Europe,FRA,34.0,1300.0,1380473.0,128M/128Q/64D,Roland Garros,,Olga Danilovic,,https://www.wtatennis.com/resources/v7.31.10/i/elements/flags/srb.svg,Round of 32,W,"6-2, 6-3",https://www.wtatennis.com/players/324934/olga-danilovic,False,False,False,False,False,False,False,2,True,17,12,5,RS,SRB,688,150,Europe,Southeastern Europe,SRB,"6,2,None|6,3,None",
6,Roland Garros,https://photoresources.wtatennis.com/photo-resources/2025/04/16/ddbbc328-7967-416c-a6b5-043c8c3f933e/WTA-Tournament_Roland-Garros.png?height=128,https://www.wtatennis.com/tournaments/903/roland-garros/2025,Grand Slam,Clay,https://www.wtatennis.com/resources/v7.31.10/i/elements/gs-tag.svg,2025-05-25,2025-06-08,2025,5,Paris,SUI,,FR,FRA,250,150,,Europe,Western Europe,FRA,97.0,1300.0,1380473.0,128M/128Q/64D,Roland Garros,,Jil Teichmann,,https://www.wtatennis.com/resources/v7.31.10/i/elements/flags/sui.svg,Round of 64,W,"6-3, 6-1",https://www.wtatennis.com/players/320926/jil-teichmann,False,False,False,False,False,False,False,2,True,16,12,4,CH,CHE,756,150,Europe,Central Europe,SUI,"6,3,None|6,1,None",
7,Roland Garros,https://photoresources.wtatennis.com/photo-resources/2025/04/16/ddbbc328-7967-416c-a6b5-043c8c3f933e/WTA-Tournament_Roland-Garros.png?height=128,https://www.wtatennis.com/tournaments/903/roland-garros/2025,Grand Slam,Clay,https://www.wtatennis.com/resources/v7.31.10/i/elements/gs-tag.svg,2025-05-25,2025-06-08,2025,5,Paris,UZB,,FR,FRA,250,150,,Europe,Western Europe,FRA,86.0,1300.0,1380473.0,128M/128Q/64D,Roland Garros,,Kamilla Rakhimova,,https://www.wtatennis.com/resources/v7.31.10/i/elements/flags/uzb.svg,Round of 128,W,"6-1, 6-0",https://www.wtatennis.com/players/325936/kamilla-rakhimova,False,False,False,False,False,False,False,2,True,13,12,1,UZ,UZB,860,142,Asia,Central Asia,UZB,"6,1,None|6,0,None",
1,Internazionali Bnl D'Italia,https://photoresources.wtatennis.com/photo-resources/2025/04/16/51f9b6ec-ebde-417f-b706-31b0bb4cc688/WTA-Tournament_Rome-2018.png?height=128,https://www.wtatennis.com/tournaments/709/rome/2025,WTA 1000,Clay,https://www.wtatennis.com/resources/v7.31.10/i/elements/1000k-tag.svg,2025-05-06,2025-05-18,2025,5,Rome,CHN,,IT,ITA,380,150,,Europe,Southern Europe,ITA,8.0,215.0,143400.0,128M/48Q/32D,Internazionali Bnl D'Italia,,Qinwen Zheng,8.0,https://www.wtatennis.com/resources/v7.31.10/i/elements/flags/chn.svg,Quarterfinals,L,"4-6, 3-6",https://www.wtatennis.com/players/328120/qinwen-zheng,False,False,False,False,False,False,False,2,False,19,7,12,CN,CHN,156,142,Asia,East Asia,CHN,"4,6,None|3,6,None",
2,Internazionali Bnl D'Italia,https://photoresources.wtatennis.com/photo-resources/2025/04/16/51f9b6ec-ebde-417f-b706-31b0bb4cc688/WTA-Tournament_Rome-2018.png?height=128,https://www.wtatennis.com/tournaments/709/rome/2025,WTA 1000,Clay,https://www.wtatennis.com/resources/v7.31.10/i/elements/1000k-tag.svg,2025-05-06,2025-05-18,2025,5,Rome,UKR,,IT,ITA,380,150,,Europe,Southern Europe,ITA,27.0,215.0,143400.0,128M/48Q/32D,Internazionali Bnl D'Italia,,Marta Kostyuk,,https://www.wtatennis.com/resources/v7.31.10/i/elements/flags/ukr.svg,Round of 16,W,"6-1, 7-6 (8)",https://www.wtatennis.com/players/326482/marta-kostyuk,False,False,False,False,True,False,True,2,True,20,13,7,UA,UKR,804,150,Europe,Eastern Europe,UKR,"6,1,None|7,6,8",
3,Internazionali Bnl D'Italia,https://photoresources.wtatennis.com/photo-resources/2025/04/16/51f9b6ec-ebde-417f-b706-31b0bb4cc688/WTA-Tournament_Rome-2018.png?height=128,https://www.wtatennis.com/tournaments/709/rome/2025,WTA 1000,Clay,https://www.wtatennis.com/resources/v7.31.10/i/elements/1000k-tag.svg,2025-05-06,2025-05-18,2025,5,Rome,USA,,IT,ITA,380,150,United States of America|America|USA|US,Europe,Southern Europe,ITA,31.0,215.0,143400.0,128M/48Q/32D,Internazionali Bnl D'Italia,,Sofia Kenin,31.0,https://www.wtatennis.com/resources/v7.31.10/i/elements/flags/usa.svg,Round of 32,W,"3-6, 6-3, 6-3",https://www.wtatennis.com/players/320942/sofia-kenin,False,False,False,False,False,False,False,3,False,27,15,12,US,USA,840,019,America,Northern America,USA,"3,6,None|6,3,None|6,3,None",
4,Internazionali Bnl D'Italia,https://photoresources.wtatennis.com/photo-resources/2025/04/16/51f9b6ec-ebde-417f-b706-31b0bb4cc688/WTA-Tournament_Rome-2018.png?height=128,https://www.wtatennis.com/tournaments/709/rome/2025,WTA 1000,Clay,https://www.wtatennis.com/resources/v7.31.10/i/elements/1000k-tag.svg,2025-05-06,2025-05-18,2025,5,Rome,AUT,,IT,ITA,380,150,,Europe,Southern Europe,ITA,34.0,215.0,143400.0,128M/48Q/32D,Internazionali Bnl D'Italia,,Anastasia Potapova,,https://www.wtatennis.com/resources/v7.31.10/i/elements/flags/aut.svg,Round of 64,W,"6-2, 6-2",https://www.wtatennis.com/players/325601/anastasia-potapova,False,False,False,False,False,False,False,2,True,16,12,4,AT,AUT,040,150,Europe,Central Europe,AUT,"6,2,None|6,2,None",
5,Internazionali Bnl D'Italia,https://photoresources.wtatennis.com/photo-resources/2025/04/16/51f9b6ec-ebde-417f-b706-31b0bb4cc688/WTA-Tournament_Rome-2018.png?height=128,https://www.wtatennis.com/tournaments/709/rome/2025,WTA 1000,Clay,https://www.wtatennis.com/resources/v7.31.10/i/elements/1000k-tag.svg,2025-05-06,2025-05-18,2025,5,Rome,,,IT,ITA,380,150,,Europe,Southern Europe,ITA,,215.0,143400.0,128M/48Q/32D,Internazionali Bnl D'Italia,,,,,Round of 128,,Bye,,False,False,True,False,False,False,False,0,False,0,0,0,,,,,,,,,
1,Mutua Madrid Open,https://photoresources.wtatennis.com/photo-resources/2025/04/16/993fad80-1e55-4a92-aae0-258338df5d6d/WTA-Tournament_Madrid-2023.png?height=128,https://www.wtatennis.com/tournaments/1038/madrid/2025,WTA 1000,Clay,https://www.wtatennis.com/resources/v7.31.10/i/elements/1000k-tag.svg,2025-04-22,2025-05-04,2025,4,Madrid,USA,,ES,ESP,724,150,United States of America|America|USA|US,Europe,Southern Europe,ESP,4.0,1000.0,1124380.0,128M/48Q/32D,Mutua Madrid Open,,Coco Gauff,4.0,https://www.wtatennis.com/resources/v7.31.10/i/elements/flags/usa.svg,Finals,W,"6-3, 7-6 (3)",https://www.wtatennis.com/players/328560/coco-gauff,False,False,False,False,True,False,True,2,True,22,13,9,US,USA,840,019,America,Northern America,USA,"6,3,None|7,6,3",
2,Mutua Madrid Open,https://photoresources.wtatennis.com/photo-resources/2025/04/16/993fad80-1e55-4a92-aae0-258338df5d6d/WTA-Tournament_Madrid-2023.png?height=128,https://www.wtatennis.com/tournaments/1038/madrid/2025,WTA 1000,Clay,https://www.wtatennis.com/resources/v7.31.10/i/elements/1000k-tag.svg,2025-04-22,2025-05-04,2025,4,Madrid,UKR,,ES,ESP,724,150,,Europe,Southern Europe,ESP,17.0,1000.0,1124380.0,128M/48Q/32D,Mutua Madrid Open,,Elina Svitolina,17.0,https://www.wtatennis.com/resources/v7.31.10/i/elements/flags/ukr.svg,Semifinals,W,"6-3, 7-5",https://www.wtatennis.com/players/316738/elina-svitolina,False,False,False,False,False,False,False,2,True,21,13,8,UA,UKR,804,150,Europe,Eastern Europe,UKR,"6,3,None|7,5,None",
3,Mutua Madrid Open,https://photoresources.wtatennis.com/photo-resources/2025/04/16/993fad80-1e55-4a92-aae0-258338df5d6d/WTA-Tournament_Madrid-2023.png?height=128,https://www.wtatennis.com/tournaments/1038/madrid/2025,WTA 1000,Clay,https://www.wtatennis.com/resources/v7.31.10/i/elements/1000k-tag.svg,2025-04-22,2025-05-04,2025,4,Madrid,UKR,,ES,ESP,724,150,,Europe,Southern Europe,ESP,36.0,1000.0,1124380.0,128M/48Q/32D,Mutua Madrid Open,,Marta Kostyuk,24.0,https://www.wtatennis.com/resources/v7.31.10/i/elements/flags/ukr.svg,Quarterfinals,W,"7-6 (4), 7-6 (7)",https://www.wtatennis.com/players/326482/marta-kostyuk,False,False,False,True,True,False,True,2,True,26,14,12,UA,UKR,804,150,Europe,Eastern Europe,UKR,"7,6,4|7,6,7",
4,Mutua Madrid Open,https://photoresources.wtatennis.com/photo-resources/2025/04/16/993fad80-1e55-4a92-aae0-258338df5d6d/WTA-Tournament_Madrid-2023.png?height=128,https://www.wtatennis.com/tournaments/1038/madrid/2025,WTA 1000,Clay,https://www.wtatennis.com/resources/v7.31.10/i/elements/1000k-tag.svg,2025-04-22,2025-05-04,2025,4,Madrid,USA,,ES,ESP,724,150,United States of America|America|USA|US,Europe,Southern Europe,ESP,44.0,1000.0,1124380.0,128M/48Q/32D,Mutua Madrid Open,,Peyton Stearns,,https://www.wtatennis.com/resources/v7.31.10/i/elements/flags/usa.svg,Round of 16,W,"6-2, 6-4",https://www.wtatennis.com/players/327573/peyton-stearns,False,False,False,False,False,False,False,2,True,18,12,6,US,USA,840,019,America,Northern America,USA,"6,2,None|6,4,None",
5,Mutua Madrid Open,https://photoresources.wtatennis.com/photo-resources/2025/04/16/993fad80-1e55-4a92-aae0-258338df5d6d/WTA-Tournament_Madrid-2023.png?height=128,https://www.wtatennis.com/tournaments/1038/madrid/2025,WTA 1000,Clay,https://www.wtatennis.com/resources/v7.31.10/i/elements/1000k-tag.svg,2025-04-22,2025-05-04,2025,4,Madrid,BEL,,ES,ESP,724,150,,Europe,Southern Europe,ESP,26.0,1000.0,1124380.0,128M/48Q/32D,Mutua Madrid Open,,Elise Mertens,28.0,https://www.wtatennis.com/resources/v7.31.10/i/elements/flags/bel.svg,Round of 32,W,"3-6, 6-2, 6-1",https://www.wtatennis.com/players/317964/elise-mertens,False,False,False,False,False,False,False,3,False,24,15,9,BE,BEL,056,150,Europe,Western Europe,BEL,"3,6,None|6,2,None|6,1,None",
6,Mutua Madrid Open,https://photoresources.wtatennis.com/photo-resources/2025/04/16/993fad80-1e55-4a92-aae0-258338df5d6d/WTA-Tournament_Madrid-2023.png?height=128,https://www.wtatennis.com/tournaments/1038/madrid/2025,WTA 1000,Clay,https://www.wtatennis.com/resources/v7.31.10/i/elements/1000k-tag.svg,2025-04-22,2025-05-04,2025,4,Madrid,RUS,,ES,ESP,724,150,,Europe,Southern Europe,ESP,76.0,1000.0,1124380.0,128M/48Q/32D,Mutua Madrid Open,,Anna Blinkova,,https://www.wtatennis.com/resources/v7.31.10/i/elements/flags/rus.svg,Round of 64,W,"6-3, 6-4",https://www.wtatennis.com/players/324267/anna-blinkova,False,False,False,False,False,False,False,2,True,19,12,7,RU,RUS,643,150,Europe,Eastern Europe,RUS,"6,3,None|6,4,None",
7,Mutua Madrid Open,https://photoresources.wtatennis.com/photo-resources/2025/04/16/993fad80-1e55-4a92-aae0-258338df5d6d/WTA-Tournament_Madrid-2023.png?height=128,https://www.wtatennis.com/tournaments/1038/madrid/2025,WTA 1000,Clay,https://www.wtatennis.com/resources/v7.31.10/i/elements/1000k-tag.svg,2025-04-22,2025-05-04,2025,4,Madrid,,,ES,ESP,724,150,,Europe,Southern Europe,ESP,,1000.0,1124380.0,128M/48Q/32D,Mutua Madrid Open,,,,,Round of 128,,Bye,,False,False,True,False,False,False,False,0,False,0,0,0,,,,,,,,,
1,Porsche Tennis Grand Prix,https://photoresources.wtatennis.com/photo-resources/2025/04/16/73f25721-54c3-4754-84f2-c67e607edd39/WTA-Tournament_Stuttgart-2017.png?height=128,https://www.wtatennis.com/tournaments/1051/stuttgart/2025,WTA 500,Clay,https://www.wtatennis.com/resources/v7.31.10/i/elements/500k-tag.svg,2025-04-14,2025-04-21,2025,4,Stuttgart,LAT,,DE,DEU,276,150,,Europe,Central Europe,GER,24.0,325.0,87825.0,32M/16Q/16D,Porsche Tennis Grand Prix,,Jelena Ostapenko,,https://www.wtatennis.com/resources/v7.31.10/i/elements/flags/lat.svg,Finals,L,"4-6, 1-6",https://www.wtatennis.com/players/319939/jelena-ostapenko,False,False,False,False,False,False,False,2,False,17,5,12,,,,,,,LAT,"4,6,None|1,6,None",
2,Porsche Tennis Grand Prix,https://photoresources.wtatennis.com/photo-resources/2025/04/16/73f25721-54c3-4754-84f2-c67e607edd39/WTA-Tournament_Stuttgart-2017.png?height=128,https://www.wtatennis.com/tournaments/1051/stuttgart/2025,WTA 500,Clay,https://www.wtatennis.com/resources/v7.31.10/i/elements/500k-tag.svg,2025-04-14,2025-04-21,2025,4,Stuttgart,ITA,,DE,DEU,276,150,,Europe,Central Europe,GER,6.0,325.0,87825.0,32M/16Q/16D,Porsche Tennis Grand Prix,,Jasmine Paolini,5.0,https://www.wtatennis.com/resources/v7.31.10/i/elements/flags/ita.svg,Semifinals,W,"7-5, 6-4",https://www.wtatennis.com/players/319280/jasmine-paolini,False,False,False,False,False,False,False,2,True,22,13,9,IT,ITA,380,150,Europe,Southern Europe,ITA,"7,5,None|6,4,None",
3,Porsche Tennis Grand Prix,https://photoresources.wtatennis.com/photo-resources/2025/04/16/73f25721-54c3-4754-84f2-c67e607edd39/WTA-Tournament_Stuttgart-2017.png?height=128,https://www.wtatennis.com/tournaments/1051/stuttgart/2025,WTA 500,Clay,https://www.wtatennis.com/resources/v7.31.10/i/elements/500k-tag.svg,2025-04-14,2025-04-21,2025,4,Stuttgart,BEL,,DE,DEU,276,150,,Europe,Central Europe,GER,29.0,325.0,87825.0,32M/16Q/16D,Porsche Tennis Grand Prix,,Elise Mertens,,https://www.wtatennis.com/resources/v7.31.10/i/elements/flags/bel.svg,Quarterfinals,W,"6-4, 6-1",https://www.wtatennis.com/players/317964/elise-mertens,False,False,False,False,False,False,False,2,True,17,12,5,BE,BEL,056,150,Europe,Western Europe,BEL,"6,4,None|6,1,None",
4,Porsche Tennis Grand Prix,https://photoresources.wtatennis.com/photo-resources/2025/04/16/73f25721-54c3-4754-84f2-c67e607edd39/WTA-Tournament_Stuttgart-2017.png?height=128,https://www.wtatennis.com/tournaments/1051/stuttgart/2025,WTA 500,Clay,https://www.wtatennis.com/resources/v7.31.10/i/elements/500k-tag.svg,2025-04-14,2025-04-21,2025,4,Stuttgart,AUT,,DE,DEU,276,150,,Europe,Central Europe,GER,38.0,325.0,87825.0,32M/16Q/16D,Porsche Tennis Grand Prix,,Anastasia Potapova,,https://www.wtatennis.com/resources/v7.31.10/i/elements/flags/aut.svg,Round of 16,W,Walkover,https://www.wtatennis.com/players/325601/anastasia-potapova,False,True,False,False,False,False,False,0,False,0,0,0,AT,AUT,040,150,Europe,Central Europe,AUT,,
5,Porsche Tennis Grand Prix,https://photoresources.wtatennis.com/photo-resources/2025/04/16/73f25721-54c3-4754-84f2-c67e607edd39/WTA-Tournament_Stuttgart-2017.png?height=128,https://www.wtatennis.com/tournaments/1051/stuttgart/2025,WTA 500,Clay,https://www.wtatennis.com/resources/v7.31.10/i/elements/500k-tag.svg,2025-04-14,2025-04-21,2025,4,Stuttgart,,,DE,DEU,276,150,,Europe,Central Europe,GER,,325.0,87825.0,32M/16Q/16D,Porsche Tennis Grand Prix,,,,,Round of 32,,Bye,,False,False,True,False,False,False,False,0,False,0,0,0,,,,,,,,,
1,Miami Open Presented By Itaú,https://photoresources.wtatennis.com/photo-resources/2025/04/16/ad3c213f-6323-4422-bb86-ff92e8cb213c/WTA-Tournament_Miami-2024.png?height=128,https://www.wtatennis.com/tournaments/902/miami/2025,WTA 1000,Hard,https://www.wtatennis.com/resources/v7.31.10/i/elements/1000k-tag.svg,2025-03-18,2025-03-30,2025,3,Miami,USA,FL,US,USA,840,019,United States of America|America|USA|US,America,Northern America,USA,4.0,1000.0,1124380.0,128M/48Q/32D,Miami Open Presented By Itaú,,Jessica Pegula,4.0,https://www.wtatennis.com/resources/v7.31.10/i/elements/flags/usa.svg,Finals,W,"7-5, 6-2",https://www.wtatennis.com/players/316956/jessica-pegula,False,False,False,False,False,False,False,2,True,20,13,7,US,USA,840,019,America,Northern America,USA,"7,5,None|6,2,None",
2,Miami Open Presented By Itaú,https://photoresources.wtatennis.com/photo-resources/2025/04/16/ad3c213f-6323-4422-bb86-ff92e8cb213c/WTA-Tournament_Miami-2024.png?height=128,https://www.wtatennis.com/tournaments/902/miami/2025,WTA 1000,Hard,https://www.wtatennis.com/resources/v7.31.10/i/elements/1000k-tag.svg,2025-03-18,2025-03-30,2025,3,Miami,ITA,FL,US,USA,840,019,,America,Northern America,USA,7.0,1000.0,1124380.0,128M/48Q/32D,Miami Open Presented By Itaú,,Jasmine Paolini,6.0,https://www.wtatennis.com/resources/v7.31.10/i/elements/flags/ita.svg,Semifinals,W,"6-2, 6-2",https://www.wtatennis.com/players/319280/jasmine-paolini,False,False,False,False,False,False,False,2,True,16,12,4,IT,ITA,380,150,Europe,Southern Europe,ITA,"6,2,None|6,2,None",
3,Miami Open Presented By Itaú,https://photoresources.wtatennis.com/photo-resources/2025/04/16/ad3c213f-6323-4422-bb86-ff92e8cb213c/WTA-Tournament_Miami-2024.png?height=128,https://www.wtatennis.com/tournaments/902/miami/2025,WTA 1000,Hard,https://www.wtatennis.com/resources/v7.31.10/i/elements/1000k-tag.svg,2025-03-18,2025-03-30,2025,3,Miami,CHN,FL,US,USA,840,019,,America,Northern America,USA,9.0,1000.0,1124380.0,128M/48Q/32D,Miami Open Presented By Itaú,,Qinwen Zheng,9.0,https://www.wtatennis.com/resources/v7.31.10/i/elements/flags/chn.svg,Quarterfinals,W,"6-2, 7-5",https://www.wtatennis.com/players/328120/qinwen-zheng,False,False,False,False,False,False,False,2,True,20,13,7,CN,CHN,156,142,Asia,East Asia,CHN,"6,2,None|7,5,None",
4,Miami Open Presented By Itaú,https://photoresources.wtatennis.com/photo-resources/2025/04/16/ad3c213f-6323-4422-bb86-ff92e8cb213c/WTA-Tournament_Miami-2024.png?height=128,https://www.wtatennis.com/tournaments/902/miami/2025,WTA 1000,Hard,https://www.wtatennis.com/resources/v7.31.10/i/elements/1000k-tag.svg,2025-03-18,2025-03-30,2025,3,Miami,USA,FL,US,USA,840,019,United States of America|America|USA|US,America,Northern America,USA,15.0,1000.0,1124380.0,128M/48Q/32D,Miami Open Presented By Itaú,,Danielle Collins,14.0,https://www.wtatennis.com/resources/v7.31.10/i/elements/flags/usa.svg,Round of 16,W,"6-4, 6-4",https://www.wtatennis.com/players/316925/danielle-collins,False,False,False,False,False,False,False,2,True,20,12,8,US,USA,840,019,America,Northern America,USA,"6,4,None|6,4,None",
5,Miami Open Presented By Itaú,https://photoresources.wtatennis.com/photo-resources/2025/04/16/ad3c213f-6323-4422-bb86-ff92e8cb213c/WTA-Tournament_Miami-2024.png?height=128,https://www.wtatennis.com/tournaments/902/miami/2025,WTA 1000,Hard,https://www.wtatennis.com/resources/v7.31.10/i/elements/1000k-tag.svg,2025-03-18,2025-03-30,2025,3,Miami,ROU,FL,US,USA,840,019,,America,Northern America,USA,102.0,1000.0,1124380.0,128M/48Q/32D,Miami Open Presented By Itaú,,Elena-Gabriela Ruse,,https://www.wtatennis.com/resources/v7.31.10/i/elements/flags/rou.svg,Round of 32,W,6-1,https://www.wtatennis.com/players/320408/elena-gabriela-ruse,True,False,False,False,False,False,False,1,True,7,6,1,RO,ROU,642,150,Europe,Southeastern Europe,ROU,"6,1,None|Ret",
6,Miami Open Presented By Itaú,https://photoresources.wtatennis.com/photo-resources/2025/04/16/ad3c213f-6323-4422-bb86-ff92e8cb213c/WTA-Tournament_Miami-2024.png?height=128,https://www.wtatennis.com/tournaments/902/miami/2025,WTA 1000,Hard,https://www.wtatennis.com/resources/v7.31.10/i/elements/1000k-tag.svg,2025-03-18,2025-03-30,2025,3,Miami,BUL,FL,US,USA,840,019,,America,Northern America,USA,64.0,1000.0,1124380.0,128M/48Q/32D,Miami Open Presented By Itaú,,Viktoriya Tomova,,https://www.wtatennis.com/resources/v7.31.10/i/elements/flags/bul.svg,Round of 64,W,"6-3, 6-0",https://www.wtatennis.com/players/317584/viktoriya-tomova,False,False,False,False,False,False,False,2,True,15,12,3,BG,BGR,100,150,Europe,Southeastern Europe,BUL,"6,3,None|6,0,None",
7,Miami Open Presented By Itaú,https://photoresources.wtatennis.com/photo-resources/2025/04/16/ad3c213f-6323-4422-bb86-ff92e8cb213c/WTA-Tournament_Miami-2024.png?height=128,https://www.wtatennis.com/tournaments/902/miami/2025,WTA 1000,Hard,https://www.wtatennis.com/resources/v7.31.10/i/elements/1000k-tag.svg,2025-03-18,2025-03-30,2025,3,Miami,,FL,US,USA,840,019,,America,Northern America,USA,,1000.0,1124380.0,128M/48Q/32D,Miami Open Presented By Itaú,,,,,Round of 128,,Bye,,False,False,True,False,False,False,False,0,False,0,0,0,,,,,,,,,
1,Bnp Paribas Open,https://photoresources.wtatennis.com/photo-resources/2025/04/16/e155ccb6-5daf-4a93-8fa1-a30ce14c2704/WTA-Tournament_Indian-Wells-2017.png?height=128,https://www.wtatennis.com/tournaments/609/indian-wells/2025,WTA 1000,Hard,https://www.wtatennis.com/resources/v7.31.10/i/elements/1000k-tag.svg,2025-03-05,2025-03-16,2025,3,Indian Wells,RUS,CA,US,USA,840,019,,America,Northern America,USA,11.0,650.0,599625.0,128M/48Q/32D,Bnp Paribas Open,,Mirra Andreeva,9.0,https://www.wtatennis.com/resources/v7.31.10/i/elements/flags/rus.svg,Finals,L,"6-2, 4-6, 3-6",https://www.wtatennis.com/players/331809/mirra-andreeva,False,False,False,False,False,False,False,3,True,27,13,14,RU,RUS,643,150,Europe,Eastern Europe,RUS,"6,2,None|4,6,None|3,6,None",
2,Bnp Paribas Open,https://photoresources.wtatennis.com/photo-resources/2025/04/16/e155ccb6-5daf-4a93-8fa1-a30ce14c2704/WTA-Tournament_Indian-Wells-2017.png?height=128,https://www.wtatennis.com/tournaments/609/indian-wells/2025,WTA 1000,Hard,https://www.wtatennis.com/resources/v7.31.10/i/elements/1000k-tag.svg,2025-03-05,2025-03-16,2025,3,Indian Wells,USA,CA,US,USA,840,019,United States of America|America|USA|US,America,Northern America,USA,5.0,650.0,599625.0,128M/48Q/32D,Bnp Paribas Open,,Madison Keys,5.0,https://www.wtatennis.com/resources/v7.31.10/i/elements/flags/usa.svg,Semifinals,W,"6-0, 6-1",https://www.wtatennis.com/players/316959/madison-keys,False,False,False,False,False,False,False,2,True,13,12,1,US,USA,840,019,America,Northern America,USA,"6,0,None|6,1,None",
3,Bnp Paribas Open,https://photoresources.wtatennis.com/photo-resources/2025/04/16/e155ccb6-5daf-4a93-8fa1-a30ce14c2704/WTA-Tournament_Indian-Wells-2017.png?height=128,https://www.wtatennis.com/tournaments/609/indian-wells/2025,WTA 1000,Hard,https://www.wtatennis.com/resources/v7.31.10/i/elements/1000k-tag.svg,2025-03-05,2025-03-16,2025,3,Indian Wells,RUS,CA,US,USA,840,019,,America,Northern America,USA,25.0,650.0,599625.0,128M/48Q/32D,Bnp Paribas Open,,Liudmila Samsonova,24.0,https://www.wtatennis.com/resources/v7.31.10/i/elements/flags/rus.svg,Quarterfinals,W,"6-2, 6-3",https://www.wtatennis.com/players/322222/liudmila-samsonova,False,False,False,False,False,False,False,2,True,17,12,5,RU,RUS,643,150,Europe,Eastern Europe,RUS,"6,2,None|6,3,None",
4,Bnp Paribas Open,https://photoresources.wtatennis.com/photo-resources/2025/04/16/e155ccb6-5daf-4a93-8fa1-a30ce14c2704/WTA-Tournament_Indian-Wells-2017.png?height=128,https://www.wtatennis.com/tournaments/609/indian-wells/2025,WTA 1000,Hard,https://www.wtatennis.com/resources/v7.31.10/i/elements/1000k-tag.svg,2025-03-05,2025-03-16,2025,3,Indian Wells,GBR,CA,US,USA,840,019,Britain|UK|Great Britain|United Kingdom,America,Northern America,USA,83.0,650.0,599625.0,128M/48Q/32D,Bnp Paribas Open,,Sonay Kartal,,https://www.wtatennis.com/resources/v7.31.10/i/elements/flags/gbr.svg,Round of 16,W,"6-1, 6-2",https://www.wtatennis.com/players/329918/sonay-kartal,False,False,False,False,False,False,False,2,True,15,12,3,GB,GBR,826,150,Europe,Northern Europe,ENG,"6,1,None|6,2,None",
5,Bnp Paribas Open,https://photoresources.wtatennis.com/photo-resources/2025/04/16/e155ccb6-5daf-4a93-8fa1-a30ce14c2704/WTA-Tournament_Indian-Wells-2017.png?height=128,https://www.wtatennis.com/tournaments/609/indian-wells/2025,WTA 1000,Hard,https://www.wtatennis.com/resources/v7.31.10/i/elements/1000k-tag.svg,2025-03-05,2025-03-16,2025,3,Indian Wells,ITA,CA,US,USA,840,019,,America,Northern America,USA,62.0,650.0,599625.0,128M/48Q/32D,Bnp Paribas Open,,Lucia Bronzetti,,https://www.wtatennis.com/resources/v7.31.10/i/elements/flags/ita.svg,Round of 32,W,"6-1, 6-2",https://www.wtatennis.com/players/322280/lucia-bronzetti,False,False,False,False,False,False,False,2,True,15,12,3,IT,ITA,380,150,Europe,Southern Europe,ITA,"6,1,None|6,2,None",
6,Bnp Paribas Open,https://photoresources.wtatennis.com/photo-resources/2025/04/16/e155ccb6-5daf-4a93-8fa1-a30ce14c2704/WTA-Tournament_Indian-Wells-2017.png?height=128,https://www.wtatennis.com/tournaments/609/indian-wells/2025,WTA 1000,Hard,https://www.wtatennis.com/resources/v7.31.10/i/elements/1000k-tag.svg,2025-03-05,2025-03-16,2025,3,Indian Wells,USA,CA,US,USA,840,019,United States of America|America|USA|US,America,Northern America,USA,48.0,650.0,599625.0,128M/48Q/32D,Bnp Paribas Open,,Mccartney Kessler,,https://www.wtatennis.com/resources/v7.31.10/i/elements/flags/usa.svg,Round of 64,W,"7-6 (4), 6-3",https://www.wtatennis.com/players/326678/mccartney-kessler,False,False,False,True,False,False,True,2,True,22,13,9,US,USA,840,019,America,Northern America,USA,"7,6,4|6,3,None",
7,Bnp Paribas Open,https://photoresources.wtatennis.com/photo-resources/2025/04/16/e155ccb6-5daf-4a93-8fa1-a30ce14c2704/WTA-Tournament_Indian-Wells-2017.png?height=128,https://www.wtatennis.com/tournaments/609/indian-wells/2025,WTA 1000,Hard,https://www.wtatennis.com/resources/v7.31.10/i/elements/1000k-tag.svg,2025-03-05,2025-03-16,2025,3,Indian Wells,,CA,US,USA,840,019,,America,Northern America,USA,,650.0,599625.0,128M/48Q/32D,Bnp Paribas Open,,,,,Round of 128,,Bye,,False,False,True,False,False,False,False,0,False,0,0,0,,,,,,,,,
1,Dubai Duty Free Tennis Championships,https://photoresources.wtatennis.com/photo-resources/2025/04/16/aa274c10-fd33-4715-ac0e-d74441b27a54/WTA-Tournament_Dubai-2017.png?height=128,https://www.wtatennis.com/tournaments/718/dubai/2025,WTA 1000,Hard,https://www.wtatennis.com/resources/v7.31.10/i/elements/1000k-tag.svg,2025-02-16,2025-02-22,2025,2,Dubai,DEN,,AE,ARE,784,142,,Asia,Western Asia,UAE,38.0,120.0,41600.0,64M/32Q/32D,Dubai Duty Free Tennis Championships,,Clara Tauson,,https://www.wtatennis.com/resources/v7.31.10/i/elements/flags/den.svg,Round of 16,L,"3-6, 2-6",https://www.wtatennis.com/players/327793/clara-tauson,False,False,False,False,False,False,False,2,False,17,5,12,DK,DNK,208,150,Europe,Northern Europe,DEN,"3,6,None|2,6,None",
2,Dubai Duty Free Tennis Championships,https://photoresources.wtatennis.com/photo-resources/2025/04/16/aa274c10-fd33-4715-ac0e-d74441b27a54/WTA-Tournament_Dubai-2017.png?height=128,https://www.wtatennis.com/tournaments/718/dubai/2025,WTA 1000,Hard,https://www.wtatennis.com/resources/v7.31.10/i/elements/1000k-tag.svg,2025-02-16,2025-02-22,2025,2,Dubai,RUS,,AE,ARE,784,142,,Asia,Western Asia,UAE,50.0,120.0,41600.0,64M/32Q/32D,Dubai Duty Free Tennis Championships,,Veronika Kudermetova,,https://www.wtatennis.com/resources/v7.31.10/i/elements/flags/rus.svg,Round of 32,W,"6-3, 6-4",https://www.wtatennis.com/players/319526/veronika-kudermetova,False,False,False,False,False,False,False,2,True,19,12,7,RU,RUS,643,150,Europe,Eastern Europe,RUS,"6,3,None|6,4,None",
3,Dubai Duty Free Tennis Championships,https://photoresources.wtatennis.com/photo-resources/2025/04/16/aa274c10-fd33-4715-ac0e-d74441b27a54/WTA-Tournament_Dubai-2017.png?height=128,https://www.wtatennis.com/tournaments/718/dubai/2025,WTA 1000,Hard,https://www.wtatennis.com/resources/v7.31.10/i/elements/1000k-tag.svg,2025-02-16,2025-02-22,2025,2,Dubai,,,AE,ARE,784,142,,Asia,Western Asia,UAE,,120.0,41600.0,64M/32Q/32D,Dubai Duty Free Tennis Championships,,,,,Round of 64,,Bye,,False,False,True,False,False,False,False,0,False,0,0,0,,,,,,,,,
1,Qatar Totalenergies Open 2025,https://photoresources.wtatennis.com/photo-resources/2025/04/16/74cb07bc-dc84-43f7-9acc-95e51d3748c9/WTA-Tournament_Doha-2025.png?height=128,https://www.wtatennis.com/tournaments/1003/doha/2025,WTA 1000,Hard,https://www.wtatennis.com/resources/v7.31.10/i/elements/1000k-tag.svg,2025-02-09,2025-02-15,2025,2,Doha,RUS,,QA,QAT,634,142,,Asia,Western Asia,QAT,26.0,10.0,23500.0,64M/32Q/32D,Qatar Totalenergies Open 2025,,Ekaterina Alexandrova,,https://www.wtatennis.com/resources/v7.31.10/i/elements/flags/rus.svg,Round of 32,L,"6-3, 3-6, 6-7 (5)",https://www.wtatennis.com/players/319007/ekaterina-alexandrova,False,False,False,False,False,True,True,3,True,31,15,16,RU,RUS,643,150,Europe,Eastern Europe,RUS,"6,3,None|3,6,None|6,7,5",
2,Qatar Totalenergies Open 2025,https://photoresources.wtatennis.com/photo-resources/2025/04/16/74cb07bc-dc84-43f7-9acc-95e51d3748c9/WTA-Tournament_Doha-2025.png?height=128,https://www.wtatennis.com/tournaments/1003/doha/2025,WTA 1000,Hard,https://www.wtatennis.com/resources/v7.31.10/i/elements/1000k-tag.svg,2025-02-09,2025-02-15,2025,2,Doha,,,QA,QAT,634,142,,Asia,Western Asia,QAT,,10.0,23500.0,64M/32Q/32D,Qatar Totalenergies Open 2025,,,,,Round of 64,,Bye,,False,False,True,False,False,False,False,0,False,0,0,0,,,,,,,,,
1,Australian Open,https://photoresources.wtatennis.com/photo-resources/2025/04/16/20886615-8c76-4d00-b747-7946c3692df2/WTA-Tournament_Australian-Open.png?height=128,https://www.wtatennis.com/tournaments/901/australian-open/2025,Grand Slam,Hard,https://www.wtatennis.com/resources/v7.31.10/i/elements/gs-tag.svg,2025-01-12,2025-01-26,2025,1,Melbourne,USA,,AU,AUS,036,009,United States of America|America|USA|US,Oceania,Australasia,AUS,14.0,1300.0,1199230.0,128M/128Q/64D,Australian Open,,Madison Keys,19.0,https://www.wtatennis.com/resources/v7.31.10/i/elements/flags/usa.svg,Finals,L,"3-6, 6-2, 5-7",https://www.wtatennis.com/players/316959/madison-keys,False,False,False,False,False,False,False,3,False,29,14,15,US,USA,840,019,America,Northern America,USA,"3,6,None|6,2,None|5,7,None",
2,Australian Open,https://photoresources.wtatennis.com/photo-resources/2025/04/16/20886615-8c76-4d00-b747-7946c3692df2/WTA-Tournament_Australian-Open.png?height=128,https://www.wtatennis.com/tournaments/901/australian-open/2025,Grand Slam,Hard,https://www.wtatennis.com/resources/v7.31.10/i/elements/gs-tag.svg,2025-01-12,2025-01-26,2025,1,Melbourne,ESP,,AU,AUS,036,009,Kingdom of Spain,Oceania,Australasia,AUS,12.0,1300.0,1199230.0,128M/128Q/64D,Australian Open,,Paula Badosa,11.0,https://www.wtatennis.com/resources/v7.31.10/i/elements/flags/esp.svg,Semifinals,W,"6-4, 6-2",https://www.wtatennis.com/players/320124/paula-badosa,False,False,False,False,False,False,False,2,True,18,12,6,ES,ESP,724,150,Europe,Southern Europe,ESP,"6,4,None|6,2,None",
3,Australian Open,https://photoresources.wtatennis.com/photo-resources/2025/04/16/20886615-8c76-4d00-b747-7946c3692df2/WTA-Tournament_Australian-Open.png?height=128,https://www.wtatennis.com/tournaments/901/australian-open/2025,Grand Slam,Hard,https://www.wtatennis.com/resources/v7.31.10/i/elements/gs-tag.svg,2025-01-12,2025-01-26,2025,1,Melbourne,RUS,,AU,AUS,036,009,,Oceania,Australasia,AUS,32.0,1300.0,1199230.0,128M/128Q/64D,Australian Open,,Anastasia Pavlyuchenkova,27.0,https://www.wtatennis.com/resources/v7.31.10/i/elements/flags/rus.svg,Quarterfinals,W,"6-2, 2-6, 6-3",https://www.wtatennis.com/players/313796/anastasia-pavlyuchenkova,False,False,False,False,False,False,False,3,True,25,14,11,RU,RUS,643,150,Europe,Eastern Europe,RUS,"6,2,None|2,6,None|6,3,None",
4,Australian Open,https://photoresources.wtatennis.com/photo-resources/2025/04/16/20886615-8c76-4d00-b747-7946c3692df2/WTA-Tournament_Australian-Open.png?height=128,https://www.wtatennis.com/tournaments/901/australian-open/2025,Grand Slam,Hard,https://www.wtatennis.com/resources/v7.31.10/i/elements/gs-tag.svg,2025-01-12,2025-01-26,2025,1,Melbourne,RUS,,AU,AUS,036,009,,Oceania,Australasia,AUS,15.0,1300.0,1199230.0,128M/128Q/64D,Australian Open,,Mirra Andreeva,14.0,https://www.wtatennis.com/resources/v7.31.10/i/elements/flags/rus.svg,Round of 16,W,"6-1, 6-2",https://www.wtatennis.com/players/331809/mirra-andreeva,False,False,False,False,False,False,False,2,True,15,12,3,RU,RUS,643,150,Europe,Eastern Europe,RUS,"6,1,None|6,2,None",
5,Australian Open,https://photoresources.wtatennis.com/photo-resources/2025/04/16/20886615-8c76-4d00-b747-7946c3692df2/WTA-Tournament_Australian-Open.png?height=128,https://www.wtatennis.com/tournaments/901/australian-open/2025,Grand Slam,Hard,https://www.wtatennis.com/resources/v7.31.10/i/elements/gs-tag.svg,2025-01-12,2025-01-26,2025,1,Melbourne,DEN,,AU,AUS,036,009,,Oceania,Australasia,AUS,42.0,1300.0,1199230.0,128M/128Q/64D,Australian Open,,Clara Tauson,,https://www.wtatennis.com/resources/v7.31.10/i/elements/flags/den.svg,Round of 32,W,"7-6 (5), 6-4",https://www.wtatennis.com/players/327793/clara-tauson,False,False,False,True,False,False,True,2,True,23,13,10,DK,DNK,208,150,Europe,Northern Europe,DEN,"7,6,5|6,4,None",
6,Australian Open,https://photoresources.wtatennis.com/photo-resources/2025/04/16/20886615-8c76-4d00-b747-7946c3692df2/WTA-Tournament_Australian-Open.png?height=128,https://www.wtatennis.com/tournaments/901/australian-open/2025,Grand Slam,Hard,https://www.wtatennis.com/resources/v7.31.10/i/elements/gs-tag.svg,2025-01-12,2025-01-26,2025,1,Melbourne,ESP,,AU,AUS,036,009,Kingdom of Spain,Oceania,Australasia,AUS,54.0,1300.0,1199230.0,128M/128Q/64D,Australian Open,,Jessica Bouzas Maneiro,,https://www.wtatennis.com/resources/v7.31.10/i/elements/flags/esp.svg,Round of 64,W,"6-3, 7-5",https://www.wtatennis.com/players/328139/jessica-bouzas-maneiro,False,False,False,False,False,False,False,2,True,21,13,8,ES,ESP,724,150,Europe,Southern Europe,ESP,"6,3,None|7,5,None",
7,Australian Open,https://photoresources.wtatennis.com/photo-resources/2025/04/16/20886615-8c76-4d00-b747-7946c3692df2/WTA-Tournament_Australian-Open.png?height=128,https://www.wtatennis.com/tournaments/901/australian-open/2025,Grand Slam,Hard,https://www.wtatennis.com/resources/v7.31.10/i/elements/gs-tag.svg,2025-01-12,2025-01-26,2025,1,Melbourne,USA,,AU,AUS,036,009,United States of America|America|USA|US,Oceania,Australasia,AUS,81.0,1300.0,1199230.0,128M/128Q/64D,Australian Open,,Sloane Stephens,,https://www.wtatennis.com/resources/v7.31.10/i/elements/flags/usa.svg,Round of 128,W,"6-3, 6-2",https://www.wtatennis.com/players/315683/sloane-stephens,False,False,False,False,False,False,False,2,True,17,12,5,US,USA,840,019,America,Northern America,USA,"6,3,None|6,2,None",
1,Brisbane International Presented By Evie,,https://www.wtatennis.com/tournaments/800/brisbane/2025,WTA 500,Hard,https://www.wtatennis.com/resources/v7.31.10/i/elements/500k-tag.svg,2025-12-29,2025-01-05,2025,12,Brisbane,UZB,,AU,AUS,036,009,,Oceania,Australasia,AUS,107.0,500.0,192475.0,64M/24Q/16D,Brisbane International Presented By Evie,,Polina Kudermetova,,https://www.wtatennis.com/resources/v7.31.10/i/elements/flags/uzb.svg,Finals,W,"4-6, 6-3, 6-2",https://www.wtatennis.com/players/328897/polina-kudermetova,False,False,False,False,False,False,False,3,False,27,16,11,UZ,UZB,860,142,Asia,Central Asia,UZB,"4,6,None|6,3,None|6,2,None",
2,Brisbane International Presented By Evie,,https://www.wtatennis.com/tournaments/800/brisbane/2025,WTA 500,Hard,https://www.wtatennis.com/resources/v7.31.10/i/elements/500k-tag.svg,2025-12-29,2025-01-05,2025,12,Brisbane,RUS,,AU,AUS,036,009,,Oceania,Australasia,AUS,16.0,500.0,192475.0,64M/24Q/16D,Brisbane International Presented By Evie,,Mirra Andreeva,8.0,https://www.wtatennis.com/resources/v7.31.10/i/elements/flags/rus.svg,Semifinals,W,"6-3, 6-2",https://www.wtatennis.com/players/331809/mirra-andreeva,False,False,False,False,False,False,False,2,True,17,12,5,RU,RUS,643,150,Europe,Eastern Europe,RUS,"6,3,None|6,2,None",
3,Brisbane International Presented By Evie,,https://www.wtatennis.com/tournaments/800/brisbane/2025,WTA 500,Hard,https://www.wtatennis.com/resources/v7.31.10/i/elements/500k-tag.svg,2025-12-29,2025-01-05,2025,12,Brisbane,CZE,,AU,AUS,036,009,,Oceania,Australasia,AUS,44.0,500.0,192475.0,64M/24Q/16D,Brisbane International Presented By Evie,,Marie Bouzkova,,https://www.wtatennis.com/resources/v7.31.10/i/elements/flags/cze.svg,Quarterfinals,W,"6-3, 6-4",https://www.wtatennis.com/players/320983/marie-bouzkova,False,False,False,False,False,False,False,2,True,19,12,7,CZ,CZE,203,150,Europe,Central Europe,CZE,"6,3,None|6,4,None",
4,Brisbane International Presented By Evie,,https://www.wtatennis.com/tournaments/800/brisbane/2025,WTA 500,Hard,https://www.wtatennis.com/resources/v7.31.10/i/elements/500k-tag.svg,2025-12-29,2025-01-05,2025,12,Brisbane,KAZ,,AU,AUS,036,009,,Oceania,Australasia,AUS,29.0,500.0,192475.0,64M/24Q/16D,Brisbane International Presented By Evie,,Yulia Putintseva,15.0,https://www.wtatennis.com/resources/v7.31.10/i/elements/flags/kaz.svg,Round of 16,W,"7-6 (2), 6-4",https://www.wtatennis.com/players/317683/yulia-putintseva,False,False,False,True,False,False,True,2,True,23,13,10,KZ,KAZ,398,142,Asia,Central Asia,KAZ,"7,6,2|6,4,None",
5,Brisbane International Presented By Evie,,https://www.wtatennis.com/tournaments/800/brisbane/2025,WTA 500,Hard,https://www.wtatennis.com/resources/v7.31.10/i/elements/500k-tag.svg,2025-12-29,2025-01-05,2025,12,Brisbane,MEX,,AU,AUS,036,009,United States of Mexico|United Mexican States,Oceania,Australasia,AUS,75.0,500.0,192475.0,64M/24Q/16D,Brisbane International Presented By Evie,,Renata Zarazua,,https://www.wtatennis.com/resources/v7.31.10/i/elements/flags/mex.svg,Round of 32,W,"6-4, 6-0",https://www.wtatennis.com/players/320716/renata-zarazua,False,False,False,False,False,False,False,2,True,16,12,4,MX,MEX,484,019,America,Central America,MEX,"6,4,None|6,0,None",
6,Brisbane International Presented By Evie,,https://www.wtatennis.com/tournaments/800/brisbane/2025,WTA 500,Hard,https://www.wtatennis.com/resources/v7.31.10/i/elements/500k-tag.svg,2025-12-29,2025-01-05,2025,12,Brisbane,,,AU,AUS,036,009,,Oceania,Australasia,AUS,,500.0,192475.0,64M/24Q/16D,Brisbane International Presented By Evie,,,,,Round of 64,,Bye,,False,False,True,False,False,False,False,0,False,0,0,0,,,,,,,,,
1,Wta Finals Riyadh,https://photoresources.wtatennis.com/photo-resources/2025/10/16/b04a642b-ddb5-40c8-91f1-26a2d61650fe/WTA-finals.png?height=128,https://www.wtatennis.com/tournaments/808/wta-finals/2024,Finals,Hard,https://www.wtatennis.com/resources/v7.31.10/i/elements/finals-tag.svg,2024-11-02,2024-11-09,2024,11,Riyadh,USA,,SA,SAU,682,142,United States of America|America|USA|US,Asia,Western Asia,KSA,3.0,,1035000.0,8M/0Q/8D,Wta Finals Riyadh,,Coco Gauff,3.0,https://www.wtatennis.com/resources/v7.31.10/i/elements/flags/usa.svg,Semifinals,L,"6-7 (4), 3-6",https://www.wtatennis.com/players/328560/coco-gauff,False,False,False,True,False,False,True,2,False,22,9,13,US,USA,840,019,America,Northern America,USA,"6,7,4|3,6,None",
2,Wta Finals Riyadh,https://photoresources.wtatennis.com/photo-resources/2025/10/16/b04a642b-ddb5-40c8-91f1-26a2d61650fe/WTA-finals.png?height=128,https://www.wtatennis.com/tournaments/808/wta-finals/2024,Finals,Hard,https://www.wtatennis.com/resources/v7.31.10/i/elements/finals-tag.svg,2024-11-02,2024-11-09,2024,11,Riyadh,ITA,,SA,SAU,682,142,,Asia,Western Asia,KSA,4.0,,1035000.0,8M/0Q/8D,Wta Finals Riyadh,,Jasmine Paolini,4.0,https://www.wtatennis.com/resources/v7.31.10/i/elements/flags/ita.svg,Group Stage Group,W,"6-3, 7-5",https://www.wtatennis.com/players/319280/jasmine-paolini,False,False,False,False,False,False,False,2,True,21,13,8,IT,ITA,380,150,Europe,Southern Europe,ITA,"6,3,None|7,5,None",
3,Wta Finals Riyadh,https://photoresources.wtatennis.com/photo-resources/2025/10/16/b04a642b-ddb5-40c8-91f1-26a2d61650fe/WTA-finals.png?height=128,https://www.wtatennis.com/tournaments/808/wta-finals/2024,Finals,Hard,https://www.wtatennis.com/resources/v7.31.10/i/elements/finals-tag.svg,2024-11-02,2024-11-09,2024,11,Riyadh,KAZ,,SA,SAU,682,142,,Asia,Western Asia,KSA,5.0,,1035000.0,8M/0Q/8D,Wta Finals Riyadh,,Elena Rybakina,5.0,https://www.wtatennis.com/resources/v7.31.10/i/elements/flags/kaz.svg,Group Stage Group,L,"4-6, 6-3, 1-6",https://www.wtatennis.com/players/324166/elena-rybakina,False,False,False,False,False,False,False,3,False,26,11,15,KZ,KAZ,398,142,Asia,Central Asia,KAZ,"4,6,None|6,3,None|1,6,None",
4,Wta Finals Riyadh,https://photoresources.wtatennis.com/photo-resources/2025/10/16/b04a642b-ddb5-40c8-91f1-26a2d61650fe/WTA-finals.png?height=128,https://www.wtatennis.com/tournaments/808/wta-finals/2024,Finals,Hard,https://www.wtatennis.com/resources/v7.31.10/i/elements/finals-tag.svg,2024-11-02,2024-11-09,2024,11,Riyadh,CHN,,SA,SAU,682,142,,Asia,Western Asia,KSA,7.0,,1035000.0,8M/0Q/8D,Wta Finals Riyadh,,Qinwen Zheng,7.0,https://www.wtatennis.com/resources/v7.31.10/i/elements/flags/chn.svg,Group Stage Group,W,"6-3, 6-4",https://www.wtatennis.com/players/328120/qinwen-zheng,False,False,False,False,False,False,False,2,True,19,12,7,CN,CHN,156,142,Asia,East Asia,CHN,"6,3,None|6,4,None",
1,Dongfeng Voyah · Wuhan Open,https://photoresources.wtatennis.com/photo-resources/2025/09/09/28ba4434-1336-4e94-a9e3-4e446fd1311f/WTA-Tournament_Wuhan-2024.png?height=128,https://www.wtatennis.com/tournaments/1075/wuhan/2024,WTA 1000,Hard,https://www.wtatennis.com/resources/v7.31.10/i/elements/1000k-tag.svg,2024-10-07,2024-10-13,2024,10,Wuhan,CHN,,CN,CHN,156,142,,Asia,East Asia,CHN,7.0,1000.0,525115.0,64M/32Q/32D,Dongfeng Voyah · Wuhan Open,,Qinwen Zheng,5.0,https://www.wtatennis.com/resources/v7.31.10/i/elements/flags/chn.svg,Finals,W,"6-3, 5-7, 6-3",https://www.wtatennis.com/players/328120/qinwen-zheng,False,False,False,False,False,False,False,3,True,30,17,13,CN,CHN,156,142,Asia,East Asia,CHN,"6,3,None|5,7,None|6,3,None",
2,Dongfeng Voyah · Wuhan Open,https://photoresources.wtatennis.com/photo-resources/2025/09/09/28ba4434-1336-4e94-a9e3-4e446fd1311f/WTA-Tournament_Wuhan-2024.png?height=128,https://www.wtatennis.com/tournaments/1075/wuhan/2024,WTA 1000,Hard,https://www.wtatennis.com/resources/v7.31.10/i/elements/1000k-tag.svg,2024-10-07,2024-10-13,2024,10,Wuhan,USA,,CN,CHN,156,142,United States of America|America|USA|US,Asia,East Asia,CHN,4.0,1000.0,525115.0,64M/32Q/32D,Dongfeng Voyah · Wuhan Open,,Coco Gauff,4.0,https://www.wtatennis.com/resources/v7.31.10/i/elements/flags/usa.svg,Semifinals,W,"1-6, 6-4, 6-4",https://www.wtatennis.com/players/328560/coco-gauff,False,False,False,False,False,False,False,3,False,27,13,14,US,USA,840,019,America,Northern America,USA,"1,6,None|6,4,None|6,4,None",
3,Dongfeng Voyah · Wuhan Open,https://photoresources.wtatennis.com/photo-resources/2025/09/09/28ba4434-1336-4e94-a9e3-4e446fd1311f/WTA-Tournament_Wuhan-2024.png?height=128,https://www.wtatennis.com/tournaments/1075/wuhan/2024,WTA 1000,Hard,https://www.wtatennis.com/resources/v7.31.10/i/elements/1000k-tag.svg,2024-10-07,2024-10-13,2024,10,Wuhan,POL,,CN,CHN,156,142,,Asia,East Asia,CHN,27.0,1000.0,525115.0,64M/32Q/32D,Dongfeng Voyah · Wuhan Open,,Magdalena Frech,,https://www.wtatennis.com/resources/v7.31.10/i/elements/flags/pol.svg,Quarterfinals,W,"6-2, 6-2",https://www.wtatennis.com/players/320277/magdalena-frech,False,False,False,False,False,False,False,2,True,16,12,4,PL,POL,616,150,Europe,Central Europe,POL,"6,2,None|6,2,None",
4,Dongfeng Voyah · Wuhan Open,https://photoresources.wtatennis.com/photo-resources/2025/09/09/28ba4434-1336-4e94-a9e3-4e446fd1311f/WTA-Tournament_Wuhan-2024.png?height=128,https://www.wtatennis.com/tournaments/1075/wuhan/2024,WTA 1000,Hard,https://www.wtatennis.com/resources/v7.31.10/i/elements/1000k-tag.svg,2024-10-07,2024-10-13,2024,10,Wuhan,KAZ,,CN,CHN,156,142,,Asia,East Asia,CHN,35.0,1000.0,525115.0,64M/32Q/32D,Dongfeng Voyah · Wuhan Open,,Yulia Putintseva,,https://www.wtatennis.com/resources/v7.31.10/i/elements/flags/kaz.svg,Round of 16,W,"1-6, 6-4, 6-0",https://www.wtatennis.com/players/317683/yulia-putintseva,False,False,False,False,False,False,False,3,False,23,13,10,KZ,KAZ,398,142,Asia,Central Asia,KAZ,"1,6,None|6,4,None|6,0,None",
5,Dongfeng Voyah · Wuhan Open,https://photoresources.wtatennis.com/photo-resources/2025/09/09/28ba4434-1336-4e94-a9e3-4e446fd1311f/WTA-Tournament_Wuhan-2024.png?height=128,https://www.wtatennis.com/tournaments/1075/wuhan/2024,WTA 1000,Hard,https://www.wtatennis.com/resources/v7.31.10/i/elements/1000k-tag.svg,2024-10-07,2024-10-13,2024,10,Wuhan,CZE,,CN,CHN,156,142,,Asia,East Asia,CHN,37.0,1000.0,525115.0,64M/32Q/32D,Dongfeng Voyah · Wuhan Open,,Katerina Siniakova,,https://www.wtatennis.com/resources/v7.31.10/i/elements/flags/cze.svg,Round of 32,W,"6-4, 6-4",https://www.wtatennis.com/players/320301/katerina-siniakova,False,False,False,False,False,False,False,2,True,20,12,8,CZ,CZE,203,150,Europe,Central Europe,CZE,"6,4,None|6,4,None",
6,Dongfeng Voyah · Wuhan Open,https://photoresources.wtatennis.com/photo-resources/2025/09/09/28ba4434-1336-4e94-a9e3-4e446fd1311f/WTA-Tournament_Wuhan-2024.png?height=128,https://www.wtatennis.com/tournaments/1075/wuhan/2024,WTA 1000,Hard,https://www.wtatennis.com/resources/v7.31.10/i/elements/1000k-tag.svg,2024-10-07,2024-10-13,2024,10,Wuhan,,,CN,CHN,156,142,,Asia,East Asia,CHN,,1000.0,525115.0,64M/32Q/32D,Dongfeng Voyah · Wuhan Open,,,,,Round of 64,,Bye,,False,False,True,False,False,False,False,0,False,0,0,0,,,,,,,,,
1,China Open,,https://www.wtatennis.com/tournaments/1020/beijing/2024,WTA 1000,Hard,https://www.wtatennis.com/resources/v7.31.10/i/elements/1000k-tag.svg,2024-09-25,2024-10-06,2024,9,Beijing,CZE,,CN,CHN,156,142,,Asia,East Asia,CHN,49.0,215.0,185000.0,128M/48Q/32D,China Open,,Karolina Muchova,,https://www.wtatennis.com/resources/v7.31.10/i/elements/flags/cze.svg,Quarterfinals,L,"6-7 (5), 6-2, 4-6",https://www.wtatennis.com/players/322191/karolina-muchova,False,False,False,True,False,False,True,3,False,31,16,15,CZ,CZE,203,150,Europe,Central Europe,CZE,"6,7,5|6,2,None|4,6,None",
2,China Open,,https://www.wtatennis.com/tournaments/1020/beijing/2024,WTA 1000,Hard,https://www.wtatennis.com/resources/v7.31.10/i/elements/1000k-tag.svg,2024-09-25,2024-10-06,2024,9,Beijing,USA,,CN,CHN,156,142,United States of America|America|USA|US,Asia,East Asia,CHN,24.0,215.0,185000.0,128M/48Q/32D,China Open,,Madison Keys,18.0,https://www.wtatennis.com/resources/v7.31.10/i/elements/flags/usa.svg,Round of 16,W,"6-4, 6-3",https://www.wtatennis.com/players/316959/madison-keys,False,False,False,False,False,False,False,2,True,19,12,7,US,USA,840,019,America,Northern America,USA,"6,4,None|6,3,None",
3,China Open,,https://www.wtatennis.com/tournaments/1020/beijing/2024,WTA 1000,Hard,https://www.wtatennis.com/resources/v7.31.10/i/elements/1000k-tag.svg,2024-09-25,2024-10-06,2024,9,Beijing,USA,,CN,CHN,156,142,United States of America|America|USA|US,Asia,East Asia,CHN,68.0,215.0,185000.0,128M/48Q/32D,China Open,,Ashlyn Krueger,,https://www.wtatennis.com/resources/v7.31.10/i/elements/flags/usa.svg,Round of 32,W,"6-2, 6-2",https://www.wtatennis.com/players/329409/ashlyn-krueger,False,False,False,False,False,False,False,2,True,16,12,4,US,USA,840,019,America,Northern America,USA,"6,2,None|6,2,None",
4,China Open,,https://www.wtatennis.com/tournaments/1020/beijing/2024,WTA 1000,Hard,https://www.wtatennis.com/resources/v7.31.10/i/elements/1000k-tag.svg,2024-09-25,2024-10-06,2024,9,Beijing,THA,,CN,CHN,156,142,,Asia,East Asia,CHN,187.0,215.0,185000.0,128M/48Q/32D,China Open,,Mananchaya Sawangkaew,,https://www.wtatennis.com/resources/v7.31.10/i/elements/flags/tha.svg,Round of 64,W,"6-4, 6-1",https://www.wtatennis.com/players/326929/mananchaya-sawangkaew,False,False,False,False,False,False,False,2,True,17,12,5,TH,THA,764,142,Asia,Southeast Asia,THA,"6,4,None|6,1,None",
5,China Open,,https://www.wtatennis.com/tournaments/1020/beijing/2024,WTA 1000,Hard,https://www.wtatennis.com/resources/v7.31.10/i/elements/1000k-tag.svg,2024-09-25,2024-10-06,2024,9,Beijing,,,CN,CHN,156,142,,Asia,East Asia,CHN,,215.0,185000.0,128M/48Q/32D,China Open,,,,,Round of 128,,Bye,,False,False,True,False,False,False,False,0,False,0,0,0,,,,,,,,,
1,Us Open,https://photoresources.wtatennis.com/photo-resources/2025/04/16/295289d9-36fa-408a-8586-2b407d930c10/WTA-Tournament_US-Open.png?height=128,https://www.wtatennis.com/tournaments/905/us-open/2024,Grand Slam,Hard,https://www.wtatennis.com/resources/v7.31.10/i/elements/gs-tag.svg,2024-08-26,2024-09-08,2024,8,New York,USA,NY,US,USA,840,019,United States of America|America|USA|US,America,Northern America,USA,6.0,2000.0,3600000.0,128M/128Q/64D,Us Open,,Jessica Pegula,6.0,https://www.wtatennis.com/resources/v7.31.10/i/elements/flags/usa.svg,Finals,W,"7-5, 7-5",https://www.wtatennis.com/players/316956/jessica-pegula,False,False,False,False,False,False,False,2,True,24,14,10,US,USA,840,019,America,Northern America,USA,"7,5,None|7,5,None",
2,Us Open,https://photoresources.wtatennis.com/photo-resources/2025/04/16/295289d9-36fa-408a-8586-2b407d930c10/WTA-Tournament_US-Open.png?height=128,https://www.wtatennis.com/tournaments/905/us-open/2024,Grand Slam,Hard,https://www.wtatennis.com/resources/v7.31.10/i/elements/gs-tag.svg,2024-08-26,2024-09-08,2024,8,New York,USA,NY,US,USA,840,019,United States of America|America|USA|US,America,Northern America,USA,12.0,2000.0,3600000.0,128M/128Q/64D,Us Open,,Emma Navarro,13.0,https://www.wtatennis.com/resources/v7.31.10/i/elements/flags/usa.svg,Semifinals,W,"6-3, 7-6 (2)",https://www.wtatennis.com/players/325410/emma-navarro,False,False,False,False,True,False,True,2,True,22,13,9,US,USA,840,019,America,Northern America,USA,"6,3,None|7,6,2",
3,Us Open,https://photoresources.wtatennis.com/photo-resources/2025/04/16/295289d9-36fa-408a-8586-2b407d930c10/WTA-Tournament_US-Open.png?height=128,https://www.wtatennis.com/tournaments/905/us-open/2024,Grand Slam,Hard,https://www.wtatennis.com/resources/v7.31.10/i/elements/gs-tag.svg,2024-08-26,2024-09-08,2024,8,New York,CHN,NY,US,USA,840,019,,America,Northern America,USA,7.0,2000.0,3600000.0,128M/128Q/64D,Us Open,,Qinwen Zheng,7.0,https://www.wtatennis.com/resources/v7.31.10/i/elements/flags/chn.svg,Quarterfinals,W,"6-1, 6-2",https://www.wtatennis.com/players/328120/qinwen-zheng,False,False,False,False,False,False,False,2,True,15,12,3,CN,CHN,156,142,Asia,East Asia,CHN,"6,1,None|6,2,None",
4,Us Open,https://photoresources.wtatennis.com/photo-resources/2025/04/16/295289d9-36fa-408a-8586-2b407d930c10/WTA-Tournament_US-Open.png?height=128,https://www.wtatennis.com/tournaments/905/us-open/2024,Grand Slam,Hard,https://www.wtatennis.com/resources/v7.31.10/i/elements/gs-tag.svg,2024-08-26,2024-09-08,2024,8,New York,BEL,NY,US,USA,840,019,,America,Northern America,USA,35.0,2000.0,3600000.0,128M/128Q/64D,Us Open,,Elise Mertens,33.0,https://www.wtatennis.com/resources/v7.31.10/i/elements/flags/bel.svg,Round of 16,W,"6-2, 6-4",https://www.wtatennis.com/players/317964/elise-mertens,False,False,False,False,False,False,False,2,True,18,12,6,BE,BEL,056,150,Europe,Western Europe,BEL,"6,2,None|6,4,None",
5,Us Open,https://photoresources.wtatennis.com/photo-resources/2025/04/16/295289d9-36fa-408a-8586-2b407d930c10/WTA-Tournament_US-Open.png?height=128,https://www.wtatennis.com/tournaments/905/us-open/2024,Grand Slam,Hard,https://www.wtatennis.com/resources/v7.31.10/i/elements/gs-tag.svg,2024-08-26,2024-09-08,2024,8,New York,RUS,NY,US,USA,840,019,,America,Northern America,USA,31.0,2000.0,3600000.0,128M/128Q/64D,Us Open,,Ekaterina Alexandrova,29.0,https://www.wtatennis.com/resources/v7.31.10/i/elements/flags/rus.svg,Round of 32,W,"2-6, 6-1, 6-2",https://www.wtatennis.com/players/319007/ekaterina-alexandrova,False,False,False,False,False,False,False,3,False,23,14,9,RU,RUS,643,150,Europe,Eastern Europe,RUS,"2,6,None|6,1,None|6,2,None",
6,Us Open,https://photoresources.wtatennis.com/photo-resources/2025/04/16/295289d9-36fa-408a-8586-2b407d930c10/WTA-Tournament_US-Open.png?height=128,https://www.wtatennis.com/tournaments/905/us-open/2024,Grand Slam,Hard,https://www.wtatennis.com/resources/v7.31.10/i/elements/gs-tag.svg,2024-08-26,2024-09-08,2024,8,New York,ITA,NY,US,USA,840,019,,America,Northern America,USA,76.0,2000.0,3600000.0,128M/128Q/64D,Us Open,,Lucia Bronzetti,,https://www.wtatennis.com/resources/v7.31.10/i/elements/flags/ita.svg,Round of 64,W,"6-3, 6-1",https://www.wtatennis.com/players/322280/lucia-bronzetti,False,False,False,False,False,False,False,2,True,16,12,4,IT,ITA,380,150,Europe,Southern Europe,ITA,"6,3,None|6,1,None",
7,Us Open,https://photoresources.wtatennis.com/photo-resources/2025/04/16/295289d9-36fa-408a-8586-2b407d930c10/WTA-Tournament_US-Open.png?height=128,https://www.wtatennis.com/tournaments/905/us-open/2024,Grand Slam,Hard,https://www.wtatennis.com/resources/v7.31.10/i/elements/gs-tag.svg,2024-08-26,2024-09-08,2024,8,New York,AUS,NY,US,USA,840,019,,America,Northern America,USA,203.0,2000.0,3600000.0,128M/128Q/64D,Us Open,,Priscilla Hon,,https://www.wtatennis.com/resources/v7.31.10/i/elements/flags/aus.svg,Round of 128,W,"6-3, 6-3",https://www.wtatennis.com/players/320543/priscilla-hon,False,False,False,False,False,False,False,2,True,18,12,6,AU,AUS,036,009,Oceania,Australasia,AUS,"6,3,None|6,3,None",
1,Cincinnati Open,https://photoresources.wtatennis.com/photo-resources/2025/04/16/17c99db9-c289-451d-8cd9-65e8d9a25a26/WTA-Tournament_Cincinnati-2024.png?height=128,https://www.wtatennis.com/tournaments/1017/cincinnati/2024,WTA 1000,Hard,https://www.wtatennis.com/resources/v7.31.10/i/elements/1000k-tag.svg,2024-08-13,2024-08-19,2024,8,Cincinnati,USA,OH,US,USA,840,019,United States of America|America|USA|US,America,Northern America,USA,6.0,1000.0,523485.0,64M/32Q/32D,Cincinnati Open,,Jessica Pegula,6.0,https://www.wtatennis.com/resources/v7.31.10/i/elements/flags/usa.svg,Finals,W,"6-3, 7-5",https://www.wtatennis.com/players/316956/jessica-pegula,False,False,False,False,False,False,False,2,True,21,13,8,US,USA,840,019,America,Northern America,USA,"6,3,None|7,5,None",
2,Cincinnati Open,https://photoresources.wtatennis.com/photo-resources/2025/04/16/17c99db9-c289-451d-8cd9-65e8d9a25a26/WTA-Tournament_Cincinnati-2024.png?height=128,https://www.wtatennis.com/tournaments/1017/cincinnati/2024,WTA 1000,Hard,https://www.wtatennis.com/resources/v7.31.10/i/elements/1000k-tag.svg,2024-08-13,2024-08-19,2024,8,Cincinnati,POL,OH,US,USA,840,019,,America,Northern America,USA,1.0,1000.0,523485.0,64M/32Q/32D,Cincinnati Open,,Iga Swiatek,1.0,https://www.wtatennis.com/resources/v7.31.10/i/elements/flags/pol.svg,Semifinals,W,"6-3, 6-3",https://www.wtatennis.com/players/326408/iga-swiatek,False,False,False,False,False,False,False,2,True,18,12,6,PL,POL,616,150,Europe,Central Europe,POL,"6,3,None|6,3,None",
3,Cincinnati Open,https://photoresources.wtatennis.com/photo-resources/2025/04/16/17c99db9-c289-451d-8cd9-65e8d9a25a26/WTA-Tournament_Cincinnati-2024.png?height=128,https://www.wtatennis.com/tournaments/1017/cincinnati/2024,WTA 1000,Hard,https://www.wtatennis.com/resources/v7.31.10/i/elements/1000k-tag.svg,2024-08-13,2024-08-19,2024,8,Cincinnati,RUS,OH,US,USA,840,019,,America,Northern America,USA,17.0,1000.0,523485.0,64M/32Q/32D,Cincinnati Open,,Liudmila Samsonova,10.0,https://www.wtatennis.com/resources/v7.31.10/i/elements/flags/rus.svg,Quarterfinals,W,"6-3, 6-2",https://www.wtatennis.com/players/322222/liudmila-samsonova,False,False,False,False,False,False,False,2,True,17,12,5,RU,RUS,643,150,Europe,Eastern Europe,RUS,"6,3,None|6,2,None",
4,Cincinnati Open,https://photoresources.wtatennis.com/photo-resources/2025/04/16/17c99db9-c289-451d-8cd9-65e8d9a25a26/WTA-Tournament_Cincinnati-2024.png?height=128,https://www.wtatennis.com/tournaments/1017/cincinnati/2024,WTA 1000,Hard,https://www.wtatennis.com/resources/v7.31.10/i/elements/1000k-tag.svg,2024-08-13,2024-08-19,2024,8,Cincinnati,UKR,OH,US,USA,840,019,,America,Northern America,USA,29.0,1000.0,523485.0,64M/32Q/32D,Cincinnati Open,,Elina Svitolina,,https://www.wtatennis.com/resources/v7.31.10/i/elements/flags/ukr.svg,Round of 16,W,"7-5, 6-2",https://www.wtatennis.com/players/316738/elina-svitolina,False,False,False,False,False,False,False,2,True,20,13,7,UA,UKR,804,150,Europe,Eastern Europe,UKR,"7,5,None|6,2,None",
5,Cincinnati Open,https://photoresources.wtatennis.com/photo-resources/2025/04/16/17c99db9-c289-451d-8cd9-65e8d9a25a26/WTA-Tournament_Cincinnati-2024.png?height=128,https://www.wtatennis.com/tournaments/1017/cincinnati/2024,WTA 1000,Hard,https://www.wtatennis.com/resources/v7.31.10/i/elements/1000k-tag.svg,2024-08-13,2024-08-19,2024,8,Cincinnati,ITA,OH,US,USA,840,019,,America,Northern America,USA,67.0,1000.0,523485.0,64M/32Q/32D,Cincinnati Open,,Elisabetta Cocciaretto,,https://www.wtatennis.com/resources/v7.31.10/i/elements/flags/ita.svg,Round of 32,W,"6-3, 6-4",https://www.wtatennis.com/players/327909/elisabetta-cocciaretto,False,False,False,False,False,False,False,2,True,19,12,7,IT,ITA,380,150,Europe,Southern Europe,ITA,"6,3,None|6,4,None",
6,Cincinnati Open,https://photoresources.wtatennis.com/photo-resources/2025/04/16/17c99db9-c289-451d-8cd9-65e8d9a25a26/WTA-Tournament_Cincinnati-2024.png?height=128,https://www.wtatennis.com/tournaments/1017/cincinnati/2024,WTA 1000,Hard,https://www.wtatennis.com/resources/v7.31.10/i/elements/1000k-tag.svg,2024-08-13,2024-08-19,2024,8,Cincinnati,,OH,US,USA,840,019,,America,Northern America,USA,,1000.0,523485.0,64M/32Q/32D,Cincinnati Open,,,,,Round of 64,,Bye,,False,False,True,False,False,False,False,0,False,0,0,0,,,,,,,,,
1,National Bank Open Presented By Rogers,,https://www.wtatennis.com/tournaments/806/montreal/2024,WTA 1000,Hard,https://www.wtatennis.com/resources/v7.31.10/i/elements/1000k-tag.svg,2024-08-06,2024-08-12,2024,8,Toronto,USA,,CA,CAN,124,019,United States of America|America|USA|US,America,Northern America,CAN,132.0,215.0,72965.0,64M/32Q/32D,National Bank Open Presented By Rogers,,Amanda Anisimova,,https://www.wtatennis.com/resources/v7.31.10/i/elements/flags/usa.svg,Quarterfinals,L,"4-6, 2-6",https://www.wtatennis.com/players/326384/amanda-anisimova,False,False,False,False,False,False,False,2,False,18,6,12,US,USA,840,019,America,Northern America,USA,"4,6,None|2,6,None",
2,National Bank Open Presented By Rogers,,https://www.wtatennis.com/tournaments/806/montreal/2024,WTA 1000,Hard,https://www.wtatennis.com/resources/v7.31.10/i/elements/1000k-tag.svg,2024-08-06,2024-08-12,2024,8,Toronto,GBR,,CA,CAN,124,019,Britain|UK|Great Britain|United Kingdom,America,Northern America,CAN,33.0,215.0,72965.0,64M/32Q/32D,National Bank Open Presented By Rogers,,Katie Boulter,,https://www.wtatennis.com/resources/v7.31.10/i/elements/flags/gbr.svg,Round of 16,W,"6-3, 6-3",https://www.wtatennis.com/players/319125/katie-boulter,False,False,False,False,False,False,False,2,True,18,12,6,GB,GBR,826,150,Europe,Northern Europe,ENG,"6,3,None|6,3,None",
3,National Bank Open Presented By Rogers,,https://www.wtatennis.com/tournaments/806/montreal/2024,WTA 1000,Hard,https://www.wtatennis.com/resources/v7.31.10/i/elements/1000k-tag.svg,2024-08-06,2024-08-12,2024,8,Toronto,CHN,,CA,CAN,124,019,,America,Northern America,CAN,42.0,215.0,72965.0,64M/32Q/32D,National Bank Open Presented By Rogers,,Yue Yuan,,https://www.wtatennis.com/resources/v7.31.10/i/elements/flags/chn.svg,Round of 32,W,"6-2, 6-2",https://www.wtatennis.com/players/324325/yue-yuan,False,False,False,False,False,False,False,2,True,16,12,4,CN,CHN,156,142,Asia,East Asia,CHN,"6,2,None|6,2,None",
4,National Bank Open Presented By Rogers,,https://www.wtatennis.com/tournaments/806/montreal/2024,WTA 1000,Hard,https://www.wtatennis.com/resources/v7.31.10/i/elements/1000k-tag.svg,2024-08-06,2024-08-12,2024,8,Toronto,,,CA,CAN,124,019,,America,Northern America,CAN,,215.0,72965.0,64M/32Q/32D,National Bank Open Presented By Rogers,,,,,Round of 64,,Bye,,False,False,True,False,False,False,False,0,False,0,0,0,,,,,,,,,
1,Mubadala Citi Dc Open,,https://www.wtatennis.com/tournaments/1045/washington-dc/2024,WTA 500,Hard,https://www.wtatennis.com/resources/v7.31.10/i/elements/500k-tag.svg,2024-07-29,2024-08-04,2024,7,Washington Dc,CZE,DC,US,USA,840,019,,America,Northern America,USA,43.0,195.0,51204.0,32M/16Q/16D,Mubadala Citi Dc Open,,Marie Bouzkova,,https://www.wtatennis.com/resources/v7.31.10/i/elements/flags/cze.svg,Semifinals,L,"4-6, 6-3, 3-6",https://www.wtatennis.com/players/320983/marie-bouzkova,False,False,False,False,False,False,False,3,False,28,13,15,CZ,CZE,203,150,Europe,Central Europe,CZE,"4,6,None|6,3,None|3,6,None",
2,Mubadala Citi Dc Open,,https://www.wtatennis.com/tournaments/1045/washington-dc/2024,WTA 500,Hard,https://www.wtatennis.com/resources/v7.31.10/i/elements/500k-tag.svg,2024-07-29,2024-08-04,2024,7,Washington Dc,BLR,DC,US,USA,840,019,,America,Northern America,USA,20.0,195.0,51204.0,32M/16Q/16D,Mubadala Citi Dc Open,,Victoria Azarenka,6.0,https://www.wtatennis.com/resources/v7.31.10/i/elements/flags/blr.svg,Quarterfinals,W,"6-4, 6-4",https://www.wtatennis.com/players/312001/victoria-azarenka,False,False,False,False,False,False,False,2,True,20,12,8,BY,BLR,112,150,Europe,Eastern Europe,BLR,"6,4,None|6,4,None",
3,Mubadala Citi Dc Open,,https://www.wtatennis.com/tournaments/1045/washington-dc/2024,WTA 500,Hard,https://www.wtatennis.com/resources/v7.31.10/i/elements/500k-tag.svg,2024-07-29,2024-08-04,2024,7,Washington Dc,UZB,DC,US,USA,840,019,,America,Northern America,USA,105.0,195.0,51204.0,32M/16Q/16D,Mubadala Citi Dc Open,,Kamilla Rakhimova,,https://www.wtatennis.com/resources/v7.31.10/i/elements/flags/uzb.svg,Round of 16,W,"7-5, 4-6, 6-4",https://www.wtatennis.com/players/325936/kamilla-rakhimova,False,False,False,False,False,False,False,3,True,32,17,15,UZ,UZB,860,142,Asia,Central Asia,UZB,"7,5,None|4,6,None|6,4,None",
4,Mubadala Citi Dc Open,,https://www.wtatennis.com/tournaments/1045/washington-dc/2024,WTA 500,Hard,https://www.wtatennis.com/resources/v7.31.10/i/elements/500k-tag.svg,2024-07-29,2024-08-04,2024,7,Washington Dc,,DC,US,USA,840,019,,America,Northern America,USA,,195.0,51204.0,32M/16Q/16D,Mubadala Citi Dc Open,,,,,Round of 32,,Bye,,False,False,True,False,False,False,False,0,False,0,0,0,,,,,,,,,
1,Ecotrans Ladies Open,https://photoresources.wtatennis.com/photo-resources/2025/05/23/7fdec664-b1a6-44fc-8772-ecfb34d7aca2/WTA-Tournament_Berlin-2024.png?height=128,https://www.wtatennis.com/tournaments/2012/berlin/2024,WTA 500,Grass,https://www.wtatennis.com/resources/v7.31.10/i/elements/500k-tag.svg,2024-06-17,2024-06-23,2024,6,Berlin,RUS,,DE,DEU,276,150,,Europe,Central Europe,GER,24.0,108.0,21660.0,32M/24Q/16D,Ecotrans Ladies Open,,Anna Kalinskaya,,https://www.wtatennis.com/resources/v7.31.10/i/elements/flags/rus.svg,Quarterfinals,L,1-5,https://www.wtatennis.com/players/323942/anna-kalinskaya,True,False,False,False,False,False,False,1,False,6,1,5,RU,RUS,643,150,Europe,Eastern Europe,RUS,"1,5,None|Ret",
2,Ecotrans Ladies Open,https://photoresources.wtatennis.com/photo-resources/2025/05/23/7fdec664-b1a6-44fc-8772-ecfb34d7aca2/WTA-Tournament_Berlin-2024.png?height=128,https://www.wtatennis.com/tournaments/2012/berlin/2024,WTA 500,Grass,https://www.wtatennis.com/resources/v7.31.10/i/elements/500k-tag.svg,2024-06-17,2024-06-23,2024,6,Berlin,AUS,,DE,DEU,276,150,,Europe,Central Europe,GER,14.0,108.0,21660.0,32M/24Q/16D,Ecotrans Ladies Open,,Daria Kasatkina,,https://www.wtatennis.com/resources/v7.31.10/i/elements/flags/aus.svg,Round of 16,W,"6-1, 6-4",https://www.wtatennis.com/players/322082/daria-kasatkina,False,False,False,False,False,False,False,2,True,17,12,5,AU,AUS,036,009,Oceania,Australasia,AUS,"6,1,None|6,4,None",
3,Ecotrans Ladies Open,https://photoresources.wtatennis.com/photo-resources/2025/05/23/7fdec664-b1a6-44fc-8772-ecfb34d7aca2/WTA-Tournament_Berlin-2024.png?height=128,https://www.wtatennis.com/tournaments/2012/berlin/2024,WTA 500,Grass,https://www.wtatennis.com/resources/v7.31.10/i/elements/500k-tag.svg,2024-06-17,2024-06-23,2024,6,Berlin,,,DE,DEU,276,150,,Europe,Central Europe,GER,,108.0,21660.0,32M/24Q/16D,Ecotrans Ladies Open,,,,,Round of 32,,Bye,,False,False,True,False,False,False,False,0,False,0,0,0,,,,,,,,,
1,Roland Garros,https://photoresources.wtatennis.com/photo-resources/2025/04/16/ddbbc328-7967-416c-a6b5-043c8c3f933e/WTA-Tournament_Roland-Garros.png?height=128,https://www.wtatennis.com/tournaments/903/roland-garros/2024,Grand Slam,Clay,https://www.wtatennis.com/resources/v7.31.10/i/elements/gs-tag.svg,2024-05-26,2024-06-09,2024,5,Paris,RUS,,FR,FRA,250,150,,Europe,Western Europe,FRA,38.0,430.0,475279.0,128M/128Q/64D,Roland Garros,,Mirra Andreeva,,https://www.wtatennis.com/resources/v7.31.10/i/elements/flags/rus.svg,Quarterfinals,L,"7-6 (5), 4-6, 4-6",https://www.wtatennis.com/players/331809/mirra-andreeva,False,False,False,True,False,False,True,3,True,33,15,18,RU,RUS,643,150,Europe,Eastern Europe,RUS,"7,6,5|4,6,None|4,6,None",
2,Roland Garros,https://photoresources.wtatennis.com/photo-resources/2025/04/16/ddbbc328-7967-416c-a6b5-043c8c3f933e/WTA-Tournament_Roland-Garros.png?height=128,https://www.wtatennis.com/tournaments/903/roland-garros/2024,Grand Slam,Clay,https://www.wtatennis.com/resources/v7.31.10/i/elements/gs-tag.svg,2024-05-26,2024-06-09,2024,5,Paris,USA,,FR,FRA,250,150,United States of America|America|USA|US,Europe,Western Europe,FRA,24.0,430.0,475279.0,128M/128Q/64D,Roland Garros,,Emma Navarro,22.0,https://www.wtatennis.com/resources/v7.31.10/i/elements/flags/usa.svg,Round of 16,W,"6-2, 6-3",https://www.wtatennis.com/players/325410/emma-navarro,False,False,False,False,False,False,False,2,True,17,12,5,US,USA,840,019,America,Northern America,USA,"6,2,None|6,3,None",
3,Roland Garros,https://photoresources.wtatennis.com/photo-resources/2025/04/16/ddbbc328-7967-416c-a6b5-043c8c3f933e/WTA-Tournament_Roland-Garros.png?height=128,https://www.wtatennis.com/tournaments/903/roland-garros/2024,Grand Slam,Clay,https://www.wtatennis.com/resources/v7.31.10/i/elements/gs-tag.svg,2024-05-26,2024-06-09,2024,5,Paris,ESP,,FR,FRA,250,150,Kingdom of Spain,Europe,Western Europe,FRA,139.0,430.0,475279.0,128M/128Q/64D,Roland Garros,,Paula Badosa,,https://www.wtatennis.com/resources/v7.31.10/i/elements/flags/esp.svg,Round of 32,W,"7-5, 6-1",https://www.wtatennis.com/players/320124/paula-badosa,False,False,False,False,False,False,False,2,True,19,13,6,ES,ESP,724,150,Europe,Southern Europe,ESP,"7,5,None|6,1,None",
4,Roland Garros,https://photoresources.wtatennis.com/photo-resources/2025/04/16/ddbbc328-7967-416c-a6b5-043c8c3f933e/WTA-Tournament_Roland-Garros.png?height=128,https://www.wtatennis.com/tournaments/903/roland-garros/2024,Grand Slam,Clay,https://www.wtatennis.com/resources/v7.31.10/i/elements/gs-tag.svg,2024-05-26,2024-06-09,2024,5,Paris,JPN,,FR,FRA,250,150,,Europe,Western Europe,FRA,83.0,430.0,475279.0,128M/128Q/64D,Roland Garros,,Moyuka Uchijima,,https://www.wtatennis.com/resources/v7.31.10/i/elements/flags/jpn.svg,Round of 64,W,"6-2, 6-2",https://www.wtatennis.com/players/327241/moyuka-uchijima,False,False,False,False,False,False,False,2,True,16,12,4,JP,JPN,392,142,Asia,East Asia,JPN,"6,2,None|6,2,None",
5,Roland Garros,https://photoresources.wtatennis.com/photo-resources/2025/04/16/ddbbc328-7967-416c-a6b5-043c8c3f933e/WTA-Tournament_Roland-Garros.png?height=128,https://www.wtatennis.com/tournaments/903/roland-garros/2024,Grand Slam,Clay,https://www.wtatennis.com/resources/v7.31.10/i/elements/gs-tag.svg,2024-05-26,2024-06-09,2024,5,Paris,RUS,,FR,FRA,250,150,,Europe,Western Europe,FRA,100.0,430.0,475279.0,128M/128Q/64D,Roland Garros,,Erika Andreeva,,https://www.wtatennis.com/resources/v7.31.10/i/elements/flags/rus.svg,Round of 128,W,"6-1, 6-2",https://www.wtatennis.com/players/330151/erika-andreeva,False,False,False,False,False,False,False,2,True,15,12,3,RU,RUS,643,150,Europe,Eastern Europe,RUS,"6,1,None|6,2,None",
1,Internazionali Bnl D'Italia,https://photoresources.wtatennis.com/photo-resources/2025/04/16/51f9b6ec-ebde-417f-b706-31b0bb4cc688/WTA-Tournament_Rome-2018.png?height=128,https://www.wtatennis.com/tournaments/709/rome/2024,WTA 1000,Clay,https://www.wtatennis.com/resources/v7.31.10/i/elements/1000k-tag.svg,2024-05-07,2024-05-19,2024,5,Rome,POL,,IT,ITA,380,150,,Europe,Southern Europe,ITA,1.0,650.0,365015.0,128M/48Q/32D,Internazionali Bnl D'Italia,,Iga Swiatek,1.0,https://www.wtatennis.com/resources/v7.31.10/i/elements/flags/pol.svg,Finals,L,"2-6, 3-6",https://www.wtatennis.com/players/326408/iga-swiatek,False,False,False,False,False,False,False,2,False,17,5,12,PL,POL,616,150,Europe,Central Europe,POL,"2,6,None|3,6,None",
2,Internazionali Bnl D'Italia,https://photoresources.wtatennis.com/photo-resources/2025/04/16/51f9b6ec-ebde-417f-b706-31b0bb4cc688/WTA-Tournament_Rome-2018.png?height=128,https://www.wtatennis.com/tournaments/709/rome/2024,WTA 1000,Clay,https://www.wtatennis.com/resources/v7.31.10/i/elements/1000k-tag.svg,2024-05-07,2024-05-19,2024,5,Rome,USA,,IT,ITA,380,150,United States of America|America|USA|US,Europe,Southern Europe,ITA,15.0,650.0,365015.0,128M/48Q/32D,Internazionali Bnl D'Italia,,Danielle Collins,13.0,https://www.wtatennis.com/resources/v7.31.10/i/elements/flags/usa.svg,Semifinals,W,"7-5, 6-2",https://www.wtatennis.com/players/316925/danielle-collins,False,False,False,False,False,False,False,2,True,20,13,7,US,USA,840,019,America,Northern America,USA,"7,5,None|6,2,None",
3,Internazionali Bnl D'Italia,https://photoresources.wtatennis.com/photo-resources/2025/04/16/51f9b6ec-ebde-417f-b706-31b0bb4cc688/WTA-Tournament_Rome-2018.png?height=128,https://www.wtatennis.com/tournaments/709/rome/2024,WTA 1000,Clay,https://www.wtatennis.com/resources/v7.31.10/i/elements/1000k-tag.svg,2024-05-07,2024-05-19,2024,5,Rome,LAT,,IT,ITA,380,150,,Europe,Southern Europe,ITA,10.0,650.0,365015.0,128M/48Q/32D,Internazionali Bnl D'Italia,,Jelena Ostapenko,9.0,https://www.wtatennis.com/resources/v7.31.10/i/elements/flags/lat.svg,Quarterfinals,W,"6-2, 6-4",https://www.wtatennis.com/players/319939/jelena-ostapenko,False,False,False,False,False,False,False,2,True,18,12,6,,,,,,,LAT,"6,2,None|6,4,None",
4,Internazionali Bnl D'Italia,https://photoresources.wtatennis.com/photo-resources/2025/04/16/51f9b6ec-ebde-417f-b706-31b0bb4cc688/WTA-Tournament_Rome-2018.png?height=128,https://www.wtatennis.com/tournaments/709/rome/2024,WTA 1000,Clay,https://www.wtatennis.com/resources/v7.31.10/i/elements/1000k-tag.svg,2024-05-07,2024-05-19,2024,5,Rome,UKR,,IT,ITA,380,150,,Europe,Southern Europe,ITA,19.0,650.0,365015.0,128M/48Q/32D,Internazionali Bnl D'Italia,,Elina Svitolina,16.0,https://www.wtatennis.com/resources/v7.31.10/i/elements/flags/ukr.svg,Round of 16,W,"4-6, 6-1, 7-6 (7)",https://www.wtatennis.com/players/316738/elina-svitolina,False,False,False,False,False,True,True,3,False,30,17,13,UA,UKR,804,150,Europe,Eastern Europe,UKR,"4,6,None|6,1,None|7,6,7",
5,Internazionali Bnl D'Italia,https://photoresources.wtatennis.com/photo-resources/2025/04/16/51f9b6ec-ebde-417f-b706-31b0bb4cc688/WTA-Tournament_Rome-2018.png?height=128,https://www.wtatennis.com/tournaments/709/rome/2024,WTA 1000,Clay,https://www.wtatennis.com/resources/v7.31.10/i/elements/1000k-tag.svg,2024-05-07,2024-05-19,2024,5,Rome,UKR,,IT,ITA,380,150,,Europe,Southern Europe,ITA,33.0,650.0,365015.0,128M/48Q/32D,Internazionali Bnl D'Italia,,Dayana Yastremska,32.0,https://www.wtatennis.com/resources/v7.31.10/i/elements/flags/ukr.svg,Round of 32,W,"6-4, 6-2",https://www.wtatennis.com/players/324261/dayana-yastremska,False,False,False,False,False,False,False,2,True,18,12,6,UA,UKR,804,150,Europe,Eastern Europe,UKR,"6,4,None|6,2,None",
6,Internazionali Bnl D'Italia,https://photoresources.wtatennis.com/photo-resources/2025/04/16/51f9b6ec-ebde-417f-b706-31b0bb4cc688/WTA-Tournament_Rome-2018.png?height=128,https://www.wtatennis.com/tournaments/709/rome/2024,WTA 1000,Clay,https://www.wtatennis.com/resources/v7.31.10/i/elements/1000k-tag.svg,2024-05-07,2024-05-19,2024,5,Rome,USA,,IT,ITA,380,150,United States of America|America|USA|US,Europe,Southern Europe,ITA,109.0,650.0,365015.0,128M/48Q/32D,Internazionali Bnl D'Italia,,Katie Volynets,,https://www.wtatennis.com/resources/v7.31.10/i/elements/flags/usa.svg,Round of 64,W,"4-6, 6-3, 6-2",https://www.wtatennis.com/players/327391/katie-volynets,False,False,False,False,False,False,False,3,False,27,16,11,US,USA,840,019,America,Northern America,USA,"4,6,None|6,3,None|6,2,None",
7,Internazionali Bnl D'Italia,https://photoresources.wtatennis.com/photo-resources/2025/04/16/51f9b6ec-ebde-417f-b706-31b0bb4cc688/WTA-Tournament_Rome-2018.png?height=128,https://www.wtatennis.com/tournaments/709/rome/2024,WTA 1000,Clay,https://www.wtatennis.com/resources/v7.31.10/i/elements/1000k-tag.svg,2024-05-07,2024-05-19,2024,5,Rome,,,IT,ITA,380,150,,Europe,Southern Europe,ITA,,650.0,365015.0,128M/48Q/32D,Internazionali Bnl D'Italia,,,,,Round of 128,,Bye,,False,False,True,False,False,False,False,0,False,0,0,0,,,,,,,,,
1,Mutua Madrid Open,,https://www.wtatennis.com/tournaments/1038/madrid/2024,WTA 1000,Clay,https://www.wtatennis.com/resources/v7.31.10/i/elements/1000k-tag.svg,2024-04-23,2024-05-05,2024,4,Madrid,POL,,ES,ESP,724,150,,Europe,Southern Europe,ESP,1.0,650.0,512260.0,128M/48Q/32D,Mutua Madrid Open,,Iga Swiatek,1.0,https://www.wtatennis.com/resources/v7.31.10/i/elements/flags/pol.svg,Finals,L,"5-7, 6-4, 6-7 (7)",https://www.wtatennis.com/players/326408/iga-swiatek,False,False,False,False,False,True,True,3,False,35,17,18,PL,POL,616,150,Europe,Central Europe,POL,"5,7,None|6,4,None|6,7,7",
2,Mutua Madrid Open,,https://www.wtatennis.com/tournaments/1038/madrid/2024,WTA 1000,Clay,https://www.wtatennis.com/resources/v7.31.10/i/elements/1000k-tag.svg,2024-04-23,2024-05-05,2024,4,Madrid,KAZ,,ES,ESP,724,150,,Europe,Southern Europe,ESP,4.0,650.0,512260.0,128M/48Q/32D,Mutua Madrid Open,,Elena Rybakina,4.0,https://www.wtatennis.com/resources/v7.31.10/i/elements/flags/kaz.svg,Semifinals,W,"1-6, 7-5, 7-6 (5)",https://www.wtatennis.com/players/324166/elena-rybakina,False,False,False,False,False,True,True,3,False,32,15,17,KZ,KAZ,398,142,Asia,Central Asia,KAZ,"1,6,None|7,5,None|7,6,5",
3,Mutua Madrid Open,,https://www.wtatennis.com/tournaments/1038/madrid/2024,WTA 1000,Clay,https://www.wtatennis.com/resources/v7.31.10/i/elements/1000k-tag.svg,2024-04-23,2024-05-05,2024,4,Madrid,RUS,,ES,ESP,724,150,,Europe,Southern Europe,ESP,43.0,650.0,512260.0,128M/48Q/32D,Mutua Madrid Open,,Mirra Andreeva,,https://www.wtatennis.com/resources/v7.31.10/i/elements/flags/rus.svg,Quarterfinals,W,"6-1, 6-4",https://www.wtatennis.com/players/331809/mirra-andreeva,False,False,False,False,False,False,False,2,True,17,12,5,RU,RUS,643,150,Europe,Eastern Europe,RUS,"6,1,None|6,4,None",
4,Mutua Madrid Open,,https://www.wtatennis.com/tournaments/1038/madrid/2024,WTA 1000,Clay,https://www.wtatennis.com/resources/v7.31.10/i/elements/1000k-tag.svg,2024-04-23,2024-05-05,2024,4,Madrid,USA,,ES,ESP,724,150,United States of America|America|USA|US,Europe,Southern Europe,ESP,15.0,650.0,512260.0,128M/48Q/32D,Mutua Madrid Open,,Danielle Collins,13.0,https://www.wtatennis.com/resources/v7.31.10/i/elements/flags/usa.svg,Round of 16,W,"4-6, 6-4, 6-3",https://www.wtatennis.com/players/316925/danielle-collins,False,False,False,False,False,False,False,3,False,29,16,13,US,USA,840,019,America,Northern America,USA,"4,6,None|6,4,None|6,3,None",
5,Mutua Madrid Open,,https://www.wtatennis.com/tournaments/1038/madrid/2024,WTA 1000,Clay,https://www.wtatennis.com/resources/v7.31.10/i/elements/1000k-tag.svg,2024-04-23,2024-05-05,2024,4,Madrid,USA,,ES,ESP,724,150,United States of America|America|USA|US,Europe,Southern Europe,ESP,183.0,650.0,512260.0,128M/48Q/32D,Mutua Madrid Open,,Robin Montgomery,,https://www.wtatennis.com/resources/v7.31.10/i/elements/flags/usa.svg,Round of 32,W,"6-1, 6-7 (5), 6-4",https://www.wtatennis.com/players/329408/robin-montgomery,False,False,False,False,True,False,True,3,True,30,18,12,US,USA,840,019,America,Northern America,USA,"6,1,None|6,7,5|6,4,None",
6,Mutua Madrid Open,,https://www.wtatennis.com/tournaments/1038/madrid/2024,WTA 1000,Clay,https://www.wtatennis.com/resources/v7.31.10/i/elements/1000k-tag.svg,2024-04-23,2024-05-05,2024,4,Madrid,POL,,ES,ESP,724,150,,Europe,Southern Europe,ESP,48.0,650.0,512260.0,128M/48Q/32D,Mutua Madrid Open,,Magda Linette,,https://www.wtatennis.com/resources/v7.31.10/i/elements/flags/pol.svg,Round of 64,W,"6-4, 3-6, 6-3",https://www.wtatennis.com/players/315130/magda-linette,False,False,False,False,False,False,False,3,True,28,15,13,PL,POL,616,150,Europe,Central Europe,POL,"6,4,None|3,6,None|6,3,None",
7,Mutua Madrid Open,,https://www.wtatennis.com/tournaments/1038/madrid/2024,WTA 1000,Clay,https://www.wtatennis.com/resources/v7.31.10/i/elements/1000k-tag.svg,2024-04-23,2024-05-05,2024,4,Madrid,,,ES,ESP,724,150,,Europe,Southern Europe,ESP,,650.0,512260.0,128M/48Q/32D,Mutua Madrid Open,,,,,Round of 128,,Bye,,False,False,True,False,False,False,False,0,False,0,0,0,,,,,,,,,
1,Porsche Tennis Grand Prix,https://photoresources.wtatennis.com/photo-resources/2025/04/16/73f25721-54c3-4754-84f2-c67e607edd39/WTA-Tournament_Stuttgart-2017.png?height=128,https://www.wtatennis.com/tournaments/1051/stuttgart/2024,WTA 500,Clay,https://www.wtatennis.com/resources/v7.31.10/i/elements/500k-tag.svg,2024-04-15,2024-04-21,2024,4,Stuttgart,CZE,,DE,DEU,276,150,,Europe,Central Europe,GER,8.0,108.0,23435.0,32M/16Q/16D,Porsche Tennis Grand Prix,,Marketa Vondrousova,6.0,https://www.wtatennis.com/resources/v7.31.10/i/elements/flags/cze.svg,Quarterfinals,L,"6-3, 3-6, 5-7",https://www.wtatennis.com/players/323027/marketa-vondrousova,False,False,False,False,False,False,False,3,True,30,14,16,CZ,CZE,203,150,Europe,Central Europe,CZE,"6,3,None|3,6,None|5,7,None",
2,Porsche Tennis Grand Prix,https://photoresources.wtatennis.com/photo-resources/2025/04/16/73f25721-54c3-4754-84f2-c67e607edd39/WTA-Tournament_Stuttgart-2017.png?height=128,https://www.wtatennis.com/tournaments/1051/stuttgart/2024,WTA 500,Clay,https://www.wtatennis.com/resources/v7.31.10/i/elements/500k-tag.svg,2024-04-15,2024-04-21,2024,4,Stuttgart,ESP,,DE,DEU,276,150,Kingdom of Spain,Europe,Central Europe,GER,93.0,108.0,23435.0,32M/16Q/16D,Porsche Tennis Grand Prix,,Paula Badosa,,https://www.wtatennis.com/resources/v7.31.10/i/elements/flags/esp.svg,Round of 16,W,"7-64, 4-6, 3-3",https://www.wtatennis.com/players/320124/paula-badosa,True,False,False,True,False,False,True,3,True,87,14,73,ES,ESP,724,150,Europe,Southern Europe,ESP,"7,64,None|4,6,None|3,3,None|Ret",
3,Porsche Tennis Grand Prix,https://photoresources.wtatennis.com/photo-resources/2025/04/16/73f25721-54c3-4754-84f2-c67e607edd39/WTA-Tournament_Stuttgart-2017.png?height=128,https://www.wtatennis.com/tournaments/1051/stuttgart/2024,WTA 500,Clay,https://www.wtatennis.com/resources/v7.31.10/i/elements/500k-tag.svg,2024-04-15,2024-04-21,2024,4,Stuttgart,,,DE,DEU,276,150,,Europe,Central Europe,GER,,108.0,23435.0,32M/16Q/16D,Porsche Tennis Grand Prix,,,,,Round of 32,,Bye,,False,False,True,False,False,False,False,0,False,0,0,0,,,,,,,,,
1,Miami Open Presented By Itaú,https://photoresources.wtatennis.com/photo-resources/2025/04/16/ad3c213f-6323-4422-bb86-ff92e8cb213c/WTA-Tournament_Miami-2024.png?height=128,https://www.wtatennis.com/tournaments/902/miami/2024,WTA 1000,Hard,https://www.wtatennis.com/resources/v7.31.10/i/elements/1000k-tag.svg,2024-03-19,2024-03-31,2024,3,Miami,UKR,FL,US,USA,840,019,,America,Northern America,USA,36.0,65.0,59100.0,128M/48Q/32D,Miami Open Presented By Itaú,,Anhelina Kalinina,32.0,https://www.wtatennis.com/resources/v7.31.10/i/elements/flags/ukr.svg,Round of 32,L,"4-6, 6-1, 1-6",https://www.wtatennis.com/players/320567/anhelina-kalinina,False,False,False,False,False,False,False,3,False,24,11,13,UA,UKR,804,150,Europe,Eastern Europe,UKR,"4,6,None|6,1,None|1,6,None",
2,Miami Open Presented By Itaú,https://photoresources.wtatennis.com/photo-resources/2025/04/16/ad3c213f-6323-4422-bb86-ff92e8cb213c/WTA-Tournament_Miami-2024.png?height=128,https://www.wtatennis.com/tournaments/902/miami/2024,WTA 1000,Hard,https://www.wtatennis.com/resources/v7.31.10/i/elements/1000k-tag.svg,2024-03-19,2024-03-31,2024,3,Miami,ESP,FL,US,USA,840,019,Kingdom of Spain,America,Northern America,USA,80.0,65.0,59100.0,128M/48Q/32D,Miami Open Presented By Itaú,,Paula Badosa,,https://www.wtatennis.com/resources/v7.31.10/i/elements/flags/esp.svg,Round of 64,W,"6-4, 6-3",https://www.wtatennis.com/players/320124/paula-badosa,False,False,False,False,False,False,False,2,True,19,12,7,ES,ESP,724,150,Europe,Southern Europe,ESP,"6,4,None|6,3,None",
3,Miami Open Presented By Itaú,https://photoresources.wtatennis.com/photo-resources/2025/04/16/ad3c213f-6323-4422-bb86-ff92e8cb213c/WTA-Tournament_Miami-2024.png?height=128,https://www.wtatennis.com/tournaments/902/miami/2024,WTA 1000,Hard,https://www.wtatennis.com/resources/v7.31.10/i/elements/1000k-tag.svg,2024-03-19,2024-03-31,2024,3,Miami,,FL,US,USA,840,019,,America,Northern America,USA,,65.0,59100.0,128M/48Q/32D,Miami Open Presented By Itaú,,,,,Round of 128,,Bye,,False,False,True,False,False,False,False,0,False,0,0,0,,,,,,,,,
1,Bnp Paribas Open,https://photoresources.wtatennis.com/photo-resources/2025/04/16/e155ccb6-5daf-4a93-8fa1-a30ce14c2704/WTA-Tournament_Indian-Wells-2017.png?height=128,https://www.wtatennis.com/tournaments/609/indian-wells/2024,WTA 1000,Hard,https://www.wtatennis.com/resources/v7.31.10/i/elements/1000k-tag.svg,2024-03-06,2024-03-17,2024,3,Indian Wells,USA,CA,US,USA,840,019,United States of America|America|USA|US,America,Northern America,USA,23.0,120.0,101000.0,128M/48Q/32D,Bnp Paribas Open,,Emma Navarro,23.0,https://www.wtatennis.com/resources/v7.31.10/i/elements/flags/usa.svg,Round of 16,L,"3-6, 6-3, 2-6",https://www.wtatennis.com/players/325410/emma-navarro,False,False,False,False,False,False,False,3,False,26,11,15,US,USA,840,019,America,Northern America,USA,"3,6,None|6,3,None|2,6,None",
2,Bnp Paribas Open,https://photoresources.wtatennis.com/photo-resources/2025/04/16/e155ccb6-5daf-4a93-8fa1-a30ce14c2704/WTA-Tournament_Indian-Wells-2017.png?height=128,https://www.wtatennis.com/tournaments/609/indian-wells/2024,WTA 1000,Hard,https://www.wtatennis.com/resources/v7.31.10/i/elements/1000k-tag.svg,2024-03-06,2024-03-17,2024,3,Indian Wells,GBR,CA,US,USA,840,019,Britain|UK|Great Britain|United Kingdom,America,Northern America,USA,250.0,120.0,101000.0,128M/48Q/32D,Bnp Paribas Open,,Emma Raducanu,,https://www.wtatennis.com/resources/v7.31.10/i/elements/flags/gbr.svg,Round of 32,W,"6-3, 7-5",https://www.wtatennis.com/players/328366/emma-raducanu,False,False,False,False,False,False,False,2,True,21,13,8,GB,GBR,826,150,Europe,Northern Europe,ENG,"6,3,None|7,5,None",
3,Bnp Paribas Open,https://photoresources.wtatennis.com/photo-resources/2025/04/16/e155ccb6-5daf-4a93-8fa1-a30ce14c2704/WTA-Tournament_Indian-Wells-2017.png?height=128,https://www.wtatennis.com/tournaments/609/indian-wells/2024,WTA 1000,Hard,https://www.wtatennis.com/resources/v7.31.10/i/elements/1000k-tag.svg,2024-03-06,2024-03-17,2024,3,Indian Wells,USA,CA,US,USA,840,019,United States of America|America|USA|US,America,Northern America,USA,64.0,120.0,101000.0,128M/48Q/32D,Bnp Paribas Open,,Peyton Stearns,,https://www.wtatennis.com/resources/v7.31.10/i/elements/flags/usa.svg,Round of 64,W,"6-7 (2), 6-2, 7-6 (6)",https://www.wtatennis.com/players/327573/peyton-stearns,False,False,False,True,False,True,True,3,False,34,19,15,US,USA,840,019,America,Northern America,USA,"6,7,2|6,2,None|7,6,6",
4,Bnp Paribas Open,https://photoresources.wtatennis.com/photo-resources/2025/04/16/e155ccb6-5daf-4a93-8fa1-a30ce14c2704/WTA-Tournament_Indian-Wells-2017.png?height=128,https://www.wtatennis.com/tournaments/609/indian-wells/2024,WTA 1000,Hard,https://www.wtatennis.com/resources/v7.31.10/i/elements/1000k-tag.svg,2024-03-06,2024-03-17,2024,3,Indian Wells,,CA,US,USA,840,019,,America,Northern America,USA,,120.0,101000.0,128M/48Q/32D,Bnp Paribas Open,,,,,Round of 128,,Bye,,False,False,True,False,False,False,False,0,False,0,0,0,,,,,,,,,
1,Dubai Duty Free Tennis Championships,https://photoresources.wtatennis.com/photo-resources/2025/04/16/aa274c10-fd33-4715-ac0e-d74441b27a54/WTA-Tournament_Dubai-2017.png?height=128,https://www.wtatennis.com/tournaments/718/dubai/2024,WTA 1000,Hard,https://www.wtatennis.com/resources/v7.31.10/i/elements/1000k-tag.svg,2024-02-18,2024-02-24,2024,2,Dubai,CRO,,AE,ARE,784,142,,Asia,Western Asia,UAE,31.0,10.0,20650.0,64M/32Q/32D,Dubai Duty Free Tennis Championships,,Donna Vekic,,https://www.wtatennis.com/resources/v7.31.10/i/elements/flags/cro.svg,Round of 32,L,"7-6 (5), 3-6, 0-6",https://www.wtatennis.com/players/318516/donna-vekic,False,False,False,True,False,False,True,3,True,28,10,18,HR,HRV,191,150,Europe,Southeastern Europe,CRO,"7,6,5|3,6,None|0,6,None",
2,Dubai Duty Free Tennis Championships,https://photoresources.wtatennis.com/photo-resources/2025/04/16/aa274c10-fd33-4715-ac0e-d74441b27a54/WTA-Tournament_Dubai-2017.png?height=128,https://www.wtatennis.com/tournaments/718/dubai/2024,WTA 1000,Hard,https://www.wtatennis.com/resources/v7.31.10/i/elements/1000k-tag.svg,2024-02-18,2024-02-24,2024,2,Dubai,,,AE,ARE,784,142,,Asia,Western Asia,UAE,,10.0,20650.0,64M/32Q/32D,Dubai Duty Free Tennis Championships,,,,,Round of 64,,Bye,,False,False,True,False,False,False,False,0,False,0,0,0,,,,,,,,,
1,Australian Open,https://photoresources.wtatennis.com/photo-resources/2025/04/16/20886615-8c76-4d00-b747-7946c3692df2/WTA-Tournament_Australian-Open.png?height=128,https://www.wtatennis.com/tournaments/901/australian-open/2024,Grand Slam,Hard,https://www.wtatennis.com/resources/v7.31.10/i/elements/gs-tag.svg,2024-01-14,2024-01-28,2024,1,Melbourne,CHN,,AU,AUS,036,009,,Oceania,Australasia,AUS,15.0,2000.0,2083371.0,128M/128Q/64D,Australian Open,,Qinwen Zheng,12.0,https://www.wtatennis.com/resources/v7.31.10/i/elements/flags/chn.svg,Finals,W,"6-3, 6-2",https://www.wtatennis.com/players/328120/qinwen-zheng,False,False,False,False,False,False,False,2,True,17,12,5,CN,CHN,156,142,Asia,East Asia,CHN,"6,3,None|6,2,None",
2,Australian Open,https://photoresources.wtatennis.com/photo-resources/2025/04/16/20886615-8c76-4d00-b747-7946c3692df2/WTA-Tournament_Australian-Open.png?height=128,https://www.wtatennis.com/tournaments/901/australian-open/2024,Grand Slam,Hard,https://www.wtatennis.com/resources/v7.31.10/i/elements/gs-tag.svg,2024-01-14,2024-01-28,2024,1,Melbourne,USA,,AU,AUS,036,009,United States of America|America|USA|US,Oceania,Australasia,AUS,4.0,2000.0,2083371.0,128M/128Q/64D,Australian Open,,Coco Gauff,4.0,https://www.wtatennis.com/resources/v7.31.10/i/elements/flags/usa.svg,Semifinals,W,"7-6 (2), 6-4",https://www.wtatennis.com/players/328560/coco-gauff,False,False,False,True,False,False,True,2,True,23,13,10,US,USA,840,019,America,Northern America,USA,"7,6,2|6,4,None",
3,Australian Open,https://photoresources.wtatennis.com/photo-resources/2025/04/16/20886615-8c76-4d00-b747-7946c3692df2/WTA-Tournament_Australian-Open.png?height=128,https://www.wtatennis.com/tournaments/901/australian-open/2024,Grand Slam,Hard,https://www.wtatennis.com/resources/v7.31.10/i/elements/gs-tag.svg,2024-01-14,2024-01-28,2024,1,Melbourne,CZE,,AU,AUS,036,009,,Oceania,Australasia,AUS,11.0,2000.0,2083371.0,128M/128Q/64D,Australian Open,,Barbora Krejcikova,9.0,https://www.wtatennis.com/resources/v7.31.10/i/elements/flags/cze.svg,Quarterfinals,W,"6-2, 6-3",https://www.wtatennis.com/players/318314/barbora-krejcikova,False,False,False,False,False,False,False,2,True,17,12,5,CZ,CZE,203,150,Europe,Central Europe,CZE,"6,2,None|6,3,None",
4,Australian Open,https://photoresources.wtatennis.com/photo-resources/2025/04/16/20886615-8c76-4d00-b747-7946c3692df2/WTA-Tournament_Australian-Open.png?height=128,https://www.wtatennis.com/tournaments/901/australian-open/2024,Grand Slam,Hard,https://www.wtatennis.com/resources/v7.31.10/i/elements/gs-tag.svg,2024-01-14,2024-01-28,2024,1,Melbourne,USA,,AU,AUS,036,009,United States of America|America|USA|US,Oceania,Australasia,AUS,442.0,2000.0,2083371.0,128M/128Q/64D,Australian Open,,Amanda Anisimova,,https://www.wtatennis.com/resources/v7.31.10/i/elements/flags/usa.svg,Round of 16,W,"6-3, 6-2",https://www.wtatennis.com/players/326384/amanda-anisimova,False,False,False,False,False,False,False,2,True,17,12,5,US,USA,840,019,America,Northern America,USA,"6,3,None|6,2,None",
5,Australian Open,https://photoresources.wtatennis.com/photo-resources/2025/04/16/20886615-8c76-4d00-b747-7946c3692df2/WTA-Tournament_Australian-Open.png?height=128,https://www.wtatennis.com/tournaments/901/australian-open/2024,Grand Slam,Hard,https://www.wtatennis.com/resources/v7.31.10/i/elements/gs-tag.svg,2024-01-14,2024-01-28,2024,1,Melbourne,UKR,,AU,AUS,036,009,,Oceania,Australasia,AUS,33.0,2000.0,2083371.0,128M/128Q/64D,Australian Open,,Lesia Tsurenko,28.0,https://www.wtatennis.com/resources/v7.31.10/i/elements/flags/ukr.svg,Round of 32,W,"6-0, 6-0",https://www.wtatennis.com/players/315295/lesia-tsurenko,False,False,False,False,False,False,False,2,True,12,12,0,UA,UKR,804,150,Europe,Eastern Europe,UKR,"6,0,None|6,0,None",
6,Australian Open,https://photoresources.wtatennis.com/photo-resources/2025/04/16/20886615-8c76-4d00-b747-7946c3692df2/WTA-Tournament_Australian-Open.png?height=128,https://www.wtatennis.com/tournaments/901/australian-open/2024,Grand Slam,Hard,https://www.wtatennis.com/resources/v7.31.10/i/elements/gs-tag.svg,2024-01-14,2024-01-28,2024,1,Melbourne,CZE,,AU,AUS,036,009,,Oceania,Australasia,AUS,107.0,2000.0,2083371.0,128M/128Q/64D,Australian Open,,Brenda Fruhvirtova,,https://www.wtatennis.com/resources/v7.31.10/i/elements/flags/cze.svg,Round of 64,W,"6-3, 6-2",https://www.wtatennis.com/players/331545/brenda-fruhvirtova,False,False,False,False,False,False,False,2,True,17,12,5,CZ,CZE,203,150,Europe,Central Europe,CZE,"6,3,None|6,2,None",
7,Australian Open,https://photoresources.wtatennis.com/photo-resources/2025/04/16/20886615-8c76-4d00-b747-7946c3692df2/WTA-Tournament_Australian-Open.png?height=128,https://www.wtatennis.com/tournaments/901/australian-open/2024,Grand Slam,Hard,https://www.wtatennis.com/resources/v7.31.10/i/elements/gs-tag.svg,2024-01-14,2024-01-28,2024,1,Melbourne,GER,,AU,AUS,036,009,,Oceania,Australasia,AUS,173.0,2000.0,2083371.0,128M/128Q/64D,Australian Open,,Ella Seidel,,https://www.wtatennis.com/resources/v7.31.10/i/elements/flags/ger.svg,Round of 128,W,"6-0, 6-1",https://www.wtatennis.com/players/330548/ella-seidel,False,False,False,False,False,False,False,2,True,13,12,1,DE,DEU,276,150,Europe,Central Europe,GER,"6,0,None|6,1,None",
1,Brisbane International Presented By Evie,https://photoresources.wtatennis.com/photo-resources/2025/04/16/9050b115-2984-4344-932a-01bc17817720/WTA-Tournament_Brisbane-2025.png?height=128,https://www.wtatennis.com/tournaments/800/brisbane/2024,WTA 500,Hard,https://www.wtatennis.com/resources/v7.31.10/i/elements/500k-tag.svg,2024-12-31,2024-01-07,2024,12,Brisbane,KAZ,,AU,AUS,036,009,,Oceania,Australasia,AUS,4.0,325.0,135000.0,64M/24Q/32D,Brisbane International Presented By Evie,,Elena Rybakina,2.0,https://www.wtatennis.com/resources/v7.31.10/i/elements/flags/kaz.svg,Finals,L,"0-6, 3-6",https://www.wtatennis.com/players/324166/elena-rybakina,False,False,False,False,False,False,False,2,False,15,3,12,KZ,KAZ,398,142,Asia,Central Asia,KAZ,"0,6,None|3,6,None",
2,Brisbane International Presented By Evie,https://photoresources.wtatennis.com/photo-resources/2025/04/16/9050b115-2984-4344-932a-01bc17817720/WTA-Tournament_Brisbane-2025.png?height=128,https://www.wtatennis.com/tournaments/800/brisbane/2024,WTA 500,Hard,https://www.wtatennis.com/resources/v7.31.10/i/elements/500k-tag.svg,2024-12-31,2024-01-07,2024,12,Brisbane,BLR,,AU,AUS,036,009,,Oceania,Australasia,AUS,23.0,325.0,135000.0,64M/24Q/32D,Brisbane International Presented By Evie,,Victoria Azarenka,8.0,https://www.wtatennis.com/resources/v7.31.10/i/elements/flags/blr.svg,Semifinals,W,"6-2, 6-4",https://www.wtatennis.com/players/312001/victoria-azarenka,False,False,False,False,False,False,False,2,True,18,12,6,BY,BLR,112,150,Europe,Eastern Europe,BLR,"6,2,None|6,4,None",
3,Brisbane International Presented By Evie,https://photoresources.wtatennis.com/photo-resources/2025/04/16/9050b115-2984-4344-932a-01bc17817720/WTA-Tournament_Brisbane-2025.png?height=128,https://www.wtatennis.com/tournaments/800/brisbane/2024,WTA 500,Hard,https://www.wtatennis.com/resources/v7.31.10/i/elements/500k-tag.svg,2024-12-31,2024-01-07,2024,12,Brisbane,AUS,,AU,AUS,036,009,,Oceania,Australasia,AUS,18.0,325.0,135000.0,64M/24Q/32D,Brisbane International Presented By Evie,,Daria Kasatkina,5.0,https://www.wtatennis.com/resources/v7.31.10/i/elements/flags/aus.svg,Quarterfinals,W,"6-1, 6-4",https://www.wtatennis.com/players/322082/daria-kasatkina,False,False,False,False,False,False,False,2,True,17,12,5,AU,AUS,036,009,Oceania,Australasia,AUS,"6,1,None|6,4,None",
4,Brisbane International Presented By Evie,https://photoresources.wtatennis.com/photo-resources/2025/04/16/9050b115-2984-4344-932a-01bc17817720/WTA-Tournament_Brisbane-2025.png?height=128,https://www.wtatennis.com/tournaments/800/brisbane/2024,WTA 500,Hard,https://www.wtatennis.com/resources/v7.31.10/i/elements/500k-tag.svg,2024-12-31,2024-01-07,2024,12,Brisbane,CHN,,AU,AUS,036,009,,Oceania,Australasia,AUS,33.0,325.0,135000.0,64M/24Q/32D,Brisbane International Presented By Evie,,Lin Zhu,15.0,https://www.wtatennis.com/resources/v7.31.10/i/elements/flags/chn.svg,Round of 16,W,"6-1, 6-0",https://www.wtatennis.com/players/317306/lin-zhu,False,False,False,False,False,False,False,2,True,13,12,1,CN,CHN,156,142,Asia,East Asia,CHN,"6,1,None|6,0,None",
5,Brisbane International Presented By Evie,https://photoresources.wtatennis.com/photo-resources/2025/04/16/9050b115-2984-4344-932a-01bc17817720/WTA-Tournament_Brisbane-2025.png?height=128,https://www.wtatennis.com/tournaments/800/brisbane/2024,WTA 500,Hard,https://www.wtatennis.com/resources/v7.31.10/i/elements/500k-tag.svg,2024-12-31,2024-01-07,2024,12,Brisbane,ITA,,AU,AUS,036,009,,Oceania,Australasia,AUS,52.0,325.0,135000.0,64M/24Q/32D,Brisbane International Presented By Evie,,Lucia Bronzetti,,https://www.wtatennis.com/resources/v7.31.10/i/elements/flags/ita.svg,Round of 32,W,"6-3, 6-0",https://www.wtatennis.com/players/322280/lucia-bronzetti,False,False,False,False,False,False,False,2,True,15,12,3,IT,ITA,380,150,Europe,Southern Europe,ITA,"6,3,None|6,0,None",
6,Brisbane International Presented By Evie,https://photoresources.wtatennis.com/photo-resources/2025/04/16/9050b115-2984-4344-932a-01bc17817720/WTA-Tournament_Brisbane-2025.png?height=128,https://www.wtatennis.com/tournaments/800/brisbane/2024,WTA 500,Hard,https://www.wtatennis.com/resources/v7.31.10/i/elements/500k-tag.svg,2024-12-31,2024-01-07,2024,12,Brisbane,,,AU,AUS,036,009,,Oceania,Australasia,AUS,,325.0,135000.0,64M/24Q/32D,Brisbane International Presented By Evie,,,,,Round of 64,,Bye,,False,False,True,False,False,False,False,0,False,0,0,0,,,,,,,,,
1,Gnp Seguros Wta Finals Cancun,https://photoresources.wtatennis.com/photo-resources/2025/10/16/b04a642b-ddb5-40c8-91f1-26a2d61650fe/WTA-finals.png?height=128,https://www.wtatennis.com/tournaments/808/wta-finals/2023,Finals,Hard,https://www.wtatennis.com/resources/v7.31.10/i/elements/finals-tag.svg,2023-10-29,2023-11-06,2023,10,Cancun,POL,,MX,MEX,484,019,,America,Central America,MEX,2.0,,648000.0,9M/0Q/16D,Gnp Seguros Wta Finals Cancun,,Iga Swiatek,2.0,https://www.wtatennis.com/resources/v7.31.10/i/elements/flags/pol.svg,Semifinals,L,"3-6, 2-6",https://www.wtatennis.com/players/326408/iga-swiatek,False,False,False,False,False,False,False,2,False,17,5,12,PL,POL,616,150,Europe,Central Europe,POL,"3,6,None|2,6,None",
2,Gnp Seguros Wta Finals Cancun,https://photoresources.wtatennis.com/photo-resources/2025/10/16/b04a642b-ddb5-40c8-91f1-26a2d61650fe/WTA-finals.png?height=128,https://www.wtatennis.com/tournaments/808/wta-finals/2023,Finals,Hard,https://www.wtatennis.com/resources/v7.31.10/i/elements/finals-tag.svg,2023-10-29,2023-11-06,2023,10,Cancun,KAZ,,MX,MEX,484,019,,America,Central America,MEX,4.0,,648000.0,9M/0Q/16D,Gnp Seguros Wta Finals Cancun,,Elena Rybakina,4.0,https://www.wtatennis.com/resources/v7.31.10/i/elements/flags/kaz.svg,Group Stage Group,W,"6-2, 3-6, 6-3",https://www.wtatennis.com/players/324166/elena-rybakina,False,False,False,False,False,False,False,3,True,26,15,11,KZ,KAZ,398,142,Asia,Central Asia,KAZ,"6,2,None|3,6,None|6,3,None",
3,Gnp Seguros Wta Finals Cancun,https://photoresources.wtatennis.com/photo-resources/2025/10/16/b04a642b-ddb5-40c8-91f1-26a2d61650fe/WTA-finals.png?height=128,https://www.wtatennis.com/tournaments/808/wta-finals/2023,Finals,Hard,https://www.wtatennis.com/resources/v7.31.10/i/elements/finals-tag.svg,2023-10-29,2023-11-06,2023,10,Cancun,USA,,MX,MEX,484,019,United States of America|America|USA|US,America,Central America,MEX,5.0,,648000.0,9M/0Q/16D,Gnp Seguros Wta Finals Cancun,,Jessica Pegula,5.0,https://www.wtatennis.com/resources/v7.31.10/i/elements/flags/usa.svg,Group Stage Group,L,"4-6, 3-6",https://www.wtatennis.com/players/316956/jessica-pegula,False,False,False,False,False,False,False,2,False,19,7,12,US,USA,840,019,America,Northern America,USA,"4,6,None|3,6,None",
4,Gnp Seguros Wta Finals Cancun,https://photoresources.wtatennis.com/photo-resources/2025/10/16/b04a642b-ddb5-40c8-91f1-26a2d61650fe/WTA-finals.png?height=128,https://www.wtatennis.com/tournaments/808/wta-finals/2023,Finals,Hard,https://www.wtatennis.com/resources/v7.31.10/i/elements/finals-tag.svg,2023-10-29,2023-11-06,2023,10,Cancun,GRE,,MX,MEX,484,019,,America,Central America,MEX,9.0,,648000.0,9M/0Q/16D,Gnp Seguros Wta Finals Cancun,,Maria Sakkari,8.0,https://www.wtatennis.com/resources/v7.31.10/i/elements/flags/gre.svg,Group Stage Group,W,"6-0, 6-1",https://www.wtatennis.com/players/318312/maria-sakkari,False,False,False,False,False,False,False,2,True,13,12,1,GR,GRC,300,150,Europe,Southeastern Europe,GRE,"6,0,None|6,1,None",
1,China Open,,https://www.wtatennis.com/tournaments/1020/beijing/2023,WTA 1000,Hard,https://www.wtatennis.com/resources/v7.31.10/i/elements/1000k-tag.svg,2023-09-30,2023-10-08,2023,9,Beijing,KAZ,,CN,CHN,156,142,,Asia,East Asia,CHN,5.0,215.0,185018.0,64M/32Q/32D,China Open,,Elena Rybakina,5.0,https://www.wtatennis.com/resources/v7.31.10/i/elements/flags/kaz.svg,Quarterfinals,L,"5-7, 2-6",https://www.wtatennis.com/players/324166/elena-rybakina,False,False,False,False,False,False,False,2,False,20,7,13,KZ,KAZ,398,142,Asia,Central Asia,KAZ,"5,7,None|2,6,None",
2,China Open,,https://www.wtatennis.com/tournaments/1020/beijing/2023,WTA 1000,Hard,https://www.wtatennis.com/resources/v7.31.10/i/elements/1000k-tag.svg,2023-09-30,2023-10-08,2023,9,Beijing,ITA,,CN,CHN,156,142,,Asia,East Asia,CHN,36.0,215.0,185018.0,64M/32Q/32D,China Open,,Jasmine Paolini,,https://www.wtatennis.com/resources/v7.31.10/i/elements/flags/ita.svg,Round of 16,W,"6-4, 7-6 (4)",https://www.wtatennis.com/players/319280/jasmine-paolini,False,False,False,False,True,False,True,2,True,23,13,10,IT,ITA,380,150,Europe,Southern Europe,ITA,"6,4,None|7,6,4",
3,China Open,,https://www.wtatennis.com/tournaments/1020/beijing/2023,WTA 1000,Hard,https://www.wtatennis.com/resources/v7.31.10/i/elements/1000k-tag.svg,2023-09-30,2023-10-08,2023,9,Beijing,GBR,,CN,CHN,156,142,Britain|UK|Great Britain|United Kingdom,Asia,East Asia,CHN,56.0,215.0,185018.0,64M/32Q/32D,China Open,,Katie Boulter,,https://www.wtatennis.com/resources/v7.31.10/i/elements/flags/gbr.svg,Round of 32,W,"7-5, 7-6 (2)",https://www.wtatennis.com/players/319125/katie-boulter,False,False,False,False,True,False,True,2,True,25,14,11,GB,GBR,826,150,Europe,Northern Europe,ENG,"7,5,None|7,6,2",
4,China Open,,https://www.wtatennis.com/tournaments/1020/beijing/2023,WTA 1000,Hard,https://www.wtatennis.com/resources/v7.31.10/i/elements/1000k-tag.svg,2023-09-30,2023-10-08,2023,9,Beijing,USA,,CN,CHN,156,142,United States of America|America|USA|US,Asia,East Asia,CHN,31.0,215.0,185018.0,64M/32Q/32D,China Open,,Sofia Kenin,,https://www.wtatennis.com/resources/v7.31.10/i/elements/flags/usa.svg,Round of 64,W,"6-1, 6-2",https://www.wtatennis.com/players/320942/sofia-kenin,False,False,False,False,False,False,False,2,True,15,12,3,US,USA,840,019,America,Northern America,USA,"6,1,None|6,2,None",
1,Us Open,https://photoresources.wtatennis.com/photo-resources/2025/04/16/295289d9-36fa-408a-8586-2b407d930c10/WTA-Tournament_US-Open.png?height=128,https://www.wtatennis.com/tournaments/905/us-open/2023,Grand Slam,Hard,https://www.wtatennis.com/resources/v7.31.10/i/elements/gs-tag.svg,2023-08-28,2023-09-10,2023,8,New York,USA,NY,US,USA,840,019,United States of America|America|USA|US,America,Northern America,USA,6.0,1300.0,1500000.0,128M/128Q/64D,Us Open,,Coco Gauff,6.0,https://www.wtatennis.com/resources/v7.31.10/i/elements/flags/usa.svg,Finals,L,"6-2, 3-6, 2-6",https://www.wtatennis.com/players/328560/coco-gauff,False,False,False,False,False,False,False,3,True,25,11,14,US,USA,840,019,America,Northern America,USA,"6,2,None|3,6,None|2,6,None",
2,Us Open,https://photoresources.wtatennis.com/photo-resources/2025/04/16/295289d9-36fa-408a-8586-2b407d930c10/WTA-Tournament_US-Open.png?height=128,https://www.wtatennis.com/tournaments/905/us-open/2023,Grand Slam,Hard,https://www.wtatennis.com/resources/v7.31.10/i/elements/gs-tag.svg,2023-08-28,2023-09-10,2023,8,New York,USA,NY,US,USA,840,019,United States of America|America|USA|US,America,Northern America,USA,17.0,1300.0,1500000.0,128M/128Q/64D,Us Open,,Madison Keys,17.0,https://www.wtatennis.com/resources/v7.31.10/i/elements/flags/usa.svg,Semifinals,W,"0-6, 7-6 (1), 7-6 (5)",https://www.wtatennis.com/players/316959/madison-keys,False,False,False,False,True,True,True,3,False,32,14,18,US,USA,840,019,America,Northern America,USA,"0,6,None|7,6,1|7,6,5",
3,Us Open,https://photoresources.wtatennis.com/photo-resources/2025/04/16/295289d9-36fa-408a-8586-2b407d930c10/WTA-Tournament_US-Open.png?height=128,https://www.wtatennis.com/tournaments/905/us-open/2023,Grand Slam,Hard,https://www.wtatennis.com/resources/v7.31.10/i/elements/gs-tag.svg,2023-08-28,2023-09-10,2023,8,New York,CHN,NY,US,USA,840,019,,America,Northern America,USA,23.0,1300.0,1500000.0,128M/128Q/64D,Us Open,,Qinwen Zheng,23.0,https://www.wtatennis.com/resources/v7.31.10/i/elements/flags/chn.svg,Quarterfinals,W,"6-1, 6-4",https://www.wtatennis.com/players/328120/qinwen-zheng,False,False,False,False,False,False,False,2,True,17,12,5,CN,CHN,156,142,Asia,East Asia,CHN,"6,1,None|6,4,None",
4,Us Open,https://photoresources.wtatennis.com/photo-resources/2025/04/16/295289d9-36fa-408a-8586-2b407d930c10/WTA-Tournament_US-Open.png?height=128,https://www.wtatennis.com/tournaments/905/us-open/2023,Grand Slam,Hard,https://www.wtatennis.com/resources/v7.31.10/i/elements/gs-tag.svg,2023-08-28,2023-09-10,2023,8,New York,AUS,NY,US,USA,840,019,,America,Northern America,USA,14.0,1300.0,1500000.0,128M/128Q/64D,Us Open,,Daria Kasatkina,13.0,https://www.wtatennis.com/resources/v7.31.10/i/elements/flags/aus.svg,Round of 16,W,"6-1, 6-3",https://www.wtatennis.com/players/322082/daria-kasatkina,False,False,False,False,False,False,False,2,True,16,12,4,AU,AUS,036,009,Oceania,Australasia,AUS,"6,1,None|6,3,None",
5,Us Open,https://photoresources.wtatennis.com/photo-resources/2025/04/16/295289d9-36fa-408a-8586-2b407d930c10/WTA-Tournament_US-Open.png?height=128,https://www.wtatennis.com/tournaments/905/us-open/2023,Grand Slam,Hard,https://www.wtatennis.com/resources/v7.31.10/i/elements/gs-tag.svg,2023-08-28,2023-09-10,2023,8,New York,FRA,NY,US,USA,840,019,,America,Northern America,USA,62.0,1300.0,1500000.0,128M/128Q/64D,Us Open,,Clara Burel,,https://www.wtatennis.com/resources/v7.31.10/i/elements/flags/fra.svg,Round of 32,W,"6-1, 6-1",https://www.wtatennis.com/players/325320/clara-burel,False,False,False,False,False,False,False,2,True,14,12,2,FR,FRA,250,150,Europe,Western Europe,FRA,"6,1,None|6,1,None",
6,Us Open,https://photoresources.wtatennis.com/photo-resources/2025/04/16/295289d9-36fa-408a-8586-2b407d930c10/WTA-Tournament_US-Open.png?height=128,https://www.wtatennis.com/tournaments/905/us-open/2023,Grand Slam,Hard,https://www.wtatennis.com/resources/v7.31.10/i/elements/gs-tag.svg,2023-08-28,2023-09-10,2023,8,New York,GBR,NY,US,USA,840,019,Britain|UK|Great Britain|United Kingdom,America,Northern America,USA,96.0,1300.0,1500000.0,128M/128Q/64D,Us Open,,Jodie Burrage,,https://www.wtatennis.com/resources/v7.31.10/i/elements/flags/gbr.svg,Round of 64,W,"6-3, 6-2",https://www.wtatennis.com/players/323802/jodie-burrage,False,False,False,False,False,False,False,2,True,17,12,5,GB,GBR,826,150,Europe,Northern Europe,ENG,"6,3,None|6,2,None",
7,Us Open,https://photoresources.wtatennis.com/photo-resources/2025/04/16/295289d9-36fa-408a-8586-2b407d930c10/WTA-Tournament_US-Open.png?height=128,https://www.wtatennis.com/tournaments/905/us-open/2023,Grand Slam,Hard,https://www.wtatennis.com/resources/v7.31.10/i/elements/gs-tag.svg,2023-08-28,2023-09-10,2023,8,New York,BEL,NY,US,USA,840,019,,America,Northern America,USA,112.0,1300.0,1500000.0,128M/128Q/64D,Us Open,,Maryna Zanevska,,https://www.wtatennis.com/resources/v7.31.10/i/elements/flags/bel.svg,Round of 128,W,"6-3, 6-2",https://www.wtatennis.com/players/317094/maryna-zanevska,False,False,False,False,False,False,False,2,True,17,12,5,BE,BEL,056,150,Europe,Western Europe,BEL,"6,3,None|6,2,None",
1,Western & Southern Open,https://photoresources.wtatennis.com/photo-resources/2025/04/16/17c99db9-c289-451d-8cd9-65e8d9a25a26/WTA-Tournament_Cincinnati-2024.png?height=128,https://www.wtatennis.com/tournaments/1017/cincinnati/2023,WTA 1000,Hard,https://www.wtatennis.com/resources/v7.31.10/i/elements/1000k-tag.svg,2023-08-14,2023-08-20,2023,8,Cincinnati,CZE,OH,US,USA,840,019,,America,Northern America,USA,17.0,350.0,138000.0,64M/32Q/32D,Western & Southern Open,,Karolina Muchova,,https://www.wtatennis.com/resources/v7.31.10/i/elements/flags/cze.svg,Semifinals,L,"7-6 (4), 3-6, 2-6",https://www.wtatennis.com/players/322191/karolina-muchova,False,False,False,True,False,False,True,3,True,30,12,18,CZ,CZE,203,150,Europe,Central Europe,CZE,"7,6,4|3,6,None|2,6,None",
2,Western & Southern Open,https://photoresources.wtatennis.com/photo-resources/2025/04/16/17c99db9-c289-451d-8cd9-65e8d9a25a26/WTA-Tournament_Cincinnati-2024.png?height=128,https://www.wtatennis.com/tournaments/1017/cincinnati/2023,WTA 1000,Hard,https://www.wtatennis.com/resources/v7.31.10/i/elements/1000k-tag.svg,2023-08-14,2023-08-20,2023,8,Cincinnati,TUN,OH,US,USA,840,019,,America,Northern America,USA,5.0,350.0,138000.0,64M/32Q/32D,Western & Southern Open,,Ons Jabeur,5.0,https://www.wtatennis.com/resources/v7.31.10/i/elements/flags/tun.svg,Quarterfinals,W,"7-5, 6-3",https://www.wtatennis.com/players/316847/ons-jabeur,False,False,False,False,False,False,False,2,True,21,13,8,TN,TUN,788,002,Africa,North Africa,TUN,"7,5,None|6,3,None",
3,Western & Southern Open,https://photoresources.wtatennis.com/photo-resources/2025/04/16/17c99db9-c289-451d-8cd9-65e8d9a25a26/WTA-Tournament_Cincinnati-2024.png?height=128,https://www.wtatennis.com/tournaments/1017/cincinnati/2023,WTA 1000,Hard,https://www.wtatennis.com/resources/v7.31.10/i/elements/1000k-tag.svg,2023-08-14,2023-08-20,2023,8,Cincinnati,AUS,OH,US,USA,840,019,,America,Northern America,USA,13.0,350.0,138000.0,64M/32Q/32D,Western & Southern Open,,Daria Kasatkina,14.0,https://www.wtatennis.com/resources/v7.31.10/i/elements/flags/aus.svg,Round of 16,W,"6-3, 6-3",https://www.wtatennis.com/players/322082/daria-kasatkina,False,False,False,False,False,False,False,2,True,18,12,6,AU,AUS,036,009,Oceania,Australasia,AUS,"6,3,None|6,3,None",
4,Western & Southern Open,https://photoresources.wtatennis.com/photo-resources/2025/04/16/17c99db9-c289-451d-8cd9-65e8d9a25a26/WTA-Tournament_Cincinnati-2024.png?height=128,https://www.wtatennis.com/tournaments/1017/cincinnati/2023,WTA 1000,Hard,https://www.wtatennis.com/resources/v7.31.10/i/elements/1000k-tag.svg,2023-08-14,2023-08-20,2023,8,Cincinnati,USA,OH,US,USA,840,019,United States of America|America|USA|US,America,Northern America,USA,192.0,350.0,138000.0,64M/32Q/32D,Western & Southern Open,,Ann Li,,https://www.wtatennis.com/resources/v7.31.10/i/elements/flags/usa.svg,Round of 32,W,"7-5, 2-6, 6-4",https://www.wtatennis.com/players/326096/ann-li,False,False,False,False,False,False,False,3,True,30,15,15,US,USA,840,019,America,Northern America,USA,"7,5,None|2,6,None|6,4,None",
5,Western & Southern Open,https://photoresources.wtatennis.com/photo-resources/2025/04/16/17c99db9-c289-451d-8cd9-65e8d9a25a26/WTA-Tournament_Cincinnati-2024.png?height=128,https://www.wtatennis.com/tournaments/1017/cincinnati/2023,WTA 1000,Hard,https://www.wtatennis.com/resources/v7.31.10/i/elements/1000k-tag.svg,2023-08-14,2023-08-20,2023,8,Cincinnati,,OH,US,USA,840,019,,America,Northern America,USA,,350.0,138000.0,64M/32Q/32D,Western & Southern Open,,,,,Round of 64,,Bye,,False,False,True,False,False,False,False,0,False,0,0,0,,,,,,,,,
1,Omnium Banque Nationale Présenté Par Rogers ,,https://www.wtatennis.com/tournaments/806/montreal/2023,WTA 1000,Hard,https://www.wtatennis.com/resources/v7.31.10/i/elements/1000k-tag.svg,2023-08-07,2023-08-13,2023,8,Montreal,RUS,,CA,CAN,124,019,,America,Northern America,CAN,18.0,105.0,31650.0,64M/32Q/32D,Omnium Banque Nationale Présenté Par Rogers ,,Liudmila Samsonova,15.0,https://www.wtatennis.com/resources/v7.31.10/i/elements/flags/rus.svg,Round of 16,L,"6-7 (2), 6-4, 3-6",https://www.wtatennis.com/players/322222/liudmila-samsonova,False,False,False,True,False,False,True,3,False,32,15,17,RU,RUS,643,150,Europe,Eastern Europe,RUS,"6,7,2|6,4,None|3,6,None",
2,Omnium Banque Nationale Présenté Par Rogers ,,https://www.wtatennis.com/tournaments/806/montreal/2023,WTA 1000,Hard,https://www.wtatennis.com/resources/v7.31.10/i/elements/1000k-tag.svg,2023-08-07,2023-08-13,2023,8,Montreal,CRO,,CA,CAN,124,019,,America,Northern America,CAN,35.0,105.0,31650.0,64M/32Q/32D,Omnium Banque Nationale Présenté Par Rogers ,,Petra Martic,,https://www.wtatennis.com/resources/v7.31.10/i/elements/flags/cro.svg,Round of 32,W,"6-3, 7-6 (5)",https://www.wtatennis.com/players/313711/petra-martic,False,False,False,False,True,False,True,2,True,22,13,9,HR,HRV,191,150,Europe,Southeastern Europe,CRO,"6,3,None|7,6,5",
3,Omnium Banque Nationale Présenté Par Rogers ,,https://www.wtatennis.com/tournaments/806/montreal/2023,WTA 1000,Hard,https://www.wtatennis.com/resources/v7.31.10/i/elements/1000k-tag.svg,2023-08-07,2023-08-13,2023,8,Montreal,,,CA,CAN,124,019,,America,Northern America,CAN,,105.0,31650.0,64M/32Q/32D,Omnium Banque Nationale Présenté Par Rogers ,,,,,Round of 64,,Bye,,False,False,True,False,False,False,False,0,False,0,0,0,,,,,,,,,
1,Wimbledon,https://photoresources.wtatennis.com/photo-resources/2025/04/16/710d860b-bce6-40c7-8838-a6272dbf6be6/WTA-Tournament_Wimbledon.png?height=128,https://www.wtatennis.com/tournaments/904/wimbledon/2023,Grand Slam,Grass,https://www.wtatennis.com/resources/v7.31.10/i/elements/gs-tag.svg,2023-07-03,2023-07-16,2023,7,Wimbledon,TUN,,GB,GBR,826,150,,Europe,Northern Europe,ENG,6.0,780.0,759436.0,128M/128Q/64D,"The Championships, Wimbledon",,Ons Jabeur,6.0,https://www.wtatennis.com/resources/v7.31.10/i/elements/flags/tun.svg,Semifinals,L,"7-6 (5), 4-6, 3-6",https://www.wtatennis.com/players/316847/ons-jabeur,False,False,False,True,False,False,True,3,True,32,14,18,TN,TUN,788,002,Africa,North Africa,TUN,"7,6,5|4,6,None|3,6,None",
2,Wimbledon,https://photoresources.wtatennis.com/photo-resources/2025/04/16/710d860b-bce6-40c7-8838-a6272dbf6be6/WTA-Tournament_Wimbledon.png?height=128,https://www.wtatennis.com/tournaments/904/wimbledon/2023,Grand Slam,Grass,https://www.wtatennis.com/resources/v7.31.10/i/elements/gs-tag.svg,2023-07-03,2023-07-16,2023,7,Wimbledon,USA,,GB,GBR,826,150,United States of America|America|USA|US,Europe,Northern Europe,ENG,18.0,780.0,759436.0,128M/128Q/64D,"The Championships, Wimbledon",,Madison Keys,25.0,https://www.wtatennis.com/resources/v7.31.10/i/elements/flags/usa.svg,Quarterfinals,W,"6-2, 6-4",https://www.wtatennis.com/players/316959/madison-keys,False,False,False,False,False,False,False,2,True,18,12,6,US,USA,840,019,America,Northern America,USA,"6,2,None|6,4,None",
3,Wimbledon,https://photoresources.wtatennis.com/photo-resources/2025/04/16/710d860b-bce6-40c7-8838-a6272dbf6be6/WTA-Tournament_Wimbledon.png?height=128,https://www.wtatennis.com/tournaments/904/wimbledon/2023,Grand Slam,Grass,https://www.wtatennis.com/resources/v7.31.10/i/elements/gs-tag.svg,2023-07-03,2023-07-16,2023,7,Wimbledon,RUS,,GB,GBR,826,150,,Europe,Northern Europe,ENG,22.0,780.0,759436.0,128M/128Q/64D,"The Championships, Wimbledon",,Ekaterina Alexandrova,21.0,https://www.wtatennis.com/resources/v7.31.10/i/elements/flags/rus.svg,Round of 16,W,"6-4, 6-0",https://www.wtatennis.com/players/319007/ekaterina-alexandrova,False,False,False,False,False,False,False,2,True,16,12,4,RU,RUS,643,150,Europe,Eastern Europe,RUS,"6,4,None|6,0,None",
4,Wimbledon,https://photoresources.wtatennis.com/photo-resources/2025/04/16/710d860b-bce6-40c7-8838-a6272dbf6be6/WTA-Tournament_Wimbledon.png?height=128,https://www.wtatennis.com/tournaments/904/wimbledon/2023,Grand Slam,Grass,https://www.wtatennis.com/resources/v7.31.10/i/elements/gs-tag.svg,2023-07-03,2023-07-16,2023,7,Wimbledon,RUS,,GB,GBR,826,150,,Europe,Northern Europe,ENG,40.0,780.0,759436.0,128M/128Q/64D,"The Championships, Wimbledon",,Anna Blinkova,,https://www.wtatennis.com/resources/v7.31.10/i/elements/flags/rus.svg,Round of 32,W,"6-2, 6-3",https://www.wtatennis.com/players/324267/anna-blinkova,False,False,False,False,False,False,False,2,True,17,12,5,RU,RUS,643,150,Europe,Eastern Europe,RUS,"6,2,None|6,3,None",
5,Wimbledon,https://photoresources.wtatennis.com/photo-resources/2025/04/16/710d860b-bce6-40c7-8838-a6272dbf6be6/WTA-Tournament_Wimbledon.png?height=128,https://www.wtatennis.com/tournaments/904/wimbledon/2023,Grand Slam,Grass,https://www.wtatennis.com/resources/v7.31.10/i/elements/gs-tag.svg,2023-07-03,2023-07-16,2023,7,Wimbledon,FRA,,GB,GBR,826,150,,Europe,Northern Europe,ENG,41.0,780.0,759436.0,128M/128Q/64D,"The Championships, Wimbledon",,Varvara Gracheva,,https://www.wtatennis.com/resources/v7.31.10/i/elements/flags/fra.svg,Round of 64,W,"2-6, 7-5, 6-2",https://www.wtatennis.com/players/325836/varvara-gracheva,False,False,False,False,False,False,False,3,False,28,15,13,FR,FRA,250,150,Europe,Western Europe,FRA,"2,6,None|7,5,None|6,2,None",
6,Wimbledon,https://photoresources.wtatennis.com/photo-resources/2025/04/16/710d860b-bce6-40c7-8838-a6272dbf6be6/WTA-Tournament_Wimbledon.png?height=128,https://www.wtatennis.com/tournaments/904/wimbledon/2023,Grand Slam,Grass,https://www.wtatennis.com/resources/v7.31.10/i/elements/gs-tag.svg,2023-07-03,2023-07-16,2023,7,Wimbledon,HUN,,GB,GBR,826,150,,Europe,Northern Europe,ENG,82.0,780.0,759436.0,128M/128Q/64D,"The Championships, Wimbledon",,Panna Udvardy,,https://www.wtatennis.com/resources/v7.31.10/i/elements/flags/hun.svg,Round of 128,W,"6-3, 6-1",https://www.wtatennis.com/players/325956/panna-udvardy,False,False,False,False,False,False,False,2,True,16,12,4,HU,HUN,348,150,Europe,Central Europe,HUN,"6,3,None|6,1,None",
1,"Bett1Open, Presented By Ecotrans Group",https://photoresources.wtatennis.com/photo-resources/2025/05/23/7fdec664-b1a6-44fc-8772-ecfb34d7aca2/WTA-Tournament_Berlin-2024.png?height=128,https://www.wtatennis.com/tournaments/2012/berlin/2023,WTA 500,Grass,https://www.wtatennis.com/resources/v7.31.10/i/elements/500k-tag.svg,2023-06-19,2023-06-25,2023,6,Berlin,RUS,,DE,DEU,276,150,,Europe,Central Europe,GER,13.0,55.0,10086.0,32M/24Q/16D,"Bett1Open, Presented By Ecotrans Group",,Veronika Kudermetova,,https://www.wtatennis.com/resources/v7.31.10/i/elements/flags/rus.svg,Round of 16,L,"2-6, 6-7 (2)",https://www.wtatennis.com/players/319526/veronika-kudermetova,False,False,False,False,True,False,True,2,False,21,8,13,RU,RUS,643,150,Europe,Eastern Europe,RUS,"2,6,None|6,7,2",
2,"Bett1Open, Presented By Ecotrans Group",https://photoresources.wtatennis.com/photo-resources/2025/05/23/7fdec664-b1a6-44fc-8772-ecfb34d7aca2/WTA-Tournament_Berlin-2024.png?height=128,https://www.wtatennis.com/tournaments/2012/berlin/2023,WTA 500,Grass,https://www.wtatennis.com/resources/v7.31.10/i/elements/500k-tag.svg,2023-06-19,2023-06-25,2023,6,Berlin,RUS,,DE,DEU,276,150,,Europe,Central Europe,GER,1243.0,55.0,10086.0,32M/24Q/16D,"Bett1Open, Presented By Ecotrans Group",,Vera Zvonareva,,https://www.wtatennis.com/resources/v7.31.10/i/elements/flags/rus.svg,Round of 32,W,"6-3, 6-2",https://www.wtatennis.com/players/260142/vera-zvonareva,False,False,False,False,False,False,False,2,True,17,12,5,RU,RUS,643,150,Europe,Eastern Europe,RUS,"6,3,None|6,2,None",
1,Roland Garros,https://photoresources.wtatennis.com/photo-resources/2025/04/16/ddbbc328-7967-416c-a6b5-043c8c3f933e/WTA-Tournament_Roland-Garros.png?height=128,https://www.wtatennis.com/tournaments/903/roland-garros/2023,Grand Slam,Clay,https://www.wtatennis.com/resources/v7.31.10/i/elements/gs-tag.svg,2023-05-28,2023-06-11,2023,5,Paris,CZE,,FR,FRA,250,150,,Europe,Western Europe,FRA,43.0,780.0,630000.0,128M/128Q/64D,Roland Garros,,Karolina Muchova,,https://www.wtatennis.com/resources/v7.31.10/i/elements/flags/cze.svg,Semifinals,L,"6-7 (5), 7-6 (5), 5-7",https://www.wtatennis.com/players/322191/karolina-muchova,False,False,False,True,True,False,True,3,False,38,18,20,CZ,CZE,203,150,Europe,Central Europe,CZE,"6,7,5|7,6,5|5,7,None",
2,Roland Garros,https://photoresources.wtatennis.com/photo-resources/2025/04/16/ddbbc328-7967-416c-a6b5-043c8c3f933e/WTA-Tournament_Roland-Garros.png?height=128,https://www.wtatennis.com/tournaments/903/roland-garros/2023,Grand Slam,Clay,https://www.wtatennis.com/resources/v7.31.10/i/elements/gs-tag.svg,2023-05-28,2023-06-11,2023,5,Paris,UKR,,FR,FRA,250,150,,Europe,Western Europe,FRA,192.0,780.0,630000.0,128M/128Q/64D,Roland Garros,,Elina Svitolina,,https://www.wtatennis.com/resources/v7.31.10/i/elements/flags/ukr.svg,Quarterfinals,W,"6-4, 6-4",https://www.wtatennis.com/players/316738/elina-svitolina,False,False,False,False,False,False,False,2,True,20,12,8,UA,UKR,804,150,Europe,Eastern Europe,UKR,"6,4,None|6,4,None",
3,Roland Garros,https://photoresources.wtatennis.com/photo-resources/2025/04/16/ddbbc328-7967-416c-a6b5-043c8c3f933e/WTA-Tournament_Roland-Garros.png?height=128,https://www.wtatennis.com/tournaments/903/roland-garros/2023,Grand Slam,Clay,https://www.wtatennis.com/resources/v7.31.10/i/elements/gs-tag.svg,2023-05-28,2023-06-11,2023,5,Paris,USA,,FR,FRA,250,150,United States of America|America|USA|US,Europe,Western Europe,FRA,30.0,780.0,630000.0,128M/128Q/64D,Roland Garros,,Sloane Stephens,,https://www.wtatennis.com/resources/v7.31.10/i/elements/flags/usa.svg,Round of 16,W,"7-6 (5), 6-4",https://www.wtatennis.com/players/315683/sloane-stephens,False,False,False,True,False,False,True,2,True,23,13,10,US,USA,840,019,America,Northern America,USA,"7,6,5|6,4,None",
4,Roland Garros,https://photoresources.wtatennis.com/photo-resources/2025/04/16/ddbbc328-7967-416c-a6b5-043c8c3f933e/WTA-Tournament_Roland-Garros.png?height=128,https://www.wtatennis.com/tournaments/903/roland-garros/2023,Grand Slam,Clay,https://www.wtatennis.com/resources/v7.31.10/i/elements/gs-tag.svg,2023-05-28,2023-06-11,2023,5,Paris,UZB,,FR,FRA,250,150,,Europe,Western Europe,FRA,82.0,780.0,630000.0,128M/128Q/64D,Roland Garros,,Kamilla Rakhimova,,https://www.wtatennis.com/resources/v7.31.10/i/elements/flags/uzb.svg,Round of 32,W,"6-2, 6-2",https://www.wtatennis.com/players/325936/kamilla-rakhimova,False,False,False,False,False,False,False,2,True,16,12,4,UZ,UZB,860,142,Asia,Central Asia,UZB,"6,2,None|6,2,None",
5,Roland Garros,https://photoresources.wtatennis.com/photo-resources/2025/04/16/ddbbc328-7967-416c-a6b5-043c8c3f933e/WTA-Tournament_Roland-Garros.png?height=128,https://www.wtatennis.com/tournaments/903/roland-garros/2023,Grand Slam,Clay,https://www.wtatennis.com/resources/v7.31.10/i/elements/gs-tag.svg,2023-05-28,2023-06-11,2023,5,Paris,BLR,,FR,FRA,250,150,,Europe,Western Europe,FRA,214.0,780.0,630000.0,128M/128Q/64D,Roland Garros,,Iryna Shymanovich,,https://www.wtatennis.com/resources/v7.31.10/i/elements/flags/blr.svg,Round of 64,W,"7-5, 6-2",https://www.wtatennis.com/players/320759/iryna-shymanovich,False,False,False,False,False,False,False,2,True,20,13,7,BY,BLR,112,150,Europe,Eastern Europe,BLR,"7,5,None|6,2,None",
6,Roland Garros,https://photoresources.wtatennis.com/photo-resources/2025/04/16/ddbbc328-7967-416c-a6b5-043c8c3f933e/WTA-Tournament_Roland-Garros.png?height=128,https://www.wtatennis.com/tournaments/903/roland-garros/2023,Grand Slam,Clay,https://www.wtatennis.com/resources/v7.31.10/i/elements/gs-tag.svg,2023-05-28,2023-06-11,2023,5,Paris,UKR,,FR,FRA,250,150,,Europe,Western Europe,FRA,39.0,780.0,630000.0,128M/128Q/64D,Roland Garros,,Marta Kostyuk,,https://www.wtatennis.com/resources/v7.31.10/i/elements/flags/ukr.svg,Round of 128,W,"6-3, 6-2",https://www.wtatennis.com/players/326482/marta-kostyuk,False,False,False,False,False,False,False,2,True,17,12,5,UA,UKR,804,150,Europe,Eastern Europe,UKR,"6,3,None|6,2,None",
1,Internazionali Bnl D'Italia,https://photoresources.wtatennis.com/photo-resources/2025/04/16/51f9b6ec-ebde-417f-b706-31b0bb4cc688/WTA-Tournament_Rome-2018.png?height=128,https://www.wtatennis.com/tournaments/709/rome/2023,WTA 1000,Clay,https://www.wtatennis.com/resources/v7.31.10/i/elements/1000k-tag.svg,2023-05-09,2023-05-20,2023,5,Rome,USA,,IT,ITA,380,150,United States of America|America|USA|US,Europe,Southern Europe,ITA,134.0,10.0,12652.0,96M/48Q/32D,Internazionali Bnl D'Italia,,Sofia Kenin,,https://www.wtatennis.com/resources/v7.31.10/i/elements/flags/usa.svg,Round of 64,L,"6-7 (4), 2-6",https://www.wtatennis.com/players/320942/sofia-kenin,False,False,False,True,False,False,True,2,False,21,8,13,US,USA,840,019,America,Northern America,USA,"6,7,4|2,6,None",
2,Internazionali Bnl D'Italia,https://photoresources.wtatennis.com/photo-resources/2025/04/16/51f9b6ec-ebde-417f-b706-31b0bb4cc688/WTA-Tournament_Rome-2018.png?height=128,https://www.wtatennis.com/tournaments/709/rome/2023,WTA 1000,Clay,https://www.wtatennis.com/resources/v7.31.10/i/elements/1000k-tag.svg,2023-05-09,2023-05-20,2023,5,Rome,,,IT,ITA,380,150,,Europe,Southern Europe,ITA,,10.0,12652.0,96M/48Q/32D,Internazionali Bnl D'Italia,,,,,Round of 128,,Bye,,False,False,True,False,False,False,False,0,False,0,0,0,,,,,,,,,
1,Mutua Madrid Open,https://photoresources.wtatennis.com/photo-resources/2025/04/16/993fad80-1e55-4a92-aae0-258338df5d6d/WTA-Tournament_Madrid-2023.png?height=128,https://www.wtatennis.com/tournaments/1038/madrid/2023,WTA 1000,Clay,https://www.wtatennis.com/resources/v7.31.10/i/elements/1000k-tag.svg,2023-04-25,2023-05-07,2023,4,Madrid,POL,,ES,ESP,724,150,,Europe,Southern Europe,ESP,1.0,1000.0,1105265.0,96M/48Q/32D,Mutua Madrid Open,,Iga Swiatek,1.0,https://www.wtatennis.com/resources/v7.31.10/i/elements/flags/pol.svg,Finals,W,"6-3, 3-6, 6-3",https://www.wtatennis.com/players/326408/iga-swiatek,False,False,False,False,False,False,False,3,True,27,15,12,PL,POL,616,150,Europe,Central Europe,POL,"6,3,None|3,6,None|6,3,None",
2,Mutua Madrid Open,https://photoresources.wtatennis.com/photo-resources/2025/04/16/993fad80-1e55-4a92-aae0-258338df5d6d/WTA-Tournament_Madrid-2023.png?height=128,https://www.wtatennis.com/tournaments/1038/madrid/2023,WTA 1000,Clay,https://www.wtatennis.com/resources/v7.31.10/i/elements/1000k-tag.svg,2023-04-25,2023-05-07,2023,4,Madrid,GRE,,ES,ESP,724,150,,Europe,Southern Europe,ESP,9.0,1000.0,1105265.0,96M/48Q/32D,Mutua Madrid Open,,Maria Sakkari,9.0,https://www.wtatennis.com/resources/v7.31.10/i/elements/flags/gre.svg,Semifinals,W,"6-4, 6-1",https://www.wtatennis.com/players/318312/maria-sakkari,False,False,False,False,False,False,False,2,True,17,12,5,GR,GRC,300,150,Europe,Southeastern Europe,GRE,"6,4,None|6,1,None",
3,Mutua Madrid Open,https://photoresources.wtatennis.com/photo-resources/2025/04/16/993fad80-1e55-4a92-aae0-258338df5d6d/WTA-Tournament_Madrid-2023.png?height=128,https://www.wtatennis.com/tournaments/1038/madrid/2023,WTA 1000,Clay,https://www.wtatennis.com/resources/v7.31.10/i/elements/1000k-tag.svg,2023-04-25,2023-05-07,2023,4,Madrid,EGY,,ES,ESP,724,150,,Europe,Southern Europe,ESP,59.0,1000.0,1105265.0,96M/48Q/32D,Mutua Madrid Open,,Mayar Sherif,,https://www.wtatennis.com/resources/v7.31.10/i/elements/flags/egy.svg,Quarterfinals,W,"2-6, 6-2, 6-1",https://www.wtatennis.com/players/318711/mayar-sherif,False,False,False,False,False,False,False,3,False,23,14,9,EG,EGY,818,002,Africa,North Africa,EGY,"2,6,None|6,2,None|6,1,None",
4,Mutua Madrid Open,https://photoresources.wtatennis.com/photo-resources/2025/04/16/993fad80-1e55-4a92-aae0-258338df5d6d/WTA-Tournament_Madrid-2023.png?height=128,https://www.wtatennis.com/tournaments/1038/madrid/2023,WTA 1000,Clay,https://www.wtatennis.com/resources/v7.31.10/i/elements/1000k-tag.svg,2023-04-25,2023-05-07,2023,4,Madrid,RUS,,ES,ESP,724,150,,Europe,Southern Europe,ESP,194.0,1000.0,1105265.0,96M/48Q/32D,Mutua Madrid Open,,Mirra Andreeva,,https://www.wtatennis.com/resources/v7.31.10/i/elements/flags/rus.svg,Round of 16,W,"6-3, 6-1",https://www.wtatennis.com/players/331809/mirra-andreeva,False,False,False,False,False,False,False,2,True,16,12,4,RU,RUS,643,150,Europe,Eastern Europe,RUS,"6,3,None|6,1,None",
5,Mutua Madrid Open,https://photoresources.wtatennis.com/photo-resources/2025/04/16/993fad80-1e55-4a92-aae0-258338df5d6d/WTA-Tournament_Madrid-2023.png?height=128,https://www.wtatennis.com/tournaments/1038/madrid/2023,WTA 1000,Clay,https://www.wtatennis.com/resources/v7.31.10/i/elements/1000k-tag.svg,2023-04-25,2023-05-07,2023,4,Madrid,COL,,ES,ESP,724,150,,Europe,Southern Europe,ESP,115.0,1000.0,1105265.0,96M/48Q/32D,Mutua Madrid Open,,Camila Osorio,,https://www.wtatennis.com/resources/v7.31.10/i/elements/flags/col.svg,Round of 32,W,"6-4, 7-5",https://www.wtatennis.com/players/325898/camila-osorio,False,False,False,False,False,False,False,2,True,22,13,9,CO,COL,170,019,America,Northern South America,COL,"6,4,None|7,5,None",
6,Mutua Madrid Open,https://photoresources.wtatennis.com/photo-resources/2025/04/16/993fad80-1e55-4a92-aae0-258338df5d6d/WTA-Tournament_Madrid-2023.png?height=128,https://www.wtatennis.com/tournaments/1038/madrid/2023,WTA 1000,Clay,https://www.wtatennis.com/resources/v7.31.10/i/elements/1000k-tag.svg,2023-04-25,2023-05-07,2023,4,Madrid,ROU,,ES,ESP,724,150,,Europe,Southern Europe,ESP,44.0,1000.0,1105265.0,96M/48Q/32D,Mutua Madrid Open,,Sorana Cirstea,,https://www.wtatennis.com/resources/v7.31.10/i/elements/flags/rou.svg,Round of 64,W,"6-4, 6-3",https://www.wtatennis.com/players/312469/sorana-cirstea,False,False,False,False,False,False,False,2,True,19,12,7,RO,ROU,642,150,Europe,Southeastern Europe,ROU,"6,4,None|6,3,None",
7,Mutua Madrid Open,https://photoresources.wtatennis.com/photo-resources/2025/04/16/993fad80-1e55-4a92-aae0-258338df5d6d/WTA-Tournament_Madrid-2023.png?height=128,https://www.wtatennis.com/tournaments/1038/madrid/2023,WTA 1000,Clay,https://www.wtatennis.com/resources/v7.31.10/i/elements/1000k-tag.svg,2023-04-25,2023-05-07,2023,4,Madrid,,,ES,ESP,724,150,,Europe,Southern Europe,ESP,,1000.0,1105265.0,96M/48Q/32D,Mutua Madrid Open,,,,,Round of 128,,Bye,,False,False,True,False,False,False,False,0,False,0,0,0,,,,,,,,,
1,Porsche Tennis Grand Prix,https://photoresources.wtatennis.com/photo-resources/2025/04/16/73f25721-54c3-4754-84f2-c67e607edd39/WTA-Tournament_Stuttgart-2017.png?height=128,https://www.wtatennis.com/tournaments/1051/stuttgart/2023,WTA 500,Clay,https://www.wtatennis.com/resources/v7.31.10/i/elements/500k-tag.svg,2023-04-17,2023-04-23,2023,4,Stuttgart,POL,,DE,DEU,276,150,,Europe,Central Europe,GER,1.0,305.0,64500.0,32M/16Q/16D,Porsche Tennis Grand Prix,,Iga Swiatek,1.0,https://www.wtatennis.com/resources/v7.31.10/i/elements/flags/pol.svg,Finals,L,"3-6, 4-6",https://www.wtatennis.com/players/326408/iga-swiatek,False,False,False,False,False,False,False,2,False,19,7,12,PL,POL,616,150,Europe,Central Europe,POL,"3,6,None|4,6,None",
2,Porsche Tennis Grand Prix,https://photoresources.wtatennis.com/photo-resources/2025/04/16/73f25721-54c3-4754-84f2-c67e607edd39/WTA-Tournament_Stuttgart-2017.png?height=128,https://www.wtatennis.com/tournaments/1051/stuttgart/2023,WTA 500,Clay,https://www.wtatennis.com/resources/v7.31.10/i/elements/500k-tag.svg,2023-04-17,2023-04-23,2023,4,Stuttgart,AUT,,DE,DEU,276,150,,Europe,Central Europe,GER,24.0,305.0,64500.0,32M/16Q/16D,Porsche Tennis Grand Prix,,Anastasia Potapova,,https://www.wtatennis.com/resources/v7.31.10/i/elements/flags/aut.svg,Semifinals,W,"6-1, 6-2",https://www.wtatennis.com/players/325601/anastasia-potapova,False,False,False,False,False,False,False,2,True,15,12,3,AT,AUT,040,150,Europe,Central Europe,AUT,"6,1,None|6,2,None",
3,Porsche Tennis Grand Prix,https://photoresources.wtatennis.com/photo-resources/2025/04/16/73f25721-54c3-4754-84f2-c67e607edd39/WTA-Tournament_Stuttgart-2017.png?height=128,https://www.wtatennis.com/tournaments/1051/stuttgart/2023,WTA 500,Clay,https://www.wtatennis.com/resources/v7.31.10/i/elements/500k-tag.svg,2023-04-17,2023-04-23,2023,4,Stuttgart,ESP,,DE,DEU,276,150,Kingdom of Spain,Europe,Central Europe,GER,31.0,305.0,64500.0,32M/16Q/16D,Porsche Tennis Grand Prix,,Paula Badosa,,https://www.wtatennis.com/resources/v7.31.10/i/elements/flags/esp.svg,Quarterfinals,W,"4-6, 6-4, 6-4",https://www.wtatennis.com/players/320124/paula-badosa,False,False,False,False,False,False,False,3,False,30,16,14,ES,ESP,724,150,Europe,Southern Europe,ESP,"4,6,None|6,4,None|6,4,None",
4,Porsche Tennis Grand Prix,https://photoresources.wtatennis.com/photo-resources/2025/04/16/73f25721-54c3-4754-84f2-c67e607edd39/WTA-Tournament_Stuttgart-2017.png?height=128,https://www.wtatennis.com/tournaments/1051/stuttgart/2023,WTA 500,Clay,https://www.wtatennis.com/resources/v7.31.10/i/elements/500k-tag.svg,2023-04-17,2023-04-23,2023,4,Stuttgart,CZE,,DE,DEU,276,150,,Europe,Central Europe,GER,12.0,305.0,64500.0,32M/16Q/16D,Porsche Tennis Grand Prix,,Barbora Krejcikova,,https://www.wtatennis.com/resources/v7.31.10/i/elements/flags/cze.svg,Round of 16,W,"6-2, 6-3",https://www.wtatennis.com/players/318314/barbora-krejcikova,False,False,False,False,False,False,False,2,True,17,12,5,CZ,CZE,203,150,Europe,Central Europe,CZE,"6,2,None|6,3,None",
5,Porsche Tennis Grand Prix,https://photoresources.wtatennis.com/photo-resources/2025/04/16/73f25721-54c3-4754-84f2-c67e607edd39/WTA-Tournament_Stuttgart-2017.png?height=128,https://www.wtatennis.com/tournaments/1051/stuttgart/2023,WTA 500,Clay,https://www.wtatennis.com/resources/v7.31.10/i/elements/500k-tag.svg,2023-04-17,2023-04-23,2023,4,Stuttgart,,,DE,DEU,276,150,,Europe,Central Europe,GER,,305.0,64500.0,32M/16Q/16D,Porsche Tennis Grand Prix,,,,,Round of 32,,Bye,,False,False,True,False,False,False,False,0,False,0,0,0,,,,,,,,,
1,Miami Open Presented By Itaú,https://photoresources.wtatennis.com/photo-resources/2025/04/16/ad3c213f-6323-4422-bb86-ff92e8cb213c/WTA-Tournament_Miami-2024.png?height=128,https://www.wtatennis.com/tournaments/902/miami/2023,WTA 1000,Hard,https://www.wtatennis.com/resources/v7.31.10/i/elements/1000k-tag.svg,2023-03-21,2023-04-02,2023,3,Miami,ROU,FL,US,USA,840,019,,America,Northern America,USA,74.0,215.0,184465.0,96M/48Q/32D,Miami Open Presented By Itaú,,Sorana Cirstea,,https://www.wtatennis.com/resources/v7.31.10/i/elements/flags/rou.svg,Quarterfinals,L,"4-6, 4-6",https://www.wtatennis.com/players/312469/sorana-cirstea,False,False,False,False,False,False,False,2,False,20,8,12,RO,ROU,642,150,Europe,Southeastern Europe,ROU,"4,6,None|4,6,None",
2,Miami Open Presented By Itaú,https://photoresources.wtatennis.com/photo-resources/2025/04/16/ad3c213f-6323-4422-bb86-ff92e8cb213c/WTA-Tournament_Miami-2024.png?height=128,https://www.wtatennis.com/tournaments/902/miami/2023,WTA 1000,Hard,https://www.wtatennis.com/resources/v7.31.10/i/elements/1000k-tag.svg,2023-03-21,2023-04-02,2023,3,Miami,CZE,FL,US,USA,840,019,,America,Northern America,USA,13.0,215.0,184465.0,96M/48Q/32D,Miami Open Presented By Itaú,,Barbora Krejcikova,16.0,https://www.wtatennis.com/resources/v7.31.10/i/elements/flags/cze.svg,Round of 16,W,"6-3, 6-2",https://www.wtatennis.com/players/318314/barbora-krejcikova,False,False,False,False,False,False,False,2,True,17,12,5,CZ,CZE,203,150,Europe,Central Europe,CZE,"6,3,None|6,2,None",
3,Miami Open Presented By Itaú,https://photoresources.wtatennis.com/photo-resources/2025/04/16/ad3c213f-6323-4422-bb86-ff92e8cb213c/WTA-Tournament_Miami-2024.png?height=128,https://www.wtatennis.com/tournaments/902/miami/2023,WTA 1000,Hard,https://www.wtatennis.com/resources/v7.31.10/i/elements/1000k-tag.svg,2023-03-21,2023-04-02,2023,3,Miami,CZE,FL,US,USA,840,019,,America,Northern America,USA,36.0,215.0,184465.0,96M/48Q/32D,Miami Open Presented By Itaú,,Marie Bouzkova,31.0,https://www.wtatennis.com/resources/v7.31.10/i/elements/flags/cze.svg,Round of 32,W,"6-1, 6-2",https://www.wtatennis.com/players/320983/marie-bouzkova,False,False,False,False,False,False,False,2,True,15,12,3,CZ,CZE,203,150,Europe,Central Europe,CZE,"6,1,None|6,2,None",
4,Miami Open Presented By Itaú,https://photoresources.wtatennis.com/photo-resources/2025/04/16/ad3c213f-6323-4422-bb86-ff92e8cb213c/WTA-Tournament_Miami-2024.png?height=128,https://www.wtatennis.com/tournaments/902/miami/2023,WTA 1000,Hard,https://www.wtatennis.com/resources/v7.31.10/i/elements/1000k-tag.svg,2023-03-21,2023-04-02,2023,3,Miami,USA,FL,US,USA,840,019,United States of America|America|USA|US,America,Northern America,USA,42.0,215.0,184465.0,96M/48Q/32D,Miami Open Presented By Itaú,,Shelby Rogers,,https://www.wtatennis.com/resources/v7.31.10/i/elements/flags/usa.svg,Round of 64,W,"6-4, 6-3",https://www.wtatennis.com/players/317421/shelby-rogers,False,False,False,False,False,False,False,2,True,19,12,7,US,USA,840,019,America,Northern America,USA,"6,4,None|6,3,None",
5,Miami Open Presented By Itaú,https://photoresources.wtatennis.com/photo-resources/2025/04/16/ad3c213f-6323-4422-bb86-ff92e8cb213c/WTA-Tournament_Miami-2024.png?height=128,https://www.wtatennis.com/tournaments/902/miami/2023,WTA 1000,Hard,https://www.wtatennis.com/resources/v7.31.10/i/elements/1000k-tag.svg,2023-03-21,2023-04-02,2023,3,Miami,,FL,US,USA,840,019,,America,Northern America,USA,,215.0,184465.0,96M/48Q/32D,Miami Open Presented By Itaú,,,,,Round of 128,,Bye,,False,False,True,False,False,False,False,0,False,0,0,0,,,,,,,,,
1,Bnp Paribas Open,https://photoresources.wtatennis.com/photo-resources/2025/04/16/e155ccb6-5daf-4a93-8fa1-a30ce14c2704/WTA-Tournament_Indian-Wells-2017.png?height=128,https://www.wtatennis.com/tournaments/609/indian-wells/2023,WTA 1000,Hard,https://www.wtatennis.com/resources/v7.31.10/i/elements/1000k-tag.svg,2023-03-08,2023-03-19,2023,3,Indian Wells,KAZ,CA,US,USA,840,019,,America,Northern America,USA,10.0,650.0,662360.0,96M/48Q/32D,Bnp Paribas Open,,Elena Rybakina,10.0,https://www.wtatennis.com/resources/v7.31.10/i/elements/flags/kaz.svg,Finals,L,"6-7 (11), 4-6",https://www.wtatennis.com/players/324166/elena-rybakina,False,False,False,True,False,False,True,2,False,23,10,13,KZ,KAZ,398,142,Asia,Central Asia,KAZ,"6,7,11|4,6,None",
2,Bnp Paribas Open,https://photoresources.wtatennis.com/photo-resources/2025/04/16/e155ccb6-5daf-4a93-8fa1-a30ce14c2704/WTA-Tournament_Indian-Wells-2017.png?height=128,https://www.wtatennis.com/tournaments/609/indian-wells/2023,WTA 1000,Hard,https://www.wtatennis.com/resources/v7.31.10/i/elements/1000k-tag.svg,2023-03-08,2023-03-19,2023,3,Indian Wells,GRE,CA,US,USA,840,019,,America,Northern America,USA,7.0,650.0,662360.0,96M/48Q/32D,Bnp Paribas Open,,Maria Sakkari,7.0,https://www.wtatennis.com/resources/v7.31.10/i/elements/flags/gre.svg,Semifinals,W,"6-2, 6-3",https://www.wtatennis.com/players/318312/maria-sakkari,False,False,False,False,False,False,False,2,True,17,12,5,GR,GRC,300,150,Europe,Southeastern Europe,GRE,"6,2,None|6,3,None",
3,Bnp Paribas Open,https://photoresources.wtatennis.com/photo-resources/2025/04/16/e155ccb6-5daf-4a93-8fa1-a30ce14c2704/WTA-Tournament_Indian-Wells-2017.png?height=128,https://www.wtatennis.com/tournaments/609/indian-wells/2023,WTA 1000,Hard,https://www.wtatennis.com/resources/v7.31.10/i/elements/1000k-tag.svg,2023-03-08,2023-03-19,2023,3,Indian Wells,USA,CA,US,USA,840,019,United States of America|America|USA|US,America,Northern America,USA,6.0,650.0,662360.0,96M/48Q/32D,Bnp Paribas Open,,Coco Gauff,6.0,https://www.wtatennis.com/resources/v7.31.10/i/elements/flags/usa.svg,Quarterfinals,W,"6-4, 6-0",https://www.wtatennis.com/players/328560/coco-gauff,False,False,False,False,False,False,False,2,True,16,12,4,US,USA,840,019,America,Northern America,USA,"6,4,None|6,0,None",
4,Bnp Paribas Open,https://photoresources.wtatennis.com/photo-resources/2025/04/16/e155ccb6-5daf-4a93-8fa1-a30ce14c2704/WTA-Tournament_Indian-Wells-2017.png?height=128,https://www.wtatennis.com/tournaments/609/indian-wells/2023,WTA 1000,Hard,https://www.wtatennis.com/resources/v7.31.10/i/elements/1000k-tag.svg,2023-03-08,2023-03-19,2023,3,Indian Wells,CZE,CA,US,USA,840,019,,America,Northern America,USA,16.0,650.0,662360.0,96M/48Q/32D,Bnp Paribas Open,,Barbora Krejcikova,16.0,https://www.wtatennis.com/resources/v7.31.10/i/elements/flags/cze.svg,Round of 16,W,"6-3, 2-6, 6-4",https://www.wtatennis.com/players/318314/barbora-krejcikova,False,False,False,False,False,False,False,3,True,27,14,13,CZ,CZE,203,150,Europe,Central Europe,CZE,"6,3,None|2,6,None|6,4,None",
5,Bnp Paribas Open,https://photoresources.wtatennis.com/photo-resources/2025/04/16/e155ccb6-5daf-4a93-8fa1-a30ce14c2704/WTA-Tournament_Indian-Wells-2017.png?height=128,https://www.wtatennis.com/tournaments/609/indian-wells/2023,WTA 1000,Hard,https://www.wtatennis.com/resources/v7.31.10/i/elements/1000k-tag.svg,2023-03-08,2023-03-19,2023,3,Indian Wells,UKR,CA,US,USA,840,019,,America,Northern America,USA,95.0,650.0,662360.0,96M/48Q/32D,Bnp Paribas Open,,Lesia Tsurenko,,https://www.wtatennis.com/resources/v7.31.10/i/elements/flags/ukr.svg,Round of 32,W,Walkover,https://www.wtatennis.com/players/315295/lesia-tsurenko,False,True,False,False,False,False,False,0,False,0,0,0,UA,UKR,804,150,Europe,Eastern Europe,UKR,,
6,Bnp Paribas Open,https://photoresources.wtatennis.com/photo-resources/2025/04/16/e155ccb6-5daf-4a93-8fa1-a30ce14c2704/WTA-Tournament_Indian-Wells-2017.png?height=128,https://www.wtatennis.com/tournaments/609/indian-wells/2023,WTA 1000,Hard,https://www.wtatennis.com/resources/v7.31.10/i/elements/1000k-tag.svg,2023-03-08,2023-03-19,2023,3,Indian Wells,RUS,CA,US,USA,840,019,,America,Northern America,USA,427.0,650.0,662360.0,96M/48Q/32D,Bnp Paribas Open,,Evgeniya Rodina,,https://www.wtatennis.com/resources/v7.31.10/i/elements/flags/rus.svg,Round of 64,W,"6-2, 6-0",https://www.wtatennis.com/players/312584/evgeniya-rodina,False,False,False,False,False,False,False,2,True,14,12,2,RU,RUS,643,150,Europe,Eastern Europe,RUS,"6,2,None|6,0,None",
7,Bnp Paribas Open,https://photoresources.wtatennis.com/photo-resources/2025/04/16/e155ccb6-5daf-4a93-8fa1-a30ce14c2704/WTA-Tournament_Indian-Wells-2017.png?height=128,https://www.wtatennis.com/tournaments/609/indian-wells/2023,WTA 1000,Hard,https://www.wtatennis.com/resources/v7.31.10/i/elements/1000k-tag.svg,2023-03-08,2023-03-19,2023,3,Indian Wells,,CA,US,USA,840,019,,America,Northern America,USA,,650.0,662360.0,96M/48Q/32D,Bnp Paribas Open,,,,,Round of 128,,Bye,,False,False,True,False,False,False,False,0,False,0,0,0,,,,,,,,,
1,Dubai Duty Free Tennis Championships,https://photoresources.wtatennis.com/photo-resources/2025/04/16/aa274c10-fd33-4715-ac0e-d74441b27a54/WTA-Tournament_Dubai-2017.png?height=128,https://www.wtatennis.com/tournaments/718/dubai/2023,WTA 1000,Hard,https://www.wtatennis.com/resources/v7.31.10/i/elements/1000k-tag.svg,2023-02-19,2023-02-25,2023,2,Dubai,CZE,,AE,ARE,784,142,,Asia,Western Asia,UAE,30.0,190.0,63350.0,64M/32Q/32D,Dubai Duty Free Tennis Championships,,Barbora Krejcikova,,https://www.wtatennis.com/resources/v7.31.10/i/elements/flags/cze.svg,Quarterfinals,L,"6-0, 6-7 (2), 1-6",https://www.wtatennis.com/players/318314/barbora-krejcikova,False,False,False,False,True,False,True,3,True,26,13,13,CZ,CZE,203,150,Europe,Central Europe,CZE,"6,0,None|6,7,2|1,6,None",
2,Dubai Duty Free Tennis Championships,https://photoresources.wtatennis.com/photo-resources/2025/04/16/aa274c10-fd33-4715-ac0e-d74441b27a54/WTA-Tournament_Dubai-2017.png?height=128,https://www.wtatennis.com/tournaments/718/dubai/2023,WTA 1000,Hard,https://www.wtatennis.com/resources/v7.31.10/i/elements/1000k-tag.svg,2023-02-19,2023-02-25,2023,2,Dubai,LAT,,AE,ARE,784,142,,Asia,Western Asia,UAE,20.0,190.0,63350.0,64M/32Q/32D,Dubai Duty Free Tennis Championships,,Jelena Ostapenko,13.0,https://www.wtatennis.com/resources/v7.31.10/i/elements/flags/lat.svg,Round of 16,W,"2-6, 6-1, 6-1",https://www.wtatennis.com/players/319939/jelena-ostapenko,False,False,False,False,False,False,False,3,False,22,14,8,,,,,,,LAT,"2,6,None|6,1,None|6,1,None",
3,Dubai Duty Free Tennis Championships,https://photoresources.wtatennis.com/photo-resources/2025/04/16/aa274c10-fd33-4715-ac0e-d74441b27a54/WTA-Tournament_Dubai-2017.png?height=128,https://www.wtatennis.com/tournaments/718/dubai/2023,WTA 1000,Hard,https://www.wtatennis.com/resources/v7.31.10/i/elements/1000k-tag.svg,2023-02-19,2023-02-25,2023,2,Dubai,USA,,AE,ARE,784,142,United States of America|America|USA|US,Asia,Western Asia,UAE,49.0,190.0,63350.0,64M/32Q/32D,Dubai Duty Free Tennis Championships,,Lauren Davis,,https://www.wtatennis.com/resources/v7.31.10/i/elements/flags/usa.svg,Round of 32,W,"6-0, 6-1",https://www.wtatennis.com/players/317414/lauren-davis,False,False,False,False,False,False,False,2,True,13,12,1,US,USA,840,019,America,Northern America,USA,"6,0,None|6,1,None",
4,Dubai Duty Free Tennis Championships,https://photoresources.wtatennis.com/photo-resources/2025/04/16/aa274c10-fd33-4715-ac0e-d74441b27a54/WTA-Tournament_Dubai-2017.png?height=128,https://www.wtatennis.com/tournaments/718/dubai/2023,WTA 1000,Hard,https://www.wtatennis.com/resources/v7.31.10/i/elements/1000k-tag.svg,2023-02-19,2023-02-25,2023,2,Dubai,,,AE,ARE,784,142,,Asia,Western Asia,UAE,,190.0,63350.0,64M/32Q/32D,Dubai Duty Free Tennis Championships,,,,,Round of 64,,Bye,,False,False,True,False,False,False,False,0,False,0,0,0,,,,,,,,,
1,Australian Open,https://photoresources.wtatennis.com/photo-resources/2025/04/16/20886615-8c76-4d00-b747-7946c3692df2/WTA-Tournament_Australian-Open.png?height=128,https://www.wtatennis.com/tournaments/901/australian-open/2023,Grand Slam,Hard,https://www.wtatennis.com/resources/v7.31.10/i/elements/gs-tag.svg,2023-01-16,2023-01-29,2023,1,Melbourne,KAZ,,AU,AUS,036,009,,Oceania,Australasia,AUS,25.0,2000.0,2080771.0,128M/128Q/64D,Australian Open,,Elena Rybakina,22.0,https://www.wtatennis.com/resources/v7.31.10/i/elements/flags/kaz.svg,Finals,W,"4-6, 6-3, 6-4",https://www.wtatennis.com/players/324166/elena-rybakina,False,False,False,False,False,False,False,3,False,29,16,13,KZ,KAZ,398,142,Asia,Central Asia,KAZ,"4,6,None|6,3,None|6,4,None",
2,Australian Open,https://photoresources.wtatennis.com/photo-resources/2025/04/16/20886615-8c76-4d00-b747-7946c3692df2/WTA-Tournament_Australian-Open.png?height=128,https://www.wtatennis.com/tournaments/901/australian-open/2023,Grand Slam,Hard,https://www.wtatennis.com/resources/v7.31.10/i/elements/gs-tag.svg,2023-01-16,2023-01-29,2023,1,Melbourne,POL,,AU,AUS,036,009,,Oceania,Australasia,AUS,45.0,2000.0,2080771.0,128M/128Q/64D,Australian Open,,Magda Linette,,https://www.wtatennis.com/resources/v7.31.10/i/elements/flags/pol.svg,Semifinals,W,"7-6 (1), 6-2",https://www.wtatennis.com/players/315130/magda-linette,False,False,False,True,False,False,True,2,True,21,13,8,PL,POL,616,150,Europe,Central Europe,POL,"7,6,1|6,2,None",
3,Australian Open,https://photoresources.wtatennis.com/photo-resources/2025/04/16/20886615-8c76-4d00-b747-7946c3692df2/WTA-Tournament_Australian-Open.png?height=128,https://www.wtatennis.com/tournaments/901/australian-open/2023,Grand Slam,Hard,https://www.wtatennis.com/resources/v7.31.10/i/elements/gs-tag.svg,2023-01-16,2023-01-29,2023,1,Melbourne,CRO,,AU,AUS,036,009,,Oceania,Australasia,AUS,64.0,2000.0,2080771.0,128M/128Q/64D,Australian Open,,Donna Vekic,,https://www.wtatennis.com/resources/v7.31.10/i/elements/flags/cro.svg,Quarterfinals,W,"6-3, 6-2",https://www.wtatennis.com/players/318516/donna-vekic,False,False,False,False,False,False,False,2,True,17,12,5,HR,HRV,191,150,Europe,Southeastern Europe,CRO,"6,3,None|6,2,None",
4,Australian Open,https://photoresources.wtatennis.com/photo-resources/2025/04/16/20886615-8c76-4d00-b747-7946c3692df2/WTA-Tournament_Australian-Open.png?height=128,https://www.wtatennis.com/tournaments/901/australian-open/2023,Grand Slam,Hard,https://www.wtatennis.com/resources/v7.31.10/i/elements/gs-tag.svg,2023-01-16,2023-01-29,2023,1,Melbourne,SUI,,AU,AUS,036,009,,Oceania,Australasia,AUS,10.0,2000.0,2080771.0,128M/128Q/64D,Australian Open,,Belinda Bencic,12.0,https://www.wtatennis.com/resources/v7.31.10/i/elements/flags/sui.svg,Round of 16,W,"7-5, 6-2",https://www.wtatennis.com/players/319001/belinda-bencic,False,False,False,False,False,False,False,2,True,20,13,7,CH,CHE,756,150,Europe,Central Europe,SUI,"7,5,None|6,2,None",
5,Australian Open,https://photoresources.wtatennis.com/photo-resources/2025/04/16/20886615-8c76-4d00-b747-7946c3692df2/WTA-Tournament_Australian-Open.png?height=128,https://www.wtatennis.com/tournaments/901/australian-open/2023,Grand Slam,Hard,https://www.wtatennis.com/resources/v7.31.10/i/elements/gs-tag.svg,2023-01-16,2023-01-29,2023,1,Melbourne,BEL,,AU,AUS,036,009,,Oceania,Australasia,AUS,32.0,2000.0,2080771.0,128M/128Q/64D,Australian Open,,Elise Mertens,26.0,https://www.wtatennis.com/resources/v7.31.10/i/elements/flags/bel.svg,Round of 32,W,"6-2, 6-3",https://www.wtatennis.com/players/317964/elise-mertens,False,False,False,False,False,False,False,2,True,17,12,5,BE,BEL,056,150,Europe,Western Europe,BEL,"6,2,None|6,3,None",
6,Australian Open,https://photoresources.wtatennis.com/photo-resources/2025/04/16/20886615-8c76-4d00-b747-7946c3692df2/WTA-Tournament_Australian-Open.png?height=128,https://www.wtatennis.com/tournaments/901/australian-open/2023,Grand Slam,Hard,https://www.wtatennis.com/resources/v7.31.10/i/elements/gs-tag.svg,2023-01-16,2023-01-29,2023,1,Melbourne,USA,,AU,AUS,036,009,United States of America|America|USA|US,Oceania,Australasia,AUS,51.0,2000.0,2080771.0,128M/128Q/64D,Australian Open,,Shelby Rogers,,https://www.wtatennis.com/resources/v7.31.10/i/elements/flags/usa.svg,Round of 64,W,"6-3, 6-1",https://www.wtatennis.com/players/317421/shelby-rogers,False,False,False,False,False,False,False,2,True,16,12,4,US,USA,840,019,America,Northern America,USA,"6,3,None|6,1,None",
7,Australian Open,https://photoresources.wtatennis.com/photo-resources/2025/04/16/20886615-8c76-4d00-b747-7946c3692df2/WTA-Tournament_Australian-Open.png?height=128,https://www.wtatennis.com/tournaments/901/australian-open/2023,Grand Slam,Hard,https://www.wtatennis.com/resources/v7.31.10/i/elements/gs-tag.svg,2023-01-16,2023-01-29,2023,1,Melbourne,CZE,,AU,AUS,036,009,,Oceania,Australasia,AUS,74.0,2000.0,2080771.0,128M/128Q/64D,Australian Open,,Tereza Martincova,,https://www.wtatennis.com/resources/v7.31.10/i/elements/flags/cze.svg,Round of 128,W,"6-1, 6-4",https://www.wtatennis.com/players/318060/tereza-martincova,False,False,False,False,False,False,False,2,True,17,12,5,CZ,CZE,203,150,Europe,Central Europe,CZE,"6,1,None|6,4,None",
1,Adelaide International 1,https://photoresources.wtatennis.com/photo-resources/2025/04/16/9050b115-2984-4344-932a-01bc17817720/WTA-Tournament_Brisbane-2025.png?height=128,https://www.wtatennis.com/tournaments/800/brisbane/2023,WTA 500,Hard,https://www.wtatennis.com/resources/v7.31.10/i/elements/500k-tag.svg,2023-01-01,2023-01-08,2023,1,Adelaide,CZE,,AU,AUS,036,009,,Oceania,Australasia,AUS,102.0,470.0,120150.0,32M/24Q/24D,Adelaide International 1,,Linda Noskova,,https://www.wtatennis.com/resources/v7.31.10/i/elements/flags/cze.svg,Finals,W,"6-3, 7-6 (4)",https://www.wtatennis.com/players/329668/linda-noskova,False,False,False,False,True,False,True,2,True,22,13,9,CZ,CZE,203,150,Europe,Central Europe,CZE,"6,3,None|7,6,4",
2,Adelaide International 1,https://photoresources.wtatennis.com/photo-resources/2025/04/16/9050b115-2984-4344-932a-01bc17817720/WTA-Tournament_Brisbane-2025.png?height=128,https://www.wtatennis.com/tournaments/800/brisbane/2023,WTA 500,Hard,https://www.wtatennis.com/resources/v7.31.10/i/elements/500k-tag.svg,2023-01-01,2023-01-08,2023,1,Adelaide,ROU,,AU,AUS,036,009,,Oceania,Australasia,AUS,34.0,470.0,120150.0,32M/24Q/24D,Adelaide International 1,,Irina-Camelia Begu,,https://www.wtatennis.com/resources/v7.31.10/i/elements/flags/rou.svg,Semifinals,W,"6-3, 6-2",https://www.wtatennis.com/players/313169/irina-camelia-begu,False,False,False,False,False,False,False,2,True,17,12,5,RO,ROU,642,150,Europe,Southeastern Europe,ROU,"6,3,None|6,2,None",
3,Adelaide International 1,https://photoresources.wtatennis.com/photo-resources/2025/04/16/9050b115-2984-4344-932a-01bc17817720/WTA-Tournament_Brisbane-2025.png?height=128,https://www.wtatennis.com/tournaments/800/brisbane/2023,WTA 500,Hard,https://www.wtatennis.com/resources/v7.31.10/i/elements/500k-tag.svg,2023-01-01,2023-01-08,2023,1,Adelaide,CZE,,AU,AUS,036,009,,Oceania,Australasia,AUS,92.0,470.0,120150.0,32M/24Q/24D,Adelaide International 1,,Marketa Vondrousova,,https://www.wtatennis.com/resources/v7.31.10/i/elements/flags/cze.svg,Quarterfinals,W,"6-3, 7-5",https://www.wtatennis.com/players/323027/marketa-vondrousova,False,False,False,False,False,False,False,2,True,21,13,8,CZ,CZE,203,150,Europe,Central Europe,CZE,"6,3,None|7,5,None",
4,Adelaide International 1,https://photoresources.wtatennis.com/photo-resources/2025/04/16/9050b115-2984-4344-932a-01bc17817720/WTA-Tournament_Brisbane-2025.png?height=128,https://www.wtatennis.com/tournaments/800/brisbane/2023,WTA 500,Hard,https://www.wtatennis.com/resources/v7.31.10/i/elements/500k-tag.svg,2023-01-01,2023-01-08,2023,1,Adelaide,RUS,,AU,AUS,036,009,,Oceania,Australasia,AUS,20.0,470.0,120150.0,32M/24Q/24D,Adelaide International 1,,Liudmila Samsonova,,https://www.wtatennis.com/resources/v7.31.10/i/elements/flags/rus.svg,Round of 16,W,"7-6 (8), 7-6 (3)",https://www.wtatennis.com/players/322222/liudmila-samsonova,False,False,False,True,True,False,True,2,True,26,14,12,RU,RUS,643,150,Europe,Eastern Europe,RUS,"7,6,8|7,6,3",
5,Adelaide International 1,https://photoresources.wtatennis.com/photo-resources/2025/04/16/9050b115-2984-4344-932a-01bc17817720/WTA-Tournament_Brisbane-2025.png?height=128,https://www.wtatennis.com/tournaments/800/brisbane/2023,WTA 500,Hard,https://www.wtatennis.com/resources/v7.31.10/i/elements/500k-tag.svg,2023-01-01,2023-01-08,2023,1,Adelaide,,,AU,AUS,036,009,,Oceania,Australasia,AUS,,470.0,120150.0,32M/24Q/24D,Adelaide International 1,,,,,Round of 32,,Bye,,False,False,True,False,False,False,False,0,False,0,0,0,,,,,,,,,
1,Wta Finals Fort Worth,https://photoresources.wtatennis.com/photo-resources/2025/10/16/b04a642b-ddb5-40c8-91f1-26a2d61650fe/WTA-finals.png?height=128,https://www.wtatennis.com/tournaments/808/wta-finals/2022,Finals,Hard,https://www.wtatennis.com/resources/v7.31.10/i/elements/finals-tag.svg,2022-10-31,2022-11-07,2022,10,Fort Worth,FRA,TX,US,USA,840,019,,America,Northern America,USA,6.0,,750000.0,9M/0Q/16D,Wta Finals Fort Worth,,Caroline Garcia,6.0,https://www.wtatennis.com/resources/v7.31.10/i/elements/flags/fra.svg,Finals,L,"6-7 (4), 4-6",https://www.wtatennis.com/players/315391/caroline-garcia,False,False,False,True,False,False,True,2,False,23,10,13,FR,FRA,250,150,Europe,Western Europe,FRA,"6,7,4|4,6,None",
2,Wta Finals Fort Worth,https://photoresources.wtatennis.com/photo-resources/2025/10/16/b04a642b-ddb5-40c8-91f1-26a2d61650fe/WTA-finals.png?height=128,https://www.wtatennis.com/tournaments/808/wta-finals/2022,Finals,Hard,https://www.wtatennis.com/resources/v7.31.10/i/elements/finals-tag.svg,2022-10-31,2022-11-07,2022,10,Fort Worth,POL,TX,US,USA,840,019,,America,Northern America,USA,1.0,,750000.0,9M/0Q/16D,Wta Finals Fort Worth,,Iga Swiatek,1.0,https://www.wtatennis.com/resources/v7.31.10/i/elements/flags/pol.svg,Semifinals,W,"6-2, 2-6, 6-1",https://www.wtatennis.com/players/326408/iga-swiatek,False,False,False,False,False,False,False,3,True,23,14,9,PL,POL,616,150,Europe,Central Europe,POL,"6,2,None|2,6,None|6,1,None",
3,Wta Finals Fort Worth,https://photoresources.wtatennis.com/photo-resources/2025/10/16/b04a642b-ddb5-40c8-91f1-26a2d61650fe/WTA-finals.png?height=128,https://www.wtatennis.com/tournaments/808/wta-finals/2022,Finals,Hard,https://www.wtatennis.com/resources/v7.31.10/i/elements/finals-tag.svg,2022-10-31,2022-11-07,2022,10,Fort Worth,TUN,TX,US,USA,840,019,,America,Northern America,USA,2.0,,750000.0,9M/0Q/16D,Wta Finals Fort Worth,,Ons Jabeur,2.0,https://www.wtatennis.com/resources/v7.31.10/i/elements/flags/tun.svg,Group Stage Group,W,"3-6, 7-6 (5), 7-5",https://www.wtatennis.com/players/316847/ons-jabeur,False,False,False,False,True,False,True,3,False,34,17,17,TN,TUN,788,002,Africa,North Africa,TUN,"3,6,None|7,6,5|7,5,None",
4,Wta Finals Fort Worth,https://photoresources.wtatennis.com/photo-resources/2025/10/16/b04a642b-ddb5-40c8-91f1-26a2d61650fe/WTA-finals.png?height=128,https://www.wtatennis.com/tournaments/808/wta-finals/2022,Finals,Hard,https://www.wtatennis.com/resources/v7.31.10/i/elements/finals-tag.svg,2022-10-31,2022-11-07,2022,10,Fort Worth,USA,TX,US,USA,840,019,United States of America|America|USA|US,America,Northern America,USA,3.0,,750000.0,9M/0Q/16D,Wta Finals Fort Worth,,Jessica Pegula,3.0,https://www.wtatennis.com/resources/v7.31.10/i/elements/flags/usa.svg,Group Stage Group,W,"6-3, 7-5",https://www.wtatennis.com/players/316956/jessica-pegula,False,False,False,False,False,False,False,2,True,21,13,8,US,USA,840,019,America,Northern America,USA,"6,3,None|7,5,None",
5,Wta Finals Fort Worth,https://photoresources.wtatennis.com/photo-resources/2025/10/16/b04a642b-ddb5-40c8-91f1-26a2d61650fe/WTA-finals.png?height=128,https://www.wtatennis.com/tournaments/808/wta-finals/2022,Finals,Hard,https://www.wtatennis.com/resources/v7.31.10/i/elements/finals-tag.svg,2022-10-31,2022-11-07,2022,10,Fort Worth,GRE,TX,US,USA,840,019,,America,Northern America,USA,5.0,,750000.0,9M/0Q/16D,Wta Finals Fort Worth,,Maria Sakkari,5.0,https://www.wtatennis.com/resources/v7.31.10/i/elements/flags/gre.svg,Group Stage Group,L,"2-6, 4-6",https://www.wtatennis.com/players/318312/maria-sakkari,False,False,False,False,False,False,False,2,False,18,6,12,GR,GRC,300,150,Europe,Southeastern Europe,GRE,"2,6,None|4,6,None",
1,Guadalajara Open Akron,,https://www.wtatennis.com/tournaments/2075/guadalajara-500/2022,WTA 1000,Hard,https://www.wtatennis.com/resources/v7.31.10/i/elements/1000k-tag.svg,2022-10-17,2022-10-23,2022,10,Guadalajara,RUS,,MX,MEX,484,019,,America,Central America,MEX,22.0,1.0,16340.0,64M/32Q/32D,Guadalajara Open Akron,,Liudmila Samsonova,,https://www.wtatennis.com/resources/v7.31.10/i/elements/flags/rus.svg,Round of 32,L,"4-6, 6-2, 2-6",https://www.wtatennis.com/players/322222/liudmila-samsonova,False,False,False,False,False,False,False,3,False,26,12,14,RU,RUS,643,150,Europe,Eastern Europe,RUS,"4,6,None|6,2,None|2,6,None",
2,Guadalajara Open Akron,,https://www.wtatennis.com/tournaments/2075/guadalajara-500/2022,WTA 1000,Hard,https://www.wtatennis.com/resources/v7.31.10/i/elements/1000k-tag.svg,2022-10-17,2022-10-23,2022,10,Guadalajara,,,MX,MEX,484,019,,America,Central America,MEX,,1.0,16340.0,64M/32Q/32D,Guadalajara Open Akron,,,,,Round of 64,,Bye,,False,False,True,False,False,False,False,0,False,0,0,0,,,,,,,,,
1,San Diego Open,,https://www.wtatennis.com/tournaments/2074/san-diego/2022,WTA 500,Hard,https://www.wtatennis.com/resources/v7.31.10/i/elements/500k-tag.svg,2022-10-10,2022-10-16,2022,10,San Diego,CRO,CA,US,USA,840,019,,America,Northern America,USA,77.0,100.0,20505.0,32M/24Q/16D,San Diego Open,,Donna Vekic,,https://www.wtatennis.com/resources/v7.31.10/i/elements/flags/cro.svg,Quarterfinals,L,"4-6, 7-6 (5), 1-6",https://www.wtatennis.com/players/318516/donna-vekic,False,False,False,False,True,False,True,3,False,30,12,18,HR,HRV,191,150,Europe,Southeastern Europe,CRO,"4,6,None|7,6,5|1,6,None",
2,San Diego Open,,https://www.wtatennis.com/tournaments/2074/san-diego/2022,WTA 500,Hard,https://www.wtatennis.com/resources/v7.31.10/i/elements/500k-tag.svg,2022-10-10,2022-10-16,2022,10,San Diego,USA,CA,US,USA,840,019,United States of America|America|USA|US,America,Northern America,USA,52.0,100.0,20505.0,32M/24Q/16D,San Diego Open,,Sloane Stephens,,https://www.wtatennis.com/resources/v7.31.10/i/elements/flags/usa.svg,Round of 16,W,"1-6, 6-3, 6-2",https://www.wtatennis.com/players/315683/sloane-stephens,False,False,False,False,False,False,False,3,False,24,13,11,US,USA,840,019,America,Northern America,USA,"1,6,None|6,3,None|6,2,None",
3,San Diego Open,,https://www.wtatennis.com/tournaments/2074/san-diego/2022,WTA 500,Hard,https://www.wtatennis.com/resources/v7.31.10/i/elements/500k-tag.svg,2022-10-10,2022-10-16,2022,10,San Diego,,CA,US,USA,840,019,,America,Northern America,USA,,100.0,20505.0,32M/24Q/16D,San Diego Open,,,,,Round of 32,,Bye,,False,False,True,False,False,False,False,0,False,0,0,0,,,,,,,,,
1,Us Open,https://photoresources.wtatennis.com/photo-resources/2025/04/16/295289d9-36fa-408a-8586-2b407d930c10/WTA-Tournament_US-Open.png?height=128,https://www.wtatennis.com/tournaments/905/us-open/2022,Grand Slam,Hard,https://www.wtatennis.com/resources/v7.31.10/i/elements/gs-tag.svg,2022-08-29,2022-09-11,2022,8,New York,POL,NY,US,USA,840,019,,America,Northern America,USA,1.0,780.0,705000.0,128M/128Q/64D,Us Open,,Iga Swiatek,1.0,https://www.wtatennis.com/resources/v7.31.10/i/elements/flags/pol.svg,Semifinals,L,"6-3, 1-6, 4-6",https://www.wtatennis.com/players/326408/iga-swiatek,False,False,False,False,False,False,False,3,True,26,11,15,PL,POL,616,150,Europe,Central Europe,POL,"6,3,None|1,6,None|4,6,None",
2,Us Open,https://photoresources.wtatennis.com/photo-resources/2025/04/16/295289d9-36fa-408a-8586-2b407d930c10/WTA-Tournament_US-Open.png?height=128,https://www.wtatennis.com/tournaments/905/us-open/2022,Grand Slam,Hard,https://www.wtatennis.com/resources/v7.31.10/i/elements/gs-tag.svg,2022-08-29,2022-09-11,2022,8,New York,CZE,NY,US,USA,840,019,,America,Northern America,USA,22.0,780.0,705000.0,128M/128Q/64D,Us Open,,Karolina Pliskova,22.0,https://www.wtatennis.com/resources/v7.31.10/i/elements/flags/cze.svg,Quarterfinals,W,"6-1, 7-6 (4)",https://www.wtatennis.com/players/313974/karolina-pliskova,False,False,False,False,True,False,True,2,True,20,13,7,CZ,CZE,203,150,Europe,Central Europe,CZE,"6,1,None|7,6,4",
3,Us Open,https://photoresources.wtatennis.com/photo-resources/2025/04/16/295289d9-36fa-408a-8586-2b407d930c10/WTA-Tournament_US-Open.png?height=128,https://www.wtatennis.com/tournaments/905/us-open/2022,Grand Slam,Hard,https://www.wtatennis.com/resources/v7.31.10/i/elements/gs-tag.svg,2022-08-29,2022-09-11,2022,8,New York,USA,NY,US,USA,840,019,United States of America|America|USA|US,America,Northern America,USA,19.0,780.0,705000.0,128M/128Q/64D,Us Open,,Danielle Collins,19.0,https://www.wtatennis.com/resources/v7.31.10/i/elements/flags/usa.svg,Round of 16,W,"3-6, 6-3, 6-2",https://www.wtatennis.com/players/316925/danielle-collins,False,False,False,False,False,False,False,3,False,26,15,11,US,USA,840,019,America,Northern America,USA,"3,6,None|6,3,None|6,2,None",
4,Us Open,https://photoresources.wtatennis.com/photo-resources/2025/04/16/295289d9-36fa-408a-8586-2b407d930c10/WTA-Tournament_US-Open.png?height=128,https://www.wtatennis.com/tournaments/905/us-open/2022,Grand Slam,Hard,https://www.wtatennis.com/resources/v7.31.10/i/elements/gs-tag.svg,2022-08-29,2022-09-11,2022,8,New York,FRA,NY,US,USA,840,019,,America,Northern America,USA,131.0,780.0,705000.0,128M/128Q/64D,Us Open,,Clara Burel,,https://www.wtatennis.com/resources/v7.31.10/i/elements/flags/fra.svg,Round of 32,W,"6-0, 6-2",https://www.wtatennis.com/players/325320/clara-burel,False,False,False,False,False,False,False,2,True,14,12,2,FR,FRA,250,150,Europe,Western Europe,FRA,"6,0,None|6,2,None",
5,Us Open,https://photoresources.wtatennis.com/photo-resources/2025/04/16/295289d9-36fa-408a-8586-2b407d930c10/WTA-Tournament_US-Open.png?height=128,https://www.wtatennis.com/tournaments/905/us-open/2022,Grand Slam,Hard,https://www.wtatennis.com/resources/v7.31.10/i/elements/gs-tag.svg,2022-08-29,2022-09-11,2022,8,New York,EST,NY,US,USA,840,019,,America,Northern America,USA,34.0,780.0,705000.0,128M/128Q/64D,Us Open,,Kaia Kanepi,,https://www.wtatennis.com/resources/v7.31.10/i/elements/flags/est.svg,Round of 64,W,"2-6, 7-6 (8), 6-4",https://www.wtatennis.com/players/110536/kaia-kanepi,False,False,False,False,True,False,True,3,False,31,15,16,EE,EST,233,150,Europe,Northern Europe,EST,"2,6,None|7,6,8|6,4,None",
6,Us Open,https://photoresources.wtatennis.com/photo-resources/2025/04/16/295289d9-36fa-408a-8586-2b407d930c10/WTA-Tournament_US-Open.png?height=128,https://www.wtatennis.com/tournaments/905/us-open/2022,Grand Slam,Hard,https://www.wtatennis.com/resources/v7.31.10/i/elements/gs-tag.svg,2022-08-29,2022-09-11,2022,8,New York,USA,NY,US,USA,840,019,United States of America|America|USA|US,America,Northern America,USA,243.0,780.0,705000.0,128M/128Q/64D,Us Open,,Catherine Harrison,,https://www.wtatennis.com/resources/v7.31.10/i/elements/flags/usa.svg,Round of 128,W,"6-1, 6-3",https://www.wtatennis.com/players/317900/catherine-harrison,False,False,False,False,False,False,False,2,True,16,12,4,US,USA,840,019,America,Northern America,USA,"6,1,None|6,3,None",
1,Western & Southern Open,https://photoresources.wtatennis.com/photo-resources/2025/04/16/17c99db9-c289-451d-8cd9-65e8d9a25a26/WTA-Tournament_Cincinnati-2024.png?height=128,https://www.wtatennis.com/tournaments/1017/cincinnati/2022,WTA 1000,Hard,https://www.wtatennis.com/resources/v7.31.10/i/elements/1000k-tag.svg,2022-08-15,2022-08-21,2022,8,Cincinnati,FRA,OH,US,USA,840,019,,America,Northern America,USA,35.0,350.0,125000.0,64M/32Q/32D,Western & Southern Open,,Caroline Garcia,,https://www.wtatennis.com/resources/v7.31.10/i/elements/flags/fra.svg,Semifinals,L,"2-6, 6-4, 1-6",https://www.wtatennis.com/players/315391/caroline-garcia,False,False,False,False,False,False,False,3,False,25,9,16,FR,FRA,250,150,Europe,Western Europe,FRA,"2,6,None|6,4,None|1,6,None",
2,Western & Southern Open,https://photoresources.wtatennis.com/photo-resources/2025/04/16/17c99db9-c289-451d-8cd9-65e8d9a25a26/WTA-Tournament_Cincinnati-2024.png?height=128,https://www.wtatennis.com/tournaments/1017/cincinnati/2022,WTA 1000,Hard,https://www.wtatennis.com/resources/v7.31.10/i/elements/1000k-tag.svg,2022-08-15,2022-08-21,2022,8,Cincinnati,CHN,OH,US,USA,840,019,,America,Northern America,USA,44.0,350.0,125000.0,64M/32Q/32D,Western & Southern Open,,Shuai Zhang,,https://www.wtatennis.com/resources/v7.31.10/i/elements/flags/chn.svg,Quarterfinals,W,"6-4, 7-6 (1)",https://www.wtatennis.com/players/311779/shuai-zhang,False,False,False,False,True,False,True,2,True,23,13,10,CN,CHN,156,142,Asia,East Asia,CHN,"6,4,None|7,6,1",
3,Western & Southern Open,https://photoresources.wtatennis.com/photo-resources/2025/04/16/17c99db9-c289-451d-8cd9-65e8d9a25a26/WTA-Tournament_Cincinnati-2024.png?height=128,https://www.wtatennis.com/tournaments/1017/cincinnati/2022,WTA 1000,Hard,https://www.wtatennis.com/resources/v7.31.10/i/elements/1000k-tag.svg,2022-08-15,2022-08-21,2022,8,Cincinnati,USA,OH,US,USA,840,019,United States of America|America|USA|US,America,Northern America,USA,30.0,350.0,125000.0,64M/32Q/32D,Western & Southern Open,,Shelby Rogers,,https://www.wtatennis.com/resources/v7.31.10/i/elements/flags/usa.svg,Round of 16,W,"6-4, 6-7 (2), 6-4",https://www.wtatennis.com/players/317421/shelby-rogers,False,False,False,False,True,False,True,3,True,33,18,15,US,USA,840,019,America,Northern America,USA,"6,4,None|6,7,2|6,4,None",
4,Western & Southern Open,https://photoresources.wtatennis.com/photo-resources/2025/04/16/17c99db9-c289-451d-8cd9-65e8d9a25a26/WTA-Tournament_Cincinnati-2024.png?height=128,https://www.wtatennis.com/tournaments/1017/cincinnati/2022,WTA 1000,Hard,https://www.wtatennis.com/resources/v7.31.10/i/elements/1000k-tag.svg,2022-08-15,2022-08-21,2022,8,Cincinnati,RUS,OH,US,USA,840,019,,America,Northern America,USA,69.0,350.0,125000.0,64M/32Q/32D,Western & Southern Open,,Anna Kalinskaya,,https://www.wtatennis.com/resources/v7.31.10/i/elements/flags/rus.svg,Round of 32,W,"6-3, 4-1",https://www.wtatennis.com/players/323942/anna-kalinskaya,True,False,False,False,False,False,False,2,True,14,10,4,RU,RUS,643,150,Europe,Eastern Europe,RUS,"6,3,None|4,1,None|Ret",
5,Western & Southern Open,https://photoresources.wtatennis.com/photo-resources/2025/04/16/17c99db9-c289-451d-8cd9-65e8d9a25a26/WTA-Tournament_Cincinnati-2024.png?height=128,https://www.wtatennis.com/tournaments/1017/cincinnati/2022,WTA 1000,Hard,https://www.wtatennis.com/resources/v7.31.10/i/elements/1000k-tag.svg,2022-08-15,2022-08-21,2022,8,Cincinnati,,OH,US,USA,840,019,,America,Northern America,USA,,350.0,125000.0,64M/32Q/32D,Western & Southern Open,,,,,Round of 64,,Bye,,False,False,True,False,False,False,False,0,False,0,0,0,,,,,,,,,
1,National Bank Open Presented By Rogers,,https://www.wtatennis.com/tournaments/806/montreal/2022,WTA 1000,Hard,https://www.wtatennis.com/resources/v7.31.10/i/elements/1000k-tag.svg,2022-08-08,2022-08-14,2022,8,Toronto,USA,,CA,CAN,124,019,United States of America|America|USA|US,America,Northern America,CAN,11.0,105.0,30660.0,64M/32Q/32D,National Bank Open Presented By Rogers,,Coco Gauff,10.0,https://www.wtatennis.com/resources/v7.31.10/i/elements/flags/usa.svg,Round of 16,L,"5-7, 6-4, 6-7 (4)",https://www.wtatennis.com/players/328560/coco-gauff,False,False,False,False,False,True,True,3,False,35,17,18,US,USA,840,019,America,Northern America,USA,"5,7,None|6,4,None|6,7,4",
2,National Bank Open Presented By Rogers,,https://www.wtatennis.com/tournaments/806/montreal/2022,WTA 1000,Hard,https://www.wtatennis.com/resources/v7.31.10/i/elements/1000k-tag.svg,2022-08-08,2022-08-14,2022,8,Toronto,ESP,,CA,CAN,124,019,Kingdom of Spain,America,Northern America,CAN,41.0,105.0,30660.0,64M/32Q/32D,National Bank Open Presented By Rogers,,Sara Sorribes Tormo,,https://www.wtatennis.com/resources/v7.31.10/i/elements/flags/esp.svg,Round of 32,W,"6-4, 6-3",https://www.wtatennis.com/players/318872/sara-sorribes-tormo,False,False,False,False,False,False,False,2,True,19,12,7,ES,ESP,724,150,Europe,Southern Europe,ESP,"6,4,None|6,3,None",
3,National Bank Open Presented By Rogers,,https://www.wtatennis.com/tournaments/806/montreal/2022,WTA 1000,Hard,https://www.wtatennis.com/resources/v7.31.10/i/elements/1000k-tag.svg,2022-08-08,2022-08-14,2022,8,Toronto,,,CA,CAN,124,019,,America,Northern America,CAN,,105.0,30660.0,64M/32Q/32D,National Bank Open Presented By Rogers,,,,,Round of 64,,Bye,,False,False,True,False,False,False,False,0,False,0,0,0,,,,,,,,,
1,Mubadala Silicon Valley Classic,,https://www.wtatennis.com/tournaments/703/san-jose/2022,WTA 500,Hard,https://www.wtatennis.com/resources/v7.31.10/i/elements/500k-tag.svg,2022-08-01,2022-08-07,2022,8,San Jose,AUS,CA,US,USA,840,019,,America,Northern America,USA,12.0,100.0,22080.0,32M/16Q/16D,Mubadala Silicon Valley Classic,,Daria Kasatkina,7.0,https://www.wtatennis.com/resources/v7.31.10/i/elements/flags/aus.svg,Quarterfinals,L,"6-4, 5-7, 0-6",https://www.wtatennis.com/players/322082/daria-kasatkina,False,False,False,False,False,False,False,3,True,28,11,17,AU,AUS,036,009,Oceania,Australasia,AUS,"6,4,None|5,7,None|0,6,None",
2,Mubadala Silicon Valley Classic,,https://www.wtatennis.com/tournaments/703/san-jose/2022,WTA 500,Hard,https://www.wtatennis.com/resources/v7.31.10/i/elements/500k-tag.svg,2022-08-01,2022-08-07,2022,8,San Jose,USA,CA,US,USA,840,019,United States of America|America|USA|US,America,Northern America,USA,168.0,100.0,22080.0,32M/16Q/16D,Mubadala Silicon Valley Classic,,Caroline Dolehide,,https://www.wtatennis.com/resources/v7.31.10/i/elements/flags/usa.svg,Round of 16,W,"5-7, 6-1, 7-5",https://www.wtatennis.com/players/322052/caroline-dolehide,False,False,False,False,False,False,False,3,False,31,18,13,US,USA,840,019,America,Northern America,USA,"5,7,None|6,1,None|7,5,None",
3,Mubadala Silicon Valley Classic,,https://www.wtatennis.com/tournaments/703/san-jose/2022,WTA 500,Hard,https://www.wtatennis.com/resources/v7.31.10/i/elements/500k-tag.svg,2022-08-01,2022-08-07,2022,8,San Jose,,CA,US,USA,840,019,,America,Northern America,USA,,100.0,22080.0,32M/16Q/16D,Mubadala Silicon Valley Classic,,,,,Round of 32,,Bye,,False,False,True,False,False,False,False,0,False,0,0,0,,,,,,,,,
1,Bett1Open,https://photoresources.wtatennis.com/photo-resources/2025/05/23/7fdec664-b1a6-44fc-8772-ecfb34d7aca2/WTA-Tournament_Berlin-2024.png?height=128,https://www.wtatennis.com/tournaments/2012/berlin/2022,WTA 500,Grass,https://www.wtatennis.com/resources/v7.31.10/i/elements/500k-tag.svg,2022-06-13,2022-06-19,2022,6,Berlin,RUS,,DE,DEU,276,150,,Europe,Central Europe,GER,24.0,1.0,6680.0,32M/24Q/16D,Bett1Open,,Veronika Kudermetova,,https://www.wtatennis.com/resources/v7.31.10/i/elements/flags/rus.svg,Round of 32,L,"6-2, 5-7, 4-6",https://www.wtatennis.com/players/319526/veronika-kudermetova,False,False,False,False,False,False,False,3,True,30,15,15,RU,RUS,643,150,Europe,Eastern Europe,RUS,"6,2,None|5,7,None|4,6,None",
1,Libema Open,,https://www.wtatennis.com/tournaments/822/s-hertogenbosch/2022,WTA 250,Grass,https://www.wtatennis.com/resources/v7.31.10/i/elements/250k-tag.svg,2022-06-06,2022-06-12,2022,6,S'Hertogenbosch,RUS,,NL,NLD,528,150,,Europe,Western Europe,NED,30.0,180.0,19750.0,32M/24Q/16D,Libema Open,,Ekaterina Alexandrova,7.0,https://www.wtatennis.com/resources/v7.31.10/i/elements/flags/rus.svg,Finals,L,"5-7, 0-6",https://www.wtatennis.com/players/319007/ekaterina-alexandrova,False,False,False,False,False,False,False,2,False,18,5,13,RU,RUS,643,150,Europe,Eastern Europe,RUS,"5,7,None|0,6,None",
2,Libema Open,,https://www.wtatennis.com/tournaments/822/s-hertogenbosch/2022,WTA 250,Grass,https://www.wtatennis.com/resources/v7.31.10/i/elements/250k-tag.svg,2022-06-06,2022-06-12,2022,6,S'Hertogenbosch,USA,,NL,NLD,528,150,United States of America|America|USA|US,Europe,Western Europe,NED,42.0,180.0,19750.0,32M/24Q/16D,Libema Open,,Shelby Rogers,,https://www.wtatennis.com/resources/v7.31.10/i/elements/flags/usa.svg,Semifinals,W,"7-6 (6), 6-0",https://www.wtatennis.com/players/317421/shelby-rogers,False,False,False,True,False,False,True,2,True,19,13,6,US,USA,840,019,America,Northern America,USA,"7,6,6|6,0,None",
3,Libema Open,,https://www.wtatennis.com/tournaments/822/s-hertogenbosch/2022,WTA 250,Grass,https://www.wtatennis.com/resources/v7.31.10/i/elements/250k-tag.svg,2022-06-06,2022-06-12,2022,6,S'Hertogenbosch,BEL,,NL,NLD,528,150,,Europe,Western Europe,NED,46.0,180.0,19750.0,32M/24Q/16D,Libema Open,,Alison Van Uytvanck,,https://www.wtatennis.com/resources/v7.31.10/i/elements/flags/bel.svg,Quarterfinals,W,"6-3, 3-6, 7-6 (5)",https://www.wtatennis.com/players/317819/alison-van-uytvanck,False,False,False,False,False,True,True,3,True,31,16,15,BE,BEL,056,150,Europe,Western Europe,BEL,"6,3,None|3,6,None|7,6,5",
4,Libema Open,,https://www.wtatennis.com/tournaments/822/s-hertogenbosch/2022,WTA 250,Grass,https://www.wtatennis.com/resources/v7.31.10/i/elements/250k-tag.svg,2022-06-06,2022-06-12,2022,6,S'Hertogenbosch,NED,,NL,NLD,528,150,,Europe,Western Europe,NED,172.0,180.0,19750.0,32M/24Q/16D,Libema Open,,Arianne Hartono,,https://www.wtatennis.com/resources/v7.31.10/i/elements/flags/ned.svg,Round of 16,W,"6-2, 6-3",https://www.wtatennis.com/players/323451/arianne-hartono,False,False,False,False,False,False,False,2,True,17,12,5,NL,NLD,528,150,Europe,Western Europe,NED,"6,2,None|6,3,None",
5,Libema Open,,https://www.wtatennis.com/tournaments/822/s-hertogenbosch/2022,WTA 250,Grass,https://www.wtatennis.com/resources/v7.31.10/i/elements/250k-tag.svg,2022-06-06,2022-06-12,2022,6,S'Hertogenbosch,UKR,,NL,NLD,528,150,,Europe,Western Europe,NED,142.0,180.0,19750.0,32M/24Q/16D,Libema Open,,Kateryna Baindl,,https://www.wtatennis.com/resources/v7.31.10/i/elements/flags/ukr.svg,Round of 32,W,"6-4, 6-1",https://www.wtatennis.com/players/316739/kateryna-baindl,False,False,False,False,False,False,False,2,True,17,12,5,UA,UKR,804,150,Europe,Eastern Europe,UKR,"6,4,None|6,1,None",
1,Roland Garros,https://photoresources.wtatennis.com/photo-resources/2025/04/16/ddbbc328-7967-416c-a6b5-043c8c3f933e/WTA-Tournament_Roland-Garros.png?height=128,https://www.wtatennis.com/tournaments/903/roland-garros/2022,Grand Slam,Clay,https://www.wtatennis.com/resources/v7.31.10/i/elements/gs-tag.svg,2022-05-22,2022-06-05,2022,5,Paris,ITA,,FR,FRA,250,150,,Europe,Western Europe,FRA,30.0,130.0,133038.0,128M/128Q/64D,Roland Garros,,Camila Giorgi,28.0,https://www.wtatennis.com/resources/v7.31.10/i/elements/flags/ita.svg,Round of 32,L,"6-4, 1-6, 0-6",https://www.wtatennis.com/players/314610/camila-giorgi,False,False,False,False,False,False,False,3,True,23,7,16,IT,ITA,380,150,Europe,Southern Europe,ITA,"6,4,None|1,6,None|0,6,None",
2,Roland Garros,https://photoresources.wtatennis.com/photo-resources/2025/04/16/ddbbc328-7967-416c-a6b5-043c8c3f933e/WTA-Tournament_Roland-Garros.png?height=128,https://www.wtatennis.com/tournaments/903/roland-garros/2022,Grand Slam,Clay,https://www.wtatennis.com/resources/v7.31.10/i/elements/gs-tag.svg,2022-05-22,2022-06-05,2022,5,Paris,USA,,FR,FRA,250,150,United States of America|America|USA|US,Europe,Western Europe,FRA,57.0,130.0,133038.0,128M/128Q/64D,Roland Garros,,Madison Brengle,,https://www.wtatennis.com/resources/v7.31.10/i/elements/flags/usa.svg,Round of 64,W,"6-1, 6-3",https://www.wtatennis.com/players/312328/madison-brengle,False,False,False,False,False,False,False,2,True,16,12,4,US,USA,840,019,America,Northern America,USA,"6,1,None|6,3,None",
3,Roland Garros,https://photoresources.wtatennis.com/photo-resources/2025/04/16/ddbbc328-7967-416c-a6b5-043c8c3f933e/WTA-Tournament_Roland-Garros.png?height=128,https://www.wtatennis.com/tournaments/903/roland-garros/2022,Grand Slam,Clay,https://www.wtatennis.com/resources/v7.31.10/i/elements/gs-tag.svg,2022-05-22,2022-06-05,2022,5,Paris,FRA,,FR,FRA,250,150,,Europe,Western Europe,FRA,101.0,130.0,133038.0,128M/128Q/64D,Roland Garros,,Chloe Paquet,,https://www.wtatennis.com/resources/v7.31.10/i/elements/flags/fra.svg,Round of 128,W,"2-6, 6-3, 6-4",https://www.wtatennis.com/players/318839/chloe-paquet,False,False,False,False,False,False,False,3,False,27,14,13,FR,FRA,250,150,Europe,Western Europe,FRA,"2,6,None|6,3,None|6,4,None",
1,Internazionali Bnl D'Italia,https://photoresources.wtatennis.com/photo-resources/2025/04/16/51f9b6ec-ebde-417f-b706-31b0bb4cc688/WTA-Tournament_Rome-2018.png?height=128,https://www.wtatennis.com/tournaments/709/rome/2022,WTA 1000,Clay,https://www.wtatennis.com/resources/v7.31.10/i/elements/1000k-tag.svg,2022-05-09,2022-05-15,2022,5,Rome,POL,,IT,ITA,380,150,,Europe,Southern Europe,ITA,1.0,350.0,125000.0,64M/32Q/32D,Internazionali Bnl D'Italia,,Iga Swiatek,1.0,https://www.wtatennis.com/resources/v7.31.10/i/elements/flags/pol.svg,Semifinals,L,"2-6, 1-6",https://www.wtatennis.com/players/326408/iga-swiatek,False,False,False,False,False,False,False,2,False,15,3,12,PL,POL,616,150,Europe,Central Europe,POL,"2,6,None|1,6,None",
2,Internazionali Bnl D'Italia,https://photoresources.wtatennis.com/photo-resources/2025/04/16/51f9b6ec-ebde-417f-b706-31b0bb4cc688/WTA-Tournament_Rome-2018.png?height=128,https://www.wtatennis.com/tournaments/709/rome/2022,WTA 1000,Clay,https://www.wtatennis.com/resources/v7.31.10/i/elements/1000k-tag.svg,2022-05-09,2022-05-15,2022,5,Rome,USA,,IT,ITA,380,150,United States of America|America|USA|US,Europe,Southern Europe,ITA,32.0,350.0,125000.0,64M/32Q/32D,Internazionali Bnl D'Italia,,Amanda Anisimova,,https://www.wtatennis.com/resources/v7.31.10/i/elements/flags/usa.svg,Quarterfinals,W,"4-6, 6-3, 6-2",https://www.wtatennis.com/players/326384/amanda-anisimova,False,False,False,False,False,False,False,3,False,27,16,11,US,USA,840,019,America,Northern America,USA,"4,6,None|6,3,None|6,2,None",
3,Internazionali Bnl D'Italia,https://photoresources.wtatennis.com/photo-resources/2025/04/16/51f9b6ec-ebde-417f-b706-31b0bb4cc688/WTA-Tournament_Rome-2018.png?height=128,https://www.wtatennis.com/tournaments/709/rome/2022,WTA 1000,Clay,https://www.wtatennis.com/resources/v7.31.10/i/elements/1000k-tag.svg,2022-05-09,2022-05-15,2022,5,Rome,USA,,IT,ITA,380,150,United States of America|America|USA|US,Europe,Southern Europe,ITA,11.0,350.0,125000.0,64M/32Q/32D,Internazionali Bnl D'Italia,,Jessica Pegula,13.0,https://www.wtatennis.com/resources/v7.31.10/i/elements/flags/usa.svg,Round of 16,W,"6-1, 6-4",https://www.wtatennis.com/players/316956/jessica-pegula,False,False,False,False,False,False,False,2,True,17,12,5,US,USA,840,019,America,Northern America,USA,"6,1,None|6,4,None",
4,Internazionali Bnl D'Italia,https://photoresources.wtatennis.com/photo-resources/2025/04/16/51f9b6ec-ebde-417f-b706-31b0bb4cc688/WTA-Tournament_Rome-2018.png?height=128,https://www.wtatennis.com/tournaments/709/rome/2022,WTA 1000,Clay,https://www.wtatennis.com/resources/v7.31.10/i/elements/1000k-tag.svg,2022-05-09,2022-05-15,2022,5,Rome,CHN,,IT,ITA,380,150,,Europe,Southern Europe,ITA,42.0,350.0,125000.0,64M/32Q/32D,Internazionali Bnl D'Italia,,Shuai Zhang,,https://www.wtatennis.com/resources/v7.31.10/i/elements/flags/chn.svg,Round of 32,W,"6-2, 6-0",https://www.wtatennis.com/players/311779/shuai-zhang,False,False,False,False,False,False,False,2,True,14,12,2,CN,CHN,156,142,Asia,East Asia,CHN,"6,2,None|6,0,None",
5,Internazionali Bnl D'Italia,https://photoresources.wtatennis.com/photo-resources/2025/04/16/51f9b6ec-ebde-417f-b706-31b0bb4cc688/WTA-Tournament_Rome-2018.png?height=128,https://www.wtatennis.com/tournaments/709/rome/2022,WTA 1000,Clay,https://www.wtatennis.com/resources/v7.31.10/i/elements/1000k-tag.svg,2022-05-09,2022-05-15,2022,5,Rome,,,IT,ITA,380,150,,Europe,Southern Europe,ITA,,350.0,125000.0,64M/32Q/32D,Internazionali Bnl D'Italia,,,,,Round of 64,,Bye,,False,False,True,False,False,False,False,0,False,0,0,0,,,,,,,,,
1,Mutua Madrid Open,https://photoresources.wtatennis.com/photo-resources/2025/04/16/993fad80-1e55-4a92-aae0-258338df5d6d/WTA-Tournament_Madrid-2023.png?height=128,https://www.wtatennis.com/tournaments/1038/madrid/2022,WTA 1000,Clay,https://www.wtatennis.com/resources/v7.31.10/i/elements/1000k-tag.svg,2022-04-28,2022-05-07,2022,4,Madrid,USA,,ES,ESP,724,150,United States of America|America|USA|US,Europe,Southern Europe,ESP,33.0,10.0,27280.0,64M/48Q/32D,Mutua Madrid Open,,Amanda Anisimova,,https://www.wtatennis.com/resources/v7.31.10/i/elements/flags/usa.svg,Round of 64,L,"2-6, 6-3, 4-6",https://www.wtatennis.com/players/326384/amanda-anisimova,False,False,False,False,False,False,False,3,False,27,12,15,US,USA,840,019,America,Northern America,USA,"2,6,None|6,3,None|4,6,None",
1,Porsche Tennis Grand Prix,https://photoresources.wtatennis.com/photo-resources/2025/04/16/73f25721-54c3-4754-84f2-c67e607edd39/WTA-Tournament_Stuttgart-2017.png?height=128,https://www.wtatennis.com/tournaments/1051/stuttgart/2022,WTA 500,Clay,https://www.wtatennis.com/resources/v7.31.10/i/elements/500k-tag.svg,2022-04-18,2022-04-24,2022,4,Stuttgart,POL,,DE,DEU,276,150,,Europe,Central Europe,GER,1.0,305.0,58032.0,32M/16Q/16D,Porsche Tennis Grand Prix,,Iga Swiatek,1.0,https://www.wtatennis.com/resources/v7.31.10/i/elements/flags/pol.svg,Finals,L,"2-6, 2-6",https://www.wtatennis.com/players/326408/iga-swiatek,False,False,False,False,False,False,False,2,False,16,4,12,PL,POL,616,150,Europe,Central Europe,POL,"2,6,None|2,6,None",
2,Porsche Tennis Grand Prix,https://photoresources.wtatennis.com/photo-resources/2025/04/16/73f25721-54c3-4754-84f2-c67e607edd39/WTA-Tournament_Stuttgart-2017.png?height=128,https://www.wtatennis.com/tournaments/1051/stuttgart/2022,WTA 500,Clay,https://www.wtatennis.com/resources/v7.31.10/i/elements/500k-tag.svg,2022-04-18,2022-04-24,2022,4,Stuttgart,ESP,,DE,DEU,276,150,Kingdom of Spain,Europe,Central Europe,GER,3.0,305.0,58032.0,32M/16Q/16D,Porsche Tennis Grand Prix,,Paula Badosa,2.0,https://www.wtatennis.com/resources/v7.31.10/i/elements/flags/esp.svg,Semifinals,W,"7-6 (5), 6-4",https://www.wtatennis.com/players/320124/paula-badosa,False,False,False,True,False,False,True,2,True,23,13,10,ES,ESP,724,150,Europe,Southern Europe,ESP,"7,6,5|6,4,None",
3,Porsche Tennis Grand Prix,https://photoresources.wtatennis.com/photo-resources/2025/04/16/73f25721-54c3-4754-84f2-c67e607edd39/WTA-Tournament_Stuttgart-2017.png?height=128,https://www.wtatennis.com/tournaments/1051/stuttgart/2022,WTA 500,Clay,https://www.wtatennis.com/resources/v7.31.10/i/elements/500k-tag.svg,2022-04-18,2022-04-24,2022,4,Stuttgart,EST,,DE,DEU,276,150,,Europe,Central Europe,GER,6.0,305.0,58032.0,32M/16Q/16D,Porsche Tennis Grand Prix,,Anett Kontaveit,5.0,https://www.wtatennis.com/resources/v7.31.10/i/elements/flags/est.svg,Quarterfinals,W,"6-4, 3-6, 6-1",https://www.wtatennis.com/players/318425/anett-kontaveit,False,False,False,False,False,False,False,3,True,26,15,11,EE,EST,233,150,Europe,Northern Europe,EST,"6,4,None|3,6,None|6,1,None",
4,Porsche Tennis Grand Prix,https://photoresources.wtatennis.com/photo-resources/2025/04/16/73f25721-54c3-4754-84f2-c67e607edd39/WTA-Tournament_Stuttgart-2017.png?height=128,https://www.wtatennis.com/tournaments/1051/stuttgart/2022,WTA 500,Clay,https://www.wtatennis.com/resources/v7.31.10/i/elements/500k-tag.svg,2022-04-18,2022-04-24,2022,4,Stuttgart,CAN,,DE,DEU,276,150,,Europe,Central Europe,GER,121.0,305.0,58032.0,32M/16Q/16D,Porsche Tennis Grand Prix,,Bianca Andreescu,,https://www.wtatennis.com/resources/v7.31.10/i/elements/flags/can.svg,Round of 16,W,"6-1, 3-6, 6-2",https://www.wtatennis.com/players/325088/bianca-andreescu,False,False,False,False,False,False,False,3,True,24,15,9,CA,CAN,124,019,America,Northern America,CAN,"6,1,None|3,6,None|6,2,None",
5,Porsche Tennis Grand Prix,https://photoresources.wtatennis.com/photo-resources/2025/04/16/73f25721-54c3-4754-84f2-c67e607edd39/WTA-Tournament_Stuttgart-2017.png?height=128,https://www.wtatennis.com/tournaments/1051/stuttgart/2022,WTA 500,Clay,https://www.wtatennis.com/resources/v7.31.10/i/elements/500k-tag.svg,2022-04-18,2022-04-24,2022,4,Stuttgart,,,DE,DEU,276,150,,Europe,Central Europe,GER,,305.0,58032.0,32M/16Q/16D,Porsche Tennis Grand Prix,,,,,Round of 32,,Bye,,False,False,True,False,False,False,False,0,False,0,0,0,,,,,,,,,
1,Credit One Charleston Open,,https://www.wtatennis.com/tournaments/804/charleston/2022,WTA 500,Clay,https://www.wtatennis.com/resources/v7.31.10/i/elements/500k-tag.svg,2022-04-04,2022-04-10,2022,4,Charleston,USA,SC,US,USA,840,019,United States of America|America|USA|US,America,Northern America,USA,47.0,55.0,9900.0,64M/32Q/16D,Credit One Charleston Open,,Amanda Anisimova,15.0,https://www.wtatennis.com/resources/v7.31.10/i/elements/flags/usa.svg,Round of 16,L,"6-3, 4-6, 3-6",https://www.wtatennis.com/players/326384/amanda-anisimova,False,False,False,False,False,False,False,3,True,28,13,15,US,USA,840,019,America,Northern America,USA,"6,3,None|4,6,None|3,6,None",W
2,Credit One Charleston Open,,https://www.wtatennis.com/tournaments/804/charleston/2022,WTA 500,Clay,https://www.wtatennis.com/resources/v7.31.10/i/elements/500k-tag.svg,2022-04-04,2022-04-10,2022,4,Charleston,USA,SC,US,USA,840,019,United States of America|America|USA|US,America,Northern America,USA,43.0,55.0,9900.0,64M/32Q/16D,Credit One Charleston Open,,Alison Riske-Amritraj,,https://www.wtatennis.com/resources/v7.31.10/i/elements/flags/usa.svg,Round of 32,W,"7-6 (3), 6-4",https://www.wtatennis.com/players/312850/alison-riske-amritraj,False,False,False,True,False,False,True,2,True,23,13,10,US,USA,840,019,America,Northern America,USA,"7,6,3|6,4,None",W
3,Credit One Charleston Open,,https://www.wtatennis.com/tournaments/804/charleston/2022,WTA 500,Clay,https://www.wtatennis.com/resources/v7.31.10/i/elements/500k-tag.svg,2022-04-04,2022-04-10,2022,4,Charleston,,SC,US,USA,840,019,,America,Northern America,USA,,55.0,9900.0,64M/32Q/16D,Credit One Charleston Open,,,,,Round of 64,,Bye,,False,False,True,False,False,False,False,0,False,0,0,0,,,,,,,,,W
1,Miami Open Presented By Itaú,https://photoresources.wtatennis.com/photo-resources/2025/04/16/ad3c213f-6323-4422-bb86-ff92e8cb213c/WTA-Tournament_Miami-2024.png?height=128,https://www.wtatennis.com/tournaments/902/miami/2022,WTA 1000,Hard,https://www.wtatennis.com/resources/v7.31.10/i/elements/1000k-tag.svg,2022-03-22,2022-04-03,2022,3,Miami,ROU,FL,US,USA,840,019,,America,Northern America,USA,70.0,10.0,30130.0,96M/48Q/32D,Miami Open Presented By Itaú,,Irina-Camelia Begu,,https://www.wtatennis.com/resources/v7.31.10/i/elements/flags/rou.svg,Round of 64,L,"4-6, 4-6",https://www.wtatennis.com/players/313169/irina-camelia-begu,False,False,False,False,False,False,False,2,False,20,8,12,RO,ROU,642,150,Europe,Southeastern Europe,ROU,"4,6,None|4,6,None",
2,Miami Open Presented By Itaú,https://photoresources.wtatennis.com/photo-resources/2025/04/16/ad3c213f-6323-4422-bb86-ff92e8cb213c/WTA-Tournament_Miami-2024.png?height=128,https://www.wtatennis.com/tournaments/902/miami/2022,WTA 1000,Hard,https://www.wtatennis.com/resources/v7.31.10/i/elements/1000k-tag.svg,2022-03-22,2022-04-03,2022,3,Miami,,FL,US,USA,840,019,,America,Northern America,USA,,10.0,30130.0,96M/48Q/32D,Miami Open Presented By Itaú,,,,,Round of 128,,Bye,,False,False,True,False,False,False,False,0,False,0,0,0,,,,,,,,,
1,Bnp Paribas Open,https://photoresources.wtatennis.com/photo-resources/2025/04/16/e155ccb6-5daf-4a93-8fa1-a30ce14c2704/WTA-Tournament_Indian-Wells-2017.png?height=128,https://www.wtatennis.com/tournaments/609/indian-wells/2022,WTA 1000,Hard,https://www.wtatennis.com/resources/v7.31.10/i/elements/1000k-tag.svg,2022-03-09,2022-03-20,2022,3,Indian Wells,ITA,CA,US,USA,840,019,,America,Northern America,USA,46.0,10.0,30130.0,96M/48Q/32D,Bnp Paribas Open,,Jasmine Paolini,,https://www.wtatennis.com/resources/v7.31.10/i/elements/flags/ita.svg,Round of 64,L,"6-2, 3-6, 3-6",https://www.wtatennis.com/players/319280/jasmine-paolini,False,False,False,False,False,False,False,3,True,26,12,14,IT,ITA,380,150,Europe,Southern Europe,ITA,"6,2,None|3,6,None|3,6,None",
2,Bnp Paribas Open,https://photoresources.wtatennis.com/photo-resources/2025/04/16/e155ccb6-5daf-4a93-8fa1-a30ce14c2704/WTA-Tournament_Indian-Wells-2017.png?height=128,https://www.wtatennis.com/tournaments/609/indian-wells/2022,WTA 1000,Hard,https://www.wtatennis.com/resources/v7.31.10/i/elements/1000k-tag.svg,2022-03-09,2022-03-20,2022,3,Indian Wells,,CA,US,USA,840,019,,America,Northern America,USA,,10.0,30130.0,96M/48Q/32D,Bnp Paribas Open,,,,,Round of 128,,Bye,,False,False,True,False,False,False,False,0,False,0,0,0,,,,,,,,,
1,Qatar Totalenergies Open,https://photoresources.wtatennis.com/photo-resources/2025/04/16/74cb07bc-dc84-43f7-9acc-95e51d3748c9/WTA-Tournament_Doha-2025.png?height=128,https://www.wtatennis.com/tournaments/1003/doha/2022,WTA 1000,Hard,https://www.wtatennis.com/resources/v7.31.10/i/elements/1000k-tag.svg,2022-02-20,2022-02-26,2022,2,Doha,POL,,QA,QAT,634,142,,Asia,Western Asia,QAT,8.0,190.0,53000.0,64M/32Q/32D,Qatar Totalenergies Open,,Iga Swiatek,7.0,https://www.wtatennis.com/resources/v7.31.10/i/elements/flags/pol.svg,Quarterfinals,L,"2-6, 3-6",https://www.wtatennis.com/players/326408/iga-swiatek,False,False,False,False,False,False,False,2,False,17,5,12,PL,POL,616,150,Europe,Central Europe,POL,"2,6,None|3,6,None",
2,Qatar Totalenergies Open,https://photoresources.wtatennis.com/photo-resources/2025/04/16/74cb07bc-dc84-43f7-9acc-95e51d3748c9/WTA-Tournament_Doha-2025.png?height=128,https://www.wtatennis.com/tournaments/1003/doha/2022,WTA 1000,Hard,https://www.wtatennis.com/resources/v7.31.10/i/elements/1000k-tag.svg,2022-02-20,2022-02-26,2022,2,Doha,SUI,,QA,QAT,634,142,,Asia,Western Asia,QAT,41.0,190.0,53000.0,64M/32Q/32D,Qatar Totalenergies Open,,Jil Teichmann,,https://www.wtatennis.com/resources/v7.31.10/i/elements/flags/sui.svg,Round of 16,W,"6-2, 6-1",https://www.wtatennis.com/players/320926/jil-teichmann,False,False,False,False,False,False,False,2,True,15,12,3,CH,CHE,756,150,Europe,Central Europe,SUI,"6,2,None|6,1,None",
3,Qatar Totalenergies Open,https://photoresources.wtatennis.com/photo-resources/2025/04/16/74cb07bc-dc84-43f7-9acc-95e51d3748c9/WTA-Tournament_Doha-2025.png?height=128,https://www.wtatennis.com/tournaments/1003/doha/2022,WTA 1000,Hard,https://www.wtatennis.com/resources/v7.31.10/i/elements/1000k-tag.svg,2022-02-20,2022-02-26,2022,2,Doha,FRA,,QA,QAT,634,142,,Asia,Western Asia,QAT,37.0,190.0,53000.0,64M/32Q/32D,Qatar Totalenergies Open,,Alizé Cornet,,https://www.wtatennis.com/resources/v7.31.10/i/elements/flags/fra.svg,Round of 32,W,"6-2, 6-2",https://www.wtatennis.com/players/312121/aliz-cornet,False,False,False,False,False,False,False,2,True,16,12,4,FR,FRA,250,150,Europe,Western Europe,FRA,"6,2,None|6,2,None",
4,Qatar Totalenergies Open,https://photoresources.wtatennis.com/photo-resources/2025/04/16/74cb07bc-dc84-43f7-9acc-95e51d3748c9/WTA-Tournament_Doha-2025.png?height=128,https://www.wtatennis.com/tournaments/1003/doha/2022,WTA 1000,Hard,https://www.wtatennis.com/resources/v7.31.10/i/elements/1000k-tag.svg,2022-02-20,2022-02-26,2022,2,Doha,,,QA,QAT,634,142,,Asia,Western Asia,QAT,,190.0,53000.0,64M/32Q/32D,Qatar Totalenergies Open,,,,,Round of 64,,Bye,,False,False,True,False,False,False,False,0,False,0,0,0,,,,,,,,,
1,Dubai Duty Free Tennis Championships,https://photoresources.wtatennis.com/photo-resources/2025/04/16/aa274c10-fd33-4715-ac0e-d74441b27a54/WTA-Tournament_Dubai-2017.png?height=128,https://www.wtatennis.com/tournaments/718/dubai/2022,WTA 500,Hard,https://www.wtatennis.com/resources/v7.31.10/i/elements/500k-tag.svg,2022-02-14,2022-02-19,2022,2,Dubai,CZE,,AE,ARE,784,142,,Asia,Western Asia,UAE,25.0,55.0,9500.0,32M/48Q/16D,Dubai Duty Free Tennis Championships,,Petra Kvitova,,https://www.wtatennis.com/resources/v7.31.10/i/elements/flags/cze.svg,Round of 16,L,"4-6, 4-6",https://www.wtatennis.com/players/314206/petra-kvitova,False,False,False,False,False,False,False,2,False,20,8,12,CZ,CZE,203,150,Europe,Central Europe,CZE,"4,6,None|4,6,None",
2,Dubai Duty Free Tennis Championships,https://photoresources.wtatennis.com/photo-resources/2025/04/16/aa274c10-fd33-4715-ac0e-d74441b27a54/WTA-Tournament_Dubai-2017.png?height=128,https://www.wtatennis.com/tournaments/718/dubai/2022,WTA 500,Hard,https://www.wtatennis.com/resources/v7.31.10/i/elements/500k-tag.svg,2022-02-14,2022-02-19,2022,2,Dubai,UKR,,AE,ARE,784,142,,Asia,Western Asia,UAE,49.0,55.0,9500.0,32M/48Q/16D,Dubai Duty Free Tennis Championships,,Marta Kostyuk,,https://www.wtatennis.com/resources/v7.31.10/i/elements/flags/ukr.svg,Round of 32,W,"6-4, 6-1",https://www.wtatennis.com/players/326482/marta-kostyuk,False,False,False,False,False,False,False,2,True,17,12,5,UA,UKR,804,150,Europe,Eastern Europe,UKR,"6,4,None|6,1,None",
1,Australian Open,https://photoresources.wtatennis.com/photo-resources/2025/04/16/20886615-8c76-4d00-b747-7946c3692df2/WTA-Tournament_Australian-Open.png?height=128,https://www.wtatennis.com/tournaments/901/australian-open/2022,Grand Slam,Hard,https://www.wtatennis.com/resources/v7.31.10/i/elements/gs-tag.svg,2022-01-17,2022-01-30,2022,1,Melbourne,EST,,AU,AUS,036,009,,Oceania,Australasia,AUS,115.0,240.0,246795.0,128M/128Q/64D,Australian Open,,Kaia Kanepi,,https://www.wtatennis.com/resources/v7.31.10/i/elements/flags/est.svg,Round of 16,L,"7-5, 2-6, 6-7 (7)",https://www.wtatennis.com/players/110536/kaia-kanepi,False,False,False,False,False,True,True,3,True,33,15,18,EE,EST,233,150,Europe,Northern Europe,EST,"7,5,None|2,6,None|6,7,7",
2,Australian Open,https://photoresources.wtatennis.com/photo-resources/2025/04/16/20886615-8c76-4d00-b747-7946c3692df2/WTA-Tournament_Australian-Open.png?height=128,https://www.wtatennis.com/tournaments/901/australian-open/2022,Grand Slam,Hard,https://www.wtatennis.com/resources/v7.31.10/i/elements/gs-tag.svg,2022-01-17,2022-01-30,2022,1,Melbourne,CZE,,AU,AUS,036,009,,Oceania,Australasia,AUS,41.0,240.0,246795.0,128M/128Q/64D,Australian Open,,Marketa Vondrousova,31.0,https://www.wtatennis.com/resources/v7.31.10/i/elements/flags/cze.svg,Round of 32,W,"4-6, 6-3, 6-1",https://www.wtatennis.com/players/323027/marketa-vondrousova,False,False,False,False,False,False,False,3,False,26,16,10,CZ,CZE,203,150,Europe,Central Europe,CZE,"4,6,None|6,3,None|6,1,None",
3,Australian Open,https://photoresources.wtatennis.com/photo-resources/2025/04/16/20886615-8c76-4d00-b747-7946c3692df2/WTA-Tournament_Australian-Open.png?height=128,https://www.wtatennis.com/tournaments/901/australian-open/2022,Grand Slam,Hard,https://www.wtatennis.com/resources/v7.31.10/i/elements/gs-tag.svg,2022-01-17,2022-01-30,2022,1,Melbourne,CHN,,AU,AUS,036,009,,Oceania,Australasia,AUS,100.0,240.0,246795.0,128M/128Q/64D,Australian Open,,Xinyu Wang,,https://www.wtatennis.com/resources/v7.31.10/i/elements/flags/chn.svg,Round of 64,W,"1-6, 6-4, 6-2",https://www.wtatennis.com/players/326376/xinyu-wang,False,False,False,False,False,False,False,3,False,25,13,12,CN,CHN,156,142,Asia,East Asia,CHN,"1,6,None|6,4,None|6,2,None",
4,Australian Open,https://photoresources.wtatennis.com/photo-resources/2025/04/16/20886615-8c76-4d00-b747-7946c3692df2/WTA-Tournament_Australian-Open.png?height=128,https://www.wtatennis.com/tournaments/901/australian-open/2022,Grand Slam,Hard,https://www.wtatennis.com/resources/v7.31.10/i/elements/gs-tag.svg,2022-01-17,2022-01-30,2022,1,Melbourne,AUS,,AU,AUS,036,009,,Oceania,Australasia,AUS,128.0,240.0,246795.0,128M/128Q/64D,Australian Open,,Storm Hunter,,https://www.wtatennis.com/resources/v7.31.10/i/elements/flags/aus.svg,Round of 128,W,"5-7, 6-3, 6-2",https://www.wtatennis.com/players/317810/storm-hunter,False,False,False,False,False,False,False,3,False,29,17,12,AU,AUS,036,009,Oceania,Australasia,AUS,"5,7,None|6,3,None|6,2,None",
1,Adelaide International 2,,https://www.wtatennis.com/tournaments/2030/adelaide-250/2022,WTA 250,Hard,https://www.wtatennis.com/resources/v7.31.10/i/elements/250k-tag.svg,2022-01-10,2022-01-15,2022,1,Adelaide,SWE,,AU,AUS,036,009,,Oceania,Australasia,AUS,93.0,1.0,2675.0,32M/24Q/16D,Adelaide International 2,,Rebecca Peterson,,https://www.wtatennis.com/resources/v7.31.10/i/elements/flags/swe.svg,Round of 32,L,"7-5, 1-6, 5-7",https://www.wtatennis.com/players/317771/rebecca-peterson,False,False,False,False,False,False,False,3,True,31,13,18,SE,SWE,752,150,Europe,Northern Europe,SWE,"7,5,None|1,6,None|5,7,None",W
1,Adelaide International 1,,https://www.wtatennis.com/tournaments/2014/adelaide/2022,WTA 500,Hard,https://www.wtatennis.com/resources/v7.31.10/i/elements/500k-tag.svg,2022-01-03,2022-01-09,2022,1,Adelaide,SLO,,AU,AUS,036,009,,Oceania,Australasia,AUS,100.0,1.0,10000.0,32M/24Q/16D,Adelaide International 1,,Kaja Juvan,,https://www.wtatennis.com/resources/v7.31.10/i/elements/flags/slo.svg,Round of 16,L,"6-7 (6), 1-6",https://www.wtatennis.com/players/324702/kaja-juvan,False,False,False,True,False,False,True,2,False,20,7,13,,,,,,,SLO,"6,7,6|1,6,None",
2,Adelaide International 1,,https://www.wtatennis.com/tournaments/2014/adelaide/2022,WTA 500,Hard,https://www.wtatennis.com/resources/v7.31.10/i/elements/500k-tag.svg,2022-01-03,2022-01-09,2022,1,Adelaide,,,AU,AUS,036,009,,Oceania,Australasia,AUS,,1.0,10000.0,32M/24Q/16D,Adelaide International 1,,,,,Round of 32,,Bye,,False,False,True,False,False,False,False,0,False,0,0,0,,,,,,,,,
1,Akron Wta Finals Guadalajara,https://photoresources.wtatennis.com/photo-resources/2025/10/16/b04a642b-ddb5-40c8-91f1-26a2d61650fe/WTA-finals.png?height=128,https://www.wtatennis.com/tournaments/808/wta-finals/2021,Finals,Hard,https://www.wtatennis.com/resources/v7.31.10/i/elements/finals-tag.svg,2021-11-10,2021-11-17,2021,11,Guadalajara,GRE,,MX,MEX,484,019,,America,Central America,MEX,6.0,,220000.0,9M/0Q/16D,Akron Wta Finals Guadalajara,,Maria Sakkari,4.0,https://www.wtatennis.com/resources/v7.31.10/i/elements/flags/gre.svg,Group Stage Group,L,"6-7 (1), 7-6 (6), 3-6",https://www.wtatennis.com/players/318312/maria-sakkari,False,False,False,True,True,False,True,3,False,35,16,19,GR,GRC,300,150,Europe,Southeastern Europe,GRE,"6,7,1|7,6,6|3,6,None",
2,Akron Wta Finals Guadalajara,https://photoresources.wtatennis.com/photo-resources/2025/10/16/b04a642b-ddb5-40c8-91f1-26a2d61650fe/WTA-finals.png?height=128,https://www.wtatennis.com/tournaments/808/wta-finals/2021,Finals,Hard,https://www.wtatennis.com/resources/v7.31.10/i/elements/finals-tag.svg,2021-11-10,2021-11-17,2021,11,Guadalajara,POL,,MX,MEX,484,019,,America,Central America,MEX,9.0,,220000.0,9M/0Q/16D,Akron Wta Finals Guadalajara,,Iga Swiatek,5.0,https://www.wtatennis.com/resources/v7.31.10/i/elements/flags/pol.svg,Group Stage Group,W,"2-6, 6-2, 7-5",https://www.wtatennis.com/players/326408/iga-swiatek,False,False,False,False,False,False,False,3,False,28,15,13,PL,POL,616,150,Europe,Central Europe,POL,"2,6,None|6,2,None|7,5,None",
3,Akron Wta Finals Guadalajara,https://photoresources.wtatennis.com/photo-resources/2025/10/16/b04a642b-ddb5-40c8-91f1-26a2d61650fe/WTA-finals.png?height=128,https://www.wtatennis.com/tournaments/808/wta-finals/2021,Finals,Hard,https://www.wtatennis.com/resources/v7.31.10/i/elements/finals-tag.svg,2021-11-10,2021-11-17,2021,11,Guadalajara,ESP,,MX,MEX,484,019,Kingdom of Spain,America,Central America,MEX,10.0,,220000.0,9M/0Q/16D,Akron Wta Finals Guadalajara,,Paula Badosa,8.0,https://www.wtatennis.com/resources/v7.31.10/i/elements/flags/esp.svg,Group Stage Group,L,"4-6, 0-6",https://www.wtatennis.com/players/320124/paula-badosa,False,False,False,False,False,False,False,2,False,16,4,12,ES,ESP,724,150,Europe,Southern Europe,ESP,"4,6,None|0,6,None",
1,Vtb Kremlin Cup 2021,,https://www.wtatennis.com/tournaments/730/moscow/2021,WTA 500,Hard,https://www.wtatennis.com/resources/v7.31.10/i/elements/500k-tag.svg,2021-10-18,2021-10-24,2021,10,Moscow,RUS,,RU,RUS,643,150,,Europe,Eastern Europe,RUS,37.0,100.0,15500.0,32M/32Q/16D,Vtb Kremlin Cup 2021,,Ekaterina Alexandrova,,https://www.wtatennis.com/resources/v7.31.10/i/elements/flags/rus.svg,Quarterfinals,L,"3-6, 4-6",https://www.wtatennis.com/players/319007/ekaterina-alexandrova,False,False,False,False,False,False,False,2,False,19,7,12,RU,RUS,643,150,Europe,Eastern Europe,RUS,"3,6,None|4,6,None",W
2,Vtb Kremlin Cup 2021,,https://www.wtatennis.com/tournaments/730/moscow/2021,WTA 500,Hard,https://www.wtatennis.com/resources/v7.31.10/i/elements/500k-tag.svg,2021-10-18,2021-10-24,2021,10,Moscow,AUS,,RU,RUS,643,150,,Europe,Eastern Europe,RUS,43.0,100.0,15500.0,32M/32Q/16D,Vtb Kremlin Cup 2021,,Ajla Tomljanovic,,https://www.wtatennis.com/resources/v7.31.10/i/elements/flags/aus.svg,Round of 16,W,"7-6 (2), 4-6, 6-1",https://www.wtatennis.com/players/315232/ajla-tomljanovic,False,False,False,True,False,False,True,3,True,30,17,13,AU,AUS,036,009,Oceania,Australasia,AUS,"7,6,2|4,6,None|6,1,None",W
3,Vtb Kremlin Cup 2021,,https://www.wtatennis.com/tournaments/730/moscow/2021,WTA 500,Hard,https://www.wtatennis.com/resources/v7.31.10/i/elements/500k-tag.svg,2021-10-18,2021-10-24,2021,10,Moscow,,,RU,RUS,643,150,,Europe,Eastern Europe,RUS,,100.0,15500.0,32M/32Q/16D,Vtb Kremlin Cup 2021,,,,,Round of 32,,Bye,,False,False,True,False,False,False,False,0,False,0,0,0,,,,,,,,,W
1,Us Open,https://photoresources.wtatennis.com/photo-resources/2025/04/16/295289d9-36fa-408a-8586-2b407d930c10/WTA-Tournament_US-Open.png?height=128,https://www.wtatennis.com/tournaments/905/us-open/2021,Grand Slam,Hard,https://www.wtatennis.com/resources/v7.31.10/i/elements/gs-tag.svg,2021-08-30,2021-09-11,2021,8,New York,CAN,NY,US,USA,840,019,,America,Northern America,USA,73.0,780.0,675000.0,128M/128Q/64D,Us Open,,Leylah Fernandez,,https://www.wtatennis.com/resources/v7.31.10/i/elements/flags/can.svg,Semifinals,L,"6-7 (3), 6-4, 4-6",https://www.wtatennis.com/players/326735/leylah-fernandez,False,False,False,True,False,False,True,3,False,33,16,17,CA,CAN,124,019,America,Northern America,CAN,"6,7,3|6,4,None|4,6,None",
2,Us Open,https://photoresources.wtatennis.com/photo-resources/2025/04/16/295289d9-36fa-408a-8586-2b407d930c10/WTA-Tournament_US-Open.png?height=128,https://www.wtatennis.com/tournaments/905/us-open/2021,Grand Slam,Hard,https://www.wtatennis.com/resources/v7.31.10/i/elements/gs-tag.svg,2021-08-30,2021-09-11,2021,8,New York,CZE,NY,US,USA,840,019,,America,Northern America,USA,9.0,780.0,675000.0,128M/128Q/64D,Us Open,,Barbora Krejcikova,8.0,https://www.wtatennis.com/resources/v7.31.10/i/elements/flags/cze.svg,Quarterfinals,W,"6-1, 6-4",https://www.wtatennis.com/players/318314/barbora-krejcikova,False,False,False,False,False,False,False,2,True,17,12,5,CZ,CZE,203,150,Europe,Central Europe,CZE,"6,1,None|6,4,None",
3,Us Open,https://photoresources.wtatennis.com/photo-resources/2025/04/16/295289d9-36fa-408a-8586-2b407d930c10/WTA-Tournament_US-Open.png?height=128,https://www.wtatennis.com/tournaments/905/us-open/2021,Grand Slam,Hard,https://www.wtatennis.com/resources/v7.31.10/i/elements/gs-tag.svg,2021-08-30,2021-09-11,2021,8,New York,BEL,NY,US,USA,840,019,,America,Northern America,USA,16.0,780.0,675000.0,128M/128Q/64D,Us Open,,Elise Mertens,15.0,https://www.wtatennis.com/resources/v7.31.10/i/elements/flags/bel.svg,Round of 16,W,"6-4, 6-1",https://www.wtatennis.com/players/317964/elise-mertens,False,False,False,False,False,False,False,2,True,17,12,5,BE,BEL,056,150,Europe,Western Europe,BEL,"6,4,None|6,1,None",
4,Us Open,https://photoresources.wtatennis.com/photo-resources/2025/04/16/295289d9-36fa-408a-8586-2b407d930c10/WTA-Tournament_US-Open.png?height=128,https://www.wtatennis.com/tournaments/905/us-open/2021,Grand Slam,Hard,https://www.wtatennis.com/resources/v7.31.10/i/elements/gs-tag.svg,2021-08-30,2021-09-11,2021,8,New York,USA,NY,US,USA,840,019,United States of America|America|USA|US,America,Northern America,USA,29.0,780.0,675000.0,128M/128Q/64D,Us Open,,Danielle Collins,26.0,https://www.wtatennis.com/resources/v7.31.10/i/elements/flags/usa.svg,Round of 32,W,"6-3, 6-3",https://www.wtatennis.com/players/316925/danielle-collins,False,False,False,False,False,False,False,2,True,18,12,6,US,USA,840,019,America,Northern America,USA,"6,3,None|6,3,None",
5,Us Open,https://photoresources.wtatennis.com/photo-resources/2025/04/16/295289d9-36fa-408a-8586-2b407d930c10/WTA-Tournament_US-Open.png?height=128,https://www.wtatennis.com/tournaments/905/us-open/2021,Grand Slam,Hard,https://www.wtatennis.com/resources/v7.31.10/i/elements/gs-tag.svg,2021-08-30,2021-09-11,2021,8,New York,SLO,NY,US,USA,840,019,,America,Northern America,USA,40.0,780.0,675000.0,128M/128Q/64D,Us Open,,Tamara Zidansek,,https://www.wtatennis.com/resources/v7.31.10/i/elements/flags/slo.svg,Round of 64,W,"6-3, 6-1",https://www.wtatennis.com/players/323079/tamara-zidansek,False,False,False,False,False,False,False,2,True,16,12,4,,,,,,,SLO,"6,3,None|6,1,None",
6,Us Open,https://photoresources.wtatennis.com/photo-resources/2025/04/16/295289d9-36fa-408a-8586-2b407d930c10/WTA-Tournament_US-Open.png?height=128,https://www.wtatennis.com/tournaments/905/us-open/2021,Grand Slam,Hard,https://www.wtatennis.com/resources/v7.31.10/i/elements/gs-tag.svg,2021-08-30,2021-09-11,2021,8,New York,SRB,NY,US,USA,840,019,,America,Northern America,USA,94.0,780.0,675000.0,128M/128Q/64D,Us Open,,Nina Stojanovic,,https://www.wtatennis.com/resources/v7.31.10/i/elements/flags/srb.svg,Round of 128,W,"6-4, 6-7 (4), 6-0",https://www.wtatennis.com/players/319709/nina-stojanovic,False,False,False,False,True,False,True,3,True,29,18,11,RS,SRB,688,150,Europe,Southeastern Europe,SRB,"6,4,None|6,7,4|6,0,None",
1,Western & Southern Open,https://photoresources.wtatennis.com/photo-resources/2025/04/16/17c99db9-c289-451d-8cd9-65e8d9a25a26/WTA-Tournament_Cincinnati-2024.png?height=128,https://www.wtatennis.com/tournaments/1017/cincinnati/2021,WTA 1000,Hard,https://www.wtatennis.com/resources/v7.31.10/i/elements/1000k-tag.svg,2021-08-16,2021-08-22,2021,8,Cincinnati,ESP,OH,US,USA,840,019,Kingdom of Spain,America,Northern America,USA,29.0,1.0,15330.0,64M/32Q/32D,Western & Southern Open,,Paula Badosa,,https://www.wtatennis.com/resources/v7.31.10/i/elements/flags/esp.svg,Round of 32,L,"7-5, 2-6, 6-7 (4)",https://www.wtatennis.com/players/320124/paula-badosa,False,False,False,False,False,True,True,3,True,33,15,18,ES,ESP,724,150,Europe,Southern Europe,ESP,"7,5,None|2,6,None|6,7,4",
2,Western & Southern Open,https://photoresources.wtatennis.com/photo-resources/2025/04/16/17c99db9-c289-451d-8cd9-65e8d9a25a26/WTA-Tournament_Cincinnati-2024.png?height=128,https://www.wtatennis.com/tournaments/1017/cincinnati/2021,WTA 1000,Hard,https://www.wtatennis.com/resources/v7.31.10/i/elements/1000k-tag.svg,2021-08-16,2021-08-22,2021,8,Cincinnati,,OH,US,USA,840,019,,America,Northern America,USA,,1.0,15330.0,64M/32Q/32D,Western & Southern Open,,,,,Round of 64,,Bye,,False,False,True,False,False,False,False,0,False,0,0,0,,,,,,,,,
1,National Bank Open,,https://www.wtatennis.com/tournaments/806/montreal/2021,WTA 1000,Hard,https://www.wtatennis.com/resources/v7.31.10/i/elements/1000k-tag.svg,2021-08-09,2021-08-15,2021,8,Montreal,CZE,,CA,CAN,124,019,,America,Northern America,CAN,6.0,350.0,87000.0,64M/32Q/32D,National Bank Open,,Karolina Pliskova,4.0,https://www.wtatennis.com/resources/v7.31.10/i/elements/flags/cze.svg,Semifinals,L,"3-6, 4-6",https://www.wtatennis.com/players/313974/karolina-pliskova,False,False,False,False,False,False,False,2,False,19,7,12,CZ,CZE,203,150,Europe,Central Europe,CZE,"3,6,None|4,6,None",
2,National Bank Open,,https://www.wtatennis.com/tournaments/806/montreal/2021,WTA 1000,Hard,https://www.wtatennis.com/resources/v7.31.10/i/elements/1000k-tag.svg,2021-08-09,2021-08-15,2021,8,Montreal,BLR,,CA,CAN,124,019,,America,Northern America,CAN,15.0,350.0,87000.0,64M/32Q/32D,National Bank Open,,Victoria Azarenka,8.0,https://www.wtatennis.com/resources/v7.31.10/i/elements/flags/blr.svg,Quarterfinals,W,"6-2, 6-4",https://www.wtatennis.com/players/312001/victoria-azarenka,False,False,False,False,False,False,False,2,True,18,12,6,BY,BLR,112,150,Europe,Eastern Europe,BLR,"6,2,None|6,4,None",
3,National Bank Open,,https://www.wtatennis.com/tournaments/806/montreal/2021,WTA 1000,Hard,https://www.wtatennis.com/resources/v7.31.10/i/elements/1000k-tag.svg,2021-08-09,2021-08-15,2021,8,Montreal,CAN,,CA,CAN,124,019,,America,Northern America,CAN,220.0,350.0,87000.0,64M/32Q/32D,National Bank Open,,Rebecca Marino,,https://www.wtatennis.com/resources/v7.31.10/i/elements/flags/can.svg,Round of 16,W,"6-1, 6-3",https://www.wtatennis.com/players/313485/rebecca-marino,False,False,False,False,False,False,False,2,True,16,12,4,CA,CAN,124,019,America,Northern America,CAN,"6,1,None|6,3,None",
4,National Bank Open,,https://www.wtatennis.com/tournaments/806/montreal/2021,WTA 1000,Hard,https://www.wtatennis.com/resources/v7.31.10/i/elements/1000k-tag.svg,2021-08-09,2021-08-15,2021,8,Montreal,USA,,CA,CAN,124,019,United States of America|America|USA|US,America,Northern America,CAN,62.0,350.0,87000.0,64M/32Q/32D,National Bank Open,,Sloane Stephens,,https://www.wtatennis.com/resources/v7.31.10/i/elements/flags/usa.svg,Round of 32,W,"7-6 (4), 4-6, 6-4",https://www.wtatennis.com/players/315683/sloane-stephens,False,False,False,True,False,False,True,3,True,33,17,16,US,USA,840,019,America,Northern America,USA,"7,6,4|4,6,None|6,4,None",
5,National Bank Open,,https://www.wtatennis.com/tournaments/806/montreal/2021,WTA 1000,Hard,https://www.wtatennis.com/resources/v7.31.10/i/elements/1000k-tag.svg,2021-08-09,2021-08-15,2021,8,Montreal,,,CA,CAN,124,019,,America,Northern America,CAN,,350.0,87000.0,64M/32Q/32D,National Bank Open,,,,,Round of 64,,Bye,,False,False,True,False,False,False,False,0,False,0,0,0,,,,,,,,,
1,Olympics Tennis Event,,https://www.wtatennis.com/tournaments/650/olympics/2021,OLYMPICS,Hard,,2021-07-24,2021-08-01,2021,7,Tokyo,CRO,,JP,JPN,392,142,,Asia,East Asia,JPN,50.0,,,64M/0Q/32D,Olympics Tennis Event,,Donna Vekic,,https://www.wtatennis.com/resources/v7.31.10/i/elements/flags/cro.svg,Round of 32,L,"4-6, 6-3, 6-7 (3)",https://www.wtatennis.com/players/318516/donna-vekic,False,False,False,False,False,True,True,3,False,32,16,16,HR,HRV,191,150,Europe,Southeastern Europe,CRO,"4,6,None|6,3,None|6,7,3",
2,Olympics Tennis Event,,https://www.wtatennis.com/tournaments/650/olympics/2021,OLYMPICS,Hard,,2021-07-24,2021-08-01,2021,7,Tokyo,POL,,JP,JPN,392,142,,Asia,East Asia,JPN,45.0,,,64M/0Q/32D,Olympics Tennis Event,,Magda Linette,,https://www.wtatennis.com/resources/v7.31.10/i/elements/flags/pol.svg,Round of 64,W,"6-2, 6-1",https://www.wtatennis.com/players/315130/magda-linette,False,False,False,False,False,False,False,2,True,15,12,3,PL,POL,616,150,Europe,Central Europe,POL,"6,2,None|6,1,None",
1,Wimbledon,https://photoresources.wtatennis.com/photo-resources/2025/04/16/710d860b-bce6-40c7-8838-a6272dbf6be6/WTA-Tournament_Wimbledon.png?height=128,https://www.wtatennis.com/tournaments/904/wimbledon/2021,Grand Slam,Grass,https://www.wtatennis.com/resources/v7.31.10/i/elements/gs-tag.svg,2021-06-28,2021-07-10,2021,6,Wimbledon,CZE,,GB,GBR,826,150,,Europe,Northern Europe,ENG,13.0,780.0,630821.0,128M/128Q/64D,The Championships,,Karolina Pliskova,8.0,https://www.wtatennis.com/resources/v7.31.10/i/elements/flags/cze.svg,Semifinals,L,"7-5, 4-6, 4-6",https://www.wtatennis.com/players/313974/karolina-pliskova,False,False,False,False,False,False,False,3,True,32,15,17,CZ,CZE,203,150,Europe,Central Europe,CZE,"7,5,None|4,6,None|4,6,None",
2,Wimbledon,https://photoresources.wtatennis.com/photo-resources/2025/04/16/710d860b-bce6-40c7-8838-a6272dbf6be6/WTA-Tournament_Wimbledon.png?height=128,https://www.wtatennis.com/tournaments/904/wimbledon/2021,Grand Slam,Grass,https://www.wtatennis.com/resources/v7.31.10/i/elements/gs-tag.svg,2021-06-28,2021-07-10,2021,6,Wimbledon,TUN,,GB,GBR,826,150,,Europe,Northern Europe,ENG,24.0,780.0,630821.0,128M/128Q/64D,The Championships,,Ons Jabeur,21.0,https://www.wtatennis.com/resources/v7.31.10/i/elements/flags/tun.svg,Quarterfinals,W,"6-4, 6-3",https://www.wtatennis.com/players/316847/ons-jabeur,False,False,False,False,False,False,False,2,True,19,12,7,TN,TUN,788,002,Africa,North Africa,TUN,"6,4,None|6,3,None",
3,Wimbledon,https://photoresources.wtatennis.com/photo-resources/2025/04/16/710d860b-bce6-40c7-8838-a6272dbf6be6/WTA-Tournament_Wimbledon.png?height=128,https://www.wtatennis.com/tournaments/904/wimbledon/2021,Grand Slam,Grass,https://www.wtatennis.com/resources/v7.31.10/i/elements/gs-tag.svg,2021-06-28,2021-07-10,2021,6,Wimbledon,KAZ,,GB,GBR,826,150,,Europe,Northern Europe,ENG,20.0,780.0,630821.0,128M/128Q/64D,The Championships,,Elena Rybakina,18.0,https://www.wtatennis.com/resources/v7.31.10/i/elements/flags/kaz.svg,Round of 16,W,"6-3, 4-6, 6-3",https://www.wtatennis.com/players/324166/elena-rybakina,False,False,False,False,False,False,False,3,True,28,16,12,KZ,KAZ,398,142,Asia,Central Asia,KAZ,"6,3,None|4,6,None|6,3,None",
4,Wimbledon,https://photoresources.wtatennis.com/photo-resources/2025/04/16/710d860b-bce6-40c7-8838-a6272dbf6be6/WTA-Tournament_Wimbledon.png?height=128,https://www.wtatennis.com/tournaments/904/wimbledon/2021,Grand Slam,Grass,https://www.wtatennis.com/resources/v7.31.10/i/elements/gs-tag.svg,2021-06-28,2021-07-10,2021,6,Wimbledon,COL,,GB,GBR,826,150,,Europe,Northern Europe,ENG,94.0,780.0,630821.0,128M/128Q/64D,The Championships,,Camila Osorio,,https://www.wtatennis.com/resources/v7.31.10/i/elements/flags/col.svg,Round of 32,W,"6-0, 6-3",https://www.wtatennis.com/players/325898/camila-osorio,False,False,False,False,False,False,False,2,True,15,12,3,CO,COL,170,019,America,Northern South America,COL,"6,0,None|6,3,None",
5,Wimbledon,https://photoresources.wtatennis.com/photo-resources/2025/04/16/710d860b-bce6-40c7-8838-a6272dbf6be6/WTA-Tournament_Wimbledon.png?height=128,https://www.wtatennis.com/tournaments/904/wimbledon/2021,Grand Slam,Grass,https://www.wtatennis.com/resources/v7.31.10/i/elements/gs-tag.svg,2021-06-28,2021-07-10,2021,6,Wimbledon,GBR,,GB,GBR,826,150,Britain|UK|Great Britain|United Kingdom,Europe,Northern Europe,ENG,219.0,780.0,630821.0,128M/128Q/64D,The Championships,,Katie Boulter,,https://www.wtatennis.com/resources/v7.31.10/i/elements/flags/gbr.svg,Round of 64,W,"4-6, 6-3, 6-3",https://www.wtatennis.com/players/319125/katie-boulter,False,False,False,False,False,False,False,3,False,28,16,12,GB,GBR,826,150,Europe,Northern Europe,ENG,"4,6,None|6,3,None|6,3,None",
6,Wimbledon,https://photoresources.wtatennis.com/photo-resources/2025/04/16/710d860b-bce6-40c7-8838-a6272dbf6be6/WTA-Tournament_Wimbledon.png?height=128,https://www.wtatennis.com/tournaments/904/wimbledon/2021,Grand Slam,Grass,https://www.wtatennis.com/resources/v7.31.10/i/elements/gs-tag.svg,2021-06-28,2021-07-10,2021,6,Wimbledon,ROU,,GB,GBR,826,150,,Europe,Northern Europe,ENG,191.0,780.0,630821.0,128M/128Q/64D,The Championships,,Monica Niculescu,,https://www.wtatennis.com/resources/v7.31.10/i/elements/flags/rou.svg,Round of 128,W,"6-1, 6-4",https://www.wtatennis.com/players/310775/monica-niculescu,False,False,False,False,False,False,False,2,True,17,12,5,RO,ROU,642,150,Europe,Southeastern Europe,ROU,"6,1,None|6,4,None",
1,Viking International Eastbourne,,https://www.wtatennis.com/tournaments/710/eastbourne/2021,WTA 250,Grass,https://www.wtatennis.com/resources/v7.31.10/i/elements/250k-tag.svg,2021-06-21,2021-06-26,2021,6,Eastbourne,ITA,,,,,,,,,Great Britan,75.0,100.0,13800.0,32M/32Q/16D,Viking International Eastbourne,,Camila Giorgi,,https://www.wtatennis.com/resources/v7.31.10/i/elements/flags/ita.svg,Quarterfinals,L,"6-7 (5), 6-0, 4-6",https://www.wtatennis.com/players/314610/camila-giorgi,False,False,False,True,False,False,True,3,False,29,16,13,IT,ITA,380,150,Europe,Southern Europe,ITA,"6,7,5|6,0,None|4,6,None",
2,Viking International Eastbourne,,https://www.wtatennis.com/tournaments/710/eastbourne/2021,WTA 250,Grass,https://www.wtatennis.com/resources/v7.31.10/i/elements/250k-tag.svg,2021-06-21,2021-06-26,2021,6,Eastbourne,USA,,,,,,United States of America|America|USA|US,,,Great Britan,31.0,100.0,13800.0,32M/32Q/16D,Viking International Eastbourne,,Alison Riske-Amritraj,,https://www.wtatennis.com/resources/v7.31.10/i/elements/flags/usa.svg,Round of 16,W,"6-1, 6-4",https://www.wtatennis.com/players/312850/alison-riske-amritraj,False,False,False,False,False,False,False,2,True,17,12,5,US,USA,840,019,America,Northern America,USA,"6,1,None|6,4,None",
3,Viking International Eastbourne,,https://www.wtatennis.com/tournaments/710/eastbourne/2021,WTA 250,Grass,https://www.wtatennis.com/resources/v7.31.10/i/elements/250k-tag.svg,2021-06-21,2021-06-26,2021,6,Eastbourne,USA,,,,,,United States of America|America|USA|US,,,Great Britan,71.0,100.0,13800.0,32M/32Q/16D,Viking International Eastbourne,,Bernarda Pera,,https://www.wtatennis.com/resources/v7.31.10/i/elements/flags/usa.svg,Round of 32,W,"6-3, 6-4",https://www.wtatennis.com/players/317708/bernarda-pera,False,False,False,False,False,False,False,2,True,19,12,7,US,USA,840,019,America,Northern America,USA,"6,3,None|6,4,None",
1,Bett1Open,https://photoresources.wtatennis.com/photo-resources/2025/05/23/7fdec664-b1a6-44fc-8772-ecfb34d7aca2/WTA-Tournament_Berlin-2024.png?height=128,https://www.wtatennis.com/tournaments/2012/berlin/2021,WTA 500,Grass,https://www.wtatennis.com/resources/v7.31.10/i/elements/500k-tag.svg,2021-06-14,2021-06-20,2021,6,Berlin,USA,,DE,DEU,276,150,United States of America|America|USA|US,Europe,Central Europe,GER,28.0,1.0,8200.0,32M/32Q/16D,Bett1Open,,Madison Keys,,https://www.wtatennis.com/resources/v7.31.10/i/elements/flags/usa.svg,Round of 16,L,"4-6, 6-1, 5-7",https://www.wtatennis.com/players/316959/madison-keys,False,False,False,False,False,False,False,3,False,29,15,14,US,USA,840,019,America,Northern America,USA,"4,6,None|6,1,None|5,7,None",
2,Bett1Open,https://photoresources.wtatennis.com/photo-resources/2025/05/23/7fdec664-b1a6-44fc-8772-ecfb34d7aca2/WTA-Tournament_Berlin-2024.png?height=128,https://www.wtatennis.com/tournaments/2012/berlin/2021,WTA 500,Grass,https://www.wtatennis.com/resources/v7.31.10/i/elements/500k-tag.svg,2021-06-14,2021-06-20,2021,6,Berlin,,,DE,DEU,276,150,,Europe,Central Europe,GER,,1.0,8200.0,32M/32Q/16D,Bett1Open,,,,,Round of 32,,Bye,,False,False,True,False,False,False,False,0,False,0,0,0,,,,,,,,,
1,Roland Garros,https://photoresources.wtatennis.com/photo-resources/2025/04/16/ddbbc328-7967-416c-a6b5-043c8c3f933e/WTA-Tournament_Roland-Garros.png?height=128,https://www.wtatennis.com/tournaments/903/roland-garros/2021,Grand Slam,Clay,https://www.wtatennis.com/resources/v7.31.10/i/elements/gs-tag.svg,2021-05-30,2021-06-12,2021,5,Paris,RUS,,FR,FRA,250,150,,Europe,Western Europe,FRA,32.0,130.0,133345.0,128M/128Q/64D,Roland Garros,,Anastasia Pavlyuchenkova,31.0,https://www.wtatennis.com/resources/v7.31.10/i/elements/flags/rus.svg,Round of 32,L,"4-6, 6-2, 0-6",https://www.wtatennis.com/players/313796/anastasia-pavlyuchenkova,False,False,False,False,False,False,False,3,False,24,10,14,RU,RUS,643,150,Europe,Eastern Europe,RUS,"4,6,None|6,2,None|0,6,None",
2,Roland Garros,https://photoresources.wtatennis.com/photo-resources/2025/04/16/ddbbc328-7967-416c-a6b5-043c8c3f933e/WTA-Tournament_Roland-Garros.png?height=128,https://www.wtatennis.com/tournaments/903/roland-garros/2021,Grand Slam,Clay,https://www.wtatennis.com/resources/v7.31.10/i/elements/gs-tag.svg,2021-05-30,2021-06-12,2021,5,Paris,BLR,,FR,FRA,250,150,,Europe,Western Europe,FRA,103.0,130.0,133345.0,128M/128Q/64D,Roland Garros,,Aliaksandra Sasnovich,,https://www.wtatennis.com/resources/v7.31.10/i/elements/flags/blr.svg,Round of 64,W,"7-5, 6-3",https://www.wtatennis.com/players/317790/aliaksandra-sasnovich,False,False,False,False,False,False,False,2,True,21,13,8,BY,BLR,112,150,Europe,Eastern Europe,BLR,"7,5,None|6,3,None",
3,Roland Garros,https://photoresources.wtatennis.com/photo-resources/2025/04/16/ddbbc328-7967-416c-a6b5-043c8c3f933e/WTA-Tournament_Roland-Garros.png?height=128,https://www.wtatennis.com/tournaments/903/roland-garros/2021,Grand Slam,Clay,https://www.wtatennis.com/resources/v7.31.10/i/elements/gs-tag.svg,2021-05-30,2021-06-12,2021,5,Paris,CRO,,FR,FRA,250,150,,Europe,Western Europe,FRA,144.0,130.0,133345.0,128M/128Q/64D,Roland Garros,,Ana Konjuh,,https://www.wtatennis.com/resources/v7.31.10/i/elements/flags/cro.svg,Round of 128,W,"6-4, 6-3",https://www.wtatennis.com/players/320682/ana-konjuh,False,False,False,False,False,False,False,2,True,19,12,7,HR,HRV,191,150,Europe,Southeastern Europe,CRO,"6,4,None|6,3,None",
1,Internazionali Bnl D'Italia,https://photoresources.wtatennis.com/photo-resources/2025/04/16/51f9b6ec-ebde-417f-b706-31b0bb4cc688/WTA-Tournament_Rome-2018.png?height=128,https://www.wtatennis.com/tournaments/709/rome/2021,WTA 1000,Clay,https://www.wtatennis.com/resources/v7.31.10/i/elements/1000k-tag.svg,2021-05-10,2021-05-16,2021,5,Rome,USA,,IT,ITA,380,150,United States of America|America|USA|US,Europe,Southern Europe,ITA,35.0,105.0,21000.0,64M/32Q/32D,Internazionali Bnl D'Italia,,Coco Gauff,,https://www.wtatennis.com/resources/v7.31.10/i/elements/flags/usa.svg,Round of 16,L,"5-7, 3-6",https://www.wtatennis.com/players/328560/coco-gauff,False,False,False,False,False,False,False,2,False,21,8,13,US,USA,840,019,America,Northern America,USA,"5,7,None|3,6,None",
2,Internazionali Bnl D'Italia,https://photoresources.wtatennis.com/photo-resources/2025/04/16/51f9b6ec-ebde-417f-b706-31b0bb4cc688/WTA-Tournament_Rome-2018.png?height=128,https://www.wtatennis.com/tournaments/709/rome/2021,WTA 1000,Clay,https://www.wtatennis.com/resources/v7.31.10/i/elements/1000k-tag.svg,2021-05-10,2021-05-16,2021,5,Rome,ESP,,IT,ITA,380,150,Kingdom of Spain,Europe,Southern Europe,ITA,51.0,105.0,21000.0,64M/32Q/32D,Internazionali Bnl D'Italia,,Sara Sorribes Tormo,,https://www.wtatennis.com/resources/v7.31.10/i/elements/flags/esp.svg,Round of 32,W,"7-5, 6-1",https://www.wtatennis.com/players/318872/sara-sorribes-tormo,False,False,False,False,False,False,False,2,True,19,13,6,ES,ESP,724,150,Europe,Southern Europe,ESP,"7,5,None|6,1,None",
3,Internazionali Bnl D'Italia,https://photoresources.wtatennis.com/photo-resources/2025/04/16/51f9b6ec-ebde-417f-b706-31b0bb4cc688/WTA-Tournament_Rome-2018.png?height=128,https://www.wtatennis.com/tournaments/709/rome/2021,WTA 1000,Clay,https://www.wtatennis.com/resources/v7.31.10/i/elements/1000k-tag.svg,2021-05-10,2021-05-16,2021,5,Rome,,,IT,ITA,380,150,,Europe,Southern Europe,ITA,,105.0,21000.0,64M/32Q/32D,Internazionali Bnl D'Italia,,,,,Round of 64,,Bye,,False,False,True,False,False,False,False,0,False,0,0,0,,,,,,,,,
1,Mutua Madrid Open,https://photoresources.wtatennis.com/photo-resources/2025/04/16/993fad80-1e55-4a92-aae0-258338df5d6d/WTA-Tournament_Madrid-2023.png?height=128,https://www.wtatennis.com/tournaments/1038/madrid/2021,WTA 1000,Clay,https://www.wtatennis.com/resources/v7.31.10/i/elements/1000k-tag.svg,2021-04-29,2021-05-08,2021,4,Madrid,AUS,,ES,ESP,724,150,,Europe,Southern Europe,ESP,1.0,1000.0,390798.0,64M/64Q/32D,Mutua Madrid Open,,Ashleigh Barty,1.0,https://www.wtatennis.com/resources/v7.31.10/i/elements/flags/aus.svg,Finals,W,"6-0, 3-6, 6-4",https://www.wtatennis.com/players/318033/ashleigh-barty,False,False,False,False,False,False,False,3,True,25,15,10,AU,AUS,036,009,Oceania,Australasia,AUS,"6,0,None|3,6,None|6,4,None",
2,Mutua Madrid Open,https://photoresources.wtatennis.com/photo-resources/2025/04/16/993fad80-1e55-4a92-aae0-258338df5d6d/WTA-Tournament_Madrid-2023.png?height=128,https://www.wtatennis.com/tournaments/1038/madrid/2021,WTA 1000,Clay,https://www.wtatennis.com/resources/v7.31.10/i/elements/1000k-tag.svg,2021-04-29,2021-05-08,2021,4,Madrid,RUS,,ES,ESP,724,150,,Europe,Southern Europe,ESP,41.0,1000.0,390798.0,64M/64Q/32D,Mutua Madrid Open,,Anastasia Pavlyuchenkova,,https://www.wtatennis.com/resources/v7.31.10/i/elements/flags/rus.svg,Semifinals,W,"6-2, 6-3",https://www.wtatennis.com/players/313796/anastasia-pavlyuchenkova,False,False,False,False,False,False,False,2,True,17,12,5,RU,RUS,643,150,Europe,Eastern Europe,RUS,"6,2,None|6,3,None",
3,Mutua Madrid Open,https://photoresources.wtatennis.com/photo-resources/2025/04/16/993fad80-1e55-4a92-aae0-258338df5d6d/WTA-Tournament_Madrid-2023.png?height=128,https://www.wtatennis.com/tournaments/1038/madrid/2021,WTA 1000,Clay,https://www.wtatennis.com/resources/v7.31.10/i/elements/1000k-tag.svg,2021-04-29,2021-05-08,2021,4,Madrid,BEL,,ES,ESP,724,150,,Europe,Southern Europe,ESP,16.0,1000.0,390798.0,64M/64Q/32D,Mutua Madrid Open,,Elise Mertens,13.0,https://www.wtatennis.com/resources/v7.31.10/i/elements/flags/bel.svg,Quarterfinals,W,"6-1, 4-0",https://www.wtatennis.com/players/317964/elise-mertens,True,False,False,False,False,False,False,2,True,11,10,1,BE,BEL,056,150,Europe,Western Europe,BEL,"6,1,None|4,0,None|Ret",
4,Mutua Madrid Open,https://photoresources.wtatennis.com/photo-resources/2025/04/16/993fad80-1e55-4a92-aae0-258338df5d6d/WTA-Tournament_Madrid-2023.png?height=128,https://www.wtatennis.com/tournaments/1038/madrid/2021,WTA 1000,Clay,https://www.wtatennis.com/resources/v7.31.10/i/elements/1000k-tag.svg,2021-04-29,2021-05-08,2021,4,Madrid,USA,,ES,ESP,724,150,United States of America|America|USA|US,Europe,Southern Europe,ESP,33.0,1000.0,390798.0,64M/64Q/32D,Mutua Madrid Open,,Jessica Pegula,,https://www.wtatennis.com/resources/v7.31.10/i/elements/flags/usa.svg,Round of 16,W,"6-1, 6-2",https://www.wtatennis.com/players/316956/jessica-pegula,False,False,False,False,False,False,False,2,True,15,12,3,US,USA,840,019,America,Northern America,USA,"6,1,None|6,2,None",
5,Mutua Madrid Open,https://photoresources.wtatennis.com/photo-resources/2025/04/16/993fad80-1e55-4a92-aae0-258338df5d6d/WTA-Tournament_Madrid-2023.png?height=128,https://www.wtatennis.com/tournaments/1038/madrid/2021,WTA 1000,Clay,https://www.wtatennis.com/resources/v7.31.10/i/elements/1000k-tag.svg,2021-04-29,2021-05-08,2021,4,Madrid,AUS,,ES,ESP,724,150,,Europe,Southern Europe,ESP,37.0,1000.0,390798.0,64M/64Q/32D,Mutua Madrid Open,,Daria Kasatkina,,https://www.wtatennis.com/resources/v7.31.10/i/elements/flags/aus.svg,Round of 32,W,"6-3, 6-3",https://www.wtatennis.com/players/322082/daria-kasatkina,False,False,False,False,False,False,False,2,True,18,12,6,AU,AUS,036,009,Oceania,Australasia,AUS,"6,3,None|6,3,None",
6,Mutua Madrid Open,https://photoresources.wtatennis.com/photo-resources/2025/04/16/993fad80-1e55-4a92-aae0-258338df5d6d/WTA-Tournament_Madrid-2023.png?height=128,https://www.wtatennis.com/tournaments/1038/madrid/2021,WTA 1000,Clay,https://www.wtatennis.com/resources/v7.31.10/i/elements/1000k-tag.svg,2021-04-29,2021-05-08,2021,4,Madrid,RUS,,ES,ESP,724,150,,Europe,Southern Europe,ESP,114.0,1000.0,390798.0,64M/64Q/32D,Mutua Madrid Open,,Vera Zvonareva,,https://www.wtatennis.com/resources/v7.31.10/i/elements/flags/rus.svg,Round of 64,W,"6-1, 6-2",https://www.wtatennis.com/players/260142/vera-zvonareva,False,False,False,False,False,False,False,2,True,15,12,3,RU,RUS,643,150,Europe,Eastern Europe,RUS,"6,1,None|6,2,None",
1,Porsche Tennis Grand Prix,https://photoresources.wtatennis.com/photo-resources/2025/04/16/73f25721-54c3-4754-84f2-c67e607edd39/WTA-Tournament_Stuttgart-2017.png?height=128,https://www.wtatennis.com/tournaments/1051/stuttgart/2021,WTA 500,Clay,https://www.wtatennis.com/resources/v7.31.10/i/elements/500k-tag.svg,2021-04-19,2021-04-25,2021,4,Stuttgart,AUS,,DE,DEU,276,150,,Europe,Central Europe,GER,1.0,305.0,51000.0,32M/32Q/16D,Porsche Tennis Grand Prix,,Ashleigh Barty,1.0,https://www.wtatennis.com/resources/v7.31.10/i/elements/flags/aus.svg,Finals,L,"6-3, 0-6, 3-6",https://www.wtatennis.com/players/318033/ashleigh-barty,False,False,False,False,False,False,False,3,True,24,9,15,AU,AUS,036,009,Oceania,Australasia,AUS,"6,3,None|0,6,None|3,6,None",
2,Porsche Tennis Grand Prix,https://photoresources.wtatennis.com/photo-resources/2025/04/16/73f25721-54c3-4754-84f2-c67e607edd39/WTA-Tournament_Stuttgart-2017.png?height=128,https://www.wtatennis.com/tournaments/1051/stuttgart/2021,WTA 500,Clay,https://www.wtatennis.com/resources/v7.31.10/i/elements/500k-tag.svg,2021-04-19,2021-04-25,2021,4,Stuttgart,ROU,,DE,DEU,276,150,,Europe,Central Europe,GER,3.0,305.0,51000.0,32M/32Q/16D,Porsche Tennis Grand Prix,,Simona Halep,2.0,https://www.wtatennis.com/resources/v7.31.10/i/elements/flags/rou.svg,Semifinals,W,"6-3, 6-2",https://www.wtatennis.com/players/314320/simona-halep,False,False,False,False,False,False,False,2,True,17,12,5,RO,ROU,642,150,Europe,Southeastern Europe,ROU,"6,3,None|6,2,None",
3,Porsche Tennis Grand Prix,https://photoresources.wtatennis.com/photo-resources/2025/04/16/73f25721-54c3-4754-84f2-c67e607edd39/WTA-Tournament_Stuttgart-2017.png?height=128,https://www.wtatennis.com/tournaments/1051/stuttgart/2021,WTA 500,Clay,https://www.wtatennis.com/resources/v7.31.10/i/elements/500k-tag.svg,2021-04-19,2021-04-25,2021,4,Stuttgart,EST,,DE,DEU,276,150,,Europe,Central Europe,GER,27.0,305.0,51000.0,32M/32Q/16D,Porsche Tennis Grand Prix,,Anett Kontaveit,,https://www.wtatennis.com/resources/v7.31.10/i/elements/flags/est.svg,Quarterfinals,W,"7-5, 4-6, 6-1",https://www.wtatennis.com/players/318425/anett-kontaveit,False,False,False,False,False,False,False,3,True,29,17,12,EE,EST,233,150,Europe,Northern Europe,EST,"7,5,None|4,6,None|6,1,None",
4,Porsche Tennis Grand Prix,https://photoresources.wtatennis.com/photo-resources/2025/04/16/73f25721-54c3-4754-84f2-c67e607edd39/WTA-Tournament_Stuttgart-2017.png?height=128,https://www.wtatennis.com/tournaments/1051/stuttgart/2021,WTA 500,Clay,https://www.wtatennis.com/resources/v7.31.10/i/elements/500k-tag.svg,2021-04-19,2021-04-25,2021,4,Stuttgart,GER,,DE,DEU,276,150,,Europe,Central Europe,GER,125.0,305.0,51000.0,32M/32Q/16D,Porsche Tennis Grand Prix,,Anna-Lena Friedsam,,https://www.wtatennis.com/resources/v7.31.10/i/elements/flags/ger.svg,Round of 16,W,"6-4, 6-2",https://www.wtatennis.com/players/319091/anna-lena-friedsam,False,False,False,False,False,False,False,2,True,18,12,6,DE,DEU,276,150,Europe,Central Europe,GER,"6,4,None|6,2,None",
5,Porsche Tennis Grand Prix,https://photoresources.wtatennis.com/photo-resources/2025/04/16/73f25721-54c3-4754-84f2-c67e607edd39/WTA-Tournament_Stuttgart-2017.png?height=128,https://www.wtatennis.com/tournaments/1051/stuttgart/2021,WTA 500,Clay,https://www.wtatennis.com/resources/v7.31.10/i/elements/500k-tag.svg,2021-04-19,2021-04-25,2021,4,Stuttgart,CHN,,DE,DEU,276,150,,Europe,Central Europe,GER,40.0,305.0,51000.0,32M/32Q/16D,Porsche Tennis Grand Prix,,Shuai Zhang,,https://www.wtatennis.com/resources/v7.31.10/i/elements/flags/chn.svg,Round of 32,W,"6-2, 6-2",https://www.wtatennis.com/players/311779/shuai-zhang,False,False,False,False,False,False,False,2,True,16,12,4,CN,CHN,156,142,Asia,East Asia,CHN,"6,2,None|6,2,None",
1,Miami Open Presented By Itaú,https://photoresources.wtatennis.com/photo-resources/2025/04/16/ad3c213f-6323-4422-bb86-ff92e8cb213c/WTA-Tournament_Miami-2024.png?height=128,https://www.wtatennis.com/tournaments/902/miami/2021,WTA 1000,Hard,https://www.wtatennis.com/resources/v7.31.10/i/elements/1000k-tag.svg,2021-03-23,2021-04-03,2021,3,Miami,AUS,FL,US,USA,840,019,,America,Northern America,USA,1.0,215.0,61000.0,128M/64Q/32D,Miami Open Presented By Itaú,,Ashleigh Barty,1.0,https://www.wtatennis.com/resources/v7.31.10/i/elements/flags/aus.svg,Quarterfinals,L,"4-6, 7-6 (5), 3-6",https://www.wtatennis.com/players/318033/ashleigh-barty,False,False,False,False,True,False,True,3,False,32,14,18,AU,AUS,036,009,Oceania,Australasia,AUS,"4,6,None|7,6,5|3,6,None",
2,Miami Open Presented By Itaú,https://photoresources.wtatennis.com/photo-resources/2025/04/16/ad3c213f-6323-4422-bb86-ff92e8cb213c/WTA-Tournament_Miami-2024.png?height=128,https://www.wtatennis.com/tournaments/902/miami/2021,WTA 1000,Hard,https://www.wtatennis.com/resources/v7.31.10/i/elements/1000k-tag.svg,2021-03-23,2021-04-03,2021,3,Miami,CZE,FL,US,USA,840,019,,America,Northern America,USA,20.0,215.0,61000.0,128M/64Q/32D,Miami Open Presented By Itaú,,Marketa Vondrousova,19.0,https://www.wtatennis.com/resources/v7.31.10/i/elements/flags/cze.svg,Round of 16,W,"6-1, 6-2",https://www.wtatennis.com/players/323027/marketa-vondrousova,False,False,False,False,False,False,False,2,True,15,12,3,CZ,CZE,203,150,Europe,Central Europe,CZE,"6,1,None|6,2,None",
3,Miami Open Presented By Itaú,https://photoresources.wtatennis.com/photo-resources/2025/04/16/ad3c213f-6323-4422-bb86-ff92e8cb213c/WTA-Tournament_Miami-2024.png?height=128,https://www.wtatennis.com/tournaments/902/miami/2021,WTA 1000,Hard,https://www.wtatennis.com/resources/v7.31.10/i/elements/1000k-tag.svg,2021-03-23,2021-04-03,2021,3,Miami,RUS,FL,US,USA,840,019,,America,Northern America,USA,37.0,215.0,61000.0,128M/64Q/32D,Miami Open Presented By Itaú,,Veronika Kudermetova,32.0,https://www.wtatennis.com/resources/v7.31.10/i/elements/flags/rus.svg,Round of 32,W,"7-6 (4), 6-4",https://www.wtatennis.com/players/319526/veronika-kudermetova,False,False,False,True,False,False,True,2,True,23,13,10,RU,RUS,643,150,Europe,Eastern Europe,RUS,"7,6,4|6,4,None",
4,Miami Open Presented By Itaú,https://photoresources.wtatennis.com/photo-resources/2025/04/16/ad3c213f-6323-4422-bb86-ff92e8cb213c/WTA-Tournament_Miami-2024.png?height=128,https://www.wtatennis.com/tournaments/902/miami/2021,WTA 1000,Hard,https://www.wtatennis.com/resources/v7.31.10/i/elements/1000k-tag.svg,2021-03-23,2021-04-03,2021,3,Miami,BUL,FL,US,USA,840,019,,America,Northern America,USA,131.0,215.0,61000.0,128M/64Q/32D,Miami Open Presented By Itaú,,Tsvetana Pironkova,,https://www.wtatennis.com/resources/v7.31.10/i/elements/flags/bul.svg,Round of 64,W,"0-6, 6-3, 7-6 (9)",https://www.wtatennis.com/players/311041/tsvetana-pironkova,False,False,False,False,False,True,True,3,False,28,13,15,BG,BGR,100,150,Europe,Southeastern Europe,BUL,"0,6,None|6,3,None|7,6,9",
5,Miami Open Presented By Itaú,https://photoresources.wtatennis.com/photo-resources/2025/04/16/ad3c213f-6323-4422-bb86-ff92e8cb213c/WTA-Tournament_Miami-2024.png?height=128,https://www.wtatennis.com/tournaments/902/miami/2021,WTA 1000,Hard,https://www.wtatennis.com/resources/v7.31.10/i/elements/1000k-tag.svg,2021-03-23,2021-04-03,2021,3,Miami,,FL,US,USA,840,019,,America,Northern America,USA,,215.0,61000.0,128M/64Q/32D,Miami Open Presented By Itaú,,,,,Round of 128,,Bye,,False,False,True,False,False,False,False,0,False,0,0,0,,,,,,,,,
1,Dubai Duty Free Tennis Championships 2021,https://photoresources.wtatennis.com/photo-resources/2025/04/16/aa274c10-fd33-4715-ac0e-d74441b27a54/WTA-Tournament_Dubai-2017.png?height=128,https://www.wtatennis.com/tournaments/718/dubai/2021,WTA 1000,Hard,https://www.wtatennis.com/resources/v7.31.10/i/elements/1000k-tag.svg,2021-03-07,2021-03-13,2021,3,Dubai,ESP,,AE,ARE,784,142,Kingdom of Spain,Asia,Western Asia,UAE,16.0,190.0,41500.0,64M/32Q/32D,Dubai Duty Free Tennis Championships 2021,,Garbiñe Muguruza,9.0,https://www.wtatennis.com/resources/v7.31.10/i/elements/flags/esp.svg,Quarterfinals,L,"6-3, 3-6, 2-6",https://www.wtatennis.com/players/316239/garbi-e-muguruza,False,False,False,False,False,False,False,3,True,26,11,15,ES,ESP,724,150,Europe,Southern Europe,ESP,"6,3,None|3,6,None|2,6,None",
2,Dubai Duty Free Tennis Championships 2021,https://photoresources.wtatennis.com/photo-resources/2025/04/16/aa274c10-fd33-4715-ac0e-d74441b27a54/WTA-Tournament_Dubai-2017.png?height=128,https://www.wtatennis.com/tournaments/718/dubai/2021,WTA 1000,Hard,https://www.wtatennis.com/resources/v7.31.10/i/elements/1000k-tag.svg,2021-03-07,2021-03-13,2021,3,Dubai,EST,,AE,ARE,784,142,,Asia,Western Asia,UAE,24.0,190.0,41500.0,64M/32Q/32D,Dubai Duty Free Tennis Championships 2021,,Anett Kontaveit,15.0,https://www.wtatennis.com/resources/v7.31.10/i/elements/flags/est.svg,Round of 16,W,"6-3, 6-2",https://www.wtatennis.com/players/318425/anett-kontaveit,False,False,False,False,False,False,False,2,True,17,12,5,EE,EST,233,150,Europe,Northern Europe,EST,"6,3,None|6,2,None",
3,Dubai Duty Free Tennis Championships 2021,https://photoresources.wtatennis.com/photo-resources/2025/04/16/aa274c10-fd33-4715-ac0e-d74441b27a54/WTA-Tournament_Dubai-2017.png?height=128,https://www.wtatennis.com/tournaments/718/dubai/2021,WTA 1000,Hard,https://www.wtatennis.com/resources/v7.31.10/i/elements/1000k-tag.svg,2021-03-07,2021-03-13,2021,3,Dubai,FRA,,AE,ARE,784,142,,Asia,Western Asia,UAE,59.0,190.0,41500.0,64M/32Q/32D,Dubai Duty Free Tennis Championships 2021,,Alizé Cornet,,https://www.wtatennis.com/resources/v7.31.10/i/elements/flags/fra.svg,Round of 32,W,"6-2, 6-4",https://www.wtatennis.com/players/312121/aliz-cornet,False,False,False,False,False,False,False,2,True,18,12,6,FR,FRA,250,150,Europe,Western Europe,FRA,"6,2,None|6,4,None",
4,Dubai Duty Free Tennis Championships 2021,https://photoresources.wtatennis.com/photo-resources/2025/04/16/aa274c10-fd33-4715-ac0e-d74441b27a54/WTA-Tournament_Dubai-2017.png?height=128,https://www.wtatennis.com/tournaments/718/dubai/2021,WTA 1000,Hard,https://www.wtatennis.com/resources/v7.31.10/i/elements/1000k-tag.svg,2021-03-07,2021-03-13,2021,3,Dubai,,,AE,ARE,784,142,,Asia,Western Asia,UAE,,190.0,41500.0,64M/32Q/32D,Dubai Duty Free Tennis Championships 2021,,,,,Round of 64,,Bye,,False,False,True,False,False,False,False,0,False,0,0,0,,,,,,,,,
1,Qatar Total Open 2021,https://photoresources.wtatennis.com/photo-resources/2025/04/16/74cb07bc-dc84-43f7-9acc-95e51d3748c9/WTA-Tournament_Doha-2025.png?height=128,https://www.wtatennis.com/tournaments/1003/doha/2021,WTA 500,Hard,https://www.wtatennis.com/resources/v7.31.10/i/elements/500k-tag.svg,2021-03-01,2021-03-06,2021,3,Doha,ESP,,QA,QAT,634,142,Kingdom of Spain,Asia,Western Asia,QAT,16.0,1.0,8200.0,32M/32Q/16D,Qatar Total Open 2021,,Garbiñe Muguruza,,https://www.wtatennis.com/resources/v7.31.10/i/elements/flags/esp.svg,Round of 16,L,"2-6, 7-6 (5), 3-6",https://www.wtatennis.com/players/316239/garbi-e-muguruza,False,False,False,False,True,False,True,3,False,30,12,18,ES,ESP,724,150,Europe,Southern Europe,ESP,"2,6,None|7,6,5|3,6,None",
2,Qatar Total Open 2021,https://photoresources.wtatennis.com/photo-resources/2025/04/16/74cb07bc-dc84-43f7-9acc-95e51d3748c9/WTA-Tournament_Doha-2025.png?height=128,https://www.wtatennis.com/tournaments/1003/doha/2021,WTA 500,Hard,https://www.wtatennis.com/resources/v7.31.10/i/elements/500k-tag.svg,2021-03-01,2021-03-06,2021,3,Doha,,,QA,QAT,634,142,,Asia,Western Asia,QAT,,1.0,8200.0,32M/32Q/16D,Qatar Total Open 2021,,,,,Round of 32,,Bye,,False,False,True,False,False,False,False,0,False,0,0,0,,,,,,,,,
1,Australian Open,https://photoresources.wtatennis.com/photo-resources/2025/04/16/20886615-8c76-4d00-b747-7946c3692df2/WTA-Tournament_Australian-Open.png?height=128,https://www.wtatennis.com/tournaments/901/australian-open/2021,Grand Slam,Hard,https://www.wtatennis.com/resources/v7.31.10/i/elements/gs-tag.svg,2021-02-08,2021-02-20,2021,2,Melbourne,USA,,AU,AUS,036,009,United States of America|America|USA|US,Oceania,Australasia,AUS,11.0,240.0,219367.0,128M/128Q/64D,Australian Open,,Serena Williams,10.0,https://www.wtatennis.com/resources/v7.31.10/i/elements/flags/usa.svg,Round of 16,L,"4-6, 6-2, 4-6",https://www.wtatennis.com/players/230234/serena-williams,False,False,False,False,False,False,False,3,False,28,14,14,US,USA,840,019,America,Northern America,USA,"4,6,None|6,2,None|4,6,None",
2,Australian Open,https://photoresources.wtatennis.com/photo-resources/2025/04/16/20886615-8c76-4d00-b747-7946c3692df2/WTA-Tournament_Australian-Open.png?height=128,https://www.wtatennis.com/tournaments/901/australian-open/2021,Grand Slam,Hard,https://www.wtatennis.com/resources/v7.31.10/i/elements/gs-tag.svg,2021-02-08,2021-02-20,2021,2,Melbourne,USA,,AU,AUS,036,009,United States of America|America|USA|US,Oceania,Australasia,AUS,69.0,240.0,219367.0,128M/128Q/64D,Australian Open,,Ann Li,,https://www.wtatennis.com/resources/v7.31.10/i/elements/flags/usa.svg,Round of 32,W,"6-3, 6-1",https://www.wtatennis.com/players/326096/ann-li,False,False,False,False,False,False,False,2,True,16,12,4,US,USA,840,019,America,Northern America,USA,"6,3,None|6,1,None",
3,Australian Open,https://photoresources.wtatennis.com/photo-resources/2025/04/16/20886615-8c76-4d00-b747-7946c3692df2/WTA-Tournament_Australian-Open.png?height=128,https://www.wtatennis.com/tournaments/901/australian-open/2021,Grand Slam,Hard,https://www.wtatennis.com/resources/v7.31.10/i/elements/gs-tag.svg,2021-02-08,2021-02-20,2021,2,Melbourne,AUS,,AU,AUS,036,009,,Oceania,Australasia,AUS,75.0,240.0,219367.0,128M/128Q/64D,Australian Open,,Daria Kasatkina,,https://www.wtatennis.com/resources/v7.31.10/i/elements/flags/aus.svg,Round of 64,W,"7-6 (5), 6-3",https://www.wtatennis.com/players/322082/daria-kasatkina,False,False,False,True,False,False,True,2,True,22,13,9,AU,AUS,036,009,Oceania,Australasia,AUS,"7,6,5|6,3,None",
4,Australian Open,https://photoresources.wtatennis.com/photo-resources/2025/04/16/20886615-8c76-4d00-b747-7946c3692df2/WTA-Tournament_Australian-Open.png?height=128,https://www.wtatennis.com/tournaments/901/australian-open/2021,Grand Slam,Hard,https://www.wtatennis.com/resources/v7.31.10/i/elements/gs-tag.svg,2021-02-08,2021-02-20,2021,2,Melbourne,SVK,,AU,AUS,036,009,,Oceania,Australasia,AUS,100.0,240.0,219367.0,128M/128Q/64D,Australian Open,,Viktoria Hruncakova,,https://www.wtatennis.com/resources/v7.31.10/i/elements/flags/svk.svg,Round of 128,W,"6-0, 6-4",https://www.wtatennis.com/players/322277/viktoria-hruncakova,False,False,False,False,False,False,False,2,True,16,12,4,SK,SVK,703,150,Europe,Central Europe,SVK,"6,0,None|6,4,None",
1,Gippsland Trophy,,https://www.wtatennis.com/tournaments/2029/melbourne-500-gippsland-trophy/2021,WTA 500,Hard,https://www.wtatennis.com/resources/v7.31.10/i/elements/500k-tag.svg,2021-01-31,2021-02-06,2021,1,Melbourne,EST,,AU,AUS,036,009,,Oceania,Australasia,AUS,94.0,1.0,4250.0,64M/0Q/32D,Gippsland Trophy,,Kaia Kanepi,,https://www.wtatennis.com/resources/v7.31.10/i/elements/flags/est.svg,Round of 32,L,"1-6, 6-2, 1-6",https://www.wtatennis.com/players/110536/kaia-kanepi,False,False,False,False,False,False,False,3,False,22,8,14,EE,EST,233,150,Europe,Northern Europe,EST,"1,6,None|6,2,None|1,6,None",
2,Gippsland Trophy,,https://www.wtatennis.com/tournaments/2029/melbourne-500-gippsland-trophy/2021,WTA 500,Hard,https://www.wtatennis.com/resources/v7.31.10/i/elements/500k-tag.svg,2021-01-31,2021-02-06,2021,1,Melbourne,,,AU,AUS,036,009,,Oceania,Australasia,AUS,,1.0,4250.0,64M/0Q/32D,Gippsland Trophy,,,,,Round of 64,,Bye,,False,False,True,False,False,False,False,0,False,0,0,0,,,,,,,,,
1,Abu Dhabi Wta Women'S Tennis Open,,https://www.wtatennis.com/tournaments/2028/abu-dhabi/2021,WTA 500,Hard,https://www.wtatennis.com/resources/v7.31.10/i/elements/500k-tag.svg,2021-01-06,2021-01-13,2021,1,Abu Dhabi,RUS,,AE,ARE,784,142,,Asia,Western Asia,UAE,46.0,470.0,68570.0,64M/32Q/32D,Abu Dhabi Wta Women'S Tennis Open,,Veronika Kudermetova,,https://www.wtatennis.com/resources/v7.31.10/i/elements/flags/rus.svg,Finals,W,"6-2, 6-2",https://www.wtatennis.com/players/319526/veronika-kudermetova,False,False,False,False,False,False,False,2,True,16,12,4,RU,RUS,643,150,Europe,Eastern Europe,RUS,"6,2,None|6,2,None",
2,Abu Dhabi Wta Women'S Tennis Open,,https://www.wtatennis.com/tournaments/2028/abu-dhabi/2021,WTA 500,Hard,https://www.wtatennis.com/resources/v7.31.10/i/elements/500k-tag.svg,2021-01-06,2021-01-13,2021,1,Abu Dhabi,GRE,,AE,ARE,784,142,,Asia,Western Asia,UAE,22.0,470.0,68570.0,64M/32Q/32D,Abu Dhabi Wta Women'S Tennis Open,,Maria Sakkari,9.0,https://www.wtatennis.com/resources/v7.31.10/i/elements/flags/gre.svg,Semifinals,W,"6-3, 6-2",https://www.wtatennis.com/players/318312/maria-sakkari,False,False,False,False,False,False,False,2,True,17,12,5,GR,GRC,300,150,Europe,Southeastern Europe,GRE,"6,3,None|6,2,None",
3,Abu Dhabi Wta Women'S Tennis Open,,https://www.wtatennis.com/tournaments/2028/abu-dhabi/2021,WTA 500,Hard,https://www.wtatennis.com/resources/v7.31.10/i/elements/500k-tag.svg,2021-01-06,2021-01-13,2021,1,Abu Dhabi,KAZ,,AE,ARE,784,142,,Asia,Western Asia,UAE,19.0,470.0,68570.0,64M/32Q/32D,Abu Dhabi Wta Women'S Tennis Open,,Elena Rybakina,6.0,https://www.wtatennis.com/resources/v7.31.10/i/elements/flags/kaz.svg,Quarterfinals,W,"6-4, 4-6, 6-3",https://www.wtatennis.com/players/324166/elena-rybakina,False,False,False,False,False,False,False,3,True,29,16,13,KZ,KAZ,398,142,Asia,Central Asia,KAZ,"6,4,None|4,6,None|6,3,None",
4,Abu Dhabi Wta Women'S Tennis Open,,https://www.wtatennis.com/tournaments/2028/abu-dhabi/2021,WTA 500,Hard,https://www.wtatennis.com/resources/v7.31.10/i/elements/500k-tag.svg,2021-01-06,2021-01-13,2021,1,Abu Dhabi,TUN,,AE,ARE,784,142,,Asia,Western Asia,UAE,31.0,470.0,68570.0,64M/32Q/32D,Abu Dhabi Wta Women'S Tennis Open,,Ons Jabeur,15.0,https://www.wtatennis.com/resources/v7.31.10/i/elements/flags/tun.svg,Round of 16,W,"6-2, 6-4",https://www.wtatennis.com/players/316847/ons-jabeur,False,False,False,False,False,False,False,2,True,18,12,6,TN,TUN,788,002,Africa,North Africa,TUN,"6,2,None|6,4,None",
5,Abu Dhabi Wta Women'S Tennis Open,,https://www.wtatennis.com/tournaments/2028/abu-dhabi/2021,WTA 500,Hard,https://www.wtatennis.com/resources/v7.31.10/i/elements/500k-tag.svg,2021-01-06,2021-01-13,2021,1,Abu Dhabi,AUS,,AE,ARE,784,142,,Asia,Western Asia,UAE,68.0,470.0,68570.0,64M/32Q/32D,Abu Dhabi Wta Women'S Tennis Open,,Ajla Tomljanovic,,https://www.wtatennis.com/resources/v7.31.10/i/elements/flags/aus.svg,Round of 32,W,"7-5, 6-4",https://www.wtatennis.com/players/315232/ajla-tomljanovic,False,False,False,False,False,False,False,2,True,22,13,9,AU,AUS,036,009,Oceania,Australasia,AUS,"7,5,None|6,4,None",
6,Abu Dhabi Wta Women'S Tennis Open,,https://www.wtatennis.com/tournaments/2028/abu-dhabi/2021,WTA 500,Hard,https://www.wtatennis.com/resources/v7.31.10/i/elements/500k-tag.svg,2021-01-06,2021-01-13,2021,1,Abu Dhabi,SLO,,AE,ARE,784,142,,Asia,Western Asia,UAE,49.0,470.0,68570.0,64M/32Q/32D,Abu Dhabi Wta Women'S Tennis Open,,Polona Hercog,,https://www.wtatennis.com/resources/v7.31.10/i/elements/flags/slo.svg,Round of 64,W,"7-6 (5), 6-2",https://www.wtatennis.com/players/313968/polona-hercog,False,False,False,True,False,False,True,2,True,21,13,8,,,,,,,SLO,"7,6,5|6,2,None",
1,Upper Austria Ladies Linz,,https://www.wtatennis.com/tournaments/528/linz/2020,International,Hard,https://www.wtatennis.com/resources/v7.31.10/i/elements/250k-tag.svg,2020-11-09,2020-11-15,2020,11,Linz,BEL,,AT,AUT,040,150,,Europe,Central Europe,AUT,21.0,280.0,25000.0,32M/32Q/16D,Upper Austria Ladies Linz,,Elise Mertens,2.0,https://www.wtatennis.com/resources/v7.31.10/i/elements/flags/bel.svg,Finals,W,"7-5, 6-2",https://www.wtatennis.com/players/317964/elise-mertens,False,False,False,False,False,False,False,2,True,20,13,7,BE,BEL,056,150,Europe,Western Europe,BEL,"7,5,None|6,2,None",
2,Upper Austria Ladies Linz,,https://www.wtatennis.com/tournaments/528/linz/2020,International,Hard,https://www.wtatennis.com/resources/v7.31.10/i/elements/250k-tag.svg,2020-11-09,2020-11-15,2020,11,Linz,CZE,,AT,AUT,040,150,,Europe,Central Europe,AUT,74.0,280.0,25000.0,32M/32Q/16D,Upper Austria Ladies Linz,,Barbora Krejcikova,,https://www.wtatennis.com/resources/v7.31.10/i/elements/flags/cze.svg,Semifinals,W,"7-5, 4-6, 6-3",https://www.wtatennis.com/players/318314/barbora-krejcikova,False,False,False,False,False,False,False,3,True,31,17,14,CZ,CZE,203,150,Europe,Central Europe,CZE,"7,5,None|4,6,None|6,3,None",
3,Upper Austria Ladies Linz,,https://www.wtatennis.com/tournaments/528/linz/2020,International,Hard,https://www.wtatennis.com/resources/v7.31.10/i/elements/250k-tag.svg,2020-11-09,2020-11-15,2020,11,Linz,FRA,,AT,AUT,040,150,,Europe,Central Europe,AUT,115.0,280.0,25000.0,32M/32Q/16D,Upper Austria Ladies Linz,,Oceane Dodin,,https://www.wtatennis.com/resources/v7.31.10/i/elements/flags/fra.svg,Quarterfinals,W,"6-3, 3-3",https://www.wtatennis.com/players/319436/oceane-dodin,True,False,False,False,False,False,False,2,True,15,9,6,FR,FRA,250,150,Europe,Western Europe,FRA,"6,3,None|3,3,None|Ret",
4,Upper Austria Ladies Linz,,https://www.wtatennis.com/tournaments/528/linz/2020,International,Hard,https://www.wtatennis.com/resources/v7.31.10/i/elements/250k-tag.svg,2020-11-09,2020-11-15,2020,11,Linz,SUI,,AT,AUT,040,150,,Europe,Central Europe,AUT,124.0,280.0,25000.0,32M/32Q/16D,Upper Austria Ladies Linz,,Stefanie Voegele,,https://www.wtatennis.com/resources/v7.31.10/i/elements/flags/sui.svg,Round of 16,W,"6-0, 6-3",https://www.wtatennis.com/players/312336/stefanie-voegele,False,False,False,False,False,False,False,2,True,15,12,3,CH,CHE,756,150,Europe,Central Europe,SUI,"6,0,None|6,3,None",
5,Upper Austria Ladies Linz,,https://www.wtatennis.com/tournaments/528/linz/2020,International,Hard,https://www.wtatennis.com/resources/v7.31.10/i/elements/250k-tag.svg,2020-11-09,2020-11-15,2020,11,Linz,ITA,,AT,AUT,040,150,,Europe,Central Europe,AUT,94.0,280.0,25000.0,32M/32Q/16D,Upper Austria Ladies Linz,,Jasmine Paolini,,https://www.wtatennis.com/resources/v7.31.10/i/elements/flags/ita.svg,Round of 32,W,"6-4, 6-4",https://www.wtatennis.com/players/319280/jasmine-paolini,False,False,False,False,False,False,False,2,True,20,12,8,IT,ITA,380,150,Europe,Southern Europe,ITA,"6,4,None|6,4,None",
1,J & T Banka Ostrava Open 2020,,https://www.wtatennis.com/tournaments/2025/ostrava/2020,Premier,Hard,https://www.wtatennis.com/resources/v7.31.10/i/elements/500k-tag.svg,2020-10-19,2020-10-25,2020,10,Ostrava,BLR,,CZ,CZE,203,150,,Europe,Central Europe,CZE,14.0,470.0,50000.0,32M/32Q/16D,J & T Banka Ostrava Open 2020,,Victoria Azarenka,4.0,https://www.wtatennis.com/resources/v7.31.10/i/elements/flags/blr.svg,Finals,W,"6-2, 6-2",https://www.wtatennis.com/players/312001/victoria-azarenka,False,False,False,False,False,False,False,2,True,16,12,4,BY,BLR,112,150,Europe,Eastern Europe,BLR,"6,2,None|6,2,None",
2,J & T Banka Ostrava Open 2020,,https://www.wtatennis.com/tournaments/2025/ostrava/2020,Premier,Hard,https://www.wtatennis.com/resources/v7.31.10/i/elements/500k-tag.svg,2020-10-19,2020-10-25,2020,10,Ostrava,USA,,CZ,CZE,203,150,United States of America|America|USA|US,Europe,Central Europe,CZE,26.0,470.0,50000.0,32M/32Q/16D,J & T Banka Ostrava Open 2020,,Jennifer Brady,,https://www.wtatennis.com/resources/v7.31.10/i/elements/flags/usa.svg,Semifinals,W,"6-4, 6-4",https://www.wtatennis.com/players/318358/jennifer-brady,False,False,False,False,False,False,False,2,True,20,12,8,US,USA,840,019,America,Northern America,USA,"6,4,None|6,4,None",
3,J & T Banka Ostrava Open 2020,,https://www.wtatennis.com/tournaments/2025/ostrava/2020,Premier,Hard,https://www.wtatennis.com/resources/v7.31.10/i/elements/500k-tag.svg,2020-10-19,2020-10-25,2020,10,Ostrava,ESP,,CZ,CZE,203,150,Kingdom of Spain,Europe,Central Europe,CZE,73.0,470.0,50000.0,32M/32Q/16D,J & T Banka Ostrava Open 2020,,Sara Sorribes Tormo,,https://www.wtatennis.com/resources/v7.31.10/i/elements/flags/esp.svg,Quarterfinals,W,"0-6, 6-4, 6-0",https://www.wtatennis.com/players/318872/sara-sorribes-tormo,False,False,False,False,False,False,False,3,False,22,12,10,ES,ESP,724,150,Europe,Southern Europe,ESP,"0,6,None|6,4,None|6,0,None",
4,J & T Banka Ostrava Open 2020,,https://www.wtatennis.com/tournaments/2025/ostrava/2020,Premier,Hard,https://www.wtatennis.com/resources/v7.31.10/i/elements/500k-tag.svg,2020-10-19,2020-10-25,2020,10,Ostrava,USA,,CZ,CZE,203,150,United States of America|America|USA|US,Europe,Central Europe,CZE,55.0,470.0,50000.0,32M/32Q/16D,J & T Banka Ostrava Open 2020,,Coco Gauff,,https://www.wtatennis.com/resources/v7.31.10/i/elements/flags/usa.svg,Round of 16,W,"1-6, 7-5, 7-6 (2)",https://www.wtatennis.com/players/328560/coco-gauff,False,False,False,False,False,True,True,3,False,32,15,17,US,USA,840,019,America,Northern America,USA,"1,6,None|7,5,None|7,6,2",
5,J & T Banka Ostrava Open 2020,,https://www.wtatennis.com/tournaments/2025/ostrava/2020,Premier,Hard,https://www.wtatennis.com/resources/v7.31.10/i/elements/500k-tag.svg,2020-10-19,2020-10-25,2020,10,Ostrava,,,CZ,CZE,203,150,,Europe,Central Europe,CZE,,470.0,50000.0,32M/32Q/16D,J & T Banka Ostrava Open 2020,,,,,Round of 32,,Bye,,False,False,True,False,False,False,False,0,False,0,0,0,,,,,,,,,
1,Roland Garros,https://photoresources.wtatennis.com/photo-resources/2025/04/16/ddbbc328-7967-416c-a6b5-043c8c3f933e/WTA-Tournament_Roland-Garros.png?height=128,https://www.wtatennis.com/tournaments/903/roland-garros/2020,Grand Slam,Clay,https://www.wtatennis.com/resources/v7.31.10/i/elements/gs-tag.svg,2020-09-27,2020-10-10,2020,9,Paris,TUN,,FR,FRA,250,150,,Europe,Western Europe,FRA,35.0,130.0,139267.0,128M/128Q/64D,Roland Garros,,Ons Jabeur,30.0,https://www.wtatennis.com/resources/v7.31.10/i/elements/flags/tun.svg,Round of 32,L,"6-7 (7), 6-2, 3-6",https://www.wtatennis.com/players/316847/ons-jabeur,False,False,False,True,False,False,True,3,False,30,15,15,TN,TUN,788,002,Africa,North Africa,TUN,"6,7,7|6,2,None|3,6,None",
2,Roland Garros,https://photoresources.wtatennis.com/photo-resources/2025/04/16/ddbbc328-7967-416c-a6b5-043c8c3f933e/WTA-Tournament_Roland-Garros.png?height=128,https://www.wtatennis.com/tournaments/903/roland-garros/2020,Grand Slam,Clay,https://www.wtatennis.com/resources/v7.31.10/i/elements/gs-tag.svg,2020-09-27,2020-10-10,2020,9,Paris,AUS,,FR,FRA,250,150,,Europe,Western Europe,FRA,71.0,130.0,139267.0,128M/128Q/64D,Roland Garros,,Daria Kasatkina,,https://www.wtatennis.com/resources/v7.31.10/i/elements/flags/aus.svg,Round of 64,W,"7-6 (6), 6-0",https://www.wtatennis.com/players/322082/daria-kasatkina,False,False,False,True,False,False,True,2,True,19,13,6,AU,AUS,036,009,Oceania,Australasia,AUS,"7,6,6|6,0,None",
3,Roland Garros,https://photoresources.wtatennis.com/photo-resources/2025/04/16/ddbbc328-7967-416c-a6b5-043c8c3f933e/WTA-Tournament_Roland-Garros.png?height=128,https://www.wtatennis.com/tournaments/903/roland-garros/2020,Grand Slam,Clay,https://www.wtatennis.com/resources/v7.31.10/i/elements/gs-tag.svg,2020-09-27,2020-10-10,2020,9,Paris,USA,,FR,FRA,250,150,United States of America|America|USA|US,Europe,Western Europe,FRA,60.0,130.0,139267.0,128M/128Q/64D,Roland Garros,,Jessica Pegula,,https://www.wtatennis.com/resources/v7.31.10/i/elements/flags/usa.svg,Round of 128,W,"6-3, 6-1",https://www.wtatennis.com/players/316956/jessica-pegula,False,False,False,False,False,False,False,2,True,16,12,4,US,USA,840,019,America,Northern America,USA,"6,3,None|6,1,None",
1,Internationaux De Strasbourg,,https://www.wtatennis.com/tournaments/406/strasbourg/2020,International,Clay,https://www.wtatennis.com/resources/v7.31.10/i/elements/250k-tag.svg,2020-09-20,2020-09-26,2020,9,Strasbourg,UKR,,FR,FRA,250,150,,Europe,Western Europe,FRA,5.0,110.0,7705.0,32M/8Q/16D,Internationaux De Strasbourg,,Elina Svitolina,2.0,https://www.wtatennis.com/resources/v7.31.10/i/elements/flags/ukr.svg,Semifinals,L,"2-6, 6-4, 4-6",https://www.wtatennis.com/players/316738/elina-svitolina,False,False,False,False,False,False,False,3,False,28,12,16,UA,UKR,804,150,Europe,Eastern Europe,UKR,"2,6,None|6,4,None|4,6,None",
2,Internationaux De Strasbourg,,https://www.wtatennis.com/tournaments/406/strasbourg/2020,International,Clay,https://www.wtatennis.com/resources/v7.31.10/i/elements/250k-tag.svg,2020-09-20,2020-09-26,2020,9,Strasbourg,CZE,,FR,FRA,250,150,,Europe,Western Europe,FRA,62.0,110.0,7705.0,32M/8Q/16D,Internationaux De Strasbourg,,Katerina Siniakova,,https://www.wtatennis.com/resources/v7.31.10/i/elements/flags/cze.svg,Quarterfinals,W,"2-6, 6-3, 6-3",https://www.wtatennis.com/players/320301/katerina-siniakova,False,False,False,False,False,False,False,3,False,26,14,12,CZ,CZE,203,150,Europe,Central Europe,CZE,"2,6,None|6,3,None|6,3,None",
3,Internationaux De Strasbourg,,https://www.wtatennis.com/tournaments/406/strasbourg/2020,International,Clay,https://www.wtatennis.com/resources/v7.31.10/i/elements/250k-tag.svg,2020-09-20,2020-09-26,2020,9,Strasbourg,RUS,,FR,FRA,250,150,,Europe,Western Europe,FRA,59.0,110.0,7705.0,32M/8Q/16D,Internationaux De Strasbourg,,Anna Blinkova,,https://www.wtatennis.com/resources/v7.31.10/i/elements/flags/rus.svg,Round of 16,W,"1-6, 6-4, 6-2",https://www.wtatennis.com/players/324267/anna-blinkova,False,False,False,False,False,False,False,3,False,25,13,12,RU,RUS,643,150,Europe,Eastern Europe,RUS,"1,6,None|6,4,None|6,2,None",
4,Internationaux De Strasbourg,,https://www.wtatennis.com/tournaments/406/strasbourg/2020,International,Clay,https://www.wtatennis.com/resources/v7.31.10/i/elements/250k-tag.svg,2020-09-20,2020-09-26,2020,9,Strasbourg,AUS,,FR,FRA,250,150,,Europe,Western Europe,FRA,240.0,110.0,7705.0,32M/8Q/16D,Internationaux De Strasbourg,,Ellen Perez,,https://www.wtatennis.com/resources/v7.31.10/i/elements/flags/aus.svg,Round of 32,W,"6-4, 6-3",https://www.wtatennis.com/players/319960/ellen-perez,False,False,False,False,False,False,False,2,True,19,12,7,AU,AUS,036,009,Oceania,Australasia,AUS,"6,4,None|6,3,None",
1,Us Open,https://photoresources.wtatennis.com/photo-resources/2025/04/16/295289d9-36fa-408a-8586-2b407d930c10/WTA-Tournament_US-Open.png?height=128,https://www.wtatennis.com/tournaments/905/us-open/2020,Grand Slam,Hard,https://www.wtatennis.com/resources/v7.31.10/i/elements/gs-tag.svg,2020-08-31,2020-09-13,2020,8,New York,BLR,NY,US,USA,840,019,,America,Northern America,USA,27.0,70.0,100000.0,128M/0Q/32D,Us Open,,Victoria Azarenka,,https://www.wtatennis.com/resources/v7.31.10/i/elements/flags/blr.svg,Round of 64,L,"1-6, 3-6",https://www.wtatennis.com/players/312001/victoria-azarenka,False,False,False,False,False,False,False,2,False,16,4,12,BY,BLR,112,150,Europe,Eastern Europe,BLR,"1,6,None|3,6,None",
2,Us Open,https://photoresources.wtatennis.com/photo-resources/2025/04/16/295289d9-36fa-408a-8586-2b407d930c10/WTA-Tournament_US-Open.png?height=128,https://www.wtatennis.com/tournaments/905/us-open/2020,Grand Slam,Hard,https://www.wtatennis.com/resources/v7.31.10/i/elements/gs-tag.svg,2020-08-31,2020-09-13,2020,8,New York,FRA,NY,US,USA,840,019,,America,Northern America,USA,115.0,70.0,100000.0,128M/0Q/32D,Us Open,,Oceane Dodin,,https://www.wtatennis.com/resources/v7.31.10/i/elements/flags/fra.svg,Round of 128,W,"7-6 (1), 6-4",https://www.wtatennis.com/players/319436/oceane-dodin,False,False,False,True,False,False,True,2,True,23,13,10,FR,FRA,250,150,Europe,Western Europe,FRA,"7,6,1|6,4,None",
1,Western & Southern Open,https://photoresources.wtatennis.com/photo-resources/2025/04/16/17c99db9-c289-451d-8cd9-65e8d9a25a26/WTA-Tournament_Cincinnati-2024.png?height=128,https://www.wtatennis.com/tournaments/1017/cincinnati/2020,Premier 5,Hard,https://www.wtatennis.com/resources/v7.31.10/i/elements/1000k-tag.svg,2020-08-21,2020-08-29,2020,8,New York,USA,NY,US,USA,840,019,United States of America|America|USA|US,America,Northern America,USA,83.0,105.0,22000.0,64M/64Q/32D,Western & Southern Open,,Jessica Pegula,,https://www.wtatennis.com/resources/v7.31.10/i/elements/flags/usa.svg,Round of 16,L,"2-6, 6-2, 3-6",https://www.wtatennis.com/players/316956/jessica-pegula,False,False,False,False,False,False,False,3,False,25,11,14,US,USA,840,019,America,Northern America,USA,"2,6,None|6,2,None|3,6,None",
2,Western & Southern Open,https://photoresources.wtatennis.com/photo-resources/2025/04/16/17c99db9-c289-451d-8cd9-65e8d9a25a26/WTA-Tournament_Cincinnati-2024.png?height=128,https://www.wtatennis.com/tournaments/1017/cincinnati/2020,Premier 5,Hard,https://www.wtatennis.com/resources/v7.31.10/i/elements/1000k-tag.svg,2020-08-21,2020-08-29,2020,8,New York,USA,NY,US,USA,840,019,United States of America|America|USA|US,America,Northern America,USA,249.0,105.0,22000.0,64M/64Q/32D,Western & Southern Open,,Catherine Bellis,,https://www.wtatennis.com/resources/v7.31.10/i/elements/flags/usa.svg,Round of 32,W,"6-7 (1), 6-4, 7-5",https://www.wtatennis.com/players/322526/catherine-bellis,False,False,False,True,False,False,True,3,False,35,19,16,US,USA,840,019,America,Northern America,USA,"6,7,1|6,4,None|7,5,None",
3,Western & Southern Open,https://photoresources.wtatennis.com/photo-resources/2025/04/16/17c99db9-c289-451d-8cd9-65e8d9a25a26/WTA-Tournament_Cincinnati-2024.png?height=128,https://www.wtatennis.com/tournaments/1017/cincinnati/2020,Premier 5,Hard,https://www.wtatennis.com/resources/v7.31.10/i/elements/1000k-tag.svg,2020-08-21,2020-08-29,2020,8,New York,,NY,US,USA,840,019,,America,Northern America,USA,,105.0,22000.0,64M/64Q/32D,Western & Southern Open,,,,,Round of 64,,Bye,,False,False,True,False,False,False,False,0,False,0,0,0,,,,,,,,,
1,The Top Seed Open Presented By Bluegrass Orthopaedics,,https://www.wtatennis.com/tournaments/2022/lexington/2020,International,Hard,https://www.wtatennis.com/resources/v7.31.10/i/elements/250k-tag.svg,2020-08-10,2020-08-16,2020,8,Lexington,USA,KY,US,USA,840,019,United States of America|America|USA|US,America,Northern America,USA,53.0,30.0,3150.0,32M/32Q/16D,The Top Seed Open Presented By Bluegrass Orthopaedics,,Coco Gauff,,https://www.wtatennis.com/resources/v7.31.10/i/elements/flags/usa.svg,Round of 16,L,"6-7 (4), 6-4, 4-6",https://www.wtatennis.com/players/328560/coco-gauff,False,False,False,True,False,False,True,3,False,33,16,17,US,USA,840,019,America,Northern America,USA,"6,7,4|6,4,None|4,6,None",
2,The Top Seed Open Presented By Bluegrass Orthopaedics,,https://www.wtatennis.com/tournaments/2022/lexington/2020,International,Hard,https://www.wtatennis.com/resources/v7.31.10/i/elements/250k-tag.svg,2020-08-10,2020-08-16,2020,8,Lexington,USA,KY,US,USA,840,019,United States of America|America|USA|US,America,Northern America,USA,80.0,30.0,3150.0,32M/32Q/16D,The Top Seed Open Presented By Bluegrass Orthopaedics,,Madison Brengle,,https://www.wtatennis.com/resources/v7.31.10/i/elements/flags/usa.svg,Round of 32,W,"6-1, 6-7 (5), 6-2",https://www.wtatennis.com/players/312328/madison-brengle,False,False,False,False,True,False,True,3,True,28,18,10,US,USA,840,019,America,Northern America,USA,"6,1,None|6,7,5|6,2,None",
1,Qatar Total Open 2020,https://photoresources.wtatennis.com/photo-resources/2025/04/16/74cb07bc-dc84-43f7-9acc-95e51d3748c9/WTA-Tournament_Doha-2025.png?height=128,https://www.wtatennis.com/tournaments/1003/doha/2020,Premier 5,Hard,https://www.wtatennis.com/resources/v7.31.10/i/elements/1000k-tag.svg,2020-02-23,2020-02-29,2020,2,Doha,CZE,,QA,QAT,634,142,,Asia,Western Asia,QAT,11.0,900.0,605000.0,64M/32Q/32D,Qatar Total Open 2020,,Petra Kvitova,8.0,https://www.wtatennis.com/resources/v7.31.10/i/elements/flags/cze.svg,Finals,W,"6-3, 6-3",https://www.wtatennis.com/players/314206/petra-kvitova,False,False,False,False,False,False,False,2,True,18,12,6,CZ,CZE,203,150,Europe,Central Europe,CZE,"6,3,None|6,3,None",
2,Qatar Total Open 2020,https://photoresources.wtatennis.com/photo-resources/2025/04/16/74cb07bc-dc84-43f7-9acc-95e51d3748c9/WTA-Tournament_Doha-2025.png?height=128,https://www.wtatennis.com/tournaments/1003/doha/2020,Premier 5,Hard,https://www.wtatennis.com/resources/v7.31.10/i/elements/1000k-tag.svg,2020-02-23,2020-02-29,2020,2,Doha,RUS,,QA,QAT,634,142,,Asia,Western Asia,QAT,46.0,900.0,605000.0,64M/32Q/32D,Qatar Total Open 2020,,Svetlana Kuznetsova,,https://www.wtatennis.com/resources/v7.31.10/i/elements/flags/rus.svg,Semifinals,W,"6-4, 6-3",https://www.wtatennis.com/players/110552/svetlana-kuznetsova,False,False,False,False,False,False,False,2,True,19,12,7,RU,RUS,643,150,Europe,Eastern Europe,RUS,"6,4,None|6,3,None",
3,Qatar Total Open 2020,https://photoresources.wtatennis.com/photo-resources/2025/04/16/74cb07bc-dc84-43f7-9acc-95e51d3748c9/WTA-Tournament_Doha-2025.png?height=128,https://www.wtatennis.com/tournaments/1003/doha/2020,Premier 5,Hard,https://www.wtatennis.com/resources/v7.31.10/i/elements/1000k-tag.svg,2020-02-23,2020-02-29,2020,2,Doha,CHN,,QA,QAT,634,142,,Asia,Western Asia,QAT,37.0,900.0,605000.0,64M/32Q/32D,Qatar Total Open 2020,,Saisai Zheng,,https://www.wtatennis.com/resources/v7.31.10/i/elements/flags/chn.svg,Quarterfinals,W,"3-6, 7-6 (2), 6-3",https://www.wtatennis.com/players/316286/saisai-zheng,False,False,False,False,True,False,True,3,False,31,16,15,CN,CHN,156,142,Asia,East Asia,CHN,"3,6,None|7,6,2|6,3,None",
4,Qatar Total Open 2020,https://photoresources.wtatennis.com/photo-resources/2025/04/16/74cb07bc-dc84-43f7-9acc-95e51d3748c9/WTA-Tournament_Doha-2025.png?height=128,https://www.wtatennis.com/tournaments/1003/doha/2020,Premier 5,Hard,https://www.wtatennis.com/resources/v7.31.10/i/elements/1000k-tag.svg,2020-02-23,2020-02-29,2020,2,Doha,GRE,,QA,QAT,634,142,,Asia,Western Asia,QAT,20.0,900.0,605000.0,64M/32Q/32D,Qatar Total Open 2020,,Maria Sakkari,15.0,https://www.wtatennis.com/resources/v7.31.10/i/elements/flags/gre.svg,Round of 16,W,"6-3, 6-0",https://www.wtatennis.com/players/318312/maria-sakkari,False,False,False,False,False,False,False,2,True,15,12,3,GR,GRC,300,150,Europe,Southeastern Europe,GRE,"6,3,None|6,0,None",
5,Qatar Total Open 2020,https://photoresources.wtatennis.com/photo-resources/2025/04/16/74cb07bc-dc84-43f7-9acc-95e51d3748c9/WTA-Tournament_Doha-2025.png?height=128,https://www.wtatennis.com/tournaments/1003/doha/2020,Premier 5,Hard,https://www.wtatennis.com/resources/v7.31.10/i/elements/1000k-tag.svg,2020-02-23,2020-02-29,2020,2,Doha,EST,,QA,QAT,634,142,,Asia,Western Asia,QAT,22.0,900.0,605000.0,64M/32Q/32D,Qatar Total Open 2020,,Anett Kontaveit,,https://www.wtatennis.com/resources/v7.31.10/i/elements/flags/est.svg,Round of 32,W,"7-5, 2-6, 7-5",https://www.wtatennis.com/players/318425/anett-kontaveit,False,False,False,False,False,False,False,3,True,32,16,16,EE,EST,233,150,Europe,Northern Europe,EST,"7,5,None|2,6,None|7,5,None",
6,Qatar Total Open 2020,https://photoresources.wtatennis.com/photo-resources/2025/04/16/74cb07bc-dc84-43f7-9acc-95e51d3748c9/WTA-Tournament_Doha-2025.png?height=128,https://www.wtatennis.com/tournaments/1003/doha/2020,Premier 5,Hard,https://www.wtatennis.com/resources/v7.31.10/i/elements/1000k-tag.svg,2020-02-23,2020-02-29,2020,2,Doha,,,QA,QAT,634,142,,Asia,Western Asia,QAT,,900.0,605000.0,64M/32Q/32D,Qatar Total Open 2020,,,,,Round of 64,,Bye,,False,False,True,False,False,False,False,0,False,0,0,0,,,,,,,,,
1,Dubai Duty Free Tennis Championships,https://photoresources.wtatennis.com/photo-resources/2025/04/16/aa274c10-fd33-4715-ac0e-d74441b27a54/WTA-Tournament_Dubai-2017.png?height=128,https://www.wtatennis.com/tournaments/718/dubai/2020,Premier,Hard,https://www.wtatennis.com/resources/v7.31.10/i/elements/500k-tag.svg,2020-02-17,2020-02-22,2020,2,Dubai,ROU,,AE,ARE,784,142,,Asia,Western Asia,UAE,2.0,100.0,50100.0,32M/64Q/32D,Dubai Duty Free Tennis Championships,,Simona Halep,1.0,https://www.wtatennis.com/resources/v7.31.10/i/elements/flags/rou.svg,Quarterfinals,L,"6-3, 2-6, 2-6",https://www.wtatennis.com/players/314320/simona-halep,False,False,False,False,False,False,False,3,True,25,10,15,RO,ROU,642,150,Europe,Southeastern Europe,ROU,"6,3,None|2,6,None|2,6,None",
2,Dubai Duty Free Tennis Championships,https://photoresources.wtatennis.com/photo-resources/2025/04/16/aa274c10-fd33-4715-ac0e-d74441b27a54/WTA-Tournament_Dubai-2017.png?height=128,https://www.wtatennis.com/tournaments/718/dubai/2020,Premier,Hard,https://www.wtatennis.com/resources/v7.31.10/i/elements/500k-tag.svg,2020-02-17,2020-02-22,2020,2,Dubai,BEL,,AE,ARE,784,142,,Asia,Western Asia,UAE,22.0,100.0,50100.0,32M/64Q/32D,Dubai Duty Free Tennis Championships,,Elise Mertens,,https://www.wtatennis.com/resources/v7.31.10/i/elements/flags/bel.svg,Round of 16,W,"6-4, 6-3",https://www.wtatennis.com/players/317964/elise-mertens,False,False,False,False,False,False,False,2,True,19,12,7,BE,BEL,056,150,Europe,Western Europe,BEL,"6,4,None|6,3,None",
3,Dubai Duty Free Tennis Championships,https://photoresources.wtatennis.com/photo-resources/2025/04/16/aa274c10-fd33-4715-ac0e-d74441b27a54/WTA-Tournament_Dubai-2017.png?height=128,https://www.wtatennis.com/tournaments/718/dubai/2020,Premier,Hard,https://www.wtatennis.com/resources/v7.31.10/i/elements/500k-tag.svg,2020-02-17,2020-02-22,2020,2,Dubai,GRE,,AE,ARE,784,142,,Asia,Western Asia,UAE,21.0,100.0,50100.0,32M/64Q/32D,Dubai Duty Free Tennis Championships,,Maria Sakkari,,https://www.wtatennis.com/resources/v7.31.10/i/elements/flags/gre.svg,Round of 32,W,"6-2, 4-6, 6-1",https://www.wtatennis.com/players/318312/maria-sakkari,False,False,False,False,False,False,False,3,True,25,16,9,GR,GRC,300,150,Europe,Southeastern Europe,GRE,"6,2,None|4,6,None|6,1,None",
1,Fed Cup Qualifiers,https://www.wtatennis.com/resources/v7.31.10/i/elements/itf.png,,ITF,Clay,https://www.wtatennis.com/resources/v7.31.10/i/elements/itf.png,2020-02-07,2020-02-08,2020,2,The Hague,NED,,NL,NLD,528,150,,Europe,Western Europe,NED,77.0,,,8M/0Q/2D,Fed Cup Qualifiers,,Arantxa Rus,,https://www.wtatennis.com/resources/v7.31.10/i/elements/flags/ned.svg,Round 1 R1,W,"6-2, 6-3",https://www.wtatennis.com/players/313349/arantxa-rus,False,False,False,False,False,False,False,2,True,17,12,5,NL,NLD,528,150,Europe,Western Europe,NED,"6,2,None|6,3,None",
2,Fed Cup Qualifiers,https://www.wtatennis.com/resources/v7.31.10/i/elements/itf.png,,ITF,Clay,https://www.wtatennis.com/resources/v7.31.10/i/elements/itf.png,2020-02-07,2020-02-08,2020,2,The Hague,NED,,NL,NLD,528,150,,Europe,Western Europe,NED,8.0,,,8M/0Q/2D,Fed Cup Qualifiers,,Kiki Bertens,,https://www.wtatennis.com/resources/v7.31.10/i/elements/flags/ned.svg,Round 1 R1,L,"4-6, 4-6",https://www.wtatennis.com/players/314584/kiki-bertens,False,False,False,False,False,False,False,2,False,20,8,12,NL,NLD,528,150,Europe,Western Europe,NED,"4,6,None|4,6,None",
1,Australian Open,https://photoresources.wtatennis.com/photo-resources/2025/04/16/20886615-8c76-4d00-b747-7946c3692df2/WTA-Tournament_Australian-Open.png?height=128,https://www.wtatennis.com/tournaments/901/australian-open/2020,Grand Slam,Hard,https://www.wtatennis.com/resources/v7.31.10/i/elements/gs-tag.svg,2020-01-20,2020-02-02,2020,1,Melbourne,ESP,,AU,AUS,036,009,Kingdom of Spain,Oceania,Australasia,AUS,54.0,10.0,62353.0,128M/128Q/64D,Australian Open,,Carla Suárez Navarro,,https://www.wtatennis.com/resources/v7.31.10/i/elements/flags/esp.svg,Round of 128,L,"6-7 (6), 6-7 (6)",https://www.wtatennis.com/players/311338/carla-su-rez-navarro,False,False,False,True,True,False,True,2,False,26,12,14,ES,ESP,724,150,Europe,Southern Europe,ESP,"6,7,6|6,7,6",
1,Adelaide International,,https://www.wtatennis.com/tournaments/2014/adelaide/2020,Premier,Hard,https://www.wtatennis.com/resources/v7.31.10/i/elements/500k-tag.svg,2020-01-13,2020-01-18,2020,1,Adelaide,UKR,,AU,AUS,036,009,,Oceania,Australasia,AUS,24.0,185.0,41675.0,32M/32Q/16D,Adelaide International,,Dayana Yastremska,,https://www.wtatennis.com/resources/v7.31.10/i/elements/flags/ukr.svg,Semifinals,L,"4-6, 6-7 (4)",https://www.wtatennis.com/players/324261/dayana-yastremska,False,False,False,False,True,False,True,2,False,23,10,13,UA,UKR,804,150,Europe,Eastern Europe,UKR,"4,6,None|6,7,4",W
2,Adelaide International,,https://www.wtatennis.com/tournaments/2014/adelaide/2020,Premier,Hard,https://www.wtatennis.com/resources/v7.31.10/i/elements/500k-tag.svg,2020-01-13,2020-01-18,2020,1,Adelaide,ROU,,AU,AUS,036,009,,Oceania,Australasia,AUS,4.0,185.0,41675.0,32M/32Q/16D,Adelaide International,,Simona Halep,2.0,https://www.wtatennis.com/resources/v7.31.10/i/elements/flags/rou.svg,Quarterfinals,W,"6-4, 6-2",https://www.wtatennis.com/players/314320/simona-halep,False,False,False,False,False,False,False,2,True,18,12,6,RO,ROU,642,150,Europe,Southeastern Europe,ROU,"6,4,None|6,2,None",W
3,Adelaide International,,https://www.wtatennis.com/tournaments/2014/adelaide/2020,Premier,Hard,https://www.wtatennis.com/resources/v7.31.10/i/elements/500k-tag.svg,2020-01-13,2020-01-18,2020,1,Adelaide,USA,,AU,AUS,036,009,United States of America|America|USA|US,Oceania,Australasia,AUS,70.0,185.0,41675.0,32M/32Q/16D,Adelaide International,,Bernarda Pera,,https://www.wtatennis.com/resources/v7.31.10/i/elements/flags/usa.svg,Round of 16,W,"7-6 (4), 6-2",https://www.wtatennis.com/players/317708/bernarda-pera,False,False,False,True,False,False,True,2,True,21,13,8,US,USA,840,019,America,Northern America,USA,"7,6,4|6,2,None",W
4,Adelaide International,,https://www.wtatennis.com/tournaments/2014/adelaide/2020,Premier,Hard,https://www.wtatennis.com/resources/v7.31.10/i/elements/500k-tag.svg,2020-01-13,2020-01-18,2020,1,Adelaide,TPE,,AU,AUS,036,009,,Oceania,Australasia,AUS,36.0,185.0,41675.0,32M/32Q/16D,Adelaide International,,Su-Wei Hsieh,,https://www.wtatennis.com/resources/v7.31.10/i/elements/flags/tpe.svg,Round of 32,W,"5-7, 6-1, 7-5",https://www.wtatennis.com/players/310053/su-wei-hsieh,False,False,False,False,False,False,False,3,False,31,18,13,,,,,,,TPE,"5,7,None|6,1,None|7,5,None",W
1,Shenzhen Open,,https://www.wtatennis.com/tournaments/1063/shenzhen/2020,International,Hard,https://www.wtatennis.com/resources/v7.31.10/i/elements/250k-tag.svg,2020-01-05,2020-01-11,2020,1,Shenzhen,CZE,,CN,CHN,156,142,,Asia,East Asia,CHN,66.0,30.0,6450.0,32M/16Q/16D,Shenzhen Open,,Kristyna Pliskova,,https://www.wtatennis.com/resources/v7.31.10/i/elements/flags/cze.svg,Round of 16,L,"4-6, 4-6",https://www.wtatennis.com/players/313975/kristyna-pliskova,False,False,False,False,False,False,False,2,False,20,8,12,CZ,CZE,203,150,Europe,Central Europe,CZE,"4,6,None|4,6,None",
2,Shenzhen Open,,https://www.wtatennis.com/tournaments/1063/shenzhen/2020,International,Hard,https://www.wtatennis.com/resources/v7.31.10/i/elements/250k-tag.svg,2020-01-05,2020-01-11,2020,1,Shenzhen,RUS,,CN,CHN,156,142,,Asia,East Asia,CHN,103.0,30.0,6450.0,32M/16Q/16D,Shenzhen Open,,Margarita Gasparyan,,https://www.wtatennis.com/resources/v7.31.10/i/elements/flags/rus.svg,Round of 32,W,"6-3, 6-0",https://www.wtatennis.com/players/317938/margarita-gasparyan,False,False,False,False,False,False,False,2,True,15,12,3,RU,RUS,643,150,Europe,Eastern Europe,RUS,"6,3,None|6,0,None",
1,Hengqin Life Wta Elite Trophy Zhuhai 2019,,https://www.wtatennis.com/tournaments/1081/zhuhai/2019,Finals,Hard,https://www.wtatennis.com/resources/v7.31.10/i/elements/finals-tag.svg,2019-10-22,2019-10-27,2019,10,Zhuhai,NED,,CN,CHN,156,142,,Asia,East Asia,CHN,10.0,,721000.0,12M/0Q/6D,Hengqin Life Wta Elite Trophy Zhuhai 2019,,Kiki Bertens,1.0,https://www.wtatennis.com/resources/v7.31.10/i/elements/flags/ned.svg,Finals,W,"6-4, 6-2",https://www.wtatennis.com/players/314584/kiki-bertens,False,False,False,False,False,False,False,2,True,18,12,6,NL,NLD,528,150,Europe,Western Europe,NED,"6,4,None|6,2,None",
2,Hengqin Life Wta Elite Trophy Zhuhai 2019,,https://www.wtatennis.com/tournaments/1081/zhuhai/2019,Finals,Hard,https://www.wtatennis.com/resources/v7.31.10/i/elements/finals-tag.svg,2019-10-22,2019-10-27,2019,10,Zhuhai,CZE,,CN,CHN,156,142,,Asia,East Asia,CHN,26.0,,721000.0,12M/0Q/6D,Hengqin Life Wta Elite Trophy Zhuhai 2019,,Karolina Muchova,11.0,https://www.wtatennis.com/resources/v7.31.10/i/elements/flags/cze.svg,Semifinals,W,"7-5, 7-6 (4)",https://www.wtatennis.com/players/322191/karolina-muchova,False,False,False,False,True,False,True,2,True,25,14,11,CZ,CZE,203,150,Europe,Central Europe,CZE,"7,5,None|7,6,4",
3,Hengqin Life Wta Elite Trophy Zhuhai 2019,,https://www.wtatennis.com/tournaments/1081/zhuhai/2019,Finals,Hard,https://www.wtatennis.com/resources/v7.31.10/i/elements/finals-tag.svg,2019-10-22,2019-10-27,2019,10,Zhuhai,GRE,,CN,CHN,156,142,,Asia,East Asia,CHN,22.0,,721000.0,12M/0Q/6D,Hengqin Life Wta Elite Trophy Zhuhai 2019,,Maria Sakkari,9.0,https://www.wtatennis.com/resources/v7.31.10/i/elements/flags/gre.svg,Group Stage Group,W,"6-3, 6-4",https://www.wtatennis.com/players/318312/maria-sakkari,False,False,False,False,False,False,False,2,True,19,12,7,GR,GRC,300,150,Europe,Southeastern Europe,GRE,"6,3,None|6,4,None",
4,Hengqin Life Wta Elite Trophy Zhuhai 2019,,https://www.wtatennis.com/tournaments/1081/zhuhai/2019,Finals,Hard,https://www.wtatennis.com/resources/v7.31.10/i/elements/finals-tag.svg,2019-10-22,2019-10-27,2019,10,Zhuhai,BEL,,CN,CHN,156,142,,Asia,East Asia,CHN,18.0,,721000.0,12M/0Q/6D,Hengqin Life Wta Elite Trophy Zhuhai 2019,,Elise Mertens,6.0,https://www.wtatennis.com/resources/v7.31.10/i/elements/flags/bel.svg,Group Stage Group,W,"6-4, 3-6, 7-5",https://www.wtatennis.com/players/317964/elise-mertens,False,False,False,False,False,False,False,3,True,31,16,15,BE,BEL,056,150,Europe,Western Europe,BEL,"6,4,None|3,6,None|7,5,None",
1,China Open,,https://www.wtatennis.com/tournaments/1020/beijing/2019,Premier Mandatory,Hard,https://www.wtatennis.com/resources/v7.31.10/i/elements/1000k-tag.svg,2019-09-28,2019-10-06,2019,9,Beijing,AUS,,CN,CHN,156,142,,Asia,East Asia,CHN,45.0,10.0,41625.0,64M/32Q/32D,China Open,,Daria Kasatkina,,https://www.wtatennis.com/resources/v7.31.10/i/elements/flags/aus.svg,Round of 32,L,"4-6, 6-7 (5)",https://www.wtatennis.com/players/322082/daria-kasatkina,False,False,False,False,True,False,True,2,False,23,10,13,AU,AUS,036,009,Oceania,Australasia,AUS,"4,6,None|6,7,5",
2,China Open,,https://www.wtatennis.com/tournaments/1020/beijing/2019,Premier Mandatory,Hard,https://www.wtatennis.com/resources/v7.31.10/i/elements/1000k-tag.svg,2019-09-28,2019-10-06,2019,9,Beijing,,,CN,CHN,156,142,,Asia,East Asia,CHN,,10.0,41625.0,64M/32Q/32D,China Open,,,,,Round of 64,,Bye,,False,False,True,False,False,False,False,0,False,0,0,0,,,,,,,,,
1,2019 Dongfeng Motor Wuhan Open,,https://www.wtatennis.com/tournaments/1075/wuhan/2019,Premier 5,Hard,https://www.wtatennis.com/resources/v7.31.10/i/elements/1000k-tag.svg,2019-09-22,2019-09-28,2019,9,Wuhan,USA,,CN,CHN,156,142,United States of America|America|USA|US,Asia,East Asia,CHN,35.0,900.0,520615.0,64M/32Q/32D,2019 Dongfeng Motor Wuhan Open,,Alison Riske-Amritraj,,https://www.wtatennis.com/resources/v7.31.10/i/elements/flags/usa.svg,Finals,W,"6-3, 3-6, 6-1",https://www.wtatennis.com/players/312850/alison-riske-amritraj,False,False,False,False,False,False,False,3,True,25,15,10,US,USA,840,019,America,Northern America,USA,"6,3,None|3,6,None|6,1,None",
2,2019 Dongfeng Motor Wuhan Open,,https://www.wtatennis.com/tournaments/1075/wuhan/2019,Premier 5,Hard,https://www.wtatennis.com/resources/v7.31.10/i/elements/1000k-tag.svg,2019-09-22,2019-09-28,2019,9,Wuhan,AUS,,CN,CHN,156,142,,Asia,East Asia,CHN,1.0,900.0,520615.0,64M/32Q/32D,2019 Dongfeng Motor Wuhan Open,,Ashleigh Barty,1.0,https://www.wtatennis.com/resources/v7.31.10/i/elements/flags/aus.svg,Semifinals,W,"7-5, 6-4",https://www.wtatennis.com/players/318033/ashleigh-barty,False,False,False,False,False,False,False,2,True,22,13,9,AU,AUS,036,009,Oceania,Australasia,AUS,"7,5,None|6,4,None",
3,2019 Dongfeng Motor Wuhan Open,,https://www.wtatennis.com/tournaments/1075/wuhan/2019,Premier 5,Hard,https://www.wtatennis.com/resources/v7.31.10/i/elements/1000k-tag.svg,2019-09-22,2019-09-28,2019,9,Wuhan,KAZ,,CN,CHN,156,142,,Asia,East Asia,CHN,50.0,900.0,520615.0,64M/32Q/32D,2019 Dongfeng Motor Wuhan Open,,Elena Rybakina,,https://www.wtatennis.com/resources/v7.31.10/i/elements/flags/kaz.svg,Quarterfinals,W,"6-3, 1-6, 6-1",https://www.wtatennis.com/players/324166/elena-rybakina,False,False,False,False,False,False,False,3,True,23,13,10,KZ,KAZ,398,142,Asia,Central Asia,KAZ,"6,3,None|1,6,None|6,1,None",
4,2019 Dongfeng Motor Wuhan Open,,https://www.wtatennis.com/tournaments/1075/wuhan/2019,Premier 5,Hard,https://www.wtatennis.com/resources/v7.31.10/i/elements/1000k-tag.svg,2019-09-22,2019-09-28,2019,9,Wuhan,NED,,CN,CHN,156,142,,Asia,East Asia,CHN,8.0,900.0,520615.0,64M/32Q/32D,2019 Dongfeng Motor Wuhan Open,,Kiki Bertens,6.0,https://www.wtatennis.com/resources/v7.31.10/i/elements/flags/ned.svg,Round of 16,W,"6-1, 7-6 (9)",https://www.wtatennis.com/players/314584/kiki-bertens,False,False,False,False,True,False,True,2,True,20,13,7,NL,NLD,528,150,Europe,Western Europe,NED,"6,1,None|7,6,9",
5,2019 Dongfeng Motor Wuhan Open,,https://www.wtatennis.com/tournaments/1075/wuhan/2019,Premier 5,Hard,https://www.wtatennis.com/resources/v7.31.10/i/elements/1000k-tag.svg,2019-09-22,2019-09-28,2019,9,Wuhan,USA,,CN,CHN,156,142,United States of America|America|USA|US,Asia,East Asia,CHN,33.0,900.0,520615.0,64M/32Q/32D,2019 Dongfeng Motor Wuhan Open,,Danielle Collins,,https://www.wtatennis.com/resources/v7.31.10/i/elements/flags/usa.svg,Round of 32,W,"6-1, 6-0",https://www.wtatennis.com/players/316925/danielle-collins,False,False,False,False,False,False,False,2,True,13,12,1,US,USA,840,019,America,Northern America,USA,"6,1,None|6,0,None",
6,2019 Dongfeng Motor Wuhan Open,,https://www.wtatennis.com/tournaments/1075/wuhan/2019,Premier 5,Hard,https://www.wtatennis.com/resources/v7.31.10/i/elements/1000k-tag.svg,2019-09-22,2019-09-28,2019,9,Wuhan,BLR,,CN,CHN,156,142,,Asia,East Asia,CHN,51.0,900.0,520615.0,64M/32Q/32D,2019 Dongfeng Motor Wuhan Open,,Aliaksandra Sasnovich,,https://www.wtatennis.com/resources/v7.31.10/i/elements/flags/blr.svg,Round of 64,W,"6-1, 6-2",https://www.wtatennis.com/players/317790/aliaksandra-sasnovich,False,False,False,False,False,False,False,2,True,15,12,3,BY,BLR,112,150,Europe,Eastern Europe,BLR,"6,1,None|6,2,None",
1,Zhengzhou Open,,https://www.wtatennis.com/tournaments/2008/zhengzhou/2019,Premier,Hard,https://www.wtatennis.com/resources/v7.31.10/i/elements/500k-tag.svg,2019-09-09,2019-09-15,2019,9,Zhengzhou,CRO,,CN,CHN,156,142,,Asia,East Asia,CHN,23.0,100.0,41075.0,32M/32Q/16D,Zhengzhou Open,,Petra Martic,7.0,https://www.wtatennis.com/resources/v7.31.10/i/elements/flags/cro.svg,Quarterfinals,L,"5-7, 7-5, 4-6",https://www.wtatennis.com/players/313711/petra-martic,False,False,False,False,False,False,False,3,False,34,16,18,HR,HRV,191,150,Europe,Southeastern Europe,CRO,"5,7,None|7,5,None|4,6,None",
2,Zhengzhou Open,,https://www.wtatennis.com/tournaments/2008/zhengzhou/2019,Premier,Hard,https://www.wtatennis.com/resources/v7.31.10/i/elements/500k-tag.svg,2019-09-09,2019-09-15,2019,9,Zhengzhou,LAT,,CN,CHN,156,142,,Asia,East Asia,CHN,75.0,100.0,41075.0,32M/32Q/16D,Zhengzhou Open,,Jelena Ostapenko,,https://www.wtatennis.com/resources/v7.31.10/i/elements/flags/lat.svg,Round of 16,W,"6-1, 6-2",https://www.wtatennis.com/players/319939/jelena-ostapenko,False,False,False,False,False,False,False,2,True,15,12,3,,,,,,,LAT,"6,1,None|6,2,None",
3,Zhengzhou Open,,https://www.wtatennis.com/tournaments/2008/zhengzhou/2019,Premier,Hard,https://www.wtatennis.com/resources/v7.31.10/i/elements/500k-tag.svg,2019-09-09,2019-09-15,2019,9,Zhengzhou,,,CN,CHN,156,142,,Asia,East Asia,CHN,,100.0,41075.0,32M/32Q/16D,Zhengzhou Open,,,,,Round of 32,,Bye,,False,False,True,False,False,False,False,0,False,0,0,0,,,,,,,,,
1,2019 Us Open Tennis Championships,https://photoresources.wtatennis.com/photo-resources/2025/04/16/295289d9-36fa-408a-8586-2b407d930c10/WTA-Tournament_US-Open.png?height=128,https://www.wtatennis.com/tournaments/905/us-open/2019,Grand Slam,Hard,https://www.wtatennis.com/resources/v7.31.10/i/elements/gs-tag.svg,2019-08-26,2019-09-07,2019,8,New York,KAZ,NY,US,USA,840,019,,America,Northern America,USA,39.0,70.0,100000.0,128M/128Q/64D,2019 Us Open Tennis Championships,,Yulia Putintseva,,https://www.wtatennis.com/resources/v7.31.10/i/elements/flags/kaz.svg,Round of 64,L,"3-6, 6-7 (3)",https://www.wtatennis.com/players/317683/yulia-putintseva,False,False,False,False,True,False,True,2,False,22,9,13,KZ,KAZ,398,142,Asia,Central Asia,KAZ,"3,6,None|6,7,3",
2,2019 Us Open Tennis Championships,https://photoresources.wtatennis.com/photo-resources/2025/04/16/295289d9-36fa-408a-8586-2b407d930c10/WTA-Tournament_US-Open.png?height=128,https://www.wtatennis.com/tournaments/905/us-open/2019,Grand Slam,Hard,https://www.wtatennis.com/resources/v7.31.10/i/elements/gs-tag.svg,2019-08-26,2019-09-07,2019,8,New York,BLR,NY,US,USA,840,019,,America,Northern America,USA,41.0,70.0,100000.0,128M/128Q/64D,2019 Us Open Tennis Championships,,Victoria Azarenka,,https://www.wtatennis.com/resources/v7.31.10/i/elements/flags/blr.svg,Round of 128,W,"3-6, 6-3, 6-4",https://www.wtatennis.com/players/312001/victoria-azarenka,False,False,False,False,False,False,False,3,False,28,15,13,BY,BLR,112,150,Europe,Eastern Europe,BLR,"3,6,None|6,3,None|6,4,None",
1,Western & Southern Open,https://photoresources.wtatennis.com/photo-resources/2025/04/16/17c99db9-c289-451d-8cd9-65e8d9a25a26/WTA-Tournament_Cincinnati-2024.png?height=128,https://www.wtatennis.com/tournaments/1017/cincinnati/2019,Premier 5,Hard,https://www.wtatennis.com/resources/v7.31.10/i/elements/1000k-tag.svg,2019-08-12,2019-08-18,2019,8,Cincinnati,GRE,OH,US,USA,840,019,,America,Northern America,USA,33.0,105.0,30330.0,64M/32Q/32D,Western & Southern Open,,Maria Sakkari,,https://www.wtatennis.com/resources/v7.31.10/i/elements/flags/gre.svg,Round of 16,L,"7-6 (4), 4-6, 4-6",https://www.wtatennis.com/players/318312/maria-sakkari,False,False,False,True,False,False,True,3,True,33,15,18,GR,GRC,300,150,Europe,Southeastern Europe,GRE,"7,6,4|4,6,None|4,6,None",
2,Western & Southern Open,https://photoresources.wtatennis.com/photo-resources/2025/04/16/17c99db9-c289-451d-8cd9-65e8d9a25a26/WTA-Tournament_Cincinnati-2024.png?height=128,https://www.wtatennis.com/tournaments/1017/cincinnati/2019,Premier 5,Hard,https://www.wtatennis.com/resources/v7.31.10/i/elements/1000k-tag.svg,2019-08-12,2019-08-18,2019,8,Cincinnati,CHN,OH,US,USA,840,019,,America,Northern America,USA,39.0,105.0,30330.0,64M/32Q/32D,Western & Southern Open,,Saisai Zheng,,https://www.wtatennis.com/resources/v7.31.10/i/elements/flags/chn.svg,Round of 32,W,"6-4, 6-3",https://www.wtatennis.com/players/316286/saisai-zheng,False,False,False,False,False,False,False,2,True,19,12,7,CN,CHN,156,142,Asia,East Asia,CHN,"6,4,None|6,3,None",
3,Western & Southern Open,https://photoresources.wtatennis.com/photo-resources/2025/04/16/17c99db9-c289-451d-8cd9-65e8d9a25a26/WTA-Tournament_Cincinnati-2024.png?height=128,https://www.wtatennis.com/tournaments/1017/cincinnati/2019,Premier 5,Hard,https://www.wtatennis.com/resources/v7.31.10/i/elements/1000k-tag.svg,2019-08-12,2019-08-18,2019,8,Cincinnati,CRO,OH,US,USA,840,019,,America,Northern America,USA,21.0,105.0,30330.0,64M/32Q/32D,Western & Southern Open,,Petra Martic,,https://www.wtatennis.com/resources/v7.31.10/i/elements/flags/cro.svg,Round of 64,W,"6-1, 6-4",https://www.wtatennis.com/players/313711/petra-martic,False,False,False,False,False,False,False,2,True,17,12,5,HR,HRV,191,150,Europe,Southeastern Europe,CRO,"6,1,None|6,4,None",
1,Rogers Cup Presented By National Bank,,https://www.wtatennis.com/tournaments/806/montreal/2019,Premier 5,Hard,https://www.wtatennis.com/resources/v7.31.10/i/elements/1000k-tag.svg,2019-08-05,2019-08-11,2019,8,Toronto,RUS,,CA,CAN,124,019,,America,Northern America,CAN,44.0,1.0,8045.0,64M/64Q/32D,Rogers Cup Presented By National Bank,,Anastasia Pavlyuchenkova,,https://www.wtatennis.com/resources/v7.31.10/i/elements/flags/rus.svg,Round of 64,L,"6-3, 3-6, 5-7",https://www.wtatennis.com/players/313796/anastasia-pavlyuchenkova,False,False,False,False,False,False,False,3,True,30,14,16,RU,RUS,643,150,Europe,Eastern Europe,RUS,"6,3,None|3,6,None|5,7,None",
1,Mubadala Silicon Valley Classic,,https://www.wtatennis.com/tournaments/703/san-jose/2019,Premier,Hard,https://www.wtatennis.com/resources/v7.31.10/i/elements/500k-tag.svg,2019-07-29,2019-08-04,2019,7,San Jose,CHN,CA,US,USA,840,019,,America,Northern America,USA,55.0,305.0,80500.0,32M/16Q/16D,Mubadala Silicon Valley Classic,,Saisai Zheng,,https://www.wtatennis.com/resources/v7.31.10/i/elements/flags/chn.svg,Finals,L,"3-6, 6-7 (3)",https://www.wtatennis.com/players/316286/saisai-zheng,False,False,False,False,True,False,True,2,False,22,9,13,CN,CHN,156,142,Asia,East Asia,CHN,"3,6,None|6,7,3",
2,Mubadala Silicon Valley Classic,,https://www.wtatennis.com/tournaments/703/san-jose/2019,Premier,Hard,https://www.wtatennis.com/resources/v7.31.10/i/elements/500k-tag.svg,2019-07-29,2019-08-04,2019,7,San Jose,CRO,CA,US,USA,840,019,,America,Northern America,USA,25.0,305.0,80500.0,32M/16Q/16D,Mubadala Silicon Valley Classic,,Donna Vekic,5.0,https://www.wtatennis.com/resources/v7.31.10/i/elements/flags/cro.svg,Semifinals,W,"6-4, 6-3",https://www.wtatennis.com/players/318516/donna-vekic,False,False,False,False,False,False,False,2,True,19,12,7,HR,HRV,191,150,Europe,Southeastern Europe,CRO,"6,4,None|6,3,None",
3,Mubadala Silicon Valley Classic,,https://www.wtatennis.com/tournaments/703/san-jose/2019,Premier,Hard,https://www.wtatennis.com/resources/v7.31.10/i/elements/500k-tag.svg,2019-07-29,2019-08-04,2019,7,San Jose,ESP,CA,US,USA,840,019,Kingdom of Spain,America,Northern America,USA,29.0,305.0,80500.0,32M/16Q/16D,Mubadala Silicon Valley Classic,,Carla Suárez Navarro,6.0,https://www.wtatennis.com/resources/v7.31.10/i/elements/flags/esp.svg,Quarterfinals,W,"3-6, 6-2, 6-4",https://www.wtatennis.com/players/311338/carla-su-rez-navarro,False,False,False,False,False,False,False,3,False,27,15,12,ES,ESP,724,150,Europe,Southern Europe,ESP,"3,6,None|6,2,None|6,4,None",
4,Mubadala Silicon Valley Classic,,https://www.wtatennis.com/tournaments/703/san-jose/2019,Premier,Hard,https://www.wtatennis.com/resources/v7.31.10/i/elements/500k-tag.svg,2019-07-29,2019-08-04,2019,7,San Jose,USA,CA,US,USA,840,019,United States of America|America|USA|US,America,Northern America,USA,636.0,305.0,80500.0,32M/16Q/16D,Mubadala Silicon Valley Classic,,Coco Vandeweghe,,https://www.wtatennis.com/resources/v7.31.10/i/elements/flags/usa.svg,Round of 16,W,"6-3, 6-3",https://www.wtatennis.com/players/314464/coco-vandeweghe,False,False,False,False,False,False,False,2,True,18,12,6,US,USA,840,019,America,Northern America,USA,"6,3,None|6,3,None",
5,Mubadala Silicon Valley Classic,,https://www.wtatennis.com/tournaments/703/san-jose/2019,Premier,Hard,https://www.wtatennis.com/resources/v7.31.10/i/elements/500k-tag.svg,2019-07-29,2019-08-04,2019,7,San Jose,,CA,US,USA,840,019,,America,Northern America,USA,,305.0,80500.0,32M/16Q/16D,Mubadala Silicon Valley Classic,,,,,Round of 32,,Bye,,False,False,True,False,False,False,False,0,False,0,0,0,,,,,,,,,
1,Wimbledon,https://photoresources.wtatennis.com/photo-resources/2025/04/16/710d860b-bce6-40c7-8838-a6272dbf6be6/WTA-Tournament_Wimbledon.png?height=128,https://www.wtatennis.com/tournaments/904/wimbledon/2019,Grand Slam,Grass,https://www.wtatennis.com/resources/v7.31.10/i/elements/gs-tag.svg,2019-07-01,2019-07-14,2019,7,Wimbledon,SVK,,GB,GBR,826,150,,Europe,Northern Europe,ENG,139.0,10.0,58241.0,128M/128Q/64D,The Championships,,Magdalena Rybarikova,,https://www.wtatennis.com/resources/v7.31.10/i/elements/flags/svk.svg,Round of 128,L,"2-6, 4-6",https://www.wtatennis.com/players/312580/magdalena-rybarikova,False,False,False,False,False,False,False,2,False,18,6,12,SK,SVK,703,150,Europe,Central Europe,SVK,"2,6,None|4,6,None",
1,Nature Valley International Eastbourne,,https://www.wtatennis.com/tournaments/710/eastbourne/2019,WTA 250,Grass,https://www.wtatennis.com/resources/v7.31.10/i/elements/250k-tag.svg,2019-06-23,2019-06-29,2019,6,Eastbourne,NED,,GB,GBR,826,150,,Europe,Northern Europe,ENG,4.0,100.0,23455.0,64M/32Q/16D,Nature Valley International Eastbourne,,Kiki Bertens,3.0,https://www.wtatennis.com/resources/v7.31.10/i/elements/flags/ned.svg,Quarterfinals,L,"4-6, 6-3, 4-6",https://www.wtatennis.com/players/314584/kiki-bertens,False,False,False,False,False,False,False,3,False,29,14,15,NL,NLD,528,150,Europe,Western Europe,NED,"4,6,None|6,3,None|4,6,None",
2,Nature Valley International Eastbourne,,https://www.wtatennis.com/tournaments/710/eastbourne/2019,WTA 250,Grass,https://www.wtatennis.com/resources/v7.31.10/i/elements/250k-tag.svg,2019-06-23,2019-06-29,2019,6,Eastbourne,DEN,,GB,GBR,826,150,,Europe,Northern Europe,ENG,14.0,100.0,23455.0,64M/32Q/16D,Nature Valley International Eastbourne,,Caroline Wozniacki,11.0,https://www.wtatennis.com/resources/v7.31.10/i/elements/flags/den.svg,Round of 16,W,"2-6, 6-4, 7-6 (5)",https://www.wtatennis.com/players/313402/caroline-wozniacki,False,False,False,False,False,True,True,3,False,31,15,16,DK,DNK,208,150,Europe,Northern Europe,DEN,"2,6,None|6,4,None|7,6,5",
3,Nature Valley International Eastbourne,,https://www.wtatennis.com/tournaments/710/eastbourne/2019,WTA 250,Grass,https://www.wtatennis.com/resources/v7.31.10/i/elements/250k-tag.svg,2019-06-23,2019-06-29,2019,6,Eastbourne,SLO,,GB,GBR,826,150,,Europe,Northern Europe,ENG,59.0,100.0,23455.0,64M/32Q/16D,Nature Valley International Eastbourne,,Tamara Zidansek,,https://www.wtatennis.com/resources/v7.31.10/i/elements/flags/slo.svg,Round of 32,W,"6-2, 6-3",https://www.wtatennis.com/players/323079/tamara-zidansek,False,False,False,False,False,False,False,2,True,17,12,5,,,,,,,SLO,"6,2,None|6,3,None",
4,Nature Valley International Eastbourne,,https://www.wtatennis.com/tournaments/710/eastbourne/2019,WTA 250,Grass,https://www.wtatennis.com/resources/v7.31.10/i/elements/250k-tag.svg,2019-06-23,2019-06-29,2019,6,Eastbourne,,,GB,GBR,826,150,,Europe,Northern Europe,ENG,,100.0,23455.0,64M/32Q/16D,Nature Valley International Eastbourne,,,,,Round of 64,,Bye,,False,False,True,False,False,False,False,0,False,0,0,0,,,,,,,,,
1,Nature Valley Classic Birmingham,,https://www.wtatennis.com/tournaments/1052/birmingham/2019,Premier,Grass,https://www.wtatennis.com/resources/v7.31.10/i/elements/500k-tag.svg,2019-06-17,2019-06-23,2019,6,Birmingham,TPE,,GB,GBR,826,150,,Europe,Northern Europe,ENG,28.0,1.0,6915.0,32M/32Q/16D,Nature Valley Classic Birmingham,,Su-Wei Hsieh,,https://www.wtatennis.com/resources/v7.31.10/i/elements/flags/tpe.svg,Round of 32,L,"3-6, 6-2, 6-7 (1)",https://www.wtatennis.com/players/310053/su-wei-hsieh,False,False,False,False,False,True,True,3,False,30,15,15,,,,,,,TPE,"3,6,None|6,2,None|6,7,1",
1,Libema Open,,https://www.wtatennis.com/tournaments/822/s-hertogenbosch/2019,International,Grass,https://www.wtatennis.com/resources/v7.31.10/i/elements/250k-tag.svg,2019-06-10,2019-06-16,2019,6,'S-Hertogenbosch,AUS,,NL,NLD,528,150,,Europe,Western Europe,NED,214.0,1.0,2100.0,32M/32Q/16D,Libema Open,,Destanee Aiava,,https://www.wtatennis.com/resources/v7.31.10/i/elements/flags/aus.svg,Round of 32,L,"6-7 (3), 6-1, 4-6",https://www.wtatennis.com/players/324219/destanee-aiava,False,False,False,True,False,False,True,3,False,30,16,14,AU,AUS,036,009,Oceania,Australasia,AUS,"6,7,3|6,1,None|4,6,None",
1,Roland Garros,https://photoresources.wtatennis.com/photo-resources/2025/04/16/ddbbc328-7967-416c-a6b5-043c8c3f933e/WTA-Tournament_Roland-Garros.png?height=128,https://www.wtatennis.com/tournaments/903/roland-garros/2019,Grand Slam,Clay,https://www.wtatennis.com/resources/v7.31.10/i/elements/gs-tag.svg,2019-05-26,2019-06-09,2019,5,Paris,USA,,FR,FRA,250,150,United States of America|America|USA|US,Europe,Western Europe,FRA,51.0,70.0,100219.0,128M/128Q/64D,Roland Garros,,Amanda Anisimova,,https://www.wtatennis.com/resources/v7.31.10/i/elements/flags/usa.svg,Round of 64,L,"4-6, 2-6",https://www.wtatennis.com/players/326384/amanda-anisimova,False,False,False,False,False,False,False,2,False,18,6,12,US,USA,840,019,America,Northern America,USA,"4,6,None|2,6,None",
2,Roland Garros,https://photoresources.wtatennis.com/photo-resources/2025/04/16/ddbbc328-7967-416c-a6b5-043c8c3f933e/WTA-Tournament_Roland-Garros.png?height=128,https://www.wtatennis.com/tournaments/903/roland-garros/2019,Grand Slam,Clay,https://www.wtatennis.com/resources/v7.31.10/i/elements/gs-tag.svg,2019-05-26,2019-06-09,2019,5,Paris,SVK,,FR,FRA,250,150,,Europe,Western Europe,FRA,41.0,70.0,100219.0,128M/128Q/64D,Roland Garros,,Dominika Cibulkova,,https://www.wtatennis.com/resources/v7.31.10/i/elements/flags/svk.svg,Round of 128,W,"7-5, 6-1",https://www.wtatennis.com/players/312894/dominika-cibulkova,False,False,False,False,False,False,False,2,True,19,13,6,SK,SVK,703,150,Europe,Central Europe,SVK,"7,5,None|6,1,None",
1,Internationaux De Strasbourg,,https://www.wtatennis.com/tournaments/406/strasbourg/2019,International,Clay,https://www.wtatennis.com/resources/v7.31.10/i/elements/250k-tag.svg,2019-05-19,2019-05-25,2019,5,Strasbourg,UKR,,FR,FRA,250,150,,Europe,Western Europe,FRA,42.0,110.0,11500.0,32M/32Q/16D,Internationaux De Strasbourg,,Dayana Yastremska,6.0,https://www.wtatennis.com/resources/v7.31.10/i/elements/flags/ukr.svg,Semifinals,L,"4-6, 4-6",https://www.wtatennis.com/players/324261/dayana-yastremska,False,False,False,False,False,False,False,2,False,20,8,12,UA,UKR,804,150,Europe,Eastern Europe,UKR,"4,6,None|4,6,None",W
2,Internationaux De Strasbourg,,https://www.wtatennis.com/tournaments/406/strasbourg/2019,International,Clay,https://www.wtatennis.com/resources/v7.31.10/i/elements/250k-tag.svg,2019-05-19,2019-05-25,2019,5,Strasbourg,PUR,,FR,FRA,250,150,,Europe,Western Europe,FRA,61.0,110.0,11500.0,32M/32Q/16D,Internationaux De Strasbourg,,Monica Puig,,https://www.wtatennis.com/resources/v7.31.10/i/elements/flags/pur.svg,Quarterfinals,W,"6-1, 3-6, 6-2",https://www.wtatennis.com/players/317755/monica-puig,False,False,False,False,False,False,False,3,True,24,15,9,PR,PRI,630,019,America,Caribbean,PUR,"6,1,None|3,6,None|6,2,None",W
3,Internationaux De Strasbourg,,https://www.wtatennis.com/tournaments/406/strasbourg/2019,International,Clay,https://www.wtatennis.com/resources/v7.31.10/i/elements/250k-tag.svg,2019-05-19,2019-05-25,2019,5,Strasbourg,GER,,FR,FRA,250,150,,Europe,Western Europe,FRA,99.0,110.0,11500.0,32M/32Q/16D,Internationaux De Strasbourg,,Laura Siegemund,,https://www.wtatennis.com/resources/v7.31.10/i/elements/flags/ger.svg,Round of 16,W,"6-4, 6-3",https://www.wtatennis.com/players/310926/laura-siegemund,False,False,False,False,False,False,False,2,True,19,12,7,DE,DEU,276,150,Europe,Central Europe,GER,"6,4,None|6,3,None",W
4,Internationaux De Strasbourg,,https://www.wtatennis.com/tournaments/406/strasbourg/2019,International,Clay,https://www.wtatennis.com/resources/v7.31.10/i/elements/250k-tag.svg,2019-05-19,2019-05-25,2019,5,Strasbourg,CHN,,FR,FRA,250,150,,Europe,Western Europe,FRA,108.0,110.0,11500.0,32M/32Q/16D,Internationaux De Strasbourg,,Lin Zhu,,https://www.wtatennis.com/resources/v7.31.10/i/elements/flags/chn.svg,Round of 32,W,"6-0, 6-1",https://www.wtatennis.com/players/317306/lin-zhu,False,False,False,False,False,False,False,2,True,13,12,1,CN,CHN,156,142,Asia,East Asia,CHN,"6,0,None|6,1,None",W
1,Internazionali Bnl D'Italia,https://photoresources.wtatennis.com/photo-resources/2025/04/16/51f9b6ec-ebde-417f-b706-31b0bb4cc688/WTA-Tournament_Rome-2018.png?height=128,https://www.wtatennis.com/tournaments/709/rome/2019,Premier 5,Clay,https://www.wtatennis.com/resources/v7.31.10/i/elements/1000k-tag.svg,2019-05-13,2019-05-19,2019,5,Rome,FRA,,IT,ITA,380,150,,Europe,Southern Europe,ITA,53.0,1.0,9770.0,64M/32Q/32D,Internazionali Bnl D'Italia,,Alizé Cornet,,https://www.wtatennis.com/resources/v7.31.10/i/elements/flags/fra.svg,Round of 64,L,"1-6, 4-6",https://www.wtatennis.com/players/312121/aliz-cornet,False,False,False,False,False,False,False,2,False,17,5,12,FR,FRA,250,150,Europe,Western Europe,FRA,"1,6,None|4,6,None",
1,Mutua Madrid Open,https://photoresources.wtatennis.com/photo-resources/2025/04/16/993fad80-1e55-4a92-aae0-258338df5d6d/WTA-Tournament_Madrid-2023.png?height=128,https://www.wtatennis.com/tournaments/1038/madrid/2019,Premier Mandatory,Clay,https://www.wtatennis.com/resources/v7.31.10/i/elements/1000k-tag.svg,2019-05-04,2019-05-11,2019,5,Madrid,RUS,,ES,ESP,724,150,,Europe,Southern Europe,ESP,101.0,10.0,22190.0,64M/32Q/32D,Mutua Madrid Open,,Svetlana Kuznetsova,,https://www.wtatennis.com/resources/v7.31.10/i/elements/flags/rus.svg,Round of 64,L,"5-7, 4-6",https://www.wtatennis.com/players/110552/svetlana-kuznetsova,False,False,False,False,False,False,False,2,False,22,9,13,RU,RUS,643,150,Europe,Eastern Europe,RUS,"5,7,None|4,6,None",
1,"Fed Cup World Group 1 Wk2- Brisbane, Australia",https://www.wtatennis.com/resources/v7.31.10/i/elements/itf.png,,ITF,Hard,https://www.wtatennis.com/resources/v7.31.10/i/elements/itf.png,2019-04-20,2019-04-21,2019,4,,AUS,,AU,AUS,036,009,,Oceania,Australasia,AUS,77.0,,,8M/0Q/2D,"Fed Cup World Group 1 Wk2- Brisbane, Australia",,Samantha Stosur,,https://www.wtatennis.com/resources/v7.31.10/i/elements/flags/aus.svg,Round 2 R2,W,"7-5, 5-7, 6-3",https://www.wtatennis.com/players/190787/samantha-stosur,False,False,False,False,False,False,False,3,True,33,18,15,AU,AUS,036,009,Oceania,Australasia,AUS,"7,5,None|5,7,None|6,3,None",
2,"Fed Cup World Group 1 Wk2- Brisbane, Australia",https://www.wtatennis.com/resources/v7.31.10/i/elements/itf.png,,ITF,Hard,https://www.wtatennis.com/resources/v7.31.10/i/elements/itf.png,2019-04-20,2019-04-21,2019,4,,AUS,,AU,AUS,036,009,,Oceania,Australasia,AUS,9.0,,,8M/0Q/2D,"Fed Cup World Group 1 Wk2- Brisbane, Australia",,Ashleigh Barty,,https://www.wtatennis.com/resources/v7.31.10/i/elements/flags/aus.svg,Round 2 R2,L,"2-6, 2-6",https://www.wtatennis.com/players/318033/ashleigh-barty,False,False,False,False,False,False,False,2,False,16,4,12,AU,AUS,036,009,Oceania,Australasia,AUS,"2,6,None|2,6,None",
1,Volvo Car Open,,https://www.wtatennis.com/tournaments/804/charleston/2019,Premier,Clay,https://www.wtatennis.com/resources/v7.31.10/i/elements/500k-tag.svg,2019-04-01,2019-04-07,2019,4,Charleston,PUR,SC,US,USA,840,019,,America,Northern America,USA,63.0,55.0,9860.0,64M/32Q/16D,Volvo Car Open,,Monica Puig,,https://www.wtatennis.com/resources/v7.31.10/i/elements/flags/pur.svg,Round of 16,L,"2-6, 5-7",https://www.wtatennis.com/players/317755/monica-puig,False,False,False,False,False,False,False,2,False,20,7,13,PR,PRI,630,019,America,Caribbean,PUR,"2,6,None|5,7,None",
2,Volvo Car Open,,https://www.wtatennis.com/tournaments/804/charleston/2019,Premier,Clay,https://www.wtatennis.com/resources/v7.31.10/i/elements/500k-tag.svg,2019-04-01,2019-04-07,2019,4,Charleston,UKR,SC,US,USA,840,019,,America,Northern America,USA,99.0,55.0,9860.0,64M/32Q/16D,Volvo Car Open,,Kateryna Baindl,,https://www.wtatennis.com/resources/v7.31.10/i/elements/flags/ukr.svg,Round of 32,W,"3-6, 6-3, 6-3",https://www.wtatennis.com/players/316739/kateryna-baindl,False,False,False,False,False,False,False,3,False,27,15,12,UA,UKR,804,150,Europe,Eastern Europe,UKR,"3,6,None|6,3,None|6,3,None",
3,Volvo Car Open,,https://www.wtatennis.com/tournaments/804/charleston/2019,Premier,Clay,https://www.wtatennis.com/resources/v7.31.10/i/elements/500k-tag.svg,2019-04-01,2019-04-07,2019,4,Charleston,,SC,US,USA,840,019,,America,Northern America,USA,,55.0,9860.0,64M/32Q/16D,Volvo Car Open,,,,,Round of 64,,Bye,,False,False,True,False,False,False,False,0,False,0,0,0,,,,,,,,,
1,Miami Open Presented By Itau,https://photoresources.wtatennis.com/photo-resources/2025/04/16/ad3c213f-6323-4422-bb86-ff92e8cb213c/WTA-Tournament_Miami-2024.png?height=128,https://www.wtatennis.com/tournaments/902/miami/2019,Premier Mandatory,Hard,https://www.wtatennis.com/resources/v7.31.10/i/elements/1000k-tag.svg,2019-03-19,2019-03-30,2019,3,Miami,AUS,FL,US,USA,840,019,,America,Northern America,USA,40.0,10.0,26430.0,128M/64Q/32D,Miami Open Presented By Itau,,Ajla Tomljanovic,,https://www.wtatennis.com/resources/v7.31.10/i/elements/flags/aus.svg,Round of 64,L,"3-6, 4-6",https://www.wtatennis.com/players/315232/ajla-tomljanovic,False,False,False,False,False,False,False,2,False,19,7,12,AU,AUS,036,009,Oceania,Australasia,AUS,"3,6,None|4,6,None",
2,Miami Open Presented By Itau,https://photoresources.wtatennis.com/photo-resources/2025/04/16/ad3c213f-6323-4422-bb86-ff92e8cb213c/WTA-Tournament_Miami-2024.png?height=128,https://www.wtatennis.com/tournaments/902/miami/2019,Premier Mandatory,Hard,https://www.wtatennis.com/resources/v7.31.10/i/elements/1000k-tag.svg,2019-03-19,2019-03-30,2019,3,Miami,,FL,US,USA,840,019,,America,Northern America,USA,,10.0,26430.0,128M/64Q/32D,Miami Open Presented By Itau,,,,,Round of 128,,Bye,,False,False,True,False,False,False,False,0,False,0,0,0,,,,,,,,,
1,Bnp Paribas Open,https://photoresources.wtatennis.com/photo-resources/2025/04/16/e155ccb6-5daf-4a93-8fa1-a30ce14c2704/WTA-Tournament_Indian-Wells-2017.png?height=128,https://www.wtatennis.com/tournaments/609/indian-wells/2019,Premier Mandatory,Hard,https://www.wtatennis.com/resources/v7.31.10/i/elements/1000k-tag.svg,2019-03-06,2019-03-17,2019,3,Indian Wells,GER,CA,US,USA,840,019,,America,Northern America,USA,8.0,120.0,91205.0,128M/64Q/32D,Bnp Paribas Open,,Angelique Kerber,8.0,https://www.wtatennis.com/resources/v7.31.10/i/elements/flags/ger.svg,Round of 16,L,"1-6, 6-4, 4-6",https://www.wtatennis.com/players/311470/angelique-kerber,False,False,False,False,False,False,False,3,False,27,11,16,DE,DEU,276,150,Europe,Central Europe,GER,"1,6,None|6,4,None|4,6,None",
2,Bnp Paribas Open,https://photoresources.wtatennis.com/photo-resources/2025/04/16/e155ccb6-5daf-4a93-8fa1-a30ce14c2704/WTA-Tournament_Indian-Wells-2017.png?height=128,https://www.wtatennis.com/tournaments/609/indian-wells/2019,Premier Mandatory,Hard,https://www.wtatennis.com/resources/v7.31.10/i/elements/1000k-tag.svg,2019-03-06,2019-03-17,2019,3,Indian Wells,UKR,CA,US,USA,840,019,,America,Northern America,USA,28.0,120.0,91205.0,128M/64Q/32D,Bnp Paribas Open,,Lesia Tsurenko,24.0,https://www.wtatennis.com/resources/v7.31.10/i/elements/flags/ukr.svg,Round of 32,W,"6-2, 7-5",https://www.wtatennis.com/players/315295/lesia-tsurenko,False,False,False,False,False,False,False,2,True,20,13,7,UA,UKR,804,150,Europe,Eastern Europe,UKR,"6,2,None|7,5,None",
3,Bnp Paribas Open,https://photoresources.wtatennis.com/photo-resources/2025/04/16/e155ccb6-5daf-4a93-8fa1-a30ce14c2704/WTA-Tournament_Indian-Wells-2017.png?height=128,https://www.wtatennis.com/tournaments/609/indian-wells/2019,Premier Mandatory,Hard,https://www.wtatennis.com/resources/v7.31.10/i/elements/1000k-tag.svg,2019-03-06,2019-03-17,2019,3,Indian Wells,AUS,CA,US,USA,840,019,,America,Northern America,USA,44.0,120.0,91205.0,128M/64Q/32D,Bnp Paribas Open,,Ajla Tomljanovic,,https://www.wtatennis.com/resources/v7.31.10/i/elements/flags/aus.svg,Round of 64,W,"6-3, 4-6, 6-0",https://www.wtatennis.com/players/315232/ajla-tomljanovic,False,False,False,False,False,False,False,3,True,25,16,9,AU,AUS,036,009,Oceania,Australasia,AUS,"6,3,None|4,6,None|6,0,None",
4,Bnp Paribas Open,https://photoresources.wtatennis.com/photo-resources/2025/04/16/e155ccb6-5daf-4a93-8fa1-a30ce14c2704/WTA-Tournament_Indian-Wells-2017.png?height=128,https://www.wtatennis.com/tournaments/609/indian-wells/2019,Premier Mandatory,Hard,https://www.wtatennis.com/resources/v7.31.10/i/elements/1000k-tag.svg,2019-03-06,2019-03-17,2019,3,Indian Wells,,CA,US,USA,840,019,,America,Northern America,USA,,120.0,91205.0,128M/64Q/32D,Bnp Paribas Open,,,,,Round of 128,,Bye,,False,False,True,False,False,False,False,0,False,0,0,0,,,,,,,,,
1,Dubai Duty Free Tennis Championships,https://photoresources.wtatennis.com/photo-resources/2025/04/16/aa274c10-fd33-4715-ac0e-d74441b27a54/WTA-Tournament_Dubai-2017.png?height=128,https://www.wtatennis.com/tournaments/718/dubai/2019,Premier 5,Hard,https://www.wtatennis.com/resources/v7.31.10/i/elements/1000k-tag.svg,2019-02-17,2019-02-23,2019,2,Dubai,SUI,,AE,ARE,784,142,,Asia,Western Asia,UAE,45.0,105.0,29695.0,64M/32Q/32D,Dubai Duty Free Tennis Championships,,Belinda Bencic,,https://www.wtatennis.com/resources/v7.31.10/i/elements/flags/sui.svg,Round of 16,L,"4-6, 6-2, 6-7 (7)",https://www.wtatennis.com/players/319001/belinda-bencic,False,False,False,False,False,True,True,3,False,31,16,15,CH,CHE,756,150,Europe,Central Europe,SUI,"4,6,None|6,2,None|6,7,7",
2,Dubai Duty Free Tennis Championships,https://photoresources.wtatennis.com/photo-resources/2025/04/16/aa274c10-fd33-4715-ac0e-d74441b27a54/WTA-Tournament_Dubai-2017.png?height=128,https://www.wtatennis.com/tournaments/718/dubai/2019,Premier 5,Hard,https://www.wtatennis.com/resources/v7.31.10/i/elements/1000k-tag.svg,2019-02-17,2019-02-23,2019,2,Dubai,SRB,,AE,ARE,784,142,,Asia,Western Asia,UAE,118.0,105.0,29695.0,64M/32Q/32D,Dubai Duty Free Tennis Championships,,Ivana Jorovic,,https://www.wtatennis.com/resources/v7.31.10/i/elements/flags/srb.svg,Round of 32,W,"6-4, 6-0",https://www.wtatennis.com/players/320360/ivana-jorovic,False,False,False,False,False,False,False,2,True,16,12,4,RS,SRB,688,150,Europe,Southeastern Europe,SRB,"6,4,None|6,0,None",
3,Dubai Duty Free Tennis Championships,https://photoresources.wtatennis.com/photo-resources/2025/04/16/aa274c10-fd33-4715-ac0e-d74441b27a54/WTA-Tournament_Dubai-2017.png?height=128,https://www.wtatennis.com/tournaments/718/dubai/2019,Premier 5,Hard,https://www.wtatennis.com/resources/v7.31.10/i/elements/1000k-tag.svg,2019-02-17,2019-02-23,2019,2,Dubai,,,AE,ARE,784,142,,Asia,Western Asia,UAE,,105.0,29695.0,64M/32Q/32D,Dubai Duty Free Tennis Championships,,,,,Round of 64,,Bye,,False,False,True,False,False,False,False,0,False,0,0,0,,,,,,,,,
1,Fed Cup World Group Week 1,https://www.wtatennis.com/resources/v7.31.10/i/elements/itf.png,,ITF,Hard,https://www.wtatennis.com/resources/v7.31.10/i/elements/itf.png,2019-02-09,2019-02-10,2019,2,Braunschweig,GER,,DE,DEU,276,150,,Europe,Central Europe,GER,68.0,,,6M/0Q/2D,Fed Cup World Group Week 1,,Andrea Petkovic,,https://www.wtatennis.com/resources/v7.31.10/i/elements/flags/ger.svg,Round 1 R1,W,"6-2, 6-1",https://www.wtatennis.com/players/310770/andrea-petkovic,False,False,False,False,False,False,False,2,True,15,12,3,DE,DEU,276,150,Europe,Central Europe,GER,"6,2,None|6,1,None",
2,Fed Cup World Group Week 1,https://www.wtatennis.com/resources/v7.31.10/i/elements/itf.png,,ITF,Hard,https://www.wtatennis.com/resources/v7.31.10/i/elements/itf.png,2019-02-09,2019-02-10,2019,2,Braunschweig,GER,,DE,DEU,276,150,,Europe,Central Europe,GER,104.0,,,6M/0Q/2D,Fed Cup World Group Week 1,,Laura Siegemund,,https://www.wtatennis.com/resources/v7.31.10/i/elements/flags/ger.svg,Round 1 R1,W,"6-1, 6-1",https://www.wtatennis.com/players/310926/laura-siegemund,False,False,False,False,False,False,False,2,True,14,12,2,DE,DEU,276,150,Europe,Central Europe,GER,"6,1,None|6,1,None",
1,St. Petersburg Ladies Trophy,,https://www.wtatennis.com/tournaments/1086/st-petersburg/2019,Premier,Hard,https://www.wtatennis.com/resources/v7.31.10/i/elements/500k-tag.svg,2019-01-28,2019-02-03,2019,1,St. Petersburg,NED,,RU,RUS,643,150,,Europe,Eastern Europe,RUS,8.0,185.0,40360.0,32M/32Q/16D,St. Petersburg Ladies Trophy,,Kiki Bertens,2.0,https://www.wtatennis.com/resources/v7.31.10/i/elements/flags/ned.svg,Semifinals,L,"6-7 (5), 2-6",https://www.wtatennis.com/players/314584/kiki-bertens,False,False,False,True,False,False,True,2,False,21,8,13,NL,NLD,528,150,Europe,Western Europe,NED,"6,7,5|2,6,None",
2,St. Petersburg Ladies Trophy,,https://www.wtatennis.com/tournaments/1086/st-petersburg/2019,Premier,Hard,https://www.wtatennis.com/resources/v7.31.10/i/elements/500k-tag.svg,2019-01-28,2019-02-03,2019,1,St. Petersburg,RUS,,RU,RUS,643,150,,Europe,Eastern Europe,RUS,78.0,185.0,40360.0,32M/32Q/16D,St. Petersburg Ladies Trophy,,Ekaterina Alexandrova,,https://www.wtatennis.com/resources/v7.31.10/i/elements/flags/rus.svg,Quarterfinals,W,"6-3, 6-4",https://www.wtatennis.com/players/319007/ekaterina-alexandrova,False,False,False,False,False,False,False,2,True,19,12,7,RU,RUS,643,150,Europe,Eastern Europe,RUS,"6,3,None|6,4,None",
3,St. Petersburg Ladies Trophy,,https://www.wtatennis.com/tournaments/1086/st-petersburg/2019,Premier,Hard,https://www.wtatennis.com/resources/v7.31.10/i/elements/500k-tag.svg,2019-01-28,2019-02-03,2019,1,St. Petersburg,BEL,,RU,RUS,643,150,,Europe,Eastern Europe,RUS,52.0,185.0,40360.0,32M/32Q/16D,St. Petersburg Ladies Trophy,,Alison Van Uytvanck,,https://www.wtatennis.com/resources/v7.31.10/i/elements/flags/bel.svg,Round of 16,W,"6-1, 6-4",https://www.wtatennis.com/players/317819/alison-van-uytvanck,False,False,False,False,False,False,False,2,True,17,12,5,BE,BEL,056,150,Europe,Western Europe,BEL,"6,1,None|6,4,None",
4,St. Petersburg Ladies Trophy,,https://www.wtatennis.com/tournaments/1086/st-petersburg/2019,Premier,Hard,https://www.wtatennis.com/resources/v7.31.10/i/elements/500k-tag.svg,2019-01-28,2019-02-03,2019,1,St. Petersburg,,,RU,RUS,643,150,,Europe,Eastern Europe,RUS,,185.0,40360.0,32M/32Q/16D,St. Petersburg Ladies Trophy,,,,,Round of 32,,Bye,,False,False,True,False,False,False,False,0,False,0,0,0,,,,,,,,,
1,Australian Open,https://photoresources.wtatennis.com/photo-resources/2025/04/16/20886615-8c76-4d00-b747-7946c3692df2/WTA-Tournament_Australian-Open.png?height=128,https://www.wtatennis.com/tournaments/901/australian-open/2019,Grand Slam,Hard,https://www.wtatennis.com/resources/v7.31.10/i/elements/gs-tag.svg,2019-01-14,2019-01-26,2019,1,Melbourne,USA,,AU,AUS,036,009,United States of America|America|USA|US,Oceania,Australasia,AUS,87.0,130.0,115322.0,128M/128Q/64D,Australian Open,,Amanda Anisimova,,https://www.wtatennis.com/resources/v7.31.10/i/elements/flags/usa.svg,Round of 32,L,"3-6, 2-6",https://www.wtatennis.com/players/326384/amanda-anisimova,False,False,False,False,False,False,False,2,False,17,5,12,US,USA,840,019,America,Northern America,USA,"3,6,None|2,6,None",
2,Australian Open,https://photoresources.wtatennis.com/photo-resources/2025/04/16/20886615-8c76-4d00-b747-7946c3692df2/WTA-Tournament_Australian-Open.png?height=128,https://www.wtatennis.com/tournaments/901/australian-open/2019,Grand Slam,Hard,https://www.wtatennis.com/resources/v7.31.10/i/elements/gs-tag.svg,2019-01-14,2019-01-26,2019,1,Melbourne,GBR,,AU,AUS,036,009,Britain|UK|Great Britain|United Kingdom,Oceania,Australasia,AUS,97.0,130.0,115322.0,128M/128Q/64D,Australian Open,,Katie Boulter,,https://www.wtatennis.com/resources/v7.31.10/i/elements/flags/gbr.svg,Round of 64,W,"6-3, 6-4",https://www.wtatennis.com/players/319125/katie-boulter,False,False,False,False,False,False,False,2,True,19,12,7,GB,GBR,826,150,Europe,Northern Europe,ENG,"6,3,None|6,4,None",
3,Australian Open,https://photoresources.wtatennis.com/photo-resources/2025/04/16/20886615-8c76-4d00-b747-7946c3692df2/WTA-Tournament_Australian-Open.png?height=128,https://www.wtatennis.com/tournaments/901/australian-open/2019,Grand Slam,Hard,https://www.wtatennis.com/resources/v7.31.10/i/elements/gs-tag.svg,2019-01-14,2019-01-26,2019,1,Melbourne,RUS,,AU,AUS,036,009,,Oceania,Australasia,AUS,146.0,130.0,115322.0,128M/128Q/64D,Australian Open,,Anna Kalinskaya,,https://www.wtatennis.com/resources/v7.31.10/i/elements/flags/rus.svg,Round of 128,W,"6-1, 6-4",https://www.wtatennis.com/players/323942/anna-kalinskaya,False,False,False,False,False,False,False,2,True,17,12,5,RU,RUS,643,150,Europe,Eastern Europe,RUS,"6,1,None|6,4,None",
1,Sydney International,,https://www.wtatennis.com/tournaments/702/sydney/2019,Premier,Hard,https://www.wtatennis.com/resources/v7.31.10/i/elements/500k-tag.svg,2019-01-07,2019-01-12,2019,1,Sydney,CZE,,AU,AUS,036,009,,Oceania,Australasia,AUS,8.0,1.0,6345.0,32M/32Q/16D,Sydney International,,Petra Kvitova,5.0,https://www.wtatennis.com/resources/v7.31.10/i/elements/flags/cze.svg,Round of 32,L,"1-6, 5-7",https://www.wtatennis.com/players/314206/petra-kvitova,False,False,False,False,False,False,False,2,False,19,6,13,CZ,CZE,203,150,Europe,Central Europe,CZE,"1,6,None|5,7,None",
1,Shenzhen Open,,https://www.wtatennis.com/tournaments/1063/shenzhen/2019,International,Hard,https://www.wtatennis.com/resources/v7.31.10/i/elements/250k-tag.svg,2019-12-30,2019-01-05,2019,12,Shenzhen,USA,,CN,CHN,156,142,United States of America|America|USA|US,Asia,East Asia,CHN,62.0,280.0,163260.0,32M/16Q/16D,Shenzhen Open,,Alison Riske-Amritraj,,https://www.wtatennis.com/resources/v7.31.10/i/elements/flags/usa.svg,Finals,W,"4-6, 7-6 (2), 6-3",https://www.wtatennis.com/players/312850/alison-riske-amritraj,False,False,False,False,True,False,True,3,False,32,17,15,US,USA,840,019,America,Northern America,USA,"4,6,None|7,6,2|6,3,None",
2,Shenzhen Open,,https://www.wtatennis.com/tournaments/1063/shenzhen/2019,International,Hard,https://www.wtatennis.com/resources/v7.31.10/i/elements/250k-tag.svg,2019-12-30,2019-01-05,2019,12,Shenzhen,CHN,,CN,CHN,156,142,,Asia,East Asia,CHN,70.0,280.0,163260.0,32M/16Q/16D,Shenzhen Open,,Yafan Wang,,https://www.wtatennis.com/resources/v7.31.10/i/elements/flags/chn.svg,Semifinals,W,"6-2, 6-1",https://www.wtatennis.com/players/317510/yafan-wang,False,False,False,False,False,False,False,2,True,15,12,3,CN,CHN,156,142,Asia,East Asia,CHN,"6,2,None|6,1,None",
3,Shenzhen Open,,https://www.wtatennis.com/tournaments/1063/shenzhen/2019,International,Hard,https://www.wtatennis.com/resources/v7.31.10/i/elements/250k-tag.svg,2019-12-30,2019-01-05,2019,12,Shenzhen,RUS,,CN,CHN,156,142,,Asia,East Asia,CHN,29.0,280.0,163260.0,32M/16Q/16D,Shenzhen Open,,Maria Sharapova,5.0,https://www.wtatennis.com/resources/v7.31.10/i/elements/flags/rus.svg,Quarterfinals,W,"6-1, 4-2",https://www.wtatennis.com/players/310137/maria-sharapova,True,False,False,False,False,False,False,2,True,13,10,3,RU,RUS,643,150,Europe,Eastern Europe,RUS,"6,1,None|4,2,None|Ret",
4,Shenzhen Open,,https://www.wtatennis.com/tournaments/1063/shenzhen/2019,International,Hard,https://www.wtatennis.com/resources/v7.31.10/i/elements/250k-tag.svg,2019-12-30,2019-01-05,2019,12,Shenzhen,RUS,,CN,CHN,156,142,,Asia,East Asia,CHN,73.0,280.0,163260.0,32M/16Q/16D,Shenzhen Open,,Ekaterina Alexandrova,,https://www.wtatennis.com/resources/v7.31.10/i/elements/flags/rus.svg,Round of 16,W,"6-3, 6-3",https://www.wtatennis.com/players/319007/ekaterina-alexandrova,False,False,False,False,False,False,False,2,True,18,12,6,RU,RUS,643,150,Europe,Eastern Europe,RUS,"6,3,None|6,3,None",
5,Shenzhen Open,,https://www.wtatennis.com/tournaments/1063/shenzhen/2019,International,Hard,https://www.wtatennis.com/resources/v7.31.10/i/elements/250k-tag.svg,2019-12-30,2019-01-05,2019,12,Shenzhen,GER,,CN,CHN,156,142,,Asia,East Asia,CHN,72.0,280.0,163260.0,32M/16Q/16D,Shenzhen Open,,Tatjana Maria,,https://www.wtatennis.com/resources/v7.31.10/i/elements/flags/ger.svg,Round of 32,W,"3-6, 6-3, 6-1",https://www.wtatennis.com/players/310440/tatjana-maria,False,False,False,False,False,False,False,3,False,25,15,10,DE,DEU,276,150,Europe,Central Europe,GER,"3,6,None|6,3,None|6,1,None",
1,Hengqin Life Wta Elite Trophy Zhuhai 2018,,https://www.wtatennis.com/tournaments/1081/zhuhai/2018,Finals,Hard,https://www.wtatennis.com/resources/v7.31.10/i/elements/finals-tag.svg,2018-10-30,2018-11-04,2018,10,Zhuhai,AUS,,CN,CHN,156,142,,Asia,East Asia,CHN,19.0,,125000.0,12M/0Q/6D,Hengqin Life Wta Elite Trophy Zhuhai 2018,,Ashleigh Barty,9.0,https://www.wtatennis.com/resources/v7.31.10/i/elements/flags/aus.svg,Group Stage Group,W,"6-4, 6-4",https://www.wtatennis.com/players/318033/ashleigh-barty,False,False,False,False,False,False,False,2,True,20,12,8,AU,AUS,036,009,Oceania,Australasia,AUS,"6,4,None|6,4,None",
2,Hengqin Life Wta Elite Trophy Zhuhai 2018,,https://www.wtatennis.com/tournaments/1081/zhuhai/2018,Finals,Hard,https://www.wtatennis.com/resources/v7.31.10/i/elements/finals-tag.svg,2018-10-30,2018-11-04,2018,10,Zhuhai,FRA,,CN,CHN,156,142,,Asia,East Asia,CHN,18.0,,125000.0,12M/0Q/6D,Hengqin Life Wta Elite Trophy Zhuhai 2018,,Caroline Garcia,8.0,https://www.wtatennis.com/resources/v7.31.10/i/elements/flags/fra.svg,Group Stage Group,L,"4-6, 4-6",https://www.wtatennis.com/players/315391/caroline-garcia,False,False,False,False,False,False,False,2,False,20,8,12,FR,FRA,250,150,Europe,Western Europe,FRA,"4,6,None|4,6,None",
1,Tianjin Open,,https://www.wtatennis.com/tournaments/1076/tianjin/2018,International,Hard,https://www.wtatennis.com/resources/v7.31.10/i/elements/250k-tag.svg,2018-10-08,2018-10-14,2018,10,Tianjin,SUI,,CN,CHN,156,142,,Asia,East Asia,CHN,329.0,60.0,13068.0,32M/32Q/16D,Tianjin Open,,Timea Bacsinszky,,https://www.wtatennis.com/resources/v7.31.10/i/elements/flags/sui.svg,Quarterfinals,L,"6-7 (2), 6-7 (5)",https://www.wtatennis.com/players/311579/timea-bacsinszky,False,False,False,True,True,False,True,2,False,26,12,14,CH,CHE,756,150,Europe,Central Europe,SUI,"6,7,2|6,7,5",
2,Tianjin Open,,https://www.wtatennis.com/tournaments/1076/tianjin/2018,International,Hard,https://www.wtatennis.com/resources/v7.31.10/i/elements/250k-tag.svg,2018-10-08,2018-10-14,2018,10,Tianjin,POL,,CN,CHN,156,142,,Asia,East Asia,CHN,84.0,60.0,13068.0,32M/32Q/16D,Tianjin Open,,Magda Linette,,https://www.wtatennis.com/resources/v7.31.10/i/elements/flags/pol.svg,Round of 16,W,"6-1, 6-3",https://www.wtatennis.com/players/315130/magda-linette,False,False,False,False,False,False,False,2,True,16,12,4,PL,POL,616,150,Europe,Central Europe,POL,"6,1,None|6,3,None",
3,Tianjin Open,,https://www.wtatennis.com/tournaments/1076/tianjin/2018,International,Hard,https://www.wtatennis.com/resources/v7.31.10/i/elements/250k-tag.svg,2018-10-08,2018-10-14,2018,10,Tianjin,USA,,CN,CHN,156,142,United States of America|America|USA|US,Asia,East Asia,CHN,50.0,60.0,13068.0,32M/32Q/16D,Tianjin Open,,Sofia Kenin,,https://www.wtatennis.com/resources/v7.31.10/i/elements/flags/usa.svg,Round of 32,W,"7-6 (4), 4-6, 6-0",https://www.wtatennis.com/players/320942/sofia-kenin,False,False,False,True,False,False,True,3,True,29,17,12,US,USA,840,019,America,Northern America,USA,"7,6,4|4,6,None|6,0,None",
1,China Open,,https://www.wtatennis.com/tournaments/1020/beijing/2018,Premier Mandatory,Hard,https://www.wtatennis.com/resources/v7.31.10/i/elements/1000k-tag.svg,2018-09-29,2018-10-07,2018,9,Beijing,CHN,,CN,CHN,156,142,,Asia,East Asia,CHN,28.0,215.0,178895.0,64M/32Q/32D,China Open,,Qiang Wang,,https://www.wtatennis.com/resources/v7.31.10/i/elements/flags/chn.svg,Quarterfinals,L,"5-7, 5-7",https://www.wtatennis.com/players/314429/qiang-wang,False,False,False,False,False,False,False,2,False,24,10,14,CN,CHN,156,142,Asia,East Asia,CHN,"5,7,None|5,7,None",
2,China Open,,https://www.wtatennis.com/tournaments/1020/beijing/2018,Premier Mandatory,Hard,https://www.wtatennis.com/resources/v7.31.10/i/elements/1000k-tag.svg,2018-09-29,2018-10-07,2018,9,Beijing,FRA,,CN,CHN,156,142,,Asia,East Asia,CHN,8.0,215.0,178895.0,64M/32Q/32D,China Open,,Caroline Garcia,4.0,https://www.wtatennis.com/resources/v7.31.10/i/elements/flags/fra.svg,Round of 16,W,"5-7, 7-6 (3), 6-0",https://www.wtatennis.com/players/315391/caroline-garcia,False,False,False,False,True,False,True,3,False,31,18,13,FR,FRA,250,150,Europe,Western Europe,FRA,"5,7,None|7,6,3|6,0,None",
3,China Open,,https://www.wtatennis.com/tournaments/1020/beijing/2018,Premier Mandatory,Hard,https://www.wtatennis.com/resources/v7.31.10/i/elements/1000k-tag.svg,2018-09-29,2018-10-07,2018,9,Beijing,ESP,,CN,CHN,156,142,Kingdom of Spain,Asia,East Asia,CHN,15.0,215.0,178895.0,64M/32Q/32D,China Open,,Garbiñe Muguruza,14.0,https://www.wtatennis.com/resources/v7.31.10/i/elements/flags/esp.svg,Round of 32,W,"7-5, 6-4",https://www.wtatennis.com/players/316239/garbi-e-muguruza,False,False,False,False,False,False,False,2,True,22,13,9,ES,ESP,724,150,Europe,Southern Europe,ESP,"7,5,None|6,4,None",
4,China Open,,https://www.wtatennis.com/tournaments/1020/beijing/2018,Premier Mandatory,Hard,https://www.wtatennis.com/resources/v7.31.10/i/elements/1000k-tag.svg,2018-09-29,2018-10-07,2018,9,Beijing,,,CN,CHN,156,142,,Asia,East Asia,CHN,,215.0,178895.0,64M/32Q/32D,China Open,,,,,Round of 64,,Bye,,False,False,True,False,False,False,False,0,False,0,0,0,,,,,,,,,
1,"2018 Dongfeng Motor Wuhan Open- Wuhan, China",https://photoresources.wtatennis.com/photo-resources/2025/09/09/28ba4434-1336-4e94-a9e3-4e446fd1311f/WTA-Tournament_Wuhan-2024.png?height=128,https://www.wtatennis.com/tournaments/1075/wuhan/2018,Premier 5,Hard,https://www.wtatennis.com/resources/v7.31.10/i/elements/1000k-tag.svg,2018-09-23,2018-09-29,2018,9,Wuhan,EST,,CN,CHN,156,142,,Asia,East Asia,CHN,27.0,900.0,503725.0,64M/32Q/32D,"2018 Dongfeng Motor Wuhan Open- Wuhan, China",,Anett Kontaveit,,https://www.wtatennis.com/resources/v7.31.10/i/elements/flags/est.svg,Finals,W,"6-3, 6-3",https://www.wtatennis.com/players/318425/anett-kontaveit,False,False,False,False,False,False,False,2,True,18,12,6,EE,EST,233,150,Europe,Northern Europe,EST,"6,3,None|6,3,None",
2,"2018 Dongfeng Motor Wuhan Open- Wuhan, China",https://photoresources.wtatennis.com/photo-resources/2025/09/09/28ba4434-1336-4e94-a9e3-4e446fd1311f/WTA-Tournament_Wuhan-2024.png?height=128,https://www.wtatennis.com/tournaments/1075/wuhan/2018,Premier 5,Hard,https://www.wtatennis.com/resources/v7.31.10/i/elements/1000k-tag.svg,2018-09-23,2018-09-29,2018,9,Wuhan,AUS,,CN,CHN,156,142,,Asia,East Asia,CHN,17.0,900.0,503725.0,64M/32Q/32D,"2018 Dongfeng Motor Wuhan Open- Wuhan, China",,Ashleigh Barty,16.0,https://www.wtatennis.com/resources/v7.31.10/i/elements/flags/aus.svg,Semifinals,W,"7-6 (2), 6-4",https://www.wtatennis.com/players/318033/ashleigh-barty,False,False,False,True,False,False,True,2,True,23,13,10,AU,AUS,036,009,Oceania,Australasia,AUS,"7,6,2|6,4,None",
3,"2018 Dongfeng Motor Wuhan Open- Wuhan, China",https://photoresources.wtatennis.com/photo-resources/2025/09/09/28ba4434-1336-4e94-a9e3-4e446fd1311f/WTA-Tournament_Wuhan-2024.png?height=128,https://www.wtatennis.com/tournaments/1075/wuhan/2018,Premier 5,Hard,https://www.wtatennis.com/resources/v7.31.10/i/elements/1000k-tag.svg,2018-09-23,2018-09-29,2018,9,Wuhan,SVK,,CN,CHN,156,142,,Asia,East Asia,CHN,31.0,900.0,503725.0,64M/32Q/32D,"2018 Dongfeng Motor Wuhan Open- Wuhan, China",,Dominika Cibulkova,,https://www.wtatennis.com/resources/v7.31.10/i/elements/flags/svk.svg,Quarterfinals,W,"7-5, 6-3",https://www.wtatennis.com/players/312894/dominika-cibulkova,False,False,False,False,False,False,False,2,True,21,13,8,SK,SVK,703,150,Europe,Central Europe,SVK,"7,5,None|6,3,None",
4,"2018 Dongfeng Motor Wuhan Open- Wuhan, China",https://photoresources.wtatennis.com/photo-resources/2025/09/09/28ba4434-1336-4e94-a9e3-4e446fd1311f/WTA-Tournament_Wuhan-2024.png?height=128,https://www.wtatennis.com/tournaments/1075/wuhan/2018,Premier 5,Hard,https://www.wtatennis.com/resources/v7.31.10/i/elements/1000k-tag.svg,2018-09-23,2018-09-29,2018,9,Wuhan,USA,,CN,CHN,156,142,United States of America|America|USA|US,Asia,East Asia,CHN,62.0,900.0,503725.0,64M/32Q/32D,"2018 Dongfeng Motor Wuhan Open- Wuhan, China",,Sofia Kenin,,https://www.wtatennis.com/resources/v7.31.10/i/elements/flags/usa.svg,Round of 16,W,"6-3, 6-3",https://www.wtatennis.com/players/320942/sofia-kenin,False,False,False,False,False,False,False,2,True,18,12,6,US,USA,840,019,America,Northern America,USA,"6,3,None|6,3,None",
5,"2018 Dongfeng Motor Wuhan Open- Wuhan, China",https://photoresources.wtatennis.com/photo-resources/2025/09/09/28ba4434-1336-4e94-a9e3-4e446fd1311f/WTA-Tournament_Wuhan-2024.png?height=128,https://www.wtatennis.com/tournaments/1075/wuhan/2018,Premier 5,Hard,https://www.wtatennis.com/resources/v7.31.10/i/elements/1000k-tag.svg,2018-09-23,2018-09-29,2018,9,Wuhan,UKR,,CN,CHN,156,142,,Asia,East Asia,CHN,6.0,900.0,503725.0,64M/32Q/32D,"2018 Dongfeng Motor Wuhan Open- Wuhan, China",,Elina Svitolina,6.0,https://www.wtatennis.com/resources/v7.31.10/i/elements/flags/ukr.svg,Round of 32,W,"6-4, 2-6, 6-1",https://www.wtatennis.com/players/316738/elina-svitolina,False,False,False,False,False,False,False,3,True,25,14,11,UA,UKR,804,150,Europe,Eastern Europe,UKR,"6,4,None|2,6,None|6,1,None",
6,"2018 Dongfeng Motor Wuhan Open- Wuhan, China",https://photoresources.wtatennis.com/photo-resources/2025/09/09/28ba4434-1336-4e94-a9e3-4e446fd1311f/WTA-Tournament_Wuhan-2024.png?height=128,https://www.wtatennis.com/tournaments/1075/wuhan/2018,Premier 5,Hard,https://www.wtatennis.com/resources/v7.31.10/i/elements/1000k-tag.svg,2018-09-23,2018-09-29,2018,9,Wuhan,ESP,,CN,CHN,156,142,Kingdom of Spain,Asia,East Asia,CHN,22.0,900.0,503725.0,64M/32Q/32D,"2018 Dongfeng Motor Wuhan Open- Wuhan, China",,Carla Suárez Navarro,,https://www.wtatennis.com/resources/v7.31.10/i/elements/flags/esp.svg,Round of 64,W,"7-6 (2), 2-6, 6-2",https://www.wtatennis.com/players/311338/carla-su-rez-navarro,False,False,False,True,False,False,True,3,True,29,15,14,ES,ESP,724,150,Europe,Southern Europe,ESP,"7,6,2|2,6,None|6,2,None",
1,Coupe Banque Nationale Presentee Par Iga,,https://www.wtatennis.com/tournaments/656/quebec-city/2018,International,Hard,https://www.wtatennis.com/resources/v7.31.10/i/elements/250k-tag.svg,2018-09-10,2018-09-16,2018,9,Quebec City,USA,,CA,CAN,124,019,United States of America|America|USA|US,America,Northern America,CAN,110.0,1.0,2100.0,32M/32Q/16D,Coupe Banque Nationale Presentee Par Iga,,Varvara Lepchenko,,https://www.wtatennis.com/resources/v7.31.10/i/elements/flags/usa.svg,Round of 32,L,"4-6, 6-7 (5)",https://www.wtatennis.com/players/120420/varvara-lepchenko,False,False,False,False,True,False,True,2,False,23,10,13,US,USA,840,019,America,Northern America,USA,"4,6,None|6,7,5",
1,2018 Us Open Tennis Championships,https://photoresources.wtatennis.com/photo-resources/2025/04/16/295289d9-36fa-408a-8586-2b407d930c10/WTA-Tournament_US-Open.png?height=128,https://www.wtatennis.com/tournaments/905/us-open/2018,Grand Slam,Hard,https://www.wtatennis.com/resources/v7.31.10/i/elements/gs-tag.svg,2018-08-27,2018-09-09,2018,8,New York,JPN,NY,US,USA,840,019,,America,Northern America,USA,19.0,240.0,266000.0,128M/128Q/64D,2018 Us Open Tennis Championships,,Naomi Osaka,20.0,https://www.wtatennis.com/resources/v7.31.10/i/elements/flags/jpn.svg,Round of 16,L,"3-6, 6-2, 4-6",https://www.wtatennis.com/players/319998/naomi-osaka,False,False,False,False,False,False,False,3,False,27,13,14,JP,JPN,392,142,Asia,East Asia,JPN,"3,6,None|6,2,None|4,6,None",
2,2018 Us Open Tennis Championships,https://photoresources.wtatennis.com/photo-resources/2025/04/16/295289d9-36fa-408a-8586-2b407d930c10/WTA-Tournament_US-Open.png?height=128,https://www.wtatennis.com/tournaments/905/us-open/2018,Grand Slam,Hard,https://www.wtatennis.com/resources/v7.31.10/i/elements/gs-tag.svg,2018-08-27,2018-09-09,2018,8,New York,CZE,NY,US,USA,840,019,,America,Northern America,USA,5.0,240.0,266000.0,128M/128Q/64D,2018 Us Open Tennis Championships,,Petra Kvitova,5.0,https://www.wtatennis.com/resources/v7.31.10/i/elements/flags/cze.svg,Round of 32,W,"7-5, 6-1",https://www.wtatennis.com/players/314206/petra-kvitova,False,False,False,False,False,False,False,2,True,19,13,6,CZ,CZE,203,150,Europe,Central Europe,CZE,"7,5,None|6,1,None",
3,2018 Us Open Tennis Championships,https://photoresources.wtatennis.com/photo-resources/2025/04/16/295289d9-36fa-408a-8586-2b407d930c10/WTA-Tournament_US-Open.png?height=128,https://www.wtatennis.com/tournaments/905/us-open/2018,Grand Slam,Hard,https://www.wtatennis.com/resources/v7.31.10/i/elements/gs-tag.svg,2018-08-27,2018-09-09,2018,8,New York,RUS,NY,US,USA,840,019,,America,Northern America,USA,133.0,240.0,266000.0,128M/128Q/64D,2018 Us Open Tennis Championships,,Vera Zvonareva,,https://www.wtatennis.com/resources/v7.31.10/i/elements/flags/rus.svg,Round of 64,W,"6-3, 7-6 (7)",https://www.wtatennis.com/players/260142/vera-zvonareva,False,False,False,False,True,False,True,2,True,22,13,9,RU,RUS,643,150,Europe,Eastern Europe,RUS,"6,3,None|7,6,7",
4,2018 Us Open Tennis Championships,https://photoresources.wtatennis.com/photo-resources/2025/04/16/295289d9-36fa-408a-8586-2b407d930c10/WTA-Tournament_US-Open.png?height=128,https://www.wtatennis.com/tournaments/905/us-open/2018,Grand Slam,Hard,https://www.wtatennis.com/resources/v7.31.10/i/elements/gs-tag.svg,2018-08-27,2018-09-09,2018,8,New York,USA,NY,US,USA,840,019,United States of America|America|USA|US,America,Northern America,USA,37.0,240.0,266000.0,128M/128Q/64D,2018 Us Open Tennis Championships,,Danielle Collins,,https://www.wtatennis.com/resources/v7.31.10/i/elements/flags/usa.svg,Round of 128,W,"6-0, 4-6, 6-4",https://www.wtatennis.com/players/316925/danielle-collins,False,False,False,False,False,False,False,3,True,26,16,10,US,USA,840,019,America,Northern America,USA,"6,0,None|4,6,None|6,4,None",
1,Connecticut Open,,https://www.wtatennis.com/tournaments/602/new-haven/2018,Premier,Hard,https://www.wtatennis.com/resources/v7.31.10/i/elements/500k-tag.svg,2018-08-19,2018-08-25,2018,8,New Haven,ESP,CT,US,USA,840,019,Kingdom of Spain,America,Northern America,USA,30.0,470.0,136580.0,32M/64Q/16D,Connecticut Open,,Carla Suárez Navarro,,https://www.wtatennis.com/resources/v7.31.10/i/elements/flags/esp.svg,Finals,W,"6-1, 6-4",https://www.wtatennis.com/players/311338/carla-su-rez-navarro,False,False,False,False,False,False,False,2,True,17,12,5,ES,ESP,724,150,Europe,Southern Europe,ESP,"6,1,None|6,4,None",
2,Connecticut Open,,https://www.wtatennis.com/tournaments/602/new-haven/2018,Premier,Hard,https://www.wtatennis.com/resources/v7.31.10/i/elements/500k-tag.svg,2018-08-19,2018-08-25,2018,8,New Haven,GER,CT,US,USA,840,019,,America,Northern America,USA,9.0,470.0,136580.0,32M/64Q/16D,Connecticut Open,,Julia Goerges,5.0,https://www.wtatennis.com/resources/v7.31.10/i/elements/flags/ger.svg,Semifinals,W,"6-4, 7-6 (3)",https://www.wtatennis.com/players/313381/julia-goerges,False,False,False,False,True,False,True,2,True,23,13,10,DE,DEU,276,150,Europe,Central Europe,GER,"6,4,None|7,6,3",
3,Connecticut Open,,https://www.wtatennis.com/tournaments/602/new-haven/2018,Premier,Hard,https://www.wtatennis.com/resources/v7.31.10/i/elements/500k-tag.svg,2018-08-19,2018-08-25,2018,8,New Haven,SUI,CT,US,USA,840,019,,America,Northern America,USA,43.0,470.0,136580.0,32M/64Q/16D,Connecticut Open,,Belinda Bencic,,https://www.wtatennis.com/resources/v7.31.10/i/elements/flags/sui.svg,Quarterfinals,W,"6-3, 6-2",https://www.wtatennis.com/players/319001/belinda-bencic,False,False,False,False,False,False,False,2,True,17,12,5,CH,CHE,756,150,Europe,Central Europe,SUI,"6,3,None|6,2,None",
4,Connecticut Open,,https://www.wtatennis.com/tournaments/602/new-haven/2018,Premier,Hard,https://www.wtatennis.com/resources/v7.31.10/i/elements/500k-tag.svg,2018-08-19,2018-08-25,2018,8,New Haven,AUS,CT,US,USA,840,019,,America,Northern America,USA,24.0,470.0,136580.0,32M/64Q/16D,Connecticut Open,,Daria Saville,9.0,https://www.wtatennis.com/resources/v7.31.10/i/elements/flags/aus.svg,Round of 16,W,"6-3, 6-7 (6), 7-5",https://www.wtatennis.com/players/315997/daria-saville,False,False,False,False,True,False,True,3,True,34,19,15,AU,AUS,036,009,Oceania,Australasia,AUS,"6,3,None|6,7,6|7,5,None",
5,Connecticut Open,,https://www.wtatennis.com/tournaments/602/new-haven/2018,Premier,Hard,https://www.wtatennis.com/resources/v7.31.10/i/elements/500k-tag.svg,2018-08-19,2018-08-25,2018,8,New Haven,AUS,CT,US,USA,840,019,,America,Northern America,USA,64.0,470.0,136580.0,32M/64Q/16D,Connecticut Open,,Samantha Stosur,,https://www.wtatennis.com/resources/v7.31.10/i/elements/flags/aus.svg,Round of 32,W,"6-3, 6-2",https://www.wtatennis.com/players/190787/samantha-stosur,False,False,False,False,False,False,False,2,True,17,12,5,AU,AUS,036,009,Oceania,Australasia,AUS,"6,3,None|6,2,None",
1,Western & Southern Open,https://photoresources.wtatennis.com/photo-resources/2025/04/16/17c99db9-c289-451d-8cd9-65e8d9a25a26/WTA-Tournament_Cincinnati-2024.png?height=128,https://www.wtatennis.com/tournaments/1017/cincinnati/2018,Premier 5,Hard,https://www.wtatennis.com/resources/v7.31.10/i/elements/1000k-tag.svg,2018-08-13,2018-08-19,2018,8,Cincinnati,ROU,OH,US,USA,840,019,,America,Northern America,USA,1.0,350.0,130300.0,64M/64Q/32D,Western & Southern Open,,Simona Halep,1.0,https://www.wtatennis.com/resources/v7.31.10/i/elements/flags/rou.svg,Semifinals,L,"3-6, 4-6",https://www.wtatennis.com/players/314320/simona-halep,False,False,False,False,False,False,False,2,False,19,7,12,RO,ROU,642,150,Europe,Southeastern Europe,ROU,"3,6,None|4,6,None",
2,Western & Southern Open,https://photoresources.wtatennis.com/photo-resources/2025/04/16/17c99db9-c289-451d-8cd9-65e8d9a25a26/WTA-Tournament_Cincinnati-2024.png?height=128,https://www.wtatennis.com/tournaments/1017/cincinnati/2018,Premier 5,Hard,https://www.wtatennis.com/resources/v7.31.10/i/elements/1000k-tag.svg,2018-08-13,2018-08-19,2018,8,Cincinnati,USA,OH,US,USA,840,019,United States of America|America|USA|US,America,Northern America,USA,13.0,350.0,130300.0,64M/64Q/32D,Western & Southern Open,,Madison Keys,13.0,https://www.wtatennis.com/resources/v7.31.10/i/elements/flags/usa.svg,Quarterfinals,W,"6-3, 6-4",https://www.wtatennis.com/players/316959/madison-keys,False,False,False,False,False,False,False,2,True,19,12,7,US,USA,840,019,America,Northern America,USA,"6,3,None|6,4,None",
3,Western & Southern Open,https://photoresources.wtatennis.com/photo-resources/2025/04/16/17c99db9-c289-451d-8cd9-65e8d9a25a26/WTA-Tournament_Cincinnati-2024.png?height=128,https://www.wtatennis.com/tournaments/1017/cincinnati/2018,Premier 5,Hard,https://www.wtatennis.com/resources/v7.31.10/i/elements/1000k-tag.svg,2018-08-13,2018-08-19,2018,8,Cincinnati,FRA,OH,US,USA,840,019,,America,Northern America,USA,5.0,350.0,130300.0,64M/64Q/32D,Western & Southern Open,,Caroline Garcia,6.0,https://www.wtatennis.com/resources/v7.31.10/i/elements/flags/fra.svg,Round of 16,W,"6-4, 3-6, 7-5",https://www.wtatennis.com/players/315391/caroline-garcia,False,False,False,False,False,False,False,3,True,31,16,15,FR,FRA,250,150,Europe,Western Europe,FRA,"6,4,None|3,6,None|7,5,None",
4,Western & Southern Open,https://photoresources.wtatennis.com/photo-resources/2025/04/16/17c99db9-c289-451d-8cd9-65e8d9a25a26/WTA-Tournament_Cincinnati-2024.png?height=128,https://www.wtatennis.com/tournaments/1017/cincinnati/2018,Premier 5,Hard,https://www.wtatennis.com/resources/v7.31.10/i/elements/1000k-tag.svg,2018-08-13,2018-08-19,2018,8,Cincinnati,CZE,OH,US,USA,840,019,,America,Northern America,USA,8.0,350.0,130300.0,64M/64Q/32D,Western & Southern Open,,Karolina Pliskova,9.0,https://www.wtatennis.com/resources/v7.31.10/i/elements/flags/cze.svg,Round of 32,W,"2-6, 6-3, 7-5",https://www.wtatennis.com/players/313974/karolina-pliskova,False,False,False,False,False,False,False,3,False,29,15,14,CZ,CZE,203,150,Europe,Central Europe,CZE,"2,6,None|6,3,None|7,5,None",
5,Western & Southern Open,https://photoresources.wtatennis.com/photo-resources/2025/04/16/17c99db9-c289-451d-8cd9-65e8d9a25a26/WTA-Tournament_Cincinnati-2024.png?height=128,https://www.wtatennis.com/tournaments/1017/cincinnati/2018,Premier 5,Hard,https://www.wtatennis.com/resources/v7.31.10/i/elements/1000k-tag.svg,2018-08-13,2018-08-19,2018,8,Cincinnati,GBR,OH,US,USA,840,019,Britain|UK|Great Britain|United Kingdom,America,Northern America,USA,39.0,350.0,130300.0,64M/64Q/32D,Western & Southern Open,,Johanna Konta,,https://www.wtatennis.com/resources/v7.31.10/i/elements/flags/gbr.svg,Round of 64,W,"4-6, 6-3, 6-4",https://www.wtatennis.com/players/313907/johanna-konta,False,False,False,False,False,False,False,3,False,29,16,13,GB,GBR,826,150,Europe,Northern Europe,ENG,"4,6,None|6,3,None|6,4,None",
1,Rogers Cup Presented By National Bank,,https://www.wtatennis.com/tournaments/806/montreal/2018,Premier 5,Hard,https://www.wtatennis.com/resources/v7.31.10/i/elements/1000k-tag.svg,2018-08-06,2018-08-12,2018,8,Montreal,BEL,,CA,CAN,124,019,,America,Northern America,CAN,15.0,105.0,29010.0,64M/64Q/32D,Rogers Cup Presented By National Bank,,Elise Mertens,14.0,https://www.wtatennis.com/resources/v7.31.10/i/elements/flags/bel.svg,Round of 16,L,"6-2, 6-7 (1), 0-6",https://www.wtatennis.com/players/317964/elise-mertens,False,False,False,False,True,False,True,3,True,27,12,15,BE,BEL,056,150,Europe,Western Europe,BEL,"6,2,None|6,7,1|0,6,None",
2,Rogers Cup Presented By National Bank,,https://www.wtatennis.com/tournaments/806/montreal/2018,Premier 5,Hard,https://www.wtatennis.com/resources/v7.31.10/i/elements/1000k-tag.svg,2018-08-06,2018-08-12,2018,8,Montreal,DEN,,CA,CAN,124,019,,America,Northern America,CAN,2.0,105.0,29010.0,64M/64Q/32D,Rogers Cup Presented By National Bank,,Caroline Wozniacki,2.0,https://www.wtatennis.com/resources/v7.31.10/i/elements/flags/den.svg,Round of 32,W,"5-7, 6-2, 7-6 (4)",https://www.wtatennis.com/players/313402/caroline-wozniacki,False,False,False,False,False,True,True,3,False,33,18,15,DK,DNK,208,150,Europe,Northern Europe,DEN,"5,7,None|6,2,None|7,6,4",
3,Rogers Cup Presented By National Bank,,https://www.wtatennis.com/tournaments/806/montreal/2018,Premier 5,Hard,https://www.wtatennis.com/resources/v7.31.10/i/elements/1000k-tag.svg,2018-08-06,2018-08-12,2018,8,Montreal,ROU,,CA,CAN,124,019,,America,Northern America,CAN,82.0,105.0,29010.0,64M/64Q/32D,Rogers Cup Presented By National Bank,,Ana Bogdan,,https://www.wtatennis.com/resources/v7.31.10/i/elements/flags/rou.svg,Round of 64,W,"6-4, 4-6, 6-3",https://www.wtatennis.com/players/315427/ana-bogdan,False,False,False,False,False,False,False,3,True,29,16,13,RO,ROU,642,150,Europe,Southeastern Europe,ROU,"6,4,None|4,6,None|6,3,None",
1,Mubadala Silicon Valley Classic,,https://www.wtatennis.com/tournaments/703/san-jose/2018,Premier,Hard,https://www.wtatennis.com/resources/v7.31.10/i/elements/500k-tag.svg,2018-07-30,2018-08-05,2018,7,San Jose,USA,CA,US,USA,840,019,United States of America|America|USA|US,America,Northern America,USA,258.0,1.0,1930.0,32M/16Q/16D,Mubadala Silicon Valley Classic,,Maria Sanchez,,https://www.wtatennis.com/resources/v7.31.10/i/elements/flags/usa.svg,Qualifying R1 Qual. R1,L,"6-2, 5-7, 4-6",https://www.wtatennis.com/players/313958/maria-sanchez,False,False,False,False,False,False,False,3,True,30,15,15,US,USA,840,019,America,Northern America,USA,"6,2,None|5,7,None|4,6,None",
1,Wimbledon,https://photoresources.wtatennis.com/photo-resources/2025/04/16/710d860b-bce6-40c7-8838-a6272dbf6be6/WTA-Tournament_Wimbledon.png?height=128,https://www.wtatennis.com/tournaments/904/wimbledon/2018,Grand Slam,Grass,https://www.wtatennis.com/resources/v7.31.10/i/elements/gs-tag.svg,2018-07-02,2018-07-15,2018,7,Wimbledon,ROU,,GB,GBR,826,150,,Europe,Northern Europe,ENG,28.0,10.0,53716.0,128M/128Q/64D,The Championships,,Mihaela Buzarnescu,29.0,https://www.wtatennis.com/resources/v7.31.10/i/elements/flags/rou.svg,Round of 128,L,"7-6 (3), 1-6, 4-6",https://www.wtatennis.com/players/312268/mihaela-buzarnescu,False,False,False,True,False,False,True,3,True,30,12,18,RO,ROU,642,150,Europe,Southeastern Europe,ROU,"7,6,3|1,6,None|4,6,None",
1,Nature Valley International Eastbourne,,https://www.wtatennis.com/tournaments/710/eastbourne/2018,WTA 250,Grass,https://www.wtatennis.com/resources/v7.31.10/i/elements/250k-tag.svg,2018-06-24,2018-06-30,2018,6,Eastbourne,DEN,,GB,GBR,826,150,,Europe,Northern Europe,ENG,2.0,305.0,84505.0,64M/32Q/16D,Nature Valley International Eastbourne,,Caroline Wozniacki,1.0,https://www.wtatennis.com/resources/v7.31.10/i/elements/flags/den.svg,Finals,L,"5-7, 6-7 (5)",https://www.wtatennis.com/players/313402/caroline-wozniacki,False,False,False,False,True,False,True,2,False,25,11,14,DK,DNK,208,150,Europe,Northern Europe,DEN,"5,7,None|6,7,5",
2,Nature Valley International Eastbourne,,https://www.wtatennis.com/tournaments/710/eastbourne/2018,WTA 250,Grass,https://www.wtatennis.com/resources/v7.31.10/i/elements/250k-tag.svg,2018-06-24,2018-06-30,2018,6,Eastbourne,POL,,GB,GBR,826,150,,Europe,Northern Europe,ENG,31.0,305.0,84505.0,64M/32Q/16D,Nature Valley International Eastbourne,,Agnieszka Radwanska,,https://www.wtatennis.com/resources/v7.31.10/i/elements/flags/pol.svg,Semifinals,W,"6-3, 1-6, 6-3",https://www.wtatennis.com/players/312251/agnieszka-radwanska,False,False,False,False,False,False,False,3,True,25,13,12,PL,POL,616,150,Europe,Central Europe,POL,"6,3,None|1,6,None|6,3,None",
3,Nature Valley International Eastbourne,,https://www.wtatennis.com/tournaments/710/eastbourne/2018,WTA 250,Grass,https://www.wtatennis.com/resources/v7.31.10/i/elements/250k-tag.svg,2018-06-24,2018-06-30,2018,6,Eastbourne,CZE,,GB,GBR,826,150,,Europe,Northern Europe,ENG,7.0,305.0,84505.0,64M/32Q/16D,Nature Valley International Eastbourne,,Karolina Pliskova,2.0,https://www.wtatennis.com/resources/v7.31.10/i/elements/flags/cze.svg,Quarterfinals,W,"6-3, 2-6, 7-6 (5)",https://www.wtatennis.com/players/313974/karolina-pliskova,False,False,False,False,False,True,True,3,True,30,15,15,CZ,CZE,203,150,Europe,Central Europe,CZE,"6,3,None|2,6,None|7,6,5",
4,Nature Valley International Eastbourne,,https://www.wtatennis.com/tournaments/710/eastbourne/2018,WTA 250,Grass,https://www.wtatennis.com/resources/v7.31.10/i/elements/250k-tag.svg,2018-06-24,2018-06-30,2018,6,Eastbourne,BEL,,GB,GBR,826,150,,Europe,Northern Europe,ENG,15.0,305.0,84505.0,64M/32Q/16D,Nature Valley International Eastbourne,,Elise Mertens,9.0,https://www.wtatennis.com/resources/v7.31.10/i/elements/flags/bel.svg,Round of 16,W,"7-5, 2-6, 7-6 (4)",https://www.wtatennis.com/players/317964/elise-mertens,False,False,False,False,False,True,True,3,True,33,16,17,BE,BEL,056,150,Europe,Western Europe,BEL,"7,5,None|2,6,None|7,6,4",
5,Nature Valley International Eastbourne,,https://www.wtatennis.com/tournaments/710/eastbourne/2018,WTA 250,Grass,https://www.wtatennis.com/resources/v7.31.10/i/elements/250k-tag.svg,2018-06-24,2018-06-30,2018,6,Eastbourne,GER,,GB,GBR,826,150,,Europe,Northern Europe,ENG,13.0,305.0,84505.0,64M/32Q/16D,Nature Valley International Eastbourne,,Julia Goerges,6.0,https://www.wtatennis.com/resources/v7.31.10/i/elements/flags/ger.svg,Round of 32,W,"1-6, 6-4, 6-4",https://www.wtatennis.com/players/313381/julia-goerges,False,False,False,False,False,False,False,3,False,27,13,14,DE,DEU,276,150,Europe,Central Europe,GER,"1,6,None|6,4,None|6,4,None",
6,Nature Valley International Eastbourne,,https://www.wtatennis.com/tournaments/710/eastbourne/2018,WTA 250,Grass,https://www.wtatennis.com/resources/v7.31.10/i/elements/250k-tag.svg,2018-06-24,2018-06-30,2018,6,Eastbourne,USA,,GB,GBR,826,150,United States of America|America|USA|US,Europe,Northern Europe,ENG,82.0,305.0,84505.0,64M/32Q/16D,Nature Valley International Eastbourne,,Sachia Vickery,,https://www.wtatennis.com/resources/v7.31.10/i/elements/flags/usa.svg,Round of 64,W,"4-6, 6-0, 6-1",https://www.wtatennis.com/players/317443/sachia-vickery,False,False,False,False,False,False,False,3,False,23,16,7,US,USA,840,019,America,Northern America,USA,"4,6,None|6,0,None|6,1,None",
1,Mallorca Open,,https://www.wtatennis.com/tournaments/1091/mallorca/2018,International,Grass,https://www.wtatennis.com/resources/v7.31.10/i/elements/250k-tag.svg,2018-06-18,2018-06-24,2018,6,Mallorca,BEL,,ES,ESP,724,150,,Europe,Southern Europe,ESP,44.0,1.0,2100.0,32M/32Q/16D,Mallorca Open,,Alison Van Uytvanck,,https://www.wtatennis.com/resources/v7.31.10/i/elements/flags/bel.svg,Round of 32,L,"6-3, 4-6, 2-6",https://www.wtatennis.com/players/317819/alison-van-uytvanck,False,False,False,False,False,False,False,3,True,27,12,15,BE,BEL,056,150,Europe,Western Europe,BEL,"6,3,None|4,6,None|2,6,None",
1,Libema Open,,https://www.wtatennis.com/tournaments/822/s-hertogenbosch/2018,International,Grass,https://www.wtatennis.com/resources/v7.31.10/i/elements/250k-tag.svg,2018-06-11,2018-06-17,2018,6,S-Hertogenbosch,BEL,,NL,NLD,528,150,,Europe,Western Europe,NED,60.0,60.0,6175.0,32M/32Q/16D,Libema Open,,Kirsten Flipkens,,https://www.wtatennis.com/resources/v7.31.10/i/elements/flags/bel.svg,Quarterfinals,L,"4-6, 4-6",https://www.wtatennis.com/players/310331/kirsten-flipkens,False,False,False,False,False,False,False,2,False,20,8,12,BE,BEL,056,150,Europe,Western Europe,BEL,"4,6,None|4,6,None",
2,Libema Open,,https://www.wtatennis.com/tournaments/822/s-hertogenbosch/2018,International,Grass,https://www.wtatennis.com/resources/v7.31.10/i/elements/250k-tag.svg,2018-06-11,2018-06-17,2018,6,S-Hertogenbosch,AUS,,NL,NLD,528,150,,Europe,Western Europe,NED,71.0,60.0,6175.0,32M/32Q/16D,Libema Open,,Ajla Tomljanovic,,https://www.wtatennis.com/resources/v7.31.10/i/elements/flags/aus.svg,Round of 16,W,"3-6, 7-6 (5), 6-0",https://www.wtatennis.com/players/315232/ajla-tomljanovic,False,False,False,False,True,False,True,3,False,28,16,12,AU,AUS,036,009,Oceania,Australasia,AUS,"3,6,None|7,6,5|6,0,None",
3,Libema Open,,https://www.wtatennis.com/tournaments/822/s-hertogenbosch/2018,International,Grass,https://www.wtatennis.com/resources/v7.31.10/i/elements/250k-tag.svg,2018-06-11,2018-06-17,2018,6,S-Hertogenbosch,CZE,,NL,NLD,528,150,,Europe,Western Europe,NED,104.0,60.0,6175.0,32M/32Q/16D,Libema Open,,Marketa Vondrousova,,https://www.wtatennis.com/resources/v7.31.10/i/elements/flags/cze.svg,Round of 32,W,"0-6, 7-5, 6-3",https://www.wtatennis.com/players/323027/marketa-vondrousova,False,False,False,False,False,False,False,3,False,27,13,14,CZ,CZE,203,150,Europe,Central Europe,CZE,"0,6,None|7,5,None|6,3,None",
1,Roland Garros,https://photoresources.wtatennis.com/photo-resources/2025/04/16/ddbbc328-7967-416c-a6b5-043c8c3f933e/WTA-Tournament_Roland-Garros.png?height=128,https://www.wtatennis.com/tournaments/903/roland-garros/2018,Grand Slam,Clay,https://www.wtatennis.com/resources/v7.31.10/i/elements/gs-tag.svg,2018-05-27,2018-06-10,2018,5,Paris,NED,,FR,FRA,250,150,,Europe,Western Europe,FRA,22.0,10.0,47049.0,128M/128Q/64D,Championnats Internationaux De France,,Kiki Bertens,18.0,https://www.wtatennis.com/resources/v7.31.10/i/elements/flags/ned.svg,Round of 128,L,"2-6, 1-6",https://www.wtatennis.com/players/314584/kiki-bertens,False,False,False,False,False,False,False,2,False,15,3,12,NL,NLD,528,150,Europe,Western Europe,NED,"2,6,None|1,6,None",
1,Internazionali Bnl D'Italia,https://photoresources.wtatennis.com/photo-resources/2025/04/16/51f9b6ec-ebde-417f-b706-31b0bb4cc688/WTA-Tournament_Rome-2018.png?height=128,https://www.wtatennis.com/tournaments/709/rome/2018,Premier 5,Clay,https://www.wtatennis.com/resources/v7.31.10/i/elements/1000k-tag.svg,2018-05-14,2018-05-20,2018,5,Rome,TPE,,IT,ITA,380,150,,Europe,Southern Europe,ITA,50.0,20.0,9457.0,64M/32Q/32D,Internazionali Bnl D'Italia,,Su-Wei Hsieh,,https://www.wtatennis.com/resources/v7.31.10/i/elements/flags/tpe.svg,Round of 64,L,"2-6, 4-6",https://www.wtatennis.com/players/310053/su-wei-hsieh,False,False,False,False,False,False,False,2,False,18,6,12,,,,,,,TPE,"2,6,None|4,6,None",L
2,Internazionali Bnl D'Italia,https://photoresources.wtatennis.com/photo-resources/2025/04/16/51f9b6ec-ebde-417f-b706-31b0bb4cc688/WTA-Tournament_Rome-2018.png?height=128,https://www.wtatennis.com/tournaments/709/rome/2018,Premier 5,Clay,https://www.wtatennis.com/resources/v7.31.10/i/elements/1000k-tag.svg,2018-05-14,2018-05-20,2018,5,Rome,RUS,,IT,ITA,380,150,,Europe,Southern Europe,ITA,85.0,20.0,9457.0,64M/32Q/32D,Internazionali Bnl D'Italia,,Natalia Vikhlyantseva,,https://www.wtatennis.com/resources/v7.31.10/i/elements/flags/rus.svg,Qualifying R2 Qual. R2,L,"2-6, 6-1, 4-6",https://www.wtatennis.com/players/320832/natalia-vikhlyantseva,False,False,False,False,False,False,False,3,False,25,12,13,RU,RUS,643,150,Europe,Eastern Europe,RUS,"2,6,None|6,1,None|4,6,None",L
3,Internazionali Bnl D'Italia,https://photoresources.wtatennis.com/photo-resources/2025/04/16/51f9b6ec-ebde-417f-b706-31b0bb4cc688/WTA-Tournament_Rome-2018.png?height=128,https://www.wtatennis.com/tournaments/709/rome/2018,Premier 5,Clay,https://www.wtatennis.com/resources/v7.31.10/i/elements/1000k-tag.svg,2018-05-14,2018-05-20,2018,5,Rome,USA,,IT,ITA,380,150,United States of America|America|USA|US,Europe,Southern Europe,ITA,105.0,20.0,9457.0,64M/32Q/32D,Internazionali Bnl D'Italia,,Alison Riske-Amritraj,,https://www.wtatennis.com/resources/v7.31.10/i/elements/flags/usa.svg,Qualifying R1 Qual. R1,W,"6-3, 1-6, 6-3",https://www.wtatennis.com/players/312850/alison-riske-amritraj,False,False,False,False,False,False,False,3,True,25,13,12,US,USA,840,019,America,Northern America,USA,"6,3,None|1,6,None|6,3,None",L
1,Mutua Madrid Open,https://photoresources.wtatennis.com/photo-resources/2025/04/16/993fad80-1e55-4a92-aae0-258338df5d6d/WTA-Tournament_Madrid-2023.png?height=128,https://www.wtatennis.com/tournaments/1038/madrid/2018,Premier Mandatory,Clay,https://www.wtatennis.com/resources/v7.31.10/i/elements/1000k-tag.svg,2018-05-05,2018-05-12,2018,5,Madrid,USA,,ES,ESP,724,150,United States of America|America|USA|US,Europe,Southern Europe,ESP,97.0,30.0,20395.0,64M/32Q/32D,Mutua Madrid Open,,Bernarda Pera,,https://www.wtatennis.com/resources/v7.31.10/i/elements/flags/usa.svg,Round of 64,L,"4-6, 6-2, 3-6",https://www.wtatennis.com/players/317708/bernarda-pera,False,False,False,False,False,False,False,3,False,27,13,14,US,USA,840,019,America,Northern America,USA,"4,6,None|6,2,None|3,6,None",Q
2,Mutua Madrid Open,https://photoresources.wtatennis.com/photo-resources/2025/04/16/993fad80-1e55-4a92-aae0-258338df5d6d/WTA-Tournament_Madrid-2023.png?height=128,https://www.wtatennis.com/tournaments/1038/madrid/2018,Premier Mandatory,Clay,https://www.wtatennis.com/resources/v7.31.10/i/elements/1000k-tag.svg,2018-05-05,2018-05-12,2018,5,Madrid,SRB,,ES,ESP,724,150,,Europe,Southern Europe,ESP,254.0,30.0,20395.0,64M/32Q/32D,Mutua Madrid Open,,Olga Danilovic,,https://www.wtatennis.com/resources/v7.31.10/i/elements/flags/srb.svg,Qualifying R2 Qual. R2,W,"6-4, 6-2",https://www.wtatennis.com/players/324934/olga-danilovic,False,False,False,False,False,False,False,2,True,18,12,6,RS,SRB,688,150,Europe,Southeastern Europe,SRB,"6,4,None|6,2,None",Q
3,Mutua Madrid Open,https://photoresources.wtatennis.com/photo-resources/2025/04/16/993fad80-1e55-4a92-aae0-258338df5d6d/WTA-Tournament_Madrid-2023.png?height=128,https://www.wtatennis.com/tournaments/1038/madrid/2018,Premier Mandatory,Clay,https://www.wtatennis.com/resources/v7.31.10/i/elements/1000k-tag.svg,2018-05-05,2018-05-12,2018,5,Madrid,ESP,,ES,ESP,724,150,Kingdom of Spain,Europe,Southern Europe,ESP,9999.0,30.0,20395.0,64M/32Q/32D,Mutua Madrid Open,,Carlota Martinez Cirez,,https://www.wtatennis.com/resources/v7.31.10/i/elements/flags/esp.svg,Qualifying R1 Qual. R1,W,"6-1, 7-6 (5)",https://www.wtatennis.com/players/326911/carlota-martinez-cirez,False,False,False,False,True,False,True,2,True,20,13,7,ES,ESP,724,150,Europe,Southern Europe,ESP,"6,1,None|7,6,5",Q
1,Teb Bnp Paribas Istanbul Cup,,https://www.wtatennis.com/tournaments/1027/istanbul/2018,International,Clay,https://www.wtatennis.com/resources/v7.31.10/i/elements/250k-tag.svg,2018-04-23,2018-04-29,2018,4,Istanbul,SLO,,TR,TUR,792,142,,Asia,Western Asia,TUR,75.0,1.0,2100.0,32M/32Q/16D,Teb Bnp Paribas Istanbul Cup,,Polona Hercog,,https://www.wtatennis.com/resources/v7.31.10/i/elements/flags/slo.svg,Round of 32,L,"2-6, 5-7",https://www.wtatennis.com/players/313968/polona-hercog,False,False,False,False,False,False,False,2,False,20,7,13,,,,,,,SLO,"2,6,None|5,7,None",
1,Fed Cup World Group (Playoffs) Wk2,https://www.wtatennis.com/resources/v7.31.10/i/elements/itf.png,,ITF,Hard,https://www.wtatennis.com/resources/v7.31.10/i/elements/itf.png,2018-04-21,2018-04-22,2018,4,Minsk,SVK,,BY,BLR,112,150,,Europe,Eastern Europe,BLR,106.0,,,8M/0Q/2D,Fed Cup World Group (Playoffs) Wk2,,Viktoria Hruncakova,,https://www.wtatennis.com/resources/v7.31.10/i/elements/flags/svk.svg,Round 2 R2,L,"2-6, 6-2, 6-7 (5)",https://www.wtatennis.com/players/322277/viktoria-hruncakova,False,False,False,False,False,True,True,3,False,29,14,15,SK,SVK,703,150,Europe,Central Europe,SVK,"2,6,None|6,2,None|6,7,5",
2,Fed Cup World Group (Playoffs) Wk2,https://www.wtatennis.com/resources/v7.31.10/i/elements/itf.png,,ITF,Hard,https://www.wtatennis.com/resources/v7.31.10/i/elements/itf.png,2018-04-21,2018-04-22,2018,4,Minsk,SVK,,BY,BLR,112,150,,Europe,Eastern Europe,BLR,84.0,,,8M/0Q/2D,Fed Cup World Group (Playoffs) Wk2,,Anna Karolina Schmiedlova,,https://www.wtatennis.com/resources/v7.31.10/i/elements/flags/svk.svg,Round 2 R2,W,"6-3, 6-4",https://www.wtatennis.com/players/318203/anna-karolina-schmiedlova,False,False,False,False,False,False,False,2,True,19,12,7,SK,SVK,703,150,Europe,Central Europe,SVK,"6,3,None|6,4,None",
1,Samsung Open Presented By Corner,,https://www.wtatennis.com/tournaments/1101/lugano/2018,International,Clay,https://www.wtatennis.com/resources/v7.31.10/i/elements/250k-tag.svg,2018-04-09,2018-04-15,2018,4,Lugano,BEL,,CH,CHE,756,150,,Europe,Central Europe,SUI,20.0,180.0,21400.0,32M/32Q/16D,Samsung Open Presented By Corner,,Elise Mertens,2.0,https://www.wtatennis.com/resources/v7.31.10/i/elements/flags/bel.svg,Finals,L,"5-7, 2-6",https://www.wtatennis.com/players/317964/elise-mertens,False,False,False,False,False,False,False,2,False,20,7,13,BE,BEL,056,150,Europe,Western Europe,BEL,"5,7,None|2,6,None",
2,Samsung Open Presented By Corner,,https://www.wtatennis.com/tournaments/1101/lugano/2018,International,Clay,https://www.wtatennis.com/resources/v7.31.10/i/elements/250k-tag.svg,2018-04-09,2018-04-15,2018,4,Lugano,SUI,,CH,CHE,756,150,,Europe,Central Europe,SUI,119.0,180.0,21400.0,32M/32Q/16D,Samsung Open Presented By Corner,,Stefanie Voegele,,https://www.wtatennis.com/resources/v7.31.10/i/elements/flags/sui.svg,Semifinals,W,"6-4, 6-2",https://www.wtatennis.com/players/312336/stefanie-voegele,False,False,False,False,False,False,False,2,True,18,12,6,CH,CHE,756,150,Europe,Central Europe,SUI,"6,4,None|6,2,None",
3,Samsung Open Presented By Corner,,https://www.wtatennis.com/tournaments/1101/lugano/2018,International,Clay,https://www.wtatennis.com/resources/v7.31.10/i/elements/250k-tag.svg,2018-04-09,2018-04-15,2018,4,Lugano,ITA,,CH,CHE,756,150,,Europe,Central Europe,SUI,59.0,180.0,21400.0,32M/32Q/16D,Samsung Open Presented By Corner,,Camila Giorgi,,https://www.wtatennis.com/resources/v7.31.10/i/elements/flags/ita.svg,Quarterfinals,W,"6-3, 6-0",https://www.wtatennis.com/players/314610/camila-giorgi,False,False,False,False,False,False,False,2,True,15,12,3,IT,ITA,380,150,Europe,Southern Europe,ITA,"6,3,None|6,0,None",
4,Samsung Open Presented By Corner,,https://www.wtatennis.com/tournaments/1101/lugano/2018,International,Clay,https://www.wtatennis.com/resources/v7.31.10/i/elements/250k-tag.svg,2018-04-09,2018-04-15,2018,4,Lugano,SLO,,CH,CHE,756,150,,Europe,Central Europe,SUI,80.0,180.0,21400.0,32M/32Q/16D,Samsung Open Presented By Corner,,Polona Hercog,,https://www.wtatennis.com/resources/v7.31.10/i/elements/flags/slo.svg,Round of 16,W,"6-3, 6-1",https://www.wtatennis.com/players/313968/polona-hercog,False,False,False,False,False,False,False,2,True,16,12,4,,,,,,,SLO,"6,3,None|6,1,None",
5,Samsung Open Presented By Corner,,https://www.wtatennis.com/tournaments/1101/lugano/2018,International,Clay,https://www.wtatennis.com/resources/v7.31.10/i/elements/250k-tag.svg,2018-04-09,2018-04-15,2018,4,Lugano,ROU,,CH,CHE,756,150,,Europe,Central Europe,SUI,40.0,180.0,21400.0,32M/32Q/16D,Samsung Open Presented By Corner,,Mihaela Buzarnescu,7.0,https://www.wtatennis.com/resources/v7.31.10/i/elements/flags/rou.svg,Round of 32,W,"5-7, 6-3, 6-2",https://www.wtatennis.com/players/312268/mihaela-buzarnescu,False,False,False,False,False,False,False,3,False,29,17,12,RO,ROU,642,150,Europe,Southeastern Europe,ROU,"5,7,None|6,3,None|6,2,None",
1,Miami Open Presented By Itau,https://photoresources.wtatennis.com/photo-resources/2025/04/16/ad3c213f-6323-4422-bb86-ff92e8cb213c/WTA-Tournament_Miami-2024.png?height=128,https://www.wtatennis.com/tournaments/902/miami/2018,Premier Mandatory,Hard,https://www.wtatennis.com/resources/v7.31.10/i/elements/1000k-tag.svg,2018-03-20,2018-03-31,2018,3,Miami,CZE,FL,US,USA,840,019,,America,Northern America,USA,9.0,35.0,25465.0,128M/64Q/32D,Miami Open Presented By Itau,,Petra Kvitova,9.0,https://www.wtatennis.com/resources/v7.31.10/i/elements/flags/cze.svg,Round of 64,L,"5-7, 6-3, 3-6",https://www.wtatennis.com/players/314206/petra-kvitova,False,False,False,False,False,False,False,3,False,30,14,16,CZ,CZE,203,150,Europe,Central Europe,CZE,"5,7,None|6,3,None|3,6,None",
2,Miami Open Presented By Itau,https://photoresources.wtatennis.com/photo-resources/2025/04/16/ad3c213f-6323-4422-bb86-ff92e8cb213c/WTA-Tournament_Miami-2024.png?height=128,https://www.wtatennis.com/tournaments/902/miami/2018,Premier Mandatory,Hard,https://www.wtatennis.com/resources/v7.31.10/i/elements/1000k-tag.svg,2018-03-20,2018-03-31,2018,3,Miami,USA,FL,US,USA,840,019,United States of America|America|USA|US,America,Northern America,USA,77.0,35.0,25465.0,128M/64Q/32D,Miami Open Presented By Itau,,Madison Brengle,,https://www.wtatennis.com/resources/v7.31.10/i/elements/flags/usa.svg,Round of 128,W,"6-1, 6-4",https://www.wtatennis.com/players/312328/madison-brengle,False,False,False,False,False,False,False,2,True,17,12,5,US,USA,840,019,America,Northern America,USA,"6,1,None|6,4,None",
1,Bnp Paribas Open,https://photoresources.wtatennis.com/photo-resources/2025/04/16/e155ccb6-5daf-4a93-8fa1-a30ce14c2704/WTA-Tournament_Indian-Wells-2017.png?height=128,https://www.wtatennis.com/tournaments/609/indian-wells/2018,Premier Mandatory,Hard,https://www.wtatennis.com/resources/v7.31.10/i/elements/1000k-tag.svg,2018-03-07,2018-03-18,2018,3,Indian Wells,CZE,CA,US,USA,840,019,,America,Northern America,USA,54.0,65.0,47170.0,128M/64Q/32D,Bnp Paribas Open,,Marketa Vondrousova,,https://www.wtatennis.com/resources/v7.31.10/i/elements/flags/cze.svg,Round of 32,L,"2-6, 2-6",https://www.wtatennis.com/players/323027/marketa-vondrousova,False,False,False,False,False,False,False,2,False,16,4,12,CZ,CZE,203,150,Europe,Central Europe,CZE,"2,6,None|2,6,None",
2,Bnp Paribas Open,https://photoresources.wtatennis.com/photo-resources/2025/04/16/e155ccb6-5daf-4a93-8fa1-a30ce14c2704/WTA-Tournament_Indian-Wells-2017.png?height=128,https://www.wtatennis.com/tournaments/609/indian-wells/2018,Premier Mandatory,Hard,https://www.wtatennis.com/resources/v7.31.10/i/elements/1000k-tag.svg,2018-03-07,2018-03-18,2018,3,Indian Wells,RUS,CA,US,USA,840,019,,America,Northern America,USA,18.0,65.0,47170.0,128M/64Q/32D,Bnp Paribas Open,,Svetlana Kuznetsova,19.0,https://www.wtatennis.com/resources/v7.31.10/i/elements/flags/rus.svg,Round of 64,W,"6-4, 6-3",https://www.wtatennis.com/players/110552/svetlana-kuznetsova,False,False,False,False,False,False,False,2,True,19,12,7,RU,RUS,643,150,Europe,Eastern Europe,RUS,"6,4,None|6,3,None",
3,Bnp Paribas Open,https://photoresources.wtatennis.com/photo-resources/2025/04/16/e155ccb6-5daf-4a93-8fa1-a30ce14c2704/WTA-Tournament_Indian-Wells-2017.png?height=128,https://www.wtatennis.com/tournaments/609/indian-wells/2018,Premier Mandatory,Hard,https://www.wtatennis.com/resources/v7.31.10/i/elements/1000k-tag.svg,2018-03-07,2018-03-18,2018,3,Indian Wells,USA,CA,US,USA,840,019,United States of America|America|USA|US,America,Northern America,USA,66.0,65.0,47170.0,128M/64Q/32D,Bnp Paribas Open,,Varvara Lepchenko,,https://www.wtatennis.com/resources/v7.31.10/i/elements/flags/usa.svg,Round of 128,W,"7-5, 6-1",https://www.wtatennis.com/players/120420/varvara-lepchenko,False,False,False,False,False,False,False,2,True,19,13,6,US,USA,840,019,America,Northern America,USA,"7,5,None|6,1,None",
1,Dubai Duty Free Tennis Championships,https://photoresources.wtatennis.com/photo-resources/2025/04/16/aa274c10-fd33-4715-ac0e-d74441b27a54/WTA-Tournament_Dubai-2017.png?height=128,https://www.wtatennis.com/tournaments/718/dubai/2018,Premier,Hard,https://www.wtatennis.com/resources/v7.31.10/i/elements/500k-tag.svg,2018-02-19,2018-02-24,2018,2,Dubai,ITA,,AE,ARE,784,142,,Asia,Western Asia,UAE,143.0,18.0,7123.0,32M/32Q/16D,Dubai Duty Free Tennis Championships,,Sara Errani,,https://www.wtatennis.com/resources/v7.31.10/i/elements/flags/ita.svg,Qualifying R3 Qual. R3,L,"2-6, 6-1, 6-7 (4)",https://www.wtatennis.com/players/310761/sara-errani,False,False,False,False,False,True,True,3,False,28,14,14,IT,ITA,380,150,Europe,Southern Europe,ITA,"2,6,None|6,1,None|6,7,4",
2,Dubai Duty Free Tennis Championships,https://photoresources.wtatennis.com/photo-resources/2025/04/16/aa274c10-fd33-4715-ac0e-d74441b27a54/WTA-Tournament_Dubai-2017.png?height=128,https://www.wtatennis.com/tournaments/718/dubai/2018,Premier,Hard,https://www.wtatennis.com/resources/v7.31.10/i/elements/500k-tag.svg,2018-02-19,2018-02-24,2018,2,Dubai,JPN,,AE,ARE,784,142,,Asia,Western Asia,UAE,129.0,18.0,7123.0,32M/32Q/16D,Dubai Duty Free Tennis Championships,,Miyu Kato,,https://www.wtatennis.com/resources/v7.31.10/i/elements/flags/jpn.svg,Qualifying R2 Qual. R2,W,"6-3, 6-4",https://www.wtatennis.com/players/317612/miyu-kato,False,False,False,False,False,False,False,2,True,19,12,7,JP,JPN,392,142,Asia,East Asia,JPN,"6,3,None|6,4,None",
3,Dubai Duty Free Tennis Championships,https://photoresources.wtatennis.com/photo-resources/2025/04/16/aa274c10-fd33-4715-ac0e-d74441b27a54/WTA-Tournament_Dubai-2017.png?height=128,https://www.wtatennis.com/tournaments/718/dubai/2018,Premier,Hard,https://www.wtatennis.com/resources/v7.31.10/i/elements/500k-tag.svg,2018-02-19,2018-02-24,2018,2,Dubai,CHN,,AE,ARE,784,142,,Asia,Western Asia,UAE,120.0,18.0,7123.0,32M/32Q/16D,Dubai Duty Free Tennis Championships,,Lin Zhu,,https://www.wtatennis.com/resources/v7.31.10/i/elements/flags/chn.svg,Qualifying R1 Qual. R1,W,"6-1, 6-3",https://www.wtatennis.com/players/317306/lin-zhu,False,False,False,False,False,False,False,2,True,16,12,4,CN,CHN,156,142,Asia,East Asia,CHN,"6,1,None|6,3,None",
1,Fed Cup World Group Week 1,https://www.wtatennis.com/resources/v7.31.10/i/elements/itf.png,,ITF,Hard,https://www.wtatennis.com/resources/v7.31.10/i/elements/itf.png,2018-02-10,2018-02-11,2018,2,Minsk,GER,,BY,BLR,112,150,,Europe,Eastern Europe,BLR,58.0,,,8M/0Q/2D,Fed Cup World Group Week 1,,Tatjana Maria,,https://www.wtatennis.com/resources/v7.31.10/i/elements/flags/ger.svg,Round 1 R1,W,"4-6, 6-1, 6-2",https://www.wtatennis.com/players/310440/tatjana-maria,False,False,False,False,False,False,False,3,False,25,16,9,DE,DEU,276,150,Europe,Central Europe,GER,"4,6,None|6,1,None|6,2,None",
2,Fed Cup World Group Week 1,https://www.wtatennis.com/resources/v7.31.10/i/elements/itf.png,,ITF,Hard,https://www.wtatennis.com/resources/v7.31.10/i/elements/itf.png,2018-02-10,2018-02-11,2018,2,Minsk,GER,,BY,BLR,112,150,,Europe,Eastern Europe,BLR,149.0,,,8M/0Q/2D,Fed Cup World Group Week 1,,Antonia Lottner,,https://www.wtatennis.com/resources/v7.31.10/i/elements/flags/ger.svg,Round 1 R1,W,"6-3, 5-7, 6-2",https://www.wtatennis.com/players/318494/antonia-lottner,False,False,False,False,False,False,False,3,True,29,17,12,DE,DEU,276,150,Europe,Central Europe,GER,"6,3,None|5,7,None|6,2,None",
1,Australian Open,https://photoresources.wtatennis.com/photo-resources/2025/04/16/20886615-8c76-4d00-b747-7946c3692df2/WTA-Tournament_Australian-Open.png?height=128,https://www.wtatennis.com/tournaments/901/australian-open/2018,Grand Slam,Hard,https://www.wtatennis.com/resources/v7.31.10/i/elements/gs-tag.svg,2018-01-15,2018-01-28,2018,1,Melbourne,AUS,,AU,AUS,036,009,,Oceania,Australasia,AUS,17.0,10.0,45524.0,128M/128Q/64D,Australian Open,,Ashleigh Barty,18.0,https://www.wtatennis.com/resources/v7.31.10/i/elements/flags/aus.svg,Round of 128,L,"7-6 (2), 4-6, 4-6",https://www.wtatennis.com/players/318033/ashleigh-barty,False,False,False,True,False,False,True,3,True,33,15,18,AU,AUS,036,009,Oceania,Australasia,AUS,"7,6,2|4,6,None|4,6,None",
1,Hobart International,,https://www.wtatennis.com/tournaments/1050/hobart/2018,International,Hard,https://www.wtatennis.com/resources/v7.31.10/i/elements/250k-tag.svg,2018-01-07,2018-01-13,2018,1,Hobart,UKR,,AU,AUS,036,009,,Oceania,Australasia,AUS,43.0,60.0,6175.0,32M/32Q/16D,Hobart International,,Lesia Tsurenko,5.0,https://www.wtatennis.com/resources/v7.31.10/i/elements/flags/ukr.svg,Quarterfinals,L,"1-6, 1-6",https://www.wtatennis.com/players/315295/lesia-tsurenko,False,False,False,False,False,False,False,2,False,14,2,12,UA,UKR,804,150,Europe,Eastern Europe,UKR,"1,6,None|1,6,None",
2,Hobart International,,https://www.wtatennis.com/tournaments/1050/hobart/2018,International,Hard,https://www.wtatennis.com/resources/v7.31.10/i/elements/250k-tag.svg,2018-01-07,2018-01-13,2018,1,Hobart,CHN,,AU,AUS,036,009,,Oceania,Australasia,AUS,35.0,60.0,6175.0,32M/32Q/16D,Hobart International,,Shuai Zhang,1.0,https://www.wtatennis.com/resources/v7.31.10/i/elements/flags/chn.svg,Round of 16,W,"7-6 (3), 6-4",https://www.wtatennis.com/players/311779/shuai-zhang,False,False,False,True,False,False,True,2,True,23,13,10,CN,CHN,156,142,Asia,East Asia,CHN,"7,6,3|6,4,None",
3,Hobart International,,https://www.wtatennis.com/tournaments/1050/hobart/2018,International,Hard,https://www.wtatennis.com/resources/v7.31.10/i/elements/250k-tag.svg,2018-01-07,2018-01-13,2018,1,Hobart,CAN,,AU,AUS,036,009,,Oceania,Australasia,AUS,83.0,60.0,6175.0,32M/32Q/16D,Hobart International,,Eugenie Bouchard,,https://www.wtatennis.com/resources/v7.31.10/i/elements/flags/can.svg,Round of 32,W,"6-4, 6-3",https://www.wtatennis.com/players/316161/eugenie-bouchard,False,False,False,False,False,False,False,2,True,19,12,7,CA,CAN,124,019,America,Northern America,CAN,"6,4,None|6,3,None",
1,Shenzhen Open,,https://www.wtatennis.com/tournaments/1063/shenzhen/2018,International,Hard,https://www.wtatennis.com/resources/v7.31.10/i/elements/250k-tag.svg,2018-12-31,2018-01-06,2018,12,Shenzhen,ROU,,CN,CHN,156,142,,Asia,East Asia,CHN,1.0,60.0,13121.0,32M/16Q/16D,Shenzhen Open,,Simona Halep,1.0,https://www.wtatennis.com/resources/v7.31.10/i/elements/flags/rou.svg,Quarterfinals,L,"2-6, 2-6",https://www.wtatennis.com/players/314320/simona-halep,False,False,False,False,False,False,False,2,False,16,4,12,RO,ROU,642,150,Europe,Southeastern Europe,ROU,"2,6,None|2,6,None",
2,Shenzhen Open,,https://www.wtatennis.com/tournaments/1063/shenzhen/2018,International,Hard,https://www.wtatennis.com/resources/v7.31.10/i/elements/250k-tag.svg,2018-12-31,2018-01-06,2018,12,Shenzhen,MNE,,CN,CHN,156,142,,Asia,East Asia,CHN,123.0,60.0,13121.0,32M/16Q/16D,Shenzhen Open,,Danka Kovinic,,https://www.wtatennis.com/resources/v7.31.10/i/elements/flags/mne.svg,Round of 16,W,"6-1, 6-0",https://www.wtatennis.com/players/317684/danka-kovinic,False,False,False,False,False,False,False,2,True,13,12,1,ME,MNE,499,150,Europe,Southeastern Europe,MNE,"6,1,None|6,0,None",
3,Shenzhen Open,,https://www.wtatennis.com/tournaments/1063/shenzhen/2018,International,Hard,https://www.wtatennis.com/resources/v7.31.10/i/elements/250k-tag.svg,2018-12-31,2018-01-06,2018,12,Shenzhen,ROU,,CN,CHN,156,142,,Asia,East Asia,CHN,79.0,60.0,13121.0,32M/16Q/16D,Shenzhen Open,,Monica Niculescu,,https://www.wtatennis.com/resources/v7.31.10/i/elements/flags/rou.svg,Round of 32,W,"6-4, 6-4",https://www.wtatennis.com/players/310775/monica-niculescu,False,False,False,False,False,False,False,2,True,20,12,8,RO,ROU,642,150,Europe,Southeastern Europe,ROU,"6,4,None|6,4,None",
1,L&T Mumbai Open,,https://www.wtatennis.com/tournaments/1100/mumbai-125/2017,125K,Hard,https://www.wtatennis.com/resources/v7.31.10/i/elements/125k-tag.svg,2017-11-20,2017-11-26,2017,11,Mumbai,SLO,,IN,IND,356,142,,Asia,South Asia,IND,252.0,160.0,20000.0,32M/16Q/16D,L&T Mumbai Open,,Dalila Jakupovic,,https://www.wtatennis.com/resources/v7.31.10/i/elements/flags/slo.svg,Finals,W,"6-2, 6-3",https://www.wtatennis.com/players/315294/dalila-jakupovic,False,False,False,False,False,False,False,2,True,17,12,5,,,,,,,SLO,"6,2,None|6,3,None",
2,L&T Mumbai Open,,https://www.wtatennis.com/tournaments/1100/mumbai-125/2017,125K,Hard,https://www.wtatennis.com/resources/v7.31.10/i/elements/125k-tag.svg,2017-11-20,2017-11-26,2017,11,Mumbai,FRA,,IN,IND,356,142,,Asia,South Asia,IND,265.0,160.0,20000.0,32M/16Q/16D,L&T Mumbai Open,,Amandine Hesse,,https://www.wtatennis.com/resources/v7.31.10/i/elements/flags/fra.svg,Semifinals,W,"6-2, 6-3",https://www.wtatennis.com/players/315148/amandine-hesse,False,False,False,False,False,False,False,2,True,17,12,5,FR,FRA,250,150,Europe,Western Europe,FRA,"6,2,None|6,3,None",
3,L&T Mumbai Open,,https://www.wtatennis.com/tournaments/1100/mumbai-125/2017,125K,Hard,https://www.wtatennis.com/resources/v7.31.10/i/elements/125k-tag.svg,2017-11-20,2017-11-26,2017,11,Mumbai,GBR,,IN,IND,356,142,Britain|UK|Great Britain|United Kingdom,Asia,South Asia,IND,117.0,160.0,20000.0,32M/16Q/16D,L&T Mumbai Open,,Naomi Broady,5.0,https://www.wtatennis.com/resources/v7.31.10/i/elements/flags/gbr.svg,Quarterfinals,W,"6-4, 6-2",https://www.wtatennis.com/players/313941/naomi-broady,False,False,False,False,False,False,False,2,True,18,12,6,GB,GBR,826,150,Europe,Northern Europe,ENG,"6,4,None|6,2,None",
4,L&T Mumbai Open,,https://www.wtatennis.com/tournaments/1100/mumbai-125/2017,125K,Hard,https://www.wtatennis.com/resources/v7.31.10/i/elements/125k-tag.svg,2017-11-20,2017-11-26,2017,11,Mumbai,CHN,,IN,IND,356,142,,Asia,South Asia,IND,207.0,160.0,20000.0,32M/16Q/16D,L&T Mumbai Open,,Jia-Jing Lu,,https://www.wtatennis.com/resources/v7.31.10/i/elements/flags/chn.svg,Round of 16,W,"6-7 (5), 6-2, 7-6 (4)",https://www.wtatennis.com/players/313225/jia-jing-lu,False,False,False,True,False,True,True,3,False,34,19,15,CN,CHN,156,142,Asia,East Asia,CHN,"6,7,5|6,2,None|7,6,4",
5,L&T Mumbai Open,,https://www.wtatennis.com/tournaments/1100/mumbai-125/2017,125K,Hard,https://www.wtatennis.com/resources/v7.31.10/i/elements/125k-tag.svg,2017-11-20,2017-11-26,2017,11,Mumbai,AUS,,IN,IND,356,142,,Asia,South Asia,IND,214.0,160.0,20000.0,32M/16Q/16D,L&T Mumbai Open,,Priscilla Hon,,https://www.wtatennis.com/resources/v7.31.10/i/elements/flags/aus.svg,Round of 32,W,"7-5, 6-1",https://www.wtatennis.com/players/320543/priscilla-hon,False,False,False,False,False,False,False,2,True,19,13,6,AU,AUS,036,009,Oceania,Australasia,AUS,"7,5,None|6,1,None",
1,Taipei Oec Open,,https://www.wtatennis.com/tournaments/1059/taipei/2017,125K,Carpet,https://www.wtatennis.com/resources/v7.31.10/i/elements/125k-tag.svg,2017-11-13,2017-11-19,2017,11,Taipei,SUI,,,,,,,,,Chinese Taipei,116.0,15.0,2000.0,32M/16Q/16D,Taipei Oec Open,,Viktorija Golubic,,https://www.wtatennis.com/resources/v7.31.10/i/elements/flags/sui.svg,Round of 16,L,"5-7, 3-6",https://www.wtatennis.com/players/316296/viktorija-golubic,False,False,False,False,False,False,False,2,False,21,8,13,CH,CHE,756,150,Europe,Central Europe,SUI,"5,7,None|3,6,None",
2,Taipei Oec Open,,https://www.wtatennis.com/tournaments/1059/taipei/2017,125K,Carpet,https://www.wtatennis.com/resources/v7.31.10/i/elements/125k-tag.svg,2017-11-13,2017-11-19,2017,11,Taipei,JPN,,,,,,,,,Chinese Taipei,121.0,15.0,2000.0,32M/16Q/16D,Taipei Oec Open,,Misaki Doi,,https://www.wtatennis.com/resources/v7.31.10/i/elements/flags/jpn.svg,Round of 32,W,"7-6 (5), 1-6, 6-3",https://www.wtatennis.com/players/314237/misaki-doi,False,False,False,True,False,False,True,3,True,29,14,15,JP,JPN,392,142,Asia,East Asia,JPN,"7,6,5|1,6,None|6,3,None",
1,Fed Cup World Group Final,https://www.wtatennis.com/resources/v7.31.10/i/elements/itf.png,,ITF,Hard,https://www.wtatennis.com/resources/v7.31.10/i/elements/itf.png,2017-11-11,2017-11-12,2017,11,Minsk,USA,,BY,BLR,112,150,United States of America|America|USA|US,Europe,Eastern Europe,BLR,13.0,,,8M/0Q/2D,Fed Cup World Group Final,,Sloane Stephens,,https://www.wtatennis.com/resources/v7.31.10/i/elements/flags/usa.svg,Round 4 R4,W,"6-3, 3-6, 6-4",https://www.wtatennis.com/players/315683/sloane-stephens,False,False,False,False,False,False,False,3,True,28,15,13,US,USA,840,019,America,Northern America,USA,"6,3,None|3,6,None|6,4,None",
2,Fed Cup World Group Final,https://www.wtatennis.com/resources/v7.31.10/i/elements/itf.png,,ITF,Hard,https://www.wtatennis.com/resources/v7.31.10/i/elements/itf.png,2017-11-11,2017-11-12,2017,11,Minsk,USA,,BY,BLR,112,150,United States of America|America|USA|US,Europe,Eastern Europe,BLR,10.0,,,8M/0Q/2D,Fed Cup World Group Final,,Coco Vandeweghe,,https://www.wtatennis.com/resources/v7.31.10/i/elements/flags/usa.svg,Round 4 R4,L,"6-7 (5), 1-6",https://www.wtatennis.com/players/314464/coco-vandeweghe,False,False,False,True,False,False,True,2,False,20,7,13,US,USA,840,019,America,Northern America,USA,"6,7,5|1,6,None",
1,Tianjin Open,,https://www.wtatennis.com/tournaments/1076/tianjin/2017,International,Hard,https://www.wtatennis.com/resources/v7.31.10/i/elements/250k-tag.svg,2017-10-09,2017-10-15,2017,10,Tianjin,RUS,,CN,CHN,156,142,,Asia,East Asia,CHN,86.0,180.0,55324.0,32M/32Q/16D,Tianjin Open,,Maria Sharapova,,https://www.wtatennis.com/resources/v7.31.10/i/elements/flags/rus.svg,Finals,L,"5-7, 6-7 (8)",https://www.wtatennis.com/players/310137/maria-sharapova,False,False,False,False,True,False,True,2,False,25,11,14,RU,RUS,643,150,Europe,Eastern Europe,RUS,"5,7,None|6,7,8",
2,Tianjin Open,,https://www.wtatennis.com/tournaments/1076/tianjin/2017,International,Hard,https://www.wtatennis.com/resources/v7.31.10/i/elements/250k-tag.svg,2017-10-09,2017-10-15,2017,10,Tianjin,ITA,,CN,CHN,156,142,,Asia,East Asia,CHN,280.0,180.0,55324.0,32M/32Q/16D,Tianjin Open,,Sara Errani,,https://www.wtatennis.com/resources/v7.31.10/i/elements/flags/ita.svg,Semifinals,W,"6-1, 6-3",https://www.wtatennis.com/players/310761/sara-errani,False,False,False,False,False,False,False,2,True,16,12,4,IT,ITA,380,150,Europe,Southern Europe,ITA,"6,1,None|6,3,None",
3,Tianjin Open,,https://www.wtatennis.com/tournaments/1076/tianjin/2017,International,Hard,https://www.wtatennis.com/resources/v7.31.10/i/elements/250k-tag.svg,2017-10-09,2017-10-15,2017,10,Tianjin,CHN,,CN,CHN,156,142,,Asia,East Asia,CHN,113.0,180.0,55324.0,32M/32Q/16D,Tianjin Open,,Lin Zhu,,https://www.wtatennis.com/resources/v7.31.10/i/elements/flags/chn.svg,Quarterfinals,W,"6-3, 6-4",https://www.wtatennis.com/players/317306/lin-zhu,False,False,False,False,False,False,False,2,True,19,12,7,CN,CHN,156,142,Asia,East Asia,CHN,"6,3,None|6,4,None",
4,Tianjin Open,,https://www.wtatennis.com/tournaments/1076/tianjin/2017,International,Hard,https://www.wtatennis.com/resources/v7.31.10/i/elements/250k-tag.svg,2017-10-09,2017-10-15,2017,10,Tianjin,CHN,,CN,CHN,156,142,,Asia,East Asia,CHN,93.0,180.0,55324.0,32M/32Q/16D,Tianjin Open,,Yingying Duan,,https://www.wtatennis.com/resources/v7.31.10/i/elements/flags/chn.svg,Round of 16,W,"6-3, 6-3",https://www.wtatennis.com/players/314492/yingying-duan,False,False,False,False,False,False,False,2,True,18,12,6,CN,CHN,156,142,Asia,East Asia,CHN,"6,3,None|6,3,None",
5,Tianjin Open,,https://www.wtatennis.com/tournaments/1076/tianjin/2017,International,Hard,https://www.wtatennis.com/resources/v7.31.10/i/elements/250k-tag.svg,2017-10-09,2017-10-15,2017,10,Tianjin,CHN,,CN,CHN,156,142,,Asia,East Asia,CHN,129.0,180.0,55324.0,32M/32Q/16D,Tianjin Open,,Xinyun Han,,https://www.wtatennis.com/resources/v7.31.10/i/elements/flags/chn.svg,Round of 32,W,"6-3, 6-3",https://www.wtatennis.com/players/312636/xinyun-han,False,False,False,False,False,False,False,2,True,18,12,6,CN,CHN,156,142,Asia,East Asia,CHN,"6,3,None|6,3,None",
1,China Open,,https://www.wtatennis.com/tournaments/1020/beijing/2017,Premier Mandatory,Hard,https://www.wtatennis.com/resources/v7.31.10/i/elements/1000k-tag.svg,2017-09-30,2017-10-08,2017,9,Beijing,USA,,CN,CHN,156,142,United States of America|America|USA|US,Asia,East Asia,CHN,71.0,2.0,3090.0,64M/32Q/32D,China Open,,Christina Mchale,11.0,https://www.wtatennis.com/resources/v7.31.10/i/elements/flags/usa.svg,Qualifying R1 Qual. R1,L,"6-1, 1-6, 4-6",https://www.wtatennis.com/players/314917/christina-mchale,False,False,False,False,False,False,False,3,True,24,11,13,US,USA,840,019,America,Northern America,USA,"6,1,None|1,6,None|4,6,None",
1,Tashkent Open,,https://www.wtatennis.com/tournaments/825/tashkent/2017,International,Hard,https://www.wtatennis.com/resources/v7.31.10/i/elements/250k-tag.svg,2017-09-25,2017-09-30,2017,9,Tashkent,HUN,,UZ,UZB,860,142,,Asia,Central Asia,UZB,52.0,110.0,11500.0,32M/16Q/16D,Tashkent Open,,Timea Babos,2.0,https://www.wtatennis.com/resources/v7.31.10/i/elements/flags/hun.svg,Semifinals,L,"1-6, 4-6",https://www.wtatennis.com/players/317070/timea-babos,False,False,False,False,False,False,False,2,False,17,5,12,HU,HUN,348,150,Europe,Central Europe,HUN,"1,6,None|4,6,None",
2,Tashkent Open,,https://www.wtatennis.com/tournaments/825/tashkent/2017,International,Hard,https://www.wtatennis.com/resources/v7.31.10/i/elements/250k-tag.svg,2017-09-25,2017-09-30,2017,9,Tashkent,UKR,,UZ,UZB,860,142,,Asia,Central Asia,UZB,71.0,110.0,11500.0,32M/16Q/16D,Tashkent Open,,Kateryna Baindl,,https://www.wtatennis.com/resources/v7.31.10/i/elements/flags/ukr.svg,Quarterfinals,W,"7-6 (5), 3-6, 6-1",https://www.wtatennis.com/players/316739/kateryna-baindl,False,False,False,True,False,False,True,3,True,29,16,13,UA,UKR,804,150,Europe,Eastern Europe,UKR,"7,6,5|3,6,None|6,1,None",
3,Tashkent Open,,https://www.wtatennis.com/tournaments/825/tashkent/2017,International,Hard,https://www.wtatennis.com/resources/v7.31.10/i/elements/250k-tag.svg,2017-09-25,2017-09-30,2017,9,Tashkent,GER,,UZ,UZB,860,142,,Asia,Central Asia,UZB,53.0,110.0,11500.0,32M/16Q/16D,Tashkent Open,,Tatjana Maria,3.0,https://www.wtatennis.com/resources/v7.31.10/i/elements/flags/ger.svg,Round of 16,W,"6-3, 7-5",https://www.wtatennis.com/players/310440/tatjana-maria,False,False,False,False,False,False,False,2,True,21,13,8,DE,DEU,276,150,Europe,Central Europe,GER,"6,3,None|7,5,None",
4,Tashkent Open,,https://www.wtatennis.com/tournaments/825/tashkent/2017,International,Hard,https://www.wtatennis.com/resources/v7.31.10/i/elements/250k-tag.svg,2017-09-25,2017-09-30,2017,9,Tashkent,RUS,,UZ,UZB,860,142,,Asia,Central Asia,UZB,84.0,110.0,11500.0,32M/16Q/16D,Tashkent Open,,Evgeniya Rodina,,https://www.wtatennis.com/resources/v7.31.10/i/elements/flags/rus.svg,Round of 32,W,"6-2, 6-2",https://www.wtatennis.com/players/312584/evgeniya-rodina,False,False,False,False,False,False,False,2,True,16,12,4,RU,RUS,643,150,Europe,Eastern Europe,RUS,"6,2,None|6,2,None",
1,"Itf/Tennis Europe $100,000",https://www.wtatennis.com/resources/v7.31.10/i/elements/itf.png,,ITF,Hard,https://www.wtatennis.com/resources/v7.31.10/i/elements/itf.png,2017-09-18,2017-09-22,2017,9,Saint-Petersburg,UKR,,RU,RUS,643,150,,Europe,Eastern Europe,RUS,208.0,,2533.0,32M/32Q/16D,"Itf/Tennis Europe $100,000",,Dayana Yastremska,,https://www.wtatennis.com/resources/v7.31.10/i/elements/flags/ukr.svg,Quarterfinals,L,"6-3, 5-7, 1-6",https://www.wtatennis.com/players/324261/dayana-yastremska,False,False,False,False,False,False,False,3,True,28,12,16,UA,UKR,804,150,Europe,Eastern Europe,UKR,"6,3,None|5,7,None|1,6,None",
2,"Itf/Tennis Europe $100,000",https://www.wtatennis.com/resources/v7.31.10/i/elements/itf.png,,ITF,Hard,https://www.wtatennis.com/resources/v7.31.10/i/elements/itf.png,2017-09-18,2017-09-22,2017,9,Saint-Petersburg,RUS,,RU,RUS,643,150,,Europe,Eastern Europe,RUS,227.0,,2533.0,32M/32Q/16D,"Itf/Tennis Europe $100,000",,Victoria Kamenskaya,,https://www.wtatennis.com/resources/v7.31.10/i/elements/flags/rus.svg,Round of 16,W,"6-2, 6-4",https://www.wtatennis.com/players/314526/victoria-kamenskaya,False,False,False,False,False,False,False,2,True,18,12,6,RU,RUS,643,150,Europe,Eastern Europe,RUS,"6,2,None|6,4,None",
3,"Itf/Tennis Europe $100,000",https://www.wtatennis.com/resources/v7.31.10/i/elements/itf.png,,ITF,Hard,https://www.wtatennis.com/resources/v7.31.10/i/elements/itf.png,2017-09-18,2017-09-22,2017,9,Saint-Petersburg,SRB,,RU,RUS,643,150,,Europe,Eastern Europe,RUS,191.0,,2533.0,32M/32Q/16D,"Itf/Tennis Europe $100,000",,Nina Stojanovic,,https://www.wtatennis.com/resources/v7.31.10/i/elements/flags/srb.svg,Round of 32,W,"6-1, 6-3",https://www.wtatennis.com/players/319709/nina-stojanovic,False,False,False,False,False,False,False,2,True,16,12,4,RS,SRB,688,150,Europe,Southeastern Europe,SRB,"6,1,None|6,3,None",
1,2017 Us Open Tennis Championships,https://photoresources.wtatennis.com/photo-resources/2025/04/16/295289d9-36fa-408a-8586-2b407d930c10/WTA-Tournament_US-Open.png?height=128,https://www.wtatennis.com/tournaments/905/us-open/2017,Grand Slam,Hard,https://www.wtatennis.com/resources/v7.31.10/i/elements/gs-tag.svg,2017-08-28,2017-09-10,2017,8,New York,ITA,NY,US,USA,840,019,,America,Northern America,USA,251.0,2.0,8000.0,128M/128Q/64D,2017 Us Open Tennis Championships,,Camilla Rosatello,,https://www.wtatennis.com/resources/v7.31.10/i/elements/flags/ita.svg,Qualifying R1 Qual. R1,L,"7-5, 4-6, 3-6",https://www.wtatennis.com/players/318201/camilla-rosatello,False,False,False,False,False,False,False,3,True,31,14,17,IT,ITA,380,150,Europe,Southern Europe,ITA,"7,5,None|4,6,None|3,6,None",
1,Western & Southern Open,https://photoresources.wtatennis.com/photo-resources/2025/04/16/17c99db9-c289-451d-8cd9-65e8d9a25a26/WTA-Tournament_Cincinnati-2024.png?height=128,https://www.wtatennis.com/tournaments/1017/cincinnati/2017,Premier 5,Hard,https://www.wtatennis.com/resources/v7.31.10/i/elements/1000k-tag.svg,2017-08-14,2017-08-20,2017,8,Cincinnati,CRO,OH,US,USA,840,019,,America,Northern America,USA,50.0,20.0,3275.0,64M/64Q/32D,Western & Southern Open,,Donna Vekic,4.0,https://www.wtatennis.com/resources/v7.31.10/i/elements/flags/cro.svg,Qualifying R2 Qual. R2,L,"6-2, 4-6, 1-6",https://www.wtatennis.com/players/318516/donna-vekic,False,False,False,False,False,False,False,3,True,25,11,14,HR,HRV,191,150,Europe,Southeastern Europe,CRO,"6,2,None|4,6,None|1,6,None",
2,Western & Southern Open,https://photoresources.wtatennis.com/photo-resources/2025/04/16/17c99db9-c289-451d-8cd9-65e8d9a25a26/WTA-Tournament_Cincinnati-2024.png?height=128,https://www.wtatennis.com/tournaments/1017/cincinnati/2017,Premier 5,Hard,https://www.wtatennis.com/resources/v7.31.10/i/elements/1000k-tag.svg,2017-08-14,2017-08-20,2017,8,Cincinnati,GBR,OH,US,USA,840,019,Britain|UK|Great Britain|United Kingdom,America,Northern America,USA,71.0,20.0,3275.0,64M/64Q/32D,Western & Southern Open,,Heather Watson,16.0,https://www.wtatennis.com/resources/v7.31.10/i/elements/flags/gbr.svg,Qualifying R1 Qual. R1,W,"7-6 (4), 6-4",https://www.wtatennis.com/players/316981/heather-watson,False,False,False,True,False,False,True,2,True,23,13,10,GB,GBR,826,150,Europe,Northern Europe,ENG,"7,6,4|6,4,None",
1,Citi Open,,https://www.wtatennis.com/tournaments/1045/washington-dc/2017,International,Hard,https://www.wtatennis.com/resources/v7.31.10/i/elements/250k-tag.svg,2017-07-31,2017-08-06,2017,7,Washington Dc,GER,DC,US,USA,840,019,,America,Northern America,USA,190.0,30.0,3420.0,32M/16Q/16D,Citi Open,,Sabine Lisicki,,https://www.wtatennis.com/resources/v7.31.10/i/elements/flags/ger.svg,Round of 16,L,"6-4, 3-6, 3-6",https://www.wtatennis.com/players/312520/sabine-lisicki,False,False,False,False,False,False,False,3,True,28,12,16,DE,DEU,276,150,Europe,Central Europe,GER,"6,4,None|3,6,None|3,6,None",
2,Citi Open,,https://www.wtatennis.com/tournaments/1045/washington-dc/2017,International,Hard,https://www.wtatennis.com/resources/v7.31.10/i/elements/250k-tag.svg,2017-07-31,2017-08-06,2017,7,Washington Dc,USA,DC,US,USA,840,019,United States of America|America|USA|US,America,Northern America,USA,34.0,30.0,3420.0,32M/16Q/16D,Citi Open,,Lauren Davis,3.0,https://www.wtatennis.com/resources/v7.31.10/i/elements/flags/usa.svg,Round of 32,W,"7-5, 6-3",https://www.wtatennis.com/players/317414/lauren-davis,False,False,False,False,False,False,False,2,True,21,13,8,US,USA,840,019,America,Northern America,USA,"7,5,None|6,3,None",
1,Wimbledon,https://photoresources.wtatennis.com/photo-resources/2025/04/16/710d860b-bce6-40c7-8838-a6272dbf6be6/WTA-Tournament_Wimbledon.png?height=128,https://www.wtatennis.com/tournaments/904/wimbledon/2017,Grand Slam,Grass,https://www.wtatennis.com/resources/v7.31.10/i/elements/gs-tag.svg,2017-07-03,2017-07-16,2017,7,Wimbledon,GER,,GB,GBR,826,150,,Europe,Northern Europe,ENG,65.0,110.0,70730.0,128M/128Q/64D,The Championships,,Carina Witthoeft,,https://www.wtatennis.com/resources/v7.31.10/i/elements/flags/ger.svg,Round of 64,L,"6-7 (5), 6-3, 3-6",https://www.wtatennis.com/players/317536/carina-witthoeft,False,False,False,True,False,False,True,3,False,31,15,16,DE,DEU,276,150,Europe,Central Europe,GER,"6,7,5|6,3,None|3,6,None",Q
2,Wimbledon,https://photoresources.wtatennis.com/photo-resources/2025/04/16/710d860b-bce6-40c7-8838-a6272dbf6be6/WTA-Tournament_Wimbledon.png?height=128,https://www.wtatennis.com/tournaments/904/wimbledon/2017,Grand Slam,Grass,https://www.wtatennis.com/resources/v7.31.10/i/elements/gs-tag.svg,2017-07-03,2017-07-16,2017,7,Wimbledon,RUS,,GB,GBR,826,150,,Europe,Northern Europe,ENG,110.0,110.0,70730.0,128M/128Q/64D,The Championships,,Irina Khromacheva,,https://www.wtatennis.com/resources/v7.31.10/i/elements/flags/rus.svg,Round of 128,W,"6-3, 6-4",https://www.wtatennis.com/players/317915/irina-khromacheva,False,False,False,False,False,False,False,2,True,19,12,7,RU,RUS,643,150,Europe,Eastern Europe,RUS,"6,3,None|6,4,None",Q
3,Wimbledon,https://photoresources.wtatennis.com/photo-resources/2025/04/16/710d860b-bce6-40c7-8838-a6272dbf6be6/WTA-Tournament_Wimbledon.png?height=128,https://www.wtatennis.com/tournaments/904/wimbledon/2017,Grand Slam,Grass,https://www.wtatennis.com/resources/v7.31.10/i/elements/gs-tag.svg,2017-07-03,2017-07-16,2017,7,Wimbledon,USA,,GB,GBR,826,150,United States of America|America|USA|US,Europe,Northern Europe,ENG,118.0,110.0,70730.0,128M/128Q/64D,The Championships,,Kristie Ahn,6.0,https://www.wtatennis.com/resources/v7.31.10/i/elements/flags/usa.svg,Qualifying R3 Qual. R3,W,"6-1, 6-1",https://www.wtatennis.com/players/316159/kristie-ahn,False,False,False,False,False,False,False,2,True,14,12,2,US,USA,840,019,America,Northern America,USA,"6,1,None|6,1,None",Q
4,Wimbledon,https://photoresources.wtatennis.com/photo-resources/2025/04/16/710d860b-bce6-40c7-8838-a6272dbf6be6/WTA-Tournament_Wimbledon.png?height=128,https://www.wtatennis.com/tournaments/904/wimbledon/2017,Grand Slam,Grass,https://www.wtatennis.com/resources/v7.31.10/i/elements/gs-tag.svg,2017-07-03,2017-07-16,2017,7,Wimbledon,USA,,GB,GBR,826,150,United States of America|America|USA|US,Europe,Northern Europe,ENG,147.0,110.0,70730.0,128M/128Q/64D,The Championships,,Jamie Loeb,,https://www.wtatennis.com/resources/v7.31.10/i/elements/flags/usa.svg,Qualifying R2 Qual. R2,W,"7-6 (5), 6-4",https://www.wtatennis.com/players/319411/jamie-loeb,False,False,False,True,False,False,True,2,True,23,13,10,US,USA,840,019,America,Northern America,USA,"7,6,5|6,4,None",Q
5,Wimbledon,https://photoresources.wtatennis.com/photo-resources/2025/04/16/710d860b-bce6-40c7-8838-a6272dbf6be6/WTA-Tournament_Wimbledon.png?height=128,https://www.wtatennis.com/tournaments/904/wimbledon/2017,Grand Slam,Grass,https://www.wtatennis.com/resources/v7.31.10/i/elements/gs-tag.svg,2017-07-03,2017-07-16,2017,7,Wimbledon,KOR,,GB,GBR,826,150,,Europe,Northern Europe,ENG,206.0,110.0,70730.0,128M/128Q/64D,The Championships,,Na Lae Han,,https://www.wtatennis.com/resources/v7.31.10/i/elements/flags/kor.svg,Qualifying R1 Qual. R1,W,"4-6, 6-2, 6-4",https://www.wtatennis.com/players/315159/na-lae-han,False,False,False,False,False,False,False,3,False,28,16,12,KR,KOR,410,142,Asia,East Asia,KOR,"4,6,None|6,2,None|6,4,None",Q
1,"Itf/Tennis Europe $100,000",https://www.wtatennis.com/resources/v7.31.10/i/elements/itf.png,,ITF,Grass,https://www.wtatennis.com/resources/v7.31.10/i/elements/itf.png,2017-06-19,2017-06-25,2017,6,Ilkley,ITA,,GB,GBR,826,150,,Europe,Northern Europe,ENG,130.0,,887.0,32M/32Q/16D,"Itf/Tennis Europe $100,000",,Jasmine Paolini,,https://www.wtatennis.com/resources/v7.31.10/i/elements/flags/ita.svg,Round of 32,L,"6-4, 5-7, 6-7 (2)",https://www.wtatennis.com/players/319280/jasmine-paolini,False,False,False,False,False,True,True,3,True,35,17,18,IT,ITA,380,150,Europe,Southern Europe,ITA,"6,4,None|5,7,None|6,7,2",
1,"Itf/Tennis Europe $100,000",https://www.wtatennis.com/resources/v7.31.10/i/elements/itf.png,,ITF,Grass,https://www.wtatennis.com/resources/v7.31.10/i/elements/itf.png,2017-06-12,2017-06-18,2017,6,Manchester,SRB,,GB,GBR,826,150,,Europe,Northern Europe,ENG,101.0,,4433.0,32M/32Q/16D,"Itf/Tennis Europe $100,000",,Aleksandra Krunic,7.0,https://www.wtatennis.com/resources/v7.31.10/i/elements/flags/srb.svg,Semifinals,L,"0-6, 2-6",https://www.wtatennis.com/players/316344/aleksandra-krunic,False,False,False,False,False,False,False,2,False,14,2,12,RS,SRB,688,150,Europe,Southeastern Europe,SRB,"0,6,None|2,6,None",
2,"Itf/Tennis Europe $100,000",https://www.wtatennis.com/resources/v7.31.10/i/elements/itf.png,,ITF,Grass,https://www.wtatennis.com/resources/v7.31.10/i/elements/itf.png,2017-06-12,2017-06-18,2017,6,Manchester,RUS,,GB,GBR,826,150,,Europe,Northern Europe,ENG,114.0,,4433.0,32M/32Q/16D,"Itf/Tennis Europe $100,000",,Anna Blinkova,5.0,https://www.wtatennis.com/resources/v7.31.10/i/elements/flags/rus.svg,Quarterfinals,W,"7-6 (6), 5-7, 6-3",https://www.wtatennis.com/players/324267/anna-blinkova,False,False,False,True,False,False,True,3,True,34,18,16,RU,RUS,643,150,Europe,Eastern Europe,RUS,"7,6,6|5,7,None|6,3,None",
3,"Itf/Tennis Europe $100,000",https://www.wtatennis.com/resources/v7.31.10/i/elements/itf.png,,ITF,Grass,https://www.wtatennis.com/resources/v7.31.10/i/elements/itf.png,2017-06-12,2017-06-18,2017,6,Manchester,CAN,,GB,GBR,826,150,,Europe,Northern Europe,ENG,194.0,,4433.0,32M/32Q/16D,"Itf/Tennis Europe $100,000",,Bianca Andreescu,,https://www.wtatennis.com/resources/v7.31.10/i/elements/flags/can.svg,Round of 16,W,"2-6, 6-4, 6-3",https://www.wtatennis.com/players/325088/bianca-andreescu,False,False,False,False,False,False,False,3,False,27,14,13,CA,CAN,124,019,America,Northern America,CAN,"2,6,None|6,4,None|6,3,None",
4,"Itf/Tennis Europe $100,000",https://www.wtatennis.com/resources/v7.31.10/i/elements/itf.png,,ITF,Grass,https://www.wtatennis.com/resources/v7.31.10/i/elements/itf.png,2017-06-12,2017-06-18,2017,6,Manchester,SVK,,GB,GBR,826,150,,Europe,Northern Europe,ENG,158.0,,4433.0,32M/32Q/16D,"Itf/Tennis Europe $100,000",,Viktoria Hruncakova,,https://www.wtatennis.com/resources/v7.31.10/i/elements/flags/svk.svg,Round of 32,W,"6-3, 7-6 (3)",https://www.wtatennis.com/players/322277/viktoria-hruncakova,False,False,False,False,True,False,True,2,True,22,13,9,SK,SVK,703,150,Europe,Central Europe,SVK,"6,3,None|7,6,3",
1,Roland Garros,https://photoresources.wtatennis.com/photo-resources/2025/04/16/ddbbc328-7967-416c-a6b5-043c8c3f933e/WTA-Tournament_Roland-Garros.png?height=128,https://www.wtatennis.com/tournaments/903/roland-garros/2017,Grand Slam,Clay,https://www.wtatennis.com/resources/v7.31.10/i/elements/gs-tag.svg,2017-05-28,2017-06-11,2017,5,Paris,TUR,,FR,FRA,250,150,,Europe,Western Europe,FRA,156.0,2.0,5484.0,128M/128Q/64D,Championnats Internationaux De France,,Ipek Soylu,,https://www.wtatennis.com/resources/v7.31.10/i/elements/flags/tur.svg,Qualifying R1 Qual. R1,L,"6-4, 1-6, 6-7 (3)",https://www.wtatennis.com/players/318822/ipek-soylu,False,False,False,False,False,True,True,3,True,30,13,17,TR,TUR,792,142,Asia,Western Asia,TUR,"6,4,None|1,6,None|6,7,3",
1,"Itf/Tennis Europe $60,000",https://www.wtatennis.com/resources/v7.31.10/i/elements/itf.png,,ITF,Clay,https://www.wtatennis.com/resources/v7.31.10/i/elements/itf.png,2017-05-15,2017-05-21,2017,5,Saint Gaudens,USA,,FR,FRA,250,150,United States of America|America|USA|US,Europe,Western Europe,FRA,151.0,,1520.0,32M/32Q/16D,"Itf/Tennis Europe $60,000",,Kristie Ahn,,https://www.wtatennis.com/resources/v7.31.10/i/elements/flags/usa.svg,Quarterfinals,L,"6-3, 4-6, 5-7",https://www.wtatennis.com/players/316159/kristie-ahn,False,False,False,False,False,False,False,3,True,31,15,16,US,USA,840,019,America,Northern America,USA,"6,3,None|4,6,None|5,7,None",
2,"Itf/Tennis Europe $60,000",https://www.wtatennis.com/resources/v7.31.10/i/elements/itf.png,,ITF,Clay,https://www.wtatennis.com/resources/v7.31.10/i/elements/itf.png,2017-05-15,2017-05-21,2017,5,Saint Gaudens,FRA,,FR,FRA,250,150,,Europe,Western Europe,FRA,267.0,,1520.0,32M/32Q/16D,"Itf/Tennis Europe $60,000",,Tessah Andrianjafitrimo,,https://www.wtatennis.com/resources/v7.31.10/i/elements/flags/fra.svg,Round of 16,W,"6-2, 6-3",https://www.wtatennis.com/players/321984/tessah-andrianjafitrimo,False,False,False,False,False,False,False,2,True,17,12,5,FR,FRA,250,150,Europe,Western Europe,FRA,"6,2,None|6,3,None",
3,"Itf/Tennis Europe $60,000",https://www.wtatennis.com/resources/v7.31.10/i/elements/itf.png,,ITF,Clay,https://www.wtatennis.com/resources/v7.31.10/i/elements/itf.png,2017-05-15,2017-05-21,2017,5,Saint Gaudens,TUR,,FR,FRA,250,150,,Europe,Western Europe,FRA,157.0,,1520.0,32M/32Q/16D,"Itf/Tennis Europe $60,000",,Cagla Buyukakcay,,https://www.wtatennis.com/resources/v7.31.10/i/elements/flags/tur.svg,Round of 32,W,"6-0, 7-6 (1)",https://www.wtatennis.com/players/312292/cagla-buyukakcay,False,False,False,False,True,False,True,2,True,19,13,6,TR,TUR,792,142,Asia,Western Asia,TUR,"6,0,None|7,6,1",
1,"Itf/Tennis Europe $100,000",https://www.wtatennis.com/resources/v7.31.10/i/elements/itf.png,,ITF,Clay,https://www.wtatennis.com/resources/v7.31.10/i/elements/itf.png,2017-05-08,2017-05-14,2017,5,Cagnes-Sur-Mer,GBR,,FR,FRA,250,150,Britain|UK|Great Britain|United Kingdom,Europe,Western Europe,FRA,108.0,,887.0,32M/32Q/16D,"Itf/Tennis Europe $100,000",,Heather Watson,7.0,https://www.wtatennis.com/resources/v7.31.10/i/elements/flags/gbr.svg,Round of 32,L,"6-7 (3), 6-4, 2-6",https://www.wtatennis.com/players/316981/heather-watson,False,False,False,True,False,False,True,3,False,31,14,17,GB,GBR,826,150,Europe,Northern Europe,ENG,"6,7,3|6,4,None|2,6,None",
1,Grand Prix De Sar La Princesse Lalla Meryem,,https://www.wtatennis.com/tournaments/1005/rabat/2017,International,Clay,https://www.wtatennis.com/resources/v7.31.10/i/elements/250k-tag.svg,2017-05-01,2017-05-06,2017,5,Rabat,SRB,,MA,MAR,504,002,,Africa,North Africa,MAR,176.0,1.0,530.0,32M/32Q/16D,Grand Prix De Sar La Princesse Lalla Meryem,,Ivana Jorovic,,https://www.wtatennis.com/resources/v7.31.10/i/elements/flags/srb.svg,Qualifying R1 Qual. R1,L,"6-3, 2-6, 3-6",https://www.wtatennis.com/players/320360/ivana-jorovic,False,False,False,False,False,False,False,3,True,26,11,15,RS,SRB,688,150,Europe,Southeastern Europe,SRB,"6,3,None|2,6,None|3,6,None",
1,"Fed Cup World Group 1 Wk2- Minsk, Belarus",https://www.wtatennis.com/resources/v7.31.10/i/elements/itf.png,,ITF,Hard,https://www.wtatennis.com/resources/v7.31.10/i/elements/itf.png,2017-04-22,2017-04-23,2017,4,,SUI,,BY,BLR,112,150,,Europe,Eastern Europe,BLR,22.0,,,8M/0Q/2D,"Fed Cup World Group 1 Wk2- Minsk, Belarus",,Timea Bacsinszky,,https://www.wtatennis.com/resources/v7.31.10/i/elements/flags/sui.svg,Round 2 R2,L,"4-6, 5-7",https://www.wtatennis.com/players/311579/timea-bacsinszky,False,False,False,False,False,False,False,2,False,22,9,13,CH,CHE,756,150,Europe,Central Europe,SUI,"4,6,None|5,7,None",
2,"Fed Cup World Group 1 Wk2- Minsk, Belarus",https://www.wtatennis.com/resources/v7.31.10/i/elements/itf.png,,ITF,Hard,https://www.wtatennis.com/resources/v7.31.10/i/elements/itf.png,2017-04-22,2017-04-23,2017,4,,SUI,,BY,BLR,112,150,,Europe,Eastern Europe,BLR,54.0,,,8M/0Q/2D,"Fed Cup World Group 1 Wk2- Minsk, Belarus",,Viktorija Golubic,,https://www.wtatennis.com/resources/v7.31.10/i/elements/flags/sui.svg,Round 2 R2,W,"6-3, 2-6, 6-4",https://www.wtatennis.com/players/316296/viktorija-golubic,False,False,False,False,False,False,False,3,True,27,14,13,CH,CHE,756,150,Europe,Central Europe,SUI,"6,3,None|2,6,None|6,4,None",
1,Ladies Open Biel Bienne,,https://www.wtatennis.com/tournaments/1098/biel/2017,International,Hard,https://www.wtatennis.com/resources/v7.31.10/i/elements/250k-tag.svg,2017-04-10,2017-04-16,2017,4,Biel,CZE,,CH,CHE,756,150,,Europe,Central Europe,SUI,233.0,10.0,730.0,32M/32Q/16D,Ladies Open Biel Bienne,,Marketa Vondrousova,,https://www.wtatennis.com/resources/v7.31.10/i/elements/flags/cze.svg,Qualifying R2 Qual. R2,L,"6-2, 2-6, 1-6",https://www.wtatennis.com/players/323027/marketa-vondrousova,False,False,False,False,False,False,False,3,True,23,9,14,CZ,CZE,203,150,Europe,Central Europe,CZE,"6,2,None|2,6,None|1,6,None",
2,Ladies Open Biel Bienne,,https://www.wtatennis.com/tournaments/1098/biel/2017,International,Hard,https://www.wtatennis.com/resources/v7.31.10/i/elements/250k-tag.svg,2017-04-10,2017-04-16,2017,4,Biel,SUI,,CH,CHE,756,150,,Europe,Central Europe,SUI,628.0,10.0,730.0,32M/32Q/16D,Ladies Open Biel Bienne,,Ylena In-Albon,,https://www.wtatennis.com/resources/v7.31.10/i/elements/flags/sui.svg,Qualifying R1 Qual. R1,W,"6-2, 6-0",https://www.wtatennis.com/players/321397/ylena-in-albon,False,False,False,False,False,False,False,2,True,14,12,2,CH,CHE,756,150,Europe,Central Europe,SUI,"6,2,None|6,0,None",
1,"Itf $60,000",https://www.wtatennis.com/resources/v7.31.10/i/elements/itf.png,,ITF,Hard,https://www.wtatennis.com/resources/v7.31.10/i/elements/itf.png,2017-03-13,2017-03-19,2017,3,Shenzhen,RUS,,CN,CHN,156,142,,Asia,East Asia,CHN,,,4863.0,32M/32Q/16D,"Itf $60,000",,Ekaterina Alexandrova,3.0,https://www.wtatennis.com/resources/v7.31.10/i/elements/flags/rus.svg,Finals,L,"2-6, 5-7",https://www.wtatennis.com/players/319007/ekaterina-alexandrova,False,False,False,False,False,False,False,2,False,20,7,13,RU,RUS,643,150,Europe,Eastern Europe,RUS,"2,6,None|5,7,None",
2,"Itf $60,000",https://www.wtatennis.com/resources/v7.31.10/i/elements/itf.png,,ITF,Hard,https://www.wtatennis.com/resources/v7.31.10/i/elements/itf.png,2017-03-13,2017-03-19,2017,3,Shenzhen,CHN,,CN,CHN,156,142,,Asia,East Asia,CHN,,,4863.0,32M/32Q/16D,"Itf $60,000",,Jing-Jing Lu,,https://www.wtatennis.com/resources/v7.31.10/i/elements/flags/chn.svg,Semifinals,W,"6-2, 6-1",https://www.wtatennis.com/players/313765/jing-jing-lu,False,False,False,False,False,False,False,2,True,15,12,3,CN,CHN,156,142,Asia,East Asia,CHN,"6,2,None|6,1,None",
3,"Itf $60,000",https://www.wtatennis.com/resources/v7.31.10/i/elements/itf.png,,ITF,Hard,https://www.wtatennis.com/resources/v7.31.10/i/elements/itf.png,2017-03-13,2017-03-19,2017,3,Shenzhen,CZE,,CN,CHN,156,142,,Asia,East Asia,CHN,,,4863.0,32M/32Q/16D,"Itf $60,000",,Denisa Satralova,4.0,https://www.wtatennis.com/resources/v7.31.10/i/elements/flags/cze.svg,Quarterfinals,W,Walkover,https://www.wtatennis.com/players/316550/denisa-satralova,False,True,False,False,False,False,False,0,False,0,0,0,CZ,CZE,203,150,Europe,Central Europe,CZE,,
4,"Itf $60,000",https://www.wtatennis.com/resources/v7.31.10/i/elements/itf.png,,ITF,Hard,https://www.wtatennis.com/resources/v7.31.10/i/elements/itf.png,2017-03-13,2017-03-19,2017,3,Shenzhen,TPE,,CN,CHN,156,142,,Asia,East Asia,CHN,,,4863.0,32M/32Q/16D,"Itf $60,000",,Kai-Chen Chang,5.0,https://www.wtatennis.com/resources/v7.31.10/i/elements/flags/tpe.svg,Round of 16,W,"1-6, 6-7",https://www.wtatennis.com/players/313923/kai-chen-chang,False,False,False,False,False,False,False,2,False,20,7,13,,,,,,,TPE,"1,6,None|6,7,None",
5,"Itf $60,000",https://www.wtatennis.com/resources/v7.31.10/i/elements/itf.png,,ITF,Hard,https://www.wtatennis.com/resources/v7.31.10/i/elements/itf.png,2017-03-13,2017-03-19,2017,3,Shenzhen,CHN,,CN,CHN,156,142,,Asia,East Asia,CHN,,,4863.0,32M/32Q/16D,"Itf $60,000",,Jia-Jing Lu,,https://www.wtatennis.com/resources/v7.31.10/i/elements/flags/chn.svg,Round of 32,W,"5-7, 2-6",https://www.wtatennis.com/players/313225/jia-jing-lu,False,False,False,False,False,False,False,2,False,20,7,13,CN,CHN,156,142,Asia,East Asia,CHN,"5,7,None|2,6,None",
1,"Itf $60,000",https://www.wtatennis.com/resources/v7.31.10/i/elements/itf.png,,ITF,Hard,https://www.wtatennis.com/resources/v7.31.10/i/elements/itf.png,2017-03-06,2017-03-12,2017,3,Zhuhai,CHN,,CN,CHN,156,142,,Asia,East Asia,CHN,103.0,,533.0,32M/32Q/16D,"Itf $60,000",,Saisai Zheng,4.0,https://www.wtatennis.com/resources/v7.31.10/i/elements/flags/chn.svg,Round of 32,L,"5-7, 3-6",https://www.wtatennis.com/players/316286/saisai-zheng,False,False,False,False,False,False,False,2,False,21,8,13,CN,CHN,156,142,Asia,East Asia,CHN,"5,7,None|3,6,None",
1,Alya Malaysian Open,,https://www.wtatennis.com/tournaments/1041/kuala-lumpur/2017,International,Hard,https://www.wtatennis.com/resources/v7.31.10/i/elements/250k-tag.svg,2017-02-27,2017-03-05,2017,2,Kuala Lumpur,JPN,,MY,MYS,458,142,,Asia,Southeast Asia,MAS,201.0,1.0,600.0,32M/32Q/16D,Alya Malaysian Open,,Miyu Kato,,https://www.wtatennis.com/resources/v7.31.10/i/elements/flags/jpn.svg,Qualifying R1 Qual. R1,L,"5-7, 6-2, 6-7 (5)",https://www.wtatennis.com/players/317612/miyu-kato,False,False,False,False,False,True,True,3,False,33,17,16,JP,JPN,392,142,Asia,East Asia,JPN,"5,7,None|6,2,None|6,7,5",
1,Dubai Duty Free Tennis Championships,https://photoresources.wtatennis.com/photo-resources/2025/04/16/aa274c10-fd33-4715-ac0e-d74441b27a54/WTA-Tournament_Dubai-2017.png?height=128,https://www.wtatennis.com/tournaments/718/dubai/2017,Premier 5,Hard,https://www.wtatennis.com/resources/v7.31.10/i/elements/1000k-tag.svg,2017-02-19,2017-02-25,2017,2,Dubai,UKR,,AE,ARE,784,142,,Asia,Western Asia,UAE,79.0,30.0,7335.0,64M/32Q/32D,Dubai Duty Free Tennis Championships,,Kateryna Volodko,,https://www.wtatennis.com/resources/v7.31.10/i/elements/flags/ukr.svg,Round of 64,L,"6-4, 4-6, 3-6",https://www.wtatennis.com/players/20702/kateryna-volodko,False,False,False,False,False,False,False,3,True,29,13,16,UA,UKR,804,150,Europe,Eastern Europe,UKR,"6,4,None|4,6,None|3,6,None",Q
2,Dubai Duty Free Tennis Championships,https://photoresources.wtatennis.com/photo-resources/2025/04/16/aa274c10-fd33-4715-ac0e-d74441b27a54/WTA-Tournament_Dubai-2017.png?height=128,https://www.wtatennis.com/tournaments/718/dubai/2017,Premier 5,Hard,https://www.wtatennis.com/resources/v7.31.10/i/elements/1000k-tag.svg,2017-02-19,2017-02-25,2017,2,Dubai,BUL,,AE,ARE,784,142,,Asia,Western Asia,UAE,242.0,30.0,7335.0,64M/32Q/32D,Dubai Duty Free Tennis Championships,,Aleksandrina Naydenova,,https://www.wtatennis.com/resources/v7.31.10/i/elements/flags/bul.svg,Qualifying R2 Qual. R2,W,"6-2, 6-2",https://www.wtatennis.com/players/314672/aleksandrina-naydenova,False,False,False,False,False,False,False,2,True,16,12,4,BG,BGR,100,150,Europe,Southeastern Europe,BUL,"6,2,None|6,2,None",Q
3,Dubai Duty Free Tennis Championships,https://photoresources.wtatennis.com/photo-resources/2025/04/16/aa274c10-fd33-4715-ac0e-d74441b27a54/WTA-Tournament_Dubai-2017.png?height=128,https://www.wtatennis.com/tournaments/718/dubai/2017,Premier 5,Hard,https://www.wtatennis.com/resources/v7.31.10/i/elements/1000k-tag.svg,2017-02-19,2017-02-25,2017,2,Dubai,UKR,,AE,ARE,784,142,,Asia,Western Asia,UAE,407.0,30.0,7335.0,64M/32Q/32D,Dubai Duty Free Tennis Championships,,Lyudmyla Kichenok,,https://www.wtatennis.com/resources/v7.31.10/i/elements/flags/ukr.svg,Qualifying R1 Qual. R1,W,"7-5, 6-0",https://www.wtatennis.com/players/314701/lyudmyla-kichenok,False,False,False,False,False,False,False,2,True,18,13,5,UA,UKR,804,150,Europe,Eastern Europe,UKR,"7,5,None|6,0,None",Q
1,Fed Cup World Group Week 1,https://www.wtatennis.com/resources/v7.31.10/i/elements/itf.png,,ITF,Hard,https://www.wtatennis.com/resources/v7.31.10/i/elements/itf.png,2017-02-11,2017-02-12,2017,2,Minsk,NED,,BY,BLR,112,150,,Europe,Eastern Europe,BLR,24.0,,,8M/0Q/2D,Fed Cup World Group Week 1,,Kiki Bertens,,https://www.wtatennis.com/resources/v7.31.10/i/elements/flags/ned.svg,Round 1 R1,L,"6-3, 6-7 (6), 4-6",https://www.wtatennis.com/players/314584/kiki-bertens,False,False,False,False,True,False,True,3,True,32,16,16,NL,NLD,528,150,Europe,Western Europe,NED,"6,3,None|6,7,6|4,6,None",
2,Fed Cup World Group Week 1,https://www.wtatennis.com/resources/v7.31.10/i/elements/itf.png,,ITF,Hard,https://www.wtatennis.com/resources/v7.31.10/i/elements/itf.png,2017-02-11,2017-02-12,2017,2,Minsk,NED,,BY,BLR,112,150,,Europe,Eastern Europe,BLR,253.0,,,8M/0Q/2D,Fed Cup World Group Week 1,,Michaella Krajicek,,https://www.wtatennis.com/resources/v7.31.10/i/elements/flags/ned.svg,Round 1 R1,W,"7-6 (5), 6-4",https://www.wtatennis.com/players/311578/michaella-krajicek,False,False,False,True,False,False,True,2,True,23,13,10,NL,NLD,528,150,Europe,Western Europe,NED,"7,6,5|6,4,None",
1,St. Petersburg Ladies Trophy,,https://www.wtatennis.com/tournaments/1086/st-petersburg/2017,Premier,Hard,https://www.wtatennis.com/resources/v7.31.10/i/elements/500k-tag.svg,2017-01-30,2017-02-05,2017,1,St. Petersburg,CRO,,RU,RUS,643,150,,Europe,Eastern Europe,RUS,88.0,1.0,920.0,32M/32Q/16D,St. Petersburg Ladies Trophy,,Donna Vekic,7.0,https://www.wtatennis.com/resources/v7.31.10/i/elements/flags/cro.svg,Qualifying R1 Qual. R1,L,"4-6, 2-6",https://www.wtatennis.com/players/318516/donna-vekic,False,False,False,False,False,False,False,2,False,18,6,12,HR,HRV,191,150,Europe,Southeastern Europe,CRO,"4,6,None|2,6,None",
1,Australian Open,https://photoresources.wtatennis.com/photo-resources/2025/04/16/20886615-8c76-4d00-b747-7946c3692df2/WTA-Tournament_Australian-Open.png?height=128,https://www.wtatennis.com/tournaments/901/australian-open/2017,Grand Slam,Hard,https://www.wtatennis.com/resources/v7.31.10/i/elements/gs-tag.svg,2017-01-16,2017-01-29,2017,1,Melbourne,CHN,,AU,AUS,036,009,,Oceania,Australasia,AUS,143.0,20.0,9126.0,128M/128Q/64D,Australian Open,,Fangzhou Liu,22.0,https://www.wtatennis.com/resources/v7.31.10/i/elements/flags/chn.svg,Qualifying R2 Qual. R2,L,"5-7, 6-3, 4-6",https://www.wtatennis.com/players/319606/fangzhou-liu,False,False,False,False,False,False,False,3,False,31,15,16,CN,CHN,156,142,Asia,East Asia,CHN,"5,7,None|6,3,None|4,6,None",
2,Australian Open,https://photoresources.wtatennis.com/photo-resources/2025/04/16/20886615-8c76-4d00-b747-7946c3692df2/WTA-Tournament_Australian-Open.png?height=128,https://www.wtatennis.com/tournaments/901/australian-open/2017,Grand Slam,Hard,https://www.wtatennis.com/resources/v7.31.10/i/elements/gs-tag.svg,2017-01-16,2017-01-29,2017,1,Melbourne,TUR,,AU,AUS,036,009,,Oceania,Australasia,AUS,158.0,20.0,9126.0,128M/128Q/64D,Australian Open,,Ipek Soylu,,https://www.wtatennis.com/resources/v7.31.10/i/elements/flags/tur.svg,Qualifying R1 Qual. R1,W,"6-2, 6-1",https://www.wtatennis.com/players/318822/ipek-soylu,False,False,False,False,False,False,False,2,True,15,12,3,TR,TUR,792,142,Asia,Western Asia,TUR,"6,2,None|6,1,None",
1,"Itf/Tennis Europe $50,000",https://www.wtatennis.com/resources/v7.31.10/i/elements/itf.png,,ITF,Hard,https://www.wtatennis.com/resources/v7.31.10/i/elements/itf.png,2016-12-19,2016-12-25,2016,12,Ankara,SRB,,TR,TUR,792,142,,Asia,Western Asia,TUR,181.0,,2216.0,32M/32Q/16D,"Itf/Tennis Europe $50,000",,Ivana Jorovic,4.0,https://www.wtatennis.com/resources/v7.31.10/i/elements/flags/srb.svg,Semifinals,L,"5-7, 7-6 (2), 6-7 (4)",https://www.wtatennis.com/players/320360/ivana-jorovic,False,False,False,False,True,True,True,3,False,38,18,20,RS,SRB,688,150,Europe,Southeastern Europe,SRB,"5,7,None|7,6,2|6,7,4",
2,"Itf/Tennis Europe $50,000",https://www.wtatennis.com/resources/v7.31.10/i/elements/itf.png,,ITF,Hard,https://www.wtatennis.com/resources/v7.31.10/i/elements/itf.png,2016-12-19,2016-12-25,2016,12,Ankara,ROU,,TR,TUR,792,142,,Asia,Western Asia,TUR,671.0,,2216.0,32M/32Q/16D,"Itf/Tennis Europe $50,000",,Mihaela Buzarnescu,,https://www.wtatennis.com/resources/v7.31.10/i/elements/flags/rou.svg,Quarterfinals,W,"7-6 (9), 6-4",https://www.wtatennis.com/players/312268/mihaela-buzarnescu,False,False,False,True,False,False,True,2,True,23,13,10,RO,ROU,642,150,Europe,Southeastern Europe,ROU,"7,6,9|6,4,None",
3,"Itf/Tennis Europe $50,000",https://www.wtatennis.com/resources/v7.31.10/i/elements/itf.png,,ITF,Hard,https://www.wtatennis.com/resources/v7.31.10/i/elements/itf.png,2016-12-19,2016-12-25,2016,12,Ankara,GEO,,TR,TUR,792,142,,Asia,Western Asia,TUR,298.0,,2216.0,32M/32Q/16D,"Itf/Tennis Europe $50,000",,Ekaterine Gorgodze,,https://www.wtatennis.com/resources/v7.31.10/i/elements/flags/geo.svg,Round of 16,W,"6-1, 6-1",https://www.wtatennis.com/players/314660/ekaterine-gorgodze,False,False,False,False,False,False,False,2,True,14,12,2,GE,GEO,268,142,Asia,Western Asia,GEO,"6,1,None|6,1,None",
4,"Itf/Tennis Europe $50,000",https://www.wtatennis.com/resources/v7.31.10/i/elements/itf.png,,ITF,Hard,https://www.wtatennis.com/resources/v7.31.10/i/elements/itf.png,2016-12-19,2016-12-25,2016,12,Ankara,TUR,,TR,TUR,792,142,,Asia,Western Asia,TUR,1174.0,,2216.0,32M/32Q/16D,"Itf/Tennis Europe $50,000",,Selin Ovunc,,https://www.wtatennis.com/resources/v7.31.10/i/elements/flags/tur.svg,Round of 32,W,"6-2, 6-2",https://www.wtatennis.com/players/325389/selin-ovunc,False,False,False,False,False,False,False,2,True,16,12,4,TR,TUR,792,142,Asia,Western Asia,TUR,"6,2,None|6,2,None",
1,"Itf $100,000+H- Dubai, United Arab Emirates",https://www.wtatennis.com/resources/v7.31.10/i/elements/itf.png,,ITF,Hard,https://www.wtatennis.com/resources/v7.31.10/i/elements/itf.png,2016-12-12,2016-12-18,2016,12,,HUN,,,,,,,,,Dubai,163.0,,887.0,32M/32Q/16D,"Itf $100,000+H- Dubai, United Arab Emirates",,Dalma Galfi,,https://www.wtatennis.com/resources/v7.31.10/i/elements/flags/hun.svg,Round of 32,L,"7-5, 4-6, 4-6",https://www.wtatennis.com/players/321106/dalma-galfi,False,False,False,False,False,False,False,3,True,32,15,17,HU,HUN,348,150,Europe,Central Europe,HUN,"7,5,None|4,6,None|4,6,None",
1,"Itf $50,000+H",https://www.wtatennis.com/resources/v7.31.10/i/elements/itf.png,,ITF,Carpet,https://www.wtatennis.com/resources/v7.31.10/i/elements/itf.png,2016-11-14,2016-11-20,2016,11,Toyota,AUS,,JP,JPN,392,142,,Asia,East Asia,JPN,256.0,,7600.0,32M/32Q/16D,"Itf $50,000+H",,Lizette Cabrera,,https://www.wtatennis.com/resources/v7.31.10/i/elements/flags/aus.svg,Finals,W,"6-2, 6-4",https://www.wtatennis.com/players/320013/lizette-cabrera,False,False,False,False,False,False,False,2,True,18,12,6,AU,AUS,036,009,Oceania,Australasia,AUS,"6,2,None|6,4,None",
2,"Itf $50,000+H",https://www.wtatennis.com/resources/v7.31.10/i/elements/itf.png,,ITF,Carpet,https://www.wtatennis.com/resources/v7.31.10/i/elements/itf.png,2016-11-14,2016-11-20,2016,11,Toyota,HUN,,JP,JPN,392,142,,Asia,East Asia,JPN,182.0,,7600.0,32M/32Q/16D,"Itf $50,000+H",,Dalma Galfi,,https://www.wtatennis.com/resources/v7.31.10/i/elements/flags/hun.svg,Semifinals,W,Walkover,https://www.wtatennis.com/players/321106/dalma-galfi,False,True,False,False,False,False,False,0,False,0,0,0,HU,HUN,348,150,Europe,Central Europe,HUN,,
3,"Itf $50,000+H",https://www.wtatennis.com/resources/v7.31.10/i/elements/itf.png,,ITF,Carpet,https://www.wtatennis.com/resources/v7.31.10/i/elements/itf.png,2016-11-14,2016-11-20,2016,11,Toyota,JPN,,JP,JPN,392,142,,Asia,East Asia,JPN,393.0,,7600.0,32M/32Q/16D,"Itf $50,000+H",,Ayano Shimizu,,https://www.wtatennis.com/resources/v7.31.10/i/elements/flags/jpn.svg,Quarterfinals,W,"6-1, 6-0",https://www.wtatennis.com/players/324394/ayano-shimizu,False,False,False,False,False,False,False,2,True,13,12,1,JP,JPN,392,142,Asia,East Asia,JPN,"6,1,None|6,0,None",
4,"Itf $50,000+H",https://www.wtatennis.com/resources/v7.31.10/i/elements/itf.png,,ITF,Carpet,https://www.wtatennis.com/resources/v7.31.10/i/elements/itf.png,2016-11-14,2016-11-20,2016,11,Toyota,SUI,,JP,JPN,392,142,,Asia,East Asia,JPN,303.0,,7600.0,32M/32Q/16D,"Itf $50,000+H",,Patty Schnyder,,https://www.wtatennis.com/resources/v7.31.10/i/elements/flags/sui.svg,Round of 16,W,"7-5, 6-4",https://www.wtatennis.com/players/190519/patty-schnyder,False,False,False,False,False,False,False,2,True,22,13,9,CH,CHE,756,150,Europe,Central Europe,SUI,"7,5,None|6,4,None",
5,"Itf $50,000+H",https://www.wtatennis.com/resources/v7.31.10/i/elements/itf.png,,ITF,Carpet,https://www.wtatennis.com/resources/v7.31.10/i/elements/itf.png,2016-11-14,2016-11-20,2016,11,Toyota,JPN,,JP,JPN,392,142,,Asia,East Asia,JPN,597.0,,7600.0,32M/32Q/16D,"Itf $50,000+H",,Momoko Kobori,,https://www.wtatennis.com/resources/v7.31.10/i/elements/flags/jpn.svg,Round of 32,W,"6-0, 6-1",https://www.wtatennis.com/players/324125/momoko-kobori,False,False,False,False,False,False,False,2,True,13,12,1,JP,JPN,392,142,Asia,East Asia,JPN,"6,0,None|6,1,None",
1,"Itf $100,000",https://www.wtatennis.com/resources/v7.31.10/i/elements/itf.png,,ITF,Hard,https://www.wtatennis.com/resources/v7.31.10/i/elements/itf.png,2016-11-07,2016-11-13,2016,11,Tokyo 2,CHN,,JP,JPN,392,142,,Asia,East Asia,JPN,24.0,,1520.0,32M/32Q/16D,"Itf $100,000",,Shuai Zhang,1.0,https://www.wtatennis.com/resources/v7.31.10/i/elements/flags/chn.svg,Round of 16,L,"4-6, 2-6",https://www.wtatennis.com/players/311779/shuai-zhang,False,False,False,False,False,False,False,2,False,18,6,12,CN,CHN,156,142,Asia,East Asia,CHN,"4,6,None|2,6,None",
2,"Itf $100,000",https://www.wtatennis.com/resources/v7.31.10/i/elements/itf.png,,ITF,Hard,https://www.wtatennis.com/resources/v7.31.10/i/elements/itf.png,2016-11-07,2016-11-13,2016,11,Tokyo 2,SRB,,JP,JPN,392,142,,Asia,East Asia,JPN,142.0,,1520.0,32M/32Q/16D,"Itf $100,000",,Nina Stojanovic,,https://www.wtatennis.com/resources/v7.31.10/i/elements/flags/srb.svg,Round of 32,W,"6-3, 6-3",https://www.wtatennis.com/players/319709/nina-stojanovic,False,False,False,False,False,False,False,2,True,18,12,6,RS,SRB,688,150,Europe,Southeastern Europe,SRB,"6,3,None|6,3,None",
1,"Itf/Tennis Europe $100,000",https://www.wtatennis.com/resources/v7.31.10/i/elements/itf.png,,ITF,Hard,https://www.wtatennis.com/resources/v7.31.10/i/elements/itf.png,2016-10-24,2016-10-30,2016,10,Poitiers,ROU,,FR,FRA,250,150,,Europe,Western Europe,FRA,214.0,,221.0,32M/32Q/16D,"Itf/Tennis Europe $100,000",,Andreea Mitu,,https://www.wtatennis.com/resources/v7.31.10/i/elements/flags/rou.svg,Qualifying R1 Qual. R1,L,"2-6, 2-6",https://www.wtatennis.com/players/314050/andreea-mitu,False,False,False,False,False,False,False,2,False,16,4,12,RO,ROU,642,150,Europe,Southeastern Europe,ROU,"2,6,None|2,6,None",
1,Vtb Kremlin Cup,,https://www.wtatennis.com/tournaments/730/moscow/2016,Premier,Hard,https://www.wtatennis.com/resources/v7.31.10/i/elements/500k-tag.svg,2016-10-17,2016-10-22,2016,10,Moscow,RUS,,RU,RUS,643,150,,Europe,Eastern Europe,RUS,142.0,1.0,980.0,32M/32Q/16D,Vtb Kremlin Cup,,Elizaveta Kulichkova,,https://www.wtatennis.com/resources/v7.31.10/i/elements/flags/rus.svg,Qualifying R1 Qual. R1,L,"4-6, 1-6",https://www.wtatennis.com/players/319600/elizaveta-kulichkova,False,False,False,False,False,False,False,2,False,17,5,12,RU,RUS,643,150,Europe,Eastern Europe,RUS,"4,6,None|1,6,None",
1,"Itf/Tennis Europe $100,000",https://www.wtatennis.com/resources/v7.31.10/i/elements/itf.png,,ITF,Hard,https://www.wtatennis.com/resources/v7.31.10/i/elements/itf.png,2016-09-19,2016-09-25,2016,9,Saint-Petersburg,CRO,,RU,RUS,643,150,,Europe,Eastern Europe,RUS,104.0,,4433.0,32M/32Q/16D,"Itf/Tennis Europe $100,000",,Donna Vekic,3.0,https://www.wtatennis.com/resources/v7.31.10/i/elements/flags/cro.svg,Semifinals,L,"1-6, 6-4, 1-6",https://www.wtatennis.com/players/318516/donna-vekic,False,False,False,False,False,False,False,3,False,24,8,16,HR,HRV,191,150,Europe,Southeastern Europe,CRO,"1,6,None|6,4,None|1,6,None",
2,"Itf/Tennis Europe $100,000",https://www.wtatennis.com/resources/v7.31.10/i/elements/itf.png,,ITF,Hard,https://www.wtatennis.com/resources/v7.31.10/i/elements/itf.png,2016-09-19,2016-09-25,2016,9,Saint-Petersburg,RUS,,RU,RUS,643,150,,Europe,Eastern Europe,RUS,96.0,,4433.0,32M/32Q/16D,"Itf/Tennis Europe $100,000",,Evgeniya Rodina,2.0,https://www.wtatennis.com/resources/v7.31.10/i/elements/flags/rus.svg,Quarterfinals,W,"6-2, 6-7 (5), 7-6 (5)",https://www.wtatennis.com/players/312584/evgeniya-rodina,False,False,False,False,True,True,True,3,True,34,19,15,RU,RUS,643,150,Europe,Eastern Europe,RUS,"6,2,None|6,7,5|7,6,5",
3,"Itf/Tennis Europe $100,000",https://www.wtatennis.com/resources/v7.31.10/i/elements/itf.png,,ITF,Hard,https://www.wtatennis.com/resources/v7.31.10/i/elements/itf.png,2016-09-19,2016-09-25,2016,9,Saint-Petersburg,RUS,,RU,RUS,643,150,,Europe,Eastern Europe,RUS,305.0,,4433.0,32M/32Q/16D,"Itf/Tennis Europe $100,000",,Valentyna Ivakhnenko,,https://www.wtatennis.com/resources/v7.31.10/i/elements/flags/rus.svg,Round of 16,W,"6-2, 6-4",https://www.wtatennis.com/players/315366/valentyna-ivakhnenko,False,False,False,False,False,False,False,2,True,18,12,6,RU,RUS,643,150,Europe,Eastern Europe,RUS,"6,2,None|6,4,None",
4,"Itf/Tennis Europe $100,000",https://www.wtatennis.com/resources/v7.31.10/i/elements/itf.png,,ITF,Hard,https://www.wtatennis.com/resources/v7.31.10/i/elements/itf.png,2016-09-19,2016-09-25,2016,9,Saint-Petersburg,RUS,,RU,RUS,643,150,,Europe,Eastern Europe,RUS,195.0,,4433.0,32M/32Q/16D,"Itf/Tennis Europe $100,000",,Anna Kalinskaya,,https://www.wtatennis.com/resources/v7.31.10/i/elements/flags/rus.svg,Round of 32,W,"7-6 (3), 6-4",https://www.wtatennis.com/players/323942/anna-kalinskaya,False,False,False,True,False,False,True,2,True,23,13,10,RU,RUS,643,150,Europe,Eastern Europe,RUS,"7,6,3|6,4,None",
1,2016 Us Open Tennis Championships,https://photoresources.wtatennis.com/photo-resources/2025/04/16/295289d9-36fa-408a-8586-2b407d930c10/WTA-Tournament_US-Open.png?height=128,https://www.wtatennis.com/tournaments/905/us-open/2016,Grand Slam,Hard,https://www.wtatennis.com/resources/v7.31.10/i/elements/gs-tag.svg,2016-08-29,2016-09-11,2016,8,New York,LUX,NY,US,USA,840,019,,America,Northern America,USA,110.0,20.0,10706.0,128M/128Q/64D,2016 Us Open Tennis Championships,,Mandy Minella,6.0,https://www.wtatennis.com/resources/v7.31.10/i/elements/flags/lux.svg,Qualifying R2 Qual. R2,L,"6-7 (2), 3-6",https://www.wtatennis.com/players/310431/mandy-minella,False,False,False,True,False,False,True,2,False,22,9,13,LU,LUX,442,150,Europe,Western Europe,LUX,"6,7,2|3,6,None",
2,2016 Us Open Tennis Championships,https://photoresources.wtatennis.com/photo-resources/2025/04/16/295289d9-36fa-408a-8586-2b407d930c10/WTA-Tournament_US-Open.png?height=128,https://www.wtatennis.com/tournaments/905/us-open/2016,Grand Slam,Hard,https://www.wtatennis.com/resources/v7.31.10/i/elements/gs-tag.svg,2016-08-29,2016-09-11,2016,8,New York,JPN,NY,US,USA,840,019,,America,Northern America,USA,195.0,20.0,10706.0,128M/128Q/64D,2016 Us Open Tennis Championships,,Mayo Hibi,,https://www.wtatennis.com/resources/v7.31.10/i/elements/flags/jpn.svg,Qualifying R1 Qual. R1,W,"7-5, 6-3",https://www.wtatennis.com/players/319473/mayo-hibi,False,False,False,False,False,False,False,2,True,21,13,8,JP,JPN,392,142,Asia,East Asia,JPN,"7,5,None|6,3,None",
1,"Itf/Tennis Europe $75,000",https://www.wtatennis.com/resources/v7.31.10/i/elements/itf.png,,ITF,Clay,https://www.wtatennis.com/resources/v7.31.10/i/elements/itf.png,2016-07-25,2016-07-31,2016,7,Prague,ESP,,CZ,CZE,203,150,Kingdom of Spain,Europe,Central Europe,CZE,130.0,,665.0,32M/32Q/16D,"Itf/Tennis Europe $75,000",,Sílvia Soler-Espinosa,8.0,https://www.wtatennis.com/resources/v7.31.10/i/elements/flags/esp.svg,Round of 32,L,"7-6 (5), 1-6, 3-6",https://www.wtatennis.com/players/311493/s-lvia-soler-espinosa,False,False,False,True,False,False,True,3,True,29,11,18,ES,ESP,724,150,Europe,Southern Europe,ESP,"7,6,5|1,6,None|3,6,None",
1,"Itf/Tennis Europe $100,000",https://www.wtatennis.com/resources/v7.31.10/i/elements/itf.png,,ITF,Clay,https://www.wtatennis.com/resources/v7.31.10/i/elements/itf.png,2016-07-04,2016-07-10,2016,7,Budapest,BUL,,HU,HUN,348,150,,Europe,Central Europe,HUN,,,1520.0,32M/32Q/16D,"Itf/Tennis Europe $100,000",,Viktoriya Tomova,,https://www.wtatennis.com/resources/v7.31.10/i/elements/flags/bul.svg,Round of 16,L,"6-7 (4), 4-6",https://www.wtatennis.com/players/317584/viktoriya-tomova,False,False,False,True,False,False,True,2,False,23,10,13,BG,BGR,100,150,Europe,Southeastern Europe,BUL,"6,7,4|4,6,None",
2,"Itf/Tennis Europe $100,000",https://www.wtatennis.com/resources/v7.31.10/i/elements/itf.png,,ITF,Clay,https://www.wtatennis.com/resources/v7.31.10/i/elements/itf.png,2016-07-04,2016-07-10,2016,7,Budapest,UKR,,HU,HUN,348,150,,Europe,Central Europe,HUN,,,1520.0,32M/32Q/16D,"Itf/Tennis Europe $100,000",,Olga Ianchuk,,https://www.wtatennis.com/resources/v7.31.10/i/elements/flags/ukr.svg,Round of 32,W,"6-3, 6-7 (5), 6-4",https://www.wtatennis.com/players/317148/olga-ianchuk,False,False,False,False,True,False,True,3,True,32,18,14,UA,UKR,804,150,Europe,Eastern Europe,UKR,"6,3,None|6,7,5|6,4,None",
1,"Itf/Tennis Europe $50,000",https://www.wtatennis.com/resources/v7.31.10/i/elements/itf.png,,ITF,Clay,https://www.wtatennis.com/resources/v7.31.10/i/elements/itf.png,2016-06-27,2016-07-03,2016,6,Rome - Tiro A Volo,ITA,,IT,ITA,380,150,,Europe,Southern Europe,ITA,303.0,,760.0,32M/32Q/16D,"Itf/Tennis Europe $50,000",,Anastasia Grymalska,,https://www.wtatennis.com/resources/v7.31.10/i/elements/flags/ita.svg,Round of 16,L,"3-6, 6-4, 6-7 (2)",https://www.wtatennis.com/players/313949/anastasia-grymalska,False,False,False,False,False,True,True,3,False,32,15,17,IT,ITA,380,150,Europe,Southern Europe,ITA,"3,6,None|6,4,None|6,7,2",
2,"Itf/Tennis Europe $50,000",https://www.wtatennis.com/resources/v7.31.10/i/elements/itf.png,,ITF,Clay,https://www.wtatennis.com/resources/v7.31.10/i/elements/itf.png,2016-06-27,2016-07-03,2016,6,Rome - Tiro A Volo,AUS,,IT,ITA,380,150,,Europe,Southern Europe,ITA,386.0,,760.0,32M/32Q/16D,"Itf/Tennis Europe $50,000",,Alison Bai,,https://www.wtatennis.com/resources/v7.31.10/i/elements/flags/aus.svg,Round of 32,W,"6-2, 6-3",https://www.wtatennis.com/players/312989/alison-bai,False,False,False,False,False,False,False,2,True,17,12,5,AU,AUS,036,009,Oceania,Australasia,AUS,"6,2,None|6,3,None",
1,"Itf/Tennis Europe $25,000",https://www.wtatennis.com/resources/v7.31.10/i/elements/itf.png,,ITF,Clay,https://www.wtatennis.com/resources/v7.31.10/i/elements/itf.png,2016-06-13,2016-06-19,2016,6,Minsk 2,RUS,,BY,BLR,112,150,,Europe,Eastern Europe,BLR,531.0,,1144.0,32M/48Q/16D,"Itf/Tennis Europe $25,000",,Anna Kalinskaya,,https://www.wtatennis.com/resources/v7.31.10/i/elements/flags/rus.svg,Semifinals,L,"5-7, 1-6",https://www.wtatennis.com/players/323942/anna-kalinskaya,False,False,False,False,False,False,False,2,False,19,6,13,RU,RUS,643,150,Europe,Eastern Europe,RUS,"5,7,None|1,6,None",
2,"Itf/Tennis Europe $25,000",https://www.wtatennis.com/resources/v7.31.10/i/elements/itf.png,,ITF,Clay,https://www.wtatennis.com/resources/v7.31.10/i/elements/itf.png,2016-06-13,2016-06-19,2016,6,Minsk 2,UKR,,BY,BLR,112,150,,Europe,Eastern Europe,BLR,295.0,,1144.0,32M/48Q/16D,"Itf/Tennis Europe $25,000",,Olga Ianchuk,5.0,https://www.wtatennis.com/resources/v7.31.10/i/elements/flags/ukr.svg,Quarterfinals,W,"6-0, 4-6, 7-6 (4)",https://www.wtatennis.com/players/317148/olga-ianchuk,False,False,False,False,False,True,True,3,True,29,17,12,UA,UKR,804,150,Europe,Eastern Europe,UKR,"6,0,None|4,6,None|7,6,4",
3,"Itf/Tennis Europe $25,000",https://www.wtatennis.com/resources/v7.31.10/i/elements/itf.png,,ITF,Clay,https://www.wtatennis.com/resources/v7.31.10/i/elements/itf.png,2016-06-13,2016-06-19,2016,6,Minsk 2,ISR,,BY,BLR,112,150,,Europe,Eastern Europe,BLR,336.0,,1144.0,32M/48Q/16D,"Itf/Tennis Europe $25,000",,Deniz Khazaniuk,,https://www.wtatennis.com/resources/v7.31.10/i/elements/flags/isr.svg,Round of 16,W,"4-6, 6-4, 6-3",https://www.wtatennis.com/players/316813/deniz-khazaniuk,False,False,False,False,False,False,False,3,False,29,16,13,IL,ISR,376,142,Asia,Western Asia,ISR,"4,6,None|6,4,None|6,3,None",
4,"Itf/Tennis Europe $25,000",https://www.wtatennis.com/resources/v7.31.10/i/elements/itf.png,,ITF,Clay,https://www.wtatennis.com/resources/v7.31.10/i/elements/itf.png,2016-06-13,2016-06-19,2016,6,Minsk 2,UKR,,BY,BLR,112,150,,Europe,Eastern Europe,BLR,403.0,,1144.0,32M/48Q/16D,"Itf/Tennis Europe $25,000",,Anastasiya Vasylyeva,,https://www.wtatennis.com/resources/v7.31.10/i/elements/flags/ukr.svg,Round of 32,W,"6-7 (6), 6-1, 6-1",https://www.wtatennis.com/players/314888/anastasiya-vasylyeva,False,False,False,True,False,False,True,3,False,27,18,9,UA,UKR,804,150,Europe,Eastern Europe,UKR,"6,7,6|6,1,None|6,1,None",
1,"Itf/Tennis Europe $25,000",https://www.wtatennis.com/resources/v7.31.10/i/elements/itf.png,,ITF,Clay,https://www.wtatennis.com/resources/v7.31.10/i/elements/itf.png,2016-06-06,2016-06-12,2016,6,Minsk,GRE,,BY,BLR,112,150,,Europe,Eastern Europe,BLR,336.0,,228.0,32M/64Q/16D,"Itf/Tennis Europe $25,000",,Valentini Grammatikopoulou,,https://www.wtatennis.com/resources/v7.31.10/i/elements/flags/gre.svg,Round of 32,L,"6-2, 0-6, 5-7",https://www.wtatennis.com/players/319250/valentini-grammatikopoulou,False,False,False,False,False,False,False,3,True,26,11,15,GR,GRC,300,150,Europe,Southeastern Europe,GRE,"6,2,None|0,6,None|5,7,None",
1,"Itf $50,000",https://www.wtatennis.com/resources/v7.31.10/i/elements/itf.png,,ITF,Hard,https://www.wtatennis.com/resources/v7.31.10/i/elements/itf.png,2016-05-23,2016-05-29,2016,5,Tianjin,SRB,,CN,CHN,156,142,,Asia,East Asia,CHN,304.0,,7600.0,32M/32Q/16D,"Itf $50,000",,Nina Stojanovic,,https://www.wtatennis.com/resources/v7.31.10/i/elements/flags/srb.svg,Finals,W,"5-7, 6-3, 6-1",https://www.wtatennis.com/players/319709/nina-stojanovic,False,False,False,False,False,False,False,3,False,28,17,11,RS,SRB,688,150,Europe,Southeastern Europe,SRB,"5,7,None|6,3,None|6,1,None",
2,"Itf $50,000",https://www.wtatennis.com/resources/v7.31.10/i/elements/itf.png,,ITF,Hard,https://www.wtatennis.com/resources/v7.31.10/i/elements/itf.png,2016-05-23,2016-05-29,2016,5,Tianjin,USA,,CN,CHN,156,142,United States of America|America|USA|US,Asia,East Asia,CHN,309.0,,7600.0,32M/32Q/16D,"Itf $50,000",,Lauren Albanese,,https://www.wtatennis.com/resources/v7.31.10/i/elements/flags/usa.svg,Semifinals,W,"6-3, 0-6, 6-2",https://www.wtatennis.com/players/312952/lauren-albanese,False,False,False,False,False,False,False,3,True,23,12,11,US,USA,840,019,America,Northern America,USA,"6,3,None|0,6,None|6,2,None",
3,"Itf $50,000",https://www.wtatennis.com/resources/v7.31.10/i/elements/itf.png,,ITF,Hard,https://www.wtatennis.com/resources/v7.31.10/i/elements/itf.png,2016-05-23,2016-05-29,2016,5,Tianjin,CHN,,CN,CHN,156,142,,Asia,East Asia,CHN,271.0,,7600.0,32M/32Q/16D,"Itf $50,000",,Shuai Peng,,https://www.wtatennis.com/resources/v7.31.10/i/elements/flags/chn.svg,Quarterfinals,W,"6-4, 6-2",https://www.wtatennis.com/players/160471/shuai-peng,False,False,False,False,False,False,False,2,True,18,12,6,CN,CHN,156,142,Asia,East Asia,CHN,"6,4,None|6,2,None",
4,"Itf $50,000",https://www.wtatennis.com/resources/v7.31.10/i/elements/itf.png,,ITF,Hard,https://www.wtatennis.com/resources/v7.31.10/i/elements/itf.png,2016-05-23,2016-05-29,2016,5,Tianjin,RUS,,CN,CHN,156,142,,Asia,East Asia,CHN,326.0,,7600.0,32M/32Q/16D,"Itf $50,000",,Alena Tarasova,,https://www.wtatennis.com/resources/v7.31.10/i/elements/flags/rus.svg,Round of 16,W,"6-4, 6-3",https://www.wtatennis.com/players/318422/alena-tarasova,False,False,False,False,False,False,False,2,True,19,12,7,RU,RUS,643,150,Europe,Eastern Europe,RUS,"6,4,None|6,3,None",
5,"Itf $50,000",https://www.wtatennis.com/resources/v7.31.10/i/elements/itf.png,,ITF,Hard,https://www.wtatennis.com/resources/v7.31.10/i/elements/itf.png,2016-05-23,2016-05-29,2016,5,Tianjin,CHN,,CN,CHN,156,142,,Asia,East Asia,CHN,423.0,,7600.0,32M/32Q/16D,"Itf $50,000",,Xuliu Sun,,https://www.wtatennis.com/resources/v7.31.10/i/elements/flags/chn.svg,Round of 32,W,"6-4, 6-1",https://www.wtatennis.com/players/319993/xuliu-sun,False,False,False,False,False,False,False,2,True,17,12,5,CN,CHN,156,142,Asia,East Asia,CHN,"6,4,None|6,1,None",
1,"Itf $50,000",https://www.wtatennis.com/resources/v7.31.10/i/elements/itf.png,,ITF,Hard,https://www.wtatennis.com/resources/v7.31.10/i/elements/itf.png,2016-05-16,2016-05-22,2016,5,Zhengzhou,RUS,,CN,CHN,156,142,,Asia,East Asia,CHN,231.0,,1267.0,32M/32Q/16D,"Itf $50,000",,Anastasia Pivovarova,3.0,https://www.wtatennis.com/resources/v7.31.10/i/elements/flags/rus.svg,Quarterfinals,L,"2-6, 6-4, 4-6",https://www.wtatennis.com/players/313390/anastasia-pivovarova,False,False,False,False,False,False,False,3,False,28,12,16,RU,RUS,643,150,Europe,Eastern Europe,RUS,"2,6,None|6,4,None|4,6,None",
2,"Itf $50,000",https://www.wtatennis.com/resources/v7.31.10/i/elements/itf.png,,ITF,Hard,https://www.wtatennis.com/resources/v7.31.10/i/elements/itf.png,2016-05-16,2016-05-22,2016,5,Zhengzhou,SRB,,CN,CHN,156,142,,Asia,East Asia,CHN,304.0,,1267.0,32M/32Q/16D,"Itf $50,000",,Nina Stojanovic,,https://www.wtatennis.com/resources/v7.31.10/i/elements/flags/srb.svg,Round of 16,W,"6-4, 4-6, 6-4",https://www.wtatennis.com/players/319709/nina-stojanovic,False,False,False,False,False,False,False,3,True,30,16,14,RS,SRB,688,150,Europe,Southeastern Europe,SRB,"6,4,None|4,6,None|6,4,None",
3,"Itf $50,000",https://www.wtatennis.com/resources/v7.31.10/i/elements/itf.png,,ITF,Hard,https://www.wtatennis.com/resources/v7.31.10/i/elements/itf.png,2016-05-16,2016-05-22,2016,5,Zhengzhou,CHN,,CN,CHN,156,142,,Asia,East Asia,CHN,9999.0,,1267.0,32M/32Q/16D,"Itf $50,000",,Shuo Feng,,https://www.wtatennis.com/resources/v7.31.10/i/elements/flags/chn.svg,Round of 32,W,"6-3, 7-6 (4)",https://www.wtatennis.com/players/325807/shuo-feng,False,False,False,False,True,False,True,2,True,22,13,9,CN,CHN,156,142,Asia,East Asia,CHN,"6,3,None|7,6,4",
1,Grand Prix De Sar La Princesse Lalla Meryem,,https://www.wtatennis.com/tournaments/1005/rabat/2016,International,Clay,https://www.wtatennis.com/resources/v7.31.10/i/elements/250k-tag.svg,2016-04-25,2016-04-30,2016,4,Rabat,NED,,MA,MAR,504,002,,Africa,North Africa,MAR,139.0,10.0,730.0,32M/32Q/16D,Grand Prix De Sar La Princesse Lalla Meryem,,Richel Hogenkamp,4.0,https://www.wtatennis.com/resources/v7.31.10/i/elements/flags/ned.svg,Qualifying R2 Qual. R2,L,"6-2, 1-6, 2-6",https://www.wtatennis.com/players/317263/richel-hogenkamp,False,False,False,False,False,False,False,3,True,23,9,14,NL,NLD,528,150,Europe,Western Europe,NED,"6,2,None|1,6,None|2,6,None",
2,Grand Prix De Sar La Princesse Lalla Meryem,,https://www.wtatennis.com/tournaments/1005/rabat/2016,International,Clay,https://www.wtatennis.com/resources/v7.31.10/i/elements/250k-tag.svg,2016-04-25,2016-04-30,2016,4,Rabat,FRA,,MA,MAR,504,002,,Africa,North Africa,MAR,196.0,10.0,730.0,32M/32Q/16D,Grand Prix De Sar La Princesse Lalla Meryem,,Mathilde Johansson,,https://www.wtatennis.com/resources/v7.31.10/i/elements/flags/fra.svg,Qualifying R1 Qual. R1,W,"6-3, 7-6 (3)",https://www.wtatennis.com/players/100162/mathilde-johansson,False,False,False,False,True,False,True,2,True,22,13,9,FR,FRA,250,150,Europe,Western Europe,FRA,"6,3,None|7,6,3",
1,"Itf/Tennis Europe $50,000",https://www.wtatennis.com/resources/v7.31.10/i/elements/itf.png,,ITF,Hard,https://www.wtatennis.com/resources/v7.31.10/i/elements/itf.png,2016-03-28,2016-04-03,2016,3,Croissy-Beaubourg,GBR,,FR,FRA,250,150,Britain|UK|Great Britain|United Kingdom,Europe,Western Europe,FRA,,,110.0,32M/32Q/16D,"Itf/Tennis Europe $50,000",,Freya Christie,,https://www.wtatennis.com/resources/v7.31.10/i/elements/flags/gbr.svg,Qualifying R1 Qual. R1,L,"4-6, 4-6",https://www.wtatennis.com/players/320863/freya-christie,False,False,False,False,False,False,False,2,False,20,8,12,GB,GBR,826,150,Europe,Northern Europe,ENG,"4,6,None|4,6,None",
1,"Itf $25,000",https://www.wtatennis.com/resources/v7.31.10/i/elements/itf.png,,ITF,Hard,https://www.wtatennis.com/resources/v7.31.10/i/elements/itf.png,2016-02-22,2016-02-28,2016,2,Port Pirie,JPN,,AU,AUS,036,009,,Oceania,Australasia,AUS,341.0,,228.0,32M/64Q/16D,"Itf $25,000",,Kyoka Okamura,,https://www.wtatennis.com/resources/v7.31.10/i/elements/flags/jpn.svg,Round of 32,L,"6-7 (5), 3-6",https://www.wtatennis.com/players/319183/kyoka-okamura,False,False,False,True,False,False,True,2,False,22,9,13,JP,JPN,392,142,Asia,East Asia,JPN,"6,7,5|3,6,None",
1,"Itf $25,000",https://www.wtatennis.com/resources/v7.31.10/i/elements/itf.png,,ITF,Hard,https://www.wtatennis.com/resources/v7.31.10/i/elements/itf.png,2016-02-15,2016-02-21,2016,2,Perth 2,AUS,,AU,AUS,036,009,,Oceania,Australasia,AUS,276.0,,2091.0,32M/64Q/16D,"Itf $25,000",,Arina Rodionova,,https://www.wtatennis.com/resources/v7.31.10/i/elements/flags/aus.svg,Finals,L,"1-6, 1-6",https://www.wtatennis.com/players/312413/arina-rodionova,False,False,False,False,False,False,False,2,False,14,2,12,AU,AUS,036,009,Oceania,Australasia,AUS,"1,6,None|1,6,None",
2,"Itf $25,000",https://www.wtatennis.com/resources/v7.31.10/i/elements/itf.png,,ITF,Hard,https://www.wtatennis.com/resources/v7.31.10/i/elements/itf.png,2016-02-15,2016-02-21,2016,2,Perth 2,AUS,,AU,AUS,036,009,,Oceania,Australasia,AUS,357.0,,2091.0,32M/64Q/16D,"Itf $25,000",,Storm Hunter,,https://www.wtatennis.com/resources/v7.31.10/i/elements/flags/aus.svg,Semifinals,W,"6-3, 4-6, 6-2",https://www.wtatennis.com/players/317810/storm-hunter,False,False,False,False,False,False,False,3,True,27,16,11,AU,AUS,036,009,Oceania,Australasia,AUS,"6,3,None|4,6,None|6,2,None",
3,"Itf $25,000",https://www.wtatennis.com/resources/v7.31.10/i/elements/itf.png,,ITF,Hard,https://www.wtatennis.com/resources/v7.31.10/i/elements/itf.png,2016-02-15,2016-02-21,2016,2,Perth 2,KOR,,AU,AUS,036,009,,Oceania,Australasia,AUS,243.0,,2091.0,32M/64Q/16D,"Itf $25,000",,Na Lae Han,8.0,https://www.wtatennis.com/resources/v7.31.10/i/elements/flags/kor.svg,Quarterfinals,W,"7-5, 3-6, 6-1",https://www.wtatennis.com/players/315159/na-lae-han,False,False,False,False,False,False,False,3,True,28,16,12,KR,KOR,410,142,Asia,East Asia,KOR,"7,5,None|3,6,None|6,1,None",
4,"Itf $25,000",https://www.wtatennis.com/resources/v7.31.10/i/elements/itf.png,,ITF,Hard,https://www.wtatennis.com/resources/v7.31.10/i/elements/itf.png,2016-02-15,2016-02-21,2016,2,Perth 2,CHN,,AU,AUS,036,009,,Oceania,Australasia,AUS,172.0,,2091.0,32M/64Q/16D,"Itf $25,000",,Zhaoxuan Yang,1.0,https://www.wtatennis.com/resources/v7.31.10/i/elements/flags/chn.svg,Round of 16,W,"6-3, 7-6 (0)",https://www.wtatennis.com/players/317547/zhaoxuan-yang,False,False,False,False,True,False,True,2,True,22,13,9,CN,CHN,156,142,Asia,East Asia,CHN,"6,3,None|7,6,0",
5,"Itf $25,000",https://www.wtatennis.com/resources/v7.31.10/i/elements/itf.png,,ITF,Hard,https://www.wtatennis.com/resources/v7.31.10/i/elements/itf.png,2016-02-15,2016-02-21,2016,2,Perth 2,TUR,,AU,AUS,036,009,,Oceania,Australasia,AUS,314.0,,2091.0,32M/64Q/16D,"Itf $25,000",,Pemra Ozgen,,https://www.wtatennis.com/resources/v7.31.10/i/elements/flags/tur.svg,Round of 32,W,"6-3, 7-6 (3)",https://www.wtatennis.com/players/310047/pemra-ozgen,False,False,False,False,True,False,True,2,True,22,13,9,TR,TUR,792,142,Asia,Western Asia,TUR,"6,3,None|7,6,3",
1,"Itf $25,000",https://www.wtatennis.com/resources/v7.31.10/i/elements/itf.png,,ITF,Hard,https://www.wtatennis.com/resources/v7.31.10/i/elements/itf.png,2016-02-08,2016-02-14,2016,2,Perth,KOR,,AU,AUS,036,009,,Oceania,Australasia,AUS,191.0,,392.0,32M/64Q/16D,"Itf $25,000",,Su Jeong Jang,5.0,https://www.wtatennis.com/resources/v7.31.10/i/elements/flags/kor.svg,Round of 16,L,"5-7, 4-6",https://www.wtatennis.com/players/317065/su-jeong-jang,False,False,False,False,False,False,False,2,False,22,9,13,KR,KOR,410,142,Asia,East Asia,KOR,"5,7,None|4,6,None",
2,"Itf $25,000",https://www.wtatennis.com/resources/v7.31.10/i/elements/itf.png,,ITF,Hard,https://www.wtatennis.com/resources/v7.31.10/i/elements/itf.png,2016-02-08,2016-02-14,2016,2,Perth,CZE,,AU,AUS,036,009,,Oceania,Australasia,AUS,283.0,,392.0,32M/64Q/16D,"Itf $25,000",,Barbora Stefkova,,https://www.wtatennis.com/resources/v7.31.10/i/elements/flags/cze.svg,Round of 32,W,"4-6, 6-2, 6-2",https://www.wtatennis.com/players/319262/barbora-stefkova,False,False,False,False,False,False,False,3,False,26,16,10,CZ,CZE,203,150,Europe,Central Europe,CZE,"4,6,None|6,2,None|6,2,None",
1,"Itf $25,000",https://www.wtatennis.com/resources/v7.31.10/i/elements/itf.png,,ITF,Hard,https://www.wtatennis.com/resources/v7.31.10/i/elements/itf.png,2015-12-14,2015-12-20,2015,12,Navi Mumbai,AUT,,IN,IND,356,142,,Asia,South Asia,IND,272.0,,2091.0,32M/32Q/16D,"Itf $25,000",,Barbara Haas,6.0,https://www.wtatennis.com/resources/v7.31.10/i/elements/flags/aut.svg,Finals,L,"6-7 (2), 6-7 (6)",https://www.wtatennis.com/players/318424/barbara-haas,False,False,False,True,True,False,True,2,False,26,12,14,AT,AUT,040,150,Europe,Central Europe,AUT,"6,7,2|6,7,6",
2,"Itf $25,000",https://www.wtatennis.com/resources/v7.31.10/i/elements/itf.png,,ITF,Hard,https://www.wtatennis.com/resources/v7.31.10/i/elements/itf.png,2015-12-14,2015-12-20,2015,12,Navi Mumbai,RUS,,IN,IND,356,142,,Asia,South Asia,IND,226.0,,2091.0,32M/32Q/16D,"Itf $25,000",,Polina Leykina,2.0,https://www.wtatennis.com/resources/v7.31.10/i/elements/flags/rus.svg,Semifinals,W,"3-6, 6-0, 6-2",https://www.wtatennis.com/players/318210/polina-leykina,False,False,False,False,False,False,False,3,False,23,15,8,RU,RUS,643,150,Europe,Eastern Europe,RUS,"3,6,None|6,0,None|6,2,None",
3,"Itf $25,000",https://www.wtatennis.com/resources/v7.31.10/i/elements/itf.png,,ITF,Hard,https://www.wtatennis.com/resources/v7.31.10/i/elements/itf.png,2015-12-14,2015-12-20,2015,12,Navi Mumbai,ESP,,IN,IND,356,142,Kingdom of Spain,Asia,South Asia,IND,326.0,,2091.0,32M/32Q/16D,"Itf $25,000",,Georgina Garcia Perez,,https://www.wtatennis.com/resources/v7.31.10/i/elements/flags/esp.svg,Quarterfinals,W,"6-7 (3), 6-4, 6-4",https://www.wtatennis.com/players/315815/georgina-garcia-perez,False,False,False,True,False,False,True,3,False,33,18,15,ES,ESP,724,150,Europe,Southern Europe,ESP,"6,7,3|6,4,None|6,4,None",
4,"Itf $25,000",https://www.wtatennis.com/resources/v7.31.10/i/elements/itf.png,,ITF,Hard,https://www.wtatennis.com/resources/v7.31.10/i/elements/itf.png,2015-12-14,2015-12-20,2015,12,Navi Mumbai,IND,,IN,IND,356,142,,Asia,South Asia,IND,254.0,,2091.0,32M/32Q/16D,"Itf $25,000",,Ankita Raina,3.0,https://www.wtatennis.com/resources/v7.31.10/i/elements/flags/ind.svg,Round of 16,W,"6-4, 3-6, 6-3",https://www.wtatennis.com/players/317164/ankita-raina,False,False,False,False,False,False,False,3,True,28,15,13,IN,IND,356,142,Asia,South Asia,IND,"6,4,None|3,6,None|6,3,None",
5,"Itf $25,000",https://www.wtatennis.com/resources/v7.31.10/i/elements/itf.png,,ITF,Hard,https://www.wtatennis.com/resources/v7.31.10/i/elements/itf.png,2015-12-14,2015-12-20,2015,12,Navi Mumbai,BIH,,IN,IND,356,142,,Asia,South Asia,IND,458.0,,2091.0,32M/32Q/16D,"Itf $25,000",,Jelena Simic,,https://www.wtatennis.com/resources/v7.31.10/i/elements/flags/bih.svg,Round of 32,W,"6-3, 6-4",https://www.wtatennis.com/players/317092/jelena-simic,False,False,False,False,False,False,False,2,True,19,12,7,BA,BIH,070,150,Europe,Southeastern Europe,BIH,"6,3,None|6,4,None",
1,"Itf/Tennis Europe $25,000",https://www.wtatennis.com/resources/v7.31.10/i/elements/itf.png,,ITF,Hard,https://www.wtatennis.com/resources/v7.31.10/i/elements/itf.png,2015-11-09,2015-11-15,2015,11,Minsk 3,RUS,,BY,BLR,112,150,,Europe,Eastern Europe,BLR,240.0,,1144.0,32M/32Q/16D,"Itf/Tennis Europe $25,000",,Irina Khromacheva,1.0,https://www.wtatennis.com/resources/v7.31.10/i/elements/flags/rus.svg,Semifinals,L,"4-6, 0-6",https://www.wtatennis.com/players/317915/irina-khromacheva,False,False,False,False,False,False,False,2,False,16,4,12,RU,RUS,643,150,Europe,Eastern Europe,RUS,"4,6,None|0,6,None",W
2,"Itf/Tennis Europe $25,000",https://www.wtatennis.com/resources/v7.31.10/i/elements/itf.png,,ITF,Hard,https://www.wtatennis.com/resources/v7.31.10/i/elements/itf.png,2015-11-09,2015-11-15,2015,11,Minsk 3,SRB,,BY,BLR,112,150,,Europe,Eastern Europe,BLR,287.0,,1144.0,32M/32Q/16D,"Itf/Tennis Europe $25,000",,Nina Stojanovic,5.0,https://www.wtatennis.com/resources/v7.31.10/i/elements/flags/srb.svg,Quarterfinals,W,"3-6, 7-6 (8), 6-2",https://www.wtatennis.com/players/319709/nina-stojanovic,False,False,False,False,True,False,True,3,False,30,16,14,RS,SRB,688,150,Europe,Southeastern Europe,SRB,"3,6,None|7,6,8|6,2,None",W
3,"Itf/Tennis Europe $25,000",https://www.wtatennis.com/resources/v7.31.10/i/elements/itf.png,,ITF,Hard,https://www.wtatennis.com/resources/v7.31.10/i/elements/itf.png,2015-11-09,2015-11-15,2015,11,Minsk 3,RUS,,BY,BLR,112,150,,Europe,Eastern Europe,BLR,295.0,,1144.0,32M/32Q/16D,"Itf/Tennis Europe $25,000",,Polina Vinogradova,4.0,https://www.wtatennis.com/resources/v7.31.10/i/elements/flags/rus.svg,Round of 16,W,"6-3, 6-3",https://www.wtatennis.com/players/316839/polina-vinogradova,False,False,False,False,False,False,False,2,True,18,12,6,RU,RUS,643,150,Europe,Eastern Europe,RUS,"6,3,None|6,3,None",W
4,"Itf/Tennis Europe $25,000",https://www.wtatennis.com/resources/v7.31.10/i/elements/itf.png,,ITF,Hard,https://www.wtatennis.com/resources/v7.31.10/i/elements/itf.png,2015-11-09,2015-11-15,2015,11,Minsk 3,TUR,,BY,BLR,112,150,,Europe,Eastern Europe,BLR,404.0,,1144.0,32M/32Q/16D,"Itf/Tennis Europe $25,000",,Ayla Aksu,,https://www.wtatennis.com/resources/v7.31.10/i/elements/flags/tur.svg,Round of 32,W,"7-5, 6-4",https://www.wtatennis.com/players/319641/ayla-aksu,False,False,False,False,False,False,False,2,True,22,13,9,TR,TUR,792,142,Asia,Western Asia,TUR,"7,5,None|6,4,None",W
1,"Itf/Tennis Europe $10,000",https://www.wtatennis.com/resources/v7.31.10/i/elements/itf.png,,ITF,Hard,https://www.wtatennis.com/resources/v7.31.10/i/elements/itf.png,2015-10-05,2015-10-11,2015,10,Antalya 27,ROU,,TR,TUR,792,142,,Asia,Western Asia,TUR,419.0,,1568.0,32M/32Q/16D,"Itf/Tennis Europe $10,000",,Nicoleta Dascalu,3.0,https://www.wtatennis.com/resources/v7.31.10/i/elements/flags/rou.svg,Finals,W,"6-4, 6-7 (4), 7-5",https://www.wtatennis.com/players/319240/nicoleta-dascalu,False,False,False,False,True,False,True,3,True,35,19,16,RO,ROU,642,150,Europe,Southeastern Europe,ROU,"6,4,None|6,7,4|7,5,None",
2,"Itf/Tennis Europe $10,000",https://www.wtatennis.com/resources/v7.31.10/i/elements/itf.png,,ITF,Hard,https://www.wtatennis.com/resources/v7.31.10/i/elements/itf.png,2015-10-05,2015-10-11,2015,10,Antalya 27,HUN,,TR,TUR,792,142,,Asia,Western Asia,TUR,438.0,,1568.0,32M/32Q/16D,"Itf/Tennis Europe $10,000",,Anna Bondar,4.0,https://www.wtatennis.com/resources/v7.31.10/i/elements/flags/hun.svg,Semifinals,W,"7-6 (5), 7-6 (4)",https://www.wtatennis.com/players/322942/anna-bondar,False,False,False,True,True,False,True,2,True,26,14,12,HU,HUN,348,150,Europe,Central Europe,HUN,"7,6,5|7,6,4",
3,"Itf/Tennis Europe $10,000",https://www.wtatennis.com/resources/v7.31.10/i/elements/itf.png,,ITF,Hard,https://www.wtatennis.com/resources/v7.31.10/i/elements/itf.png,2015-10-05,2015-10-11,2015,10,Antalya 27,ROU,,TR,TUR,792,142,,Asia,Western Asia,TUR,808.0,,1568.0,32M/32Q/16D,"Itf/Tennis Europe $10,000",,Andreea Ghitescu,,https://www.wtatennis.com/resources/v7.31.10/i/elements/flags/rou.svg,Quarterfinals,W,"6-1, 6-3",https://www.wtatennis.com/players/320729/andreea-ghitescu,False,False,False,False,False,False,False,2,True,16,12,4,RO,ROU,642,150,Europe,Southeastern Europe,ROU,"6,1,None|6,3,None",
4,"Itf/Tennis Europe $10,000",https://www.wtatennis.com/resources/v7.31.10/i/elements/itf.png,,ITF,Hard,https://www.wtatennis.com/resources/v7.31.10/i/elements/itf.png,2015-10-05,2015-10-11,2015,10,Antalya 27,SUI,,TR,TUR,792,142,,Asia,Western Asia,TUR,9999.0,,1568.0,32M/32Q/16D,"Itf/Tennis Europe $10,000",,Chiara Grimm,,https://www.wtatennis.com/resources/v7.31.10/i/elements/flags/sui.svg,Round of 16,W,"1-6, 6-2, 7-5",https://www.wtatennis.com/players/320541/chiara-grimm,False,False,False,False,False,False,False,3,False,27,14,13,CH,CHE,756,150,Europe,Central Europe,SUI,"1,6,None|6,2,None|7,5,None",
5,"Itf/Tennis Europe $10,000",https://www.wtatennis.com/resources/v7.31.10/i/elements/itf.png,,ITF,Hard,https://www.wtatennis.com/resources/v7.31.10/i/elements/itf.png,2015-10-05,2015-10-11,2015,10,Antalya 27,TUR,,TR,TUR,792,142,,Asia,Western Asia,TUR,402.0,,1568.0,32M/32Q/16D,"Itf/Tennis Europe $10,000",,Melis Sezer,1.0,https://www.wtatennis.com/resources/v7.31.10/i/elements/flags/tur.svg,Round of 32,W,"6-3, 6-3",https://www.wtatennis.com/players/315313/melis-sezer,False,False,False,False,False,False,False,2,True,18,12,6,TR,TUR,792,142,Asia,Western Asia,TUR,"6,3,None|6,3,None",
1,"Itf/Tennis Europe $10,000",https://www.wtatennis.com/resources/v7.31.10/i/elements/itf.png,,ITF,Hard,https://www.wtatennis.com/resources/v7.31.10/i/elements/itf.png,2015-09-28,2015-10-04,2015,9,Antalya 26,ROU,,TR,TUR,792,142,,Asia,Western Asia,TUR,622.0,,1568.0,32M/16Q/16D,"Itf/Tennis Europe $10,000",,Daiana Negreanu,5.0,https://www.wtatennis.com/resources/v7.31.10/i/elements/flags/rou.svg,Finals,W,"6-3, 7-5",https://www.wtatennis.com/players/312267/daiana-negreanu,False,False,False,False,False,False,False,2,True,21,13,8,RO,ROU,642,150,Europe,Southeastern Europe,ROU,"6,3,None|7,5,None",
2,"Itf/Tennis Europe $10,000",https://www.wtatennis.com/resources/v7.31.10/i/elements/itf.png,,ITF,Hard,https://www.wtatennis.com/resources/v7.31.10/i/elements/itf.png,2015-09-28,2015-10-04,2015,9,Antalya 26,SVK,,TR,TUR,792,142,,Asia,Western Asia,TUR,943.0,,1568.0,32M/16Q/16D,"Itf/Tennis Europe $10,000",,Vivien Juhaszova,,https://www.wtatennis.com/resources/v7.31.10/i/elements/flags/svk.svg,Semifinals,W,"6-0, 3-0",https://www.wtatennis.com/players/317585/vivien-juhaszova,True,False,False,False,False,False,False,2,True,9,9,0,SK,SVK,703,150,Europe,Central Europe,SVK,"6,0,None|3,0,None|Ret",
3,"Itf/Tennis Europe $10,000",https://www.wtatennis.com/resources/v7.31.10/i/elements/itf.png,,ITF,Hard,https://www.wtatennis.com/resources/v7.31.10/i/elements/itf.png,2015-09-28,2015-10-04,2015,9,Antalya 26,CRO,,TR,TUR,792,142,,Asia,Western Asia,TUR,815.0,,1568.0,32M/16Q/16D,"Itf/Tennis Europe $10,000",,Ena Kajevic,,https://www.wtatennis.com/resources/v7.31.10/i/elements/flags/cro.svg,Quarterfinals,W,"6-1, 6-4",https://www.wtatennis.com/players/319680/ena-kajevic,False,False,False,False,False,False,False,2,True,17,12,5,HR,HRV,191,150,Europe,Southeastern Europe,CRO,"6,1,None|6,4,None",
4,"Itf/Tennis Europe $10,000",https://www.wtatennis.com/resources/v7.31.10/i/elements/itf.png,,ITF,Hard,https://www.wtatennis.com/resources/v7.31.10/i/elements/itf.png,2015-09-28,2015-10-04,2015,9,Antalya 26,USA,,TR,TUR,792,142,United States of America|America|USA|US,Asia,Western Asia,TUR,1012.0,,1568.0,32M/16Q/16D,"Itf/Tennis Europe $10,000",,Tina Tehrani,,https://www.wtatennis.com/resources/v7.31.10/i/elements/flags/usa.svg,Round of 16,W,"6-2, 6-3",https://www.wtatennis.com/players/321002/tina-tehrani,False,False,False,False,False,False,False,2,True,17,12,5,US,USA,840,019,America,Northern America,USA,"6,2,None|6,3,None",
5,"Itf/Tennis Europe $10,000",https://www.wtatennis.com/resources/v7.31.10/i/elements/itf.png,,ITF,Hard,https://www.wtatennis.com/resources/v7.31.10/i/elements/itf.png,2015-09-28,2015-10-04,2015,9,Antalya 26,TUR,,TR,TUR,792,142,,Asia,Western Asia,TUR,,,1568.0,32M/16Q/16D,"Itf/Tennis Europe $10,000",,Nur Bicen,,https://www.wtatennis.com/resources/v7.31.10/i/elements/flags/tur.svg,Round of 32,W,"6-0, 6-0",https://www.wtatennis.com/players/320931/nur-bicen,False,False,False,False,False,False,False,2,True,12,12,0,TR,TUR,792,142,Asia,Western Asia,TUR,"6,0,None|6,0,None",
1,"Itf/Tennis Europe $25,000",https://www.wtatennis.com/resources/v7.31.10/i/elements/itf.png,,ITF,Clay,https://www.wtatennis.com/resources/v7.31.10/i/elements/itf.png,2015-08-17,2015-08-23,2015,8,St. Petersburg,RUS,,RU,RUS,643,150,,Europe,Eastern Europe,RUS,1060.0,,228.0,32M/32Q/16D,"Itf/Tennis Europe $25,000",,Evgeniya Levashova,,https://www.wtatennis.com/resources/v7.31.10/i/elements/flags/rus.svg,Round of 32,L,"4-6, 4-6",https://www.wtatennis.com/players/323692/evgeniya-levashova,False,False,False,False,False,False,False,2,False,20,8,12,RU,RUS,643,150,Europe,Eastern Europe,RUS,"4,6,None|4,6,None",L
2,"Itf/Tennis Europe $25,000",https://www.wtatennis.com/resources/v7.31.10/i/elements/itf.png,,ITF,Clay,https://www.wtatennis.com/resources/v7.31.10/i/elements/itf.png,2015-08-17,2015-08-23,2015,8,St. Petersburg,RUS,,RU,RUS,643,150,,Europe,Eastern Europe,RUS,1193.0,,228.0,32M/32Q/16D,"Itf/Tennis Europe $25,000",,Gyulnara Nazarova,14.0,https://www.wtatennis.com/resources/v7.31.10/i/elements/flags/rus.svg,Qualifying R2 Qual. R2,L,"4-6, 3-6",https://www.wtatennis.com/players/323598/gyulnara-nazarova,False,False,False,False,False,False,False,2,False,19,7,12,RU,RUS,643,150,Europe,Eastern Europe,RUS,"4,6,None|3,6,None",L
1,"Itf/Tennis Europe $10,000",https://www.wtatennis.com/resources/v7.31.10/i/elements/itf.png,,ITF,Clay,https://www.wtatennis.com/resources/v7.31.10/i/elements/itf.png,2015-07-06,2015-07-12,2015,7,Telavi 4,SRB,,GE,GEO,268,142,,Asia,Western Asia,GEO,,,196.0,32M/32Q/16D,"Itf/Tennis Europe $10,000",,Tamara Curovic,6.0,https://www.wtatennis.com/resources/v7.31.10/i/elements/flags/srb.svg,Round of 16,L,"2-6, 6-2, 3-6",https://www.wtatennis.com/players/317090/tamara-curovic,False,False,False,False,False,False,False,3,False,25,11,14,RS,SRB,688,150,Europe,Southeastern Europe,SRB,"2,6,None|6,2,None|3,6,None",
2,"Itf/Tennis Europe $10,000",https://www.wtatennis.com/resources/v7.31.10/i/elements/itf.png,,ITF,Clay,https://www.wtatennis.com/resources/v7.31.10/i/elements/itf.png,2015-07-06,2015-07-12,2015,7,Telavi 4,CHN,,GE,GEO,268,142,,Asia,Western Asia,GEO,,,196.0,32M/32Q/16D,"Itf/Tennis Europe $10,000",,Chaoyi Chen,,https://www.wtatennis.com/resources/v7.31.10/i/elements/flags/chn.svg,Round of 32,W,"6-3, 6-3",https://www.wtatennis.com/players/320554/chaoyi-chen,False,False,False,False,False,False,False,2,True,18,12,6,CN,CHN,156,142,Asia,East Asia,CHN,"6,3,None|6,3,None",
1,"Itf/Tennis Europe $10,000",https://www.wtatennis.com/resources/v7.31.10/i/elements/itf.png,,ITF,Clay,https://www.wtatennis.com/resources/v7.31.10/i/elements/itf.png,2015-06-29,2015-07-05,2015,6,Telavi 3,SLO,,GE,GEO,268,142,,Asia,Western Asia,GEO,675.0,,196.0,32M/32Q/16D,"Itf/Tennis Europe $10,000",,Tamara Zidansek,6.0,https://www.wtatennis.com/resources/v7.31.10/i/elements/flags/slo.svg,Round of 16,L,"4-6, 4-6",https://www.wtatennis.com/players/323079/tamara-zidansek,False,False,False,False,False,False,False,2,False,20,8,12,,,,,,,SLO,"4,6,None|4,6,None",
2,"Itf/Tennis Europe $10,000",https://www.wtatennis.com/resources/v7.31.10/i/elements/itf.png,,ITF,Clay,https://www.wtatennis.com/resources/v7.31.10/i/elements/itf.png,2015-06-29,2015-07-05,2015,6,Telavi 3,ARM,,GE,GEO,268,142,,Asia,Western Asia,GEO,,,196.0,32M/32Q/16D,"Itf/Tennis Europe $10,000",,Mariam Bayatyan,,https://www.wtatennis.com/resources/v7.31.10/i/elements/flags/arm.svg,Round of 32,W,"6-2, 6-0",https://www.wtatennis.com/players/321966/mariam-bayatyan,False,False,False,False,False,False,False,2,True,14,12,2,AM,ARM,051,142,Asia,Western Asia,ARM,"6,2,None|6,0,None",
1,"Itf/Tennis Europe $25,000",https://www.wtatennis.com/resources/v7.31.10/i/elements/itf.png,,ITF,Clay,https://www.wtatennis.com/resources/v7.31.10/i/elements/itf.png,2015-06-15,2015-06-21,2015,6,Minsk 2,UKR,,BY,BLR,112,150,,Europe,Eastern Europe,BLR,682.0,,228.0,32M/64Q/26D,"Itf/Tennis Europe $25,000",,Ganna Poznikhirenko,,https://www.wtatennis.com/resources/v7.31.10/i/elements/flags/ukr.svg,Round of 32,L,"4-6, 6-3, 4-6",https://www.wtatennis.com/players/317711/ganna-poznikhirenko,False,False,False,False,False,False,False,3,False,29,14,15,UA,UKR,804,150,Europe,Eastern Europe,UKR,"4,6,None|6,3,None|4,6,None",W
1,"Itf/Tennis Europe $25,000",https://www.wtatennis.com/resources/v7.31.10/i/elements/itf.png,,ITF,Clay,https://www.wtatennis.com/resources/v7.31.10/i/elements/itf.png,2015-06-08,2015-06-14,2015,6,Minsk,BLR,,BY,BLR,112,150,,Europe,Eastern Europe,BLR,576.0,,654.0,32M/64Q/16D,"Itf/Tennis Europe $25,000",,Lidziya Marozava,,https://www.wtatennis.com/resources/v7.31.10/i/elements/flags/blr.svg,Quarterfinals,L,"4-6, 6-1, 6-7 (5)",https://www.wtatennis.com/players/316850/lidziya-marozava,False,False,False,False,False,True,True,3,False,30,16,14,BY,BLR,112,150,Europe,Eastern Europe,BLR,"4,6,None|6,1,None|6,7,5",W
2,"Itf/Tennis Europe $25,000",https://www.wtatennis.com/resources/v7.31.10/i/elements/itf.png,,ITF,Clay,https://www.wtatennis.com/resources/v7.31.10/i/elements/itf.png,2015-06-08,2015-06-14,2015,6,Minsk,UKR,,BY,BLR,112,150,,Europe,Eastern Europe,BLR,272.0,,654.0,32M/64Q/16D,"Itf/Tennis Europe $25,000",,Olga Ianchuk,,https://www.wtatennis.com/resources/v7.31.10/i/elements/flags/ukr.svg,Round of 16,W,"6-4, 3-6, 6-4",https://www.wtatennis.com/players/317148/olga-ianchuk,False,False,False,False,False,False,False,3,True,29,15,14,UA,UKR,804,150,Europe,Eastern Europe,UKR,"6,4,None|3,6,None|6,4,None",W
3,"Itf/Tennis Europe $25,000",https://www.wtatennis.com/resources/v7.31.10/i/elements/itf.png,,ITF,Clay,https://www.wtatennis.com/resources/v7.31.10/i/elements/itf.png,2015-06-08,2015-06-14,2015,6,Minsk,BLR,,BY,BLR,112,150,,Europe,Eastern Europe,BLR,1211.0,,654.0,32M/64Q/16D,"Itf/Tennis Europe $25,000",,Alina Zubkova,,https://www.wtatennis.com/resources/v7.31.10/i/elements/flags/blr.svg,Round of 32,W,"6-0, 6-2",https://www.wtatennis.com/players/322387/alina-zubkova,False,False,False,False,False,False,False,2,True,14,12,2,BY,BLR,112,150,Europe,Eastern Europe,BLR,"6,0,None|6,2,None",W
1,"Itf/Tennis Europe $10,000",https://www.wtatennis.com/resources/v7.31.10/i/elements/itf.png,,ITF,Hard,https://www.wtatennis.com/resources/v7.31.10/i/elements/itf.png,2015-04-27,2015-05-03,2015,4,Heraklion 6,ESP,,GR,GRC,300,150,Kingdom of Spain,Europe,Southeastern Europe,GRE,535.0,,98.0,32M/32Q/16D,"Itf/Tennis Europe $10,000",,Cristina Sanchez-Quintanar,8.0,https://www.wtatennis.com/resources/v7.31.10/i/elements/flags/esp.svg,Round of 32,L,"1-6, 4-6",https://www.wtatennis.com/players/313709/cristina-sanchez-quintanar,False,False,False,False,False,False,False,2,False,17,5,12,ES,ESP,724,150,Europe,Southern Europe,ESP,"1,6,None|4,6,None",
1,"Itf/Tennis Europe $10,000",https://www.wtatennis.com/resources/v7.31.10/i/elements/itf.png,,ITF,Hard,https://www.wtatennis.com/resources/v7.31.10/i/elements/itf.png,2015-04-20,2015-04-26,2015,4,Heraklion 5,CYP,,GR,GRC,300,150,,Europe,Southeastern Europe,GRE,1148.0,,490.0,32M/64Q/16D,"Itf/Tennis Europe $10,000",,Raluka Serban,,https://www.wtatennis.com/resources/v7.31.10/i/elements/flags/cyp.svg,Semifinals,L,"6-3, 2-6, 5-7",https://www.wtatennis.com/players/321280/raluka-serban,False,False,False,False,False,False,False,3,True,29,13,16,CY,CYP,196,142,Asia,Western Asia,CYP,"6,3,None|2,6,None|5,7,None",Q
2,"Itf/Tennis Europe $10,000",https://www.wtatennis.com/resources/v7.31.10/i/elements/itf.png,,ITF,Hard,https://www.wtatennis.com/resources/v7.31.10/i/elements/itf.png,2015-04-20,2015-04-26,2015,4,Heraklion 5,MDA,,GR,GRC,300,150,,Europe,Southeastern Europe,GRE,740.0,,490.0,32M/64Q/16D,"Itf/Tennis Europe $10,000",,Daniela Ciobanu,,https://www.wtatennis.com/resources/v7.31.10/i/elements/flags/mda.svg,Quarterfinals,W,"6-3, 3-2",https://www.wtatennis.com/players/318470/daniela-ciobanu,True,False,False,False,False,False,False,2,True,14,9,5,MD,MDA,498,150,Europe,Eastern Europe,MDA,"6,3,None|3,2,None|Ret",Q
3,"Itf/Tennis Europe $10,000",https://www.wtatennis.com/resources/v7.31.10/i/elements/itf.png,,ITF,Hard,https://www.wtatennis.com/resources/v7.31.10/i/elements/itf.png,2015-04-20,2015-04-26,2015,4,Heraklion 5,USA,,GR,GRC,300,150,United States of America|America|USA|US,Europe,Southeastern Europe,GRE,979.0,,490.0,32M/64Q/16D,"Itf/Tennis Europe $10,000",,Kristina N Smith,7.0,https://www.wtatennis.com/resources/v7.31.10/i/elements/flags/usa.svg,Qualifying R3 Qual. R3,W,"6-3, 6-2",https://www.wtatennis.com/players/320557/kristina-n-smith,False,False,False,False,False,False,False,2,True,17,12,5,US,USA,840,019,America,Northern America,USA,"6,3,None|6,2,None",Q
4,"Itf/Tennis Europe $10,000",https://www.wtatennis.com/resources/v7.31.10/i/elements/itf.png,,ITF,Hard,https://www.wtatennis.com/resources/v7.31.10/i/elements/itf.png,2015-04-20,2015-04-26,2015,4,Heraklion 5,AUS,,GR,GRC,300,150,,Europe,Southeastern Europe,GRE,9999.0,,490.0,32M/64Q/16D,"Itf/Tennis Europe $10,000",,Sara Tomic,,https://www.wtatennis.com/resources/v7.31.10/i/elements/flags/aus.svg,Round of 16,W,"6-1, 7-6 (9)",https://www.wtatennis.com/players/322452/sara-tomic,False,False,False,False,True,False,True,2,True,20,13,7,AU,AUS,036,009,Oceania,Australasia,AUS,"6,1,None|7,6,9",Q
5,"Itf/Tennis Europe $10,000",https://www.wtatennis.com/resources/v7.31.10/i/elements/itf.png,,ITF,Hard,https://www.wtatennis.com/resources/v7.31.10/i/elements/itf.png,2015-04-20,2015-04-26,2015,4,Heraklion 5,GBR,,GR,GRC,300,150,Britain|UK|Great Britain|United Kingdom,Europe,Southeastern Europe,GRE,1076.0,,490.0,32M/64Q/16D,"Itf/Tennis Europe $10,000",,Lucy Brown,,https://www.wtatennis.com/resources/v7.31.10/i/elements/flags/gbr.svg,Round of 32,W,"6-3, 4-6, 6-1",https://www.wtatennis.com/players/316837/lucy-brown,False,False,False,False,False,False,False,3,True,26,16,10,GB,GBR,826,150,Europe,Northern Europe,ENG,"6,3,None|4,6,None|6,1,None",Q
6,"Itf/Tennis Europe $10,000",https://www.wtatennis.com/resources/v7.31.10/i/elements/itf.png,,ITF,Hard,https://www.wtatennis.com/resources/v7.31.10/i/elements/itf.png,2015-04-20,2015-04-26,2015,4,Heraklion 5,SRB,,GR,GRC,300,150,,Europe,Southeastern Europe,GRE,,,490.0,32M/64Q/16D,"Itf/Tennis Europe $10,000",,Mila Popivoda,,https://www.wtatennis.com/resources/v7.31.10/i/elements/flags/srb.svg,Qualifying R2 Qual. R2,W,"6-2, 6-1",https://www.wtatennis.com/players/321619/mila-popivoda,False,False,False,False,False,False,False,2,True,15,12,3,RS,SRB,688,150,Europe,Southeastern Europe,SRB,"6,2,None|6,1,None",Q
1,"Itf/Tennis Europe $10,000",https://www.wtatennis.com/resources/v7.31.10/i/elements/itf.png,,ITF,Hard,https://www.wtatennis.com/resources/v7.31.10/i/elements/itf.png,2015-04-13,2015-04-19,2015,4,Heraklion 4,ESP,,GR,GRC,300,150,Kingdom of Spain,Europe,Southeastern Europe,GRE,580.0,,98.0,32M/32Q/16D,"Itf/Tennis Europe $10,000",,Cristina Sanchez-Quintanar,8.0,https://www.wtatennis.com/resources/v7.31.10/i/elements/flags/esp.svg,Round of 32,L,"4-6, 5-7",https://www.wtatennis.com/players/313709/cristina-sanchez-quintanar,False,False,False,False,False,False,False,2,False,22,9,13,ES,ESP,724,150,Europe,Southern Europe,ESP,"4,6,None|5,7,None",Q
2,"Itf/Tennis Europe $10,000",https://www.wtatennis.com/resources/v7.31.10/i/elements/itf.png,,ITF,Hard,https://www.wtatennis.com/resources/v7.31.10/i/elements/itf.png,2015-04-13,2015-04-19,2015,4,Heraklion 4,SRB,,GR,GRC,300,150,,Europe,Southeastern Europe,GRE,,,98.0,32M/32Q/16D,"Itf/Tennis Europe $10,000",,Sofija Sabljarevic,,https://www.wtatennis.com/resources/v7.31.10/i/elements/flags/srb.svg,Qualifying R2 Qual. R2,W,"6-0, 6-0",https://www.wtatennis.com/players/317950/sofija-sabljarevic,False,False,False,False,False,False,False,2,True,12,12,0,RS,SRB,688,150,Europe,Southeastern Europe,SRB,"6,0,None|6,0,None",Q
3,"Itf/Tennis Europe $10,000",https://www.wtatennis.com/resources/v7.31.10/i/elements/itf.png,,ITF,Hard,https://www.wtatennis.com/resources/v7.31.10/i/elements/itf.png,2015-04-13,2015-04-19,2015,4,Heraklion 4,BUL,,GR,GRC,300,150,,Europe,Southeastern Europe,GRE,9999.0,,98.0,32M/32Q/16D,"Itf/Tennis Europe $10,000",,Nikol Yordanova,,https://www.wtatennis.com/resources/v7.31.10/i/elements/flags/bul.svg,Qualifying R1 Qual. R1,W,"6-1, 6-0",https://www.wtatennis.com/players/320608/nikol-yordanova,False,False,False,False,False,False,False,2,True,13,12,1,BG,BGR,100,150,Europe,Southeastern Europe,BUL,"6,1,None|6,0,None",Q
1,"Itf/Tennis Europe $10,000",https://www.wtatennis.com/resources/v7.31.10/i/elements/itf.png,,ITF,Hard,https://www.wtatennis.com/resources/v7.31.10/i/elements/itf.png,2015-03-23,2015-03-29,2015,3,Antalya 12,ROU,,TR,TUR,792,142,,Asia,Western Asia,TUR,428.0,,245.0,32M/64Q/16D,"Itf/Tennis Europe $10,000",,Cristina Ene,5.0,https://www.wtatennis.com/resources/v7.31.10/i/elements/flags/rou.svg,Quarterfinals,L,"7-6 (1), 4-6, 2-6",https://www.wtatennis.com/players/319239/cristina-ene,False,False,False,True,False,False,True,3,True,31,13,18,RO,ROU,642,150,Europe,Southeastern Europe,ROU,"7,6,1|4,6,None|2,6,None",Q
2,"Itf/Tennis Europe $10,000",https://www.wtatennis.com/resources/v7.31.10/i/elements/itf.png,,ITF,Hard,https://www.wtatennis.com/resources/v7.31.10/i/elements/itf.png,2015-03-23,2015-03-29,2015,3,Antalya 12,ESP,,TR,TUR,792,142,Kingdom of Spain,Asia,Western Asia,TUR,1019.0,,245.0,32M/64Q/16D,"Itf/Tennis Europe $10,000",,Maria Martinez Martinez,,https://www.wtatennis.com/resources/v7.31.10/i/elements/flags/esp.svg,Round of 16,W,"6-4, 6-2",https://www.wtatennis.com/players/318955/maria-martinez-martinez,False,False,False,False,False,False,False,2,True,18,12,6,ES,ESP,724,150,Europe,Southern Europe,ESP,"6,4,None|6,2,None",Q
3,"Itf/Tennis Europe $10,000",https://www.wtatennis.com/resources/v7.31.10/i/elements/itf.png,,ITF,Hard,https://www.wtatennis.com/resources/v7.31.10/i/elements/itf.png,2015-03-23,2015-03-29,2015,3,Antalya 12,RUS,,TR,TUR,792,142,,Asia,Western Asia,TUR,341.0,,245.0,32M/64Q/16D,"Itf/Tennis Europe $10,000",,Veronika Kudermetova,1.0,https://www.wtatennis.com/resources/v7.31.10/i/elements/flags/rus.svg,Round of 32,W,"6-3, 6-3",https://www.wtatennis.com/players/319526/veronika-kudermetova,False,False,False,False,False,False,False,2,True,18,12,6,RU,RUS,643,150,Europe,Eastern Europe,RUS,"6,3,None|6,3,None",Q
4,"Itf/Tennis Europe $10,000",https://www.wtatennis.com/resources/v7.31.10/i/elements/itf.png,,ITF,Hard,https://www.wtatennis.com/resources/v7.31.10/i/elements/itf.png,2015-03-23,2015-03-29,2015,3,Antalya 12,CRO,,TR,TUR,792,142,,Asia,Western Asia,TUR,1141.0,,245.0,32M/64Q/16D,"Itf/Tennis Europe $10,000",,Ena Kajevic,8.0,https://www.wtatennis.com/resources/v7.31.10/i/elements/flags/cro.svg,Qualifying R3 Qual. R3,W,"6-3, 6-4",https://www.wtatennis.com/players/319680/ena-kajevic,False,False,False,False,False,False,False,2,True,19,12,7,HR,HRV,191,150,Europe,Southeastern Europe,CRO,"6,3,None|6,4,None",Q
5,"Itf/Tennis Europe $10,000",https://www.wtatennis.com/resources/v7.31.10/i/elements/itf.png,,ITF,Hard,https://www.wtatennis.com/resources/v7.31.10/i/elements/itf.png,2015-03-23,2015-03-29,2015,3,Antalya 12,NED,,TR,TUR,792,142,,Asia,Western Asia,TUR,9999.0,,245.0,32M/64Q/16D,"Itf/Tennis Europe $10,000",,Britt Schreuder,,https://www.wtatennis.com/resources/v7.31.10/i/elements/flags/ned.svg,Qualifying R2 Qual. R2,W,"6-3, 6-4",https://www.wtatennis.com/players/321262/britt-schreuder,False,False,False,False,False,False,False,2,True,19,12,7,NL,NLD,528,150,Europe,Western Europe,NED,"6,3,None|6,4,None",Q
1,"Itf/Tennis Europe $10,000",https://www.wtatennis.com/resources/v7.31.10/i/elements/itf.png,,ITF,Hard,https://www.wtatennis.com/resources/v7.31.10/i/elements/itf.png,2015-03-16,2015-03-22,2015,3,Antalya 11,SRB,,TR,TUR,792,142,,Asia,Western Asia,TUR,,,245.0,32M/64Q/16D,"Itf/Tennis Europe $10,000",,Doroteja Eric,,https://www.wtatennis.com/resources/v7.31.10/i/elements/flags/srb.svg,Quarterfinals,L,"4-6, 7-5, 2-6",https://www.wtatennis.com/players/317216/doroteja-eric,False,False,False,False,False,False,False,3,False,30,13,17,RS,SRB,688,150,Europe,Southeastern Europe,SRB,"4,6,None|7,5,None|2,6,None",Q
2,"Itf/Tennis Europe $10,000",https://www.wtatennis.com/resources/v7.31.10/i/elements/itf.png,,ITF,Hard,https://www.wtatennis.com/resources/v7.31.10/i/elements/itf.png,2015-03-16,2015-03-22,2015,3,Antalya 11,KAZ,,TR,TUR,792,142,,Asia,Western Asia,TUR,,,245.0,32M/64Q/16D,"Itf/Tennis Europe $10,000",,Kamila Kerimbayeva,,https://www.wtatennis.com/resources/v7.31.10/i/elements/flags/kaz.svg,Round of 16,W,"1-6, 6-1, 6-2",https://www.wtatennis.com/players/317988/kamila-kerimbayeva,False,False,False,False,False,False,False,3,False,22,13,9,KZ,KAZ,398,142,Asia,Central Asia,KAZ,"1,6,None|6,1,None|6,2,None",Q
3,"Itf/Tennis Europe $10,000",https://www.wtatennis.com/resources/v7.31.10/i/elements/itf.png,,ITF,Hard,https://www.wtatennis.com/resources/v7.31.10/i/elements/itf.png,2015-03-16,2015-03-22,2015,3,Antalya 11,ROU,,TR,TUR,792,142,,Asia,Western Asia,TUR,,,245.0,32M/64Q/16D,"Itf/Tennis Europe $10,000",,Mihaela Ghioca,,https://www.wtatennis.com/resources/v7.31.10/i/elements/flags/rou.svg,Round of 32,W,"6-3, 6-4",https://www.wtatennis.com/players/321284/mihaela-ghioca,False,False,False,False,False,False,False,2,True,19,12,7,RO,ROU,642,150,Europe,Southeastern Europe,ROU,"6,3,None|6,4,None",Q
4,"Itf/Tennis Europe $10,000",https://www.wtatennis.com/resources/v7.31.10/i/elements/itf.png,,ITF,Hard,https://www.wtatennis.com/resources/v7.31.10/i/elements/itf.png,2015-03-16,2015-03-22,2015,3,Antalya 11,ISR,,TR,TUR,792,142,,Asia,Western Asia,TUR,,,245.0,32M/64Q/16D,"Itf/Tennis Europe $10,000",,Ofri Lankri,6.0,https://www.wtatennis.com/resources/v7.31.10/i/elements/flags/isr.svg,Qualifying R3 Qual. R3,W,"4-6, 6-4, 6-4",https://www.wtatennis.com/players/315993/ofri-lankri,False,False,False,False,False,False,False,3,False,30,16,14,IL,ISR,376,142,Asia,Western Asia,ISR,"4,6,None|6,4,None|6,4,None",Q
5,"Itf/Tennis Europe $10,000",https://www.wtatennis.com/resources/v7.31.10/i/elements/itf.png,,ITF,Hard,https://www.wtatennis.com/resources/v7.31.10/i/elements/itf.png,2015-03-16,2015-03-22,2015,3,Antalya 11,RUS,,TR,TUR,792,142,,Asia,Western Asia,TUR,,,245.0,32M/64Q/16D,"Itf/Tennis Europe $10,000",,Yulia Kulikova,,https://www.wtatennis.com/resources/v7.31.10/i/elements/flags/rus.svg,Qualifying R2 Qual. R2,W,"3-6, 6-3, 6-4",https://www.wtatennis.com/players/317145/yulia-kulikova,False,False,False,False,False,False,False,3,False,28,15,13,RU,RUS,643,150,Europe,Eastern Europe,RUS,"3,6,None|6,3,None|6,4,None",Q
1,"Itf/Tennis Europe $10,000",https://www.wtatennis.com/resources/v7.31.10/i/elements/itf.png,,ITF,Hard,https://www.wtatennis.com/resources/v7.31.10/i/elements/itf.png,2015-01-26,2015-02-01,2015,1,Aktobe 2,NED,,KZ,KAZ,398,142,,Asia,Central Asia,KAZ,593.0,,196.0,32M/32Q/16D,"Itf/Tennis Europe $10,000",,Eva Wacanno,6.0,https://www.wtatennis.com/resources/v7.31.10/i/elements/flags/ned.svg,Round of 16,L,"4-6, 2-6",https://www.wtatennis.com/players/317882/eva-wacanno,False,False,False,False,False,False,False,2,False,18,6,12,NL,NLD,528,150,Europe,Western Europe,NED,"4,6,None|2,6,None",Q
2,"Itf/Tennis Europe $10,000",https://www.wtatennis.com/resources/v7.31.10/i/elements/itf.png,,ITF,Hard,https://www.wtatennis.com/resources/v7.31.10/i/elements/itf.png,2015-01-26,2015-02-01,2015,1,Aktobe 2,UKR,,KZ,KAZ,398,142,,Asia,Central Asia,KAZ,1209.0,,196.0,32M/32Q/16D,"Itf/Tennis Europe $10,000",,Alisa Tymofeyeva,,https://www.wtatennis.com/resources/v7.31.10/i/elements/flags/ukr.svg,Round of 32,W,"6-1, 6-1",https://www.wtatennis.com/players/321463/alisa-tymofeyeva,False,False,False,False,False,False,False,2,True,14,12,2,UA,UKR,804,150,Europe,Eastern Europe,UKR,"6,1,None|6,1,None",Q
3,"Itf/Tennis Europe $10,000",https://www.wtatennis.com/resources/v7.31.10/i/elements/itf.png,,ITF,Hard,https://www.wtatennis.com/resources/v7.31.10/i/elements/itf.png,2015-01-26,2015-02-01,2015,1,Aktobe 2,RUS,,KZ,KAZ,398,142,,Asia,Central Asia,KAZ,9999.0,,196.0,32M/32Q/16D,"Itf/Tennis Europe $10,000",,Sofia Salimova,,https://www.wtatennis.com/resources/v7.31.10/i/elements/flags/rus.svg,Qualifying R2 Qual. R2,W,"6-3, 6-4",https://www.wtatennis.com/players/322349/sofia-salimova,False,False,False,False,False,False,False,2,True,19,12,7,RU,RUS,643,150,Europe,Eastern Europe,RUS,"6,3,None|6,4,None",Q
1,"Itf/Tennis Europe $10,000",https://www.wtatennis.com/resources/v7.31.10/i/elements/itf.png,,ITF,Hard,https://www.wtatennis.com/resources/v7.31.10/i/elements/itf.png,2015-01-19,2015-01-25,2015,1,Aktobe,RUS,,KZ,KAZ,398,142,,Asia,Central Asia,KAZ,9999.0,,,32M/32Q/16D,"Itf/Tennis Europe $10,000",,Ekaterina Alay,,https://www.wtatennis.com/resources/v7.31.10/i/elements/flags/rus.svg,Qualifying R2 Qual. R2,L,"6-7 (5), 3-6",https://www.wtatennis.com/players/320631/ekaterina-alay,False,False,False,True,False,False,True,2,False,22,9,13,RU,RUS,643,150,Europe,Eastern Europe,RUS,"6,7,5|3,6,None",
2,"Itf/Tennis Europe $10,000",https://www.wtatennis.com/resources/v7.31.10/i/elements/itf.png,,ITF,Hard,https://www.wtatennis.com/resources/v7.31.10/i/elements/itf.png,2015-01-19,2015-01-25,2015,1,Aktobe,KAZ,,KZ,KAZ,398,142,,Asia,Central Asia,KAZ,9999.0,,,32M/32Q/16D,"Itf/Tennis Europe $10,000",,Karina Kalkenova,,https://www.wtatennis.com/resources/v7.31.10/i/elements/flags/kaz.svg,Qualifying R1 Qual. R1,W,"6-1, 6-2",https://www.wtatennis.com/players/320152/karina-kalkenova,False,False,False,False,False,False,False,2,True,15,12,3,KZ,KAZ,398,142,Asia,Central Asia,KAZ,"6,1,None|6,2,None",
1,"Itf/Tennis Europe $10,000",https://www.wtatennis.com/resources/v7.31.10/i/elements/itf.png,,ITF,Hard,https://www.wtatennis.com/resources/v7.31.10/i/elements/itf.png,2014-12-22,2014-12-28,2014,12,Istanbul 8,CRO,,TR,TUR,792,142,,Asia,Western Asia,TUR,358.0,,196.0,32M/32Q/16D,"Itf/Tennis Europe $10,000",,Adrijana Lekaj,5.0,https://www.wtatennis.com/resources/v7.31.10/i/elements/flags/cro.svg,Round of 16,L,"4-6, 3-6",https://www.wtatennis.com/players/320636/adrijana-lekaj,False,False,False,False,False,False,False,2,False,19,7,12,HR,HRV,191,150,Europe,Southeastern Europe,CRO,"4,6,None|3,6,None",Q
2,"Itf/Tennis Europe $10,000",https://www.wtatennis.com/resources/v7.31.10/i/elements/itf.png,,ITF,Hard,https://www.wtatennis.com/resources/v7.31.10/i/elements/itf.png,2014-12-22,2014-12-28,2014,12,Istanbul 8,KOR,,TR,TUR,792,142,,Asia,Western Asia,TUR,,,196.0,32M/32Q/16D,"Itf/Tennis Europe $10,000",,You-Na Sul,,https://www.wtatennis.com/resources/v7.31.10/i/elements/flags/kor.svg,Round of 32,W,"6-2, 6-3",https://www.wtatennis.com/players/317027/you-na-sul,False,False,False,False,False,False,False,2,True,17,12,5,KR,KOR,410,142,Asia,East Asia,KOR,"6,2,None|6,3,None",Q
3,"Itf/Tennis Europe $10,000",https://www.wtatennis.com/resources/v7.31.10/i/elements/itf.png,,ITF,Hard,https://www.wtatennis.com/resources/v7.31.10/i/elements/itf.png,2014-12-22,2014-12-28,2014,12,Istanbul 8,INA,,TR,TUR,792,142,,Asia,Western Asia,TUR,898.0,,196.0,32M/32Q/16D,"Itf/Tennis Europe $10,000",,Lavinia Tananta,3.0,https://www.wtatennis.com/resources/v7.31.10/i/elements/flags/ina.svg,Qualifying R2 Qual. R2,W,"6-3, 6-4",https://www.wtatennis.com/players/311458/lavinia-tananta,False,False,False,False,False,False,False,2,True,19,12,7,,,,,,,INA,"6,3,None|6,4,None",Q
4,"Itf/Tennis Europe $10,000",https://www.wtatennis.com/resources/v7.31.10/i/elements/itf.png,,ITF,Hard,https://www.wtatennis.com/resources/v7.31.10/i/elements/itf.png,2014-12-22,2014-12-28,2014,12,Istanbul 8,BLR,,TR,TUR,792,142,,Asia,Western Asia,TUR,9999.0,,196.0,32M/32Q/16D,"Itf/Tennis Europe $10,000",,Darya Chernetsova,,https://www.wtatennis.com/resources/v7.31.10/i/elements/flags/blr.svg,Qualifying R1 Qual. R1,W,"3-6, 6-4, 6-2",https://www.wtatennis.com/players/318638/darya-chernetsova,False,False,False,False,False,False,False,3,False,27,15,12,BY,BLR,112,150,Europe,Eastern Europe,BLR,"3,6,None|6,4,None|6,2,None",Q
1,"Itf/Tennis Europe $25,000",https://www.wtatennis.com/resources/v7.31.10/i/elements/itf.png,,ITF,Hard,https://www.wtatennis.com/resources/v7.31.10/i/elements/itf.png,2014-11-10,2014-11-16,2014,11,Minsk 3,BLR,,BY,BLR,112,150,,Europe,Eastern Europe,BLR,245.0,,228.0,32M/32Q/16D,"Itf/Tennis Europe $25,000",,Ilona Kremen,4.0,https://www.wtatennis.com/resources/v7.31.10/i/elements/flags/blr.svg,Round of 32,L,"6-7 (3), 6-3, 3-6",https://www.wtatennis.com/players/317791/ilona-kremen,False,False,False,True,False,False,True,3,False,31,15,16,BY,BLR,112,150,Europe,Eastern Europe,BLR,"6,7,3|6,3,None|3,6,None",W
1,"Itf/Tennis Europe $25,000",https://www.wtatennis.com/resources/v7.31.10/i/elements/itf.png,,ITF,Clay,https://www.wtatennis.com/resources/v7.31.10/i/elements/itf.png,2014-06-16,2014-06-22,2014,6,Minsk 2,ITA,,BY,BLR,112,150,,Europe,Eastern Europe,BLR,613.0,,126.0,32M/64Q/16D,"Itf/Tennis Europe $25,000",,Maria Marfutina,1.0,https://www.wtatennis.com/resources/v7.31.10/i/elements/flags/ita.svg,Qualifying R3 Qual. R3,L,"5-7, 7-5, 2-6",https://www.wtatennis.com/players/320930/maria-marfutina,False,False,False,False,False,False,False,3,False,32,14,18,IT,ITA,380,150,Europe,Southern Europe,ITA,"5,7,None|7,5,None|2,6,None",
2,"Itf/Tennis Europe $25,000",https://www.wtatennis.com/resources/v7.31.10/i/elements/itf.png,,ITF,Clay,https://www.wtatennis.com/resources/v7.31.10/i/elements/itf.png,2014-06-16,2014-06-22,2014,6,Minsk 2,BLR,,BY,BLR,112,150,,Europe,Eastern Europe,BLR,,,126.0,32M/64Q/16D,"Itf/Tennis Europe $25,000",,Darya Slizevich,,https://www.wtatennis.com/resources/v7.31.10/i/elements/flags/blr.svg,Qualifying R2 Qual. R2,W,"6-1, 6-1",https://www.wtatennis.com/players/323397/darya-slizevich,False,False,False,False,False,False,False,2,True,14,12,2,BY,BLR,112,150,Europe,Eastern Europe,BLR,"6,1,None|6,1,None",
3,"Itf/Tennis Europe $25,000",https://www.wtatennis.com/resources/v7.31.10/i/elements/itf.png,,ITF,Clay,https://www.wtatennis.com/resources/v7.31.10/i/elements/itf.png,2014-06-16,2014-06-22,2014,6,Minsk 2,BLR,,BY,BLR,112,150,,Europe,Eastern Europe,BLR,9999.0,,126.0,32M/64Q/16D,"Itf/Tennis Europe $25,000",,Hanna Yedzelkina,,https://www.wtatennis.com/resources/v7.31.10/i/elements/flags/blr.svg,Qualifying R1 Qual. R1,W,"6-1, 6-2",https://www.wtatennis.com/players/322307/hanna-yedzelkina,False,False,False,False,False,False,False,2,True,15,12,3,BY,BLR,112,150,Europe,Eastern Europe,BLR,"6,1,None|6,2,None",
1,"Itf/Tennis Europe $10,000",https://www.wtatennis.com/resources/v7.31.10/i/elements/itf.png,,ITF,Clay,https://www.wtatennis.com/resources/v7.31.10/i/elements/itf.png,2014-06-09,2014-06-15,2014,6,Minsk,BLR,,BY,BLR,112,150,,Europe,Eastern Europe,BLR,9999.0,,98.0,32M/64Q/16D,"Itf/Tennis Europe $10,000",,Palina Dubavets,,https://www.wtatennis.com/resources/v7.31.10/i/elements/flags/blr.svg,Round of 32,L,"2-6, 5-7",https://www.wtatennis.com/players/319117/palina-dubavets,False,False,False,False,False,False,False,2,False,20,7,13,BY,BLR,112,150,Europe,Eastern Europe,BLR,"2,6,None|5,7,None",W
1,"Itf/Tennis Europe $25,000",https://www.wtatennis.com/resources/v7.31.10/i/elements/itf.png,,ITF,Hard,https://www.wtatennis.com/resources/v7.31.10/i/elements/itf.png,2013-11-11,2013-11-17,2013,11,Minsk,UKR,,BY,BLR,112,150,,Europe,Eastern Europe,BLR,608.0,,126.0,32M/32Q/16D,"Itf/Tennis Europe $25,000",,Valeriya Strakhova,6.0,https://www.wtatennis.com/resources/v7.31.10/i/elements/flags/ukr.svg,Qualifying R2 Qual. R2,L,"2-6, 0-6",https://www.wtatennis.com/players/319133/valeriya-strakhova,False,False,False,False,False,False,False,2,False,14,2,12,UA,UKR,804,150,Europe,Eastern Europe,UKR,"2,6,None|0,6,None",W
2,"Itf/Tennis Europe $25,000",https://www.wtatennis.com/resources/v7.31.10/i/elements/itf.png,,ITF,Hard,https://www.wtatennis.com/resources/v7.31.10/i/elements/itf.png,2013-11-11,2013-11-17,2013,11,Minsk,RUS,,BY,BLR,112,150,,Europe,Eastern Europe,BLR,1137.0,,126.0,32M/32Q/16D,"Itf/Tennis Europe $25,000",,Maria Mokh,12.0,https://www.wtatennis.com/resources/v7.31.10/i/elements/flags/rus.svg,Qualifying R1 Qual. R1,W,"2-6, 6-0, 7-5",https://www.wtatennis.com/players/313383/maria-mokh,False,False,False,False,False,False,False,3,False,26,15,11,RU,RUS,643,150,Europe,Eastern Europe,RUS,"2,6,None|6,0,None|7,5,None",W
1,"Itf/Tennis Europe $25,000",https://www.wtatennis.com/resources/v7.31.10/i/elements/itf.png,,ITF,Hard,https://www.wtatennis.com/resources/v7.31.10/i/elements/itf.png,2012-11-05,2012-11-11,2012,11,Minsk,RUS,,BY,BLR,112,150,,Europe,Eastern Europe,BLR,432.0,,68.0,32M/32Q/16D,"Itf/Tennis Europe $25,000",,Mayya Katsitadze,10.0,https://www.wtatennis.com/resources/v7.31.10/i/elements/flags/rus.svg,Qualifying R1 Qual. R1,L,"2-6, 3-6",https://www.wtatennis.com/players/319654/mayya-katsitadze,False,False,False,False,False,False,False,2,False,17,5,12,RU,RUS,643,150,Europe,Eastern Europe,RUS,"2,6,None|3,6,None",W
