id,title,logo,url,level,surface,level_logo,start_date,end_date,year,month,city,country,state,tour_code_alpha_2,tour_code_alpha_3,tour_country_code_m49,tour_region_code,alternative_name,tour_region,tour_subregion,tour_fifa,rank,points_gain,prize_money,draw,custom_title,alt_titles,name,seed,flag,round,win_loss,score,url_profile,retired,walkover,bye,first_set_tiebreak,second_set_tiebreak,third_set_tiebreak,has_tiebreak,number_of_sets,first_set_won,total_games,winner_games,loser_games,code_alpha_2,code_alpha_3,country_code_m49,region_code,region,subregion,fifa,splitted_score,entry_type
1,Us Open,,https://www.wtatennis.com/tournaments/905/us-open/2022,Grand Slam,Hard,https://www.wtatennis.com/resources/v7.42.8/i/elements/gs-tag.svg,2022-08-29,2022-09-11,2022,8,New York,AUS,NY,US,USA,840,019,,America,Northern America,USA,46.0,130.0,188000.0,128M/128Q/64D,Us Open,,Ajla Tomljanovic,,https://www.wtatennis.com/resources/v7.42.8/i/elements/flags/aus.svg,Round of 32,L,"5-7, 7-6 (4), 1-6",https://www.wtatennis.com/players/315232/ajla-tomljanovic,False,False,False,False,True,False,True,3,False,32,13,19,AU,AUS,036,009,Oceania,Australasia,AUS,"5,7,None|7,6,4|1,6,None",
2,Us Open,,https://www.wtatennis.com/tournaments/905/us-open/2022,Grand Slam,Hard,https://www.wtatennis.com/resources/v7.42.8/i/elements/gs-tag.svg,2022-08-29,2022-09-11,2022,8,New York,EST,NY,US,USA,840,019,,America,Northern America,USA,2.0,130.0,188000.0,128M/128Q/64D,Us Open,,Anett Kontaveit,2.0,https://www.wtatennis.com/resources/v7.42.8/i/elements/flags/est.svg,Round of 64,W,"7-6 (4), 2-6, 6-2",https://www.wtatennis.com/players/318425/anett-kontaveit,False,False,False,True,False,False,True,3,True,29,15,14,EE,EST,233,150,Europe,Northern Europe,EST,"7,6,4|2,6,None|6,2,None",
3,Us Open,,https://www.wtatennis.com/tournaments/905/us-open/2022,Grand Slam,Hard,https://www.wtatennis.com/resources/v7.42.8/i/elements/gs-tag.svg,2022-08-29,2022-09-11,2022,8,New York,MNE,NY,US,USA,840,019,,America,Northern America,USA,80.0,130.0,188000.0,128M/128Q/64D,Us Open,,Danka Kovinic,,https://www.wtatennis.com/resources/v7.42.8/i/elements/flags/mne.svg,Round of 128,W,"6-3, 6-3",https://www.wtatennis.com/players/317684/danka-kovinic,False,False,False,False,False,False,False,2,True,18,12,6,ME,MNE,499,150,Europe,Southeastern Europe,MNE,"6,3,None|6,3,None",
1,Western & Southern Open,,https://www.wtatennis.com/tournaments/1017/cincinnati/2022,WTA 1000,Hard,https://www.wtatennis.com/resources/v7.42.8/i/elements/1000k-tag.svg,2022-08-15,2022-08-21,2022,8,Cincinnati,GBR,OH,US,USA,840,019,Britain|UK|Great Britain|United Kingdom,America,Northern America,USA,13.0,1.0,11725.0,64M/32Q/32D,Western & Southern Open,,Emma Raducanu,10.0,https://www.wtatennis.com/resources/v7.42.8/i/elements/flags/gbr.svg,Round of 64,L,"4-6, 0-6",https://www.wtatennis.com/players/328366/emma-raducanu,False,False,False,False,False,False,False,2,False,16,4,12,GB,GBR,826,150,Europe,Northern Europe,ENG,"4,6,None|0,6,None",
1,National Bank Open Presented By Rogers,,https://www.wtatennis.com/tournaments/806/montreal/2022,WTA 1000,Hard,https://www.wtatennis.com/resources/v7.42.8/i/elements/1000k-tag.svg,2022-08-08,2022-08-14,2022,8,Toronto,SUI,,CA,CAN,124,019,,America,Northern America,CAN,12.0,60.0,17445.0,64M/32Q/32D,National Bank Open Presented By Rogers,,Belinda Bencic,12.0,https://www.wtatennis.com/resources/v7.42.8/i/elements/flags/sui.svg,Round of 32,L,"2-6, 4-6",https://www.wtatennis.com/players/319001/belinda-bencic,False,False,False,False,False,False,False,2,False,18,6,12,CH,CHE,756,150,Europe,Central Europe,SUI,"2,6,None|4,6,None",
2,National Bank Open Presented By Rogers,,https://www.wtatennis.com/tournaments/806/montreal/2022,WTA 1000,Hard,https://www.wtatennis.com/resources/v7.42.8/i/elements/1000k-tag.svg,2022-08-08,2022-08-14,2022,8,Toronto,ESP,,CA,CAN,124,019,Kingdom of Spain,America,Northern America,CAN,57.0,60.0,17445.0,64M/32Q/32D,National Bank Open Presented By Rogers,,Nuria Parrizas Diaz,,https://www.wtatennis.com/resources/v7.42.8/i/elements/flags/esp.svg,Round of 64,W,"6-3, 6-4",https://www.wtatennis.com/players/314359/nuria-parrizas-diaz,False,False,False,False,False,False,False,2,True,19,12,7,ES,ESP,724,150,Europe,Southern Europe,ESP,"6,3,None|6,4,None",
1,Wimbledon,,https://www.wtatennis.com/tournaments/904/wimbledon/2022,Grand Slam,Grass,https://www.wtatennis.com/resources/v7.42.8/i/elements/gs-tag.svg,2022-06-27,2022-07-10,2022,6,Wimbledon,FRA,,GB,GBR,826,150,,Europe,Northern Europe,ENG,115.0,,64507.0,128M/128Q/64D,The Championships,,Harmony Tan,,https://www.wtatennis.com/resources/v7.42.8/i/elements/flags/fra.svg,Round of 128,L,"5-7, 6-1, 6-7 (7)",https://www.wtatennis.com/players/320016/harmony-tan,False,False,False,False,False,True,True,3,False,32,17,15,FR,FRA,250,150,Europe,Western Europe,FRA,"5,7,None|6,1,None|6,7,7",W
1,Wimbledon,,https://www.wtatennis.com/tournaments/904/wimbledon/2021,Grand Slam,Grass,https://www.wtatennis.com/resources/v7.42.8/i/elements/gs-tag.svg,2021-06-28,2021-07-10,2021,6,Wimbledon,BLR,,GB,GBR,826,150,,Europe,Northern Europe,ENG,100.0,10.0,65117.0,128M/128Q/64D,The Championships,,Aliaksandra Sasnovich,,https://www.wtatennis.com/resources/v7.42.8/i/elements/flags/blr.svg,Round of 128,L,3-3,https://www.wtatennis.com/players/317790/aliaksandra-sasnovich,True,False,False,False,False,False,False,1,False,6,3,3,BY,BLR,112,150,Europe,Eastern Europe,BLR,"3,3,None|Ret",
1,Roland Garros,,https://www.wtatennis.com/tournaments/903/roland-garros/2021,Grand Slam,Clay,https://www.wtatennis.com/resources/v7.42.8/i/elements/gs-tag.svg,2021-05-30,2021-06-12,2021,5,Paris,KAZ,,FR,FRA,250,150,,Europe,Western Europe,FRA,22.0,240.0,200608.0,128M/128Q/64D,Roland Garros,,Elena Rybakina,21.0,https://www.wtatennis.com/resources/v7.42.8/i/elements/flags/kaz.svg,Round of 16,L,"3-6, 5-7",https://www.wtatennis.com/players/324166/elena-rybakina,False,False,False,False,False,False,False,2,False,21,8,13,KZ,KAZ,398,142,Asia,Central Asia,KAZ,"3,6,None|5,7,None",
2,Roland Garros,,https://www.wtatennis.com/tournaments/903/roland-garros/2021,Grand Slam,Clay,https://www.wtatennis.com/resources/v7.42.8/i/elements/gs-tag.svg,2021-05-30,2021-06-12,2021,5,Paris,USA,,FR,FRA,250,150,United States of America|America|USA|US,Europe,Western Europe,FRA,50.0,240.0,200608.0,128M/128Q/64D,Roland Garros,,Danielle Collins,,https://www.wtatennis.com/resources/v7.42.8/i/elements/flags/usa.svg,Round of 32,W,"6-4, 6-4",https://www.wtatennis.com/players/316925/danielle-collins,False,False,False,False,False,False,False,2,True,20,12,8,US,USA,840,019,America,Northern America,USA,"6,4,None|6,4,None",
3,Roland Garros,,https://www.wtatennis.com/tournaments/903/roland-garros/2021,Grand Slam,Clay,https://www.wtatennis.com/resources/v7.42.8/i/elements/gs-tag.svg,2021-05-30,2021-06-12,2021,5,Paris,ROU,,FR,FRA,250,150,,Europe,Western Europe,FRA,174.0,240.0,200608.0,128M/128Q/64D,Roland Garros,,Mihaela Buzarnescu,,https://www.wtatennis.com/resources/v7.42.8/i/elements/flags/rou.svg,Round of 64,W,"6-3, 5-7, 6-1",https://www.wtatennis.com/players/312268/mihaela-buzarnescu,False,False,False,False,False,False,False,3,True,28,17,11,RO,ROU,642,150,Europe,Southeastern Europe,ROU,"6,3,None|5,7,None|6,1,None",
4,Roland Garros,,https://www.wtatennis.com/tournaments/903/roland-garros/2021,Grand Slam,Clay,https://www.wtatennis.com/resources/v7.42.8/i/elements/gs-tag.svg,2021-05-30,2021-06-12,2021,5,Paris,ROU,,FR,FRA,250,150,,Europe,Western Europe,FRA,74.0,240.0,200608.0,128M/128Q/64D,Roland Garros,,Irina-Camelia Begu,,https://www.wtatennis.com/resources/v7.42.8/i/elements/flags/rou.svg,Round of 128,W,"7-6 (6), 6-2",https://www.wtatennis.com/players/313169/irina-camelia-begu,False,False,False,True,False,False,True,2,True,21,13,8,RO,ROU,642,150,Europe,Southeastern Europe,ROU,"7,6,6|6,2,None",
1,Emilia-Romagna Open,,https://www.wtatennis.com/tournaments/2041/parma-125/2021,WTA 250,Clay,https://www.wtatennis.com/resources/v7.42.8/i/elements/250k-tag.svg,2021-05-16,2021-05-22,2021,5,Parma,CZE,,IT,ITA,380,150,,Europe,Southern Europe,ITA,68.0,30.0,3675.0,32M/32Q/16D,Emilia-Romagna Open,,Katerina Siniakova,,https://www.wtatennis.com/resources/v7.42.8/i/elements/flags/cze.svg,Round of 16,L,"6-7 (4), 2-6",https://www.wtatennis.com/players/320301/katerina-siniakova,False,False,False,True,False,False,True,2,False,21,8,13,CZ,CZE,203,150,Europe,Central Europe,CZE,"6,7,4|2,6,None",W
2,Emilia-Romagna Open,,https://www.wtatennis.com/tournaments/2041/parma-125/2021,WTA 250,Clay,https://www.wtatennis.com/resources/v7.42.8/i/elements/250k-tag.svg,2021-05-16,2021-05-22,2021,5,Parma,ITA,,IT,ITA,380,150,,Europe,Southern Europe,ITA,572.0,30.0,3675.0,32M/32Q/16D,Emilia-Romagna Open,,Lisa Pigato,,https://www.wtatennis.com/resources/v7.42.8/i/elements/flags/ita.svg,Round of 32,W,"6-3, 6-2",https://www.wtatennis.com/players/328193/lisa-pigato,False,False,False,False,False,False,False,2,True,17,12,5,IT,ITA,380,150,Europe,Southern Europe,ITA,"6,3,None|6,2,None",W
1,Internazionali Bnl D'Italia,,https://www.wtatennis.com/tournaments/709/rome/2021,WTA 1000,Clay,https://www.wtatennis.com/resources/v7.42.8/i/elements/1000k-tag.svg,2021-05-10,2021-05-16,2021,5,Rome,ARG,,IT,ITA,380,150,,Europe,Southern Europe,ITA,44.0,1.0,13300.0,64M/32Q/32D,Internazionali Bnl D'Italia,,Nadia Podoroska,,https://www.wtatennis.com/resources/v7.42.8/i/elements/flags/arg.svg,Round of 32,L,"6-7 (6), 5-7",https://www.wtatennis.com/players/319112/nadia-podoroska,False,False,False,True,False,False,True,2,False,25,11,14,AR,ARG,032,019,America,Southern South America,ARG,"6,7,6|5,7,None",
2,Internazionali Bnl D'Italia,,https://www.wtatennis.com/tournaments/709/rome/2021,WTA 1000,Clay,https://www.wtatennis.com/resources/v7.42.8/i/elements/1000k-tag.svg,2021-05-10,2021-05-16,2021,5,Rome,,,IT,ITA,380,150,,Europe,Southern Europe,ITA,,1.0,13300.0,64M/32Q/32D,Internazionali Bnl D'Italia,,,,,Round of 64,,Bye,,False,False,True,False,False,False,False,0,False,0,0,0,,,,,,,,,
1,Australian Open,,https://www.wtatennis.com/tournaments/901/australian-open/2021,Grand Slam,Hard,https://www.wtatennis.com/resources/v7.42.8/i/elements/gs-tag.svg,2021-02-08,2021-02-20,2021,2,Melbourne,JPN,,AU,AUS,036,009,,Oceania,Australasia,AUS,3.0,780.0,582694.0,128M/128Q/64D,Australian Open,,Naomi Osaka,3.0,https://www.wtatennis.com/resources/v7.42.8/i/elements/flags/jpn.svg,Semifinals,L,"3-6, 4-6",https://www.wtatennis.com/players/319998/naomi-osaka,False,False,False,False,False,False,False,2,False,19,7,12,JP,JPN,392,142,Asia,East Asia,JPN,"3,6,None|4,6,None",
2,Australian Open,,https://www.wtatennis.com/tournaments/901/australian-open/2021,Grand Slam,Hard,https://www.wtatennis.com/resources/v7.42.8/i/elements/gs-tag.svg,2021-02-08,2021-02-20,2021,2,Melbourne,ROU,,AU,AUS,036,009,,Oceania,Australasia,AUS,2.0,780.0,582694.0,128M/128Q/64D,Australian Open,,Simona Halep,2.0,https://www.wtatennis.com/resources/v7.42.8/i/elements/flags/rou.svg,Quarterfinals,W,"6-3, 6-3",https://www.wtatennis.com/players/314320/simona-halep,False,False,False,False,False,False,False,2,True,18,12,6,RO,ROU,642,150,Europe,Southeastern Europe,ROU,"6,3,None|6,3,None",
3,Australian Open,,https://www.wtatennis.com/tournaments/901/australian-open/2021,Grand Slam,Hard,https://www.wtatennis.com/resources/v7.42.8/i/elements/gs-tag.svg,2021-02-08,2021-02-20,2021,2,Melbourne,BLR,,AU,AUS,036,009,,Oceania,Australasia,AUS,7.0,780.0,582694.0,128M/128Q/64D,Australian Open,,Aryna Sabalenka,7.0,https://www.wtatennis.com/resources/v7.42.8/i/elements/flags/blr.svg,Round of 16,W,"6-4, 2-6, 6-4",https://www.wtatennis.com/players/320760/aryna-sabalenka,False,False,False,False,False,False,False,3,True,28,14,14,BY,BLR,112,150,Europe,Eastern Europe,BLR,"6,4,None|2,6,None|6,4,None",
4,Australian Open,,https://www.wtatennis.com/tournaments/901/australian-open/2021,Grand Slam,Hard,https://www.wtatennis.com/resources/v7.42.8/i/elements/gs-tag.svg,2021-02-08,2021-02-20,2021,2,Melbourne,AUT,,AU,AUS,036,009,,Oceania,Australasia,AUS,101.0,780.0,582694.0,128M/128Q/64D,Australian Open,,Anastasia Potapova,,https://www.wtatennis.com/resources/v7.42.8/i/elements/flags/aut.svg,Round of 32,W,"7-6 (5), 6-2",https://www.wtatennis.com/players/325601/anastasia-potapova,False,False,False,True,False,False,True,2,True,21,13,8,AT,AUT,040,150,Europe,Central Europe,AUT,"7,6,5|6,2,None",
5,Australian Open,,https://www.wtatennis.com/tournaments/901/australian-open/2021,Grand Slam,Hard,https://www.wtatennis.com/resources/v7.42.8/i/elements/gs-tag.svg,2021-02-08,2021-02-20,2021,2,Melbourne,SRB,,AU,AUS,036,009,,Oceania,Australasia,AUS,99.0,780.0,582694.0,128M/128Q/64D,Australian Open,,Nina Stojanovic,,https://www.wtatennis.com/resources/v7.42.8/i/elements/flags/srb.svg,Round of 64,W,"6-3, 6-0",https://www.wtatennis.com/players/319709/nina-stojanovic,False,False,False,False,False,False,False,2,True,15,12,3,RS,SRB,688,150,Europe,Southeastern Europe,SRB,"6,3,None|6,0,None",
6,Australian Open,,https://www.wtatennis.com/tournaments/901/australian-open/2021,Grand Slam,Hard,https://www.wtatennis.com/resources/v7.42.8/i/elements/gs-tag.svg,2021-02-08,2021-02-20,2021,2,Melbourne,GER,,AU,AUS,036,009,,Oceania,Australasia,AUS,49.0,780.0,582694.0,128M/128Q/64D,Australian Open,,Laura Siegemund,,https://www.wtatennis.com/resources/v7.42.8/i/elements/flags/ger.svg,Round of 128,W,"6-1, 6-1",https://www.wtatennis.com/players/310926/laura-siegemund,False,False,False,False,False,False,False,2,True,14,12,2,DE,DEU,276,150,Europe,Central Europe,GER,"6,1,None|6,1,None",
1,Yarra Valley Classic,,https://www.wtatennis.com/tournaments/2026/melbourne-500-yarra-valley/2021,WTA 500,Hard,https://www.wtatennis.com/resources/v7.42.8/i/elements/500k-tag.svg,2021-01-31,2021-02-06,2021,1,Melbourne,AUS,,AU,AUS,036,009,,Oceania,Australasia,AUS,1.0,185.0,18610.0,64M/0Q/28D,Yarra Valley Classic,,Ashleigh Barty,1.0,https://www.wtatennis.com/resources/v7.42.8/i/elements/flags/aus.svg,Semifinals,L,Walkover,https://www.wtatennis.com/players/318033/ashleigh-barty,False,True,False,False,False,False,False,0,False,0,0,0,AU,AUS,036,009,Oceania,Australasia,AUS,,
2,Yarra Valley Classic,,https://www.wtatennis.com/tournaments/2026/melbourne-500-yarra-valley/2021,WTA 500,Hard,https://www.wtatennis.com/resources/v7.42.8/i/elements/500k-tag.svg,2021-01-31,2021-02-06,2021,1,Melbourne,USA,,AU,AUS,036,009,United States of America|America|USA|US,Oceania,Australasia,AUS,46.0,185.0,18610.0,64M/0Q/28D,Yarra Valley Classic,,Danielle Collins,13.0,https://www.wtatennis.com/resources/v7.42.8/i/elements/flags/usa.svg,Quarterfinals,W,"6-2, 4-6, 10-6",https://www.wtatennis.com/players/316925/danielle-collins,False,False,False,False,False,False,False,3,True,34,20,14,US,USA,840,019,America,Northern America,USA,"6,2,None|4,6,None|10,6,None",
3,Yarra Valley Classic,,https://www.wtatennis.com/tournaments/2026/melbourne-500-yarra-valley/2021,WTA 500,Hard,https://www.wtatennis.com/resources/v7.42.8/i/elements/500k-tag.svg,2021-01-31,2021-02-06,2021,1,Melbourne,BUL,,AU,AUS,036,009,,Oceania,Australasia,AUS,137.0,185.0,18610.0,64M/0Q/28D,Yarra Valley Classic,,Tsvetana Pironkova,,https://www.wtatennis.com/resources/v7.42.8/i/elements/flags/bul.svg,Round of 16,W,"6-1, 6-4",https://www.wtatennis.com/players/311041/tsvetana-pironkova,False,False,False,False,False,False,False,2,True,17,12,5,BG,BGR,100,150,Europe,Southeastern Europe,BUL,"6,1,None|6,4,None",
4,Yarra Valley Classic,,https://www.wtatennis.com/tournaments/2026/melbourne-500-yarra-valley/2021,WTA 500,Hard,https://www.wtatennis.com/resources/v7.42.8/i/elements/500k-tag.svg,2021-01-31,2021-02-06,2021,1,Melbourne,AUS,,AU,AUS,036,009,,Oceania,Australasia,AUS,452.0,185.0,18610.0,64M/0Q/28D,Yarra Valley Classic,,Daria Saville,,https://www.wtatennis.com/resources/v7.42.8/i/elements/flags/aus.svg,Round of 32,W,"6-1, 6-4",https://www.wtatennis.com/players/315997/daria-saville,False,False,False,False,False,False,False,2,True,17,12,5,AU,AUS,036,009,Oceania,Australasia,AUS,"6,1,None|6,4,None",
5,Yarra Valley Classic,,https://www.wtatennis.com/tournaments/2026/melbourne-500-yarra-valley/2021,WTA 500,Hard,https://www.wtatennis.com/resources/v7.42.8/i/elements/500k-tag.svg,2021-01-31,2021-02-06,2021,1,Melbourne,,,AU,AUS,036,009,,Oceania,Australasia,AUS,,185.0,18610.0,64M/0Q/28D,Yarra Valley Classic,,,,,Round of 64,,Bye,,False,False,True,False,False,False,False,0,False,0,0,0,,,,,,,,,
1,Roland Garros,,https://www.wtatennis.com/tournaments/903/roland-garros/2020,Grand Slam,Clay,https://www.wtatennis.com/resources/v7.42.8/i/elements/gs-tag.svg,2020-09-27,2020-10-10,2020,9,Paris,BUL,,FR,FRA,250,150,,Europe,Western Europe,FRA,157.0,70.0,92845.0,128M/128Q/64D,Roland Garros,,Tsvetana Pironkova,,https://www.wtatennis.com/resources/v7.42.8/i/elements/flags/bul.svg,Round of 64,L,Walkover,https://www.wtatennis.com/players/311041/tsvetana-pironkova,False,True,False,False,False,False,False,0,False,0,0,0,BG,BGR,100,150,Europe,Southeastern Europe,BUL,,
2,Roland Garros,,https://www.wtatennis.com/tournaments/903/roland-garros/2020,Grand Slam,Clay,https://www.wtatennis.com/resources/v7.42.8/i/elements/gs-tag.svg,2020-09-27,2020-10-10,2020,9,Paris,USA,,FR,FRA,250,150,United States of America|America|USA|US,Europe,Western Europe,FRA,102.0,70.0,92845.0,128M/128Q/64D,Roland Garros,,Kristie Ahn,,https://www.wtatennis.com/resources/v7.42.8/i/elements/flags/usa.svg,Round of 128,W,"7-6 (2), 6-0",https://www.wtatennis.com/players/316159/kristie-ahn,False,False,False,True,False,False,True,2,True,19,13,6,US,USA,840,019,America,Northern America,USA,"7,6,2|6,0,None",
1,Us Open,,https://www.wtatennis.com/tournaments/905/us-open/2020,Grand Slam,Hard,https://www.wtatennis.com/resources/v7.42.8/i/elements/gs-tag.svg,2020-08-31,2020-09-13,2020,8,New York,BLR,NY,US,USA,840,019,,America,Northern America,USA,27.0,780.0,800000.0,128M/0Q/32D,Us Open,,Victoria Azarenka,,https://www.wtatennis.com/resources/v7.42.8/i/elements/flags/blr.svg,Semifinals,L,"6-1, 3-6, 3-6",https://www.wtatennis.com/players/312001/victoria-azarenka,False,False,False,False,False,False,False,3,True,25,12,13,BY,BLR,112,150,Europe,Eastern Europe,BLR,"6,1,None|3,6,None|3,6,None",
2,Us Open,,https://www.wtatennis.com/tournaments/905/us-open/2020,Grand Slam,Hard,https://www.wtatennis.com/resources/v7.42.8/i/elements/gs-tag.svg,2020-08-31,2020-09-13,2020,8,New York,BUL,NY,US,USA,840,019,,America,Northern America,USA,,780.0,800000.0,128M/0Q/32D,Us Open,,Tsvetana Pironkova,,https://www.wtatennis.com/resources/v7.42.8/i/elements/flags/bul.svg,Quarterfinals,W,"4-6, 6-3, 6-2",https://www.wtatennis.com/players/311041/tsvetana-pironkova,False,False,False,False,False,False,False,3,False,27,16,11,BG,BGR,100,150,Europe,Southeastern Europe,BUL,"4,6,None|6,3,None|6,2,None",
3,Us Open,,https://www.wtatennis.com/tournaments/905/us-open/2020,Grand Slam,Hard,https://www.wtatennis.com/resources/v7.42.8/i/elements/gs-tag.svg,2020-08-31,2020-09-13,2020,8,New York,GRE,NY,US,USA,840,019,,America,Northern America,USA,22.0,780.0,800000.0,128M/0Q/32D,Us Open,,Maria Sakkari,15.0,https://www.wtatennis.com/resources/v7.42.8/i/elements/flags/gre.svg,Round of 16,W,"6-3, 6-7 (6), 6-3",https://www.wtatennis.com/players/318312/maria-sakkari,False,False,False,False,True,False,True,3,True,31,18,13,GR,GRC,300,150,Europe,Southeastern Europe,GRE,"6,3,None|6,7,6|6,3,None",
4,Us Open,,https://www.wtatennis.com/tournaments/905/us-open/2020,Grand Slam,Hard,https://www.wtatennis.com/resources/v7.42.8/i/elements/gs-tag.svg,2020-08-31,2020-09-13,2020,8,New York,USA,NY,US,USA,840,019,United States of America|America|USA|US,America,Northern America,USA,39.0,780.0,800000.0,128M/0Q/32D,Us Open,,Sloane Stephens,26.0,https://www.wtatennis.com/resources/v7.42.8/i/elements/flags/usa.svg,Round of 32,W,"2-6, 6-2, 6-2",https://www.wtatennis.com/players/315683/sloane-stephens,False,False,False,False,False,False,False,3,False,24,14,10,US,USA,840,019,America,Northern America,USA,"2,6,None|6,2,None|6,2,None",
5,Us Open,,https://www.wtatennis.com/tournaments/905/us-open/2020,Grand Slam,Hard,https://www.wtatennis.com/resources/v7.42.8/i/elements/gs-tag.svg,2020-08-31,2020-09-13,2020,8,New York,RUS,NY,US,USA,840,019,,America,Northern America,USA,117.0,780.0,800000.0,128M/0Q/32D,Us Open,,Margarita Gasparyan,,https://www.wtatennis.com/resources/v7.42.8/i/elements/flags/rus.svg,Round of 64,W,"6-2, 6-4",https://www.wtatennis.com/players/317938/margarita-gasparyan,False,False,False,False,False,False,False,2,True,18,12,6,RU,RUS,643,150,Europe,Eastern Europe,RUS,"6,2,None|6,4,None",
6,Us Open,,https://www.wtatennis.com/tournaments/905/us-open/2020,Grand Slam,Hard,https://www.wtatennis.com/resources/v7.42.8/i/elements/gs-tag.svg,2020-08-31,2020-09-13,2020,8,New York,USA,NY,US,USA,840,019,United States of America|America|USA|US,America,Northern America,USA,96.0,780.0,800000.0,128M/0Q/32D,Us Open,,Kristie Ahn,,https://www.wtatennis.com/resources/v7.42.8/i/elements/flags/usa.svg,Round of 128,W,"7-5, 6-3",https://www.wtatennis.com/players/316159/kristie-ahn,False,False,False,False,False,False,False,2,True,21,13,8,US,USA,840,019,America,Northern America,USA,"7,5,None|6,3,None",
1,Western & Southern Open,,https://www.wtatennis.com/tournaments/1017/cincinnati/2020,Premier 5,Hard,https://www.wtatennis.com/resources/v7.42.8/i/elements/1000k-tag.svg,2020-08-21,2020-08-29,2020,8,New York,GRE,NY,US,USA,840,019,,America,Northern America,USA,21.0,105.0,22000.0,64M/64Q/32D,Western & Southern Open,,Maria Sakkari,13.0,https://www.wtatennis.com/resources/v7.42.8/i/elements/flags/gre.svg,Round of 16,L,"7-5, 6-7 (5), 1-6",https://www.wtatennis.com/players/318312/maria-sakkari,False,False,False,False,True,False,True,3,True,32,14,18,GR,GRC,300,150,Europe,Southeastern Europe,GRE,"7,5,None|6,7,5|1,6,None",
2,Western & Southern Open,,https://www.wtatennis.com/tournaments/1017/cincinnati/2020,Premier 5,Hard,https://www.wtatennis.com/resources/v7.42.8/i/elements/1000k-tag.svg,2020-08-21,2020-08-29,2020,8,New York,NED,NY,US,USA,840,019,,America,Northern America,USA,72.0,105.0,22000.0,64M/64Q/32D,Western & Southern Open,,Arantxa Rus,,https://www.wtatennis.com/resources/v7.42.8/i/elements/flags/ned.svg,Round of 32,W,"7-6 (6), 3-6, 7-6 (0)",https://www.wtatennis.com/players/313349/arantxa-rus,False,False,False,True,False,True,True,3,True,35,17,18,NL,NLD,528,150,Europe,Western Europe,NED,"7,6,6|3,6,None|7,6,0",
3,Western & Southern Open,,https://www.wtatennis.com/tournaments/1017/cincinnati/2020,Premier 5,Hard,https://www.wtatennis.com/resources/v7.42.8/i/elements/1000k-tag.svg,2020-08-21,2020-08-29,2020,8,New York,,NY,US,USA,840,019,,America,Northern America,USA,,105.0,22000.0,64M/64Q/32D,Western & Southern Open,,,,,Round of 64,,Bye,,False,False,True,False,False,False,False,0,False,0,0,0,,,,,,,,,
1,The Top Seed Open Presented By Bluegrass Orthopaedics,,https://www.wtatennis.com/tournaments/2022/lexington/2020,International,Hard,https://www.wtatennis.com/resources/v7.42.8/i/elements/250k-tag.svg,2020-08-10,2020-08-16,2020,8,Lexington,USA,KY,US,USA,840,019,United States of America|America|USA|US,America,Northern America,USA,116.0,60.0,5000.0,32M/32Q/16D,The Top Seed Open Presented By Bluegrass Orthopaedics,,Shelby Rogers,,https://www.wtatennis.com/resources/v7.42.8/i/elements/flags/usa.svg,Quarterfinals,L,"6-1, 4-6, 6-7 (5)",https://www.wtatennis.com/players/317421/shelby-rogers,False,False,False,False,False,True,True,3,True,30,16,14,US,USA,840,019,America,Northern America,USA,"6,1,None|4,6,None|6,7,5",
2,The Top Seed Open Presented By Bluegrass Orthopaedics,,https://www.wtatennis.com/tournaments/2022/lexington/2020,International,Hard,https://www.wtatennis.com/resources/v7.42.8/i/elements/250k-tag.svg,2020-08-10,2020-08-16,2020,8,Lexington,USA,KY,US,USA,840,019,United States of America|America|USA|US,America,Northern America,USA,67.0,60.0,5000.0,32M/32Q/16D,The Top Seed Open Presented By Bluegrass Orthopaedics,,Venus Williams,,https://www.wtatennis.com/resources/v7.42.8/i/elements/flags/usa.svg,Round of 16,W,"3-6, 6-3, 6-4",https://www.wtatennis.com/players/230220/venus-williams,False,False,False,False,False,False,False,3,False,28,15,13,US,USA,840,019,America,Northern America,USA,"3,6,None|6,3,None|6,4,None",
3,The Top Seed Open Presented By Bluegrass Orthopaedics,,https://www.wtatennis.com/tournaments/2022/lexington/2020,International,Hard,https://www.wtatennis.com/resources/v7.42.8/i/elements/250k-tag.svg,2020-08-10,2020-08-16,2020,8,Lexington,USA,KY,US,USA,840,019,United States of America|America|USA|US,America,Northern America,USA,60.0,60.0,5000.0,32M/32Q/16D,The Top Seed Open Presented By Bluegrass Orthopaedics,,Bernarda Pera,,https://www.wtatennis.com/resources/v7.42.8/i/elements/flags/usa.svg,Round of 32,W,"4-6, 6-4, 6-1",https://www.wtatennis.com/players/317708/bernarda-pera,False,False,False,False,False,False,False,3,False,27,16,11,US,USA,840,019,America,Northern America,USA,"4,6,None|6,4,None|6,1,None",
1,Fed Cup Qualifiers,https://www.wtatennis.com/resources/v7.42.8/i/elements/itf.png,,ITF,Hard,https://www.wtatennis.com/resources/v7.42.8/i/elements/itf.png,2020-02-07,2020-02-08,2020,2,,LAT,,US,USA,840,019,,America,Northern America,USA,40.0,,,8M/0Q/2D,Fed Cup Qualifiers,,Jelena Ostapenko,,https://www.wtatennis.com/resources/v7.42.8/i/elements/flags/lat.svg,Round 1 R1,W,"7-6 (4), 7-6 (3)",https://www.wtatennis.com/players/319939/jelena-ostapenko,False,False,False,True,True,False,True,2,True,26,14,12,,,,,,,LAT,"7,6,4|7,6,3",
2,Fed Cup Qualifiers,https://www.wtatennis.com/resources/v7.42.8/i/elements/itf.png,,ITF,Hard,https://www.wtatennis.com/resources/v7.42.8/i/elements/itf.png,2020-02-07,2020-02-08,2020,2,,LAT,,US,USA,840,019,,America,Northern America,USA,41.0,,,8M/0Q/2D,Fed Cup Qualifiers,,Anastasija Sevastova,,https://www.wtatennis.com/resources/v7.42.8/i/elements/flags/lat.svg,Round 1 R1,L,"6-7 (5), 6-3, 6-7 (4)",https://www.wtatennis.com/players/313987/anastasija-sevastova,False,False,False,True,False,True,True,3,False,35,18,17,,,,,,,LAT,"6,7,5|6,3,None|6,7,4",
1,Australian Open,,https://www.wtatennis.com/tournaments/901/australian-open/2020,Grand Slam,Hard,https://www.wtatennis.com/resources/v7.42.8/i/elements/gs-tag.svg,2020-01-20,2020-02-02,2020,1,Melbourne,CHN,,AU,AUS,036,009,,Oceania,Australasia,AUS,29.0,130.0,124706.0,128M/128Q/64D,Australian Open,,Qiang Wang,27.0,https://www.wtatennis.com/resources/v7.42.8/i/elements/flags/chn.svg,Round of 32,L,"4-6, 7-6 (2), 5-7",https://www.wtatennis.com/players/314429/qiang-wang,False,False,False,False,True,False,True,3,False,35,16,19,CN,CHN,156,142,Asia,East Asia,CHN,"4,6,None|7,6,2|5,7,None",
2,Australian Open,,https://www.wtatennis.com/tournaments/901/australian-open/2020,Grand Slam,Hard,https://www.wtatennis.com/resources/v7.42.8/i/elements/gs-tag.svg,2020-01-20,2020-02-02,2020,1,Melbourne,SLO,,AU,AUS,036,009,,Oceania,Australasia,AUS,70.0,130.0,124706.0,128M/128Q/64D,Australian Open,,Tamara Zidansek,,https://www.wtatennis.com/resources/v7.42.8/i/elements/flags/slo.svg,Round of 64,W,"6-2, 6-3",https://www.wtatennis.com/players/323079/tamara-zidansek,False,False,False,False,False,False,False,2,True,17,12,5,,,,,,,SLO,"6,2,None|6,3,None",
3,Australian Open,,https://www.wtatennis.com/tournaments/901/australian-open/2020,Grand Slam,Hard,https://www.wtatennis.com/resources/v7.42.8/i/elements/gs-tag.svg,2020-01-20,2020-02-02,2020,1,Melbourne,AUT,,AU,AUS,036,009,,Oceania,Australasia,AUS,90.0,130.0,124706.0,128M/128Q/64D,Australian Open,,Anastasia Potapova,,https://www.wtatennis.com/resources/v7.42.8/i/elements/flags/aut.svg,Round of 128,W,"6-0, 6-3",https://www.wtatennis.com/players/325601/anastasia-potapova,False,False,False,False,False,False,False,2,True,15,12,3,AT,AUT,040,150,Europe,Central Europe,AUT,"6,0,None|6,3,None",
1,Asb Classic 2020,,https://www.wtatennis.com/tournaments/1049/auckland/2020,International,Hard,https://www.wtatennis.com/resources/v7.42.8/i/elements/250k-tag.svg,2020-01-06,2020-01-12,2020,1,Auckland,USA,,NZ,NZL,554,009,United States of America|America|USA|US,Oceania,Australasia,NZL,82.0,280.0,43000.0,32M/32Q/16D,Asb Classic 2020,,Jessica Pegula,,https://www.wtatennis.com/resources/v7.42.8/i/elements/flags/usa.svg,Finals,W,"6-3, 6-4",https://www.wtatennis.com/players/316956/jessica-pegula,False,False,False,False,False,False,False,2,True,19,12,7,US,USA,840,019,America,Northern America,USA,"6,3,None|6,4,None",
2,Asb Classic 2020,,https://www.wtatennis.com/tournaments/1049/auckland/2020,International,Hard,https://www.wtatennis.com/resources/v7.42.8/i/elements/250k-tag.svg,2020-01-06,2020-01-12,2020,1,Auckland,USA,,NZ,NZL,554,009,United States of America|America|USA|US,Oceania,Australasia,NZL,25.0,280.0,43000.0,32M/32Q/16D,Asb Classic 2020,,Amanda Anisimova,3.0,https://www.wtatennis.com/resources/v7.42.8/i/elements/flags/usa.svg,Semifinals,W,"6-1, 6-1",https://www.wtatennis.com/players/326384/amanda-anisimova,False,False,False,False,False,False,False,2,True,14,12,2,US,USA,840,019,America,Northern America,USA,"6,1,None|6,1,None",
3,Asb Classic 2020,,https://www.wtatennis.com/tournaments/1049/auckland/2020,International,Hard,https://www.wtatennis.com/resources/v7.42.8/i/elements/250k-tag.svg,2020-01-06,2020-01-12,2020,1,Auckland,GER,,NZ,NZL,554,009,,Oceania,Australasia,NZL,73.0,280.0,43000.0,32M/32Q/16D,Asb Classic 2020,,Laura Siegemund,,https://www.wtatennis.com/resources/v7.42.8/i/elements/flags/ger.svg,Quarterfinals,W,"6-4, 6-3",https://www.wtatennis.com/players/310926/laura-siegemund,False,False,False,False,False,False,False,2,True,19,12,7,DE,DEU,276,150,Europe,Central Europe,GER,"6,4,None|6,3,None",
4,Asb Classic 2020,,https://www.wtatennis.com/tournaments/1049/auckland/2020,International,Hard,https://www.wtatennis.com/resources/v7.42.8/i/elements/250k-tag.svg,2020-01-06,2020-01-12,2020,1,Auckland,USA,,NZ,NZL,554,009,United States of America|America|USA|US,Oceania,Australasia,NZL,86.0,280.0,43000.0,32M/32Q/16D,Asb Classic 2020,,Christina Mchale,,https://www.wtatennis.com/resources/v7.42.8/i/elements/flags/usa.svg,Round of 16,W,"3-6, 6-2, 6-3",https://www.wtatennis.com/players/314917/christina-mchale,False,False,False,False,False,False,False,3,False,26,15,11,US,USA,840,019,America,Northern America,USA,"3,6,None|6,2,None|6,3,None",
5,Asb Classic 2020,,https://www.wtatennis.com/tournaments/1049/auckland/2020,International,Hard,https://www.wtatennis.com/resources/v7.42.8/i/elements/250k-tag.svg,2020-01-06,2020-01-12,2020,1,Auckland,ITA,,NZ,NZL,554,009,,Oceania,Australasia,NZL,99.0,280.0,43000.0,32M/32Q/16D,Asb Classic 2020,,Camila Giorgi,,https://www.wtatennis.com/resources/v7.42.8/i/elements/flags/ita.svg,Round of 32,W,"6-3, 6-2",https://www.wtatennis.com/players/314610/camila-giorgi,False,False,False,False,False,False,False,2,True,17,12,5,IT,ITA,380,150,Europe,Southern Europe,ITA,"6,3,None|6,2,None",
1,2019 Us Open Tennis Championships,,https://www.wtatennis.com/tournaments/905/us-open/2019,Grand Slam,Hard,https://www.wtatennis.com/resources/v7.42.8/i/elements/gs-tag.svg,2019-08-26,2019-09-07,2019,8,New York,CAN,NY,US,USA,840,019,,America,Northern America,USA,15.0,1300.0,1900000.0,128M/128Q/64D,2019 Us Open Tennis Championships,,Bianca Andreescu,15.0,https://www.wtatennis.com/resources/v7.42.8/i/elements/flags/can.svg,Finals,L,"3-6, 5-7",https://www.wtatennis.com/players/325088/bianca-andreescu,False,False,False,False,False,False,False,2,False,21,8,13,CA,CAN,124,019,America,Northern America,CAN,"3,6,None|5,7,None",
2,2019 Us Open Tennis Championships,,https://www.wtatennis.com/tournaments/905/us-open/2019,Grand Slam,Hard,https://www.wtatennis.com/resources/v7.42.8/i/elements/gs-tag.svg,2019-08-26,2019-09-07,2019,8,New York,UKR,NY,US,USA,840,019,,America,Northern America,USA,5.0,1300.0,1900000.0,128M/128Q/64D,2019 Us Open Tennis Championships,,Elina Svitolina,5.0,https://www.wtatennis.com/resources/v7.42.8/i/elements/flags/ukr.svg,Semifinals,W,"6-3, 6-1",https://www.wtatennis.com/players/316738/elina-svitolina,False,False,False,False,False,False,False,2,True,16,12,4,UA,UKR,804,150,Europe,Eastern Europe,UKR,"6,3,None|6,1,None",
3,2019 Us Open Tennis Championships,,https://www.wtatennis.com/tournaments/905/us-open/2019,Grand Slam,Hard,https://www.wtatennis.com/resources/v7.42.8/i/elements/gs-tag.svg,2019-08-26,2019-09-07,2019,8,New York,CHN,NY,US,USA,840,019,,America,Northern America,USA,18.0,1300.0,1900000.0,128M/128Q/64D,2019 Us Open Tennis Championships,,Qiang Wang,18.0,https://www.wtatennis.com/resources/v7.42.8/i/elements/flags/chn.svg,Quarterfinals,W,"6-1, 6-0",https://www.wtatennis.com/players/314429/qiang-wang,False,False,False,False,False,False,False,2,True,13,12,1,CN,CHN,156,142,Asia,East Asia,CHN,"6,1,None|6,0,None",
4,2019 Us Open Tennis Championships,,https://www.wtatennis.com/tournaments/905/us-open/2019,Grand Slam,Hard,https://www.wtatennis.com/resources/v7.42.8/i/elements/gs-tag.svg,2019-08-26,2019-09-07,2019,8,New York,CRO,NY,US,USA,840,019,,America,Northern America,USA,22.0,1300.0,1900000.0,128M/128Q/64D,2019 Us Open Tennis Championships,,Petra Martic,22.0,https://www.wtatennis.com/resources/v7.42.8/i/elements/flags/cro.svg,Round of 16,W,"6-3, 6-4",https://www.wtatennis.com/players/313711/petra-martic,False,False,False,False,False,False,False,2,True,19,12,7,HR,HRV,191,150,Europe,Southeastern Europe,CRO,"6,3,None|6,4,None",
5,2019 Us Open Tennis Championships,,https://www.wtatennis.com/tournaments/905/us-open/2019,Grand Slam,Hard,https://www.wtatennis.com/resources/v7.42.8/i/elements/gs-tag.svg,2019-08-26,2019-09-07,2019,8,New York,CZE,NY,US,USA,840,019,,America,Northern America,USA,44.0,1300.0,1900000.0,128M/128Q/64D,2019 Us Open Tennis Championships,,Karolina Muchova,,https://www.wtatennis.com/resources/v7.42.8/i/elements/flags/cze.svg,Round of 32,W,"6-3, 6-2",https://www.wtatennis.com/players/322191/karolina-muchova,False,False,False,False,False,False,False,2,True,17,12,5,CZ,CZE,203,150,Europe,Central Europe,CZE,"6,3,None|6,2,None",
6,2019 Us Open Tennis Championships,,https://www.wtatennis.com/tournaments/905/us-open/2019,Grand Slam,Hard,https://www.wtatennis.com/resources/v7.42.8/i/elements/gs-tag.svg,2019-08-26,2019-09-07,2019,8,New York,USA,NY,US,USA,840,019,United States of America|America|USA|US,America,Northern America,USA,121.0,1300.0,1900000.0,128M/128Q/64D,2019 Us Open Tennis Championships,,Caty Mcnally,,https://www.wtatennis.com/resources/v7.42.8/i/elements/flags/usa.svg,Round of 64,W,"5-7, 6-3, 6-1",https://www.wtatennis.com/players/325725/caty-mcnally,False,False,False,False,False,False,False,3,False,28,17,11,US,USA,840,019,America,Northern America,USA,"5,7,None|6,3,None|6,1,None",
7,2019 Us Open Tennis Championships,,https://www.wtatennis.com/tournaments/905/us-open/2019,Grand Slam,Hard,https://www.wtatennis.com/resources/v7.42.8/i/elements/gs-tag.svg,2019-08-26,2019-09-07,2019,8,New York,RUS,NY,US,USA,840,019,,America,Northern America,USA,87.0,1300.0,1900000.0,128M/128Q/64D,2019 Us Open Tennis Championships,,Maria Sharapova,,https://www.wtatennis.com/resources/v7.42.8/i/elements/flags/rus.svg,Round of 128,W,"6-1, 6-1",https://www.wtatennis.com/players/310137/maria-sharapova,False,False,False,False,False,False,False,2,True,14,12,2,RU,RUS,643,150,Europe,Eastern Europe,RUS,"6,1,None|6,1,None",
1,Rogers Cup Presented By National Bank,,https://www.wtatennis.com/tournaments/806/montreal/2019,Premier 5,Hard,https://www.wtatennis.com/resources/v7.42.8/i/elements/1000k-tag.svg,2019-08-05,2019-08-11,2019,8,Toronto,CAN,,CA,CAN,124,019,,America,Northern America,CAN,27.0,585.0,253420.0,64M/64Q/32D,Rogers Cup Presented By National Bank,,Bianca Andreescu,,https://www.wtatennis.com/resources/v7.42.8/i/elements/flags/can.svg,Finals,L,1-3,https://www.wtatennis.com/players/325088/bianca-andreescu,True,False,False,False,False,False,False,1,False,4,1,3,CA,CAN,124,019,America,Northern America,CAN,"1,3,None|Ret",
2,Rogers Cup Presented By National Bank,,https://www.wtatennis.com/tournaments/806/montreal/2019,Premier 5,Hard,https://www.wtatennis.com/resources/v7.42.8/i/elements/1000k-tag.svg,2019-08-05,2019-08-11,2019,8,Toronto,CZE,,CA,CAN,124,019,,America,Northern America,CAN,91.0,585.0,253420.0,64M/64Q/32D,Rogers Cup Presented By National Bank,,Marie Bouzkova,,https://www.wtatennis.com/resources/v7.42.8/i/elements/flags/cze.svg,Semifinals,W,"1-6, 6-3, 6-3",https://www.wtatennis.com/players/320983/marie-bouzkova,False,False,False,False,False,False,False,3,False,25,13,12,CZ,CZE,203,150,Europe,Central Europe,CZE,"1,6,None|6,3,None|6,3,None",
3,Rogers Cup Presented By National Bank,,https://www.wtatennis.com/tournaments/806/montreal/2019,Premier 5,Hard,https://www.wtatennis.com/resources/v7.42.8/i/elements/1000k-tag.svg,2019-08-05,2019-08-11,2019,8,Toronto,JPN,,CA,CAN,124,019,,America,Northern America,CAN,2.0,585.0,253420.0,64M/64Q/32D,Rogers Cup Presented By National Bank,,Naomi Osaka,2.0,https://www.wtatennis.com/resources/v7.42.8/i/elements/flags/jpn.svg,Quarterfinals,W,"6-3, 6-4",https://www.wtatennis.com/players/319998/naomi-osaka,False,False,False,False,False,False,False,2,True,19,12,7,JP,JPN,392,142,Asia,East Asia,JPN,"6,3,None|6,4,None",
4,Rogers Cup Presented By National Bank,,https://www.wtatennis.com/tournaments/806/montreal/2019,Premier 5,Hard,https://www.wtatennis.com/resources/v7.42.8/i/elements/1000k-tag.svg,2019-08-05,2019-08-11,2019,8,Toronto,RUS,,CA,CAN,124,019,,America,Northern America,CAN,48.0,585.0,253420.0,64M/64Q/32D,Rogers Cup Presented By National Bank,,Ekaterina Alexandrova,,https://www.wtatennis.com/resources/v7.42.8/i/elements/flags/rus.svg,Round of 16,W,"7-5, 6-4",https://www.wtatennis.com/players/319007/ekaterina-alexandrova,False,False,False,False,False,False,False,2,True,22,13,9,RU,RUS,643,150,Europe,Eastern Europe,RUS,"7,5,None|6,4,None",
5,Rogers Cup Presented By National Bank,,https://www.wtatennis.com/tournaments/806/montreal/2019,Premier 5,Hard,https://www.wtatennis.com/resources/v7.42.8/i/elements/1000k-tag.svg,2019-08-05,2019-08-11,2019,8,Toronto,BEL,,CA,CAN,124,019,,America,Northern America,CAN,20.0,585.0,253420.0,64M/64Q/32D,Rogers Cup Presented By National Bank,,Elise Mertens,,https://www.wtatennis.com/resources/v7.42.8/i/elements/flags/bel.svg,Round of 32,W,"6-3, 6-3",https://www.wtatennis.com/players/317964/elise-mertens,False,False,False,False,False,False,False,2,True,18,12,6,BE,BEL,056,150,Europe,Western Europe,BEL,"6,3,None|6,3,None",
6,Rogers Cup Presented By National Bank,,https://www.wtatennis.com/tournaments/806/montreal/2019,Premier 5,Hard,https://www.wtatennis.com/resources/v7.42.8/i/elements/1000k-tag.svg,2019-08-05,2019-08-11,2019,8,Toronto,,,CA,CAN,124,019,,America,Northern America,CAN,,585.0,253420.0,64M/64Q/32D,Rogers Cup Presented By National Bank,,,,,Round of 64,,Bye,,False,False,True,False,False,False,False,0,False,0,0,0,,,,,,,,,
1,Wimbledon,,https://www.wtatennis.com/tournaments/904/wimbledon/2019,Grand Slam,Grass,https://www.wtatennis.com/resources/v7.42.8/i/elements/gs-tag.svg,2019-07-01,2019-07-14,2019,7,Wimbledon,ROU,,GB,GBR,826,150,,Europe,Northern Europe,ENG,7.0,1300.0,1520732.0,128M/128Q/64D,The Championships,,Simona Halep,7.0,https://www.wtatennis.com/resources/v7.42.8/i/elements/flags/rou.svg,Finals,L,"2-6, 2-6",https://www.wtatennis.com/players/314320/simona-halep,False,False,False,False,False,False,False,2,False,16,4,12,RO,ROU,642,150,Europe,Southeastern Europe,ROU,"2,6,None|2,6,None",
2,Wimbledon,,https://www.wtatennis.com/tournaments/904/wimbledon/2019,Grand Slam,Grass,https://www.wtatennis.com/resources/v7.42.8/i/elements/gs-tag.svg,2019-07-01,2019-07-14,2019,7,Wimbledon,CZE,,GB,GBR,826,150,,Europe,Northern Europe,ENG,54.0,1300.0,1520732.0,128M/128Q/64D,The Championships,,Barbora Strycova,,https://www.wtatennis.com/resources/v7.42.8/i/elements/flags/cze.svg,Semifinals,W,"6-1, 6-2",https://www.wtatennis.com/players/190879/barbora-strycova,False,False,False,False,False,False,False,2,True,15,12,3,CZ,CZE,203,150,Europe,Central Europe,CZE,"6,1,None|6,2,None",
3,Wimbledon,,https://www.wtatennis.com/tournaments/904/wimbledon/2019,Grand Slam,Grass,https://www.wtatennis.com/resources/v7.42.8/i/elements/gs-tag.svg,2019-07-01,2019-07-14,2019,7,Wimbledon,USA,,GB,GBR,826,150,United States of America|America|USA|US,Europe,Northern Europe,ENG,55.0,1300.0,1520732.0,128M/128Q/64D,The Championships,,Alison Riske-Amritraj,,https://www.wtatennis.com/resources/v7.42.8/i/elements/flags/usa.svg,Quarterfinals,W,"6-4, 4-6, 6-3",https://www.wtatennis.com/players/312850/alison-riske-amritraj,False,False,False,False,False,False,False,3,True,29,16,13,US,USA,840,019,America,Northern America,USA,"6,4,None|4,6,None|6,3,None",
4,Wimbledon,,https://www.wtatennis.com/tournaments/904/wimbledon/2019,Grand Slam,Grass,https://www.wtatennis.com/resources/v7.42.8/i/elements/gs-tag.svg,2019-07-01,2019-07-14,2019,7,Wimbledon,ESP,,GB,GBR,826,150,Kingdom of Spain,Europe,Northern Europe,ENG,31.0,1300.0,1520732.0,128M/128Q/64D,The Championships,,Carla Suárez Navarro,30.0,https://www.wtatennis.com/resources/v7.42.8/i/elements/flags/esp.svg,Round of 16,W,"6-2, 6-2",https://www.wtatennis.com/players/311338/carla-su-rez-navarro,False,False,False,False,False,False,False,2,True,16,12,4,ES,ESP,724,150,Europe,Southern Europe,ESP,"6,2,None|6,2,None",
5,Wimbledon,,https://www.wtatennis.com/tournaments/904/wimbledon/2019,Grand Slam,Grass,https://www.wtatennis.com/resources/v7.42.8/i/elements/gs-tag.svg,2019-07-01,2019-07-14,2019,7,Wimbledon,GER,,GB,GBR,826,150,,Europe,Northern Europe,ENG,17.0,1300.0,1520732.0,128M/128Q/64D,The Championships,,Julia Goerges,18.0,https://www.wtatennis.com/resources/v7.42.8/i/elements/flags/ger.svg,Round of 32,W,"6-3, 6-4",https://www.wtatennis.com/players/313381/julia-goerges,False,False,False,False,False,False,False,2,True,19,12,7,DE,DEU,276,150,Europe,Central Europe,GER,"6,3,None|6,4,None",
6,Wimbledon,,https://www.wtatennis.com/tournaments/904/wimbledon/2019,Grand Slam,Grass,https://www.wtatennis.com/resources/v7.42.8/i/elements/gs-tag.svg,2019-07-01,2019-07-14,2019,7,Wimbledon,SLO,,GB,GBR,826,150,,Europe,Northern Europe,ENG,133.0,1300.0,1520732.0,128M/128Q/64D,The Championships,,Kaja Juvan,,https://www.wtatennis.com/resources/v7.42.8/i/elements/flags/slo.svg,Round of 64,W,"2-6, 6-2, 6-4",https://www.wtatennis.com/players/324702/kaja-juvan,False,False,False,False,False,False,False,3,False,26,14,12,,,,,,,SLO,"2,6,None|6,2,None|6,4,None",
7,Wimbledon,,https://www.wtatennis.com/tournaments/904/wimbledon/2019,Grand Slam,Grass,https://www.wtatennis.com/resources/v7.42.8/i/elements/gs-tag.svg,2019-07-01,2019-07-14,2019,7,Wimbledon,ITA,,GB,GBR,826,150,,Europe,Northern Europe,ENG,161.0,1300.0,1520732.0,128M/128Q/64D,The Championships,,Giulia Gatto-Monticone,,https://www.wtatennis.com/resources/v7.42.8/i/elements/flags/ita.svg,Round of 128,W,"6-2, 7-5",https://www.wtatennis.com/players/310915/giulia-gatto-monticone,False,False,False,False,False,False,False,2,True,20,13,7,IT,ITA,380,150,Europe,Southern Europe,ITA,"6,2,None|7,5,None",
1,Roland Garros,,https://www.wtatennis.com/tournaments/903/roland-garros/2019,Grand Slam,Clay,https://www.wtatennis.com/resources/v7.42.8/i/elements/gs-tag.svg,2019-05-26,2019-06-09,2019,5,Paris,USA,,FR,FRA,250,150,United States of America|America|USA|US,Europe,Western Europe,FRA,35.0,130.0,164728.0,128M/128Q/64D,Roland Garros,,Sofia Kenin,,https://www.wtatennis.com/resources/v7.42.8/i/elements/flags/usa.svg,Round of 32,L,"2-6, 5-7",https://www.wtatennis.com/players/320942/sofia-kenin,False,False,False,False,False,False,False,2,False,20,7,13,US,USA,840,019,America,Northern America,USA,"2,6,None|5,7,None",
2,Roland Garros,,https://www.wtatennis.com/tournaments/903/roland-garros/2019,Grand Slam,Clay,https://www.wtatennis.com/resources/v7.42.8/i/elements/gs-tag.svg,2019-05-26,2019-06-09,2019,5,Paris,JPN,,FR,FRA,250,150,,Europe,Western Europe,FRA,238.0,130.0,164728.0,128M/128Q/64D,Roland Garros,,Kurumi Nara,,https://www.wtatennis.com/resources/v7.42.8/i/elements/flags/jpn.svg,Round of 64,W,"6-3, 6-2",https://www.wtatennis.com/players/314344/kurumi-nara,False,False,False,False,False,False,False,2,True,17,12,5,JP,JPN,392,142,Asia,East Asia,JPN,"6,3,None|6,2,None",
3,Roland Garros,,https://www.wtatennis.com/tournaments/903/roland-garros/2019,Grand Slam,Clay,https://www.wtatennis.com/resources/v7.42.8/i/elements/gs-tag.svg,2019-05-26,2019-06-09,2019,5,Paris,RUS,,FR,FRA,250,150,,Europe,Western Europe,FRA,83.0,130.0,164728.0,128M/128Q/64D,Roland Garros,,Vitalia Diatchenko,,https://www.wtatennis.com/resources/v7.42.8/i/elements/flags/rus.svg,Round of 128,W,"2-6, 6-1, 6-0",https://www.wtatennis.com/players/315030/vitalia-diatchenko,False,False,False,False,False,False,False,3,False,21,14,7,RU,RUS,643,150,Europe,Eastern Europe,RUS,"2,6,None|6,1,None|6,0,None",
1,Internazionali Bnl D'Italia,,https://www.wtatennis.com/tournaments/709/rome/2019,Premier 5,Clay,https://www.wtatennis.com/resources/v7.42.8/i/elements/1000k-tag.svg,2019-05-13,2019-05-19,2019,5,Rome,USA,,IT,ITA,380,150,United States of America|America|USA|US,Europe,Southern Europe,ITA,50.0,60.0,19009.0,64M/32Q/32D,Internazionali Bnl D'Italia,,Venus Williams,,https://www.wtatennis.com/resources/v7.42.8/i/elements/flags/usa.svg,Round of 32,L,Walkover,https://www.wtatennis.com/players/230220/venus-williams,False,True,False,False,False,False,False,0,False,0,0,0,US,USA,840,019,America,Northern America,USA,,
2,Internazionali Bnl D'Italia,,https://www.wtatennis.com/tournaments/709/rome/2019,Premier 5,Clay,https://www.wtatennis.com/resources/v7.42.8/i/elements/1000k-tag.svg,2019-05-13,2019-05-19,2019,5,Rome,SWE,,IT,ITA,380,150,,Europe,Southern Europe,ITA,64.0,60.0,19009.0,64M/32Q/32D,Internazionali Bnl D'Italia,,Rebecca Peterson,,https://www.wtatennis.com/resources/v7.42.8/i/elements/flags/swe.svg,Round of 64,W,"6-4, 6-2",https://www.wtatennis.com/players/317771/rebecca-peterson,False,False,False,False,False,False,False,2,True,18,12,6,SE,SWE,752,150,Europe,Northern Europe,SWE,"6,4,None|6,2,None",
1,Miami Open Presented By Itau,,https://www.wtatennis.com/tournaments/902/miami/2019,Premier Mandatory,Hard,https://www.wtatennis.com/resources/v7.42.8/i/elements/1000k-tag.svg,2019-03-19,2019-03-30,2019,3,Miami,CHN,FL,US,USA,840,019,,America,Northern America,USA,18.0,65.0,48775.0,128M/64Q/32D,Miami Open Presented By Itau,,Qiang Wang,18.0,https://www.wtatennis.com/resources/v7.42.8/i/elements/flags/chn.svg,Round of 32,L,Walkover,https://www.wtatennis.com/players/314429/qiang-wang,False,True,False,False,False,False,False,0,False,0,0,0,CN,CHN,156,142,Asia,East Asia,CHN,,
2,Miami Open Presented By Itau,,https://www.wtatennis.com/tournaments/902/miami/2019,Premier Mandatory,Hard,https://www.wtatennis.com/resources/v7.42.8/i/elements/1000k-tag.svg,2019-03-19,2019-03-30,2019,3,Miami,SWE,FL,US,USA,840,019,,America,Northern America,USA,63.0,65.0,48775.0,128M/64Q/32D,Miami Open Presented By Itau,,Rebecca Peterson,,https://www.wtatennis.com/resources/v7.42.8/i/elements/flags/swe.svg,Round of 64,W,"6-3, 1-6, 6-1",https://www.wtatennis.com/players/317771/rebecca-peterson,False,False,False,False,False,False,False,3,True,23,13,10,SE,SWE,752,150,Europe,Northern Europe,SWE,"6,3,None|1,6,None|6,1,None",
3,Miami Open Presented By Itau,,https://www.wtatennis.com/tournaments/902/miami/2019,Premier Mandatory,Hard,https://www.wtatennis.com/resources/v7.42.8/i/elements/1000k-tag.svg,2019-03-19,2019-03-30,2019,3,Miami,,FL,US,USA,840,019,,America,Northern America,USA,,65.0,48775.0,128M/64Q/32D,Miami Open Presented By Itau,,,,,Round of 128,,Bye,,False,False,True,False,False,False,False,0,False,0,0,0,,,,,,,,,
1,Bnp Paribas Open,,https://www.wtatennis.com/tournaments/609/indian-wells/2019,Premier Mandatory,Hard,https://www.wtatennis.com/resources/v7.42.8/i/elements/1000k-tag.svg,2019-03-06,2019-03-17,2019,3,Indian Wells,ESP,CA,US,USA,840,019,Kingdom of Spain,America,Northern America,USA,20.0,65.0,48775.0,128M/64Q/32D,Bnp Paribas Open,,Garbiñe Muguruza,20.0,https://www.wtatennis.com/resources/v7.42.8/i/elements/flags/esp.svg,Round of 32,L,"3-6, 0-1",https://www.wtatennis.com/players/316239/garbi-e-muguruza,True,False,False,False,False,False,False,2,False,10,3,7,ES,ESP,724,150,Europe,Southern Europe,ESP,"3,6,None|0,1,None|Ret",
2,Bnp Paribas Open,,https://www.wtatennis.com/tournaments/609/indian-wells/2019,Premier Mandatory,Hard,https://www.wtatennis.com/resources/v7.42.8/i/elements/1000k-tag.svg,2019-03-06,2019-03-17,2019,3,Indian Wells,BLR,CA,US,USA,840,019,,America,Northern America,USA,48.0,65.0,48775.0,128M/64Q/32D,Bnp Paribas Open,,Victoria Azarenka,,https://www.wtatennis.com/resources/v7.42.8/i/elements/flags/blr.svg,Round of 64,W,"7-5, 6-3",https://www.wtatennis.com/players/312001/victoria-azarenka,False,False,False,False,False,False,False,2,True,21,13,8,BY,BLR,112,150,Europe,Eastern Europe,BLR,"7,5,None|6,3,None",
3,Bnp Paribas Open,,https://www.wtatennis.com/tournaments/609/indian-wells/2019,Premier Mandatory,Hard,https://www.wtatennis.com/resources/v7.42.8/i/elements/1000k-tag.svg,2019-03-06,2019-03-17,2019,3,Indian Wells,,CA,US,USA,840,019,,America,Northern America,USA,,65.0,48775.0,128M/64Q/32D,Bnp Paribas Open,,,,,Round of 128,,Bye,,False,False,True,False,False,False,False,0,False,0,0,0,,,,,,,,,
1,Australian Open,,https://www.wtatennis.com/tournaments/901/australian-open/2019,Grand Slam,Hard,https://www.wtatennis.com/resources/v7.42.8/i/elements/gs-tag.svg,2019-01-14,2019-01-26,2019,1,Melbourne,CZE,,AU,AUS,036,009,,Oceania,Australasia,AUS,8.0,430.0,342246.0,128M/128Q/64D,Australian Open,,Karolina Pliskova,7.0,https://www.wtatennis.com/resources/v7.42.8/i/elements/flags/cze.svg,Quarterfinals,L,"4-6, 6-4, 5-7",https://www.wtatennis.com/players/313974/karolina-pliskova,False,False,False,False,False,False,False,3,False,32,15,17,CZ,CZE,203,150,Europe,Central Europe,CZE,"4,6,None|6,4,None|5,7,None",
2,Australian Open,,https://www.wtatennis.com/tournaments/901/australian-open/2019,Grand Slam,Hard,https://www.wtatennis.com/resources/v7.42.8/i/elements/gs-tag.svg,2019-01-14,2019-01-26,2019,1,Melbourne,ROU,,AU,AUS,036,009,,Oceania,Australasia,AUS,1.0,430.0,342246.0,128M/128Q/64D,Australian Open,,Simona Halep,1.0,https://www.wtatennis.com/resources/v7.42.8/i/elements/flags/rou.svg,Round of 16,W,"6-1, 4-6, 6-4",https://www.wtatennis.com/players/314320/simona-halep,False,False,False,False,False,False,False,3,True,27,16,11,RO,ROU,642,150,Europe,Southeastern Europe,ROU,"6,1,None|4,6,None|6,4,None",
3,Australian Open,,https://www.wtatennis.com/tournaments/901/australian-open/2019,Grand Slam,Hard,https://www.wtatennis.com/resources/v7.42.8/i/elements/gs-tag.svg,2019-01-14,2019-01-26,2019,1,Melbourne,UKR,,AU,AUS,036,009,,Oceania,Australasia,AUS,57.0,430.0,342246.0,128M/128Q/64D,Australian Open,,Dayana Yastremska,,https://www.wtatennis.com/resources/v7.42.8/i/elements/flags/ukr.svg,Round of 32,W,"6-2, 6-1",https://www.wtatennis.com/players/324261/dayana-yastremska,False,False,False,False,False,False,False,2,True,15,12,3,UA,UKR,804,150,Europe,Eastern Europe,UKR,"6,2,None|6,1,None",
4,Australian Open,,https://www.wtatennis.com/tournaments/901/australian-open/2019,Grand Slam,Hard,https://www.wtatennis.com/resources/v7.42.8/i/elements/gs-tag.svg,2019-01-14,2019-01-26,2019,1,Melbourne,CAN,,AU,AUS,036,009,,Oceania,Australasia,AUS,79.0,430.0,342246.0,128M/128Q/64D,Australian Open,,Eugenie Bouchard,,https://www.wtatennis.com/resources/v7.42.8/i/elements/flags/can.svg,Round of 64,W,"6-2, 6-2",https://www.wtatennis.com/players/316161/eugenie-bouchard,False,False,False,False,False,False,False,2,True,16,12,4,CA,CAN,124,019,America,Northern America,CAN,"6,2,None|6,2,None",
5,Australian Open,,https://www.wtatennis.com/tournaments/901/australian-open/2019,Grand Slam,Hard,https://www.wtatennis.com/resources/v7.42.8/i/elements/gs-tag.svg,2019-01-14,2019-01-26,2019,1,Melbourne,GER,,AU,AUS,036,009,,Oceania,Australasia,AUS,74.0,430.0,342246.0,128M/128Q/64D,Australian Open,,Tatjana Maria,,https://www.wtatennis.com/resources/v7.42.8/i/elements/flags/ger.svg,Round of 128,W,"6-0, 6-2",https://www.wtatennis.com/players/310440/tatjana-maria,False,False,False,False,False,False,False,2,True,14,12,2,DE,DEU,276,150,Europe,Central Europe,GER,"6,0,None|6,2,None",
1,2018 Us Open Tennis Championships,,https://www.wtatennis.com/tournaments/905/us-open/2018,Grand Slam,Hard,https://www.wtatennis.com/resources/v7.42.8/i/elements/gs-tag.svg,2018-08-27,2018-09-09,2018,8,New York,JPN,NY,US,USA,840,019,,America,Northern America,USA,19.0,1300.0,1850000.0,128M/128Q/64D,2018 Us Open Tennis Championships,,Naomi Osaka,20.0,https://www.wtatennis.com/resources/v7.42.8/i/elements/flags/jpn.svg,Finals,L,"2-6, 4-6",https://www.wtatennis.com/players/319998/naomi-osaka,False,False,False,False,False,False,False,2,False,18,6,12,JP,JPN,392,142,Asia,East Asia,JPN,"2,6,None|4,6,None",
2,2018 Us Open Tennis Championships,,https://www.wtatennis.com/tournaments/905/us-open/2018,Grand Slam,Hard,https://www.wtatennis.com/resources/v7.42.8/i/elements/gs-tag.svg,2018-08-27,2018-09-09,2018,8,New York,LAT,NY,US,USA,840,019,,America,Northern America,USA,18.0,1300.0,1850000.0,128M/128Q/64D,2018 Us Open Tennis Championships,,Anastasija Sevastova,19.0,https://www.wtatennis.com/resources/v7.42.8/i/elements/flags/lat.svg,Semifinals,W,"6-3, 6-0",https://www.wtatennis.com/players/313987/anastasija-sevastova,False,False,False,False,False,False,False,2,True,15,12,3,,,,,,,LAT,"6,3,None|6,0,None",
3,2018 Us Open Tennis Championships,,https://www.wtatennis.com/tournaments/905/us-open/2018,Grand Slam,Hard,https://www.wtatennis.com/resources/v7.42.8/i/elements/gs-tag.svg,2018-08-27,2018-09-09,2018,8,New York,CZE,NY,US,USA,840,019,,America,Northern America,USA,8.0,1300.0,1850000.0,128M/128Q/64D,2018 Us Open Tennis Championships,,Karolina Pliskova,8.0,https://www.wtatennis.com/resources/v7.42.8/i/elements/flags/cze.svg,Quarterfinals,W,"6-4, 6-3",https://www.wtatennis.com/players/313974/karolina-pliskova,False,False,False,False,False,False,False,2,True,19,12,7,CZ,CZE,203,150,Europe,Central Europe,CZE,"6,4,None|6,3,None",
4,2018 Us Open Tennis Championships,,https://www.wtatennis.com/tournaments/905/us-open/2018,Grand Slam,Hard,https://www.wtatennis.com/resources/v7.42.8/i/elements/gs-tag.svg,2018-08-27,2018-09-09,2018,8,New York,EST,NY,US,USA,840,019,,America,Northern America,USA,44.0,1300.0,1850000.0,128M/128Q/64D,2018 Us Open Tennis Championships,,Kaia Kanepi,,https://www.wtatennis.com/resources/v7.42.8/i/elements/flags/est.svg,Round of 16,W,"6-0, 4-6, 6-3",https://www.wtatennis.com/players/110536/kaia-kanepi,False,False,False,False,False,False,False,3,True,25,16,9,EE,EST,233,150,Europe,Northern Europe,EST,"6,0,None|4,6,None|6,3,None",
5,2018 Us Open Tennis Championships,,https://www.wtatennis.com/tournaments/905/us-open/2018,Grand Slam,Hard,https://www.wtatennis.com/resources/v7.42.8/i/elements/gs-tag.svg,2018-08-27,2018-09-09,2018,8,New York,USA,NY,US,USA,840,019,United States of America|America|USA|US,America,Northern America,USA,16.0,1300.0,1850000.0,128M/128Q/64D,2018 Us Open Tennis Championships,,Venus Williams,16.0,https://www.wtatennis.com/resources/v7.42.8/i/elements/flags/usa.svg,Round of 32,W,"6-1, 6-2",https://www.wtatennis.com/players/230220/venus-williams,False,False,False,False,False,False,False,2,True,15,12,3,US,USA,840,019,America,Northern America,USA,"6,1,None|6,2,None",
6,2018 Us Open Tennis Championships,,https://www.wtatennis.com/tournaments/905/us-open/2018,Grand Slam,Hard,https://www.wtatennis.com/resources/v7.42.8/i/elements/gs-tag.svg,2018-08-27,2018-09-09,2018,8,New York,GER,NY,US,USA,840,019,,America,Northern America,USA,101.0,1300.0,1850000.0,128M/128Q/64D,2018 Us Open Tennis Championships,,Carina Witthoeft,,https://www.wtatennis.com/resources/v7.42.8/i/elements/flags/ger.svg,Round of 64,W,"6-2, 6-2",https://www.wtatennis.com/players/317536/carina-witthoeft,False,False,False,False,False,False,False,2,True,16,12,4,DE,DEU,276,150,Europe,Central Europe,GER,"6,2,None|6,2,None",
7,2018 Us Open Tennis Championships,,https://www.wtatennis.com/tournaments/905/us-open/2018,Grand Slam,Hard,https://www.wtatennis.com/resources/v7.42.8/i/elements/gs-tag.svg,2018-08-27,2018-09-09,2018,8,New York,POL,NY,US,USA,840,019,,America,Northern America,USA,68.0,1300.0,1850000.0,128M/128Q/64D,2018 Us Open Tennis Championships,,Magda Linette,,https://www.wtatennis.com/resources/v7.42.8/i/elements/flags/pol.svg,Round of 128,W,"6-4, 6-0",https://www.wtatennis.com/players/315130/magda-linette,False,False,False,False,False,False,False,2,True,16,12,4,PL,POL,616,150,Europe,Central Europe,POL,"6,4,None|6,0,None",
1,Western & Southern Open,,https://www.wtatennis.com/tournaments/1017/cincinnati/2018,Premier 5,Hard,https://www.wtatennis.com/resources/v7.42.8/i/elements/1000k-tag.svg,2018-08-13,2018-08-19,2018,8,Cincinnati,CZE,OH,US,USA,840,019,,America,Northern America,USA,6.0,60.0,15180.0,64M/64Q/32D,Western & Southern Open,,Petra Kvitova,8.0,https://www.wtatennis.com/resources/v7.42.8/i/elements/flags/cze.svg,Round of 32,L,"3-6, 6-2, 3-6",https://www.wtatennis.com/players/314206/petra-kvitova,False,False,False,False,False,False,False,3,False,26,12,14,CZ,CZE,203,150,Europe,Central Europe,CZE,"3,6,None|6,2,None|3,6,None",
2,Western & Southern Open,,https://www.wtatennis.com/tournaments/1017/cincinnati/2018,Premier 5,Hard,https://www.wtatennis.com/resources/v7.42.8/i/elements/1000k-tag.svg,2018-08-13,2018-08-19,2018,8,Cincinnati,AUS,OH,US,USA,840,019,,America,Northern America,USA,23.0,60.0,15180.0,64M/64Q/32D,Western & Southern Open,,Daria Saville,,https://www.wtatennis.com/resources/v7.42.8/i/elements/flags/aus.svg,Round of 64,W,"6-1, 6-2",https://www.wtatennis.com/players/315997/daria-saville,False,False,False,False,False,False,False,2,True,15,12,3,AU,AUS,036,009,Oceania,Australasia,AUS,"6,1,None|6,2,None",
1,Mubadala Silicon Valley Classic,,https://www.wtatennis.com/tournaments/703/san-jose/2018,Premier,Hard,https://www.wtatennis.com/resources/v7.42.8/i/elements/500k-tag.svg,2018-07-30,2018-08-05,2018,7,San Jose,GBR,CA,US,USA,840,019,Britain|UK|Great Britain|United Kingdom,America,Northern America,USA,48.0,1.0,7460.0,32M/16Q/16D,Mubadala Silicon Valley Classic,,Johanna Konta,,https://www.wtatennis.com/resources/v7.42.8/i/elements/flags/gbr.svg,Round of 32,L,"1-6, 0-6",https://www.wtatennis.com/players/313907/johanna-konta,False,False,False,False,False,False,False,2,False,13,1,12,GB,GBR,826,150,Europe,Northern Europe,ENG,"1,6,None|0,6,None",
1,Wimbledon,,https://www.wtatennis.com/tournaments/904/wimbledon/2018,Grand Slam,Grass,https://www.wtatennis.com/resources/v7.42.8/i/elements/gs-tag.svg,2018-07-02,2018-07-15,2018,7,Wimbledon,GER,,GB,GBR,826,150,,Europe,Northern Europe,ENG,10.0,1300.0,1549512.0,128M/128Q/64D,The Championships,,Angelique Kerber,11.0,https://www.wtatennis.com/resources/v7.42.8/i/elements/flags/ger.svg,Finals,L,"3-6, 3-6",https://www.wtatennis.com/players/311470/angelique-kerber,False,False,False,False,False,False,False,2,False,18,6,12,DE,DEU,276,150,Europe,Central Europe,GER,"3,6,None|3,6,None",
2,Wimbledon,,https://www.wtatennis.com/tournaments/904/wimbledon/2018,Grand Slam,Grass,https://www.wtatennis.com/resources/v7.42.8/i/elements/gs-tag.svg,2018-07-02,2018-07-15,2018,7,Wimbledon,GER,,GB,GBR,826,150,,Europe,Northern Europe,ENG,13.0,1300.0,1549512.0,128M/128Q/64D,The Championships,,Julia Goerges,13.0,https://www.wtatennis.com/resources/v7.42.8/i/elements/flags/ger.svg,Semifinals,W,"6-2, 6-4",https://www.wtatennis.com/players/313381/julia-goerges,False,False,False,False,False,False,False,2,True,18,12,6,DE,DEU,276,150,Europe,Central Europe,GER,"6,2,None|6,4,None",
3,Wimbledon,,https://www.wtatennis.com/tournaments/904/wimbledon/2018,Grand Slam,Grass,https://www.wtatennis.com/resources/v7.42.8/i/elements/gs-tag.svg,2018-07-02,2018-07-15,2018,7,Wimbledon,ITA,,GB,GBR,826,150,,Europe,Northern Europe,ENG,52.0,1300.0,1549512.0,128M/128Q/64D,The Championships,,Camila Giorgi,,https://www.wtatennis.com/resources/v7.42.8/i/elements/flags/ita.svg,Quarterfinals,W,"3-6, 6-3, 6-4",https://www.wtatennis.com/players/314610/camila-giorgi,False,False,False,False,False,False,False,3,False,28,15,13,IT,ITA,380,150,Europe,Southern Europe,ITA,"3,6,None|6,3,None|6,4,None",
4,Wimbledon,,https://www.wtatennis.com/tournaments/904/wimbledon/2018,Grand Slam,Grass,https://www.wtatennis.com/resources/v7.42.8/i/elements/gs-tag.svg,2018-07-02,2018-07-15,2018,7,Wimbledon,RUS,,GB,GBR,826,150,,Europe,Northern Europe,ENG,120.0,1300.0,1549512.0,128M/128Q/64D,The Championships,,Evgeniya Rodina,,https://www.wtatennis.com/resources/v7.42.8/i/elements/flags/rus.svg,Round of 16,W,"6-2, 6-2",https://www.wtatennis.com/players/312584/evgeniya-rodina,False,False,False,False,False,False,False,2,True,16,12,4,RU,RUS,643,150,Europe,Eastern Europe,RUS,"6,2,None|6,2,None",
5,Wimbledon,,https://www.wtatennis.com/tournaments/904/wimbledon/2018,Grand Slam,Grass,https://www.wtatennis.com/resources/v7.42.8/i/elements/gs-tag.svg,2018-07-02,2018-07-15,2018,7,Wimbledon,FRA,,GB,GBR,826,150,,Europe,Northern Europe,ENG,62.0,1300.0,1549512.0,128M/128Q/64D,The Championships,,Kristina Mladenovic,,https://www.wtatennis.com/resources/v7.42.8/i/elements/flags/fra.svg,Round of 32,W,"7-5, 7-6 (2)",https://www.wtatennis.com/players/315616/kristina-mladenovic,False,False,False,False,True,False,True,2,True,25,14,11,FR,FRA,250,150,Europe,Western Europe,FRA,"7,5,None|7,6,2",
6,Wimbledon,,https://www.wtatennis.com/tournaments/904/wimbledon/2018,Grand Slam,Grass,https://www.wtatennis.com/resources/v7.42.8/i/elements/gs-tag.svg,2018-07-02,2018-07-15,2018,7,Wimbledon,BUL,,GB,GBR,826,150,,Europe,Northern Europe,ENG,135.0,1300.0,1549512.0,128M/128Q/64D,The Championships,,Viktoriya Tomova,,https://www.wtatennis.com/resources/v7.42.8/i/elements/flags/bul.svg,Round of 64,W,"6-1, 6-4",https://www.wtatennis.com/players/317584/viktoriya-tomova,False,False,False,False,False,False,False,2,True,17,12,5,BG,BGR,100,150,Europe,Southeastern Europe,BUL,"6,1,None|6,4,None",
7,Wimbledon,,https://www.wtatennis.com/tournaments/904/wimbledon/2018,Grand Slam,Grass,https://www.wtatennis.com/resources/v7.42.8/i/elements/gs-tag.svg,2018-07-02,2018-07-15,2018,7,Wimbledon,NED,,GB,GBR,826,150,,Europe,Northern Europe,ENG,105.0,1300.0,1549512.0,128M/128Q/64D,The Championships,,Arantxa Rus,,https://www.wtatennis.com/resources/v7.42.8/i/elements/flags/ned.svg,Round of 128,W,"7-5, 6-3",https://www.wtatennis.com/players/313349/arantxa-rus,False,False,False,False,False,False,False,2,True,21,13,8,NL,NLD,528,150,Europe,Western Europe,NED,"7,5,None|6,3,None",
1,Roland Garros,,https://www.wtatennis.com/tournaments/903/roland-garros/2018,Grand Slam,Clay,https://www.wtatennis.com/resources/v7.42.8/i/elements/gs-tag.svg,2018-05-27,2018-06-10,2018,5,Paris,RUS,,FR,FRA,250,150,,Europe,Western Europe,FRA,30.0,240.0,261125.0,128M/128Q/64D,Championnats Internationaux De France,,Maria Sharapova,28.0,https://www.wtatennis.com/resources/v7.42.8/i/elements/flags/rus.svg,Round of 16,L,Walkover,https://www.wtatennis.com/players/310137/maria-sharapova,False,True,False,False,False,False,False,0,False,0,0,0,RU,RUS,643,150,Europe,Eastern Europe,RUS,,
2,Roland Garros,,https://www.wtatennis.com/tournaments/903/roland-garros/2018,Grand Slam,Clay,https://www.wtatennis.com/resources/v7.42.8/i/elements/gs-tag.svg,2018-05-27,2018-06-10,2018,5,Paris,GER,,FR,FRA,250,150,,Europe,Western Europe,FRA,11.0,240.0,261125.0,128M/128Q/64D,Championnats Internationaux De France,,Julia Goerges,11.0,https://www.wtatennis.com/resources/v7.42.8/i/elements/flags/ger.svg,Round of 32,W,"6-3, 6-4",https://www.wtatennis.com/players/313381/julia-goerges,False,False,False,False,False,False,False,2,True,19,12,7,DE,DEU,276,150,Europe,Central Europe,GER,"6,3,None|6,4,None",
3,Roland Garros,,https://www.wtatennis.com/tournaments/903/roland-garros/2018,Grand Slam,Clay,https://www.wtatennis.com/resources/v7.42.8/i/elements/gs-tag.svg,2018-05-27,2018-06-10,2018,5,Paris,AUS,,FR,FRA,250,150,,Europe,Western Europe,FRA,17.0,240.0,261125.0,128M/128Q/64D,Championnats Internationaux De France,,Ashleigh Barty,17.0,https://www.wtatennis.com/resources/v7.42.8/i/elements/flags/aus.svg,Round of 64,W,"3-6, 6-3, 6-4",https://www.wtatennis.com/players/318033/ashleigh-barty,False,False,False,False,False,False,False,3,False,28,15,13,AU,AUS,036,009,Oceania,Australasia,AUS,"3,6,None|6,3,None|6,4,None",
4,Roland Garros,,https://www.wtatennis.com/tournaments/903/roland-garros/2018,Grand Slam,Clay,https://www.wtatennis.com/resources/v7.42.8/i/elements/gs-tag.svg,2018-05-27,2018-06-10,2018,5,Paris,CZE,,FR,FRA,250,150,,Europe,Western Europe,FRA,70.0,240.0,261125.0,128M/128Q/64D,Championnats Internationaux De France,,Kristyna Pliskova,,https://www.wtatennis.com/resources/v7.42.8/i/elements/flags/cze.svg,Round of 128,W,"7-6 (4), 6-4",https://www.wtatennis.com/players/313975/kristyna-pliskova,False,False,False,True,False,False,True,2,True,23,13,10,CZ,CZE,203,150,Europe,Central Europe,CZE,"7,6,4|6,4,None",
1,Miami Open Presented By Itau,,https://www.wtatennis.com/tournaments/902/miami/2018,Premier Mandatory,Hard,https://www.wtatennis.com/resources/v7.42.8/i/elements/1000k-tag.svg,2018-03-20,2018-03-31,2018,3,Miami,JPN,FL,US,USA,840,019,,America,Northern America,USA,22.0,10.0,15610.0,128M/64Q/32D,Miami Open Presented By Itau,,Naomi Osaka,,https://www.wtatennis.com/resources/v7.42.8/i/elements/flags/jpn.svg,Round of 128,L,"3-6, 2-6",https://www.wtatennis.com/players/319998/naomi-osaka,False,False,False,False,False,False,False,2,False,17,5,12,JP,JPN,392,142,Asia,East Asia,JPN,"3,6,None|2,6,None",W
1,Bnp Paribas Open,,https://www.wtatennis.com/tournaments/609/indian-wells/2018,Premier Mandatory,Hard,https://www.wtatennis.com/resources/v7.42.8/i/elements/1000k-tag.svg,2018-03-07,2018-03-18,2018,3,Indian Wells,USA,CA,US,USA,840,019,United States of America|America|USA|US,America,Northern America,USA,8.0,65.0,47170.0,128M/64Q/32D,Bnp Paribas Open,,Venus Williams,8.0,https://www.wtatennis.com/resources/v7.42.8/i/elements/flags/usa.svg,Round of 32,L,"3-6, 4-6",https://www.wtatennis.com/players/230220/venus-williams,False,False,False,False,False,False,False,2,False,19,7,12,US,USA,840,019,America,Northern America,USA,"3,6,None|4,6,None",
2,Bnp Paribas Open,,https://www.wtatennis.com/tournaments/609/indian-wells/2018,Premier Mandatory,Hard,https://www.wtatennis.com/resources/v7.42.8/i/elements/1000k-tag.svg,2018-03-07,2018-03-18,2018,3,Indian Wells,NED,CA,US,USA,840,019,,America,Northern America,USA,29.0,65.0,47170.0,128M/64Q/32D,Bnp Paribas Open,,Kiki Bertens,29.0,https://www.wtatennis.com/resources/v7.42.8/i/elements/flags/ned.svg,Round of 64,W,"7-6 (5), 7-5",https://www.wtatennis.com/players/314584/kiki-bertens,False,False,False,True,False,False,True,2,True,25,14,11,NL,NLD,528,150,Europe,Western Europe,NED,"7,6,5|7,5,None",
3,Bnp Paribas Open,,https://www.wtatennis.com/tournaments/609/indian-wells/2018,Premier Mandatory,Hard,https://www.wtatennis.com/resources/v7.42.8/i/elements/1000k-tag.svg,2018-03-07,2018-03-18,2018,3,Indian Wells,KAZ,CA,US,USA,840,019,,America,Northern America,USA,53.0,65.0,47170.0,128M/64Q/32D,Bnp Paribas Open,,Zarina Diyas,,https://www.wtatennis.com/resources/v7.42.8/i/elements/flags/kaz.svg,Round of 128,W,"7-5, 6-3",https://www.wtatennis.com/players/315696/zarina-diyas,False,False,False,False,False,False,False,2,True,21,13,8,KZ,KAZ,398,142,Asia,Central Asia,KAZ,"7,5,None|6,3,None",
1,Australian Open,,https://www.wtatennis.com/tournaments/901/australian-open/2017,Grand Slam,Hard,https://www.wtatennis.com/resources/v7.42.8/i/elements/gs-tag.svg,2017-01-16,2017-01-29,2017,1,Melbourne,USA,,AU,AUS,036,009,United States of America|America|USA|US,Oceania,Australasia,AUS,17.0,2000.0,2701370.0,128M/128Q/64D,Australian Open,,Venus Williams,13.0,https://www.wtatennis.com/resources/v7.42.8/i/elements/flags/usa.svg,Finals,W,"6-4, 6-4",https://www.wtatennis.com/players/230220/venus-williams,False,False,False,False,False,False,False,2,True,20,12,8,US,USA,840,019,America,Northern America,USA,"6,4,None|6,4,None",
2,Australian Open,,https://www.wtatennis.com/tournaments/901/australian-open/2017,Grand Slam,Hard,https://www.wtatennis.com/resources/v7.42.8/i/elements/gs-tag.svg,2017-01-16,2017-01-29,2017,1,Melbourne,CRO,,AU,AUS,036,009,,Oceania,Australasia,AUS,79.0,2000.0,2701370.0,128M/128Q/64D,Australian Open,,Mirjana Lucic-Baroni,,https://www.wtatennis.com/resources/v7.42.8/i/elements/flags/cro.svg,Semifinals,W,"6-2, 6-1",https://www.wtatennis.com/players/120323/mirjana-lucic-baroni,False,False,False,False,False,False,False,2,True,15,12,3,HR,HRV,191,150,Europe,Southeastern Europe,CRO,"6,2,None|6,1,None",
3,Australian Open,,https://www.wtatennis.com/tournaments/901/australian-open/2017,Grand Slam,Hard,https://www.wtatennis.com/resources/v7.42.8/i/elements/gs-tag.svg,2017-01-16,2017-01-29,2017,1,Melbourne,GBR,,AU,AUS,036,009,Britain|UK|Great Britain|United Kingdom,Oceania,Australasia,AUS,9.0,2000.0,2701370.0,128M/128Q/64D,Australian Open,,Johanna Konta,9.0,https://www.wtatennis.com/resources/v7.42.8/i/elements/flags/gbr.svg,Quarterfinals,W,"6-2, 6-3",https://www.wtatennis.com/players/313907/johanna-konta,False,False,False,False,False,False,False,2,True,17,12,5,GB,GBR,826,150,Europe,Northern Europe,ENG,"6,2,None|6,3,None",
4,Australian Open,,https://www.wtatennis.com/tournaments/901/australian-open/2017,Grand Slam,Hard,https://www.wtatennis.com/resources/v7.42.8/i/elements/gs-tag.svg,2017-01-16,2017-01-29,2017,1,Melbourne,CZE,,AU,AUS,036,009,,Oceania,Australasia,AUS,16.0,2000.0,2701370.0,128M/128Q/64D,Australian Open,,Barbora Strycova,16.0,https://www.wtatennis.com/resources/v7.42.8/i/elements/flags/cze.svg,Round of 16,W,"7-5, 6-4",https://www.wtatennis.com/players/190879/barbora-strycova,False,False,False,False,False,False,False,2,True,22,13,9,CZ,CZE,203,150,Europe,Central Europe,CZE,"7,5,None|6,4,None",
5,Australian Open,,https://www.wtatennis.com/tournaments/901/australian-open/2017,Grand Slam,Hard,https://www.wtatennis.com/resources/v7.42.8/i/elements/gs-tag.svg,2017-01-16,2017-01-29,2017,1,Melbourne,USA,,AU,AUS,036,009,United States of America|America|USA|US,Oceania,Australasia,AUS,92.0,2000.0,2701370.0,128M/128Q/64D,Australian Open,,Nicole Gibbs,,https://www.wtatennis.com/resources/v7.42.8/i/elements/flags/usa.svg,Round of 32,W,"6-1, 6-3",https://www.wtatennis.com/players/315279/nicole-gibbs,False,False,False,False,False,False,False,2,True,16,12,4,US,USA,840,019,America,Northern America,USA,"6,1,None|6,3,None",
6,Australian Open,,https://www.wtatennis.com/tournaments/901/australian-open/2017,Grand Slam,Hard,https://www.wtatennis.com/resources/v7.42.8/i/elements/gs-tag.svg,2017-01-16,2017-01-29,2017,1,Melbourne,CZE,,AU,AUS,036,009,,Oceania,Australasia,AUS,61.0,2000.0,2701370.0,128M/128Q/64D,Australian Open,,Lucie Safarova,,https://www.wtatennis.com/resources/v7.42.8/i/elements/flags/cze.svg,Round of 64,W,"6-3, 6-4",https://www.wtatennis.com/players/310553/lucie-safarova,False,False,False,False,False,False,False,2,True,19,12,7,CZ,CZE,203,150,Europe,Central Europe,CZE,"6,3,None|6,4,None",
7,Australian Open,,https://www.wtatennis.com/tournaments/901/australian-open/2017,Grand Slam,Hard,https://www.wtatennis.com/resources/v7.42.8/i/elements/gs-tag.svg,2017-01-16,2017-01-29,2017,1,Melbourne,SUI,,AU,AUS,036,009,,Oceania,Australasia,AUS,59.0,2000.0,2701370.0,128M/128Q/64D,Australian Open,,Belinda Bencic,,https://www.wtatennis.com/resources/v7.42.8/i/elements/flags/sui.svg,Round of 128,W,"6-4, 6-3",https://www.wtatennis.com/players/319001/belinda-bencic,False,False,False,False,False,False,False,2,True,19,12,7,CH,CHE,756,150,Europe,Central Europe,SUI,"6,4,None|6,3,None",
1,Asb Classic,,https://www.wtatennis.com/tournaments/1049/auckland/2017,International,Hard,https://www.wtatennis.com/resources/v7.42.8/i/elements/250k-tag.svg,2017-01-02,2017-01-07,2017,1,Auckland,USA,,NZ,NZL,554,009,United States of America|America|USA|US,Oceania,Australasia,NZL,72.0,30.0,3310.0,32M/32Q/16D,Asb Classic,,Madison Brengle,,https://www.wtatennis.com/resources/v7.42.8/i/elements/flags/usa.svg,Round of 16,L,"4-6, 7-6 (3), 4-6",https://www.wtatennis.com/players/312328/madison-brengle,False,False,False,False,True,False,True,3,False,33,15,18,US,USA,840,019,America,Northern America,USA,"4,6,None|7,6,3|4,6,None",
2,Asb Classic,,https://www.wtatennis.com/tournaments/1049/auckland/2017,International,Hard,https://www.wtatennis.com/resources/v7.42.8/i/elements/250k-tag.svg,2017-01-02,2017-01-07,2017,1,Auckland,FRA,,NZ,NZL,554,009,,Oceania,Australasia,NZL,69.0,30.0,3310.0,32M/32Q/16D,Asb Classic,,Pauline Parmentier,,https://www.wtatennis.com/resources/v7.42.8/i/elements/flags/fra.svg,Round of 32,W,"6-3, 6-4",https://www.wtatennis.com/players/160515/pauline-parmentier,False,False,False,False,False,False,False,2,True,19,12,7,FR,FRA,250,150,Europe,Western Europe,FRA,"6,3,None|6,4,None",
1,2016 Us Open Tennis Championships,,https://www.wtatennis.com/tournaments/905/us-open/2016,Grand Slam,Hard,https://www.wtatennis.com/resources/v7.42.8/i/elements/gs-tag.svg,2016-08-29,2016-09-11,2016,8,New York,CZE,NY,US,USA,840,019,,America,Northern America,USA,11.0,780.0,859391.0,128M/128Q/64D,2016 Us Open Tennis Championships,,Karolina Pliskova,10.0,https://www.wtatennis.com/resources/v7.42.8/i/elements/flags/cze.svg,Semifinals,L,"2-6, 6-7 (5)",https://www.wtatennis.com/players/313974/karolina-pliskova,False,False,False,False,True,False,True,2,False,21,8,13,CZ,CZE,203,150,Europe,Central Europe,CZE,"2,6,None|6,7,5",
2,2016 Us Open Tennis Championships,,https://www.wtatennis.com/tournaments/905/us-open/2016,Grand Slam,Hard,https://www.wtatennis.com/resources/v7.42.8/i/elements/gs-tag.svg,2016-08-29,2016-09-11,2016,8,New York,ROU,NY,US,USA,840,019,,America,Northern America,USA,5.0,780.0,859391.0,128M/128Q/64D,2016 Us Open Tennis Championships,,Simona Halep,5.0,https://www.wtatennis.com/resources/v7.42.8/i/elements/flags/rou.svg,Quarterfinals,W,"6-2, 4-6, 6-3",https://www.wtatennis.com/players/314320/simona-halep,False,False,False,False,False,False,False,3,True,27,16,11,RO,ROU,642,150,Europe,Southeastern Europe,ROU,"6,2,None|4,6,None|6,3,None",
3,2016 Us Open Tennis Championships,,https://www.wtatennis.com/tournaments/905/us-open/2016,Grand Slam,Hard,https://www.wtatennis.com/resources/v7.42.8/i/elements/gs-tag.svg,2016-08-29,2016-09-11,2016,8,New York,KAZ,NY,US,USA,840,019,,America,Northern America,USA,52.0,780.0,859391.0,128M/128Q/64D,2016 Us Open Tennis Championships,,Yaroslava Shvedova,,https://www.wtatennis.com/resources/v7.42.8/i/elements/flags/kaz.svg,Round of 16,W,"6-2, 6-3",https://www.wtatennis.com/players/311137/yaroslava-shvedova,False,False,False,False,False,False,False,2,True,17,12,5,KZ,KAZ,398,142,Asia,Central Asia,KAZ,"6,2,None|6,3,None",
4,2016 Us Open Tennis Championships,,https://www.wtatennis.com/tournaments/905/us-open/2016,Grand Slam,Hard,https://www.wtatennis.com/resources/v7.42.8/i/elements/gs-tag.svg,2016-08-29,2016-09-11,2016,8,New York,SWE,NY,US,USA,840,019,,America,Northern America,USA,47.0,780.0,859391.0,128M/128Q/64D,2016 Us Open Tennis Championships,,Johanna Larsson,,https://www.wtatennis.com/resources/v7.42.8/i/elements/flags/swe.svg,Round of 32,W,"6-2, 6-1",https://www.wtatennis.com/players/311593/johanna-larsson,False,False,False,False,False,False,False,2,True,15,12,3,SE,SWE,752,150,Europe,Northern Europe,SWE,"6,2,None|6,1,None",
5,2016 Us Open Tennis Championships,,https://www.wtatennis.com/tournaments/905/us-open/2016,Grand Slam,Hard,https://www.wtatennis.com/resources/v7.42.8/i/elements/gs-tag.svg,2016-08-29,2016-09-11,2016,8,New York,USA,NY,US,USA,840,019,United States of America|America|USA|US,America,Northern America,USA,87.0,780.0,859391.0,128M/128Q/64D,2016 Us Open Tennis Championships,,Vania King,,https://www.wtatennis.com/resources/v7.42.8/i/elements/flags/usa.svg,Round of 64,W,"6-3, 6-3",https://www.wtatennis.com/players/311550/vania-king,False,False,False,False,False,False,False,2,True,18,12,6,US,USA,840,019,America,Northern America,USA,"6,3,None|6,3,None",
6,2016 Us Open Tennis Championships,,https://www.wtatennis.com/tournaments/905/us-open/2016,Grand Slam,Hard,https://www.wtatennis.com/resources/v7.42.8/i/elements/gs-tag.svg,2016-08-29,2016-09-11,2016,8,New York,RUS,NY,US,USA,840,019,,America,Northern America,USA,29.0,780.0,859391.0,128M/128Q/64D,2016 Us Open Tennis Championships,,Ekaterina Makarova,,https://www.wtatennis.com/resources/v7.42.8/i/elements/flags/rus.svg,Round of 128,W,"6-3, 6-3",https://www.wtatennis.com/players/311604/ekaterina-makarova,False,False,False,False,False,False,False,2,True,18,12,6,RU,RUS,643,150,Europe,Eastern Europe,RUS,"6,3,None|6,3,None",
1,Olympics Tennis Event,,https://www.wtatennis.com/tournaments/650/olympics/2016,OLYMPICS,Hard,,2016-08-06,2016-08-14,2016,8,Rio De Janeiro,UKR,,BR,BRA,076,019,,America,Eastern South America,BRA,20.0,,,64M/0Q/32D,Olympics Tennis Event,,Elina Svitolina,,https://www.wtatennis.com/resources/v7.42.8/i/elements/flags/ukr.svg,Round of 16,L,"4-6, 3-6",https://www.wtatennis.com/players/316738/elina-svitolina,False,False,False,False,False,False,False,2,False,19,7,12,UA,UKR,804,150,Europe,Eastern Europe,UKR,"4,6,None|3,6,None",
2,Olympics Tennis Event,,https://www.wtatennis.com/tournaments/650/olympics/2016,OLYMPICS,Hard,,2016-08-06,2016-08-14,2016,8,Rio De Janeiro,FRA,,BR,BRA,076,019,,America,Eastern South America,BRA,48.0,,,64M/0Q/32D,Olympics Tennis Event,,Alizé Cornet,,https://www.wtatennis.com/resources/v7.42.8/i/elements/flags/fra.svg,Round of 32,W,"7-6 (5), 6-2",https://www.wtatennis.com/players/312121/aliz-cornet,False,False,False,True,False,False,True,2,True,21,13,8,FR,FRA,250,150,Europe,Western Europe,FRA,"7,6,5|6,2,None",
3,Olympics Tennis Event,,https://www.wtatennis.com/tournaments/650/olympics/2016,OLYMPICS,Hard,,2016-08-06,2016-08-14,2016,8,Rio De Janeiro,AUS,,BR,BRA,076,019,,America,Eastern South America,BRA,45.0,,,64M/0Q/32D,Olympics Tennis Event,,Daria Saville,,https://www.wtatennis.com/resources/v7.42.8/i/elements/flags/aus.svg,Round of 64,W,"6-4, 6-2",https://www.wtatennis.com/players/315997/daria-saville,False,False,False,False,False,False,False,2,True,18,12,6,AU,AUS,036,009,Oceania,Australasia,AUS,"6,4,None|6,2,None",
1,Wimbledon,,https://www.wtatennis.com/tournaments/904/wimbledon/2016,Grand Slam,Grass,https://www.wtatennis.com/resources/v7.42.8/i/elements/gs-tag.svg,2016-06-27,2016-07-10,2016,6,Wimbledon,GER,,GB,GBR,826,150,,Europe,Northern Europe,ENG,4.0,2000.0,3065820.0,128M/96Q/64D,The Championships,,Angelique Kerber,4.0,https://www.wtatennis.com/resources/v7.42.8/i/elements/flags/ger.svg,Finals,W,"7-5, 6-3",https://www.wtatennis.com/players/311470/angelique-kerber,False,False,False,False,False,False,False,2,True,21,13,8,DE,DEU,276,150,Europe,Central Europe,GER,"7,5,None|6,3,None",
2,Wimbledon,,https://www.wtatennis.com/tournaments/904/wimbledon/2016,Grand Slam,Grass,https://www.wtatennis.com/resources/v7.42.8/i/elements/gs-tag.svg,2016-06-27,2016-07-10,2016,6,Wimbledon,RUS,,GB,GBR,826,150,,Europe,Northern Europe,ENG,50.0,2000.0,3065820.0,128M/96Q/64D,The Championships,,Elena Vesnina,,https://www.wtatennis.com/resources/v7.42.8/i/elements/flags/rus.svg,Semifinals,W,"6-2, 6-0",https://www.wtatennis.com/players/311220/elena-vesnina,False,False,False,False,False,False,False,2,True,14,12,2,RU,RUS,643,150,Europe,Eastern Europe,RUS,"6,2,None|6,0,None",
3,Wimbledon,,https://www.wtatennis.com/tournaments/904/wimbledon/2016,Grand Slam,Grass,https://www.wtatennis.com/resources/v7.42.8/i/elements/gs-tag.svg,2016-06-27,2016-07-10,2016,6,Wimbledon,RUS,,GB,GBR,826,150,,Europe,Northern Europe,ENG,23.0,2000.0,3065820.0,128M/96Q/64D,The Championships,,Anastasia Pavlyuchenkova,21.0,https://www.wtatennis.com/resources/v7.42.8/i/elements/flags/rus.svg,Quarterfinals,W,"6-4, 6-4",https://www.wtatennis.com/players/313796/anastasia-pavlyuchenkova,False,False,False,False,False,False,False,2,True,20,12,8,RU,RUS,643,150,Europe,Eastern Europe,RUS,"6,4,None|6,4,None",
4,Wimbledon,,https://www.wtatennis.com/tournaments/904/wimbledon/2016,Grand Slam,Grass,https://www.wtatennis.com/resources/v7.42.8/i/elements/gs-tag.svg,2016-06-27,2016-07-10,2016,6,Wimbledon,RUS,,GB,GBR,826,150,,Europe,Northern Europe,ENG,14.0,2000.0,3065820.0,128M/96Q/64D,The Championships,,Svetlana Kuznetsova,13.0,https://www.wtatennis.com/resources/v7.42.8/i/elements/flags/rus.svg,Round of 16,W,"7-5, 6-0",https://www.wtatennis.com/players/110552/svetlana-kuznetsova,False,False,False,False,False,False,False,2,True,18,13,5,RU,RUS,643,150,Europe,Eastern Europe,RUS,"7,5,None|6,0,None",
5,Wimbledon,,https://www.wtatennis.com/tournaments/904/wimbledon/2016,Grand Slam,Grass,https://www.wtatennis.com/resources/v7.42.8/i/elements/gs-tag.svg,2016-06-27,2016-07-10,2016,6,Wimbledon,GER,,GB,GBR,826,150,,Europe,Northern Europe,ENG,43.0,2000.0,3065820.0,128M/96Q/64D,The Championships,,Annika Beck,,https://www.wtatennis.com/resources/v7.42.8/i/elements/flags/ger.svg,Round of 32,W,"6-3, 6-0",https://www.wtatennis.com/players/316979/annika-beck,False,False,False,False,False,False,False,2,True,15,12,3,DE,DEU,276,150,Europe,Central Europe,GER,"6,3,None|6,0,None",
6,Wimbledon,,https://www.wtatennis.com/tournaments/904/wimbledon/2016,Grand Slam,Grass,https://www.wtatennis.com/resources/v7.42.8/i/elements/gs-tag.svg,2016-06-27,2016-07-10,2016,6,Wimbledon,USA,,GB,GBR,826,150,United States of America|America|USA|US,Europe,Northern Europe,ENG,65.0,2000.0,3065820.0,128M/96Q/64D,The Championships,,Christina Mchale,,https://www.wtatennis.com/resources/v7.42.8/i/elements/flags/usa.svg,Round of 64,W,"6-7 (7), 6-2, 6-4",https://www.wtatennis.com/players/314917/christina-mchale,False,False,False,True,False,False,True,3,False,31,18,13,US,USA,840,019,America,Northern America,USA,"6,7,7|6,2,None|6,4,None",
7,Wimbledon,,https://www.wtatennis.com/tournaments/904/wimbledon/2016,Grand Slam,Grass,https://www.wtatennis.com/resources/v7.42.8/i/elements/gs-tag.svg,2016-06-27,2016-07-10,2016,6,Wimbledon,SUI,,GB,GBR,826,150,,Europe,Northern Europe,ENG,148.0,2000.0,3065820.0,128M/96Q/64D,The Championships,,Amra Sadikovic,,https://www.wtatennis.com/resources/v7.42.8/i/elements/flags/sui.svg,Round of 128,W,"6-2, 6-4",https://www.wtatennis.com/players/313355/amra-sadikovic,False,False,False,False,False,False,False,2,True,18,12,6,CH,CHE,756,150,Europe,Central Europe,SUI,"6,2,None|6,4,None",
1,Roland Garros,,https://www.wtatennis.com/tournaments/903/roland-garros/2016,Grand Slam,Clay,https://www.wtatennis.com/resources/v7.42.8/i/elements/gs-tag.svg,2016-05-22,2016-06-05,2016,5,Paris,ESP,,FR,FRA,250,150,Kingdom of Spain,Europe,Western Europe,FRA,4.0,1300.0,1077139.0,128M/96Q/64D,Championnats Internationaux De France,,Garbiñe Muguruza,4.0,https://www.wtatennis.com/resources/v7.42.8/i/elements/flags/esp.svg,Finals,L,"5-7, 4-6",https://www.wtatennis.com/players/316239/garbi-e-muguruza,False,False,False,False,False,False,False,2,False,22,9,13,ES,ESP,724,150,Europe,Southern Europe,ESP,"5,7,None|4,6,None",
2,Roland Garros,,https://www.wtatennis.com/tournaments/903/roland-garros/2016,Grand Slam,Clay,https://www.wtatennis.com/resources/v7.42.8/i/elements/gs-tag.svg,2016-05-22,2016-06-05,2016,5,Paris,NED,,FR,FRA,250,150,,Europe,Western Europe,FRA,58.0,1300.0,1077139.0,128M/96Q/64D,Championnats Internationaux De France,,Kiki Bertens,,https://www.wtatennis.com/resources/v7.42.8/i/elements/flags/ned.svg,Semifinals,W,"7-6 (7), 6-4",https://www.wtatennis.com/players/314584/kiki-bertens,False,False,False,True,False,False,True,2,True,23,13,10,NL,NLD,528,150,Europe,Western Europe,NED,"7,6,7|6,4,None",
3,Roland Garros,,https://www.wtatennis.com/tournaments/903/roland-garros/2016,Grand Slam,Clay,https://www.wtatennis.com/resources/v7.42.8/i/elements/gs-tag.svg,2016-05-22,2016-06-05,2016,5,Paris,KAZ,,FR,FRA,250,150,,Europe,Western Europe,FRA,60.0,1300.0,1077139.0,128M/96Q/64D,Championnats Internationaux De France,,Yulia Putintseva,,https://www.wtatennis.com/resources/v7.42.8/i/elements/flags/kaz.svg,Quarterfinals,W,"5-7, 6-4, 6-1",https://www.wtatennis.com/players/317683/yulia-putintseva,False,False,False,False,False,False,False,3,False,29,17,12,KZ,KAZ,398,142,Asia,Central Asia,KAZ,"5,7,None|6,4,None|6,1,None",
4,Roland Garros,,https://www.wtatennis.com/tournaments/903/roland-garros/2016,Grand Slam,Clay,https://www.wtatennis.com/resources/v7.42.8/i/elements/gs-tag.svg,2016-05-22,2016-06-05,2016,5,Paris,UKR,,FR,FRA,250,150,,Europe,Western Europe,FRA,20.0,1300.0,1077139.0,128M/96Q/64D,Championnats Internationaux De France,,Elina Svitolina,18.0,https://www.wtatennis.com/resources/v7.42.8/i/elements/flags/ukr.svg,Round of 16,W,"6-1, 6-1",https://www.wtatennis.com/players/316738/elina-svitolina,False,False,False,False,False,False,False,2,True,14,12,2,UA,UKR,804,150,Europe,Eastern Europe,UKR,"6,1,None|6,1,None",
5,Roland Garros,,https://www.wtatennis.com/tournaments/903/roland-garros/2016,Grand Slam,Clay,https://www.wtatennis.com/resources/v7.42.8/i/elements/gs-tag.svg,2016-05-22,2016-06-05,2016,5,Paris,FRA,,FR,FRA,250,150,,Europe,Western Europe,FRA,30.0,1300.0,1077139.0,128M/96Q/64D,Championnats Internationaux De France,,Kristina Mladenovic,26.0,https://www.wtatennis.com/resources/v7.42.8/i/elements/flags/fra.svg,Round of 32,W,"6-4, 7-6 (10)",https://www.wtatennis.com/players/315616/kristina-mladenovic,False,False,False,False,True,False,True,2,True,23,13,10,FR,FRA,250,150,Europe,Western Europe,FRA,"6,4,None|7,6,10",
6,Roland Garros,,https://www.wtatennis.com/tournaments/903/roland-garros/2016,Grand Slam,Clay,https://www.wtatennis.com/resources/v7.42.8/i/elements/gs-tag.svg,2016-05-22,2016-06-05,2016,5,Paris,BRA,,FR,FRA,250,150,,Europe,Western Europe,FRA,81.0,1300.0,1077139.0,128M/96Q/64D,Championnats Internationaux De France,,Teliana Pereira,,https://www.wtatennis.com/resources/v7.42.8/i/elements/flags/bra.svg,Round of 64,W,"6-2, 6-1",https://www.wtatennis.com/players/311647/teliana-pereira,False,False,False,False,False,False,False,2,True,15,12,3,BR,BRA,076,019,America,Eastern South America,BRA,"6,2,None|6,1,None",
7,Roland Garros,,https://www.wtatennis.com/tournaments/903/roland-garros/2016,Grand Slam,Clay,https://www.wtatennis.com/resources/v7.42.8/i/elements/gs-tag.svg,2016-05-22,2016-06-05,2016,5,Paris,SVK,,FR,FRA,250,150,,Europe,Western Europe,FRA,77.0,1300.0,1077139.0,128M/96Q/64D,Championnats Internationaux De France,,Magdalena Rybarikova,,https://www.wtatennis.com/resources/v7.42.8/i/elements/flags/svk.svg,Round of 128,W,"6-2, 6-0",https://www.wtatennis.com/players/312580/magdalena-rybarikova,False,False,False,False,False,False,False,2,True,14,12,2,SK,SVK,703,150,Europe,Central Europe,SVK,"6,2,None|6,0,None",
1,Internazionali Bnl D'Italia,,https://www.wtatennis.com/tournaments/709/rome/2016,Premier 5,Clay,https://www.wtatennis.com/resources/v7.42.8/i/elements/1000k-tag.svg,2016-05-09,2016-05-15,2016,5,Rome,USA,,IT,ITA,380,150,United States of America|America|USA|US,Europe,Southern Europe,ITA,24.0,900.0,535804.0,64M/32Q/32D,Internazionali Bnl D'Italia,,Madison Keys,,https://www.wtatennis.com/resources/v7.42.8/i/elements/flags/usa.svg,Finals,W,"7-6 (5), 6-3",https://www.wtatennis.com/players/316959/madison-keys,False,False,False,True,False,False,True,2,True,22,13,9,US,USA,840,019,America,Northern America,USA,"7,6,5|6,3,None",
2,Internazionali Bnl D'Italia,,https://www.wtatennis.com/tournaments/709/rome/2016,Premier 5,Clay,https://www.wtatennis.com/resources/v7.42.8/i/elements/1000k-tag.svg,2016-05-09,2016-05-15,2016,5,Rome,ROU,,IT,ITA,380,150,,Europe,Southern Europe,ITA,35.0,900.0,535804.0,64M/32Q/32D,Internazionali Bnl D'Italia,,Irina-Camelia Begu,,https://www.wtatennis.com/resources/v7.42.8/i/elements/flags/rou.svg,Semifinals,W,"6-4, 6-1",https://www.wtatennis.com/players/313169/irina-camelia-begu,False,False,False,False,False,False,False,2,True,17,12,5,RO,ROU,642,150,Europe,Southeastern Europe,ROU,"6,4,None|6,1,None",
3,Internazionali Bnl D'Italia,,https://www.wtatennis.com/tournaments/709/rome/2016,Premier 5,Clay,https://www.wtatennis.com/resources/v7.42.8/i/elements/1000k-tag.svg,2016-05-09,2016-05-15,2016,5,Rome,RUS,,IT,ITA,380,150,,Europe,Southern Europe,ITA,19.0,900.0,535804.0,64M/32Q/32D,Internazionali Bnl D'Italia,,Svetlana Kuznetsova,9.0,https://www.wtatennis.com/resources/v7.42.8/i/elements/flags/rus.svg,Quarterfinals,W,"6-2, 6-0",https://www.wtatennis.com/players/110552/svetlana-kuznetsova,False,False,False,False,False,False,False,2,True,14,12,2,RU,RUS,643,150,Europe,Eastern Europe,RUS,"6,2,None|6,0,None",
4,Internazionali Bnl D'Italia,,https://www.wtatennis.com/tournaments/709/rome/2016,Premier 5,Clay,https://www.wtatennis.com/resources/v7.42.8/i/elements/1000k-tag.svg,2016-05-09,2016-05-15,2016,5,Rome,USA,,IT,ITA,380,150,United States of America|America|USA|US,Europe,Southern Europe,ITA,56.0,900.0,535804.0,64M/32Q/32D,Internazionali Bnl D'Italia,,Christina Mchale,,https://www.wtatennis.com/resources/v7.42.8/i/elements/flags/usa.svg,Round of 16,W,"7-6 (7), 6-1",https://www.wtatennis.com/players/314917/christina-mchale,False,False,False,True,False,False,True,2,True,20,13,7,US,USA,840,019,America,Northern America,USA,"7,6,7|6,1,None",
5,Internazionali Bnl D'Italia,,https://www.wtatennis.com/tournaments/709/rome/2016,Premier 5,Clay,https://www.wtatennis.com/resources/v7.42.8/i/elements/1000k-tag.svg,2016-05-09,2016-05-15,2016,5,Rome,GER,,IT,ITA,380,150,,Europe,Southern Europe,ITA,50.0,900.0,535804.0,64M/32Q/32D,Internazionali Bnl D'Italia,,Anna-Lena Friedsam,,https://www.wtatennis.com/resources/v7.42.8/i/elements/flags/ger.svg,Round of 32,W,"6-4, 6-3",https://www.wtatennis.com/players/319091/anna-lena-friedsam,False,False,False,False,False,False,False,2,True,19,12,7,DE,DEU,276,150,Europe,Central Europe,GER,"6,4,None|6,3,None",
6,Internazionali Bnl D'Italia,,https://www.wtatennis.com/tournaments/709/rome/2016,Premier 5,Clay,https://www.wtatennis.com/resources/v7.42.8/i/elements/1000k-tag.svg,2016-05-09,2016-05-15,2016,5,Rome,,,IT,ITA,380,150,,Europe,Southern Europe,ITA,,900.0,535804.0,64M/32Q/32D,Internazionali Bnl D'Italia,,,,,Round of 64,,Bye,,False,False,True,False,False,False,False,0,False,0,0,0,,,,,,,,,
1,Miami Open Presented By Itau,,https://www.wtatennis.com/tournaments/902/miami/2016,Premier Mandatory,Hard,https://www.wtatennis.com/resources/v7.42.8/i/elements/1000k-tag.svg,2016-03-22,2016-04-03,2016,3,Miami,RUS,FL,US,USA,840,019,,America,Northern America,USA,19.0,120.0,67590.0,128M/48Q/32D,Miami Open Presented By Itau,,Svetlana Kuznetsova,15.0,https://www.wtatennis.com/resources/v7.42.8/i/elements/flags/rus.svg,Round of 16,L,"7-6 (3), 1-6, 2-6",https://www.wtatennis.com/players/110552/svetlana-kuznetsova,False,False,False,True,False,False,True,3,True,28,10,18,RU,RUS,643,150,Europe,Eastern Europe,RUS,"7,6,3|1,6,None|2,6,None",
2,Miami Open Presented By Itau,,https://www.wtatennis.com/tournaments/902/miami/2016,Premier Mandatory,Hard,https://www.wtatennis.com/resources/v7.42.8/i/elements/1000k-tag.svg,2016-03-22,2016-04-03,2016,3,Miami,KAZ,FL,US,USA,840,019,,America,Northern America,USA,97.0,120.0,67590.0,128M/48Q/32D,Miami Open Presented By Itau,,Zarina Diyas,,https://www.wtatennis.com/resources/v7.42.8/i/elements/flags/kaz.svg,Round of 32,W,"7-5, 6-3",https://www.wtatennis.com/players/315696/zarina-diyas,False,False,False,False,False,False,False,2,True,21,13,8,KZ,KAZ,398,142,Asia,Central Asia,KAZ,"7,5,None|6,3,None",
3,Miami Open Presented By Itau,,https://www.wtatennis.com/tournaments/902/miami/2016,Premier Mandatory,Hard,https://www.wtatennis.com/resources/v7.42.8/i/elements/1000k-tag.svg,2016-03-22,2016-04-03,2016,3,Miami,USA,FL,US,USA,840,019,United States of America|America|USA|US,America,Northern America,USA,56.0,120.0,67590.0,128M/48Q/32D,Miami Open Presented By Itau,,Christina Mchale,,https://www.wtatennis.com/resources/v7.42.8/i/elements/flags/usa.svg,Round of 64,W,"6-3, 5-7, 6-2",https://www.wtatennis.com/players/314917/christina-mchale,False,False,False,False,False,False,False,3,True,29,17,12,US,USA,840,019,America,Northern America,USA,"6,3,None|5,7,None|6,2,None",
4,Miami Open Presented By Itau,,https://www.wtatennis.com/tournaments/902/miami/2016,Premier Mandatory,Hard,https://www.wtatennis.com/resources/v7.42.8/i/elements/1000k-tag.svg,2016-03-22,2016-04-03,2016,3,Miami,,FL,US,USA,840,019,,America,Northern America,USA,,120.0,67590.0,128M/48Q/32D,Miami Open Presented By Itau,,,,,Round of 128,,Bye,,False,False,True,False,False,False,False,0,False,0,0,0,,,,,,,,,
1,Bnp Paribas Open,,https://www.wtatennis.com/tournaments/609/indian-wells/2016,Premier Mandatory,Hard,https://www.wtatennis.com/resources/v7.42.8/i/elements/1000k-tag.svg,2016-03-09,2016-03-20,2016,3,Indian Wells,BLR,CA,US,USA,840,019,,America,Northern America,USA,15.0,650.0,501815.0,128M/48Q/32D,Bnp Paribas Open,,Victoria Azarenka,13.0,https://www.wtatennis.com/resources/v7.42.8/i/elements/flags/blr.svg,Finals,L,"4-6, 4-6",https://www.wtatennis.com/players/312001/victoria-azarenka,False,False,False,False,False,False,False,2,False,20,8,12,BY,BLR,112,150,Europe,Eastern Europe,BLR,"4,6,None|4,6,None",
2,Bnp Paribas Open,,https://www.wtatennis.com/tournaments/609/indian-wells/2016,Premier Mandatory,Hard,https://www.wtatennis.com/resources/v7.42.8/i/elements/1000k-tag.svg,2016-03-09,2016-03-20,2016,3,Indian Wells,POL,CA,US,USA,840,019,,America,Northern America,USA,3.0,650.0,501815.0,128M/48Q/32D,Bnp Paribas Open,,Agnieszka Radwanska,3.0,https://www.wtatennis.com/resources/v7.42.8/i/elements/flags/pol.svg,Semifinals,W,"6-4, 7-6 (1)",https://www.wtatennis.com/players/312251/agnieszka-radwanska,False,False,False,False,True,False,True,2,True,23,13,10,PL,POL,616,150,Europe,Central Europe,POL,"6,4,None|7,6,1",
3,Bnp Paribas Open,,https://www.wtatennis.com/tournaments/609/indian-wells/2016,Premier Mandatory,Hard,https://www.wtatennis.com/resources/v7.42.8/i/elements/1000k-tag.svg,2016-03-09,2016-03-20,2016,3,Indian Wells,ROU,CA,US,USA,840,019,,America,Northern America,USA,5.0,650.0,501815.0,128M/48Q/32D,Bnp Paribas Open,,Simona Halep,5.0,https://www.wtatennis.com/resources/v7.42.8/i/elements/flags/rou.svg,Quarterfinals,W,"6-4, 6-3",https://www.wtatennis.com/players/314320/simona-halep,False,False,False,False,False,False,False,2,True,19,12,7,RO,ROU,642,150,Europe,Southeastern Europe,ROU,"6,4,None|6,3,None",
4,Bnp Paribas Open,,https://www.wtatennis.com/tournaments/609/indian-wells/2016,Premier Mandatory,Hard,https://www.wtatennis.com/resources/v7.42.8/i/elements/1000k-tag.svg,2016-03-09,2016-03-20,2016,3,Indian Wells,UKR,CA,US,USA,840,019,,America,Northern America,USA,70.0,650.0,501815.0,128M/48Q/32D,Bnp Paribas Open,,Kateryna Volodko,,https://www.wtatennis.com/resources/v7.42.8/i/elements/flags/ukr.svg,Round of 16,W,"6-2, 6-2",https://www.wtatennis.com/players/20702/kateryna-volodko,False,False,False,False,False,False,False,2,True,16,12,4,UA,UKR,804,150,Europe,Eastern Europe,UKR,"6,2,None|6,2,None",
5,Bnp Paribas Open,,https://www.wtatennis.com/tournaments/609/indian-wells/2016,Premier Mandatory,Hard,https://www.wtatennis.com/resources/v7.42.8/i/elements/1000k-tag.svg,2016-03-09,2016-03-20,2016,3,Indian Wells,KAZ,CA,US,USA,840,019,,America,Northern America,USA,56.0,650.0,501815.0,128M/48Q/32D,Bnp Paribas Open,,Yulia Putintseva,,https://www.wtatennis.com/resources/v7.42.8/i/elements/flags/kaz.svg,Round of 32,W,"7-6 (2), 6-0",https://www.wtatennis.com/players/317683/yulia-putintseva,False,False,False,True,False,False,True,2,True,19,13,6,KZ,KAZ,398,142,Asia,Central Asia,KAZ,"7,6,2|6,0,None",
6,Bnp Paribas Open,,https://www.wtatennis.com/tournaments/609/indian-wells/2016,Premier Mandatory,Hard,https://www.wtatennis.com/resources/v7.42.8/i/elements/1000k-tag.svg,2016-03-09,2016-03-20,2016,3,Indian Wells,GER,CA,US,USA,840,019,,America,Northern America,USA,79.0,650.0,501815.0,128M/48Q/32D,Bnp Paribas Open,,Laura Siegemund,,https://www.wtatennis.com/resources/v7.42.8/i/elements/flags/ger.svg,Round of 64,W,"6-2, 6-1",https://www.wtatennis.com/players/310926/laura-siegemund,False,False,False,False,False,False,False,2,True,15,12,3,DE,DEU,276,150,Europe,Central Europe,GER,"6,2,None|6,1,None",
7,Bnp Paribas Open,,https://www.wtatennis.com/tournaments/609/indian-wells/2016,Premier Mandatory,Hard,https://www.wtatennis.com/resources/v7.42.8/i/elements/1000k-tag.svg,2016-03-09,2016-03-20,2016,3,Indian Wells,,CA,US,USA,840,019,,America,Northern America,USA,,650.0,501815.0,128M/48Q/32D,Bnp Paribas Open,,,,,Round of 128,,Bye,,False,False,True,False,False,False,False,0,False,0,0,0,,,,,,,,,
1,Australian Open,,https://www.wtatennis.com/tournaments/901/australian-open/2016,Grand Slam,Hard,https://www.wtatennis.com/resources/v7.42.8/i/elements/gs-tag.svg,2016-01-18,2016-01-31,2016,1,Melbourne,GER,,AU,AUS,036,009,,Oceania,Australasia,AUS,6.0,1300.0,1276870.0,128M/128Q/64D,Australian Open,,Angelique Kerber,7.0,https://www.wtatennis.com/resources/v7.42.8/i/elements/flags/ger.svg,Finals,L,"4-6, 6-3, 4-6",https://www.wtatennis.com/players/311470/angelique-kerber,False,False,False,False,False,False,False,3,False,29,14,15,DE,DEU,276,150,Europe,Central Europe,GER,"4,6,None|6,3,None|4,6,None",
2,Australian Open,,https://www.wtatennis.com/tournaments/901/australian-open/2016,Grand Slam,Hard,https://www.wtatennis.com/resources/v7.42.8/i/elements/gs-tag.svg,2016-01-18,2016-01-31,2016,1,Melbourne,POL,,AU,AUS,036,009,,Oceania,Australasia,AUS,4.0,1300.0,1276870.0,128M/128Q/64D,Australian Open,,Agnieszka Radwanska,4.0,https://www.wtatennis.com/resources/v7.42.8/i/elements/flags/pol.svg,Semifinals,W,"6-0, 6-4",https://www.wtatennis.com/players/312251/agnieszka-radwanska,False,False,False,False,False,False,False,2,True,16,12,4,PL,POL,616,150,Europe,Central Europe,POL,"6,0,None|6,4,None",
3,Australian Open,,https://www.wtatennis.com/tournaments/901/australian-open/2016,Grand Slam,Hard,https://www.wtatennis.com/resources/v7.42.8/i/elements/gs-tag.svg,2016-01-18,2016-01-31,2016,1,Melbourne,RUS,,AU,AUS,036,009,,Oceania,Australasia,AUS,5.0,1300.0,1276870.0,128M/128Q/64D,Australian Open,,Maria Sharapova,5.0,https://www.wtatennis.com/resources/v7.42.8/i/elements/flags/rus.svg,Quarterfinals,W,"6-4, 6-1",https://www.wtatennis.com/players/310137/maria-sharapova,False,False,False,False,False,False,False,2,True,17,12,5,RU,RUS,643,150,Europe,Eastern Europe,RUS,"6,4,None|6,1,None",
4,Australian Open,,https://www.wtatennis.com/tournaments/901/australian-open/2016,Grand Slam,Hard,https://www.wtatennis.com/resources/v7.42.8/i/elements/gs-tag.svg,2016-01-18,2016-01-31,2016,1,Melbourne,RUS,,AU,AUS,036,009,,Oceania,Australasia,AUS,58.0,1300.0,1276870.0,128M/128Q/64D,Australian Open,,Margarita Gasparyan,,https://www.wtatennis.com/resources/v7.42.8/i/elements/flags/rus.svg,Round of 16,W,"6-2, 6-1",https://www.wtatennis.com/players/317938/margarita-gasparyan,False,False,False,False,False,False,False,2,True,15,12,3,RU,RUS,643,150,Europe,Eastern Europe,RUS,"6,2,None|6,1,None",
5,Australian Open,,https://www.wtatennis.com/tournaments/901/australian-open/2016,Grand Slam,Hard,https://www.wtatennis.com/resources/v7.42.8/i/elements/gs-tag.svg,2016-01-18,2016-01-31,2016,1,Melbourne,AUS,,AU,AUS,036,009,,Oceania,Australasia,AUS,69.0,1300.0,1276870.0,128M/128Q/64D,Australian Open,,Daria Kasatkina,,https://www.wtatennis.com/resources/v7.42.8/i/elements/flags/aus.svg,Round of 32,W,"6-1, 6-1",https://www.wtatennis.com/players/322082/daria-kasatkina,False,False,False,False,False,False,False,2,True,14,12,2,AU,AUS,036,009,Oceania,Australasia,AUS,"6,1,None|6,1,None",
6,Australian Open,,https://www.wtatennis.com/tournaments/901/australian-open/2016,Grand Slam,Hard,https://www.wtatennis.com/resources/v7.42.8/i/elements/gs-tag.svg,2016-01-18,2016-01-31,2016,1,Melbourne,TPE,,AU,AUS,036,009,,Oceania,Australasia,AUS,90.0,1300.0,1276870.0,128M/128Q/64D,Australian Open,,Su-Wei Hsieh,,https://www.wtatennis.com/resources/v7.42.8/i/elements/flags/tpe.svg,Round of 64,W,"6-1, 6-2",https://www.wtatennis.com/players/310053/su-wei-hsieh,False,False,False,False,False,False,False,2,True,15,12,3,,,,,,,TPE,"6,1,None|6,2,None",
7,Australian Open,,https://www.wtatennis.com/tournaments/901/australian-open/2016,Grand Slam,Hard,https://www.wtatennis.com/resources/v7.42.8/i/elements/gs-tag.svg,2016-01-18,2016-01-31,2016,1,Melbourne,ITA,,AU,AUS,036,009,,Oceania,Australasia,AUS,36.0,1300.0,1276870.0,128M/128Q/64D,Australian Open,,Camila Giorgi,,https://www.wtatennis.com/resources/v7.42.8/i/elements/flags/ita.svg,Round of 128,W,"6-4, 7-5",https://www.wtatennis.com/players/314610/camila-giorgi,False,False,False,False,False,False,False,2,True,22,13,9,IT,ITA,380,150,Europe,Southern Europe,ITA,"6,4,None|7,5,None",
1,Us Open,,https://www.wtatennis.com/tournaments/905/us-open/2015,Grand Slam,Hard,https://www.wtatennis.com/resources/v7.42.8/i/elements/gs-tag.svg,2015-08-31,2015-09-13,2015,8,New York,ITA,NY,US,USA,840,019,,America,Northern America,USA,43.0,780.0,789997.0,128M/128Q/64D,Us Open,,Roberta Vinci,,https://www.wtatennis.com/resources/v7.42.8/i/elements/flags/ita.svg,Semifinals,L,"6-2, 4-6, 4-6",https://www.wtatennis.com/players/220214/roberta-vinci,False,False,False,False,False,False,False,3,True,28,14,14,IT,ITA,380,150,Europe,Southern Europe,ITA,"6,2,None|4,6,None|4,6,None",
2,Us Open,,https://www.wtatennis.com/tournaments/905/us-open/2015,Grand Slam,Hard,https://www.wtatennis.com/resources/v7.42.8/i/elements/gs-tag.svg,2015-08-31,2015-09-13,2015,8,New York,USA,NY,US,USA,840,019,United States of America|America|USA|US,America,Northern America,USA,23.0,780.0,789997.0,128M/128Q/64D,Us Open,,Venus Williams,23.0,https://www.wtatennis.com/resources/v7.42.8/i/elements/flags/usa.svg,Quarterfinals,W,"6-2, 1-6, 6-3",https://www.wtatennis.com/players/230220/venus-williams,False,False,False,False,False,False,False,3,True,24,13,11,US,USA,840,019,America,Northern America,USA,"6,2,None|1,6,None|6,3,None",
3,Us Open,,https://www.wtatennis.com/tournaments/905/us-open/2015,Grand Slam,Hard,https://www.wtatennis.com/resources/v7.42.8/i/elements/gs-tag.svg,2015-08-31,2015-09-13,2015,8,New York,USA,NY,US,USA,840,019,United States of America|America|USA|US,America,Northern America,USA,19.0,780.0,789997.0,128M/128Q/64D,Us Open,,Madison Keys,19.0,https://www.wtatennis.com/resources/v7.42.8/i/elements/flags/usa.svg,Round of 16,W,"6-3, 6-3",https://www.wtatennis.com/players/316959/madison-keys,False,False,False,False,False,False,False,2,True,18,12,6,US,USA,840,019,America,Northern America,USA,"6,3,None|6,3,None",
4,Us Open,,https://www.wtatennis.com/tournaments/905/us-open/2015,Grand Slam,Hard,https://www.wtatennis.com/resources/v7.42.8/i/elements/gs-tag.svg,2015-08-31,2015-09-13,2015,8,New York,USA,NY,US,USA,840,019,United States of America|America|USA|US,America,Northern America,USA,101.0,780.0,789997.0,128M/128Q/64D,Us Open,,Bethanie Mattek-Sands,,https://www.wtatennis.com/resources/v7.42.8/i/elements/flags/usa.svg,Round of 32,W,"3-6, 7-5, 6-0",https://www.wtatennis.com/players/130713/bethanie-mattek-sands,False,False,False,False,False,False,False,3,False,27,16,11,US,USA,840,019,America,Northern America,USA,"3,6,None|7,5,None|6,0,None",
5,Us Open,,https://www.wtatennis.com/tournaments/905/us-open/2015,Grand Slam,Hard,https://www.wtatennis.com/resources/v7.42.8/i/elements/gs-tag.svg,2015-08-31,2015-09-13,2015,8,New York,NED,NY,US,USA,840,019,,America,Northern America,USA,110.0,780.0,789997.0,128M/128Q/64D,Us Open,,Kiki Bertens,,https://www.wtatennis.com/resources/v7.42.8/i/elements/flags/ned.svg,Round of 64,W,"7-6 (5), 6-3",https://www.wtatennis.com/players/314584/kiki-bertens,False,False,False,True,False,False,True,2,True,22,13,9,NL,NLD,528,150,Europe,Western Europe,NED,"7,6,5|6,3,None",
6,Us Open,,https://www.wtatennis.com/tournaments/905/us-open/2015,Grand Slam,Hard,https://www.wtatennis.com/resources/v7.42.8/i/elements/gs-tag.svg,2015-08-31,2015-09-13,2015,8,New York,RUS,NY,US,USA,840,019,,America,Northern America,USA,86.0,780.0,789997.0,128M/128Q/64D,Us Open,,Vitalia Diatchenko,,https://www.wtatennis.com/resources/v7.42.8/i/elements/flags/rus.svg,Round of 128,W,"6-0, 2-0",https://www.wtatennis.com/players/315030/vitalia-diatchenko,True,False,False,False,False,False,False,2,True,8,8,0,RU,RUS,643,150,Europe,Eastern Europe,RUS,"6,0,None|2,0,None|Ret",
1,Western & Southern Open,,https://www.wtatennis.com/tournaments/1017/cincinnati/2015,Premier 5,Hard,https://www.wtatennis.com/resources/v7.42.8/i/elements/1000k-tag.svg,2015-08-17,2015-08-23,2015,8,Cincinnati,ROU,OH,US,USA,840,019,,America,Northern America,USA,3.0,900.0,495000.0,64M/64Q/32D,Western & Southern Open,,Simona Halep,3.0,https://www.wtatennis.com/resources/v7.42.8/i/elements/flags/rou.svg,Finals,W,"6-3, 7-6 (5)",https://www.wtatennis.com/players/314320/simona-halep,False,False,False,False,True,False,True,2,True,22,13,9,RO,ROU,642,150,Europe,Southeastern Europe,ROU,"6,3,None|7,6,5",
2,Western & Southern Open,,https://www.wtatennis.com/tournaments/1017/cincinnati/2015,Premier 5,Hard,https://www.wtatennis.com/resources/v7.42.8/i/elements/1000k-tag.svg,2015-08-17,2015-08-23,2015,8,Cincinnati,UKR,OH,US,USA,840,019,,America,Northern America,USA,20.0,900.0,495000.0,64M/64Q/32D,Western & Southern Open,,Elina Svitolina,14.0,https://www.wtatennis.com/resources/v7.42.8/i/elements/flags/ukr.svg,Semifinals,W,"6-4, 6-3",https://www.wtatennis.com/players/316738/elina-svitolina,False,False,False,False,False,False,False,2,True,19,12,7,UA,UKR,804,150,Europe,Eastern Europe,UKR,"6,4,None|6,3,None",
3,Western & Southern Open,,https://www.wtatennis.com/tournaments/1017/cincinnati/2015,Premier 5,Hard,https://www.wtatennis.com/resources/v7.42.8/i/elements/1000k-tag.svg,2015-08-17,2015-08-23,2015,8,Cincinnati,SRB,OH,US,USA,840,019,,America,Northern America,USA,9.0,900.0,495000.0,64M/64Q/32D,Western & Southern Open,,Ana Ivanovic,6.0,https://www.wtatennis.com/resources/v7.42.8/i/elements/flags/srb.svg,Quarterfinals,W,"3-6, 6-4, 6-2",https://www.wtatennis.com/players/311710/ana-ivanovic,False,False,False,False,False,False,False,3,False,27,15,12,RS,SRB,688,150,Europe,Southeastern Europe,SRB,"3,6,None|6,4,None|6,2,None",
4,Western & Southern Open,,https://www.wtatennis.com/tournaments/1017/cincinnati/2015,Premier 5,Hard,https://www.wtatennis.com/resources/v7.42.8/i/elements/1000k-tag.svg,2015-08-17,2015-08-23,2015,8,Cincinnati,ITA,OH,US,USA,840,019,,America,Northern America,USA,35.0,900.0,495000.0,64M/64Q/32D,Western & Southern Open,,Karin Knapp,,https://www.wtatennis.com/resources/v7.42.8/i/elements/flags/ita.svg,Round of 16,W,"6-0, 6-2",https://www.wtatennis.com/players/311299/karin-knapp,False,False,False,False,False,False,False,2,True,14,12,2,IT,ITA,380,150,Europe,Southern Europe,ITA,"6,0,None|6,2,None",
5,Western & Southern Open,,https://www.wtatennis.com/tournaments/1017/cincinnati/2015,Premier 5,Hard,https://www.wtatennis.com/resources/v7.42.8/i/elements/1000k-tag.svg,2015-08-17,2015-08-23,2015,8,Cincinnati,BUL,OH,US,USA,840,019,,America,Northern America,USA,42.0,900.0,495000.0,64M/64Q/32D,Western & Southern Open,,Tsvetana Pironkova,,https://www.wtatennis.com/resources/v7.42.8/i/elements/flags/bul.svg,Round of 32,W,"7-5, 6-3",https://www.wtatennis.com/players/311041/tsvetana-pironkova,False,False,False,False,False,False,False,2,True,21,13,8,BG,BGR,100,150,Europe,Southeastern Europe,BUL,"7,5,None|6,3,None",
6,Western & Southern Open,,https://www.wtatennis.com/tournaments/1017/cincinnati/2015,Premier 5,Hard,https://www.wtatennis.com/resources/v7.42.8/i/elements/1000k-tag.svg,2015-08-17,2015-08-23,2015,8,Cincinnati,,OH,US,USA,840,019,,America,Northern America,USA,,900.0,495000.0,64M/64Q/32D,Western & Southern Open,,,,,Round of 64,,Bye,,False,False,True,False,False,False,False,0,False,0,0,0,,,,,,,,,
1,Rogers Cup Presented By National Bank,,https://www.wtatennis.com/tournaments/806/montreal/2015,Premier 5,Hard,https://www.wtatennis.com/resources/v7.42.8/i/elements/1000k-tag.svg,2015-08-10,2015-08-16,2015,8,Toronto,SUI,,CA,CAN,124,019,,America,Northern America,CAN,20.0,350.0,119330.0,64M/64Q/32D,Rogers Cup Presented By National Bank,,Belinda Bencic,,https://www.wtatennis.com/resources/v7.42.8/i/elements/flags/sui.svg,Semifinals,L,"6-3, 5-7, 4-6",https://www.wtatennis.com/players/319001/belinda-bencic,False,False,False,False,False,False,False,3,True,31,15,16,CH,CHE,756,150,Europe,Central Europe,SUI,"6,3,None|5,7,None|4,6,None",
2,Rogers Cup Presented By National Bank,,https://www.wtatennis.com/tournaments/806/montreal/2015,Premier 5,Hard,https://www.wtatennis.com/resources/v7.42.8/i/elements/1000k-tag.svg,2015-08-10,2015-08-16,2015,8,Toronto,ITA,,CA,CAN,124,019,,America,Northern America,CAN,53.0,350.0,119330.0,64M/64Q/32D,Rogers Cup Presented By National Bank,,Roberta Vinci,,https://www.wtatennis.com/resources/v7.42.8/i/elements/flags/ita.svg,Quarterfinals,W,"6-4, 6-3",https://www.wtatennis.com/players/220214/roberta-vinci,False,False,False,False,False,False,False,2,True,19,12,7,IT,ITA,380,150,Europe,Southern Europe,ITA,"6,4,None|6,3,None",
3,Rogers Cup Presented By National Bank,,https://www.wtatennis.com/tournaments/806/montreal/2015,Premier 5,Hard,https://www.wtatennis.com/resources/v7.42.8/i/elements/1000k-tag.svg,2015-08-10,2015-08-16,2015,8,Toronto,GER,,CA,CAN,124,019,,America,Northern America,CAN,16.0,350.0,119330.0,64M/64Q/32D,Rogers Cup Presented By National Bank,,Andrea Petkovic,16.0,https://www.wtatennis.com/resources/v7.42.8/i/elements/flags/ger.svg,Round of 16,W,"6-3, 6-2",https://www.wtatennis.com/players/310770/andrea-petkovic,False,False,False,False,False,False,False,2,True,17,12,5,DE,DEU,276,150,Europe,Central Europe,GER,"6,3,None|6,2,None",
4,Rogers Cup Presented By National Bank,,https://www.wtatennis.com/tournaments/806/montreal/2015,Premier 5,Hard,https://www.wtatennis.com/resources/v7.42.8/i/elements/1000k-tag.svg,2015-08-10,2015-08-16,2015,8,Toronto,ITA,,CA,CAN,124,019,,America,Northern America,CAN,26.0,350.0,119330.0,64M/64Q/32D,Rogers Cup Presented By National Bank,,Flavia Pennetta,,https://www.wtatennis.com/resources/v7.42.8/i/elements/flags/ita.svg,Round of 32,W,"2-6, 6-3, 6-0",https://www.wtatennis.com/players/160391/flavia-pennetta,False,False,False,False,False,False,False,3,False,23,14,9,IT,ITA,380,150,Europe,Southern Europe,ITA,"2,6,None|6,3,None|6,0,None",
5,Rogers Cup Presented By National Bank,,https://www.wtatennis.com/tournaments/806/montreal/2015,Premier 5,Hard,https://www.wtatennis.com/resources/v7.42.8/i/elements/1000k-tag.svg,2015-08-10,2015-08-16,2015,8,Toronto,,,CA,CAN,124,019,,America,Northern America,CAN,,350.0,119330.0,64M/64Q/32D,Rogers Cup Presented By National Bank,,,,,Round of 64,,Bye,,False,False,True,False,False,False,False,0,False,0,0,0,,,,,,,,,
1,Collector Swedish Open,,https://www.wtatennis.com/tournaments/1048/bastad/2015,International,Clay,https://www.wtatennis.com/resources/v7.42.8/i/elements/250k-tag.svg,2015-07-13,2015-07-19,2015,7,Bastad,CZE,,SE,SWE,752,150,,Europe,Northern Europe,SWE,105.0,30.0,3400.0,32M/32Q/16D,Collector Swedish Open,,Klara Koukalova,,https://www.wtatennis.com/resources/v7.42.8/i/elements/flags/cze.svg,Round of 16,L,Walkover,https://www.wtatennis.com/players/110492/klara-koukalova,False,True,False,False,False,False,False,0,False,0,0,0,CZ,CZE,203,150,Europe,Central Europe,CZE,,
2,Collector Swedish Open,,https://www.wtatennis.com/tournaments/1048/bastad/2015,International,Clay,https://www.wtatennis.com/resources/v7.42.8/i/elements/250k-tag.svg,2015-07-13,2015-07-19,2015,7,Bastad,BEL,,SE,SWE,752,150,,Europe,Northern Europe,SWE,215.0,30.0,3400.0,32M/32Q/16D,Collector Swedish Open,,Ysaline Bonaventure,,https://www.wtatennis.com/resources/v7.42.8/i/elements/flags/bel.svg,Round of 32,W,"6-2, 6-1",https://www.wtatennis.com/players/317317/ysaline-bonaventure,False,False,False,False,False,False,False,2,True,15,12,3,BE,BEL,056,150,Europe,Western Europe,BEL,"6,2,None|6,1,None",
1,Wimbledon,,https://www.wtatennis.com/tournaments/904/wimbledon/2015,Grand Slam,Grass,https://www.wtatennis.com/resources/v7.42.8/i/elements/gs-tag.svg,2015-06-29,2015-07-12,2015,6,Wimbledon,ESP,,GB,GBR,826,150,Kingdom of Spain,Europe,Northern Europe,ENG,20.0,2000.0,2999266.0,128M/128Q/64D,The Championships,,Garbiñe Muguruza,20.0,https://www.wtatennis.com/resources/v7.42.8/i/elements/flags/esp.svg,Finals,W,"6-4, 6-4",https://www.wtatennis.com/players/316239/garbi-e-muguruza,False,False,False,False,False,False,False,2,True,20,12,8,ES,ESP,724,150,Europe,Southern Europe,ESP,"6,4,None|6,4,None",
2,Wimbledon,,https://www.wtatennis.com/tournaments/904/wimbledon/2015,Grand Slam,Grass,https://www.wtatennis.com/resources/v7.42.8/i/elements/gs-tag.svg,2015-06-29,2015-07-12,2015,6,Wimbledon,RUS,,GB,GBR,826,150,,Europe,Northern Europe,ENG,4.0,2000.0,2999266.0,128M/128Q/64D,The Championships,,Maria Sharapova,4.0,https://www.wtatennis.com/resources/v7.42.8/i/elements/flags/rus.svg,Semifinals,W,"6-2, 6-4",https://www.wtatennis.com/players/310137/maria-sharapova,False,False,False,False,False,False,False,2,True,18,12,6,RU,RUS,643,150,Europe,Eastern Europe,RUS,"6,2,None|6,4,None",
3,Wimbledon,,https://www.wtatennis.com/tournaments/904/wimbledon/2015,Grand Slam,Grass,https://www.wtatennis.com/resources/v7.42.8/i/elements/gs-tag.svg,2015-06-29,2015-07-12,2015,6,Wimbledon,BLR,,GB,GBR,826,150,,Europe,Northern Europe,ENG,24.0,2000.0,2999266.0,128M/128Q/64D,The Championships,,Victoria Azarenka,23.0,https://www.wtatennis.com/resources/v7.42.8/i/elements/flags/blr.svg,Quarterfinals,W,"3-6, 6-2, 6-3",https://www.wtatennis.com/players/312001/victoria-azarenka,False,False,False,False,False,False,False,3,False,26,15,11,BY,BLR,112,150,Europe,Eastern Europe,BLR,"3,6,None|6,2,None|6,3,None",
4,Wimbledon,,https://www.wtatennis.com/tournaments/904/wimbledon/2015,Grand Slam,Grass,https://www.wtatennis.com/resources/v7.42.8/i/elements/gs-tag.svg,2015-06-29,2015-07-12,2015,6,Wimbledon,USA,,GB,GBR,826,150,United States of America|America|USA|US,Europe,Northern Europe,ENG,16.0,2000.0,2999266.0,128M/128Q/64D,The Championships,,Venus Williams,16.0,https://www.wtatennis.com/resources/v7.42.8/i/elements/flags/usa.svg,Round of 16,W,"6-4, 6-3",https://www.wtatennis.com/players/230220/venus-williams,False,False,False,False,False,False,False,2,True,19,12,7,US,USA,840,019,America,Northern America,USA,"6,4,None|6,3,None",
5,Wimbledon,,https://www.wtatennis.com/tournaments/904/wimbledon/2015,Grand Slam,Grass,https://www.wtatennis.com/resources/v7.42.8/i/elements/gs-tag.svg,2015-06-29,2015-07-12,2015,6,Wimbledon,GBR,,GB,GBR,826,150,Britain|UK|Great Britain|United Kingdom,Europe,Northern Europe,ENG,59.0,2000.0,2999266.0,128M/128Q/64D,The Championships,,Heather Watson,,https://www.wtatennis.com/resources/v7.42.8/i/elements/flags/gbr.svg,Round of 32,W,"6-2, 4-6, 7-5",https://www.wtatennis.com/players/316981/heather-watson,False,False,False,False,False,False,False,3,True,30,17,13,GB,GBR,826,150,Europe,Northern Europe,ENG,"6,2,None|4,6,None|7,5,None",
6,Wimbledon,,https://www.wtatennis.com/tournaments/904/wimbledon/2015,Grand Slam,Grass,https://www.wtatennis.com/resources/v7.42.8/i/elements/gs-tag.svg,2015-06-29,2015-07-12,2015,6,Wimbledon,HUN,,GB,GBR,826,150,,Europe,Northern Europe,ENG,93.0,2000.0,2999266.0,128M/128Q/64D,The Championships,,Timea Babos,,https://www.wtatennis.com/resources/v7.42.8/i/elements/flags/hun.svg,Round of 64,W,"6-4, 6-1",https://www.wtatennis.com/players/317070/timea-babos,False,False,False,False,False,False,False,2,True,17,12,5,HU,HUN,348,150,Europe,Central Europe,HUN,"6,4,None|6,1,None",
7,Wimbledon,,https://www.wtatennis.com/tournaments/904/wimbledon/2015,Grand Slam,Grass,https://www.wtatennis.com/resources/v7.42.8/i/elements/gs-tag.svg,2015-06-29,2015-07-12,2015,6,Wimbledon,RUS,,GB,GBR,826,150,,Europe,Northern Europe,ENG,113.0,2000.0,2999266.0,128M/128Q/64D,The Championships,,Margarita Gasparyan,,https://www.wtatennis.com/resources/v7.42.8/i/elements/flags/rus.svg,Round of 128,W,"6-4, 6-1",https://www.wtatennis.com/players/317938/margarita-gasparyan,False,False,False,False,False,False,False,2,True,17,12,5,RU,RUS,643,150,Europe,Eastern Europe,RUS,"6,4,None|6,1,None",
1,Roland Garros,,https://www.wtatennis.com/tournaments/903/roland-garros/2015,Grand Slam,Clay,https://www.wtatennis.com/resources/v7.42.8/i/elements/gs-tag.svg,2015-05-24,2015-06-07,2015,5,Paris,CZE,,FR,FRA,250,150,,Europe,Western Europe,FRA,13.0,2000.0,2148759.0,128M/128Q/64D,Championnats Internationaux De France,,Lucie Safarova,13.0,https://www.wtatennis.com/resources/v7.42.8/i/elements/flags/cze.svg,Finals,W,"6-3, 6-7 (2), 6-2",https://www.wtatennis.com/players/310553/lucie-safarova,False,False,False,False,True,False,True,3,True,30,18,12,CZ,CZE,203,150,Europe,Central Europe,CZE,"6,3,None|6,7,2|6,2,None",
2,Roland Garros,,https://www.wtatennis.com/tournaments/903/roland-garros/2015,Grand Slam,Clay,https://www.wtatennis.com/resources/v7.42.8/i/elements/gs-tag.svg,2015-05-24,2015-06-07,2015,5,Paris,SUI,,FR,FRA,250,150,,Europe,Western Europe,FRA,24.0,2000.0,2148759.0,128M/128Q/64D,Championnats Internationaux De France,,Timea Bacsinszky,23.0,https://www.wtatennis.com/resources/v7.42.8/i/elements/flags/sui.svg,Semifinals,W,"4-6, 6-3, 6-0",https://www.wtatennis.com/players/311579/timea-bacsinszky,False,False,False,False,False,False,False,3,False,25,16,9,CH,CHE,756,150,Europe,Central Europe,SUI,"4,6,None|6,3,None|6,0,None",
3,Roland Garros,,https://www.wtatennis.com/tournaments/903/roland-garros/2015,Grand Slam,Clay,https://www.wtatennis.com/resources/v7.42.8/i/elements/gs-tag.svg,2015-05-24,2015-06-07,2015,5,Paris,ITA,,FR,FRA,250,150,,Europe,Western Europe,FRA,17.0,2000.0,2148759.0,128M/128Q/64D,Championnats Internationaux De France,,Sara Errani,17.0,https://www.wtatennis.com/resources/v7.42.8/i/elements/flags/ita.svg,Quarterfinals,W,"6-1, 6-3",https://www.wtatennis.com/players/310761/sara-errani,False,False,False,False,False,False,False,2,True,16,12,4,IT,ITA,380,150,Europe,Southern Europe,ITA,"6,1,None|6,3,None",
4,Roland Garros,,https://www.wtatennis.com/tournaments/903/roland-garros/2015,Grand Slam,Clay,https://www.wtatennis.com/resources/v7.42.8/i/elements/gs-tag.svg,2015-05-24,2015-06-07,2015,5,Paris,USA,,FR,FRA,250,150,United States of America|America|USA|US,Europe,Western Europe,FRA,40.0,2000.0,2148759.0,128M/128Q/64D,Championnats Internationaux De France,,Sloane Stephens,,https://www.wtatennis.com/resources/v7.42.8/i/elements/flags/usa.svg,Round of 16,W,"1-6, 7-5, 6-3",https://www.wtatennis.com/players/315683/sloane-stephens,False,False,False,False,False,False,False,3,False,28,14,14,US,USA,840,019,America,Northern America,USA,"1,6,None|7,5,None|6,3,None",
5,Roland Garros,,https://www.wtatennis.com/tournaments/903/roland-garros/2015,Grand Slam,Clay,https://www.wtatennis.com/resources/v7.42.8/i/elements/gs-tag.svg,2015-05-24,2015-06-07,2015,5,Paris,BLR,,FR,FRA,250,150,,Europe,Western Europe,FRA,27.0,2000.0,2148759.0,128M/128Q/64D,Championnats Internationaux De France,,Victoria Azarenka,27.0,https://www.wtatennis.com/resources/v7.42.8/i/elements/flags/blr.svg,Round of 32,W,"3-6, 6-4, 6-2",https://www.wtatennis.com/players/312001/victoria-azarenka,False,False,False,False,False,False,False,3,False,27,15,12,BY,BLR,112,150,Europe,Eastern Europe,BLR,"3,6,None|6,4,None|6,2,None",
6,Roland Garros,,https://www.wtatennis.com/tournaments/903/roland-garros/2015,Grand Slam,Clay,https://www.wtatennis.com/resources/v7.42.8/i/elements/gs-tag.svg,2015-05-24,2015-06-07,2015,5,Paris,GER,,FR,FRA,250,150,,Europe,Western Europe,FRA,105.0,2000.0,2148759.0,128M/128Q/64D,Championnats Internationaux De France,,Anna-Lena Friedsam,,https://www.wtatennis.com/resources/v7.42.8/i/elements/flags/ger.svg,Round of 64,W,"5-7, 6-3, 6-3",https://www.wtatennis.com/players/319091/anna-lena-friedsam,False,False,False,False,False,False,False,3,False,30,17,13,DE,DEU,276,150,Europe,Central Europe,GER,"5,7,None|6,3,None|6,3,None",
7,Roland Garros,,https://www.wtatennis.com/tournaments/903/roland-garros/2015,Grand Slam,Clay,https://www.wtatennis.com/resources/v7.42.8/i/elements/gs-tag.svg,2015-05-24,2015-06-07,2015,5,Paris,CZE,,FR,FRA,250,150,,Europe,Western Europe,FRA,190.0,2000.0,2148759.0,128M/128Q/64D,Championnats Internationaux De France,,Andrea  Sestini Hlavackova,,https://www.wtatennis.com/resources/v7.42.8/i/elements/flags/cze.svg,Round of 128,W,"6-2, 6-3",https://www.wtatennis.com/players/80459/andrea-sestini-hlavackova,False,False,False,False,False,False,False,2,True,17,12,5,CZ,CZE,203,150,Europe,Central Europe,CZE,"6,2,None|6,3,None",
1,Internazionali Bnl D'Italia,,https://www.wtatennis.com/tournaments/709/rome/2015,Premier 5,Clay,https://www.wtatennis.com/resources/v7.42.8/i/elements/1000k-tag.svg,2015-05-11,2015-05-17,2015,5,Rome,USA,,IT,ITA,380,150,United States of America|America|USA|US,Europe,Southern Europe,ITA,65.0,105.0,28281.0,64M/32Q/32D,Internazionali Bnl D'Italia,,Christina Mchale,,https://www.wtatennis.com/resources/v7.42.8/i/elements/flags/usa.svg,Round of 16,L,Walkover,https://www.wtatennis.com/players/314917/christina-mchale,False,True,False,False,False,False,False,0,False,0,0,0,US,USA,840,019,America,Northern America,USA,,
2,Internazionali Bnl D'Italia,,https://www.wtatennis.com/tournaments/709/rome/2015,Premier 5,Clay,https://www.wtatennis.com/resources/v7.42.8/i/elements/1000k-tag.svg,2015-05-11,2015-05-17,2015,5,Rome,RUS,,IT,ITA,380,150,,Europe,Southern Europe,ITA,39.0,105.0,28281.0,64M/32Q/32D,Internazionali Bnl D'Italia,,Anastasia Pavlyuchenkova,,https://www.wtatennis.com/resources/v7.42.8/i/elements/flags/rus.svg,Round of 32,W,"6-1, 6-3",https://www.wtatennis.com/players/313796/anastasia-pavlyuchenkova,False,False,False,False,False,False,False,2,True,16,12,4,RU,RUS,643,150,Europe,Eastern Europe,RUS,"6,1,None|6,3,None",
3,Internazionali Bnl D'Italia,,https://www.wtatennis.com/tournaments/709/rome/2015,Premier 5,Clay,https://www.wtatennis.com/resources/v7.42.8/i/elements/1000k-tag.svg,2015-05-11,2015-05-17,2015,5,Rome,,,IT,ITA,380,150,,Europe,Southern Europe,ITA,,105.0,28281.0,64M/32Q/32D,Internazionali Bnl D'Italia,,,,,Round of 64,,Bye,,False,False,True,False,False,False,False,0,False,0,0,0,,,,,,,,,
1,Mutua Madrid Open,,https://www.wtatennis.com/tournaments/1038/madrid/2015,Premier Mandatory,Clay,https://www.wtatennis.com/resources/v7.42.8/i/elements/1000k-tag.svg,2015-05-02,2015-05-09,2015,5,Madrid,CZE,,ES,ESP,724,150,,Europe,Southern Europe,ESP,4.0,390.0,221210.0,64M/32Q/32D,Mutua Madrid Open,,Petra Kvitova,4.0,https://www.wtatennis.com/resources/v7.42.8/i/elements/flags/cze.svg,Semifinals,L,"2-6, 3-6",https://www.wtatennis.com/players/314206/petra-kvitova,False,False,False,False,False,False,False,2,False,17,5,12,CZ,CZE,203,150,Europe,Central Europe,CZE,"2,6,None|3,6,None",
2,Mutua Madrid Open,,https://www.wtatennis.com/tournaments/1038/madrid/2015,Premier Mandatory,Clay,https://www.wtatennis.com/resources/v7.42.8/i/elements/1000k-tag.svg,2015-05-02,2015-05-09,2015,5,Madrid,ESP,,ES,ESP,724,150,Kingdom of Spain,Europe,Southern Europe,ESP,12.0,390.0,221210.0,64M/32Q/32D,Mutua Madrid Open,,Carla Suárez Navarro,10.0,https://www.wtatennis.com/resources/v7.42.8/i/elements/flags/esp.svg,Quarterfinals,W,"6-1, 6-3",https://www.wtatennis.com/players/311338/carla-su-rez-navarro,False,False,False,False,False,False,False,2,True,16,12,4,ES,ESP,724,150,Europe,Southern Europe,ESP,"6,1,None|6,3,None",
3,Mutua Madrid Open,,https://www.wtatennis.com/tournaments/1038/madrid/2015,Premier Mandatory,Clay,https://www.wtatennis.com/resources/v7.42.8/i/elements/1000k-tag.svg,2015-05-02,2015-05-09,2015,5,Madrid,BLR,,ES,ESP,724,150,,Europe,Southern Europe,ESP,31.0,390.0,221210.0,64M/32Q/32D,Mutua Madrid Open,,Victoria Azarenka,,https://www.wtatennis.com/resources/v7.42.8/i/elements/flags/blr.svg,Round of 16,W,"7-6 (5), 3-6, 7-6 (1)",https://www.wtatennis.com/players/312001/victoria-azarenka,False,False,False,True,False,True,True,3,True,35,17,18,BY,BLR,112,150,Europe,Eastern Europe,BLR,"7,6,5|3,6,None|7,6,1",
4,Mutua Madrid Open,,https://www.wtatennis.com/tournaments/1038/madrid/2015,Premier Mandatory,Clay,https://www.wtatennis.com/resources/v7.42.8/i/elements/1000k-tag.svg,2015-05-02,2015-05-09,2015,5,Madrid,USA,,ES,ESP,724,150,United States of America|America|USA|US,Europe,Southern Europe,ESP,38.0,390.0,221210.0,64M/32Q/32D,Mutua Madrid Open,,Sloane Stephens,,https://www.wtatennis.com/resources/v7.42.8/i/elements/flags/usa.svg,Round of 32,W,"6-4, 6-0",https://www.wtatennis.com/players/315683/sloane-stephens,False,False,False,False,False,False,False,2,True,16,12,4,US,USA,840,019,America,Northern America,USA,"6,4,None|6,0,None",
5,Mutua Madrid Open,,https://www.wtatennis.com/tournaments/1038/madrid/2015,Premier Mandatory,Clay,https://www.wtatennis.com/resources/v7.42.8/i/elements/1000k-tag.svg,2015-05-02,2015-05-09,2015,5,Madrid,USA,,ES,ESP,724,150,United States of America|America|USA|US,Europe,Southern Europe,ESP,35.0,390.0,221210.0,64M/32Q/32D,Mutua Madrid Open,,Madison Brengle,,https://www.wtatennis.com/resources/v7.42.8/i/elements/flags/usa.svg,Round of 64,W,"6-0, 6-1",https://www.wtatennis.com/players/312328/madison-brengle,False,False,False,False,False,False,False,2,True,13,12,1,US,USA,840,019,America,Northern America,USA,"6,0,None|6,1,None",
1,Fed Cup World Group (Playoffs) Wk2,https://www.wtatennis.com/resources/v7.42.8/i/elements/itf.png,,ITF,Clay,https://www.wtatennis.com/resources/v7.42.8/i/elements/itf.png,2015-04-18,2015-04-19,2015,4,Brindisi,ITA,,IT,ITA,380,150,,Europe,Southern Europe,ITA,36.0,,,8M/0Q/2D,Fed Cup World Group (Playoffs) Wk2,,Camila Giorgi,,https://www.wtatennis.com/resources/v7.42.8/i/elements/flags/ita.svg,Round 2 R2,W,"7-6 (5), 6-2",https://www.wtatennis.com/players/314610/camila-giorgi,False,False,False,True,False,False,True,2,True,21,13,8,IT,ITA,380,150,Europe,Southern Europe,ITA,"7,6,5|6,2,None",
2,Fed Cup World Group (Playoffs) Wk2,https://www.wtatennis.com/resources/v7.42.8/i/elements/itf.png,,ITF,Clay,https://www.wtatennis.com/resources/v7.42.8/i/elements/itf.png,2015-04-18,2015-04-19,2015,4,Brindisi,ITA,,IT,ITA,380,150,,Europe,Southern Europe,ITA,15.0,,,8M/0Q/2D,Fed Cup World Group (Playoffs) Wk2,,Sara Errani,,https://www.wtatennis.com/resources/v7.42.8/i/elements/flags/ita.svg,Round 2 R2,W,"4-6, 7-6 (3), 6-3",https://www.wtatennis.com/players/310761/sara-errani,False,False,False,False,True,False,True,3,False,32,17,15,IT,ITA,380,150,Europe,Southern Europe,ITA,"4,6,None|7,6,3|6,3,None",
1,Miami Open Presented By Itau,,https://www.wtatennis.com/tournaments/902/miami/2015,Premier Mandatory,Hard,https://www.wtatennis.com/resources/v7.42.8/i/elements/1000k-tag.svg,2015-03-24,2015-04-05,2015,3,Miami,ESP,FL,US,USA,840,019,Kingdom of Spain,America,Northern America,USA,12.0,1000.0,900400.0,128M/64Q/32D,Miami Open Presented By Itau,,Carla Suárez Navarro,12.0,https://www.wtatennis.com/resources/v7.42.8/i/elements/flags/esp.svg,Finals,W,"6-2, 6-0",https://www.wtatennis.com/players/311338/carla-su-rez-navarro,False,False,False,False,False,False,False,2,True,14,12,2,ES,ESP,724,150,Europe,Southern Europe,ESP,"6,2,None|6,0,None",
2,Miami Open Presented By Itau,,https://www.wtatennis.com/tournaments/902/miami/2015,Premier Mandatory,Hard,https://www.wtatennis.com/resources/v7.42.8/i/elements/1000k-tag.svg,2015-03-24,2015-04-05,2015,3,Miami,ROU,FL,US,USA,840,019,,America,Northern America,USA,3.0,1000.0,900400.0,128M/64Q/32D,Miami Open Presented By Itau,,Simona Halep,3.0,https://www.wtatennis.com/resources/v7.42.8/i/elements/flags/rou.svg,Semifinals,W,"6-2, 4-6, 7-5",https://www.wtatennis.com/players/314320/simona-halep,False,False,False,False,False,False,False,3,True,30,17,13,RO,ROU,642,150,Europe,Southeastern Europe,ROU,"6,2,None|4,6,None|7,5,None",
3,Miami Open Presented By Itau,,https://www.wtatennis.com/tournaments/902/miami/2015,Premier Mandatory,Hard,https://www.wtatennis.com/resources/v7.42.8/i/elements/1000k-tag.svg,2015-03-24,2015-04-05,2015,3,Miami,GER,FL,US,USA,840,019,,America,Northern America,USA,21.0,1000.0,900400.0,128M/64Q/32D,Miami Open Presented By Itau,,Sabine Lisicki,27.0,https://www.wtatennis.com/resources/v7.42.8/i/elements/flags/ger.svg,Quarterfinals,W,"7-6 (4), 1-6, 6-3",https://www.wtatennis.com/players/312520/sabine-lisicki,False,False,False,True,False,False,True,3,True,29,14,15,DE,DEU,276,150,Europe,Central Europe,GER,"7,6,4|1,6,None|6,3,None",
4,Miami Open Presented By Itau,,https://www.wtatennis.com/tournaments/902/miami/2015,Premier Mandatory,Hard,https://www.wtatennis.com/resources/v7.42.8/i/elements/1000k-tag.svg,2015-03-24,2015-04-05,2015,3,Miami,RUS,FL,US,USA,840,019,,America,Northern America,USA,29.0,1000.0,900400.0,128M/64Q/32D,Miami Open Presented By Itau,,Svetlana Kuznetsova,24.0,https://www.wtatennis.com/resources/v7.42.8/i/elements/flags/rus.svg,Round of 16,W,"6-2, 6-3",https://www.wtatennis.com/players/110552/svetlana-kuznetsova,False,False,False,False,False,False,False,2,True,17,12,5,RU,RUS,643,150,Europe,Eastern Europe,RUS,"6,2,None|6,3,None",
5,Miami Open Presented By Itau,,https://www.wtatennis.com/tournaments/902/miami/2015,Premier Mandatory,Hard,https://www.wtatennis.com/resources/v7.42.8/i/elements/1000k-tag.svg,2015-03-24,2015-04-05,2015,3,Miami,USA,FL,US,USA,840,019,United States of America|America|USA|US,America,Northern America,USA,211.0,1000.0,900400.0,128M/64Q/32D,Miami Open Presented By Itau,,Catherine Bellis,,https://www.wtatennis.com/resources/v7.42.8/i/elements/flags/usa.svg,Round of 32,W,"6-1, 6-1",https://www.wtatennis.com/players/322526/catherine-bellis,False,False,False,False,False,False,False,2,True,14,12,2,US,USA,840,019,America,Northern America,USA,"6,1,None|6,1,None",
6,Miami Open Presented By Itau,,https://www.wtatennis.com/tournaments/902/miami/2015,Premier Mandatory,Hard,https://www.wtatennis.com/resources/v7.42.8/i/elements/1000k-tag.svg,2015-03-24,2015-04-05,2015,3,Miami,ROU,FL,US,USA,840,019,,America,Northern America,USA,70.0,1000.0,900400.0,128M/64Q/32D,Miami Open Presented By Itau,,Monica Niculescu,,https://www.wtatennis.com/resources/v7.42.8/i/elements/flags/rou.svg,Round of 64,W,"6-3, 6-1",https://www.wtatennis.com/players/310775/monica-niculescu,False,False,False,False,False,False,False,2,True,16,12,4,RO,ROU,642,150,Europe,Southeastern Europe,ROU,"6,3,None|6,1,None",
7,Miami Open Presented By Itau,,https://www.wtatennis.com/tournaments/902/miami/2015,Premier Mandatory,Hard,https://www.wtatennis.com/resources/v7.42.8/i/elements/1000k-tag.svg,2015-03-24,2015-04-05,2015,3,Miami,,FL,US,USA,840,019,,America,Northern America,USA,,1000.0,900400.0,128M/64Q/32D,Miami Open Presented By Itau,,,,,Round of 128,,Bye,,False,False,True,False,False,False,False,0,False,0,0,0,,,,,,,,,
1,Bnp Paribas Open,,https://www.wtatennis.com/tournaments/609/indian-wells/2015,Premier Mandatory,Hard,https://www.wtatennis.com/resources/v7.42.8/i/elements/1000k-tag.svg,2015-03-11,2015-03-22,2015,3,Indian Wells,ROU,CA,US,USA,840,019,,America,Northern America,USA,3.0,390.0,166250.0,128M/64Q/32D,Bnp Paribas Open,,Simona Halep,3.0,https://www.wtatennis.com/resources/v7.42.8/i/elements/flags/rou.svg,Semifinals,L,Walkover,https://www.wtatennis.com/players/314320/simona-halep,False,True,False,False,False,False,False,0,False,0,0,0,RO,ROU,642,150,Europe,Southeastern Europe,ROU,,W
2,Bnp Paribas Open,,https://www.wtatennis.com/tournaments/609/indian-wells/2015,Premier Mandatory,Hard,https://www.wtatennis.com/resources/v7.42.8/i/elements/1000k-tag.svg,2015-03-11,2015-03-22,2015,3,Indian Wells,SUI,CA,US,USA,840,019,,America,Northern America,USA,26.0,390.0,166250.0,128M/64Q/32D,Bnp Paribas Open,,Timea Bacsinszky,27.0,https://www.wtatennis.com/resources/v7.42.8/i/elements/flags/sui.svg,Quarterfinals,W,"7-5, 6-3",https://www.wtatennis.com/players/311579/timea-bacsinszky,False,False,False,False,False,False,False,2,True,21,13,8,CH,CHE,756,150,Europe,Central Europe,SUI,"7,5,None|6,3,None",W
3,Bnp Paribas Open,,https://www.wtatennis.com/tournaments/609/indian-wells/2015,Premier Mandatory,Hard,https://www.wtatennis.com/resources/v7.42.8/i/elements/1000k-tag.svg,2015-03-11,2015-03-22,2015,3,Indian Wells,USA,CA,US,USA,840,019,United States of America|America|USA|US,America,Northern America,USA,42.0,390.0,166250.0,128M/64Q/32D,Bnp Paribas Open,,Sloane Stephens,,https://www.wtatennis.com/resources/v7.42.8/i/elements/flags/usa.svg,Round of 16,W,"6-7 (3), 6-2, 6-2",https://www.wtatennis.com/players/315683/sloane-stephens,False,False,False,True,False,False,True,3,False,29,18,11,US,USA,840,019,America,Northern America,USA,"6,7,3|6,2,None|6,2,None",W
4,Bnp Paribas Open,,https://www.wtatennis.com/tournaments/609/indian-wells/2015,Premier Mandatory,Hard,https://www.wtatennis.com/resources/v7.42.8/i/elements/1000k-tag.svg,2015-03-11,2015-03-22,2015,3,Indian Wells,KAZ,CA,US,USA,840,019,,America,Northern America,USA,32.0,390.0,166250.0,128M/64Q/32D,Bnp Paribas Open,,Zarina Diyas,28.0,https://www.wtatennis.com/resources/v7.42.8/i/elements/flags/kaz.svg,Round of 32,W,"6-2, 6-0",https://www.wtatennis.com/players/315696/zarina-diyas,False,False,False,False,False,False,False,2,True,14,12,2,KZ,KAZ,398,142,Asia,Central Asia,KAZ,"6,2,None|6,0,None",W
5,Bnp Paribas Open,,https://www.wtatennis.com/tournaments/609/indian-wells/2015,Premier Mandatory,Hard,https://www.wtatennis.com/resources/v7.42.8/i/elements/1000k-tag.svg,2015-03-11,2015-03-22,2015,3,Indian Wells,ROU,CA,US,USA,840,019,,America,Northern America,USA,68.0,390.0,166250.0,128M/64Q/32D,Bnp Paribas Open,,Monica Niculescu,,https://www.wtatennis.com/resources/v7.42.8/i/elements/flags/rou.svg,Round of 64,W,"7-5, 7-5",https://www.wtatennis.com/players/310775/monica-niculescu,False,False,False,False,False,False,False,2,True,24,14,10,RO,ROU,642,150,Europe,Southeastern Europe,ROU,"7,5,None|7,5,None",W
6,Bnp Paribas Open,,https://www.wtatennis.com/tournaments/609/indian-wells/2015,Premier Mandatory,Hard,https://www.wtatennis.com/resources/v7.42.8/i/elements/1000k-tag.svg,2015-03-11,2015-03-22,2015,3,Indian Wells,,CA,US,USA,840,019,,America,Northern America,USA,,390.0,166250.0,128M/64Q/32D,Bnp Paribas Open,,,,,Round of 128,,Bye,,False,False,True,False,False,False,False,0,False,0,0,0,,,,,,,,,W
1,Fed Cup World Group Ii Week 1,https://www.wtatennis.com/resources/v7.42.8/i/elements/itf.png,,ITF,Clay,https://www.wtatennis.com/resources/v7.42.8/i/elements/itf.png,2015-02-07,2015-02-08,2015,2,Buenos Aires,ARG,,AR,ARG,032,019,,America,Southern South America,ARG,197.0,,,8M/0Q/2D,Fed Cup World Group Ii Week 1,,María Irigoyen,,https://www.wtatennis.com/resources/v7.42.8/i/elements/flags/arg.svg,Round 1 R1,W,"7-5, 6-0",https://www.wtatennis.com/players/313138/mar-a-irigoyen,False,False,False,False,False,False,False,2,True,18,13,5,AR,ARG,032,019,America,Southern South America,ARG,"7,5,None|6,0,None",
1,Australian Open,,https://www.wtatennis.com/tournaments/901/australian-open/2015,Grand Slam,Hard,https://www.wtatennis.com/resources/v7.42.8/i/elements/gs-tag.svg,2015-01-19,2015-01-31,2015,1,Melbourne,RUS,,AU,AUS,036,009,,Oceania,Australasia,AUS,2.0,2000.0,2710749.0,128M/128Q/64D,Australian Open,,Maria Sharapova,2.0,https://www.wtatennis.com/resources/v7.42.8/i/elements/flags/rus.svg,Finals,W,"6-3, 7-6 (5)",https://www.wtatennis.com/players/310137/maria-sharapova,False,False,False,False,True,False,True,2,True,22,13,9,RU,RUS,643,150,Europe,Eastern Europe,RUS,"6,3,None|7,6,5",
2,Australian Open,,https://www.wtatennis.com/tournaments/901/australian-open/2015,Grand Slam,Hard,https://www.wtatennis.com/resources/v7.42.8/i/elements/gs-tag.svg,2015-01-19,2015-01-31,2015,1,Melbourne,USA,,AU,AUS,036,009,United States of America|America|USA|US,Oceania,Australasia,AUS,35.0,2000.0,2710749.0,128M/128Q/64D,Australian Open,,Madison Keys,,https://www.wtatennis.com/resources/v7.42.8/i/elements/flags/usa.svg,Semifinals,W,"7-6 (5), 6-2",https://www.wtatennis.com/players/316959/madison-keys,False,False,False,True,False,False,True,2,True,21,13,8,US,USA,840,019,America,Northern America,USA,"7,6,5|6,2,None",
3,Australian Open,,https://www.wtatennis.com/tournaments/901/australian-open/2015,Grand Slam,Hard,https://www.wtatennis.com/resources/v7.42.8/i/elements/gs-tag.svg,2015-01-19,2015-01-31,2015,1,Melbourne,SVK,,AU,AUS,036,009,,Oceania,Australasia,AUS,10.0,2000.0,2710749.0,128M/128Q/64D,Australian Open,,Dominika Cibulkova,11.0,https://www.wtatennis.com/resources/v7.42.8/i/elements/flags/svk.svg,Quarterfinals,W,"6-2, 6-2",https://www.wtatennis.com/players/312894/dominika-cibulkova,False,False,False,False,False,False,False,2,True,16,12,4,SK,SVK,703,150,Europe,Central Europe,SVK,"6,2,None|6,2,None",
4,Australian Open,,https://www.wtatennis.com/tournaments/901/australian-open/2015,Grand Slam,Hard,https://www.wtatennis.com/resources/v7.42.8/i/elements/gs-tag.svg,2015-01-19,2015-01-31,2015,1,Melbourne,ESP,,AU,AUS,036,009,Kingdom of Spain,Oceania,Australasia,AUS,24.0,2000.0,2710749.0,128M/128Q/64D,Australian Open,,Garbiñe Muguruza,24.0,https://www.wtatennis.com/resources/v7.42.8/i/elements/flags/esp.svg,Round of 16,W,"2-6, 6-3, 6-2",https://www.wtatennis.com/players/316239/garbi-e-muguruza,False,False,False,False,False,False,False,3,False,25,14,11,ES,ESP,724,150,Europe,Southern Europe,ESP,"2,6,None|6,3,None|6,2,None",
5,Australian Open,,https://www.wtatennis.com/tournaments/901/australian-open/2015,Grand Slam,Hard,https://www.wtatennis.com/resources/v7.42.8/i/elements/gs-tag.svg,2015-01-19,2015-01-31,2015,1,Melbourne,UKR,,AU,AUS,036,009,,Oceania,Australasia,AUS,26.0,2000.0,2710749.0,128M/128Q/64D,Australian Open,,Elina Svitolina,26.0,https://www.wtatennis.com/resources/v7.42.8/i/elements/flags/ukr.svg,Round of 32,W,"4-6, 6-2, 6-0",https://www.wtatennis.com/players/316738/elina-svitolina,False,False,False,False,False,False,False,3,False,24,16,8,UA,UKR,804,150,Europe,Eastern Europe,UKR,"4,6,None|6,2,None|6,0,None",
6,Australian Open,,https://www.wtatennis.com/tournaments/901/australian-open/2015,Grand Slam,Hard,https://www.wtatennis.com/resources/v7.42.8/i/elements/gs-tag.svg,2015-01-19,2015-01-31,2015,1,Melbourne,RUS,,AU,AUS,036,009,,Oceania,Australasia,AUS,203.0,2000.0,2710749.0,128M/128Q/64D,Australian Open,,Vera Zvonareva,,https://www.wtatennis.com/resources/v7.42.8/i/elements/flags/rus.svg,Round of 64,W,"7-5, 6-0",https://www.wtatennis.com/players/260142/vera-zvonareva,False,False,False,False,False,False,False,2,True,18,13,5,RU,RUS,643,150,Europe,Eastern Europe,RUS,"7,5,None|6,0,None",
7,Australian Open,,https://www.wtatennis.com/tournaments/901/australian-open/2015,Grand Slam,Hard,https://www.wtatennis.com/resources/v7.42.8/i/elements/gs-tag.svg,2015-01-19,2015-01-31,2015,1,Melbourne,BEL,,AU,AUS,036,009,,Oceania,Australasia,AUS,106.0,2000.0,2710749.0,128M/128Q/64D,Australian Open,,Alison Van Uytvanck,,https://www.wtatennis.com/resources/v7.42.8/i/elements/flags/bel.svg,Round of 128,W,"6-0, 6-4",https://www.wtatennis.com/players/317819/alison-van-uytvanck,False,False,False,False,False,False,False,2,True,16,12,4,BE,BEL,056,150,Europe,Western Europe,BEL,"6,0,None|6,4,None",
1,Bnp Paribas Wta Finals Singapore Presented By Sc Global,,https://www.wtatennis.com/tournaments/808/wta-finals/2014,Finals,Hard,https://www.wtatennis.com/resources/v7.42.8/i/elements/finals-tag.svg,2014-10-20,2014-10-26,2014,10,Singapore,ROU,,SG,SGP,702,142,,Asia,Southeast Asia,SGP,4.0,1340.0,2047000.0,8M/0Q/8D,Bnp Paribas Wta Finals Singapore Presented By Sc Global,,Simona Halep,4.0,https://www.wtatennis.com/resources/v7.42.8/i/elements/flags/rou.svg,Finals,W,"6-3, 6-0",https://www.wtatennis.com/players/314320/simona-halep,False,False,False,False,False,False,False,2,True,15,12,3,RO,ROU,642,150,Europe,Southeastern Europe,ROU,"6,3,None|6,0,None",
2,Bnp Paribas Wta Finals Singapore Presented By Sc Global,,https://www.wtatennis.com/tournaments/808/wta-finals/2014,Finals,Hard,https://www.wtatennis.com/resources/v7.42.8/i/elements/finals-tag.svg,2014-10-20,2014-10-26,2014,10,Singapore,DEN,,SG,SGP,702,142,,Asia,Southeast Asia,SGP,8.0,1340.0,2047000.0,8M/0Q/8D,Bnp Paribas Wta Finals Singapore Presented By Sc Global,,Caroline Wozniacki,8.0,https://www.wtatennis.com/resources/v7.42.8/i/elements/flags/den.svg,Semifinals,W,"2-6, 6-3, 7-6 (6)",https://www.wtatennis.com/players/313402/caroline-wozniacki,False,False,False,False,False,True,True,3,False,30,15,15,DK,DNK,208,150,Europe,Northern Europe,DEN,"2,6,None|6,3,None|7,6,6",
3,Bnp Paribas Wta Finals Singapore Presented By Sc Global,,https://www.wtatennis.com/tournaments/808/wta-finals/2014,Finals,Hard,https://www.wtatennis.com/resources/v7.42.8/i/elements/finals-tag.svg,2014-10-20,2014-10-26,2014,10,Singapore,SRB,,SG,SGP,702,142,,Asia,Southeast Asia,SGP,7.0,1340.0,2047000.0,8M/0Q/8D,Bnp Paribas Wta Finals Singapore Presented By Sc Global,,Ana Ivanovic,7.0,https://www.wtatennis.com/resources/v7.42.8/i/elements/flags/srb.svg,Group Stage Group,W,"6-4, 6-4",https://www.wtatennis.com/players/311710/ana-ivanovic,False,False,False,False,False,False,False,2,True,20,12,8,RS,SRB,688,150,Europe,Southeastern Europe,SRB,"6,4,None|6,4,None",
4,Bnp Paribas Wta Finals Singapore Presented By Sc Global,,https://www.wtatennis.com/tournaments/808/wta-finals/2014,Finals,Hard,https://www.wtatennis.com/resources/v7.42.8/i/elements/finals-tag.svg,2014-10-20,2014-10-26,2014,10,Singapore,ROU,,SG,SGP,702,142,,Asia,Southeast Asia,SGP,4.0,1340.0,2047000.0,8M/0Q/8D,Bnp Paribas Wta Finals Singapore Presented By Sc Global,,Simona Halep,4.0,https://www.wtatennis.com/resources/v7.42.8/i/elements/flags/rou.svg,Group Stage Group,L,"0-6, 2-6",https://www.wtatennis.com/players/314320/simona-halep,False,False,False,False,False,False,False,2,False,14,2,12,RO,ROU,642,150,Europe,Southeastern Europe,ROU,"0,6,None|2,6,None",
5,Bnp Paribas Wta Finals Singapore Presented By Sc Global,,https://www.wtatennis.com/tournaments/808/wta-finals/2014,Finals,Hard,https://www.wtatennis.com/resources/v7.42.8/i/elements/finals-tag.svg,2014-10-20,2014-10-26,2014,10,Singapore,CAN,,SG,SGP,702,142,,Asia,Southeast Asia,SGP,5.0,1340.0,2047000.0,8M/0Q/8D,Bnp Paribas Wta Finals Singapore Presented By Sc Global,,Eugenie Bouchard,5.0,https://www.wtatennis.com/resources/v7.42.8/i/elements/flags/can.svg,Group Stage Group,W,"6-1, 6-1",https://www.wtatennis.com/players/316161/eugenie-bouchard,False,False,False,False,False,False,False,2,True,14,12,2,CA,CAN,124,019,America,Northern America,CAN,"6,1,None|6,1,None",
1,China Open 2014,,https://www.wtatennis.com/tournaments/1020/beijing/2014,Premier Mandatory,Hard,https://www.wtatennis.com/resources/v7.42.8/i/elements/1000k-tag.svg,2014-09-27,2014-10-05,2014,9,Beijing,AUS,,CN,CHN,156,142,,Asia,East Asia,CHN,21.0,215.0,109700.0,64M/32Q/32D,China Open 2014,,Samantha Stosur,,https://www.wtatennis.com/resources/v7.42.8/i/elements/flags/aus.svg,Quarterfinals,L,Walkover,https://www.wtatennis.com/players/190787/samantha-stosur,False,True,False,False,False,False,False,0,False,0,0,0,AU,AUS,036,009,Oceania,Australasia,AUS,,
2,China Open 2014,,https://www.wtatennis.com/tournaments/1020/beijing/2014,Premier Mandatory,Hard,https://www.wtatennis.com/resources/v7.42.8/i/elements/1000k-tag.svg,2014-09-27,2014-10-05,2014,9,Beijing,CZE,,CN,CHN,156,142,,Asia,East Asia,CHN,15.0,215.0,109700.0,64M/32Q/32D,China Open 2014,,Lucie Safarova,13.0,https://www.wtatennis.com/resources/v7.42.8/i/elements/flags/cze.svg,Round of 16,W,"6-1, 1-6, 6-2",https://www.wtatennis.com/players/310553/lucie-safarova,False,False,False,False,False,False,False,3,True,22,13,9,CZ,CZE,203,150,Europe,Central Europe,CZE,"6,1,None|1,6,None|6,2,None",
3,China Open 2014,,https://www.wtatennis.com/tournaments/1020/beijing/2014,Premier Mandatory,Hard,https://www.wtatennis.com/resources/v7.42.8/i/elements/1000k-tag.svg,2014-09-27,2014-10-05,2014,9,Beijing,BUL,,CN,CHN,156,142,,Asia,East Asia,CHN,51.0,215.0,109700.0,64M/32Q/32D,China Open 2014,,Tsvetana Pironkova,,https://www.wtatennis.com/resources/v7.42.8/i/elements/flags/bul.svg,Round of 32,W,"6-2, 6-3",https://www.wtatennis.com/players/311041/tsvetana-pironkova,False,False,False,False,False,False,False,2,True,17,12,5,BG,BGR,100,150,Europe,Southeastern Europe,BUL,"6,2,None|6,3,None",
4,China Open 2014,,https://www.wtatennis.com/tournaments/1020/beijing/2014,Premier Mandatory,Hard,https://www.wtatennis.com/resources/v7.42.8/i/elements/1000k-tag.svg,2014-09-27,2014-10-05,2014,9,Beijing,ESP,,CN,CHN,156,142,Kingdom of Spain,Asia,East Asia,CHN,70.0,215.0,109700.0,64M/32Q/32D,China Open 2014,,Sílvia Soler-Espinosa,,https://www.wtatennis.com/resources/v7.42.8/i/elements/flags/esp.svg,Round of 64,W,"7-5, 6-2",https://www.wtatennis.com/players/311493/s-lvia-soler-espinosa,False,False,False,False,False,False,False,2,True,20,13,7,ES,ESP,724,150,Europe,Southern Europe,ESP,"7,5,None|6,2,None",
1,2014 Dongfeng Motor Wuhan Open,,https://www.wtatennis.com/tournaments/1075/wuhan/2014,Premier 5,Hard,https://www.wtatennis.com/resources/v7.42.8/i/elements/1000k-tag.svg,2014-09-21,2014-09-27,2014,9,Wuhan,FRA,,CN,CHN,156,142,,Asia,East Asia,CHN,21.0,1.0,12900.0,64M/32Q/32D,2014 Dongfeng Motor Wuhan Open,,Alizé Cornet,,https://www.wtatennis.com/resources/v7.42.8/i/elements/flags/fra.svg,Round of 32,L,6-5,https://www.wtatennis.com/players/312121/aliz-cornet,True,False,False,False,False,False,False,1,True,11,6,5,FR,FRA,250,150,Europe,Western Europe,FRA,"6,5,None|Ret",
2,2014 Dongfeng Motor Wuhan Open,,https://www.wtatennis.com/tournaments/1075/wuhan/2014,Premier 5,Hard,https://www.wtatennis.com/resources/v7.42.8/i/elements/1000k-tag.svg,2014-09-21,2014-09-27,2014,9,Wuhan,,,CN,CHN,156,142,,Asia,East Asia,CHN,,1.0,12900.0,64M/32Q/32D,2014 Dongfeng Motor Wuhan Open,,,,,Round of 64,,Bye,,False,False,True,False,False,False,False,0,False,0,0,0,,,,,,,,,
1,Us Open,,https://www.wtatennis.com/tournaments/905/us-open/2014,Grand Slam,Hard,https://www.wtatennis.com/resources/v7.42.8/i/elements/gs-tag.svg,2014-08-25,2014-09-07,2014,8,New York,DEN,NY,US,USA,840,019,,America,Northern America,USA,11.0,2000.0,3952946.0,128M/128Q/64D,Us Open,,Caroline Wozniacki,10.0,https://www.wtatennis.com/resources/v7.42.8/i/elements/flags/den.svg,Finals,W,"6-3, 6-3",https://www.wtatennis.com/players/313402/caroline-wozniacki,False,False,False,False,False,False,False,2,True,18,12,6,DK,DNK,208,150,Europe,Northern Europe,DEN,"6,3,None|6,3,None",
2,Us Open,,https://www.wtatennis.com/tournaments/905/us-open/2014,Grand Slam,Hard,https://www.wtatennis.com/resources/v7.42.8/i/elements/gs-tag.svg,2014-08-25,2014-09-07,2014,8,New York,RUS,NY,US,USA,840,019,,America,Northern America,USA,18.0,2000.0,3952946.0,128M/128Q/64D,Us Open,,Ekaterina Makarova,17.0,https://www.wtatennis.com/resources/v7.42.8/i/elements/flags/rus.svg,Semifinals,W,"6-1, 6-3",https://www.wtatennis.com/players/311604/ekaterina-makarova,False,False,False,False,False,False,False,2,True,16,12,4,RU,RUS,643,150,Europe,Eastern Europe,RUS,"6,1,None|6,3,None",
3,Us Open,,https://www.wtatennis.com/tournaments/905/us-open/2014,Grand Slam,Hard,https://www.wtatennis.com/resources/v7.42.8/i/elements/gs-tag.svg,2014-08-25,2014-09-07,2014,8,New York,ITA,NY,US,USA,840,019,,America,Northern America,USA,12.0,2000.0,3952946.0,128M/128Q/64D,Us Open,,Flavia Pennetta,11.0,https://www.wtatennis.com/resources/v7.42.8/i/elements/flags/ita.svg,Quarterfinals,W,"6-3, 6-2",https://www.wtatennis.com/players/160391/flavia-pennetta,False,False,False,False,False,False,False,2,True,17,12,5,IT,ITA,380,150,Europe,Southern Europe,ITA,"6,3,None|6,2,None",
4,Us Open,,https://www.wtatennis.com/tournaments/905/us-open/2014,Grand Slam,Hard,https://www.wtatennis.com/resources/v7.42.8/i/elements/gs-tag.svg,2014-08-25,2014-09-07,2014,8,New York,EST,NY,US,USA,840,019,,America,Northern America,USA,50.0,2000.0,3952946.0,128M/128Q/64D,Us Open,,Kaia Kanepi,,https://www.wtatennis.com/resources/v7.42.8/i/elements/flags/est.svg,Round of 16,W,"6-3, 6-3",https://www.wtatennis.com/players/110536/kaia-kanepi,False,False,False,False,False,False,False,2,True,18,12,6,EE,EST,233,150,Europe,Northern Europe,EST,"6,3,None|6,3,None",
5,Us Open,,https://www.wtatennis.com/tournaments/905/us-open/2014,Grand Slam,Hard,https://www.wtatennis.com/resources/v7.42.8/i/elements/gs-tag.svg,2014-08-25,2014-09-07,2014,8,New York,USA,NY,US,USA,840,019,United States of America|America|USA|US,America,Northern America,USA,52.0,2000.0,3952946.0,128M/128Q/64D,Us Open,,Varvara Lepchenko,,https://www.wtatennis.com/resources/v7.42.8/i/elements/flags/usa.svg,Round of 32,W,"6-3, 6-3",https://www.wtatennis.com/players/120420/varvara-lepchenko,False,False,False,False,False,False,False,2,True,18,12,6,US,USA,840,019,America,Northern America,USA,"6,3,None|6,3,None",
6,Us Open,,https://www.wtatennis.com/tournaments/905/us-open/2014,Grand Slam,Hard,https://www.wtatennis.com/resources/v7.42.8/i/elements/gs-tag.svg,2014-08-25,2014-09-07,2014,8,New York,USA,NY,US,USA,840,019,United States of America|America|USA|US,America,Northern America,USA,81.0,2000.0,3952946.0,128M/128Q/64D,Us Open,,Vania King,,https://www.wtatennis.com/resources/v7.42.8/i/elements/flags/usa.svg,Round of 64,W,"6-1, 6-0",https://www.wtatennis.com/players/311550/vania-king,False,False,False,False,False,False,False,2,True,13,12,1,US,USA,840,019,America,Northern America,USA,"6,1,None|6,0,None",
7,Us Open,,https://www.wtatennis.com/tournaments/905/us-open/2014,Grand Slam,Hard,https://www.wtatennis.com/resources/v7.42.8/i/elements/gs-tag.svg,2014-08-25,2014-09-07,2014,8,New York,USA,NY,US,USA,840,019,United States of America|America|USA|US,America,Northern America,USA,103.0,2000.0,3952946.0,128M/128Q/64D,Us Open,,Taylor Townsend,,https://www.wtatennis.com/resources/v7.42.8/i/elements/flags/usa.svg,Round of 128,W,"6-3, 6-1",https://www.wtatennis.com/players/318609/taylor-townsend,False,False,False,False,False,False,False,2,True,16,12,4,US,USA,840,019,America,Northern America,USA,"6,3,None|6,1,None",
1,Western & Southern Open,,https://www.wtatennis.com/tournaments/1017/cincinnati/2014,Premier 5,Hard,https://www.wtatennis.com/resources/v7.42.8/i/elements/1000k-tag.svg,2014-08-11,2014-08-17,2014,8,Cincinnati,SRB,OH,US,USA,840,019,,America,Northern America,USA,11.0,900.0,467300.0,64M/64Q/32D,Western & Southern Open,,Ana Ivanovic,9.0,https://www.wtatennis.com/resources/v7.42.8/i/elements/flags/srb.svg,Finals,W,"6-4, 6-1",https://www.wtatennis.com/players/311710/ana-ivanovic,False,False,False,False,False,False,False,2,True,17,12,5,RS,SRB,688,150,Europe,Southeastern Europe,SRB,"6,4,None|6,1,None",
2,Western & Southern Open,,https://www.wtatennis.com/tournaments/1017/cincinnati/2014,Premier 5,Hard,https://www.wtatennis.com/resources/v7.42.8/i/elements/1000k-tag.svg,2014-08-11,2014-08-17,2014,8,Cincinnati,DEN,OH,US,USA,840,019,,America,Northern America,USA,12.0,900.0,467300.0,64M/64Q/32D,Western & Southern Open,,Caroline Wozniacki,12.0,https://www.wtatennis.com/resources/v7.42.8/i/elements/flags/den.svg,Semifinals,W,"2-6, 6-2, 6-4",https://www.wtatennis.com/players/313402/caroline-wozniacki,False,False,False,False,False,False,False,3,False,26,14,12,DK,DNK,208,150,Europe,Northern Europe,DEN,"2,6,None|6,2,None|6,4,None",
3,Western & Southern Open,,https://www.wtatennis.com/tournaments/1017/cincinnati/2014,Premier 5,Hard,https://www.wtatennis.com/resources/v7.42.8/i/elements/1000k-tag.svg,2014-08-11,2014-08-17,2014,8,Cincinnati,SRB,OH,US,USA,840,019,,America,Northern America,USA,9.0,900.0,467300.0,64M/64Q/32D,Western & Southern Open,,Jelena Jankovic,8.0,https://www.wtatennis.com/resources/v7.42.8/i/elements/flags/srb.svg,Quarterfinals,W,"6-1, 6-3",https://www.wtatennis.com/players/100153/jelena-jankovic,False,False,False,False,False,False,False,2,True,16,12,4,RS,SRB,688,150,Europe,Southeastern Europe,SRB,"6,1,None|6,3,None",
4,Western & Southern Open,,https://www.wtatennis.com/tournaments/1017/cincinnati/2014,Premier 5,Hard,https://www.wtatennis.com/resources/v7.42.8/i/elements/1000k-tag.svg,2014-08-11,2014-08-17,2014,8,Cincinnati,ITA,OH,US,USA,840,019,,America,Northern America,USA,14.0,900.0,467300.0,64M/64Q/32D,Western & Southern Open,,Flavia Pennetta,13.0,https://www.wtatennis.com/resources/v7.42.8/i/elements/flags/ita.svg,Round of 16,W,"6-2, 6-2",https://www.wtatennis.com/players/160391/flavia-pennetta,False,False,False,False,False,False,False,2,True,16,12,4,IT,ITA,380,150,Europe,Southern Europe,ITA,"6,2,None|6,2,None",
5,Western & Southern Open,,https://www.wtatennis.com/tournaments/1017/cincinnati/2014,Premier 5,Hard,https://www.wtatennis.com/resources/v7.42.8/i/elements/1000k-tag.svg,2014-08-11,2014-08-17,2014,8,Cincinnati,AUS,OH,US,USA,840,019,,America,Northern America,USA,22.0,900.0,467300.0,64M/64Q/32D,Western & Southern Open,,Samantha Stosur,,https://www.wtatennis.com/resources/v7.42.8/i/elements/flags/aus.svg,Round of 32,W,"7-6 (7), 7-6 (7)",https://www.wtatennis.com/players/190787/samantha-stosur,False,False,False,True,True,False,True,2,True,26,14,12,AU,AUS,036,009,Oceania,Australasia,AUS,"7,6,7|7,6,7",
6,Western & Southern Open,,https://www.wtatennis.com/tournaments/1017/cincinnati/2014,Premier 5,Hard,https://www.wtatennis.com/resources/v7.42.8/i/elements/1000k-tag.svg,2014-08-11,2014-08-17,2014,8,Cincinnati,,OH,US,USA,840,019,,America,Northern America,USA,,900.0,467300.0,64M/64Q/32D,Western & Southern Open,,,,,Round of 64,,Bye,,False,False,True,False,False,False,False,0,False,0,0,0,,,,,,,,,
1,Coupe Rogers Présentée Par Banque Nationale,,https://www.wtatennis.com/tournaments/806/montreal/2014,Premier 5,Hard,https://www.wtatennis.com/resources/v7.42.8/i/elements/1000k-tag.svg,2014-08-04,2014-08-10,2014,8,Montreal,USA,,CA,CAN,124,019,United States of America|America|USA|US,America,Northern America,CAN,26.0,350.0,107400.0,64M/64Q/32D,Coupe Rogers Présentée Par Banque Nationale,,Venus Williams,,https://www.wtatennis.com/resources/v7.42.8/i/elements/flags/usa.svg,Semifinals,L,"7-6 (2), 2-6, 3-6",https://www.wtatennis.com/players/230220/venus-williams,False,False,False,True,False,False,True,3,True,30,12,18,US,USA,840,019,America,Northern America,USA,"7,6,2|2,6,None|3,6,None",
2,Coupe Rogers Présentée Par Banque Nationale,,https://www.wtatennis.com/tournaments/806/montreal/2014,Premier 5,Hard,https://www.wtatennis.com/resources/v7.42.8/i/elements/1000k-tag.svg,2014-08-04,2014-08-10,2014,8,Montreal,DEN,,CA,CAN,124,019,,America,Northern America,CAN,13.0,350.0,107400.0,64M/64Q/32D,Coupe Rogers Présentée Par Banque Nationale,,Caroline Wozniacki,11.0,https://www.wtatennis.com/resources/v7.42.8/i/elements/flags/den.svg,Quarterfinals,W,"4-6, 7-5, 7-5",https://www.wtatennis.com/players/313402/caroline-wozniacki,False,False,False,False,False,False,False,3,False,34,18,16,DK,DNK,208,150,Europe,Northern Europe,DEN,"4,6,None|7,5,None|7,5,None",
3,Coupe Rogers Présentée Par Banque Nationale,,https://www.wtatennis.com/tournaments/806/montreal/2014,Premier 5,Hard,https://www.wtatennis.com/resources/v7.42.8/i/elements/1000k-tag.svg,2014-08-04,2014-08-10,2014,8,Montreal,CZE,,CA,CAN,124,019,,America,Northern America,CAN,17.0,350.0,107400.0,64M/64Q/32D,Coupe Rogers Présentée Par Banque Nationale,,Lucie Safarova,15.0,https://www.wtatennis.com/resources/v7.42.8/i/elements/flags/cze.svg,Round of 16,W,"7-5, 6-4",https://www.wtatennis.com/players/310553/lucie-safarova,False,False,False,False,False,False,False,2,True,22,13,9,CZ,CZE,203,150,Europe,Central Europe,CZE,"7,5,None|6,4,None",
4,Coupe Rogers Présentée Par Banque Nationale,,https://www.wtatennis.com/tournaments/806/montreal/2014,Premier 5,Hard,https://www.wtatennis.com/resources/v7.42.8/i/elements/1000k-tag.svg,2014-08-04,2014-08-10,2014,8,Montreal,AUS,,CA,CAN,124,019,,America,Northern America,CAN,21.0,350.0,107400.0,64M/64Q/32D,Coupe Rogers Présentée Par Banque Nationale,,Samantha Stosur,,https://www.wtatennis.com/resources/v7.42.8/i/elements/flags/aus.svg,Round of 32,W,"6-0, 6-2",https://www.wtatennis.com/players/190787/samantha-stosur,False,False,False,False,False,False,False,2,True,14,12,2,AU,AUS,036,009,Oceania,Australasia,AUS,"6,0,None|6,2,None",
5,Coupe Rogers Présentée Par Banque Nationale,,https://www.wtatennis.com/tournaments/806/montreal/2014,Premier 5,Hard,https://www.wtatennis.com/resources/v7.42.8/i/elements/1000k-tag.svg,2014-08-04,2014-08-10,2014,8,Montreal,,,CA,CAN,124,019,,America,Northern America,CAN,,350.0,107400.0,64M/64Q/32D,Coupe Rogers Présentée Par Banque Nationale,,,,,Round of 64,,Bye,,False,False,True,False,False,False,False,0,False,0,0,0,,,,,,,,,
1,Bank Of The West Classic,,https://www.wtatennis.com/tournaments/703/san-jose/2014,Premier,Hard,https://www.wtatennis.com/resources/v7.42.8/i/elements/500k-tag.svg,2014-07-28,2014-08-03,2014,7,Stanford,GER,CA,US,USA,840,019,,America,Northern America,USA,8.0,470.0,120000.0,32M/16Q/16D,Bank Of The West Classic,,Angelique Kerber,3.0,https://www.wtatennis.com/resources/v7.42.8/i/elements/flags/ger.svg,Finals,W,"7-6 (1), 6-3",https://www.wtatennis.com/players/311470/angelique-kerber,False,False,False,True,False,False,True,2,True,22,13,9,DE,DEU,276,150,Europe,Central Europe,GER,"7,6,1|6,3,None",
2,Bank Of The West Classic,,https://www.wtatennis.com/tournaments/703/san-jose/2014,Premier,Hard,https://www.wtatennis.com/resources/v7.42.8/i/elements/500k-tag.svg,2014-07-28,2014-08-03,2014,7,Stanford,GER,CA,US,USA,840,019,,America,Northern America,USA,18.0,470.0,120000.0,32M/16Q/16D,Bank Of The West Classic,,Andrea Petkovic,8.0,https://www.wtatennis.com/resources/v7.42.8/i/elements/flags/ger.svg,Semifinals,W,"7-5, 6-0",https://www.wtatennis.com/players/310770/andrea-petkovic,False,False,False,False,False,False,False,2,True,18,13,5,DE,DEU,276,150,Europe,Central Europe,GER,"7,5,None|6,0,None",
3,Bank Of The West Classic,,https://www.wtatennis.com/tournaments/703/san-jose/2014,Premier,Hard,https://www.wtatennis.com/resources/v7.42.8/i/elements/500k-tag.svg,2014-07-28,2014-08-03,2014,7,Stanford,SRB,CA,US,USA,840,019,,America,Northern America,USA,11.0,470.0,120000.0,32M/16Q/16D,Bank Of The West Classic,,Ana Ivanovic,5.0,https://www.wtatennis.com/resources/v7.42.8/i/elements/flags/srb.svg,Quarterfinals,W,"2-6, 6-3, 7-5",https://www.wtatennis.com/players/311710/ana-ivanovic,False,False,False,False,False,False,False,3,False,29,15,14,RS,SRB,688,150,Europe,Southeastern Europe,SRB,"2,6,None|6,3,None|7,5,None",
4,Bank Of The West Classic,,https://www.wtatennis.com/tournaments/703/san-jose/2014,Premier,Hard,https://www.wtatennis.com/resources/v7.42.8/i/elements/500k-tag.svg,2014-07-28,2014-08-03,2014,7,Stanford,CZE,CA,US,USA,840,019,,America,Northern America,USA,45.0,470.0,120000.0,32M/16Q/16D,Bank Of The West Classic,,Karolina Pliskova,,https://www.wtatennis.com/resources/v7.42.8/i/elements/flags/cze.svg,Round of 16,W,"7-5, 6-2",https://www.wtatennis.com/players/313974/karolina-pliskova,False,False,False,False,False,False,False,2,True,20,13,7,CZ,CZE,203,150,Europe,Central Europe,CZE,"7,5,None|6,2,None",
5,Bank Of The West Classic,,https://www.wtatennis.com/tournaments/703/san-jose/2014,Premier,Hard,https://www.wtatennis.com/resources/v7.42.8/i/elements/500k-tag.svg,2014-07-28,2014-08-03,2014,7,Stanford,,CA,US,USA,840,019,,America,Northern America,USA,,470.0,120000.0,32M/16Q/16D,Bank Of The West Classic,,,,,Round of 32,,Bye,,False,False,True,False,False,False,False,0,False,0,0,0,,,,,,,,,
1,Wimbledon,,https://www.wtatennis.com/tournaments/904/wimbledon/2014,Grand Slam,Grass,https://www.wtatennis.com/resources/v7.42.8/i/elements/gs-tag.svg,2014-06-23,2014-07-05,2014,6,Wimbledon,FRA,,GB,GBR,826,150,,Europe,Northern Europe,ENG,24.0,130.0,110667.0,128M/128Q/64D,The Championships,,Alizé Cornet,25.0,https://www.wtatennis.com/resources/v7.42.8/i/elements/flags/fra.svg,Round of 32,L,"6-1, 3-6, 4-6",https://www.wtatennis.com/players/312121/aliz-cornet,False,False,False,False,False,False,False,3,True,26,13,13,FR,FRA,250,150,Europe,Western Europe,FRA,"6,1,None|3,6,None|4,6,None",
2,Wimbledon,,https://www.wtatennis.com/tournaments/904/wimbledon/2014,Grand Slam,Grass,https://www.wtatennis.com/resources/v7.42.8/i/elements/gs-tag.svg,2014-06-23,2014-07-05,2014,6,Wimbledon,RSA,,GB,GBR,826,150,,Europe,Northern Europe,ENG,94.0,130.0,110667.0,128M/128Q/64D,The Championships,,Chanelle Scheepers,,https://www.wtatennis.com/resources/v7.42.8/i/elements/flags/rsa.svg,Round of 64,W,"6-1, 6-1",https://www.wtatennis.com/players/190873/chanelle-scheepers,False,False,False,False,False,False,False,2,True,14,12,2,ZA,ZAF,710,002,Africa,Southern Africa,RSA,"6,1,None|6,1,None",
3,Wimbledon,,https://www.wtatennis.com/tournaments/904/wimbledon/2014,Grand Slam,Grass,https://www.wtatennis.com/resources/v7.42.8/i/elements/gs-tag.svg,2014-06-23,2014-07-05,2014,6,Wimbledon,USA,,GB,GBR,826,150,United States of America|America|USA|US,Europe,Northern Europe,ENG,113.0,130.0,110667.0,128M/128Q/64D,The Championships,,Anna Tatishvili,,https://www.wtatennis.com/resources/v7.42.8/i/elements/flags/usa.svg,Round of 128,W,"6-1, 6-2",https://www.wtatennis.com/players/312962/anna-tatishvili,False,False,False,False,False,False,False,2,True,15,12,3,US,USA,840,019,America,Northern America,USA,"6,1,None|6,2,None",
1,Roland Garros,,https://www.wtatennis.com/tournaments/903/roland-garros/2014,Grand Slam,Clay,https://www.wtatennis.com/resources/v7.42.8/i/elements/gs-tag.svg,2014-05-25,2014-06-07,2014,5,Paris,ESP,,FR,FRA,250,150,Kingdom of Spain,Europe,Western Europe,FRA,35.0,70.0,55359.0,128M/128Q/64D,Championnats Internationaux De France,,Garbiñe Muguruza,,https://www.wtatennis.com/resources/v7.42.8/i/elements/flags/esp.svg,Round of 64,L,"2-6, 2-6",https://www.wtatennis.com/players/316239/garbi-e-muguruza,False,False,False,False,False,False,False,2,False,16,4,12,ES,ESP,724,150,Europe,Southern Europe,ESP,"2,6,None|2,6,None",
2,Roland Garros,,https://www.wtatennis.com/tournaments/903/roland-garros/2014,Grand Slam,Clay,https://www.wtatennis.com/resources/v7.42.8/i/elements/gs-tag.svg,2014-05-25,2014-06-07,2014,5,Paris,FRA,,FR,FRA,250,150,,Europe,Western Europe,FRA,135.0,70.0,55359.0,128M/128Q/64D,Championnats Internationaux De France,,Alizé Lim,,https://www.wtatennis.com/resources/v7.42.8/i/elements/flags/fra.svg,Round of 128,W,"6-2, 6-1",https://www.wtatennis.com/players/315301/aliz-lim,False,False,False,False,False,False,False,2,True,15,12,3,FR,FRA,250,150,Europe,Western Europe,FRA,"6,2,None|6,1,None",
1,Internazionali Bnl D'Italia,,https://www.wtatennis.com/tournaments/709/rome/2014,Premier 5,Clay,https://www.wtatennis.com/resources/v7.42.8/i/elements/1000k-tag.svg,2014-05-12,2014-05-18,2014,5,Rome,ITA,,IT,ITA,380,150,,Europe,Southern Europe,ITA,11.0,900.0,480041.0,64M/32Q/32D,Internazionali Bnl D'Italia,,Sara Errani,10.0,https://www.wtatennis.com/resources/v7.42.8/i/elements/flags/ita.svg,Finals,W,"6-3, 6-0",https://www.wtatennis.com/players/310761/sara-errani,False,False,False,False,False,False,False,2,True,15,12,3,IT,ITA,380,150,Europe,Southern Europe,ITA,"6,3,None|6,0,None",
2,Internazionali Bnl D'Italia,,https://www.wtatennis.com/tournaments/709/rome/2014,Premier 5,Clay,https://www.wtatennis.com/resources/v7.42.8/i/elements/1000k-tag.svg,2014-05-12,2014-05-18,2014,5,Rome,SRB,,IT,ITA,380,150,,Europe,Southern Europe,ITA,13.0,900.0,480041.0,64M/32Q/32D,Internazionali Bnl D'Italia,,Ana Ivanovic,11.0,https://www.wtatennis.com/resources/v7.42.8/i/elements/flags/srb.svg,Semifinals,W,"6-1, 3-6, 6-1",https://www.wtatennis.com/players/311710/ana-ivanovic,False,False,False,False,False,False,False,3,True,23,15,8,RS,SRB,688,150,Europe,Southeastern Europe,SRB,"6,1,None|3,6,None|6,1,None",
3,Internazionali Bnl D'Italia,,https://www.wtatennis.com/tournaments/709/rome/2014,Premier 5,Clay,https://www.wtatennis.com/resources/v7.42.8/i/elements/1000k-tag.svg,2014-05-12,2014-05-18,2014,5,Rome,CHN,,IT,ITA,380,150,,Europe,Southern Europe,ITA,43.0,900.0,480041.0,64M/32Q/32D,Internazionali Bnl D'Italia,,Shuai Zhang,,https://www.wtatennis.com/resources/v7.42.8/i/elements/flags/chn.svg,Quarterfinals,W,"6-1, 6-3",https://www.wtatennis.com/players/311779/shuai-zhang,False,False,False,False,False,False,False,2,True,16,12,4,CN,CHN,156,142,Asia,East Asia,CHN,"6,1,None|6,3,None",
4,Internazionali Bnl D'Italia,,https://www.wtatennis.com/tournaments/709/rome/2014,Premier 5,Clay,https://www.wtatennis.com/resources/v7.42.8/i/elements/1000k-tag.svg,2014-05-12,2014-05-18,2014,5,Rome,USA,,IT,ITA,380,150,United States of America|America|USA|US,Europe,Southern Europe,ITA,49.0,900.0,480041.0,64M/32Q/32D,Internazionali Bnl D'Italia,,Varvara Lepchenko,,https://www.wtatennis.com/resources/v7.42.8/i/elements/flags/usa.svg,Round of 16,W,"6-1, 6-2",https://www.wtatennis.com/players/120420/varvara-lepchenko,False,False,False,False,False,False,False,2,True,15,12,3,US,USA,840,019,America,Northern America,USA,"6,1,None|6,2,None",
5,Internazionali Bnl D'Italia,,https://www.wtatennis.com/tournaments/709/rome/2014,Premier 5,Clay,https://www.wtatennis.com/resources/v7.42.8/i/elements/1000k-tag.svg,2014-05-12,2014-05-18,2014,5,Rome,GER,,IT,ITA,380,150,,Europe,Southern Europe,ITA,28.0,900.0,480041.0,64M/32Q/32D,Internazionali Bnl D'Italia,,Andrea Petkovic,,https://www.wtatennis.com/resources/v7.42.8/i/elements/flags/ger.svg,Round of 32,W,"6-2, 6-2",https://www.wtatennis.com/players/310770/andrea-petkovic,False,False,False,False,False,False,False,2,True,16,12,4,DE,DEU,276,150,Europe,Central Europe,GER,"6,2,None|6,2,None",
6,Internazionali Bnl D'Italia,,https://www.wtatennis.com/tournaments/709/rome/2014,Premier 5,Clay,https://www.wtatennis.com/resources/v7.42.8/i/elements/1000k-tag.svg,2014-05-12,2014-05-18,2014,5,Rome,,,IT,ITA,380,150,,Europe,Southern Europe,ITA,,900.0,480041.0,64M/32Q/32D,Internazionali Bnl D'Italia,,,,,Round of 64,,Bye,,False,False,True,False,False,False,False,0,False,0,0,0,,,,,,,,,
1,Mutua Madrid Open,,https://www.wtatennis.com/tournaments/1038/madrid/2014,Premier Mandatory,Clay,https://www.wtatennis.com/resources/v7.42.8/i/elements/1000k-tag.svg,2014-05-03,2014-05-11,2014,5,Madird,CZE,,ES,ESP,724,150,,Europe,Southern Europe,ESP,6.0,215.0,117719.0,64M/32Q/32D,Mutua Madrid Open,,Petra Kvitova,5.0,https://www.wtatennis.com/resources/v7.42.8/i/elements/flags/cze.svg,Quarterfinals,L,Walkover,https://www.wtatennis.com/players/314206/petra-kvitova,False,True,False,False,False,False,False,0,False,0,0,0,CZ,CZE,203,150,Europe,Central Europe,CZE,,
2,Mutua Madrid Open,,https://www.wtatennis.com/tournaments/1038/madrid/2014,Premier Mandatory,Clay,https://www.wtatennis.com/resources/v7.42.8/i/elements/1000k-tag.svg,2014-05-03,2014-05-11,2014,5,Madird,ESP,,ES,ESP,724,150,Kingdom of Spain,Europe,Southern Europe,ESP,14.0,215.0,117719.0,64M/32Q/32D,Mutua Madrid Open,,Carla Suárez Navarro,14.0,https://www.wtatennis.com/resources/v7.42.8/i/elements/flags/esp.svg,Round of 16,W,"6-2, 6-3",https://www.wtatennis.com/players/311338/carla-su-rez-navarro,False,False,False,False,False,False,False,2,True,17,12,5,ES,ESP,724,150,Europe,Southern Europe,ESP,"6,2,None|6,3,None",
3,Mutua Madrid Open,,https://www.wtatennis.com/tournaments/1038/madrid/2014,Premier Mandatory,Clay,https://www.wtatennis.com/resources/v7.42.8/i/elements/1000k-tag.svg,2014-05-03,2014-05-11,2014,5,Madird,CHN,,ES,ESP,724,150,,Europe,Southern Europe,ESP,42.0,215.0,117719.0,64M/32Q/32D,Mutua Madrid Open,,Shuai Peng,,https://www.wtatennis.com/resources/v7.42.8/i/elements/flags/chn.svg,Round of 32,W,"6-2, 6-3",https://www.wtatennis.com/players/160471/shuai-peng,False,False,False,False,False,False,False,2,True,17,12,5,CN,CHN,156,142,Asia,East Asia,CHN,"6,2,None|6,3,None",
4,Mutua Madrid Open,,https://www.wtatennis.com/tournaments/1038/madrid/2014,Premier Mandatory,Clay,https://www.wtatennis.com/resources/v7.42.8/i/elements/1000k-tag.svg,2014-05-03,2014-05-11,2014,5,Madird,SUI,,ES,ESP,724,150,,Europe,Southern Europe,ESP,103.0,215.0,117719.0,64M/32Q/32D,Mutua Madrid Open,,Belinda Bencic,,https://www.wtatennis.com/resources/v7.42.8/i/elements/flags/sui.svg,Round of 64,W,"6-2, 6-1",https://www.wtatennis.com/players/319001/belinda-bencic,False,False,False,False,False,False,False,2,True,15,12,3,CH,CHE,756,150,Europe,Central Europe,SUI,"6,2,None|6,1,None",
1,Family Circle Cup,,https://www.wtatennis.com/tournaments/804/charleston/2014,Premier,Clay,https://www.wtatennis.com/resources/v7.42.8/i/elements/500k-tag.svg,2014-03-31,2014-04-06,2014,3,Charleston,SVK,SC,US,USA,840,019,,America,Northern America,USA,78.0,1.0,4300.0,64M/32Q/16D,Family Circle Cup,,Jana Cepelova,,https://www.wtatennis.com/resources/v7.42.8/i/elements/flags/svk.svg,Round of 32,L,"4-6, 4-6",https://www.wtatennis.com/players/316774/jana-cepelova,False,False,False,False,False,False,False,2,False,20,8,12,SK,SVK,703,150,Europe,Central Europe,SVK,"4,6,None|4,6,None",
2,Family Circle Cup,,https://www.wtatennis.com/tournaments/804/charleston/2014,Premier,Clay,https://www.wtatennis.com/resources/v7.42.8/i/elements/500k-tag.svg,2014-03-31,2014-04-06,2014,3,Charleston,,SC,US,USA,840,019,,America,Northern America,USA,,1.0,4300.0,64M/32Q/16D,Family Circle Cup,,,,,Round of 64,,Bye,,False,False,True,False,False,False,False,0,False,0,0,0,,,,,,,,,
1,Sony Open Tennis,,https://www.wtatennis.com/tournaments/902/miami/2014,Premier Mandatory,Hard,https://www.wtatennis.com/resources/v7.42.8/i/elements/1000k-tag.svg,2014-03-18,2014-03-29,2014,3,Miami,CHN,FL,US,USA,840,019,,America,Northern America,USA,2.0,1000.0,787000.0,128M/64Q/32D,Sony Open Tennis,,Na Li,2.0,https://www.wtatennis.com/resources/v7.42.8/i/elements/flags/chn.svg,Finals,W,"7-5, 6-1",https://www.wtatennis.com/players/120330/na-li,False,False,False,False,False,False,False,2,True,19,13,6,CN,CHN,156,142,Asia,East Asia,CHN,"7,5,None|6,1,None",
2,Sony Open Tennis,,https://www.wtatennis.com/tournaments/902/miami/2014,Premier Mandatory,Hard,https://www.wtatennis.com/resources/v7.42.8/i/elements/1000k-tag.svg,2014-03-18,2014-03-29,2014,3,Miami,RUS,FL,US,USA,840,019,,America,Northern America,USA,7.0,1000.0,787000.0,128M/64Q/32D,Sony Open Tennis,,Maria Sharapova,4.0,https://www.wtatennis.com/resources/v7.42.8/i/elements/flags/rus.svg,Semifinals,W,"6-4, 6-3",https://www.wtatennis.com/players/310137/maria-sharapova,False,False,False,False,False,False,False,2,True,19,12,7,RU,RUS,643,150,Europe,Eastern Europe,RUS,"6,4,None|6,3,None",
3,Sony Open Tennis,,https://www.wtatennis.com/tournaments/902/miami/2014,Premier Mandatory,Hard,https://www.wtatennis.com/resources/v7.42.8/i/elements/1000k-tag.svg,2014-03-18,2014-03-29,2014,3,Miami,GER,FL,US,USA,840,019,,America,Northern America,USA,9.0,1000.0,787000.0,128M/64Q/32D,Sony Open Tennis,,Angelique Kerber,5.0,https://www.wtatennis.com/resources/v7.42.8/i/elements/flags/ger.svg,Quarterfinals,W,"6-2, 6-2",https://www.wtatennis.com/players/311470/angelique-kerber,False,False,False,False,False,False,False,2,True,16,12,4,DE,DEU,276,150,Europe,Central Europe,GER,"6,2,None|6,2,None",
4,Sony Open Tennis,,https://www.wtatennis.com/tournaments/902/miami/2014,Premier Mandatory,Hard,https://www.wtatennis.com/resources/v7.42.8/i/elements/1000k-tag.svg,2014-03-18,2014-03-29,2014,3,Miami,USA,FL,US,USA,840,019,United States of America|America|USA|US,America,Northern America,USA,104.0,1000.0,787000.0,128M/64Q/32D,Sony Open Tennis,,Coco Vandeweghe,,https://www.wtatennis.com/resources/v7.42.8/i/elements/flags/usa.svg,Round of 16,W,"6-3, 6-1",https://www.wtatennis.com/players/314464/coco-vandeweghe,False,False,False,False,False,False,False,2,True,16,12,4,US,USA,840,019,America,Northern America,USA,"6,3,None|6,1,None",
5,Sony Open Tennis,,https://www.wtatennis.com/tournaments/902/miami/2014,Premier Mandatory,Hard,https://www.wtatennis.com/resources/v7.42.8/i/elements/1000k-tag.svg,2014-03-18,2014-03-29,2014,3,Miami,FRA,FL,US,USA,840,019,,America,Northern America,USA,74.0,1000.0,787000.0,128M/64Q/32D,Sony Open Tennis,,Caroline Garcia,,https://www.wtatennis.com/resources/v7.42.8/i/elements/flags/fra.svg,Round of 32,W,"6-4, 4-6, 6-4",https://www.wtatennis.com/players/315391/caroline-garcia,False,False,False,False,False,False,False,3,True,30,16,14,FR,FRA,250,150,Europe,Western Europe,FRA,"6,4,None|4,6,None|6,4,None",
6,Sony Open Tennis,,https://www.wtatennis.com/tournaments/902/miami/2014,Premier Mandatory,Hard,https://www.wtatennis.com/resources/v7.42.8/i/elements/1000k-tag.svg,2014-03-18,2014-03-29,2014,3,Miami,KAZ,FL,US,USA,840,019,,America,Northern America,USA,59.0,1000.0,787000.0,128M/64Q/32D,Sony Open Tennis,,Yaroslava Shvedova,,https://www.wtatennis.com/resources/v7.42.8/i/elements/flags/kaz.svg,Round of 64,W,"7-6 (7), 6-2",https://www.wtatennis.com/players/311137/yaroslava-shvedova,False,False,False,True,False,False,True,2,True,21,13,8,KZ,KAZ,398,142,Asia,Central Asia,KAZ,"7,6,7|6,2,None",
7,Sony Open Tennis,,https://www.wtatennis.com/tournaments/902/miami/2014,Premier Mandatory,Hard,https://www.wtatennis.com/resources/v7.42.8/i/elements/1000k-tag.svg,2014-03-18,2014-03-29,2014,3,Miami,,FL,US,USA,840,019,,America,Northern America,USA,,1000.0,787000.0,128M/64Q/32D,Sony Open Tennis,,,,,Round of 128,,Bye,,False,False,True,False,False,False,False,0,False,0,0,0,,,,,,,,,
1,Dubai Duty Free Tennis Championships,,https://www.wtatennis.com/tournaments/718/dubai/2014,Premier,Hard,https://www.wtatennis.com/resources/v7.42.8/i/elements/500k-tag.svg,2014-02-17,2014-02-22,2014,2,Dubai,FRA,,AE,ARE,784,142,,Asia,Western Asia,UAE,26.0,185.0,135064.0,32M/32Q/16D,Dubai Duty Free Tennis Championships,,Alizé Cornet,,https://www.wtatennis.com/resources/v7.42.8/i/elements/flags/fra.svg,Semifinals,L,"4-6, 4-6",https://www.wtatennis.com/players/312121/aliz-cornet,False,False,False,False,False,False,False,2,False,20,8,12,FR,FRA,250,150,Europe,Western Europe,FRA,"4,6,None|4,6,None",W
2,Dubai Duty Free Tennis Championships,,https://www.wtatennis.com/tournaments/718/dubai/2014,Premier,Hard,https://www.wtatennis.com/resources/v7.42.8/i/elements/500k-tag.svg,2014-02-17,2014-02-22,2014,2,Dubai,SRB,,AE,ARE,784,142,,Asia,Western Asia,UAE,7.0,185.0,135064.0,32M/32Q/16D,Dubai Duty Free Tennis Championships,,Jelena Jankovic,5.0,https://www.wtatennis.com/resources/v7.42.8/i/elements/flags/srb.svg,Quarterfinals,W,"6-2, 6-2",https://www.wtatennis.com/players/100153/jelena-jankovic,False,False,False,False,False,False,False,2,True,16,12,4,RS,SRB,688,150,Europe,Southeastern Europe,SRB,"6,2,None|6,2,None",W
3,Dubai Duty Free Tennis Championships,,https://www.wtatennis.com/tournaments/718/dubai/2014,Premier,Hard,https://www.wtatennis.com/resources/v7.42.8/i/elements/500k-tag.svg,2014-02-17,2014-02-22,2014,2,Dubai,RUS,,AE,ARE,784,142,,Asia,Western Asia,UAE,24.0,185.0,135064.0,32M/32Q/16D,Dubai Duty Free Tennis Championships,,Ekaterina Makarova,,https://www.wtatennis.com/resources/v7.42.8/i/elements/flags/rus.svg,Round of 16,W,"7-6 (8), 6-0",https://www.wtatennis.com/players/311604/ekaterina-makarova,False,False,False,True,False,False,True,2,True,19,13,6,RU,RUS,643,150,Europe,Eastern Europe,RUS,"7,6,8|6,0,None",W
4,Dubai Duty Free Tennis Championships,,https://www.wtatennis.com/tournaments/718/dubai/2014,Premier,Hard,https://www.wtatennis.com/resources/v7.42.8/i/elements/500k-tag.svg,2014-02-17,2014-02-22,2014,2,Dubai,,,AE,ARE,784,142,,Asia,Western Asia,UAE,,185.0,135064.0,32M/32Q/16D,Dubai Duty Free Tennis Championships,,,,,Round of 32,,Bye,,False,False,True,False,False,False,False,0,False,0,0,0,,,,,,,,,W
1,Australian Open,,https://www.wtatennis.com/tournaments/901/australian-open/2014,Grand Slam,Hard,https://www.wtatennis.com/resources/v7.42.8/i/elements/gs-tag.svg,2014-01-13,2014-01-25,2014,1,Melbourne,SRB,,AU,AUS,036,009,,Oceania,Australasia,AUS,14.0,240.0,119683.0,128M/128Q/64D,Australian Open,,Ana Ivanovic,14.0,https://www.wtatennis.com/resources/v7.42.8/i/elements/flags/srb.svg,Round of 16,L,"6-4, 3-6, 3-6",https://www.wtatennis.com/players/311710/ana-ivanovic,False,False,False,False,False,False,False,3,True,28,12,16,RS,SRB,688,150,Europe,Southeastern Europe,SRB,"6,4,None|3,6,None|3,6,None",
2,Australian Open,,https://www.wtatennis.com/tournaments/901/australian-open/2014,Grand Slam,Hard,https://www.wtatennis.com/resources/v7.42.8/i/elements/gs-tag.svg,2014-01-13,2014-01-25,2014,1,Melbourne,SVK,,AU,AUS,036,009,,Oceania,Australasia,AUS,33.0,240.0,119683.0,128M/128Q/64D,Australian Open,,Daniela Hantuchova,31.0,https://www.wtatennis.com/resources/v7.42.8/i/elements/flags/svk.svg,Round of 32,W,"6-3, 6-3",https://www.wtatennis.com/players/80394/daniela-hantuchova,False,False,False,False,False,False,False,2,True,18,12,6,SK,SVK,703,150,Europe,Central Europe,SVK,"6,3,None|6,3,None",
3,Australian Open,,https://www.wtatennis.com/tournaments/901/australian-open/2014,Grand Slam,Hard,https://www.wtatennis.com/resources/v7.42.8/i/elements/gs-tag.svg,2014-01-13,2014-01-25,2014,1,Melbourne,SRB,,AU,AUS,036,009,,Oceania,Australasia,AUS,104.0,240.0,119683.0,128M/128Q/64D,Australian Open,,Vesna Dolonc,,https://www.wtatennis.com/resources/v7.42.8/i/elements/flags/srb.svg,Round of 64,W,"6-1, 6-2",https://www.wtatennis.com/players/313653/vesna-dolonc,False,False,False,False,False,False,False,2,True,15,12,3,RS,SRB,688,150,Europe,Southeastern Europe,SRB,"6,1,None|6,2,None",
4,Australian Open,,https://www.wtatennis.com/tournaments/901/australian-open/2014,Grand Slam,Hard,https://www.wtatennis.com/resources/v7.42.8/i/elements/gs-tag.svg,2014-01-13,2014-01-25,2014,1,Melbourne,AUS,,AU,AUS,036,009,,Oceania,Australasia,AUS,155.0,240.0,119683.0,128M/128Q/64D,Australian Open,,Ashleigh Barty,,https://www.wtatennis.com/resources/v7.42.8/i/elements/flags/aus.svg,Round of 128,W,"6-2, 6-1",https://www.wtatennis.com/players/318033/ashleigh-barty,False,False,False,False,False,False,False,2,True,15,12,3,AU,AUS,036,009,Oceania,Australasia,AUS,"6,2,None|6,1,None",
1,Brisbane International,,https://www.wtatennis.com/tournaments/800/brisbane/2014,Premier,Hard,https://www.wtatennis.com/resources/v7.42.8/i/elements/500k-tag.svg,2014-12-29,2014-01-04,2014,12,Brisbane,BLR,,AU,AUS,036,009,,Oceania,Australasia,AUS,2.0,470.0,196670.0,32M/32Q/16D,Brisbane International,,Victoria Azarenka,2.0,https://www.wtatennis.com/resources/v7.42.8/i/elements/flags/blr.svg,Finals,W,"6-4, 7-5",https://www.wtatennis.com/players/312001/victoria-azarenka,False,False,False,False,False,False,False,2,True,22,13,9,BY,BLR,112,150,Europe,Eastern Europe,BLR,"6,4,None|7,5,None",
2,Brisbane International,,https://www.wtatennis.com/tournaments/800/brisbane/2014,Premier,Hard,https://www.wtatennis.com/resources/v7.42.8/i/elements/500k-tag.svg,2014-12-29,2014-01-04,2014,12,Brisbane,RUS,,AU,AUS,036,009,,Oceania,Australasia,AUS,4.0,470.0,196670.0,32M/32Q/16D,Brisbane International,,Maria Sharapova,3.0,https://www.wtatennis.com/resources/v7.42.8/i/elements/flags/rus.svg,Semifinals,W,"6-2, 7-6 (7)",https://www.wtatennis.com/players/310137/maria-sharapova,False,False,False,False,True,False,True,2,True,21,13,8,RU,RUS,643,150,Europe,Eastern Europe,RUS,"6,2,None|7,6,7",
3,Brisbane International,,https://www.wtatennis.com/tournaments/800/brisbane/2014,Premier,Hard,https://www.wtatennis.com/resources/v7.42.8/i/elements/500k-tag.svg,2014-12-29,2014-01-04,2014,12,Brisbane,SVK,,AU,AUS,036,009,,Oceania,Australasia,AUS,23.0,470.0,196670.0,32M/32Q/16D,Brisbane International,,Dominika Cibulkova,9.0,https://www.wtatennis.com/resources/v7.42.8/i/elements/flags/svk.svg,Quarterfinals,W,"6-3, 6-3",https://www.wtatennis.com/players/312894/dominika-cibulkova,False,False,False,False,False,False,False,2,True,18,12,6,SK,SVK,703,150,Europe,Central Europe,SVK,"6,3,None|6,3,None",
4,Brisbane International,,https://www.wtatennis.com/tournaments/800/brisbane/2014,Premier,Hard,https://www.wtatennis.com/resources/v7.42.8/i/elements/500k-tag.svg,2014-12-29,2014-01-04,2014,12,Brisbane,GER,,AU,AUS,036,009,,Oceania,Australasia,AUS,43.0,470.0,196670.0,32M/32Q/16D,Brisbane International,,Andrea Petkovic,,https://www.wtatennis.com/resources/v7.42.8/i/elements/flags/ger.svg,Round of 16,W,"6-4, 6-4",https://www.wtatennis.com/players/310770/andrea-petkovic,False,False,False,False,False,False,False,2,True,20,12,8,DE,DEU,276,150,Europe,Central Europe,GER,"6,4,None|6,4,None",
5,Brisbane International,,https://www.wtatennis.com/tournaments/800/brisbane/2014,Premier,Hard,https://www.wtatennis.com/resources/v7.42.8/i/elements/500k-tag.svg,2014-12-29,2014-01-04,2014,12,Brisbane,,,AU,AUS,036,009,,Oceania,Australasia,AUS,,470.0,196670.0,32M/32Q/16D,Brisbane International,,,,,Round of 32,,Bye,,False,False,True,False,False,False,False,0,False,0,0,0,,,,,,,,,
1,Teb Bnp Paribas Wta Championships,,https://www.wtatennis.com/tournaments/808/wta-finals/2013,Finals,Hard,https://www.wtatennis.com/resources/v7.42.8/i/elements/finals-tag.svg,2013-10-22,2013-10-27,2013,10,Istanbul,CHN,,TR,TUR,792,142,,Asia,Western Asia,TUR,5.0,1500.0,2145000.0,8M/0Q/4D,Teb Bnp Paribas Wta Championships,,Na Li,4.0,https://www.wtatennis.com/resources/v7.42.8/i/elements/flags/chn.svg,Finals,W,"2-6, 6-3, 6-0",https://www.wtatennis.com/players/120330/na-li,False,False,False,False,False,False,False,3,False,23,14,9,CN,CHN,156,142,Asia,East Asia,CHN,"2,6,None|6,3,None|6,0,None",
2,Teb Bnp Paribas Wta Championships,,https://www.wtatennis.com/tournaments/808/wta-finals/2013,Finals,Hard,https://www.wtatennis.com/resources/v7.42.8/i/elements/finals-tag.svg,2013-10-22,2013-10-27,2013,10,Istanbul,SRB,,TR,TUR,792,142,,Asia,Western Asia,TUR,8.0,1500.0,2145000.0,8M/0Q/4D,Teb Bnp Paribas Wta Championships,,Jelena Jankovic,7.0,https://www.wtatennis.com/resources/v7.42.8/i/elements/flags/srb.svg,Semifinals,W,"6-4, 2-6, 6-4",https://www.wtatennis.com/players/100153/jelena-jankovic,False,False,False,False,False,False,False,3,True,28,14,14,RS,SRB,688,150,Europe,Southeastern Europe,SRB,"6,4,None|2,6,None|6,4,None",
3,Teb Bnp Paribas Wta Championships,,https://www.wtatennis.com/tournaments/808/wta-finals/2013,Finals,Hard,https://www.wtatennis.com/resources/v7.42.8/i/elements/finals-tag.svg,2013-10-22,2013-10-27,2013,10,Istanbul,GER,,TR,TUR,792,142,,Asia,Western Asia,TUR,9.0,1500.0,2145000.0,8M/0Q/4D,Teb Bnp Paribas Wta Championships,,Angelique Kerber,8.0,https://www.wtatennis.com/resources/v7.42.8/i/elements/flags/ger.svg,Group Stage Group,W,"6-3, 6-1",https://www.wtatennis.com/players/311470/angelique-kerber,False,False,False,False,False,False,False,2,True,16,12,4,DE,DEU,276,150,Europe,Central Europe,GER,"6,3,None|6,1,None",
4,Teb Bnp Paribas Wta Championships,,https://www.wtatennis.com/tournaments/808/wta-finals/2013,Finals,Hard,https://www.wtatennis.com/resources/v7.42.8/i/elements/finals-tag.svg,2013-10-22,2013-10-27,2013,10,Istanbul,POL,,TR,TUR,792,142,,Asia,Western Asia,TUR,4.0,1500.0,2145000.0,8M/0Q/4D,Teb Bnp Paribas Wta Championships,,Agnieszka Radwanska,3.0,https://www.wtatennis.com/resources/v7.42.8/i/elements/flags/pol.svg,Group Stage Group,W,"6-2, 6-4",https://www.wtatennis.com/players/312251/agnieszka-radwanska,False,False,False,False,False,False,False,2,True,18,12,6,PL,POL,616,150,Europe,Central Europe,POL,"6,2,None|6,4,None",
5,Teb Bnp Paribas Wta Championships,,https://www.wtatennis.com/tournaments/808/wta-finals/2013,Finals,Hard,https://www.wtatennis.com/resources/v7.42.8/i/elements/finals-tag.svg,2013-10-22,2013-10-27,2013,10,Istanbul,CZE,,TR,TUR,792,142,,Asia,Western Asia,TUR,6.0,1500.0,2145000.0,8M/0Q/4D,Teb Bnp Paribas Wta Championships,,Petra Kvitova,5.0,https://www.wtatennis.com/resources/v7.42.8/i/elements/flags/cze.svg,Group Stage Group,W,"6-2, 6-3",https://www.wtatennis.com/players/314206/petra-kvitova,False,False,False,False,False,False,False,2,True,17,12,5,CZ,CZE,203,150,Europe,Central Europe,CZE,"6,2,None|6,3,None",
1,China Open,,https://www.wtatennis.com/tournaments/1020/beijing/2013,Premier Mandatory,Hard,https://www.wtatennis.com/resources/v7.42.8/i/elements/1000k-tag.svg,2013-09-28,2013-10-06,2013,9,Beijing,SRB,,CN,CHN,156,142,,Asia,East Asia,CHN,11.0,1000.0,860000.0,64M/32Q/32D,China Open,,Jelena Jankovic,8.0,https://www.wtatennis.com/resources/v7.42.8/i/elements/flags/srb.svg,Finals,W,"6-2, 6-2",https://www.wtatennis.com/players/100153/jelena-jankovic,False,False,False,False,False,False,False,2,True,16,12,4,RS,SRB,688,150,Europe,Southeastern Europe,SRB,"6,2,None|6,2,None",
2,China Open,,https://www.wtatennis.com/tournaments/1020/beijing/2013,Premier Mandatory,Hard,https://www.wtatennis.com/resources/v7.42.8/i/elements/1000k-tag.svg,2013-09-28,2013-10-06,2013,9,Beijing,POL,,CN,CHN,156,142,,Asia,East Asia,CHN,4.0,1000.0,860000.0,64M/32Q/32D,China Open,,Agnieszka Radwanska,3.0,https://www.wtatennis.com/resources/v7.42.8/i/elements/flags/pol.svg,Semifinals,W,"6-2, 6-2",https://www.wtatennis.com/players/312251/agnieszka-radwanska,False,False,False,False,False,False,False,2,True,16,12,4,PL,POL,616,150,Europe,Central Europe,POL,"6,2,None|6,2,None",
3,China Open,,https://www.wtatennis.com/tournaments/1020/beijing/2013,Premier Mandatory,Hard,https://www.wtatennis.com/resources/v7.42.8/i/elements/1000k-tag.svg,2013-09-28,2013-10-06,2013,9,Beijing,DEN,,CN,CHN,156,142,,Asia,East Asia,CHN,8.0,1000.0,860000.0,64M/32Q/32D,China Open,,Caroline Wozniacki,6.0,https://www.wtatennis.com/resources/v7.42.8/i/elements/flags/den.svg,Quarterfinals,W,"6-1, 6-4",https://www.wtatennis.com/players/313402/caroline-wozniacki,False,False,False,False,False,False,False,2,True,17,12,5,DK,DNK,208,150,Europe,Northern Europe,DEN,"6,1,None|6,4,None",
4,China Open,,https://www.wtatennis.com/tournaments/1020/beijing/2013,Premier Mandatory,Hard,https://www.wtatennis.com/resources/v7.42.8/i/elements/1000k-tag.svg,2013-09-28,2013-10-06,2013,9,Beijing,RUS,,CN,CHN,156,142,,Asia,East Asia,CHN,18.0,1000.0,860000.0,64M/32Q/32D,China Open,,Maria Kirilenko,,https://www.wtatennis.com/resources/v7.42.8/i/elements/flags/rus.svg,Round of 16,W,"7-5, 7-5",https://www.wtatennis.com/players/310577/maria-kirilenko,False,False,False,False,False,False,False,2,True,24,14,10,RU,RUS,643,150,Europe,Eastern Europe,RUS,"7,5,None|7,5,None",
5,China Open,,https://www.wtatennis.com/tournaments/1020/beijing/2013,Premier Mandatory,Hard,https://www.wtatennis.com/resources/v7.42.8/i/elements/1000k-tag.svg,2013-09-28,2013-10-06,2013,9,Beijing,ITA,,CN,CHN,156,142,,Asia,East Asia,CHN,50.0,1000.0,860000.0,64M/32Q/32D,China Open,,Francesca Schiavone,,https://www.wtatennis.com/resources/v7.42.8/i/elements/flags/ita.svg,Round of 32,W,"6-4, 7-5",https://www.wtatennis.com/players/190666/francesca-schiavone,False,False,False,False,False,False,False,2,True,22,13,9,IT,ITA,380,150,Europe,Southern Europe,ITA,"6,4,None|7,5,None",
6,China Open,,https://www.wtatennis.com/tournaments/1020/beijing/2013,Premier Mandatory,Hard,https://www.wtatennis.com/resources/v7.42.8/i/elements/1000k-tag.svg,2013-09-28,2013-10-06,2013,9,Beijing,RUS,,CN,CHN,156,142,,Asia,East Asia,CHN,24.0,1000.0,860000.0,64M/32Q/32D,China Open,,Elena Vesnina,,https://www.wtatennis.com/resources/v7.42.8/i/elements/flags/rus.svg,Round of 64,W,"6-4, 6-2",https://www.wtatennis.com/players/311220/elena-vesnina,False,False,False,False,False,False,False,2,True,18,12,6,RU,RUS,643,150,Europe,Eastern Europe,RUS,"6,4,None|6,2,None",
1,Us Open,,https://www.wtatennis.com/tournaments/905/us-open/2013,Grand Slam,Hard,https://www.wtatennis.com/resources/v7.42.8/i/elements/gs-tag.svg,2013-08-26,2013-09-08,2013,8,New York,BLR,NY,US,USA,840,019,,America,Northern America,USA,2.0,2000.0,3555715.0,128M/128Q/64D,Us Open,,Victoria Azarenka,2.0,https://www.wtatennis.com/resources/v7.42.8/i/elements/flags/blr.svg,Finals,W,"7-5, 6-7 (6), 6-1",https://www.wtatennis.com/players/312001/victoria-azarenka,False,False,False,False,True,False,True,3,True,32,19,13,BY,BLR,112,150,Europe,Eastern Europe,BLR,"7,5,None|6,7,6|6,1,None",
2,Us Open,,https://www.wtatennis.com/tournaments/905/us-open/2013,Grand Slam,Hard,https://www.wtatennis.com/resources/v7.42.8/i/elements/gs-tag.svg,2013-08-26,2013-09-08,2013,8,New York,CHN,NY,US,USA,840,019,,America,Northern America,USA,6.0,2000.0,3555715.0,128M/128Q/64D,Us Open,,Na Li,5.0,https://www.wtatennis.com/resources/v7.42.8/i/elements/flags/chn.svg,Semifinals,W,"6-0, 6-3",https://www.wtatennis.com/players/120330/na-li,False,False,False,False,False,False,False,2,True,15,12,3,CN,CHN,156,142,Asia,East Asia,CHN,"6,0,None|6,3,None",
3,Us Open,,https://www.wtatennis.com/tournaments/905/us-open/2013,Grand Slam,Hard,https://www.wtatennis.com/resources/v7.42.8/i/elements/gs-tag.svg,2013-08-26,2013-09-08,2013,8,New York,ESP,NY,US,USA,840,019,Kingdom of Spain,America,Northern America,USA,20.0,2000.0,3555715.0,128M/128Q/64D,Us Open,,Carla Suárez Navarro,18.0,https://www.wtatennis.com/resources/v7.42.8/i/elements/flags/esp.svg,Quarterfinals,W,"6-0, 6-0",https://www.wtatennis.com/players/311338/carla-su-rez-navarro,False,False,False,False,False,False,False,2,True,12,12,0,ES,ESP,724,150,Europe,Southern Europe,ESP,"6,0,None|6,0,None",
4,Us Open,,https://www.wtatennis.com/tournaments/905/us-open/2013,Grand Slam,Hard,https://www.wtatennis.com/resources/v7.42.8/i/elements/gs-tag.svg,2013-08-26,2013-09-08,2013,8,New York,USA,NY,US,USA,840,019,United States of America|America|USA|US,America,Northern America,USA,16.0,2000.0,3555715.0,128M/128Q/64D,Us Open,,Sloane Stephens,15.0,https://www.wtatennis.com/resources/v7.42.8/i/elements/flags/usa.svg,Round of 16,W,"6-4, 6-1",https://www.wtatennis.com/players/315683/sloane-stephens,False,False,False,False,False,False,False,2,True,17,12,5,US,USA,840,019,America,Northern America,USA,"6,4,None|6,1,None",
5,Us Open,,https://www.wtatennis.com/tournaments/905/us-open/2013,Grand Slam,Hard,https://www.wtatennis.com/resources/v7.42.8/i/elements/gs-tag.svg,2013-08-26,2013-09-08,2013,8,New York,KAZ,NY,US,USA,840,019,,America,Northern America,USA,78.0,2000.0,3555715.0,128M/128Q/64D,Us Open,,Yaroslava Shvedova,,https://www.wtatennis.com/resources/v7.42.8/i/elements/flags/kaz.svg,Round of 32,W,"6-3, 6-1",https://www.wtatennis.com/players/311137/yaroslava-shvedova,False,False,False,False,False,False,False,2,True,16,12,4,KZ,KAZ,398,142,Asia,Central Asia,KAZ,"6,3,None|6,1,None",
6,Us Open,,https://www.wtatennis.com/tournaments/905/us-open/2013,Grand Slam,Hard,https://www.wtatennis.com/resources/v7.42.8/i/elements/gs-tag.svg,2013-08-26,2013-09-08,2013,8,New York,KAZ,NY,US,USA,840,019,,America,Northern America,USA,77.0,2000.0,3555715.0,128M/128Q/64D,Us Open,,Galina Voskoboeva,,https://www.wtatennis.com/resources/v7.42.8/i/elements/flags/kaz.svg,Round of 64,W,"6-3, 6-0",https://www.wtatennis.com/players/310419/galina-voskoboeva,False,False,False,False,False,False,False,2,True,15,12,3,KZ,KAZ,398,142,Asia,Central Asia,KAZ,"6,3,None|6,0,None",
7,Us Open,,https://www.wtatennis.com/tournaments/905/us-open/2013,Grand Slam,Hard,https://www.wtatennis.com/resources/v7.42.8/i/elements/gs-tag.svg,2013-08-26,2013-09-08,2013,8,New York,ITA,NY,US,USA,840,019,,America,Northern America,USA,54.0,2000.0,3555715.0,128M/128Q/64D,Us Open,,Francesca Schiavone,,https://www.wtatennis.com/resources/v7.42.8/i/elements/flags/ita.svg,Round of 128,W,"6-0, 6-1",https://www.wtatennis.com/players/190666/francesca-schiavone,False,False,False,False,False,False,False,2,True,13,12,1,IT,ITA,380,150,Europe,Southern Europe,ITA,"6,0,None|6,1,None",
1,Western & Southern Open,,https://www.wtatennis.com/tournaments/1017/cincinnati/2013,Premier 5,Hard,https://www.wtatennis.com/resources/v7.42.8/i/elements/1000k-tag.svg,2013-08-12,2013-08-18,2013,8,Cincinnati,BLR,OH,US,USA,840,019,,America,Northern America,USA,2.0,620.0,213000.0,64M/64Q/32D,Western & Southern Open,,Victoria Azarenka,2.0,https://www.wtatennis.com/resources/v7.42.8/i/elements/flags/blr.svg,Finals,L,"6-2, 2-6, 6-7 (6)",https://www.wtatennis.com/players/312001/victoria-azarenka,False,False,False,False,False,True,True,3,True,29,14,15,BY,BLR,112,150,Europe,Eastern Europe,BLR,"6,2,None|2,6,None|6,7,6",
2,Western & Southern Open,,https://www.wtatennis.com/tournaments/1017/cincinnati/2013,Premier 5,Hard,https://www.wtatennis.com/resources/v7.42.8/i/elements/1000k-tag.svg,2013-08-12,2013-08-18,2013,8,Cincinnati,CHN,OH,US,USA,840,019,,America,Northern America,USA,5.0,620.0,213000.0,64M/64Q/32D,Western & Southern Open,,Na Li,5.0,https://www.wtatennis.com/resources/v7.42.8/i/elements/flags/chn.svg,Semifinals,W,"7-5, 7-5",https://www.wtatennis.com/players/120330/na-li,False,False,False,False,False,False,False,2,True,24,14,10,CN,CHN,156,142,Asia,East Asia,CHN,"7,5,None|7,5,None",
3,Western & Southern Open,,https://www.wtatennis.com/tournaments/1017/cincinnati/2013,Premier 5,Hard,https://www.wtatennis.com/resources/v7.42.8/i/elements/1000k-tag.svg,2013-08-12,2013-08-18,2013,8,Cincinnati,ROU,OH,US,USA,840,019,,America,Northern America,USA,25.0,620.0,213000.0,64M/64Q/32D,Western & Southern Open,,Simona Halep,,https://www.wtatennis.com/resources/v7.42.8/i/elements/flags/rou.svg,Quarterfinals,W,"6-0, 6-4",https://www.wtatennis.com/players/314320/simona-halep,False,False,False,False,False,False,False,2,True,16,12,4,RO,ROU,642,150,Europe,Southeastern Europe,ROU,"6,0,None|6,4,None",
4,Western & Southern Open,,https://www.wtatennis.com/tournaments/1017/cincinnati/2013,Premier 5,Hard,https://www.wtatennis.com/resources/v7.42.8/i/elements/1000k-tag.svg,2013-08-12,2013-08-18,2013,8,Cincinnati,GER,OH,US,USA,840,019,,America,Northern America,USA,32.0,620.0,213000.0,64M/64Q/32D,Western & Southern Open,,Mona Barthel,,https://www.wtatennis.com/resources/v7.42.8/i/elements/flags/ger.svg,Round of 16,W,"6-4, 6-1",https://www.wtatennis.com/players/315365/mona-barthel,False,False,False,False,False,False,False,2,True,17,12,5,DE,DEU,276,150,Europe,Central Europe,GER,"6,4,None|6,1,None",
5,Western & Southern Open,,https://www.wtatennis.com/tournaments/1017/cincinnati/2013,Premier 5,Hard,https://www.wtatennis.com/resources/v7.42.8/i/elements/1000k-tag.svg,2013-08-12,2013-08-18,2013,8,Cincinnati,CAN,OH,US,USA,840,019,,America,Northern America,USA,62.0,620.0,213000.0,64M/64Q/32D,Western & Southern Open,,Eugenie Bouchard,,https://www.wtatennis.com/resources/v7.42.8/i/elements/flags/can.svg,Round of 32,W,"4-6, 6-2, 6-2",https://www.wtatennis.com/players/316161/eugenie-bouchard,False,False,False,False,False,False,False,3,False,26,16,10,CA,CAN,124,019,America,Northern America,CAN,"4,6,None|6,2,None|6,2,None",
6,Western & Southern Open,,https://www.wtatennis.com/tournaments/1017/cincinnati/2013,Premier 5,Hard,https://www.wtatennis.com/resources/v7.42.8/i/elements/1000k-tag.svg,2013-08-12,2013-08-18,2013,8,Cincinnati,,OH,US,USA,840,019,,America,Northern America,USA,,620.0,213000.0,64M/64Q/32D,Western & Southern Open,,,,,Round of 64,,Bye,,False,False,True,False,False,False,False,0,False,0,0,0,,,,,,,,,
1,Rogers Cup Presented By National Bank,,https://www.wtatennis.com/tournaments/806/montreal/2013,Premier 5,Hard,https://www.wtatennis.com/resources/v7.42.8/i/elements/1000k-tag.svg,2013-08-05,2013-08-11,2013,8,Toronto,ROU,,CA,CAN,124,019,,America,Northern America,CAN,27.0,900.0,426000.0,64M/64Q/32D,Rogers Cup Presented By National Bank,,Sorana Cirstea,,https://www.wtatennis.com/resources/v7.42.8/i/elements/flags/rou.svg,Finals,W,"6-2, 6-0",https://www.wtatennis.com/players/312469/sorana-cirstea,False,False,False,False,False,False,False,2,True,14,12,2,RO,ROU,642,150,Europe,Southeastern Europe,ROU,"6,2,None|6,0,None",
2,Rogers Cup Presented By National Bank,,https://www.wtatennis.com/tournaments/806/montreal/2013,Premier 5,Hard,https://www.wtatennis.com/resources/v7.42.8/i/elements/1000k-tag.svg,2013-08-05,2013-08-11,2013,8,Toronto,POL,,CA,CAN,124,019,,America,Northern America,CAN,4.0,900.0,426000.0,64M/64Q/32D,Rogers Cup Presented By National Bank,,Agnieszka Radwanska,3.0,https://www.wtatennis.com/resources/v7.42.8/i/elements/flags/pol.svg,Semifinals,W,"7-6 (3), 6-4",https://www.wtatennis.com/players/312251/agnieszka-radwanska,False,False,False,True,False,False,True,2,True,23,13,10,PL,POL,616,150,Europe,Central Europe,POL,"7,6,3|6,4,None",
3,Rogers Cup Presented By National Bank,,https://www.wtatennis.com/tournaments/806/montreal/2013,Premier 5,Hard,https://www.wtatennis.com/resources/v7.42.8/i/elements/1000k-tag.svg,2013-08-05,2013-08-11,2013,8,Toronto,SVK,,CA,CAN,124,019,,America,Northern America,CAN,42.0,900.0,426000.0,64M/64Q/32D,Rogers Cup Presented By National Bank,,Magdalena Rybarikova,,https://www.wtatennis.com/resources/v7.42.8/i/elements/flags/svk.svg,Quarterfinals,W,"6-1, 6-1",https://www.wtatennis.com/players/312580/magdalena-rybarikova,False,False,False,False,False,False,False,2,True,14,12,2,SK,SVK,703,150,Europe,Central Europe,SVK,"6,1,None|6,1,None",
4,Rogers Cup Presented By National Bank,,https://www.wtatennis.com/tournaments/806/montreal/2013,Premier 5,Hard,https://www.wtatennis.com/resources/v7.42.8/i/elements/1000k-tag.svg,2013-08-05,2013-08-11,2013,8,Toronto,BEL,,CA,CAN,124,019,,America,Northern America,CAN,13.0,900.0,426000.0,64M/64Q/32D,Rogers Cup Presented By National Bank,,Kirsten Flipkens,13.0,https://www.wtatennis.com/resources/v7.42.8/i/elements/flags/bel.svg,Round of 16,W,"6-0, 6-3",https://www.wtatennis.com/players/310331/kirsten-flipkens,False,False,False,False,False,False,False,2,True,15,12,3,BE,BEL,056,150,Europe,Western Europe,BEL,"6,0,None|6,3,None",
5,Rogers Cup Presented By National Bank,,https://www.wtatennis.com/tournaments/806/montreal/2013,Premier 5,Hard,https://www.wtatennis.com/resources/v7.42.8/i/elements/1000k-tag.svg,2013-08-05,2013-08-11,2013,8,Toronto,ITA,,CA,CAN,124,019,,America,Northern America,CAN,57.0,900.0,426000.0,64M/64Q/32D,Rogers Cup Presented By National Bank,,Francesca Schiavone,,https://www.wtatennis.com/resources/v7.42.8/i/elements/flags/ita.svg,Round of 32,W,"6-3, 6-2",https://www.wtatennis.com/players/190666/francesca-schiavone,False,False,False,False,False,False,False,2,True,17,12,5,IT,ITA,380,150,Europe,Southern Europe,ITA,"6,3,None|6,2,None",
6,Rogers Cup Presented By National Bank,,https://www.wtatennis.com/tournaments/806/montreal/2013,Premier 5,Hard,https://www.wtatennis.com/resources/v7.42.8/i/elements/1000k-tag.svg,2013-08-05,2013-08-11,2013,8,Toronto,,,CA,CAN,124,019,,America,Northern America,CAN,,900.0,426000.0,64M/64Q/32D,Rogers Cup Presented By National Bank,,,,,Round of 64,,Bye,,False,False,True,False,False,False,False,0,False,0,0,0,,,,,,,,,
1,Collector Swedish Open,,https://www.wtatennis.com/tournaments/1048/bastad/2013,International,Clay,https://www.wtatennis.com/resources/v7.42.8/i/elements/250k-tag.svg,2013-07-15,2013-07-21,2013,7,Bastad,SWE,,SE,SWE,752,150,,Europe,Northern Europe,SWE,76.0,280.0,40000.0,32M/32Q/16D,Collector Swedish Open,,Johanna Larsson,8.0,https://www.wtatennis.com/resources/v7.42.8/i/elements/flags/swe.svg,Finals,W,"6-4, 6-1",https://www.wtatennis.com/players/311593/johanna-larsson,False,False,False,False,False,False,False,2,True,17,12,5,SE,SWE,752,150,Europe,Northern Europe,SWE,"6,4,None|6,1,None",
2,Collector Swedish Open,,https://www.wtatennis.com/tournaments/1048/bastad/2013,International,Clay,https://www.wtatennis.com/resources/v7.42.8/i/elements/250k-tag.svg,2013-07-15,2013-07-21,2013,7,Bastad,CZE,,SE,SWE,752,150,,Europe,Northern Europe,SWE,37.0,280.0,40000.0,32M/32Q/16D,Collector Swedish Open,,Klara Koukalova,3.0,https://www.wtatennis.com/resources/v7.42.8/i/elements/flags/cze.svg,Semifinals,W,"6-0, 6-4",https://www.wtatennis.com/players/110492/klara-koukalova,False,False,False,False,False,False,False,2,True,16,12,4,CZ,CZE,203,150,Europe,Central Europe,CZE,"6,0,None|6,4,None",
3,Collector Swedish Open,,https://www.wtatennis.com/tournaments/1048/bastad/2013,International,Clay,https://www.wtatennis.com/resources/v7.42.8/i/elements/250k-tag.svg,2013-07-15,2013-07-21,2013,7,Bastad,ESP,,SE,SWE,752,150,Kingdom of Spain,Europe,Northern Europe,SWE,54.0,280.0,40000.0,32M/32Q/16D,Collector Swedish Open,,Lourdes Domínguez Lino,5.0,https://www.wtatennis.com/resources/v7.42.8/i/elements/flags/esp.svg,Quarterfinals,W,"6-1, 6-1",https://www.wtatennis.com/players/40300/lourdes-dom-nguez-lino,False,False,False,False,False,False,False,2,True,14,12,2,ES,ESP,724,150,Europe,Southern Europe,ESP,"6,1,None|6,1,None",
4,Collector Swedish Open,,https://www.wtatennis.com/tournaments/1048/bastad/2013,International,Clay,https://www.wtatennis.com/resources/v7.42.8/i/elements/250k-tag.svg,2013-07-15,2013-07-21,2013,7,Bastad,USA,,SE,SWE,752,150,United States of America|America|USA|US,Europe,Northern Europe,SWE,104.0,280.0,40000.0,32M/32Q/16D,Collector Swedish Open,,Anna Tatishvili,,https://www.wtatennis.com/resources/v7.42.8/i/elements/flags/usa.svg,Round of 16,W,"6-2, 6-3",https://www.wtatennis.com/players/312962/anna-tatishvili,False,False,False,False,False,False,False,2,True,17,12,5,US,USA,840,019,America,Northern America,USA,"6,2,None|6,3,None",
5,Collector Swedish Open,,https://www.wtatennis.com/tournaments/1048/bastad/2013,International,Clay,https://www.wtatennis.com/resources/v7.42.8/i/elements/250k-tag.svg,2013-07-15,2013-07-21,2013,7,Bastad,BUL,,SE,SWE,752,150,,Europe,Northern Europe,SWE,131.0,280.0,40000.0,32M/32Q/16D,Collector Swedish Open,,Sesil Karatantcheva,,https://www.wtatennis.com/resources/v7.42.8/i/elements/flags/bul.svg,Round of 32,W,"6-1, 6-2",https://www.wtatennis.com/players/311810/sesil-karatantcheva,False,False,False,False,False,False,False,2,True,15,12,3,BG,BGR,100,150,Europe,Southeastern Europe,BUL,"6,1,None|6,2,None",
1,Wimbledon,,https://www.wtatennis.com/tournaments/904/wimbledon/2013,Grand Slam,Grass,https://www.wtatennis.com/resources/v7.42.8/i/elements/gs-tag.svg,2013-06-24,2013-07-06,2013,6,Wimbledon,GER,,GB,GBR,826,150,,Europe,Northern Europe,ENG,24.0,280.0,164336.0,128M/128Q/64D,The Championships,,Sabine Lisicki,23.0,https://www.wtatennis.com/resources/v7.42.8/i/elements/flags/ger.svg,Round of 16,L,"2-6, 6-1, 4-6",https://www.wtatennis.com/players/312520/sabine-lisicki,False,False,False,False,False,False,False,3,False,25,12,13,DE,DEU,276,150,Europe,Central Europe,GER,"2,6,None|6,1,None|4,6,None",
2,Wimbledon,,https://www.wtatennis.com/tournaments/904/wimbledon/2013,Grand Slam,Grass,https://www.wtatennis.com/resources/v7.42.8/i/elements/gs-tag.svg,2013-06-24,2013-07-06,2013,6,Wimbledon,JPN,,GB,GBR,826,150,,Europe,Northern Europe,ENG,84.0,280.0,164336.0,128M/128Q/64D,The Championships,,Kimiko Date,,https://www.wtatennis.com/resources/v7.42.8/i/elements/flags/jpn.svg,Round of 32,W,"6-2, 6-0",https://www.wtatennis.com/players/40130/kimiko-date,False,False,False,False,False,False,False,2,True,14,12,2,JP,JPN,392,142,Asia,East Asia,JPN,"6,2,None|6,0,None",
3,Wimbledon,,https://www.wtatennis.com/tournaments/904/wimbledon/2013,Grand Slam,Grass,https://www.wtatennis.com/resources/v7.42.8/i/elements/gs-tag.svg,2013-06-24,2013-07-06,2013,6,Wimbledon,FRA,,GB,GBR,826,150,,Europe,Northern Europe,ENG,100.0,280.0,164336.0,128M/128Q/64D,The Championships,,Caroline Garcia,,https://www.wtatennis.com/resources/v7.42.8/i/elements/flags/fra.svg,Round of 64,W,"6-3, 6-2",https://www.wtatennis.com/players/315391/caroline-garcia,False,False,False,False,False,False,False,2,True,17,12,5,FR,FRA,250,150,Europe,Western Europe,FRA,"6,3,None|6,2,None",
4,Wimbledon,,https://www.wtatennis.com/tournaments/904/wimbledon/2013,Grand Slam,Grass,https://www.wtatennis.com/resources/v7.42.8/i/elements/gs-tag.svg,2013-06-24,2013-07-06,2013,6,Wimbledon,LUX,,GB,GBR,826,150,,Europe,Northern Europe,ENG,92.0,280.0,164336.0,128M/128Q/64D,The Championships,,Mandy Minella,,https://www.wtatennis.com/resources/v7.42.8/i/elements/flags/lux.svg,Round of 128,W,"6-1, 6-3",https://www.wtatennis.com/players/310431/mandy-minella,False,False,False,False,False,False,False,2,True,16,12,4,LU,LUX,442,150,Europe,Western Europe,LUX,"6,1,None|6,3,None",
1,Roland Garros,,https://www.wtatennis.com/tournaments/903/roland-garros/2013,Grand Slam,Clay,https://www.wtatennis.com/resources/v7.42.8/i/elements/gs-tag.svg,2013-05-26,2013-06-08,2013,5,Paris,RUS,,FR,FRA,250,150,,Europe,Western Europe,FRA,2.0,2000.0,1870269.0,128M/128Q/64D,Championnats Internationaux De France,,Maria Sharapova,2.0,https://www.wtatennis.com/resources/v7.42.8/i/elements/flags/rus.svg,Finals,W,"6-4, 6-4",https://www.wtatennis.com/players/310137/maria-sharapova,False,False,False,False,False,False,False,2,True,20,12,8,RU,RUS,643,150,Europe,Eastern Europe,RUS,"6,4,None|6,4,None",
2,Roland Garros,,https://www.wtatennis.com/tournaments/903/roland-garros/2013,Grand Slam,Clay,https://www.wtatennis.com/resources/v7.42.8/i/elements/gs-tag.svg,2013-05-26,2013-06-08,2013,5,Paris,ITA,,FR,FRA,250,150,,Europe,Western Europe,FRA,5.0,2000.0,1870269.0,128M/128Q/64D,Championnats Internationaux De France,,Sara Errani,5.0,https://www.wtatennis.com/resources/v7.42.8/i/elements/flags/ita.svg,Semifinals,W,"6-0, 6-1",https://www.wtatennis.com/players/310761/sara-errani,False,False,False,False,False,False,False,2,True,13,12,1,IT,ITA,380,150,Europe,Southern Europe,ITA,"6,0,None|6,1,None",
3,Roland Garros,,https://www.wtatennis.com/tournaments/903/roland-garros/2013,Grand Slam,Clay,https://www.wtatennis.com/resources/v7.42.8/i/elements/gs-tag.svg,2013-05-26,2013-06-08,2013,5,Paris,RUS,,FR,FRA,250,150,,Europe,Western Europe,FRA,39.0,2000.0,1870269.0,128M/128Q/64D,Championnats Internationaux De France,,Svetlana Kuznetsova,,https://www.wtatennis.com/resources/v7.42.8/i/elements/flags/rus.svg,Quarterfinals,W,"6-1, 3-6, 6-3",https://www.wtatennis.com/players/110552/svetlana-kuznetsova,False,False,False,False,False,False,False,3,True,25,15,10,RU,RUS,643,150,Europe,Eastern Europe,RUS,"6,1,None|3,6,None|6,3,None",
4,Roland Garros,,https://www.wtatennis.com/tournaments/903/roland-garros/2013,Grand Slam,Clay,https://www.wtatennis.com/resources/v7.42.8/i/elements/gs-tag.svg,2013-05-26,2013-06-08,2013,5,Paris,ITA,,FR,FRA,250,150,,Europe,Western Europe,FRA,15.0,2000.0,1870269.0,128M/128Q/64D,Championnats Internationaux De France,,Roberta Vinci,15.0,https://www.wtatennis.com/resources/v7.42.8/i/elements/flags/ita.svg,Round of 16,W,"6-1, 6-3",https://www.wtatennis.com/players/220214/roberta-vinci,False,False,False,False,False,False,False,2,True,16,12,4,IT,ITA,380,150,Europe,Southern Europe,ITA,"6,1,None|6,3,None",
5,Roland Garros,,https://www.wtatennis.com/tournaments/903/roland-garros/2013,Grand Slam,Clay,https://www.wtatennis.com/resources/v7.42.8/i/elements/gs-tag.svg,2013-05-26,2013-06-08,2013,5,Paris,ROU,,FR,FRA,250,150,,Europe,Western Europe,FRA,30.0,2000.0,1870269.0,128M/128Q/64D,Championnats Internationaux De France,,Sorana Cirstea,26.0,https://www.wtatennis.com/resources/v7.42.8/i/elements/flags/rou.svg,Round of 32,W,"6-0, 6-2",https://www.wtatennis.com/players/312469/sorana-cirstea,False,False,False,False,False,False,False,2,True,14,12,2,RO,ROU,642,150,Europe,Southeastern Europe,ROU,"6,0,None|6,2,None",
6,Roland Garros,,https://www.wtatennis.com/tournaments/903/roland-garros/2013,Grand Slam,Clay,https://www.wtatennis.com/resources/v7.42.8/i/elements/gs-tag.svg,2013-05-26,2013-06-08,2013,5,Paris,FRA,,FR,FRA,250,150,,Europe,Western Europe,FRA,114.0,2000.0,1870269.0,128M/128Q/64D,Championnats Internationaux De France,,Caroline Garcia,,https://www.wtatennis.com/resources/v7.42.8/i/elements/flags/fra.svg,Round of 64,W,"6-1, 6-2",https://www.wtatennis.com/players/315391/caroline-garcia,False,False,False,False,False,False,False,2,True,15,12,3,FR,FRA,250,150,Europe,Western Europe,FRA,"6,1,None|6,2,None",
7,Roland Garros,,https://www.wtatennis.com/tournaments/903/roland-garros/2013,Grand Slam,Clay,https://www.wtatennis.com/resources/v7.42.8/i/elements/gs-tag.svg,2013-05-26,2013-06-08,2013,5,Paris,USA,,FR,FRA,250,150,United States of America|America|USA|US,Europe,Western Europe,FRA,74.0,2000.0,1870269.0,128M/128Q/64D,Championnats Internationaux De France,,Anna Tatishvili,,https://www.wtatennis.com/resources/v7.42.8/i/elements/flags/usa.svg,Round of 128,W,"6-0, 6-1",https://www.wtatennis.com/players/312962/anna-tatishvili,False,False,False,False,False,False,False,2,True,13,12,1,US,USA,840,019,America,Northern America,USA,"6,0,None|6,1,None",
1,Internazionali Bnl D'Italia,,https://www.wtatennis.com/tournaments/709/rome/2013,Premier 5,Clay,https://www.wtatennis.com/resources/v7.42.8/i/elements/1000k-tag.svg,2013-05-13,2013-05-19,2013,5,Rome,BLR,,IT,ITA,380,150,,Europe,Southern Europe,ITA,3.0,900.0,426000.0,64M/32Q/32D,Internazionali Bnl D'Italia,,Victoria Azarenka,3.0,https://www.wtatennis.com/resources/v7.42.8/i/elements/flags/blr.svg,Finals,W,"6-1, 6-3",https://www.wtatennis.com/players/312001/victoria-azarenka,False,False,False,False,False,False,False,2,True,16,12,4,BY,BLR,112,150,Europe,Eastern Europe,BLR,"6,1,None|6,3,None",
2,Internazionali Bnl D'Italia,,https://www.wtatennis.com/tournaments/709/rome/2013,Premier 5,Clay,https://www.wtatennis.com/resources/v7.42.8/i/elements/1000k-tag.svg,2013-05-13,2013-05-19,2013,5,Rome,ROU,,IT,ITA,380,150,,Europe,Southern Europe,ITA,64.0,900.0,426000.0,64M/32Q/32D,Internazionali Bnl D'Italia,,Simona Halep,,https://www.wtatennis.com/resources/v7.42.8/i/elements/flags/rou.svg,Semifinals,W,"6-3, 6-0",https://www.wtatennis.com/players/314320/simona-halep,False,False,False,False,False,False,False,2,True,15,12,3,RO,ROU,642,150,Europe,Southeastern Europe,ROU,"6,3,None|6,0,None",
3,Internazionali Bnl D'Italia,,https://www.wtatennis.com/tournaments/709/rome/2013,Premier 5,Clay,https://www.wtatennis.com/resources/v7.42.8/i/elements/1000k-tag.svg,2013-05-13,2013-05-19,2013,5,Rome,ESP,,IT,ITA,380,150,Kingdom of Spain,Europe,Southern Europe,ITA,22.0,900.0,426000.0,64M/32Q/32D,Internazionali Bnl D'Italia,,Carla Suárez Navarro,,https://www.wtatennis.com/resources/v7.42.8/i/elements/flags/esp.svg,Quarterfinals,W,"6-2, 6-0",https://www.wtatennis.com/players/311338/carla-su-rez-navarro,False,False,False,False,False,False,False,2,True,14,12,2,ES,ESP,724,150,Europe,Southern Europe,ESP,"6,2,None|6,0,None",
4,Internazionali Bnl D'Italia,,https://www.wtatennis.com/tournaments/709/rome/2013,Premier 5,Clay,https://www.wtatennis.com/resources/v7.42.8/i/elements/1000k-tag.svg,2013-05-13,2013-05-19,2013,5,Rome,SVK,,IT,ITA,380,150,,Europe,Southern Europe,ITA,16.0,900.0,426000.0,64M/32Q/32D,Internazionali Bnl D'Italia,,Dominika Cibulkova,14.0,https://www.wtatennis.com/resources/v7.42.8/i/elements/flags/svk.svg,Round of 16,W,"6-0, 6-1",https://www.wtatennis.com/players/312894/dominika-cibulkova,False,False,False,False,False,False,False,2,True,13,12,1,SK,SVK,703,150,Europe,Central Europe,SVK,"6,0,None|6,1,None",
5,Internazionali Bnl D'Italia,,https://www.wtatennis.com/tournaments/709/rome/2013,Premier 5,Clay,https://www.wtatennis.com/resources/v7.42.8/i/elements/1000k-tag.svg,2013-05-13,2013-05-19,2013,5,Rome,GBR,,IT,ITA,380,150,Britain|UK|Great Britain|United Kingdom,Europe,Southern Europe,ITA,39.0,900.0,426000.0,64M/32Q/32D,Internazionali Bnl D'Italia,,Laura Robson,,https://www.wtatennis.com/resources/v7.42.8/i/elements/flags/gbr.svg,Round of 32,W,"6-2, 6-2",https://www.wtatennis.com/players/316629/laura-robson,False,False,False,False,False,False,False,2,True,16,12,4,GB,GBR,826,150,Europe,Northern Europe,ENG,"6,2,None|6,2,None",
6,Internazionali Bnl D'Italia,,https://www.wtatennis.com/tournaments/709/rome/2013,Premier 5,Clay,https://www.wtatennis.com/resources/v7.42.8/i/elements/1000k-tag.svg,2013-05-13,2013-05-19,2013,5,Rome,,,IT,ITA,380,150,,Europe,Southern Europe,ITA,,900.0,426000.0,64M/32Q/32D,Internazionali Bnl D'Italia,,,,,Round of 64,,Bye,,False,False,True,False,False,False,False,0,False,0,0,0,,,,,,,,,
1,Mutua Madrid Open,,https://www.wtatennis.com/tournaments/1038/madrid/2013,Premier Mandatory,Clay,https://www.wtatennis.com/resources/v7.42.8/i/elements/1000k-tag.svg,2013-05-04,2013-05-12,2013,5,Madrid,RUS,,ES,ESP,724,150,,Europe,Southern Europe,ESP,2.0,1000.0,819118.0,64M/32Q/32D,Mutua Madrid Open,,Maria Sharapova,2.0,https://www.wtatennis.com/resources/v7.42.8/i/elements/flags/rus.svg,Finals,W,"6-1, 6-4",https://www.wtatennis.com/players/310137/maria-sharapova,False,False,False,False,False,False,False,2,True,17,12,5,RU,RUS,643,150,Europe,Eastern Europe,RUS,"6,1,None|6,4,None",
2,Mutua Madrid Open,,https://www.wtatennis.com/tournaments/1038/madrid/2013,Premier Mandatory,Clay,https://www.wtatennis.com/resources/v7.42.8/i/elements/1000k-tag.svg,2013-05-04,2013-05-12,2013,5,Madrid,ITA,,ES,ESP,724,150,,Europe,Southern Europe,ESP,7.0,1000.0,819118.0,64M/32Q/32D,Mutua Madrid Open,,Sara Errani,7.0,https://www.wtatennis.com/resources/v7.42.8/i/elements/flags/ita.svg,Semifinals,W,"7-5, 6-2",https://www.wtatennis.com/players/310761/sara-errani,False,False,False,False,False,False,False,2,True,20,13,7,IT,ITA,380,150,Europe,Southern Europe,ITA,"7,5,None|6,2,None",
3,Mutua Madrid Open,,https://www.wtatennis.com/tournaments/1038/madrid/2013,Premier Mandatory,Clay,https://www.wtatennis.com/resources/v7.42.8/i/elements/1000k-tag.svg,2013-05-04,2013-05-12,2013,5,Madrid,ESP,,ES,ESP,724,150,Kingdom of Spain,Europe,Southern Europe,ESP,63.0,1000.0,819118.0,64M/32Q/32D,Mutua Madrid Open,,Anabel Medina Garrigues,,https://www.wtatennis.com/resources/v7.42.8/i/elements/flags/esp.svg,Quarterfinals,W,"6-3, 0-6, 7-5",https://www.wtatennis.com/players/130611/anabel-medina-garrigues,False,False,False,False,False,False,False,3,True,27,13,14,ES,ESP,724,150,Europe,Southern Europe,ESP,"6,3,None|0,6,None|7,5,None",
4,Mutua Madrid Open,,https://www.wtatennis.com/tournaments/1038/madrid/2013,Premier Mandatory,Clay,https://www.wtatennis.com/resources/v7.42.8/i/elements/1000k-tag.svg,2013-05-04,2013-05-12,2013,5,Madrid,RUS,,ES,ESP,724,150,,Europe,Southern Europe,ESP,12.0,1000.0,819118.0,64M/32Q/32D,Mutua Madrid Open,,Maria Kirilenko,13.0,https://www.wtatennis.com/resources/v7.42.8/i/elements/flags/rus.svg,Round of 16,W,"6-3, 6-1",https://www.wtatennis.com/players/310577/maria-kirilenko,False,False,False,False,False,False,False,2,True,16,12,4,RU,RUS,643,150,Europe,Eastern Europe,RUS,"6,3,None|6,1,None",
5,Mutua Madrid Open,,https://www.wtatennis.com/tournaments/1038/madrid/2013,Premier Mandatory,Clay,https://www.wtatennis.com/resources/v7.42.8/i/elements/1000k-tag.svg,2013-05-04,2013-05-12,2013,5,Madrid,ESP,,ES,ESP,724,150,Kingdom of Spain,Europe,Southern Europe,ESP,47.0,1000.0,819118.0,64M/32Q/32D,Mutua Madrid Open,,Lourdes Domínguez Lino,,https://www.wtatennis.com/resources/v7.42.8/i/elements/flags/esp.svg,Round of 32,W,"6-2, 7-5",https://www.wtatennis.com/players/40300/lourdes-dom-nguez-lino,False,False,False,False,False,False,False,2,True,20,13,7,ES,ESP,724,150,Europe,Southern Europe,ESP,"6,2,None|7,5,None",
6,Mutua Madrid Open,,https://www.wtatennis.com/tournaments/1038/madrid/2013,Premier Mandatory,Clay,https://www.wtatennis.com/resources/v7.42.8/i/elements/1000k-tag.svg,2013-05-04,2013-05-12,2013,5,Madrid,KAZ,,ES,ESP,724,150,,Europe,Southern Europe,ESP,89.0,1000.0,819118.0,64M/32Q/32D,Mutua Madrid Open,,Yulia Putintseva,,https://www.wtatennis.com/resources/v7.42.8/i/elements/flags/kaz.svg,Round of 64,W,"7-6 (5), 6-1",https://www.wtatennis.com/players/317683/yulia-putintseva,False,False,False,True,False,False,True,2,True,20,13,7,KZ,KAZ,398,142,Asia,Central Asia,KAZ,"7,6,5|6,1,None",
1,Fed Cup World Group (Playoffs) Wk2,https://www.wtatennis.com/resources/v7.42.8/i/elements/itf.png,,ITF,Hard,https://www.wtatennis.com/resources/v7.42.8/i/elements/itf.png,2013-04-20,2013-04-21,2013,4,Delray Beach,SWE,,,,,,,,,Fl,66.0,,,8M/0Q/2D,Fed Cup World Group (Playoffs) Wk2,,Johanna Larsson,,https://www.wtatennis.com/resources/v7.42.8/i/elements/flags/swe.svg,Round 2 R2,W,"6-2, 6-2",https://www.wtatennis.com/players/311593/johanna-larsson,False,False,False,False,False,False,False,2,True,16,12,4,SE,SWE,752,150,Europe,Northern Europe,SWE,"6,2,None|6,2,None",
2,Fed Cup World Group (Playoffs) Wk2,https://www.wtatennis.com/resources/v7.42.8/i/elements/itf.png,,ITF,Hard,https://www.wtatennis.com/resources/v7.42.8/i/elements/itf.png,2013-04-20,2013-04-21,2013,4,Delray Beach,SWE,,,,,,,,,Fl,54.0,,,8M/0Q/2D,Fed Cup World Group (Playoffs) Wk2,,Sofia Arvidsson,,https://www.wtatennis.com/resources/v7.42.8/i/elements/flags/swe.svg,Round 2 R2,W,"6-2, 6-1",https://www.wtatennis.com/players/10334/sofia-arvidsson,False,False,False,False,False,False,False,2,True,15,12,3,SE,SWE,752,150,Europe,Northern Europe,SWE,"6,2,None|6,1,None",
1,Family Circle Cup,,https://www.wtatennis.com/tournaments/804/charleston/2013,Premier,Clay,https://www.wtatennis.com/resources/v7.42.8/i/elements/500k-tag.svg,2013-04-01,2013-04-07,2013,4,Charleston,SRB,SC,US,USA,840,019,,America,Northern America,USA,18.0,470.0,125000.0,64M/32Q/16D,Family Circle Cup,,Jelena Jankovic,9.0,https://www.wtatennis.com/resources/v7.42.8/i/elements/flags/srb.svg,Finals,W,"3-6, 6-0, 6-2",https://www.wtatennis.com/players/100153/jelena-jankovic,False,False,False,False,False,False,False,3,False,23,15,8,RS,SRB,688,150,Europe,Southeastern Europe,SRB,"3,6,None|6,0,None|6,2,None",
2,Family Circle Cup,,https://www.wtatennis.com/tournaments/804/charleston/2013,Premier,Clay,https://www.wtatennis.com/resources/v7.42.8/i/elements/500k-tag.svg,2013-04-01,2013-04-07,2013,4,Charleston,USA,SC,US,USA,840,019,United States of America|America|USA|US,America,Northern America,USA,24.0,470.0,125000.0,64M/32Q/16D,Family Circle Cup,,Venus Williams,5.0,https://www.wtatennis.com/resources/v7.42.8/i/elements/flags/usa.svg,Semifinals,W,"6-1, 6-2",https://www.wtatennis.com/players/230220/venus-williams,False,False,False,False,False,False,False,2,True,15,12,3,US,USA,840,019,America,Northern America,USA,"6,1,None|6,2,None",
3,Family Circle Cup,,https://www.wtatennis.com/tournaments/804/charleston/2013,Premier,Clay,https://www.wtatennis.com/resources/v7.42.8/i/elements/500k-tag.svg,2013-04-01,2013-04-07,2013,4,Charleston,CZE,SC,US,USA,840,019,,America,Northern America,USA,19.0,470.0,125000.0,64M/32Q/16D,Family Circle Cup,,Lucie Safarova,6.0,https://www.wtatennis.com/resources/v7.42.8/i/elements/flags/cze.svg,Quarterfinals,W,"6-4, 6-1",https://www.wtatennis.com/players/310553/lucie-safarova,False,False,False,False,False,False,False,2,True,17,12,5,CZ,CZE,203,150,Europe,Central Europe,CZE,"6,4,None|6,1,None",
4,Family Circle Cup,,https://www.wtatennis.com/tournaments/804/charleston/2013,Premier,Clay,https://www.wtatennis.com/resources/v7.42.8/i/elements/500k-tag.svg,2013-04-01,2013-04-07,2013,4,Charleston,USA,SC,US,USA,840,019,United States of America|America|USA|US,America,Northern America,USA,99.0,470.0,125000.0,64M/32Q/16D,Family Circle Cup,,Mallory Burdette,,https://www.wtatennis.com/resources/v7.42.8/i/elements/flags/usa.svg,Round of 16,W,"6-4, 6-2",https://www.wtatennis.com/players/314596/mallory-burdette,False,False,False,False,False,False,False,2,True,18,12,6,US,USA,840,019,America,Northern America,USA,"6,4,None|6,2,None",
5,Family Circle Cup,,https://www.wtatennis.com/tournaments/804/charleston/2013,Premier,Clay,https://www.wtatennis.com/resources/v7.42.8/i/elements/500k-tag.svg,2013-04-01,2013-04-07,2013,4,Charleston,ITA,SC,US,USA,840,019,,America,Northern America,USA,85.0,470.0,125000.0,64M/32Q/16D,Family Circle Cup,,Camila Giorgi,,https://www.wtatennis.com/resources/v7.42.8/i/elements/flags/ita.svg,Round of 32,W,"6-2, 6-3",https://www.wtatennis.com/players/314610/camila-giorgi,False,False,False,False,False,False,False,2,True,17,12,5,IT,ITA,380,150,Europe,Southern Europe,ITA,"6,2,None|6,3,None",
6,Family Circle Cup,,https://www.wtatennis.com/tournaments/804/charleston/2013,Premier,Clay,https://www.wtatennis.com/resources/v7.42.8/i/elements/500k-tag.svg,2013-04-01,2013-04-07,2013,4,Charleston,,SC,US,USA,840,019,,America,Northern America,USA,,470.0,125000.0,64M/32Q/16D,Family Circle Cup,,,,,Round of 64,,Bye,,False,False,True,False,False,False,False,0,False,0,0,0,,,,,,,,,
1,Sony Open Tennis,,https://www.wtatennis.com/tournaments/902/miami/2013,Premier Mandatory,Hard,https://www.wtatennis.com/resources/v7.42.8/i/elements/1000k-tag.svg,2013-03-19,2013-03-31,2013,3,Miami,RUS,FL,US,USA,840,019,,America,Northern America,USA,2.0,1000.0,724000.0,128M/64Q/32D,Sony Open Tennis,,Maria Sharapova,3.0,https://www.wtatennis.com/resources/v7.42.8/i/elements/flags/rus.svg,Finals,W,"4-6, 6-3, 6-0",https://www.wtatennis.com/players/310137/maria-sharapova,False,False,False,False,False,False,False,3,False,25,16,9,RU,RUS,643,150,Europe,Eastern Europe,RUS,"4,6,None|6,3,None|6,0,None",
2,Sony Open Tennis,,https://www.wtatennis.com/tournaments/902/miami/2013,Premier Mandatory,Hard,https://www.wtatennis.com/resources/v7.42.8/i/elements/1000k-tag.svg,2013-03-19,2013-03-31,2013,3,Miami,POL,FL,US,USA,840,019,,America,Northern America,USA,4.0,1000.0,724000.0,128M/64Q/32D,Sony Open Tennis,,Agnieszka Radwanska,4.0,https://www.wtatennis.com/resources/v7.42.8/i/elements/flags/pol.svg,Semifinals,W,"6-0, 6-3",https://www.wtatennis.com/players/312251/agnieszka-radwanska,False,False,False,False,False,False,False,2,True,15,12,3,PL,POL,616,150,Europe,Central Europe,POL,"6,0,None|6,3,None",
3,Sony Open Tennis,,https://www.wtatennis.com/tournaments/902/miami/2013,Premier Mandatory,Hard,https://www.wtatennis.com/resources/v7.42.8/i/elements/1000k-tag.svg,2013-03-19,2013-03-31,2013,3,Miami,CHN,FL,US,USA,840,019,,America,Northern America,USA,5.0,1000.0,724000.0,128M/64Q/32D,Sony Open Tennis,,Na Li,5.0,https://www.wtatennis.com/resources/v7.42.8/i/elements/flags/chn.svg,Quarterfinals,W,"6-3, 7-6 (5)",https://www.wtatennis.com/players/120330/na-li,False,False,False,False,True,False,True,2,True,22,13,9,CN,CHN,156,142,Asia,East Asia,CHN,"6,3,None|7,6,5",
4,Sony Open Tennis,,https://www.wtatennis.com/tournaments/902/miami/2013,Premier Mandatory,Hard,https://www.wtatennis.com/resources/v7.42.8/i/elements/1000k-tag.svg,2013-03-19,2013-03-31,2013,3,Miami,SVK,FL,US,USA,840,019,,America,Northern America,USA,14.0,1000.0,724000.0,128M/64Q/32D,Sony Open Tennis,,Dominika Cibulkova,13.0,https://www.wtatennis.com/resources/v7.42.8/i/elements/flags/svk.svg,Round of 16,W,"2-6, 6-4, 6-2",https://www.wtatennis.com/players/312894/dominika-cibulkova,False,False,False,False,False,False,False,3,False,26,14,12,SK,SVK,703,150,Europe,Central Europe,SVK,"2,6,None|6,4,None|6,2,None",
5,Sony Open Tennis,,https://www.wtatennis.com/tournaments/902/miami/2013,Premier Mandatory,Hard,https://www.wtatennis.com/resources/v7.42.8/i/elements/1000k-tag.svg,2013-03-19,2013-03-31,2013,3,Miami,JPN,FL,US,USA,840,019,,America,Northern America,USA,50.0,1000.0,724000.0,128M/64Q/32D,Sony Open Tennis,,Ayumi Morita,,https://www.wtatennis.com/resources/v7.42.8/i/elements/flags/jpn.svg,Round of 32,W,"6-3, 6-3",https://www.wtatennis.com/players/312848/ayumi-morita,False,False,False,False,False,False,False,2,True,18,12,6,JP,JPN,392,142,Asia,East Asia,JPN,"6,3,None|6,3,None",
6,Sony Open Tennis,,https://www.wtatennis.com/tournaments/902/miami/2013,Premier Mandatory,Hard,https://www.wtatennis.com/resources/v7.42.8/i/elements/1000k-tag.svg,2013-03-19,2013-03-31,2013,3,Miami,ITA,FL,US,USA,840,019,,America,Northern America,USA,103.0,1000.0,724000.0,128M/64Q/32D,Sony Open Tennis,,Flavia Pennetta,,https://www.wtatennis.com/resources/v7.42.8/i/elements/flags/ita.svg,Round of 64,W,"6-1, 6-1",https://www.wtatennis.com/players/160391/flavia-pennetta,False,False,False,False,False,False,False,2,True,14,12,2,IT,ITA,380,150,Europe,Southern Europe,ITA,"6,1,None|6,1,None",
7,Sony Open Tennis,,https://www.wtatennis.com/tournaments/902/miami/2013,Premier Mandatory,Hard,https://www.wtatennis.com/resources/v7.42.8/i/elements/1000k-tag.svg,2013-03-19,2013-03-31,2013,3,Miami,,FL,US,USA,840,019,,America,Northern America,USA,,1000.0,724000.0,128M/64Q/32D,Sony Open Tennis,,,,,Round of 128,,Bye,,False,False,True,False,False,False,False,0,False,0,0,0,,,,,,,,,
1,Dubai Duty Free Tennis Championships,,https://www.wtatennis.com/tournaments/718/dubai/2013,Premier,Hard,https://www.wtatennis.com/resources/v7.42.8/i/elements/500k-tag.svg,2013-02-18,2013-02-23,2013,2,Dubai,FRA,,AE,ARE,784,142,,Asia,Western Asia,UAE,11.0,,,32M/32Q/16D,Dubai Duty Free Tennis Championships,,Marion Bartoli,,https://www.wtatennis.com/resources/v7.42.8/i/elements/flags/fra.svg,Round of 16,L,Walkover,https://www.wtatennis.com/players/20631/marion-bartoli,False,True,False,False,False,False,False,0,False,0,0,0,FR,FRA,250,150,Europe,Western Europe,FRA,,
2,Dubai Duty Free Tennis Championships,,https://www.wtatennis.com/tournaments/718/dubai/2013,Premier,Hard,https://www.wtatennis.com/resources/v7.42.8/i/elements/500k-tag.svg,2013-02-18,2013-02-23,2013,2,Dubai,,,AE,ARE,784,142,,Asia,Western Asia,UAE,,,,32M/32Q/16D,Dubai Duty Free Tennis Championships,,,,,Round of 32,,Bye,,False,False,True,False,False,False,False,0,False,0,0,0,,,,,,,,,
1,Qatar Total Open,,https://www.wtatennis.com/tournaments/1003/doha/2013,Premier 5,Hard,https://www.wtatennis.com/resources/v7.42.8/i/elements/1000k-tag.svg,2013-02-11,2013-02-17,2013,2,Doha,BLR,,QA,QAT,634,142,,Asia,Western Asia,QAT,1.0,620.0,213000.0,64M/32Q/32D,Qatar Total Open,,Victoria Azarenka,1.0,https://www.wtatennis.com/resources/v7.42.8/i/elements/flags/blr.svg,Finals,L,"6-7 (6), 6-2, 3-6",https://www.wtatennis.com/players/312001/victoria-azarenka,False,False,False,True,False,False,True,3,False,30,15,15,BY,BLR,112,150,Europe,Eastern Europe,BLR,"6,7,6|6,2,None|3,6,None",
2,Qatar Total Open,,https://www.wtatennis.com/tournaments/1003/doha/2013,Premier 5,Hard,https://www.wtatennis.com/resources/v7.42.8/i/elements/1000k-tag.svg,2013-02-11,2013-02-17,2013,2,Doha,RUS,,QA,QAT,634,142,,Asia,Western Asia,QAT,3.0,620.0,213000.0,64M/32Q/32D,Qatar Total Open,,Maria Sharapova,3.0,https://www.wtatennis.com/resources/v7.42.8/i/elements/flags/rus.svg,Semifinals,W,"6-3, 6-2",https://www.wtatennis.com/players/310137/maria-sharapova,False,False,False,False,False,False,False,2,True,17,12,5,RU,RUS,643,150,Europe,Eastern Europe,RUS,"6,3,None|6,2,None",
3,Qatar Total Open,,https://www.wtatennis.com/tournaments/1003/doha/2013,Premier 5,Hard,https://www.wtatennis.com/resources/v7.42.8/i/elements/1000k-tag.svg,2013-02-11,2013-02-17,2013,2,Doha,CZE,,QA,QAT,634,142,,Asia,Western Asia,QAT,8.0,620.0,213000.0,64M/32Q/32D,Qatar Total Open,,Petra Kvitova,7.0,https://www.wtatennis.com/resources/v7.42.8/i/elements/flags/cze.svg,Quarterfinals,W,"3-6, 6-3, 7-5",https://www.wtatennis.com/players/314206/petra-kvitova,False,False,False,False,False,False,False,3,False,30,16,14,CZ,CZE,203,150,Europe,Central Europe,CZE,"3,6,None|6,3,None|7,5,None",
4,Qatar Total Open,,https://www.wtatennis.com/tournaments/1003/doha/2013,Premier 5,Hard,https://www.wtatennis.com/resources/v7.42.8/i/elements/1000k-tag.svg,2013-02-11,2013-02-17,2013,2,Doha,POL,,QA,QAT,634,142,,Asia,Western Asia,QAT,37.0,620.0,213000.0,64M/32Q/32D,Qatar Total Open,,Urszula Radwanska,,https://www.wtatennis.com/resources/v7.42.8/i/elements/flags/pol.svg,Round of 16,W,"6-0, 6-3",https://www.wtatennis.com/players/313131/urszula-radwanska,False,False,False,False,False,False,False,2,True,15,12,3,PL,POL,616,150,Europe,Central Europe,POL,"6,0,None|6,3,None",
5,Qatar Total Open,,https://www.wtatennis.com/tournaments/1003/doha/2013,Premier 5,Hard,https://www.wtatennis.com/resources/v7.42.8/i/elements/1000k-tag.svg,2013-02-11,2013-02-17,2013,2,Doha,AUS,,QA,QAT,634,142,,Asia,Western Asia,QAT,160.0,620.0,213000.0,64M/32Q/32D,Qatar Total Open,,Daria Saville,,https://www.wtatennis.com/resources/v7.42.8/i/elements/flags/aus.svg,Round of 32,W,"6-2, 6-1",https://www.wtatennis.com/players/315997/daria-saville,False,False,False,False,False,False,False,2,True,15,12,3,AU,AUS,036,009,Oceania,Australasia,AUS,"6,2,None|6,1,None",
6,Qatar Total Open,,https://www.wtatennis.com/tournaments/1003/doha/2013,Premier 5,Hard,https://www.wtatennis.com/resources/v7.42.8/i/elements/1000k-tag.svg,2013-02-11,2013-02-17,2013,2,Doha,,,QA,QAT,634,142,,Asia,Western Asia,QAT,,620.0,213000.0,64M/32Q/32D,Qatar Total Open,,,,,Round of 64,,Bye,,False,False,True,False,False,False,False,0,False,0,0,0,,,,,,,,,
1,Australian Open,,https://www.wtatennis.com/tournaments/901/australian-open/2013,Grand Slam,Hard,https://www.wtatennis.com/resources/v7.42.8/i/elements/gs-tag.svg,2013-01-14,2013-01-27,2013,1,Melbourne,USA,,AU,AUS,036,009,United States of America|America|USA|US,Oceania,Australasia,AUS,25.0,500.0,251229.0,128M/128Q/64D,Australian Open,,Sloane Stephens,29.0,https://www.wtatennis.com/resources/v7.42.8/i/elements/flags/usa.svg,Quarterfinals,L,"6-3, 5-7, 4-6",https://www.wtatennis.com/players/315683/sloane-stephens,False,False,False,False,False,False,False,3,True,31,15,16,US,USA,840,019,America,Northern America,USA,"6,3,None|5,7,None|4,6,None",
2,Australian Open,,https://www.wtatennis.com/tournaments/901/australian-open/2013,Grand Slam,Hard,https://www.wtatennis.com/resources/v7.42.8/i/elements/gs-tag.svg,2013-01-14,2013-01-27,2013,1,Melbourne,RUS,,AU,AUS,036,009,,Oceania,Australasia,AUS,15.0,500.0,251229.0,128M/128Q/64D,Australian Open,,Maria Kirilenko,14.0,https://www.wtatennis.com/resources/v7.42.8/i/elements/flags/rus.svg,Round of 16,W,"6-2, 6-0",https://www.wtatennis.com/players/310577/maria-kirilenko,False,False,False,False,False,False,False,2,True,14,12,2,RU,RUS,643,150,Europe,Eastern Europe,RUS,"6,2,None|6,0,None",
3,Australian Open,,https://www.wtatennis.com/tournaments/901/australian-open/2013,Grand Slam,Hard,https://www.wtatennis.com/resources/v7.42.8/i/elements/gs-tag.svg,2013-01-14,2013-01-27,2013,1,Melbourne,JPN,,AU,AUS,036,009,,Oceania,Australasia,AUS,72.0,500.0,251229.0,128M/128Q/64D,Australian Open,,Ayumi Morita,,https://www.wtatennis.com/resources/v7.42.8/i/elements/flags/jpn.svg,Round of 32,W,"6-1, 6-3",https://www.wtatennis.com/players/312848/ayumi-morita,False,False,False,False,False,False,False,2,True,16,12,4,JP,JPN,392,142,Asia,East Asia,JPN,"6,1,None|6,3,None",
4,Australian Open,,https://www.wtatennis.com/tournaments/901/australian-open/2013,Grand Slam,Hard,https://www.wtatennis.com/resources/v7.42.8/i/elements/gs-tag.svg,2013-01-14,2013-01-27,2013,1,Melbourne,ESP,,AU,AUS,036,009,Kingdom of Spain,Oceania,Australasia,AUS,112.0,500.0,251229.0,128M/128Q/64D,Australian Open,,Garbiñe Muguruza,,https://www.wtatennis.com/resources/v7.42.8/i/elements/flags/esp.svg,Round of 64,W,"6-2, 6-0",https://www.wtatennis.com/players/316239/garbi-e-muguruza,False,False,False,False,False,False,False,2,True,14,12,2,ES,ESP,724,150,Europe,Southern Europe,ESP,"6,2,None|6,0,None",
5,Australian Open,,https://www.wtatennis.com/tournaments/901/australian-open/2013,Grand Slam,Hard,https://www.wtatennis.com/resources/v7.42.8/i/elements/gs-tag.svg,2013-01-14,2013-01-27,2013,1,Melbourne,USA,,AU,AUS,036,009,United States of America|America|USA|US,Oceania,Australasia,AUS,110.0,500.0,251229.0,128M/128Q/64D,Australian Open,,Edina Gallovits-Hall,,https://www.wtatennis.com/resources/v7.42.8/i/elements/flags/usa.svg,Round of 128,W,"6-0, 6-0",https://www.wtatennis.com/players/70471/edina-gallovits-hall,False,False,False,False,False,False,False,2,True,12,12,0,US,USA,840,019,America,Northern America,USA,"6,0,None|6,0,None",
1,Brisbane International Presented By Suncorp,,https://www.wtatennis.com/tournaments/800/brisbane/2013,Premier,Hard,https://www.wtatennis.com/resources/v7.42.8/i/elements/500k-tag.svg,2013-12-30,2013-01-05,2013,12,Brisbane,RUS,,AU,AUS,036,009,,Oceania,Australasia,AUS,36.0,470.0,162987.0,32M/32Q/16D,Brisbane International Presented By Suncorp,,Anastasia Pavlyuchenkova,,https://www.wtatennis.com/resources/v7.42.8/i/elements/flags/rus.svg,Finals,W,"6-2, 6-1",https://www.wtatennis.com/players/313796/anastasia-pavlyuchenkova,False,False,False,False,False,False,False,2,True,15,12,3,RU,RUS,643,150,Europe,Eastern Europe,RUS,"6,2,None|6,1,None",
2,Brisbane International Presented By Suncorp,,https://www.wtatennis.com/tournaments/800/brisbane/2013,Premier,Hard,https://www.wtatennis.com/resources/v7.42.8/i/elements/500k-tag.svg,2013-12-30,2013-01-05,2013,12,Brisbane,BLR,,AU,AUS,036,009,,Oceania,Australasia,AUS,1.0,470.0,162987.0,32M/32Q/16D,Brisbane International Presented By Suncorp,,Victoria Azarenka,1.0,https://www.wtatennis.com/resources/v7.42.8/i/elements/flags/blr.svg,Semifinals,W,Walkover,https://www.wtatennis.com/players/312001/victoria-azarenka,False,True,False,False,False,False,False,0,False,0,0,0,BY,BLR,112,150,Europe,Eastern Europe,BLR,,
3,Brisbane International Presented By Suncorp,,https://www.wtatennis.com/tournaments/800/brisbane/2013,Premier,Hard,https://www.wtatennis.com/resources/v7.42.8/i/elements/500k-tag.svg,2013-12-30,2013-01-05,2013,12,Brisbane,USA,,AU,AUS,036,009,United States of America|America|USA|US,Oceania,Australasia,AUS,38.0,470.0,162987.0,32M/32Q/16D,Brisbane International Presented By Suncorp,,Sloane Stephens,,https://www.wtatennis.com/resources/v7.42.8/i/elements/flags/usa.svg,Quarterfinals,W,"6-4, 6-3",https://www.wtatennis.com/players/315683/sloane-stephens,False,False,False,False,False,False,False,2,True,19,12,7,US,USA,840,019,America,Northern America,USA,"6,4,None|6,3,None",
4,Brisbane International Presented By Suncorp,,https://www.wtatennis.com/tournaments/800/brisbane/2013,Premier,Hard,https://www.wtatennis.com/resources/v7.42.8/i/elements/500k-tag.svg,2013-12-30,2013-01-05,2013,12,Brisbane,FRA,,AU,AUS,036,009,,Oceania,Australasia,AUS,44.0,470.0,162987.0,32M/32Q/16D,Brisbane International Presented By Suncorp,,Alizé Cornet,,https://www.wtatennis.com/resources/v7.42.8/i/elements/flags/fra.svg,Round of 16,W,"6-2, 6-2",https://www.wtatennis.com/players/312121/aliz-cornet,False,False,False,False,False,False,False,2,True,16,12,4,FR,FRA,250,150,Europe,Western Europe,FRA,"6,2,None|6,2,None",
5,Brisbane International Presented By Suncorp,,https://www.wtatennis.com/tournaments/800/brisbane/2013,Premier,Hard,https://www.wtatennis.com/resources/v7.42.8/i/elements/500k-tag.svg,2013-12-30,2013-01-05,2013,12,Brisbane,USA,,AU,AUS,036,009,United States of America|America|USA|US,Oceania,Australasia,AUS,21.0,470.0,162987.0,32M/32Q/16D,Brisbane International Presented By Suncorp,,Varvara Lepchenko,,https://www.wtatennis.com/resources/v7.42.8/i/elements/flags/usa.svg,Round of 32,W,"6-2, 6-1",https://www.wtatennis.com/players/120420/varvara-lepchenko,False,False,False,False,False,False,False,2,True,15,12,3,US,USA,840,019,America,Northern America,USA,"6,2,None|6,1,None",
1,Teb Bnp Paribas Wta Championships,,https://www.wtatennis.com/tournaments/808/wta-finals/2012,Finals,Hard,https://www.wtatennis.com/resources/v7.42.8/i/elements/finals-tag.svg,2012-10-23,2012-10-28,2012,10,Istanbul,RUS,,TR,TUR,792,142,,Asia,Western Asia,TUR,2.0,1500.0,1750000.0,8M/0Q/4D,Teb Bnp Paribas Wta Championships,,Maria Sharapova,2.0,https://www.wtatennis.com/resources/v7.42.8/i/elements/flags/rus.svg,Finals,W,"6-4, 6-3",https://www.wtatennis.com/players/310137/maria-sharapova,False,False,False,False,False,False,False,2,True,19,12,7,RU,RUS,643,150,Europe,Eastern Europe,RUS,"6,4,None|6,3,None",
2,Teb Bnp Paribas Wta Championships,,https://www.wtatennis.com/tournaments/808/wta-finals/2012,Finals,Hard,https://www.wtatennis.com/resources/v7.42.8/i/elements/finals-tag.svg,2012-10-23,2012-10-28,2012,10,Istanbul,POL,,TR,TUR,792,142,,Asia,Western Asia,TUR,4.0,1500.0,1750000.0,8M/0Q/4D,Teb Bnp Paribas Wta Championships,,Agnieszka Radwanska,4.0,https://www.wtatennis.com/resources/v7.42.8/i/elements/flags/pol.svg,Semifinals,W,"6-2, 6-1",https://www.wtatennis.com/players/312251/agnieszka-radwanska,False,False,False,False,False,False,False,2,True,15,12,3,PL,POL,616,150,Europe,Central Europe,POL,"6,2,None|6,1,None",
3,Teb Bnp Paribas Wta Championships,,https://www.wtatennis.com/tournaments/808/wta-finals/2012,Finals,Hard,https://www.wtatennis.com/resources/v7.42.8/i/elements/finals-tag.svg,2012-10-23,2012-10-28,2012,10,Istanbul,GER,,TR,TUR,792,142,,Asia,Western Asia,TUR,5.0,1500.0,1750000.0,8M/0Q/4D,Teb Bnp Paribas Wta Championships,,Angelique Kerber,5.0,https://www.wtatennis.com/resources/v7.42.8/i/elements/flags/ger.svg,Group Stage Group,W,"6-4, 6-1",https://www.wtatennis.com/players/311470/angelique-kerber,False,False,False,False,False,False,False,2,True,17,12,5,DE,DEU,276,150,Europe,Central Europe,GER,"6,4,None|6,1,None",
4,Teb Bnp Paribas Wta Championships,,https://www.wtatennis.com/tournaments/808/wta-finals/2012,Finals,Hard,https://www.wtatennis.com/resources/v7.42.8/i/elements/finals-tag.svg,2012-10-23,2012-10-28,2012,10,Istanbul,CHN,,TR,TUR,792,142,,Asia,Western Asia,TUR,8.0,1500.0,1750000.0,8M/0Q/4D,Teb Bnp Paribas Wta Championships,,Na Li,8.0,https://www.wtatennis.com/resources/v7.42.8/i/elements/flags/chn.svg,Group Stage Group,W,"7-6 (2), 6-3",https://www.wtatennis.com/players/120330/na-li,False,False,False,True,False,False,True,2,True,22,13,9,CN,CHN,156,142,Asia,East Asia,CHN,"7,6,2|6,3,None",
5,Teb Bnp Paribas Wta Championships,,https://www.wtatennis.com/tournaments/808/wta-finals/2012,Finals,Hard,https://www.wtatennis.com/resources/v7.42.8/i/elements/finals-tag.svg,2012-10-23,2012-10-28,2012,10,Istanbul,BLR,,TR,TUR,792,142,,Asia,Western Asia,TUR,1.0,1500.0,1750000.0,8M/0Q/4D,Teb Bnp Paribas Wta Championships,,Victoria Azarenka,1.0,https://www.wtatennis.com/resources/v7.42.8/i/elements/flags/blr.svg,Group Stage Group,W,"6-4, 6-4",https://www.wtatennis.com/players/312001/victoria-azarenka,False,False,False,False,False,False,False,2,True,20,12,8,BY,BLR,112,150,Europe,Eastern Europe,BLR,"6,4,None|6,4,None",
1,Us Open,,https://www.wtatennis.com/tournaments/905/us-open/2012,Grand Slam,Hard,https://www.wtatennis.com/resources/v7.42.8/i/elements/gs-tag.svg,2012-08-27,2012-09-08,2012,8,New York,BLR,NY,US,USA,840,019,,America,Northern America,USA,1.0,2000.0,1858054.0,128M/128Q/64D,Us Open,,Victoria Azarenka,1.0,https://www.wtatennis.com/resources/v7.42.8/i/elements/flags/blr.svg,Finals,W,"6-2, 2-6, 7-5",https://www.wtatennis.com/players/312001/victoria-azarenka,False,False,False,False,False,False,False,3,True,28,15,13,BY,BLR,112,150,Europe,Eastern Europe,BLR,"6,2,None|2,6,None|7,5,None",
2,Us Open,,https://www.wtatennis.com/tournaments/905/us-open/2012,Grand Slam,Hard,https://www.wtatennis.com/resources/v7.42.8/i/elements/gs-tag.svg,2012-08-27,2012-09-08,2012,8,New York,ITA,NY,US,USA,840,019,,America,Northern America,USA,10.0,2000.0,1858054.0,128M/128Q/64D,Us Open,,Sara Errani,10.0,https://www.wtatennis.com/resources/v7.42.8/i/elements/flags/ita.svg,Semifinals,W,"6-1, 6-2",https://www.wtatennis.com/players/310761/sara-errani,False,False,False,False,False,False,False,2,True,15,12,3,IT,ITA,380,150,Europe,Southern Europe,ITA,"6,1,None|6,2,None",
3,Us Open,,https://www.wtatennis.com/tournaments/905/us-open/2012,Grand Slam,Hard,https://www.wtatennis.com/resources/v7.42.8/i/elements/gs-tag.svg,2012-08-27,2012-09-08,2012,8,New York,SRB,NY,US,USA,840,019,,America,Northern America,USA,13.0,2000.0,1858054.0,128M/128Q/64D,Us Open,,Ana Ivanovic,12.0,https://www.wtatennis.com/resources/v7.42.8/i/elements/flags/srb.svg,Quarterfinals,W,"6-1, 6-3",https://www.wtatennis.com/players/311710/ana-ivanovic,False,False,False,False,False,False,False,2,True,16,12,4,RS,SRB,688,150,Europe,Southeastern Europe,SRB,"6,1,None|6,3,None",
4,Us Open,,https://www.wtatennis.com/tournaments/905/us-open/2012,Grand Slam,Hard,https://www.wtatennis.com/resources/v7.42.8/i/elements/gs-tag.svg,2012-08-27,2012-09-08,2012,8,New York,CZE,NY,US,USA,840,019,,America,Northern America,USA,82.0,2000.0,1858054.0,128M/128Q/64D,Us Open,,Andrea  Sestini Hlavackova,,https://www.wtatennis.com/resources/v7.42.8/i/elements/flags/cze.svg,Round of 16,W,"6-0, 6-0",https://www.wtatennis.com/players/80459/andrea-sestini-hlavackova,False,False,False,False,False,False,False,2,True,12,12,0,CZ,CZE,203,150,Europe,Central Europe,CZE,"6,0,None|6,0,None",
5,Us Open,,https://www.wtatennis.com/tournaments/905/us-open/2012,Grand Slam,Hard,https://www.wtatennis.com/resources/v7.42.8/i/elements/gs-tag.svg,2012-08-27,2012-09-08,2012,8,New York,RUS,NY,US,USA,840,019,,America,Northern America,USA,42.0,2000.0,1858054.0,128M/128Q/64D,Us Open,,Ekaterina Makarova,,https://www.wtatennis.com/resources/v7.42.8/i/elements/flags/rus.svg,Round of 32,W,"6-4, 6-0",https://www.wtatennis.com/players/311604/ekaterina-makarova,False,False,False,False,False,False,False,2,True,16,12,4,RU,RUS,643,150,Europe,Eastern Europe,RUS,"6,4,None|6,0,None",
6,Us Open,,https://www.wtatennis.com/tournaments/905/us-open/2012,Grand Slam,Hard,https://www.wtatennis.com/resources/v7.42.8/i/elements/gs-tag.svg,2012-08-27,2012-09-08,2012,8,New York,ESP,NY,US,USA,840,019,Kingdom of Spain,America,Northern America,USA,108.0,2000.0,1858054.0,128M/128Q/64D,Us Open,,Maria Jose  Martinez Sanchez,,https://www.wtatennis.com/resources/v7.42.8/i/elements/flags/esp.svg,Round of 64,W,"6-2, 6-4",https://www.wtatennis.com/players/130591/maria-jose-martinez-sanchez,False,False,False,False,False,False,False,2,True,18,12,6,ES,ESP,724,150,Europe,Southern Europe,ESP,"6,2,None|6,4,None",
7,Us Open,,https://www.wtatennis.com/tournaments/905/us-open/2012,Grand Slam,Hard,https://www.wtatennis.com/resources/v7.42.8/i/elements/gs-tag.svg,2012-08-27,2012-09-08,2012,8,New York,USA,NY,US,USA,840,019,United States of America|America|USA|US,America,Northern America,USA,75.0,2000.0,1858054.0,128M/128Q/64D,Us Open,,Coco Vandeweghe,,https://www.wtatennis.com/resources/v7.42.8/i/elements/flags/usa.svg,Round of 128,W,"6-1, 6-1",https://www.wtatennis.com/players/314464/coco-vandeweghe,False,False,False,False,False,False,False,2,True,14,12,2,US,USA,840,019,America,Northern America,USA,"6,1,None|6,1,None",
1,Western & Southern Open,,https://www.wtatennis.com/tournaments/1017/cincinnati/2012,Premier 5,Hard,https://www.wtatennis.com/resources/v7.42.8/i/elements/1000k-tag.svg,2012-08-13,2012-08-19,2012,8,Cincinnati,GER,OH,US,USA,840,019,,America,Northern America,USA,7.0,225.0,45750.0,64M/64Q/28D,Western & Southern Open,,Angelique Kerber,5.0,https://www.wtatennis.com/resources/v7.42.8/i/elements/flags/ger.svg,Quarterfinals,L,"4-6, 4-6",https://www.wtatennis.com/players/311470/angelique-kerber,False,False,False,False,False,False,False,2,False,20,8,12,DE,DEU,276,150,Europe,Central Europe,GER,"4,6,None|4,6,None",
2,Western & Southern Open,,https://www.wtatennis.com/tournaments/1017/cincinnati/2012,Premier 5,Hard,https://www.wtatennis.com/resources/v7.42.8/i/elements/1000k-tag.svg,2012-08-13,2012-08-19,2012,8,Cincinnati,POL,OH,US,USA,840,019,,America,Northern America,USA,46.0,225.0,45750.0,64M/64Q/28D,Western & Southern Open,,Urszula Radwanska,,https://www.wtatennis.com/resources/v7.42.8/i/elements/flags/pol.svg,Round of 16,W,"6-4, 6-3",https://www.wtatennis.com/players/313131/urszula-radwanska,False,False,False,False,False,False,False,2,True,19,12,7,PL,POL,616,150,Europe,Central Europe,POL,"6,4,None|6,3,None",
3,Western & Southern Open,,https://www.wtatennis.com/tournaments/1017/cincinnati/2012,Premier 5,Hard,https://www.wtatennis.com/resources/v7.42.8/i/elements/1000k-tag.svg,2012-08-13,2012-08-19,2012,8,Cincinnati,GRE,OH,US,USA,840,019,,America,Northern America,USA,121.0,225.0,45750.0,64M/64Q/28D,Western & Southern Open,,Eleni Daniilidou,,https://www.wtatennis.com/resources/v7.42.8/i/elements/flags/gre.svg,Round of 32,W,"6-3, 6-4",https://www.wtatennis.com/players/40313/eleni-daniilidou,False,False,False,False,False,False,False,2,True,19,12,7,GR,GRC,300,150,Europe,Southeastern Europe,GRE,"6,3,None|6,4,None",
4,Western & Southern Open,,https://www.wtatennis.com/tournaments/1017/cincinnati/2012,Premier 5,Hard,https://www.wtatennis.com/resources/v7.42.8/i/elements/1000k-tag.svg,2012-08-13,2012-08-19,2012,8,Cincinnati,,OH,US,USA,840,019,,America,Northern America,USA,,225.0,45750.0,64M/64Q/28D,Western & Southern Open,,,,,Round of 64,,Bye,,False,False,True,False,False,False,False,0,False,0,0,0,,,,,,,,,
1,Olympics Tennis Event,,https://www.wtatennis.com/tournaments/650/olympics/2012,OLYMPICS,Grass,,2012-07-28,2012-08-05,2012,7,London,RUS,,GB,GBR,826,150,,Europe,Northern Europe,ENG,3.0,685.0,,64M/0Q/32D,Olympics Tennis Event,,Maria Sharapova,3.0,https://www.wtatennis.com/resources/v7.42.8/i/elements/flags/rus.svg,Finals,W,"6-0, 6-1",https://www.wtatennis.com/players/310137/maria-sharapova,False,False,False,False,False,False,False,2,True,13,12,1,RU,RUS,643,150,Europe,Eastern Europe,RUS,"6,0,None|6,1,None",
2,Olympics Tennis Event,,https://www.wtatennis.com/tournaments/650/olympics/2012,OLYMPICS,Grass,,2012-07-28,2012-08-05,2012,7,London,BLR,,GB,GBR,826,150,,Europe,Northern Europe,ENG,1.0,685.0,,64M/0Q/32D,Olympics Tennis Event,,Victoria Azarenka,1.0,https://www.wtatennis.com/resources/v7.42.8/i/elements/flags/blr.svg,Semifinals,W,"6-1, 6-2",https://www.wtatennis.com/players/312001/victoria-azarenka,False,False,False,False,False,False,False,2,True,15,12,3,BY,BLR,112,150,Europe,Eastern Europe,BLR,"6,1,None|6,2,None",
3,Olympics Tennis Event,,https://www.wtatennis.com/tournaments/650/olympics/2012,OLYMPICS,Grass,,2012-07-28,2012-08-05,2012,7,London,DEN,,GB,GBR,826,150,,Europe,Northern Europe,ENG,8.0,685.0,,64M/0Q/32D,Olympics Tennis Event,,Caroline Wozniacki,8.0,https://www.wtatennis.com/resources/v7.42.8/i/elements/flags/den.svg,Quarterfinals,W,"6-0, 6-3",https://www.wtatennis.com/players/313402/caroline-wozniacki,False,False,False,False,False,False,False,2,True,15,12,3,DK,DNK,208,150,Europe,Northern Europe,DEN,"6,0,None|6,3,None",
4,Olympics Tennis Event,,https://www.wtatennis.com/tournaments/650/olympics/2012,OLYMPICS,Grass,,2012-07-28,2012-08-05,2012,7,London,RUS,,GB,GBR,826,150,,Europe,Northern Europe,ENG,14.0,685.0,,64M/0Q/32D,Olympics Tennis Event,,Vera Zvonareva,13.0,https://www.wtatennis.com/resources/v7.42.8/i/elements/flags/rus.svg,Round of 16,W,"6-1, 6-0",https://www.wtatennis.com/players/260142/vera-zvonareva,False,False,False,False,False,False,False,2,True,13,12,1,RU,RUS,643,150,Europe,Eastern Europe,RUS,"6,1,None|6,0,None",
5,Olympics Tennis Event,,https://www.wtatennis.com/tournaments/650/olympics/2012,OLYMPICS,Grass,,2012-07-28,2012-08-05,2012,7,London,POL,,GB,GBR,826,150,,Europe,Northern Europe,ENG,44.0,685.0,,64M/0Q/32D,Olympics Tennis Event,,Urszula Radwanska,,https://www.wtatennis.com/resources/v7.42.8/i/elements/flags/pol.svg,Round of 32,W,"6-2, 6-3",https://www.wtatennis.com/players/313131/urszula-radwanska,False,False,False,False,False,False,False,2,True,17,12,5,PL,POL,616,150,Europe,Central Europe,POL,"6,2,None|6,3,None",
6,Olympics Tennis Event,,https://www.wtatennis.com/tournaments/650/olympics/2012,OLYMPICS,Grass,,2012-07-28,2012-08-05,2012,7,London,SRB,,GB,GBR,826,150,,Europe,Northern Europe,ENG,20.0,685.0,,64M/0Q/32D,Olympics Tennis Event,,Jelena Jankovic,,https://www.wtatennis.com/resources/v7.42.8/i/elements/flags/srb.svg,Round of 64,W,"6-3, 6-1",https://www.wtatennis.com/players/100153/jelena-jankovic,False,False,False,False,False,False,False,2,True,16,12,4,RS,SRB,688,150,Europe,Southeastern Europe,SRB,"6,3,None|6,1,None",
1,Bank Of The West Classic,,https://www.wtatennis.com/tournaments/703/san-jose/2012,Premier,Hard,https://www.wtatennis.com/resources/v7.42.8/i/elements/500k-tag.svg,2012-07-09,2012-07-15,2012,7,Stanford,USA,CA,US,USA,840,019,United States of America|America|USA|US,America,Northern America,USA,120.0,470.0,96000.0,32M/16Q/16D,Bank Of The West Classic,,Coco Vandeweghe,,https://www.wtatennis.com/resources/v7.42.8/i/elements/flags/usa.svg,Finals,W,"7-5, 6-3",https://www.wtatennis.com/players/314464/coco-vandeweghe,False,False,False,False,False,False,False,2,True,21,13,8,US,USA,840,019,America,Northern America,USA,"7,5,None|6,3,None",
2,Bank Of The West Classic,,https://www.wtatennis.com/tournaments/703/san-jose/2012,Premier,Hard,https://www.wtatennis.com/resources/v7.42.8/i/elements/500k-tag.svg,2012-07-09,2012-07-15,2012,7,Stanford,ROU,CA,US,USA,840,019,,America,Northern America,USA,43.0,470.0,96000.0,32M/16Q/16D,Bank Of The West Classic,,Sorana Cirstea,9.0,https://www.wtatennis.com/resources/v7.42.8/i/elements/flags/rou.svg,Semifinals,W,"6-1, 6-2",https://www.wtatennis.com/players/312469/sorana-cirstea,False,False,False,False,False,False,False,2,True,15,12,3,RO,ROU,642,150,Europe,Southeastern Europe,ROU,"6,1,None|6,2,None",
3,Bank Of The West Classic,,https://www.wtatennis.com/tournaments/703/san-jose/2012,Premier,Hard,https://www.wtatennis.com/resources/v7.42.8/i/elements/500k-tag.svg,2012-07-09,2012-07-15,2012,7,Stanford,RSA,CA,US,USA,840,019,,America,Northern America,USA,42.0,470.0,96000.0,32M/16Q/16D,Bank Of The West Classic,,Chanelle Scheepers,6.0,https://www.wtatennis.com/resources/v7.42.8/i/elements/flags/rsa.svg,Quarterfinals,W,"6-4, 6-0",https://www.wtatennis.com/players/190873/chanelle-scheepers,False,False,False,False,False,False,False,2,True,16,12,4,ZA,ZAF,710,002,Africa,Southern Africa,RSA,"6,4,None|6,0,None",
4,Bank Of The West Classic,,https://www.wtatennis.com/tournaments/703/san-jose/2012,Premier,Hard,https://www.wtatennis.com/resources/v7.42.8/i/elements/500k-tag.svg,2012-07-09,2012-07-15,2012,7,Stanford,USA,CA,US,USA,840,019,United States of America|America|USA|US,America,Northern America,USA,403.0,470.0,96000.0,32M/16Q/16D,Bank Of The West Classic,,Nicole Gibbs,,https://www.wtatennis.com/resources/v7.42.8/i/elements/flags/usa.svg,Round of 16,W,"6-2, 6-1",https://www.wtatennis.com/players/315279/nicole-gibbs,False,False,False,False,False,False,False,2,True,15,12,3,US,USA,840,019,America,Northern America,USA,"6,2,None|6,1,None",
5,Bank Of The West Classic,,https://www.wtatennis.com/tournaments/703/san-jose/2012,Premier,Hard,https://www.wtatennis.com/resources/v7.42.8/i/elements/500k-tag.svg,2012-07-09,2012-07-15,2012,7,Stanford,,CA,US,USA,840,019,,America,Northern America,USA,,470.0,96000.0,32M/16Q/16D,Bank Of The West Classic,,,,,Round of 32,,Bye,,False,False,True,False,False,False,False,0,False,0,0,0,,,,,,,,,
1,Wimbledon,,https://www.wtatennis.com/tournaments/904/wimbledon/2012,Grand Slam,Grass,https://www.wtatennis.com/resources/v7.42.8/i/elements/gs-tag.svg,2012-06-25,2012-07-07,2012,6,Wimbledon,POL,,GB,GBR,826,150,,Europe,Northern Europe,ENG,3.0,2000.0,1787067.0,128M/128Q/64D,The Championships,,Agnieszka Radwanska,3.0,https://www.wtatennis.com/resources/v7.42.8/i/elements/flags/pol.svg,Finals,W,"6-1, 5-7, 6-2",https://www.wtatennis.com/players/312251/agnieszka-radwanska,False,False,False,False,False,False,False,3,True,27,17,10,PL,POL,616,150,Europe,Central Europe,POL,"6,1,None|5,7,None|6,2,None",
2,Wimbledon,,https://www.wtatennis.com/tournaments/904/wimbledon/2012,Grand Slam,Grass,https://www.wtatennis.com/resources/v7.42.8/i/elements/gs-tag.svg,2012-06-25,2012-07-07,2012,6,Wimbledon,BLR,,GB,GBR,826,150,,Europe,Northern Europe,ENG,2.0,2000.0,1787067.0,128M/128Q/64D,The Championships,,Victoria Azarenka,2.0,https://www.wtatennis.com/resources/v7.42.8/i/elements/flags/blr.svg,Semifinals,W,"6-3, 7-6 (6)",https://www.wtatennis.com/players/312001/victoria-azarenka,False,False,False,False,True,False,True,2,True,22,13,9,BY,BLR,112,150,Europe,Eastern Europe,BLR,"6,3,None|7,6,6",
3,Wimbledon,,https://www.wtatennis.com/tournaments/904/wimbledon/2012,Grand Slam,Grass,https://www.wtatennis.com/resources/v7.42.8/i/elements/gs-tag.svg,2012-06-25,2012-07-07,2012,6,Wimbledon,CZE,,GB,GBR,826,150,,Europe,Northern Europe,ENG,4.0,2000.0,1787067.0,128M/128Q/64D,The Championships,,Petra Kvitova,4.0,https://www.wtatennis.com/resources/v7.42.8/i/elements/flags/cze.svg,Quarterfinals,W,"6-3, 7-5",https://www.wtatennis.com/players/314206/petra-kvitova,False,False,False,False,False,False,False,2,True,21,13,8,CZ,CZE,203,150,Europe,Central Europe,CZE,"6,3,None|7,5,None",
4,Wimbledon,,https://www.wtatennis.com/tournaments/904/wimbledon/2012,Grand Slam,Grass,https://www.wtatennis.com/resources/v7.42.8/i/elements/gs-tag.svg,2012-06-25,2012-07-07,2012,6,Wimbledon,KAZ,,GB,GBR,826,150,,Europe,Northern Europe,ENG,65.0,2000.0,1787067.0,128M/128Q/64D,The Championships,,Yaroslava Shvedova,,https://www.wtatennis.com/resources/v7.42.8/i/elements/flags/kaz.svg,Round of 16,W,"6-1, 2-6, 7-5",https://www.wtatennis.com/players/311137/yaroslava-shvedova,False,False,False,False,False,False,False,3,True,27,15,12,KZ,KAZ,398,142,Asia,Central Asia,KAZ,"6,1,None|2,6,None|7,5,None",
5,Wimbledon,,https://www.wtatennis.com/tournaments/904/wimbledon/2012,Grand Slam,Grass,https://www.wtatennis.com/resources/v7.42.8/i/elements/gs-tag.svg,2012-06-25,2012-07-07,2012,6,Wimbledon,CHN,,GB,GBR,826,150,,Europe,Northern Europe,ENG,27.0,2000.0,1787067.0,128M/128Q/64D,The Championships,,Jie Zheng,25.0,https://www.wtatennis.com/resources/v7.42.8/i/elements/flags/chn.svg,Round of 32,W,"6-7 (5), 6-2, 9-7",https://www.wtatennis.com/players/260144/jie-zheng,False,False,False,True,False,False,True,3,False,37,21,16,CN,CHN,156,142,Asia,East Asia,CHN,"6,7,5|6,2,None|9,7,None",
6,Wimbledon,,https://www.wtatennis.com/tournaments/904/wimbledon/2012,Grand Slam,Grass,https://www.wtatennis.com/resources/v7.42.8/i/elements/gs-tag.svg,2012-06-25,2012-07-07,2012,6,Wimbledon,HUN,,GB,GBR,826,150,,Europe,Northern Europe,ENG,98.0,2000.0,1787067.0,128M/128Q/64D,The Championships,,Melinda Czink,,https://www.wtatennis.com/resources/v7.42.8/i/elements/flags/hun.svg,Round of 64,W,"6-1, 6-4",https://www.wtatennis.com/players/30557/melinda-czink,False,False,False,False,False,False,False,2,True,17,12,5,HU,HUN,348,150,Europe,Central Europe,HUN,"6,1,None|6,4,None",
7,Wimbledon,,https://www.wtatennis.com/tournaments/904/wimbledon/2012,Grand Slam,Grass,https://www.wtatennis.com/resources/v7.42.8/i/elements/gs-tag.svg,2012-06-25,2012-07-07,2012,6,Wimbledon,CZE,,GB,GBR,826,150,,Europe,Northern Europe,ENG,62.0,2000.0,1787067.0,128M/128Q/64D,The Championships,,Barbora Strycova,,https://www.wtatennis.com/resources/v7.42.8/i/elements/flags/cze.svg,Round of 128,W,"6-2, 6-4",https://www.wtatennis.com/players/190879/barbora-strycova,False,False,False,False,False,False,False,2,True,18,12,6,CZ,CZE,203,150,Europe,Central Europe,CZE,"6,2,None|6,4,None",
1,Roland Garros,,https://www.wtatennis.com/tournaments/903/roland-garros/2012,Grand Slam,Clay,https://www.wtatennis.com/resources/v7.42.8/i/elements/gs-tag.svg,2012-05-27,2012-06-09,2012,5,Paris,FRA,,FR,FRA,250,150,,Europe,Western Europe,FRA,111.0,5.0,24320.0,128M/128Q/64D,Championnats Internationaux De France,,Virginie Razzano,,https://www.wtatennis.com/resources/v7.42.8/i/elements/flags/fra.svg,Round of 128,L,"6-4, 6-7 (5), 3-6",https://www.wtatennis.com/players/180384/virginie-razzano,False,False,False,False,True,False,True,3,True,32,15,17,FR,FRA,250,150,Europe,Western Europe,FRA,"6,4,None|6,7,5|3,6,None",
1,Internazionali Bnl D'Italia,,https://www.wtatennis.com/tournaments/709/rome/2012,Premier 5,Clay,https://www.wtatennis.com/resources/v7.42.8/i/elements/1000k-tag.svg,2012-05-14,2012-05-20,2012,5,Rome,CHN,,IT,ITA,380,150,,Europe,Southern Europe,ITA,9.0,395.0,70175.0,64M/32Q/32D,Internazionali Bnl D'Italia,,Na Li,8.0,https://www.wtatennis.com/resources/v7.42.8/i/elements/flags/chn.svg,Semifinals,L,Walkover,https://www.wtatennis.com/players/120330/na-li,False,True,False,False,False,False,False,0,False,0,0,0,CN,CHN,156,142,Asia,East Asia,CHN,,
2,Internazionali Bnl D'Italia,,https://www.wtatennis.com/tournaments/709/rome/2012,Premier 5,Clay,https://www.wtatennis.com/resources/v7.42.8/i/elements/1000k-tag.svg,2012-05-14,2012-05-20,2012,5,Rome,ITA,,IT,ITA,380,150,,Europe,Southern Europe,ITA,21.0,395.0,70175.0,64M/32Q/32D,Internazionali Bnl D'Italia,,Flavia Pennetta,,https://www.wtatennis.com/resources/v7.42.8/i/elements/flags/ita.svg,Quarterfinals,W,4-0,https://www.wtatennis.com/players/160391/flavia-pennetta,True,False,False,False,False,False,False,1,False,4,4,0,IT,ITA,380,150,Europe,Southern Europe,ITA,"4,0,None|Ret",
3,Internazionali Bnl D'Italia,,https://www.wtatennis.com/tournaments/709/rome/2012,Premier 5,Clay,https://www.wtatennis.com/resources/v7.42.8/i/elements/1000k-tag.svg,2012-05-14,2012-05-20,2012,5,Rome,ESP,,IT,ITA,380,150,Kingdom of Spain,Europe,Southern Europe,ITA,31.0,395.0,70175.0,64M/32Q/32D,Internazionali Bnl D'Italia,,Anabel Medina Garrigues,,https://www.wtatennis.com/resources/v7.42.8/i/elements/flags/esp.svg,Round of 16,W,"6-3, 6-1",https://www.wtatennis.com/players/130611/anabel-medina-garrigues,False,False,False,False,False,False,False,2,True,16,12,4,ES,ESP,724,150,Europe,Southern Europe,ESP,"6,3,None|6,1,None",
4,Internazionali Bnl D'Italia,,https://www.wtatennis.com/tournaments/709/rome/2012,Premier 5,Clay,https://www.wtatennis.com/resources/v7.42.8/i/elements/1000k-tag.svg,2012-05-14,2012-05-20,2012,5,Rome,RUS,,IT,ITA,380,150,,Europe,Southern Europe,ITA,30.0,395.0,70175.0,64M/32Q/32D,Internazionali Bnl D'Italia,,Nadia Petrova,,https://www.wtatennis.com/resources/v7.42.8/i/elements/flags/rus.svg,Round of 32,W,"4-6, 6-2, 6-3",https://www.wtatennis.com/players/160379/nadia-petrova,False,False,False,False,False,False,False,3,False,27,16,11,RU,RUS,643,150,Europe,Eastern Europe,RUS,"4,6,None|6,2,None|6,3,None",
5,Internazionali Bnl D'Italia,,https://www.wtatennis.com/tournaments/709/rome/2012,Premier 5,Clay,https://www.wtatennis.com/resources/v7.42.8/i/elements/1000k-tag.svg,2012-05-14,2012-05-20,2012,5,Rome,KAZ,,IT,ITA,380,150,,Europe,Southern Europe,ITA,46.0,395.0,70175.0,64M/32Q/32D,Internazionali Bnl D'Italia,,Galina Voskoboeva,,https://www.wtatennis.com/resources/v7.42.8/i/elements/flags/kaz.svg,Round of 64,W,"6-2, 6-3",https://www.wtatennis.com/players/310419/galina-voskoboeva,False,False,False,False,False,False,False,2,True,17,12,5,KZ,KAZ,398,142,Asia,Central Asia,KAZ,"6,2,None|6,3,None",
1,Mutua Madrid Open,,https://www.wtatennis.com/tournaments/1038/madrid/2012,Premier Mandatory,Clay,https://www.wtatennis.com/resources/v7.42.8/i/elements/1000k-tag.svg,2012-05-05,2012-05-13,2012,5,Madrid,BLR,,ES,ESP,724,150,,Europe,Southern Europe,ESP,1.0,1000.0,872042.0,64M/32Q/28D,Mutua Madrid Open,,Victoria Azarenka,1.0,https://www.wtatennis.com/resources/v7.42.8/i/elements/flags/blr.svg,Finals,W,"6-1, 6-3",https://www.wtatennis.com/players/312001/victoria-azarenka,False,False,False,False,False,False,False,2,True,16,12,4,BY,BLR,112,150,Europe,Eastern Europe,BLR,"6,1,None|6,3,None",
2,Mutua Madrid Open,,https://www.wtatennis.com/tournaments/1038/madrid/2012,Premier Mandatory,Clay,https://www.wtatennis.com/resources/v7.42.8/i/elements/1000k-tag.svg,2012-05-05,2012-05-13,2012,5,Madrid,CZE,,ES,ESP,724,150,,Europe,Southern Europe,ESP,105.0,1000.0,872042.0,64M/32Q/28D,Mutua Madrid Open,,Lucie Hradecka,,https://www.wtatennis.com/resources/v7.42.8/i/elements/flags/cze.svg,Semifinals,W,"7-6 (5), 6-0",https://www.wtatennis.com/players/310849/lucie-hradecka,False,False,False,True,False,False,True,2,True,19,13,6,CZ,CZE,203,150,Europe,Central Europe,CZE,"7,6,5|6,0,None",
3,Mutua Madrid Open,,https://www.wtatennis.com/tournaments/1038/madrid/2012,Premier Mandatory,Clay,https://www.wtatennis.com/resources/v7.42.8/i/elements/1000k-tag.svg,2012-05-05,2012-05-13,2012,5,Madrid,RUS,,ES,ESP,724,150,,Europe,Southern Europe,ESP,2.0,1000.0,872042.0,64M/32Q/28D,Mutua Madrid Open,,Maria Sharapova,2.0,https://www.wtatennis.com/resources/v7.42.8/i/elements/flags/rus.svg,Quarterfinals,W,"6-1, 6-3",https://www.wtatennis.com/players/310137/maria-sharapova,False,False,False,False,False,False,False,2,True,16,12,4,RU,RUS,643,150,Europe,Eastern Europe,RUS,"6,1,None|6,3,None",
4,Mutua Madrid Open,,https://www.wtatennis.com/tournaments/1038/madrid/2012,Premier Mandatory,Clay,https://www.wtatennis.com/resources/v7.42.8/i/elements/1000k-tag.svg,2012-05-05,2012-05-13,2012,5,Madrid,DEN,,ES,ESP,724,150,,Europe,Southern Europe,ESP,6.0,1000.0,872042.0,64M/32Q/28D,Mutua Madrid Open,,Caroline Wozniacki,6.0,https://www.wtatennis.com/resources/v7.42.8/i/elements/flags/den.svg,Round of 16,W,"1-6, 6-3, 6-2",https://www.wtatennis.com/players/313402/caroline-wozniacki,False,False,False,False,False,False,False,3,False,24,13,11,DK,DNK,208,150,Europe,Northern Europe,DEN,"1,6,None|6,3,None|6,2,None",
5,Mutua Madrid Open,,https://www.wtatennis.com/tournaments/1038/madrid/2012,Premier Mandatory,Clay,https://www.wtatennis.com/resources/v7.42.8/i/elements/1000k-tag.svg,2012-05-05,2012-05-13,2012,5,Madrid,RUS,,ES,ESP,724,150,,Europe,Southern Europe,ESP,25.0,1000.0,872042.0,64M/32Q/28D,Mutua Madrid Open,,Anastasia Pavlyuchenkova,,https://www.wtatennis.com/resources/v7.42.8/i/elements/flags/rus.svg,Round of 32,W,"6-2, 6-1",https://www.wtatennis.com/players/313796/anastasia-pavlyuchenkova,False,False,False,False,False,False,False,2,True,15,12,3,RU,RUS,643,150,Europe,Eastern Europe,RUS,"6,2,None|6,1,None",
6,Mutua Madrid Open,,https://www.wtatennis.com/tournaments/1038/madrid/2012,Premier Mandatory,Clay,https://www.wtatennis.com/resources/v7.42.8/i/elements/1000k-tag.svg,2012-05-05,2012-05-13,2012,5,Madrid,RUS,,ES,ESP,724,150,,Europe,Southern Europe,ESP,68.0,1000.0,872042.0,64M/32Q/28D,Mutua Madrid Open,,Elena Vesnina,,https://www.wtatennis.com/resources/v7.42.8/i/elements/flags/rus.svg,Round of 64,W,"6-3, 6-1",https://www.wtatennis.com/players/311220/elena-vesnina,False,False,False,False,False,False,False,2,True,16,12,4,RU,RUS,643,150,Europe,Eastern Europe,RUS,"6,3,None|6,1,None",
1,Fed Cup World Group (Playoffs) Wk2,https://www.wtatennis.com/resources/v7.42.8/i/elements/itf.png,,ITF,Clay,https://www.wtatennis.com/resources/v7.42.8/i/elements/itf.png,2012-04-21,2012-04-22,2012,4,Kharkiv,UKR,,UA,UKR,804,150,,Europe,Eastern Europe,UKR,171.0,,,8M/0Q/2D,Fed Cup World Group (Playoffs) Wk2,,Elina Svitolina,,https://www.wtatennis.com/resources/v7.42.8/i/elements/flags/ukr.svg,Round 2 R2,W,"6-2, 6-1",https://www.wtatennis.com/players/316738/elina-svitolina,False,False,False,False,False,False,False,2,True,15,12,3,UA,UKR,804,150,Europe,Eastern Europe,UKR,"6,2,None|6,1,None",
2,Fed Cup World Group (Playoffs) Wk2,https://www.wtatennis.com/resources/v7.42.8/i/elements/itf.png,,ITF,Clay,https://www.wtatennis.com/resources/v7.42.8/i/elements/itf.png,2012-04-21,2012-04-22,2012,4,Kharkiv,UKR,,UA,UKR,804,150,,Europe,Eastern Europe,UKR,110.0,,,8M/0Q/2D,Fed Cup World Group (Playoffs) Wk2,,Lesia Tsurenko,,https://www.wtatennis.com/resources/v7.42.8/i/elements/flags/ukr.svg,Round 2 R2,W,"6-3, 6-2",https://www.wtatennis.com/players/315295/lesia-tsurenko,False,False,False,False,False,False,False,2,True,17,12,5,UA,UKR,804,150,Europe,Eastern Europe,UKR,"6,3,None|6,2,None",
1,Family Circle Cup,,https://www.wtatennis.com/tournaments/804/charleston/2012,Premier,Clay,https://www.wtatennis.com/resources/v7.42.8/i/elements/500k-tag.svg,2012-04-02,2012-04-08,2012,4,Charleston,CZE,SC,US,USA,840,019,,America,Northern America,USA,26.0,470.0,115000.0,64M/64Q/16D,Family Circle Cup,,Lucie Safarova,9.0,https://www.wtatennis.com/resources/v7.42.8/i/elements/flags/cze.svg,Finals,W,"6-0, 6-1",https://www.wtatennis.com/players/310553/lucie-safarova,False,False,False,False,False,False,False,2,True,13,12,1,CZ,CZE,203,150,Europe,Central Europe,CZE,"6,0,None|6,1,None",
2,Family Circle Cup,,https://www.wtatennis.com/tournaments/804/charleston/2012,Premier,Clay,https://www.wtatennis.com/resources/v7.42.8/i/elements/500k-tag.svg,2012-04-02,2012-04-08,2012,4,Charleston,AUS,SC,US,USA,840,019,,America,Northern America,USA,5.0,470.0,115000.0,64M/64Q/16D,Family Circle Cup,,Samantha Stosur,2.0,https://www.wtatennis.com/resources/v7.42.8/i/elements/flags/aus.svg,Semifinals,W,"6-1, 6-1",https://www.wtatennis.com/players/190787/samantha-stosur,False,False,False,False,False,False,False,2,True,14,12,2,AU,AUS,036,009,Oceania,Australasia,AUS,"6,1,None|6,1,None",
3,Family Circle Cup,,https://www.wtatennis.com/tournaments/804/charleston/2012,Premier,Clay,https://www.wtatennis.com/resources/v7.42.8/i/elements/500k-tag.svg,2012-04-02,2012-04-08,2012,4,Charleston,GER,SC,US,USA,840,019,,America,Northern America,USA,13.0,470.0,115000.0,64M/64Q/16D,Family Circle Cup,,Sabine Lisicki,6.0,https://www.wtatennis.com/resources/v7.42.8/i/elements/flags/ger.svg,Quarterfinals,W,4-1,https://www.wtatennis.com/players/312520/sabine-lisicki,True,False,False,False,False,False,False,1,False,5,4,1,DE,DEU,276,150,Europe,Central Europe,GER,"4,1,None|Ret",
4,Family Circle Cup,,https://www.wtatennis.com/tournaments/804/charleston/2012,Premier,Clay,https://www.wtatennis.com/resources/v7.42.8/i/elements/500k-tag.svg,2012-04-02,2012-04-08,2012,4,Charleston,NZL,SC,US,USA,840,019,,America,Northern America,USA,45.0,470.0,115000.0,64M/64Q/16D,Family Circle Cup,,Marina Erakovic,17.0,https://www.wtatennis.com/resources/v7.42.8/i/elements/flags/nzl.svg,Round of 16,W,"6-2, 6-2",https://www.wtatennis.com/players/312086/marina-erakovic,False,False,False,False,False,False,False,2,True,16,12,4,NZ,NZL,554,009,Oceania,Australasia,NZL,"6,2,None|6,2,None",
5,Family Circle Cup,,https://www.wtatennis.com/tournaments/804/charleston/2012,Premier,Clay,https://www.wtatennis.com/resources/v7.42.8/i/elements/500k-tag.svg,2012-04-02,2012-04-08,2012,4,Charleston,RUS,SC,US,USA,840,019,,America,Northern America,USA,56.0,470.0,115000.0,64M/64Q/16D,Family Circle Cup,,Elena Vesnina,,https://www.wtatennis.com/resources/v7.42.8/i/elements/flags/rus.svg,Round of 32,W,"6-3, 6-4",https://www.wtatennis.com/players/311220/elena-vesnina,False,False,False,False,False,False,False,2,True,19,12,7,RU,RUS,643,150,Europe,Eastern Europe,RUS,"6,3,None|6,4,None",
6,Family Circle Cup,,https://www.wtatennis.com/tournaments/804/charleston/2012,Premier,Clay,https://www.wtatennis.com/resources/v7.42.8/i/elements/500k-tag.svg,2012-04-02,2012-04-08,2012,4,Charleston,,SC,US,USA,840,019,,America,Northern America,USA,,470.0,115000.0,64M/64Q/16D,Family Circle Cup,,,,,Round of 64,,Bye,,False,False,True,False,False,False,False,0,False,0,0,0,,,,,,,,,
1,Sony Ericsson Open,,https://www.wtatennis.com/tournaments/902/miami/2012,Premier Mandatory,Hard,https://www.wtatennis.com/resources/v7.42.8/i/elements/1000k-tag.svg,2012-03-20,2012-03-31,2012,3,Miami,DEN,FL,US,USA,840,019,,America,Northern America,USA,6.0,250.0,79000.0,128M/64Q/32D,Sony Ericsson Open,,Caroline Wozniacki,4.0,https://www.wtatennis.com/resources/v7.42.8/i/elements/flags/den.svg,Quarterfinals,L,"4-6, 4-6",https://www.wtatennis.com/players/313402/caroline-wozniacki,False,False,False,False,False,False,False,2,False,20,8,12,DK,DNK,208,150,Europe,Northern Europe,DEN,"4,6,None|4,6,None",
2,Sony Ericsson Open,,https://www.wtatennis.com/tournaments/902/miami/2012,Premier Mandatory,Hard,https://www.wtatennis.com/resources/v7.42.8/i/elements/1000k-tag.svg,2012-03-20,2012-03-31,2012,3,Miami,AUS,FL,US,USA,840,019,,America,Northern America,USA,5.0,250.0,79000.0,128M/64Q/32D,Sony Ericsson Open,,Samantha Stosur,6.0,https://www.wtatennis.com/resources/v7.42.8/i/elements/flags/aus.svg,Round of 16,W,"7-5, 6-3",https://www.wtatennis.com/players/190787/samantha-stosur,False,False,False,False,False,False,False,2,True,21,13,8,AU,AUS,036,009,Oceania,Australasia,AUS,"7,5,None|6,3,None",
3,Sony Ericsson Open,,https://www.wtatennis.com/tournaments/902/miami/2012,Premier Mandatory,Hard,https://www.wtatennis.com/resources/v7.42.8/i/elements/1000k-tag.svg,2012-03-20,2012-03-31,2012,3,Miami,ITA,FL,US,USA,840,019,,America,Northern America,USA,20.0,250.0,79000.0,128M/64Q/32D,Sony Ericsson Open,,Roberta Vinci,21.0,https://www.wtatennis.com/resources/v7.42.8/i/elements/flags/ita.svg,Round of 32,W,"6-2, 6-1",https://www.wtatennis.com/players/220214/roberta-vinci,False,False,False,False,False,False,False,2,True,15,12,3,IT,ITA,380,150,Europe,Southern Europe,ITA,"6,2,None|6,1,None",
4,Sony Ericsson Open,,https://www.wtatennis.com/tournaments/902/miami/2012,Premier Mandatory,Hard,https://www.wtatennis.com/resources/v7.42.8/i/elements/1000k-tag.svg,2012-03-20,2012-03-31,2012,3,Miami,CHN,FL,US,USA,840,019,,America,Northern America,USA,171.0,250.0,79000.0,128M/64Q/32D,Sony Ericsson Open,,Shuai Zhang,,https://www.wtatennis.com/resources/v7.42.8/i/elements/flags/chn.svg,Round of 64,W,"6-2, 6-3",https://www.wtatennis.com/players/311779/shuai-zhang,False,False,False,False,False,False,False,2,True,17,12,5,CN,CHN,156,142,Asia,East Asia,CHN,"6,2,None|6,3,None",
5,Sony Ericsson Open,,https://www.wtatennis.com/tournaments/902/miami/2012,Premier Mandatory,Hard,https://www.wtatennis.com/resources/v7.42.8/i/elements/1000k-tag.svg,2012-03-20,2012-03-31,2012,3,Miami,,FL,US,USA,840,019,,America,Northern America,USA,,250.0,79000.0,128M/64Q/32D,Sony Ericsson Open,,,,,Round of 128,,Bye,,False,False,True,False,False,False,False,0,False,0,0,0,,,,,,,,,
1,Fed Cup World Group Ii Week 1,https://www.wtatennis.com/resources/v7.42.8/i/elements/itf.png,,ITF,Hard,https://www.wtatennis.com/resources/v7.42.8/i/elements/itf.png,2012-02-04,2012-02-05,2012,2,,BLR,,US,USA,840,019,,America,Northern America,USA,97.0,,,8M/0Q/2D,Fed Cup World Group Ii Week 1,,Olga Govortsova,,https://www.wtatennis.com/resources/v7.42.8/i/elements/flags/blr.svg,Round 1 R1,W,"7-5, 6-0",https://www.wtatennis.com/players/311243/olga-govortsova,False,False,False,False,False,False,False,2,True,18,13,5,BY,BLR,112,150,Europe,Eastern Europe,BLR,"7,5,None|6,0,None",
2,Fed Cup World Group Ii Week 1,https://www.wtatennis.com/resources/v7.42.8/i/elements/itf.png,,ITF,Hard,https://www.wtatennis.com/resources/v7.42.8/i/elements/itf.png,2012-02-04,2012-02-05,2012,2,,BLR,,US,USA,840,019,,America,Northern America,USA,65.0,,,8M/0Q/2D,Fed Cup World Group Ii Week 1,,Anastasiya Yakimova,,https://www.wtatennis.com/resources/v7.42.8/i/elements/flags/blr.svg,Round 1 R1,W,"5-7, 6-1, 6-1",https://www.wtatennis.com/players/310626/anastasiya-yakimova,False,False,False,False,False,False,False,3,False,26,17,9,BY,BLR,112,150,Europe,Eastern Europe,BLR,"5,7,None|6,1,None|6,1,None",
1,Australian Open,,https://www.wtatennis.com/tournaments/901/australian-open/2012,Grand Slam,Hard,https://www.wtatennis.com/resources/v7.42.8/i/elements/gs-tag.svg,2012-01-16,2012-01-28,2012,1,Melbourne,RUS,,AU,AUS,036,009,,Oceania,Australasia,AUS,56.0,280.0,115423.0,128M/128Q/64D,Australian Open,,Ekaterina Makarova,,https://www.wtatennis.com/resources/v7.42.8/i/elements/flags/rus.svg,Round of 16,L,"2-6, 3-6",https://www.wtatennis.com/players/311604/ekaterina-makarova,False,False,False,False,False,False,False,2,False,17,5,12,RU,RUS,643,150,Europe,Eastern Europe,RUS,"2,6,None|3,6,None",
2,Australian Open,,https://www.wtatennis.com/tournaments/901/australian-open/2012,Grand Slam,Hard,https://www.wtatennis.com/resources/v7.42.8/i/elements/gs-tag.svg,2012-01-16,2012-01-28,2012,1,Melbourne,HUN,,AU,AUS,036,009,,Oceania,Australasia,AUS,92.0,280.0,115423.0,128M/128Q/64D,Australian Open,,Greta Arn,,https://www.wtatennis.com/resources/v7.42.8/i/elements/flags/hun.svg,Round of 32,W,"6-1, 6-1",https://www.wtatennis.com/players/10230/greta-arn,False,False,False,False,False,False,False,2,True,14,12,2,HU,HUN,348,150,Europe,Central Europe,HUN,"6,1,None|6,1,None",
3,Australian Open,,https://www.wtatennis.com/tournaments/901/australian-open/2012,Grand Slam,Hard,https://www.wtatennis.com/resources/v7.42.8/i/elements/gs-tag.svg,2012-01-16,2012-01-28,2012,1,Melbourne,CZE,,AU,AUS,036,009,,Oceania,Australasia,AUS,49.0,280.0,115423.0,128M/128Q/64D,Australian Open,,Barbora Strycova,,https://www.wtatennis.com/resources/v7.42.8/i/elements/flags/cze.svg,Round of 64,W,"6-0, 6-4",https://www.wtatennis.com/players/190879/barbora-strycova,False,False,False,False,False,False,False,2,True,16,12,4,CZ,CZE,203,150,Europe,Central Europe,CZE,"6,0,None|6,4,None",
4,Australian Open,,https://www.wtatennis.com/tournaments/901/australian-open/2012,Grand Slam,Hard,https://www.wtatennis.com/resources/v7.42.8/i/elements/gs-tag.svg,2012-01-16,2012-01-28,2012,1,Melbourne,AUT,,AU,AUS,036,009,,Oceania,Australasia,AUS,45.0,280.0,115423.0,128M/128Q/64D,Australian Open,,Tamira Paszek,,https://www.wtatennis.com/resources/v7.42.8/i/elements/flags/aut.svg,Round of 128,W,"6-3, 6-2",https://www.wtatennis.com/players/313035/tamira-paszek,False,False,False,False,False,False,False,2,True,17,12,5,AT,AUT,040,150,Europe,Central Europe,AUT,"6,3,None|6,2,None",
1,Brisbane International,,https://www.wtatennis.com/tournaments/800/brisbane/2012,Premier,Hard,https://www.wtatennis.com/resources/v7.42.8/i/elements/500k-tag.svg,2012-01-01,2012-01-08,2012,1,Brisbane,SVK,,AU,AUS,036,009,,Oceania,Australasia,AUS,24.0,120.0,16000.0,32M/32Q/16D,Brisbane International,,Daniela Hantuchova,,https://www.wtatennis.com/resources/v7.42.8/i/elements/flags/svk.svg,Quarterfinals,L,Walkover,https://www.wtatennis.com/players/80394/daniela-hantuchova,False,True,False,False,False,False,False,0,False,0,0,0,SK,SVK,703,150,Europe,Central Europe,SVK,,
2,Brisbane International,,https://www.wtatennis.com/tournaments/800/brisbane/2012,Premier,Hard,https://www.wtatennis.com/resources/v7.42.8/i/elements/500k-tag.svg,2012-01-01,2012-01-08,2012,1,Brisbane,SRB,,AU,AUS,036,009,,Oceania,Australasia,AUS,76.0,120.0,16000.0,32M/32Q/16D,Brisbane International,,Bojana Jovanovski Petrovic,,https://www.wtatennis.com/resources/v7.42.8/i/elements/flags/srb.svg,Round of 16,W,"6-2, 6-4",https://www.wtatennis.com/players/314369/bojana-jovanovski-petrovic,False,False,False,False,False,False,False,2,True,18,12,6,RS,SRB,688,150,Europe,Southeastern Europe,SRB,"6,2,None|6,4,None",
3,Brisbane International,,https://www.wtatennis.com/tournaments/800/brisbane/2012,Premier,Hard,https://www.wtatennis.com/resources/v7.42.8/i/elements/500k-tag.svg,2012-01-01,2012-01-08,2012,1,Brisbane,RSA,,AU,AUS,036,009,,Oceania,Australasia,AUS,38.0,120.0,16000.0,32M/32Q/16D,Brisbane International,,Chanelle Scheepers,,https://www.wtatennis.com/resources/v7.42.8/i/elements/flags/rsa.svg,Round of 32,W,"6-2, 6-3",https://www.wtatennis.com/players/190873/chanelle-scheepers,False,False,False,False,False,False,False,2,True,17,12,5,ZA,ZAF,710,002,Africa,Southern Africa,RSA,"6,2,None|6,3,None",
1,Flushing Meadows,,https://www.wtatennis.com/tournaments/905/us-open/2011,Grand Slam,Hard,https://www.wtatennis.com/resources/v7.42.8/i/elements/gs-tag.svg,2011-08-29,2011-09-11,2011,8,,AUS,,US,USA,840,019,,America,Northern America,USA,10.0,1400.0,1379105.0,128M/128Q/64D,Flushing Meadows,,Samantha Stosur,9.0,https://www.wtatennis.com/resources/v7.42.8/i/elements/flags/aus.svg,Finals,L,"2-6, 3-6",https://www.wtatennis.com/players/190787/samantha-stosur,False,False,False,False,False,False,False,2,False,17,5,12,AU,AUS,036,009,Oceania,Australasia,AUS,"2,6,None|3,6,None",
2,Flushing Meadows,,https://www.wtatennis.com/tournaments/905/us-open/2011,Grand Slam,Hard,https://www.wtatennis.com/resources/v7.42.8/i/elements/gs-tag.svg,2011-08-29,2011-09-11,2011,8,,DEN,,US,USA,840,019,,America,Northern America,USA,1.0,1400.0,1379105.0,128M/128Q/64D,Flushing Meadows,,Caroline Wozniacki,1.0,https://www.wtatennis.com/resources/v7.42.8/i/elements/flags/den.svg,Semifinals,W,"6-2, 6-4",https://www.wtatennis.com/players/313402/caroline-wozniacki,False,False,False,False,False,False,False,2,True,18,12,6,DK,DNK,208,150,Europe,Northern Europe,DEN,"6,2,None|6,4,None",
3,Flushing Meadows,,https://www.wtatennis.com/tournaments/905/us-open/2011,Grand Slam,Hard,https://www.wtatennis.com/resources/v7.42.8/i/elements/gs-tag.svg,2011-08-29,2011-09-11,2011,8,,RUS,,US,USA,840,019,,America,Northern America,USA,16.0,1400.0,1379105.0,128M/128Q/64D,Flushing Meadows,,Anastasia Pavlyuchenkova,17.0,https://www.wtatennis.com/resources/v7.42.8/i/elements/flags/rus.svg,Quarterfinals,W,"7-5, 6-1",https://www.wtatennis.com/players/313796/anastasia-pavlyuchenkova,False,False,False,False,False,False,False,2,True,19,13,6,RU,RUS,643,150,Europe,Eastern Europe,RUS,"7,5,None|6,1,None",
4,Flushing Meadows,,https://www.wtatennis.com/tournaments/905/us-open/2011,Grand Slam,Hard,https://www.wtatennis.com/resources/v7.42.8/i/elements/gs-tag.svg,2011-08-29,2011-09-11,2011,8,,SRB,,US,USA,840,019,,America,Northern America,USA,19.0,1400.0,1379105.0,128M/128Q/64D,Flushing Meadows,,Ana Ivanovic,16.0,https://www.wtatennis.com/resources/v7.42.8/i/elements/flags/srb.svg,Round of 16,W,"6-3, 6-4",https://www.wtatennis.com/players/311710/ana-ivanovic,False,False,False,False,False,False,False,2,True,19,12,7,RS,SRB,688,150,Europe,Southeastern Europe,SRB,"6,3,None|6,4,None",
5,Flushing Meadows,,https://www.wtatennis.com/tournaments/905/us-open/2011,Grand Slam,Hard,https://www.wtatennis.com/resources/v7.42.8/i/elements/gs-tag.svg,2011-08-29,2011-09-11,2011,8,,BLR,,US,USA,840,019,,America,Northern America,USA,5.0,1400.0,1379105.0,128M/128Q/64D,Flushing Meadows,,Victoria Azarenka,4.0,https://www.wtatennis.com/resources/v7.42.8/i/elements/flags/blr.svg,Round of 32,W,"6-1, 7-6 (5)",https://www.wtatennis.com/players/312001/victoria-azarenka,False,False,False,False,True,False,True,2,True,20,13,7,BY,BLR,112,150,Europe,Eastern Europe,BLR,"6,1,None|7,6,5",
6,Flushing Meadows,,https://www.wtatennis.com/tournaments/905/us-open/2011,Grand Slam,Hard,https://www.wtatennis.com/resources/v7.42.8/i/elements/gs-tag.svg,2011-08-29,2011-09-11,2011,8,,NED,,US,USA,840,019,,America,Northern America,USA,183.0,1400.0,1379105.0,128M/128Q/64D,Flushing Meadows,,Michaella Krajicek,,https://www.wtatennis.com/resources/v7.42.8/i/elements/flags/ned.svg,Round of 64,W,"6-0, 6-1",https://www.wtatennis.com/players/311578/michaella-krajicek,False,False,False,False,False,False,False,2,True,13,12,1,NL,NLD,528,150,Europe,Western Europe,NED,"6,0,None|6,1,None",
7,Flushing Meadows,,https://www.wtatennis.com/tournaments/905/us-open/2011,Grand Slam,Hard,https://www.wtatennis.com/resources/v7.42.8/i/elements/gs-tag.svg,2011-08-29,2011-09-11,2011,8,,SRB,,US,USA,840,019,,America,Northern America,USA,54.0,1400.0,1379105.0,128M/128Q/64D,Flushing Meadows,,Bojana Jovanovski Petrovic,,https://www.wtatennis.com/resources/v7.42.8/i/elements/flags/srb.svg,Round of 128,W,"6-1, 6-1",https://www.wtatennis.com/players/314369/bojana-jovanovski-petrovic,False,False,False,False,False,False,False,2,True,14,12,2,RS,SRB,688,150,Europe,Southeastern Europe,SRB,"6,1,None|6,1,None",
1,Western & Southern Financial Group Masters And Women'S Open,,https://www.wtatennis.com/tournaments/1017/cincinnati/2011,Premier 5,Hard,https://www.wtatennis.com/resources/v7.42.8/i/elements/1000k-tag.svg,2011-08-15,2011-08-21,2011,8,,AUS,,US,USA,840,019,,America,Northern America,USA,10.0,70.0,10575.0,64M/64Q/32D,Western & Southern Financial Group Masters And Women'S Open,,Samantha Stosur,10.0,https://www.wtatennis.com/resources/v7.42.8/i/elements/flags/aus.svg,Round of 32,L,Walkover,https://www.wtatennis.com/players/190787/samantha-stosur,False,True,False,False,False,False,False,0,False,0,0,0,AU,AUS,036,009,Oceania,Australasia,AUS,,
2,Western & Southern Financial Group Masters And Women'S Open,,https://www.wtatennis.com/tournaments/1017/cincinnati/2011,Premier 5,Hard,https://www.wtatennis.com/resources/v7.42.8/i/elements/1000k-tag.svg,2011-08-15,2011-08-21,2011,8,,CZE,,US,USA,840,019,,America,Northern America,USA,49.0,70.0,10575.0,64M/64Q/32D,Western & Southern Financial Group Masters And Women'S Open,,Lucie Hradecka,,https://www.wtatennis.com/resources/v7.42.8/i/elements/flags/cze.svg,Round of 64,W,"6-3, 7-6 (5)",https://www.wtatennis.com/players/310849/lucie-hradecka,False,False,False,False,True,False,True,2,True,22,13,9,CZ,CZE,203,150,Europe,Central Europe,CZE,"6,3,None|7,6,5",
1,Rogers Cup,,https://www.wtatennis.com/tournaments/806/montreal/2011,Premier 5,Hard,https://www.wtatennis.com/resources/v7.42.8/i/elements/1000k-tag.svg,2011-08-08,2011-08-14,2011,8,,AUS,,CA,CAN,124,019,,America,Northern America,CAN,11.0,900.0,360000.0,64M/64Q/32D,Rogers Cup,,Samantha Stosur,10.0,https://www.wtatennis.com/resources/v7.42.8/i/elements/flags/aus.svg,Finals,W,"6-4, 6-2",https://www.wtatennis.com/players/190787/samantha-stosur,False,False,False,False,False,False,False,2,True,18,12,6,AU,AUS,036,009,Oceania,Australasia,AUS,"6,4,None|6,2,None",
2,Rogers Cup,,https://www.wtatennis.com/tournaments/806/montreal/2011,Premier 5,Hard,https://www.wtatennis.com/resources/v7.42.8/i/elements/1000k-tag.svg,2011-08-08,2011-08-14,2011,8,,BLR,,CA,CAN,124,019,,America,Northern America,CAN,4.0,900.0,360000.0,64M/64Q/32D,Rogers Cup,,Victoria Azarenka,4.0,https://www.wtatennis.com/resources/v7.42.8/i/elements/flags/blr.svg,Semifinals,W,"6-3, 6-3",https://www.wtatennis.com/players/312001/victoria-azarenka,False,False,False,False,False,False,False,2,True,18,12,6,BY,BLR,112,150,Europe,Eastern Europe,BLR,"6,3,None|6,3,None",
3,Rogers Cup,,https://www.wtatennis.com/tournaments/806/montreal/2011,Premier 5,Hard,https://www.wtatennis.com/resources/v7.42.8/i/elements/1000k-tag.svg,2011-08-08,2011-08-14,2011,8,,CZE,,CA,CAN,124,019,,America,Northern America,CAN,32.0,900.0,360000.0,64M/64Q/32D,Rogers Cup,,Lucie Safarova,,https://www.wtatennis.com/resources/v7.42.8/i/elements/flags/cze.svg,Quarterfinals,W,"4-6, 6-3, 6-2",https://www.wtatennis.com/players/310553/lucie-safarova,False,False,False,False,False,False,False,3,False,27,16,11,CZ,CZE,203,150,Europe,Central Europe,CZE,"4,6,None|6,3,None|6,2,None",
4,Rogers Cup,,https://www.wtatennis.com/tournaments/806/montreal/2011,Premier 5,Hard,https://www.wtatennis.com/resources/v7.42.8/i/elements/1000k-tag.svg,2011-08-08,2011-08-14,2011,8,,CHN,,CA,CAN,124,019,,America,Northern America,CAN,82.0,900.0,360000.0,64M/64Q/32D,Rogers Cup,,Jie Zheng,,https://www.wtatennis.com/resources/v7.42.8/i/elements/flags/chn.svg,Round of 16,W,"4-6, 6-3, 6-3",https://www.wtatennis.com/players/260144/jie-zheng,False,False,False,False,False,False,False,3,False,28,16,12,CN,CHN,156,142,Asia,East Asia,CHN,"4,6,None|6,3,None|6,3,None",
5,Rogers Cup,,https://www.wtatennis.com/tournaments/806/montreal/2011,Premier 5,Hard,https://www.wtatennis.com/resources/v7.42.8/i/elements/1000k-tag.svg,2011-08-08,2011-08-14,2011,8,,GER,,CA,CAN,124,019,,America,Northern America,CAN,20.0,900.0,360000.0,64M/64Q/32D,Rogers Cup,,Julia Goerges,,https://www.wtatennis.com/resources/v7.42.8/i/elements/flags/ger.svg,Round of 32,W,"6-1, 7-6 (7)",https://www.wtatennis.com/players/313381/julia-goerges,False,False,False,False,True,False,True,2,True,20,13,7,DE,DEU,276,150,Europe,Central Europe,GER,"6,1,None|7,6,7",
6,Rogers Cup,,https://www.wtatennis.com/tournaments/806/montreal/2011,Premier 5,Hard,https://www.wtatennis.com/resources/v7.42.8/i/elements/1000k-tag.svg,2011-08-08,2011-08-14,2011,8,,UKR,,CA,CAN,124,019,,America,Northern America,CAN,126.0,900.0,360000.0,64M/64Q/32D,Rogers Cup,,Alona Bondarenko,,https://www.wtatennis.com/resources/v7.42.8/i/elements/flags/ukr.svg,Round of 64,W,"6-0, 6-3",https://www.wtatennis.com/players/20608/alona-bondarenko,False,False,False,False,False,False,False,2,True,15,12,3,UA,UKR,804,150,Europe,Eastern Europe,UKR,"6,0,None|6,3,None",
1,Bank Of The West Classic,,https://www.wtatennis.com/tournaments/703/san-jose/2011,Premier,Hard,https://www.wtatennis.com/resources/v7.42.8/i/elements/500k-tag.svg,2011-07-25,2011-07-31,2011,7,,FRA,,US,USA,840,019,,America,Northern America,USA,9.0,470.0,111000.0,32M/32Q/16D,Bank Of The West Classic,,Marion Bartoli,3.0,https://www.wtatennis.com/resources/v7.42.8/i/elements/flags/fra.svg,Finals,W,"7-5, 6-1",https://www.wtatennis.com/players/20631/marion-bartoli,False,False,False,False,False,False,False,2,True,19,13,6,FR,FRA,250,150,Europe,Western Europe,FRA,"7,5,None|6,1,None",
2,Bank Of The West Classic,,https://www.wtatennis.com/tournaments/703/san-jose/2011,Premier,Hard,https://www.wtatennis.com/resources/v7.42.8/i/elements/500k-tag.svg,2011-07-25,2011-07-31,2011,7,,GER,,US,USA,840,019,,America,Northern America,USA,26.0,470.0,111000.0,32M/32Q/16D,Bank Of The West Classic,,Sabine Lisicki,,https://www.wtatennis.com/resources/v7.42.8/i/elements/flags/ger.svg,Semifinals,W,"6-1, 6-2",https://www.wtatennis.com/players/312520/sabine-lisicki,False,False,False,False,False,False,False,2,True,15,12,3,DE,DEU,276,150,Europe,Central Europe,GER,"6,1,None|6,2,None",
3,Bank Of The West Classic,,https://www.wtatennis.com/tournaments/703/san-jose/2011,Premier,Hard,https://www.wtatennis.com/resources/v7.42.8/i/elements/500k-tag.svg,2011-07-25,2011-07-31,2011,7,,RUS,,US,USA,840,019,,America,Northern America,USA,5.0,470.0,111000.0,32M/32Q/16D,Bank Of The West Classic,,Maria Sharapova,2.0,https://www.wtatennis.com/resources/v7.42.8/i/elements/flags/rus.svg,Quarterfinals,W,"6-1, 6-3",https://www.wtatennis.com/players/310137/maria-sharapova,False,False,False,False,False,False,False,2,True,16,12,4,RU,RUS,643,150,Europe,Eastern Europe,RUS,"6,1,None|6,3,None",
4,Bank Of The West Classic,,https://www.wtatennis.com/tournaments/703/san-jose/2011,Premier,Hard,https://www.wtatennis.com/resources/v7.42.8/i/elements/500k-tag.svg,2011-07-25,2011-07-31,2011,7,,RUS,,US,USA,840,019,,America,Northern America,USA,25.0,470.0,111000.0,32M/32Q/16D,Bank Of The West Classic,,Maria Kirilenko,,https://www.wtatennis.com/resources/v7.42.8/i/elements/flags/rus.svg,Round of 16,W,"6-2, 3-6, 6-2",https://www.wtatennis.com/players/310577/maria-kirilenko,False,False,False,False,False,False,False,3,True,25,15,10,RU,RUS,643,150,Europe,Eastern Europe,RUS,"6,2,None|3,6,None|6,2,None",
5,Bank Of The West Classic,,https://www.wtatennis.com/tournaments/703/san-jose/2011,Premier,Hard,https://www.wtatennis.com/resources/v7.42.8/i/elements/500k-tag.svg,2011-07-25,2011-07-31,2011,7,,AUS,,US,USA,840,019,,America,Northern America,USA,105.0,470.0,111000.0,32M/32Q/16D,Bank Of The West Classic,,Anastasia Rodionova,,https://www.wtatennis.com/resources/v7.42.8/i/elements/flags/aus.svg,Round of 32,W,"6-0, 6-0",https://www.wtatennis.com/players/180356/anastasia-rodionova,False,False,False,False,False,False,False,2,True,12,12,0,AU,AUS,036,009,Oceania,Australasia,AUS,"6,0,None|6,0,None",
1,Wimbledon,,https://www.wtatennis.com/tournaments/904/wimbledon/2011,Grand Slam,Grass,https://www.wtatennis.com/resources/v7.42.8/i/elements/gs-tag.svg,2011-06-20,2011-07-02,2011,6,,FRA,,GB,GBR,826,150,,Europe,Northern Europe,ENG,9.0,280.0,110000.0,128M/128Q/64D,The Championships,,Marion Bartoli,9.0,https://www.wtatennis.com/resources/v7.42.8/i/elements/flags/fra.svg,Round of 16,L,"3-6, 6-7 (6)",https://www.wtatennis.com/players/20631/marion-bartoli,False,False,False,False,True,False,True,2,False,22,9,13,FR,FRA,250,150,Europe,Western Europe,FRA,"3,6,None|6,7,6",
2,Wimbledon,,https://www.wtatennis.com/tournaments/904/wimbledon/2011,Grand Slam,Grass,https://www.wtatennis.com/resources/v7.42.8/i/elements/gs-tag.svg,2011-06-20,2011-07-02,2011,6,,RUS,,GB,GBR,826,150,,Europe,Northern Europe,ENG,27.0,280.0,110000.0,128M/128Q/64D,The Championships,,Maria Kirilenko,26.0,https://www.wtatennis.com/resources/v7.42.8/i/elements/flags/rus.svg,Round of 32,W,"6-3, 6-2",https://www.wtatennis.com/players/310577/maria-kirilenko,False,False,False,False,False,False,False,2,True,17,12,5,RU,RUS,643,150,Europe,Eastern Europe,RUS,"6,3,None|6,2,None",
3,Wimbledon,,https://www.wtatennis.com/tournaments/904/wimbledon/2011,Grand Slam,Grass,https://www.wtatennis.com/resources/v7.42.8/i/elements/gs-tag.svg,2011-06-20,2011-07-02,2011,6,,ROU,,GB,GBR,826,150,,Europe,Northern Europe,ENG,58.0,280.0,110000.0,128M/128Q/64D,The Championships,,Simona Halep,,https://www.wtatennis.com/resources/v7.42.8/i/elements/flags/rou.svg,Round of 64,W,"3-6, 6-2, 6-1",https://www.wtatennis.com/players/314320/simona-halep,False,False,False,False,False,False,False,3,False,24,15,9,RO,ROU,642,150,Europe,Southeastern Europe,ROU,"3,6,None|6,2,None|6,1,None",
4,Wimbledon,,https://www.wtatennis.com/tournaments/904/wimbledon/2011,Grand Slam,Grass,https://www.wtatennis.com/resources/v7.42.8/i/elements/gs-tag.svg,2011-06-20,2011-07-02,2011,6,,FRA,,GB,GBR,826,150,,Europe,Northern Europe,ENG,61.0,280.0,110000.0,128M/128Q/64D,The Championships,,Aravane Rezai,,https://www.wtatennis.com/resources/v7.42.8/i/elements/flags/fra.svg,Round of 128,W,"6-3, 3-6, 6-1",https://www.wtatennis.com/players/311791/aravane-rezai,False,False,False,False,False,False,False,3,True,25,15,10,FR,FRA,250,150,Europe,Western Europe,FRA,"6,3,None|3,6,None|6,1,None",
1,Aegon International,,https://www.wtatennis.com/tournaments/710/eastbourne/2011,WTA 250,Grass,https://www.wtatennis.com/resources/v7.42.8/i/elements/250k-tag.svg,2011-06-13,2011-06-18,2011,6,,RUS,,GB,GBR,826,150,,Europe,Northern Europe,ENG,3.0,60.0,8250.0,32M/32Q/16D,Aegon International,,Vera Zvonareva,1.0,https://www.wtatennis.com/resources/v7.42.8/i/elements/flags/rus.svg,Round of 16,L,"6-3, 6-7 (5), 5-7",https://www.wtatennis.com/players/260142/vera-zvonareva,False,False,False,False,True,False,True,3,True,34,17,17,RU,RUS,643,150,Europe,Eastern Europe,RUS,"6,3,None|6,7,5|5,7,None",W
2,Aegon International,,https://www.wtatennis.com/tournaments/710/eastbourne/2011,WTA 250,Grass,https://www.wtatennis.com/resources/v7.42.8/i/elements/250k-tag.svg,2011-06-13,2011-06-18,2011,6,,BUL,,GB,GBR,826,150,,Europe,Northern Europe,ENG,34.0,60.0,8250.0,32M/32Q/16D,Aegon International,,Tsvetana Pironkova,,https://www.wtatennis.com/resources/v7.42.8/i/elements/flags/bul.svg,Round of 32,W,"1-6, 6-3, 6-4",https://www.wtatennis.com/players/311041/tsvetana-pironkova,False,False,False,False,False,False,False,3,False,26,13,13,BG,BGR,100,150,Europe,Southeastern Europe,BUL,"1,6,None|6,3,None|6,4,None",W
1,Wimbledon,,https://www.wtatennis.com/tournaments/904/wimbledon/2010,Grand Slam,Grass,https://www.wtatennis.com/resources/v7.42.8/i/elements/gs-tag.svg,2010-06-21,2010-07-03,2010,6,,RUS,,GB,GBR,826,150,,Europe,Northern Europe,ENG,21.0,2000.0,1597936.0,128M/128Q/64D,The Championships,,Vera Zvonareva,21.0,https://www.wtatennis.com/resources/v7.42.8/i/elements/flags/rus.svg,Finals,W,"6-3, 6-2",https://www.wtatennis.com/players/260142/vera-zvonareva,False,False,False,False,False,False,False,2,True,17,12,5,RU,RUS,643,150,Europe,Eastern Europe,RUS,"6,3,None|6,2,None",
2,Wimbledon,,https://www.wtatennis.com/tournaments/904/wimbledon/2010,Grand Slam,Grass,https://www.wtatennis.com/resources/v7.42.8/i/elements/gs-tag.svg,2010-06-21,2010-07-03,2010,6,,CZE,,GB,GBR,826,150,,Europe,Northern Europe,ENG,62.0,2000.0,1597936.0,128M/128Q/64D,The Championships,,Petra Kvitova,,https://www.wtatennis.com/resources/v7.42.8/i/elements/flags/cze.svg,Semifinals,W,"7-6 (5), 6-2",https://www.wtatennis.com/players/314206/petra-kvitova,False,False,False,True,False,False,True,2,True,21,13,8,CZ,CZE,203,150,Europe,Central Europe,CZE,"7,6,5|6,2,None",
3,Wimbledon,,https://www.wtatennis.com/tournaments/904/wimbledon/2010,Grand Slam,Grass,https://www.wtatennis.com/resources/v7.42.8/i/elements/gs-tag.svg,2010-06-21,2010-07-03,2010,6,,CHN,,GB,GBR,826,150,,Europe,Northern Europe,ENG,12.0,2000.0,1597936.0,128M/128Q/64D,The Championships,,Na Li,9.0,https://www.wtatennis.com/resources/v7.42.8/i/elements/flags/chn.svg,Quarterfinals,W,"7-5, 6-3",https://www.wtatennis.com/players/120330/na-li,False,False,False,False,False,False,False,2,True,21,13,8,CN,CHN,156,142,Asia,East Asia,CHN,"7,5,None|6,3,None",
4,Wimbledon,,https://www.wtatennis.com/tournaments/904/wimbledon/2010,Grand Slam,Grass,https://www.wtatennis.com/resources/v7.42.8/i/elements/gs-tag.svg,2010-06-21,2010-07-03,2010,6,,RUS,,GB,GBR,826,150,,Europe,Northern Europe,ENG,17.0,2000.0,1597936.0,128M/128Q/64D,The Championships,,Maria Sharapova,16.0,https://www.wtatennis.com/resources/v7.42.8/i/elements/flags/rus.svg,Round of 16,W,"7-6 (9), 6-4",https://www.wtatennis.com/players/310137/maria-sharapova,False,False,False,True,False,False,True,2,True,23,13,10,RU,RUS,643,150,Europe,Eastern Europe,RUS,"7,6,9|6,4,None",
5,Wimbledon,,https://www.wtatennis.com/tournaments/904/wimbledon/2010,Grand Slam,Grass,https://www.wtatennis.com/resources/v7.42.8/i/elements/gs-tag.svg,2010-06-21,2010-07-03,2010,6,,SVK,,GB,GBR,826,150,,Europe,Northern Europe,ENG,46.0,2000.0,1597936.0,128M/128Q/64D,The Championships,,Dominika Cibulkova,,https://www.wtatennis.com/resources/v7.42.8/i/elements/flags/svk.svg,Round of 32,W,"6-0, 7-5",https://www.wtatennis.com/players/312894/dominika-cibulkova,False,False,False,False,False,False,False,2,True,18,13,5,SK,SVK,703,150,Europe,Central Europe,SVK,"6,0,None|7,5,None",
6,Wimbledon,,https://www.wtatennis.com/tournaments/904/wimbledon/2010,Grand Slam,Grass,https://www.wtatennis.com/resources/v7.42.8/i/elements/gs-tag.svg,2010-06-21,2010-07-03,2010,6,,RUS,,GB,GBR,826,150,,Europe,Northern Europe,ENG,118.0,2000.0,1597936.0,128M/128Q/64D,The Championships,,Anna Chakvetadze,,https://www.wtatennis.com/resources/v7.42.8/i/elements/flags/rus.svg,Round of 64,W,"6-0, 6-1",https://www.wtatennis.com/players/310623/anna-chakvetadze,False,False,False,False,False,False,False,2,True,13,12,1,RU,RUS,643,150,Europe,Eastern Europe,RUS,"6,0,None|6,1,None",
7,Wimbledon,,https://www.wtatennis.com/tournaments/904/wimbledon/2010,Grand Slam,Grass,https://www.wtatennis.com/resources/v7.42.8/i/elements/gs-tag.svg,2010-06-21,2010-07-03,2010,6,,POR,,GB,GBR,826,150,,Europe,Northern Europe,ENG,148.0,2000.0,1597936.0,128M/128Q/64D,The Championships,,Michelle Larcher De Brito,,https://www.wtatennis.com/resources/v7.42.8/i/elements/flags/por.svg,Round of 128,W,"6-0, 6-4",https://www.wtatennis.com/players/314929/michelle-larcher-de-brito,False,False,False,False,False,False,False,2,True,16,12,4,PT,PRT,620,150,Europe,Southern Europe,POR,"6,0,None|6,4,None",
1,Roland Garros,,https://www.wtatennis.com/tournaments/903/roland-garros/2010,Grand Slam,Clay,https://www.wtatennis.com/resources/v7.42.8/i/elements/gs-tag.svg,2010-05-23,2010-06-05,2010,5,,AUS,,FR,FRA,250,150,,Europe,Western Europe,FRA,7.0,500.0,185983.0,128M/128Q/64D,"Roland Garros- Paris, France",,Samantha Stosur,7.0,https://www.wtatennis.com/resources/v7.42.8/i/elements/flags/aus.svg,Quarterfinals,L,"2-6, 7-6 (2), 6-8",https://www.wtatennis.com/players/190787/samantha-stosur,False,False,False,False,True,False,True,3,False,35,15,20,AU,AUS,036,009,Oceania,Australasia,AUS,"2,6,None|7,6,2|6,8,None",
2,Roland Garros,,https://www.wtatennis.com/tournaments/903/roland-garros/2010,Grand Slam,Clay,https://www.wtatennis.com/resources/v7.42.8/i/elements/gs-tag.svg,2010-05-23,2010-06-05,2010,5,,ISR,,FR,FRA,250,150,,Europe,Western Europe,FRA,18.0,500.0,185983.0,128M/128Q/64D,"Roland Garros- Paris, France",,Shahar Peer,18.0,https://www.wtatennis.com/resources/v7.42.8/i/elements/flags/isr.svg,Round of 16,W,"6-2, 6-2",https://www.wtatennis.com/players/311168/shahar-peer,False,False,False,False,False,False,False,2,True,16,12,4,IL,ISR,376,142,Asia,Western Asia,ISR,"6,2,None|6,2,None",
3,Roland Garros,,https://www.wtatennis.com/tournaments/903/roland-garros/2010,Grand Slam,Clay,https://www.wtatennis.com/resources/v7.42.8/i/elements/gs-tag.svg,2010-05-23,2010-06-05,2010,5,,RUS,,FR,FRA,250,150,,Europe,Western Europe,FRA,29.0,500.0,185983.0,128M/128Q/64D,"Roland Garros- Paris, France",,Anastasia Pavlyuchenkova,29.0,https://www.wtatennis.com/resources/v7.42.8/i/elements/flags/rus.svg,Round of 32,W,"6-1, 1-6, 6-2",https://www.wtatennis.com/players/313796/anastasia-pavlyuchenkova,False,False,False,False,False,False,False,3,True,22,13,9,RU,RUS,643,150,Europe,Eastern Europe,RUS,"6,1,None|1,6,None|6,2,None",
4,Roland Garros,,https://www.wtatennis.com/tournaments/903/roland-garros/2010,Grand Slam,Clay,https://www.wtatennis.com/resources/v7.42.8/i/elements/gs-tag.svg,2010-05-23,2010-06-05,2010,5,,GER,,FR,FRA,250,150,,Europe,Western Europe,FRA,77.0,500.0,185983.0,128M/128Q/64D,"Roland Garros- Paris, France",,Julia Goerges,,https://www.wtatennis.com/resources/v7.42.8/i/elements/flags/ger.svg,Round of 64,W,"6-1, 6-1",https://www.wtatennis.com/players/313381/julia-goerges,False,False,False,False,False,False,False,2,True,14,12,2,DE,DEU,276,150,Europe,Central Europe,GER,"6,1,None|6,1,None",
5,Roland Garros,,https://www.wtatennis.com/tournaments/903/roland-garros/2010,Grand Slam,Clay,https://www.wtatennis.com/resources/v7.42.8/i/elements/gs-tag.svg,2010-05-23,2010-06-05,2010,5,,SUI,,FR,FRA,250,150,,Europe,Western Europe,FRA,76.0,500.0,185983.0,128M/128Q/64D,"Roland Garros- Paris, France",,Stefanie Voegele,,https://www.wtatennis.com/resources/v7.42.8/i/elements/flags/sui.svg,Round of 128,W,"7-6 (2), 6-2",https://www.wtatennis.com/players/312336/stefanie-voegele,False,False,False,True,False,False,True,2,True,21,13,8,CH,CHE,756,150,Europe,Central Europe,SUI,"7,6,2|6,2,None",
1,"Mutua Madrilena Madrid Open-Madrid, Spain",,https://www.wtatennis.com/tournaments/1038/madrid/2010,Premier Mandatory,Clay,https://www.wtatennis.com/resources/v7.42.8/i/elements/1000k-tag.svg,2010-05-08,2010-05-16,2010,5,,RUS,,ES,ESP,724,150,,Europe,Southern Europe,ESP,18.0,140.0,38028.0,64M/32Q/32D,"Mutua Madrilena Madrid Open-Madrid, Spain",,Nadia Petrova,16.0,https://www.wtatennis.com/resources/v7.42.8/i/elements/flags/rus.svg,Round of 16,L,"6-4, 2-6, 3-6",https://www.wtatennis.com/players/160379/nadia-petrova,False,False,False,False,False,False,False,3,True,27,11,16,RU,RUS,643,150,Europe,Eastern Europe,RUS,"6,4,None|2,6,None|3,6,None",
2,"Mutua Madrilena Madrid Open-Madrid, Spain",,https://www.wtatennis.com/tournaments/1038/madrid/2010,Premier Mandatory,Clay,https://www.wtatennis.com/resources/v7.42.8/i/elements/1000k-tag.svg,2010-05-08,2010-05-16,2010,5,,RUS,,ES,ESP,724,150,,Europe,Southern Europe,ESP,43.0,140.0,38028.0,64M/32Q/32D,"Mutua Madrilena Madrid Open-Madrid, Spain",,Vera Dushevina,,https://www.wtatennis.com/resources/v7.42.8/i/elements/flags/rus.svg,Round of 32,W,"6-7 (2), 7-6 (5), 7-6 (5)",https://www.wtatennis.com/players/310625/vera-dushevina,False,False,False,True,True,True,True,3,False,39,20,19,RU,RUS,643,150,Europe,Eastern Europe,RUS,"6,7,2|7,6,5|7,6,5",
3,"Mutua Madrilena Madrid Open-Madrid, Spain",,https://www.wtatennis.com/tournaments/1038/madrid/2010,Premier Mandatory,Clay,https://www.wtatennis.com/resources/v7.42.8/i/elements/1000k-tag.svg,2010-05-08,2010-05-16,2010,5,,,,ES,ESP,724,150,,Europe,Southern Europe,ESP,,140.0,38028.0,64M/32Q/32D,"Mutua Madrilena Madrid Open-Madrid, Spain",,,,,Round of 64,,Bye,,False,False,True,False,False,False,False,0,False,0,0,0,,,,,,,,,
1,International Bnl D'Italia,,https://www.wtatennis.com/tournaments/709/rome/2010,Premier 5,Clay,https://www.wtatennis.com/resources/v7.42.8/i/elements/1000k-tag.svg,2010-05-02,2010-05-08,2010,5,,SRB,,IT,ITA,380,150,,Europe,Southern Europe,ITA,7.0,395.0,87500.0,64M/32Q/32D,International Bnl D'Italia,,Jelena Jankovic,7.0,https://www.wtatennis.com/resources/v7.42.8/i/elements/flags/srb.svg,Semifinals,L,"6-4, 3-6, 6-7 (5)",https://www.wtatennis.com/players/100153/jelena-jankovic,False,False,False,False,False,True,True,3,True,32,15,17,RS,SRB,688,150,Europe,Southeastern Europe,SRB,"6,4,None|3,6,None|6,7,5",W
2,International Bnl D'Italia,,https://www.wtatennis.com/tournaments/709/rome/2010,Premier 5,Clay,https://www.wtatennis.com/resources/v7.42.8/i/elements/1000k-tag.svg,2010-05-02,2010-05-08,2010,5,,RUS,,IT,ITA,380,150,,Europe,Southern Europe,ITA,37.0,395.0,87500.0,64M/32Q/32D,International Bnl D'Italia,,Maria Kirilenko,,https://www.wtatennis.com/resources/v7.42.8/i/elements/flags/rus.svg,Quarterfinals,W,"6-1, 6-4",https://www.wtatennis.com/players/310577/maria-kirilenko,False,False,False,False,False,False,False,2,True,17,12,5,RU,RUS,643,150,Europe,Eastern Europe,RUS,"6,1,None|6,4,None",W
3,International Bnl D'Italia,,https://www.wtatennis.com/tournaments/709/rome/2010,Premier 5,Clay,https://www.wtatennis.com/resources/v7.42.8/i/elements/1000k-tag.svg,2010-05-02,2010-05-08,2010,5,,GER,,IT,ITA,380,150,,Europe,Southern Europe,ITA,49.0,395.0,87500.0,64M/32Q/32D,International Bnl D'Italia,,Andrea Petkovic,,https://www.wtatennis.com/resources/v7.42.8/i/elements/flags/ger.svg,Round of 16,W,"6-2, 3-6, 6-0",https://www.wtatennis.com/players/310770/andrea-petkovic,False,False,False,False,False,False,False,3,True,23,15,8,DE,DEU,276,150,Europe,Central Europe,GER,"6,2,None|3,6,None|6,0,None",W
4,International Bnl D'Italia,,https://www.wtatennis.com/tournaments/709/rome/2010,Premier 5,Clay,https://www.wtatennis.com/resources/v7.42.8/i/elements/1000k-tag.svg,2010-05-02,2010-05-08,2010,5,,SUI,,IT,ITA,380,150,,Europe,Southern Europe,ITA,48.0,395.0,87500.0,64M/32Q/32D,International Bnl D'Italia,,Timea Bacsinszky,,https://www.wtatennis.com/resources/v7.42.8/i/elements/flags/sui.svg,Round of 32,W,"7-6 (2), 6-1",https://www.wtatennis.com/players/311579/timea-bacsinszky,False,False,False,True,False,False,True,2,True,20,13,7,CH,CHE,756,150,Europe,Central Europe,SUI,"7,6,2|6,1,None",W
5,International Bnl D'Italia,,https://www.wtatennis.com/tournaments/709/rome/2010,Premier 5,Clay,https://www.wtatennis.com/resources/v7.42.8/i/elements/1000k-tag.svg,2010-05-02,2010-05-08,2010,5,,,,IT,ITA,380,150,,Europe,Southern Europe,ITA,,395.0,87500.0,64M/32Q/32D,International Bnl D'Italia,,,,,Round of 64,,Bye,,False,False,True,False,False,False,False,0,False,0,0,0,,,,,,,,,W
1,Australian Open,,https://www.wtatennis.com/tournaments/901/australian-open/2010,Grand Slam,Hard,https://www.wtatennis.com/resources/v7.42.8/i/elements/gs-tag.svg,2010-01-18,2010-01-30,2010,1,,BEL,,AU,AUS,036,009,,Oceania,Australasia,AUS,9999.0,2000.0,1744460.0,128M/128Q/64D,Australian Open,,Justine Henin,,https://www.wtatennis.com/resources/v7.42.8/i/elements/flags/bel.svg,Finals,W,"6-4, 3-6, 6-2",https://www.wtatennis.com/players/80350/justine-henin,False,False,False,False,False,False,False,3,True,27,15,12,BE,BEL,056,150,Europe,Western Europe,BEL,"6,4,None|3,6,None|6,2,None",
2,Australian Open,,https://www.wtatennis.com/tournaments/901/australian-open/2010,Grand Slam,Hard,https://www.wtatennis.com/resources/v7.42.8/i/elements/gs-tag.svg,2010-01-18,2010-01-30,2010,1,,CHN,,AU,AUS,036,009,,Oceania,Australasia,AUS,17.0,2000.0,1744460.0,128M/128Q/64D,Australian Open,,Na Li,16.0,https://www.wtatennis.com/resources/v7.42.8/i/elements/flags/chn.svg,Semifinals,W,"7-6 (4), 7-6 (1)",https://www.wtatennis.com/players/120330/na-li,False,False,False,True,True,False,True,2,True,26,14,12,CN,CHN,156,142,Asia,East Asia,CHN,"7,6,4|7,6,1",
3,Australian Open,,https://www.wtatennis.com/tournaments/901/australian-open/2010,Grand Slam,Hard,https://www.wtatennis.com/resources/v7.42.8/i/elements/gs-tag.svg,2010-01-18,2010-01-30,2010,1,,BLR,,AU,AUS,036,009,,Oceania,Australasia,AUS,7.0,2000.0,1744460.0,128M/128Q/64D,Australian Open,,Victoria Azarenka,7.0,https://www.wtatennis.com/resources/v7.42.8/i/elements/flags/blr.svg,Quarterfinals,W,"4-6, 7-6 (4), 6-2",https://www.wtatennis.com/players/312001/victoria-azarenka,False,False,False,False,True,False,True,3,False,31,17,14,BY,BLR,112,150,Europe,Eastern Europe,BLR,"4,6,None|7,6,4|6,2,None",
4,Australian Open,,https://www.wtatennis.com/tournaments/901/australian-open/2010,Grand Slam,Hard,https://www.wtatennis.com/resources/v7.42.8/i/elements/gs-tag.svg,2010-01-18,2010-01-30,2010,1,,AUS,,AU,AUS,036,009,,Oceania,Australasia,AUS,13.0,2000.0,1744460.0,128M/128Q/64D,Australian Open,,Samantha Stosur,13.0,https://www.wtatennis.com/resources/v7.42.8/i/elements/flags/aus.svg,Round of 16,W,"6-4, 6-2",https://www.wtatennis.com/players/190787/samantha-stosur,False,False,False,False,False,False,False,2,True,18,12,6,AU,AUS,036,009,Oceania,Australasia,AUS,"6,4,None|6,2,None",
5,Australian Open,,https://www.wtatennis.com/tournaments/901/australian-open/2010,Grand Slam,Hard,https://www.wtatennis.com/resources/v7.42.8/i/elements/gs-tag.svg,2010-01-18,2010-01-30,2010,1,,ESP,,AU,AUS,036,009,Kingdom of Spain,Oceania,Australasia,AUS,33.0,2000.0,1744460.0,128M/128Q/64D,Australian Open,,Carla Suárez Navarro,32.0,https://www.wtatennis.com/resources/v7.42.8/i/elements/flags/esp.svg,Round of 32,W,"6-0, 6-3",https://www.wtatennis.com/players/311338/carla-su-rez-navarro,False,False,False,False,False,False,False,2,True,15,12,3,ES,ESP,724,150,Europe,Southern Europe,ESP,"6,0,None|6,3,None",
6,Australian Open,,https://www.wtatennis.com/tournaments/901/australian-open/2010,Grand Slam,Hard,https://www.wtatennis.com/resources/v7.42.8/i/elements/gs-tag.svg,2010-01-18,2010-01-30,2010,1,,CZE,,AU,AUS,036,009,,Oceania,Australasia,AUS,77.0,2000.0,1744460.0,128M/128Q/64D,Australian Open,,Petra Kvitova,,https://www.wtatennis.com/resources/v7.42.8/i/elements/flags/cze.svg,Round of 64,W,"6-2, 6-1",https://www.wtatennis.com/players/314206/petra-kvitova,False,False,False,False,False,False,False,2,True,15,12,3,CZ,CZE,203,150,Europe,Central Europe,CZE,"6,2,None|6,1,None",
7,Australian Open,,https://www.wtatennis.com/tournaments/901/australian-open/2010,Grand Slam,Hard,https://www.wtatennis.com/resources/v7.42.8/i/elements/gs-tag.svg,2010-01-18,2010-01-30,2010,1,,POL,,AU,AUS,036,009,,Oceania,Australasia,AUS,72.0,2000.0,1744460.0,128M/128Q/64D,Australian Open,,Urszula Radwanska,,https://www.wtatennis.com/resources/v7.42.8/i/elements/flags/pol.svg,Round of 128,W,"6-2, 6-1",https://www.wtatennis.com/players/313131/urszula-radwanska,False,False,False,False,False,False,False,2,True,15,12,3,PL,POL,616,150,Europe,Central Europe,POL,"6,2,None|6,1,None",
1,"Medibank International- Sydney, Australia",,https://www.wtatennis.com/tournaments/702/sydney/2010,Premier,Hard,https://www.wtatennis.com/resources/v7.42.8/i/elements/500k-tag.svg,2010-01-10,2010-01-15,2010,1,,RUS,,AU,AUS,036,009,,Oceania,Australasia,AUS,5.0,320.0,53100.0,32M/64Q/16D,"Medibank International- Sydney, Australia",,Elena Dementieva,5.0,https://www.wtatennis.com/resources/v7.42.8/i/elements/flags/rus.svg,Finals,L,"3-6, 2-6",https://www.wtatennis.com/players/40289/elena-dementieva,False,False,False,False,False,False,False,2,False,17,5,12,RU,RUS,643,150,Europe,Eastern Europe,RUS,"3,6,None|2,6,None",
2,"Medibank International- Sydney, Australia",,https://www.wtatennis.com/tournaments/702/sydney/2010,Premier,Hard,https://www.wtatennis.com/resources/v7.42.8/i/elements/500k-tag.svg,2010-01-10,2010-01-15,2010,1,,FRA,,AU,AUS,036,009,,Oceania,Australasia,AUS,27.0,320.0,53100.0,32M/64Q/16D,"Medibank International- Sydney, Australia",,Aravane Rezai,,https://www.wtatennis.com/resources/v7.42.8/i/elements/flags/fra.svg,Semifinals,W,"3-6, 7-5, 6-4",https://www.wtatennis.com/players/311791/aravane-rezai,False,False,False,False,False,False,False,3,False,31,16,15,FR,FRA,250,150,Europe,Western Europe,FRA,"3,6,None|7,5,None|6,4,None",
3,"Medibank International- Sydney, Australia",,https://www.wtatennis.com/tournaments/702/sydney/2010,Premier,Hard,https://www.wtatennis.com/resources/v7.42.8/i/elements/500k-tag.svg,2010-01-10,2010-01-15,2010,1,,RUS,,AU,AUS,036,009,,Oceania,Australasia,AUS,43.0,320.0,53100.0,32M/64Q/16D,"Medibank International- Sydney, Australia",,Vera Dushevina,,https://www.wtatennis.com/resources/v7.42.8/i/elements/flags/rus.svg,Quarterfinals,W,"6-2, 6-2",https://www.wtatennis.com/players/310625/vera-dushevina,False,False,False,False,False,False,False,2,True,16,12,4,RU,RUS,643,150,Europe,Eastern Europe,RUS,"6,2,None|6,2,None",
4,"Medibank International- Sydney, Australia",,https://www.wtatennis.com/tournaments/702/sydney/2010,Premier,Hard,https://www.wtatennis.com/resources/v7.42.8/i/elements/500k-tag.svg,2010-01-10,2010-01-15,2010,1,,ESP,,AU,AUS,036,009,Kingdom of Spain,Oceania,Australasia,AUS,25.0,320.0,53100.0,32M/64Q/16D,"Medibank International- Sydney, Australia",,Maria Jose  Martinez Sanchez,,https://www.wtatennis.com/resources/v7.42.8/i/elements/flags/esp.svg,Round of 16,W,"6-1, 6-2",https://www.wtatennis.com/players/130591/maria-jose-martinez-sanchez,False,False,False,False,False,False,False,2,True,15,12,3,ES,ESP,724,150,Europe,Southern Europe,ESP,"6,1,None|6,2,None",
5,"Medibank International- Sydney, Australia",,https://www.wtatennis.com/tournaments/702/sydney/2010,Premier,Hard,https://www.wtatennis.com/resources/v7.42.8/i/elements/500k-tag.svg,2010-01-10,2010-01-15,2010,1,,,,AU,AUS,036,009,,Oceania,Australasia,AUS,,320.0,53100.0,32M/64Q/16D,"Medibank International- Sydney, Australia",,,,,Round of 32,,Bye,,False,False,True,False,False,False,False,0,False,0,0,0,,,,,,,,,
1,Sony Ericsson Championships,,https://www.wtatennis.com/tournaments/808/wta-finals/2009,Finals,Hard,https://www.wtatennis.com/resources/v7.42.8/i/elements/finals-tag.svg,2009-10-27,2009-11-01,2009,10,,USA,,QA,QAT,634,142,United States of America|America|USA|US,Asia,Western Asia,QAT,7.0,1500.0,1550000.0,8M/0Q/4D,Sony Ericsson Championships,,Venus Williams,,https://www.wtatennis.com/resources/v7.42.8/i/elements/flags/usa.svg,Finals,W,"6-2, 7-6 (4)",https://www.wtatennis.com/players/230220/venus-williams,False,False,False,False,True,False,True,2,True,21,13,8,US,USA,840,019,America,Northern America,USA,"6,2,None|7,6,4",
2,Sony Ericsson Championships,,https://www.wtatennis.com/tournaments/808/wta-finals/2009,Finals,Hard,https://www.wtatennis.com/resources/v7.42.8/i/elements/finals-tag.svg,2009-10-27,2009-11-01,2009,10,,DEN,,QA,QAT,634,142,,Asia,Western Asia,QAT,4.0,1500.0,1550000.0,8M/0Q/4D,Sony Ericsson Championships,,Caroline Wozniacki,,https://www.wtatennis.com/resources/v7.42.8/i/elements/flags/den.svg,Semifinals,W,"6-4, 0-1",https://www.wtatennis.com/players/313402/caroline-wozniacki,True,False,False,False,False,False,False,2,True,11,6,5,DK,DNK,208,150,Europe,Northern Europe,DEN,"6,4,None|0,1,None|Ret",
3,Sony Ericsson Championships,,https://www.wtatennis.com/tournaments/808/wta-finals/2009,Finals,Hard,https://www.wtatennis.com/resources/v7.42.8/i/elements/finals-tag.svg,2009-10-27,2009-11-01,2009,10,,RUS,,QA,QAT,634,142,,Asia,Western Asia,QAT,3.0,1500.0,1550000.0,8M/0Q/4D,Sony Ericsson Championships,,Svetlana Kuznetsova,,https://www.wtatennis.com/resources/v7.42.8/i/elements/flags/rus.svg,Group Stage Group,W,"7-6 (6), 7-5",https://www.wtatennis.com/players/110552/svetlana-kuznetsova,False,False,False,True,False,False,True,2,True,25,14,11,RU,RUS,643,150,Europe,Eastern Europe,RUS,"7,6,6|7,5,None",
4,Sony Ericsson Championships,,https://www.wtatennis.com/tournaments/808/wta-finals/2009,Finals,Hard,https://www.wtatennis.com/resources/v7.42.8/i/elements/finals-tag.svg,2009-10-27,2009-11-01,2009,10,,RUS,,QA,QAT,634,142,,Asia,Western Asia,QAT,5.0,1500.0,1550000.0,8M/0Q/4D,Sony Ericsson Championships,,Elena Dementieva,,https://www.wtatennis.com/resources/v7.42.8/i/elements/flags/rus.svg,Group Stage Group,W,"6-2, 6-4",https://www.wtatennis.com/players/40289/elena-dementieva,False,False,False,False,False,False,False,2,True,18,12,6,RU,RUS,643,150,Europe,Eastern Europe,RUS,"6,2,None|6,4,None",
5,Sony Ericsson Championships,,https://www.wtatennis.com/tournaments/808/wta-finals/2009,Finals,Hard,https://www.wtatennis.com/resources/v7.42.8/i/elements/finals-tag.svg,2009-10-27,2009-11-01,2009,10,,USA,,QA,QAT,634,142,United States of America|America|USA|US,Asia,Western Asia,QAT,7.0,1500.0,1550000.0,8M/0Q/4D,Sony Ericsson Championships,,Venus Williams,,https://www.wtatennis.com/resources/v7.42.8/i/elements/flags/usa.svg,Group Stage Group,W,"5-7, 6-4, 7-6 (4)",https://www.wtatennis.com/players/230220/venus-williams,False,False,False,False,False,True,True,3,False,35,18,17,US,USA,840,019,America,Northern America,USA,"5,7,None|6,4,None|7,6,4",
1,China Open,,https://www.wtatennis.com/tournaments/1020/beijing/2009,Premier Mandatory,Hard,https://www.wtatennis.com/resources/v7.42.8/i/elements/1000k-tag.svg,2009-10-03,2009-10-11,2009,10,,RUS,,CN,CHN,156,142,,Asia,East Asia,CHN,17.0,140.0,37225.0,64M/32Q/32D,China Open,,Nadia Petrova,13.0,https://www.wtatennis.com/resources/v7.42.8/i/elements/flags/rus.svg,Round of 16,L,"4-6, 6-3, 6-7 (5)",https://www.wtatennis.com/players/160379/nadia-petrova,False,False,False,False,False,True,True,3,False,32,16,16,RU,RUS,643,150,Europe,Eastern Europe,RUS,"4,6,None|6,3,None|6,7,5",
2,China Open,,https://www.wtatennis.com/tournaments/1020/beijing/2009,Premier Mandatory,Hard,https://www.wtatennis.com/resources/v7.42.8/i/elements/1000k-tag.svg,2009-10-03,2009-10-11,2009,10,,RUS,,CN,CHN,156,142,,Asia,East Asia,CHN,55.0,140.0,37225.0,64M/32Q/32D,China Open,,Ekaterina Makarova,,https://www.wtatennis.com/resources/v7.42.8/i/elements/flags/rus.svg,Round of 32,W,"6-3, 6-2",https://www.wtatennis.com/players/311604/ekaterina-makarova,False,False,False,False,False,False,False,2,True,17,12,5,RU,RUS,643,150,Europe,Eastern Europe,RUS,"6,3,None|6,2,None",
3,China Open,,https://www.wtatennis.com/tournaments/1020/beijing/2009,Premier Mandatory,Hard,https://www.wtatennis.com/resources/v7.42.8/i/elements/1000k-tag.svg,2009-10-03,2009-10-11,2009,10,,EST,,CN,CHN,156,142,,Asia,East Asia,CHN,56.0,140.0,37225.0,64M/32Q/32D,China Open,,Kaia Kanepi,,https://www.wtatennis.com/resources/v7.42.8/i/elements/flags/est.svg,Round of 64,W,"7-5, 6-4",https://www.wtatennis.com/players/110536/kaia-kanepi,False,False,False,False,False,False,False,2,True,22,13,9,EE,EST,233,150,Europe,Northern Europe,EST,"7,5,None|6,4,None",
1,Us Open,,https://www.wtatennis.com/tournaments/905/us-open/2009,Grand Slam,Hard,https://www.wtatennis.com/resources/v7.42.8/i/elements/gs-tag.svg,2009-08-31,2009-09-13,2009,8,,BEL,,US,USA,840,019,,America,Northern America,USA,9999.0,900.0,342825.0,128M/128Q/64D,Us Open,,Kim Clijsters,,https://www.wtatennis.com/resources/v7.42.8/i/elements/flags/bel.svg,Semifinals,L,"4-6, 5-7",https://www.wtatennis.com/players/30458/kim-clijsters,False,False,False,False,False,False,False,2,False,22,9,13,BE,BEL,056,150,Europe,Western Europe,BEL,"4,6,None|5,7,None",
2,Us Open,,https://www.wtatennis.com/tournaments/905/us-open/2009,Grand Slam,Hard,https://www.wtatennis.com/resources/v7.42.8/i/elements/gs-tag.svg,2009-08-31,2009-09-13,2009,8,,ITA,,US,USA,840,019,,America,Northern America,USA,10.0,900.0,342825.0,128M/128Q/64D,Us Open,,Flavia Pennetta,10.0,https://www.wtatennis.com/resources/v7.42.8/i/elements/flags/ita.svg,Quarterfinals,W,"6-4, 6-3",https://www.wtatennis.com/players/160391/flavia-pennetta,False,False,False,False,False,False,False,2,True,19,12,7,IT,ITA,380,150,Europe,Southern Europe,ITA,"6,4,None|6,3,None",
3,Us Open,,https://www.wtatennis.com/tournaments/905/us-open/2009,Grand Slam,Hard,https://www.wtatennis.com/resources/v7.42.8/i/elements/gs-tag.svg,2009-08-31,2009-09-13,2009,8,,SVK,,US,USA,840,019,,America,Northern America,USA,24.0,900.0,342825.0,128M/128Q/64D,Us Open,,Daniela Hantuchova,22.0,https://www.wtatennis.com/resources/v7.42.8/i/elements/flags/svk.svg,Round of 16,W,"6-2, 6-0",https://www.wtatennis.com/players/80394/daniela-hantuchova,False,False,False,False,False,False,False,2,True,14,12,2,SK,SVK,703,150,Europe,Central Europe,SVK,"6,2,None|6,0,None",
4,Us Open,,https://www.wtatennis.com/tournaments/905/us-open/2009,Grand Slam,Hard,https://www.wtatennis.com/resources/v7.42.8/i/elements/gs-tag.svg,2009-08-31,2009-09-13,2009,8,,ESP,,US,USA,840,019,Kingdom of Spain,America,Northern America,USA,43.0,900.0,342825.0,128M/128Q/64D,Us Open,,Maria Jose  Martinez Sanchez,,https://www.wtatennis.com/resources/v7.42.8/i/elements/flags/esp.svg,Round of 32,W,"6-3, 7-5",https://www.wtatennis.com/players/130591/maria-jose-martinez-sanchez,False,False,False,False,False,False,False,2,True,21,13,8,ES,ESP,724,150,Europe,Southern Europe,ESP,"6,3,None|7,5,None",
5,Us Open,,https://www.wtatennis.com/tournaments/905/us-open/2009,Grand Slam,Hard,https://www.wtatennis.com/resources/v7.42.8/i/elements/gs-tag.svg,2009-08-31,2009-09-13,2009,8,,HUN,,US,USA,840,019,,America,Northern America,USA,51.0,900.0,342825.0,128M/128Q/64D,Us Open,,Melinda Czink,,https://www.wtatennis.com/resources/v7.42.8/i/elements/flags/hun.svg,Round of 64,W,"6-1, 6-1",https://www.wtatennis.com/players/30557/melinda-czink,False,False,False,False,False,False,False,2,True,14,12,2,HU,HUN,348,150,Europe,Central Europe,HUN,"6,1,None|6,1,None",
6,Us Open,,https://www.wtatennis.com/tournaments/905/us-open/2009,Grand Slam,Hard,https://www.wtatennis.com/resources/v7.42.8/i/elements/gs-tag.svg,2009-08-31,2009-09-13,2009,8,,USA,,US,USA,840,019,United States of America|America|USA|US,America,Northern America,USA,103.0,900.0,342825.0,128M/128Q/64D,Us Open,,Alexa Glatch,,https://www.wtatennis.com/resources/v7.42.8/i/elements/flags/usa.svg,Round of 128,W,"6-4, 6-1",https://www.wtatennis.com/players/312214/alexa-glatch,False,False,False,False,False,False,False,2,True,17,12,5,US,USA,840,019,America,Northern America,USA,"6,4,None|6,1,None",
1,Rogers Cup,,https://www.wtatennis.com/tournaments/806/montreal/2009,Premier 5,Hard,https://www.wtatennis.com/resources/v7.42.8/i/elements/1000k-tag.svg,2009-08-17,2009-08-23,2009,8,,RUS,,CA,CAN,124,019,,America,Northern America,CAN,5.0,350.0,87500.0,64M/64Q/32D,Rogers Cup,,Elena Dementieva,4.0,https://www.wtatennis.com/resources/v7.42.8/i/elements/flags/rus.svg,Semifinals,L,"6-7 (2), 1-6",https://www.wtatennis.com/players/40289/elena-dementieva,False,False,False,True,False,False,True,2,False,20,7,13,RU,RUS,643,150,Europe,Eastern Europe,RUS,"6,7,2|1,6,None",
2,Rogers Cup,,https://www.wtatennis.com/tournaments/806/montreal/2009,Premier 5,Hard,https://www.wtatennis.com/resources/v7.42.8/i/elements/1000k-tag.svg,2009-08-17,2009-08-23,2009,8,,CZE,,CA,CAN,124,019,,America,Northern America,CAN,46.0,350.0,87500.0,64M/64Q/32D,Rogers Cup,,Lucie Safarova,,https://www.wtatennis.com/resources/v7.42.8/i/elements/flags/cze.svg,Quarterfinals,W,"6-3, 6-2",https://www.wtatennis.com/players/310553/lucie-safarova,False,False,False,False,False,False,False,2,True,17,12,5,CZ,CZE,203,150,Europe,Central Europe,CZE,"6,3,None|6,2,None",
3,Rogers Cup,,https://www.wtatennis.com/tournaments/806/montreal/2009,Premier 5,Hard,https://www.wtatennis.com/resources/v7.42.8/i/elements/1000k-tag.svg,2009-08-17,2009-08-23,2009,8,,UKR,,CA,CAN,124,019,,America,Northern America,CAN,33.0,350.0,87500.0,64M/64Q/32D,Rogers Cup,,Alona Bondarenko,,https://www.wtatennis.com/resources/v7.42.8/i/elements/flags/ukr.svg,Round of 16,W,"6-1, 6-4",https://www.wtatennis.com/players/20608/alona-bondarenko,False,False,False,False,False,False,False,2,True,17,12,5,UA,UKR,804,150,Europe,Eastern Europe,UKR,"6,1,None|6,4,None",
4,Rogers Cup,,https://www.wtatennis.com/tournaments/806/montreal/2009,Premier 5,Hard,https://www.wtatennis.com/resources/v7.42.8/i/elements/1000k-tag.svg,2009-08-17,2009-08-23,2009,8,,KAZ,,CA,CAN,124,019,,America,Northern America,CAN,61.0,350.0,87500.0,64M/64Q/32D,Rogers Cup,,Yaroslava Shvedova,,https://www.wtatennis.com/resources/v7.42.8/i/elements/flags/kaz.svg,Round of 32,W,"6-3, 6-2",https://www.wtatennis.com/players/311137/yaroslava-shvedova,False,False,False,False,False,False,False,2,True,17,12,5,KZ,KAZ,398,142,Asia,Central Asia,KAZ,"6,3,None|6,2,None",
5,Rogers Cup,,https://www.wtatennis.com/tournaments/806/montreal/2009,Premier 5,Hard,https://www.wtatennis.com/resources/v7.42.8/i/elements/1000k-tag.svg,2009-08-17,2009-08-23,2009,8,,,,CA,CAN,124,019,,America,Northern America,CAN,,350.0,87500.0,64M/64Q/32D,Rogers Cup,,,,,Round of 64,,Bye,,False,False,True,False,False,False,False,0,False,0,0,0,,,,,,,,,
1,Western & Southern Financial Group Women'S Open,,https://www.wtatennis.com/tournaments/1017/cincinnati/2009,Premier 5,Hard,https://www.wtatennis.com/resources/v7.42.8/i/elements/1000k-tag.svg,2009-08-10,2009-08-16,2009,8,,AUT,,US,USA,840,019,,America,Northern America,USA,29.0,110.0,20000.0,64M/32Q/32D,Western & Southern Financial Group Women'S Open,,Sybille Bammer,,https://www.wtatennis.com/resources/v7.42.8/i/elements/flags/aut.svg,Round of 16,L,"5-7, 4-6",https://www.wtatennis.com/players/20463/sybille-bammer,False,False,False,False,False,False,False,2,False,22,9,13,AT,AUT,040,150,Europe,Central Europe,AUT,"5,7,None|4,6,None",
2,Western & Southern Financial Group Women'S Open,,https://www.wtatennis.com/tournaments/1017/cincinnati/2009,Premier 5,Hard,https://www.wtatennis.com/resources/v7.42.8/i/elements/1000k-tag.svg,2009-08-10,2009-08-16,2009,8,,UKR,,US,USA,840,019,,America,Northern America,USA,67.0,110.0,20000.0,64M/32Q/32D,Western & Southern Financial Group Women'S Open,,Kateryna Volodko,,https://www.wtatennis.com/resources/v7.42.8/i/elements/flags/ukr.svg,Round of 32,W,"6-3, 6-2",https://www.wtatennis.com/players/20702/kateryna-volodko,False,False,False,False,False,False,False,2,True,17,12,5,UA,UKR,804,150,Europe,Eastern Europe,UKR,"6,3,None|6,2,None",
3,Western & Southern Financial Group Women'S Open,,https://www.wtatennis.com/tournaments/1017/cincinnati/2009,Premier 5,Hard,https://www.wtatennis.com/resources/v7.42.8/i/elements/1000k-tag.svg,2009-08-10,2009-08-16,2009,8,,,,US,USA,840,019,,America,Northern America,USA,,110.0,20000.0,64M/32Q/32D,Western & Southern Financial Group Women'S Open,,,,,Round of 64,,Bye,,False,False,True,False,False,False,False,0,False,0,0,0,,,,,,,,,
1,Bank Of The West Classic,,https://www.wtatennis.com/tournaments/703/san-jose/2009,Premier,Hard,https://www.wtatennis.com/resources/v7.42.8/i/elements/500k-tag.svg,2009-07-27,2009-08-02,2009,7,,AUS,,US,USA,840,019,,America,Northern America,USA,20.0,120.0,15925.0,32M/32Q/16D,Bank Of The West Classic,,Samantha Stosur,,https://www.wtatennis.com/resources/v7.42.8/i/elements/flags/aus.svg,Quarterfinals,L,"2-6, 6-3, 2-6",https://www.wtatennis.com/players/190787/samantha-stosur,False,False,False,False,False,False,False,3,False,25,10,15,AU,AUS,036,009,Oceania,Australasia,AUS,"2,6,None|6,3,None|2,6,None",
2,Bank Of The West Classic,,https://www.wtatennis.com/tournaments/703/san-jose/2009,Premier,Hard,https://www.wtatennis.com/resources/v7.42.8/i/elements/500k-tag.svg,2009-07-27,2009-08-02,2009,7,,HUN,,US,USA,840,019,,America,Northern America,USA,56.0,120.0,15925.0,32M/32Q/16D,Bank Of The West Classic,,Melinda Czink,,https://www.wtatennis.com/resources/v7.42.8/i/elements/flags/hun.svg,Round of 16,W,"6-3, 7-6 (7)",https://www.wtatennis.com/players/30557/melinda-czink,False,False,False,False,True,False,True,2,True,22,13,9,HU,HUN,348,150,Europe,Central Europe,HUN,"6,3,None|7,6,7",
3,Bank Of The West Classic,,https://www.wtatennis.com/tournaments/703/san-jose/2009,Premier,Hard,https://www.wtatennis.com/resources/v7.42.8/i/elements/500k-tag.svg,2009-07-27,2009-08-02,2009,7,,CHN,,US,USA,840,019,,America,Northern America,USA,18.0,120.0,15925.0,32M/32Q/16D,Bank Of The West Classic,,Na Li,,https://www.wtatennis.com/resources/v7.42.8/i/elements/flags/chn.svg,Round of 32,W,"6-3, 7-6 (6)",https://www.wtatennis.com/players/120330/na-li,False,False,False,False,True,False,True,2,True,22,13,9,CN,CHN,156,142,Asia,East Asia,CHN,"6,3,None|7,6,6",
1,Wimbledon,,https://www.wtatennis.com/tournaments/904/wimbledon/2009,Grand Slam,Grass,https://www.wtatennis.com/resources/v7.42.8/i/elements/gs-tag.svg,2009-06-22,2009-07-05,2009,6,,USA,,GB,GBR,826,150,United States of America|America|USA|US,Europe,Northern Europe,ENG,3.0,2000.0,1456627.0,128M/128Q/64D,The Championships,,Venus Williams,3.0,https://www.wtatennis.com/resources/v7.42.8/i/elements/flags/usa.svg,Finals,W,"7-6 (3), 6-2",https://www.wtatennis.com/players/230220/venus-williams,False,False,False,True,False,False,True,2,True,21,13,8,US,USA,840,019,America,Northern America,USA,"7,6,3|6,2,None",
2,Wimbledon,,https://www.wtatennis.com/tournaments/904/wimbledon/2009,Grand Slam,Grass,https://www.wtatennis.com/resources/v7.42.8/i/elements/gs-tag.svg,2009-06-22,2009-07-05,2009,6,,RUS,,GB,GBR,826,150,,Europe,Northern Europe,ENG,4.0,2000.0,1456627.0,128M/128Q/64D,The Championships,,Elena Dementieva,4.0,https://www.wtatennis.com/resources/v7.42.8/i/elements/flags/rus.svg,Semifinals,W,"6-7 (4), 7-5, 8-6",https://www.wtatennis.com/players/40289/elena-dementieva,False,False,False,True,False,False,True,3,False,39,21,18,RU,RUS,643,150,Europe,Eastern Europe,RUS,"6,7,4|7,5,None|8,6,None",
3,Wimbledon,,https://www.wtatennis.com/tournaments/904/wimbledon/2009,Grand Slam,Grass,https://www.wtatennis.com/resources/v7.42.8/i/elements/gs-tag.svg,2009-06-22,2009-07-05,2009,6,,BLR,,GB,GBR,826,150,,Europe,Northern Europe,ENG,8.0,2000.0,1456627.0,128M/128Q/64D,The Championships,,Victoria Azarenka,8.0,https://www.wtatennis.com/resources/v7.42.8/i/elements/flags/blr.svg,Quarterfinals,W,"6-2, 6-3",https://www.wtatennis.com/players/312001/victoria-azarenka,False,False,False,False,False,False,False,2,True,17,12,5,BY,BLR,112,150,Europe,Eastern Europe,BLR,"6,2,None|6,3,None",
4,Wimbledon,,https://www.wtatennis.com/tournaments/904/wimbledon/2009,Grand Slam,Grass,https://www.wtatennis.com/resources/v7.42.8/i/elements/gs-tag.svg,2009-06-22,2009-07-05,2009,6,,SVK,,GB,GBR,826,150,,Europe,Northern Europe,ENG,32.0,2000.0,1456627.0,128M/128Q/64D,The Championships,,Daniela Hantuchova,,https://www.wtatennis.com/resources/v7.42.8/i/elements/flags/svk.svg,Round of 16,W,"6-3, 6-1",https://www.wtatennis.com/players/80394/daniela-hantuchova,False,False,False,False,False,False,False,2,True,16,12,4,SK,SVK,703,150,Europe,Central Europe,SVK,"6,3,None|6,1,None",
5,Wimbledon,,https://www.wtatennis.com/tournaments/904/wimbledon/2009,Grand Slam,Grass,https://www.wtatennis.com/resources/v7.42.8/i/elements/gs-tag.svg,2009-06-22,2009-07-05,2009,6,,ITA,,GB,GBR,826,150,,Europe,Northern Europe,ENG,53.0,2000.0,1456627.0,128M/128Q/64D,The Championships,,Roberta Vinci,,https://www.wtatennis.com/resources/v7.42.8/i/elements/flags/ita.svg,Round of 32,W,"6-3, 6-4",https://www.wtatennis.com/players/220214/roberta-vinci,False,False,False,False,False,False,False,2,True,19,12,7,IT,ITA,380,150,Europe,Southern Europe,ITA,"6,3,None|6,4,None",
6,Wimbledon,,https://www.wtatennis.com/tournaments/904/wimbledon/2009,Grand Slam,Grass,https://www.wtatennis.com/resources/v7.42.8/i/elements/gs-tag.svg,2009-06-22,2009-07-05,2009,6,,AUS,,GB,GBR,826,150,,Europe,Northern Europe,ENG,69.0,2000.0,1456627.0,128M/128Q/64D,The Championships,,Jarmila Wolfe,,https://www.wtatennis.com/resources/v7.42.8/i/elements/flags/aus.svg,Round of 64,W,"6-2, 6-1",https://www.wtatennis.com/players/310169/jarmila-wolfe,False,False,False,False,False,False,False,2,True,15,12,3,AU,AUS,036,009,Oceania,Australasia,AUS,"6,2,None|6,1,None",
7,Wimbledon,,https://www.wtatennis.com/tournaments/904/wimbledon/2009,Grand Slam,Grass,https://www.wtatennis.com/resources/v7.42.8/i/elements/gs-tag.svg,2009-06-22,2009-07-05,2009,6,,POR,,GB,GBR,826,150,,Europe,Northern Europe,ENG,154.0,2000.0,1456627.0,128M/128Q/64D,The Championships,,Neuza Silva,,https://www.wtatennis.com/resources/v7.42.8/i/elements/flags/por.svg,Round of 128,W,"6-1, 7-5",https://www.wtatennis.com/players/190857/neuza-silva,False,False,False,False,False,False,False,2,True,19,13,6,PT,PRT,620,150,Europe,Southern Europe,POR,"6,1,None|7,5,None",
1,Roland Garros,,https://www.wtatennis.com/tournaments/903/roland-garros/2009,Grand Slam,Clay,https://www.wtatennis.com/resources/v7.42.8/i/elements/gs-tag.svg,2009-05-24,2009-06-07,2009,5,,RUS,,FR,FRA,250,150,,Europe,Western Europe,FRA,7.0,500.0,187185.0,128M/128Q/64D,Roland Garros,,Svetlana Kuznetsova,7.0,https://www.wtatennis.com/resources/v7.42.8/i/elements/flags/rus.svg,Quarterfinals,L,"6-7 (3), 7-5, 5-7",https://www.wtatennis.com/players/110552/svetlana-kuznetsova,False,False,False,True,False,False,True,3,False,37,18,19,RU,RUS,643,150,Europe,Eastern Europe,RUS,"6,7,3|7,5,None|5,7,None",
2,Roland Garros,,https://www.wtatennis.com/tournaments/903/roland-garros/2009,Grand Slam,Clay,https://www.wtatennis.com/resources/v7.42.8/i/elements/gs-tag.svg,2009-05-24,2009-06-07,2009,5,,CAN,,FR,FRA,250,150,,Europe,Western Europe,FRA,24.0,500.0,187185.0,128M/128Q/64D,Roland Garros,,Aleksandra Wozniak,24.0,https://www.wtatennis.com/resources/v7.42.8/i/elements/flags/can.svg,Round of 16,W,"6-1, 6-2",https://www.wtatennis.com/players/310494/aleksandra-wozniak,False,False,False,False,False,False,False,2,True,15,12,3,CA,CAN,124,019,America,Northern America,CAN,"6,1,None|6,2,None",
3,Roland Garros,,https://www.wtatennis.com/tournaments/903/roland-garros/2009,Grand Slam,Clay,https://www.wtatennis.com/resources/v7.42.8/i/elements/gs-tag.svg,2009-05-24,2009-06-07,2009,5,,ESP,,FR,FRA,250,150,Kingdom of Spain,Europe,Western Europe,FRA,43.0,500.0,187185.0,128M/128Q/64D,Roland Garros,,Maria Jose  Martinez Sanchez,,https://www.wtatennis.com/resources/v7.42.8/i/elements/flags/esp.svg,Round of 32,W,"4-6, 6-3, 6-4",https://www.wtatennis.com/players/130591/maria-jose-martinez-sanchez,False,False,False,False,False,False,False,3,False,29,16,13,ES,ESP,724,150,Europe,Southern Europe,ESP,"4,6,None|6,3,None|6,4,None",
4,Roland Garros,,https://www.wtatennis.com/tournaments/903/roland-garros/2009,Grand Slam,Clay,https://www.wtatennis.com/resources/v7.42.8/i/elements/gs-tag.svg,2009-05-24,2009-06-07,2009,5,,ESP,,FR,FRA,250,150,Kingdom of Spain,Europe,Western Europe,FRA,133.0,500.0,187185.0,128M/128Q/64D,Roland Garros,,Virginia Ruano Pascual,,https://www.wtatennis.com/resources/v7.42.8/i/elements/flags/esp.svg,Round of 64,W,"6-2, 6-0",https://www.wtatennis.com/players/180160/virginia-ruano-pascual,False,False,False,False,False,False,False,2,True,14,12,2,ES,ESP,724,150,Europe,Southern Europe,ESP,"6,2,None|6,0,None",
5,Roland Garros,,https://www.wtatennis.com/tournaments/903/roland-garros/2009,Grand Slam,Clay,https://www.wtatennis.com/resources/v7.42.8/i/elements/gs-tag.svg,2009-05-24,2009-06-07,2009,5,,CZE,,FR,FRA,250,150,,Europe,Western Europe,FRA,100.0,500.0,187185.0,128M/128Q/64D,Roland Garros,,Klara Koukalova,,https://www.wtatennis.com/resources/v7.42.8/i/elements/flags/cze.svg,Round of 128,W,"6-3, 6-7 (5), 6-4",https://www.wtatennis.com/players/110492/klara-koukalova,False,False,False,False,True,False,True,3,True,32,18,14,CZ,CZE,203,150,Europe,Central Europe,CZE,"6,3,None|6,7,5|6,4,None",
1,"Mutua Madrilena Madrid Open-Madrid, Spain",,https://www.wtatennis.com/tournaments/1038/madrid/2009,Premier Mandatory,Clay,https://www.wtatennis.com/resources/v7.42.8/i/elements/1000k-tag.svg,2009-05-09,2009-05-17,2009,5,,ITA,,ES,ESP,724,150,,Europe,Southern Europe,ESP,45.0,5.0,12002.0,64M/32Q/32D,"Mutua Madrilena Madrid Open-Madrid, Spain",,Francesca Schiavone,,https://www.wtatennis.com/resources/v7.42.8/i/elements/flags/ita.svg,Round of 64,L,4-6,https://www.wtatennis.com/players/190666/francesca-schiavone,True,False,False,False,False,False,False,1,False,10,4,6,IT,ITA,380,150,Europe,Southern Europe,ITA,"4,6,None|Ret",
1,International Bnl D'Italia,,https://www.wtatennis.com/tournaments/709/rome/2009,Premier 5,Clay,https://www.wtatennis.com/resources/v7.42.8/i/elements/1000k-tag.svg,2009-05-03,2009-05-09,2009,5,,SUI,,IT,ITA,380,150,,Europe,Southern Europe,ITA,20.0,1.0,10275.0,64M/32Q/32D,International Bnl D'Italia,,Patty Schnyder,,https://www.wtatennis.com/resources/v7.42.8/i/elements/flags/sui.svg,Round of 32,L,"2-6, 6-2, 1-6",https://www.wtatennis.com/players/190519/patty-schnyder,False,False,False,False,False,False,False,3,False,23,9,14,CH,CHE,756,150,Europe,Central Europe,SUI,"2,6,None|6,2,None|1,6,None",
2,International Bnl D'Italia,,https://www.wtatennis.com/tournaments/709/rome/2009,Premier 5,Clay,https://www.wtatennis.com/resources/v7.42.8/i/elements/1000k-tag.svg,2009-05-03,2009-05-09,2009,5,,,,IT,ITA,380,150,,Europe,Southern Europe,ITA,,1.0,10275.0,64M/32Q/32D,International Bnl D'Italia,,,,,Round of 64,,Bye,,False,False,True,False,False,False,False,0,False,0,0,0,,,,,,,,,
1,"Andalucia Tennis Experience-Marbella, Spain",,https://www.wtatennis.com/tournaments/1040/marbella/2009,International,Clay,https://www.wtatennis.com/resources/v7.42.8/i/elements/250k-tag.svg,2009-04-06,2009-04-12,2009,4,,CZE,,ES,ESP,724,150,,Europe,Southern Europe,ESP,95.0,1.0,2707.0,32M/32Q/16D,"Andalucia Tennis Experience-Marbella, Spain",,Klara Koukalova,,https://www.wtatennis.com/resources/v7.42.8/i/elements/flags/cze.svg,Round of 32,L,"4-6, 6-3, 1-6",https://www.wtatennis.com/players/110492/klara-koukalova,False,False,False,False,False,False,False,3,False,26,11,15,CZ,CZE,203,150,Europe,Central Europe,CZE,"4,6,None|6,3,None|1,6,None",
1,Sony Ericsson Open,,https://www.wtatennis.com/tournaments/902/miami/2009,Premier Mandatory,Hard,https://www.wtatennis.com/resources/v7.42.8/i/elements/1000k-tag.svg,2009-03-25,2009-04-05,2009,3,,BLR,,US,USA,840,019,,America,Northern America,USA,10.0,700.0,350000.0,128M/64Q/32D,Sony Ericsson Open,,Victoria Azarenka,11.0,https://www.wtatennis.com/resources/v7.42.8/i/elements/flags/blr.svg,Finals,L,"3-6, 1-6",https://www.wtatennis.com/players/312001/victoria-azarenka,False,False,False,False,False,False,False,2,False,16,4,12,BY,BLR,112,150,Europe,Eastern Europe,BLR,"3,6,None|1,6,None",
2,Sony Ericsson Open,,https://www.wtatennis.com/tournaments/902/miami/2009,Premier Mandatory,Hard,https://www.wtatennis.com/resources/v7.42.8/i/elements/1000k-tag.svg,2009-03-25,2009-04-05,2009,3,,USA,,US,USA,840,019,United States of America|America|USA|US,America,Northern America,USA,6.0,700.0,350000.0,128M/64Q/32D,Sony Ericsson Open,,Venus Williams,5.0,https://www.wtatennis.com/resources/v7.42.8/i/elements/flags/usa.svg,Semifinals,W,"6-4, 3-6, 6-3",https://www.wtatennis.com/players/230220/venus-williams,False,False,False,False,False,False,False,3,True,28,15,13,US,USA,840,019,America,Northern America,USA,"6,4,None|3,6,None|6,3,None",
3,Sony Ericsson Open,,https://www.wtatennis.com/tournaments/902/miami/2009,Premier Mandatory,Hard,https://www.wtatennis.com/resources/v7.42.8/i/elements/1000k-tag.svg,2009-03-25,2009-04-05,2009,3,,CHN,,US,USA,840,019,,America,Northern America,USA,40.0,700.0,350000.0,128M/64Q/32D,Sony Ericsson Open,,Na Li,,https://www.wtatennis.com/resources/v7.42.8/i/elements/flags/chn.svg,Quarterfinals,W,"4-6, 7-6 (1), 6-2",https://www.wtatennis.com/players/120330/na-li,False,False,False,False,True,False,True,3,False,31,17,14,CN,CHN,156,142,Asia,East Asia,CHN,"4,6,None|7,6,1|6,2,None",
4,Sony Ericsson Open,,https://www.wtatennis.com/tournaments/902/miami/2009,Premier Mandatory,Hard,https://www.wtatennis.com/resources/v7.42.8/i/elements/1000k-tag.svg,2009-03-25,2009-04-05,2009,3,,CHN,,US,USA,840,019,,America,Northern America,USA,17.0,700.0,350000.0,128M/64Q/32D,Sony Ericsson Open,,Jie Zheng,17.0,https://www.wtatennis.com/resources/v7.42.8/i/elements/flags/chn.svg,Round of 16,W,"7-5, 5-7, 6-3",https://www.wtatennis.com/players/260144/jie-zheng,False,False,False,False,False,False,False,3,True,33,18,15,CN,CHN,156,142,Asia,East Asia,CHN,"7,5,None|5,7,None|6,3,None",
5,Sony Ericsson Open,,https://www.wtatennis.com/tournaments/902/miami/2009,Premier Mandatory,Hard,https://www.wtatennis.com/resources/v7.42.8/i/elements/1000k-tag.svg,2009-03-25,2009-04-05,2009,3,,CHN,,US,USA,840,019,,America,Northern America,USA,34.0,700.0,350000.0,128M/64Q/32D,Sony Ericsson Open,,Shuai Peng,32.0,https://www.wtatennis.com/resources/v7.42.8/i/elements/flags/chn.svg,Round of 32,W,"7-5, 6-2",https://www.wtatennis.com/players/160471/shuai-peng,False,False,False,False,False,False,False,2,True,20,13,7,CN,CHN,156,142,Asia,East Asia,CHN,"7,5,None|6,2,None",
6,Sony Ericsson Open,,https://www.wtatennis.com/tournaments/902/miami/2009,Premier Mandatory,Hard,https://www.wtatennis.com/resources/v7.42.8/i/elements/1000k-tag.svg,2009-03-25,2009-04-05,2009,3,,USA,,US,USA,840,019,United States of America|America|USA|US,America,Northern America,USA,124.0,700.0,350000.0,128M/64Q/32D,Sony Ericsson Open,,Alexa Glatch,,https://www.wtatennis.com/resources/v7.42.8/i/elements/flags/usa.svg,Round of 64,W,"6-2, 6-3",https://www.wtatennis.com/players/312214/alexa-glatch,False,False,False,False,False,False,False,2,True,17,12,5,US,USA,840,019,America,Northern America,USA,"6,2,None|6,3,None",
7,Sony Ericsson Open,,https://www.wtatennis.com/tournaments/902/miami/2009,Premier Mandatory,Hard,https://www.wtatennis.com/resources/v7.42.8/i/elements/1000k-tag.svg,2009-03-25,2009-04-05,2009,3,,,,US,USA,840,019,,America,Northern America,USA,,700.0,350000.0,128M/64Q/32D,Sony Ericsson Open,,,,,Round of 128,,Bye,,False,False,True,False,False,False,False,0,False,0,0,0,,,,,,,,,
1,Barclays Dubai Tennis Championshps,,https://www.wtatennis.com/tournaments/718/dubai/2009,Premier 5,Hard,https://www.wtatennis.com/resources/v7.42.8/i/elements/1000k-tag.svg,2009-02-15,2009-02-21,2009,2,,USA,,AE,ARE,784,142,United States of America|America|USA|US,Asia,Western Asia,UAE,6.0,350.0,87500.0,64M/32Q/32D,Barclays Dubai Tennis Championshps,,Venus Williams,6.0,https://www.wtatennis.com/resources/v7.42.8/i/elements/flags/usa.svg,Semifinals,L,"1-6, 6-2, 6-7 (3)",https://www.wtatennis.com/players/230220/venus-williams,False,False,False,False,False,True,True,3,False,28,13,15,US,USA,840,019,America,Northern America,USA,"1,6,None|6,2,None|6,7,3",
2,Barclays Dubai Tennis Championshps,,https://www.wtatennis.com/tournaments/718/dubai/2009,Premier 5,Hard,https://www.wtatennis.com/resources/v7.42.8/i/elements/1000k-tag.svg,2009-02-15,2009-02-21,2009,2,,SRB,,AE,ARE,784,142,,Asia,Western Asia,UAE,8.0,350.0,87500.0,64M/32Q/32D,Barclays Dubai Tennis Championshps,,Ana Ivanovic,8.0,https://www.wtatennis.com/resources/v7.42.8/i/elements/flags/srb.svg,Quarterfinals,W,"6-4, 6-4",https://www.wtatennis.com/players/311710/ana-ivanovic,False,False,False,False,False,False,False,2,True,20,12,8,RS,SRB,688,150,Europe,Southeastern Europe,SRB,"6,4,None|6,4,None",
3,Barclays Dubai Tennis Championshps,,https://www.wtatennis.com/tournaments/718/dubai/2009,Premier 5,Hard,https://www.wtatennis.com/resources/v7.42.8/i/elements/1000k-tag.svg,2009-02-15,2009-02-21,2009,2,,CHN,,AE,ARE,784,142,,Asia,Western Asia,UAE,20.0,350.0,87500.0,64M/32Q/32D,Barclays Dubai Tennis Championshps,,Jie Zheng,13.0,https://www.wtatennis.com/resources/v7.42.8/i/elements/flags/chn.svg,Round of 16,W,"6-4, 6-2",https://www.wtatennis.com/players/260144/jie-zheng,False,False,False,False,False,False,False,2,True,18,12,6,CN,CHN,156,142,Asia,East Asia,CHN,"6,4,None|6,2,None",
4,Barclays Dubai Tennis Championshps,,https://www.wtatennis.com/tournaments/718/dubai/2009,Premier 5,Hard,https://www.wtatennis.com/resources/v7.42.8/i/elements/1000k-tag.svg,2009-02-15,2009-02-21,2009,2,,ITA,,AE,ARE,784,142,,Asia,Western Asia,UAE,32.0,350.0,87500.0,64M/32Q/32D,Barclays Dubai Tennis Championshps,,Sara Errani,,https://www.wtatennis.com/resources/v7.42.8/i/elements/flags/ita.svg,Round of 32,W,"4-6, 6-2, 6-0",https://www.wtatennis.com/players/310761/sara-errani,False,False,False,False,False,False,False,3,False,24,16,8,IT,ITA,380,150,Europe,Southern Europe,ITA,"4,6,None|6,2,None|6,0,None",
5,Barclays Dubai Tennis Championshps,,https://www.wtatennis.com/tournaments/718/dubai/2009,Premier 5,Hard,https://www.wtatennis.com/resources/v7.42.8/i/elements/1000k-tag.svg,2009-02-15,2009-02-21,2009,2,,,,AE,ARE,784,142,,Asia,Western Asia,UAE,,350.0,87500.0,64M/32Q/32D,Barclays Dubai Tennis Championshps,,,,,Round of 64,,Bye,,False,False,True,False,False,False,False,0,False,0,0,0,,,,,,,,,
1,Open Gdf Suez,,https://www.wtatennis.com/tournaments/604/paris/2009,Premier,Hard,https://www.wtatennis.com/resources/v7.42.8/i/elements/500k-tag.svg,2009-02-09,2009-02-15,2009,2,,RUS,,FR,FRA,250,150,,Europe,Western Europe,FRA,4.0,200.0,22962.0,32M/32Q/16D,Open Gdf Suez,,Elena Dementieva,3.0,https://www.wtatennis.com/resources/v7.42.8/i/elements/flags/rus.svg,Semifinals,L,Walkover,https://www.wtatennis.com/players/40289/elena-dementieva,False,True,False,False,False,False,False,0,False,0,0,0,RU,RUS,643,150,Europe,Eastern Europe,RUS,,
2,Open Gdf Suez,,https://www.wtatennis.com/tournaments/604/paris/2009,Premier,Hard,https://www.wtatennis.com/resources/v7.42.8/i/elements/500k-tag.svg,2009-02-09,2009-02-15,2009,2,,FRA,,FR,FRA,250,150,,Europe,Western Europe,FRA,134.0,200.0,22962.0,32M/32Q/16D,Open Gdf Suez,,Emilie Loit,,https://www.wtatennis.com/resources/v7.42.8/i/elements/flags/fra.svg,Quarterfinals,W,"6-4, 6-1",https://www.wtatennis.com/players/120277/emilie-loit,False,False,False,False,False,False,False,2,True,17,12,5,FR,FRA,250,150,Europe,Western Europe,FRA,"6,4,None|6,1,None",
3,Open Gdf Suez,,https://www.wtatennis.com/tournaments/604/paris/2009,Premier,Hard,https://www.wtatennis.com/resources/v7.42.8/i/elements/500k-tag.svg,2009-02-09,2009-02-15,2009,2,,CRO,,FR,FRA,250,150,,Europe,Western Europe,FRA,145.0,200.0,22962.0,32M/32Q/16D,Open Gdf Suez,,Karolina Sprem,,https://www.wtatennis.com/resources/v7.42.8/i/elements/flags/cro.svg,Round of 16,W,"6-1, 6-2",https://www.wtatennis.com/players/190881/karolina-sprem,False,False,False,False,False,False,False,2,True,15,12,3,HR,HRV,191,150,Europe,Southeastern Europe,CRO,"6,1,None|6,2,None",
4,Open Gdf Suez,,https://www.wtatennis.com/tournaments/604/paris/2009,Premier,Hard,https://www.wtatennis.com/resources/v7.42.8/i/elements/500k-tag.svg,2009-02-09,2009-02-15,2009,2,,CZE,,FR,FRA,250,150,,Europe,Western Europe,FRA,34.0,200.0,22962.0,32M/32Q/16D,Open Gdf Suez,,Iveta Melzer,,https://www.wtatennis.com/resources/v7.42.8/i/elements/flags/cze.svg,Round of 32,W,"6-1, 6-4",https://www.wtatennis.com/players/20576/iveta-melzer,False,False,False,False,False,False,False,2,True,17,12,5,CZ,CZE,203,150,Europe,Central Europe,CZE,"6,1,None|6,4,None",
1,Australian Open,,https://www.wtatennis.com/tournaments/901/australian-open/2009,Grand Slam,Hard,https://www.wtatennis.com/resources/v7.42.8/i/elements/gs-tag.svg,2009-01-19,2009-01-31,2009,1,,RUS,,AU,AUS,036,009,,Oceania,Australasia,AUS,3.0,2000.0,1373604.0,128M/128Q/64D,Australian Open,,Dinara Safina,3.0,https://www.wtatennis.com/resources/v7.42.8/i/elements/flags/rus.svg,Finals,W,"6-0, 6-3",https://www.wtatennis.com/players/190950/dinara-safina,False,False,False,False,False,False,False,2,True,15,12,3,RU,RUS,643,150,Europe,Eastern Europe,RUS,"6,0,None|6,3,None",
2,Australian Open,,https://www.wtatennis.com/tournaments/901/australian-open/2009,Grand Slam,Hard,https://www.wtatennis.com/resources/v7.42.8/i/elements/gs-tag.svg,2009-01-19,2009-01-31,2009,1,,RUS,,AU,AUS,036,009,,Oceania,Australasia,AUS,4.0,2000.0,1373604.0,128M/128Q/64D,Australian Open,,Elena Dementieva,4.0,https://www.wtatennis.com/resources/v7.42.8/i/elements/flags/rus.svg,Semifinals,W,"6-3, 6-4",https://www.wtatennis.com/players/40289/elena-dementieva,False,False,False,False,False,False,False,2,True,19,12,7,RU,RUS,643,150,Europe,Eastern Europe,RUS,"6,3,None|6,4,None",
3,Australian Open,,https://www.wtatennis.com/tournaments/901/australian-open/2009,Grand Slam,Hard,https://www.wtatennis.com/resources/v7.42.8/i/elements/gs-tag.svg,2009-01-19,2009-01-31,2009,1,,RUS,,AU,AUS,036,009,,Oceania,Australasia,AUS,8.0,2000.0,1373604.0,128M/128Q/64D,Australian Open,,Svetlana Kuznetsova,8.0,https://www.wtatennis.com/resources/v7.42.8/i/elements/flags/rus.svg,Quarterfinals,W,"5-7, 7-5, 6-1",https://www.wtatennis.com/players/110552/svetlana-kuznetsova,False,False,False,False,False,False,False,3,False,31,18,13,RU,RUS,643,150,Europe,Eastern Europe,RUS,"5,7,None|7,5,None|6,1,None",
4,Australian Open,,https://www.wtatennis.com/tournaments/901/australian-open/2009,Grand Slam,Hard,https://www.wtatennis.com/resources/v7.42.8/i/elements/gs-tag.svg,2009-01-19,2009-01-31,2009,1,,BLR,,AU,AUS,036,009,,Oceania,Australasia,AUS,14.0,2000.0,1373604.0,128M/128Q/64D,Australian Open,,Victoria Azarenka,13.0,https://www.wtatennis.com/resources/v7.42.8/i/elements/flags/blr.svg,Round of 16,W,"3-6, 4-2",https://www.wtatennis.com/players/312001/victoria-azarenka,True,False,False,False,False,False,False,2,False,15,7,8,BY,BLR,112,150,Europe,Eastern Europe,BLR,"3,6,None|4,2,None|Ret",
5,Australian Open,,https://www.wtatennis.com/tournaments/901/australian-open/2009,Grand Slam,Hard,https://www.wtatennis.com/resources/v7.42.8/i/elements/gs-tag.svg,2009-01-19,2009-01-31,2009,1,,CHN,,AU,AUS,036,009,,Oceania,Australasia,AUS,41.0,2000.0,1373604.0,128M/128Q/64D,Australian Open,,Shuai Peng,,https://www.wtatennis.com/resources/v7.42.8/i/elements/flags/chn.svg,Round of 32,W,"6-1, 6-4",https://www.wtatennis.com/players/160471/shuai-peng,False,False,False,False,False,False,False,2,True,17,12,5,CN,CHN,156,142,Asia,East Asia,CHN,"6,1,None|6,4,None",
6,Australian Open,,https://www.wtatennis.com/tournaments/901/australian-open/2009,Grand Slam,Hard,https://www.wtatennis.com/resources/v7.42.8/i/elements/gs-tag.svg,2009-01-19,2009-01-31,2009,1,,ARG,,AU,AUS,036,009,,Oceania,Australasia,AUS,45.0,2000.0,1373604.0,128M/128Q/64D,Australian Open,,Gisela Dulko,,https://www.wtatennis.com/resources/v7.42.8/i/elements/flags/arg.svg,Round of 64,W,"6-3, 7-5",https://www.wtatennis.com/players/40388/gisela-dulko,False,False,False,False,False,False,False,2,True,21,13,8,AR,ARG,032,019,America,Southern South America,ARG,"6,3,None|7,5,None",
7,Australian Open,,https://www.wtatennis.com/tournaments/901/australian-open/2009,Grand Slam,Hard,https://www.wtatennis.com/resources/v7.42.8/i/elements/gs-tag.svg,2009-01-19,2009-01-31,2009,1,,CHN,,AU,AUS,036,009,,Oceania,Australasia,AUS,123.0,2000.0,1373604.0,128M/128Q/64D,Australian Open,,Meng Yuan,,https://www.wtatennis.com/resources/v7.42.8/i/elements/flags/chn.svg,Round of 128,W,"6-3, 6-2",https://www.wtatennis.com/players/310803/meng-yuan,False,False,False,False,False,False,False,2,True,17,12,5,CN,CHN,156,142,Asia,East Asia,CHN,"6,3,None|6,2,None",
1,"Medibank International- Sydney, Australia",,https://www.wtatennis.com/tournaments/702/sydney/2009,Premier,Hard,https://www.wtatennis.com/resources/v7.42.8/i/elements/500k-tag.svg,2009-01-11,2009-01-16,2009,1,,RUS,,AU,AUS,036,009,,Oceania,Australasia,AUS,4.0,200.0,28100.0,32M/32Q/16D,"Medibank International- Sydney, Australia",,Elena Dementieva,3.0,https://www.wtatennis.com/resources/v7.42.8/i/elements/flags/rus.svg,Semifinals,L,"3-6, 1-6",https://www.wtatennis.com/players/40289/elena-dementieva,False,False,False,False,False,False,False,2,False,16,4,12,RU,RUS,643,150,Europe,Eastern Europe,RUS,"3,6,None|1,6,None",
2,"Medibank International- Sydney, Australia",,https://www.wtatennis.com/tournaments/702/sydney/2009,Premier,Hard,https://www.wtatennis.com/resources/v7.42.8/i/elements/500k-tag.svg,2009-01-11,2009-01-16,2009,1,,DEN,,AU,AUS,036,009,,Oceania,Australasia,AUS,12.0,200.0,28100.0,32M/32Q/16D,"Medibank International- Sydney, Australia",,Caroline Wozniacki,8.0,https://www.wtatennis.com/resources/v7.42.8/i/elements/flags/den.svg,Quarterfinals,W,"6-7 (5), 6-3, 7-6 (3)",https://www.wtatennis.com/players/313402/caroline-wozniacki,False,False,False,True,False,True,True,3,False,35,19,16,DK,DNK,208,150,Europe,Northern Europe,DEN,"6,7,5|6,3,None|7,6,3",
3,"Medibank International- Sydney, Australia",,https://www.wtatennis.com/tournaments/702/sydney/2009,Premier,Hard,https://www.wtatennis.com/resources/v7.42.8/i/elements/500k-tag.svg,2009-01-11,2009-01-16,2009,1,,ITA,,AU,AUS,036,009,,Oceania,Australasia,AUS,38.0,200.0,28100.0,32M/32Q/16D,"Medibank International- Sydney, Australia",,Sara Errani,,https://www.wtatennis.com/resources/v7.42.8/i/elements/flags/ita.svg,Round of 16,W,"6-1, 6-2",https://www.wtatennis.com/players/310761/sara-errani,False,False,False,False,False,False,False,2,True,15,12,3,IT,ITA,380,150,Europe,Southern Europe,ITA,"6,1,None|6,2,None",
4,"Medibank International- Sydney, Australia",,https://www.wtatennis.com/tournaments/702/sydney/2009,Premier,Hard,https://www.wtatennis.com/resources/v7.42.8/i/elements/500k-tag.svg,2009-01-11,2009-01-16,2009,1,,AUS,,AU,AUS,036,009,,Oceania,Australasia,AUS,46.0,200.0,28100.0,32M/32Q/16D,"Medibank International- Sydney, Australia",,Samantha Stosur,,https://www.wtatennis.com/resources/v7.42.8/i/elements/flags/aus.svg,Round of 32,W,"6-3, 6-7 (4), 7-5",https://www.wtatennis.com/players/190787/samantha-stosur,False,False,False,False,True,False,True,3,True,34,19,15,AU,AUS,036,009,Oceania,Australasia,AUS,"6,3,None|6,7,4|7,5,None",
1,Sony Ericsson Championships,,https://www.wtatennis.com/tournaments/808/wta-finals/2008,Finals,Hard,https://www.wtatennis.com/resources/v7.42.8/i/elements/finals-tag.svg,2008-11-04,2008-11-09,2008,11,,RUS,,QA,QAT,634,142,,Asia,Western Asia,QAT,2.0,,200000.0,8M/0Q/4D,Sony Ericsson Championships,,Dinara Safina,,https://www.wtatennis.com/resources/v7.42.8/i/elements/flags/rus.svg,Group Stage Group,W,"6-4, 6-1",https://www.wtatennis.com/players/190950/dinara-safina,False,False,False,False,False,False,False,2,True,17,12,5,RU,RUS,643,150,Europe,Eastern Europe,RUS,"6,4,None|6,1,None",
2,Sony Ericsson Championships,,https://www.wtatennis.com/tournaments/808/wta-finals/2008,Finals,Hard,https://www.wtatennis.com/resources/v7.42.8/i/elements/finals-tag.svg,2008-11-04,2008-11-09,2008,11,,USA,,QA,QAT,634,142,United States of America|America|USA|US,Asia,Western Asia,QAT,8.0,,200000.0,8M/0Q/4D,Sony Ericsson Championships,,Venus Williams,,https://www.wtatennis.com/resources/v7.42.8/i/elements/flags/usa.svg,Group Stage Group,L,"7-5, 1-6, 0-6",https://www.wtatennis.com/players/230220/venus-williams,False,False,False,False,False,False,False,3,True,25,8,17,US,USA,840,019,America,Northern America,USA,"7,5,None|1,6,None|0,6,None",
1,Porsche Tennis Grand Prix,https://www.wtatennis.com/resources/v7.42.8/i/elements/itf.png,,ITF,Hard,https://www.wtatennis.com/resources/v7.42.8/i/elements/itf.png,2008-09-29,2008-10-05,2008,9,Stuttgart,CHN,,DE,DEU,276,150,,Europe,Central Europe,GER,30.0,1.0,8230.0,32M/32Q/16D,Porsche Tennis Grand Prix,,Na Li,,https://www.wtatennis.com/resources/v7.42.8/i/elements/flags/chn.svg,Round of 16,L,"6-0, 1-6, 4-6",https://www.wtatennis.com/players/120330/na-li,False,False,False,False,False,False,False,3,True,23,11,12,CN,CHN,156,142,Asia,East Asia,CHN,"6,0,None|1,6,None|4,6,None",
2,Porsche Tennis Grand Prix,https://www.wtatennis.com/resources/v7.42.8/i/elements/itf.png,,ITF,Hard,https://www.wtatennis.com/resources/v7.42.8/i/elements/itf.png,2008-09-29,2008-10-05,2008,9,Stuttgart,,,DE,DEU,276,150,,Europe,Central Europe,GER,,1.0,8230.0,32M/32Q/16D,Porsche Tennis Grand Prix,,,,,Round of 32,,Bye,,False,False,True,False,False,False,False,0,False,0,0,0,,,,,,,,,
1,Us Open,,https://www.wtatennis.com/tournaments/905/us-open/2008,Grand Slam,Hard,https://www.wtatennis.com/resources/v7.42.8/i/elements/gs-tag.svg,2008-08-25,2008-09-07,2008,8,,SRB,,US,USA,840,019,,America,Northern America,USA,2.0,1000.0,1475936.0,128M/128Q/64D,Us Open,,Jelena Jankovic,2.0,https://www.wtatennis.com/resources/v7.42.8/i/elements/flags/srb.svg,Finals,W,"6-4, 7-5",https://www.wtatennis.com/players/100153/jelena-jankovic,False,False,False,False,False,False,False,2,True,22,13,9,RS,SRB,688,150,Europe,Southeastern Europe,SRB,"6,4,None|7,5,None",
2,Us Open,,https://www.wtatennis.com/tournaments/905/us-open/2008,Grand Slam,Hard,https://www.wtatennis.com/resources/v7.42.8/i/elements/gs-tag.svg,2008-08-25,2008-09-07,2008,8,,RUS,,US,USA,840,019,,America,Northern America,USA,7.0,1000.0,1475936.0,128M/128Q/64D,Us Open,,Dinara Safina,6.0,https://www.wtatennis.com/resources/v7.42.8/i/elements/flags/rus.svg,Semifinals,W,"6-3, 6-2",https://www.wtatennis.com/players/190950/dinara-safina,False,False,False,False,False,False,False,2,True,17,12,5,RU,RUS,643,150,Europe,Eastern Europe,RUS,"6,3,None|6,2,None",
3,Us Open,,https://www.wtatennis.com/tournaments/905/us-open/2008,Grand Slam,Hard,https://www.wtatennis.com/resources/v7.42.8/i/elements/gs-tag.svg,2008-08-25,2008-09-07,2008,8,,USA,,US,USA,840,019,United States of America|America|USA|US,America,Northern America,USA,8.0,1000.0,1475936.0,128M/128Q/64D,Us Open,,Venus Williams,7.0,https://www.wtatennis.com/resources/v7.42.8/i/elements/flags/usa.svg,Quarterfinals,W,"7-6 (6), 7-6 (7)",https://www.wtatennis.com/players/230220/venus-williams,False,False,False,True,True,False,True,2,True,26,14,12,US,USA,840,019,America,Northern America,USA,"7,6,6|7,6,7",
4,Us Open,,https://www.wtatennis.com/tournaments/905/us-open/2008,Grand Slam,Hard,https://www.wtatennis.com/resources/v7.42.8/i/elements/gs-tag.svg,2008-08-25,2008-09-07,2008,8,,FRA,,US,USA,840,019,,America,Northern America,USA,121.0,1000.0,1475936.0,128M/128Q/64D,Us Open,,Severine Beltrame,,https://www.wtatennis.com/resources/v7.42.8/i/elements/flags/fra.svg,Round of 16,W,"6-2, 6-2",https://www.wtatennis.com/players/20553/severine-beltrame,False,False,False,False,False,False,False,2,True,16,12,4,FR,FRA,250,150,Europe,Western Europe,FRA,"6,2,None|6,2,None",
5,Us Open,,https://www.wtatennis.com/tournaments/905/us-open/2008,Grand Slam,Hard,https://www.wtatennis.com/resources/v7.42.8/i/elements/gs-tag.svg,2008-08-25,2008-09-07,2008,8,,JPN,,US,USA,840,019,,America,Northern America,USA,32.0,1000.0,1475936.0,128M/128Q/64D,Us Open,,Ai Sugiyama,30.0,https://www.wtatennis.com/resources/v7.42.8/i/elements/flags/jpn.svg,Round of 32,W,"6-2, 6-1",https://www.wtatennis.com/players/190353/ai-sugiyama,False,False,False,False,False,False,False,2,True,15,12,3,JP,JPN,392,142,Asia,East Asia,JPN,"6,2,None|6,1,None",
6,Us Open,,https://www.wtatennis.com/tournaments/905/us-open/2008,Grand Slam,Hard,https://www.wtatennis.com/resources/v7.42.8/i/elements/gs-tag.svg,2008-08-25,2008-09-07,2008,8,,RUS,,US,USA,840,019,,America,Northern America,USA,71.0,1000.0,1475936.0,128M/128Q/64D,Us Open,,Elena Vesnina,,https://www.wtatennis.com/resources/v7.42.8/i/elements/flags/rus.svg,Round of 64,W,"6-1, 6-1",https://www.wtatennis.com/players/311220/elena-vesnina,False,False,False,False,False,False,False,2,True,14,12,2,RU,RUS,643,150,Europe,Eastern Europe,RUS,"6,1,None|6,1,None",
7,Us Open,,https://www.wtatennis.com/tournaments/905/us-open/2008,Grand Slam,Hard,https://www.wtatennis.com/resources/v7.42.8/i/elements/gs-tag.svg,2008-08-25,2008-09-07,2008,8,,UKR,,US,USA,840,019,,America,Northern America,USA,46.0,1000.0,1475936.0,128M/128Q/64D,Us Open,,Kateryna Volodko,,https://www.wtatennis.com/resources/v7.42.8/i/elements/flags/ukr.svg,Round of 128,W,"6-1, 6-4",https://www.wtatennis.com/players/20702/kateryna-volodko,False,False,False,False,False,False,False,2,True,17,12,5,UA,UKR,804,150,Europe,Eastern Europe,UKR,"6,1,None|6,4,None",
1,Olympic Games,,https://www.wtatennis.com/tournaments/650/olympics/2008,OLYMPICS,Hard,,2008-08-10,2008-08-17,2008,8,,RUS,,CN,CHN,156,142,,Asia,East Asia,CHN,7.0,90.0,,64M/0Q/32D,Olympic Games,,Elena Dementieva,5.0,https://www.wtatennis.com/resources/v7.42.8/i/elements/flags/rus.svg,Quarterfinals,L,"6-3, 4-6, 3-6",https://www.wtatennis.com/players/40289/elena-dementieva,False,False,False,False,False,False,False,3,True,28,13,15,RU,RUS,643,150,Europe,Eastern Europe,RUS,"6,3,None|4,6,None|3,6,None",
2,Olympic Games,,https://www.wtatennis.com/tournaments/650/olympics/2008,OLYMPICS,Hard,,2008-08-10,2008-08-17,2008,8,,FRA,,CN,CHN,156,142,,Asia,East Asia,CHN,18.0,90.0,,64M/0Q/32D,Olympic Games,,Alizé Cornet,15.0,https://www.wtatennis.com/resources/v7.42.8/i/elements/flags/fra.svg,Round of 16,W,"3-6, 6-3, 6-4",https://www.wtatennis.com/players/312121/aliz-cornet,False,False,False,False,False,False,False,3,False,28,15,13,FR,FRA,250,150,Europe,Western Europe,FRA,"3,6,None|6,3,None|6,4,None",
3,Olympic Games,,https://www.wtatennis.com/tournaments/650/olympics/2008,OLYMPICS,Hard,,2008-08-10,2008-08-17,2008,8,,AUS,,CN,CHN,156,142,,Asia,East Asia,CHN,79.0,90.0,,64M/0Q/32D,Olympic Games,,Samantha Stosur,,https://www.wtatennis.com/resources/v7.42.8/i/elements/flags/aus.svg,Round of 32,W,"6-2, 6-0",https://www.wtatennis.com/players/190787/samantha-stosur,False,False,False,False,False,False,False,2,True,14,12,2,AU,AUS,036,009,Oceania,Australasia,AUS,"6,2,None|6,0,None",
4,Olympic Games,,https://www.wtatennis.com/tournaments/650/olympics/2008,OLYMPICS,Hard,,2008-08-10,2008-08-17,2008,8,,BLR,,CN,CHN,156,142,,Asia,East Asia,CHN,48.0,90.0,,64M/0Q/32D,Olympic Games,,Olga Govortsova,,https://www.wtatennis.com/resources/v7.42.8/i/elements/flags/blr.svg,Round of 64,W,"6-3, 6-1",https://www.wtatennis.com/players/311243/olga-govortsova,False,False,False,False,False,False,False,2,True,16,12,4,BY,BLR,112,150,Europe,Eastern Europe,BLR,"6,3,None|6,1,None",
1,Bank Of The West Classic,https://www.wtatennis.com/resources/v7.42.8/i/elements/itf.png,,ITF,Hard,https://www.wtatennis.com/resources/v7.42.8/i/elements/itf.png,2008-07-14,2008-07-20,2008,7,Stanford,CAN,,,,,,,,,California,85.0,125.0,27300.0,32M/32Q/16D,Bank Of The West Classic,,Aleksandra Wozniak,,https://www.wtatennis.com/resources/v7.42.8/i/elements/flags/can.svg,Semifinals,L,"2-6, 1-3",https://www.wtatennis.com/players/310494/aleksandra-wozniak,True,False,False,False,False,False,False,2,False,12,3,9,CA,CAN,124,019,America,Northern America,CAN,"2,6,None|1,3,None|Ret",
2,Bank Of The West Classic,https://www.wtatennis.com/resources/v7.42.8/i/elements/itf.png,,ITF,Hard,https://www.wtatennis.com/resources/v7.42.8/i/elements/itf.png,2008-07-14,2008-07-20,2008,7,Stanford,SUI,,,,,,,,,California,13.0,125.0,27300.0,32M/32Q/16D,Bank Of The West Classic,,Patty Schnyder,5.0,https://www.wtatennis.com/resources/v7.42.8/i/elements/flags/sui.svg,Quarterfinals,W,"6-3, 6-1",https://www.wtatennis.com/players/190519/patty-schnyder,False,False,False,False,False,False,False,2,True,16,12,4,CH,CHE,756,150,Europe,Central Europe,SUI,"6,3,None|6,1,None",
3,Bank Of The West Classic,https://www.wtatennis.com/resources/v7.42.8/i/elements/itf.png,,ITF,Hard,https://www.wtatennis.com/resources/v7.42.8/i/elements/itf.png,2008-07-14,2008-07-20,2008,7,Stanford,POR,,,,,,,,,California,226.0,125.0,27300.0,32M/32Q/16D,Bank Of The West Classic,,Michelle Larcher De Brito,,https://www.wtatennis.com/resources/v7.42.8/i/elements/flags/por.svg,Round of 16,W,"4-6, 6-3, 6-2",https://www.wtatennis.com/players/314929/michelle-larcher-de-brito,False,False,False,False,False,False,False,3,False,27,16,11,PT,PRT,620,150,Europe,Southern Europe,POR,"4,6,None|6,3,None|6,2,None",
4,Bank Of The West Classic,https://www.wtatennis.com/resources/v7.42.8/i/elements/itf.png,,ITF,Hard,https://www.wtatennis.com/resources/v7.42.8/i/elements/itf.png,2008-07-14,2008-07-20,2008,7,Stanford,,,,,,,,,,California,,125.0,27300.0,32M/32Q/16D,Bank Of The West Classic,,,,,Round of 32,,Bye,,False,False,True,False,False,False,False,0,False,0,0,0,,,,,,,,,
1,Wimbledon,,https://www.wtatennis.com/tournaments/904/wimbledon/2008,Grand Slam,Grass,https://www.wtatennis.com/resources/v7.42.8/i/elements/gs-tag.svg,2008-06-23,2008-07-05,2008,6,,USA,,GB,GBR,826,150,United States of America|America|USA|US,Europe,Northern Europe,ENG,7.0,700.0,750645.0,128M/128Q/64D,The Championships,,Venus Williams,7.0,https://www.wtatennis.com/resources/v7.42.8/i/elements/flags/usa.svg,Finals,L,"5-7, 4-6",https://www.wtatennis.com/players/230220/venus-williams,False,False,False,False,False,False,False,2,False,22,9,13,US,USA,840,019,America,Northern America,USA,"5,7,None|4,6,None",
2,Wimbledon,,https://www.wtatennis.com/tournaments/904/wimbledon/2008,Grand Slam,Grass,https://www.wtatennis.com/resources/v7.42.8/i/elements/gs-tag.svg,2008-06-23,2008-07-05,2008,6,,CHN,,GB,GBR,826,150,,Europe,Northern Europe,ENG,133.0,700.0,750645.0,128M/128Q/64D,The Championships,,Jie Zheng,,https://www.wtatennis.com/resources/v7.42.8/i/elements/flags/chn.svg,Semifinals,W,"6-2, 7-6 (5)",https://www.wtatennis.com/players/260144/jie-zheng,False,False,False,False,True,False,True,2,True,21,13,8,CN,CHN,156,142,Asia,East Asia,CHN,"6,2,None|7,6,5",
3,Wimbledon,,https://www.wtatennis.com/tournaments/904/wimbledon/2008,Grand Slam,Grass,https://www.wtatennis.com/resources/v7.42.8/i/elements/gs-tag.svg,2008-06-23,2008-07-05,2008,6,,POL,,GB,GBR,826,150,,Europe,Northern Europe,ENG,11.0,700.0,750645.0,128M/128Q/64D,The Championships,,Agnieszka Radwanska,14.0,https://www.wtatennis.com/resources/v7.42.8/i/elements/flags/pol.svg,Quarterfinals,W,"6-4, 6-0",https://www.wtatennis.com/players/312251/agnieszka-radwanska,False,False,False,False,False,False,False,2,True,16,12,4,PL,POL,616,150,Europe,Central Europe,POL,"6,4,None|6,0,None",
4,Wimbledon,,https://www.wtatennis.com/tournaments/904/wimbledon/2008,Grand Slam,Grass,https://www.wtatennis.com/resources/v7.42.8/i/elements/gs-tag.svg,2008-06-23,2008-07-05,2008,6,,USA,,GB,GBR,826,150,United States of America|America|USA|US,Europe,Northern Europe,ENG,69.0,700.0,750645.0,128M/128Q/64D,The Championships,,Bethanie Mattek-Sands,,https://www.wtatennis.com/resources/v7.42.8/i/elements/flags/usa.svg,Round of 16,W,"6-3, 6-3",https://www.wtatennis.com/players/130713/bethanie-mattek-sands,False,False,False,False,False,False,False,2,True,18,12,6,US,USA,840,019,America,Northern America,USA,"6,3,None|6,3,None",
5,Wimbledon,,https://www.wtatennis.com/tournaments/904/wimbledon/2008,Grand Slam,Grass,https://www.wtatennis.com/resources/v7.42.8/i/elements/gs-tag.svg,2008-06-23,2008-07-05,2008,6,,FRA,,GB,GBR,826,150,,Europe,Northern Europe,ENG,33.0,700.0,750645.0,128M/128Q/64D,The Championships,,Amélie Mauresmo,29.0,https://www.wtatennis.com/resources/v7.42.8/i/elements/flags/fra.svg,Round of 32,W,"7-6 (5), 6-1",https://www.wtatennis.com/players/130450/am-lie-mauresmo,False,False,False,True,False,False,True,2,True,20,13,7,FR,FRA,250,150,Europe,Western Europe,FRA,"7,6,5|6,1,None",
6,Wimbledon,,https://www.wtatennis.com/tournaments/904/wimbledon/2008,Grand Slam,Grass,https://www.wtatennis.com/resources/v7.42.8/i/elements/gs-tag.svg,2008-06-23,2008-07-05,2008,6,,POL,,GB,GBR,826,150,,Europe,Northern Europe,ENG,190.0,700.0,750645.0,128M/128Q/64D,The Championships,,Urszula Radwanska,,https://www.wtatennis.com/resources/v7.42.8/i/elements/flags/pol.svg,Round of 64,W,"6-4, 6-4",https://www.wtatennis.com/players/313131/urszula-radwanska,False,False,False,False,False,False,False,2,True,20,12,8,PL,POL,616,150,Europe,Central Europe,POL,"6,4,None|6,4,None",
7,Wimbledon,,https://www.wtatennis.com/tournaments/904/wimbledon/2008,Grand Slam,Grass,https://www.wtatennis.com/resources/v7.42.8/i/elements/gs-tag.svg,2008-06-23,2008-07-05,2008,6,,EST,,GB,GBR,826,150,,Europe,Northern Europe,ENG,36.0,700.0,750645.0,128M/128Q/64D,The Championships,,Kaia Kanepi,,https://www.wtatennis.com/resources/v7.42.8/i/elements/flags/est.svg,Round of 128,W,"7-5, 6-3",https://www.wtatennis.com/players/110536/kaia-kanepi,False,False,False,False,False,False,False,2,True,21,13,8,EE,EST,233,150,Europe,Northern Europe,EST,"7,5,None|6,3,None",
1,Roland Garros,,https://www.wtatennis.com/tournaments/903/roland-garros/2008,Grand Slam,Clay,https://www.wtatennis.com/resources/v7.42.8/i/elements/gs-tag.svg,2008-05-25,2008-06-07,2008,5,,SLO,,FR,FRA,250,150,,Europe,Western Europe,FRA,24.0,90.0,54773.0,128M/128Q/64D,Roland Garros,,Katarina Srebotnik,27.0,https://www.wtatennis.com/resources/v7.42.8/i/elements/flags/slo.svg,Round of 32,L,"4-6, 4-6",https://www.wtatennis.com/players/190636/katarina-srebotnik,False,False,False,False,False,False,False,2,False,20,8,12,,,,,,,SLO,"4,6,None|4,6,None",
2,Roland Garros,,https://www.wtatennis.com/tournaments/903/roland-garros/2008,Grand Slam,Clay,https://www.wtatennis.com/resources/v7.42.8/i/elements/gs-tag.svg,2008-05-25,2008-06-07,2008,5,,FRA,,FR,FRA,250,150,,Europe,Western Europe,FRA,129.0,90.0,54773.0,128M/128Q/64D,Roland Garros,,Mathilde Johansson,,https://www.wtatennis.com/resources/v7.42.8/i/elements/flags/fra.svg,Round of 64,W,"6-2, 7-5",https://www.wtatennis.com/players/100162/mathilde-johansson,False,False,False,False,False,False,False,2,True,20,13,7,FR,FRA,250,150,Europe,Western Europe,FRA,"6,2,None|7,5,None",
3,Roland Garros,,https://www.wtatennis.com/tournaments/903/roland-garros/2008,Grand Slam,Clay,https://www.wtatennis.com/resources/v7.42.8/i/elements/gs-tag.svg,2008-05-25,2008-06-07,2008,5,,USA,,FR,FRA,250,150,United States of America|America|USA|US,Europe,Western Europe,FRA,61.0,90.0,54773.0,128M/128Q/64D,Roland Garros,,Ashley Harkleroad,,https://www.wtatennis.com/resources/v7.42.8/i/elements/flags/usa.svg,Round of 128,W,"6-2, 6-1",https://www.wtatennis.com/players/80418/ashley-harkleroad,False,False,False,False,False,False,False,2,True,15,12,3,US,USA,840,019,America,Northern America,USA,"6,2,None|6,1,None",
1,"Internazionali  Bnl D'Ltalia 2008- Rome, Italy",https://www.wtatennis.com/resources/v7.42.8/i/elements/itf.png,,ITF,Clay,https://www.wtatennis.com/resources/v7.42.8/i/elements/itf.png,2008-05-12,2008-05-18,2008,5,,FRA,,IT,ITA,380,150,,Europe,Southern Europe,ITA,34.0,110.0,25650.0,64M/64Q/32D,"Internazionali  Bnl D'Ltalia 2008- Rome, Italy",,Alizé Cornet,,https://www.wtatennis.com/resources/v7.42.8/i/elements/flags/fra.svg,Quarterfinals,L,Walkover,https://www.wtatennis.com/players/312121/aliz-cornet,False,True,False,False,False,False,False,0,False,0,0,0,FR,FRA,250,150,Europe,Western Europe,FRA,,
2,"Internazionali  Bnl D'Ltalia 2008- Rome, Italy",https://www.wtatennis.com/resources/v7.42.8/i/elements/itf.png,,ITF,Clay,https://www.wtatennis.com/resources/v7.42.8/i/elements/itf.png,2008-05-12,2008-05-18,2008,5,,ITA,,IT,ITA,380,150,,Europe,Southern Europe,ITA,60.0,110.0,25650.0,64M/64Q/32D,"Internazionali  Bnl D'Ltalia 2008- Rome, Italy",,Sara Errani,,https://www.wtatennis.com/resources/v7.42.8/i/elements/flags/ita.svg,Round of 16,W,"6-4, 6-3",https://www.wtatennis.com/players/310761/sara-errani,False,False,False,False,False,False,False,2,True,19,12,7,IT,ITA,380,150,Europe,Southern Europe,ITA,"6,4,None|6,3,None",
3,"Internazionali  Bnl D'Ltalia 2008- Rome, Italy",https://www.wtatennis.com/resources/v7.42.8/i/elements/itf.png,,ITF,Clay,https://www.wtatennis.com/resources/v7.42.8/i/elements/itf.png,2008-05-12,2008-05-18,2008,5,,UKR,,IT,ITA,380,150,,Europe,Southern Europe,ITA,24.0,110.0,25650.0,64M/64Q/32D,"Internazionali  Bnl D'Ltalia 2008- Rome, Italy",,Alona Bondarenko,,https://www.wtatennis.com/resources/v7.42.8/i/elements/flags/ukr.svg,Round of 32,W,"6-2, 6-0",https://www.wtatennis.com/players/20608/alona-bondarenko,False,False,False,False,False,False,False,2,True,14,12,2,UA,UKR,804,150,Europe,Eastern Europe,UKR,"6,2,None|6,0,None",
4,"Internazionali  Bnl D'Ltalia 2008- Rome, Italy",https://www.wtatennis.com/resources/v7.42.8/i/elements/itf.png,,ITF,Clay,https://www.wtatennis.com/resources/v7.42.8/i/elements/itf.png,2008-05-12,2008-05-18,2008,5,,,,IT,ITA,380,150,,Europe,Southern Europe,ITA,,110.0,25650.0,64M/64Q/32D,"Internazionali  Bnl D'Ltalia 2008- Rome, Italy",,,,,Round of 64,,Bye,,False,False,True,False,False,False,False,0,False,0,0,0,,,,,,,,,
1,Qatar Telecom German Open,https://www.wtatennis.com/resources/v7.42.8/i/elements/itf.png,,ITF,Clay,https://www.wtatennis.com/resources/v7.42.8/i/elements/itf.png,2008-05-05,2008-05-11,2008,5,Berlin,RUS,,DE,DEU,276,150,,Europe,Central Europe,GER,17.0,110.0,26050.0,64M/32Q/32D,Qatar Telecom German Open,,Dinara Safina,13.0,https://www.wtatennis.com/resources/v7.42.8/i/elements/flags/rus.svg,Quarterfinals,L,"6-2, 1-6, 6-7 (5)",https://www.wtatennis.com/players/190950/dinara-safina,False,False,False,False,False,True,True,3,True,28,13,15,RU,RUS,643,150,Europe,Eastern Europe,RUS,"6,2,None|1,6,None|6,7,5",
2,Qatar Telecom German Open,https://www.wtatennis.com/resources/v7.42.8/i/elements/itf.png,,ITF,Clay,https://www.wtatennis.com/resources/v7.42.8/i/elements/itf.png,2008-05-05,2008-05-11,2008,5,Berlin,POL,,DE,DEU,276,150,,Europe,Central Europe,GER,15.0,110.0,26050.0,64M/32Q/32D,Qatar Telecom German Open,,Agnieszka Radwanska,11.0,https://www.wtatennis.com/resources/v7.42.8/i/elements/flags/pol.svg,Round of 16,W,"6-3, 6-1",https://www.wtatennis.com/players/312251/agnieszka-radwanska,False,False,False,False,False,False,False,2,True,16,12,4,PL,POL,616,150,Europe,Central Europe,POL,"6,3,None|6,1,None",
3,Qatar Telecom German Open,https://www.wtatennis.com/resources/v7.42.8/i/elements/itf.png,,ITF,Clay,https://www.wtatennis.com/resources/v7.42.8/i/elements/itf.png,2008-05-05,2008-05-11,2008,5,Berlin,ITA,,DE,DEU,276,150,,Europe,Central Europe,GER,20.0,110.0,26050.0,64M/32Q/32D,Qatar Telecom German Open,,Francesca Schiavone,,https://www.wtatennis.com/resources/v7.42.8/i/elements/flags/ita.svg,Round of 32,W,"6-2, 6-3",https://www.wtatennis.com/players/190666/francesca-schiavone,False,False,False,False,False,False,False,2,True,17,12,5,IT,ITA,380,150,Europe,Southern Europe,ITA,"6,2,None|6,3,None",
4,Qatar Telecom German Open,https://www.wtatennis.com/resources/v7.42.8/i/elements/itf.png,,ITF,Clay,https://www.wtatennis.com/resources/v7.42.8/i/elements/itf.png,2008-05-05,2008-05-11,2008,5,Berlin,,,DE,DEU,276,150,,Europe,Central Europe,GER,,110.0,26050.0,64M/32Q/32D,Qatar Telecom German Open,,,,,Round of 64,,Bye,,False,False,True,False,False,False,False,0,False,0,0,0,,,,,,,,,
1,Family Circle Cup,https://www.wtatennis.com/resources/v7.42.8/i/elements/itf.png,,ITF,Clay,https://www.wtatennis.com/resources/v7.42.8/i/elements/itf.png,2008-04-14,2008-04-20,2008,4,Charleston,RUS,,,,,,,,,South Carolina,17.0,430.0,196900.0,64M/32Q/32D,Family Circle Cup,,Vera Zvonareva,9.0,https://www.wtatennis.com/resources/v7.42.8/i/elements/flags/rus.svg,Finals,W,"6-4, 3-6, 6-3",https://www.wtatennis.com/players/260142/vera-zvonareva,False,False,False,False,False,False,False,3,True,28,15,13,RU,RUS,643,150,Europe,Eastern Europe,RUS,"6,4,None|3,6,None|6,3,None",
2,Family Circle Cup,https://www.wtatennis.com/resources/v7.42.8/i/elements/itf.png,,ITF,Clay,https://www.wtatennis.com/resources/v7.42.8/i/elements/itf.png,2008-04-14,2008-04-20,2008,4,Charleston,FRA,,,,,,,,,South Carolina,40.0,430.0,196900.0,64M/32Q/32D,Family Circle Cup,,Alizé Cornet,,https://www.wtatennis.com/resources/v7.42.8/i/elements/flags/fra.svg,Semifinals,W,"7-5, 6-3",https://www.wtatennis.com/players/312121/aliz-cornet,False,False,False,False,False,False,False,2,True,21,13,8,FR,FRA,250,150,Europe,Western Europe,FRA,"7,5,None|6,3,None",
3,Family Circle Cup,https://www.wtatennis.com/resources/v7.42.8/i/elements/itf.png,,ITF,Clay,https://www.wtatennis.com/resources/v7.42.8/i/elements/itf.png,2008-04-14,2008-04-20,2008,4,Charleston,RUS,,,,,,,,,South Carolina,4.0,430.0,196900.0,64M/32Q/32D,Family Circle Cup,,Maria Sharapova,2.0,https://www.wtatennis.com/resources/v7.42.8/i/elements/flags/rus.svg,Quarterfinals,W,"7-5, 4-6, 6-1",https://www.wtatennis.com/players/310137/maria-sharapova,False,False,False,False,False,False,False,3,True,29,17,12,RU,RUS,643,150,Europe,Eastern Europe,RUS,"7,5,None|4,6,None|6,1,None",
4,Family Circle Cup,https://www.wtatennis.com/resources/v7.42.8/i/elements/itf.png,,ITF,Clay,https://www.wtatennis.com/resources/v7.42.8/i/elements/itf.png,2008-04-14,2008-04-20,2008,4,Charleston,SLO,,,,,,,,,South Carolina,31.0,430.0,196900.0,64M/32Q/32D,Family Circle Cup,,Katarina Srebotnik,12.0,https://www.wtatennis.com/resources/v7.42.8/i/elements/flags/slo.svg,Round of 16,W,"4-6, 6-4, 6-3",https://www.wtatennis.com/players/190636/katarina-srebotnik,False,False,False,False,False,False,False,3,False,29,16,13,,,,,,,SLO,"4,6,None|6,4,None|6,3,None",
5,Family Circle Cup,https://www.wtatennis.com/resources/v7.42.8/i/elements/itf.png,,ITF,Clay,https://www.wtatennis.com/resources/v7.42.8/i/elements/itf.png,2008-04-14,2008-04-20,2008,4,Charleston,ARG,,,,,,,,,South Carolina,48.0,430.0,196900.0,64M/32Q/32D,Family Circle Cup,,Gisela Dulko,,https://www.wtatennis.com/resources/v7.42.8/i/elements/flags/arg.svg,Round of 32,W,"6-3, 6-4",https://www.wtatennis.com/players/40388/gisela-dulko,False,False,False,False,False,False,False,2,True,19,12,7,AR,ARG,032,019,America,Southern South America,ARG,"6,3,None|6,4,None",
6,Family Circle Cup,https://www.wtatennis.com/resources/v7.42.8/i/elements/itf.png,,ITF,Clay,https://www.wtatennis.com/resources/v7.42.8/i/elements/itf.png,2008-04-14,2008-04-20,2008,4,Charleston,,,,,,,,,,South Carolina,,430.0,196900.0,64M/32Q/32D,Family Circle Cup,,,,,Round of 64,,Bye,,False,False,True,False,False,False,False,0,False,0,0,0,,,,,,,,,
1,Sony Ericsson Open,https://www.wtatennis.com/resources/v7.42.8/i/elements/itf.png,,ITF,Hard,https://www.wtatennis.com/resources/v7.42.8/i/elements/itf.png,2008-03-26,2008-04-05,2008,3,Miami,SRB,,,,,,,,,Fl,3.0,500.0,590000.0,128M/64Q/32D,Sony Ericsson Open,,Jelena Jankovic,4.0,https://www.wtatennis.com/resources/v7.42.8/i/elements/flags/srb.svg,Finals,W,"6-1, 5-7, 6-3",https://www.wtatennis.com/players/100153/jelena-jankovic,False,False,False,False,False,False,False,3,True,28,17,11,RS,SRB,688,150,Europe,Southeastern Europe,SRB,"6,1,None|5,7,None|6,3,None",
2,Sony Ericsson Open,https://www.wtatennis.com/resources/v7.42.8/i/elements/itf.png,,ITF,Hard,https://www.wtatennis.com/resources/v7.42.8/i/elements/itf.png,2008-03-26,2008-04-05,2008,3,Miami,RUS,,,,,,,,,Fl,4.0,500.0,590000.0,128M/64Q/32D,Sony Ericsson Open,,Svetlana Kuznetsova,3.0,https://www.wtatennis.com/resources/v7.42.8/i/elements/flags/rus.svg,Semifinals,W,"3-6, 7-5, 6-3",https://www.wtatennis.com/players/110552/svetlana-kuznetsova,False,False,False,False,False,False,False,3,False,30,16,14,RU,RUS,643,150,Europe,Eastern Europe,RUS,"3,6,None|7,5,None|6,3,None",
3,Sony Ericsson Open,https://www.wtatennis.com/resources/v7.42.8/i/elements/itf.png,,ITF,Hard,https://www.wtatennis.com/resources/v7.42.8/i/elements/itf.png,2008-03-26,2008-04-05,2008,3,Miami,BEL,,,,,,,,,Fl,1.0,500.0,590000.0,128M/64Q/32D,Sony Ericsson Open,,Justine Henin,1.0,https://www.wtatennis.com/resources/v7.42.8/i/elements/flags/bel.svg,Quarterfinals,W,"6-2, 6-0",https://www.wtatennis.com/players/80350/justine-henin,False,False,False,False,False,False,False,2,True,14,12,2,BE,BEL,056,150,Europe,Western Europe,BEL,"6,2,None|6,0,None",
4,Sony Ericsson Open,https://www.wtatennis.com/resources/v7.42.8/i/elements/itf.png,,ITF,Hard,https://www.wtatennis.com/resources/v7.42.8/i/elements/itf.png,2008-03-26,2008-04-05,2008,3,Miami,EST,,,,,,,,,Fl,61.0,500.0,590000.0,128M/64Q/32D,Sony Ericsson Open,,Kaia Kanepi,,https://www.wtatennis.com/resources/v7.42.8/i/elements/flags/est.svg,Round of 16,W,"6-3, 6-3",https://www.wtatennis.com/players/110536/kaia-kanepi,False,False,False,False,False,False,False,2,True,18,12,6,EE,EST,233,150,Europe,Northern Europe,EST,"6,3,None|6,3,None",
5,Sony Ericsson Open,https://www.wtatennis.com/resources/v7.42.8/i/elements/itf.png,,ITF,Hard,https://www.wtatennis.com/resources/v7.42.8/i/elements/itf.png,2008-03-26,2008-04-05,2008,3,Miami,ITA,,,,,,,,,Fl,28.0,500.0,590000.0,128M/64Q/32D,Sony Ericsson Open,,Flavia Pennetta,27.0,https://www.wtatennis.com/resources/v7.42.8/i/elements/flags/ita.svg,Round of 32,W,"6-7 (6), 6-3, 6-2",https://www.wtatennis.com/players/160391/flavia-pennetta,False,False,False,True,False,False,True,3,False,30,18,12,IT,ITA,380,150,Europe,Southern Europe,ITA,"6,7,6|6,3,None|6,2,None",
6,Sony Ericsson Open,https://www.wtatennis.com/resources/v7.42.8/i/elements/itf.png,,ITF,Hard,https://www.wtatennis.com/resources/v7.42.8/i/elements/itf.png,2008-03-26,2008-04-05,2008,3,Miami,USA,,,,,,United States of America|America|USA|US,,,Fl,62.0,500.0,590000.0,128M/64Q/32D,Sony Ericsson Open,,Edina Gallovits-Hall,,https://www.wtatennis.com/resources/v7.42.8/i/elements/flags/usa.svg,Round of 64,W,"6-1, 6-2",https://www.wtatennis.com/players/70471/edina-gallovits-hall,False,False,False,False,False,False,False,2,True,15,12,3,US,USA,840,019,America,Northern America,USA,"6,1,None|6,2,None",
7,Sony Ericsson Open,https://www.wtatennis.com/resources/v7.42.8/i/elements/itf.png,,ITF,Hard,https://www.wtatennis.com/resources/v7.42.8/i/elements/itf.png,2008-03-26,2008-04-05,2008,3,Miami,,,,,,,,,,Fl,,500.0,590000.0,128M/64Q/32D,Sony Ericsson Open,,,,,Round of 128,,Bye,,False,False,True,False,False,False,False,0,False,0,0,0,,,,,,,,,
1,Bangalore Open,https://www.wtatennis.com/resources/v7.42.8/i/elements/itf.png,,ITF,Hard,https://www.wtatennis.com/resources/v7.42.8/i/elements/itf.png,2008-03-03,2008-03-09,2008,3,,SUI,,,,,,,,,2008,12.0,275.0,95500.0,32M/32Q/16D,Bangalore Open,,Patty Schnyder,4.0,https://www.wtatennis.com/resources/v7.42.8/i/elements/flags/sui.svg,Finals,W,"7-5, 6-3",https://www.wtatennis.com/players/190519/patty-schnyder,False,False,False,False,False,False,False,2,True,21,13,8,CH,CHE,756,150,Europe,Central Europe,SUI,"7,5,None|6,3,None",
2,Bangalore Open,https://www.wtatennis.com/resources/v7.42.8/i/elements/itf.png,,ITF,Hard,https://www.wtatennis.com/resources/v7.42.8/i/elements/itf.png,2008-03-03,2008-03-09,2008,3,,USA,,,,,,United States of America|America|USA|US,,,2008,7.0,275.0,95500.0,32M/32Q/16D,Bangalore Open,,Venus Williams,2.0,https://www.wtatennis.com/resources/v7.42.8/i/elements/flags/usa.svg,Semifinals,W,"6-3, 3-6, 7-6 (4)",https://www.wtatennis.com/players/230220/venus-williams,False,False,False,False,False,True,True,3,True,31,16,15,US,USA,840,019,America,Northern America,USA,"6,3,None|3,6,None|7,6,4",
3,Bangalore Open,https://www.wtatennis.com/resources/v7.42.8/i/elements/itf.png,,ITF,Hard,https://www.wtatennis.com/resources/v7.42.8/i/elements/itf.png,2008-03-03,2008-03-09,2008,3,,AUS,,,,,,,,,2008,86.0,275.0,95500.0,32M/32Q/16D,Bangalore Open,,Anastasia Rodionova,,https://www.wtatennis.com/resources/v7.42.8/i/elements/flags/aus.svg,Quarterfinals,W,"6-1, 6-4",https://www.wtatennis.com/players/180356/anastasia-rodionova,False,False,False,False,False,False,False,2,True,17,12,5,AU,AUS,036,009,Oceania,Australasia,AUS,"6,1,None|6,4,None",
4,Bangalore Open,https://www.wtatennis.com/resources/v7.42.8/i/elements/itf.png,,ITF,Hard,https://www.wtatennis.com/resources/v7.42.8/i/elements/itf.png,2008-03-03,2008-03-09,2008,3,,ISR,,,,,,,,,2008,117.0,275.0,95500.0,32M/32Q/16D,Bangalore Open,,Tzipora Obziler,,https://www.wtatennis.com/resources/v7.42.8/i/elements/flags/isr.svg,Round of 16,W,"7-5, 6-0",https://www.wtatennis.com/players/150048/tzipora-obziler,False,False,False,False,False,False,False,2,True,18,13,5,IL,ISR,376,142,Asia,Western Asia,ISR,"7,5,None|6,0,None",
5,Bangalore Open,https://www.wtatennis.com/resources/v7.42.8/i/elements/itf.png,,ITF,Hard,https://www.wtatennis.com/resources/v7.42.8/i/elements/itf.png,2008-03-03,2008-03-09,2008,3,,,,,,,,,,,2008,,275.0,95500.0,32M/32Q/16D,Bangalore Open,,,,,Round of 32,,Bye,,False,False,True,False,False,False,False,0,False,0,0,0,,,,,,,,,
1,Australian Open,,https://www.wtatennis.com/tournaments/901/australian-open/2008,Grand Slam,Hard,https://www.wtatennis.com/resources/v7.42.8/i/elements/gs-tag.svg,2008-01-14,2008-01-27,2008,1,,SRB,,AU,AUS,036,009,,Oceania,Australasia,AUS,4.0,250.0,143135.0,128M/128Q/64D,Australian Open,,Jelena Jankovic,3.0,https://www.wtatennis.com/resources/v7.42.8/i/elements/flags/srb.svg,Quarterfinals,L,"3-6, 4-6",https://www.wtatennis.com/players/100153/jelena-jankovic,False,False,False,False,False,False,False,2,False,19,7,12,RS,SRB,688,150,Europe,Southeastern Europe,SRB,"3,6,None|4,6,None",
2,Australian Open,,https://www.wtatennis.com/tournaments/901/australian-open/2008,Grand Slam,Hard,https://www.wtatennis.com/resources/v7.42.8/i/elements/gs-tag.svg,2008-01-14,2008-01-27,2008,1,,CZE,,AU,AUS,036,009,,Oceania,Australasia,AUS,12.0,250.0,143135.0,128M/128Q/64D,Australian Open,,Nicole Vaidisova,12.0,https://www.wtatennis.com/resources/v7.42.8/i/elements/flags/cze.svg,Round of 16,W,"6-3, 6-4",https://www.wtatennis.com/players/311911/nicole-vaidisova,False,False,False,False,False,False,False,2,True,19,12,7,CZ,CZE,203,150,Europe,Central Europe,CZE,"6,3,None|6,4,None",
3,Australian Open,,https://www.wtatennis.com/tournaments/901/australian-open/2008,Grand Slam,Hard,https://www.wtatennis.com/resources/v7.42.8/i/elements/gs-tag.svg,2008-01-14,2008-01-27,2008,1,,BLR,,AU,AUS,036,009,,Oceania,Australasia,AUS,25.0,250.0,143135.0,128M/128Q/64D,Australian Open,,Victoria Azarenka,26.0,https://www.wtatennis.com/resources/v7.42.8/i/elements/flags/blr.svg,Round of 32,W,"6-3, 6-4",https://www.wtatennis.com/players/312001/victoria-azarenka,False,False,False,False,False,False,False,2,True,19,12,7,BY,BLR,112,150,Europe,Eastern Europe,BLR,"6,3,None|6,4,None",
4,Australian Open,,https://www.wtatennis.com/tournaments/901/australian-open/2008,Grand Slam,Hard,https://www.wtatennis.com/resources/v7.42.8/i/elements/gs-tag.svg,2008-01-14,2008-01-27,2008,1,,CHN,,AU,AUS,036,009,,Oceania,Australasia,AUS,121.0,250.0,143135.0,128M/128Q/64D,Australian Open,,Meng Yuan,,https://www.wtatennis.com/resources/v7.42.8/i/elements/flags/chn.svg,Round of 64,W,"6-3, 6-1",https://www.wtatennis.com/players/310803/meng-yuan,False,False,False,False,False,False,False,2,True,16,12,4,CN,CHN,156,142,Asia,East Asia,CHN,"6,3,None|6,1,None",
5,Australian Open,,https://www.wtatennis.com/tournaments/901/australian-open/2008,Grand Slam,Hard,https://www.wtatennis.com/resources/v7.42.8/i/elements/gs-tag.svg,2008-01-14,2008-01-27,2008,1,,AUS,,AU,AUS,036,009,,Oceania,Australasia,AUS,145.0,250.0,143135.0,128M/128Q/64D,Australian Open,,Jarmila Wolfe,,https://www.wtatennis.com/resources/v7.42.8/i/elements/flags/aus.svg,Round of 128,W,"6-3, 6-3",https://www.wtatennis.com/players/310169/jarmila-wolfe,False,False,False,False,False,False,False,2,True,18,12,6,AU,AUS,036,009,Oceania,Australasia,AUS,"6,3,None|6,3,None",
1,Sony Ericsson Championships,,https://www.wtatennis.com/tournaments/808/wta-finals/2007,Finals,Hard,https://www.wtatennis.com/resources/v7.42.8/i/elements/finals-tag.svg,2007-11-06,2007-11-11,2007,11,,RUS,,ES,ESP,724,150,,Europe,Southern Europe,ESP,7.0,35.0,33333.0,8M/0Q/4D,Sony Ericsson Championships,,Anna Chakvetadze,,https://www.wtatennis.com/resources/v7.42.8/i/elements/flags/rus.svg,Group Stage Group,L,4-6,https://www.wtatennis.com/players/310623/anna-chakvetadze,True,False,False,False,False,False,False,1,False,10,4,6,RU,RUS,643,150,Europe,Eastern Europe,RUS,"4,6,None|Ret",
1,Zurich Open,https://www.wtatennis.com/resources/v7.42.8/i/elements/itf.png,,ITF,Carpet,https://www.wtatennis.com/resources/v7.42.8/i/elements/itf.png,2007-10-15,2007-10-21,2007,10,Zurich,SUI,,CH,CHE,756,150,,Europe,Central Europe,SUI,17.0,1.0,8120.0,32M/32Q/16D,Zurich Open,,Patty Schnyder,,https://www.wtatennis.com/resources/v7.42.8/i/elements/flags/sui.svg,Round of 32,L,"0-6, 0-3",https://www.wtatennis.com/players/190519/patty-schnyder,True,False,False,False,False,False,False,2,False,9,0,9,CH,CHE,756,150,Europe,Central Europe,SUI,"0,6,None|0,3,None|Ret",
1,Kremlin Cup,https://www.wtatennis.com/resources/v7.42.8/i/elements/itf.png,,ITF,Carpet,https://www.wtatennis.com/resources/v7.42.8/i/elements/itf.png,2007-10-08,2007-10-14,2007,10,Moscow,RUS,,RU,RUS,643,150,,Europe,Eastern Europe,RUS,14.0,300.0,97800.0,32M/32Q/16D,Kremlin Cup,,Elena Dementieva,,https://www.wtatennis.com/resources/v7.42.8/i/elements/flags/rus.svg,Finals,L,"7-5, 1-6, 1-6",https://www.wtatennis.com/players/40289/elena-dementieva,False,False,False,False,False,False,False,3,True,26,9,17,RU,RUS,643,150,Europe,Eastern Europe,RUS,"7,5,None|1,6,None|1,6,None",
2,Kremlin Cup,https://www.wtatennis.com/resources/v7.42.8/i/elements/itf.png,,ITF,Carpet,https://www.wtatennis.com/resources/v7.42.8/i/elements/itf.png,2007-10-08,2007-10-14,2007,10,Moscow,RUS,,RU,RUS,643,150,,Europe,Eastern Europe,RUS,2.0,300.0,97800.0,32M/32Q/16D,Kremlin Cup,,Svetlana Kuznetsova,1.0,https://www.wtatennis.com/resources/v7.42.8/i/elements/flags/rus.svg,Semifinals,W,"7-6 (2), 6-1",https://www.wtatennis.com/players/110552/svetlana-kuznetsova,False,False,False,True,False,False,True,2,True,20,13,7,RU,RUS,643,150,Europe,Eastern Europe,RUS,"7,6,2|6,1,None",
3,Kremlin Cup,https://www.wtatennis.com/resources/v7.42.8/i/elements/itf.png,,ITF,Carpet,https://www.wtatennis.com/resources/v7.42.8/i/elements/itf.png,2007-10-08,2007-10-14,2007,10,Moscow,CZE,,RU,RUS,643,150,,Europe,Eastern Europe,RUS,13.0,300.0,97800.0,32M/32Q/16D,Kremlin Cup,,Nicole Vaidisova,8.0,https://www.wtatennis.com/resources/v7.42.8/i/elements/flags/cze.svg,Quarterfinals,W,"6-4, 7-6 (7)",https://www.wtatennis.com/players/311911/nicole-vaidisova,False,False,False,False,True,False,True,2,True,23,13,10,CZ,CZE,203,150,Europe,Central Europe,CZE,"6,4,None|7,6,7",
4,Kremlin Cup,https://www.wtatennis.com/resources/v7.42.8/i/elements/itf.png,,ITF,Carpet,https://www.wtatennis.com/resources/v7.42.8/i/elements/itf.png,2007-10-08,2007-10-14,2007,10,Moscow,UKR,,RU,RUS,643,150,,Europe,Eastern Europe,RUS,130.0,300.0,97800.0,32M/32Q/16D,Kremlin Cup,,Tatiana Perebiynis,,https://www.wtatennis.com/resources/v7.42.8/i/elements/flags/ukr.svg,Round of 16,W,"7-5, 6-4",https://www.wtatennis.com/players/160405/tatiana-perebiynis,False,False,False,False,False,False,False,2,True,22,13,9,UA,UKR,804,150,Europe,Eastern Europe,UKR,"7,5,None|6,4,None",
5,Kremlin Cup,https://www.wtatennis.com/resources/v7.42.8/i/elements/itf.png,,ITF,Carpet,https://www.wtatennis.com/resources/v7.42.8/i/elements/itf.png,2007-10-08,2007-10-14,2007,10,Moscow,,,RU,RUS,643,150,,Europe,Eastern Europe,RUS,,300.0,97800.0,32M/32Q/16D,Kremlin Cup,,,,,Round of 32,,Bye,,False,False,True,False,False,False,False,0,False,0,0,0,,,,,,,,,
1,Porsche Tennis Grand Prix,https://www.wtatennis.com/resources/v7.42.8/i/elements/itf.png,,ITF,Hard,https://www.wtatennis.com/resources/v7.42.8/i/elements/itf.png,2007-10-01,2007-10-07,2007,10,Stuttgart,RUS,,DE,DEU,276,150,,Europe,Central Europe,GER,2.0,75.0,14230.0,32M/32Q/16D,Porsche Tennis Grand Prix,,Svetlana Kuznetsova,2.0,https://www.wtatennis.com/resources/v7.42.8/i/elements/flags/rus.svg,Quarterfinals,L,"3-6, 3-6",https://www.wtatennis.com/players/110552/svetlana-kuznetsova,False,False,False,False,False,False,False,2,False,18,6,12,RU,RUS,643,150,Europe,Eastern Europe,RUS,"3,6,None|3,6,None",
2,Porsche Tennis Grand Prix,https://www.wtatennis.com/resources/v7.42.8/i/elements/itf.png,,ITF,Hard,https://www.wtatennis.com/resources/v7.42.8/i/elements/itf.png,2007-10-01,2007-10-07,2007,10,Stuttgart,UKR,,DE,DEU,276,150,,Europe,Central Europe,GER,41.0,75.0,14230.0,32M/32Q/16D,Porsche Tennis Grand Prix,,Julia Vakulenko,,https://www.wtatennis.com/resources/v7.42.8/i/elements/flags/ukr.svg,Round of 16,W,"7-5, 6-2",https://www.wtatennis.com/players/220248/julia-vakulenko,False,False,False,False,False,False,False,2,True,20,13,7,UA,UKR,804,150,Europe,Eastern Europe,UKR,"7,5,None|6,2,None",
3,Porsche Tennis Grand Prix,https://www.wtatennis.com/resources/v7.42.8/i/elements/itf.png,,ITF,Hard,https://www.wtatennis.com/resources/v7.42.8/i/elements/itf.png,2007-10-01,2007-10-07,2007,10,Stuttgart,CZE,,DE,DEU,276,150,,Europe,Central Europe,GER,140.0,75.0,14230.0,32M/32Q/16D,Porsche Tennis Grand Prix,,Zuzana Ondraskova,,https://www.wtatennis.com/resources/v7.42.8/i/elements/flags/cze.svg,Round of 32,W,"6-0, 6-0",https://www.wtatennis.com/players/150017/zuzana-ondraskova,False,False,False,False,False,False,False,2,True,12,12,0,CZ,CZE,203,150,Europe,Central Europe,CZE,"6,0,None|6,0,None",
1,Us Open,,https://www.wtatennis.com/tournaments/905/us-open/2007,Grand Slam,Hard,https://www.wtatennis.com/resources/v7.42.8/i/elements/gs-tag.svg,2007-08-27,2007-09-09,2007,8,,BEL,,US,USA,840,019,,America,Northern America,USA,1.0,250.0,147457.0,128M/128Q/64D,Us Open,,Justine Henin,1.0,https://www.wtatennis.com/resources/v7.42.8/i/elements/flags/bel.svg,Quarterfinals,L,"6-7 (3), 1-6",https://www.wtatennis.com/players/80350/justine-henin,False,False,False,True,False,False,True,2,False,20,7,13,BE,BEL,056,150,Europe,Western Europe,BEL,"6,7,3|1,6,None",
2,Us Open,,https://www.wtatennis.com/tournaments/905/us-open/2007,Grand Slam,Hard,https://www.wtatennis.com/resources/v7.42.8/i/elements/gs-tag.svg,2007-08-27,2007-09-09,2007,8,,FRA,,US,USA,840,019,,America,Northern America,USA,10.0,250.0,147457.0,128M/128Q/64D,Us Open,,Marion Bartoli,10.0,https://www.wtatennis.com/resources/v7.42.8/i/elements/flags/fra.svg,Round of 16,W,"6-3, 6-4",https://www.wtatennis.com/players/20631/marion-bartoli,False,False,False,False,False,False,False,2,True,19,12,7,FR,FRA,250,150,Europe,Western Europe,FRA,"6,3,None|6,4,None",
3,Us Open,,https://www.wtatennis.com/tournaments/905/us-open/2007,Grand Slam,Hard,https://www.wtatennis.com/resources/v7.42.8/i/elements/gs-tag.svg,2007-08-27,2007-09-09,2007,8,,RUS,,US,USA,840,019,,America,Northern America,USA,28.0,250.0,147457.0,128M/128Q/64D,Us Open,,Vera Zvonareva,27.0,https://www.wtatennis.com/resources/v7.42.8/i/elements/flags/rus.svg,Round of 32,W,"6-4, 7-6 (4)",https://www.wtatennis.com/players/260142/vera-zvonareva,False,False,False,False,True,False,True,2,True,23,13,10,RU,RUS,643,150,Europe,Eastern Europe,RUS,"6,4,None|7,6,4",
4,Us Open,,https://www.wtatennis.com/tournaments/905/us-open/2007,Grand Slam,Hard,https://www.wtatennis.com/resources/v7.42.8/i/elements/gs-tag.svg,2007-08-27,2007-09-09,2007,8,,ITA,,US,USA,840,019,,America,Northern America,USA,76.0,250.0,147457.0,128M/128Q/64D,Us Open,,Maria Elena Camerin,,https://www.wtatennis.com/resources/v7.42.8/i/elements/flags/ita.svg,Round of 64,W,"7-5, 6-2",https://www.wtatennis.com/players/30462/maria-elena-camerin,False,False,False,False,False,False,False,2,True,20,13,7,IT,ITA,380,150,Europe,Southern Europe,ITA,"7,5,None|6,2,None",
5,Us Open,,https://www.wtatennis.com/tournaments/905/us-open/2007,Grand Slam,Hard,https://www.wtatennis.com/resources/v7.42.8/i/elements/gs-tag.svg,2007-08-27,2007-09-09,2007,8,,GER,,US,USA,840,019,,America,Northern America,USA,67.0,250.0,147457.0,128M/128Q/64D,Us Open,,Angelique Kerber,,https://www.wtatennis.com/resources/v7.42.8/i/elements/flags/ger.svg,Round of 128,W,"6-3, 7-5",https://www.wtatennis.com/players/311470/angelique-kerber,False,False,False,False,False,False,False,2,True,21,13,8,DE,DEU,276,150,Europe,Central Europe,GER,"6,3,None|7,5,None",
1,Wimbledon,,https://www.wtatennis.com/tournaments/904/wimbledon/2007,Grand Slam,Grass,https://www.wtatennis.com/resources/v7.42.8/i/elements/gs-tag.svg,2007-06-25,2007-07-07,2007,6,,BEL,,GB,GBR,826,150,,Europe,Northern Europe,ENG,1.0,250.0,165061.0,128M/128Q/64D,The Championships,,Justine Henin,1.0,https://www.wtatennis.com/resources/v7.42.8/i/elements/flags/bel.svg,Quarterfinals,L,"4-6, 6-3, 3-6",https://www.wtatennis.com/players/80350/justine-henin,False,False,False,False,False,False,False,3,False,28,13,15,BE,BEL,056,150,Europe,Western Europe,BEL,"4,6,None|6,3,None|3,6,None",
2,Wimbledon,,https://www.wtatennis.com/tournaments/904/wimbledon/2007,Grand Slam,Grass,https://www.wtatennis.com/resources/v7.42.8/i/elements/gs-tag.svg,2007-06-25,2007-07-07,2007,6,,SVK,,GB,GBR,826,150,,Europe,Northern Europe,ENG,12.0,250.0,165061.0,128M/128Q/64D,The Championships,,Daniela Hantuchova,10.0,https://www.wtatennis.com/resources/v7.42.8/i/elements/flags/svk.svg,Round of 16,W,"6-2, 6-7 (2), 6-2",https://www.wtatennis.com/players/80394/daniela-hantuchova,False,False,False,False,True,False,True,3,True,29,18,11,SK,SVK,703,150,Europe,Central Europe,SVK,"6,2,None|6,7,2|6,2,None",
3,Wimbledon,,https://www.wtatennis.com/tournaments/904/wimbledon/2007,Grand Slam,Grass,https://www.wtatennis.com/resources/v7.42.8/i/elements/gs-tag.svg,2007-06-25,2007-07-07,2007,6,,VEN,,GB,GBR,826,150,,Europe,Northern Europe,ENG,56.0,250.0,165061.0,128M/128Q/64D,The Championships,,Milagros Sequera,,https://www.wtatennis.com/resources/v7.42.8/i/elements/flags/ven.svg,Round of 32,W,"6-1, 6-0",https://www.wtatennis.com/players/190562/milagros-sequera,False,False,False,False,False,False,False,2,True,13,12,1,VE,VEN,862,019,America,Northern South America,VEN,"6,1,None|6,0,None",
4,Wimbledon,,https://www.wtatennis.com/tournaments/904/wimbledon/2007,Grand Slam,Grass,https://www.wtatennis.com/resources/v7.42.8/i/elements/gs-tag.svg,2007-06-25,2007-07-07,2007,6,,AUS,,GB,GBR,826,150,,Europe,Northern Europe,ENG,75.0,250.0,165061.0,128M/128Q/64D,The Championships,,Alicia Molik,,https://www.wtatennis.com/resources/v7.42.8/i/elements/flags/aus.svg,Round of 64,W,"7-6 (4), 6-3",https://www.wtatennis.com/players/130548/alicia-molik,False,False,False,True,False,False,True,2,True,22,13,9,AU,AUS,036,009,Oceania,Australasia,AUS,"7,6,4|6,3,None",
5,Wimbledon,,https://www.wtatennis.com/tournaments/904/wimbledon/2007,Grand Slam,Grass,https://www.wtatennis.com/resources/v7.42.8/i/elements/gs-tag.svg,2007-06-25,2007-07-07,2007,6,,ESP,,GB,GBR,826,150,Kingdom of Spain,Europe,Northern Europe,ENG,57.0,250.0,165061.0,128M/128Q/64D,The Championships,,Lourdes Domínguez Lino,,https://www.wtatennis.com/resources/v7.42.8/i/elements/flags/esp.svg,Round of 128,W,"7-5, 6-0",https://www.wtatennis.com/players/40300/lourdes-dom-nguez-lino,False,False,False,False,False,False,False,2,True,18,13,5,ES,ESP,724,150,Europe,Southern Europe,ESP,"7,5,None|6,0,None",
1,Roland Garros,,https://www.wtatennis.com/tournaments/903/roland-garros/2007,Grand Slam,Clay,https://www.wtatennis.com/resources/v7.42.8/i/elements/gs-tag.svg,2007-05-27,2007-06-09,2007,5,,BEL,,FR,FRA,250,150,,Europe,Western Europe,FRA,1.0,250.0,157470.0,128M/128Q/64D,Roland Garros,,Justine Henin,1.0,https://www.wtatennis.com/resources/v7.42.8/i/elements/flags/bel.svg,Quarterfinals,L,"4-6, 3-6",https://www.wtatennis.com/players/80350/justine-henin,False,False,False,False,False,False,False,2,False,19,7,12,BE,BEL,056,150,Europe,Western Europe,BEL,"4,6,None|3,6,None",
2,Roland Garros,,https://www.wtatennis.com/tournaments/903/roland-garros/2007,Grand Slam,Clay,https://www.wtatennis.com/resources/v7.42.8/i/elements/gs-tag.svg,2007-05-27,2007-06-09,2007,5,,RUS,,FR,FRA,250,150,,Europe,Western Europe,FRA,11.0,250.0,157470.0,128M/128Q/64D,Roland Garros,,Dinara Safina,10.0,https://www.wtatennis.com/resources/v7.42.8/i/elements/flags/rus.svg,Round of 16,W,"6-2, 6-3",https://www.wtatennis.com/players/190950/dinara-safina,False,False,False,False,False,False,False,2,True,17,12,5,RU,RUS,643,150,Europe,Eastern Europe,RUS,"6,2,None|6,3,None",
3,Roland Garros,,https://www.wtatennis.com/tournaments/903/roland-garros/2007,Grand Slam,Clay,https://www.wtatennis.com/resources/v7.42.8/i/elements/gs-tag.svg,2007-05-27,2007-06-09,2007,5,,NED,,FR,FRA,250,150,,Europe,Western Europe,FRA,40.0,250.0,157470.0,128M/128Q/64D,Roland Garros,,Michaella Krajicek,,https://www.wtatennis.com/resources/v7.42.8/i/elements/flags/ned.svg,Round of 32,W,"6-3, 6-4",https://www.wtatennis.com/players/311578/michaella-krajicek,False,False,False,False,False,False,False,2,True,19,12,7,NL,NLD,528,150,Europe,Western Europe,NED,"6,3,None|6,4,None",
4,Roland Garros,,https://www.wtatennis.com/tournaments/903/roland-garros/2007,Grand Slam,Clay,https://www.wtatennis.com/resources/v7.42.8/i/elements/gs-tag.svg,2007-05-27,2007-06-09,2007,5,,VEN,,FR,FRA,250,150,,Europe,Western Europe,FRA,69.0,250.0,157470.0,128M/128Q/64D,Roland Garros,,Milagros Sequera,,https://www.wtatennis.com/resources/v7.42.8/i/elements/flags/ven.svg,Round of 64,W,"6-0, 7-6 (3)",https://www.wtatennis.com/players/190562/milagros-sequera,False,False,False,False,True,False,True,2,True,19,13,6,VE,VEN,862,019,America,Northern South America,VEN,"6,0,None|7,6,3",
5,Roland Garros,,https://www.wtatennis.com/tournaments/903/roland-garros/2007,Grand Slam,Clay,https://www.wtatennis.com/resources/v7.42.8/i/elements/gs-tag.svg,2007-05-27,2007-06-09,2007,5,,BUL,,FR,FRA,250,150,,Europe,Western Europe,FRA,91.0,250.0,157470.0,128M/128Q/64D,Roland Garros,,Tsvetana Pironkova,,https://www.wtatennis.com/resources/v7.42.8/i/elements/flags/bul.svg,Round of 128,W,"5-7, 6-1, 6-1",https://www.wtatennis.com/players/311041/tsvetana-pironkova,False,False,False,False,False,False,False,3,False,26,17,9,BG,BGR,100,150,Europe,Southeastern Europe,BUL,"5,7,None|6,1,None|6,1,None",
1,"Internazionali  Bnl D'Ltalia 2007- Rome, Italy",https://www.wtatennis.com/resources/v7.42.8/i/elements/itf.png,,ITF,Clay,https://www.wtatennis.com/resources/v7.42.8/i/elements/itf.png,2007-05-14,2007-05-20,2007,5,,SUI,,IT,ITA,380,150,,Europe,Southern Europe,ITA,17.0,110.0,24075.0,64M/32Q/32D,"Internazionali  Bnl D'Ltalia 2007- Rome, Italy",,Patty Schnyder,14.0,https://www.wtatennis.com/resources/v7.42.8/i/elements/flags/sui.svg,Quarterfinals,L,"3-6, 6-2, 6-7 (5)",https://www.wtatennis.com/players/190519/patty-schnyder,False,False,False,False,False,True,True,3,False,30,15,15,CH,CHE,756,150,Europe,Central Europe,SUI,"3,6,None|6,2,None|6,7,5",
2,"Internazionali  Bnl D'Ltalia 2007- Rome, Italy",https://www.wtatennis.com/resources/v7.42.8/i/elements/itf.png,,ITF,Clay,https://www.wtatennis.com/resources/v7.42.8/i/elements/itf.png,2007-05-14,2007-05-20,2007,5,,ISR,,IT,ITA,380,150,,Europe,Southern Europe,ITA,15.0,110.0,24075.0,64M/32Q/32D,"Internazionali  Bnl D'Ltalia 2007- Rome, Italy",,Shahar Peer,11.0,https://www.wtatennis.com/resources/v7.42.8/i/elements/flags/isr.svg,Round of 16,W,"6-3, 6-3",https://www.wtatennis.com/players/311168/shahar-peer,False,False,False,False,False,False,False,2,True,18,12,6,IL,ISR,376,142,Asia,Western Asia,ISR,"6,3,None|6,3,None",
3,"Internazionali  Bnl D'Ltalia 2007- Rome, Italy",https://www.wtatennis.com/resources/v7.42.8/i/elements/itf.png,,ITF,Clay,https://www.wtatennis.com/resources/v7.42.8/i/elements/itf.png,2007-05-14,2007-05-20,2007,5,,NED,,IT,ITA,380,150,,Europe,Southern Europe,ITA,39.0,110.0,24075.0,64M/32Q/32D,"Internazionali  Bnl D'Ltalia 2007- Rome, Italy",,Michaella Krajicek,,https://www.wtatennis.com/resources/v7.42.8/i/elements/flags/ned.svg,Round of 32,W,"6-4, 6-1",https://www.wtatennis.com/players/311578/michaella-krajicek,False,False,False,False,False,False,False,2,True,17,12,5,NL,NLD,528,150,Europe,Western Europe,NED,"6,4,None|6,1,None",
4,"Internazionali  Bnl D'Ltalia 2007- Rome, Italy",https://www.wtatennis.com/resources/v7.42.8/i/elements/itf.png,,ITF,Clay,https://www.wtatennis.com/resources/v7.42.8/i/elements/itf.png,2007-05-14,2007-05-20,2007,5,,,,IT,ITA,380,150,,Europe,Southern Europe,ITA,,110.0,24075.0,64M/32Q/32D,"Internazionali  Bnl D'Ltalia 2007- Rome, Italy",,,,,Round of 64,,Bye,,False,False,True,False,False,False,False,0,False,0,0,0,,,,,,,,,
1,Fed Cup World Group 1 Wk1,https://www.wtatennis.com/resources/v7.42.8/i/elements/itf.png,,ITF,Hard,https://www.wtatennis.com/resources/v7.42.8/i/elements/itf.png,2007-04-21,2007-04-22,2007,4,Delray Beach,BEL,,,,,,,,,Florida,227.0,,,8M/0Q/2D,Fed Cup World Group 1 Wk1,,Caroline Maes,,https://www.wtatennis.com/resources/v7.42.8/i/elements/flags/bel.svg,Round 1 R1,W,"6-1, 6-4",https://www.wtatennis.com/players/130654/caroline-maes,False,False,False,False,False,False,False,2,True,17,12,5,BE,BEL,056,150,Europe,Western Europe,BEL,"6,1,None|6,4,None",
1,Family Circle Cup,https://www.wtatennis.com/resources/v7.42.8/i/elements/itf.png,,ITF,Clay,https://www.wtatennis.com/resources/v7.42.8/i/elements/itf.png,2007-04-09,2007-04-15,2007,4,Charleston,TPE,,,,,,,,,South Carolina,92.0,1.0,6265.0,64M/32Q/32D,Family Circle Cup,,Latisha Chan,,https://www.wtatennis.com/resources/v7.42.8/i/elements/flags/tpe.svg,Round of 32,L,3-5,https://www.wtatennis.com/players/312015/latisha-chan,True,False,False,False,False,False,False,1,False,8,3,5,,,,,,,TPE,"3,5,None|Ret",
2,Family Circle Cup,https://www.wtatennis.com/resources/v7.42.8/i/elements/itf.png,,ITF,Clay,https://www.wtatennis.com/resources/v7.42.8/i/elements/itf.png,2007-04-09,2007-04-15,2007,4,Charleston,,,,,,,,,,South Carolina,,1.0,6265.0,64M/32Q/32D,Family Circle Cup,,,,,Round of 64,,Bye,,False,False,True,False,False,False,False,0,False,0,0,0,,,,,,,,,
1,Sony Ericsson Open,https://www.wtatennis.com/resources/v7.42.8/i/elements/itf.png,,ITF,Hard,https://www.wtatennis.com/resources/v7.42.8/i/elements/itf.png,2007-03-21,2007-04-03,2007,3,Miami,BEL,,,,,,,,,Fl,1.0,500.0,492950.0,128M/64Q/32D,Sony Ericsson Open,,Justine Henin,2.0,https://www.wtatennis.com/resources/v7.42.8/i/elements/flags/bel.svg,Finals,W,"0-6, 7-5, 6-3",https://www.wtatennis.com/players/80350/justine-henin,False,False,False,False,False,False,False,3,False,27,13,14,BE,BEL,056,150,Europe,Western Europe,BEL,"0,6,None|7,5,None|6,3,None",
2,Sony Ericsson Open,https://www.wtatennis.com/resources/v7.42.8/i/elements/itf.png,,ITF,Hard,https://www.wtatennis.com/resources/v7.42.8/i/elements/itf.png,2007-03-21,2007-04-03,2007,3,Miami,ISR,,,,,,,,,Fl,16.0,500.0,492950.0,128M/64Q/32D,Sony Ericsson Open,,Shahar Peer,14.0,https://www.wtatennis.com/resources/v7.42.8/i/elements/flags/isr.svg,Semifinals,W,"7-6 (4), 6-1",https://www.wtatennis.com/players/311168/shahar-peer,False,False,False,True,False,False,True,2,True,20,13,7,IL,ISR,376,142,Asia,Western Asia,ISR,"7,6,4|6,1,None",
3,Sony Ericsson Open,https://www.wtatennis.com/resources/v7.42.8/i/elements/itf.png,,ITF,Hard,https://www.wtatennis.com/resources/v7.42.8/i/elements/itf.png,2007-03-21,2007-04-03,2007,3,Miami,CZE,,,,,,,,,Fl,8.0,500.0,492950.0,128M/64Q/32D,Sony Ericsson Open,,Nicole Vaidisova,8.0,https://www.wtatennis.com/resources/v7.42.8/i/elements/flags/cze.svg,Quarterfinals,W,"6-1, 6-4",https://www.wtatennis.com/players/311911/nicole-vaidisova,False,False,False,False,False,False,False,2,True,17,12,5,CZ,CZE,203,150,Europe,Central Europe,CZE,"6,1,None|6,4,None",
4,Sony Ericsson Open,https://www.wtatennis.com/resources/v7.42.8/i/elements/itf.png,,ITF,Hard,https://www.wtatennis.com/resources/v7.42.8/i/elements/itf.png,2007-03-21,2007-04-03,2007,3,Miami,RUS,,,,,,,,,Fl,2.0,500.0,492950.0,128M/64Q/32D,Sony Ericsson Open,,Maria Sharapova,1.0,https://www.wtatennis.com/resources/v7.42.8/i/elements/flags/rus.svg,Round of 16,W,"6-1, 6-1",https://www.wtatennis.com/players/310137/maria-sharapova,False,False,False,False,False,False,False,2,True,14,12,2,RU,RUS,643,150,Europe,Eastern Europe,RUS,"6,1,None|6,1,None",
5,Sony Ericsson Open,https://www.wtatennis.com/resources/v7.42.8/i/elements/itf.png,,ITF,Hard,https://www.wtatennis.com/resources/v7.42.8/i/elements/itf.png,2007-03-21,2007-04-03,2007,3,Miami,CZE,,,,,,,,,Fl,26.0,500.0,492950.0,128M/64Q/32D,Sony Ericsson Open,,Lucie Safarova,23.0,https://www.wtatennis.com/resources/v7.42.8/i/elements/flags/cze.svg,Round of 32,W,"6-3, 6-4",https://www.wtatennis.com/players/310553/lucie-safarova,False,False,False,False,False,False,False,2,True,19,12,7,CZ,CZE,203,150,Europe,Central Europe,CZE,"6,3,None|6,4,None",
6,Sony Ericsson Open,https://www.wtatennis.com/resources/v7.42.8/i/elements/itf.png,,ITF,Hard,https://www.wtatennis.com/resources/v7.42.8/i/elements/itf.png,2007-03-21,2007-04-03,2007,3,Miami,AUS,,,,,,,,,Fl,82.0,500.0,492950.0,128M/64Q/32D,Sony Ericsson Open,,Anastasia Rodionova,,https://www.wtatennis.com/resources/v7.42.8/i/elements/flags/aus.svg,Round of 64,W,"6-3, 6-3",https://www.wtatennis.com/players/180356/anastasia-rodionova,False,False,False,False,False,False,False,2,True,18,12,6,AU,AUS,036,009,Oceania,Australasia,AUS,"6,3,None|6,3,None",
7,Sony Ericsson Open,https://www.wtatennis.com/resources/v7.42.8/i/elements/itf.png,,ITF,Hard,https://www.wtatennis.com/resources/v7.42.8/i/elements/itf.png,2007-03-21,2007-04-03,2007,3,Miami,,,,,,,,,,Fl,,500.0,492950.0,128M/64Q/32D,Sony Ericsson Open,,,,,Round of 128,,Bye,,False,False,True,False,False,False,False,0,False,0,0,0,,,,,,,,,
1,Australian Open,,https://www.wtatennis.com/tournaments/901/australian-open/2007,Grand Slam,Hard,https://www.wtatennis.com/resources/v7.42.8/i/elements/gs-tag.svg,2007-01-15,2007-01-27,2007,1,,RUS,,AU,AUS,036,009,,Oceania,Australasia,AUS,2.0,1000.0,941473.0,128M/128Q/64D,Australian Open,,Maria Sharapova,1.0,https://www.wtatennis.com/resources/v7.42.8/i/elements/flags/rus.svg,Finals,W,"6-1, 6-2",https://www.wtatennis.com/players/310137/maria-sharapova,False,False,False,False,False,False,False,2,True,15,12,3,RU,RUS,643,150,Europe,Eastern Europe,RUS,"6,1,None|6,2,None",
2,Australian Open,,https://www.wtatennis.com/tournaments/901/australian-open/2007,Grand Slam,Hard,https://www.wtatennis.com/resources/v7.42.8/i/elements/gs-tag.svg,2007-01-15,2007-01-27,2007,1,,CZE,,AU,AUS,036,009,,Oceania,Australasia,AUS,12.0,1000.0,941473.0,128M/128Q/64D,Australian Open,,Nicole Vaidisova,10.0,https://www.wtatennis.com/resources/v7.42.8/i/elements/flags/cze.svg,Semifinals,W,"7-6 (5), 6-4",https://www.wtatennis.com/players/311911/nicole-vaidisova,False,False,False,True,False,False,True,2,True,23,13,10,CZ,CZE,203,150,Europe,Central Europe,CZE,"7,6,5|6,4,None",
3,Australian Open,,https://www.wtatennis.com/tournaments/901/australian-open/2007,Grand Slam,Hard,https://www.wtatennis.com/resources/v7.42.8/i/elements/gs-tag.svg,2007-01-15,2007-01-27,2007,1,,ISR,,AU,AUS,036,009,,Oceania,Australasia,AUS,17.0,1000.0,941473.0,128M/128Q/64D,Australian Open,,Shahar Peer,16.0,https://www.wtatennis.com/resources/v7.42.8/i/elements/flags/isr.svg,Quarterfinals,W,"3-6, 6-2, 8-6",https://www.wtatennis.com/players/311168/shahar-peer,False,False,False,False,False,False,False,3,False,31,17,14,IL,ISR,376,142,Asia,Western Asia,ISR,"3,6,None|6,2,None|8,6,None",
4,Australian Open,,https://www.wtatennis.com/tournaments/901/australian-open/2007,Grand Slam,Hard,https://www.wtatennis.com/resources/v7.42.8/i/elements/gs-tag.svg,2007-01-15,2007-01-27,2007,1,,SRB,,AU,AUS,036,009,,Oceania,Australasia,AUS,11.0,1000.0,941473.0,128M/128Q/64D,Australian Open,,Jelena Jankovic,11.0,https://www.wtatennis.com/resources/v7.42.8/i/elements/flags/srb.svg,Round of 16,W,"6-3, 6-2",https://www.wtatennis.com/players/100153/jelena-jankovic,False,False,False,False,False,False,False,2,True,17,12,5,RS,SRB,688,150,Europe,Southeastern Europe,SRB,"6,3,None|6,2,None",
5,Australian Open,,https://www.wtatennis.com/tournaments/901/australian-open/2007,Grand Slam,Hard,https://www.wtatennis.com/resources/v7.42.8/i/elements/gs-tag.svg,2007-01-15,2007-01-27,2007,1,,RUS,,AU,AUS,036,009,,Oceania,Australasia,AUS,6.0,1000.0,941473.0,128M/128Q/64D,Australian Open,,Nadia Petrova,5.0,https://www.wtatennis.com/resources/v7.42.8/i/elements/flags/rus.svg,Round of 32,W,"1-6, 7-5, 6-3",https://www.wtatennis.com/players/160379/nadia-petrova,False,False,False,False,False,False,False,3,False,28,14,14,RU,RUS,643,150,Europe,Eastern Europe,RUS,"1,6,None|7,5,None|6,3,None",
6,Australian Open,,https://www.wtatennis.com/tournaments/901/australian-open/2007,Grand Slam,Hard,https://www.wtatennis.com/resources/v7.42.8/i/elements/gs-tag.svg,2007-01-15,2007-01-27,2007,1,,LUX,,AU,AUS,036,009,,Oceania,Australasia,AUS,159.0,1000.0,941473.0,128M/128Q/64D,Australian Open,,Anne Kremer,,https://www.wtatennis.com/resources/v7.42.8/i/elements/flags/lux.svg,Round of 64,W,"7-6 (4), 6-2",https://www.wtatennis.com/players/110242/anne-kremer,False,False,False,True,False,False,True,2,True,21,13,8,LU,LUX,442,150,Europe,Western Europe,LUX,"7,6,4|6,2,None",
7,Australian Open,,https://www.wtatennis.com/tournaments/901/australian-open/2007,Grand Slam,Hard,https://www.wtatennis.com/resources/v7.42.8/i/elements/gs-tag.svg,2007-01-15,2007-01-27,2007,1,,ITA,,AU,AUS,036,009,,Oceania,Australasia,AUS,32.0,1000.0,941473.0,128M/128Q/64D,Australian Open,,Mara Santangelo,27.0,https://www.wtatennis.com/resources/v7.42.8/i/elements/flags/ita.svg,Round of 128,W,"6-2, 6-1",https://www.wtatennis.com/players/190669/mara-santangelo,False,False,False,False,False,False,False,2,True,15,12,3,IT,ITA,380,150,Europe,Southern Europe,ITA,"6,2,None|6,1,None",
1,Moorilla Hobart International,https://www.wtatennis.com/resources/v7.42.8/i/elements/itf.png,,ITF,Hard,https://www.wtatennis.com/resources/v7.42.8/i/elements/itf.png,2007-01-07,2007-01-13,2007,1,Hobart,AUT,,AU,AUS,036,009,,Oceania,Australasia,AUS,56.0,30.0,3715.0,32M/32Q/16D,Moorilla Hobart International,,Sybille Bammer,,https://www.wtatennis.com/resources/v7.42.8/i/elements/flags/aut.svg,Quarterfinals,L,"6-3, 5-7, 3-6",https://www.wtatennis.com/players/20463/sybille-bammer,False,False,False,False,False,False,False,3,True,30,14,16,AT,AUT,040,150,Europe,Central Europe,AUT,"6,3,None|5,7,None|3,6,None",
2,Moorilla Hobart International,https://www.wtatennis.com/resources/v7.42.8/i/elements/itf.png,,ITF,Hard,https://www.wtatennis.com/resources/v7.42.8/i/elements/itf.png,2007-01-07,2007-01-13,2007,1,Hobart,CZE,,AU,AUS,036,009,,Oceania,Australasia,AUS,74.0,30.0,3715.0,32M/32Q/16D,Moorilla Hobart International,,Lucie Safarova,,https://www.wtatennis.com/resources/v7.42.8/i/elements/flags/cze.svg,Round of 16,W,"6-3, 3-6, 7-6 (5)",https://www.wtatennis.com/players/310553/lucie-safarova,False,False,False,False,False,True,True,3,True,31,16,15,CZ,CZE,203,150,Europe,Central Europe,CZE,"6,3,None|3,6,None|7,6,5",
3,Moorilla Hobart International,https://www.wtatennis.com/resources/v7.42.8/i/elements/itf.png,,ITF,Hard,https://www.wtatennis.com/resources/v7.42.8/i/elements/itf.png,2007-01-07,2007-01-13,2007,1,Hobart,SWE,,AU,AUS,036,009,,Oceania,Australasia,AUS,60.0,30.0,3715.0,32M/32Q/16D,Moorilla Hobart International,,Sofia Arvidsson,,https://www.wtatennis.com/resources/v7.42.8/i/elements/flags/swe.svg,Round of 32,W,"6-4, 6-0",https://www.wtatennis.com/players/10334/sofia-arvidsson,False,False,False,False,False,False,False,2,True,16,12,4,SE,SWE,752,150,Europe,Northern Europe,SWE,"6,4,None|6,0,None",
1,Us Open,,https://www.wtatennis.com/tournaments/905/us-open/2006,Grand Slam,Hard,https://www.wtatennis.com/resources/v7.42.8/i/elements/gs-tag.svg,2006-08-28,2006-09-09,2006,8,,FRA,,US,USA,840,019,,America,Northern America,USA,1.0,96.0,66462.0,128M/128Q/64D,Us Open,,Amélie Mauresmo,1.0,https://www.wtatennis.com/resources/v7.42.8/i/elements/flags/fra.svg,Round of 16,L,"4-6, 6-0, 2-6",https://www.wtatennis.com/players/130450/am-lie-mauresmo,False,False,False,False,False,False,False,3,False,24,12,12,FR,FRA,250,150,Europe,Western Europe,FRA,"4,6,None|6,0,None|2,6,None",W
2,Us Open,,https://www.wtatennis.com/tournaments/905/us-open/2006,Grand Slam,Hard,https://www.wtatennis.com/resources/v7.42.8/i/elements/gs-tag.svg,2006-08-28,2006-09-09,2006,8,,SRB,,US,USA,840,019,,America,Northern America,USA,17.0,96.0,66462.0,128M/128Q/64D,Us Open,,Ana Ivanovic,16.0,https://www.wtatennis.com/resources/v7.42.8/i/elements/flags/srb.svg,Round of 32,W,"6-2, 6-4",https://www.wtatennis.com/players/311710/ana-ivanovic,False,False,False,False,False,False,False,2,True,18,12,6,RS,SRB,688,150,Europe,Southeastern Europe,SRB,"6,2,None|6,4,None",W
3,Us Open,,https://www.wtatennis.com/tournaments/905/us-open/2006,Grand Slam,Hard,https://www.wtatennis.com/resources/v7.42.8/i/elements/gs-tag.svg,2006-08-28,2006-09-09,2006,8,,SVK,,US,USA,840,019,,America,Northern America,USA,18.0,96.0,66462.0,128M/128Q/64D,Us Open,,Daniela Hantuchova,17.0,https://www.wtatennis.com/resources/v7.42.8/i/elements/flags/svk.svg,Round of 64,W,"7-5, 6-3",https://www.wtatennis.com/players/80394/daniela-hantuchova,False,False,False,False,False,False,False,2,True,21,13,8,SK,SVK,703,150,Europe,Central Europe,SVK,"7,5,None|6,3,None",W
4,Us Open,,https://www.wtatennis.com/tournaments/905/us-open/2006,Grand Slam,Hard,https://www.wtatennis.com/resources/v7.42.8/i/elements/gs-tag.svg,2006-08-28,2006-09-09,2006,8,,ESP,,US,USA,840,019,Kingdom of Spain,America,Northern America,USA,41.0,96.0,66462.0,128M/128Q/64D,Us Open,,Lourdes Domínguez Lino,,https://www.wtatennis.com/resources/v7.42.8/i/elements/flags/esp.svg,Round of 128,W,"6-1, 6-2",https://www.wtatennis.com/players/40300/lourdes-dom-nguez-lino,False,False,False,False,False,False,False,2,True,15,12,3,ES,ESP,724,150,Europe,Southern Europe,ESP,"6,1,None|6,2,None",W
1,Jp Morgan Chase Open Presented By Herbalif,https://www.wtatennis.com/resources/v7.42.8/i/elements/itf.png,,ITF,Hard,https://www.wtatennis.com/resources/v7.42.8/i/elements/itf.png,2006-08-07,2006-08-13,2006,8,La,SRB,,,,,,,,,California,28.0,88.0,25060.0,64M/32Q/16D,Jp Morgan Chase Open Presented By Herbalif,,Jelena Jankovic,16.0,https://www.wtatennis.com/resources/v7.42.8/i/elements/flags/srb.svg,Semifinals,L,"4-6, 3-6",https://www.wtatennis.com/players/100153/jelena-jankovic,False,False,False,False,False,False,False,2,False,19,7,12,RS,SRB,688,150,Europe,Southeastern Europe,SRB,"4,6,None|3,6,None",W
2,Jp Morgan Chase Open Presented By Herbalif,https://www.wtatennis.com/resources/v7.42.8/i/elements/itf.png,,ITF,Hard,https://www.wtatennis.com/resources/v7.42.8/i/elements/itf.png,2006-08-07,2006-08-13,2006,8,La,USA,,,,,,United States of America|America|USA|US,,,California,77.0,88.0,25060.0,64M/32Q/16D,Jp Morgan Chase Open Presented By Herbalif,,Meghann Shaughnessy,,https://www.wtatennis.com/resources/v7.42.8/i/elements/flags/usa.svg,Quarterfinals,W,"6-7 (4), 6-1, 6-4",https://www.wtatennis.com/players/190565/meghann-shaughnessy,False,False,False,True,False,False,True,3,False,30,18,12,US,USA,840,019,America,Northern America,USA,"6,7,4|6,1,None|6,4,None",W
3,Jp Morgan Chase Open Presented By Herbalif,https://www.wtatennis.com/resources/v7.42.8/i/elements/itf.png,,ITF,Hard,https://www.wtatennis.com/resources/v7.42.8/i/elements/itf.png,2006-08-07,2006-08-13,2006,8,La,SVK,,,,,,,,,California,17.0,88.0,25060.0,64M/32Q/16D,Jp Morgan Chase Open Presented By Herbalif,,Daniela Hantuchova,7.0,https://www.wtatennis.com/resources/v7.42.8/i/elements/flags/svk.svg,Round of 16,W,"1-6, 6-3, 6-3",https://www.wtatennis.com/players/80394/daniela-hantuchova,False,False,False,False,False,False,False,3,False,25,13,12,SK,SVK,703,150,Europe,Central Europe,SVK,"1,6,None|6,3,None|6,3,None",W
4,Jp Morgan Chase Open Presented By Herbalif,https://www.wtatennis.com/resources/v7.42.8/i/elements/itf.png,,ITF,Hard,https://www.wtatennis.com/resources/v7.42.8/i/elements/itf.png,2006-08-07,2006-08-13,2006,8,La,USA,,,,,,United States of America|America|USA|US,,,California,102.0,88.0,25060.0,64M/32Q/16D,Jp Morgan Chase Open Presented By Herbalif,,Ashley Harkleroad,,https://www.wtatennis.com/resources/v7.42.8/i/elements/flags/usa.svg,Round of 32,W,"6-3, 6-2",https://www.wtatennis.com/players/80418/ashley-harkleroad,False,False,False,False,False,False,False,2,True,17,12,5,US,USA,840,019,America,Northern America,USA,"6,3,None|6,2,None",W
5,Jp Morgan Chase Open Presented By Herbalif,https://www.wtatennis.com/resources/v7.42.8/i/elements/itf.png,,ITF,Hard,https://www.wtatennis.com/resources/v7.42.8/i/elements/itf.png,2006-08-07,2006-08-13,2006,8,La,RUS,,,,,,,,,California,21.0,88.0,25060.0,64M/32Q/16D,Jp Morgan Chase Open Presented By Herbalif,,Maria Kirilenko,11.0,https://www.wtatennis.com/resources/v7.42.8/i/elements/flags/rus.svg,Round of 64,W,"6-2, 6-1",https://www.wtatennis.com/players/310577/maria-kirilenko,False,False,False,False,False,False,False,2,True,15,12,3,RU,RUS,643,150,Europe,Eastern Europe,RUS,"6,2,None|6,1,None",W
1,Western & Southern Financial Group Women'S Open,https://www.wtatennis.com/resources/v7.42.8/i/elements/itf.png,,ITF,Hard,https://www.wtatennis.com/resources/v7.42.8/i/elements/itf.png,2006-07-17,2006-07-23,2006,7,Cincinnati,RUS,,,,,,,,,Ohio,50.0,55.0,7700.0,32M/32Q/16D,Western & Southern Financial Group Women'S Open,,Vera Zvonareva,,https://www.wtatennis.com/resources/v7.42.8/i/elements/flags/rus.svg,Semifinals,L,"2-6, 3-6",https://www.wtatennis.com/players/260142/vera-zvonareva,False,False,False,False,False,False,False,2,False,17,5,12,RU,RUS,643,150,Europe,Eastern Europe,RUS,"2,6,None|3,6,None",
2,Western & Southern Financial Group Women'S Open,https://www.wtatennis.com/resources/v7.42.8/i/elements/itf.png,,ITF,Hard,https://www.wtatennis.com/resources/v7.42.8/i/elements/itf.png,2006-07-17,2006-07-23,2006,7,Cincinnati,USA,,,,,,United States of America|America|USA|US,,,Ohio,56.0,55.0,7700.0,32M/32Q/16D,Western & Southern Financial Group Women'S Open,,Amy Frazier,,https://www.wtatennis.com/resources/v7.42.8/i/elements/flags/usa.svg,Quarterfinals,W,"6-2, 6-2",https://www.wtatennis.com/players/60034/amy-frazier,False,False,False,False,False,False,False,2,True,16,12,4,US,USA,840,019,America,Northern America,USA,"6,2,None|6,2,None",
3,Western & Southern Financial Group Women'S Open,https://www.wtatennis.com/resources/v7.42.8/i/elements/itf.png,,ITF,Hard,https://www.wtatennis.com/resources/v7.42.8/i/elements/itf.png,2006-07-17,2006-07-23,2006,7,Cincinnati,USA,,,,,,United States of America|America|USA|US,,,Ohio,105.0,55.0,7700.0,32M/32Q/16D,Western & Southern Financial Group Women'S Open,,Bethanie Mattek-Sands,,https://www.wtatennis.com/resources/v7.42.8/i/elements/flags/usa.svg,Round of 16,W,"6-3, 6-1",https://www.wtatennis.com/players/130713/bethanie-mattek-sands,False,False,False,False,False,False,False,2,True,16,12,4,US,USA,840,019,America,Northern America,USA,"6,3,None|6,1,None",
4,Western & Southern Financial Group Women'S Open,https://www.wtatennis.com/resources/v7.42.8/i/elements/itf.png,,ITF,Hard,https://www.wtatennis.com/resources/v7.42.8/i/elements/itf.png,2006-07-17,2006-07-23,2006,7,Cincinnati,RUS,,,,,,,,,Ohio,11.0,55.0,7700.0,32M/32Q/16D,Western & Southern Financial Group Women'S Open,,Anastasia Myskina,2.0,https://www.wtatennis.com/resources/v7.42.8/i/elements/flags/rus.svg,Round of 32,W,"6-2, 6-2",https://www.wtatennis.com/players/130533/anastasia-myskina,False,False,False,False,False,False,False,2,True,16,12,4,RU,RUS,643,150,Europe,Eastern Europe,RUS,"6,2,None|6,2,None",
1,Australian Open,,https://www.wtatennis.com/tournaments/901/australian-open/2006,Grand Slam,Hard,https://www.wtatennis.com/resources/v7.42.8/i/elements/gs-tag.svg,2006-01-16,2006-01-28,2006,1,,SVK,,AU,AUS,036,009,,Oceania,Australasia,AUS,17.0,62.0,32483.0,128M/128Q/64D,Australian Open,,Daniela Hantuchova,17.0,https://www.wtatennis.com/resources/v7.42.8/i/elements/flags/svk.svg,Round of 32,L,"1-6, 6-7 (5)",https://www.wtatennis.com/players/80394/daniela-hantuchova,False,False,False,False,True,False,True,2,False,20,7,13,SK,SVK,703,150,Europe,Central Europe,SVK,"1,6,None|6,7,5",
2,Australian Open,,https://www.wtatennis.com/tournaments/901/australian-open/2006,Grand Slam,Hard,https://www.wtatennis.com/resources/v7.42.8/i/elements/gs-tag.svg,2006-01-16,2006-01-28,2006,1,,FRA,,AU,AUS,036,009,,Oceania,Australasia,AUS,130.0,62.0,32483.0,128M/128Q/64D,Australian Open,,Camille Pin,,https://www.wtatennis.com/resources/v7.42.8/i/elements/flags/fra.svg,Round of 64,W,"6-3, 6-1",https://www.wtatennis.com/players/160363/camille-pin,False,False,False,False,False,False,False,2,True,16,12,4,FR,FRA,250,150,Europe,Western Europe,FRA,"6,3,None|6,1,None",
3,Australian Open,,https://www.wtatennis.com/tournaments/901/australian-open/2006,Grand Slam,Hard,https://www.wtatennis.com/resources/v7.42.8/i/elements/gs-tag.svg,2006-01-16,2006-01-28,2006,1,,CHN,,AU,AUS,036,009,,Oceania,Australasia,AUS,52.0,62.0,32483.0,128M/128Q/64D,Australian Open,,Na Li,,https://www.wtatennis.com/resources/v7.42.8/i/elements/flags/chn.svg,Round of 128,W,"6-3, 6-7 (1), 6-2",https://www.wtatennis.com/players/120330/na-li,False,False,False,False,True,False,True,3,True,30,18,12,CN,CHN,156,142,Asia,East Asia,CHN,"6,3,None|6,7,1|6,2,None",
1,China Open,https://www.wtatennis.com/resources/v7.42.8/i/elements/itf.png,,ITF,Hard,https://www.wtatennis.com/resources/v7.42.8/i/elements/itf.png,2005-09-19,2005-09-25,2005,9,Beijing,CHN,,CN,CHN,156,142,,Asia,East Asia,CHN,127.0,1.0,7600.0,32M/32Q/16D,China Open,,Tiantian Sun,,https://www.wtatennis.com/resources/v7.42.8/i/elements/flags/chn.svg,Round of 16,L,"2-6, 6-7 (7)",https://www.wtatennis.com/players/190817/tiantian-sun,False,False,False,False,True,False,True,2,False,21,8,13,CN,CHN,156,142,Asia,East Asia,CHN,"2,6,None|6,7,7",
2,China Open,https://www.wtatennis.com/resources/v7.42.8/i/elements/itf.png,,ITF,Hard,https://www.wtatennis.com/resources/v7.42.8/i/elements/itf.png,2005-09-19,2005-09-25,2005,9,Beijing,,,CN,CHN,156,142,,Asia,East Asia,CHN,,1.0,7600.0,32M/32Q/16D,China Open,,,,,Round of 32,,Bye,,False,False,True,False,False,False,False,0,False,0,0,0,,,,,,,,,
1,Us Open,,https://www.wtatennis.com/tournaments/905/us-open/2005,Grand Slam,Hard,https://www.wtatennis.com/resources/v7.42.8/i/elements/gs-tag.svg,2005-08-29,2005-09-10,2005,8,,USA,,US,USA,840,019,United States of America|America|USA|US,America,Northern America,USA,10.0,144.0,63872.0,128M/128Q/64D,Us Open,,Venus Williams,10.0,https://www.wtatennis.com/resources/v7.42.8/i/elements/flags/usa.svg,Round of 16,L,"6-7 (5), 2-6",https://www.wtatennis.com/players/230220/venus-williams,False,False,False,True,False,False,True,2,False,21,8,13,US,USA,840,019,America,Northern America,USA,"6,7,5|2,6,None",
2,Us Open,,https://www.wtatennis.com/tournaments/905/us-open/2005,Grand Slam,Hard,https://www.wtatennis.com/resources/v7.42.8/i/elements/gs-tag.svg,2005-08-29,2005-09-10,2005,8,,ITA,,US,USA,840,019,,America,Northern America,USA,26.0,144.0,63872.0,128M/128Q/64D,Us Open,,Francesca Schiavone,25.0,https://www.wtatennis.com/resources/v7.42.8/i/elements/flags/ita.svg,Round of 32,W,"6-3, 6-4",https://www.wtatennis.com/players/190666/francesca-schiavone,False,False,False,False,False,False,False,2,True,19,12,7,IT,ITA,380,150,Europe,Southern Europe,ITA,"6,3,None|6,4,None",
3,Us Open,,https://www.wtatennis.com/tournaments/905/us-open/2005,Grand Slam,Hard,https://www.wtatennis.com/resources/v7.42.8/i/elements/gs-tag.svg,2005-08-29,2005-09-10,2005,8,,COL,,US,USA,840,019,,America,Northern America,USA,69.0,144.0,63872.0,128M/128Q/64D,Us Open,,Catalina Castaño,,https://www.wtatennis.com/resources/v7.42.8/i/elements/flags/col.svg,Round of 64,W,"6-2, 6-2",https://www.wtatennis.com/players/30360/catalina-casta-o,False,False,False,False,False,False,False,2,True,16,12,4,CO,COL,170,019,America,Northern South America,COL,"6,2,None|6,2,None",
4,Us Open,,https://www.wtatennis.com/tournaments/905/us-open/2005,Grand Slam,Hard,https://www.wtatennis.com/resources/v7.42.8/i/elements/gs-tag.svg,2005-08-29,2005-09-10,2005,8,,TPE,,US,USA,840,019,,America,Northern America,USA,261.0,144.0,63872.0,128M/128Q/64D,Us Open,,Latisha Chan,,https://www.wtatennis.com/resources/v7.42.8/i/elements/flags/tpe.svg,Round of 128,W,"6-1, 6-3",https://www.wtatennis.com/players/312015/latisha-chan,False,False,False,False,False,False,False,2,True,16,12,4,,,,,,,TPE,"6,1,None|6,3,None",
1,"Rogers Cup Presented By American Express- Toronto, Canada",https://www.wtatennis.com/resources/v7.42.8/i/elements/itf.png,,ITF,Hard,https://www.wtatennis.com/resources/v7.42.8/i/elements/itf.png,2005-08-15,2005-08-21,2005,8,,ITA,,CA,CAN,124,019,,America,Northern America,CAN,30.0,46.0,12450.0,64M/64Q/32D,"Rogers Cup Presented By American Express- Toronto, Canada",,Flavia Pennetta,14.0,https://www.wtatennis.com/resources/v7.42.8/i/elements/flags/ita.svg,Round of 16,L,Walkover,https://www.wtatennis.com/players/160391/flavia-pennetta,False,True,False,False,False,False,False,0,False,0,0,0,IT,ITA,380,150,Europe,Southern Europe,ITA,,
2,"Rogers Cup Presented By American Express- Toronto, Canada",https://www.wtatennis.com/resources/v7.42.8/i/elements/itf.png,,ITF,Hard,https://www.wtatennis.com/resources/v7.42.8/i/elements/itf.png,2005-08-15,2005-08-21,2005,8,,FRA,,CA,CAN,124,019,,America,Northern America,CAN,92.0,46.0,12450.0,64M/64Q/32D,"Rogers Cup Presented By American Express- Toronto, Canada",,Stéphanie Cohen-Aloro,,https://www.wtatennis.com/resources/v7.42.8/i/elements/flags/fra.svg,Round of 32,W,"3-6, 6-4, 6-2",https://www.wtatennis.com/players/30501/st-phanie-cohen-aloro,False,False,False,False,False,False,False,3,False,27,15,12,FR,FRA,250,150,Europe,Western Europe,FRA,"3,6,None|6,4,None|6,2,None",
3,"Rogers Cup Presented By American Express- Toronto, Canada",https://www.wtatennis.com/resources/v7.42.8/i/elements/itf.png,,ITF,Hard,https://www.wtatennis.com/resources/v7.42.8/i/elements/itf.png,2005-08-15,2005-08-21,2005,8,,,,CA,CAN,124,019,,America,Northern America,CAN,,46.0,12450.0,64M/64Q/32D,"Rogers Cup Presented By American Express- Toronto, Canada",,,,,Round of 64,,Bye,,False,False,True,False,False,False,False,0,False,0,0,0,,,,,,,,,
1,Wimbledon,,https://www.wtatennis.com/tournaments/904/wimbledon/2005,Grand Slam,Grass,https://www.wtatennis.com/resources/v7.42.8/i/elements/gs-tag.svg,2005-06-20,2005-07-03,2005,6,,USA,,GB,GBR,826,150,United States of America|America|USA|US,Europe,Northern Europe,ENG,85.0,74.0,34200.0,128M/128Q/64D,The Championships,,Jill Craybas,,https://www.wtatennis.com/resources/v7.42.8/i/elements/flags/usa.svg,Round of 32,L,"3-6, 6-7 (4)",https://www.wtatennis.com/players/30294/jill-craybas,False,False,False,False,True,False,True,2,False,22,9,13,US,USA,840,019,America,Northern America,USA,"3,6,None|6,7,4",
2,Wimbledon,,https://www.wtatennis.com/tournaments/904/wimbledon/2005,Grand Slam,Grass,https://www.wtatennis.com/resources/v7.42.8/i/elements/gs-tag.svg,2005-06-20,2005-07-03,2005,6,,ITA,,GB,GBR,826,150,,Europe,Northern Europe,ENG,124.0,74.0,34200.0,128M/128Q/64D,The Championships,,Mara Santangelo,,https://www.wtatennis.com/resources/v7.42.8/i/elements/flags/ita.svg,Round of 64,W,"2-6, 6-3, 6-2",https://www.wtatennis.com/players/190669/mara-santangelo,False,False,False,False,False,False,False,3,False,25,14,11,IT,ITA,380,150,Europe,Southern Europe,ITA,"2,6,None|6,3,None|6,2,None",
3,Wimbledon,,https://www.wtatennis.com/tournaments/904/wimbledon/2005,Grand Slam,Grass,https://www.wtatennis.com/resources/v7.42.8/i/elements/gs-tag.svg,2005-06-20,2005-07-03,2005,6,,USA,,GB,GBR,826,150,United States of America|America|USA|US,Europe,Northern Europe,ENG,104.0,74.0,34200.0,128M/128Q/64D,The Championships,,Angela Haynes,,https://www.wtatennis.com/resources/v7.42.8/i/elements/flags/usa.svg,Round of 128,W,"6-7 (12), 6-4, 6-2",https://www.wtatennis.com/players/310617/angela-haynes,False,False,False,True,False,False,True,3,False,31,18,13,US,USA,840,019,America,Northern America,USA,"6,7,12|6,4,None|6,2,None",
1,Telecom Italia Masters Roma,https://www.wtatennis.com/resources/v7.42.8/i/elements/itf.png,,ITF,Clay,https://www.wtatennis.com/resources/v7.42.8/i/elements/itf.png,2005-05-09,2005-05-15,2005,5,Rome,ITA,,IT,ITA,380,150,,Europe,Southern Europe,ITA,26.0,1.0,6500.0,64M/32Q/32D,Telecom Italia Masters Roma,,Francesca Schiavone,,https://www.wtatennis.com/resources/v7.42.8/i/elements/flags/ita.svg,Round of 32,L,"6-7 (2), 1-6",https://www.wtatennis.com/players/190666/francesca-schiavone,False,False,False,True,False,False,True,2,False,20,7,13,IT,ITA,380,150,Europe,Southern Europe,ITA,"6,7,2|1,6,None",
2,Telecom Italia Masters Roma,https://www.wtatennis.com/resources/v7.42.8/i/elements/itf.png,,ITF,Clay,https://www.wtatennis.com/resources/v7.42.8/i/elements/itf.png,2005-05-09,2005-05-15,2005,5,Rome,,,IT,ITA,380,150,,Europe,Southern Europe,ITA,,1.0,6500.0,64M/32Q/32D,Telecom Italia Masters Roma,,,,,Round of 64,,Bye,,False,False,True,False,False,False,False,0,False,0,0,0,,,,,,,,,
1,Bausch & Lomb Championships,https://www.wtatennis.com/resources/v7.42.8/i/elements/itf.png,,ITF,Clay,https://www.wtatennis.com/resources/v7.42.8/i/elements/itf.png,2005-04-04,2005-04-10,2005,4,Amelia Island,ITA,,,,,,,,,Florida,24.0,74.0,12450.0,64M/32Q/16D,Bausch & Lomb Championships,,Silvia Farina Elia,12.0,https://www.wtatennis.com/resources/v7.42.8/i/elements/flags/ita.svg,Quarterfinals,L,"7-5, 67-7",https://www.wtatennis.com/players/60061/silvia-farina-elia,True,False,False,False,True,False,True,2,True,86,74,12,IT,ITA,380,150,Europe,Southern Europe,ITA,"7,5,None|67,7,None|Ret",
2,Bausch & Lomb Championships,https://www.wtatennis.com/resources/v7.42.8/i/elements/itf.png,,ITF,Clay,https://www.wtatennis.com/resources/v7.42.8/i/elements/itf.png,2005-04-04,2005-04-10,2005,4,Amelia Island,FRA,,,,,,,,,Florida,27.0,74.0,12450.0,64M/32Q/16D,Bausch & Lomb Championships,,Mary Pierce,14.0,https://www.wtatennis.com/resources/v7.42.8/i/elements/flags/fra.svg,Round of 16,W,"7-6 (5), 6-4",https://www.wtatennis.com/players/160142/mary-pierce,False,False,False,True,False,False,True,2,True,23,13,10,FR,FRA,250,150,Europe,Western Europe,FRA,"7,6,5|6,4,None",
3,Bausch & Lomb Championships,https://www.wtatennis.com/resources/v7.42.8/i/elements/itf.png,,ITF,Clay,https://www.wtatennis.com/resources/v7.42.8/i/elements/itf.png,2005-04-04,2005-04-10,2005,4,Amelia Island,MAD,,,,,,,,,Florida,45.0,74.0,12450.0,64M/32Q/16D,Bausch & Lomb Championships,,Dally Randriantefy,,https://www.wtatennis.com/resources/v7.42.8/i/elements/flags/mad.svg,Round of 32,W,"6-3, 6-1",https://www.wtatennis.com/players/180234/dally-randriantefy,False,False,False,False,False,False,False,2,True,16,12,4,MG,MDG,450,002,Africa,East Africa,MAD,"6,3,None|6,1,None",
4,Bausch & Lomb Championships,https://www.wtatennis.com/resources/v7.42.8/i/elements/itf.png,,ITF,Clay,https://www.wtatennis.com/resources/v7.42.8/i/elements/itf.png,2005-04-04,2005-04-10,2005,4,Amelia Island,,,,,,,,,,Florida,,74.0,12450.0,64M/32Q/16D,Bausch & Lomb Championships,,,,,Round of 64,,Bye,,False,False,True,False,False,False,False,0,False,0,0,0,,,,,,,,,
1,Nasdaq-100 Open,https://www.wtatennis.com/resources/v7.42.8/i/elements/itf.png,,ITF,Hard,https://www.wtatennis.com/resources/v7.42.8/i/elements/itf.png,2005-03-23,2005-04-02,2005,3,Miami,USA,,,,,,United States of America|America|USA|US,,,Florida,9.0,122.0,58000.0,128M/64Q/32D,Nasdaq-100 Open,,Venus Williams,8.0,https://www.wtatennis.com/resources/v7.42.8/i/elements/flags/usa.svg,Quarterfinals,L,"1-6, 6-7 (8)",https://www.wtatennis.com/players/230220/venus-williams,False,False,False,False,True,False,True,2,False,20,7,13,US,USA,840,019,America,Northern America,USA,"1,6,None|6,7,8",
2,Nasdaq-100 Open,https://www.wtatennis.com/resources/v7.42.8/i/elements/itf.png,,ITF,Hard,https://www.wtatennis.com/resources/v7.42.8/i/elements/itf.png,2005-03-23,2005-04-02,2005,3,Miami,RUS,,,,,,,,,Florida,17.0,122.0,58000.0,128M/64Q/32D,Nasdaq-100 Open,,Elena Likhovtseva,15.0,https://www.wtatennis.com/resources/v7.42.8/i/elements/flags/rus.svg,Round of 16,W,"6-4, 1-6, 6-4",https://www.wtatennis.com/players/120151/elena-likhovtseva,False,False,False,False,False,False,False,3,True,27,13,14,RU,RUS,643,150,Europe,Eastern Europe,RUS,"6,4,None|1,6,None|6,4,None",
3,Nasdaq-100 Open,https://www.wtatennis.com/resources/v7.42.8/i/elements/itf.png,,ITF,Hard,https://www.wtatennis.com/resources/v7.42.8/i/elements/itf.png,2005-03-23,2005-04-02,2005,3,Miami,ISR,,,,,,,,,Florida,135.0,122.0,58000.0,128M/64Q/32D,Nasdaq-100 Open,,Shahar Peer,,https://www.wtatennis.com/resources/v7.42.8/i/elements/flags/isr.svg,Round of 32,W,"6-3, 6-3",https://www.wtatennis.com/players/311168/shahar-peer,False,False,False,False,False,False,False,2,True,18,12,6,IL,ISR,376,142,Asia,Western Asia,ISR,"6,3,None|6,3,None",
4,Nasdaq-100 Open,https://www.wtatennis.com/resources/v7.42.8/i/elements/itf.png,,ITF,Hard,https://www.wtatennis.com/resources/v7.42.8/i/elements/itf.png,2005-03-23,2005-04-02,2005,3,Miami,RUS,,,,,,,,,Florida,42.0,122.0,58000.0,128M/64Q/32D,Nasdaq-100 Open,,Vera Dushevina,,https://www.wtatennis.com/resources/v7.42.8/i/elements/flags/rus.svg,Round of 64,W,"6-3, 6-0",https://www.wtatennis.com/players/310625/vera-dushevina,False,False,False,False,False,False,False,2,True,15,12,3,RU,RUS,643,150,Europe,Eastern Europe,RUS,"6,3,None|6,0,None",
5,Nasdaq-100 Open,https://www.wtatennis.com/resources/v7.42.8/i/elements/itf.png,,ITF,Hard,https://www.wtatennis.com/resources/v7.42.8/i/elements/itf.png,2005-03-23,2005-04-02,2005,3,Miami,,,,,,,,,,Florida,,122.0,58000.0,128M/64Q/32D,Nasdaq-100 Open,,,,,Round of 128,,Bye,,False,False,True,False,False,False,False,0,False,0,0,0,,,,,,,,,
1,Dubai Duty Free Women'S Open,https://www.wtatennis.com/resources/v7.42.8/i/elements/itf.png,,ITF,Hard,https://www.wtatennis.com/resources/v7.42.8/i/elements/itf.png,2005-02-28,2005-03-05,2005,2,,SRB,,AE,ARE,784,142,,Asia,Western Asia,UAE,28.0,146.0,45150.0,32M/32Q/16D,Dubai Duty Free Women'S Open,,Jelena Jankovic,,https://www.wtatennis.com/resources/v7.42.8/i/elements/flags/srb.svg,Semifinals,L,"0-6, 3-4",https://www.wtatennis.com/players/100153/jelena-jankovic,True,False,False,False,False,False,False,2,False,13,3,10,RS,SRB,688,150,Europe,Southeastern Europe,SRB,"0,6,None|3,4,None|Ret",
2,Dubai Duty Free Women'S Open,https://www.wtatennis.com/resources/v7.42.8/i/elements/itf.png,,ITF,Hard,https://www.wtatennis.com/resources/v7.42.8/i/elements/itf.png,2005-02-28,2005-03-05,2005,2,,SVK,,AE,ARE,784,142,,Asia,Western Asia,UAE,22.0,146.0,45150.0,32M/32Q/16D,Dubai Duty Free Women'S Open,,Daniela Hantuchova,,https://www.wtatennis.com/resources/v7.42.8/i/elements/flags/svk.svg,Quarterfinals,W,"6-4, 6-3",https://www.wtatennis.com/players/80394/daniela-hantuchova,False,False,False,False,False,False,False,2,True,19,12,7,SK,SVK,703,150,Europe,Central Europe,SVK,"6,4,None|6,3,None",
3,Dubai Duty Free Women'S Open,https://www.wtatennis.com/resources/v7.42.8/i/elements/itf.png,,ITF,Hard,https://www.wtatennis.com/resources/v7.42.8/i/elements/itf.png,2005-02-28,2005-03-05,2005,2,,RUS,,AE,ARE,784,142,,Asia,Western Asia,UAE,15.0,146.0,45150.0,32M/32Q/16D,Dubai Duty Free Women'S Open,,Elena Bovina,,https://www.wtatennis.com/resources/v7.42.8/i/elements/flags/rus.svg,Round of 16,W,"1-6, 6-1, 6-4",https://www.wtatennis.com/players/20992/elena-bovina,False,False,False,False,False,False,False,3,False,24,13,11,RU,RUS,643,150,Europe,Eastern Europe,RUS,"1,6,None|6,1,None|6,4,None",
4,Dubai Duty Free Women'S Open,https://www.wtatennis.com/resources/v7.42.8/i/elements/itf.png,,ITF,Hard,https://www.wtatennis.com/resources/v7.42.8/i/elements/itf.png,2005-02-28,2005-03-05,2005,2,,,,AE,ARE,784,142,,Asia,Western Asia,UAE,,146.0,45150.0,32M/32Q/16D,Dubai Duty Free Women'S Open,,,,,Round of 32,,Bye,,False,False,True,False,False,False,False,0,False,0,0,0,,,,,,,,,
1,Open Gaz De France,https://www.wtatennis.com/resources/v7.42.8/i/elements/itf.png,,ITF,Carpet,https://www.wtatennis.com/resources/v7.42.8/i/elements/itf.png,2005-02-07,2005-02-13,2005,2,Paris,RUS,,FR,FRA,250,150,,Europe,Western Europe,FRA,48.0,53.0,14100.0,32M/32Q/16D,Open Gaz De France,,Dinara Safina,,https://www.wtatennis.com/resources/v7.42.8/i/elements/flags/rus.svg,Quarterfinals,L,Walkover,https://www.wtatennis.com/players/190950/dinara-safina,False,True,False,False,False,False,False,0,False,0,0,0,RU,RUS,643,150,Europe,Eastern Europe,RUS,,
2,Open Gaz De France,https://www.wtatennis.com/resources/v7.42.8/i/elements/itf.png,,ITF,Carpet,https://www.wtatennis.com/resources/v7.42.8/i/elements/itf.png,2005-02-07,2005-02-13,2005,2,Paris,FRA,,FR,FRA,250,150,,Europe,Western Europe,FRA,94.0,53.0,14100.0,32M/32Q/16D,Open Gaz De France,,Stéphanie Cohen-Aloro,,https://www.wtatennis.com/resources/v7.42.8/i/elements/flags/fra.svg,Round of 16,W,"6-3, 6-2",https://www.wtatennis.com/players/30501/st-phanie-cohen-aloro,False,False,False,False,False,False,False,2,True,17,12,5,FR,FRA,250,150,Europe,Western Europe,FRA,"6,3,None|6,2,None",
3,Open Gaz De France,https://www.wtatennis.com/resources/v7.42.8/i/elements/itf.png,,ITF,Carpet,https://www.wtatennis.com/resources/v7.42.8/i/elements/itf.png,2005-02-07,2005-02-13,2005,2,Paris,,,FR,FRA,250,150,,Europe,Western Europe,FRA,,53.0,14100.0,32M/32Q/16D,Open Gaz De France,,,,,Round of 32,,Bye,,False,False,True,False,False,False,False,0,False,0,0,0,,,,,,,,,
1,Australian Open,,https://www.wtatennis.com/tournaments/901/australian-open/2005,Grand Slam,Hard,https://www.wtatennis.com/resources/v7.42.8/i/elements/gs-tag.svg,2005-01-17,2005-01-29,2005,1,,USA,,AU,AUS,036,009,United States of America|America|USA|US,Oceania,Australasia,AUS,1.0,1258.0,821904.0,128M/128Q/64D,Australian Open,,Lindsay Davenport,1.0,https://www.wtatennis.com/resources/v7.42.8/i/elements/flags/usa.svg,Finals,W,"2-6, 6-3, 6-0",https://www.wtatennis.com/players/40106/lindsay-davenport,False,False,False,False,False,False,False,3,False,23,14,9,US,USA,840,019,America,Northern America,USA,"2,6,None|6,3,None|6,0,None",
2,Australian Open,,https://www.wtatennis.com/tournaments/901/australian-open/2005,Grand Slam,Hard,https://www.wtatennis.com/resources/v7.42.8/i/elements/gs-tag.svg,2005-01-17,2005-01-29,2005,1,,RUS,,AU,AUS,036,009,,Oceania,Australasia,AUS,4.0,1258.0,821904.0,128M/128Q/64D,Australian Open,,Maria Sharapova,4.0,https://www.wtatennis.com/resources/v7.42.8/i/elements/flags/rus.svg,Semifinals,W,"2-6, 7-5, 8-6",https://www.wtatennis.com/players/310137/maria-sharapova,False,False,False,False,False,False,False,3,False,34,17,17,RU,RUS,643,150,Europe,Eastern Europe,RUS,"2,6,None|7,5,None|8,6,None",
3,Australian Open,,https://www.wtatennis.com/tournaments/901/australian-open/2005,Grand Slam,Hard,https://www.wtatennis.com/resources/v7.42.8/i/elements/gs-tag.svg,2005-01-17,2005-01-29,2005,1,,FRA,,AU,AUS,036,009,,Oceania,Australasia,AUS,2.0,1258.0,821904.0,128M/128Q/64D,Australian Open,,Amélie Mauresmo,2.0,https://www.wtatennis.com/resources/v7.42.8/i/elements/flags/fra.svg,Quarterfinals,W,"6-2, 6-2",https://www.wtatennis.com/players/130450/am-lie-mauresmo,False,False,False,False,False,False,False,2,True,16,12,4,FR,FRA,250,150,Europe,Western Europe,FRA,"6,2,None|6,2,None",
4,Australian Open,,https://www.wtatennis.com/tournaments/901/australian-open/2005,Grand Slam,Hard,https://www.wtatennis.com/resources/v7.42.8/i/elements/gs-tag.svg,2005-01-17,2005-01-29,2005,1,,RUS,,AU,AUS,036,009,,Oceania,Australasia,AUS,13.0,1258.0,821904.0,128M/128Q/64D,Australian Open,,Nadia Petrova,11.0,https://www.wtatennis.com/resources/v7.42.8/i/elements/flags/rus.svg,Round of 16,W,"6-1, 3-6, 6-3",https://www.wtatennis.com/players/160379/nadia-petrova,False,False,False,False,False,False,False,3,True,25,15,10,RU,RUS,643,150,Europe,Eastern Europe,RUS,"6,1,None|3,6,None|6,3,None",
5,Australian Open,,https://www.wtatennis.com/tournaments/901/australian-open/2005,Grand Slam,Hard,https://www.wtatennis.com/resources/v7.42.8/i/elements/gs-tag.svg,2005-01-17,2005-01-29,2005,1,,IND,,AU,AUS,036,009,,Oceania,Australasia,AUS,166.0,1258.0,821904.0,128M/128Q/64D,Australian Open,,Sania Mirza,,https://www.wtatennis.com/resources/v7.42.8/i/elements/flags/ind.svg,Round of 32,W,"6-1, 6-4",https://www.wtatennis.com/players/310112/sania-mirza,False,False,False,False,False,False,False,2,True,17,12,5,IN,IND,356,142,Asia,South Asia,IND,"6,1,None|6,4,None",
6,Australian Open,,https://www.wtatennis.com/tournaments/901/australian-open/2005,Grand Slam,Hard,https://www.wtatennis.com/resources/v7.42.8/i/elements/gs-tag.svg,2005-01-17,2005-01-29,2005,1,,MAD,,AU,AUS,036,009,,Oceania,Australasia,AUS,67.0,1258.0,821904.0,128M/128Q/64D,Australian Open,,Dally Randriantefy,,https://www.wtatennis.com/resources/v7.42.8/i/elements/flags/mad.svg,Round of 64,W,"6-3, 6-0",https://www.wtatennis.com/players/180234/dally-randriantefy,False,False,False,False,False,False,False,2,True,15,12,3,MG,MDG,450,002,Africa,East Africa,MAD,"6,3,None|6,0,None",
7,Australian Open,,https://www.wtatennis.com/tournaments/901/australian-open/2005,Grand Slam,Hard,https://www.wtatennis.com/resources/v7.42.8/i/elements/gs-tag.svg,2005-01-17,2005-01-29,2005,1,,FRA,,AU,AUS,036,009,,Oceania,Australasia,AUS,106.0,1258.0,821904.0,128M/128Q/64D,Australian Open,,Camille Pin,,https://www.wtatennis.com/resources/v7.42.8/i/elements/flags/fra.svg,Round of 128,W,"6-1, 6-1",https://www.wtatennis.com/players/160363/camille-pin,False,False,False,False,False,False,False,2,True,14,12,2,FR,FRA,250,150,Europe,Western Europe,FRA,"6,1,None|6,1,None",
1,Wta Tour Championships Presented By Porsche,,https://www.wtatennis.com/tournaments/808/wta-finals/2004,Finals,Hard,https://www.wtatennis.com/resources/v7.42.8/i/elements/finals-tag.svg,2004-11-08,2004-11-15,2004,11,,RUS,,US,USA,840,019,,America,Northern America,USA,6.0,531.0,500000.0,8M/0Q/4D,Wta Tour Championships Presented By Porsche,,Maria Sharapova,,https://www.wtatennis.com/resources/v7.42.8/i/elements/flags/rus.svg,Finals,L,"6-4, 2-6, 4-6",https://www.wtatennis.com/players/310137/maria-sharapova,False,False,False,False,False,False,False,3,True,28,12,16,RU,RUS,643,150,Europe,Eastern Europe,RUS,"6,4,None|2,6,None|4,6,None",
2,Wta Tour Championships Presented By Porsche,,https://www.wtatennis.com/tournaments/808/wta-finals/2004,Finals,Hard,https://www.wtatennis.com/resources/v7.42.8/i/elements/finals-tag.svg,2004-11-08,2004-11-15,2004,11,,FRA,,US,USA,840,019,,America,Northern America,USA,2.0,531.0,500000.0,8M/0Q/4D,Wta Tour Championships Presented By Porsche,,Amélie Mauresmo,,https://www.wtatennis.com/resources/v7.42.8/i/elements/flags/fra.svg,Semifinals,W,"4-6, 7-6 (2), 6-4",https://www.wtatennis.com/players/130450/am-lie-mauresmo,False,False,False,False,True,False,True,3,False,33,17,16,FR,FRA,250,150,Europe,Western Europe,FRA,"4,6,None|7,6,2|6,4,None",
3,Wta Tour Championships Presented By Porsche,,https://www.wtatennis.com/tournaments/808/wta-finals/2004,Finals,Hard,https://www.wtatennis.com/resources/v7.42.8/i/elements/finals-tag.svg,2004-11-08,2004-11-15,2004,11,,RUS,,US,USA,840,019,,America,Northern America,USA,5.0,531.0,500000.0,8M/0Q/4D,Wta Tour Championships Presented By Porsche,,Elena Dementieva,,https://www.wtatennis.com/resources/v7.42.8/i/elements/flags/rus.svg,Group Stage Group,W,"7-6 (3), 7-5",https://www.wtatennis.com/players/40289/elena-dementieva,False,False,False,True,False,False,True,2,True,25,14,11,RU,RUS,643,150,Europe,Eastern Europe,RUS,"7,6,3|7,5,None",
4,Wta Tour Championships Presented By Porsche,,https://www.wtatennis.com/tournaments/808/wta-finals/2004,Finals,Hard,https://www.wtatennis.com/resources/v7.42.8/i/elements/finals-tag.svg,2004-11-08,2004-11-15,2004,11,,RUS,,US,USA,840,019,,America,Northern America,USA,3.0,531.0,500000.0,8M/0Q/4D,Wta Tour Championships Presented By Porsche,,Anastasia Myskina,,https://www.wtatennis.com/resources/v7.42.8/i/elements/flags/rus.svg,Group Stage Group,W,"4-6, 6-3, 6-4",https://www.wtatennis.com/players/130533/anastasia-myskina,False,False,False,False,False,False,False,3,False,29,16,13,RU,RUS,643,150,Europe,Eastern Europe,RUS,"4,6,None|6,3,None|6,4,None",
5,Wta Tour Championships Presented By Porsche,,https://www.wtatennis.com/tournaments/808/wta-finals/2004,Finals,Hard,https://www.wtatennis.com/resources/v7.42.8/i/elements/finals-tag.svg,2004-11-08,2004-11-15,2004,11,,USA,,US,USA,840,019,United States of America|America|USA|US,America,Northern America,USA,1.0,531.0,500000.0,8M/0Q/4D,Wta Tour Championships Presented By Porsche,,Lindsay Davenport,,https://www.wtatennis.com/resources/v7.42.8/i/elements/flags/usa.svg,Group Stage Group,L,"6-3, 5-7, 1-6",https://www.wtatennis.com/players/40106/lindsay-davenport,False,False,False,False,False,False,False,3,True,28,12,16,US,USA,840,019,America,Northern America,USA,"6,3,None|5,7,None|1,6,None",
1,Generali Ladies Linz Presented By Raiffeisenlandesbank Ober÷Sterreich,https://www.wtatennis.com/resources/v7.42.8/i/elements/itf.png,,ITF,Hard,https://www.wtatennis.com/resources/v7.42.8/i/elements/itf.png,2004-10-25,2004-10-31,2004,10,,RUS,,AT,AUT,040,150,,Europe,Central Europe,AUT,73.0,1.0,7600.0,32M/32Q/16D,Generali Ladies Linz Presented By Raiffeisenlandesbank Ober÷Sterreich,,Alina Jidkova,,https://www.wtatennis.com/resources/v7.42.8/i/elements/flags/rus.svg,Round of 16,L,"6-7 (5), 2-6",https://www.wtatennis.com/players/260065/alina-jidkova,False,False,False,True,False,False,True,2,False,21,8,13,RU,RUS,643,150,Europe,Eastern Europe,RUS,"6,7,5|2,6,None",
2,Generali Ladies Linz Presented By Raiffeisenlandesbank Ober÷Sterreich,https://www.wtatennis.com/resources/v7.42.8/i/elements/itf.png,,ITF,Hard,https://www.wtatennis.com/resources/v7.42.8/i/elements/itf.png,2004-10-25,2004-10-31,2004,10,,,,AT,AUT,040,150,,Europe,Central Europe,AUT,,1.0,7600.0,32M/32Q/16D,Generali Ladies Linz Presented By Raiffeisenlandesbank Ober÷Sterreich,,,,,Round of 32,,Bye,,False,False,True,False,False,False,False,0,False,0,0,0,,,,,,,,,
1,China Open,https://www.wtatennis.com/resources/v7.42.8/i/elements/itf.png,,ITF,Hard,https://www.wtatennis.com/resources/v7.42.8/i/elements/itf.png,2004-09-20,2004-09-26,2004,9,Beijing,RUS,,CN,CHN,156,142,,Asia,East Asia,CHN,5.0,323.0,93000.0,32M/32Q/16D,China Open,,Svetlana Kuznetsova,2.0,https://www.wtatennis.com/resources/v7.42.8/i/elements/flags/rus.svg,Finals,W,"4-6, 7-5, 6-4",https://www.wtatennis.com/players/110552/svetlana-kuznetsova,False,False,False,False,False,False,False,3,False,32,17,15,RU,RUS,643,150,Europe,Eastern Europe,RUS,"4,6,None|7,5,None|6,4,None",S
2,China Open,https://www.wtatennis.com/resources/v7.42.8/i/elements/itf.png,,ITF,Hard,https://www.wtatennis.com/resources/v7.42.8/i/elements/itf.png,2004-09-20,2004-09-26,2004,9,Beijing,RUS,,CN,CHN,156,142,,Asia,East Asia,CHN,11.0,323.0,93000.0,32M/32Q/16D,China Open,,Vera Zvonareva,4.0,https://www.wtatennis.com/resources/v7.42.8/i/elements/flags/rus.svg,Semifinals,W,"6-2, 6-3",https://www.wtatennis.com/players/260142/vera-zvonareva,False,False,False,False,False,False,False,2,True,17,12,5,RU,RUS,643,150,Europe,Eastern Europe,RUS,"6,2,None|6,3,None",S
3,China Open,https://www.wtatennis.com/resources/v7.42.8/i/elements/itf.png,,ITF,Hard,https://www.wtatennis.com/resources/v7.42.8/i/elements/itf.png,2004-09-20,2004-09-26,2004,9,Beijing,RUS,,CN,CHN,156,142,,Asia,East Asia,CHN,13.0,323.0,93000.0,32M/32Q/16D,China Open,,Nadia Petrova,5.0,https://www.wtatennis.com/resources/v7.42.8/i/elements/flags/rus.svg,Quarterfinals,W,"6-2, 4-1",https://www.wtatennis.com/players/160379/nadia-petrova,True,False,False,False,False,False,False,2,True,13,10,3,RU,RUS,643,150,Europe,Eastern Europe,RUS,"6,2,None|4,1,None|Ret",S
4,China Open,https://www.wtatennis.com/resources/v7.42.8/i/elements/itf.png,,ITF,Hard,https://www.wtatennis.com/resources/v7.42.8/i/elements/itf.png,2004-09-20,2004-09-26,2004,9,Beijing,RUS,,CN,CHN,156,142,,Asia,East Asia,CHN,60.0,323.0,93000.0,32M/32Q/16D,China Open,,Dinara Safina,,https://www.wtatennis.com/resources/v7.42.8/i/elements/flags/rus.svg,Round of 16,W,"6-4, 3-6, 6-3",https://www.wtatennis.com/players/190950/dinara-safina,False,False,False,False,False,False,False,3,True,28,15,13,RU,RUS,643,150,Europe,Eastern Europe,RUS,"6,4,None|3,6,None|6,3,None",S
5,China Open,https://www.wtatennis.com/resources/v7.42.8/i/elements/itf.png,,ITF,Hard,https://www.wtatennis.com/resources/v7.42.8/i/elements/itf.png,2004-09-20,2004-09-26,2004,9,Beijing,,,CN,CHN,156,142,,Asia,East Asia,CHN,,323.0,93000.0,32M/32Q/16D,China Open,,,,,Round of 32,,Bye,,False,False,True,False,False,False,False,0,False,0,0,0,,,,,,,,,S
1,Us Open,,https://www.wtatennis.com/tournaments/905/us-open/2004,Grand Slam,Hard,https://www.wtatennis.com/resources/v7.42.8/i/elements/gs-tag.svg,2004-08-30,2004-09-11,2004,8,,USA,,US,USA,840,019,United States of America|America|USA|US,America,Northern America,USA,8.0,278.0,118544.0,128M/128Q/64D,Us Open,,Jennifer Capriati,8.0,https://www.wtatennis.com/resources/v7.42.8/i/elements/flags/usa.svg,Quarterfinals,L,"6-2, 4-6, 4-6",https://www.wtatennis.com/players/30200/jennifer-capriati,False,False,False,False,False,False,False,3,True,28,14,14,US,USA,840,019,America,Northern America,USA,"6,2,None|4,6,None|4,6,None",S
2,Us Open,,https://www.wtatennis.com/tournaments/905/us-open/2004,Grand Slam,Hard,https://www.wtatennis.com/resources/v7.42.8/i/elements/gs-tag.svg,2004-08-30,2004-09-11,2004,8,,SUI,,US,USA,840,019,,America,Northern America,USA,16.0,278.0,118544.0,128M/128Q/64D,Us Open,,Patty Schnyder,15.0,https://www.wtatennis.com/resources/v7.42.8/i/elements/flags/sui.svg,Round of 16,W,"6-4, 6-2",https://www.wtatennis.com/players/190519/patty-schnyder,False,False,False,False,False,False,False,2,True,18,12,6,CH,CHE,756,150,Europe,Central Europe,SUI,"6,4,None|6,2,None",S
3,Us Open,,https://www.wtatennis.com/tournaments/905/us-open/2004,Grand Slam,Hard,https://www.wtatennis.com/resources/v7.42.8/i/elements/gs-tag.svg,2004-08-30,2004-09-11,2004,8,,FRA,,US,USA,840,019,,America,Northern America,USA,31.0,278.0,118544.0,128M/128Q/64D,Us Open,,Tatiana Golovin,30.0,https://www.wtatennis.com/resources/v7.42.8/i/elements/flags/fra.svg,Round of 32,W,"7-5, 6-4",https://www.wtatennis.com/players/310774/tatiana-golovin,False,False,False,False,False,False,False,2,True,22,13,9,FR,FRA,250,150,Europe,Western Europe,FRA,"7,5,None|6,4,None",S
4,Us Open,,https://www.wtatennis.com/tournaments/905/us-open/2004,Grand Slam,Hard,https://www.wtatennis.com/resources/v7.42.8/i/elements/gs-tag.svg,2004-08-30,2004-09-11,2004,8,,USA,,US,USA,840,019,United States of America|America|USA|US,America,Northern America,USA,86.0,278.0,118544.0,128M/128Q/64D,Us Open,,Lindsay Lee-Waters,,https://www.wtatennis.com/resources/v7.42.8/i/elements/flags/usa.svg,Round of 64,W,"6-4, 6-3",https://www.wtatennis.com/players/120281/lindsay-lee-waters,False,False,False,False,False,False,False,2,True,19,12,7,US,USA,840,019,America,Northern America,USA,"6,4,None|6,3,None",S
5,Us Open,,https://www.wtatennis.com/tournaments/905/us-open/2004,Grand Slam,Hard,https://www.wtatennis.com/resources/v7.42.8/i/elements/gs-tag.svg,2004-08-30,2004-09-11,2004,8,,CZE,,US,USA,840,019,,America,Northern America,USA,84.0,278.0,118544.0,128M/128Q/64D,Us Open,,Sandra Kleinova,,https://www.wtatennis.com/resources/v7.42.8/i/elements/flags/cze.svg,Round of 128,W,"6-1, 6-3",https://www.wtatennis.com/players/110310/sandra-kleinova,False,False,False,False,False,False,False,2,True,16,12,4,CZ,CZE,203,150,Europe,Central Europe,CZE,"6,1,None|6,3,None",S
1,Acura Classic,https://www.wtatennis.com/resources/v7.42.8/i/elements/itf.png,,ITF,Hard,https://www.wtatennis.com/resources/v7.42.8/i/elements/itf.png,2004-07-25,2004-08-01,2004,7,San Diego,RUS,,,,,,,,,California,15.0,108.0,25600.0,64M/16Q/32D,Acura Classic,,Vera Zvonareva,12.0,https://www.wtatennis.com/resources/v7.42.8/i/elements/flags/rus.svg,Quarterfinals,L,Walkover,https://www.wtatennis.com/players/260142/vera-zvonareva,False,True,False,False,False,False,False,0,False,0,0,0,RU,RUS,643,150,Europe,Eastern Europe,RUS,,
2,Acura Classic,https://www.wtatennis.com/resources/v7.42.8/i/elements/itf.png,,ITF,Hard,https://www.wtatennis.com/resources/v7.42.8/i/elements/itf.png,2004-07-25,2004-08-01,2004,7,San Diego,RUS,,,,,,,,,California,22.0,108.0,25600.0,64M/16Q/32D,Acura Classic,,Elena Bovina,,https://www.wtatennis.com/resources/v7.42.8/i/elements/flags/rus.svg,Round of 16,W,"6-4, 6-2",https://www.wtatennis.com/players/20992/elena-bovina,False,False,False,False,False,False,False,2,True,18,12,6,RU,RUS,643,150,Europe,Eastern Europe,RUS,"6,4,None|6,2,None",
3,Acura Classic,https://www.wtatennis.com/resources/v7.42.8/i/elements/itf.png,,ITF,Hard,https://www.wtatennis.com/resources/v7.42.8/i/elements/itf.png,2004-07-25,2004-08-01,2004,7,San Diego,SRB,,,,,,,,,California,44.0,108.0,25600.0,64M/16Q/32D,Acura Classic,,Jelena Jankovic,,https://www.wtatennis.com/resources/v7.42.8/i/elements/flags/srb.svg,Round of 32,W,"6-7 (3), 6-3, 6-2",https://www.wtatennis.com/players/100153/jelena-jankovic,False,False,False,True,False,False,True,3,False,30,18,12,RS,SRB,688,150,Europe,Southeastern Europe,SRB,"6,7,3|6,3,None|6,2,None",
4,Acura Classic,https://www.wtatennis.com/resources/v7.42.8/i/elements/itf.png,,ITF,Hard,https://www.wtatennis.com/resources/v7.42.8/i/elements/itf.png,2004-07-25,2004-08-01,2004,7,San Diego,,,,,,,,,,California,,108.0,25600.0,64M/16Q/32D,Acura Classic,,,,,Round of 64,,Bye,,False,False,True,False,False,False,False,0,False,0,0,0,,,,,,,,,
1,Jp Morgan Chase Open,https://www.wtatennis.com/resources/v7.42.8/i/elements/itf.png,,ITF,Hard,https://www.wtatennis.com/resources/v7.42.8/i/elements/itf.png,2004-07-19,2004-07-25,2004,7,Los Angeles,USA,,,,,,United States of America|America|USA|US,,,California,5.0,238.0,47800.0,64M/16Q/16D,Jp Morgan Chase Open,,Lindsay Davenport,3.0,https://www.wtatennis.com/resources/v7.42.8/i/elements/flags/usa.svg,Finals,L,"1-6, 3-6",https://www.wtatennis.com/players/40106/lindsay-davenport,False,False,False,False,False,False,False,2,False,16,4,12,US,USA,840,019,America,Northern America,USA,"1,6,None|3,6,None",S
2,Jp Morgan Chase Open,https://www.wtatennis.com/resources/v7.42.8/i/elements/itf.png,,ITF,Hard,https://www.wtatennis.com/resources/v7.42.8/i/elements/itf.png,2004-07-19,2004-07-25,2004,7,Los Angeles,RUS,,,,,,,,,California,6.0,238.0,47800.0,64M/16Q/16D,Jp Morgan Chase Open,,Elena Dementieva,4.0,https://www.wtatennis.com/resources/v7.42.8/i/elements/flags/rus.svg,Semifinals,W,"6-3, 7-6 (2)",https://www.wtatennis.com/players/40289/elena-dementieva,False,False,False,False,True,False,True,2,True,22,13,9,RU,RUS,643,150,Europe,Eastern Europe,RUS,"6,3,None|7,6,2",S
3,Jp Morgan Chase Open,https://www.wtatennis.com/resources/v7.42.8/i/elements/itf.png,,ITF,Hard,https://www.wtatennis.com/resources/v7.42.8/i/elements/itf.png,2004-07-19,2004-07-25,2004,7,Los Angeles,RUS,,,,,,,,,California,14.0,238.0,47800.0,64M/16Q/16D,Jp Morgan Chase Open,,Vera Zvonareva,8.0,https://www.wtatennis.com/resources/v7.42.8/i/elements/flags/rus.svg,Quarterfinals,W,"4-6, 6-3, 6-3",https://www.wtatennis.com/players/260142/vera-zvonareva,False,False,False,False,False,False,False,3,False,28,16,12,RU,RUS,643,150,Europe,Eastern Europe,RUS,"4,6,None|6,3,None|6,3,None",S
4,Jp Morgan Chase Open,https://www.wtatennis.com/resources/v7.42.8/i/elements/itf.png,,ITF,Hard,https://www.wtatennis.com/resources/v7.42.8/i/elements/itf.png,2004-07-19,2004-07-25,2004,7,Los Angeles,ESP,,,,,,Kingdom of Spain,,,California,60.0,238.0,47800.0,64M/16Q/16D,Jp Morgan Chase Open,,Arantxa  Parra Santonja,,https://www.wtatennis.com/resources/v7.42.8/i/elements/flags/esp.svg,Round of 16,W,"6-0, 6-3",https://www.wtatennis.com/players/160451/arantxa-parra-santonja,False,False,False,False,False,False,False,2,True,15,12,3,ES,ESP,724,150,Europe,Southern Europe,ESP,"6,0,None|6,3,None",S
5,Jp Morgan Chase Open,https://www.wtatennis.com/resources/v7.42.8/i/elements/itf.png,,ITF,Hard,https://www.wtatennis.com/resources/v7.42.8/i/elements/itf.png,2004-07-19,2004-07-25,2004,7,Los Angeles,GRE,,,,,,,,,California,33.0,238.0,47800.0,64M/16Q/16D,Jp Morgan Chase Open,,Eleni Daniilidou,,https://www.wtatennis.com/resources/v7.42.8/i/elements/flags/gre.svg,Round of 32,W,"6-1, 7-6 (3)",https://www.wtatennis.com/players/40313/eleni-daniilidou,False,False,False,False,True,False,True,2,True,20,13,7,GR,GRC,300,150,Europe,Southeastern Europe,GRE,"6,1,None|7,6,3",S
6,Jp Morgan Chase Open,https://www.wtatennis.com/resources/v7.42.8/i/elements/itf.png,,ITF,Hard,https://www.wtatennis.com/resources/v7.42.8/i/elements/itf.png,2004-07-19,2004-07-25,2004,7,Los Angeles,,,,,,,,,,California,,238.0,47800.0,64M/16Q/16D,Jp Morgan Chase Open,,,,,Round of 64,,Bye,,False,False,True,False,False,False,False,0,False,0,0,0,,,,,,,,,S
1,Wimbledon,,https://www.wtatennis.com/tournaments/904/wimbledon/2004,Grand Slam,Grass,https://www.wtatennis.com/resources/v7.42.8/i/elements/gs-tag.svg,2004-06-21,2004-07-04,2004,6,,RUS,,GB,GBR,826,150,,Europe,Northern Europe,ENG,15.0,704.0,444502.0,128M/128Q/64D,The Championships,,Maria Sharapova,13.0,https://www.wtatennis.com/resources/v7.42.8/i/elements/flags/rus.svg,Finals,L,"1-6, 4-6",https://www.wtatennis.com/players/310137/maria-sharapova,False,False,False,False,False,False,False,2,False,17,5,12,RU,RUS,643,150,Europe,Eastern Europe,RUS,"1,6,None|4,6,None",
2,Wimbledon,,https://www.wtatennis.com/tournaments/904/wimbledon/2004,Grand Slam,Grass,https://www.wtatennis.com/resources/v7.42.8/i/elements/gs-tag.svg,2004-06-21,2004-07-04,2004,6,,FRA,,GB,GBR,826,150,,Europe,Northern Europe,ENG,4.0,704.0,444502.0,128M/128Q/64D,The Championships,,Amélie Mauresmo,4.0,https://www.wtatennis.com/resources/v7.42.8/i/elements/flags/fra.svg,Semifinals,W,"6-7 (4), 7-5, 6-4",https://www.wtatennis.com/players/130450/am-lie-mauresmo,False,False,False,True,False,False,True,3,False,35,19,16,FR,FRA,250,150,Europe,Western Europe,FRA,"6,7,4|7,5,None|6,4,None",
3,Wimbledon,,https://www.wtatennis.com/tournaments/904/wimbledon/2004,Grand Slam,Grass,https://www.wtatennis.com/resources/v7.42.8/i/elements/gs-tag.svg,2004-06-21,2004-07-04,2004,6,,USA,,GB,GBR,826,150,United States of America|America|USA|US,Europe,Northern Europe,ENG,7.0,704.0,444502.0,128M/128Q/64D,The Championships,,Jennifer Capriati,7.0,https://www.wtatennis.com/resources/v7.42.8/i/elements/flags/usa.svg,Quarterfinals,W,"6-1, 6-1",https://www.wtatennis.com/players/30200/jennifer-capriati,False,False,False,False,False,False,False,2,True,14,12,2,US,USA,840,019,America,Northern America,USA,"6,1,None|6,1,None",
4,Wimbledon,,https://www.wtatennis.com/tournaments/904/wimbledon/2004,Grand Slam,Grass,https://www.wtatennis.com/resources/v7.42.8/i/elements/gs-tag.svg,2004-06-21,2004-07-04,2004,6,,FRA,,GB,GBR,826,150,,Europe,Northern Europe,ENG,54.0,704.0,444502.0,128M/128Q/64D,The Championships,,Tatiana Golovin,,https://www.wtatennis.com/resources/v7.42.8/i/elements/flags/fra.svg,Round of 16,W,"6-2, 6-1",https://www.wtatennis.com/players/310774/tatiana-golovin,False,False,False,False,False,False,False,2,True,15,12,3,FR,FRA,250,150,Europe,Western Europe,FRA,"6,2,None|6,1,None",
5,Wimbledon,,https://www.wtatennis.com/tournaments/904/wimbledon/2004,Grand Slam,Grass,https://www.wtatennis.com/resources/v7.42.8/i/elements/gs-tag.svg,2004-06-21,2004-07-04,2004,6,,ESP,,GB,GBR,826,150,Kingdom of Spain,Europe,Northern Europe,ENG,53.0,704.0,444502.0,128M/128Q/64D,The Championships,,Magui Serna,,https://www.wtatennis.com/resources/v7.42.8/i/elements/flags/esp.svg,Round of 32,W,"6-4, 6-0",https://www.wtatennis.com/players/190482/magui-serna,False,False,False,False,False,False,False,2,True,16,12,4,ES,ESP,724,150,Europe,Southern Europe,ESP,"6,4,None|6,0,None",
6,Wimbledon,,https://www.wtatennis.com/tournaments/904/wimbledon/2004,Grand Slam,Grass,https://www.wtatennis.com/resources/v7.42.8/i/elements/gs-tag.svg,2004-06-21,2004-07-04,2004,6,,FRA,,GB,GBR,826,150,,Europe,Northern Europe,ENG,135.0,704.0,444502.0,128M/128Q/64D,The Championships,,Stéphanie Foretz ,,https://www.wtatennis.com/resources/v7.42.8/i/elements/flags/fra.svg,Round of 64,W,"6-0, 6-4",https://www.wtatennis.com/players/60288/st-phanie-foretz,False,False,False,False,False,False,False,2,True,16,12,4,FR,FRA,250,150,Europe,Western Europe,FRA,"6,0,None|6,4,None",
7,Wimbledon,,https://www.wtatennis.com/tournaments/904/wimbledon/2004,Grand Slam,Grass,https://www.wtatennis.com/resources/v7.42.8/i/elements/gs-tag.svg,2004-06-21,2004-07-04,2004,6,,CHN,,GB,GBR,826,150,,Europe,Northern Europe,ENG,52.0,704.0,444502.0,128M/128Q/64D,The Championships,,Jie Zheng,,https://www.wtatennis.com/resources/v7.42.8/i/elements/flags/chn.svg,Round of 128,W,"6-3, 6-1",https://www.wtatennis.com/players/260144/jie-zheng,False,False,False,False,False,False,False,2,True,16,12,4,CN,CHN,156,142,Asia,East Asia,CHN,"6,3,None|6,1,None",
1,Roland Garros,,https://www.wtatennis.com/tournaments/903/roland-garros/2004,Grand Slam,Clay,https://www.wtatennis.com/resources/v7.42.8/i/elements/gs-tag.svg,2004-05-24,2004-06-03,2004,5,,USA,,FR,FRA,250,150,United States of America|America|USA|US,Europe,Western Europe,FRA,6.0,210.0,113677.0,128M/128Q/64D,Roland Garros,,Jennifer Capriati,7.0,https://www.wtatennis.com/resources/v7.42.8/i/elements/flags/usa.svg,Quarterfinals,L,"3-6, 6-2, 3-6",https://www.wtatennis.com/players/30200/jennifer-capriati,False,False,False,False,False,False,False,3,False,26,12,14,US,USA,840,019,America,Northern America,USA,"3,6,None|6,2,None|3,6,None",
2,Roland Garros,,https://www.wtatennis.com/tournaments/903/roland-garros/2004,Grand Slam,Clay,https://www.wtatennis.com/resources/v7.42.8/i/elements/gs-tag.svg,2004-05-24,2004-06-03,2004,5,,JPN,,FR,FRA,250,150,,Europe,Western Europe,FRA,52.0,210.0,113677.0,128M/128Q/64D,Roland Garros,,Shinobu Asagoe,,https://www.wtatennis.com/resources/v7.42.8/i/elements/flags/jpn.svg,Round of 16,W,"6-3, 6-1",https://www.wtatennis.com/players/10209/shinobu-asagoe,False,False,False,False,False,False,False,2,True,16,12,4,JP,JPN,392,142,Asia,East Asia,JPN,"6,3,None|6,1,None",
3,Roland Garros,,https://www.wtatennis.com/tournaments/903/roland-garros/2004,Grand Slam,Clay,https://www.wtatennis.com/resources/v7.42.8/i/elements/gs-tag.svg,2004-05-24,2004-06-03,2004,5,,CRO,,FR,FRA,250,150,,Europe,Western Europe,FRA,106.0,210.0,113677.0,128M/128Q/64D,Roland Garros,,Silvija Talaja,,https://www.wtatennis.com/resources/v7.42.8/i/elements/flags/cro.svg,Round of 32,W,"6-0, 6-4",https://www.wtatennis.com/players/200160/silvija-talaja,False,False,False,False,False,False,False,2,True,16,12,4,HR,HRV,191,150,Europe,Southeastern Europe,CRO,"6,0,None|6,4,None",
4,Roland Garros,,https://www.wtatennis.com/tournaments/903/roland-garros/2004,Grand Slam,Clay,https://www.wtatennis.com/resources/v7.42.8/i/elements/gs-tag.svg,2004-05-24,2004-06-03,2004,5,,RUS,,FR,FRA,250,150,,Europe,Western Europe,FRA,100.0,210.0,113677.0,128M/128Q/64D,Roland Garros,,Maria Kirilenko,,https://www.wtatennis.com/resources/v7.42.8/i/elements/flags/rus.svg,Round of 64,W,"4-6, 6-2, 6-4",https://www.wtatennis.com/players/310577/maria-kirilenko,False,False,False,False,False,False,False,3,False,28,16,12,RU,RUS,643,150,Europe,Eastern Europe,RUS,"4,6,None|6,2,None|6,4,None",
5,Roland Garros,,https://www.wtatennis.com/tournaments/903/roland-garros/2004,Grand Slam,Clay,https://www.wtatennis.com/resources/v7.42.8/i/elements/gs-tag.svg,2004-05-24,2004-06-03,2004,5,,CZE,,FR,FRA,250,150,,Europe,Western Europe,FRA,51.0,210.0,113677.0,128M/128Q/64D,Roland Garros,,Iveta Melzer,,https://www.wtatennis.com/resources/v7.42.8/i/elements/flags/cze.svg,Round of 128,W,"6-2, 6-2",https://www.wtatennis.com/players/20576/iveta-melzer,False,False,False,False,False,False,False,2,True,16,12,4,CZ,CZE,203,150,Europe,Central Europe,CZE,"6,2,None|6,2,None",
1,Telecom Italia Masters Roma,https://www.wtatennis.com/resources/v7.42.8/i/elements/itf.png,,ITF,Clay,https://www.wtatennis.com/resources/v7.42.8/i/elements/itf.png,2004-05-10,2004-05-16,2004,5,Rome,USA,,IT,ITA,380,150,United States of America|America|USA|US,Europe,Southern Europe,ITA,9.0,184.0,48600.0,64M/64Q/32D,Telecom Italia Masters Roma,,Jennifer Capriati,5.0,https://www.wtatennis.com/resources/v7.42.8/i/elements/flags/usa.svg,Semifinals,L,"4-6, 4-6",https://www.wtatennis.com/players/30200/jennifer-capriati,False,False,False,False,False,False,False,2,False,20,8,12,US,USA,840,019,America,Northern America,USA,"4,6,None|4,6,None",S
2,Telecom Italia Masters Roma,https://www.wtatennis.com/resources/v7.42.8/i/elements/itf.png,,ITF,Clay,https://www.wtatennis.com/resources/v7.42.8/i/elements/itf.png,2004-05-10,2004-05-16,2004,5,Rome,RUS,,IT,ITA,380,150,,Europe,Southern Europe,ITA,12.0,184.0,48600.0,64M/64Q/32D,Telecom Italia Masters Roma,,Svetlana Kuznetsova,9.0,https://www.wtatennis.com/resources/v7.42.8/i/elements/flags/rus.svg,Quarterfinals,W,"7-5, 6-0",https://www.wtatennis.com/players/110552/svetlana-kuznetsova,False,False,False,False,False,False,False,2,True,18,13,5,RU,RUS,643,150,Europe,Eastern Europe,RUS,"7,5,None|6,0,None",S
3,Telecom Italia Masters Roma,https://www.wtatennis.com/resources/v7.42.8/i/elements/itf.png,,ITF,Clay,https://www.wtatennis.com/resources/v7.42.8/i/elements/itf.png,2004-05-10,2004-05-16,2004,5,Rome,MAD,,IT,ITA,380,150,,Europe,Southern Europe,ITA,97.0,184.0,48600.0,64M/64Q/32D,Telecom Italia Masters Roma,,Dally Randriantefy,,https://www.wtatennis.com/resources/v7.42.8/i/elements/flags/mad.svg,Round of 16,W,"6-1, 6-3",https://www.wtatennis.com/players/180234/dally-randriantefy,False,False,False,False,False,False,False,2,True,16,12,4,MG,MDG,450,002,Africa,East Africa,MAD,"6,1,None|6,3,None",S
4,Telecom Italia Masters Roma,https://www.wtatennis.com/resources/v7.42.8/i/elements/itf.png,,ITF,Clay,https://www.wtatennis.com/resources/v7.42.8/i/elements/itf.png,2004-05-10,2004-05-16,2004,5,Rome,ESP,,IT,ITA,380,150,Kingdom of Spain,Europe,Southern Europe,ITA,38.0,184.0,48600.0,64M/64Q/32D,Telecom Italia Masters Roma,,María Sánchez Lorenzo,,https://www.wtatennis.com/resources/v7.42.8/i/elements/flags/esp.svg,Round of 32,W,"7-5, 6-3",https://www.wtatennis.com/players/190435/mar-a-s-nchez-lorenzo,False,False,False,False,False,False,False,2,True,21,13,8,ES,ESP,724,150,Europe,Southern Europe,ESP,"7,5,None|6,3,None",S
5,Telecom Italia Masters Roma,https://www.wtatennis.com/resources/v7.42.8/i/elements/itf.png,,ITF,Clay,https://www.wtatennis.com/resources/v7.42.8/i/elements/itf.png,2004-05-10,2004-05-16,2004,5,Rome,,,IT,ITA,380,150,,Europe,Southern Europe,ITA,,184.0,48600.0,64M/64Q/32D,Telecom Italia Masters Roma,,,,,Round of 64,,Bye,,False,False,True,False,False,False,False,0,False,0,0,0,,,,,,,,,S
1,The Family Circle Cup,https://www.wtatennis.com/resources/v7.42.8/i/elements/itf.png,,ITF,Clay,https://www.wtatennis.com/resources/v7.42.8/i/elements/itf.png,2004-04-12,2004-04-18,2004,4,Charleston,ESP,,,,,,Kingdom of Spain,,,South Carolina,24.0,44.0,12775.0,64M/32Q/32D,The Family Circle Cup,,Conchita Martínez,16.0,https://www.wtatennis.com/resources/v7.42.8/i/elements/flags/esp.svg,Round of 16,L,Walkover,https://www.wtatennis.com/players/130113/conchita-mart-nez,False,True,False,False,False,False,False,0,False,0,0,0,ES,ESP,724,150,Europe,Southern Europe,ESP,,S
2,The Family Circle Cup,https://www.wtatennis.com/resources/v7.42.8/i/elements/itf.png,,ITF,Clay,https://www.wtatennis.com/resources/v7.42.8/i/elements/itf.png,2004-04-12,2004-04-18,2004,4,Charleston,USA,,,,,,United States of America|America|USA|US,,,South Carolina,176.0,44.0,12775.0,64M/32Q/32D,The Family Circle Cup,,Kelly Mc Cain,,https://www.wtatennis.com/resources/v7.42.8/i/elements/flags/usa.svg,Round of 32,W,"6-1, 6-0",https://www.wtatennis.com/players/130681/kelly-mc-cain,False,False,False,False,False,False,False,2,True,13,12,1,US,USA,840,019,America,Northern America,USA,"6,1,None|6,0,None",S
3,The Family Circle Cup,https://www.wtatennis.com/resources/v7.42.8/i/elements/itf.png,,ITF,Clay,https://www.wtatennis.com/resources/v7.42.8/i/elements/itf.png,2004-04-12,2004-04-18,2004,4,Charleston,,,,,,,,,,South Carolina,,44.0,12775.0,64M/32Q/32D,The Family Circle Cup,,,,,Round of 64,,Bye,,False,False,True,False,False,False,False,0,False,0,0,0,,,,,,,,,S
1,Bausch & Lomb Championships,https://www.wtatennis.com/resources/v7.42.8/i/elements/itf.png,,ITF,Clay,https://www.wtatennis.com/resources/v7.42.8/i/elements/itf.png,2004-04-05,2004-04-11,2004,4,Amelia Island,RUS,,,,,,,,,Florida,9.0,79.0,12700.0,64M/16Q/16D,Bausch & Lomb Championships,,Nadia Petrova,7.0,https://www.wtatennis.com/resources/v7.42.8/i/elements/flags/rus.svg,Quarterfinals,L,"2-6, 3-6",https://www.wtatennis.com/players/160379/nadia-petrova,False,False,False,False,False,False,False,2,False,17,5,12,RU,RUS,643,150,Europe,Eastern Europe,RUS,"2,6,None|3,6,None",S
2,Bausch & Lomb Championships,https://www.wtatennis.com/resources/v7.42.8/i/elements/itf.png,,ITF,Clay,https://www.wtatennis.com/resources/v7.42.8/i/elements/itf.png,2004-04-05,2004-04-11,2004,4,Amelia Island,CRO,,,,,,,,,Florida,34.0,79.0,12700.0,64M/16Q/16D,Bausch & Lomb Championships,,Karolina Sprem,,https://www.wtatennis.com/resources/v7.42.8/i/elements/flags/cro.svg,Round of 16,W,"6-1, 7-5",https://www.wtatennis.com/players/190881/karolina-sprem,False,False,False,False,False,False,False,2,True,19,13,6,HR,HRV,191,150,Europe,Southeastern Europe,CRO,"6,1,None|7,5,None",S
3,Bausch & Lomb Championships,https://www.wtatennis.com/resources/v7.42.8/i/elements/itf.png,,ITF,Clay,https://www.wtatennis.com/resources/v7.42.8/i/elements/itf.png,2004-04-05,2004-04-11,2004,4,Amelia Island,FRA,,,,,,,,,Florida,29.0,79.0,12700.0,64M/16Q/16D,Bausch & Lomb Championships,,Mary Pierce,,https://www.wtatennis.com/resources/v7.42.8/i/elements/flags/fra.svg,Round of 32,W,"6-3, 6-1",https://www.wtatennis.com/players/160142/mary-pierce,False,False,False,False,False,False,False,2,True,16,12,4,FR,FRA,250,150,Europe,Western Europe,FRA,"6,3,None|6,1,None",S
4,Bausch & Lomb Championships,https://www.wtatennis.com/resources/v7.42.8/i/elements/itf.png,,ITF,Clay,https://www.wtatennis.com/resources/v7.42.8/i/elements/itf.png,2004-04-05,2004-04-11,2004,4,Amelia Island,,,,,,,,,,Florida,,79.0,12700.0,64M/16Q/16D,Bausch & Lomb Championships,,,,,Round of 64,,Bye,,False,False,True,False,False,False,False,0,False,0,0,0,,,,,,,,,S
1,Nasdaq-100 Open,https://www.wtatennis.com/resources/v7.42.8/i/elements/itf.png,,ITF,Hard,https://www.wtatennis.com/resources/v7.42.8/i/elements/itf.png,2004-03-24,2004-04-04,2004,3,Miami,RUS,,,,,,,,,Florida,8.0,428.0,400000.0,128M/64Q/32D,Nasdaq-100 Open,,Elena Dementieva,5.0,https://www.wtatennis.com/resources/v7.42.8/i/elements/flags/rus.svg,Finals,W,"6-1, 6-1",https://www.wtatennis.com/players/40289/elena-dementieva,False,False,False,False,False,False,False,2,True,14,12,2,RU,RUS,643,150,Europe,Eastern Europe,RUS,"6,1,None|6,1,None",S
2,Nasdaq-100 Open,https://www.wtatennis.com/resources/v7.42.8/i/elements/itf.png,,ITF,Hard,https://www.wtatennis.com/resources/v7.42.8/i/elements/itf.png,2004-03-24,2004-04-04,2004,3,Miami,GRE,,,,,,,,,Florida,35.0,428.0,400000.0,128M/64Q/32D,Nasdaq-100 Open,,Eleni Daniilidou,25.0,https://www.wtatennis.com/resources/v7.42.8/i/elements/flags/gre.svg,Semifinals,W,"6-4, 6-4",https://www.wtatennis.com/players/40313/eleni-daniilidou,False,False,False,False,False,False,False,2,True,20,12,8,GR,GRC,300,150,Europe,Southeastern Europe,GRE,"6,4,None|6,4,None",S
3,Nasdaq-100 Open,https://www.wtatennis.com/resources/v7.42.8/i/elements/itf.png,,ITF,Hard,https://www.wtatennis.com/resources/v7.42.8/i/elements/itf.png,2004-03-24,2004-04-04,2004,3,Miami,USA,,,,,,United States of America|America|USA|US,,,Florida,73.0,428.0,400000.0,128M/64Q/32D,Nasdaq-100 Open,,Jill Craybas,,https://www.wtatennis.com/resources/v7.42.8/i/elements/flags/usa.svg,Quarterfinals,W,"6-0, 6-1",https://www.wtatennis.com/players/30294/jill-craybas,False,False,False,False,False,False,False,2,True,13,12,1,US,USA,840,019,America,Northern America,USA,"6,0,None|6,1,None",S
4,Nasdaq-100 Open,https://www.wtatennis.com/resources/v7.42.8/i/elements/itf.png,,ITF,Hard,https://www.wtatennis.com/resources/v7.42.8/i/elements/itf.png,2004-03-24,2004-04-04,2004,3,Miami,RUS,,,,,,,,,Florida,23.0,428.0,400000.0,128M/64Q/32D,Nasdaq-100 Open,,Maria Sharapova,17.0,https://www.wtatennis.com/resources/v7.42.8/i/elements/flags/rus.svg,Round of 16,W,"6-4, 6-3",https://www.wtatennis.com/players/310137/maria-sharapova,False,False,False,False,False,False,False,2,True,19,12,7,RU,RUS,643,150,Europe,Eastern Europe,RUS,"6,4,None|6,3,None",S
5,Nasdaq-100 Open,https://www.wtatennis.com/resources/v7.42.8/i/elements/itf.png,,ITF,Hard,https://www.wtatennis.com/resources/v7.42.8/i/elements/itf.png,2004-03-24,2004-04-04,2004,3,Miami,RUS,,,,,,,,,Florida,42.0,428.0,400000.0,128M/64Q/32D,Nasdaq-100 Open,,Elena Likhovtseva,31.0,https://www.wtatennis.com/resources/v7.42.8/i/elements/flags/rus.svg,Round of 32,W,"6-1, 4-6, 6-3",https://www.wtatennis.com/players/120151/elena-likhovtseva,False,False,False,False,False,False,False,3,True,26,16,10,RU,RUS,643,150,Europe,Eastern Europe,RUS,"6,1,None|4,6,None|6,3,None",S
6,Nasdaq-100 Open,https://www.wtatennis.com/resources/v7.42.8/i/elements/itf.png,,ITF,Hard,https://www.wtatennis.com/resources/v7.42.8/i/elements/itf.png,2004-03-24,2004-04-04,2004,3,Miami,ESP,,,,,,Kingdom of Spain,,,Florida,83.0,428.0,400000.0,128M/64Q/32D,Nasdaq-100 Open,,Marta Marrero,,https://www.wtatennis.com/resources/v7.42.8/i/elements/flags/esp.svg,Round of 64,W,"6-1, 6-0",https://www.wtatennis.com/players/130616/marta-marrero,False,False,False,False,False,False,False,2,True,13,12,1,ES,ESP,724,150,Europe,Southern Europe,ESP,"6,1,None|6,0,None",S
7,Nasdaq-100 Open,https://www.wtatennis.com/resources/v7.42.8/i/elements/itf.png,,ITF,Hard,https://www.wtatennis.com/resources/v7.42.8/i/elements/itf.png,2004-03-24,2004-04-04,2004,3,Miami,,,,,,,,,,Florida,,428.0,400000.0,128M/64Q/32D,Nasdaq-100 Open,,,,,Round of 128,,Bye,,False,False,True,False,False,False,False,0,False,0,0,0,,,,,,,,,S
1,Wimbledon,,https://www.wtatennis.com/tournaments/904/wimbledon/2003,Grand Slam,Grass,https://www.wtatennis.com/resources/v7.42.8/i/elements/gs-tag.svg,2003-06-23,2003-07-06,2003,6,,USA,,GB,GBR,826,150,United States of America|America|USA|US,Europe,Northern Europe,ENG,4.0,1110.0,756122.0,128M/128Q/64D,The Championships,,Venus Williams,4.0,https://www.wtatennis.com/resources/v7.42.8/i/elements/flags/usa.svg,Finals,W,"4-6, 6-4, 6-2",https://www.wtatennis.com/players/230220/venus-williams,False,False,False,False,False,False,False,3,False,28,16,12,US,USA,840,019,America,Northern America,USA,"4,6,None|6,4,None|6,2,None",
2,Wimbledon,,https://www.wtatennis.com/tournaments/904/wimbledon/2003,Grand Slam,Grass,https://www.wtatennis.com/resources/v7.42.8/i/elements/gs-tag.svg,2003-06-23,2003-07-06,2003,6,,BEL,,GB,GBR,826,150,,Europe,Northern Europe,ENG,3.0,1110.0,756122.0,128M/128Q/64D,The Championships,,Justine Henin,3.0,https://www.wtatennis.com/resources/v7.42.8/i/elements/flags/bel.svg,Semifinals,W,"6-3, 6-2",https://www.wtatennis.com/players/80350/justine-henin,False,False,False,False,False,False,False,2,True,17,12,5,BE,BEL,056,150,Europe,Western Europe,BEL,"6,3,None|6,2,None",
3,Wimbledon,,https://www.wtatennis.com/tournaments/904/wimbledon/2003,Grand Slam,Grass,https://www.wtatennis.com/resources/v7.42.8/i/elements/gs-tag.svg,2003-06-23,2003-07-06,2003,6,,USA,,GB,GBR,826,150,United States of America|America|USA|US,Europe,Northern Europe,ENG,7.0,1110.0,756122.0,128M/128Q/64D,The Championships,,Jennifer Capriati,8.0,https://www.wtatennis.com/resources/v7.42.8/i/elements/flags/usa.svg,Quarterfinals,W,"2-6, 6-2, 6-3",https://www.wtatennis.com/players/30200/jennifer-capriati,False,False,False,False,False,False,False,3,False,25,14,11,US,USA,840,019,America,Northern America,USA,"2,6,None|6,2,None|6,3,None",
4,Wimbledon,,https://www.wtatennis.com/tournaments/904/wimbledon/2003,Grand Slam,Grass,https://www.wtatennis.com/resources/v7.42.8/i/elements/gs-tag.svg,2003-06-23,2003-07-06,2003,6,,RUS,,GB,GBR,826,150,,Europe,Northern Europe,ENG,16.0,1110.0,756122.0,128M/128Q/64D,The Championships,,Elena Dementieva,15.0,https://www.wtatennis.com/resources/v7.42.8/i/elements/flags/rus.svg,Round of 16,W,"6-2, 6-2",https://www.wtatennis.com/players/40289/elena-dementieva,False,False,False,False,False,False,False,2,True,16,12,4,RU,RUS,643,150,Europe,Eastern Europe,RUS,"6,2,None|6,2,None",
5,Wimbledon,,https://www.wtatennis.com/tournaments/904/wimbledon/2003,Grand Slam,Grass,https://www.wtatennis.com/resources/v7.42.8/i/elements/gs-tag.svg,2003-06-23,2003-07-06,2003,6,,USA,,GB,GBR,826,150,United States of America|America|USA|US,Europe,Northern Europe,ENG,30.0,1110.0,756122.0,128M/128Q/64D,The Championships,,Laura Granville,28.0,https://www.wtatennis.com/resources/v7.42.8/i/elements/flags/usa.svg,Round of 32,W,"6-3, 6-1",https://www.wtatennis.com/players/70423/laura-granville,False,False,False,False,False,False,False,2,True,16,12,4,US,USA,840,019,America,Northern America,USA,"6,3,None|6,1,None",
6,Wimbledon,,https://www.wtatennis.com/tournaments/904/wimbledon/2003,Grand Slam,Grass,https://www.wtatennis.com/resources/v7.42.8/i/elements/gs-tag.svg,2003-06-23,2003-07-06,2003,6,,BEL,,GB,GBR,826,150,,Europe,Northern Europe,ENG,65.0,1110.0,756122.0,128M/128Q/64D,The Championships,,Els Callens,,https://www.wtatennis.com/resources/v7.42.8/i/elements/flags/bel.svg,Round of 64,W,"6-4, 6-4",https://www.wtatennis.com/players/30003/els-callens,False,False,False,False,False,False,False,2,True,20,12,8,BE,BEL,056,150,Europe,Western Europe,BEL,"6,4,None|6,4,None",
7,Wimbledon,,https://www.wtatennis.com/tournaments/904/wimbledon/2003,Grand Slam,Grass,https://www.wtatennis.com/resources/v7.42.8/i/elements/gs-tag.svg,2003-06-23,2003-07-06,2003,6,,USA,,GB,GBR,826,150,United States of America|America|USA|US,Europe,Northern Europe,ENG,67.0,1110.0,756122.0,128M/128Q/64D,The Championships,,Jill Craybas,,https://www.wtatennis.com/resources/v7.42.8/i/elements/flags/usa.svg,Round of 128,W,"6-3, 6-3",https://www.wtatennis.com/players/30294/jill-craybas,False,False,False,False,False,False,False,2,True,18,12,6,US,USA,840,019,America,Northern America,USA,"6,3,None|6,3,None",
1,Roland Garros,,https://www.wtatennis.com/tournaments/903/roland-garros/2003,Grand Slam,Clay,https://www.wtatennis.com/resources/v7.42.8/i/elements/gs-tag.svg,2003-05-26,2003-06-08,2003,5,,BEL,,FR,FRA,250,150,,Europe,Western Europe,FRA,4.0,506.0,193304.0,128M/128Q/64D,Roland Garros,,Justine Henin,4.0,https://www.wtatennis.com/resources/v7.42.8/i/elements/flags/bel.svg,Semifinals,L,"2-6, 6-4, 5-7",https://www.wtatennis.com/players/80350/justine-henin,False,False,False,False,False,False,False,3,False,30,13,17,BE,BEL,056,150,Europe,Western Europe,BEL,"2,6,None|6,4,None|5,7,None",
2,Roland Garros,,https://www.wtatennis.com/tournaments/903/roland-garros/2003,Grand Slam,Clay,https://www.wtatennis.com/resources/v7.42.8/i/elements/gs-tag.svg,2003-05-26,2003-06-08,2003,5,,FRA,,FR,FRA,250,150,,Europe,Western Europe,FRA,5.0,506.0,193304.0,128M/128Q/64D,Roland Garros,,Amélie Mauresmo,5.0,https://www.wtatennis.com/resources/v7.42.8/i/elements/flags/fra.svg,Quarterfinals,W,"6-1, 6-2",https://www.wtatennis.com/players/130450/am-lie-mauresmo,False,False,False,False,False,False,False,2,True,15,12,3,FR,FRA,250,150,Europe,Western Europe,FRA,"6,1,None|6,2,None",
3,Roland Garros,,https://www.wtatennis.com/tournaments/903/roland-garros/2003,Grand Slam,Clay,https://www.wtatennis.com/resources/v7.42.8/i/elements/gs-tag.svg,2003-05-26,2003-06-08,2003,5,,JPN,,FR,FRA,250,150,,Europe,Western Europe,FRA,15.0,506.0,193304.0,128M/128Q/64D,Roland Garros,,Ai Sugiyama,16.0,https://www.wtatennis.com/resources/v7.42.8/i/elements/flags/jpn.svg,Round of 16,W,"7-5, 6-3",https://www.wtatennis.com/players/190353/ai-sugiyama,False,False,False,False,False,False,False,2,True,21,13,8,JP,JPN,392,142,Asia,East Asia,JPN,"7,5,None|6,3,None",
4,Roland Garros,,https://www.wtatennis.com/tournaments/903/roland-garros/2003,Grand Slam,Clay,https://www.wtatennis.com/resources/v7.42.8/i/elements/gs-tag.svg,2003-05-26,2003-06-08,2003,5,,AUT,,FR,FRA,250,150,,Europe,Western Europe,FRA,51.0,506.0,193304.0,128M/128Q/64D,Roland Garros,,Barbara Schett,,https://www.wtatennis.com/resources/v7.42.8/i/elements/flags/aut.svg,Round of 32,W,"6-0, 6-0",https://www.wtatennis.com/players/190349/barbara-schett,False,False,False,False,False,False,False,2,True,12,12,0,AT,AUT,040,150,Europe,Central Europe,AUT,"6,0,None|6,0,None",
5,Roland Garros,,https://www.wtatennis.com/tournaments/903/roland-garros/2003,Grand Slam,Clay,https://www.wtatennis.com/resources/v7.42.8/i/elements/gs-tag.svg,2003-05-26,2003-06-08,2003,5,,SUI,,FR,FRA,250,150,,Europe,Western Europe,FRA,39.0,506.0,193304.0,128M/128Q/64D,Roland Garros,,Marie-Gayanay Mikaelian,,https://www.wtatennis.com/resources/v7.42.8/i/elements/flags/sui.svg,Round of 64,W,"6-3, 6-2",https://www.wtatennis.com/players/130632/marie-gayanay-mikaelian,False,False,False,False,False,False,False,2,True,17,12,5,CH,CHE,756,150,Europe,Central Europe,SUI,"6,3,None|6,2,None",
6,Roland Garros,,https://www.wtatennis.com/tournaments/903/roland-garros/2003,Grand Slam,Clay,https://www.wtatennis.com/resources/v7.42.8/i/elements/gs-tag.svg,2003-05-26,2003-06-08,2003,5,,GER,,FR,FRA,250,150,,Europe,Western Europe,FRA,87.0,506.0,193304.0,128M/128Q/64D,Roland Garros,,Barbara Rittner,,https://www.wtatennis.com/resources/v7.42.8/i/elements/flags/ger.svg,Round of 128,W,"6-2, 6-1",https://www.wtatennis.com/players/180088/barbara-rittner,False,False,False,False,False,False,False,2,True,15,12,3,DE,DEU,276,150,Europe,Central Europe,GER,"6,2,None|6,1,None",
1,Telecom Italia Masters,https://www.wtatennis.com/resources/v7.42.8/i/elements/itf.png,,ITF,Clay,https://www.wtatennis.com/resources/v7.42.8/i/elements/itf.png,2003-05-12,2003-05-18,2003,5,Rome,FRA,,IT,ITA,380,150,,Europe,Southern Europe,ITA,6.0,170.0,48600.0,64M/64Q/32D,Telecom Italia Masters,,Amélie Mauresmo,4.0,https://www.wtatennis.com/resources/v7.42.8/i/elements/flags/fra.svg,Semifinals,L,"6-1, 5-7, 3-6",https://www.wtatennis.com/players/130450/am-lie-mauresmo,False,False,False,False,False,False,False,3,True,28,14,14,FR,FRA,250,150,Europe,Western Europe,FRA,"6,1,None|5,7,None|3,6,None",
2,Telecom Italia Masters,https://www.wtatennis.com/resources/v7.42.8/i/elements/itf.png,,ITF,Clay,https://www.wtatennis.com/resources/v7.42.8/i/elements/itf.png,2003-05-12,2003-05-18,2003,5,Rome,ESP,,IT,ITA,380,150,Kingdom of Spain,Europe,Southern Europe,ITA,27.0,170.0,48600.0,64M/64Q/32D,Telecom Italia Masters,,Conchita Martínez,,https://www.wtatennis.com/resources/v7.42.8/i/elements/flags/esp.svg,Quarterfinals,W,"7-5, 6-2",https://www.wtatennis.com/players/130113/conchita-mart-nez,False,False,False,False,False,False,False,2,True,20,13,7,ES,ESP,724,150,Europe,Southern Europe,ESP,"7,5,None|6,2,None",
3,Telecom Italia Masters,https://www.wtatennis.com/resources/v7.42.8/i/elements/itf.png,,ITF,Clay,https://www.wtatennis.com/resources/v7.42.8/i/elements/itf.png,2003-05-12,2003-05-18,2003,5,Rome,FRA,,IT,ITA,380,150,,Europe,Southern Europe,ITA,24.0,170.0,48600.0,64M/64Q/32D,Telecom Italia Masters,,Nathalie Dechy,,https://www.wtatennis.com/resources/v7.42.8/i/elements/flags/fra.svg,Round of 16,W,"6-3, 6-0",https://www.wtatennis.com/players/40254/nathalie-dechy,False,False,False,False,False,False,False,2,True,15,12,3,FR,FRA,250,150,Europe,Western Europe,FRA,"6,3,None|6,0,None",
4,Telecom Italia Masters,https://www.wtatennis.com/resources/v7.42.8/i/elements/itf.png,,ITF,Clay,https://www.wtatennis.com/resources/v7.42.8/i/elements/itf.png,2003-05-12,2003-05-18,2003,5,Rome,CZE,,IT,ITA,380,150,,Europe,Southern Europe,ITA,72.0,170.0,48600.0,64M/64Q/32D,Telecom Italia Masters,,Klara Koukalova,,https://www.wtatennis.com/resources/v7.42.8/i/elements/flags/cze.svg,Round of 32,W,"6-4, 6-3",https://www.wtatennis.com/players/110492/klara-koukalova,False,False,False,False,False,False,False,2,True,19,12,7,CZ,CZE,203,150,Europe,Central Europe,CZE,"6,4,None|6,3,None",
5,Telecom Italia Masters,https://www.wtatennis.com/resources/v7.42.8/i/elements/itf.png,,ITF,Clay,https://www.wtatennis.com/resources/v7.42.8/i/elements/itf.png,2003-05-12,2003-05-18,2003,5,Rome,,,IT,ITA,380,150,,Europe,Southern Europe,ITA,,170.0,48600.0,64M/64Q/32D,Telecom Italia Masters,,,,,Round of 64,,Bye,,False,False,True,False,False,False,False,0,False,0,0,0,,,,,,,,,
1,Fed Cup World Group Wk1,https://www.wtatennis.com/resources/v7.42.8/i/elements/itf.png,,ITF,Hard,https://www.wtatennis.com/resources/v7.42.8/i/elements/itf.png,2003-04-26,2003-04-27,2003,4,Lowell,CZE,,,,,,,,,Massachusetts,71.0,,,8M/0Q/2D,Fed Cup World Group Wk1,,Iveta Melzer,,https://www.wtatennis.com/resources/v7.42.8/i/elements/flags/cze.svg,Round 1 R1,W,"7-5, 6-1",https://www.wtatennis.com/players/20576/iveta-melzer,False,False,False,False,False,False,False,2,True,19,13,6,CZ,CZE,203,150,Europe,Central Europe,CZE,"7,5,None|6,1,None",
2,Fed Cup World Group Wk1,https://www.wtatennis.com/resources/v7.42.8/i/elements/itf.png,,ITF,Hard,https://www.wtatennis.com/resources/v7.42.8/i/elements/itf.png,2003-04-26,2003-04-27,2003,4,Lowell,CZE,,,,,,,,,Massachusetts,73.0,,,8M/0Q/2D,Fed Cup World Group Wk1,,Klara Koukalova,,https://www.wtatennis.com/resources/v7.42.8/i/elements/flags/cze.svg,Round 1 R1,W,"6-2, 6-2",https://www.wtatennis.com/players/110492/klara-koukalova,False,False,False,False,False,False,False,2,True,16,12,4,CZ,CZE,203,150,Europe,Central Europe,CZE,"6,2,None|6,2,None",
1,The Family Circle Cup,https://www.wtatennis.com/resources/v7.42.8/i/elements/itf.png,,ITF,Clay,https://www.wtatennis.com/resources/v7.42.8/i/elements/itf.png,2003-04-07,2003-04-13,2003,4,Charleston,BEL,,,,,,,,,South Carolina,4.0,305.0,96000.0,64M/32Q/32D,The Family Circle Cup,,Justine Henin,2.0,https://www.wtatennis.com/resources/v7.42.8/i/elements/flags/bel.svg,Finals,L,"3-6, 4-6",https://www.wtatennis.com/players/80350/justine-henin,False,False,False,False,False,False,False,2,False,19,7,12,BE,BEL,056,150,Europe,Western Europe,BEL,"3,6,None|4,6,None",
2,The Family Circle Cup,https://www.wtatennis.com/resources/v7.42.8/i/elements/itf.png,,ITF,Clay,https://www.wtatennis.com/resources/v7.42.8/i/elements/itf.png,2003-04-07,2003-04-13,2003,4,Charleston,USA,,,,,,United States of America|America|USA|US,,,South Carolina,5.0,305.0,96000.0,64M/32Q/32D,The Family Circle Cup,,Lindsay Davenport,3.0,https://www.wtatennis.com/resources/v7.42.8/i/elements/flags/usa.svg,Semifinals,W,"6-1, 7-5",https://www.wtatennis.com/players/40106/lindsay-davenport,False,False,False,False,False,False,False,2,True,19,13,6,US,USA,840,019,America,Northern America,USA,"6,1,None|7,5,None",
3,The Family Circle Cup,https://www.wtatennis.com/resources/v7.42.8/i/elements/itf.png,,ITF,Clay,https://www.wtatennis.com/resources/v7.42.8/i/elements/itf.png,2003-04-07,2003-04-13,2003,4,Charleston,AUS,,,,,,,,,South Carolina,11.0,305.0,96000.0,64M/32Q/32D,The Family Circle Cup,,Jelena Dokic,6.0,https://www.wtatennis.com/resources/v7.42.8/i/elements/flags/aus.svg,Quarterfinals,W,"6-2, 6-2",https://www.wtatennis.com/players/40344/jelena-dokic,False,False,False,False,False,False,False,2,True,16,12,4,AU,AUS,036,009,Oceania,Australasia,AUS,"6,2,None|6,2,None",
4,The Family Circle Cup,https://www.wtatennis.com/resources/v7.42.8/i/elements/itf.png,,ITF,Clay,https://www.wtatennis.com/resources/v7.42.8/i/elements/itf.png,2003-04-07,2003-04-13,2003,4,Charleston,ESP,,,,,,Kingdom of Spain,,,South Carolina,25.0,305.0,96000.0,64M/32Q/32D,The Family Circle Cup,,Conchita Martínez,15.0,https://www.wtatennis.com/resources/v7.42.8/i/elements/flags/esp.svg,Round of 16,W,"6-2, 6-2",https://www.wtatennis.com/players/130113/conchita-mart-nez,False,False,False,False,False,False,False,2,True,16,12,4,ES,ESP,724,150,Europe,Southern Europe,ESP,"6,2,None|6,2,None",
5,The Family Circle Cup,https://www.wtatennis.com/resources/v7.42.8/i/elements/itf.png,,ITF,Clay,https://www.wtatennis.com/resources/v7.42.8/i/elements/itf.png,2003-04-07,2003-04-13,2003,4,Charleston,MAD,,,,,,,,,South Carolina,95.0,305.0,96000.0,64M/32Q/32D,The Family Circle Cup,,Dally Randriantefy,,https://www.wtatennis.com/resources/v7.42.8/i/elements/flags/mad.svg,Round of 32,W,"6-3, 6-0",https://www.wtatennis.com/players/180234/dally-randriantefy,False,False,False,False,False,False,False,2,True,15,12,3,MG,MDG,450,002,Africa,East Africa,MAD,"6,3,None|6,0,None",
6,The Family Circle Cup,https://www.wtatennis.com/resources/v7.42.8/i/elements/itf.png,,ITF,Clay,https://www.wtatennis.com/resources/v7.42.8/i/elements/itf.png,2003-04-07,2003-04-13,2003,4,Charleston,,,,,,,,,,South Carolina,,305.0,96000.0,64M/32Q/32D,The Family Circle Cup,,,,,Round of 64,,Bye,,False,False,True,False,False,False,False,0,False,0,0,0,,,,,,,,,
1,Nasdaq-100 Open,https://www.wtatennis.com/resources/v7.42.8/i/elements/itf.png,,ITF,Hard,https://www.wtatennis.com/resources/v7.42.8/i/elements/itf.png,2003-03-19,2003-03-29,2003,3,Miami,USA,,,,,,United States of America|America|USA|US,,,Florida,5.0,493.0,393000.0,128M/64Q/32D,Nasdaq-100 Open,,Jennifer Capriati,6.0,https://www.wtatennis.com/resources/v7.42.8/i/elements/flags/usa.svg,Finals,W,"4-6, 6-4, 6-1",https://www.wtatennis.com/players/30200/jennifer-capriati,False,False,False,False,False,False,False,3,False,27,16,11,US,USA,840,019,America,Northern America,USA,"4,6,None|6,4,None|6,1,None",
2,Nasdaq-100 Open,https://www.wtatennis.com/resources/v7.42.8/i/elements/itf.png,,ITF,Hard,https://www.wtatennis.com/resources/v7.42.8/i/elements/itf.png,2003-03-19,2003-03-29,2003,3,Miami,BEL,,,,,,,,,Florida,3.0,493.0,393000.0,128M/64Q/32D,Nasdaq-100 Open,,Kim Clijsters,3.0,https://www.wtatennis.com/resources/v7.42.8/i/elements/flags/bel.svg,Semifinals,W,"6-4, 6-2",https://www.wtatennis.com/players/30458/kim-clijsters,False,False,False,False,False,False,False,2,True,18,12,6,BE,BEL,056,150,Europe,Western Europe,BEL,"6,4,None|6,2,None",
3,Nasdaq-100 Open,https://www.wtatennis.com/resources/v7.42.8/i/elements/itf.png,,ITF,Hard,https://www.wtatennis.com/resources/v7.42.8/i/elements/itf.png,2003-03-19,2003-03-29,2003,3,Miami,FRA,,,,,,,,,Florida,87.0,493.0,393000.0,128M/64Q/32D,Nasdaq-100 Open,,Marion Bartoli,,https://www.wtatennis.com/resources/v7.42.8/i/elements/flags/fra.svg,Quarterfinals,W,"6-1, 6-2",https://www.wtatennis.com/players/20631/marion-bartoli,False,False,False,False,False,False,False,2,True,15,12,3,FR,FRA,250,150,Europe,Western Europe,FRA,"6,1,None|6,2,None",
4,Nasdaq-100 Open,https://www.wtatennis.com/resources/v7.42.8/i/elements/itf.png,,ITF,Hard,https://www.wtatennis.com/resources/v7.42.8/i/elements/itf.png,2003-03-19,2003-03-29,2003,3,Miami,UZB,,,,,,,,,Florida,45.0,493.0,393000.0,128M/64Q/32D,Nasdaq-100 Open,,Iroda Tulyaganova,,https://www.wtatennis.com/resources/v7.42.8/i/elements/flags/uzb.svg,Round of 16,W,"6-0, 6-4",https://www.wtatennis.com/players/200265/iroda-tulyaganova,False,False,False,False,False,False,False,2,True,16,12,4,UZ,UZB,860,142,Asia,Central Asia,UZB,"6,0,None|6,4,None",
5,Nasdaq-100 Open,https://www.wtatennis.com/resources/v7.42.8/i/elements/itf.png,,ITF,Hard,https://www.wtatennis.com/resources/v7.42.8/i/elements/itf.png,2003-03-19,2003-03-29,2003,3,Miami,RUS,,,,,,,,,Florida,24.0,493.0,393000.0,128M/64Q/32D,Nasdaq-100 Open,,Tatiana Panova,25.0,https://www.wtatennis.com/resources/v7.42.8/i/elements/flags/rus.svg,Round of 32,W,"6-2, 6-1",https://www.wtatennis.com/players/160254/tatiana-panova,False,False,False,False,False,False,False,2,True,15,12,3,RU,RUS,643,150,Europe,Eastern Europe,RUS,"6,2,None|6,1,None",
6,Nasdaq-100 Open,https://www.wtatennis.com/resources/v7.42.8/i/elements/itf.png,,ITF,Hard,https://www.wtatennis.com/resources/v7.42.8/i/elements/itf.png,2003-03-19,2003-03-29,2003,3,Miami,ITA,,,,,,,,,Florida,35.0,493.0,393000.0,128M/64Q/32D,Nasdaq-100 Open,,Francesca Schiavone,,https://www.wtatennis.com/resources/v7.42.8/i/elements/flags/ita.svg,Round of 64,W,"7-5, 6-1",https://www.wtatennis.com/players/190666/francesca-schiavone,False,False,False,False,False,False,False,2,True,19,13,6,IT,ITA,380,150,Europe,Southern Europe,ITA,"7,5,None|6,1,None",
7,Nasdaq-100 Open,https://www.wtatennis.com/resources/v7.42.8/i/elements/itf.png,,ITF,Hard,https://www.wtatennis.com/resources/v7.42.8/i/elements/itf.png,2003-03-19,2003-03-29,2003,3,Miami,,,,,,,,,,Florida,,493.0,393000.0,128M/64Q/32D,Nasdaq-100 Open,,,,,Round of 128,,Bye,,False,False,True,False,False,False,False,0,False,0,0,0,,,,,,,,,
1,Open Gaz De France,https://www.wtatennis.com/resources/v7.42.8/i/elements/itf.png,,ITF,Carpet,https://www.wtatennis.com/resources/v7.42.8/i/elements/itf.png,2003-02-03,2003-02-09,2003,2,Paris,FRA,,FR,FRA,250,150,,Europe,Western Europe,FRA,7.0,284.0,93000.0,32M/32Q/16D,Open Gaz De France,,Amélie Mauresmo,3.0,https://www.wtatennis.com/resources/v7.42.8/i/elements/flags/fra.svg,Finals,W,"6-3, 6-2",https://www.wtatennis.com/players/130450/am-lie-mauresmo,False,False,False,False,False,False,False,2,True,17,12,5,FR,FRA,250,150,Europe,Western Europe,FRA,"6,3,None|6,2,None",
2,Open Gaz De France,https://www.wtatennis.com/resources/v7.42.8/i/elements/itf.png,,ITF,Carpet,https://www.wtatennis.com/resources/v7.42.8/i/elements/itf.png,2003-02-03,2003-02-09,2003,2,Paris,GRE,,FR,FRA,250,150,,Europe,Western Europe,FRA,18.0,284.0,93000.0,32M/32Q/16D,Open Gaz De France,,Eleni Daniilidou,8.0,https://www.wtatennis.com/resources/v7.42.8/i/elements/flags/gre.svg,Semifinals,W,"6-2, 6-0",https://www.wtatennis.com/players/40313/eleni-daniilidou,False,False,False,False,False,False,False,2,True,14,12,2,GR,GRC,300,150,Europe,Southeastern Europe,GRE,"6,2,None|6,0,None",
3,Open Gaz De France,https://www.wtatennis.com/resources/v7.42.8/i/elements/itf.png,,ITF,Carpet,https://www.wtatennis.com/resources/v7.42.8/i/elements/itf.png,2003-02-03,2003-02-09,2003,2,Paris,SVK,,FR,FRA,250,150,,Europe,Western Europe,FRA,35.0,284.0,93000.0,32M/32Q/16D,Open Gaz De France,,Janette Husarova,,https://www.wtatennis.com/resources/v7.42.8/i/elements/flags/svk.svg,Quarterfinals,W,"6-3, 6-3",https://www.wtatennis.com/players/80219/janette-husarova,False,False,False,False,False,False,False,2,True,18,12,6,SK,SVK,703,150,Europe,Central Europe,SVK,"6,3,None|6,3,None",
4,Open Gaz De France,https://www.wtatennis.com/resources/v7.42.8/i/elements/itf.png,,ITF,Carpet,https://www.wtatennis.com/resources/v7.42.8/i/elements/itf.png,2003-02-03,2003-02-09,2003,2,Paris,SUI,,FR,FRA,250,150,,Europe,Western Europe,FRA,53.0,284.0,93000.0,32M/32Q/16D,Open Gaz De France,,Myriam Casanova,,https://www.wtatennis.com/resources/v7.42.8/i/elements/flags/sui.svg,Round of 16,W,"6-0, 6-4",https://www.wtatennis.com/players/30551/myriam-casanova,False,False,False,False,False,False,False,2,True,16,12,4,CH,CHE,756,150,Europe,Central Europe,SUI,"6,0,None|6,4,None",
5,Open Gaz De France,https://www.wtatennis.com/resources/v7.42.8/i/elements/itf.png,,ITF,Carpet,https://www.wtatennis.com/resources/v7.42.8/i/elements/itf.png,2003-02-03,2003-02-09,2003,2,Paris,,,FR,FRA,250,150,,Europe,Western Europe,FRA,,284.0,93000.0,32M/32Q/16D,Open Gaz De France,,,,,Round of 32,,Bye,,False,False,True,False,False,False,False,0,False,0,0,0,,,,,,,,,
1,Australian Open,,https://www.wtatennis.com/tournaments/901/australian-open/2003,Grand Slam,Hard,https://www.wtatennis.com/resources/v7.42.8/i/elements/gs-tag.svg,2003-01-13,2003-01-26,2003,1,,USA,,AU,AUS,036,009,United States of America|America|USA|US,Oceania,Australasia,AUS,2.0,1048.0,556534.0,128M/128Q/64D,Australian Open,,Venus Williams,2.0,https://www.wtatennis.com/resources/v7.42.8/i/elements/flags/usa.svg,Finals,W,"7-6 (4), 3-6, 6-4",https://www.wtatennis.com/players/230220/venus-williams,False,False,False,True,False,False,True,3,True,32,16,16,US,USA,840,019,America,Northern America,USA,"7,6,4|3,6,None|6,4,None",
2,Australian Open,,https://www.wtatennis.com/tournaments/901/australian-open/2003,Grand Slam,Hard,https://www.wtatennis.com/resources/v7.42.8/i/elements/gs-tag.svg,2003-01-13,2003-01-26,2003,1,,BEL,,AU,AUS,036,009,,Oceania,Australasia,AUS,4.0,1048.0,556534.0,128M/128Q/64D,Australian Open,,Kim Clijsters,4.0,https://www.wtatennis.com/resources/v7.42.8/i/elements/flags/bel.svg,Semifinals,W,"4-6, 6-3, 7-5",https://www.wtatennis.com/players/30458/kim-clijsters,False,False,False,False,False,False,False,3,False,31,17,14,BE,BEL,056,150,Europe,Western Europe,BEL,"4,6,None|6,3,None|7,5,None",
3,Australian Open,,https://www.wtatennis.com/tournaments/901/australian-open/2003,Grand Slam,Hard,https://www.wtatennis.com/resources/v7.42.8/i/elements/gs-tag.svg,2003-01-13,2003-01-26,2003,1,,USA,,AU,AUS,036,009,United States of America|America|USA|US,Oceania,Australasia,AUS,33.0,1048.0,556534.0,128M/128Q/64D,Australian Open,,Meghann Shaughnessy,25.0,https://www.wtatennis.com/resources/v7.42.8/i/elements/flags/usa.svg,Quarterfinals,W,"6-2, 6-2",https://www.wtatennis.com/players/190565/meghann-shaughnessy,False,False,False,False,False,False,False,2,True,16,12,4,US,USA,840,019,America,Northern America,USA,"6,2,None|6,2,None",
4,Australian Open,,https://www.wtatennis.com/tournaments/901/australian-open/2003,Grand Slam,Hard,https://www.wtatennis.com/resources/v7.42.8/i/elements/gs-tag.svg,2003-01-13,2003-01-26,2003,1,,GRE,,AU,AUS,036,009,,Oceania,Australasia,AUS,20.0,1048.0,556534.0,128M/128Q/64D,Australian Open,,Eleni Daniilidou,18.0,https://www.wtatennis.com/resources/v7.42.8/i/elements/flags/gre.svg,Round of 16,W,"6-4, 6-1",https://www.wtatennis.com/players/40313/eleni-daniilidou,False,False,False,False,False,False,False,2,True,17,12,5,GR,GRC,300,150,Europe,Southeastern Europe,GRE,"6,4,None|6,1,None",
5,Australian Open,,https://www.wtatennis.com/tournaments/901/australian-open/2003,Grand Slam,Hard,https://www.wtatennis.com/resources/v7.42.8/i/elements/gs-tag.svg,2003-01-13,2003-01-26,2003,1,,THA,,AU,AUS,036,009,,Oceania,Australasia,AUS,32.0,1048.0,556534.0,128M/128Q/64D,Australian Open,,Tamarine Tanasugarn,26.0,https://www.wtatennis.com/resources/v7.42.8/i/elements/flags/tha.svg,Round of 32,W,"6-1, 6-1",https://www.wtatennis.com/players/200137/tamarine-tanasugarn,False,False,False,False,False,False,False,2,True,14,12,2,TH,THA,764,142,Asia,Southeast Asia,THA,"6,1,None|6,1,None",
6,Australian Open,,https://www.wtatennis.com/tournaments/901/australian-open/2003,Grand Slam,Hard,https://www.wtatennis.com/resources/v7.42.8/i/elements/gs-tag.svg,2003-01-13,2003-01-26,2003,1,,BEL,,AU,AUS,036,009,,Oceania,Australasia,AUS,66.0,1048.0,556534.0,128M/128Q/64D,Australian Open,,Els Callens,,https://www.wtatennis.com/resources/v7.42.8/i/elements/flags/bel.svg,Round of 64,W,"6-4, 6-0",https://www.wtatennis.com/players/30003/els-callens,False,False,False,False,False,False,False,2,True,16,12,4,BE,BEL,056,150,Europe,Western Europe,BEL,"6,4,None|6,0,None",
7,Australian Open,,https://www.wtatennis.com/tournaments/901/australian-open/2003,Grand Slam,Hard,https://www.wtatennis.com/resources/v7.42.8/i/elements/gs-tag.svg,2003-01-13,2003-01-26,2003,1,,FRA,,AU,AUS,036,009,,Oceania,Australasia,AUS,56.0,1048.0,556534.0,128M/128Q/64D,Australian Open,,Emilie Loit,,https://www.wtatennis.com/resources/v7.42.8/i/elements/flags/fra.svg,Round of 128,W,"3-6, 7-6 (5), 7-5",https://www.wtatennis.com/players/120277/emilie-loit,False,False,False,False,True,False,True,3,False,34,17,17,FR,FRA,250,150,Europe,Western Europe,FRA,"3,6,None|7,6,5|7,5,None",
1,Home Depot Championships Presented By Porsche,,https://www.wtatennis.com/tournaments/808/wta-finals/2002,Finals,Hard,https://www.wtatennis.com/resources/v7.42.8/i/elements/finals-tag.svg,2002-11-06,2002-11-11,2002,11,,BEL,,US,USA,840,019,,America,Northern America,USA,6.0,484.0,382000.0,16M/0Q/8D,Home Depot Championships Presented By Porsche,,Kim Clijsters,5.0,https://www.wtatennis.com/resources/v7.42.8/i/elements/flags/bel.svg,Finals,L,"5-7, 3-6",https://www.wtatennis.com/players/30458/kim-clijsters,False,False,False,False,False,False,False,2,False,21,8,13,BE,BEL,056,150,Europe,Western Europe,BEL,"5,7,None|3,6,None",
2,Home Depot Championships Presented By Porsche,,https://www.wtatennis.com/tournaments/808/wta-finals/2002,Finals,Hard,https://www.wtatennis.com/resources/v7.42.8/i/elements/finals-tag.svg,2002-11-06,2002-11-11,2002,11,,USA,,US,USA,840,019,United States of America|America|USA|US,America,Northern America,USA,3.0,484.0,382000.0,16M/0Q/8D,Home Depot Championships Presented By Porsche,,Jennifer Capriati,3.0,https://www.wtatennis.com/resources/v7.42.8/i/elements/flags/usa.svg,Semifinals,W,"2-6, 6-4, 6-4",https://www.wtatennis.com/players/30200/jennifer-capriati,False,False,False,False,False,False,False,3,False,28,14,14,US,USA,840,019,America,Northern America,USA,"2,6,None|6,4,None|6,4,None",
3,Home Depot Championships Presented By Porsche,,https://www.wtatennis.com/tournaments/808/wta-finals/2002,Finals,Hard,https://www.wtatennis.com/resources/v7.42.8/i/elements/finals-tag.svg,2002-11-06,2002-11-11,2002,11,,AUS,,US,USA,840,019,,America,Northern America,USA,9.0,484.0,382000.0,16M/0Q/8D,Home Depot Championships Presented By Porsche,,Jelena Dokic,8.0,https://www.wtatennis.com/resources/v7.42.8/i/elements/flags/aus.svg,Quarterfinals,W,"7-6 (1), 6-0",https://www.wtatennis.com/players/40344/jelena-dokic,False,False,False,True,False,False,True,2,True,19,13,6,AU,AUS,036,009,Oceania,Australasia,AUS,"7,6,1|6,0,None",
4,Home Depot Championships Presented By Porsche,,https://www.wtatennis.com/tournaments/808/wta-finals/2002,Finals,Hard,https://www.wtatennis.com/resources/v7.42.8/i/elements/finals-tag.svg,2002-11-06,2002-11-11,2002,11,,ISR,,US,USA,840,019,,America,Northern America,USA,16.0,484.0,382000.0,16M/0Q/8D,Home Depot Championships Presented By Porsche,,Anna Smashnova,,https://www.wtatennis.com/resources/v7.42.8/i/elements/flags/isr.svg,Group Stage Group,W,"6-2, 6-2",https://www.wtatennis.com/players/190361/anna-smashnova,False,False,False,False,False,False,False,2,True,16,12,4,IL,ISR,376,142,Asia,Western Asia,ISR,"6,2,None|6,2,None",
1,Sparkassen Cup Int'L Tennis Grand Prix,https://www.wtatennis.com/resources/v7.42.8/i/elements/itf.png,,ITF,Carpet,https://www.wtatennis.com/resources/v7.42.8/i/elements/itf.png,2002-09-23,2002-09-29,2002,9,Leipzig,RUS,,DE,DEU,276,150,,Europe,Central Europe,GER,12.0,291.0,93000.0,32M/32Q/16D,Sparkassen Cup Int'L Tennis Grand Prix,,Anastasia Myskina,6.0,https://www.wtatennis.com/resources/v7.42.8/i/elements/flags/rus.svg,Finals,W,"6-3, 6-2",https://www.wtatennis.com/players/130533/anastasia-myskina,False,False,False,False,False,False,False,2,True,17,12,5,RU,RUS,643,150,Europe,Eastern Europe,RUS,"6,3,None|6,2,None",
2,Sparkassen Cup Int'L Tennis Grand Prix,https://www.wtatennis.com/resources/v7.42.8/i/elements/itf.png,,ITF,Carpet,https://www.wtatennis.com/resources/v7.42.8/i/elements/itf.png,2002-09-23,2002-09-29,2002,9,Leipzig,BEL,,DE,DEU,276,150,,Europe,Central Europe,GER,7.0,291.0,93000.0,32M/32Q/16D,Sparkassen Cup Int'L Tennis Grand Prix,,Justine Henin,3.0,https://www.wtatennis.com/resources/v7.42.8/i/elements/flags/bel.svg,Semifinals,W,"6-4, 6-2",https://www.wtatennis.com/players/80350/justine-henin,False,False,False,False,False,False,False,2,True,18,12,6,BE,BEL,056,150,Europe,Western Europe,BEL,"6,4,None|6,2,None",
3,Sparkassen Cup Int'L Tennis Grand Prix,https://www.wtatennis.com/resources/v7.42.8/i/elements/itf.png,,ITF,Carpet,https://www.wtatennis.com/resources/v7.42.8/i/elements/itf.png,2002-09-23,2002-09-29,2002,9,Leipzig,SVK,,DE,DEU,276,150,,Europe,Central Europe,GER,44.0,291.0,93000.0,32M/32Q/16D,Sparkassen Cup Int'L Tennis Grand Prix,,Janette Husarova,,https://www.wtatennis.com/resources/v7.42.8/i/elements/flags/svk.svg,Quarterfinals,W,"6-3, 6-3",https://www.wtatennis.com/players/80219/janette-husarova,False,False,False,False,False,False,False,2,True,18,12,6,SK,SVK,703,150,Europe,Central Europe,SVK,"6,3,None|6,3,None",
4,Sparkassen Cup Int'L Tennis Grand Prix,https://www.wtatennis.com/resources/v7.42.8/i/elements/itf.png,,ITF,Carpet,https://www.wtatennis.com/resources/v7.42.8/i/elements/itf.png,2002-09-23,2002-09-29,2002,9,Leipzig,GER,,DE,DEU,276,150,,Europe,Central Europe,GER,74.0,291.0,93000.0,32M/32Q/16D,Sparkassen Cup Int'L Tennis Grand Prix,,Anca Barna,,https://www.wtatennis.com/resources/v7.42.8/i/elements/flags/ger.svg,Round of 16,W,"6-1, 3-6, 6-1",https://www.wtatennis.com/players/20113/anca-barna,False,False,False,False,False,False,False,3,True,23,15,8,DE,DEU,276,150,Europe,Central Europe,GER,"6,1,None|3,6,None|6,1,None",
5,Sparkassen Cup Int'L Tennis Grand Prix,https://www.wtatennis.com/resources/v7.42.8/i/elements/itf.png,,ITF,Carpet,https://www.wtatennis.com/resources/v7.42.8/i/elements/itf.png,2002-09-23,2002-09-29,2002,9,Leipzig,,,DE,DEU,276,150,,Europe,Central Europe,GER,,291.0,93000.0,32M/32Q/16D,Sparkassen Cup Int'L Tennis Grand Prix,,,,,Round of 32,,Bye,,False,False,True,False,False,False,False,0,False,0,0,0,,,,,,,,,
1,Toyota Princess Cup,https://www.wtatennis.com/resources/v7.42.8/i/elements/itf.png,,ITF,Hard,https://www.wtatennis.com/resources/v7.42.8/i/elements/itf.png,2002-09-16,2002-09-22,2002,9,Tokyo,BEL,,JP,JPN,392,142,,Asia,East Asia,JPN,8.0,264.0,93000.0,32M/32Q/16D,Toyota Princess Cup,,Kim Clijsters,3.0,https://www.wtatennis.com/resources/v7.42.8/i/elements/flags/bel.svg,Finals,W,"2-6, 6-3, 6-3",https://www.wtatennis.com/players/30458/kim-clijsters,False,False,False,False,False,False,False,3,False,26,14,12,BE,BEL,056,150,Europe,Western Europe,BEL,"2,6,None|6,3,None|6,3,None",
2,Toyota Princess Cup,https://www.wtatennis.com/resources/v7.42.8/i/elements/itf.png,,ITF,Hard,https://www.wtatennis.com/resources/v7.42.8/i/elements/itf.png,2002-09-16,2002-09-22,2002,9,Tokyo,USA,,JP,JPN,392,142,United States of America|America|USA|US,Asia,East Asia,JPN,53.0,264.0,93000.0,32M/32Q/16D,Toyota Princess Cup,,Amy Frazier,,https://www.wtatennis.com/resources/v7.42.8/i/elements/flags/usa.svg,Semifinals,W,"7-6 (0), 6-3",https://www.wtatennis.com/players/60034/amy-frazier,False,False,False,True,False,False,True,2,True,22,13,9,US,USA,840,019,America,Northern America,USA,"7,6,0|6,3,None",
3,Toyota Princess Cup,https://www.wtatennis.com/resources/v7.42.8/i/elements/itf.png,,ITF,Hard,https://www.wtatennis.com/resources/v7.42.8/i/elements/itf.png,2002-09-16,2002-09-22,2002,9,Tokyo,AUS,,JP,JPN,392,142,,Asia,East Asia,JPN,46.0,264.0,93000.0,32M/32Q/16D,Toyota Princess Cup,,Nicole Pratt,,https://www.wtatennis.com/resources/v7.42.8/i/elements/flags/aus.svg,Quarterfinals,W,"6-1, 6-0",https://www.wtatennis.com/players/160078/nicole-pratt,False,False,False,False,False,False,False,2,True,13,12,1,AU,AUS,036,009,Oceania,Australasia,AUS,"6,1,None|6,0,None",
4,Toyota Princess Cup,https://www.wtatennis.com/resources/v7.42.8/i/elements/itf.png,,ITF,Hard,https://www.wtatennis.com/resources/v7.42.8/i/elements/itf.png,2002-09-16,2002-09-22,2002,9,Tokyo,AUT,,JP,JPN,392,142,,Asia,East Asia,JPN,74.0,264.0,93000.0,32M/32Q/16D,Toyota Princess Cup,,Patricia Wartusch,,https://www.wtatennis.com/resources/v7.42.8/i/elements/flags/aut.svg,Round of 16,W,"6-0, 6-2",https://www.wtatennis.com/players/230204/patricia-wartusch,False,False,False,False,False,False,False,2,True,14,12,2,AT,AUT,040,150,Europe,Central Europe,AUT,"6,0,None|6,2,None",
5,Toyota Princess Cup,https://www.wtatennis.com/resources/v7.42.8/i/elements/itf.png,,ITF,Hard,https://www.wtatennis.com/resources/v7.42.8/i/elements/itf.png,2002-09-16,2002-09-22,2002,9,Tokyo,,,JP,JPN,392,142,,Asia,East Asia,JPN,,264.0,93000.0,32M/32Q/16D,Toyota Princess Cup,,,,,Round of 32,,Bye,,False,False,True,False,False,False,False,0,False,0,0,0,,,,,,,,,
1,Us Open,,https://www.wtatennis.com/tournaments/905/us-open/2002,Grand Slam,Hard,https://www.wtatennis.com/resources/v7.42.8/i/elements/gs-tag.svg,2002-08-26,2002-09-08,2002,8,,USA,,US,USA,840,019,United States of America|America|USA|US,America,Northern America,USA,2.0,1040.0,818759.0,128M/128Q/64D,Us Open,,Venus Williams,2.0,https://www.wtatennis.com/resources/v7.42.8/i/elements/flags/usa.svg,Finals,W,"6-4, 6-3",https://www.wtatennis.com/players/230220/venus-williams,False,False,False,False,False,False,False,2,True,19,12,7,US,USA,840,019,America,Northern America,USA,"6,4,None|6,3,None",
2,Us Open,,https://www.wtatennis.com/tournaments/905/us-open/2002,Grand Slam,Hard,https://www.wtatennis.com/resources/v7.42.8/i/elements/gs-tag.svg,2002-08-26,2002-09-08,2002,8,,USA,,US,USA,840,019,United States of America|America|USA|US,America,Northern America,USA,10.0,1040.0,818759.0,128M/128Q/64D,Us Open,,Lindsay Davenport,4.0,https://www.wtatennis.com/resources/v7.42.8/i/elements/flags/usa.svg,Semifinals,W,"6-3, 7-5",https://www.wtatennis.com/players/40106/lindsay-davenport,False,False,False,False,False,False,False,2,True,21,13,8,US,USA,840,019,America,Northern America,USA,"6,3,None|7,5,None",
3,Us Open,,https://www.wtatennis.com/tournaments/905/us-open/2002,Grand Slam,Hard,https://www.wtatennis.com/resources/v7.42.8/i/elements/gs-tag.svg,2002-08-26,2002-09-08,2002,8,,SVK,,US,USA,840,019,,America,Northern America,USA,11.0,1040.0,818759.0,128M/128Q/64D,Us Open,,Daniela Hantuchova,11.0,https://www.wtatennis.com/resources/v7.42.8/i/elements/flags/svk.svg,Quarterfinals,W,"6-2, 6-2",https://www.wtatennis.com/players/80394/daniela-hantuchova,False,False,False,False,False,False,False,2,True,16,12,4,SK,SVK,703,150,Europe,Central Europe,SVK,"6,2,None|6,2,None",
4,Us Open,,https://www.wtatennis.com/tournaments/905/us-open/2002,Grand Slam,Hard,https://www.wtatennis.com/resources/v7.42.8/i/elements/gs-tag.svg,2002-08-26,2002-09-08,2002,8,,CZE,,US,USA,840,019,,America,Northern America,USA,24.0,1040.0,818759.0,128M/128Q/64D,Us Open,,Daja Bedanova,20.0,https://www.wtatennis.com/resources/v7.42.8/i/elements/flags/cze.svg,Round of 16,W,"6-1, 6-1",https://www.wtatennis.com/players/20522/daja-bedanova,False,False,False,False,False,False,False,2,True,14,12,2,CZ,CZE,203,150,Europe,Central Europe,CZE,"6,1,None|6,1,None",
5,Us Open,,https://www.wtatennis.com/tournaments/905/us-open/2002,Grand Slam,Hard,https://www.wtatennis.com/resources/v7.42.8/i/elements/gs-tag.svg,2002-08-26,2002-09-08,2002,8,,FRA,,US,USA,840,019,,America,Northern America,USA,26.0,1040.0,818759.0,128M/128Q/64D,Us Open,,Nathalie Dechy,26.0,https://www.wtatennis.com/resources/v7.42.8/i/elements/flags/fra.svg,Round of 32,W,"6-1, 6-1",https://www.wtatennis.com/players/40254/nathalie-dechy,False,False,False,False,False,False,False,2,True,14,12,2,FR,FRA,250,150,Europe,Western Europe,FRA,"6,1,None|6,1,None",
6,Us Open,,https://www.wtatennis.com/tournaments/905/us-open/2002,Grand Slam,Hard,https://www.wtatennis.com/resources/v7.42.8/i/elements/gs-tag.svg,2002-08-26,2002-09-08,2002,8,,RUS,,US,USA,840,019,,America,Northern America,USA,91.0,1040.0,818759.0,128M/128Q/64D,Us Open,,Dinara Safina,,https://www.wtatennis.com/resources/v7.42.8/i/elements/flags/rus.svg,Round of 64,W,"6-0, 6-1",https://www.wtatennis.com/players/190950/dinara-safina,False,False,False,False,False,False,False,2,True,13,12,1,RU,RUS,643,150,Europe,Eastern Europe,RUS,"6,0,None|6,1,None",
7,Us Open,,https://www.wtatennis.com/tournaments/905/us-open/2002,Grand Slam,Hard,https://www.wtatennis.com/resources/v7.42.8/i/elements/gs-tag.svg,2002-08-26,2002-09-08,2002,8,,USA,,US,USA,840,019,United States of America|America|USA|US,America,Northern America,USA,9999.0,1040.0,818759.0,128M/128Q/64D,Us Open,,Corina Morariu,,https://www.wtatennis.com/resources/v7.42.8/i/elements/flags/usa.svg,Round of 128,W,"6-2, 6-3",https://www.wtatennis.com/players/130483/corina-morariu,False,False,False,False,False,False,False,2,True,17,12,5,US,USA,840,019,America,Northern America,USA,"6,2,None|6,3,None",
1,Jpmorgan Chase Open,https://www.wtatennis.com/resources/v7.42.8/i/elements/itf.png,,ITF,Hard,https://www.wtatennis.com/resources/v7.42.8/i/elements/itf.png,2002-08-04,2002-08-11,2002,8,Los Angeles,USA,,,,,,United States of America|America|USA|US,,,California,21.0,65.0,13250.0,64M/16Q/16D,Jpmorgan Chase Open,,Chanda Rubin,12.0,https://www.wtatennis.com/resources/v7.42.8/i/elements/flags/usa.svg,Quarterfinals,L,"2-6, 6-4, 5-7",https://www.wtatennis.com/players/180175/chanda-rubin,False,False,False,False,False,False,False,3,False,30,13,17,US,USA,840,019,America,Northern America,USA,"2,6,None|6,4,None|5,7,None",
2,Jpmorgan Chase Open,https://www.wtatennis.com/resources/v7.42.8/i/elements/itf.png,,ITF,Hard,https://www.wtatennis.com/resources/v7.42.8/i/elements/itf.png,2002-08-04,2002-08-11,2002,8,Los Angeles,FRA,,,,,,,,,California,27.0,65.0,13250.0,64M/16Q/16D,Jpmorgan Chase Open,,Nathalie Dechy,15.0,https://www.wtatennis.com/resources/v7.42.8/i/elements/flags/fra.svg,Round of 16,W,"6-2, 6-1",https://www.wtatennis.com/players/40254/nathalie-dechy,False,False,False,False,False,False,False,2,True,15,12,3,FR,FRA,250,150,Europe,Western Europe,FRA,"6,2,None|6,1,None",
3,Jpmorgan Chase Open,https://www.wtatennis.com/resources/v7.42.8/i/elements/itf.png,,ITF,Hard,https://www.wtatennis.com/resources/v7.42.8/i/elements/itf.png,2002-08-04,2002-08-11,2002,8,Los Angeles,RUS,,,,,,,,,California,279.0,65.0,13250.0,64M/16Q/16D,Jpmorgan Chase Open,,Lina Krasnoroutskaya,,https://www.wtatennis.com/resources/v7.42.8/i/elements/flags/rus.svg,Round of 32,W,"6-4, 6-2",https://www.wtatennis.com/players/110489/lina-krasnoroutskaya,False,False,False,False,False,False,False,2,True,18,12,6,RU,RUS,643,150,Europe,Eastern Europe,RUS,"6,4,None|6,2,None",
4,Jpmorgan Chase Open,https://www.wtatennis.com/resources/v7.42.8/i/elements/itf.png,,ITF,Hard,https://www.wtatennis.com/resources/v7.42.8/i/elements/itf.png,2002-08-04,2002-08-11,2002,8,Los Angeles,,,,,,,,,,California,,65.0,13250.0,64M/16Q/16D,Jpmorgan Chase Open,,,,,Round of 64,,Bye,,False,False,True,False,False,False,False,0,False,0,0,0,,,,,,,,,
1,Wimbledon,,https://www.wtatennis.com/tournaments/904/wimbledon/2002,Grand Slam,Grass,https://www.wtatennis.com/resources/v7.42.8/i/elements/gs-tag.svg,2002-06-24,2002-07-07,2002,6,,USA,,GB,GBR,826,150,United States of America|America|USA|US,Europe,Northern Europe,ENG,1.0,1056.0,632200.0,128M/128Q/64D,The Championships,,Venus Williams,1.0,https://www.wtatennis.com/resources/v7.42.8/i/elements/flags/usa.svg,Finals,W,"7-6 (4), 6-3",https://www.wtatennis.com/players/230220/venus-williams,False,False,False,True,False,False,True,2,True,22,13,9,US,USA,840,019,America,Northern America,USA,"7,6,4|6,3,None",
2,Wimbledon,,https://www.wtatennis.com/tournaments/904/wimbledon/2002,Grand Slam,Grass,https://www.wtatennis.com/resources/v7.42.8/i/elements/gs-tag.svg,2002-06-24,2002-07-07,2002,6,,FRA,,GB,GBR,826,150,,Europe,Northern Europe,ENG,11.0,1056.0,632200.0,128M/128Q/64D,The Championships,,Amélie Mauresmo,9.0,https://www.wtatennis.com/resources/v7.42.8/i/elements/flags/fra.svg,Semifinals,W,"6-2, 6-1",https://www.wtatennis.com/players/130450/am-lie-mauresmo,False,False,False,False,False,False,False,2,True,15,12,3,FR,FRA,250,150,Europe,Western Europe,FRA,"6,2,None|6,1,None",
3,Wimbledon,,https://www.wtatennis.com/tournaments/904/wimbledon/2002,Grand Slam,Grass,https://www.wtatennis.com/resources/v7.42.8/i/elements/gs-tag.svg,2002-06-24,2002-07-07,2002,6,,SVK,,GB,GBR,826,150,,Europe,Northern Europe,ENG,12.0,1056.0,632200.0,128M/128Q/64D,The Championships,,Daniela Hantuchova,11.0,https://www.wtatennis.com/resources/v7.42.8/i/elements/flags/svk.svg,Quarterfinals,W,"6-3, 6-2",https://www.wtatennis.com/players/80394/daniela-hantuchova,False,False,False,False,False,False,False,2,True,17,12,5,SK,SVK,703,150,Europe,Central Europe,SVK,"6,3,None|6,2,None",
4,Wimbledon,,https://www.wtatennis.com/tournaments/904/wimbledon/2002,Grand Slam,Grass,https://www.wtatennis.com/resources/v7.42.8/i/elements/gs-tag.svg,2002-06-24,2002-07-07,2002,6,,USA,,GB,GBR,826,150,United States of America|America|USA|US,Europe,Northern Europe,ENG,27.0,1056.0,632200.0,128M/128Q/64D,The Championships,,Chanda Rubin,,https://www.wtatennis.com/resources/v7.42.8/i/elements/flags/usa.svg,Round of 16,W,"6-3, 6-3",https://www.wtatennis.com/players/180175/chanda-rubin,False,False,False,False,False,False,False,2,True,18,12,6,US,USA,840,019,America,Northern America,USA,"6,3,None|6,3,None",
5,Wimbledon,,https://www.wtatennis.com/tournaments/904/wimbledon/2002,Grand Slam,Grass,https://www.wtatennis.com/resources/v7.42.8/i/elements/gs-tag.svg,2002-06-24,2002-07-07,2002,6,,BEL,,GB,GBR,826,150,,Europe,Northern Europe,ENG,119.0,1056.0,632200.0,128M/128Q/64D,The Championships,,Els Callens,,https://www.wtatennis.com/resources/v7.42.8/i/elements/flags/bel.svg,Round of 32,W,"7-6 (5), 7-6 (2)",https://www.wtatennis.com/players/30003/els-callens,False,False,False,True,True,False,True,2,True,26,14,12,BE,BEL,056,150,Europe,Western Europe,BEL,"7,6,5|7,6,2",
6,Wimbledon,,https://www.wtatennis.com/tournaments/904/wimbledon/2002,Grand Slam,Grass,https://www.wtatennis.com/resources/v7.42.8/i/elements/gs-tag.svg,2002-06-24,2002-07-07,2002,6,,ITA,,GB,GBR,826,150,,Europe,Northern Europe,ENG,45.0,1056.0,632200.0,128M/128Q/64D,The Championships,,Francesca Schiavone,,https://www.wtatennis.com/resources/v7.42.8/i/elements/flags/ita.svg,Round of 64,W,"6-3, 6-3",https://www.wtatennis.com/players/190666/francesca-schiavone,False,False,False,False,False,False,False,2,True,18,12,6,IT,ITA,380,150,Europe,Southern Europe,ITA,"6,3,None|6,3,None",
7,Wimbledon,,https://www.wtatennis.com/tournaments/904/wimbledon/2002,Grand Slam,Grass,https://www.wtatennis.com/resources/v7.42.8/i/elements/gs-tag.svg,2002-06-24,2002-07-07,2002,6,,AUS,,GB,GBR,826,150,,Europe,Northern Europe,ENG,103.0,1056.0,632200.0,128M/128Q/64D,The Championships,,Evie Dominikovic,,https://www.wtatennis.com/resources/v7.42.8/i/elements/flags/aus.svg,Round of 128,W,"6-1, 6-1",https://www.wtatennis.com/players/40269/evie-dominikovic,False,False,False,False,False,False,False,2,True,14,12,2,AU,AUS,036,009,Oceania,Australasia,AUS,"6,1,None|6,1,None",
1,Roland Garros,,https://www.wtatennis.com/tournaments/903/roland-garros/2002,Grand Slam,Clay,https://www.wtatennis.com/resources/v7.42.8/i/elements/gs-tag.svg,2002-05-27,2002-06-09,2002,5,,USA,,FR,FRA,250,150,United States of America|America|USA|US,Europe,Western Europe,FRA,2.0,1052.0,679522.0,128M/128Q/64D,Roland Garros,,Venus Williams,2.0,https://www.wtatennis.com/resources/v7.42.8/i/elements/flags/usa.svg,Finals,W,"7-5, 6-3",https://www.wtatennis.com/players/230220/venus-williams,False,False,False,False,False,False,False,2,True,21,13,8,US,USA,840,019,America,Northern America,USA,"7,5,None|6,3,None",
2,Roland Garros,,https://www.wtatennis.com/tournaments/903/roland-garros/2002,Grand Slam,Clay,https://www.wtatennis.com/resources/v7.42.8/i/elements/gs-tag.svg,2002-05-27,2002-06-09,2002,5,,USA,,FR,FRA,250,150,United States of America|America|USA|US,Europe,Western Europe,FRA,1.0,1052.0,679522.0,128M/128Q/64D,Roland Garros,,Jennifer Capriati,1.0,https://www.wtatennis.com/resources/v7.42.8/i/elements/flags/usa.svg,Semifinals,W,"3-6, 7-6 (2), 6-2",https://www.wtatennis.com/players/30200/jennifer-capriati,False,False,False,False,True,False,True,3,False,30,16,14,US,USA,840,019,America,Northern America,USA,"3,6,None|7,6,2|6,2,None",
3,Roland Garros,,https://www.wtatennis.com/tournaments/903/roland-garros/2002,Grand Slam,Clay,https://www.wtatennis.com/resources/v7.42.8/i/elements/gs-tag.svg,2002-05-27,2002-06-09,2002,5,,FRA,,FR,FRA,250,150,,Europe,Western Europe,FRA,132.0,1052.0,679522.0,128M/128Q/64D,Roland Garros,,Mary Pierce,,https://www.wtatennis.com/resources/v7.42.8/i/elements/flags/fra.svg,Quarterfinals,W,"6-1, 6-1",https://www.wtatennis.com/players/160142/mary-pierce,False,False,False,False,False,False,False,2,True,14,12,2,FR,FRA,250,150,Europe,Western Europe,FRA,"6,1,None|6,1,None",
4,Roland Garros,,https://www.wtatennis.com/tournaments/903/roland-garros/2002,Grand Slam,Clay,https://www.wtatennis.com/resources/v7.42.8/i/elements/gs-tag.svg,2002-05-27,2002-06-09,2002,5,,RUS,,FR,FRA,250,150,,Europe,Western Europe,FRA,142.0,1052.0,679522.0,128M/128Q/64D,Roland Garros,,Vera Zvonareva,,https://www.wtatennis.com/resources/v7.42.8/i/elements/flags/rus.svg,Round of 16,W,"4-6, 6-0, 6-1",https://www.wtatennis.com/players/260142/vera-zvonareva,False,False,False,False,False,False,False,3,False,23,16,7,RU,RUS,643,150,Europe,Eastern Europe,RUS,"4,6,None|6,0,None|6,1,None",
5,Roland Garros,,https://www.wtatennis.com/tournaments/903/roland-garros/2002,Grand Slam,Clay,https://www.wtatennis.com/resources/v7.42.8/i/elements/gs-tag.svg,2002-05-27,2002-06-09,2002,5,,SVK,,FR,FRA,250,150,,Europe,Western Europe,FRA,41.0,1052.0,679522.0,128M/128Q/64D,Roland Garros,,Janette Husarova,,https://www.wtatennis.com/resources/v7.42.8/i/elements/flags/svk.svg,Round of 32,W,"6-1, 6-3",https://www.wtatennis.com/players/80219/janette-husarova,False,False,False,False,False,False,False,2,True,16,12,4,SK,SVK,703,150,Europe,Central Europe,SVK,"6,1,None|6,3,None",
6,Roland Garros,,https://www.wtatennis.com/tournaments/903/roland-garros/2002,Grand Slam,Clay,https://www.wtatennis.com/resources/v7.42.8/i/elements/gs-tag.svg,2002-05-27,2002-06-09,2002,5,,MAD,,FR,FRA,250,150,,Europe,Western Europe,FRA,169.0,1052.0,679522.0,128M/128Q/64D,Roland Garros,,Dally Randriantefy,,https://www.wtatennis.com/resources/v7.42.8/i/elements/flags/mad.svg,Round of 64,W,"6-2, 6-3",https://www.wtatennis.com/players/180234/dally-randriantefy,False,False,False,False,False,False,False,2,True,17,12,5,MG,MDG,450,002,Africa,East Africa,MAD,"6,2,None|6,3,None",
7,Roland Garros,,https://www.wtatennis.com/tournaments/903/roland-garros/2002,Grand Slam,Clay,https://www.wtatennis.com/resources/v7.42.8/i/elements/gs-tag.svg,2002-05-27,2002-06-09,2002,5,,SVK,,FR,FRA,250,150,,Europe,Western Europe,FRA,39.0,1052.0,679522.0,128M/128Q/64D,Roland Garros,,Martina Sucha,,https://www.wtatennis.com/resources/v7.42.8/i/elements/flags/svk.svg,Round of 128,W,"6-3, 6-0",https://www.wtatennis.com/players/190295/martina-sucha,False,False,False,False,False,False,False,2,True,15,12,3,SK,SVK,703,150,Europe,Central Europe,SVK,"6,3,None|6,0,None",
1,Tennis Masters Series Roma,https://www.wtatennis.com/resources/v7.42.8/i/elements/itf.png,,ITF,Clay,https://www.wtatennis.com/resources/v7.42.8/i/elements/itf.png,2002-05-13,2002-05-19,2002,5,Rome,BEL,,IT,ITA,380,150,,Europe,Southern Europe,ITA,8.0,427.0,182000.0,64M/64Q/32D,Tennis Masters Series Roma,,Justine Henin,5.0,https://www.wtatennis.com/resources/v7.42.8/i/elements/flags/bel.svg,Finals,W,"7-6 (6), 6-4",https://www.wtatennis.com/players/80350/justine-henin,False,False,False,True,False,False,True,2,True,23,13,10,BE,BEL,056,150,Europe,Western Europe,BEL,"7,6,6|6,4,None",
2,Tennis Masters Series Roma,https://www.wtatennis.com/resources/v7.42.8/i/elements/itf.png,,ITF,Clay,https://www.wtatennis.com/resources/v7.42.8/i/elements/itf.png,2002-05-13,2002-05-19,2002,5,Rome,USA,,IT,ITA,380,150,United States of America|America|USA|US,Europe,Southern Europe,ITA,2.0,427.0,182000.0,64M/64Q/32D,Tennis Masters Series Roma,,Jennifer Capriati,2.0,https://www.wtatennis.com/resources/v7.42.8/i/elements/flags/usa.svg,Semifinals,W,"6-2, 3-6, 7-5",https://www.wtatennis.com/players/30200/jennifer-capriati,False,False,False,False,False,False,False,3,True,29,16,13,US,USA,840,019,America,Northern America,USA,"6,2,None|3,6,None|7,5,None",
3,Tennis Masters Series Roma,https://www.wtatennis.com/resources/v7.42.8/i/elements/itf.png,,ITF,Clay,https://www.wtatennis.com/resources/v7.42.8/i/elements/itf.png,2002-05-13,2002-05-19,2002,5,Rome,RUS,,IT,ITA,380,150,,Europe,Southern Europe,ITA,30.0,427.0,182000.0,64M/64Q/32D,Tennis Masters Series Roma,,Anastasia Myskina,,https://www.wtatennis.com/resources/v7.42.8/i/elements/flags/rus.svg,Quarterfinals,W,"6-3, 6-4",https://www.wtatennis.com/players/130533/anastasia-myskina,False,False,False,False,False,False,False,2,True,19,12,7,RU,RUS,643,150,Europe,Eastern Europe,RUS,"6,3,None|6,4,None",
4,Tennis Masters Series Roma,https://www.wtatennis.com/resources/v7.42.8/i/elements/itf.png,,ITF,Clay,https://www.wtatennis.com/resources/v7.42.8/i/elements/itf.png,2002-05-13,2002-05-19,2002,5,Rome,CZE,,IT,ITA,380,150,,Europe,Southern Europe,ITA,105.0,427.0,182000.0,64M/64Q/32D,Tennis Masters Series Roma,,Denisa Chladkova,,https://www.wtatennis.com/resources/v7.42.8/i/elements/flags/cze.svg,Round of 16,W,"6-1, 6-2",https://www.wtatennis.com/players/30382/denisa-chladkova,False,False,False,False,False,False,False,2,True,15,12,3,CZ,CZE,203,150,Europe,Central Europe,CZE,"6,1,None|6,2,None",
5,Tennis Masters Series Roma,https://www.wtatennis.com/resources/v7.42.8/i/elements/itf.png,,ITF,Clay,https://www.wtatennis.com/resources/v7.42.8/i/elements/itf.png,2002-05-13,2002-05-19,2002,5,Rome,ITA,,IT,ITA,380,150,,Europe,Southern Europe,ITA,35.0,427.0,182000.0,64M/64Q/32D,Tennis Masters Series Roma,,Rita Grande,,https://www.wtatennis.com/resources/v7.42.8/i/elements/flags/ita.svg,Round of 32,W,"6-0, 6-3",https://www.wtatennis.com/players/70192/rita-grande,False,False,False,False,False,False,False,2,True,15,12,3,IT,ITA,380,150,Europe,Southern Europe,ITA,"6,0,None|6,3,None",
6,Tennis Masters Series Roma,https://www.wtatennis.com/resources/v7.42.8/i/elements/itf.png,,ITF,Clay,https://www.wtatennis.com/resources/v7.42.8/i/elements/itf.png,2002-05-13,2002-05-19,2002,5,Rome,,,IT,ITA,380,150,,Europe,Southern Europe,ITA,,427.0,182000.0,64M/64Q/32D,Tennis Masters Series Roma,,,,,Round of 64,,Bye,,False,False,True,False,False,False,False,0,False,0,0,0,,,,,,,,,
1,Eurocard Ladies German Open,https://www.wtatennis.com/resources/v7.42.8/i/elements/itf.png,,ITF,Clay,https://www.wtatennis.com/resources/v7.42.8/i/elements/itf.png,2002-05-06,2002-05-12,2002,5,Berlin,BEL,,DE,DEU,276,150,,Europe,Central Europe,GER,8.0,246.0,92500.0,64M/32Q/32D,Eurocard Ladies German Open,,Justine Henin,5.0,https://www.wtatennis.com/resources/v7.42.8/i/elements/flags/bel.svg,Finals,L,"2-6, 6-1, 6-7 (5)",https://www.wtatennis.com/players/80350/justine-henin,False,False,False,False,False,True,True,3,False,28,14,14,BE,BEL,056,150,Europe,Western Europe,BEL,"2,6,None|6,1,None|6,7,5",
2,Eurocard Ladies German Open,https://www.wtatennis.com/resources/v7.42.8/i/elements/itf.png,,ITF,Clay,https://www.wtatennis.com/resources/v7.42.8/i/elements/itf.png,2002-05-06,2002-05-12,2002,5,Berlin,ISR,,DE,DEU,276,150,,Europe,Central Europe,GER,35.0,246.0,92500.0,64M/32Q/32D,Eurocard Ladies German Open,,Anna Smashnova,,https://www.wtatennis.com/resources/v7.42.8/i/elements/flags/isr.svg,Semifinals,W,"6-3, 6-2",https://www.wtatennis.com/players/190361/anna-smashnova,False,False,False,False,False,False,False,2,True,17,12,5,IL,ISR,376,142,Asia,Western Asia,ISR,"6,3,None|6,2,None",
3,Eurocard Ladies German Open,https://www.wtatennis.com/resources/v7.42.8/i/elements/itf.png,,ITF,Clay,https://www.wtatennis.com/resources/v7.42.8/i/elements/itf.png,2002-05-06,2002-05-12,2002,5,Berlin,FRA,,DE,DEU,276,150,,Europe,Central Europe,GER,10.0,246.0,92500.0,64M/32Q/32D,Eurocard Ladies German Open,,Amélie Mauresmo,7.0,https://www.wtatennis.com/resources/v7.42.8/i/elements/flags/fra.svg,Quarterfinals,W,Walkover,https://www.wtatennis.com/players/130450/am-lie-mauresmo,False,True,False,False,False,False,False,0,False,0,0,0,FR,FRA,250,150,Europe,Western Europe,FRA,,
4,Eurocard Ladies German Open,https://www.wtatennis.com/resources/v7.42.8/i/elements/itf.png,,ITF,Clay,https://www.wtatennis.com/resources/v7.42.8/i/elements/itf.png,2002-05-06,2002-05-12,2002,5,Berlin,BUL,,DE,DEU,276,150,,Europe,Central Europe,GER,26.0,246.0,92500.0,64M/32Q/32D,Eurocard Ladies German Open,,Magdalena Maleeva,,https://www.wtatennis.com/resources/v7.42.8/i/elements/flags/bul.svg,Round of 16,W,"7-6 (2), 6-4",https://www.wtatennis.com/players/130245/magdalena-maleeva,False,False,False,True,False,False,True,2,True,23,13,10,BG,BGR,100,150,Europe,Southeastern Europe,BUL,"7,6,2|6,4,None",
5,Eurocard Ladies German Open,https://www.wtatennis.com/resources/v7.42.8/i/elements/itf.png,,ITF,Clay,https://www.wtatennis.com/resources/v7.42.8/i/elements/itf.png,2002-05-06,2002-05-12,2002,5,Berlin,AUT,,DE,DEU,276,150,,Europe,Central Europe,GER,22.0,246.0,92500.0,64M/32Q/32D,Eurocard Ladies German Open,,Barbara Schett,,https://www.wtatennis.com/resources/v7.42.8/i/elements/flags/aut.svg,Round of 32,W,"6-3, 6-2",https://www.wtatennis.com/players/190349/barbara-schett,False,False,False,False,False,False,False,2,True,17,12,5,AT,AUT,040,150,Europe,Central Europe,AUT,"6,3,None|6,2,None",
6,Eurocard Ladies German Open,https://www.wtatennis.com/resources/v7.42.8/i/elements/itf.png,,ITF,Clay,https://www.wtatennis.com/resources/v7.42.8/i/elements/itf.png,2002-05-06,2002-05-12,2002,5,Berlin,,,DE,DEU,276,150,,Europe,Central Europe,GER,,246.0,92500.0,64M/32Q/32D,Eurocard Ladies German Open,,,,,Round of 64,,Bye,,False,False,True,False,False,False,False,0,False,0,0,0,,,,,,,,,
1,The Family Circle Cup,https://www.wtatennis.com/resources/v7.42.8/i/elements/itf.png,,ITF,Clay,https://www.wtatennis.com/resources/v7.42.8/i/elements/itf.png,2002-04-15,2002-04-21,2002,4,Charleston,SUI,,,,,,,,,South Carolina,30.0,92.0,24000.0,64M/32Q/32D,The Family Circle Cup,,Patty Schnyder,,https://www.wtatennis.com/resources/v7.42.8/i/elements/flags/sui.svg,Quarterfinals,L,"6-2, 4-6, 5-7",https://www.wtatennis.com/players/190519/patty-schnyder,False,False,False,False,False,False,False,3,True,30,15,15,CH,CHE,756,150,Europe,Central Europe,SUI,"6,2,None|4,6,None|5,7,None",
2,The Family Circle Cup,https://www.wtatennis.com/resources/v7.42.8/i/elements/itf.png,,ITF,Clay,https://www.wtatennis.com/resources/v7.42.8/i/elements/itf.png,2002-04-15,2002-04-21,2002,4,Charleston,FRA,,,,,,,,,South Carolina,32.0,92.0,24000.0,64M/32Q/32D,The Family Circle Cup,,Nathalie Dechy,,https://www.wtatennis.com/resources/v7.42.8/i/elements/flags/fra.svg,Round of 16,W,"7-6 (3), 6-3",https://www.wtatennis.com/players/40254/nathalie-dechy,False,False,False,True,False,False,True,2,True,22,13,9,FR,FRA,250,150,Europe,Western Europe,FRA,"7,6,3|6,3,None",
3,The Family Circle Cup,https://www.wtatennis.com/resources/v7.42.8/i/elements/itf.png,,ITF,Clay,https://www.wtatennis.com/resources/v7.42.8/i/elements/itf.png,2002-04-15,2002-04-21,2002,4,Charleston,USA,,,,,,United States of America|America|USA|US,,,South Carolina,70.0,92.0,24000.0,64M/32Q/32D,The Family Circle Cup,,Jennifer Hopkins,,https://www.wtatennis.com/resources/v7.42.8/i/elements/flags/usa.svg,Round of 32,W,"6-0, 6-2",https://www.wtatennis.com/players/80389/jennifer-hopkins,False,False,False,False,False,False,False,2,True,14,12,2,US,USA,840,019,America,Northern America,USA,"6,0,None|6,2,None",
4,The Family Circle Cup,https://www.wtatennis.com/resources/v7.42.8/i/elements/itf.png,,ITF,Clay,https://www.wtatennis.com/resources/v7.42.8/i/elements/itf.png,2002-04-15,2002-04-21,2002,4,Charleston,,,,,,,,,,South Carolina,,92.0,24000.0,64M/32Q/32D,The Family Circle Cup,,,,,Round of 64,,Bye,,False,False,True,False,False,False,False,0,False,0,0,0,,,,,,,,,
1,Nasdaq-100 Open,https://www.wtatennis.com/resources/v7.42.8/i/elements/itf.png,,ITF,Hard,https://www.wtatennis.com/resources/v7.42.8/i/elements/itf.png,2002-03-20,2002-04-01,2002,3,Miami,USA,,,,,,United States of America|America|USA|US,,,Florida,1.0,590.0,385000.0,128M/64Q/32D,Nasdaq-100 Open,,Jennifer Capriati,1.0,https://www.wtatennis.com/resources/v7.42.8/i/elements/flags/usa.svg,Finals,W,"7-5, 7-6 (4)",https://www.wtatennis.com/players/30200/jennifer-capriati,False,False,False,False,True,False,True,2,True,25,14,11,US,USA,840,019,America,Northern America,USA,"7,5,None|7,6,4",
2,Nasdaq-100 Open,https://www.wtatennis.com/resources/v7.42.8/i/elements/itf.png,,ITF,Hard,https://www.wtatennis.com/resources/v7.42.8/i/elements/itf.png,2002-03-20,2002-04-01,2002,3,Miami,USA,,,,,,United States of America|America|USA|US,,,Florida,2.0,590.0,385000.0,128M/64Q/32D,Nasdaq-100 Open,,Venus Williams,2.0,https://www.wtatennis.com/resources/v7.42.8/i/elements/flags/usa.svg,Semifinals,W,"6-2, 6-2",https://www.wtatennis.com/players/230220/venus-williams,False,False,False,False,False,False,False,2,True,16,12,4,US,USA,840,019,America,Northern America,USA,"6,2,None|6,2,None",
3,Nasdaq-100 Open,https://www.wtatennis.com/resources/v7.42.8/i/elements/itf.png,,ITF,Hard,https://www.wtatennis.com/resources/v7.42.8/i/elements/itf.png,2002-03-20,2002-04-01,2002,3,Miami,SUI,,,,,,,,,Florida,3.0,590.0,385000.0,128M/64Q/32D,Nasdaq-100 Open,,Martina Hingis,3.0,https://www.wtatennis.com/resources/v7.42.8/i/elements/flags/sui.svg,Quarterfinals,W,"6-4, 6-0",https://www.wtatennis.com/players/80301/martina-hingis,False,False,False,False,False,False,False,2,True,16,12,4,CH,CHE,756,150,Europe,Central Europe,SUI,"6,4,None|6,0,None",
4,Nasdaq-100 Open,https://www.wtatennis.com/resources/v7.42.8/i/elements/itf.png,,ITF,Hard,https://www.wtatennis.com/resources/v7.42.8/i/elements/itf.png,2002-03-20,2002-04-01,2002,3,Miami,USA,,,,,,United States of America|America|USA|US,,,Florida,63.0,590.0,385000.0,128M/64Q/32D,Nasdaq-100 Open,,Marissa Gould,,https://www.wtatennis.com/resources/v7.42.8/i/elements/flags/usa.svg,Round of 16,W,"6-1, 6-4",https://www.wtatennis.com/players/90080/marissa-gould,False,False,False,False,False,False,False,2,True,17,12,5,US,USA,840,019,America,Northern America,USA,"6,1,None|6,4,None",
5,Nasdaq-100 Open,https://www.wtatennis.com/resources/v7.42.8/i/elements/itf.png,,ITF,Hard,https://www.wtatennis.com/resources/v7.42.8/i/elements/itf.png,2002-03-20,2002-04-01,2002,3,Miami,SLO,,,,,,,,,Florida,56.0,590.0,385000.0,128M/64Q/32D,Nasdaq-100 Open,,Katarina Srebotnik,,https://www.wtatennis.com/resources/v7.42.8/i/elements/flags/slo.svg,Round of 32,W,"6-1, 6-0",https://www.wtatennis.com/players/190636/katarina-srebotnik,False,False,False,False,False,False,False,2,True,13,12,1,,,,,,,SLO,"6,1,None|6,0,None",
6,Nasdaq-100 Open,https://www.wtatennis.com/resources/v7.42.8/i/elements/itf.png,,ITF,Hard,https://www.wtatennis.com/resources/v7.42.8/i/elements/itf.png,2002-03-20,2002-04-01,2002,3,Miami,USA,,,,,,United States of America|America|USA|US,,,Florida,53.0,590.0,385000.0,128M/64Q/32D,Nasdaq-100 Open,,Lilia Osterloh,,https://www.wtatennis.com/resources/v7.42.8/i/elements/flags/usa.svg,Round of 64,W,"7-5, 6-1",https://www.wtatennis.com/players/150134/lilia-osterloh,False,False,False,False,False,False,False,2,True,19,13,6,US,USA,840,019,America,Northern America,USA,"7,5,None|6,1,None",
7,Nasdaq-100 Open,https://www.wtatennis.com/resources/v7.42.8/i/elements/itf.png,,ITF,Hard,https://www.wtatennis.com/resources/v7.42.8/i/elements/itf.png,2002-03-20,2002-04-01,2002,3,Miami,,,,,,,,,,Florida,,590.0,385000.0,128M/64Q/32D,Nasdaq-100 Open,,,,,Round of 128,,Bye,,False,False,True,False,False,False,False,0,False,0,0,0,,,,,,,,,
1,State Farm Women'S Tennis Classic,https://www.wtatennis.com/resources/v7.42.8/i/elements/itf.png,,ITF,Hard,https://www.wtatennis.com/resources/v7.42.8/i/elements/itf.png,2002-02-25,2002-03-03,2002,2,,USA,,,,,,United States of America|America|USA|US,,,Scottsdale arizona,2.0,334.0,93000.0,32M/32Q/16D,State Farm Women'S Tennis Classic,,Jennifer Capriati,1.0,https://www.wtatennis.com/resources/v7.42.8/i/elements/flags/usa.svg,Finals,W,"6-2, 4-6, 6-4",https://www.wtatennis.com/players/30200/jennifer-capriati,False,False,False,False,False,False,False,3,True,28,16,12,US,USA,840,019,America,Northern America,USA,"6,2,None|4,6,None|6,4,None",
2,State Farm Women'S Tennis Classic,https://www.wtatennis.com/resources/v7.42.8/i/elements/itf.png,,ITF,Hard,https://www.wtatennis.com/resources/v7.42.8/i/elements/itf.png,2002-02-25,2002-03-03,2002,2,,SUI,,,,,,,,,Scottsdale arizona,5.0,334.0,93000.0,32M/32Q/16D,State Farm Women'S Tennis Classic,,Martina Hingis,2.0,https://www.wtatennis.com/resources/v7.42.8/i/elements/flags/sui.svg,Semifinals,W,"6-1, 3-6, 6-4",https://www.wtatennis.com/players/80301/martina-hingis,False,False,False,False,False,False,False,3,True,26,15,11,CH,CHE,756,150,Europe,Central Europe,SUI,"6,1,None|3,6,None|6,4,None",
3,State Farm Women'S Tennis Classic,https://www.wtatennis.com/resources/v7.42.8/i/elements/itf.png,,ITF,Hard,https://www.wtatennis.com/resources/v7.42.8/i/elements/itf.png,2002-02-25,2002-03-03,2002,2,,AUS,,,,,,,,,Scottsdale arizona,42.0,334.0,93000.0,32M/32Q/16D,State Farm Women'S Tennis Classic,,Nicole Pratt,,https://www.wtatennis.com/resources/v7.42.8/i/elements/flags/aus.svg,Quarterfinals,W,"6-2, 7-5",https://www.wtatennis.com/players/160078/nicole-pratt,False,False,False,False,False,False,False,2,True,20,13,7,AU,AUS,036,009,Oceania,Australasia,AUS,"6,2,None|7,5,None",
4,State Farm Women'S Tennis Classic,https://www.wtatennis.com/resources/v7.42.8/i/elements/itf.png,,ITF,Hard,https://www.wtatennis.com/resources/v7.42.8/i/elements/itf.png,2002-02-25,2002-03-03,2002,2,,RUS,,,,,,,,,Scottsdale arizona,84.0,334.0,93000.0,32M/32Q/16D,State Farm Women'S Tennis Classic,,Alina Jidkova,,https://www.wtatennis.com/resources/v7.42.8/i/elements/flags/rus.svg,Round of 16,W,"6-3, 6-3",https://www.wtatennis.com/players/260065/alina-jidkova,False,False,False,False,False,False,False,2,True,18,12,6,RU,RUS,643,150,Europe,Eastern Europe,RUS,"6,3,None|6,3,None",
5,State Farm Women'S Tennis Classic,https://www.wtatennis.com/resources/v7.42.8/i/elements/itf.png,,ITF,Hard,https://www.wtatennis.com/resources/v7.42.8/i/elements/itf.png,2002-02-25,2002-03-03,2002,2,,,,,,,,,,,Scottsdale arizona,,334.0,93000.0,32M/32Q/16D,State Farm Women'S Tennis Classic,,,,,Round of 32,,Bye,,False,False,True,False,False,False,False,0,False,0,0,0,,,,,,,,,
1,Adidas International,https://www.wtatennis.com/resources/v7.42.8/i/elements/itf.png,,ITF,Hard,https://www.wtatennis.com/resources/v7.42.8/i/elements/itf.png,2002-01-06,2002-01-13,2002,1,Sydney,USA,,AU,AUS,036,009,United States of America|America|USA|US,Oceania,Australasia,AUS,13.0,139.0,26500.0,32M/32Q/16D,Adidas International,,Meghann Shaughnessy,8.0,https://www.wtatennis.com/resources/v7.42.8/i/elements/flags/usa.svg,Semifinals,L,4-5,https://www.wtatennis.com/players/190565/meghann-shaughnessy,True,False,False,False,False,False,False,1,False,9,4,5,US,USA,840,019,America,Northern America,USA,"4,5,None|Ret",
2,Adidas International,https://www.wtatennis.com/resources/v7.42.8/i/elements/itf.png,,ITF,Hard,https://www.wtatennis.com/resources/v7.42.8/i/elements/itf.png,2002-01-06,2002-01-13,2002,1,Sydney,FRA,,AU,AUS,036,009,,Oceania,Australasia,AUS,9.0,139.0,26500.0,32M/32Q/16D,Adidas International,,Amélie Mauresmo,6.0,https://www.wtatennis.com/resources/v7.42.8/i/elements/flags/fra.svg,Quarterfinals,W,"6-4, 7-6 (6)",https://www.wtatennis.com/players/130450/am-lie-mauresmo,False,False,False,False,True,False,True,2,True,23,13,10,FR,FRA,250,150,Europe,Western Europe,FRA,"6,4,None|7,6,6",
3,Adidas International,https://www.wtatennis.com/resources/v7.42.8/i/elements/itf.png,,ITF,Hard,https://www.wtatennis.com/resources/v7.42.8/i/elements/itf.png,2002-01-06,2002-01-13,2002,1,Sydney,RUS,,AU,AUS,036,009,,Oceania,Australasia,AUS,66.0,139.0,26500.0,32M/32Q/16D,Adidas International,,Anna Kournikova,,https://www.wtatennis.com/resources/v7.42.8/i/elements/flags/rus.svg,Round of 16,W,"6-2, 4-6, 6-3",https://www.wtatennis.com/players/110375/anna-kournikova,False,False,False,False,False,False,False,3,True,27,16,11,RU,RUS,643,150,Europe,Eastern Europe,RUS,"6,2,None|4,6,None|6,3,None",
4,Adidas International,https://www.wtatennis.com/resources/v7.42.8/i/elements/itf.png,,ITF,Hard,https://www.wtatennis.com/resources/v7.42.8/i/elements/itf.png,2002-01-06,2002-01-13,2002,1,Sydney,,,AU,AUS,036,009,,Oceania,Australasia,AUS,,139.0,26500.0,32M/32Q/16D,Adidas International,,,,,Round of 32,,Bye,,False,False,True,False,False,False,False,0,False,0,0,0,,,,,,,,,
1,Sanex Championships,,https://www.wtatennis.com/tournaments/808/wta-finals/2001,Finals,Carpet,https://www.wtatennis.com/resources/v7.42.8/i/elements/finals-tag.svg,2001-10-29,2001-11-04,2001,10,,USA,,DE,DEU,276,150,United States of America|America|USA|US,Europe,Central Europe,GER,2.0,503.0,750000.0,16M/0Q/8D,Sanex Championships,,Lindsay Davenport,2.0,https://www.wtatennis.com/resources/v7.42.8/i/elements/flags/usa.svg,Finals,W,Walkover,https://www.wtatennis.com/players/40106/lindsay-davenport,False,True,False,False,False,False,False,0,False,0,0,0,US,USA,840,019,America,Northern America,USA,,
2,Sanex Championships,,https://www.wtatennis.com/tournaments/808/wta-finals/2001,Finals,Carpet,https://www.wtatennis.com/resources/v7.42.8/i/elements/finals-tag.svg,2001-10-29,2001-11-04,2001,10,,FRA,,DE,DEU,276,150,,Europe,Central Europe,GER,14.0,503.0,750000.0,16M/0Q/8D,Sanex Championships,,Sandrine Testud,,https://www.wtatennis.com/resources/v7.42.8/i/elements/flags/fra.svg,Semifinals,W,"6-3, 6-0",https://www.wtatennis.com/players/200109/sandrine-testud,False,False,False,False,False,False,False,2,True,15,12,3,FR,FRA,250,150,Europe,Western Europe,FRA,"6,3,None|6,0,None",
3,Sanex Championships,,https://www.wtatennis.com/tournaments/808/wta-finals/2001,Finals,Carpet,https://www.wtatennis.com/resources/v7.42.8/i/elements/finals-tag.svg,2001-10-29,2001-11-04,2001,10,,BEL,,DE,DEU,276,150,,Europe,Central Europe,GER,6.0,503.0,750000.0,16M/0Q/8D,Sanex Championships,,Justine Henin,4.0,https://www.wtatennis.com/resources/v7.42.8/i/elements/flags/bel.svg,Quarterfinals,W,"6-3, 7-6 (5)",https://www.wtatennis.com/players/80350/justine-henin,False,False,False,False,True,False,True,2,True,22,13,9,BE,BEL,056,150,Europe,Western Europe,BEL,"6,3,None|7,6,5",
4,Sanex Championships,,https://www.wtatennis.com/tournaments/808/wta-finals/2001,Finals,Carpet,https://www.wtatennis.com/resources/v7.42.8/i/elements/finals-tag.svg,2001-10-29,2001-11-04,2001,10,,ITA,,DE,DEU,276,150,,Europe,Central Europe,GER,15.0,503.0,750000.0,16M/0Q/8D,Sanex Championships,,Silvia Farina Elia,,https://www.wtatennis.com/resources/v7.42.8/i/elements/flags/ita.svg,Group Stage Group,W,"6-0, 6-2",https://www.wtatennis.com/players/60061/silvia-farina-elia,False,False,False,False,False,False,False,2,True,14,12,2,IT,ITA,380,150,Europe,Southern Europe,ITA,"6,0,None|6,2,None",
1,Us Open,,https://www.wtatennis.com/tournaments/905/us-open/2001,Grand Slam,Hard,https://www.wtatennis.com/resources/v7.42.8/i/elements/gs-tag.svg,2001-08-27,2001-09-09,2001,8,,USA,,US,USA,840,019,United States of America|America|USA|US,America,Northern America,USA,4.0,818.0,425000.0,128M/128Q/64D,Us Open,,Venus Williams,4.0,https://www.wtatennis.com/resources/v7.42.8/i/elements/flags/usa.svg,Finals,L,"2-6, 4-6",https://www.wtatennis.com/players/230220/venus-williams,False,False,False,False,False,False,False,2,False,18,6,12,US,USA,840,019,America,Northern America,USA,"2,6,None|4,6,None",
2,Us Open,,https://www.wtatennis.com/tournaments/905/us-open/2001,Grand Slam,Hard,https://www.wtatennis.com/resources/v7.42.8/i/elements/gs-tag.svg,2001-08-27,2001-09-09,2001,8,,SUI,,US,USA,840,019,,America,Northern America,USA,1.0,818.0,425000.0,128M/128Q/64D,Us Open,,Martina Hingis,1.0,https://www.wtatennis.com/resources/v7.42.8/i/elements/flags/sui.svg,Semifinals,W,"6-3, 6-2",https://www.wtatennis.com/players/80301/martina-hingis,False,False,False,False,False,False,False,2,True,17,12,5,CH,CHE,756,150,Europe,Central Europe,SUI,"6,3,None|6,2,None",
3,Us Open,,https://www.wtatennis.com/tournaments/905/us-open/2001,Grand Slam,Hard,https://www.wtatennis.com/resources/v7.42.8/i/elements/gs-tag.svg,2001-08-27,2001-09-09,2001,8,,USA,,US,USA,840,019,United States of America|America|USA|US,America,Northern America,USA,3.0,818.0,425000.0,128M/128Q/64D,Us Open,,Lindsay Davenport,3.0,https://www.wtatennis.com/resources/v7.42.8/i/elements/flags/usa.svg,Quarterfinals,W,"6-3, 6-7 (7), 7-5",https://www.wtatennis.com/players/40106/lindsay-davenport,False,False,False,False,True,False,True,3,True,34,19,15,US,USA,840,019,America,Northern America,USA,"6,3,None|6,7,7|7,5,None",
4,Us Open,,https://www.wtatennis.com/tournaments/905/us-open/2001,Grand Slam,Hard,https://www.wtatennis.com/resources/v7.42.8/i/elements/gs-tag.svg,2001-08-27,2001-09-09,2001,8,,BEL,,US,USA,840,019,,America,Northern America,USA,6.0,818.0,425000.0,128M/128Q/64D,Us Open,,Justine Henin,6.0,https://www.wtatennis.com/resources/v7.42.8/i/elements/flags/bel.svg,Round of 16,W,"7-5, 6-0",https://www.wtatennis.com/players/80350/justine-henin,False,False,False,False,False,False,False,2,True,18,13,5,BE,BEL,056,150,Europe,Western Europe,BEL,"7,5,None|6,0,None",
5,Us Open,,https://www.wtatennis.com/tournaments/905/us-open/2001,Grand Slam,Hard,https://www.wtatennis.com/resources/v7.42.8/i/elements/gs-tag.svg,2001-08-27,2001-09-09,2001,8,,SVK,,US,USA,840,019,,America,Northern America,USA,103.0,818.0,425000.0,128M/128Q/64D,Us Open,,Martina Sucha,,https://www.wtatennis.com/resources/v7.42.8/i/elements/flags/svk.svg,Round of 32,W,"6-1, 6-0",https://www.wtatennis.com/players/190295/martina-sucha,False,False,False,False,False,False,False,2,True,13,12,1,SK,SVK,703,150,Europe,Central Europe,SVK,"6,1,None|6,0,None",
6,Us Open,,https://www.wtatennis.com/tournaments/905/us-open/2001,Grand Slam,Hard,https://www.wtatennis.com/resources/v7.42.8/i/elements/gs-tag.svg,2001-08-27,2001-09-09,2001,8,,CZE,,US,USA,840,019,,America,Northern America,USA,43.0,818.0,425000.0,128M/128Q/64D,Us Open,,Denisa Chladkova,,https://www.wtatennis.com/resources/v7.42.8/i/elements/flags/cze.svg,Round of 64,W,"6-1, 6-1",https://www.wtatennis.com/players/30382/denisa-chladkova,False,False,False,False,False,False,False,2,True,14,12,2,CZ,CZE,203,150,Europe,Central Europe,CZE,"6,1,None|6,1,None",
7,Us Open,,https://www.wtatennis.com/tournaments/905/us-open/2001,Grand Slam,Hard,https://www.wtatennis.com/resources/v7.42.8/i/elements/gs-tag.svg,2001-08-27,2001-09-09,2001,8,,GER,,US,USA,840,019,,America,Northern America,USA,95.0,818.0,425000.0,128M/128Q/64D,Us Open,,Anca Barna,,https://www.wtatennis.com/resources/v7.42.8/i/elements/flags/ger.svg,Round of 128,W,"4-6, 6-1, 6-2",https://www.wtatennis.com/players/20113/anca-barna,False,False,False,False,False,False,False,3,False,25,16,9,DE,DEU,276,150,Europe,Central Europe,GER,"4,6,None|6,1,None|6,2,None",
1,Rogers At & T Canada Cup,https://www.wtatennis.com/resources/v7.42.8/i/elements/itf.png,,ITF,Hard,https://www.wtatennis.com/resources/v7.42.8/i/elements/itf.png,2001-08-13,2001-08-19,2001,8,Toronto,USA,,CA,CAN,124,019,United States of America|America|USA|US,America,Northern America,CAN,3.0,423.0,178000.0,64M/32Q/32D,Rogers At & T Canada Cup,,Jennifer Capriati,1.0,https://www.wtatennis.com/resources/v7.42.8/i/elements/flags/usa.svg,Finals,W,"6-1, 6-7 (7), 6-3",https://www.wtatennis.com/players/30200/jennifer-capriati,False,False,False,False,True,False,True,3,True,29,18,11,US,USA,840,019,America,Northern America,USA,"6,1,None|6,7,7|6,3,None",
2,Rogers At & T Canada Cup,https://www.wtatennis.com/resources/v7.42.8/i/elements/itf.png,,ITF,Hard,https://www.wtatennis.com/resources/v7.42.8/i/elements/itf.png,2001-08-13,2001-08-19,2001,8,Toronto,USA,,CA,CAN,124,019,United States of America|America|USA|US,America,Northern America,CAN,8.0,423.0,178000.0,64M/32Q/32D,Rogers At & T Canada Cup,,Monica Seles,5.0,https://www.wtatennis.com/resources/v7.42.8/i/elements/flags/usa.svg,Semifinals,W,"7-5, 7-6 (5)",https://www.wtatennis.com/players/190141/monica-seles,False,False,False,False,True,False,True,2,True,25,14,11,US,USA,840,019,America,Northern America,USA,"7,5,None|7,6,5",
3,Rogers At & T Canada Cup,https://www.wtatennis.com/resources/v7.42.8/i/elements/itf.png,,ITF,Hard,https://www.wtatennis.com/resources/v7.42.8/i/elements/itf.png,2001-08-13,2001-08-19,2001,8,Toronto,FRA,,CA,CAN,124,019,,America,Northern America,CAN,18.0,423.0,178000.0,64M/32Q/32D,Rogers At & T Canada Cup,,Sandrine Testud,11.0,https://www.wtatennis.com/resources/v7.42.8/i/elements/flags/fra.svg,Quarterfinals,W,"6-0, 6-2",https://www.wtatennis.com/players/200109/sandrine-testud,False,False,False,False,False,False,False,2,True,14,12,2,FR,FRA,250,150,Europe,Western Europe,FRA,"6,0,None|6,2,None",
4,Rogers At & T Canada Cup,https://www.wtatennis.com/resources/v7.42.8/i/elements/itf.png,,ITF,Hard,https://www.wtatennis.com/resources/v7.42.8/i/elements/itf.png,2001-08-13,2001-08-19,2001,8,Toronto,AUT,,CA,CAN,124,019,,America,Northern America,CAN,22.0,423.0,178000.0,64M/32Q/32D,Rogers At & T Canada Cup,,Barbara Schett,15.0,https://www.wtatennis.com/resources/v7.42.8/i/elements/flags/aut.svg,Round of 16,W,"3-6, 6-3, 6-2",https://www.wtatennis.com/players/190349/barbara-schett,False,False,False,False,False,False,False,3,False,26,15,11,AT,AUT,040,150,Europe,Central Europe,AUT,"3,6,None|6,3,None|6,2,None",
5,Rogers At & T Canada Cup,https://www.wtatennis.com/resources/v7.42.8/i/elements/itf.png,,ITF,Hard,https://www.wtatennis.com/resources/v7.42.8/i/elements/itf.png,2001-08-13,2001-08-19,2001,8,Toronto,CRO,,CA,CAN,124,019,,America,Northern America,CAN,51.0,423.0,178000.0,64M/32Q/32D,Rogers At & T Canada Cup,,Iva Majoli,,https://www.wtatennis.com/resources/v7.42.8/i/elements/flags/cro.svg,Round of 32,W,"7-6 (2), 6-1",https://www.wtatennis.com/players/130316/iva-majoli,False,False,False,True,False,False,True,2,True,20,13,7,HR,HRV,191,150,Europe,Southeastern Europe,CRO,"7,6,2|6,1,None",
6,Rogers At & T Canada Cup,https://www.wtatennis.com/resources/v7.42.8/i/elements/itf.png,,ITF,Hard,https://www.wtatennis.com/resources/v7.42.8/i/elements/itf.png,2001-08-13,2001-08-19,2001,8,Toronto,,,CA,CAN,124,019,,America,Northern America,CAN,,423.0,178000.0,64M/32Q/32D,Rogers At & T Canada Cup,,,,,Round of 64,,Bye,,False,False,True,False,False,False,False,0,False,0,0,0,,,,,,,,,
1,Estyle.Com Classic,https://www.wtatennis.com/resources/v7.42.8/i/elements/itf.png,,ITF,Hard,https://www.wtatennis.com/resources/v7.42.8/i/elements/itf.png,2001-08-05,2001-08-12,2001,8,Los Angeles,USA,,,,,,United States of America|America|USA|US,,,California,10.0,62.0,12800.0,64M/16Q/16D,Estyle.Com Classic,,Monica Seles,6.0,https://www.wtatennis.com/resources/v7.42.8/i/elements/flags/usa.svg,Quarterfinals,L,"2-6, 6-3, 6-7 (2)",https://www.wtatennis.com/players/190141/monica-seles,False,False,False,False,False,True,True,3,False,30,14,16,US,USA,840,019,America,Northern America,USA,"2,6,None|6,3,None|6,7,2",
2,Estyle.Com Classic,https://www.wtatennis.com/resources/v7.42.8/i/elements/itf.png,,ITF,Hard,https://www.wtatennis.com/resources/v7.42.8/i/elements/itf.png,2001-08-05,2001-08-12,2001,8,Los Angeles,AUS,,,,,,,,,California,77.0,62.0,12800.0,64M/16Q/16D,Estyle.Com Classic,,Nicole Pratt,,https://www.wtatennis.com/resources/v7.42.8/i/elements/flags/aus.svg,Round of 16,W,"6-3, 6-3",https://www.wtatennis.com/players/160078/nicole-pratt,False,False,False,False,False,False,False,2,True,18,12,6,AU,AUS,036,009,Oceania,Australasia,AUS,"6,3,None|6,3,None",
3,Estyle.Com Classic,https://www.wtatennis.com/resources/v7.42.8/i/elements/itf.png,,ITF,Hard,https://www.wtatennis.com/resources/v7.42.8/i/elements/itf.png,2001-08-05,2001-08-12,2001,8,Los Angeles,USA,,,,,,United States of America|America|USA|US,,,California,69.0,62.0,12800.0,64M/16Q/16D,Estyle.Com Classic,,Jennifer Hopkins,,https://www.wtatennis.com/resources/v7.42.8/i/elements/flags/usa.svg,Round of 32,W,"7-5, 6-3",https://www.wtatennis.com/players/80389/jennifer-hopkins,False,False,False,False,False,False,False,2,True,21,13,8,US,USA,840,019,America,Northern America,USA,"7,5,None|6,3,None",
4,Estyle.Com Classic,https://www.wtatennis.com/resources/v7.42.8/i/elements/itf.png,,ITF,Hard,https://www.wtatennis.com/resources/v7.42.8/i/elements/itf.png,2001-08-05,2001-08-12,2001,8,Los Angeles,,,,,,,,,,California,,62.0,12800.0,64M/16Q/16D,Estyle.Com Classic,,,,,Round of 64,,Bye,,False,False,True,False,False,False,False,0,False,0,0,0,,,,,,,,,
1,Wimbledon,,https://www.wtatennis.com/tournaments/904/wimbledon/2001,Grand Slam,Grass,https://www.wtatennis.com/resources/v7.42.8/i/elements/gs-tag.svg,2001-06-25,2001-07-08,2001,6,,USA,,GB,GBR,826,150,United States of America|America|USA|US,Europe,Northern Europe,ENG,4.0,240.0,79025.0,128M/128Q/64D,The Championships,,Jennifer Capriati,4.0,https://www.wtatennis.com/resources/v7.42.8/i/elements/flags/usa.svg,Quarterfinals,L,"7-6 (4), 5-7, 3-6",https://www.wtatennis.com/players/30200/jennifer-capriati,False,False,False,True,False,False,True,3,True,34,15,19,US,USA,840,019,America,Northern America,USA,"7,6,4|5,7,None|3,6,None",
2,Wimbledon,,https://www.wtatennis.com/tournaments/904/wimbledon/2001,Grand Slam,Grass,https://www.wtatennis.com/resources/v7.42.8/i/elements/gs-tag.svg,2001-06-25,2001-07-08,2001,6,,BUL,,GB,GBR,826,150,,Europe,Northern Europe,ENG,14.0,240.0,79025.0,128M/128Q/64D,The Championships,,Magdalena Maleeva,12.0,https://www.wtatennis.com/resources/v7.42.8/i/elements/flags/bul.svg,Round of 16,W,"6-2, 6-1",https://www.wtatennis.com/players/130245/magdalena-maleeva,False,False,False,False,False,False,False,2,True,15,12,3,BG,BGR,100,150,Europe,Southeastern Europe,BUL,"6,2,None|6,1,None",
3,Wimbledon,,https://www.wtatennis.com/tournaments/904/wimbledon/2001,Grand Slam,Grass,https://www.wtatennis.com/resources/v7.42.8/i/elements/gs-tag.svg,2001-06-25,2001-07-08,2001,6,,SUI,,GB,GBR,826,150,,Europe,Northern Europe,ENG,96.0,240.0,79025.0,128M/128Q/64D,The Championships,,Emmanuelle Gagliardi,,https://www.wtatennis.com/resources/v7.42.8/i/elements/flags/sui.svg,Round of 32,W,"6-1, 6-2",https://www.wtatennis.com/players/70245/emmanuelle-gagliardi,False,False,False,False,False,False,False,2,True,15,12,3,CH,CHE,756,150,Europe,Central Europe,SUI,"6,1,None|6,2,None",
4,Wimbledon,,https://www.wtatennis.com/tournaments/904/wimbledon/2001,Grand Slam,Grass,https://www.wtatennis.com/resources/v7.42.8/i/elements/gs-tag.svg,2001-06-25,2001-07-08,2001,6,,GER,,GB,GBR,826,150,,Europe,Northern Europe,ENG,52.0,240.0,79025.0,128M/128Q/64D,The Championships,,Barbara Rittner,,https://www.wtatennis.com/resources/v7.42.8/i/elements/flags/ger.svg,Round of 64,W,"6-4, 6-0",https://www.wtatennis.com/players/180088/barbara-rittner,False,False,False,False,False,False,False,2,True,16,12,4,DE,DEU,276,150,Europe,Central Europe,GER,"6,4,None|6,0,None",
5,Wimbledon,,https://www.wtatennis.com/tournaments/904/wimbledon/2001,Grand Slam,Grass,https://www.wtatennis.com/resources/v7.42.8/i/elements/gs-tag.svg,2001-06-25,2001-07-08,2001,6,,HUN,,GB,GBR,826,150,,Europe,Northern Europe,ENG,65.0,240.0,79025.0,128M/128Q/64D,The Championships,,Rita Kuti-Kis,,https://www.wtatennis.com/resources/v7.42.8/i/elements/flags/hun.svg,Round of 128,W,"6-1, 6-0",https://www.wtatennis.com/players/110266/rita-kuti-kis,False,False,False,False,False,False,False,2,True,13,12,1,HU,HUN,348,150,Europe,Central Europe,HUN,"6,1,None|6,0,None",
1,Roland Garros,,https://www.wtatennis.com/tournaments/903/roland-garros/2001,Grand Slam,Clay,https://www.wtatennis.com/resources/v7.42.8/i/elements/gs-tag.svg,2001-05-28,2001-06-10,2001,5,,USA,,FR,FRA,250,150,United States of America|America|USA|US,Europe,Western Europe,FRA,4.0,162.0,69527.0,128M/128Q/64D,Roland Garros,,Jennifer Capriati,4.0,https://www.wtatennis.com/resources/v7.42.8/i/elements/flags/usa.svg,Quarterfinals,L,"2-6, 7-5, 2-6",https://www.wtatennis.com/players/30200/jennifer-capriati,False,False,False,False,False,False,False,3,False,28,11,17,US,USA,840,019,America,Northern America,USA,"2,6,None|7,5,None|2,6,None",
2,Roland Garros,,https://www.wtatennis.com/tournaments/903/roland-garros/2001,Grand Slam,Clay,https://www.wtatennis.com/resources/v7.42.8/i/elements/gs-tag.svg,2001-05-28,2001-06-10,2001,5,,RUS,,FR,FRA,250,150,,Europe,Western Europe,FRA,58.0,162.0,69527.0,128M/128Q/64D,Roland Garros,,Nadia Petrova,,https://www.wtatennis.com/resources/v7.42.8/i/elements/flags/rus.svg,Round of 16,W,"6-3, 6-1",https://www.wtatennis.com/players/160379/nadia-petrova,False,False,False,False,False,False,False,2,True,16,12,4,RU,RUS,643,150,Europe,Eastern Europe,RUS,"6,3,None|6,1,None",
3,Roland Garros,,https://www.wtatennis.com/tournaments/903/roland-garros/2001,Grand Slam,Clay,https://www.wtatennis.com/resources/v7.42.8/i/elements/gs-tag.svg,2001-05-28,2001-06-10,2001,5,,HUN,,FR,FRA,250,150,,Europe,Western Europe,FRA,165.0,162.0,69527.0,128M/128Q/64D,Roland Garros,,Zsofia Gubacsi,,https://www.wtatennis.com/resources/v7.42.8/i/elements/flags/hun.svg,Round of 32,W,"6-1, 6-2",https://www.wtatennis.com/players/70393/zsofia-gubacsi,False,False,False,False,False,False,False,2,True,15,12,3,HU,HUN,348,150,Europe,Central Europe,HUN,"6,1,None|6,2,None",
4,Roland Garros,,https://www.wtatennis.com/tournaments/903/roland-garros/2001,Grand Slam,Clay,https://www.wtatennis.com/resources/v7.42.8/i/elements/gs-tag.svg,2001-05-28,2001-06-10,2001,5,,SLO,,FR,FRA,250,150,,Europe,Western Europe,FRA,138.0,162.0,69527.0,128M/128Q/64D,Roland Garros,,Katarina Srebotnik,,https://www.wtatennis.com/resources/v7.42.8/i/elements/flags/slo.svg,Round of 64,W,"6-0, 7-5",https://www.wtatennis.com/players/190636/katarina-srebotnik,False,False,False,False,False,False,False,2,True,18,13,5,,,,,,,SLO,"6,0,None|7,5,None",
5,Roland Garros,,https://www.wtatennis.com/tournaments/903/roland-garros/2001,Grand Slam,Clay,https://www.wtatennis.com/resources/v7.42.8/i/elements/gs-tag.svg,2001-05-28,2001-06-10,2001,5,,FRA,,FR,FRA,250,150,,Europe,Western Europe,FRA,91.0,162.0,69527.0,128M/128Q/64D,Roland Garros,,Sarah Pitkowski-Malcor,,https://www.wtatennis.com/resources/v7.42.8/i/elements/flags/fra.svg,Round of 128,W,"6-2, 6-7 (4), 6-1",https://www.wtatennis.com/players/160200/sarah-pitkowski-malcor,False,False,False,False,True,False,True,3,True,28,18,10,FR,FRA,250,150,Europe,Western Europe,FRA,"6,2,None|6,7,4|6,1,None",
1,The Ericsson Open,https://www.wtatennis.com/resources/v7.42.8/i/elements/itf.png,,ITF,Hard,https://www.wtatennis.com/resources/v7.42.8/i/elements/itf.png,2001-03-21,2001-04-01,2001,3,Miami,USA,,,,,,United States of America|America|USA|US,,,Florida,5.0,112.0,53500.0,128M/64Q/32D,The Ericsson Open,,Jennifer Capriati,4.0,https://www.wtatennis.com/resources/v7.42.8/i/elements/flags/usa.svg,Quarterfinals,L,"1-6, 6-7 (5)",https://www.wtatennis.com/players/30200/jennifer-capriati,False,False,False,False,True,False,True,2,False,20,7,13,US,USA,840,019,America,Northern America,USA,"1,6,None|6,7,5",
2,The Ericsson Open,https://www.wtatennis.com/resources/v7.42.8/i/elements/itf.png,,ITF,Hard,https://www.wtatennis.com/resources/v7.42.8/i/elements/itf.png,2001-03-21,2001-04-01,2001,3,Miami,BEL,,,,,,,,,Florida,16.0,112.0,53500.0,128M/64Q/32D,The Ericsson Open,,Kim Clijsters,11.0,https://www.wtatennis.com/resources/v7.42.8/i/elements/flags/bel.svg,Round of 16,W,"6-0, 6-2",https://www.wtatennis.com/players/30458/kim-clijsters,False,False,False,False,False,False,False,2,True,14,12,2,BE,BEL,056,150,Europe,Western Europe,BEL,"6,0,None|6,2,None",
3,The Ericsson Open,https://www.wtatennis.com/resources/v7.42.8/i/elements/itf.png,,ITF,Hard,https://www.wtatennis.com/resources/v7.42.8/i/elements/itf.png,2001-03-21,2001-04-01,2001,3,Miami,UZB,,,,,,,,,Florida,70.0,112.0,53500.0,128M/64Q/32D,The Ericsson Open,,Iroda Tulyaganova,,https://www.wtatennis.com/resources/v7.42.8/i/elements/flags/uzb.svg,Round of 32,W,"6-3, 3-6, 6-2",https://www.wtatennis.com/players/200265/iroda-tulyaganova,False,False,False,False,False,False,False,3,True,26,15,11,UZ,UZB,860,142,Asia,Central Asia,UZB,"6,3,None|3,6,None|6,2,None",
4,The Ericsson Open,https://www.wtatennis.com/resources/v7.42.8/i/elements/itf.png,,ITF,Hard,https://www.wtatennis.com/resources/v7.42.8/i/elements/itf.png,2001-03-21,2001-04-01,2001,3,Miami,NZL,,,,,,,,,Florida,80.0,112.0,53500.0,128M/64Q/32D,The Ericsson Open,,Pavlina Nola,,https://www.wtatennis.com/resources/v7.42.8/i/elements/flags/nzl.svg,Round of 64,W,"6-1, 6-4",https://www.wtatennis.com/players/190500/pavlina-nola,False,False,False,False,False,False,False,2,True,17,12,5,NZ,NZL,554,009,Oceania,Australasia,NZL,"6,1,None|6,4,None",
5,The Ericsson Open,https://www.wtatennis.com/resources/v7.42.8/i/elements/itf.png,,ITF,Hard,https://www.wtatennis.com/resources/v7.42.8/i/elements/itf.png,2001-03-21,2001-04-01,2001,3,Miami,,,,,,,,,,Florida,,112.0,53500.0,128M/64Q/32D,The Ericsson Open,,,,,Round of 128,,Bye,,False,False,True,False,False,False,False,0,False,0,0,0,,,,,,,,,
1,Tennis Masters Series,https://www.wtatennis.com/resources/v7.42.8/i/elements/itf.png,,ITF,Hard,https://www.wtatennis.com/resources/v7.42.8/i/elements/itf.png,2001-03-07,2001-03-17,2001,3,Indian Wells,BEL,,,,,,,,,California,19.0,416.0,330000.0,128M/64Q/32D,Tennis Masters Series,,Kim Clijsters,14.0,https://www.wtatennis.com/resources/v7.42.8/i/elements/flags/bel.svg,Finals,W,"4-6, 6-4, 6-2",https://www.wtatennis.com/players/30458/kim-clijsters,False,False,False,False,False,False,False,3,False,28,16,12,BE,BEL,056,150,Europe,Western Europe,BEL,"4,6,None|6,4,None|6,2,None",
2,Tennis Masters Series,https://www.wtatennis.com/resources/v7.42.8/i/elements/itf.png,,ITF,Hard,https://www.wtatennis.com/resources/v7.42.8/i/elements/itf.png,2001-03-07,2001-03-17,2001,3,Indian Wells,USA,,,,,,United States of America|America|USA|US,,,California,3.0,416.0,330000.0,128M/64Q/32D,Tennis Masters Series,,Venus Williams,3.0,https://www.wtatennis.com/resources/v7.42.8/i/elements/flags/usa.svg,Semifinals,W,Walkover,https://www.wtatennis.com/players/230220/venus-williams,False,True,False,False,False,False,False,0,False,0,0,0,US,USA,840,019,America,Northern America,USA,,
3,Tennis Masters Series,https://www.wtatennis.com/resources/v7.42.8/i/elements/itf.png,,ITF,Hard,https://www.wtatennis.com/resources/v7.42.8/i/elements/itf.png,2001-03-07,2001-03-17,2001,3,Indian Wells,USA,,,,,,United States of America|America|USA|US,,,California,2.0,416.0,330000.0,128M/64Q/32D,Tennis Masters Series,,Lindsay Davenport,2.0,https://www.wtatennis.com/resources/v7.42.8/i/elements/flags/usa.svg,Quarterfinals,W,"6-1, 6-2",https://www.wtatennis.com/players/40106/lindsay-davenport,False,False,False,False,False,False,False,2,True,15,12,3,US,USA,840,019,America,Northern America,USA,"6,1,None|6,2,None",
4,Tennis Masters Series,https://www.wtatennis.com/resources/v7.42.8/i/elements/itf.png,,ITF,Hard,https://www.wtatennis.com/resources/v7.42.8/i/elements/itf.png,2001-03-07,2001-03-17,2001,3,Indian Wells,BUL,,,,,,,,,California,16.0,416.0,330000.0,128M/64Q/32D,Tennis Masters Series,,Magdalena Maleeva,12.0,https://www.wtatennis.com/resources/v7.42.8/i/elements/flags/bul.svg,Round of 16,W,"6-3, 6-2",https://www.wtatennis.com/players/130245/magdalena-maleeva,False,False,False,False,False,False,False,2,True,17,12,5,BG,BGR,100,150,Europe,Southeastern Europe,BUL,"6,3,None|6,2,None",
5,Tennis Masters Series,https://www.wtatennis.com/resources/v7.42.8/i/elements/itf.png,,ITF,Hard,https://www.wtatennis.com/resources/v7.42.8/i/elements/itf.png,2001-03-07,2001-03-17,2001,3,Indian Wells,ESP,,,,,,Kingdom of Spain,,,California,30.0,416.0,330000.0,128M/64Q/32D,Tennis Masters Series,,Gala Leon Garcia,26.0,https://www.wtatennis.com/resources/v7.42.8/i/elements/flags/esp.svg,Round of 32,W,"6-3, 6-1",https://www.wtatennis.com/players/120176/gala-leon-garcia,False,False,False,False,False,False,False,2,True,16,12,4,ES,ESP,724,150,Europe,Southern Europe,ESP,"6,3,None|6,1,None",
6,Tennis Masters Series,https://www.wtatennis.com/resources/v7.42.8/i/elements/itf.png,,ITF,Hard,https://www.wtatennis.com/resources/v7.42.8/i/elements/itf.png,2001-03-07,2001-03-17,2001,3,Indian Wells,CZE,,,,,,,,,California,59.0,416.0,330000.0,128M/64Q/32D,Tennis Masters Series,,Adriana Rikl Gersi,,https://www.wtatennis.com/resources/v7.42.8/i/elements/flags/cze.svg,Round of 64,W,"6-3, 6-2",https://www.wtatennis.com/players/70267/adriana-rikl-gersi,False,False,False,False,False,False,False,2,True,17,12,5,CZ,CZE,203,150,Europe,Central Europe,CZE,"6,3,None|6,2,None",
7,Tennis Masters Series,https://www.wtatennis.com/resources/v7.42.8/i/elements/itf.png,,ITF,Hard,https://www.wtatennis.com/resources/v7.42.8/i/elements/itf.png,2001-03-07,2001-03-17,2001,3,Indian Wells,,,,,,,,,,California,,416.0,330000.0,128M/64Q/32D,Tennis Masters Series,,,,,Round of 128,,Bye,,False,False,True,False,False,False,False,0,False,0,0,0,,,,,,,,,
1,Australian Open,,https://www.wtatennis.com/tournaments/901/australian-open/2001,Grand Slam,Hard,https://www.wtatennis.com/resources/v7.42.8/i/elements/gs-tag.svg,2001-01-15,2001-01-28,2001,1,,SUI,,AU,AUS,036,009,,Oceania,Australasia,AUS,1.0,200.0,59164.0,128M/128Q/64D,Australian Open,,Martina Hingis,1.0,https://www.wtatennis.com/resources/v7.42.8/i/elements/flags/sui.svg,Quarterfinals,L,"2-6, 6-3, 6-8",https://www.wtatennis.com/players/80301/martina-hingis,False,False,False,False,False,False,False,3,False,31,14,17,CH,CHE,756,150,Europe,Central Europe,SUI,"2,6,None|6,3,None|6,8,None",
2,Australian Open,,https://www.wtatennis.com/tournaments/901/australian-open/2001,Grand Slam,Hard,https://www.wtatennis.com/resources/v7.42.8/i/elements/gs-tag.svg,2001-01-15,2001-01-28,2001,1,,CZE,,AU,AUS,036,009,,Oceania,Australasia,AUS,51.0,200.0,59164.0,128M/128Q/64D,Australian Open,,Daja Bedanova,,https://www.wtatennis.com/resources/v7.42.8/i/elements/flags/cze.svg,Round of 16,W,"6-2, 6-2",https://www.wtatennis.com/players/20522/daja-bedanova,False,False,False,False,False,False,False,2,True,16,12,4,CZ,CZE,203,150,Europe,Central Europe,CZE,"6,2,None|6,2,None",
3,Australian Open,,https://www.wtatennis.com/tournaments/901/australian-open/2001,Grand Slam,Hard,https://www.wtatennis.com/resources/v7.42.8/i/elements/gs-tag.svg,2001-01-15,2001-01-28,2001,1,,THA,,AU,AUS,036,009,,Oceania,Australasia,AUS,30.0,200.0,59164.0,128M/128Q/64D,Australian Open,,Tamarine Tanasugarn,,https://www.wtatennis.com/resources/v7.42.8/i/elements/flags/tha.svg,Round of 32,W,"6-1, 6-4",https://www.wtatennis.com/players/200137/tamarine-tanasugarn,False,False,False,False,False,False,False,2,True,17,12,5,TH,THA,764,142,Asia,Southeast Asia,THA,"6,1,None|6,4,None",
4,Australian Open,,https://www.wtatennis.com/tournaments/901/australian-open/2001,Grand Slam,Hard,https://www.wtatennis.com/resources/v7.42.8/i/elements/gs-tag.svg,2001-01-15,2001-01-28,2001,1,,RUS,,AU,AUS,036,009,,Oceania,Australasia,AUS,61.0,200.0,59164.0,128M/128Q/64D,Australian Open,,Nadia Petrova,,https://www.wtatennis.com/resources/v7.42.8/i/elements/flags/rus.svg,Round of 64,W,"6-3, 6-2",https://www.wtatennis.com/players/160379/nadia-petrova,False,False,False,False,False,False,False,2,True,17,12,5,RU,RUS,643,150,Europe,Eastern Europe,RUS,"6,3,None|6,2,None",
5,Australian Open,,https://www.wtatennis.com/tournaments/901/australian-open/2001,Grand Slam,Hard,https://www.wtatennis.com/resources/v7.42.8/i/elements/gs-tag.svg,2001-01-15,2001-01-28,2001,1,,TPE,,AU,AUS,036,009,,Oceania,Australasia,AUS,118.0,200.0,59164.0,128M/128Q/64D,Australian Open,,Janet Lee,,https://www.wtatennis.com/resources/v7.42.8/i/elements/flags/tpe.svg,Round of 128,W,"6-1, 6-4",https://www.wtatennis.com/players/120235/janet-lee,False,False,False,False,False,False,False,2,True,17,12,5,,,,,,,TPE,"6,1,None|6,4,None",
1,Adidas International,https://www.wtatennis.com/resources/v7.42.8/i/elements/itf.png,,ITF,Hard,https://www.wtatennis.com/resources/v7.42.8/i/elements/itf.png,2001-01-07,2001-01-14,2001,1,Sydney,SUI,,AU,AUS,036,009,,Oceania,Australasia,AUS,1.0,68.0,12400.0,32M/32Q/16D,Adidas International,,Martina Hingis,1.0,https://www.wtatennis.com/resources/v7.42.8/i/elements/flags/sui.svg,Quarterfinals,L,"4-6, 5-7",https://www.wtatennis.com/players/80301/martina-hingis,False,False,False,False,False,False,False,2,False,22,9,13,CH,CHE,756,150,Europe,Central Europe,SUI,"4,6,None|5,7,None",
2,Adidas International,https://www.wtatennis.com/resources/v7.42.8/i/elements/itf.png,,ITF,Hard,https://www.wtatennis.com/resources/v7.42.8/i/elements/itf.png,2001-01-07,2001-01-14,2001,1,Sydney,USA,,AU,AUS,036,009,United States of America|America|USA|US,Oceania,Australasia,AUS,73.0,68.0,12400.0,32M/32Q/16D,Adidas International,,Brie Rippner,,https://www.wtatennis.com/resources/v7.42.8/i/elements/flags/usa.svg,Round of 16,W,"6-1, 6-2",https://www.wtatennis.com/players/180310/brie-rippner,False,False,False,False,False,False,False,2,True,15,12,3,US,USA,840,019,America,Northern America,USA,"6,1,None|6,2,None",
3,Adidas International,https://www.wtatennis.com/resources/v7.42.8/i/elements/itf.png,,ITF,Hard,https://www.wtatennis.com/resources/v7.42.8/i/elements/itf.png,2001-01-07,2001-01-14,2001,1,Sydney,USA,,AU,AUS,036,009,United States of America|America|USA|US,Oceania,Australasia,AUS,42.0,68.0,12400.0,32M/32Q/16D,Adidas International,,Lilia Osterloh,,https://www.wtatennis.com/resources/v7.42.8/i/elements/flags/usa.svg,Round of 32,W,"6-3, 7-6 (6)",https://www.wtatennis.com/players/150134/lilia-osterloh,False,False,False,False,True,False,True,2,True,22,13,9,US,USA,840,019,America,Northern America,USA,"6,3,None|7,6,6",
1,Toyota Princess Cup,https://www.wtatennis.com/resources/v7.42.8/i/elements/itf.png,,ITF,Hard,https://www.wtatennis.com/resources/v7.42.8/i/elements/itf.png,2000-10-02,2000-10-08,2000,10,Tokyo,FRA,,JP,JPN,392,142,,Asia,East Asia,JPN,19.0,252.0,87000.0,32M/32Q/16D,Toyota Princess Cup,,Julie Halard-Decugis,4.0,https://www.wtatennis.com/resources/v7.42.8/i/elements/flags/fra.svg,Finals,W,"7-5, 6-1",https://www.wtatennis.com/players/80005/julie-halard-decugis,False,False,False,False,False,False,False,2,True,19,13,6,FR,FRA,250,150,Europe,Western Europe,FRA,"7,5,None|6,1,None",
2,Toyota Princess Cup,https://www.wtatennis.com/resources/v7.42.8/i/elements/itf.png,,ITF,Hard,https://www.wtatennis.com/resources/v7.42.8/i/elements/itf.png,2000-10-02,2000-10-08,2000,10,Tokyo,CZE,,JP,JPN,392,142,,Asia,East Asia,JPN,87.0,252.0,87000.0,32M/32Q/16D,Toyota Princess Cup,,Daja Bedanova,,https://www.wtatennis.com/resources/v7.42.8/i/elements/flags/cze.svg,Semifinals,W,"6-1, 6-4",https://www.wtatennis.com/players/20522/daja-bedanova,False,False,False,False,False,False,False,2,True,17,12,5,CZ,CZE,203,150,Europe,Central Europe,CZE,"6,1,None|6,4,None",
3,Toyota Princess Cup,https://www.wtatennis.com/resources/v7.42.8/i/elements/itf.png,,ITF,Hard,https://www.wtatennis.com/resources/v7.42.8/i/elements/itf.png,2000-10-02,2000-10-08,2000,10,Tokyo,AUS,,JP,JPN,392,142,,Asia,East Asia,JPN,33.0,252.0,87000.0,32M/32Q/16D,Toyota Princess Cup,,Jelena Dokic,8.0,https://www.wtatennis.com/resources/v7.42.8/i/elements/flags/aus.svg,Quarterfinals,W,"6-3, 6-4",https://www.wtatennis.com/players/40344/jelena-dokic,False,False,False,False,False,False,False,2,True,19,12,7,AU,AUS,036,009,Oceania,Australasia,AUS,"6,3,None|6,4,None",
4,Toyota Princess Cup,https://www.wtatennis.com/resources/v7.42.8/i/elements/itf.png,,ITF,Hard,https://www.wtatennis.com/resources/v7.42.8/i/elements/itf.png,2000-10-02,2000-10-08,2000,10,Tokyo,THA,,JP,JPN,392,142,,Asia,East Asia,JPN,39.0,252.0,87000.0,32M/32Q/16D,Toyota Princess Cup,,Tamarine Tanasugarn,,https://www.wtatennis.com/resources/v7.42.8/i/elements/flags/tha.svg,Round of 16,W,"6-1, 6-4",https://www.wtatennis.com/players/200137/tamarine-tanasugarn,False,False,False,False,False,False,False,2,True,17,12,5,TH,THA,764,142,Asia,Southeast Asia,THA,"6,1,None|6,4,None",
5,Toyota Princess Cup,https://www.wtatennis.com/resources/v7.42.8/i/elements/itf.png,,ITF,Hard,https://www.wtatennis.com/resources/v7.42.8/i/elements/itf.png,2000-10-02,2000-10-08,2000,10,Tokyo,,,JP,JPN,392,142,,Asia,East Asia,JPN,,252.0,87000.0,32M/32Q/16D,Toyota Princess Cup,,,,,Round of 32,,Bye,,False,False,True,False,False,False,False,0,False,0,0,0,,,,,,,,,
1,Us Open,,https://www.wtatennis.com/tournaments/905/us-open/2000,Grand Slam,Hard,https://www.wtatennis.com/resources/v7.42.8/i/elements/gs-tag.svg,2000-08-28,2000-09-10,2000,8,,USA,,US,USA,840,019,United States of America|America|USA|US,America,Northern America,USA,2.0,190.0,110000.0,128M/128Q/64D,Us Open,,Lindsay Davenport,2.0,https://www.wtatennis.com/resources/v7.42.8/i/elements/flags/usa.svg,Quarterfinals,L,"4-6, 2-6",https://www.wtatennis.com/players/40106/lindsay-davenport,False,False,False,False,False,False,False,2,False,18,6,12,US,USA,840,019,America,Northern America,USA,"4,6,None|2,6,None",
2,Us Open,,https://www.wtatennis.com/tournaments/905/us-open/2000,Grand Slam,Hard,https://www.wtatennis.com/resources/v7.42.8/i/elements/gs-tag.svg,2000-08-28,2000-09-10,2000,8,,AUS,,US,USA,840,019,,America,Northern America,USA,43.0,190.0,110000.0,128M/128Q/64D,Us Open,,Jelena Dokic,,https://www.wtatennis.com/resources/v7.42.8/i/elements/flags/aus.svg,Round of 16,W,"7-6 (7), 6-0",https://www.wtatennis.com/players/40344/jelena-dokic,False,False,False,True,False,False,True,2,True,19,13,6,AU,AUS,036,009,Oceania,Australasia,AUS,"7,6,7|6,0,None",
3,Us Open,,https://www.wtatennis.com/tournaments/905/us-open/2000,Grand Slam,Hard,https://www.wtatennis.com/resources/v7.42.8/i/elements/gs-tag.svg,2000-08-28,2000-09-10,2000,8,,ITA,,US,USA,840,019,,America,Northern America,USA,106.0,190.0,110000.0,128M/128Q/64D,Us Open,,Giulia Casoni,,https://www.wtatennis.com/resources/v7.42.8/i/elements/flags/ita.svg,Round of 32,W,"6-4, 6-2",https://www.wtatennis.com/players/30339/giulia-casoni,False,False,False,False,False,False,False,2,True,18,12,6,IT,ITA,380,150,Europe,Southern Europe,ITA,"6,4,None|6,2,None",
4,Us Open,,https://www.wtatennis.com/tournaments/905/us-open/2000,Grand Slam,Hard,https://www.wtatennis.com/resources/v7.42.8/i/elements/gs-tag.svg,2000-08-28,2000-09-10,2000,8,,RUS,,US,USA,840,019,,America,Northern America,USA,53.0,190.0,110000.0,128M/128Q/64D,Us Open,,Nadia Petrova,,https://www.wtatennis.com/resources/v7.42.8/i/elements/flags/rus.svg,Round of 64,W,"6-3, 6-2",https://www.wtatennis.com/players/160379/nadia-petrova,False,False,False,False,False,False,False,2,True,17,12,5,RU,RUS,643,150,Europe,Eastern Europe,RUS,"6,3,None|6,2,None",
5,Us Open,,https://www.wtatennis.com/tournaments/905/us-open/2000,Grand Slam,Hard,https://www.wtatennis.com/resources/v7.42.8/i/elements/gs-tag.svg,2000-08-28,2000-09-10,2000,8,,SLO,,US,USA,840,019,,America,Northern America,USA,62.0,190.0,110000.0,128M/128Q/64D,Us Open,,Tina Pisnik,,https://www.wtatennis.com/resources/v7.42.8/i/elements/flags/slo.svg,Round of 128,W,"6-3, 6-2",https://www.wtatennis.com/players/160339/tina-pisnik,False,False,False,False,False,False,False,2,True,17,12,5,,,,,,,SLO,"6,3,None|6,2,None",
1,Du Maurier Open,https://www.wtatennis.com/resources/v7.42.8/i/elements/itf.png,,ITF,Hard,https://www.wtatennis.com/resources/v7.42.8/i/elements/itf.png,2000-08-14,2000-08-20,2000,8,Montreal,SUI,,CA,CAN,124,019,,America,Northern America,CAN,1.0,298.0,80000.0,64M/32Q/32D,Du Maurier Open,,Martina Hingis,1.0,https://www.wtatennis.com/resources/v7.42.8/i/elements/flags/sui.svg,Finals,L,"6-0, 3-6, 0-3",https://www.wtatennis.com/players/80301/martina-hingis,True,False,False,False,False,False,False,3,True,18,9,9,CH,CHE,756,150,Europe,Central Europe,SUI,"6,0,None|3,6,None|0,3,None|Ret",
2,Du Maurier Open,https://www.wtatennis.com/resources/v7.42.8/i/elements/itf.png,,ITF,Hard,https://www.wtatennis.com/resources/v7.42.8/i/elements/itf.png,2000-08-14,2000-08-20,2000,8,Montreal,ESP,,CA,CAN,124,019,Kingdom of Spain,America,Northern America,CAN,9.0,298.0,80000.0,64M/32Q/32D,Du Maurier Open,,Arantxa Sanchez-Vicario,7.0,https://www.wtatennis.com/resources/v7.42.8/i/elements/flags/esp.svg,Semifinals,W,"6-2, 6-4",https://www.wtatennis.com/players/190008/arantxa-sanchez-vicario,False,False,False,False,False,False,False,2,True,18,12,6,ES,ESP,724,150,Europe,Southern Europe,ESP,"6,2,None|6,4,None",
3,Du Maurier Open,https://www.wtatennis.com/resources/v7.42.8/i/elements/itf.png,,ITF,Hard,https://www.wtatennis.com/resources/v7.42.8/i/elements/itf.png,2000-08-14,2000-08-20,2000,8,Montreal,USA,,CA,CAN,124,019,United States of America|America|USA|US,America,Northern America,CAN,20.0,298.0,80000.0,64M/32Q/32D,Du Maurier Open,,Amy Frazier,16.0,https://www.wtatennis.com/resources/v7.42.8/i/elements/flags/usa.svg,Quarterfinals,W,"6-0, 6-1",https://www.wtatennis.com/players/60034/amy-frazier,False,False,False,False,False,False,False,2,True,13,12,1,US,USA,840,019,America,Northern America,USA,"6,0,None|6,1,None",
4,Du Maurier Open,https://www.wtatennis.com/resources/v7.42.8/i/elements/itf.png,,ITF,Hard,https://www.wtatennis.com/resources/v7.42.8/i/elements/itf.png,2000-08-14,2000-08-20,2000,8,Montreal,RUS,,CA,CAN,124,019,,America,Northern America,CAN,14.0,298.0,80000.0,64M/32Q/32D,Du Maurier Open,,Anna Kournikova,11.0,https://www.wtatennis.com/resources/v7.42.8/i/elements/flags/rus.svg,Round of 16,W,"6-3, 6-2",https://www.wtatennis.com/players/110375/anna-kournikova,False,False,False,False,False,False,False,2,True,17,12,5,RU,RUS,643,150,Europe,Eastern Europe,RUS,"6,3,None|6,2,None",
5,Du Maurier Open,https://www.wtatennis.com/resources/v7.42.8/i/elements/itf.png,,ITF,Hard,https://www.wtatennis.com/resources/v7.42.8/i/elements/itf.png,2000-08-14,2000-08-20,2000,8,Montreal,SUI,,CA,CAN,124,019,,America,Northern America,CAN,31.0,298.0,80000.0,64M/32Q/32D,Du Maurier Open,,Patty Schnyder,,https://www.wtatennis.com/resources/v7.42.8/i/elements/flags/sui.svg,Round of 32,W,"6-1, 6-2",https://www.wtatennis.com/players/190519/patty-schnyder,False,False,False,False,False,False,False,2,True,15,12,3,CH,CHE,756,150,Europe,Central Europe,SUI,"6,1,None|6,2,None",
6,Du Maurier Open,https://www.wtatennis.com/resources/v7.42.8/i/elements/itf.png,,ITF,Hard,https://www.wtatennis.com/resources/v7.42.8/i/elements/itf.png,2000-08-14,2000-08-20,2000,8,Montreal,,,CA,CAN,124,019,,America,Northern America,CAN,,298.0,80000.0,64M/32Q/32D,Du Maurier Open,,,,,Round of 64,,Bye,,False,False,True,False,False,False,False,0,False,0,0,0,,,,,,,,,
1,Estyle.Com Classic,https://www.wtatennis.com/resources/v7.42.8/i/elements/itf.png,,ITF,Hard,https://www.wtatennis.com/resources/v7.42.8/i/elements/itf.png,2000-08-07,2000-08-13,2000,8,Los Angeles,USA,,,,,,United States of America|America|USA|US,,,California,2.0,443.0,87000.0,32M/32Q/16D,Estyle.Com Classic,,Lindsay Davenport,2.0,https://www.wtatennis.com/resources/v7.42.8/i/elements/flags/usa.svg,Finals,W,"4-6, 6-4, 7-6 (1)",https://www.wtatennis.com/players/40106/lindsay-davenport,False,False,False,False,False,True,True,3,False,33,17,16,US,USA,840,019,America,Northern America,USA,"4,6,None|6,4,None|7,6,1",
2,Estyle.Com Classic,https://www.wtatennis.com/resources/v7.42.8/i/elements/itf.png,,ITF,Hard,https://www.wtatennis.com/resources/v7.42.8/i/elements/itf.png,2000-08-07,2000-08-13,2000,8,Los Angeles,SUI,,,,,,,,,California,1.0,443.0,87000.0,32M/32Q/16D,Estyle.Com Classic,,Martina Hingis,1.0,https://www.wtatennis.com/resources/v7.42.8/i/elements/flags/sui.svg,Semifinals,W,"4-6, 6-2, 6-3",https://www.wtatennis.com/players/80301/martina-hingis,False,False,False,False,False,False,False,3,False,27,16,11,CH,CHE,756,150,Europe,Central Europe,SUI,"4,6,None|6,2,None|6,3,None",
3,Estyle.Com Classic,https://www.wtatennis.com/resources/v7.42.8/i/elements/itf.png,,ITF,Hard,https://www.wtatennis.com/resources/v7.42.8/i/elements/itf.png,2000-08-07,2000-08-13,2000,8,Los Angeles,ESP,,,,,,Kingdom of Spain,,,California,6.0,443.0,87000.0,32M/32Q/16D,Estyle.Com Classic,,Conchita Martínez,4.0,https://www.wtatennis.com/resources/v7.42.8/i/elements/flags/esp.svg,Quarterfinals,W,"6-2, 4-6, 6-2",https://www.wtatennis.com/players/130113/conchita-mart-nez,False,False,False,False,False,False,False,3,True,26,16,10,ES,ESP,724,150,Europe,Southern Europe,ESP,"6,2,None|4,6,None|6,2,None",
4,Estyle.Com Classic,https://www.wtatennis.com/resources/v7.42.8/i/elements/itf.png,,ITF,Hard,https://www.wtatennis.com/resources/v7.42.8/i/elements/itf.png,2000-08-07,2000-08-13,2000,8,Los Angeles,THA,,,,,,,,,California,50.0,443.0,87000.0,32M/32Q/16D,Estyle.Com Classic,,Tamarine Tanasugarn,,https://www.wtatennis.com/resources/v7.42.8/i/elements/flags/tha.svg,Round of 16,W,"6-2, 6-2",https://www.wtatennis.com/players/200137/tamarine-tanasugarn,False,False,False,False,False,False,False,2,True,16,12,4,TH,THA,764,142,Asia,Southeast Asia,THA,"6,2,None|6,2,None",
5,Estyle.Com Classic,https://www.wtatennis.com/resources/v7.42.8/i/elements/itf.png,,ITF,Hard,https://www.wtatennis.com/resources/v7.42.8/i/elements/itf.png,2000-08-07,2000-08-13,2000,8,Los Angeles,ROM,,,,,,,,,California,28.0,443.0,87000.0,32M/32Q/16D,Estyle.Com Classic,,Ruxandra Dragomir Ilie,,https://www.wtatennis.com/resources/v7.42.8/i/elements/flags/rom.svg,Round of 32,W,"6-0, 6-1",https://www.wtatennis.com/players/40163/ruxandra-dragomir-ilie,False,False,False,False,False,False,False,2,True,13,12,1,,,,,,,ROM,"6,0,None|6,1,None",
1,Wimbledon,,https://www.wtatennis.com/tournaments/904/wimbledon/2000,Grand Slam,Grass,https://www.wtatennis.com/resources/v7.42.8/i/elements/gs-tag.svg,2000-06-26,2000-07-09,2000,6,,USA,,GB,GBR,826,150,United States of America|America|USA|US,Europe,Northern Europe,ENG,5.0,340.0,164442.0,128M/128Q/64D,The Championships,,Venus Williams,5.0,https://www.wtatennis.com/resources/v7.42.8/i/elements/flags/usa.svg,Semifinals,L,"2-6, 6-7 (3)",https://www.wtatennis.com/players/230220/venus-williams,False,False,False,False,True,False,True,2,False,21,8,13,US,USA,840,019,America,Northern America,USA,"2,6,None|6,7,3",
2,Wimbledon,,https://www.wtatennis.com/tournaments/904/wimbledon/2000,Grand Slam,Grass,https://www.wtatennis.com/resources/v7.42.8/i/elements/gs-tag.svg,2000-06-26,2000-07-09,2000,6,,USA,,GB,GBR,826,150,United States of America|America|USA|US,Europe,Northern Europe,ENG,21.0,340.0,164442.0,128M/128Q/64D,The Championships,,Lisa Raymond,,https://www.wtatennis.com/resources/v7.42.8/i/elements/flags/usa.svg,Quarterfinals,W,"6-2, 6-0",https://www.wtatennis.com/players/180144/lisa-raymond,False,False,False,False,False,False,False,2,True,14,12,2,US,USA,840,019,America,Northern America,USA,"6,2,None|6,0,None",
3,Wimbledon,,https://www.wtatennis.com/tournaments/904/wimbledon/2000,Grand Slam,Grass,https://www.wtatennis.com/resources/v7.42.8/i/elements/gs-tag.svg,2000-06-26,2000-07-09,2000,6,,THA,,GB,GBR,826,150,,Europe,Northern Europe,ENG,40.0,340.0,164442.0,128M/128Q/64D,The Championships,,Tamarine Tanasugarn,,https://www.wtatennis.com/resources/v7.42.8/i/elements/flags/tha.svg,Round of 16,W,"6-1, 6-1",https://www.wtatennis.com/players/200137/tamarine-tanasugarn,False,False,False,False,False,False,False,2,True,14,12,2,TH,THA,764,142,Asia,Southeast Asia,THA,"6,1,None|6,1,None",
4,Wimbledon,,https://www.wtatennis.com/tournaments/904/wimbledon/2000,Grand Slam,Grass,https://www.wtatennis.com/resources/v7.42.8/i/elements/gs-tag.svg,2000-06-26,2000-07-09,2000,6,,ESP,,GB,GBR,826,150,Kingdom of Spain,Europe,Northern Europe,ENG,73.0,340.0,164442.0,128M/128Q/64D,The Championships,,Cristina Torrens Valero,,https://www.wtatennis.com/resources/v7.42.8/i/elements/flags/esp.svg,Round of 32,W,"6-2, 6-1",https://www.wtatennis.com/players/200122/cristina-torrens-valero,False,False,False,False,False,False,False,2,True,15,12,3,ES,ESP,724,150,Europe,Southern Europe,ESP,"6,2,None|6,1,None",
5,Wimbledon,,https://www.wtatennis.com/tournaments/904/wimbledon/2000,Grand Slam,Grass,https://www.wtatennis.com/resources/v7.42.8/i/elements/gs-tag.svg,2000-06-26,2000-07-09,2000,6,,NED,,GB,GBR,826,150,,Europe,Northern Europe,ENG,186.0,340.0,164442.0,128M/128Q/64D,The Championships,,Yvette Basting,,https://www.wtatennis.com/resources/v7.42.8/i/elements/flags/ned.svg,Round of 64,W,"6-1, 6-0",https://www.wtatennis.com/players/20357/yvette-basting,False,False,False,False,False,False,False,2,True,13,12,1,NL,NLD,528,150,Europe,Western Europe,NED,"6,1,None|6,0,None",
6,Wimbledon,,https://www.wtatennis.com/tournaments/904/wimbledon/2000,Grand Slam,Grass,https://www.wtatennis.com/resources/v7.42.8/i/elements/gs-tag.svg,2000-06-26,2000-07-09,2000,6,,SWE,,GB,GBR,826,150,,Europe,Northern Europe,ENG,38.0,340.0,164442.0,128M/128Q/64D,The Championships,,Asa Svensson,,https://www.wtatennis.com/resources/v7.42.8/i/elements/flags/swe.svg,Round of 128,W,"6-3, 6-2",https://www.wtatennis.com/players/30227/asa-svensson,False,False,False,False,False,False,False,2,True,17,12,5,SE,SWE,752,150,Europe,Northern Europe,SWE,"6,3,None|6,2,None",
1,Bausch & Lomb Championships,https://www.wtatennis.com/resources/v7.42.8/i/elements/itf.png,,ITF,Clay,https://www.wtatennis.com/resources/v7.42.8/i/elements/itf.png,2000-04-10,2000-04-16,2000,4,Amelia Island,ARG,,,,,,,,,Florida,62.0,1.0,3050.0,64M/32Q/32D,Bausch & Lomb Championships,,Paola Suárez,,https://www.wtatennis.com/resources/v7.42.8/i/elements/flags/arg.svg,Round of 32,L,"3-6, 6-4, 2-5",https://www.wtatennis.com/players/190360/paola-su-rez,True,False,False,False,False,False,False,3,False,26,11,15,AR,ARG,032,019,America,Southern South America,ARG,"3,6,None|6,4,None|2,5,None|Ret",
2,Bausch & Lomb Championships,https://www.wtatennis.com/resources/v7.42.8/i/elements/itf.png,,ITF,Clay,https://www.wtatennis.com/resources/v7.42.8/i/elements/itf.png,2000-04-10,2000-04-16,2000,4,Amelia Island,,,,,,,,,,Florida,,1.0,3050.0,64M/32Q/32D,Bausch & Lomb Championships,,,,,Round of 64,,Bye,,False,False,True,False,False,False,False,0,False,0,0,0,,,,,,,,,
1,The Ericsson Open,https://www.wtatennis.com/resources/v7.42.8/i/elements/itf.png,,ITF,Hard,https://www.wtatennis.com/resources/v7.42.8/i/elements/itf.png,2000-03-20,2000-04-02,2000,3,Miami,USA,,,,,,United States of America|America|USA|US,,,Florida,14.0,67.0,22000.0,128M/64Q/64D,The Ericsson Open,,Jennifer Capriati,13.0,https://www.wtatennis.com/resources/v7.42.8/i/elements/flags/usa.svg,Round of 16,L,"6-7 (2), 6-1, 3-6",https://www.wtatennis.com/players/30200/jennifer-capriati,False,False,False,True,False,False,True,3,False,29,15,14,US,USA,840,019,America,Northern America,USA,"6,7,2|6,1,None|3,6,None",
2,The Ericsson Open,https://www.wtatennis.com/resources/v7.42.8/i/elements/itf.png,,ITF,Hard,https://www.wtatennis.com/resources/v7.42.8/i/elements/itf.png,2000-03-20,2000-04-02,2000,3,Miami,JPN,,,,,,,,,Florida,19.0,67.0,22000.0,128M/64Q/64D,The Ericsson Open,,Ai Sugiyama,17.0,https://www.wtatennis.com/resources/v7.42.8/i/elements/flags/jpn.svg,Round of 32,W,"6-3, 6-0",https://www.wtatennis.com/players/190353/ai-sugiyama,False,False,False,False,False,False,False,2,True,15,12,3,JP,JPN,392,142,Asia,East Asia,JPN,"6,3,None|6,0,None",
3,The Ericsson Open,https://www.wtatennis.com/resources/v7.42.8/i/elements/itf.png,,ITF,Hard,https://www.wtatennis.com/resources/v7.42.8/i/elements/itf.png,2000-03-20,2000-04-02,2000,3,Miami,BUL,,,,,,,,,Florida,61.0,67.0,22000.0,128M/64Q/64D,The Ericsson Open,,Magdalena Maleeva,,https://www.wtatennis.com/resources/v7.42.8/i/elements/flags/bul.svg,Round of 64,W,"6-4, 6-2",https://www.wtatennis.com/players/130245/magdalena-maleeva,False,False,False,False,False,False,False,2,True,18,12,6,BG,BGR,100,150,Europe,Southeastern Europe,BUL,"6,4,None|6,2,None",
4,The Ericsson Open,https://www.wtatennis.com/resources/v7.42.8/i/elements/itf.png,,ITF,Hard,https://www.wtatennis.com/resources/v7.42.8/i/elements/itf.png,2000-03-20,2000-04-02,2000,3,Miami,,,,,,,,,,Florida,,67.0,22000.0,128M/64Q/64D,The Ericsson Open,,,,,Round of 128,,Bye,,False,False,True,False,False,False,False,0,False,0,0,0,,,,,,,,,
1,Tennis Masters Series,https://www.wtatennis.com/resources/v7.42.8/i/elements/itf.png,,ITF,Hard,https://www.wtatennis.com/resources/v7.42.8/i/elements/itf.png,2000-03-06,2000-03-19,2000,3,Indian Wells,FRA,,,,,,,,,California,6.0,98.0,38000.0,64M/32Q/32D,Tennis Masters Series,,Mary Pierce,5.0,https://www.wtatennis.com/resources/v7.42.8/i/elements/flags/fra.svg,Quarterfinals,L,"2-6, 1-6",https://www.wtatennis.com/players/160142/mary-pierce,False,False,False,False,False,False,False,2,False,15,3,12,FR,FRA,250,150,Europe,Western Europe,FRA,"2,6,None|1,6,None",
2,Tennis Masters Series,https://www.wtatennis.com/resources/v7.42.8/i/elements/itf.png,,ITF,Hard,https://www.wtatennis.com/resources/v7.42.8/i/elements/itf.png,2000-03-06,2000-03-19,2000,3,Indian Wells,BEL,,,,,,,,,California,33.0,98.0,38000.0,64M/32Q/32D,Tennis Masters Series,,Kim Clijsters,,https://www.wtatennis.com/resources/v7.42.8/i/elements/flags/bel.svg,Round of 16,W,"6-4, 6-4",https://www.wtatennis.com/players/30458/kim-clijsters,False,False,False,False,False,False,False,2,True,20,12,8,BE,BEL,056,150,Europe,Western Europe,BEL,"6,4,None|6,4,None",
3,Tennis Masters Series,https://www.wtatennis.com/resources/v7.42.8/i/elements/itf.png,,ITF,Hard,https://www.wtatennis.com/resources/v7.42.8/i/elements/itf.png,2000-03-06,2000-03-19,2000,3,Indian Wells,ITA,,,,,,,,,California,70.0,98.0,38000.0,64M/32Q/32D,Tennis Masters Series,,Rita Grande,,https://www.wtatennis.com/resources/v7.42.8/i/elements/flags/ita.svg,Round of 32,W,"4-6, 6-1, 6-2",https://www.wtatennis.com/players/70192/rita-grande,False,False,False,False,False,False,False,3,False,25,16,9,IT,ITA,380,150,Europe,Southern Europe,ITA,"4,6,None|6,1,None|6,2,None",
4,Tennis Masters Series,https://www.wtatennis.com/resources/v7.42.8/i/elements/itf.png,,ITF,Hard,https://www.wtatennis.com/resources/v7.42.8/i/elements/itf.png,2000-03-06,2000-03-19,2000,3,Indian Wells,USA,,,,,,United States of America|America|USA|US,,,California,41.0,98.0,38000.0,64M/32Q/32D,Tennis Masters Series,,Alexandra Stevenson,,https://www.wtatennis.com/resources/v7.42.8/i/elements/flags/usa.svg,Round of 64,W,"7-5, 3-6, 6-2",https://www.wtatennis.com/players/190125/alexandra-stevenson,False,False,False,False,False,False,False,3,True,29,16,13,US,USA,840,019,America,Northern America,USA,"7,5,None|3,6,None|6,2,None",
5,Tennis Masters Series,https://www.wtatennis.com/resources/v7.42.8/i/elements/itf.png,,ITF,Hard,https://www.wtatennis.com/resources/v7.42.8/i/elements/itf.png,2000-03-06,2000-03-19,2000,3,Indian Wells,,,,,,,,,,California,,98.0,38000.0,64M/32Q/32D,Tennis Masters Series,,,,,Round of 128,,Bye,,False,False,True,False,False,False,False,0,False,0,0,0,,,,,,,,,
1,Faber Grand Prix,https://www.wtatennis.com/resources/v7.42.8/i/elements/itf.png,,ITF,Carpet,https://www.wtatennis.com/resources/v7.42.8/i/elements/itf.png,2000-02-14,2000-02-21,2000,2,Hannover,CZE,,DE,DEU,276,150,,Europe,Central Europe,GER,56.0,281.0,87000.0,32M/32Q/16D,Faber Grand Prix,,Denisa Chladkova,,https://www.wtatennis.com/resources/v7.42.8/i/elements/flags/cze.svg,Finals,W,"6-1, 6-1",https://www.wtatennis.com/players/30382/denisa-chladkova,False,False,False,False,False,False,False,2,True,14,12,2,CZ,CZE,203,150,Europe,Central Europe,CZE,"6,1,None|6,1,None",
2,Faber Grand Prix,https://www.wtatennis.com/resources/v7.42.8/i/elements/itf.png,,ITF,Carpet,https://www.wtatennis.com/resources/v7.42.8/i/elements/itf.png,2000-02-14,2000-02-21,2000,2,Hannover,FRA,,DE,DEU,276,150,,Europe,Central Europe,GER,14.0,281.0,87000.0,32M/32Q/16D,Faber Grand Prix,,Amélie Mauresmo,3.0,https://www.wtatennis.com/resources/v7.42.8/i/elements/flags/fra.svg,Semifinals,W,"6-2, 6-7 (4), 7-6 (3)",https://www.wtatennis.com/players/130450/am-lie-mauresmo,False,False,False,False,True,True,True,3,True,34,19,15,FR,FRA,250,150,Europe,Western Europe,FRA,"6,2,None|6,7,4|7,6,3",
3,Faber Grand Prix,https://www.wtatennis.com/resources/v7.42.8/i/elements/itf.png,,ITF,Carpet,https://www.wtatennis.com/resources/v7.42.8/i/elements/itf.png,2000-02-14,2000-02-21,2000,2,Hannover,SUI,,DE,DEU,276,150,,Europe,Central Europe,GER,25.0,281.0,87000.0,32M/32Q/16D,Faber Grand Prix,,Patty Schnyder,8.0,https://www.wtatennis.com/resources/v7.42.8/i/elements/flags/sui.svg,Quarterfinals,W,"6-1, 6-4",https://www.wtatennis.com/players/190519/patty-schnyder,False,False,False,False,False,False,False,2,True,17,12,5,CH,CHE,756,150,Europe,Central Europe,SUI,"6,1,None|6,4,None",
4,Faber Grand Prix,https://www.wtatennis.com/resources/v7.42.8/i/elements/itf.png,,ITF,Carpet,https://www.wtatennis.com/resources/v7.42.8/i/elements/itf.png,2000-02-14,2000-02-21,2000,2,Hannover,BEL,,DE,DEU,276,150,,Europe,Central Europe,GER,29.0,281.0,87000.0,32M/32Q/16D,Faber Grand Prix,,Sabine Appelmans,,https://www.wtatennis.com/resources/v7.42.8/i/elements/flags/bel.svg,Round of 16,W,"6-1, 6-3",https://www.wtatennis.com/players/10021/sabine-appelmans,False,False,False,False,False,False,False,2,True,16,12,4,BE,BEL,056,150,Europe,Western Europe,BEL,"6,1,None|6,3,None",
5,Faber Grand Prix,https://www.wtatennis.com/resources/v7.42.8/i/elements/itf.png,,ITF,Carpet,https://www.wtatennis.com/resources/v7.42.8/i/elements/itf.png,2000-02-14,2000-02-21,2000,2,Hannover,,,DE,DEU,276,150,,Europe,Central Europe,GER,,281.0,87000.0,32M/32Q/16D,Faber Grand Prix,,,,,Round of 32,,Bye,,False,False,True,False,False,False,False,0,False,0,0,0,,,,,,,,,
1,Open Gaz De France,https://www.wtatennis.com/resources/v7.42.8/i/elements/itf.png,,ITF,Carpet,https://www.wtatennis.com/resources/v7.42.8/i/elements/itf.png,2000-02-08,2000-02-13,2000,2,Paris,FRA,,FR,FRA,250,150,,Europe,Western Europe,FRA,6.0,216.0,43500.0,32M/32Q/16D,Open Gaz De France,,Nathalie Tauziat,2.0,https://www.wtatennis.com/resources/v7.42.8/i/elements/flags/fra.svg,Finals,L,"5-7, 2-6",https://www.wtatennis.com/players/200011/nathalie-tauziat,False,False,False,False,False,False,False,2,False,20,7,13,FR,FRA,250,150,Europe,Western Europe,FRA,"5,7,None|2,6,None",
2,Open Gaz De France,https://www.wtatennis.com/resources/v7.42.8/i/elements/itf.png,,ITF,Carpet,https://www.wtatennis.com/resources/v7.42.8/i/elements/itf.png,2000-02-08,2000-02-13,2000,2,Paris,FRA,,FR,FRA,250,150,,Europe,Western Europe,FRA,8.0,216.0,43500.0,32M/32Q/16D,Open Gaz De France,,Julie Halard-Decugis,3.0,https://www.wtatennis.com/resources/v7.42.8/i/elements/flags/fra.svg,Semifinals,W,"6-4, 6-2",https://www.wtatennis.com/players/80005/julie-halard-decugis,False,False,False,False,False,False,False,2,True,18,12,6,FR,FRA,250,150,Europe,Western Europe,FRA,"6,4,None|6,2,None",
3,Open Gaz De France,https://www.wtatennis.com/resources/v7.42.8/i/elements/itf.png,,ITF,Carpet,https://www.wtatennis.com/resources/v7.42.8/i/elements/itf.png,2000-02-08,2000-02-13,2000,2,Paris,FRA,,FR,FRA,250,150,,Europe,Western Europe,FRA,39.0,216.0,43500.0,32M/32Q/16D,Open Gaz De France,,Sarah Pitkowski-Malcor,,https://www.wtatennis.com/resources/v7.42.8/i/elements/flags/fra.svg,Quarterfinals,W,"6-1, 6-1",https://www.wtatennis.com/players/160200/sarah-pitkowski-malcor,False,False,False,False,False,False,False,2,True,14,12,2,FR,FRA,250,150,Europe,Western Europe,FRA,"6,1,None|6,1,None",
4,Open Gaz De France,https://www.wtatennis.com/resources/v7.42.8/i/elements/itf.png,,ITF,Carpet,https://www.wtatennis.com/resources/v7.42.8/i/elements/itf.png,2000-02-08,2000-02-13,2000,2,Paris,SUI,,FR,FRA,250,150,,Europe,Western Europe,FRA,25.0,216.0,43500.0,32M/32Q/16D,Open Gaz De France,,Patty Schnyder,,https://www.wtatennis.com/resources/v7.42.8/i/elements/flags/sui.svg,Round of 16,W,"6-2, 6-2",https://www.wtatennis.com/players/190519/patty-schnyder,False,False,False,False,False,False,False,2,True,16,12,4,CH,CHE,756,150,Europe,Central Europe,SUI,"6,2,None|6,2,None",
5,Open Gaz De France,https://www.wtatennis.com/resources/v7.42.8/i/elements/itf.png,,ITF,Carpet,https://www.wtatennis.com/resources/v7.42.8/i/elements/itf.png,2000-02-08,2000-02-13,2000,2,Paris,,,FR,FRA,250,150,,Europe,Western Europe,FRA,,216.0,43500.0,32M/32Q/16D,Open Gaz De France,,,,,Round of 32,,Bye,,False,False,True,False,False,False,False,0,False,0,0,0,,,,,,,,,
1,Australian Open,,https://www.wtatennis.com/tournaments/901/australian-open/2000,Grand Slam,Hard,https://www.wtatennis.com/resources/v7.42.8/i/elements/gs-tag.svg,2000-01-17,2000-01-30,2000,1,,RUS,,AU,AUS,036,009,,Oceania,Australasia,AUS,18.0,120.0,28406.0,128M/128Q/64D,Australian Open,,Elena Likhovtseva,16.0,https://www.wtatennis.com/resources/v7.42.8/i/elements/flags/rus.svg,Round of 16,L,"3-6, 3-6",https://www.wtatennis.com/players/120151/elena-likhovtseva,False,False,False,False,False,False,False,2,False,18,6,12,RU,RUS,643,150,Europe,Eastern Europe,RUS,"3,6,None|3,6,None",
2,Australian Open,,https://www.wtatennis.com/tournaments/901/australian-open/2000,Grand Slam,Hard,https://www.wtatennis.com/resources/v7.42.8/i/elements/gs-tag.svg,2000-01-17,2000-01-30,2000,1,,BEL,,AU,AUS,036,009,,Oceania,Australasia,AUS,31.0,120.0,28406.0,128M/128Q/64D,Australian Open,,Sabine Appelmans,,https://www.wtatennis.com/resources/v7.42.8/i/elements/flags/bel.svg,Round of 32,W,"6-2, 7-6 (2)",https://www.wtatennis.com/players/10021/sabine-appelmans,False,False,False,False,True,False,True,2,True,21,13,8,BE,BEL,056,150,Europe,Western Europe,BEL,"6,2,None|7,6,2",
3,Australian Open,,https://www.wtatennis.com/tournaments/901/australian-open/2000,Grand Slam,Hard,https://www.wtatennis.com/resources/v7.42.8/i/elements/gs-tag.svg,2000-01-17,2000-01-30,2000,1,,AUS,,AU,AUS,036,009,,Oceania,Australasia,AUS,58.0,120.0,28406.0,128M/128Q/64D,Australian Open,,Nicole Pratt,,https://www.wtatennis.com/resources/v7.42.8/i/elements/flags/aus.svg,Round of 64,W,"7-5, 6-1",https://www.wtatennis.com/players/160078/nicole-pratt,False,False,False,False,False,False,False,2,True,19,13,6,AU,AUS,036,009,Oceania,Australasia,AUS,"7,5,None|6,1,None",
4,Australian Open,,https://www.wtatennis.com/tournaments/901/australian-open/2000,Grand Slam,Hard,https://www.wtatennis.com/resources/v7.42.8/i/elements/gs-tag.svg,2000-01-17,2000-01-30,2000,1,,AUS,,AU,AUS,036,009,,Oceania,Australasia,AUS,261.0,120.0,28406.0,128M/128Q/64D,Australian Open,,Amanda Grahame,,https://www.wtatennis.com/resources/v7.42.8/i/elements/flags/aus.svg,Round of 128,W,"6-4, 4-6, 6-4",https://www.wtatennis.com/players/70340/amanda-grahame,False,False,False,False,False,False,False,3,True,30,16,14,AU,AUS,036,009,Oceania,Australasia,AUS,"6,4,None|4,6,None|6,4,None",
1,Stuttgart,https://www.wtatennis.com/resources/v7.42.8/i/elements/itf.png,,ITF,Hard,https://www.wtatennis.com/resources/v7.42.8/i/elements/itf.png,1999-10-04,1999-10-10,1999,10,,,,DE,DEU,276,150,,Europe,Central Europe,GER,,1.0,3700.0,32M/0Q/16D,Stuttgart,,,,,Round of 32,,Bye,,False,False,True,False,False,False,False,0,False,0,0,0,,,,,,,,,
1,German Open,https://www.wtatennis.com/resources/v7.42.8/i/elements/itf.png,,ITF,Clay,https://www.wtatennis.com/resources/v7.42.8/i/elements/itf.png,1999-05-10,1999-05-16,1999,5,Berlin,ESP,,DE,DEU,276,150,Kingdom of Spain,Europe,Central Europe,GER,7.0,79.0,16000.0,64M/0Q/32D,German Open,,Arantxa Sanchez-Vicario,4.0,https://www.wtatennis.com/resources/v7.42.8/i/elements/flags/esp.svg,Quarterfinals,L,"3-6, 2-3",https://www.wtatennis.com/players/190008/arantxa-sanchez-vicario,True,False,False,False,False,False,False,2,False,14,5,9,ES,ESP,724,150,Europe,Southern Europe,ESP,"3,6,None|2,3,None|Ret",
2,German Open,https://www.wtatennis.com/resources/v7.42.8/i/elements/itf.png,,ITF,Clay,https://www.wtatennis.com/resources/v7.42.8/i/elements/itf.png,1999-05-10,1999-05-16,1999,5,Berlin,,,DE,DEU,276,150,,Europe,Central Europe,GER,,79.0,16000.0,64M/0Q/32D,German Open,,,,,Round of 64,,Bye,,False,False,True,False,False,False,False,0,False,0,0,0,,,,,,,,,
1,Italian Open,https://www.wtatennis.com/resources/v7.42.8/i/elements/itf.png,,ITF,Clay,https://www.wtatennis.com/resources/v7.42.8/i/elements/itf.png,1999-05-03,1999-05-09,1999,5,,,,IT,ITA,380,150,,Europe,Southern Europe,ITA,,96.0,16000.0,64M/0Q/32D,Italian Open,,,,,Round of 64,,Bye,,False,False,True,False,False,False,False,0,False,0,0,0,,,,,,,,,
1,Lipton,https://www.wtatennis.com/resources/v7.42.8/i/elements/itf.png,,ITF,Hard,https://www.wtatennis.com/resources/v7.42.8/i/elements/itf.png,1999-03-15,1999-03-28,1999,3,,,,US,USA,840,019,,America,Northern America,USA,,418.0,132000.0,128M/0Q/64D,Lipton,,,,,Round of 128,,Bye,,False,False,True,False,False,False,False,0,False,0,0,0,,,,,,,,,
1,Wimbledon,,https://www.wtatennis.com/tournaments/904/wimbledon/1998,Grand Slam,Grass,https://www.wtatennis.com/resources/v7.42.8/i/elements/gs-tag.svg,1998-06-22,1998-07-05,1998,6,,ESP,,GB,GBR,826,150,Kingdom of Spain,Europe,Northern Europe,ENG,47.0,72.0,22422.0,128M/0Q/64D,Wimbledon,,Virginia Ruano Pascual,,https://www.wtatennis.com/resources/v7.42.8/i/elements/flags/esp.svg,Round of 32,L,"5-7, 1-4",https://www.wtatennis.com/players/180160/virginia-ruano-pascual,True,False,False,False,False,False,False,2,False,17,6,11,ES,ESP,724,150,Europe,Southern Europe,ESP,"5,7,None|1,4,None|Ret",
1,Italian Open,https://www.wtatennis.com/resources/v7.42.8/i/elements/itf.png,,ITF,Clay,https://www.wtatennis.com/resources/v7.42.8/i/elements/itf.png,1998-05-04,1998-05-10,1998,5,,RSA,,IT,ITA,380,150,,Europe,Southern Europe,ITA,21.0,166.0,14670.0,64M/0Q/32D,Italian Open,,Joannette Kruger,,https://www.wtatennis.com/resources/v7.42.8/i/elements/flags/rsa.svg,Round of 32,W,5-1,https://www.wtatennis.com/players/110167/joannette-kruger,True,False,False,False,False,False,False,1,False,6,5,1,ZA,ZAF,710,002,Africa,Southern Africa,RSA,"5,1,None|Ret",
1,Sydney,https://www.wtatennis.com/resources/v7.42.8/i/elements/itf.png,,ITF,Hard,https://www.wtatennis.com/resources/v7.42.8/i/elements/itf.png,1998-01-12,1998-01-18,1998,1,,FRA,,AU,AUS,036,009,,Oceania,Australasia,AUS,13.0,230.0,13900.0,32M/0Q/16D,Sydney,,Sandrine Testud,7.0,https://www.wtatennis.com/resources/v7.42.8/i/elements/flags/fra.svg,Round of 16,W,"7-65, 3-0",https://www.wtatennis.com/players/200109/sandrine-testud,True,False,False,True,False,False,True,2,True,75,10,65,FR,FRA,250,150,Europe,Western Europe,FRA,"7,65,None|3,0,None|Ret",
