id,title,logo,url,level,surface,level_logo,start_date,end_date,year,month,city,country,state,tour_code_alpha_2,tour_code_alpha_3,tour_country_code_m49,tour_region_code,alternative_name,tour_region,tour_subregion,tour_fifa,rank,entry_type,points_gain,prize_money,draw,custom_title,alt_titles,name,seed,flag,round,win_loss,score,url_profile,retired,walkover,bye,first_set_tiebreak,second_set_tiebreak,third_set_tiebreak,has_tiebreak,number_of_sets,first_set_won,total_games,winner_games,loser_games,code_alpha_2,code_alpha_3,country_code_m49,region_code,region,subregion,fifa,splitted_score
1,Australian Open,,https://www.wtatennis.com/tournaments/901/australian-open/2020,Grand Slam,Hard,https://www.wtatennis.com/resources/v7.42.0/i/elements/gs-tag.svg,2020-01-20,2020-02-02,2020,1,Melbourne,CRO,,AU,AUS,036,009,,Oceania,Australasia,AUS,20.0,W,10.0,62353.0,128M/128Q/64D,Australian Open,,Donna Vekic,19.0,https://www.wtatennis.com/resources/v7.42.0/i/elements/flags/cro.svg,Round of 128,L,"3-6, 4-6",https://www.wtatennis.com/players/318516/donna-vekic,False,False,False,False,False,False,False,2,False,19,7,12,HR,HRV,191,150,Europe,Southeastern Europe,CRO,"3,6,None|4,6,None"
1,Brisbane International,,https://www.wtatennis.com/tournaments/800/brisbane/2020,Premier,Hard,https://www.wtatennis.com/resources/v7.42.0/i/elements/500k-tag.svg,2020-01-06,2020-01-12,2020,1,Brisbane,USA,,AU,AUS,036,009,United States of America|America|USA|US,Oceania,Australasia,AUS,53.0,W,1.0,12000.0,32M/32Q/16D,Brisbane International,,Jennifer Brady,,https://www.wtatennis.com/resources/v7.42.0/i/elements/flags/usa.svg,Round of 32,L,"6-3, 1-6, 6-7 (3)",https://www.wtatennis.com/players/318358/jennifer-brady,False,False,False,False,False,True,True,3,True,29,13,16,US,USA,840,019,America,Northern America,USA,"6,3,None|1,6,None|6,7,3"
1,2019 Us Open Tennis Championships,,https://www.wtatennis.com/tournaments/905/us-open/2019,Grand Slam,Hard,https://www.wtatennis.com/resources/v7.42.0/i/elements/gs-tag.svg,2019-08-26,2019-09-07,2019,8,New York,USA,NY,US,USA,840,019,United States of America|America|USA|US,America,Northern America,USA,8.0,,10.0,58000.0,128M/128Q/64D,2019 Us Open Tennis Championships,,Serena Williams,8.0,https://www.wtatennis.com/resources/v7.42.0/i/elements/flags/usa.svg,Round of 128,L,"1-6, 1-6",https://www.wtatennis.com/players/230234/serena-williams,False,False,False,False,False,False,False,2,False,14,2,12,US,USA,840,019,America,Northern America,USA,"1,6,None|1,6,None"
1,Western & Southern Open,,https://www.wtatennis.com/tournaments/1017/cincinnati/2019,Premier 5,Hard,https://www.wtatennis.com/resources/v7.42.0/i/elements/1000k-tag.svg,2019-08-12,2019-08-18,2019,8,Cincinnati,AUS,OH,US,USA,840,019,,America,Northern America,USA,2.0,W,60.0,15600.0,64M/32Q/32D,Western & Southern Open,,Ashleigh Barty,1.0,https://www.wtatennis.com/resources/v7.42.0/i/elements/flags/aus.svg,Round of 32,L,"4-6, 1-6",https://www.wtatennis.com/players/318033/ashleigh-barty,False,False,False,False,False,False,False,2,False,17,5,12,AU,AUS,036,009,Oceania,Australasia,AUS,"4,6,None|1,6,None"
2,Western & Southern Open,,https://www.wtatennis.com/tournaments/1017/cincinnati/2019,Premier 5,Hard,https://www.wtatennis.com/resources/v7.42.0/i/elements/1000k-tag.svg,2019-08-12,2019-08-18,2019,8,Cincinnati,USA,OH,US,USA,840,019,United States of America|America|USA|US,America,Northern America,USA,37.0,W,60.0,15600.0,64M/32Q/32D,Western & Southern Open,,Alison Riske-Amritraj,,https://www.wtatennis.com/resources/v7.42.0/i/elements/flags/usa.svg,Round of 64,W,"6-3, 7-6 (4)",https://www.wtatennis.com/players/312850/alison-riske-amritraj,False,False,False,False,True,False,True,2,True,22,13,9,US,USA,840,019,America,Northern America,USA,"6,3,None|7,6,4"
1,Rogers Cup Presented By National Bank,,https://www.wtatennis.com/tournaments/806/montreal/2019,Premier 5,Hard,https://www.wtatennis.com/resources/v7.42.0/i/elements/1000k-tag.svg,2019-08-05,2019-08-11,2019,8,Toronto,EST,,CA,CAN,124,019,,America,Northern America,CAN,19.0,W,1.0,8045.0,64M/64Q/32D,Rogers Cup Presented By National Bank,,Anett Kontaveit,16.0,https://www.wtatennis.com/resources/v7.42.0/i/elements/flags/est.svg,Round of 64,L,"6-4, 3-6, 4-6",https://www.wtatennis.com/players/318425/anett-kontaveit,False,False,False,False,False,False,False,3,True,29,13,16,EE,EST,233,150,Europe,Northern Europe,EST,"6,4,None|3,6,None|4,6,None"
1,Wimbledon,,https://www.wtatennis.com/tournaments/904/wimbledon/2019,Grand Slam,Grass,https://www.wtatennis.com/resources/v7.42.0/i/elements/gs-tag.svg,2019-07-01,2019-07-14,2019,7,Wimbledon,FRA,,GB,GBR,826,150,,Europe,Northern Europe,ENG,88.0,,10.0,58241.0,128M/128Q/64D,The Championships,,Pauline Parmentier,,https://www.wtatennis.com/resources/v7.42.0/i/elements/flags/fra.svg,Round of 128,L,"6-4, 64-7, 0-5",https://www.wtatennis.com/players/160515/pauline-parmentier,True,False,False,False,True,False,True,3,True,86,70,16,FR,FRA,250,150,Europe,Western Europe,FRA,"6,4,None|64,7,None|0,5,None|Ret"
1,Mallorca Open,,https://www.wtatennis.com/tournaments/1091/mallorca/2019,International,Grass,https://www.wtatennis.com/resources/v7.42.0/i/elements/250k-tag.svg,2019-06-17,2019-06-23,2019,6,Mallorca,GER,,ES,ESP,724,150,,Europe,Southern Europe,ESP,6.0,W,30.0,3400.0,32M/32Q/16D,Mallorca Open,,Angelique Kerber,1.0,https://www.wtatennis.com/resources/v7.42.0/i/elements/flags/ger.svg,Round of 16,L,"2-6, 3-6",https://www.wtatennis.com/players/311470/angelique-kerber,False,False,False,False,False,False,False,2,False,17,5,12,DE,DEU,276,150,Europe,Central Europe,GER,"2,6,None|3,6,None"
2,Mallorca Open,,https://www.wtatennis.com/tournaments/1091/mallorca/2019,International,Grass,https://www.wtatennis.com/resources/v7.42.0/i/elements/250k-tag.svg,2019-06-17,2019-06-23,2019,6,Mallorca,SVK,,ES,ESP,724,150,,Europe,Southern Europe,ESP,46.0,W,30.0,3400.0,32M/32Q/16D,Mallorca Open,,Viktoria Hruncakova,,https://www.wtatennis.com/resources/v7.42.0/i/elements/flags/svk.svg,Round of 32,W,"7-6 (8), 6-0",https://www.wtatennis.com/players/322277/viktoria-hruncakova,False,False,False,True,False,False,True,2,True,19,13,6,SK,SVK,703,150,Europe,Central Europe,SVK,"7,6,8|6,0,None"
1,St. Petersburg Ladies Trophy,,https://www.wtatennis.com/tournaments/1086/st-petersburg/2019,Premier,Hard,https://www.wtatennis.com/resources/v7.42.0/i/elements/500k-tag.svg,2019-01-28,2019-02-03,2019,1,St. Petersburg,AUS,,RU,RUS,643,150,,Europe,Eastern Europe,RUS,12.0,,55.0,11640.0,32M/32Q/16D,St. Petersburg Ladies Trophy,,Daria Kasatkina,3.0,https://www.wtatennis.com/resources/v7.42.0/i/elements/flags/aus.svg,Round of 16,L,Walkover,https://www.wtatennis.com/players/322082/daria-kasatkina,False,True,False,False,False,False,False,0,False,0,0,0,AU,AUS,036,009,Oceania,Australasia,AUS,
2,St. Petersburg Ladies Trophy,,https://www.wtatennis.com/tournaments/1086/st-petersburg/2019,Premier,Hard,https://www.wtatennis.com/resources/v7.42.0/i/elements/500k-tag.svg,2019-01-28,2019-02-03,2019,1,St. Petersburg,AUS,,RU,RUS,643,150,,Europe,Eastern Europe,RUS,46.0,,55.0,11640.0,32M/32Q/16D,St. Petersburg Ladies Trophy,,Daria Saville,,https://www.wtatennis.com/resources/v7.42.0/i/elements/flags/aus.svg,Round of 32,W,"6-0, 6-4",https://www.wtatennis.com/players/315997/daria-saville,False,False,False,False,False,False,False,2,True,16,12,4,AU,AUS,036,009,Oceania,Australasia,AUS,"6,0,None|6,4,None"
1,Australian Open,,https://www.wtatennis.com/tournaments/901/australian-open/2019,Grand Slam,Hard,https://www.wtatennis.com/resources/v7.42.0/i/elements/gs-tag.svg,2019-01-14,2019-01-26,2019,1,Melbourne,AUS,,AU,AUS,036,009,,Oceania,Australasia,AUS,15.0,,240.0,193443.0,128M/128Q/64D,Australian Open,,Ashleigh Barty,15.0,https://www.wtatennis.com/resources/v7.42.0/i/elements/flags/aus.svg,Round of 16,L,"6-4, 1-6, 4-6",https://www.wtatennis.com/players/318033/ashleigh-barty,False,False,False,False,False,False,False,3,True,27,11,16,AU,AUS,036,009,Oceania,Australasia,AUS,"6,4,None|1,6,None|4,6,None"
2,Australian Open,,https://www.wtatennis.com/tournaments/901/australian-open/2019,Grand Slam,Hard,https://www.wtatennis.com/resources/v7.42.0/i/elements/gs-tag.svg,2019-01-14,2019-01-26,2019,1,Melbourne,DEN,,AU,AUS,036,009,,Oceania,Australasia,AUS,3.0,,240.0,193443.0,128M/128Q/64D,Australian Open,,Caroline Wozniacki,3.0,https://www.wtatennis.com/resources/v7.42.0/i/elements/flags/den.svg,Round of 32,W,"6-4, 4-6, 6-3",https://www.wtatennis.com/players/313402/caroline-wozniacki,False,False,False,False,False,False,False,3,True,29,16,13,DK,DNK,208,150,Europe,Northern Europe,DEN,"6,4,None|4,6,None|6,3,None"
3,Australian Open,,https://www.wtatennis.com/tournaments/901/australian-open/2019,Grand Slam,Hard,https://www.wtatennis.com/resources/v7.42.0/i/elements/gs-tag.svg,2019-01-14,2019-01-26,2019,1,Melbourne,SWE,,AU,AUS,036,009,,Oceania,Australasia,AUS,64.0,,240.0,193443.0,128M/128Q/64D,Australian Open,,Rebecca Peterson,,https://www.wtatennis.com/resources/v7.42.0/i/elements/flags/swe.svg,Round of 64,W,"6-2, 6-1",https://www.wtatennis.com/players/317771/rebecca-peterson,False,False,False,False,False,False,False,2,True,15,12,3,SE,SWE,752,150,Europe,Northern Europe,SWE,"6,2,None|6,1,None"
4,Australian Open,,https://www.wtatennis.com/tournaments/901/australian-open/2019,Grand Slam,Hard,https://www.wtatennis.com/resources/v7.42.0/i/elements/gs-tag.svg,2019-01-14,2019-01-26,2019,1,Melbourne,GBR,,AU,AUS,036,009,Britain|UK|Great Britain|United Kingdom,Oceania,Australasia,AUS,131.0,,240.0,193443.0,128M/128Q/64D,Australian Open,,Harriet Dart,,https://www.wtatennis.com/resources/v7.42.0/i/elements/flags/gbr.svg,Round of 128,W,"6-0, 6-0",https://www.wtatennis.com/players/319489/harriet-dart,False,False,False,False,False,False,False,2,True,12,12,0,GB,GBR,826,150,Europe,Northern Europe,ENG,"6,0,None|6,0,None"
1,Shenzhen Open,,https://www.wtatennis.com/tournaments/1063/shenzhen/2019,International,Hard,https://www.wtatennis.com/resources/v7.42.0/i/elements/250k-tag.svg,2019-12-30,2019-01-05,2019,12,Shenzhen,BLR,,CN,CHN,156,142,,Asia,East Asia,CHN,13.0,,60.0,13121.0,32M/16Q/16D,Shenzhen Open,,Aryna Sabalenka,1.0,https://www.wtatennis.com/resources/v7.42.0/i/elements/flags/blr.svg,Quarterfinals,L,"1-6, 2-4",https://www.wtatennis.com/players/320760/aryna-sabalenka,True,False,False,False,False,False,False,2,False,13,3,10,BY,BLR,112,150,Europe,Eastern Europe,BLR,"1,6,None|2,4,None|Ret"
2,Shenzhen Open,,https://www.wtatennis.com/tournaments/1063/shenzhen/2019,International,Hard,https://www.wtatennis.com/resources/v7.42.0/i/elements/250k-tag.svg,2019-12-30,2019-01-05,2019,12,Shenzhen,CHN,,CN,CHN,156,142,,Asia,East Asia,CHN,309.0,,60.0,13121.0,32M/16Q/16D,Shenzhen Open,,Xinyu Wang,,https://www.wtatennis.com/resources/v7.42.0/i/elements/flags/chn.svg,Round of 16,W,"64-7, 5-2",https://www.wtatennis.com/players/326376/xinyu-wang,True,False,False,True,False,False,True,2,False,78,69,9,CN,CHN,156,142,Asia,East Asia,CHN,"64,7,None|5,2,None|Ret"
3,Shenzhen Open,,https://www.wtatennis.com/tournaments/1063/shenzhen/2019,International,Hard,https://www.wtatennis.com/resources/v7.42.0/i/elements/250k-tag.svg,2019-12-30,2019-01-05,2019,12,Shenzhen,SUI,,CN,CHN,156,142,,Asia,East Asia,CHN,191.0,,60.0,13121.0,32M/16Q/16D,Shenzhen Open,,Timea Bacsinszky,,https://www.wtatennis.com/resources/v7.42.0/i/elements/flags/sui.svg,Round of 32,W,"6-2, 7-6 (3)",https://www.wtatennis.com/players/311579/timea-bacsinszky,False,False,False,False,True,False,True,2,True,21,13,8,CH,CHE,756,150,Europe,Central Europe,SUI,"6,2,None|7,6,3"
1,2018 Us Open Tennis Championships,,https://www.wtatennis.com/tournaments/905/us-open/2018,Grand Slam,Hard,https://www.wtatennis.com/resources/v7.42.0/i/elements/gs-tag.svg,2018-08-27,2018-09-09,2018,8,New York,ESP,NY,US,USA,840,019,Kingdom of Spain,America,Northern America,USA,24.0,,240.0,266000.0,128M/128Q/64D,2018 Us Open Tennis Championships,,Carla Suárez Navarro,30.0,https://www.wtatennis.com/resources/v7.42.0/i/elements/flags/esp.svg,Round of 16,L,"4-6, 3-6",https://www.wtatennis.com/players/311338/carla-su-rez-navarro,False,False,False,False,False,False,False,2,False,19,7,12,ES,ESP,724,150,Europe,Southern Europe,ESP,"4,6,None|3,6,None"
2,2018 Us Open Tennis Championships,,https://www.wtatennis.com/tournaments/905/us-open/2018,Grand Slam,Hard,https://www.wtatennis.com/resources/v7.42.0/i/elements/gs-tag.svg,2018-08-27,2018-09-09,2018,8,New York,LAT,NY,US,USA,840,019,,America,Northern America,USA,10.0,,240.0,266000.0,128M/128Q/64D,2018 Us Open Tennis Championships,,Jelena Ostapenko,10.0,https://www.wtatennis.com/resources/v7.42.0/i/elements/flags/lat.svg,Round of 32,W,"6-3, 6-2",https://www.wtatennis.com/players/319939/jelena-ostapenko,False,False,False,False,False,False,False,2,True,17,12,5,,,,,,,LAT,"6,3,None|6,2,None"
3,2018 Us Open Tennis Championships,,https://www.wtatennis.com/tournaments/905/us-open/2018,Grand Slam,Hard,https://www.wtatennis.com/resources/v7.42.0/i/elements/gs-tag.svg,2018-08-27,2018-09-09,2018,8,New York,ROU,NY,US,USA,840,019,,America,Northern America,USA,51.0,,240.0,266000.0,128M/128Q/64D,2018 Us Open Tennis Championships,,Sorana Cirstea,,https://www.wtatennis.com/resources/v7.42.0/i/elements/flags/rou.svg,Round of 64,W,"6-2, 7-5",https://www.wtatennis.com/players/312469/sorana-cirstea,False,False,False,False,False,False,False,2,True,20,13,7,RO,ROU,642,150,Europe,Southeastern Europe,ROU,"6,2,None|7,5,None"
4,2018 Us Open Tennis Championships,,https://www.wtatennis.com/tournaments/905/us-open/2018,Grand Slam,Hard,https://www.wtatennis.com/resources/v7.42.0/i/elements/gs-tag.svg,2018-08-27,2018-09-09,2018,8,New York,SUI,NY,US,USA,840,019,,America,Northern America,USA,186.0,,240.0,266000.0,128M/128Q/64D,2018 Us Open Tennis Championships,,Patty Schnyder,,https://www.wtatennis.com/resources/v7.42.0/i/elements/flags/sui.svg,Round of 128,W,"6-2, 7-6 (6)",https://www.wtatennis.com/players/190519/patty-schnyder,False,False,False,False,True,False,True,2,True,21,13,8,CH,CHE,756,150,Europe,Central Europe,SUI,"6,2,None|7,6,6"
1,Rogers Cup Presented By National Bank,,https://www.wtatennis.com/tournaments/806/montreal/2018,Premier 5,Hard,https://www.wtatennis.com/resources/v7.42.0/i/elements/1000k-tag.svg,2018-08-06,2018-08-12,2018,8,Montreal,FRA,,CA,CAN,124,019,,America,Northern America,CAN,6.0,,105.0,29010.0,64M/64Q/32D,Rogers Cup Presented By National Bank,,Caroline Garcia,6.0,https://www.wtatennis.com/resources/v7.42.0/i/elements/flags/fra.svg,Round of 16,L,"3-6, 2-6",https://www.wtatennis.com/players/315391/caroline-garcia,False,False,False,False,False,False,False,2,False,17,5,12,FR,FRA,250,150,Europe,Western Europe,FRA,"3,6,None|2,6,None"
2,Rogers Cup Presented By National Bank,,https://www.wtatennis.com/tournaments/806/montreal/2018,Premier 5,Hard,https://www.wtatennis.com/resources/v7.42.0/i/elements/1000k-tag.svg,2018-08-06,2018-08-12,2018,8,Montreal,AUS,,CA,CAN,124,019,,America,Northern America,CAN,12.0,,105.0,29010.0,64M/64Q/32D,Rogers Cup Presented By National Bank,,Daria Kasatkina,12.0,https://www.wtatennis.com/resources/v7.42.0/i/elements/flags/aus.svg,Round of 32,W,"6-0, 6-2",https://www.wtatennis.com/players/322082/daria-kasatkina,False,False,False,False,False,False,False,2,True,14,12,2,AU,AUS,036,009,Oceania,Australasia,AUS,"6,0,None|6,2,None"
3,Rogers Cup Presented By National Bank,,https://www.wtatennis.com/tournaments/806/montreal/2018,Premier 5,Hard,https://www.wtatennis.com/resources/v7.42.0/i/elements/1000k-tag.svg,2018-08-06,2018-08-12,2018,8,Montreal,BUL,,CA,CAN,124,019,,America,Northern America,CAN,229.0,,105.0,29010.0,64M/64Q/32D,Rogers Cup Presented By National Bank,,Sesil Karatantcheva,,https://www.wtatennis.com/resources/v7.42.0/i/elements/flags/bul.svg,Round of 64,W,"6-1, 6-2",https://www.wtatennis.com/players/311810/sesil-karatantcheva,False,False,False,False,False,False,False,2,True,15,12,3,BG,BGR,100,150,Europe,Southeastern Europe,BUL,"6,1,None|6,2,None"
1,Wimbledon,,https://www.wtatennis.com/tournaments/904/wimbledon/2018,Grand Slam,Grass,https://www.wtatennis.com/resources/v7.42.0/i/elements/gs-tag.svg,2018-07-02,2018-07-15,2018,7,Wimbledon,RUS,,GB,GBR,826,150,,Europe,Northern Europe,ENG,132.0,,10.0,53716.0,128M/128Q/64D,The Championships,,Vitalia Diatchenko,,https://www.wtatennis.com/resources/v7.42.0/i/elements/flags/rus.svg,Round of 128,L,"7-6 (3), 6-7 (3), 4-6",https://www.wtatennis.com/players/315030/vitalia-diatchenko,False,False,False,True,True,False,True,3,True,36,17,19,RU,RUS,643,150,Europe,Eastern Europe,RUS,"7,6,3|6,7,3|4,6,None"
1,Roland Garros,,https://www.wtatennis.com/tournaments/903/roland-garros/2018,Grand Slam,Clay,https://www.wtatennis.com/resources/v7.42.0/i/elements/gs-tag.svg,2018-05-27,2018-06-10,2018,5,Paris,ESP,,FR,FRA,250,150,Kingdom of Spain,Europe,Western Europe,FRA,3.0,,430.0,446970.0,128M/128Q/64D,Championnats Internationaux De France,,Garbiñe Muguruza,3.0,https://www.wtatennis.com/resources/v7.42.0/i/elements/flags/esp.svg,Quarterfinals,L,"2-6, 1-6",https://www.wtatennis.com/players/316239/garbi-e-muguruza,False,False,False,False,False,False,False,2,False,15,3,12,ES,ESP,724,150,Europe,Southern Europe,ESP,"2,6,None|1,6,None"
2,Roland Garros,,https://www.wtatennis.com/tournaments/903/roland-garros/2018,Grand Slam,Clay,https://www.wtatennis.com/resources/v7.42.0/i/elements/gs-tag.svg,2018-05-27,2018-06-10,2018,5,Paris,USA,,FR,FRA,250,150,United States of America|America|USA|US,Europe,Western Europe,FRA,451.0,,430.0,446970.0,128M/128Q/64D,Championnats Internationaux De France,,Serena Williams,,https://www.wtatennis.com/resources/v7.42.0/i/elements/flags/usa.svg,Round of 16,W,Walkover,https://www.wtatennis.com/players/230234/serena-williams,False,True,False,False,False,False,False,0,False,0,0,0,US,USA,840,019,America,Northern America,USA,
3,Roland Garros,,https://www.wtatennis.com/tournaments/903/roland-garros/2018,Grand Slam,Clay,https://www.wtatennis.com/resources/v7.42.0/i/elements/gs-tag.svg,2018-05-27,2018-06-10,2018,5,Paris,CZE,,FR,FRA,250,150,,Europe,Western Europe,FRA,6.0,,430.0,446970.0,128M/128Q/64D,Championnats Internationaux De France,,Karolina Pliskova,6.0,https://www.wtatennis.com/resources/v7.42.0/i/elements/flags/cze.svg,Round of 32,W,"6-2, 6-1",https://www.wtatennis.com/players/313974/karolina-pliskova,False,False,False,False,False,False,False,2,True,15,12,3,CZ,CZE,203,150,Europe,Central Europe,CZE,"6,2,None|6,1,None"
4,Roland Garros,,https://www.wtatennis.com/tournaments/903/roland-garros/2018,Grand Slam,Clay,https://www.wtatennis.com/resources/v7.42.0/i/elements/gs-tag.svg,2018-05-27,2018-06-10,2018,5,Paris,CRO,,FR,FRA,250,150,,Europe,Western Europe,FRA,50.0,,430.0,446970.0,128M/128Q/64D,Championnats Internationaux De France,,Donna Vekic,,https://www.wtatennis.com/resources/v7.42.0/i/elements/flags/cro.svg,Round of 64,W,"7-5, 6-4",https://www.wtatennis.com/players/318516/donna-vekic,False,False,False,False,False,False,False,2,True,22,13,9,HR,HRV,191,150,Europe,Southeastern Europe,CRO,"7,5,None|6,4,None"
5,Roland Garros,,https://www.wtatennis.com/tournaments/903/roland-garros/2018,Grand Slam,Clay,https://www.wtatennis.com/resources/v7.42.0/i/elements/gs-tag.svg,2018-05-27,2018-06-10,2018,5,Paris,NED,,FR,FRA,250,150,,Europe,Western Europe,FRA,133.0,,430.0,446970.0,128M/128Q/64D,Championnats Internationaux De France,,Richel Hogenkamp,,https://www.wtatennis.com/resources/v7.42.0/i/elements/flags/ned.svg,Round of 128,W,"6-1, 4-6, 6-3",https://www.wtatennis.com/players/317263/richel-hogenkamp,False,False,False,False,False,False,False,3,True,26,16,10,NL,NLD,528,150,Europe,Western Europe,NED,"6,1,None|4,6,None|6,3,None"
1,Internazionali Bnl D'Italia,,https://www.wtatennis.com/tournaments/709/rome/2018,Premier 5,Clay,https://www.wtatennis.com/resources/v7.42.0/i/elements/1000k-tag.svg,2018-05-14,2018-05-20,2018,5,Rome,ROU,,IT,ITA,380,150,,Europe,Southern Europe,ITA,1.0,,350.0,156971.0,64M/32Q/32D,Internazionali Bnl D'Italia,,Simona Halep,1.0,https://www.wtatennis.com/resources/v7.42.0/i/elements/flags/rou.svg,Semifinals,L,"6-4, 1-6, 4-6",https://www.wtatennis.com/players/314320/simona-halep,False,False,False,False,False,False,False,3,True,27,11,16,RO,ROU,642,150,Europe,Southeastern Europe,ROU,"6,4,None|1,6,None|4,6,None"
2,Internazionali Bnl D'Italia,,https://www.wtatennis.com/tournaments/709/rome/2018,Premier 5,Clay,https://www.wtatennis.com/resources/v7.42.0/i/elements/1000k-tag.svg,2018-05-14,2018-05-20,2018,5,Rome,LAT,,IT,ITA,380,150,,Europe,Southern Europe,ITA,6.0,,350.0,156971.0,64M/32Q/32D,Internazionali Bnl D'Italia,,Jelena Ostapenko,5.0,https://www.wtatennis.com/resources/v7.42.0/i/elements/flags/lat.svg,Quarterfinals,W,"6-7 (6), 6-4, 7-5",https://www.wtatennis.com/players/319939/jelena-ostapenko,False,False,False,True,False,False,True,3,False,35,19,16,,,,,,,LAT,"6,7,6|6,4,None|7,5,None"
3,Internazionali Bnl D'Italia,,https://www.wtatennis.com/tournaments/709/rome/2018,Premier 5,Clay,https://www.wtatennis.com/resources/v7.42.0/i/elements/1000k-tag.svg,2018-05-14,2018-05-20,2018,5,Rome,AUS,,IT,ITA,380,150,,Europe,Southern Europe,ITA,24.0,,350.0,156971.0,64M/32Q/32D,Internazionali Bnl D'Italia,,Daria Saville,,https://www.wtatennis.com/resources/v7.42.0/i/elements/flags/aus.svg,Round of 16,W,"6-3, 6-4",https://www.wtatennis.com/players/315997/daria-saville,False,False,False,False,False,False,False,2,True,19,12,7,AU,AUS,036,009,Oceania,Australasia,AUS,"6,3,None|6,4,None"
4,Internazionali Bnl D'Italia,,https://www.wtatennis.com/tournaments/709/rome/2018,Premier 5,Clay,https://www.wtatennis.com/resources/v7.42.0/i/elements/1000k-tag.svg,2018-05-14,2018-05-20,2018,5,Rome,SVK,,IT,ITA,380,150,,Europe,Southern Europe,ITA,34.0,,350.0,156971.0,64M/32Q/32D,Internazionali Bnl D'Italia,,Dominika Cibulkova,,https://www.wtatennis.com/resources/v7.42.0/i/elements/flags/svk.svg,Round of 32,W,"3-6, 6-4, 6-2",https://www.wtatennis.com/players/312894/dominika-cibulkova,False,False,False,False,False,False,False,3,False,27,15,12,SK,SVK,703,150,Europe,Central Europe,SVK,"3,6,None|6,4,None|6,2,None"
5,Internazionali Bnl D'Italia,,https://www.wtatennis.com/tournaments/709/rome/2018,Premier 5,Clay,https://www.wtatennis.com/resources/v7.42.0/i/elements/1000k-tag.svg,2018-05-14,2018-05-20,2018,5,Rome,AUS,,IT,ITA,380,150,,Europe,Southern Europe,ITA,18.0,,350.0,156971.0,64M/32Q/32D,Internazionali Bnl D'Italia,,Ashleigh Barty,16.0,https://www.wtatennis.com/resources/v7.42.0/i/elements/flags/aus.svg,Round of 64,W,"7-5, 3-6, 6-2",https://www.wtatennis.com/players/318033/ashleigh-barty,False,False,False,False,False,False,False,3,True,29,16,13,AU,AUS,036,009,Oceania,Australasia,AUS,"7,5,None|3,6,None|6,2,None"
1,Mutua Madrid Open,,https://www.wtatennis.com/tournaments/1038/madrid/2018,Premier Mandatory,Clay,https://www.wtatennis.com/resources/v7.42.0/i/elements/1000k-tag.svg,2018-05-05,2018-05-12,2018,5,Madrid,NED,,ES,ESP,724,150,,Europe,Southern Europe,ESP,20.0,,215.0,176368.0,64M/32Q/32D,Mutua Madrid Open,,Kiki Bertens,,https://www.wtatennis.com/resources/v7.42.0/i/elements/flags/ned.svg,Quarterfinals,L,"6-4, 2-6, 3-6",https://www.wtatennis.com/players/314584/kiki-bertens,False,False,False,False,False,False,False,3,True,27,11,16,NL,NLD,528,150,Europe,Western Europe,NED,"6,4,None|2,6,None|3,6,None"
2,Mutua Madrid Open,,https://www.wtatennis.com/tournaments/1038/madrid/2018,Premier Mandatory,Clay,https://www.wtatennis.com/resources/v7.42.0/i/elements/1000k-tag.svg,2018-05-05,2018-05-12,2018,5,Madrid,FRA,,ES,ESP,724,150,,Europe,Southern Europe,ESP,22.0,,215.0,176368.0,64M/32Q/32D,Mutua Madrid Open,,Kristina Mladenovic,,https://www.wtatennis.com/resources/v7.42.0/i/elements/flags/fra.svg,Round of 16,W,"6-3, 6-4",https://www.wtatennis.com/players/315616/kristina-mladenovic,False,False,False,False,False,False,False,2,True,19,12,7,FR,FRA,250,150,Europe,Western Europe,FRA,"6,3,None|6,4,None"
3,Mutua Madrid Open,,https://www.wtatennis.com/tournaments/1038/madrid/2018,Premier Mandatory,Clay,https://www.wtatennis.com/resources/v7.42.0/i/elements/1000k-tag.svg,2018-05-05,2018-05-12,2018,5,Madrid,ROU,,ES,ESP,724,150,,Europe,Southern Europe,ESP,38.0,,215.0,176368.0,64M/32Q/32D,Mutua Madrid Open,,Irina-Camelia Begu,,https://www.wtatennis.com/resources/v7.42.0/i/elements/flags/rou.svg,Round of 32,W,"7-5, 6-1",https://www.wtatennis.com/players/313169/irina-camelia-begu,False,False,False,False,False,False,False,2,True,19,13,6,RO,ROU,642,150,Europe,Southeastern Europe,ROU,"7,5,None|6,1,None"
4,Mutua Madrid Open,,https://www.wtatennis.com/tournaments/1038/madrid/2018,Premier Mandatory,Clay,https://www.wtatennis.com/resources/v7.42.0/i/elements/1000k-tag.svg,2018-05-05,2018-05-12,2018,5,Madrid,ROU,,ES,ESP,724,150,,Europe,Southern Europe,ESP,32.0,,215.0,176368.0,64M/32Q/32D,Mutua Madrid Open,,Mihaela Buzarnescu,,https://www.wtatennis.com/resources/v7.42.0/i/elements/flags/rou.svg,Round of 64,W,"6-4, 6-1",https://www.wtatennis.com/players/312268/mihaela-buzarnescu,False,False,False,False,False,False,False,2,True,17,12,5,RO,ROU,642,150,Europe,Southeastern Europe,ROU,"6,4,None|6,1,None"
1,Porsche Tennis Grand Prix,,https://www.wtatennis.com/tournaments/1051/stuttgart/2018,Premier,Clay,https://www.wtatennis.com/resources/v7.42.0/i/elements/500k-tag.svg,2018-04-23,2018-04-29,2018,4,Stuttgart,FRA,,DE,DEU,276,150,,Europe,Central Europe,GER,7.0,W,1.0,7315.0,32M/32Q/16D,Porsche Tennis Grand Prix,,Caroline Garcia,6.0,https://www.wtatennis.com/resources/v7.42.0/i/elements/flags/fra.svg,Round of 32,L,"6-3, 6-7 (6), 4-6",https://www.wtatennis.com/players/315391/caroline-garcia,False,False,False,False,True,False,True,3,True,32,16,16,FR,FRA,250,150,Europe,Western Europe,FRA,"6,3,None|6,7,6|4,6,None"
1,Bnp Paribas Open,,https://www.wtatennis.com/tournaments/609/indian-wells/2018,Premier Mandatory,Hard,https://www.wtatennis.com/resources/v7.42.0/i/elements/1000k-tag.svg,2018-03-07,2018-03-18,2018,3,Indian Wells,JPN,CA,US,USA,840,019,,America,Northern America,USA,44.0,,10.0,15610.0,128M/64Q/32D,Bnp Paribas Open,,Naomi Osaka,,https://www.wtatennis.com/resources/v7.42.0/i/elements/flags/jpn.svg,Round of 128,L,"4-6, 4-6",https://www.wtatennis.com/players/319998/naomi-osaka,False,False,False,False,False,False,False,2,False,20,8,12,JP,JPN,392,142,Asia,East Asia,JPN,"4,6,None|4,6,None"
1,Qatar Total Open 2018,,https://www.wtatennis.com/tournaments/1003/doha/2018,Premier 5,Hard,https://www.wtatennis.com/resources/v7.42.0/i/elements/1000k-tag.svg,2018-02-12,2018-02-18,2018,2,Doha,ROU,,QA,QAT,634,142,,Asia,Western Asia,QAT,92.0,W,1.0,8900.0,64M/32Q/32D,Qatar Total Open 2018,,Monica Niculescu,,https://www.wtatennis.com/resources/v7.42.0/i/elements/flags/rou.svg,Round of 64,L,"6-4, 4-6, 3-6",https://www.wtatennis.com/players/310775/monica-niculescu,False,False,False,False,False,False,False,3,True,29,13,16,RO,ROU,642,150,Europe,Southeastern Europe,ROU,"6,4,None|4,6,None|3,6,None"
1,Australian Open,,https://www.wtatennis.com/tournaments/901/australian-open/2018,Grand Slam,Hard,https://www.wtatennis.com/resources/v7.42.0/i/elements/gs-tag.svg,2018-01-15,2018-01-28,2018,1,Melbourne,GER,,AU,AUS,036,009,,Oceania,Australasia,AUS,16.0,,130.0,108120.0,128M/128Q/64D,Australian Open,,Angelique Kerber,21.0,https://www.wtatennis.com/resources/v7.42.0/i/elements/flags/ger.svg,Round of 32,L,"1-6, 3-6",https://www.wtatennis.com/players/311470/angelique-kerber,False,False,False,False,False,False,False,2,False,16,4,12,DE,DEU,276,150,Europe,Central Europe,GER,"1,6,None|3,6,None"
2,Australian Open,,https://www.wtatennis.com/tournaments/901/australian-open/2018,Grand Slam,Hard,https://www.wtatennis.com/resources/v7.42.0/i/elements/gs-tag.svg,2018-01-15,2018-01-28,2018,1,Melbourne,LAT,,AU,AUS,036,009,,Oceania,Australasia,AUS,15.0,,130.0,108120.0,128M/128Q/64D,Australian Open,,Anastasija Sevastova,14.0,https://www.wtatennis.com/resources/v7.42.0/i/elements/flags/lat.svg,Round of 64,W,"6-1, 7-6 (4)",https://www.wtatennis.com/players/313987/anastasija-sevastova,False,False,False,False,True,False,True,2,True,20,13,7,,,,,,,LAT,"6,1,None|7,6,4"
3,Australian Open,,https://www.wtatennis.com/tournaments/901/australian-open/2018,Grand Slam,Hard,https://www.wtatennis.com/resources/v7.42.0/i/elements/gs-tag.svg,2018-01-15,2018-01-28,2018,1,Melbourne,GER,,AU,AUS,036,009,,Oceania,Australasia,AUS,47.0,,130.0,108120.0,128M/128Q/64D,Australian Open,,Tatjana Maria,,https://www.wtatennis.com/resources/v7.42.0/i/elements/flags/ger.svg,Round of 128,W,"6-1, 6-4",https://www.wtatennis.com/players/310440/tatjana-maria,False,False,False,False,False,False,False,2,True,17,12,5,DE,DEU,276,150,Europe,Central Europe,GER,"6,1,None|6,4,None"
1,Shenzhen Open,,https://www.wtatennis.com/tournaments/1063/shenzhen/2018,International,Hard,https://www.wtatennis.com/resources/v7.42.0/i/elements/250k-tag.svg,2018-12-31,2018-01-06,2018,12,Shenzhen,CZE,,CN,CHN,156,142,,Asia,East Asia,CHN,47.0,,110.0,43663.0,32M/16Q/16D,Shenzhen Open,,Katerina Siniakova,6.0,https://www.wtatennis.com/resources/v7.42.0/i/elements/flags/cze.svg,Semifinals,L,"2-6, 6-3, 3-6",https://www.wtatennis.com/players/320301/katerina-siniakova,False,False,False,False,False,False,False,3,False,26,11,15,CZ,CZE,203,150,Europe,Central Europe,CZE,"2,6,None|6,3,None|3,6,None"
2,Shenzhen Open,,https://www.wtatennis.com/tournaments/1063/shenzhen/2018,International,Hard,https://www.wtatennis.com/resources/v7.42.0/i/elements/250k-tag.svg,2018-12-31,2018-01-06,2018,12,Shenzhen,KAZ,,CN,CHN,156,142,,Asia,East Asia,CHN,66.0,,110.0,43663.0,32M/16Q/16D,Shenzhen Open,,Zarina Diyas,,https://www.wtatennis.com/resources/v7.42.0/i/elements/flags/kaz.svg,Quarterfinals,W,"6-3, 6-3",https://www.wtatennis.com/players/315696/zarina-diyas,False,False,False,False,False,False,False,2,True,18,12,6,KZ,KAZ,398,142,Asia,Central Asia,KAZ,"6,3,None|6,3,None"
3,Shenzhen Open,,https://www.wtatennis.com/tournaments/1063/shenzhen/2018,International,Hard,https://www.wtatennis.com/resources/v7.42.0/i/elements/250k-tag.svg,2018-12-31,2018-01-06,2018,12,Shenzhen,USA,,CN,CHN,156,142,United States of America|America|USA|US,Asia,East Asia,CHN,70.0,,110.0,43663.0,32M/16Q/16D,Shenzhen Open,,Alison Riske-Amritraj,,https://www.wtatennis.com/resources/v7.42.0/i/elements/flags/usa.svg,Round of 16,W,"4-6, 6-3, 6-2",https://www.wtatennis.com/players/312850/alison-riske-amritraj,False,False,False,False,False,False,False,3,False,27,16,11,US,USA,840,019,America,Northern America,USA,"4,6,None|6,3,None|6,2,None"
4,Shenzhen Open,,https://www.wtatennis.com/tournaments/1063/shenzhen/2018,International,Hard,https://www.wtatennis.com/resources/v7.42.0/i/elements/250k-tag.svg,2018-12-31,2018-01-06,2018,12,Shenzhen,ROU,,CN,CHN,156,142,,Asia,East Asia,CHN,56.0,,110.0,43663.0,32M/16Q/16D,Shenzhen Open,,Mihaela Buzarnescu,,https://www.wtatennis.com/resources/v7.42.0/i/elements/flags/rou.svg,Round of 32,W,"6-3, 6-0",https://www.wtatennis.com/players/312268/mihaela-buzarnescu,False,False,False,False,False,False,False,2,True,15,12,3,RO,ROU,642,150,Europe,Southeastern Europe,ROU,"6,3,None|6,0,None"
1,Vtb Kremlin Cup,,https://www.wtatennis.com/tournaments/730/moscow/2017,Premier,Hard,https://www.wtatennis.com/resources/v7.42.0/i/elements/500k-tag.svg,2017-10-16,2017-10-21,2017,10,Moscow,SVK,,RU,RUS,643,150,,Europe,Eastern Europe,RUS,26.0,W,1.0,7700.0,32M/32Q/16D,Vtb Kremlin Cup,,Magdalena Rybarikova,8.0,https://www.wtatennis.com/resources/v7.42.0/i/elements/flags/svk.svg,Round of 32,L,"6-7 (3), 4-6",https://www.wtatennis.com/players/312580/magdalena-rybarikova,False,False,False,True,False,False,True,2,False,23,10,13,SK,SVK,703,150,Europe,Central Europe,SVK,"6,7,3|4,6,None"
1,Tianjin Open,,https://www.wtatennis.com/tournaments/1076/tianjin/2017,International,Hard,https://www.wtatennis.com/resources/v7.42.0/i/elements/250k-tag.svg,2017-10-09,2017-10-15,2017,10,Tianjin,BLR,,CN,CHN,156,142,,Asia,East Asia,CHN,102.0,W,280.0,111164.0,32M/32Q/16D,Tianjin Open,,Aryna Sabalenka,,https://www.wtatennis.com/resources/v7.42.0/i/elements/flags/blr.svg,Finals,W,"7-5, 7-6 (8)",https://www.wtatennis.com/players/320760/aryna-sabalenka,False,False,False,False,True,False,True,2,True,25,14,11,BY,BLR,112,150,Europe,Eastern Europe,BLR,"7,5,None|7,6,8"
2,Tianjin Open,,https://www.wtatennis.com/tournaments/1076/tianjin/2017,International,Hard,https://www.wtatennis.com/resources/v7.42.0/i/elements/250k-tag.svg,2017-10-09,2017-10-15,2017,10,Tianjin,CHN,,CN,CHN,156,142,,Asia,East Asia,CHN,25.0,W,280.0,111164.0,32M/32Q/16D,Tianjin Open,,Shuai Peng,3.0,https://www.wtatennis.com/resources/v7.42.0/i/elements/flags/chn.svg,Semifinals,W,"6-3, 6-1",https://www.wtatennis.com/players/160471/shuai-peng,False,False,False,False,False,False,False,2,True,16,12,4,CN,CHN,156,142,Asia,East Asia,CHN,"6,3,None|6,1,None"
3,Tianjin Open,,https://www.wtatennis.com/tournaments/1076/tianjin/2017,International,Hard,https://www.wtatennis.com/resources/v7.42.0/i/elements/250k-tag.svg,2017-10-09,2017-10-15,2017,10,Tianjin,SUI,,CN,CHN,156,142,,Asia,East Asia,CHN,196.0,W,280.0,111164.0,32M/32Q/16D,Tianjin Open,,Stefanie Voegele,,https://www.wtatennis.com/resources/v7.42.0/i/elements/flags/sui.svg,Quarterfinals,W,"6-3, 6-1",https://www.wtatennis.com/players/312336/stefanie-voegele,False,False,False,False,False,False,False,2,True,16,12,4,CH,CHE,756,150,Europe,Central Europe,SUI,"6,3,None|6,1,None"
4,Tianjin Open,,https://www.wtatennis.com/tournaments/1076/tianjin/2017,International,Hard,https://www.wtatennis.com/resources/v7.42.0/i/elements/250k-tag.svg,2017-10-09,2017-10-15,2017,10,Tianjin,POL,,CN,CHN,156,142,,Asia,East Asia,CHN,71.0,W,280.0,111164.0,32M/32Q/16D,Tianjin Open,,Magda Linette,,https://www.wtatennis.com/resources/v7.42.0/i/elements/flags/pol.svg,Round of 16,W,"7-5, 6-3",https://www.wtatennis.com/players/315130/magda-linette,False,False,False,False,False,False,False,2,True,21,13,8,PL,POL,616,150,Europe,Central Europe,POL,"7,5,None|6,3,None"
5,Tianjin Open,,https://www.wtatennis.com/tournaments/1076/tianjin/2017,International,Hard,https://www.wtatennis.com/resources/v7.42.0/i/elements/250k-tag.svg,2017-10-09,2017-10-15,2017,10,Tianjin,ROU,,CN,CHN,156,142,,Asia,East Asia,CHN,57.0,W,280.0,111164.0,32M/32Q/16D,Tianjin Open,,Irina-Camelia Begu,9.0,https://www.wtatennis.com/resources/v7.42.0/i/elements/flags/rou.svg,Round of 32,W,"6-4, 6-2",https://www.wtatennis.com/players/313169/irina-camelia-begu,False,False,False,False,False,False,False,2,True,18,12,6,RO,ROU,642,150,Europe,Southeastern Europe,ROU,"6,4,None|6,2,None"
1,China Open,,https://www.wtatennis.com/tournaments/1020/beijing/2017,Premier Mandatory,Hard,https://www.wtatennis.com/resources/v7.42.0/i/elements/1000k-tag.svg,2017-09-30,2017-10-08,2017,9,Beijing,ROU,,CN,CHN,156,142,,Asia,East Asia,CHN,2.0,W,120.0,71774.0,64M/32Q/32D,China Open,,Simona Halep,2.0,https://www.wtatennis.com/resources/v7.42.0/i/elements/flags/rou.svg,Round of 16,L,"2-6, 2-6",https://www.wtatennis.com/players/314320/simona-halep,False,False,False,False,False,False,False,2,False,16,4,12,RO,ROU,642,150,Europe,Southeastern Europe,ROU,"2,6,None|2,6,None"
2,China Open,,https://www.wtatennis.com/tournaments/1020/beijing/2017,Premier Mandatory,Hard,https://www.wtatennis.com/resources/v7.42.0/i/elements/1000k-tag.svg,2017-09-30,2017-10-08,2017,9,Beijing,RUS,,CN,CHN,156,142,,Asia,East Asia,CHN,33.0,W,120.0,71774.0,64M/32Q/32D,China Open,,Ekaterina Makarova,,https://www.wtatennis.com/resources/v7.42.0/i/elements/flags/rus.svg,Round of 32,W,"6-4, 4-6, 6-1",https://www.wtatennis.com/players/311604/ekaterina-makarova,False,False,False,False,False,False,False,3,True,27,16,11,RU,RUS,643,150,Europe,Eastern Europe,RUS,"6,4,None|4,6,None|6,1,None"
3,China Open,,https://www.wtatennis.com/tournaments/1020/beijing/2017,Premier Mandatory,Hard,https://www.wtatennis.com/resources/v7.42.0/i/elements/1000k-tag.svg,2017-09-30,2017-10-08,2017,9,Beijing,LAT,,CN,CHN,156,142,,Asia,East Asia,CHN,19.0,W,120.0,71774.0,64M/32Q/32D,China Open,,Anastasija Sevastova,16.0,https://www.wtatennis.com/resources/v7.42.0/i/elements/flags/lat.svg,Round of 64,W,"7-6 (3), 5-7, 7-6 (7)",https://www.wtatennis.com/players/313987/anastasija-sevastova,False,False,False,True,False,True,True,3,True,38,19,19,,,,,,,LAT,"7,6,3|5,7,None|7,6,7"
1,2017 Us Open Tennis Championships,,https://www.wtatennis.com/tournaments/905/us-open/2017,Grand Slam,Hard,https://www.wtatennis.com/resources/v7.42.0/i/elements/gs-tag.svg,2017-08-28,2017-09-10,2017,8,New York,LAT,NY,US,USA,840,019,,America,Northern America,USA,17.0,W,240.0,253625.0,128M/128Q/64D,2017 Us Open Tennis Championships,,Anastasija Sevastova,16.0,https://www.wtatennis.com/resources/v7.42.0/i/elements/flags/lat.svg,Round of 16,L,"7-5, 4-6, 2-6",https://www.wtatennis.com/players/313987/anastasija-sevastova,False,False,False,False,False,False,False,3,True,30,13,17,,,,,,,LAT,"7,5,None|4,6,None|2,6,None"
2,2017 Us Open Tennis Championships,,https://www.wtatennis.com/tournaments/905/us-open/2017,Grand Slam,Hard,https://www.wtatennis.com/resources/v7.42.0/i/elements/gs-tag.svg,2017-08-28,2017-09-10,2017,8,New York,USA,NY,US,USA,840,019,United States of America|America|USA|US,America,Northern America,USA,139.0,W,240.0,253625.0,128M/128Q/64D,2017 Us Open Tennis Championships,,Sofia Kenin,,https://www.wtatennis.com/resources/v7.42.0/i/elements/flags/usa.svg,Round of 32,W,"7-5, 6-2",https://www.wtatennis.com/players/320942/sofia-kenin,False,False,False,False,False,False,False,2,True,20,13,7,US,USA,840,019,America,Northern America,USA,"7,5,None|6,2,None"
3,2017 Us Open Tennis Championships,,https://www.wtatennis.com/tournaments/905/us-open/2017,Grand Slam,Hard,https://www.wtatennis.com/resources/v7.42.0/i/elements/gs-tag.svg,2017-08-28,2017-09-10,2017,8,New York,HUN,NY,US,USA,840,019,,America,Northern America,USA,59.0,W,240.0,253625.0,128M/128Q/64D,2017 Us Open Tennis Championships,,Timea Babos,,https://www.wtatennis.com/resources/v7.42.0/i/elements/flags/hun.svg,Round of 64,W,"6-7 (4), 6-4, 6-1",https://www.wtatennis.com/players/317070/timea-babos,False,False,False,True,False,False,True,3,False,30,18,12,HU,HUN,348,150,Europe,Central Europe,HUN,"6,7,4|6,4,None|6,1,None"
4,2017 Us Open Tennis Championships,,https://www.wtatennis.com/tournaments/905/us-open/2017,Grand Slam,Hard,https://www.wtatennis.com/resources/v7.42.0/i/elements/gs-tag.svg,2017-08-28,2017-09-10,2017,8,New York,ROU,NY,US,USA,840,019,,America,Northern America,USA,2.0,W,240.0,253625.0,128M/128Q/64D,2017 Us Open Tennis Championships,,Simona Halep,2.0,https://www.wtatennis.com/resources/v7.42.0/i/elements/flags/rou.svg,Round of 128,W,"6-4, 4-6, 6-3",https://www.wtatennis.com/players/314320/simona-halep,False,False,False,False,False,False,False,3,True,29,16,13,RO,ROU,642,150,Europe,Southeastern Europe,ROU,"6,4,None|4,6,None|6,3,None"
1,Bank Of The West Classic,,https://www.wtatennis.com/tournaments/703/san-jose/2017,Premier,Hard,https://www.wtatennis.com/resources/v7.42.0/i/elements/500k-tag.svg,2017-07-31,2017-08-06,2017,7,Stanford,UKR,CA,US,USA,840,019,,America,Northern America,USA,32.0,W,55.0,11025.0,32M/16Q/16D,Bank Of The West Classic,,Lesia Tsurenko,7.0,https://www.wtatennis.com/resources/v7.42.0/i/elements/flags/ukr.svg,Round of 16,L,Walkover,https://www.wtatennis.com/players/315295/lesia-tsurenko,False,True,False,False,False,False,False,0,False,0,0,0,UA,UKR,804,150,Europe,Eastern Europe,UKR,
2,Bank Of The West Classic,,https://www.wtatennis.com/tournaments/703/san-jose/2017,Premier,Hard,https://www.wtatennis.com/resources/v7.42.0/i/elements/500k-tag.svg,2017-07-31,2017-08-06,2017,7,Stanford,USA,CA,US,USA,840,019,United States of America|America|USA|US,America,Northern America,USA,80.0,W,55.0,11025.0,32M/16Q/16D,Bank Of The West Classic,,Jennifer Brady,,https://www.wtatennis.com/resources/v7.42.0/i/elements/flags/usa.svg,Round of 32,W,"6-1, 4-6, 6-0",https://www.wtatennis.com/players/318358/jennifer-brady,False,False,False,False,False,False,False,3,True,23,16,7,US,USA,840,019,America,Northern America,USA,"6,1,None|4,6,None|6,0,None"
1,Internazionali Bnl D'Italia,,https://www.wtatennis.com/tournaments/709/rome/2017,Premier 5,Clay,https://www.wtatennis.com/resources/v7.42.0/i/elements/1000k-tag.svg,2017-05-15,2017-05-21,2017,5,Rome,CRO,,IT,ITA,380,150,,Europe,Southern Europe,ITA,22.0,W,60.0,16740.0,64M/32Q/32D,Internazionali Bnl D'Italia,,Mirjana Lucic-Baroni,16.0,https://www.wtatennis.com/resources/v7.42.0/i/elements/flags/cro.svg,Round of 32,L,"4-6, 6-3, 2-1",https://www.wtatennis.com/players/120323/mirjana-lucic-baroni,True,False,False,False,False,False,False,3,False,22,12,10,HR,HRV,191,150,Europe,Southeastern Europe,CRO,"4,6,None|6,3,None|2,1,None|Ret"
2,Internazionali Bnl D'Italia,,https://www.wtatennis.com/tournaments/709/rome/2017,Premier 5,Clay,https://www.wtatennis.com/resources/v7.42.0/i/elements/1000k-tag.svg,2017-05-15,2017-05-21,2017,5,Rome,USA,,IT,ITA,380,150,United States of America|America|USA|US,Europe,Southern Europe,ITA,58.0,W,60.0,16740.0,64M/32Q/32D,Internazionali Bnl D'Italia,,Christina Mchale,,https://www.wtatennis.com/resources/v7.42.0/i/elements/flags/usa.svg,Round of 64,W,"6-4, 6-2",https://www.wtatennis.com/players/314917/christina-mchale,False,False,False,False,False,False,False,2,True,18,12,6,US,USA,840,019,America,Northern America,USA,"6,4,None|6,2,None"
1,Mutua Madrid Open,,https://www.wtatennis.com/tournaments/1038/madrid/2017,Premier Mandatory,Clay,https://www.wtatennis.com/resources/v7.42.0/i/elements/1000k-tag.svg,2017-05-06,2017-05-13,2017,5,Madrid,CAN,,ES,ESP,724,150,,Europe,Southern Europe,ESP,60.0,W,65.0,35097.0,64M/32Q/32D,Mutua Madrid Open,,Eugenie Bouchard,,https://www.wtatennis.com/resources/v7.42.0/i/elements/flags/can.svg,Round of 32,L,"5-7, 6-2, 4-6",https://www.wtatennis.com/players/316161/eugenie-bouchard,False,False,False,False,False,False,False,3,False,30,15,15,CA,CAN,124,019,America,Northern America,CAN,"5,7,None|6,2,None|4,6,None"
2,Mutua Madrid Open,,https://www.wtatennis.com/tournaments/1038/madrid/2017,Premier Mandatory,Clay,https://www.wtatennis.com/resources/v7.42.0/i/elements/1000k-tag.svg,2017-05-06,2017-05-13,2017,5,Madrid,CRO,,ES,ESP,724,150,,Europe,Southern Europe,ESP,21.0,W,65.0,35097.0,64M/32Q/32D,Mutua Madrid Open,,Mirjana Lucic-Baroni,17.0,https://www.wtatennis.com/resources/v7.42.0/i/elements/flags/cro.svg,Round of 64,W,"4-6, 6-4, 6-0",https://www.wtatennis.com/players/120323/mirjana-lucic-baroni,False,False,False,False,False,False,False,3,False,26,16,10,HR,HRV,191,150,Europe,Southeastern Europe,CRO,"4,6,None|6,4,None|6,0,None"
1,Porsche Tennis Grand Prix,,https://www.wtatennis.com/tournaments/1051/stuttgart/2017,Premier,Clay,https://www.wtatennis.com/resources/v7.42.0/i/elements/500k-tag.svg,2017-04-24,2017-04-30,2017,4,Stuttgart,FRA,,DE,DEU,276,150,,Europe,Central Europe,GER,19.0,W,185.0,37865.0,32M/32Q/16D,Porsche Tennis Grand Prix,,Kristina Mladenovic,,https://www.wtatennis.com/resources/v7.42.0/i/elements/flags/fra.svg,Semifinals,L,"6-3, 5-7, 4-6",https://www.wtatennis.com/players/315616/kristina-mladenovic,False,False,False,False,False,False,False,3,True,31,15,16,FR,FRA,250,150,Europe,Western Europe,FRA,"6,3,None|5,7,None|4,6,None"
2,Porsche Tennis Grand Prix,,https://www.wtatennis.com/tournaments/1051/stuttgart/2017,Premier,Clay,https://www.wtatennis.com/resources/v7.42.0/i/elements/500k-tag.svg,2017-04-24,2017-04-30,2017,4,Stuttgart,EST,,DE,DEU,276,150,,Europe,Central Europe,GER,73.0,W,185.0,37865.0,32M/32Q/16D,Porsche Tennis Grand Prix,,Anett Kontaveit,,https://www.wtatennis.com/resources/v7.42.0/i/elements/flags/est.svg,Quarterfinals,W,"6-3, 6-4",https://www.wtatennis.com/players/318425/anett-kontaveit,False,False,False,False,False,False,False,2,True,19,12,7,EE,EST,233,150,Europe,Northern Europe,EST,"6,3,None|6,4,None"
3,Porsche Tennis Grand Prix,,https://www.wtatennis.com/tournaments/1051/stuttgart/2017,Premier,Clay,https://www.wtatennis.com/resources/v7.42.0/i/elements/500k-tag.svg,2017-04-24,2017-04-30,2017,4,Stuttgart,RUS,,DE,DEU,276,150,,Europe,Central Europe,GER,43.0,W,185.0,37865.0,32M/32Q/16D,Porsche Tennis Grand Prix,,Ekaterina Makarova,,https://www.wtatennis.com/resources/v7.42.0/i/elements/flags/rus.svg,Round of 16,W,"7-5, 6-1",https://www.wtatennis.com/players/311604/ekaterina-makarova,False,False,False,False,False,False,False,2,True,19,13,6,RU,RUS,643,150,Europe,Eastern Europe,RUS,"7,5,None|6,1,None"
4,Porsche Tennis Grand Prix,,https://www.wtatennis.com/tournaments/1051/stuttgart/2017,Premier,Clay,https://www.wtatennis.com/resources/v7.42.0/i/elements/500k-tag.svg,2017-04-24,2017-04-30,2017,4,Stuttgart,ITA,,DE,DEU,276,150,,Europe,Central Europe,GER,36.0,W,185.0,37865.0,32M/32Q/16D,Porsche Tennis Grand Prix,,Roberta Vinci,,https://www.wtatennis.com/resources/v7.42.0/i/elements/flags/ita.svg,Round of 32,W,"7-5, 6-3",https://www.wtatennis.com/players/220214/roberta-vinci,False,False,False,False,False,False,False,2,True,21,13,8,IT,ITA,380,150,Europe,Southern Europe,ITA,"7,5,None|6,3,None"
1,Australian Open,,https://www.wtatennis.com/tournaments/901/australian-open/2016,Grand Slam,Hard,https://www.wtatennis.com/resources/v7.42.0/i/elements/gs-tag.svg,2016-01-18,2016-01-31,2016,1,Melbourne,USA,,AU,AUS,036,009,United States of America|America|USA|US,Oceania,Australasia,AUS,1.0,,430.0,,128M/128Q/64D,Australian Open,,Serena Williams,1.0,https://www.wtatennis.com/resources/v7.42.0/i/elements/flags/usa.svg,Quarterfinals,L,"4-6, 1-6",https://www.wtatennis.com/players/230234/serena-williams,False,False,False,False,False,False,False,2,False,17,5,12,US,USA,840,019,America,Northern America,USA,"4,6,None|1,6,None"
2,Australian Open,,https://www.wtatennis.com/tournaments/901/australian-open/2016,Grand Slam,Hard,https://www.wtatennis.com/resources/v7.42.0/i/elements/gs-tag.svg,2016-01-18,2016-01-31,2016,1,Melbourne,SUI,,AU,AUS,036,009,,Oceania,Australasia,AUS,13.0,,430.0,,128M/128Q/64D,Australian Open,,Belinda Bencic,12.0,https://www.wtatennis.com/resources/v7.42.0/i/elements/flags/sui.svg,Round of 16,W,"7-5, 7-5",https://www.wtatennis.com/players/319001/belinda-bencic,False,False,False,False,False,False,False,2,True,24,14,10,CH,CHE,756,150,Europe,Central Europe,SUI,"7,5,None|7,5,None"
3,Australian Open,,https://www.wtatennis.com/tournaments/901/australian-open/2016,Grand Slam,Hard,https://www.wtatennis.com/resources/v7.42.0/i/elements/gs-tag.svg,2016-01-18,2016-01-31,2016,1,Melbourne,USA,,AU,AUS,036,009,United States of America|America|USA|US,Oceania,Australasia,AUS,103.0,,430.0,,128M/128Q/64D,Australian Open,,Lauren Davis,,https://www.wtatennis.com/resources/v7.42.0/i/elements/flags/usa.svg,Round of 32,W,"6-1, 6-7 (5), 6-0",https://www.wtatennis.com/players/317414/lauren-davis,False,False,False,False,True,False,True,3,True,26,18,8,US,USA,840,019,America,Northern America,USA,"6,1,None|6,7,5|6,0,None"
4,Australian Open,,https://www.wtatennis.com/tournaments/901/australian-open/2016,Grand Slam,Hard,https://www.wtatennis.com/resources/v7.42.0/i/elements/gs-tag.svg,2016-01-18,2016-01-31,2016,1,Melbourne,BLR,,AU,AUS,036,009,,Oceania,Australasia,AUS,105.0,,430.0,,128M/128Q/64D,Australian Open,,Aliaksandra Sasnovich,,https://www.wtatennis.com/resources/v7.42.0/i/elements/flags/blr.svg,Round of 64,W,"6-2, 6-1",https://www.wtatennis.com/players/317790/aliaksandra-sasnovich,False,False,False,False,False,False,False,2,True,15,12,3,BY,BLR,112,150,Europe,Eastern Europe,BLR,"6,2,None|6,1,None"
5,Australian Open,,https://www.wtatennis.com/tournaments/901/australian-open/2016,Grand Slam,Hard,https://www.wtatennis.com/resources/v7.42.0/i/elements/gs-tag.svg,2016-01-18,2016-01-31,2016,1,Melbourne,JPN,,AU,AUS,036,009,,Oceania,Australasia,AUS,56.0,,430.0,,128M/128Q/64D,Australian Open,,Nao Hibino,,https://www.wtatennis.com/resources/v7.42.0/i/elements/flags/jpn.svg,Round of 128,W,"6-1, 6-3",https://www.wtatennis.com/players/320238/nao-hibino,False,False,False,False,False,False,False,2,True,16,12,4,JP,JPN,392,142,Asia,East Asia,JPN,"6,1,None|6,3,None"
1,Fed Cup World Group Final,https://www.wtatennis.com/resources/v7.42.0/i/elements/itf.png,,ITF,Hard,https://www.wtatennis.com/resources/v7.42.0/i/elements/itf.png,2015-11-13,2015-11-15,2015,11,Prague,CZE,,CZ,CZE,203,150,,Europe,Central Europe,CZE,11.0,,,,8M/0Q/2D,Fed Cup World Group Final,,Karolina Pliskova,,https://www.wtatennis.com/resources/v7.42.0/i/elements/flags/cze.svg,Round 4 R4,W,"6-3, 6-4",https://www.wtatennis.com/players/313974/karolina-pliskova,False,False,False,False,False,False,False,2,True,19,12,7,CZ,CZE,203,150,Europe,Central Europe,CZE,"6,3,None|6,4,None"
2,Fed Cup World Group Final,https://www.wtatennis.com/resources/v7.42.0/i/elements/itf.png,,ITF,Hard,https://www.wtatennis.com/resources/v7.42.0/i/elements/itf.png,2015-11-13,2015-11-15,2015,11,Prague,CZE,,CZ,CZE,203,150,,Europe,Central Europe,CZE,6.0,,,,8M/0Q/2D,Fed Cup World Group Final,,Petra Kvitova,,https://www.wtatennis.com/resources/v7.42.0/i/elements/flags/cze.svg,Round 4 R4,W,"3-6, 6-4, 6-2",https://www.wtatennis.com/players/314206/petra-kvitova,False,False,False,False,False,False,False,3,False,27,15,12,CZ,CZE,203,150,Europe,Central Europe,CZE,"3,6,None|6,4,None|6,2,None"
1,Bnp Paribas Wta Finals Singapore Presented By Scglobal,,https://www.wtatennis.com/tournaments/808/wta-finals/2015,Finals,Hard,https://www.wtatennis.com/resources/v7.42.0/i/elements/finals-tag.svg,2015-10-25,2015-11-01,2015,10,Singapore,CZE,,SG,SGP,702,142,,Asia,Southeast Asia,SGP,5.0,,,650000.0,8M/0Q/8D,Bnp Paribas Wta Finals Singapore Presented By Scglobal,,Petra Kvitova,4.0,https://www.wtatennis.com/resources/v7.42.0/i/elements/flags/cze.svg,Semifinals,L,"3-6, 6-7 (3)",https://www.wtatennis.com/players/314206/petra-kvitova,False,False,False,False,True,False,True,2,False,22,9,13,CZ,CZE,203,150,Europe,Central Europe,CZE,"3,6,None|6,7,3"
2,Bnp Paribas Wta Finals Singapore Presented By Scglobal,,https://www.wtatennis.com/tournaments/808/wta-finals/2015,Finals,Hard,https://www.wtatennis.com/resources/v7.42.0/i/elements/finals-tag.svg,2015-10-25,2015-11-01,2015,10,Singapore,ROU,,SG,SGP,702,142,,Asia,Southeast Asia,SGP,2.0,,,650000.0,8M/0Q/8D,Bnp Paribas Wta Finals Singapore Presented By Scglobal,,Simona Halep,1.0,https://www.wtatennis.com/resources/v7.42.0/i/elements/flags/rou.svg,Group Stage Group,W,"6-4, 6-4",https://www.wtatennis.com/players/314320/simona-halep,False,False,False,False,False,False,False,2,True,20,12,8,RO,ROU,642,150,Europe,Southeastern Europe,ROU,"6,4,None|6,4,None"
3,Bnp Paribas Wta Finals Singapore Presented By Scglobal,,https://www.wtatennis.com/tournaments/808/wta-finals/2015,Finals,Hard,https://www.wtatennis.com/resources/v7.42.0/i/elements/finals-tag.svg,2015-10-25,2015-11-01,2015,10,Singapore,POL,,SG,SGP,702,142,,Asia,Southeast Asia,SGP,6.0,,,650000.0,8M/0Q/8D,Bnp Paribas Wta Finals Singapore Presented By Scglobal,,Agnieszka Radwanska,5.0,https://www.wtatennis.com/resources/v7.42.0/i/elements/flags/pol.svg,Group Stage Group,W,"4-6, 6-3, 6-4",https://www.wtatennis.com/players/312251/agnieszka-radwanska,False,False,False,False,False,False,False,3,False,29,16,13,PL,POL,616,150,Europe,Central Europe,POL,"4,6,None|6,3,None|6,4,None"
4,Bnp Paribas Wta Finals Singapore Presented By Scglobal,,https://www.wtatennis.com/tournaments/808/wta-finals/2015,Finals,Hard,https://www.wtatennis.com/resources/v7.42.0/i/elements/finals-tag.svg,2015-10-25,2015-11-01,2015,10,Singapore,ITA,,SG,SGP,702,142,,Asia,Southeast Asia,SGP,8.0,,,650000.0,8M/0Q/8D,Bnp Paribas Wta Finals Singapore Presented By Scglobal,,Flavia Pennetta,7.0,https://www.wtatennis.com/resources/v7.42.0/i/elements/flags/ita.svg,Group Stage Group,W,"7-5, 6-1",https://www.wtatennis.com/players/160391/flavia-pennetta,False,False,False,False,False,False,False,2,True,19,13,6,IT,ITA,380,150,Europe,Southern Europe,ITA,"7,5,None|6,1,None"
1,2015 Dongfeng Motor Wuhan Open,,https://www.wtatennis.com/tournaments/1075/wuhan/2015,Premier 5,Hard,https://www.wtatennis.com/resources/v7.42.0/i/elements/1000k-tag.svg,2015-09-27,2015-10-03,2015,9,Wuhan,CZE,,CN,CHN,156,142,,Asia,East Asia,CHN,41.0,W,1.0,13335.0,64M/32Q/32D,2015 Dongfeng Motor Wuhan Open,,Barbora Strycova,,https://www.wtatennis.com/resources/v7.42.0/i/elements/flags/cze.svg,Round of 32,L,"7-61, 64-7, 2-1",https://www.wtatennis.com/players/190879/barbora-strycova,True,False,False,True,True,False,True,3,True,142,73,69,CZ,CZE,203,150,Europe,Central Europe,CZE,"7,61,None|64,7,None|2,1,None|Ret"
2,2015 Dongfeng Motor Wuhan Open,,https://www.wtatennis.com/tournaments/1075/wuhan/2015,Premier 5,Hard,https://www.wtatennis.com/resources/v7.42.0/i/elements/1000k-tag.svg,2015-09-27,2015-10-03,2015,9,Wuhan,,,CN,CHN,156,142,,Asia,East Asia,CHN,,W,1.0,13335.0,64M/32Q/32D,2015 Dongfeng Motor Wuhan Open,,,,,Round of 64,,Bye,,False,False,True,False,False,False,False,0,False,0,0,0,,,,,,,,
1,Wimbledon,,https://www.wtatennis.com/tournaments/904/wimbledon/2015,Grand Slam,Grass,https://www.wtatennis.com/resources/v7.42.0/i/elements/gs-tag.svg,2015-06-29,2015-07-12,2015,6,Wimbledon,USA,,GB,GBR,826,150,United States of America|America|USA|US,Europe,Northern Europe,ENG,1.0,,780.0,749817.0,128M/128Q/64D,The Championships,,Serena Williams,1.0,https://www.wtatennis.com/resources/v7.42.0/i/elements/flags/usa.svg,Semifinals,L,"2-6, 4-6",https://www.wtatennis.com/players/230234/serena-williams,False,False,False,False,False,False,False,2,False,18,6,12,US,USA,840,019,America,Northern America,USA,"2,6,None|4,6,None"
2,Wimbledon,,https://www.wtatennis.com/tournaments/904/wimbledon/2015,Grand Slam,Grass,https://www.wtatennis.com/resources/v7.42.0/i/elements/gs-tag.svg,2015-06-29,2015-07-12,2015,6,Wimbledon,USA,,GB,GBR,826,150,United States of America|America|USA|US,Europe,Northern Europe,ENG,47.0,,780.0,749817.0,128M/128Q/64D,The Championships,,Coco Vandeweghe,,https://www.wtatennis.com/resources/v7.42.0/i/elements/flags/usa.svg,Quarterfinals,W,"6-3, 6-7 (3), 6-2",https://www.wtatennis.com/players/314464/coco-vandeweghe,False,False,False,False,True,False,True,3,True,30,18,12,US,USA,840,019,America,Northern America,USA,"6,3,None|6,7,3|6,2,None"
3,Wimbledon,,https://www.wtatennis.com/tournaments/904/wimbledon/2015,Grand Slam,Grass,https://www.wtatennis.com/resources/v7.42.0/i/elements/gs-tag.svg,2015-06-29,2015-07-12,2015,6,Wimbledon,KAZ,,GB,GBR,826,150,,Europe,Northern Europe,ENG,34.0,,780.0,749817.0,128M/128Q/64D,The Championships,,Zarina Diyas,,https://www.wtatennis.com/resources/v7.42.0/i/elements/flags/kaz.svg,Round of 16,W,"6-4, 6-4",https://www.wtatennis.com/players/315696/zarina-diyas,False,False,False,False,False,False,False,2,True,20,12,8,KZ,KAZ,398,142,Asia,Central Asia,KAZ,"6,4,None|6,4,None"
4,Wimbledon,,https://www.wtatennis.com/tournaments/904/wimbledon/2015,Grand Slam,Grass,https://www.wtatennis.com/resources/v7.42.0/i/elements/gs-tag.svg,2015-06-29,2015-07-12,2015,6,Wimbledon,ROU,,GB,GBR,826,150,,Europe,Northern Europe,ENG,31.0,,780.0,749817.0,128M/128Q/64D,The Championships,,Irina-Camelia Begu,29.0,https://www.wtatennis.com/resources/v7.42.0/i/elements/flags/rou.svg,Round of 32,W,"6-4, 6-3",https://www.wtatennis.com/players/313169/irina-camelia-begu,False,False,False,False,False,False,False,2,True,19,12,7,RO,ROU,642,150,Europe,Southeastern Europe,ROU,"6,4,None|6,3,None"
5,Wimbledon,,https://www.wtatennis.com/tournaments/904/wimbledon/2015,Grand Slam,Grass,https://www.wtatennis.com/resources/v7.42.0/i/elements/gs-tag.svg,2015-06-29,2015-07-12,2015,6,Wimbledon,NED,,GB,GBR,826,150,,Europe,Northern Europe,ENG,123.0,,780.0,749817.0,128M/128Q/64D,The Championships,,Richel Hogenkamp,,https://www.wtatennis.com/resources/v7.42.0/i/elements/flags/ned.svg,Round of 64,W,"6-3, 6-1",https://www.wtatennis.com/players/317263/richel-hogenkamp,False,False,False,False,False,False,False,2,True,16,12,4,NL,NLD,528,150,Europe,Western Europe,NED,"6,3,None|6,1,None"
6,Wimbledon,,https://www.wtatennis.com/tournaments/904/wimbledon/2015,Grand Slam,Grass,https://www.wtatennis.com/resources/v7.42.0/i/elements/gs-tag.svg,2015-06-29,2015-07-12,2015,6,Wimbledon,GBR,,GB,GBR,826,150,Britain|UK|Great Britain|United Kingdom,Europe,Northern Europe,ENG,126.0,,780.0,749817.0,128M/128Q/64D,The Championships,,Johanna Konta,,https://www.wtatennis.com/resources/v7.42.0/i/elements/flags/gbr.svg,Round of 128,W,"6-2, 6-2",https://www.wtatennis.com/players/313907/johanna-konta,False,False,False,False,False,False,False,2,True,16,12,4,GB,GBR,826,150,Europe,Northern Europe,ENG,"6,2,None|6,2,None"
1,Roland Garros,,https://www.wtatennis.com/tournaments/903/roland-garros/2015,Grand Slam,Clay,https://www.wtatennis.com/resources/v7.42.0/i/elements/gs-tag.svg,2015-05-24,2015-06-07,2015,5,Paris,CZE,,FR,FRA,250,150,,Europe,Western Europe,FRA,13.0,,240.0,173094.0,128M/128Q/64D,Championnats Internationaux De France,,Lucie Safarova,13.0,https://www.wtatennis.com/resources/v7.42.0/i/elements/flags/cze.svg,Round of 16,L,"6-7 (3), 4-6",https://www.wtatennis.com/players/310553/lucie-safarova,False,False,False,True,False,False,True,2,False,23,10,13,CZ,CZE,203,150,Europe,Central Europe,CZE,"6,7,3|4,6,None"
2,Roland Garros,,https://www.wtatennis.com/tournaments/903/roland-garros/2015,Grand Slam,Clay,https://www.wtatennis.com/resources/v7.42.0/i/elements/gs-tag.svg,2015-05-24,2015-06-07,2015,5,Paris,AUS,,FR,FRA,250,150,,Europe,Western Europe,FRA,22.0,,240.0,173094.0,128M/128Q/64D,Championnats Internationaux De France,,Samantha Stosur,26.0,https://www.wtatennis.com/resources/v7.42.0/i/elements/flags/aus.svg,Round of 32,W,"6-3, 6-4",https://www.wtatennis.com/players/190787/samantha-stosur,False,False,False,False,False,False,False,2,True,19,12,7,AU,AUS,036,009,Oceania,Australasia,AUS,"6,3,None|6,4,None"
3,Roland Garros,,https://www.wtatennis.com/tournaments/903/roland-garros/2015,Grand Slam,Clay,https://www.wtatennis.com/resources/v7.42.0/i/elements/gs-tag.svg,2015-05-24,2015-06-07,2015,5,Paris,RUS,,FR,FRA,250,150,,Europe,Western Europe,FRA,91.0,,240.0,173094.0,128M/128Q/64D,Championnats Internationaux De France,,Vitalia Diatchenko,,https://www.wtatennis.com/resources/v7.42.0/i/elements/flags/rus.svg,Round of 64,W,"6-3, 6-1",https://www.wtatennis.com/players/315030/vitalia-diatchenko,False,False,False,False,False,False,False,2,True,16,12,4,RU,RUS,643,150,Europe,Eastern Europe,RUS,"6,3,None|6,1,None"
4,Roland Garros,,https://www.wtatennis.com/tournaments/903/roland-garros/2015,Grand Slam,Clay,https://www.wtatennis.com/resources/v7.42.0/i/elements/gs-tag.svg,2015-05-24,2015-06-07,2015,5,Paris,EST,,FR,FRA,250,150,,Europe,Western Europe,FRA,50.0,,240.0,173094.0,128M/128Q/64D,Championnats Internationaux De France,,Kaia Kanepi,,https://www.wtatennis.com/resources/v7.42.0/i/elements/flags/est.svg,Round of 128,W,"6-2, 6-4",https://www.wtatennis.com/players/110536/kaia-kanepi,False,False,False,False,False,False,False,2,True,18,12,6,EE,EST,233,150,Europe,Northern Europe,EST,"6,2,None|6,4,None"
1,Internazionali Bnl D'Italia,,https://www.wtatennis.com/tournaments/709/rome/2015,Premier 5,Clay,https://www.wtatennis.com/resources/v7.42.0/i/elements/1000k-tag.svg,2015-05-11,2015-05-17,2015,5,Rome,ESP,,IT,ITA,380,150,Kingdom of Spain,Europe,Southern Europe,ITA,10.0,,900.0,496303.0,64M/32Q/32D,Internazionali Bnl D'Italia,,Carla Suárez Navarro,10.0,https://www.wtatennis.com/resources/v7.42.0/i/elements/flags/esp.svg,Finals,W,"4-6, 7-5, 6-1",https://www.wtatennis.com/players/311338/carla-su-rez-navarro,False,False,False,False,False,False,False,3,False,29,17,12,ES,ESP,724,150,Europe,Southern Europe,ESP,"4,6,None|7,5,None|6,1,None"
2,Internazionali Bnl D'Italia,,https://www.wtatennis.com/tournaments/709/rome/2015,Premier 5,Clay,https://www.wtatennis.com/resources/v7.42.0/i/elements/1000k-tag.svg,2015-05-11,2015-05-17,2015,5,Rome,AUS,,IT,ITA,380,150,,Europe,Southern Europe,ITA,78.0,,900.0,496303.0,64M/32Q/32D,Internazionali Bnl D'Italia,,Daria Saville,,https://www.wtatennis.com/resources/v7.42.0/i/elements/flags/aus.svg,Semifinals,W,"7-5, 6-3",https://www.wtatennis.com/players/315997/daria-saville,False,False,False,False,False,False,False,2,True,21,13,8,AU,AUS,036,009,Oceania,Australasia,AUS,"7,5,None|6,3,None"
3,Internazionali Bnl D'Italia,,https://www.wtatennis.com/tournaments/709/rome/2015,Premier 5,Clay,https://www.wtatennis.com/resources/v7.42.0/i/elements/1000k-tag.svg,2015-05-11,2015-05-17,2015,5,Rome,BLR,,IT,ITA,380,150,,Europe,Southern Europe,ITA,29.0,,900.0,496303.0,64M/32Q/32D,Internazionali Bnl D'Italia,,Victoria Azarenka,,https://www.wtatennis.com/resources/v7.42.0/i/elements/flags/blr.svg,Quarterfinals,W,"6-3, 6-2",https://www.wtatennis.com/players/312001/victoria-azarenka,False,False,False,False,False,False,False,2,True,17,12,5,BY,BLR,112,150,Europe,Eastern Europe,BLR,"6,3,None|6,2,None"
4,Internazionali Bnl D'Italia,,https://www.wtatennis.com/tournaments/709/rome/2015,Premier 5,Clay,https://www.wtatennis.com/resources/v7.42.0/i/elements/1000k-tag.svg,2015-05-11,2015-05-17,2015,5,Rome,SRB,,IT,ITA,380,150,,Europe,Southern Europe,ITA,73.0,,900.0,496303.0,64M/32Q/32D,Internazionali Bnl D'Italia,,Bojana Jovanovski Petrovic,,https://www.wtatennis.com/resources/v7.42.0/i/elements/flags/srb.svg,Round of 16,W,"6-3, 6-3",https://www.wtatennis.com/players/314369/bojana-jovanovski-petrovic,False,False,False,False,False,False,False,2,True,18,12,6,RS,SRB,688,150,Europe,Southeastern Europe,SRB,"6,3,None|6,3,None"
5,Internazionali Bnl D'Italia,,https://www.wtatennis.com/tournaments/709/rome/2015,Premier 5,Clay,https://www.wtatennis.com/resources/v7.42.0/i/elements/1000k-tag.svg,2015-05-11,2015-05-17,2015,5,Rome,AUS,,IT,ITA,380,150,,Europe,Southern Europe,ITA,52.0,,900.0,496303.0,64M/32Q/32D,Internazionali Bnl D'Italia,,Jarmila Wolfe,,https://www.wtatennis.com/resources/v7.42.0/i/elements/flags/aus.svg,Round of 32,W,"6-2, 3-1",https://www.wtatennis.com/players/310169/jarmila-wolfe,True,False,False,False,False,False,False,2,True,12,9,3,AU,AUS,036,009,Oceania,Australasia,AUS,"6,2,None|3,1,None|Ret"
6,Internazionali Bnl D'Italia,,https://www.wtatennis.com/tournaments/709/rome/2015,Premier 5,Clay,https://www.wtatennis.com/resources/v7.42.0/i/elements/1000k-tag.svg,2015-05-11,2015-05-17,2015,5,Rome,,,IT,ITA,380,150,,Europe,Southern Europe,ITA,,,900.0,496303.0,64M/32Q/32D,Internazionali Bnl D'Italia,,,,,Round of 64,,Bye,,False,False,True,False,False,False,False,0,False,0,0,0,,,,,,,,
1,Mutua Madrid Open,,https://www.wtatennis.com/tournaments/1038/madrid/2015,Premier Mandatory,Clay,https://www.wtatennis.com/resources/v7.42.0/i/elements/1000k-tag.svg,2015-05-02,2015-05-09,2015,5,Madrid,RUS,,ES,ESP,724,150,,Europe,Southern Europe,ESP,29.0,,390.0,221210.0,64M/32Q/32D,Mutua Madrid Open,,Svetlana Kuznetsova,,https://www.wtatennis.com/resources/v7.42.0/i/elements/flags/rus.svg,Semifinals,L,"2-6, 4-6",https://www.wtatennis.com/players/110552/svetlana-kuznetsova,False,False,False,False,False,False,False,2,False,18,6,12,RU,RUS,643,150,Europe,Eastern Europe,RUS,"2,6,None|4,6,None"
2,Mutua Madrid Open,,https://www.wtatennis.com/tournaments/1038/madrid/2015,Premier Mandatory,Clay,https://www.wtatennis.com/resources/v7.42.0/i/elements/1000k-tag.svg,2015-05-02,2015-05-09,2015,5,Madrid,DEN,,ES,ESP,724,150,,Europe,Southern Europe,ESP,5.0,,390.0,221210.0,64M/32Q/32D,Mutua Madrid Open,,Caroline Wozniacki,5.0,https://www.wtatennis.com/resources/v7.42.0/i/elements/flags/den.svg,Quarterfinals,W,"6-1, 3-6, 6-3",https://www.wtatennis.com/players/313402/caroline-wozniacki,False,False,False,False,False,False,False,3,True,25,15,10,DK,DNK,208,150,Europe,Northern Europe,DEN,"6,1,None|3,6,None|6,3,None"
3,Mutua Madrid Open,,https://www.wtatennis.com/tournaments/1038/madrid/2015,Premier Mandatory,Clay,https://www.wtatennis.com/resources/v7.42.0/i/elements/1000k-tag.svg,2015-05-02,2015-05-09,2015,5,Madrid,FRA,,ES,ESP,724,150,,Europe,Southern Europe,ESP,28.0,,390.0,221210.0,64M/32Q/32D,Mutua Madrid Open,,Caroline Garcia,,https://www.wtatennis.com/resources/v7.42.0/i/elements/flags/fra.svg,Round of 16,W,"6-2, 4-6, 7-5",https://www.wtatennis.com/players/315391/caroline-garcia,False,False,False,False,False,False,False,3,True,30,17,13,FR,FRA,250,150,Europe,Western Europe,FRA,"6,2,None|4,6,None|7,5,None"
4,Mutua Madrid Open,,https://www.wtatennis.com/tournaments/1038/madrid/2015,Premier Mandatory,Clay,https://www.wtatennis.com/resources/v7.42.0/i/elements/1000k-tag.svg,2015-05-02,2015-05-09,2015,5,Madrid,COL,,ES,ESP,724,150,,Europe,Southern Europe,ESP,110.0,,390.0,221210.0,64M/32Q/32D,Mutua Madrid Open,,Mariana Duque-Mariño,,https://www.wtatennis.com/resources/v7.42.0/i/elements/flags/col.svg,Round of 32,W,"6-1, 6-2",https://www.wtatennis.com/players/312572/mariana-duque-mari-o,False,False,False,False,False,False,False,2,True,15,12,3,CO,COL,170,019,America,Northern South America,COL,"6,1,None|6,2,None"
5,Mutua Madrid Open,,https://www.wtatennis.com/tournaments/1038/madrid/2015,Premier Mandatory,Clay,https://www.wtatennis.com/resources/v7.42.0/i/elements/1000k-tag.svg,2015-05-02,2015-05-09,2015,5,Madrid,SUI,,ES,ESP,724,150,,Europe,Southern Europe,ESP,22.0,,390.0,221210.0,64M/32Q/32D,Mutua Madrid Open,,Timea Bacsinszky,,https://www.wtatennis.com/resources/v7.42.0/i/elements/flags/sui.svg,Round of 64,W,"6-2, 6-3",https://www.wtatennis.com/players/311579/timea-bacsinszky,False,False,False,False,False,False,False,2,True,17,12,5,CH,CHE,756,150,Europe,Central Europe,SUI,"6,2,None|6,3,None"
1,Porsche Tennis Grand Prix,,https://www.wtatennis.com/tournaments/1051/stuttgart/2015,Premier,Clay,https://www.wtatennis.com/resources/v7.42.0/i/elements/500k-tag.svg,2015-04-20,2015-04-26,2015,4,Stuttgart,GER,,DE,DEU,276,150,,Europe,Central Europe,GER,14.0,,1.0,10240.0,32M/32Q/16D,Porsche Tennis Grand Prix,,Angelique Kerber,,https://www.wtatennis.com/resources/v7.42.0/i/elements/flags/ger.svg,Round of 16,L,"6-2, 5-7, 1-6",https://www.wtatennis.com/players/311470/angelique-kerber,False,False,False,False,False,False,False,3,True,27,12,15,DE,DEU,276,150,Europe,Central Europe,GER,"6,2,None|5,7,None|1,6,None"
2,Porsche Tennis Grand Prix,,https://www.wtatennis.com/tournaments/1051/stuttgart/2015,Premier,Clay,https://www.wtatennis.com/resources/v7.42.0/i/elements/500k-tag.svg,2015-04-20,2015-04-26,2015,4,Stuttgart,,,DE,DEU,276,150,,Europe,Central Europe,GER,,,1.0,10240.0,32M/32Q/16D,Porsche Tennis Grand Prix,,,,,Round of 32,,Bye,,False,False,True,False,False,False,False,0,False,0,0,0,,,,,,,,
1,Miami Open Presented By Itau,,https://www.wtatennis.com/tournaments/902/miami/2015,Premier Mandatory,Hard,https://www.wtatennis.com/resources/v7.42.0/i/elements/1000k-tag.svg,2015-03-24,2015-04-05,2015,3,Miami,AUS,FL,US,USA,840,019,,America,Northern America,USA,97.0,,10.0,17100.0,128M/64Q/32D,Miami Open Presented By Itau,,Daria Saville,,https://www.wtatennis.com/resources/v7.42.0/i/elements/flags/aus.svg,Round of 64,L,"6-7 (4), 3-6",https://www.wtatennis.com/players/315997/daria-saville,False,False,False,True,False,False,True,2,False,22,9,13,AU,AUS,036,009,Oceania,Australasia,AUS,"6,7,4|3,6,None"
2,Miami Open Presented By Itau,,https://www.wtatennis.com/tournaments/902/miami/2015,Premier Mandatory,Hard,https://www.wtatennis.com/resources/v7.42.0/i/elements/1000k-tag.svg,2015-03-24,2015-04-05,2015,3,Miami,,FL,US,USA,840,019,,America,Northern America,USA,,,10.0,17100.0,128M/64Q/32D,Miami Open Presented By Itau,,,,,Round of 128,,Bye,,False,False,True,False,False,False,False,0,False,0,0,0,,,,,,,,
1,Bnp Paribas Open,,https://www.wtatennis.com/tournaments/609/indian-wells/2015,Premier Mandatory,Hard,https://www.wtatennis.com/resources/v7.42.0/i/elements/1000k-tag.svg,2015-03-11,2015-03-22,2015,3,Indian Wells,ITA,CA,US,USA,840,019,,America,Northern America,USA,16.0,,120.0,59185.0,128M/64Q/32D,Bnp Paribas Open,,Flavia Pennetta,15.0,https://www.wtatennis.com/resources/v7.42.0/i/elements/flags/ita.svg,Round of 16,L,"6-3, 3-6, 2-6",https://www.wtatennis.com/players/160391/flavia-pennetta,False,False,False,False,False,False,False,3,True,26,11,15,IT,ITA,380,150,Europe,Southern Europe,ITA,"6,3,None|3,6,None|2,6,None"
2,Bnp Paribas Open,,https://www.wtatennis.com/tournaments/609/indian-wells/2015,Premier Mandatory,Hard,https://www.wtatennis.com/resources/v7.42.0/i/elements/1000k-tag.svg,2015-03-11,2015-03-22,2015,3,Indian Wells,BLR,CA,US,USA,840,019,,America,Northern America,USA,38.0,,120.0,59185.0,128M/64Q/32D,Bnp Paribas Open,,Victoria Azarenka,32.0,https://www.wtatennis.com/resources/v7.42.0/i/elements/flags/blr.svg,Round of 32,W,"6-4, 6-3",https://www.wtatennis.com/players/312001/victoria-azarenka,False,False,False,False,False,False,False,2,True,19,12,7,BY,BLR,112,150,Europe,Eastern Europe,BLR,"6,4,None|6,3,None"
3,Bnp Paribas Open,,https://www.wtatennis.com/tournaments/609/indian-wells/2015,Premier Mandatory,Hard,https://www.wtatennis.com/resources/v7.42.0/i/elements/1000k-tag.svg,2015-03-11,2015-03-22,2015,3,Indian Wells,BEL,CA,US,USA,840,019,,America,Northern America,USA,93.0,,120.0,59185.0,128M/64Q/32D,Bnp Paribas Open,,Yanina Wickmayer,,https://www.wtatennis.com/resources/v7.42.0/i/elements/flags/bel.svg,Round of 64,W,"6-1, 7-5",https://www.wtatennis.com/players/312536/yanina-wickmayer,False,False,False,False,False,False,False,2,True,19,13,6,BE,BEL,056,150,Europe,Western Europe,BEL,"6,1,None|7,5,None"
4,Bnp Paribas Open,,https://www.wtatennis.com/tournaments/609/indian-wells/2015,Premier Mandatory,Hard,https://www.wtatennis.com/resources/v7.42.0/i/elements/1000k-tag.svg,2015-03-11,2015-03-22,2015,3,Indian Wells,,CA,US,USA,840,019,,America,Northern America,USA,,,120.0,59185.0,128M/64Q/32D,Bnp Paribas Open,,,,,Round of 128,,Bye,,False,False,True,False,False,False,False,0,False,0,0,0,,,,,,,,
1,Abierto Mexicano Telcel Presentado Por Hsbc,,https://www.wtatennis.com/tournaments/1002/acapulco/2015,International,Hard,https://www.wtatennis.com/resources/v7.42.0/i/elements/250k-tag.svg,2015-02-23,2015-02-28,2015,2,Acapulco,FRA,,MX,MEX,484,019,,America,Central America,MEX,30.0,,110.0,8600.0,32M/32Q/16D,Abierto Mexicano Telcel Presentado Por Hsbc,,Caroline Garcia,3.0,https://www.wtatennis.com/resources/v7.42.0/i/elements/flags/fra.svg,Semifinals,L,Walkover,https://www.wtatennis.com/players/315391/caroline-garcia,False,True,False,False,False,False,False,0,False,0,0,0,FR,FRA,250,150,Europe,Western Europe,FRA,
2,Abierto Mexicano Telcel Presentado Por Hsbc,,https://www.wtatennis.com/tournaments/1002/acapulco/2015,International,Hard,https://www.wtatennis.com/resources/v7.42.0/i/elements/250k-tag.svg,2015-02-23,2015-02-28,2015,2,Acapulco,SVK,,MX,MEX,484,019,,America,Central America,MEX,50.0,,110.0,8600.0,32M/32Q/16D,Abierto Mexicano Telcel Presentado Por Hsbc,,Magdalena Rybarikova,,https://www.wtatennis.com/resources/v7.42.0/i/elements/flags/svk.svg,Quarterfinals,W,"6-1, 4-6, 6-2",https://www.wtatennis.com/players/312580/magdalena-rybarikova,False,False,False,False,False,False,False,3,True,25,16,9,SK,SVK,703,150,Europe,Central Europe,SVK,"6,1,None|4,6,None|6,2,None"
3,Abierto Mexicano Telcel Presentado Por Hsbc,,https://www.wtatennis.com/tournaments/1002/acapulco/2015,International,Hard,https://www.wtatennis.com/resources/v7.42.0/i/elements/250k-tag.svg,2015-02-23,2015-02-28,2015,2,Acapulco,COL,,MX,MEX,484,019,,America,Central America,MEX,139.0,,110.0,8600.0,32M/32Q/16D,Abierto Mexicano Telcel Presentado Por Hsbc,,Mariana Duque-Mariño,,https://www.wtatennis.com/resources/v7.42.0/i/elements/flags/col.svg,Round of 16,W,"6-1, 6-2",https://www.wtatennis.com/players/312572/mariana-duque-mari-o,False,False,False,False,False,False,False,2,True,15,12,3,CO,COL,170,019,America,Northern South America,COL,"6,1,None|6,2,None"
4,Abierto Mexicano Telcel Presentado Por Hsbc,,https://www.wtatennis.com/tournaments/1002/acapulco/2015,International,Hard,https://www.wtatennis.com/resources/v7.42.0/i/elements/250k-tag.svg,2015-02-23,2015-02-28,2015,2,Acapulco,USA,,MX,MEX,484,019,United States of America|America|USA|US,America,Central America,MEX,80.0,,110.0,8600.0,32M/32Q/16D,Abierto Mexicano Telcel Presentado Por Hsbc,,Shelby Rogers,,https://www.wtatennis.com/resources/v7.42.0/i/elements/flags/usa.svg,Round of 32,W,"6-4, 6-1",https://www.wtatennis.com/players/317421/shelby-rogers,False,False,False,False,False,False,False,2,True,17,12,5,US,USA,840,019,America,Northern America,USA,"6,4,None|6,1,None"
1,Fed Cup World Group Week 1,https://www.wtatennis.com/resources/v7.42.0/i/elements/itf.png,,ITF,Hard,https://www.wtatennis.com/resources/v7.42.0/i/elements/itf.png,2015-02-07,2015-02-08,2015,2,Krakow,POL,,PL,POL,616,150,,Europe,Central Europe,POL,135.0,,,,6M/0Q/2D,Fed Cup World Group Week 1,,Urszula Radwanska,,https://www.wtatennis.com/resources/v7.42.0/i/elements/flags/pol.svg,Round 1 R1,W,"6-0, 6-3",https://www.wtatennis.com/players/313131/urszula-radwanska,False,False,False,False,False,False,False,2,True,15,12,3,PL,POL,616,150,Europe,Central Europe,POL,"6,0,None|6,3,None"
2,Fed Cup World Group Week 1,https://www.wtatennis.com/resources/v7.42.0/i/elements/itf.png,,ITF,Hard,https://www.wtatennis.com/resources/v7.42.0/i/elements/itf.png,2015-02-07,2015-02-08,2015,2,Krakow,POL,,PL,POL,616,150,,Europe,Central Europe,POL,8.0,,,,6M/0Q/2D,Fed Cup World Group Week 1,,Agnieszka Radwanska,,https://www.wtatennis.com/resources/v7.42.0/i/elements/flags/pol.svg,Round 1 R1,W,"6-1, 7-5",https://www.wtatennis.com/players/312251/agnieszka-radwanska,False,False,False,False,False,False,False,2,True,19,13,6,PL,POL,616,150,Europe,Central Europe,POL,"6,1,None|7,5,None"
1,Australian Open,,https://www.wtatennis.com/tournaments/901/australian-open/2015,Grand Slam,Hard,https://www.wtatennis.com/resources/v7.42.0/i/elements/gs-tag.svg,2015-01-19,2015-01-31,2015,1,Melbourne,USA,,AU,AUS,036,009,United States of America|America|USA|US,Oceania,Australasia,AUS,1.0,,1300.0,1355374.0,128M/128Q/64D,Australian Open,,Serena Williams,1.0,https://www.wtatennis.com/resources/v7.42.0/i/elements/flags/usa.svg,Finals,L,"3-6, 6-7 (5)",https://www.wtatennis.com/players/230234/serena-williams,False,False,False,False,True,False,True,2,False,22,9,13,US,USA,840,019,America,Northern America,USA,"3,6,None|6,7,5"
2,Australian Open,,https://www.wtatennis.com/tournaments/901/australian-open/2015,Grand Slam,Hard,https://www.wtatennis.com/resources/v7.42.0/i/elements/gs-tag.svg,2015-01-19,2015-01-31,2015,1,Melbourne,RUS,,AU,AUS,036,009,,Oceania,Australasia,AUS,11.0,,1300.0,1355374.0,128M/128Q/64D,Australian Open,,Ekaterina Makarova,10.0,https://www.wtatennis.com/resources/v7.42.0/i/elements/flags/rus.svg,Semifinals,W,"6-3, 6-2",https://www.wtatennis.com/players/311604/ekaterina-makarova,False,False,False,False,False,False,False,2,True,17,12,5,RU,RUS,643,150,Europe,Eastern Europe,RUS,"6,3,None|6,2,None"
3,Australian Open,,https://www.wtatennis.com/tournaments/901/australian-open/2015,Grand Slam,Hard,https://www.wtatennis.com/resources/v7.42.0/i/elements/gs-tag.svg,2015-01-19,2015-01-31,2015,1,Melbourne,CAN,,AU,AUS,036,009,,Oceania,Australasia,AUS,7.0,,1300.0,1355374.0,128M/128Q/64D,Australian Open,,Eugenie Bouchard,7.0,https://www.wtatennis.com/resources/v7.42.0/i/elements/flags/can.svg,Quarterfinals,W,"6-3, 6-2",https://www.wtatennis.com/players/316161/eugenie-bouchard,False,False,False,False,False,False,False,2,True,17,12,5,CA,CAN,124,019,America,Northern America,CAN,"6,3,None|6,2,None"
4,Australian Open,,https://www.wtatennis.com/tournaments/901/australian-open/2015,Grand Slam,Hard,https://www.wtatennis.com/resources/v7.42.0/i/elements/gs-tag.svg,2015-01-19,2015-01-31,2015,1,Melbourne,CHN,,AU,AUS,036,009,,Oceania,Australasia,AUS,22.0,,1300.0,1355374.0,128M/128Q/64D,Australian Open,,Shuai Peng,21.0,https://www.wtatennis.com/resources/v7.42.0/i/elements/flags/chn.svg,Round of 16,W,"6-3, 6-0",https://www.wtatennis.com/players/160471/shuai-peng,False,False,False,False,False,False,False,2,True,15,12,3,CN,CHN,156,142,Asia,East Asia,CHN,"6,3,None|6,0,None"
5,Australian Open,,https://www.wtatennis.com/tournaments/901/australian-open/2015,Grand Slam,Hard,https://www.wtatennis.com/resources/v7.42.0/i/elements/gs-tag.svg,2015-01-19,2015-01-31,2015,1,Melbourne,KAZ,,AU,AUS,036,009,,Oceania,Australasia,AUS,31.0,,1300.0,1355374.0,128M/128Q/64D,Australian Open,,Zarina Diyas,31.0,https://www.wtatennis.com/resources/v7.42.0/i/elements/flags/kaz.svg,Round of 32,W,"6-1, 6-1",https://www.wtatennis.com/players/315696/zarina-diyas,False,False,False,False,False,False,False,2,True,14,12,2,KZ,KAZ,398,142,Asia,Central Asia,KAZ,"6,1,None|6,1,None"
6,Australian Open,,https://www.wtatennis.com/tournaments/901/australian-open/2015,Grand Slam,Hard,https://www.wtatennis.com/resources/v7.42.0/i/elements/gs-tag.svg,2015-01-19,2015-01-31,2015,1,Melbourne,RUS,,AU,AUS,036,009,,Oceania,Australasia,AUS,150.0,,1300.0,1355374.0,128M/128Q/64D,Australian Open,,Alexandra Panova,,https://www.wtatennis.com/resources/v7.42.0/i/elements/flags/rus.svg,Round of 64,W,"6-1, 4-6, 7-5",https://www.wtatennis.com/players/311956/alexandra-panova,False,False,False,False,False,False,False,3,True,29,17,12,RU,RUS,643,150,Europe,Eastern Europe,RUS,"6,1,None|4,6,None|7,5,None"
7,Australian Open,,https://www.wtatennis.com/tournaments/901/australian-open/2015,Grand Slam,Hard,https://www.wtatennis.com/resources/v7.42.0/i/elements/gs-tag.svg,2015-01-19,2015-01-31,2015,1,Melbourne,CRO,,AU,AUS,036,009,,Oceania,Australasia,AUS,184.0,,1300.0,1355374.0,128M/128Q/64D,Australian Open,,Petra Martic,,https://www.wtatennis.com/resources/v7.42.0/i/elements/flags/cro.svg,Round of 128,W,"6-4, 6-1",https://www.wtatennis.com/players/313711/petra-martic,False,False,False,False,False,False,False,2,True,17,12,5,HR,HRV,191,150,Europe,Southeastern Europe,CRO,"6,4,None|6,1,None"
1,Brisbane International Presented By Suncorp,,https://www.wtatennis.com/tournaments/800/brisbane/2015,Premier,Hard,https://www.wtatennis.com/resources/v7.42.0/i/elements/500k-tag.svg,2015-01-04,2015-01-10,2015,1,Brisbane,SRB,,AU,AUS,036,009,,Oceania,Australasia,AUS,7.0,,470.0,195026.0,32M/32Q/16D,Brisbane International Presented By Suncorp,,Ana Ivanovic,2.0,https://www.wtatennis.com/resources/v7.42.0/i/elements/flags/srb.svg,Finals,W,"6-7 (4), 6-3, 6-3",https://www.wtatennis.com/players/311710/ana-ivanovic,False,False,False,True,False,False,True,3,False,31,18,13,RS,SRB,688,150,Europe,Southeastern Europe,SRB,"6,7,4|6,3,None|6,3,None"
2,Brisbane International Presented By Suncorp,,https://www.wtatennis.com/tournaments/800/brisbane/2015,Premier,Hard,https://www.wtatennis.com/resources/v7.42.0/i/elements/500k-tag.svg,2015-01-04,2015-01-10,2015,1,Brisbane,UKR,,AU,AUS,036,009,,Oceania,Australasia,AUS,28.0,,470.0,195026.0,32M/32Q/16D,Brisbane International Presented By Suncorp,,Elina Svitolina,,https://www.wtatennis.com/resources/v7.42.0/i/elements/flags/ukr.svg,Semifinals,W,"6-1, 6-3",https://www.wtatennis.com/players/316738/elina-svitolina,False,False,False,False,False,False,False,2,True,16,12,4,UA,UKR,804,150,Europe,Eastern Europe,UKR,"6,1,None|6,3,None"
3,Brisbane International Presented By Suncorp,,https://www.wtatennis.com/tournaments/800/brisbane/2015,Premier,Hard,https://www.wtatennis.com/resources/v7.42.0/i/elements/500k-tag.svg,2015-01-04,2015-01-10,2015,1,Brisbane,ESP,,AU,AUS,036,009,Kingdom of Spain,Oceania,Australasia,AUS,17.0,,470.0,195026.0,32M/32Q/16D,Brisbane International Presented By Suncorp,,Carla Suárez Navarro,7.0,https://www.wtatennis.com/resources/v7.42.0/i/elements/flags/esp.svg,Quarterfinals,W,"6-1, 6-3",https://www.wtatennis.com/players/311338/carla-su-rez-navarro,False,False,False,False,False,False,False,2,True,16,12,4,ES,ESP,724,150,Europe,Southern Europe,ESP,"6,1,None|6,3,None"
4,Brisbane International Presented By Suncorp,,https://www.wtatennis.com/tournaments/800/brisbane/2015,Premier,Hard,https://www.wtatennis.com/resources/v7.42.0/i/elements/500k-tag.svg,2015-01-04,2015-01-10,2015,1,Brisbane,KAZ,,AU,AUS,036,009,,Oceania,Australasia,AUS,66.0,,470.0,195026.0,32M/32Q/16D,Brisbane International Presented By Suncorp,,Yaroslava Shvedova,,https://www.wtatennis.com/resources/v7.42.0/i/elements/flags/kaz.svg,Round of 16,W,"6-0, 6-1",https://www.wtatennis.com/players/311137/yaroslava-shvedova,False,False,False,False,False,False,False,2,True,13,12,1,KZ,KAZ,398,142,Asia,Central Asia,KAZ,"6,0,None|6,1,None"
5,Brisbane International Presented By Suncorp,,https://www.wtatennis.com/tournaments/800/brisbane/2015,Premier,Hard,https://www.wtatennis.com/resources/v7.42.0/i/elements/500k-tag.svg,2015-01-04,2015-01-10,2015,1,Brisbane,,,AU,AUS,036,009,,Oceania,Australasia,AUS,,,470.0,195026.0,32M/32Q/16D,Brisbane International Presented By Suncorp,,,,,Round of 32,,Bye,,False,False,True,False,False,False,False,0,False,0,0,0,,,,,,,,
1,Bnp Paribas Wta Finals Singapore Presented By Sc Global,,https://www.wtatennis.com/tournaments/808/wta-finals/2014,Finals,Hard,https://www.wtatennis.com/resources/v7.42.0/i/elements/finals-tag.svg,2014-10-20,2014-10-26,2014,10,Singapore,DEN,,SG,SGP,702,142,,Asia,Southeast Asia,SGP,8.0,,370.0,283000.0,8M/0Q/8D,Bnp Paribas Wta Finals Singapore Presented By Sc Global,,Caroline Wozniacki,8.0,https://www.wtatennis.com/resources/v7.42.0/i/elements/flags/den.svg,Group Stage Group,L,"6-7 (4), 7-6 (5), 2-6",https://www.wtatennis.com/players/313402/caroline-wozniacki,False,False,False,True,True,False,True,3,False,34,15,19,DK,DNK,208,150,Europe,Northern Europe,DEN,"6,7,4|7,6,5|2,6,None"
2,Bnp Paribas Wta Finals Singapore Presented By Sc Global,,https://www.wtatennis.com/tournaments/808/wta-finals/2014,Finals,Hard,https://www.wtatennis.com/resources/v7.42.0/i/elements/finals-tag.svg,2014-10-20,2014-10-26,2014,10,Singapore,CZE,,SG,SGP,702,142,,Asia,Southeast Asia,SGP,3.0,,370.0,283000.0,8M/0Q/8D,Bnp Paribas Wta Finals Singapore Presented By Sc Global,,Petra Kvitova,3.0,https://www.wtatennis.com/resources/v7.42.0/i/elements/flags/cze.svg,Group Stage Group,L,"3-6, 2-6",https://www.wtatennis.com/players/314206/petra-kvitova,False,False,False,False,False,False,False,2,False,17,5,12,CZ,CZE,203,150,Europe,Central Europe,CZE,"3,6,None|2,6,None"
3,Bnp Paribas Wta Finals Singapore Presented By Sc Global,,https://www.wtatennis.com/tournaments/808/wta-finals/2014,Finals,Hard,https://www.wtatennis.com/resources/v7.42.0/i/elements/finals-tag.svg,2014-10-20,2014-10-26,2014,10,Singapore,POL,,SG,SGP,702,142,,Asia,Southeast Asia,SGP,6.0,,370.0,283000.0,8M/0Q/8D,Bnp Paribas Wta Finals Singapore Presented By Sc Global,,Agnieszka Radwanska,6.0,https://www.wtatennis.com/resources/v7.42.0/i/elements/flags/pol.svg,Group Stage Group,W,"7-5, 6-7 (4), 6-2",https://www.wtatennis.com/players/312251/agnieszka-radwanska,False,False,False,False,True,False,True,3,True,33,19,14,PL,POL,616,150,Europe,Central Europe,POL,"7,5,None|6,7,4|6,2,None"
1,China Open 2014,,https://www.wtatennis.com/tournaments/1020/beijing/2014,Premier Mandatory,Hard,https://www.wtatennis.com/resources/v7.42.0/i/elements/1000k-tag.svg,2014-09-27,2014-10-05,2014,9,Beijing,CZE,,CN,CHN,156,142,,Asia,East Asia,CHN,3.0,,1000.0,935000.0,64M/32Q/32D,China Open 2014,,Petra Kvitova,3.0,https://www.wtatennis.com/resources/v7.42.0/i/elements/flags/cze.svg,Finals,W,"6-4, 2-6, 6-3",https://www.wtatennis.com/players/314206/petra-kvitova,False,False,False,False,False,False,False,3,True,27,14,13,CZ,CZE,203,150,Europe,Central Europe,CZE,"6,4,None|2,6,None|6,3,None"
2,China Open 2014,,https://www.wtatennis.com/tournaments/1020/beijing/2014,Premier Mandatory,Hard,https://www.wtatennis.com/resources/v7.42.0/i/elements/1000k-tag.svg,2014-09-27,2014-10-05,2014,9,Beijing,SRB,,CN,CHN,156,142,,Asia,East Asia,CHN,9.0,,1000.0,935000.0,64M/32Q/32D,China Open 2014,,Ana Ivanovic,9.0,https://www.wtatennis.com/resources/v7.42.0/i/elements/flags/srb.svg,Semifinals,W,"6-0, 6-4",https://www.wtatennis.com/players/311710/ana-ivanovic,False,False,False,False,False,False,False,2,True,16,12,4,RS,SRB,688,150,Europe,Southeastern Europe,SRB,"6,0,None|6,4,None"
3,China Open 2014,,https://www.wtatennis.com/tournaments/1020/beijing/2014,Premier Mandatory,Hard,https://www.wtatennis.com/resources/v7.42.0/i/elements/1000k-tag.svg,2014-09-27,2014-10-05,2014,9,Beijing,RUS,,CN,CHN,156,142,,Asia,East Asia,CHN,27.0,,1000.0,935000.0,64M/32Q/32D,China Open 2014,,Svetlana Kuznetsova,,https://www.wtatennis.com/resources/v7.42.0/i/elements/flags/rus.svg,Quarterfinals,W,"6-0, 6-4",https://www.wtatennis.com/players/110552/svetlana-kuznetsova,False,False,False,False,False,False,False,2,True,16,12,4,RU,RUS,643,150,Europe,Eastern Europe,RUS,"6,0,None|6,4,None"
4,China Open 2014,,https://www.wtatennis.com/tournaments/1020/beijing/2014,Premier Mandatory,Hard,https://www.wtatennis.com/resources/v7.42.0/i/elements/1000k-tag.svg,2014-09-27,2014-10-05,2014,9,Beijing,ESP,,CN,CHN,156,142,Kingdom of Spain,Asia,East Asia,CHN,18.0,,1000.0,935000.0,64M/32Q/32D,China Open 2014,,Carla Suárez Navarro,,https://www.wtatennis.com/resources/v7.42.0/i/elements/flags/esp.svg,Round of 16,W,"6-1, 7-6 (3)",https://www.wtatennis.com/players/311338/carla-su-rez-navarro,False,False,False,False,True,False,True,2,True,20,13,7,ES,ESP,724,150,Europe,Southern Europe,ESP,"6,1,None|7,6,3"
5,China Open 2014,,https://www.wtatennis.com/tournaments/1020/beijing/2014,Premier Mandatory,Hard,https://www.wtatennis.com/resources/v7.42.0/i/elements/1000k-tag.svg,2014-09-27,2014-10-05,2014,9,Beijing,UKR,,CN,CHN,156,142,,Asia,East Asia,CHN,33.0,,1000.0,935000.0,64M/32Q/32D,China Open 2014,,Elina Svitolina,,https://www.wtatennis.com/resources/v7.42.0/i/elements/flags/ukr.svg,Round of 32,W,"6-2, 6-2",https://www.wtatennis.com/players/316738/elina-svitolina,False,False,False,False,False,False,False,2,True,16,12,4,UA,UKR,804,150,Europe,Eastern Europe,UKR,"6,2,None|6,2,None"
6,China Open 2014,,https://www.wtatennis.com/tournaments/1020/beijing/2014,Premier Mandatory,Hard,https://www.wtatennis.com/resources/v7.42.0/i/elements/1000k-tag.svg,2014-09-27,2014-10-05,2014,9,Beijing,EST,,CN,CHN,156,142,,Asia,East Asia,CHN,45.0,,1000.0,935000.0,64M/32Q/32D,China Open 2014,,Kaia Kanepi,,https://www.wtatennis.com/resources/v7.42.0/i/elements/flags/est.svg,Round of 64,W,"6-4, 6-1",https://www.wtatennis.com/players/110536/kaia-kanepi,False,False,False,False,False,False,False,2,True,17,12,5,EE,EST,233,150,Europe,Northern Europe,EST,"6,4,None|6,1,None"
1,2014 Dongfeng Motor Wuhan Open,,https://www.wtatennis.com/tournaments/1075/wuhan/2014,Premier 5,Hard,https://www.wtatennis.com/resources/v7.42.0/i/elements/1000k-tag.svg,2014-09-21,2014-09-27,2014,9,Wuhan,SUI,,CN,CHN,156,142,,Asia,East Asia,CHN,61.0,,105.0,25135.0,64M/32Q/32D,2014 Dongfeng Motor Wuhan Open,,Timea Bacsinszky,,https://www.wtatennis.com/resources/v7.42.0/i/elements/flags/sui.svg,Round of 16,L,"6-7 (3), 5-7",https://www.wtatennis.com/players/311579/timea-bacsinszky,False,False,False,True,False,False,True,2,False,25,11,14,CH,CHE,756,150,Europe,Central Europe,SUI,"6,7,3|5,7,None"
2,2014 Dongfeng Motor Wuhan Open,,https://www.wtatennis.com/tournaments/1075/wuhan/2014,Premier 5,Hard,https://www.wtatennis.com/resources/v7.42.0/i/elements/1000k-tag.svg,2014-09-21,2014-09-27,2014,9,Wuhan,RUS,,CN,CHN,156,142,,Asia,East Asia,CHN,25.0,,105.0,25135.0,64M/32Q/32D,2014 Dongfeng Motor Wuhan Open,,Svetlana Kuznetsova,,https://www.wtatennis.com/resources/v7.42.0/i/elements/flags/rus.svg,Round of 32,W,"3-6, 6-2, 6-2",https://www.wtatennis.com/players/110552/svetlana-kuznetsova,False,False,False,False,False,False,False,3,False,25,15,10,RU,RUS,643,150,Europe,Eastern Europe,RUS,"3,6,None|6,2,None|6,2,None"
3,2014 Dongfeng Motor Wuhan Open,,https://www.wtatennis.com/tournaments/1075/wuhan/2014,Premier 5,Hard,https://www.wtatennis.com/resources/v7.42.0/i/elements/1000k-tag.svg,2014-09-21,2014-09-27,2014,9,Wuhan,,,CN,CHN,156,142,,Asia,East Asia,CHN,,,105.0,25135.0,64M/32Q/32D,2014 Dongfeng Motor Wuhan Open,,,,,Round of 64,,Bye,,False,False,True,False,False,False,False,0,False,0,0,0,,,,,,,,
1,Us Open,,https://www.wtatennis.com/tournaments/905/us-open/2014,Grand Slam,Hard,https://www.wtatennis.com/resources/v7.42.0/i/elements/gs-tag.svg,2014-08-25,2014-09-07,2014,8,New York,DEN,NY,US,USA,840,019,,America,Northern America,USA,11.0,,240.0,184362.0,128M/128Q/64D,Us Open,,Caroline Wozniacki,10.0,https://www.wtatennis.com/resources/v7.42.0/i/elements/flags/den.svg,Round of 16,L,"4-6, 6-2, 2-6",https://www.wtatennis.com/players/313402/caroline-wozniacki,False,False,False,False,False,False,False,3,False,26,12,14,DK,DNK,208,150,Europe,Northern Europe,DEN,"4,6,None|6,2,None|2,6,None"
2,Us Open,,https://www.wtatennis.com/tournaments/905/us-open/2014,Grand Slam,Hard,https://www.wtatennis.com/resources/v7.42.0/i/elements/gs-tag.svg,2014-08-25,2014-09-07,2014,8,New York,GER,NY,US,USA,840,019,,America,Northern America,USA,28.0,,240.0,184362.0,128M/128Q/64D,Us Open,,Sabine Lisicki,26.0,https://www.wtatennis.com/resources/v7.42.0/i/elements/flags/ger.svg,Round of 32,W,"6-2, 6-4",https://www.wtatennis.com/players/312520/sabine-lisicki,False,False,False,False,False,False,False,2,True,18,12,6,DE,DEU,276,150,Europe,Central Europe,GER,"6,2,None|6,4,None"
3,Us Open,,https://www.wtatennis.com/tournaments/905/us-open/2014,Grand Slam,Hard,https://www.wtatennis.com/resources/v7.42.0/i/elements/gs-tag.svg,2014-08-25,2014-09-07,2014,8,New York,ROU,NY,US,USA,840,019,,America,Northern America,USA,95.0,,240.0,184362.0,128M/128Q/64D,Us Open,,Alexandra Dulgheru,,https://www.wtatennis.com/resources/v7.42.0/i/elements/flags/rou.svg,Round of 64,W,"4-6, 6-3, 6-2",https://www.wtatennis.com/players/312712/alexandra-dulgheru,False,False,False,False,False,False,False,3,False,27,16,11,RO,ROU,642,150,Europe,Southeastern Europe,ROU,"4,6,None|6,3,None|6,2,None"
4,Us Open,,https://www.wtatennis.com/tournaments/905/us-open/2014,Grand Slam,Hard,https://www.wtatennis.com/resources/v7.42.0/i/elements/gs-tag.svg,2014-08-25,2014-09-07,2014,8,New York,RUS,NY,US,USA,840,019,,America,Northern America,USA,113.0,,240.0,184362.0,128M/128Q/64D,Us Open,,Maria Kirilenko,,https://www.wtatennis.com/resources/v7.42.0/i/elements/flags/rus.svg,Round of 128,W,"6-4, 6-0",https://www.wtatennis.com/players/310577/maria-kirilenko,False,False,False,False,False,False,False,2,True,16,12,4,RU,RUS,643,150,Europe,Eastern Europe,RUS,"6,4,None|6,0,None"
1,Western & Southern Open,,https://www.wtatennis.com/tournaments/1017/cincinnati/2014,Premier 5,Hard,https://www.wtatennis.com/resources/v7.42.0/i/elements/1000k-tag.svg,2014-08-11,2014-08-17,2014,8,Cincinnati,SRB,OH,US,USA,840,019,,America,Northern America,USA,11.0,,350.0,113770.0,64M/64Q/32D,Western & Southern Open,,Ana Ivanovic,9.0,https://www.wtatennis.com/resources/v7.42.0/i/elements/flags/srb.svg,Semifinals,L,"2-6, 7-5, 5-7",https://www.wtatennis.com/players/311710/ana-ivanovic,False,False,False,False,False,False,False,3,False,32,14,18,RS,SRB,688,150,Europe,Southeastern Europe,SRB,"2,6,None|7,5,None|5,7,None"
2,Western & Southern Open,,https://www.wtatennis.com/tournaments/1017/cincinnati/2014,Premier 5,Hard,https://www.wtatennis.com/resources/v7.42.0/i/elements/1000k-tag.svg,2014-08-11,2014-08-17,2014,8,Cincinnati,ROU,OH,US,USA,840,019,,America,Northern America,USA,2.0,,350.0,113770.0,64M/64Q/32D,Western & Southern Open,,Simona Halep,2.0,https://www.wtatennis.com/resources/v7.42.0/i/elements/flags/rou.svg,Quarterfinals,W,"3-6, 6-4, 6-4",https://www.wtatennis.com/players/314320/simona-halep,False,False,False,False,False,False,False,3,False,29,15,14,RO,ROU,642,150,Europe,Southeastern Europe,ROU,"3,6,None|6,4,None|6,4,None"
3,Western & Southern Open,,https://www.wtatennis.com/tournaments/1017/cincinnati/2014,Premier 5,Hard,https://www.wtatennis.com/resources/v7.42.0/i/elements/1000k-tag.svg,2014-08-11,2014-08-17,2014,8,Cincinnati,RUS,OH,US,USA,840,019,,America,Northern America,USA,25.0,,350.0,113770.0,64M/64Q/32D,Western & Southern Open,,Anastasia Pavlyuchenkova,,https://www.wtatennis.com/resources/v7.42.0/i/elements/flags/rus.svg,Round of 16,W,"6-4, 7-6 (2)",https://www.wtatennis.com/players/313796/anastasia-pavlyuchenkova,False,False,False,False,True,False,True,2,True,23,13,10,RU,RUS,643,150,Europe,Eastern Europe,RUS,"6,4,None|7,6,2"
4,Western & Southern Open,,https://www.wtatennis.com/tournaments/1017/cincinnati/2014,Premier 5,Hard,https://www.wtatennis.com/resources/v7.42.0/i/elements/1000k-tag.svg,2014-08-11,2014-08-17,2014,8,Cincinnati,USA,OH,US,USA,840,019,United States of America|America|USA|US,America,Northern America,USA,28.0,,350.0,113770.0,64M/64Q/32D,Western & Southern Open,,Madison Keys,,https://www.wtatennis.com/resources/v7.42.0/i/elements/flags/usa.svg,Round of 32,W,"6-1, 3-6, 6-3",https://www.wtatennis.com/players/316959/madison-keys,False,False,False,False,False,False,False,3,True,25,15,10,US,USA,840,019,America,Northern America,USA,"6,1,None|3,6,None|6,3,None"
5,Western & Southern Open,,https://www.wtatennis.com/tournaments/1017/cincinnati/2014,Premier 5,Hard,https://www.wtatennis.com/resources/v7.42.0/i/elements/1000k-tag.svg,2014-08-11,2014-08-17,2014,8,Cincinnati,,OH,US,USA,840,019,,America,Northern America,USA,,,350.0,113770.0,64M/64Q/32D,Western & Southern Open,,,,,Round of 64,,Bye,,False,False,True,False,False,False,False,0,False,0,0,0,,,,,,,,
1,Coupe Rogers Présentée Par Banque Nationale,,https://www.wtatennis.com/tournaments/806/montreal/2014,Premier 5,Hard,https://www.wtatennis.com/resources/v7.42.0/i/elements/1000k-tag.svg,2014-08-04,2014-08-10,2014,8,Montreal,ESP,,CA,CAN,124,019,Kingdom of Spain,America,Northern America,CAN,16.0,,105.0,24630.0,64M/64Q/32D,Coupe Rogers Présentée Par Banque Nationale,,Carla Suárez Navarro,14.0,https://www.wtatennis.com/resources/v7.42.0/i/elements/flags/esp.svg,Round of 16,L,"2-6, 6-4, 2-6",https://www.wtatennis.com/players/311338/carla-su-rez-navarro,False,False,False,False,False,False,False,3,False,26,10,16,ES,ESP,724,150,Europe,Southern Europe,ESP,"2,6,None|6,4,None|2,6,None"
2,Coupe Rogers Présentée Par Banque Nationale,,https://www.wtatennis.com/tournaments/806/montreal/2014,Premier 5,Hard,https://www.wtatennis.com/resources/v7.42.0/i/elements/1000k-tag.svg,2014-08-04,2014-08-10,2014,8,Montreal,ESP,,CA,CAN,124,019,Kingdom of Spain,America,Northern America,CAN,27.0,,105.0,24630.0,64M/64Q/32D,Coupe Rogers Présentée Par Banque Nationale,,Garbiñe Muguruza,,https://www.wtatennis.com/resources/v7.42.0/i/elements/flags/esp.svg,Round of 32,W,"4-6, 6-3, 6-1",https://www.wtatennis.com/players/316239/garbi-e-muguruza,False,False,False,False,False,False,False,3,False,26,16,10,ES,ESP,724,150,Europe,Southern Europe,ESP,"4,6,None|6,3,None|6,1,None"
3,Coupe Rogers Présentée Par Banque Nationale,,https://www.wtatennis.com/tournaments/806/montreal/2014,Premier 5,Hard,https://www.wtatennis.com/resources/v7.42.0/i/elements/1000k-tag.svg,2014-08-04,2014-08-10,2014,8,Montreal,,,CA,CAN,124,019,,America,Northern America,CAN,,,105.0,24630.0,64M/64Q/32D,Coupe Rogers Présentée Par Banque Nationale,,,,,Round of 64,,Bye,,False,False,True,False,False,False,False,0,False,0,0,0,,,,,,,,
1,Wimbledon,,https://www.wtatennis.com/tournaments/904/wimbledon/2014,Grand Slam,Grass,https://www.wtatennis.com/resources/v7.42.0/i/elements/gs-tag.svg,2014-06-23,2014-07-05,2014,6,Wimbledon,GER,,GB,GBR,826,150,,Europe,Northern Europe,ENG,7.0,,240.0,182354.0,128M/128Q/64D,The Championships,,Angelique Kerber,9.0,https://www.wtatennis.com/resources/v7.42.0/i/elements/flags/ger.svg,Round of 16,L,"6-7 (4), 6-4, 4-6",https://www.wtatennis.com/players/311470/angelique-kerber,False,False,False,True,False,False,True,3,False,33,16,17,DE,DEU,276,150,Europe,Central Europe,GER,"6,7,4|6,4,None|4,6,None"
2,Wimbledon,,https://www.wtatennis.com/tournaments/904/wimbledon/2014,Grand Slam,Grass,https://www.wtatennis.com/resources/v7.42.0/i/elements/gs-tag.svg,2014-06-23,2014-07-05,2014,6,Wimbledon,USA,,GB,GBR,826,150,United States of America|America|USA|US,Europe,Northern Europe,ENG,44.0,,240.0,182354.0,128M/128Q/64D,The Championships,,Alison Riske-Amritraj,,https://www.wtatennis.com/resources/v7.42.0/i/elements/flags/usa.svg,Round of 32,W,"6-3, 6-0",https://www.wtatennis.com/players/312850/alison-riske-amritraj,False,False,False,False,False,False,False,2,True,15,12,3,US,USA,840,019,America,Northern America,USA,"6,3,None|6,0,None"
3,Wimbledon,,https://www.wtatennis.com/tournaments/904/wimbledon/2014,Grand Slam,Grass,https://www.wtatennis.com/resources/v7.42.0/i/elements/gs-tag.svg,2014-06-23,2014-07-05,2014,6,Wimbledon,SUI,,GB,GBR,826,150,,Europe,Northern Europe,ENG,85.0,,240.0,182354.0,128M/128Q/64D,The Championships,,Timea Bacsinszky,,https://www.wtatennis.com/resources/v7.42.0/i/elements/flags/sui.svg,Round of 64,W,"6-2, 6-1",https://www.wtatennis.com/players/311579/timea-bacsinszky,False,False,False,False,False,False,False,2,True,15,12,3,CH,CHE,756,150,Europe,Central Europe,SUI,"6,2,None|6,1,None"
4,Wimbledon,,https://www.wtatennis.com/tournaments/904/wimbledon/2014,Grand Slam,Grass,https://www.wtatennis.com/resources/v7.42.0/i/elements/gs-tag.svg,2014-06-23,2014-07-05,2014,6,Wimbledon,GBR,,GB,GBR,826,150,Britain|UK|Great Britain|United Kingdom,Europe,Northern Europe,ENG,247.0,,240.0,182354.0,128M/128Q/64D,The Championships,,Samantha Murray Sharan,,https://www.wtatennis.com/resources/v7.42.0/i/elements/flags/gbr.svg,Round of 128,W,"6-1, 6-0",https://www.wtatennis.com/players/312660/samantha-murray-sharan,False,False,False,False,False,False,False,2,True,13,12,1,GB,GBR,826,150,Europe,Northern Europe,ENG,"6,1,None|6,0,None"
1,Roland Garros,,https://www.wtatennis.com/tournaments/903/roland-garros/2014,Grand Slam,Clay,https://www.wtatennis.com/resources/v7.42.0/i/elements/gs-tag.svg,2014-05-25,2014-06-07,2014,5,Paris,ROU,,FR,FRA,250,150,,Europe,Western Europe,FRA,4.0,,2000.0,2174835.0,128M/128Q/64D,Championnats Internationaux De France,,Simona Halep,4.0,https://www.wtatennis.com/resources/v7.42.0/i/elements/flags/rou.svg,Finals,W,"6-4, 6-7 (5), 6-4",https://www.wtatennis.com/players/314320/simona-halep,False,False,False,False,True,False,True,3,True,33,18,15,RO,ROU,642,150,Europe,Southeastern Europe,ROU,"6,4,None|6,7,5|6,4,None"
2,Roland Garros,,https://www.wtatennis.com/tournaments/903/roland-garros/2014,Grand Slam,Clay,https://www.wtatennis.com/resources/v7.42.0/i/elements/gs-tag.svg,2014-05-25,2014-06-07,2014,5,Paris,CAN,,FR,FRA,250,150,,Europe,Western Europe,FRA,16.0,,2000.0,2174835.0,128M/128Q/64D,Championnats Internationaux De France,,Eugenie Bouchard,18.0,https://www.wtatennis.com/resources/v7.42.0/i/elements/flags/can.svg,Semifinals,W,"4-6, 7-5, 6-2",https://www.wtatennis.com/players/316161/eugenie-bouchard,False,False,False,False,False,False,False,3,False,30,17,13,CA,CAN,124,019,America,Northern America,CAN,"4,6,None|7,5,None|6,2,None"
3,Roland Garros,,https://www.wtatennis.com/tournaments/903/roland-garros/2014,Grand Slam,Clay,https://www.wtatennis.com/resources/v7.42.0/i/elements/gs-tag.svg,2014-05-25,2014-06-07,2014,5,Paris,ESP,,FR,FRA,250,150,Kingdom of Spain,Europe,Western Europe,FRA,35.0,,2000.0,2174835.0,128M/128Q/64D,Championnats Internationaux De France,,Garbiñe Muguruza,,https://www.wtatennis.com/resources/v7.42.0/i/elements/flags/esp.svg,Quarterfinals,W,"1-6, 7-5, 6-1",https://www.wtatennis.com/players/316239/garbi-e-muguruza,False,False,False,False,False,False,False,3,False,26,14,12,ES,ESP,724,150,Europe,Southern Europe,ESP,"1,6,None|7,5,None|6,1,None"
4,Roland Garros,,https://www.wtatennis.com/tournaments/903/roland-garros/2014,Grand Slam,Clay,https://www.wtatennis.com/resources/v7.42.0/i/elements/gs-tag.svg,2014-05-25,2014-06-07,2014,5,Paris,AUS,,FR,FRA,250,150,,Europe,Western Europe,FRA,18.0,,2000.0,2174835.0,128M/128Q/64D,Championnats Internationaux De France,,Samantha Stosur,19.0,https://www.wtatennis.com/resources/v7.42.0/i/elements/flags/aus.svg,Round of 16,W,"3-6, 6-4, 6-0",https://www.wtatennis.com/players/190787/samantha-stosur,False,False,False,False,False,False,False,3,False,25,15,10,AU,AUS,036,009,Oceania,Australasia,AUS,"3,6,None|6,4,None|6,0,None"
5,Roland Garros,,https://www.wtatennis.com/tournaments/903/roland-garros/2014,Grand Slam,Clay,https://www.wtatennis.com/resources/v7.42.0/i/elements/gs-tag.svg,2014-05-25,2014-06-07,2014,5,Paris,ARG,,FR,FRA,250,150,,Europe,Western Europe,FRA,75.0,,2000.0,2174835.0,128M/128Q/64D,Championnats Internationaux De France,,Paula Ormaechea,,https://www.wtatennis.com/resources/v7.42.0/i/elements/flags/arg.svg,Round of 32,W,"6-0, 6-0",https://www.wtatennis.com/players/315083/paula-ormaechea,False,False,False,False,False,False,False,2,True,12,12,0,AR,ARG,032,019,America,Southern South America,ARG,"6,0,None|6,0,None"
6,Roland Garros,,https://www.wtatennis.com/tournaments/903/roland-garros/2014,Grand Slam,Clay,https://www.wtatennis.com/resources/v7.42.0/i/elements/gs-tag.svg,2014-05-25,2014-06-07,2014,5,Paris,BUL,,FR,FRA,250,150,,Europe,Western Europe,FRA,42.0,,2000.0,2174835.0,128M/128Q/64D,Championnats Internationaux De France,,Tsvetana Pironkova,,https://www.wtatennis.com/resources/v7.42.0/i/elements/flags/bul.svg,Round of 64,W,"7-5, 6-2",https://www.wtatennis.com/players/311041/tsvetana-pironkova,False,False,False,False,False,False,False,2,True,20,13,7,BG,BGR,100,150,Europe,Southeastern Europe,BUL,"7,5,None|6,2,None"
7,Roland Garros,,https://www.wtatennis.com/tournaments/903/roland-garros/2014,Grand Slam,Clay,https://www.wtatennis.com/resources/v7.42.0/i/elements/gs-tag.svg,2014-05-25,2014-06-07,2014,5,Paris,RUS,,FR,FRA,250,150,,Europe,Western Europe,FRA,156.0,,2000.0,2174835.0,128M/128Q/64D,Championnats Internationaux De France,,Ksenia Pervak,,https://www.wtatennis.com/resources/v7.42.0/i/elements/flags/rus.svg,Round of 128,W,"6-1, 6-2",https://www.wtatennis.com/players/313537/ksenia-pervak,False,False,False,False,False,False,False,2,True,15,12,3,RU,RUS,643,150,Europe,Eastern Europe,RUS,"6,1,None|6,2,None"
1,Internazionali Bnl D'Italia,,https://www.wtatennis.com/tournaments/709/rome/2014,Premier 5,Clay,https://www.wtatennis.com/resources/v7.42.0/i/elements/1000k-tag.svg,2014-05-12,2014-05-18,2014,5,Rome,SRB,,IT,ITA,380,150,,Europe,Southern Europe,ITA,13.0,,105.0,27354.0,64M/32Q/32D,Internazionali Bnl D'Italia,,Ana Ivanovic,11.0,https://www.wtatennis.com/resources/v7.42.0/i/elements/flags/srb.svg,Round of 16,L,"1-6, 4-6",https://www.wtatennis.com/players/311710/ana-ivanovic,False,False,False,False,False,False,False,2,False,17,5,12,RS,SRB,688,150,Europe,Southeastern Europe,SRB,"1,6,None|4,6,None"
2,Internazionali Bnl D'Italia,,https://www.wtatennis.com/tournaments/709/rome/2014,Premier 5,Clay,https://www.wtatennis.com/resources/v7.42.0/i/elements/1000k-tag.svg,2014-05-12,2014-05-18,2014,5,Rome,PUR,,IT,ITA,380,150,,Europe,Southern Europe,ITA,60.0,,105.0,27354.0,64M/32Q/32D,Internazionali Bnl D'Italia,,Monica Puig,,https://www.wtatennis.com/resources/v7.42.0/i/elements/flags/pur.svg,Round of 32,W,"6-3, 7-5",https://www.wtatennis.com/players/317755/monica-puig,False,False,False,False,False,False,False,2,True,21,13,8,PR,PRI,630,019,America,Caribbean,PUR,"6,3,None|7,5,None"
3,Internazionali Bnl D'Italia,,https://www.wtatennis.com/tournaments/709/rome/2014,Premier 5,Clay,https://www.wtatennis.com/resources/v7.42.0/i/elements/1000k-tag.svg,2014-05-12,2014-05-18,2014,5,Rome,,,IT,ITA,380,150,,Europe,Southern Europe,ITA,,,105.0,27354.0,64M/32Q/32D,Internazionali Bnl D'Italia,,,,,Round of 64,,Bye,,False,False,True,False,False,False,False,0,False,0,0,0,,,,,,,,
1,Mutua Madrid Open,,https://www.wtatennis.com/tournaments/1038/madrid/2014,Premier Mandatory,Clay,https://www.wtatennis.com/resources/v7.42.0/i/elements/1000k-tag.svg,2014-05-03,2014-05-11,2014,5,Madird,ROU,,ES,ESP,724,150,,Europe,Southern Europe,ESP,5.0,,1000.0,938101.0,64M/32Q/32D,Mutua Madrid Open,,Simona Halep,4.0,https://www.wtatennis.com/resources/v7.42.0/i/elements/flags/rou.svg,Finals,W,"1-6, 6-2, 6-3",https://www.wtatennis.com/players/314320/simona-halep,False,False,False,False,False,False,False,3,False,24,13,11,RO,ROU,642,150,Europe,Southeastern Europe,ROU,"1,6,None|6,2,None|6,3,None"
2,Mutua Madrid Open,,https://www.wtatennis.com/tournaments/1038/madrid/2014,Premier Mandatory,Clay,https://www.wtatennis.com/resources/v7.42.0/i/elements/1000k-tag.svg,2014-05-03,2014-05-11,2014,5,Madird,POL,,ES,ESP,724,150,,Europe,Southern Europe,ESP,3.0,,1000.0,938101.0,64M/32Q/32D,Mutua Madrid Open,,Agnieszka Radwanska,3.0,https://www.wtatennis.com/resources/v7.42.0/i/elements/flags/pol.svg,Semifinals,W,"6-1, 6-4",https://www.wtatennis.com/players/312251/agnieszka-radwanska,False,False,False,False,False,False,False,2,True,17,12,5,PL,POL,616,150,Europe,Central Europe,POL,"6,1,None|6,4,None"
3,Mutua Madrid Open,,https://www.wtatennis.com/tournaments/1038/madrid/2014,Premier Mandatory,Clay,https://www.wtatennis.com/resources/v7.42.0/i/elements/1000k-tag.svg,2014-05-03,2014-05-11,2014,5,Madird,CHN,,ES,ESP,724,150,,Europe,Southern Europe,ESP,2.0,,1000.0,938101.0,64M/32Q/32D,Mutua Madrid Open,,Na Li,2.0,https://www.wtatennis.com/resources/v7.42.0/i/elements/flags/chn.svg,Quarterfinals,W,"2-6, 7-6 (5), 6-3",https://www.wtatennis.com/players/120330/na-li,False,False,False,False,True,False,True,3,False,30,15,15,CN,CHN,156,142,Asia,East Asia,CHN,"2,6,None|7,6,5|6,3,None"
4,Mutua Madrid Open,,https://www.wtatennis.com/tournaments/1038/madrid/2014,Premier Mandatory,Clay,https://www.wtatennis.com/resources/v7.42.0/i/elements/1000k-tag.svg,2014-05-03,2014-05-11,2014,5,Madird,AUS,,ES,ESP,724,150,,Europe,Southern Europe,ESP,19.0,,1000.0,938101.0,64M/32Q/32D,Mutua Madrid Open,,Samantha Stosur,,https://www.wtatennis.com/resources/v7.42.0/i/elements/flags/aus.svg,Round of 16,W,"6-4, 6-3",https://www.wtatennis.com/players/190787/samantha-stosur,False,False,False,False,False,False,False,2,True,19,12,7,AU,AUS,036,009,Oceania,Australasia,AUS,"6,4,None|6,3,None"
5,Mutua Madrid Open,,https://www.wtatennis.com/tournaments/1038/madrid/2014,Premier Mandatory,Clay,https://www.wtatennis.com/resources/v7.42.0/i/elements/1000k-tag.svg,2014-05-03,2014-05-11,2014,5,Madird,USA,,ES,ESP,724,150,United States of America|America|USA|US,Europe,Southern Europe,ESP,56.0,,1000.0,938101.0,64M/32Q/32D,Mutua Madrid Open,,Christina Mchale,,https://www.wtatennis.com/resources/v7.42.0/i/elements/flags/usa.svg,Round of 32,W,"6-1, 4-6, 6-4",https://www.wtatennis.com/players/314917/christina-mchale,False,False,False,False,False,False,False,3,True,27,16,11,US,USA,840,019,America,Northern America,USA,"6,1,None|4,6,None|6,4,None"
6,Mutua Madrid Open,,https://www.wtatennis.com/tournaments/1038/madrid/2014,Premier Mandatory,Clay,https://www.wtatennis.com/resources/v7.42.0/i/elements/1000k-tag.svg,2014-05-03,2014-05-11,2014,5,Madird,CZE,,ES,ESP,724,150,,Europe,Southern Europe,ESP,31.0,,1000.0,938101.0,64M/32Q/32D,Mutua Madrid Open,,Klara Koukalova,,https://www.wtatennis.com/resources/v7.42.0/i/elements/flags/cze.svg,Round of 64,W,"6-1, 6-2",https://www.wtatennis.com/players/110492/klara-koukalova,False,False,False,False,False,False,False,2,True,15,12,3,CZ,CZE,203,150,Europe,Central Europe,CZE,"6,1,None|6,2,None"
1,Porsche Tennis Grand Prix,,https://www.wtatennis.com/tournaments/1051/stuttgart/2014,Premier,Clay,https://www.wtatennis.com/resources/v7.42.0/i/elements/500k-tag.svg,2014-04-21,2014-04-27,2014,4,Stuttgart,SRB,,DE,DEU,276,150,,Europe,Central Europe,GER,12.0,,470.0,120000.0,32M/32Q/16D,Porsche Tennis Grand Prix,,Ana Ivanovic,9.0,https://www.wtatennis.com/resources/v7.42.0/i/elements/flags/srb.svg,Finals,W,"3-6, 6-4, 6-1",https://www.wtatennis.com/players/311710/ana-ivanovic,False,False,False,False,False,False,False,3,False,26,15,11,RS,SRB,688,150,Europe,Southeastern Europe,SRB,"3,6,None|6,4,None|6,1,None"
2,Porsche Tennis Grand Prix,,https://www.wtatennis.com/tournaments/1051/stuttgart/2014,Premier,Clay,https://www.wtatennis.com/resources/v7.42.0/i/elements/500k-tag.svg,2014-04-21,2014-04-27,2014,4,Stuttgart,ITA,,DE,DEU,276,150,,Europe,Central Europe,GER,11.0,,470.0,120000.0,32M/32Q/16D,Porsche Tennis Grand Prix,,Sara Errani,8.0,https://www.wtatennis.com/resources/v7.42.0/i/elements/flags/ita.svg,Semifinals,W,"6-1, 6-2",https://www.wtatennis.com/players/310761/sara-errani,False,False,False,False,False,False,False,2,True,15,12,3,IT,ITA,380,150,Europe,Southern Europe,ITA,"6,1,None|6,2,None"
3,Porsche Tennis Grand Prix,,https://www.wtatennis.com/tournaments/1051/stuttgart/2014,Premier,Clay,https://www.wtatennis.com/resources/v7.42.0/i/elements/500k-tag.svg,2014-04-21,2014-04-27,2014,4,Stuttgart,POL,,DE,DEU,276,150,,Europe,Central Europe,GER,3.0,,470.0,120000.0,32M/32Q/16D,Porsche Tennis Grand Prix,,Agnieszka Radwanska,1.0,https://www.wtatennis.com/resources/v7.42.0/i/elements/flags/pol.svg,Quarterfinals,W,"6-4, 6-3",https://www.wtatennis.com/players/312251/agnieszka-radwanska,False,False,False,False,False,False,False,2,True,19,12,7,PL,POL,616,150,Europe,Central Europe,POL,"6,4,None|6,3,None"
4,Porsche Tennis Grand Prix,,https://www.wtatennis.com/tournaments/1051/stuttgart/2014,Premier,Clay,https://www.wtatennis.com/resources/v7.42.0/i/elements/500k-tag.svg,2014-04-21,2014-04-27,2014,4,Stuttgart,RUS,,DE,DEU,276,150,,Europe,Central Europe,GER,25.0,,470.0,120000.0,32M/32Q/16D,Porsche Tennis Grand Prix,,Anastasia Pavlyuchenkova,,https://www.wtatennis.com/resources/v7.42.0/i/elements/flags/rus.svg,Round of 16,W,"6-4, 6-3",https://www.wtatennis.com/players/313796/anastasia-pavlyuchenkova,False,False,False,False,False,False,False,2,True,19,12,7,RU,RUS,643,150,Europe,Eastern Europe,RUS,"6,4,None|6,3,None"
5,Porsche Tennis Grand Prix,,https://www.wtatennis.com/tournaments/1051/stuttgart/2014,Premier,Clay,https://www.wtatennis.com/resources/v7.42.0/i/elements/500k-tag.svg,2014-04-21,2014-04-27,2014,4,Stuttgart,CZE,,DE,DEU,276,150,,Europe,Central Europe,GER,26.0,,470.0,120000.0,32M/32Q/16D,Porsche Tennis Grand Prix,,Lucie Safarova,,https://www.wtatennis.com/resources/v7.42.0/i/elements/flags/cze.svg,Round of 32,W,"7-6 (5), 6-7 (5), 7-6 (2)",https://www.wtatennis.com/players/310553/lucie-safarova,False,False,False,True,True,True,True,3,True,39,20,19,CZ,CZE,203,150,Europe,Central Europe,CZE,"7,6,5|6,7,5|7,6,2"
1,Sony Open Tennis,,https://www.wtatennis.com/tournaments/902/miami/2014,Premier Mandatory,Hard,https://www.wtatennis.com/resources/v7.42.0/i/elements/1000k-tag.svg,2014-03-18,2014-03-29,2014,3,Miami,USA,FL,US,USA,840,019,United States of America|America|USA|US,America,Northern America,USA,1.0,,390.0,192485.0,128M/64Q/32D,Sony Open Tennis,,Serena Williams,1.0,https://www.wtatennis.com/resources/v7.42.0/i/elements/flags/usa.svg,Semifinals,L,"4-6, 3-6",https://www.wtatennis.com/players/230234/serena-williams,False,False,False,False,False,False,False,2,False,19,7,12,US,USA,840,019,America,Northern America,USA,"4,6,None|3,6,None"
2,Sony Open Tennis,,https://www.wtatennis.com/tournaments/902/miami/2014,Premier Mandatory,Hard,https://www.wtatennis.com/resources/v7.42.0/i/elements/1000k-tag.svg,2014-03-18,2014-03-29,2014,3,Miami,CZE,FL,US,USA,840,019,,America,Northern America,USA,8.0,,390.0,192485.0,128M/64Q/32D,Sony Open Tennis,,Petra Kvitova,8.0,https://www.wtatennis.com/resources/v7.42.0/i/elements/flags/cze.svg,Quarterfinals,W,"7-5, 6-1",https://www.wtatennis.com/players/314206/petra-kvitova,False,False,False,False,False,False,False,2,True,19,13,6,CZ,CZE,203,150,Europe,Central Europe,CZE,"7,5,None|6,1,None"
3,Sony Open Tennis,,https://www.wtatennis.com/tournaments/902/miami/2014,Premier Mandatory,Hard,https://www.wtatennis.com/resources/v7.42.0/i/elements/1000k-tag.svg,2014-03-18,2014-03-29,2014,3,Miami,BEL,FL,US,USA,840,019,,America,Northern America,USA,23.0,,390.0,192485.0,128M/64Q/32D,Sony Open Tennis,,Kirsten Flipkens,19.0,https://www.wtatennis.com/resources/v7.42.0/i/elements/flags/bel.svg,Round of 16,W,"3-6, 6-4, 6-1",https://www.wtatennis.com/players/310331/kirsten-flipkens,False,False,False,False,False,False,False,3,False,26,15,11,BE,BEL,056,150,Europe,Western Europe,BEL,"3,6,None|6,4,None|6,1,None"
4,Sony Open Tennis,,https://www.wtatennis.com/tournaments/902/miami/2014,Premier Mandatory,Hard,https://www.wtatennis.com/resources/v7.42.0/i/elements/1000k-tag.svg,2014-03-18,2014-03-29,2014,3,Miami,CZE,FL,US,USA,840,019,,America,Northern America,USA,27.0,,390.0,192485.0,128M/64Q/32D,Sony Open Tennis,,Lucie Safarova,26.0,https://www.wtatennis.com/resources/v7.42.0/i/elements/flags/cze.svg,Round of 32,W,"6-4, 6-7 (7), 6-2",https://www.wtatennis.com/players/310553/lucie-safarova,False,False,False,False,True,False,True,3,True,31,18,13,CZ,CZE,203,150,Europe,Central Europe,CZE,"6,4,None|6,7,7|6,2,None"
5,Sony Open Tennis,,https://www.wtatennis.com/tournaments/902/miami/2014,Premier Mandatory,Hard,https://www.wtatennis.com/resources/v7.42.0/i/elements/1000k-tag.svg,2014-03-18,2014-03-29,2014,3,Miami,JPN,FL,US,USA,840,019,,America,Northern America,USA,45.0,,390.0,192485.0,128M/64Q/32D,Sony Open Tennis,,Kurumi Nara,,https://www.wtatennis.com/resources/v7.42.0/i/elements/flags/jpn.svg,Round of 64,W,"6-3, 6-4",https://www.wtatennis.com/players/314344/kurumi-nara,False,False,False,False,False,False,False,2,True,19,12,7,JP,JPN,392,142,Asia,East Asia,JPN,"6,3,None|6,4,None"
6,Sony Open Tennis,,https://www.wtatennis.com/tournaments/902/miami/2014,Premier Mandatory,Hard,https://www.wtatennis.com/resources/v7.42.0/i/elements/1000k-tag.svg,2014-03-18,2014-03-29,2014,3,Miami,,FL,US,USA,840,019,,America,Northern America,USA,,,390.0,192485.0,128M/64Q/32D,Sony Open Tennis,,,,,Round of 128,,Bye,,False,False,True,False,False,False,False,0,False,0,0,0,,,,,,,,
1,Bnp Paribas Open,,https://www.wtatennis.com/tournaments/609/indian-wells/2014,Premier Mandatory,Hard,https://www.wtatennis.com/resources/v7.42.0/i/elements/1000k-tag.svg,2014-03-05,2014-03-16,2014,3,Indian Wells,ITA,CA,US,USA,840,019,,America,Northern America,USA,79.0,,65.0,28000.0,128M/64Q/32D,Bnp Paribas Open,,Camila Giorgi,,https://www.wtatennis.com/resources/v7.42.0/i/elements/flags/ita.svg,Round of 32,L,"3-6, 6-4, 5-7",https://www.wtatennis.com/players/314610/camila-giorgi,False,False,False,False,False,False,False,3,False,31,14,17,IT,ITA,380,150,Europe,Southern Europe,ITA,"3,6,None|6,4,None|5,7,None"
2,Bnp Paribas Open,,https://www.wtatennis.com/tournaments/609/indian-wells/2014,Premier Mandatory,Hard,https://www.wtatennis.com/resources/v7.42.0/i/elements/1000k-tag.svg,2014-03-05,2014-03-16,2014,3,Indian Wells,GER,CA,US,USA,840,019,,America,Northern America,USA,86.0,,65.0,28000.0,128M/64Q/32D,Bnp Paribas Open,,Julia Goerges,,https://www.wtatennis.com/resources/v7.42.0/i/elements/flags/ger.svg,Round of 64,W,"6-1, 6-4",https://www.wtatennis.com/players/313381/julia-goerges,False,False,False,False,False,False,False,2,True,17,12,5,DE,DEU,276,150,Europe,Central Europe,GER,"6,1,None|6,4,None"
3,Bnp Paribas Open,,https://www.wtatennis.com/tournaments/609/indian-wells/2014,Premier Mandatory,Hard,https://www.wtatennis.com/resources/v7.42.0/i/elements/1000k-tag.svg,2014-03-05,2014-03-16,2014,3,Indian Wells,,CA,US,USA,840,019,,America,Northern America,USA,,,65.0,28000.0,128M/64Q/32D,Bnp Paribas Open,,,,,Round of 128,,Bye,,False,False,True,False,False,False,False,0,False,0,0,0,,,,,,,,
1,Open Gdf Suez,,https://www.wtatennis.com/tournaments/604/paris/2014,Premier,Hard,https://www.wtatennis.com/resources/v7.42.0/i/elements/500k-tag.svg,2014-01-27,2014-02-02,2014,1,Paris,RUS,,FR,FRA,250,150,,Europe,Western Europe,FRA,26.0,,185.0,34350.0,32M/32Q/16D,Open Gdf Suez,,Anastasia Pavlyuchenkova,,https://www.wtatennis.com/resources/v7.42.0/i/elements/flags/rus.svg,Semifinals,L,"6-4, 3-6, 4-6",https://www.wtatennis.com/players/313796/anastasia-pavlyuchenkova,False,False,False,False,False,False,False,3,True,29,13,16,RU,RUS,643,150,Europe,Eastern Europe,RUS,"6,4,None|3,6,None|4,6,None"
2,Open Gdf Suez,,https://www.wtatennis.com/tournaments/604/paris/2014,Premier,Hard,https://www.wtatennis.com/resources/v7.42.0/i/elements/500k-tag.svg,2014-01-27,2014-02-02,2014,1,Paris,BEL,,FR,FRA,250,150,,Europe,Western Europe,FRA,21.0,,185.0,34350.0,32M/32Q/16D,Open Gdf Suez,,Kirsten Flipkens,8.0,https://www.wtatennis.com/resources/v7.42.0/i/elements/flags/bel.svg,Quarterfinals,W,"6-2, 6-2",https://www.wtatennis.com/players/310331/kirsten-flipkens,False,False,False,False,False,False,False,2,True,16,12,4,BE,BEL,056,150,Europe,Western Europe,BEL,"6,2,None|6,2,None"
3,Open Gdf Suez,,https://www.wtatennis.com/tournaments/604/paris/2014,Premier,Hard,https://www.wtatennis.com/resources/v7.42.0/i/elements/500k-tag.svg,2014-01-27,2014-02-02,2014,1,Paris,SVK,,FR,FRA,250,150,,Europe,Western Europe,FRA,31.0,,185.0,34350.0,32M/32Q/16D,Open Gdf Suez,,Daniela Hantuchova,,https://www.wtatennis.com/resources/v7.42.0/i/elements/flags/svk.svg,Round of 16,W,"6-0, 6-1",https://www.wtatennis.com/players/80394/daniela-hantuchova,False,False,False,False,False,False,False,2,True,13,12,1,SK,SVK,703,150,Europe,Central Europe,SVK,"6,0,None|6,1,None"
4,Open Gdf Suez,,https://www.wtatennis.com/tournaments/604/paris/2014,Premier,Hard,https://www.wtatennis.com/resources/v7.42.0/i/elements/500k-tag.svg,2014-01-27,2014-02-02,2014,1,Paris,,,FR,FRA,250,150,,Europe,Western Europe,FRA,,,185.0,34350.0,32M/32Q/16D,Open Gdf Suez,,,,,Round of 32,,Bye,,False,False,True,False,False,False,False,0,False,0,0,0,,,,,,,,
1,Australian Open,,https://www.wtatennis.com/tournaments/901/australian-open/2014,Grand Slam,Hard,https://www.wtatennis.com/resources/v7.42.0/i/elements/gs-tag.svg,2014-01-13,2014-01-25,2014,1,Melbourne,SVK,,AU,AUS,036,009,,Oceania,Australasia,AUS,24.0,,240.0,119683.0,128M/128Q/64D,Australian Open,,Dominika Cibulkova,20.0,https://www.wtatennis.com/resources/v7.42.0/i/elements/flags/svk.svg,Round of 16,L,"6-3, 4-6, 1-6",https://www.wtatennis.com/players/312894/dominika-cibulkova,False,False,False,False,False,False,False,3,True,26,11,15,SK,SVK,703,150,Europe,Central Europe,SVK,"6,3,None|4,6,None|1,6,None"
2,Australian Open,,https://www.wtatennis.com/tournaments/901/australian-open/2014,Grand Slam,Hard,https://www.wtatennis.com/resources/v7.42.0/i/elements/gs-tag.svg,2014-01-13,2014-01-25,2014,1,Melbourne,FRA,,AU,AUS,036,009,,Oceania,Australasia,AUS,25.0,,240.0,119683.0,128M/128Q/64D,Australian Open,,Alizé Cornet,25.0,https://www.wtatennis.com/resources/v7.42.0/i/elements/flags/fra.svg,Round of 32,W,"6-1, 7-6 (6)",https://www.wtatennis.com/players/312121/aliz-cornet,False,False,False,False,True,False,True,2,True,20,13,7,FR,FRA,250,150,Europe,Western Europe,FRA,"6,1,None|7,6,6"
3,Australian Open,,https://www.wtatennis.com/tournaments/901/australian-open/2014,Grand Slam,Hard,https://www.wtatennis.com/resources/v7.42.0/i/elements/gs-tag.svg,2014-01-13,2014-01-25,2014,1,Melbourne,ITA,,AU,AUS,036,009,,Oceania,Australasia,AUS,44.0,,240.0,119683.0,128M/128Q/64D,Australian Open,,Karin Knapp,,https://www.wtatennis.com/resources/v7.42.0/i/elements/flags/ita.svg,Round of 64,W,"6-3, 4-6, 10-8",https://www.wtatennis.com/players/311299/karin-knapp,False,False,False,False,False,False,False,3,True,37,20,17,IT,ITA,380,150,Europe,Southern Europe,ITA,"6,3,None|4,6,None|10,8,None"
4,Australian Open,,https://www.wtatennis.com/tournaments/901/australian-open/2014,Grand Slam,Hard,https://www.wtatennis.com/resources/v7.42.0/i/elements/gs-tag.svg,2014-01-13,2014-01-25,2014,1,Melbourne,USA,,AU,AUS,036,009,United States of America|America|USA|US,Oceania,Australasia,AUS,41.0,,240.0,119683.0,128M/128Q/64D,Australian Open,,Bethanie Mattek-Sands,,https://www.wtatennis.com/resources/v7.42.0/i/elements/flags/usa.svg,Round of 128,W,"6-3, 6-4",https://www.wtatennis.com/players/130713/bethanie-mattek-sands,False,False,False,False,False,False,False,2,True,19,12,7,US,USA,840,019,America,Northern America,USA,"6,3,None|6,4,None"
1,Brisbane International,,https://www.wtatennis.com/tournaments/800/brisbane/2014,Premier,Hard,https://www.wtatennis.com/resources/v7.42.0/i/elements/500k-tag.svg,2014-12-29,2014-01-04,2014,12,Brisbane,USA,,AU,AUS,036,009,United States of America|America|USA|US,Oceania,Australasia,AUS,1.0,,185.0,56298.0,32M/32Q/16D,Brisbane International,,Serena Williams,1.0,https://www.wtatennis.com/resources/v7.42.0/i/elements/flags/usa.svg,Semifinals,L,"2-6, 6-7 (7)",https://www.wtatennis.com/players/230234/serena-williams,False,False,False,False,True,False,True,2,False,21,8,13,US,USA,840,019,America,Northern America,USA,"2,6,None|6,7,7"
2,Brisbane International,,https://www.wtatennis.com/tournaments/800/brisbane/2014,Premier,Hard,https://www.wtatennis.com/resources/v7.42.0/i/elements/500k-tag.svg,2014-12-29,2014-01-04,2014,12,Brisbane,EST,,AU,AUS,036,009,,Oceania,Australasia,AUS,30.0,,185.0,56298.0,32M/32Q/16D,Brisbane International,,Kaia Kanepi,,https://www.wtatennis.com/resources/v7.42.0/i/elements/flags/est.svg,Quarterfinals,W,"4-6, 6-3, 6-2",https://www.wtatennis.com/players/110536/kaia-kanepi,False,False,False,False,False,False,False,3,False,27,16,11,EE,EST,233,150,Europe,Northern Europe,EST,"4,6,None|6,3,None|6,2,None"
3,Brisbane International,,https://www.wtatennis.com/tournaments/800/brisbane/2014,Premier,Hard,https://www.wtatennis.com/resources/v7.42.0/i/elements/500k-tag.svg,2014-12-29,2014-01-04,2014,12,Brisbane,AUS,,AU,AUS,036,009,,Oceania,Australasia,AUS,190.0,,185.0,56298.0,32M/32Q/16D,Brisbane International,,Ashleigh Barty,,https://www.wtatennis.com/resources/v7.42.0/i/elements/flags/aus.svg,Round of 16,W,Walkover,https://www.wtatennis.com/players/318033/ashleigh-barty,False,True,False,False,False,False,False,0,False,0,0,0,AU,AUS,036,009,Oceania,Australasia,AUS,
4,Brisbane International,,https://www.wtatennis.com/tournaments/800/brisbane/2014,Premier,Hard,https://www.wtatennis.com/resources/v7.42.0/i/elements/500k-tag.svg,2014-12-29,2014-01-04,2014,12,Brisbane,FRA,,AU,AUS,036,009,,Oceania,Australasia,AUS,74.0,,185.0,56298.0,32M/32Q/16D,Brisbane International,,Caroline Garcia,,https://www.wtatennis.com/resources/v7.42.0/i/elements/flags/fra.svg,Round of 32,W,"6-3, 6-0",https://www.wtatennis.com/players/315391/caroline-garcia,False,False,False,False,False,False,False,2,True,15,12,3,FR,FRA,250,150,Europe,Western Europe,FRA,"6,3,None|6,0,None"
1,Western & Southern Open,,https://www.wtatennis.com/tournaments/1017/cincinnati/2013,Premier 5,Hard,https://www.wtatennis.com/resources/v7.42.0/i/elements/1000k-tag.svg,2013-08-12,2013-08-18,2013,8,Cincinnati,USA,OH,US,USA,840,019,United States of America|America|USA|US,America,Northern America,USA,17.0,,1.0,12200.0,64M/64Q/32D,Western & Southern Open,,Sloane Stephens,,https://www.wtatennis.com/resources/v7.42.0/i/elements/flags/usa.svg,Round of 32,L,"6-2, 6-7 (5), 3-6",https://www.wtatennis.com/players/315683/sloane-stephens,False,False,False,False,True,False,True,3,True,30,15,15,US,USA,840,019,America,Northern America,USA,"6,2,None|6,7,5|3,6,None"
2,Western & Southern Open,,https://www.wtatennis.com/tournaments/1017/cincinnati/2013,Premier 5,Hard,https://www.wtatennis.com/resources/v7.42.0/i/elements/1000k-tag.svg,2013-08-12,2013-08-18,2013,8,Cincinnati,,OH,US,USA,840,019,,America,Northern America,USA,,,1.0,12200.0,64M/64Q/32D,Western & Southern Open,,,,,Round of 64,,Bye,,False,False,True,False,False,False,False,0,False,0,0,0,,,,,,,,
1,Wimbledon,,https://www.wtatennis.com/tournaments/904/wimbledon/2013,Grand Slam,Grass,https://www.wtatennis.com/resources/v7.42.0/i/elements/gs-tag.svg,2013-06-24,2013-07-06,2013,6,Wimbledon,POR,,GB,GBR,826,150,,Europe,Northern Europe,ENG,131.0,,100.0,59476.0,128M/128Q/64D,The Championships,,Michelle Larcher De Brito,,https://www.wtatennis.com/resources/v7.42.0/i/elements/flags/por.svg,Round of 64,L,"3-6, 4-6",https://www.wtatennis.com/players/314929/michelle-larcher-de-brito,False,False,False,False,False,False,False,2,False,19,7,12,PT,PRT,620,150,Europe,Southern Europe,POR,"3,6,None|4,6,None"
2,Wimbledon,,https://www.wtatennis.com/tournaments/904/wimbledon/2013,Grand Slam,Grass,https://www.wtatennis.com/resources/v7.42.0/i/elements/gs-tag.svg,2013-06-24,2013-07-06,2013,6,Wimbledon,FRA,,GB,GBR,826,150,,Europe,Northern Europe,ENG,37.0,,100.0,59476.0,128M/128Q/64D,The Championships,,Kristina Mladenovic,,https://www.wtatennis.com/resources/v7.42.0/i/elements/flags/fra.svg,Round of 128,W,"7-6 (5), 6-3",https://www.wtatennis.com/players/315616/kristina-mladenovic,False,False,False,True,False,False,True,2,True,22,13,9,FR,FRA,250,150,Europe,Western Europe,FRA,"7,6,5|6,3,None"
1,Roland Garros,,https://www.wtatennis.com/tournaments/903/roland-garros/2013,Grand Slam,Clay,https://www.wtatennis.com/resources/v7.42.0/i/elements/gs-tag.svg,2013-05-26,2013-06-08,2013,5,Paris,USA,,FR,FRA,250,150,United States of America|America|USA|US,Europe,Western Europe,FRA,1.0,,1400.0,935135.0,128M/128Q/64D,Championnats Internationaux De France,,Serena Williams,1.0,https://www.wtatennis.com/resources/v7.42.0/i/elements/flags/usa.svg,Finals,L,"4-6, 4-6",https://www.wtatennis.com/players/230234/serena-williams,False,False,False,False,False,False,False,2,False,20,8,12,US,USA,840,019,America,Northern America,USA,"4,6,None|4,6,None"
2,Roland Garros,,https://www.wtatennis.com/tournaments/903/roland-garros/2013,Grand Slam,Clay,https://www.wtatennis.com/resources/v7.42.0/i/elements/gs-tag.svg,2013-05-26,2013-06-08,2013,5,Paris,BLR,,FR,FRA,250,150,,Europe,Western Europe,FRA,3.0,,1400.0,935135.0,128M/128Q/64D,Championnats Internationaux De France,,Victoria Azarenka,3.0,https://www.wtatennis.com/resources/v7.42.0/i/elements/flags/blr.svg,Semifinals,W,"6-1, 2-6, 6-4",https://www.wtatennis.com/players/312001/victoria-azarenka,False,False,False,False,False,False,False,3,True,25,14,11,BY,BLR,112,150,Europe,Eastern Europe,BLR,"6,1,None|2,6,None|6,4,None"
3,Roland Garros,,https://www.wtatennis.com/tournaments/903/roland-garros/2013,Grand Slam,Clay,https://www.wtatennis.com/resources/v7.42.0/i/elements/gs-tag.svg,2013-05-26,2013-06-08,2013,5,Paris,SRB,,FR,FRA,250,150,,Europe,Western Europe,FRA,18.0,,1400.0,935135.0,128M/128Q/64D,Championnats Internationaux De France,,Jelena Jankovic,18.0,https://www.wtatennis.com/resources/v7.42.0/i/elements/flags/srb.svg,Quarterfinals,W,"0-6, 6-4, 6-3",https://www.wtatennis.com/players/100153/jelena-jankovic,False,False,False,False,False,False,False,3,False,25,12,13,RS,SRB,688,150,Europe,Southeastern Europe,SRB,"0,6,None|6,4,None|6,3,None"
4,Roland Garros,,https://www.wtatennis.com/tournaments/903/roland-garros/2013,Grand Slam,Clay,https://www.wtatennis.com/resources/v7.42.0/i/elements/gs-tag.svg,2013-05-26,2013-06-08,2013,5,Paris,USA,,FR,FRA,250,150,United States of America|America|USA|US,Europe,Western Europe,FRA,17.0,,1400.0,935135.0,128M/128Q/64D,Championnats Internationaux De France,,Sloane Stephens,17.0,https://www.wtatennis.com/resources/v7.42.0/i/elements/flags/usa.svg,Round of 16,W,"6-4, 6-3",https://www.wtatennis.com/players/315683/sloane-stephens,False,False,False,False,False,False,False,2,True,19,12,7,US,USA,840,019,America,Northern America,USA,"6,4,None|6,3,None"
5,Roland Garros,,https://www.wtatennis.com/tournaments/903/roland-garros/2013,Grand Slam,Clay,https://www.wtatennis.com/resources/v7.42.0/i/elements/gs-tag.svg,2013-05-26,2013-06-08,2013,5,Paris,CHN,,FR,FRA,250,150,,Europe,Western Europe,FRA,43.0,,1400.0,935135.0,128M/128Q/64D,Championnats Internationaux De France,,Jie Zheng,,https://www.wtatennis.com/resources/v7.42.0/i/elements/flags/chn.svg,Round of 32,W,"6-1, 7-5",https://www.wtatennis.com/players/260144/jie-zheng,False,False,False,False,False,False,False,2,True,19,13,6,CN,CHN,156,142,Asia,East Asia,CHN,"6,1,None|7,5,None"
6,Roland Garros,,https://www.wtatennis.com/tournaments/903/roland-garros/2013,Grand Slam,Clay,https://www.wtatennis.com/resources/v7.42.0/i/elements/gs-tag.svg,2013-05-26,2013-06-08,2013,5,Paris,CAN,,FR,FRA,250,150,,Europe,Western Europe,FRA,77.0,,1400.0,935135.0,128M/128Q/64D,Championnats Internationaux De France,,Eugenie Bouchard,,https://www.wtatennis.com/resources/v7.42.0/i/elements/flags/can.svg,Round of 64,W,"6-2, 6-4",https://www.wtatennis.com/players/316161/eugenie-bouchard,False,False,False,False,False,False,False,2,True,18,12,6,CA,CAN,124,019,America,Northern America,CAN,"6,2,None|6,4,None"
7,Roland Garros,,https://www.wtatennis.com/tournaments/903/roland-garros/2013,Grand Slam,Clay,https://www.wtatennis.com/resources/v7.42.0/i/elements/gs-tag.svg,2013-05-26,2013-06-08,2013,5,Paris,TPE,,FR,FRA,250,150,,Europe,Western Europe,FRA,42.0,,1400.0,935135.0,128M/128Q/64D,Championnats Internationaux De France,,Su-Wei Hsieh,,https://www.wtatennis.com/resources/v7.42.0/i/elements/flags/tpe.svg,Round of 128,W,"6-2, 6-1",https://www.wtatennis.com/players/310053/su-wei-hsieh,False,False,False,False,False,False,False,2,True,15,12,3,,,,,,,TPE,"6,2,None|6,1,None"
1,Internazionali Bnl D'Italia,,https://www.wtatennis.com/tournaments/709/rome/2013,Premier 5,Clay,https://www.wtatennis.com/resources/v7.42.0/i/elements/1000k-tag.svg,2013-05-13,2013-05-19,2013,5,Rome,ITA,,IT,ITA,380,150,,Europe,Southern Europe,ITA,6.0,,225.0,49040.0,64M/32Q/32D,Internazionali Bnl D'Italia,,Sara Errani,7.0,https://www.wtatennis.com/resources/v7.42.0/i/elements/flags/ita.svg,Quarterfinals,L,Walkover,https://www.wtatennis.com/players/310761/sara-errani,False,True,False,False,False,False,False,0,False,0,0,0,IT,ITA,380,150,Europe,Southern Europe,ITA,
2,Internazionali Bnl D'Italia,,https://www.wtatennis.com/tournaments/709/rome/2013,Premier 5,Clay,https://www.wtatennis.com/resources/v7.42.0/i/elements/1000k-tag.svg,2013-05-13,2013-05-19,2013,5,Rome,USA,,IT,ITA,380,150,United States of America|America|USA|US,Europe,Southern Europe,ITA,17.0,,225.0,49040.0,64M/32Q/32D,Internazionali Bnl D'Italia,,Sloane Stephens,16.0,https://www.wtatennis.com/resources/v7.42.0/i/elements/flags/usa.svg,Round of 16,W,"6-2, 6-1",https://www.wtatennis.com/players/315683/sloane-stephens,False,False,False,False,False,False,False,2,True,15,12,3,US,USA,840,019,America,Northern America,USA,"6,2,None|6,1,None"
3,Internazionali Bnl D'Italia,,https://www.wtatennis.com/tournaments/709/rome/2013,Premier 5,Clay,https://www.wtatennis.com/resources/v7.42.0/i/elements/1000k-tag.svg,2013-05-13,2013-05-19,2013,5,Rome,ESP,,IT,ITA,380,150,Kingdom of Spain,Europe,Southern Europe,ITA,83.0,,225.0,49040.0,64M/32Q/32D,Internazionali Bnl D'Italia,,Garbiñe Muguruza,,https://www.wtatennis.com/resources/v7.42.0/i/elements/flags/esp.svg,Round of 32,W,"6-2, 6-2",https://www.wtatennis.com/players/316239/garbi-e-muguruza,False,False,False,False,False,False,False,2,True,16,12,4,ES,ESP,724,150,Europe,Southern Europe,ESP,"6,2,None|6,2,None"
4,Internazionali Bnl D'Italia,,https://www.wtatennis.com/tournaments/709/rome/2013,Premier 5,Clay,https://www.wtatennis.com/resources/v7.42.0/i/elements/1000k-tag.svg,2013-05-13,2013-05-19,2013,5,Rome,,,IT,ITA,380,150,,Europe,Southern Europe,ITA,,,225.0,49040.0,64M/32Q/32D,Internazionali Bnl D'Italia,,,,,Round of 64,,Bye,,False,False,True,False,False,False,False,0,False,0,0,0,,,,,,,,
1,Mutua Madrid Open,,https://www.wtatennis.com/tournaments/1038/madrid/2013,Premier Mandatory,Clay,https://www.wtatennis.com/resources/v7.42.0/i/elements/1000k-tag.svg,2013-05-04,2013-05-12,2013,5,Madrid,USA,,ES,ESP,724,150,United States of America|America|USA|US,Europe,Southern Europe,ESP,1.0,,700.0,401279.0,64M/32Q/32D,Mutua Madrid Open,,Serena Williams,1.0,https://www.wtatennis.com/resources/v7.42.0/i/elements/flags/usa.svg,Finals,L,"1-6, 4-6",https://www.wtatennis.com/players/230234/serena-williams,False,False,False,False,False,False,False,2,False,17,5,12,US,USA,840,019,America,Northern America,USA,"1,6,None|4,6,None"
2,Mutua Madrid Open,,https://www.wtatennis.com/tournaments/1038/madrid/2013,Premier Mandatory,Clay,https://www.wtatennis.com/resources/v7.42.0/i/elements/1000k-tag.svg,2013-05-04,2013-05-12,2013,5,Madrid,SRB,,ES,ESP,724,150,,Europe,Southern Europe,ESP,16.0,,700.0,401279.0,64M/32Q/32D,Mutua Madrid Open,,Ana Ivanovic,16.0,https://www.wtatennis.com/resources/v7.42.0/i/elements/flags/srb.svg,Semifinals,W,"6-4, 6-3",https://www.wtatennis.com/players/311710/ana-ivanovic,False,False,False,False,False,False,False,2,True,19,12,7,RS,SRB,688,150,Europe,Southeastern Europe,SRB,"6,4,None|6,3,None"
3,Mutua Madrid Open,,https://www.wtatennis.com/tournaments/1038/madrid/2013,Premier Mandatory,Clay,https://www.wtatennis.com/resources/v7.42.0/i/elements/1000k-tag.svg,2013-05-04,2013-05-12,2013,5,Madrid,EST,,ES,ESP,724,150,,Europe,Southern Europe,ESP,51.0,,700.0,401279.0,64M/32Q/32D,Mutua Madrid Open,,Kaia Kanepi,,https://www.wtatennis.com/resources/v7.42.0/i/elements/flags/est.svg,Quarterfinals,W,"6-2, 6-4",https://www.wtatennis.com/players/110536/kaia-kanepi,False,False,False,False,False,False,False,2,True,18,12,6,EE,EST,233,150,Europe,Northern Europe,EST,"6,2,None|6,4,None"
4,Mutua Madrid Open,,https://www.wtatennis.com/tournaments/1038/madrid/2013,Premier Mandatory,Clay,https://www.wtatennis.com/resources/v7.42.0/i/elements/1000k-tag.svg,2013-05-04,2013-05-12,2013,5,Madrid,GER,,ES,ESP,724,150,,Europe,Southern Europe,ESP,39.0,,700.0,401279.0,64M/32Q/32D,Mutua Madrid Open,,Sabine Lisicki,,https://www.wtatennis.com/resources/v7.42.0/i/elements/flags/ger.svg,Round of 16,W,"6-2, 7-5",https://www.wtatennis.com/players/312520/sabine-lisicki,False,False,False,False,False,False,False,2,True,20,13,7,DE,DEU,276,150,Europe,Central Europe,GER,"6,2,None|7,5,None"
5,Mutua Madrid Open,,https://www.wtatennis.com/tournaments/1038/madrid/2013,Premier Mandatory,Clay,https://www.wtatennis.com/resources/v7.42.0/i/elements/1000k-tag.svg,2013-05-04,2013-05-12,2013,5,Madrid,USA,,ES,ESP,724,150,United States of America|America|USA|US,Europe,Southern Europe,ESP,55.0,,700.0,401279.0,64M/32Q/32D,Mutua Madrid Open,,Christina Mchale,,https://www.wtatennis.com/resources/v7.42.0/i/elements/flags/usa.svg,Round of 32,W,"6-1, 6-2",https://www.wtatennis.com/players/314917/christina-mchale,False,False,False,False,False,False,False,2,True,15,12,3,US,USA,840,019,America,Northern America,USA,"6,1,None|6,2,None"
6,Mutua Madrid Open,,https://www.wtatennis.com/tournaments/1038/madrid/2013,Premier Mandatory,Clay,https://www.wtatennis.com/resources/v7.42.0/i/elements/1000k-tag.svg,2013-05-04,2013-05-12,2013,5,Madrid,ROU,,ES,ESP,724,150,,Europe,Southern Europe,ESP,334.0,,700.0,401279.0,64M/32Q/32D,Mutua Madrid Open,,Alexandra Dulgheru,,https://www.wtatennis.com/resources/v7.42.0/i/elements/flags/rou.svg,Round of 64,W,"7-5, 6-2",https://www.wtatennis.com/players/312712/alexandra-dulgheru,False,False,False,False,False,False,False,2,True,20,13,7,RO,ROU,642,150,Europe,Southeastern Europe,ROU,"7,5,None|6,2,None"
1,Porsche Tennis Grand Prix,,https://www.wtatennis.com/tournaments/1051/stuttgart/2013,Premier,Clay,https://www.wtatennis.com/resources/v7.42.0/i/elements/500k-tag.svg,2013-04-22,2013-04-28,2013,4,Stuttgart,CHN,,DE,DEU,276,150,,Europe,Central Europe,GER,5.0,,470.0,125000.0,32M/32Q/16D,Porsche Tennis Grand Prix,,Na Li,2.0,https://www.wtatennis.com/resources/v7.42.0/i/elements/flags/chn.svg,Finals,W,"6-4, 6-3",https://www.wtatennis.com/players/120330/na-li,False,False,False,False,False,False,False,2,True,19,12,7,CN,CHN,156,142,Asia,East Asia,CHN,"6,4,None|6,3,None"
2,Porsche Tennis Grand Prix,,https://www.wtatennis.com/tournaments/1051/stuttgart/2013,Premier,Clay,https://www.wtatennis.com/resources/v7.42.0/i/elements/500k-tag.svg,2013-04-22,2013-04-28,2013,4,Stuttgart,GER,,DE,DEU,276,150,,Europe,Central Europe,GER,6.0,,470.0,125000.0,32M/32Q/16D,Porsche Tennis Grand Prix,,Angelique Kerber,3.0,https://www.wtatennis.com/resources/v7.42.0/i/elements/flags/ger.svg,Semifinals,W,"6-3, 2-6, 7-5",https://www.wtatennis.com/players/311470/angelique-kerber,False,False,False,False,False,False,False,3,True,29,15,14,DE,DEU,276,150,Europe,Central Europe,GER,"6,3,None|2,6,None|7,5,None"
3,Porsche Tennis Grand Prix,,https://www.wtatennis.com/tournaments/1051/stuttgart/2013,Premier,Clay,https://www.wtatennis.com/resources/v7.42.0/i/elements/500k-tag.svg,2013-04-22,2013-04-28,2013,4,Stuttgart,SRB,,DE,DEU,276,150,,Europe,Central Europe,GER,17.0,,470.0,125000.0,32M/32Q/16D,Porsche Tennis Grand Prix,,Ana Ivanovic,,https://www.wtatennis.com/resources/v7.42.0/i/elements/flags/srb.svg,Quarterfinals,W,"7-5, 4-6, 6-4",https://www.wtatennis.com/players/311710/ana-ivanovic,False,False,False,False,False,False,False,3,True,32,17,15,RS,SRB,688,150,Europe,Southeastern Europe,SRB,"7,5,None|4,6,None|6,4,None"
4,Porsche Tennis Grand Prix,,https://www.wtatennis.com/tournaments/1051/stuttgart/2013,Premier,Clay,https://www.wtatennis.com/resources/v7.42.0/i/elements/500k-tag.svg,2013-04-22,2013-04-28,2013,4,Stuttgart,CZE,,DE,DEU,276,150,,Europe,Central Europe,GER,25.0,,470.0,125000.0,32M/32Q/16D,Porsche Tennis Grand Prix,,Lucie Safarova,,https://www.wtatennis.com/resources/v7.42.0/i/elements/flags/cze.svg,Round of 16,W,"6-4, 6-7 (3), 6-3",https://www.wtatennis.com/players/310553/lucie-safarova,False,False,False,False,True,False,True,3,True,32,18,14,CZ,CZE,203,150,Europe,Central Europe,CZE,"6,4,None|6,7,3|6,3,None"
5,Porsche Tennis Grand Prix,,https://www.wtatennis.com/tournaments/1051/stuttgart/2013,Premier,Clay,https://www.wtatennis.com/resources/v7.42.0/i/elements/500k-tag.svg,2013-04-22,2013-04-28,2013,4,Stuttgart,,,DE,DEU,276,150,,Europe,Central Europe,GER,,,470.0,125000.0,32M/32Q/16D,Porsche Tennis Grand Prix,,,,,Round of 32,,Bye,,False,False,True,False,False,False,False,0,False,0,0,0,,,,,,,,
1,Sony Open Tennis,,https://www.wtatennis.com/tournaments/902/miami/2013,Premier Mandatory,Hard,https://www.wtatennis.com/resources/v7.42.0/i/elements/1000k-tag.svg,2013-03-19,2013-03-31,2013,3,Miami,USA,FL,US,USA,840,019,United States of America|America|USA|US,America,Northern America,USA,1.0,,700.0,353200.0,128M/64Q/32D,Sony Open Tennis,,Serena Williams,1.0,https://www.wtatennis.com/resources/v7.42.0/i/elements/flags/usa.svg,Finals,L,"6-4, 3-6, 0-6",https://www.wtatennis.com/players/230234/serena-williams,False,False,False,False,False,False,False,3,True,25,9,16,US,USA,840,019,America,Northern America,USA,"6,4,None|3,6,None|0,6,None"
2,Sony Open Tennis,,https://www.wtatennis.com/tournaments/902/miami/2013,Premier Mandatory,Hard,https://www.wtatennis.com/resources/v7.42.0/i/elements/1000k-tag.svg,2013-03-19,2013-03-31,2013,3,Miami,SRB,FL,US,USA,840,019,,America,Northern America,USA,24.0,,700.0,353200.0,128M/64Q/32D,Sony Open Tennis,,Jelena Jankovic,22.0,https://www.wtatennis.com/resources/v7.42.0/i/elements/flags/srb.svg,Semifinals,W,"6-2, 6-1",https://www.wtatennis.com/players/100153/jelena-jankovic,False,False,False,False,False,False,False,2,True,15,12,3,RS,SRB,688,150,Europe,Southeastern Europe,SRB,"6,2,None|6,1,None"
3,Sony Open Tennis,,https://www.wtatennis.com/tournaments/902/miami/2013,Premier Mandatory,Hard,https://www.wtatennis.com/resources/v7.42.0/i/elements/1000k-tag.svg,2013-03-19,2013-03-31,2013,3,Miami,ITA,FL,US,USA,840,019,,America,Northern America,USA,7.0,,700.0,353200.0,128M/64Q/32D,Sony Open Tennis,,Sara Errani,8.0,https://www.wtatennis.com/resources/v7.42.0/i/elements/flags/ita.svg,Quarterfinals,W,"7-5, 7-5",https://www.wtatennis.com/players/310761/sara-errani,False,False,False,False,False,False,False,2,True,24,14,10,IT,ITA,380,150,Europe,Southern Europe,ITA,"7,5,None|7,5,None"
4,Sony Open Tennis,,https://www.wtatennis.com/tournaments/902/miami/2013,Premier Mandatory,Hard,https://www.wtatennis.com/resources/v7.42.0/i/elements/1000k-tag.svg,2013-03-19,2013-03-31,2013,3,Miami,CZE,FL,US,USA,840,019,,America,Northern America,USA,22.0,,700.0,353200.0,128M/64Q/32D,Sony Open Tennis,,Klara Koukalova,21.0,https://www.wtatennis.com/resources/v7.42.0/i/elements/flags/cze.svg,Round of 16,W,"6-2, 6-2",https://www.wtatennis.com/players/110492/klara-koukalova,False,False,False,False,False,False,False,2,True,16,12,4,CZ,CZE,203,150,Europe,Central Europe,CZE,"6,2,None|6,2,None"
5,Sony Open Tennis,,https://www.wtatennis.com/tournaments/902/miami/2013,Premier Mandatory,Hard,https://www.wtatennis.com/resources/v7.42.0/i/elements/1000k-tag.svg,2013-03-19,2013-03-31,2013,3,Miami,RUS,FL,US,USA,840,019,,America,Northern America,USA,32.0,,700.0,353200.0,128M/64Q/32D,Sony Open Tennis,,Elena Vesnina,29.0,https://www.wtatennis.com/resources/v7.42.0/i/elements/flags/rus.svg,Round of 32,W,"6-4, 6-2",https://www.wtatennis.com/players/311220/elena-vesnina,False,False,False,False,False,False,False,2,True,18,12,6,RU,RUS,643,150,Europe,Eastern Europe,RUS,"6,4,None|6,2,None"
6,Sony Open Tennis,,https://www.wtatennis.com/tournaments/902/miami/2013,Premier Mandatory,Hard,https://www.wtatennis.com/resources/v7.42.0/i/elements/1000k-tag.svg,2013-03-19,2013-03-31,2013,3,Miami,CAN,FL,US,USA,840,019,,America,Northern America,USA,123.0,,700.0,353200.0,128M/64Q/32D,Sony Open Tennis,,Eugenie Bouchard,,https://www.wtatennis.com/resources/v7.42.0/i/elements/flags/can.svg,Round of 64,W,"6-2, 6-0",https://www.wtatennis.com/players/316161/eugenie-bouchard,False,False,False,False,False,False,False,2,True,14,12,2,CA,CAN,124,019,America,Northern America,CAN,"6,2,None|6,0,None"
7,Sony Open Tennis,,https://www.wtatennis.com/tournaments/902/miami/2013,Premier Mandatory,Hard,https://www.wtatennis.com/resources/v7.42.0/i/elements/1000k-tag.svg,2013-03-19,2013-03-31,2013,3,Miami,,FL,US,USA,840,019,,America,Northern America,USA,,,700.0,353200.0,128M/64Q/32D,Sony Open Tennis,,,,,Round of 128,,Bye,,False,False,True,False,False,False,False,0,False,0,0,0,,,,,,,,
1,Bnp Paribas Open,,https://www.wtatennis.com/tournaments/609/indian-wells/2013,Premier Mandatory,Hard,https://www.wtatennis.com/resources/v7.42.0/i/elements/1000k-tag.svg,2013-03-06,2013-03-17,2013,3,Indian Wells,DEN,CA,US,USA,840,019,,America,Northern America,USA,10.0,,1000.0,1000000.0,128M/64Q/32D,Bnp Paribas Open,,Caroline Wozniacki,8.0,https://www.wtatennis.com/resources/v7.42.0/i/elements/flags/den.svg,Finals,W,"6-2, 6-2",https://www.wtatennis.com/players/313402/caroline-wozniacki,False,False,False,False,False,False,False,2,True,16,12,4,DK,DNK,208,150,Europe,Northern Europe,DEN,"6,2,None|6,2,None"
2,Bnp Paribas Open,,https://www.wtatennis.com/tournaments/609/indian-wells/2013,Premier Mandatory,Hard,https://www.wtatennis.com/resources/v7.42.0/i/elements/1000k-tag.svg,2013-03-06,2013-03-17,2013,3,Indian Wells,RUS,CA,US,USA,840,019,,America,Northern America,USA,15.0,,1000.0,1000000.0,128M/64Q/32D,Bnp Paribas Open,,Maria Kirilenko,13.0,https://www.wtatennis.com/resources/v7.42.0/i/elements/flags/rus.svg,Semifinals,W,"6-4, 6-3",https://www.wtatennis.com/players/310577/maria-kirilenko,False,False,False,False,False,False,False,2,True,19,12,7,RU,RUS,643,150,Europe,Eastern Europe,RUS,"6,4,None|6,3,None"
3,Bnp Paribas Open,,https://www.wtatennis.com/tournaments/609/indian-wells/2013,Premier Mandatory,Hard,https://www.wtatennis.com/resources/v7.42.0/i/elements/1000k-tag.svg,2013-03-06,2013-03-17,2013,3,Indian Wells,ITA,CA,US,USA,840,019,,America,Northern America,USA,8.0,,1000.0,1000000.0,128M/64Q/32D,Bnp Paribas Open,,Sara Errani,6.0,https://www.wtatennis.com/resources/v7.42.0/i/elements/flags/ita.svg,Quarterfinals,W,"7-6 (6), 6-2",https://www.wtatennis.com/players/310761/sara-errani,False,False,False,True,False,False,True,2,True,21,13,8,IT,ITA,380,150,Europe,Southern Europe,ITA,"7,6,6|6,2,None"
4,Bnp Paribas Open,,https://www.wtatennis.com/tournaments/609/indian-wells/2013,Premier Mandatory,Hard,https://www.wtatennis.com/resources/v7.42.0/i/elements/1000k-tag.svg,2013-03-06,2013-03-17,2013,3,Indian Wells,ESP,CA,US,USA,840,019,Kingdom of Spain,America,Northern America,USA,87.0,,1000.0,1000000.0,128M/64Q/32D,Bnp Paribas Open,,Lara Arruabarrena,,https://www.wtatennis.com/resources/v7.42.0/i/elements/flags/esp.svg,Round of 16,W,"7-5, 6-0",https://www.wtatennis.com/players/315296/lara-arruabarrena,False,False,False,False,False,False,False,2,True,18,13,5,ES,ESP,724,150,Europe,Southern Europe,ESP,"7,5,None|6,0,None"
5,Bnp Paribas Open,,https://www.wtatennis.com/tournaments/609/indian-wells/2013,Premier Mandatory,Hard,https://www.wtatennis.com/resources/v7.42.0/i/elements/1000k-tag.svg,2013-03-06,2013-03-17,2013,3,Indian Wells,ESP,CA,US,USA,840,019,Kingdom of Spain,America,Northern America,USA,21.0,,1000.0,1000000.0,128M/64Q/32D,Bnp Paribas Open,,Carla Suárez Navarro,25.0,https://www.wtatennis.com/resources/v7.42.0/i/elements/flags/esp.svg,Round of 32,W,"7-5, 6-3",https://www.wtatennis.com/players/311338/carla-su-rez-navarro,False,False,False,False,False,False,False,2,True,21,13,8,ES,ESP,724,150,Europe,Southern Europe,ESP,"7,5,None|6,3,None"
6,Bnp Paribas Open,,https://www.wtatennis.com/tournaments/609/indian-wells/2013,Premier Mandatory,Hard,https://www.wtatennis.com/resources/v7.42.0/i/elements/1000k-tag.svg,2013-03-06,2013-03-17,2013,3,Indian Wells,ITA,CA,US,USA,840,019,,America,Northern America,USA,47.0,,1000.0,1000000.0,128M/64Q/32D,Bnp Paribas Open,,Francesca Schiavone,,https://www.wtatennis.com/resources/v7.42.0/i/elements/flags/ita.svg,Round of 64,W,"6-2, 6-1",https://www.wtatennis.com/players/190666/francesca-schiavone,False,False,False,False,False,False,False,2,True,15,12,3,IT,ITA,380,150,Europe,Southern Europe,ITA,"6,2,None|6,1,None"
7,Bnp Paribas Open,,https://www.wtatennis.com/tournaments/609/indian-wells/2013,Premier Mandatory,Hard,https://www.wtatennis.com/resources/v7.42.0/i/elements/1000k-tag.svg,2013-03-06,2013-03-17,2013,3,Indian Wells,,CA,US,USA,840,019,,America,Northern America,USA,,,1000.0,1000000.0,128M/64Q/32D,Bnp Paribas Open,,,,,Round of 128,,Bye,,False,False,True,False,False,False,False,0,False,0,0,0,,,,,,,,
1,Qatar Total Open,,https://www.wtatennis.com/tournaments/1003/doha/2013,Premier 5,Hard,https://www.wtatennis.com/resources/v7.42.0/i/elements/1000k-tag.svg,2013-02-11,2013-02-17,2013,2,Doha,USA,,QA,QAT,634,142,United States of America|America|USA|US,Asia,Western Asia,QAT,2.0,,395.0,106435.0,64M/32Q/32D,Qatar Total Open,,Serena Williams,2.0,https://www.wtatennis.com/resources/v7.42.0/i/elements/flags/usa.svg,Semifinals,L,"3-6, 2-6",https://www.wtatennis.com/players/230234/serena-williams,False,False,False,False,False,False,False,2,False,17,5,12,US,USA,840,019,America,Northern America,USA,"3,6,None|2,6,None"
2,Qatar Total Open,,https://www.wtatennis.com/tournaments/1003/doha/2013,Premier 5,Hard,https://www.wtatennis.com/resources/v7.42.0/i/elements/1000k-tag.svg,2013-02-11,2013-02-17,2013,2,Doha,AUS,,QA,QAT,634,142,,Asia,Western Asia,QAT,9.0,,395.0,106435.0,64M/32Q/32D,Qatar Total Open,,Samantha Stosur,8.0,https://www.wtatennis.com/resources/v7.42.0/i/elements/flags/aus.svg,Quarterfinals,W,"6-2, 6-4",https://www.wtatennis.com/players/190787/samantha-stosur,False,False,False,False,False,False,False,2,True,18,12,6,AU,AUS,036,009,Oceania,Australasia,AUS,"6,2,None|6,4,None"
3,Qatar Total Open,,https://www.wtatennis.com/tournaments/1003/doha/2013,Premier 5,Hard,https://www.wtatennis.com/resources/v7.42.0/i/elements/1000k-tag.svg,2013-02-11,2013-02-17,2013,2,Doha,CZE,,QA,QAT,634,142,,Asia,Western Asia,QAT,24.0,,395.0,106435.0,64M/32Q/32D,Qatar Total Open,,Klara Koukalova,,https://www.wtatennis.com/resources/v7.42.0/i/elements/flags/cze.svg,Round of 16,W,"6-3, 6-3",https://www.wtatennis.com/players/110492/klara-koukalova,False,False,False,False,False,False,False,2,True,18,12,6,CZ,CZE,203,150,Europe,Central Europe,CZE,"6,3,None|6,3,None"
4,Qatar Total Open,,https://www.wtatennis.com/tournaments/1003/doha/2013,Premier 5,Hard,https://www.wtatennis.com/resources/v7.42.0/i/elements/1000k-tag.svg,2013-02-11,2013-02-17,2013,2,Doha,FRA,,QA,QAT,634,142,,Asia,Western Asia,QAT,172.0,,395.0,106435.0,64M/32Q/32D,Qatar Total Open,,Caroline Garcia,,https://www.wtatennis.com/resources/v7.42.0/i/elements/flags/fra.svg,Round of 32,W,"6-3, 6-2",https://www.wtatennis.com/players/315391/caroline-garcia,False,False,False,False,False,False,False,2,True,17,12,5,FR,FRA,250,150,Europe,Western Europe,FRA,"6,3,None|6,2,None"
5,Qatar Total Open,,https://www.wtatennis.com/tournaments/1003/doha/2013,Premier 5,Hard,https://www.wtatennis.com/resources/v7.42.0/i/elements/1000k-tag.svg,2013-02-11,2013-02-17,2013,2,Doha,,,QA,QAT,634,142,,Asia,Western Asia,QAT,,,395.0,106435.0,64M/32Q/32D,Qatar Total Open,,,,,Round of 64,,Bye,,False,False,True,False,False,False,False,0,False,0,0,0,,,,,,,,
1,Australian Open,,https://www.wtatennis.com/tournaments/901/australian-open/2013,Grand Slam,Hard,https://www.wtatennis.com/resources/v7.42.0/i/elements/gs-tag.svg,2013-01-14,2013-01-27,2013,1,Melbourne,CHN,,AU,AUS,036,009,,Oceania,Australasia,AUS,6.0,,900.0,502457.0,128M/128Q/64D,Australian Open,,Na Li,6.0,https://www.wtatennis.com/resources/v7.42.0/i/elements/flags/chn.svg,Semifinals,L,"2-6, 2-6",https://www.wtatennis.com/players/120330/na-li,False,False,False,False,False,False,False,2,False,16,4,12,CN,CHN,156,142,Asia,East Asia,CHN,"2,6,None|2,6,None"
2,Australian Open,,https://www.wtatennis.com/tournaments/901/australian-open/2013,Grand Slam,Hard,https://www.wtatennis.com/resources/v7.42.0/i/elements/gs-tag.svg,2013-01-14,2013-01-27,2013,1,Melbourne,RUS,,AU,AUS,036,009,,Oceania,Australasia,AUS,19.0,,900.0,502457.0,128M/128Q/64D,Australian Open,,Ekaterina Makarova,19.0,https://www.wtatennis.com/resources/v7.42.0/i/elements/flags/rus.svg,Quarterfinals,W,"6-2, 6-2",https://www.wtatennis.com/players/311604/ekaterina-makarova,False,False,False,False,False,False,False,2,True,16,12,4,RU,RUS,643,150,Europe,Eastern Europe,RUS,"6,2,None|6,2,None"
3,Australian Open,,https://www.wtatennis.com/tournaments/901/australian-open/2013,Grand Slam,Hard,https://www.wtatennis.com/resources/v7.42.0/i/elements/gs-tag.svg,2013-01-14,2013-01-27,2013,1,Melbourne,BEL,,AU,AUS,036,009,,Oceania,Australasia,AUS,43.0,,900.0,502457.0,128M/128Q/64D,Australian Open,,Kirsten Flipkens,,https://www.wtatennis.com/resources/v7.42.0/i/elements/flags/bel.svg,Round of 16,W,"6-1, 6-0",https://www.wtatennis.com/players/310331/kirsten-flipkens,False,False,False,False,False,False,False,2,True,13,12,1,BE,BEL,056,150,Europe,Western Europe,BEL,"6,1,None|6,0,None"
4,Australian Open,,https://www.wtatennis.com/tournaments/901/australian-open/2013,Grand Slam,Hard,https://www.wtatennis.com/resources/v7.42.0/i/elements/gs-tag.svg,2013-01-14,2013-01-27,2013,1,Melbourne,USA,,AU,AUS,036,009,United States of America|America|USA|US,Oceania,Australasia,AUS,26.0,,900.0,502457.0,128M/128Q/64D,Australian Open,,Venus Williams,25.0,https://www.wtatennis.com/resources/v7.42.0/i/elements/flags/usa.svg,Round of 32,W,"6-1, 6-3",https://www.wtatennis.com/players/230220/venus-williams,False,False,False,False,False,False,False,2,True,16,12,4,US,USA,840,019,America,Northern America,USA,"6,1,None|6,3,None"
5,Australian Open,,https://www.wtatennis.com/tournaments/901/australian-open/2013,Grand Slam,Hard,https://www.wtatennis.com/resources/v7.42.0/i/elements/gs-tag.svg,2013-01-14,2013-01-27,2013,1,Melbourne,JPN,,AU,AUS,036,009,,Oceania,Australasia,AUS,92.0,,900.0,502457.0,128M/128Q/64D,Australian Open,,Misaki Doi,,https://www.wtatennis.com/resources/v7.42.0/i/elements/flags/jpn.svg,Round of 64,W,"6-0, 6-0",https://www.wtatennis.com/players/314237/misaki-doi,False,False,False,False,False,False,False,2,True,12,12,0,JP,JPN,392,142,Asia,East Asia,JPN,"6,0,None|6,0,None"
6,Australian Open,,https://www.wtatennis.com/tournaments/901/australian-open/2013,Grand Slam,Hard,https://www.wtatennis.com/resources/v7.42.0/i/elements/gs-tag.svg,2013-01-14,2013-01-27,2013,1,Melbourne,RUS,,AU,AUS,036,009,,Oceania,Australasia,AUS,107.0,,900.0,502457.0,128M/128Q/64D,Australian Open,,Olga Puchkova,,https://www.wtatennis.com/resources/v7.42.0/i/elements/flags/rus.svg,Round of 128,W,"6-0, 6-0",https://www.wtatennis.com/players/310717/olga-puchkova,False,False,False,False,False,False,False,2,True,12,12,0,RU,RUS,643,150,Europe,Eastern Europe,RUS,"6,0,None|6,0,None"
1,Teb Bnp Paribas Wta Championships,,https://www.wtatennis.com/tournaments/808/wta-finals/2012,Finals,Hard,https://www.wtatennis.com/resources/v7.42.0/i/elements/finals-tag.svg,2012-10-23,2012-10-28,2012,10,Istanbul,USA,,TR,TUR,792,142,United States of America|America|USA|US,Asia,Western Asia,TUR,3.0,,1050.0,890000.0,8M/0Q/4D,Teb Bnp Paribas Wta Championships,,Serena Williams,3.0,https://www.wtatennis.com/resources/v7.42.0/i/elements/flags/usa.svg,Finals,L,"4-6, 3-6",https://www.wtatennis.com/players/230234/serena-williams,False,False,False,False,False,False,False,2,False,19,7,12,US,USA,840,019,America,Northern America,USA,"4,6,None|3,6,None"
2,Teb Bnp Paribas Wta Championships,,https://www.wtatennis.com/tournaments/808/wta-finals/2012,Finals,Hard,https://www.wtatennis.com/resources/v7.42.0/i/elements/finals-tag.svg,2012-10-23,2012-10-28,2012,10,Istanbul,BLR,,TR,TUR,792,142,,Asia,Western Asia,TUR,1.0,,1050.0,890000.0,8M/0Q/4D,Teb Bnp Paribas Wta Championships,,Victoria Azarenka,1.0,https://www.wtatennis.com/resources/v7.42.0/i/elements/flags/blr.svg,Semifinals,W,"6-4, 6-2",https://www.wtatennis.com/players/312001/victoria-azarenka,False,False,False,False,False,False,False,2,True,18,12,6,BY,BLR,112,150,Europe,Eastern Europe,BLR,"6,4,None|6,2,None"
3,Teb Bnp Paribas Wta Championships,,https://www.wtatennis.com/tournaments/808/wta-finals/2012,Finals,Hard,https://www.wtatennis.com/resources/v7.42.0/i/elements/finals-tag.svg,2012-10-23,2012-10-28,2012,10,Istanbul,ITA,,TR,TUR,792,142,,Asia,Western Asia,TUR,7.0,,1050.0,890000.0,8M/0Q/4D,Teb Bnp Paribas Wta Championships,,Sara Errani,7.0,https://www.wtatennis.com/resources/v7.42.0/i/elements/flags/ita.svg,Group Stage Group,W,"6-3, 6-2",https://www.wtatennis.com/players/310761/sara-errani,False,False,False,False,False,False,False,2,True,17,12,5,IT,ITA,380,150,Europe,Southern Europe,ITA,"6,3,None|6,2,None"
4,Teb Bnp Paribas Wta Championships,,https://www.wtatennis.com/tournaments/808/wta-finals/2012,Finals,Hard,https://www.wtatennis.com/resources/v7.42.0/i/elements/finals-tag.svg,2012-10-23,2012-10-28,2012,10,Istanbul,POL,,TR,TUR,792,142,,Asia,Western Asia,TUR,4.0,,1050.0,890000.0,8M/0Q/4D,Teb Bnp Paribas Wta Championships,,Agnieszka Radwanska,4.0,https://www.wtatennis.com/resources/v7.42.0/i/elements/flags/pol.svg,Group Stage Group,W,"5-7, 7-5, 7-5",https://www.wtatennis.com/players/312251/agnieszka-radwanska,False,False,False,False,False,False,False,3,False,36,19,17,PL,POL,616,150,Europe,Central Europe,POL,"5,7,None|7,5,None|7,5,None"
5,Teb Bnp Paribas Wta Championships,,https://www.wtatennis.com/tournaments/808/wta-finals/2012,Finals,Hard,https://www.wtatennis.com/resources/v7.42.0/i/elements/finals-tag.svg,2012-10-23,2012-10-28,2012,10,Istanbul,AUS,,TR,TUR,792,142,,Asia,Western Asia,TUR,9.0,,1050.0,890000.0,8M/0Q/4D,Teb Bnp Paribas Wta Championships,,Samantha Stosur,9.0,https://www.wtatennis.com/resources/v7.42.0/i/elements/flags/aus.svg,Group Stage Group,W,"6-0, 6-3",https://www.wtatennis.com/players/190787/samantha-stosur,False,False,False,False,False,False,False,2,True,15,12,3,AU,AUS,036,009,Oceania,Australasia,AUS,"6,0,None|6,3,None"
1,China Open,,https://www.wtatennis.com/tournaments/1020/beijing/2012,Premier Mandatory,Hard,https://www.wtatennis.com/resources/v7.42.0/i/elements/1000k-tag.svg,2012-09-29,2012-10-07,2012,9,Beijing,BLR,,CN,CHN,156,142,,Asia,East Asia,CHN,1.0,,700.0,424000.0,64M/32Q/32D,China Open,,Victoria Azarenka,1.0,https://www.wtatennis.com/resources/v7.42.0/i/elements/flags/blr.svg,Finals,L,"3-6, 1-6",https://www.wtatennis.com/players/312001/victoria-azarenka,False,False,False,False,False,False,False,2,False,16,4,12,BY,BLR,112,150,Europe,Eastern Europe,BLR,"3,6,None|1,6,None"
2,China Open,,https://www.wtatennis.com/tournaments/1020/beijing/2012,Premier Mandatory,Hard,https://www.wtatennis.com/resources/v7.42.0/i/elements/1000k-tag.svg,2012-09-29,2012-10-07,2012,9,Beijing,CHN,,CN,CHN,156,142,,Asia,East Asia,CHN,8.0,,700.0,424000.0,64M/32Q/32D,China Open,,Na Li,7.0,https://www.wtatennis.com/resources/v7.42.0/i/elements/flags/chn.svg,Semifinals,W,"6-4, 6-0",https://www.wtatennis.com/players/120330/na-li,False,False,False,False,False,False,False,2,True,16,12,4,CN,CHN,156,142,Asia,East Asia,CHN,"6,4,None|6,0,None"
3,China Open,,https://www.wtatennis.com/tournaments/1020/beijing/2012,Premier Mandatory,Hard,https://www.wtatennis.com/resources/v7.42.0/i/elements/1000k-tag.svg,2012-09-29,2012-10-07,2012,9,Beijing,GER,,CN,CHN,156,142,,Asia,East Asia,CHN,6.0,,700.0,424000.0,64M/32Q/32D,China Open,,Angelique Kerber,5.0,https://www.wtatennis.com/resources/v7.42.0/i/elements/flags/ger.svg,Quarterfinals,W,"6-0, 3-0",https://www.wtatennis.com/players/311470/angelique-kerber,True,False,False,False,False,False,False,2,True,9,9,0,DE,DEU,276,150,Europe,Central Europe,GER,"6,0,None|3,0,None|Ret"
4,China Open,,https://www.wtatennis.com/tournaments/1020/beijing/2012,Premier Mandatory,Hard,https://www.wtatennis.com/resources/v7.42.0/i/elements/1000k-tag.svg,2012-09-29,2012-10-07,2012,9,Beijing,SLO,,CN,CHN,156,142,,Asia,East Asia,CHN,90.0,,700.0,424000.0,64M/32Q/32D,China Open,,Polona Hercog,,https://www.wtatennis.com/resources/v7.42.0/i/elements/flags/slo.svg,Round of 16,W,"6-0, 6-2",https://www.wtatennis.com/players/313968/polona-hercog,False,False,False,False,False,False,False,2,True,14,12,2,,,,,,,SLO,"6,0,None|6,2,None"
5,China Open,,https://www.wtatennis.com/tournaments/1020/beijing/2012,Premier Mandatory,Hard,https://www.wtatennis.com/resources/v7.42.0/i/elements/1000k-tag.svg,2012-09-29,2012-10-07,2012,9,Beijing,ROU,,CN,CHN,156,142,,Asia,East Asia,CHN,29.0,,700.0,424000.0,64M/32Q/32D,China Open,,Sorana Cirstea,,https://www.wtatennis.com/resources/v7.42.0/i/elements/flags/rou.svg,Round of 32,W,"6-2, 6-2",https://www.wtatennis.com/players/312469/sorana-cirstea,False,False,False,False,False,False,False,2,True,16,12,4,RO,ROU,642,150,Europe,Southeastern Europe,ROU,"6,2,None|6,2,None"
6,China Open,,https://www.wtatennis.com/tournaments/1020/beijing/2012,Premier Mandatory,Hard,https://www.wtatennis.com/resources/v7.42.0/i/elements/1000k-tag.svg,2012-09-29,2012-10-07,2012,9,Beijing,ROU,,CN,CHN,156,142,,Asia,East Asia,CHN,47.0,,700.0,424000.0,64M/32Q/32D,China Open,,Simona Halep,,https://www.wtatennis.com/resources/v7.42.0/i/elements/flags/rou.svg,Round of 64,W,"7-5, 7-5",https://www.wtatennis.com/players/314320/simona-halep,False,False,False,False,False,False,False,2,True,24,14,10,RO,ROU,642,150,Europe,Southeastern Europe,ROU,"7,5,None|7,5,None"
1,Toray Pan Pacific Open,,https://www.wtatennis.com/tournaments/1056/tokyo/2012,Premier 5,Hard,https://www.wtatennis.com/resources/v7.42.0/i/elements/1000k-tag.svg,2012-09-23,2012-09-29,2012,9,Tokyo,AUS,,JP,JPN,392,142,,Asia,East Asia,JPN,9.0,,225.0,44250.0,64M/32Q/16D,Toray Pan Pacific Open,,Samantha Stosur,8.0,https://www.wtatennis.com/resources/v7.42.0/i/elements/flags/aus.svg,Quarterfinals,L,"4-6, 6-7 (10)",https://www.wtatennis.com/players/190787/samantha-stosur,False,False,False,False,True,False,True,2,False,23,10,13,AU,AUS,036,009,Oceania,Australasia,AUS,"4,6,None|6,7,10"
2,Toray Pan Pacific Open,,https://www.wtatennis.com/tournaments/1056/tokyo/2012,Premier 5,Hard,https://www.wtatennis.com/resources/v7.42.0/i/elements/1000k-tag.svg,2012-09-23,2012-09-29,2012,9,Tokyo,CZE,,JP,JPN,392,142,,Asia,East Asia,JPN,17.0,,225.0,44250.0,64M/32Q/16D,Toray Pan Pacific Open,,Lucie Safarova,16.0,https://www.wtatennis.com/resources/v7.42.0/i/elements/flags/cze.svg,Round of 16,W,"6-2, 7-6 (5)",https://www.wtatennis.com/players/310553/lucie-safarova,False,False,False,False,True,False,True,2,True,21,13,8,CZ,CZE,203,150,Europe,Central Europe,CZE,"6,2,None|7,6,5"
3,Toray Pan Pacific Open,,https://www.wtatennis.com/tournaments/1056/tokyo/2012,Premier 5,Hard,https://www.wtatennis.com/resources/v7.42.0/i/elements/1000k-tag.svg,2012-09-23,2012-09-29,2012,9,Tokyo,GBR,,JP,JPN,392,142,Britain|UK|Great Britain|United Kingdom,Asia,East Asia,JPN,78.0,,225.0,44250.0,64M/32Q/16D,Toray Pan Pacific Open,,Heather Watson,,https://www.wtatennis.com/resources/v7.42.0/i/elements/flags/gbr.svg,Round of 32,W,"6-7 (7), 6-3, 6-4",https://www.wtatennis.com/players/316981/heather-watson,False,False,False,True,False,False,True,3,False,32,18,14,GB,GBR,826,150,Europe,Northern Europe,ENG,"6,7,7|6,3,None|6,4,None"
4,Toray Pan Pacific Open,,https://www.wtatennis.com/tournaments/1056/tokyo/2012,Premier 5,Hard,https://www.wtatennis.com/resources/v7.42.0/i/elements/1000k-tag.svg,2012-09-23,2012-09-29,2012,9,Tokyo,,,JP,JPN,392,142,,Asia,East Asia,JPN,,,225.0,44250.0,64M/32Q/16D,Toray Pan Pacific Open,,,,,Round of 64,,Bye,,False,False,True,False,False,False,False,0,False,0,0,0,,,,,,,,
1,Us Open,,https://www.wtatennis.com/tournaments/905/us-open/2012,Grand Slam,Hard,https://www.wtatennis.com/resources/v7.42.0/i/elements/gs-tag.svg,2012-08-27,2012-09-08,2012,8,New York,BLR,NY,US,USA,840,019,,America,Northern America,USA,1.0,,900.0,464513.0,128M/128Q/64D,Us Open,,Victoria Azarenka,1.0,https://www.wtatennis.com/resources/v7.42.0/i/elements/flags/blr.svg,Semifinals,L,"6-3, 2-6, 4-6",https://www.wtatennis.com/players/312001/victoria-azarenka,False,False,False,False,False,False,False,3,True,27,12,15,BY,BLR,112,150,Europe,Eastern Europe,BLR,"6,3,None|2,6,None|4,6,None"
2,Us Open,,https://www.wtatennis.com/tournaments/905/us-open/2012,Grand Slam,Hard,https://www.wtatennis.com/resources/v7.42.0/i/elements/gs-tag.svg,2012-08-27,2012-09-08,2012,8,New York,FRA,NY,US,USA,840,019,,America,Northern America,USA,11.0,,900.0,464513.0,128M/128Q/64D,Us Open,,Marion Bartoli,11.0,https://www.wtatennis.com/resources/v7.42.0/i/elements/flags/fra.svg,Quarterfinals,W,"3-6, 6-3, 6-4",https://www.wtatennis.com/players/20631/marion-bartoli,False,False,False,False,False,False,False,3,False,28,15,13,FR,FRA,250,150,Europe,Western Europe,FRA,"3,6,None|6,3,None|6,4,None"
3,Us Open,,https://www.wtatennis.com/tournaments/905/us-open/2012,Grand Slam,Hard,https://www.wtatennis.com/resources/v7.42.0/i/elements/gs-tag.svg,2012-08-27,2012-09-08,2012,8,New York,RUS,NY,US,USA,840,019,,America,Northern America,USA,22.0,,900.0,464513.0,128M/128Q/64D,Us Open,,Nadia Petrova,19.0,https://www.wtatennis.com/resources/v7.42.0/i/elements/flags/rus.svg,Round of 16,W,"6-1, 4-6, 6-4",https://www.wtatennis.com/players/160379/nadia-petrova,False,False,False,False,False,False,False,3,True,27,16,11,RU,RUS,643,150,Europe,Eastern Europe,RUS,"6,1,None|4,6,None|6,4,None"
4,Us Open,,https://www.wtatennis.com/tournaments/905/us-open/2012,Grand Slam,Hard,https://www.wtatennis.com/resources/v7.42.0/i/elements/gs-tag.svg,2012-08-27,2012-09-08,2012,8,New York,USA,NY,US,USA,840,019,United States of America|America|USA|US,America,Northern America,USA,252.0,,900.0,464513.0,128M/128Q/64D,Us Open,,Mallory Burdette,,https://www.wtatennis.com/resources/v7.42.0/i/elements/flags/usa.svg,Round of 32,W,"6-1, 6-1",https://www.wtatennis.com/players/314596/mallory-burdette,False,False,False,False,False,False,False,2,True,14,12,2,US,USA,840,019,America,Northern America,USA,"6,1,None|6,1,None"
5,Us Open,,https://www.wtatennis.com/tournaments/905/us-open/2012,Grand Slam,Hard,https://www.wtatennis.com/resources/v7.42.0/i/elements/gs-tag.svg,2012-08-27,2012-09-08,2012,8,New York,ESP,NY,US,USA,840,019,Kingdom of Spain,America,Northern America,USA,78.0,,900.0,464513.0,128M/128Q/64D,Us Open,,Lourdes Domínguez Lino,,https://www.wtatennis.com/resources/v7.42.0/i/elements/flags/esp.svg,Round of 64,W,"6-0, 6-1",https://www.wtatennis.com/players/40300/lourdes-dom-nguez-lino,False,False,False,False,False,False,False,2,True,13,12,1,ES,ESP,724,150,Europe,Southern Europe,ESP,"6,0,None|6,1,None"
6,Us Open,,https://www.wtatennis.com/tournaments/905/us-open/2012,Grand Slam,Hard,https://www.wtatennis.com/resources/v7.42.0/i/elements/gs-tag.svg,2012-08-27,2012-09-08,2012,8,New York,HUN,NY,US,USA,840,019,,America,Northern America,USA,88.0,,900.0,464513.0,128M/128Q/64D,Us Open,,Melinda Czink,,https://www.wtatennis.com/resources/v7.42.0/i/elements/flags/hun.svg,Round of 128,W,"6-2, 6-2",https://www.wtatennis.com/players/30557/melinda-czink,False,False,False,False,False,False,False,2,True,16,12,4,HU,HUN,348,150,Europe,Central Europe,HUN,"6,2,None|6,2,None"
1,Olympics Tennis Event,,https://www.wtatennis.com/tournaments/650/olympics/2012,OLYMPICS,Grass,,2012-07-28,2012-08-05,2012,7,London,USA,,GB,GBR,826,150,United States of America|America|USA|US,Europe,Northern Europe,ENG,4.0,,470.0,,64M/0Q/32D,Olympics Tennis Event,,Serena Williams,4.0,https://www.wtatennis.com/resources/v7.42.0/i/elements/flags/usa.svg,Finals,L,"0-6, 1-6",https://www.wtatennis.com/players/230234/serena-williams,False,False,False,False,False,False,False,2,False,13,1,12,US,USA,840,019,America,Northern America,USA,"0,6,None|1,6,None"
2,Olympics Tennis Event,,https://www.wtatennis.com/tournaments/650/olympics/2012,OLYMPICS,Grass,,2012-07-28,2012-08-05,2012,7,London,RUS,,GB,GBR,826,150,,Europe,Northern Europe,ENG,15.0,,470.0,,64M/0Q/32D,Olympics Tennis Event,,Maria Kirilenko,14.0,https://www.wtatennis.com/resources/v7.42.0/i/elements/flags/rus.svg,Semifinals,W,"6-2, 6-3",https://www.wtatennis.com/players/310577/maria-kirilenko,False,False,False,False,False,False,False,2,True,17,12,5,RU,RUS,643,150,Europe,Eastern Europe,RUS,"6,2,None|6,3,None"
3,Olympics Tennis Event,,https://www.wtatennis.com/tournaments/650/olympics/2012,OLYMPICS,Grass,,2012-07-28,2012-08-05,2012,7,London,BEL,,GB,GBR,826,150,,Europe,Northern Europe,ENG,36.0,,470.0,,64M/0Q/32D,Olympics Tennis Event,,Kim Clijsters,,https://www.wtatennis.com/resources/v7.42.0/i/elements/flags/bel.svg,Quarterfinals,W,"6-2, 7-5",https://www.wtatennis.com/players/30458/kim-clijsters,False,False,False,False,False,False,False,2,True,20,13,7,BE,BEL,056,150,Europe,Western Europe,BEL,"6,2,None|7,5,None"
4,Olympics Tennis Event,,https://www.wtatennis.com/tournaments/650/olympics/2012,OLYMPICS,Grass,,2012-07-28,2012-08-05,2012,7,London,GER,,GB,GBR,826,150,,Europe,Northern Europe,ENG,17.0,,470.0,,64M/0Q/32D,Olympics Tennis Event,,Sabine Lisicki,15.0,https://www.wtatennis.com/resources/v7.42.0/i/elements/flags/ger.svg,Round of 16,W,"6-7 (8), 6-4, 6-3",https://www.wtatennis.com/players/312520/sabine-lisicki,False,False,False,True,False,False,True,3,False,32,18,14,DE,DEU,276,150,Europe,Central Europe,GER,"6,7,8|6,4,None|6,3,None"
5,Olympics Tennis Event,,https://www.wtatennis.com/tournaments/650/olympics/2012,OLYMPICS,Grass,,2012-07-28,2012-08-05,2012,7,London,GBR,,GB,GBR,826,150,Britain|UK|Great Britain|United Kingdom,Europe,Northern Europe,ENG,96.0,,470.0,,64M/0Q/32D,Olympics Tennis Event,,Laura Robson,,https://www.wtatennis.com/resources/v7.42.0/i/elements/flags/gbr.svg,Round of 32,W,"7-6 (5), 6-3",https://www.wtatennis.com/players/316629/laura-robson,False,False,False,True,False,False,True,2,True,22,13,9,GB,GBR,826,150,Europe,Northern Europe,ENG,"7,6,5|6,3,None"
6,Olympics Tennis Event,,https://www.wtatennis.com/tournaments/650/olympics/2012,OLYMPICS,Grass,,2012-07-28,2012-08-05,2012,7,London,ISR,,GB,GBR,826,150,,Europe,Northern Europe,ENG,49.0,,470.0,,64M/0Q/32D,Olympics Tennis Event,,Shahar Peer,,https://www.wtatennis.com/resources/v7.42.0/i/elements/flags/isr.svg,Round of 64,W,"6-2, 6-0",https://www.wtatennis.com/players/311168/shahar-peer,False,False,False,False,False,False,False,2,True,14,12,2,IL,ISR,376,142,Asia,Western Asia,ISR,"6,2,None|6,0,None"
1,Wimbledon,,https://www.wtatennis.com/tournaments/904/wimbledon/2012,Grand Slam,Grass,https://www.wtatennis.com/resources/v7.42.0/i/elements/gs-tag.svg,2012-06-25,2012-07-07,2012,6,Wimbledon,GER,,GB,GBR,826,150,,Europe,Northern Europe,ENG,15.0,,280.0,116527.0,128M/128Q/64D,The Championships,,Sabine Lisicki,15.0,https://www.wtatennis.com/resources/v7.42.0/i/elements/flags/ger.svg,Round of 16,L,"4-6, 3-6",https://www.wtatennis.com/players/312520/sabine-lisicki,False,False,False,False,False,False,False,2,False,19,7,12,DE,DEU,276,150,Europe,Central Europe,GER,"4,6,None|3,6,None"
2,Wimbledon,,https://www.wtatennis.com/tournaments/904/wimbledon/2012,Grand Slam,Grass,https://www.wtatennis.com/resources/v7.42.0/i/elements/gs-tag.svg,2012-06-25,2012-07-07,2012,6,Wimbledon,TPE,,GB,GBR,826,150,,Europe,Northern Europe,ENG,63.0,,280.0,116527.0,128M/128Q/64D,The Championships,,Su-Wei Hsieh,,https://www.wtatennis.com/resources/v7.42.0/i/elements/flags/tpe.svg,Round of 32,W,"6-1, 6-4",https://www.wtatennis.com/players/310053/su-wei-hsieh,False,False,False,False,False,False,False,2,True,17,12,5,,,,,,,TPE,"6,1,None|6,4,None"
3,Wimbledon,,https://www.wtatennis.com/tournaments/904/wimbledon/2012,Grand Slam,Grass,https://www.wtatennis.com/resources/v7.42.0/i/elements/gs-tag.svg,2012-06-25,2012-07-07,2012,6,Wimbledon,BUL,,GB,GBR,826,150,,Europe,Northern Europe,ENG,38.0,,280.0,116527.0,128M/128Q/64D,The Championships,,Tsvetana Pironkova,,https://www.wtatennis.com/resources/v7.42.0/i/elements/flags/bul.svg,Round of 64,W,"7-6 (3), 6-7 (3), 6-0",https://www.wtatennis.com/players/311041/tsvetana-pironkova,False,False,False,True,True,False,True,3,True,32,19,13,BG,BGR,100,150,Europe,Southeastern Europe,BUL,"7,6,3|6,7,3|6,0,None"
4,Wimbledon,,https://www.wtatennis.com/tournaments/904/wimbledon/2012,Grand Slam,Grass,https://www.wtatennis.com/resources/v7.42.0/i/elements/gs-tag.svg,2012-06-25,2012-07-07,2012,6,Wimbledon,AUS,,GB,GBR,826,150,,Europe,Northern Europe,ENG,133.0,,280.0,116527.0,128M/128Q/64D,The Championships,,Anastasia Rodionova,,https://www.wtatennis.com/resources/v7.42.0/i/elements/flags/aus.svg,Round of 128,W,"6-2, 6-3",https://www.wtatennis.com/players/180356/anastasia-rodionova,False,False,False,False,False,False,False,2,True,17,12,5,AU,AUS,036,009,Oceania,Australasia,AUS,"6,2,None|6,3,None"
1,Roland Garros,,https://www.wtatennis.com/tournaments/903/roland-garros/2012,Grand Slam,Clay,https://www.wtatennis.com/resources/v7.42.0/i/elements/gs-tag.svg,2012-05-27,2012-06-09,2012,5,Paris,ITA,,FR,FRA,250,150,,Europe,Western Europe,FRA,24.0,,2000.0,1688916.0,128M/128Q/64D,Championnats Internationaux De France,,Sara Errani,21.0,https://www.wtatennis.com/resources/v7.42.0/i/elements/flags/ita.svg,Finals,W,"6-3, 6-2",https://www.wtatennis.com/players/310761/sara-errani,False,False,False,False,False,False,False,2,True,17,12,5,IT,ITA,380,150,Europe,Southern Europe,ITA,"6,3,None|6,2,None"
2,Roland Garros,,https://www.wtatennis.com/tournaments/903/roland-garros/2012,Grand Slam,Clay,https://www.wtatennis.com/resources/v7.42.0/i/elements/gs-tag.svg,2012-05-27,2012-06-09,2012,5,Paris,CZE,,FR,FRA,250,150,,Europe,Western Europe,FRA,4.0,,2000.0,1688916.0,128M/128Q/64D,Championnats Internationaux De France,,Petra Kvitova,4.0,https://www.wtatennis.com/resources/v7.42.0/i/elements/flags/cze.svg,Semifinals,W,"6-3, 6-3",https://www.wtatennis.com/players/314206/petra-kvitova,False,False,False,False,False,False,False,2,True,18,12,6,CZ,CZE,203,150,Europe,Central Europe,CZE,"6,3,None|6,3,None"
3,Roland Garros,,https://www.wtatennis.com/tournaments/903/roland-garros/2012,Grand Slam,Clay,https://www.wtatennis.com/resources/v7.42.0/i/elements/gs-tag.svg,2012-05-27,2012-06-09,2012,5,Paris,EST,,FR,FRA,250,150,,Europe,Western Europe,FRA,23.0,,2000.0,1688916.0,128M/128Q/64D,Championnats Internationaux De France,,Kaia Kanepi,23.0,https://www.wtatennis.com/resources/v7.42.0/i/elements/flags/est.svg,Quarterfinals,W,"6-2, 6-3",https://www.wtatennis.com/players/110536/kaia-kanepi,False,False,False,False,False,False,False,2,True,17,12,5,EE,EST,233,150,Europe,Northern Europe,EST,"6,2,None|6,3,None"
4,Roland Garros,,https://www.wtatennis.com/tournaments/903/roland-garros/2012,Grand Slam,Clay,https://www.wtatennis.com/resources/v7.42.0/i/elements/gs-tag.svg,2012-05-27,2012-06-09,2012,5,Paris,CZE,,FR,FRA,250,150,,Europe,Western Europe,FRA,44.0,,2000.0,1688916.0,128M/128Q/64D,Championnats Internationaux De France,,Klara Koukalova,,https://www.wtatennis.com/resources/v7.42.0/i/elements/flags/cze.svg,Round of 16,W,"6-4, 6-7 (5), 6-2",https://www.wtatennis.com/players/110492/klara-koukalova,False,False,False,False,True,False,True,3,True,31,18,13,CZ,CZE,203,150,Europe,Central Europe,CZE,"6,4,None|6,7,5|6,2,None"
5,Roland Garros,,https://www.wtatennis.com/tournaments/903/roland-garros/2012,Grand Slam,Clay,https://www.wtatennis.com/resources/v7.42.0/i/elements/gs-tag.svg,2012-05-27,2012-06-09,2012,5,Paris,CHN,,FR,FRA,250,150,,Europe,Western Europe,FRA,30.0,,2000.0,1688916.0,128M/128Q/64D,Championnats Internationaux De France,,Shuai Peng,28.0,https://www.wtatennis.com/resources/v7.42.0/i/elements/flags/chn.svg,Round of 32,W,"6-2, 6-1",https://www.wtatennis.com/players/160471/shuai-peng,False,False,False,False,False,False,False,2,True,15,12,3,CN,CHN,156,142,Asia,East Asia,CHN,"6,2,None|6,1,None"
6,Roland Garros,,https://www.wtatennis.com/tournaments/903/roland-garros/2012,Grand Slam,Clay,https://www.wtatennis.com/resources/v7.42.0/i/elements/gs-tag.svg,2012-05-27,2012-06-09,2012,5,Paris,JPN,,FR,FRA,250,150,,Europe,Western Europe,FRA,84.0,,2000.0,1688916.0,128M/128Q/64D,Championnats Internationaux De France,,Ayumi Morita,,https://www.wtatennis.com/resources/v7.42.0/i/elements/flags/jpn.svg,Round of 64,W,"6-1, 6-1",https://www.wtatennis.com/players/312848/ayumi-morita,False,False,False,False,False,False,False,2,True,14,12,2,JP,JPN,392,142,Asia,East Asia,JPN,"6,1,None|6,1,None"
7,Roland Garros,,https://www.wtatennis.com/tournaments/903/roland-garros/2012,Grand Slam,Clay,https://www.wtatennis.com/resources/v7.42.0/i/elements/gs-tag.svg,2012-05-27,2012-06-09,2012,5,Paris,ROU,,FR,FRA,250,150,,Europe,Western Europe,FRA,78.0,,2000.0,1688916.0,128M/128Q/64D,Championnats Internationaux De France,,Alexandra Cadantu-Ignatik,,https://www.wtatennis.com/resources/v7.42.0/i/elements/flags/rou.svg,Round of 128,W,"6-0, 6-0",https://www.wtatennis.com/players/313215/alexandra-cadantu-ignatik,False,False,False,False,False,False,False,2,True,12,12,0,RO,ROU,642,150,Europe,Southeastern Europe,ROU,"6,0,None|6,0,None"
1,Internazionali Bnl D'Italia,,https://www.wtatennis.com/tournaments/709/rome/2012,Premier 5,Clay,https://www.wtatennis.com/resources/v7.42.0/i/elements/1000k-tag.svg,2012-05-14,2012-05-20,2012,5,Rome,CHN,,IT,ITA,380,150,,Europe,Southern Europe,ITA,9.0,,900.0,385000.0,64M/32Q/32D,Internazionali Bnl D'Italia,,Na Li,8.0,https://www.wtatennis.com/resources/v7.42.0/i/elements/flags/chn.svg,Finals,W,"4-6, 6-4, 7-6 (5)",https://www.wtatennis.com/players/120330/na-li,False,False,False,False,False,True,True,3,False,33,17,16,CN,CHN,156,142,Asia,East Asia,CHN,"4,6,None|6,4,None|7,6,5"
2,Internazionali Bnl D'Italia,,https://www.wtatennis.com/tournaments/709/rome/2012,Premier 5,Clay,https://www.wtatennis.com/resources/v7.42.0/i/elements/1000k-tag.svg,2012-05-14,2012-05-20,2012,5,Rome,GER,,IT,ITA,380,150,,Europe,Southern Europe,ITA,11.0,,900.0,385000.0,64M/32Q/32D,Internazionali Bnl D'Italia,,Angelique Kerber,12.0,https://www.wtatennis.com/resources/v7.42.0/i/elements/flags/ger.svg,Semifinals,W,"6-3, 6-4",https://www.wtatennis.com/players/311470/angelique-kerber,False,False,False,False,False,False,False,2,True,19,12,7,DE,DEU,276,150,Europe,Central Europe,GER,"6,3,None|6,4,None"
3,Internazionali Bnl D'Italia,,https://www.wtatennis.com/tournaments/709/rome/2012,Premier 5,Clay,https://www.wtatennis.com/resources/v7.42.0/i/elements/1000k-tag.svg,2012-05-14,2012-05-20,2012,5,Rome,USA,,IT,ITA,380,150,United States of America|America|USA|US,Europe,Southern Europe,ITA,63.0,,900.0,385000.0,64M/32Q/32D,Internazionali Bnl D'Italia,,Venus Williams,,https://www.wtatennis.com/resources/v7.42.0/i/elements/flags/usa.svg,Quarterfinals,W,"6-4, 6-3",https://www.wtatennis.com/players/230220/venus-williams,False,False,False,False,False,False,False,2,True,19,12,7,US,USA,840,019,America,Northern America,USA,"6,4,None|6,3,None"
4,Internazionali Bnl D'Italia,,https://www.wtatennis.com/tournaments/709/rome/2012,Premier 5,Clay,https://www.wtatennis.com/resources/v7.42.0/i/elements/1000k-tag.svg,2012-05-14,2012-05-20,2012,5,Rome,SRB,,IT,ITA,380,150,,Europe,Southern Europe,ITA,15.0,,900.0,385000.0,64M/32Q/32D,Internazionali Bnl D'Italia,,Ana Ivanovic,13.0,https://www.wtatennis.com/resources/v7.42.0/i/elements/flags/srb.svg,Round of 16,W,"7-6 (4), 6-3",https://www.wtatennis.com/players/311710/ana-ivanovic,False,False,False,True,False,False,True,2,True,22,13,9,RS,SRB,688,150,Europe,Southeastern Europe,SRB,"7,6,4|6,3,None"
5,Internazionali Bnl D'Italia,,https://www.wtatennis.com/tournaments/709/rome/2012,Premier 5,Clay,https://www.wtatennis.com/resources/v7.42.0/i/elements/1000k-tag.svg,2012-05-14,2012-05-20,2012,5,Rome,USA,,IT,ITA,380,150,United States of America|America|USA|US,Europe,Southern Europe,ITA,36.0,,900.0,385000.0,64M/32Q/32D,Internazionali Bnl D'Italia,,Christina Mchale,,https://www.wtatennis.com/resources/v7.42.0/i/elements/flags/usa.svg,Round of 32,W,"7-5, 7-5",https://www.wtatennis.com/players/314917/christina-mchale,False,False,False,False,False,False,False,2,True,24,14,10,US,USA,840,019,America,Northern America,USA,"7,5,None|7,5,None"
6,Internazionali Bnl D'Italia,,https://www.wtatennis.com/tournaments/709/rome/2012,Premier 5,Clay,https://www.wtatennis.com/resources/v7.42.0/i/elements/1000k-tag.svg,2012-05-14,2012-05-20,2012,5,Rome,,,IT,ITA,380,150,,Europe,Southern Europe,ITA,,,900.0,385000.0,64M/32Q/32D,Internazionali Bnl D'Italia,,,,,Round of 64,,Bye,,False,False,True,False,False,False,False,0,False,0,0,0,,,,,,,,
1,Mutua Madrid Open,,https://www.wtatennis.com/tournaments/1038/madrid/2012,Premier Mandatory,Clay,https://www.wtatennis.com/resources/v7.42.0/i/elements/1000k-tag.svg,2012-05-05,2012-05-13,2012,5,Madrid,USA,,ES,ESP,724,150,United States of America|America|USA|US,Europe,Southern Europe,ESP,9.0,,250.0,96740.0,64M/32Q/28D,Mutua Madrid Open,,Serena Williams,9.0,https://www.wtatennis.com/resources/v7.42.0/i/elements/flags/usa.svg,Quarterfinals,L,"1-6, 3-6",https://www.wtatennis.com/players/230234/serena-williams,False,False,False,False,False,False,False,2,False,16,4,12,US,USA,840,019,America,Northern America,USA,"1,6,None|3,6,None"
2,Mutua Madrid Open,,https://www.wtatennis.com/tournaments/1038/madrid/2012,Premier Mandatory,Clay,https://www.wtatennis.com/resources/v7.42.0/i/elements/1000k-tag.svg,2012-05-05,2012-05-13,2012,5,Madrid,CZE,,ES,ESP,724,150,,Europe,Southern Europe,ESP,23.0,,250.0,96740.0,64M/32Q/28D,Mutua Madrid Open,,Lucie Safarova,,https://www.wtatennis.com/resources/v7.42.0/i/elements/flags/cze.svg,Round of 16,W,Walkover,https://www.wtatennis.com/players/310553/lucie-safarova,False,True,False,False,False,False,False,0,False,0,0,0,CZ,CZE,203,150,Europe,Central Europe,CZE,
3,Mutua Madrid Open,,https://www.wtatennis.com/tournaments/1038/madrid/2012,Premier Mandatory,Clay,https://www.wtatennis.com/resources/v7.42.0/i/elements/1000k-tag.svg,2012-05-05,2012-05-13,2012,5,Madrid,CZE,,ES,ESP,724,150,,Europe,Southern Europe,ESP,44.0,,250.0,96740.0,64M/32Q/28D,Mutua Madrid Open,,Klara Koukalova,,https://www.wtatennis.com/resources/v7.42.0/i/elements/flags/cze.svg,Round of 32,W,"6-4, 6-3",https://www.wtatennis.com/players/110492/klara-koukalova,False,False,False,False,False,False,False,2,True,19,12,7,CZ,CZE,203,150,Europe,Central Europe,CZE,"6,4,None|6,3,None"
4,Mutua Madrid Open,,https://www.wtatennis.com/tournaments/1038/madrid/2012,Premier Mandatory,Clay,https://www.wtatennis.com/resources/v7.42.0/i/elements/1000k-tag.svg,2012-05-05,2012-05-13,2012,5,Madrid,ROU,,ES,ESP,724,150,,Europe,Southern Europe,ESP,55.0,,250.0,96740.0,64M/32Q/28D,Mutua Madrid Open,,Irina-Camelia Begu,,https://www.wtatennis.com/resources/v7.42.0/i/elements/flags/rou.svg,Round of 64,W,"6-0, 6-3",https://www.wtatennis.com/players/313169/irina-camelia-begu,False,False,False,False,False,False,False,2,True,15,12,3,RO,ROU,642,150,Europe,Southeastern Europe,ROU,"6,0,None|6,3,None"
1,Porsche Tennis Grand Prix,,https://www.wtatennis.com/tournaments/1051/stuttgart/2012,Premier,Clay,https://www.wtatennis.com/resources/v7.42.0/i/elements/500k-tag.svg,2012-04-23,2012-04-29,2012,4,Stuttgart,BLR,,DE,DEU,276,150,,Europe,Central Europe,GER,1.0,,470.0,115000.0,32M/32Q/16D,Porsche Tennis Grand Prix,,Victoria Azarenka,1.0,https://www.wtatennis.com/resources/v7.42.0/i/elements/flags/blr.svg,Finals,W,"6-1, 6-4",https://www.wtatennis.com/players/312001/victoria-azarenka,False,False,False,False,False,False,False,2,True,17,12,5,BY,BLR,112,150,Europe,Eastern Europe,BLR,"6,1,None|6,4,None"
2,Porsche Tennis Grand Prix,,https://www.wtatennis.com/tournaments/1051/stuttgart/2012,Premier,Clay,https://www.wtatennis.com/resources/v7.42.0/i/elements/500k-tag.svg,2012-04-23,2012-04-29,2012,4,Stuttgart,CZE,,DE,DEU,276,150,,Europe,Central Europe,GER,3.0,,470.0,115000.0,32M/32Q/16D,Porsche Tennis Grand Prix,,Petra Kvitova,3.0,https://www.wtatennis.com/resources/v7.42.0/i/elements/flags/cze.svg,Semifinals,W,"6-4, 7-6 (3)",https://www.wtatennis.com/players/314206/petra-kvitova,False,False,False,False,True,False,True,2,True,23,13,10,CZ,CZE,203,150,Europe,Central Europe,CZE,"6,4,None|7,6,3"
3,Porsche Tennis Grand Prix,,https://www.wtatennis.com/tournaments/1051/stuttgart/2012,Premier,Clay,https://www.wtatennis.com/resources/v7.42.0/i/elements/500k-tag.svg,2012-04-23,2012-04-29,2012,4,Stuttgart,AUS,,DE,DEU,276,150,,Europe,Central Europe,GER,5.0,,470.0,115000.0,32M/32Q/16D,Porsche Tennis Grand Prix,,Samantha Stosur,5.0,https://www.wtatennis.com/resources/v7.42.0/i/elements/flags/aus.svg,Quarterfinals,W,"6-7 (5), 7-6 (5), 7-5",https://www.wtatennis.com/players/190787/samantha-stosur,False,False,False,True,True,False,True,3,False,38,20,18,AU,AUS,036,009,Oceania,Australasia,AUS,"6,7,5|7,6,5|7,5,None"
4,Porsche Tennis Grand Prix,,https://www.wtatennis.com/tournaments/1051/stuttgart/2012,Premier,Clay,https://www.wtatennis.com/resources/v7.42.0/i/elements/500k-tag.svg,2012-04-23,2012-04-29,2012,4,Stuttgart,FRA,,DE,DEU,276,150,,Europe,Central Europe,GER,100.0,,470.0,115000.0,32M/32Q/16D,Porsche Tennis Grand Prix,,Alizé Cornet,,https://www.wtatennis.com/resources/v7.42.0/i/elements/flags/fra.svg,Round of 16,W,"6-3, 1-0",https://www.wtatennis.com/players/312121/aliz-cornet,True,False,False,False,False,False,False,2,True,10,7,3,FR,FRA,250,150,Europe,Western Europe,FRA,"6,3,None|1,0,None|Ret"
5,Porsche Tennis Grand Prix,,https://www.wtatennis.com/tournaments/1051/stuttgart/2012,Premier,Clay,https://www.wtatennis.com/resources/v7.42.0/i/elements/500k-tag.svg,2012-04-23,2012-04-29,2012,4,Stuttgart,,,DE,DEU,276,150,,Europe,Central Europe,GER,,,470.0,115000.0,32M/32Q/16D,Porsche Tennis Grand Prix,,,,,Round of 32,,Bye,,False,False,True,False,False,False,False,0,False,0,0,0,,,,,,,,
1,Sony Ericsson Open,,https://www.wtatennis.com/tournaments/902/miami/2012,Premier Mandatory,Hard,https://www.wtatennis.com/resources/v7.42.0/i/elements/1000k-tag.svg,2012-03-20,2012-03-31,2012,3,Miami,POL,FL,US,USA,840,019,,America,Northern America,USA,4.0,,700.0,352000.0,128M/64Q/32D,Sony Ericsson Open,,Agnieszka Radwanska,5.0,https://www.wtatennis.com/resources/v7.42.0/i/elements/flags/pol.svg,Finals,L,"5-7, 4-6",https://www.wtatennis.com/players/312251/agnieszka-radwanska,False,False,False,False,False,False,False,2,False,22,9,13,PL,POL,616,150,Europe,Central Europe,POL,"5,7,None|4,6,None"
2,Sony Ericsson Open,,https://www.wtatennis.com/tournaments/902/miami/2012,Premier Mandatory,Hard,https://www.wtatennis.com/resources/v7.42.0/i/elements/1000k-tag.svg,2012-03-20,2012-03-31,2012,3,Miami,DEN,FL,US,USA,840,019,,America,Northern America,USA,6.0,,700.0,352000.0,128M/64Q/32D,Sony Ericsson Open,,Caroline Wozniacki,4.0,https://www.wtatennis.com/resources/v7.42.0/i/elements/flags/den.svg,Semifinals,W,"4-6, 6-2, 6-4",https://www.wtatennis.com/players/313402/caroline-wozniacki,False,False,False,False,False,False,False,3,False,28,16,12,DK,DNK,208,150,Europe,Northern Europe,DEN,"4,6,None|6,2,None|6,4,None"
3,Sony Ericsson Open,,https://www.wtatennis.com/tournaments/902/miami/2012,Premier Mandatory,Hard,https://www.wtatennis.com/resources/v7.42.0/i/elements/1000k-tag.svg,2012-03-20,2012-03-31,2012,3,Miami,CHN,FL,US,USA,840,019,,America,Northern America,USA,8.0,,700.0,352000.0,128M/64Q/32D,Sony Ericsson Open,,Na Li,8.0,https://www.wtatennis.com/resources/v7.42.0/i/elements/flags/chn.svg,Quarterfinals,W,"6-3, 6-0",https://www.wtatennis.com/players/120330/na-li,False,False,False,False,False,False,False,2,True,15,12,3,CN,CHN,156,142,Asia,East Asia,CHN,"6,3,None|6,0,None"
4,Sony Ericsson Open,,https://www.wtatennis.com/tournaments/902/miami/2012,Premier Mandatory,Hard,https://www.wtatennis.com/resources/v7.42.0/i/elements/1000k-tag.svg,2012-03-20,2012-03-31,2012,3,Miami,RUS,FL,US,USA,840,019,,America,Northern America,USA,41.0,,700.0,352000.0,128M/64Q/32D,Sony Ericsson Open,,Ekaterina Makarova,,https://www.wtatennis.com/resources/v7.42.0/i/elements/flags/rus.svg,Round of 16,W,"6-4, 7-6 (3)",https://www.wtatennis.com/players/311604/ekaterina-makarova,False,False,False,False,True,False,True,2,True,23,13,10,RU,RUS,643,150,Europe,Eastern Europe,RUS,"6,4,None|7,6,3"
5,Sony Ericsson Open,,https://www.wtatennis.com/tournaments/902/miami/2012,Premier Mandatory,Hard,https://www.wtatennis.com/resources/v7.42.0/i/elements/1000k-tag.svg,2012-03-20,2012-03-31,2012,3,Miami,USA,FL,US,USA,840,019,United States of America|America|USA|US,America,Northern America,USA,90.0,,700.0,352000.0,128M/64Q/32D,Sony Ericsson Open,,Sloane Stephens,,https://www.wtatennis.com/resources/v7.42.0/i/elements/flags/usa.svg,Round of 32,W,"6-4, 6-2",https://www.wtatennis.com/players/315683/sloane-stephens,False,False,False,False,False,False,False,2,True,18,12,6,US,USA,840,019,America,Northern America,USA,"6,4,None|6,2,None"
6,Sony Ericsson Open,,https://www.wtatennis.com/tournaments/902/miami/2012,Premier Mandatory,Hard,https://www.wtatennis.com/resources/v7.42.0/i/elements/1000k-tag.svg,2012-03-20,2012-03-31,2012,3,Miami,ISR,FL,US,USA,840,019,,America,Northern America,USA,55.0,,700.0,352000.0,128M/64Q/32D,Sony Ericsson Open,,Shahar Peer,,https://www.wtatennis.com/resources/v7.42.0/i/elements/flags/isr.svg,Round of 64,W,"4-6, 6-3, 6-3",https://www.wtatennis.com/players/311168/shahar-peer,False,False,False,False,False,False,False,3,False,28,16,12,IL,ISR,376,142,Asia,Western Asia,ISR,"4,6,None|6,3,None|6,3,None"
7,Sony Ericsson Open,,https://www.wtatennis.com/tournaments/902/miami/2012,Premier Mandatory,Hard,https://www.wtatennis.com/resources/v7.42.0/i/elements/1000k-tag.svg,2012-03-20,2012-03-31,2012,3,Miami,,FL,US,USA,840,019,,America,Northern America,USA,,,700.0,352000.0,128M/64Q/32D,Sony Ericsson Open,,,,,Round of 128,,Bye,,False,False,True,False,False,False,False,0,False,0,0,0,,,,,,,,
1,Bnp Paribas Open,,https://www.wtatennis.com/tournaments/609/indian-wells/2012,Premier Mandatory,Hard,https://www.wtatennis.com/resources/v7.42.0/i/elements/1000k-tag.svg,2012-03-07,2012-03-18,2012,3,Indian Wells,BLR,CA,US,USA,840,019,,America,Northern America,USA,1.0,,700.0,500000.0,128M/64Q/32D,Bnp Paribas Open,,Victoria Azarenka,1.0,https://www.wtatennis.com/resources/v7.42.0/i/elements/flags/blr.svg,Finals,L,"2-6, 3-6",https://www.wtatennis.com/players/312001/victoria-azarenka,False,False,False,False,False,False,False,2,False,17,5,12,BY,BLR,112,150,Europe,Eastern Europe,BLR,"2,6,None|3,6,None"
2,Bnp Paribas Open,,https://www.wtatennis.com/tournaments/609/indian-wells/2012,Premier Mandatory,Hard,https://www.wtatennis.com/resources/v7.42.0/i/elements/1000k-tag.svg,2012-03-07,2012-03-18,2012,3,Indian Wells,SRB,CA,US,USA,840,019,,America,Northern America,USA,16.0,,700.0,500000.0,128M/64Q/32D,Bnp Paribas Open,,Ana Ivanovic,15.0,https://www.wtatennis.com/resources/v7.42.0/i/elements/flags/srb.svg,Semifinals,W,"6-4, 0-1",https://www.wtatennis.com/players/311710/ana-ivanovic,True,False,False,False,False,False,False,2,True,11,6,5,RS,SRB,688,150,Europe,Southeastern Europe,SRB,"6,4,None|0,1,None|Ret"
3,Bnp Paribas Open,,https://www.wtatennis.com/tournaments/609/indian-wells/2012,Premier Mandatory,Hard,https://www.wtatennis.com/resources/v7.42.0/i/elements/1000k-tag.svg,2012-03-07,2012-03-18,2012,3,Indian Wells,RUS,CA,US,USA,840,019,,America,Northern America,USA,23.0,,700.0,500000.0,128M/64Q/32D,Bnp Paribas Open,,Maria Kirilenko,20.0,https://www.wtatennis.com/resources/v7.42.0/i/elements/flags/rus.svg,Quarterfinals,W,"3-6, 7-5, 6-2",https://www.wtatennis.com/players/310577/maria-kirilenko,False,False,False,False,False,False,False,3,False,29,16,13,RU,RUS,643,150,Europe,Eastern Europe,RUS,"3,6,None|7,5,None|6,2,None"
4,Bnp Paribas Open,,https://www.wtatennis.com/tournaments/609/indian-wells/2012,Premier Mandatory,Hard,https://www.wtatennis.com/resources/v7.42.0/i/elements/1000k-tag.svg,2012-03-07,2012-03-18,2012,3,Indian Wells,ITA,CA,US,USA,840,019,,America,Northern America,USA,22.0,,700.0,500000.0,128M/64Q/32D,Bnp Paribas Open,,Roberta Vinci,21.0,https://www.wtatennis.com/resources/v7.42.0/i/elements/flags/ita.svg,Round of 16,W,"6-2, 6-1",https://www.wtatennis.com/players/220214/roberta-vinci,False,False,False,False,False,False,False,2,True,15,12,3,IT,ITA,380,150,Europe,Southern Europe,ITA,"6,2,None|6,1,None"
5,Bnp Paribas Open,,https://www.wtatennis.com/tournaments/609/indian-wells/2012,Premier Mandatory,Hard,https://www.wtatennis.com/resources/v7.42.0/i/elements/1000k-tag.svg,2012-03-07,2012-03-18,2012,3,Indian Wells,ROU,CA,US,USA,840,019,,America,Northern America,USA,50.0,,700.0,500000.0,128M/64Q/32D,Bnp Paribas Open,,Simona Halep,,https://www.wtatennis.com/resources/v7.42.0/i/elements/flags/rou.svg,Round of 32,W,"6-3, 6-4",https://www.wtatennis.com/players/314320/simona-halep,False,False,False,False,False,False,False,2,True,19,12,7,RO,ROU,642,150,Europe,Southeastern Europe,ROU,"6,3,None|6,4,None"
6,Bnp Paribas Open,,https://www.wtatennis.com/tournaments/609/indian-wells/2012,Premier Mandatory,Hard,https://www.wtatennis.com/resources/v7.42.0/i/elements/1000k-tag.svg,2012-03-07,2012-03-18,2012,3,Indian Wells,ARG,CA,US,USA,840,019,,America,Northern America,USA,126.0,,700.0,500000.0,128M/64Q/32D,Bnp Paribas Open,,Gisela Dulko,,https://www.wtatennis.com/resources/v7.42.0/i/elements/flags/arg.svg,Round of 64,W,"6-2, 6-0",https://www.wtatennis.com/players/40388/gisela-dulko,False,False,False,False,False,False,False,2,True,14,12,2,AR,ARG,032,019,America,Southern South America,ARG,"6,2,None|6,0,None"
7,Bnp Paribas Open,,https://www.wtatennis.com/tournaments/609/indian-wells/2012,Premier Mandatory,Hard,https://www.wtatennis.com/resources/v7.42.0/i/elements/1000k-tag.svg,2012-03-07,2012-03-18,2012,3,Indian Wells,,CA,US,USA,840,019,,America,Northern America,USA,,,700.0,500000.0,128M/64Q/32D,Bnp Paribas Open,,,,,Round of 128,,Bye,,False,False,True,False,False,False,False,0,False,0,0,0,,,,,,,,
1,Open Gdf Suez,,https://www.wtatennis.com/tournaments/604/paris/2012,Premier,Hard,https://www.wtatennis.com/resources/v7.42.0/i/elements/500k-tag.svg,2012-02-06,2012-02-12,2012,2,Paris,GER,,FR,FRA,250,150,,Europe,Western Europe,FRA,27.0,,120.0,16375.0,32M/32Q/16D,Open Gdf Suez,,Angelique Kerber,9.0,https://www.wtatennis.com/resources/v7.42.0/i/elements/flags/ger.svg,Quarterfinals,L,"4-6, 4-6",https://www.wtatennis.com/players/311470/angelique-kerber,False,False,False,False,False,False,False,2,False,20,8,12,DE,DEU,276,150,Europe,Central Europe,GER,"4,6,None|4,6,None"
2,Open Gdf Suez,,https://www.wtatennis.com/tournaments/604/paris/2012,Premier,Hard,https://www.wtatennis.com/resources/v7.42.0/i/elements/500k-tag.svg,2012-02-06,2012-02-12,2012,2,Paris,RSA,,FR,FRA,250,150,,Europe,Western Europe,FRA,44.0,,120.0,16375.0,32M/32Q/16D,Open Gdf Suez,,Chanelle Scheepers,,https://www.wtatennis.com/resources/v7.42.0/i/elements/flags/rsa.svg,Round of 16,W,"6-3, 6-1",https://www.wtatennis.com/players/190873/chanelle-scheepers,False,False,False,False,False,False,False,2,True,16,12,4,ZA,ZAF,710,002,Africa,Southern Africa,RSA,"6,3,None|6,1,None"
3,Open Gdf Suez,,https://www.wtatennis.com/tournaments/604/paris/2012,Premier,Hard,https://www.wtatennis.com/resources/v7.42.0/i/elements/500k-tag.svg,2012-02-06,2012-02-12,2012,2,Paris,,,FR,FRA,250,150,,Europe,Western Europe,FRA,,,120.0,16375.0,32M/32Q/16D,Open Gdf Suez,,,,,Round of 32,,Bye,,False,False,True,False,False,False,False,0,False,0,0,0,,,,,,,,
1,Fed Cup World Group Week 1,https://www.wtatennis.com/resources/v7.42.0/i/elements/itf.png,,ITF,Hard,https://www.wtatennis.com/resources/v7.42.0/i/elements/itf.png,2012-02-04,2012-02-05,2012,2,Moscow,ESP,,RU,RUS,643,150,Kingdom of Spain,Europe,Eastern Europe,RUS,77.0,,,,8M/0Q/2D,Fed Cup World Group Week 1,,Sílvia Soler-Espinosa,,https://www.wtatennis.com/resources/v7.42.0/i/elements/flags/esp.svg,Round 1 R1,W,"6-2, 6-1",https://www.wtatennis.com/players/311493/s-lvia-soler-espinosa,False,False,False,False,False,False,False,2,True,15,12,3,ES,ESP,724,150,Europe,Southern Europe,ESP,"6,2,None|6,1,None"
1,Australian Open,,https://www.wtatennis.com/tournaments/901/australian-open/2012,Grand Slam,Hard,https://www.wtatennis.com/resources/v7.42.0/i/elements/gs-tag.svg,2012-01-16,2012-01-28,2012,1,Melbourne,BLR,,AU,AUS,036,009,,Oceania,Australasia,AUS,3.0,,1400.0,1214975.0,128M/128Q/64D,Australian Open,,Victoria Azarenka,3.0,https://www.wtatennis.com/resources/v7.42.0/i/elements/flags/blr.svg,Finals,L,"3-6, 0-6",https://www.wtatennis.com/players/312001/victoria-azarenka,False,False,False,False,False,False,False,2,False,15,3,12,BY,BLR,112,150,Europe,Eastern Europe,BLR,"3,6,None|0,6,None"
2,Australian Open,,https://www.wtatennis.com/tournaments/901/australian-open/2012,Grand Slam,Hard,https://www.wtatennis.com/resources/v7.42.0/i/elements/gs-tag.svg,2012-01-16,2012-01-28,2012,1,Melbourne,CZE,,AU,AUS,036,009,,Oceania,Australasia,AUS,2.0,,1400.0,1214975.0,128M/128Q/64D,Australian Open,,Petra Kvitova,2.0,https://www.wtatennis.com/resources/v7.42.0/i/elements/flags/cze.svg,Semifinals,W,"6-2, 3-6, 6-4",https://www.wtatennis.com/players/314206/petra-kvitova,False,False,False,False,False,False,False,3,True,27,15,12,CZ,CZE,203,150,Europe,Central Europe,CZE,"6,2,None|3,6,None|6,4,None"
3,Australian Open,,https://www.wtatennis.com/tournaments/901/australian-open/2012,Grand Slam,Hard,https://www.wtatennis.com/resources/v7.42.0/i/elements/gs-tag.svg,2012-01-16,2012-01-28,2012,1,Melbourne,RUS,,AU,AUS,036,009,,Oceania,Australasia,AUS,56.0,,1400.0,1214975.0,128M/128Q/64D,Australian Open,,Ekaterina Makarova,,https://www.wtatennis.com/resources/v7.42.0/i/elements/flags/rus.svg,Quarterfinals,W,"6-2, 6-3",https://www.wtatennis.com/players/311604/ekaterina-makarova,False,False,False,False,False,False,False,2,True,17,12,5,RU,RUS,643,150,Europe,Eastern Europe,RUS,"6,2,None|6,3,None"
4,Australian Open,,https://www.wtatennis.com/tournaments/901/australian-open/2012,Grand Slam,Hard,https://www.wtatennis.com/resources/v7.42.0/i/elements/gs-tag.svg,2012-01-16,2012-01-28,2012,1,Melbourne,GER,,AU,AUS,036,009,,Oceania,Australasia,AUS,15.0,,1400.0,1214975.0,128M/128Q/64D,Australian Open,,Sabine Lisicki,14.0,https://www.wtatennis.com/resources/v7.42.0/i/elements/flags/ger.svg,Round of 16,W,"3-6, 6-2, 6-3",https://www.wtatennis.com/players/312520/sabine-lisicki,False,False,False,False,False,False,False,3,False,26,15,11,DE,DEU,276,150,Europe,Central Europe,GER,"3,6,None|6,2,None|6,3,None"
5,Australian Open,,https://www.wtatennis.com/tournaments/901/australian-open/2012,Grand Slam,Hard,https://www.wtatennis.com/resources/v7.42.0/i/elements/gs-tag.svg,2012-01-16,2012-01-28,2012,1,Melbourne,GER,,AU,AUS,036,009,,Oceania,Australasia,AUS,30.0,,1400.0,1214975.0,128M/128Q/64D,Australian Open,,Angelique Kerber,30.0,https://www.wtatennis.com/resources/v7.42.0/i/elements/flags/ger.svg,Round of 32,W,"6-1, 6-2",https://www.wtatennis.com/players/311470/angelique-kerber,False,False,False,False,False,False,False,2,True,15,12,3,DE,DEU,276,150,Europe,Central Europe,GER,"6,1,None|6,2,None"
6,Australian Open,,https://www.wtatennis.com/tournaments/901/australian-open/2012,Grand Slam,Hard,https://www.wtatennis.com/resources/v7.42.0/i/elements/gs-tag.svg,2012-01-16,2012-01-28,2012,1,Melbourne,USA,,AU,AUS,036,009,United States of America|America|USA|US,Oceania,Australasia,AUS,144.0,,1400.0,1214975.0,128M/128Q/64D,Australian Open,,Jamie Hampton,,https://www.wtatennis.com/resources/v7.42.0/i/elements/flags/usa.svg,Round of 64,W,"6-0, 6-1",https://www.wtatennis.com/players/312711/jamie-hampton,False,False,False,False,False,False,False,2,True,13,12,1,US,USA,840,019,America,Northern America,USA,"6,0,None|6,1,None"
7,Australian Open,,https://www.wtatennis.com/tournaments/901/australian-open/2012,Grand Slam,Hard,https://www.wtatennis.com/resources/v7.42.0/i/elements/gs-tag.svg,2012-01-16,2012-01-28,2012,1,Melbourne,ARG,,AU,AUS,036,009,,Oceania,Australasia,AUS,68.0,,1400.0,1214975.0,128M/128Q/64D,Australian Open,,Gisela Dulko,,https://www.wtatennis.com/resources/v7.42.0/i/elements/flags/arg.svg,Round of 128,W,"6-0, 6-1",https://www.wtatennis.com/players/40388/gisela-dulko,False,False,False,False,False,False,False,2,True,13,12,1,AR,ARG,032,019,America,Southern South America,ARG,"6,0,None|6,1,None"
1,Teb Bnp Paribas Wta Championships,,https://www.wtatennis.com/tournaments/808/wta-finals/2011,Finals,Hard,https://www.wtatennis.com/resources/v7.42.0/i/elements/finals-tag.svg,2011-10-25,2011-10-30,2011,10,Istanbul,AUS,,TR,TUR,792,142,,Asia,Western Asia,TUR,7.0,,140.0,110000.0,8M/0Q/4D,Teb Bnp Paribas Wta Championships,,Samantha Stosur,,https://www.wtatennis.com/resources/v7.42.0/i/elements/flags/aus.svg,Group Stage Group,L,"1-6, 5-7",https://www.wtatennis.com/players/190787/samantha-stosur,False,False,False,False,False,False,False,2,False,19,6,13,AU,AUS,036,009,Oceania,Australasia,AUS,"1,6,None|5,7,None"
2,Teb Bnp Paribas Wta Championships,,https://www.wtatennis.com/tournaments/808/wta-finals/2011,Finals,Hard,https://www.wtatennis.com/resources/v7.42.0/i/elements/finals-tag.svg,2011-10-25,2011-10-30,2011,10,Istanbul,CHN,,TR,TUR,792,142,,Asia,Western Asia,TUR,5.0,,140.0,110000.0,8M/0Q/4D,Teb Bnp Paribas Wta Championships,,Na Li,,https://www.wtatennis.com/resources/v7.42.0/i/elements/flags/chn.svg,Group Stage Group,L,"6-7 (4), 4-6",https://www.wtatennis.com/players/120330/na-li,False,False,False,True,False,False,True,2,False,23,10,13,CN,CHN,156,142,Asia,East Asia,CHN,"6,7,4|4,6,None"
1,Toray Pan Pacific Open,,https://www.wtatennis.com/tournaments/1056/tokyo/2011,Premier 5,Hard,https://www.wtatennis.com/resources/v7.42.0/i/elements/1000k-tag.svg,2011-09-25,2011-10-01,2011,9,,CZE,,JP,JPN,392,142,,Asia,East Asia,JPN,6.0,,225.0,41450.0,64M/32Q/16D,Toray Pan Pacific Open,,Petra Kvitova,5.0,https://www.wtatennis.com/resources/v7.42.0/i/elements/flags/cze.svg,Quarterfinals,L,3-4,https://www.wtatennis.com/players/314206/petra-kvitova,True,False,False,False,False,False,False,1,False,7,3,4,CZ,CZE,203,150,Europe,Central Europe,CZE,"3,4,None|Ret"
2,Toray Pan Pacific Open,,https://www.wtatennis.com/tournaments/1056/tokyo/2011,Premier 5,Hard,https://www.wtatennis.com/resources/v7.42.0/i/elements/1000k-tag.svg,2011-09-25,2011-10-01,2011,9,,GER,,JP,JPN,392,142,,Asia,East Asia,JPN,20.0,,225.0,41450.0,64M/32Q/16D,Toray Pan Pacific Open,,Julia Goerges,13.0,https://www.wtatennis.com/resources/v7.42.0/i/elements/flags/ger.svg,Round of 16,W,"7-6 (4), 7-6 (4)",https://www.wtatennis.com/players/313381/julia-goerges,False,False,False,True,True,False,True,2,True,26,14,12,DE,DEU,276,150,Europe,Central Europe,GER,"7,6,4|7,6,4"
3,Toray Pan Pacific Open,,https://www.wtatennis.com/tournaments/1056/tokyo/2011,Premier 5,Hard,https://www.wtatennis.com/resources/v7.42.0/i/elements/1000k-tag.svg,2011-09-25,2011-10-01,2011,9,,THA,,JP,JPN,392,142,,Asia,East Asia,JPN,93.0,,225.0,41450.0,64M/32Q/16D,Toray Pan Pacific Open,,Tamarine Tanasugarn,,https://www.wtatennis.com/resources/v7.42.0/i/elements/flags/tha.svg,Round of 32,W,"6-2, 7-5",https://www.wtatennis.com/players/200137/tamarine-tanasugarn,False,False,False,False,False,False,False,2,True,20,13,7,TH,THA,764,142,Asia,Southeast Asia,THA,"6,2,None|7,5,None"
4,Toray Pan Pacific Open,,https://www.wtatennis.com/tournaments/1056/tokyo/2011,Premier 5,Hard,https://www.wtatennis.com/resources/v7.42.0/i/elements/1000k-tag.svg,2011-09-25,2011-10-01,2011,9,,,,JP,JPN,392,142,,Asia,East Asia,JPN,,,225.0,41450.0,64M/32Q/16D,Toray Pan Pacific Open,,,,,Round of 64,,Bye,,False,False,True,False,False,False,False,0,False,0,0,0,,,,,,,,
1,Flushing Meadows,,https://www.wtatennis.com/tournaments/905/us-open/2011,Grand Slam,Hard,https://www.wtatennis.com/resources/v7.42.0/i/elements/gs-tag.svg,2011-08-29,2011-09-11,2011,8,,ITA,,US,USA,840,019,,America,Northern America,USA,25.0,,160.0,63723.0,128M/128Q/64D,Flushing Meadows,,Flavia Pennetta,26.0,https://www.wtatennis.com/resources/v7.42.0/i/elements/flags/ita.svg,Round of 32,L,"3-6, 6-3, 4-6",https://www.wtatennis.com/players/160391/flavia-pennetta,False,False,False,False,False,False,False,3,False,28,13,15,IT,ITA,380,150,Europe,Southern Europe,ITA,"3,6,None|6,3,None|4,6,None"
2,Flushing Meadows,,https://www.wtatennis.com/tournaments/905/us-open/2011,Grand Slam,Hard,https://www.wtatennis.com/resources/v7.42.0/i/elements/gs-tag.svg,2011-08-29,2011-09-11,2011,8,,BLR,,US,USA,840,019,,America,Northern America,USA,84.0,,160.0,63723.0,128M/128Q/64D,Flushing Meadows,,Anastasiya Yakimova,,https://www.wtatennis.com/resources/v7.42.0/i/elements/flags/blr.svg,Round of 64,W,"6-1, 6-1",https://www.wtatennis.com/players/310626/anastasiya-yakimova,False,False,False,False,False,False,False,2,True,14,12,2,BY,BLR,112,150,Europe,Eastern Europe,BLR,"6,1,None|6,1,None"
3,Flushing Meadows,,https://www.wtatennis.com/tournaments/905/us-open/2011,Grand Slam,Hard,https://www.wtatennis.com/resources/v7.42.0/i/elements/gs-tag.svg,2011-08-29,2011-09-11,2011,8,,GBR,,US,USA,840,019,Britain|UK|Great Britain|United Kingdom,America,Northern America,USA,102.0,,160.0,63723.0,128M/128Q/64D,Flushing Meadows,,Heather Watson,,https://www.wtatennis.com/resources/v7.42.0/i/elements/flags/gbr.svg,Round of 128,W,"3-6, 7-5, 6-3",https://www.wtatennis.com/players/316981/heather-watson,False,False,False,False,False,False,False,3,False,30,16,14,GB,GBR,826,150,Europe,Northern Europe,ENG,"3,6,None|7,5,None|6,3,None"
1,Western & Southern Financial Group Masters And Women'S Open,,https://www.wtatennis.com/tournaments/1017/cincinnati/2011,Premier 5,Hard,https://www.wtatennis.com/resources/v7.42.0/i/elements/1000k-tag.svg,2011-08-15,2011-08-21,2011,8,,SRB,,US,USA,840,019,,America,Northern America,USA,14.0,W,900.0,360000.0,64M/64Q/32D,Western & Southern Financial Group Masters And Women'S Open,,Jelena Jankovic,13.0,https://www.wtatennis.com/resources/v7.42.0/i/elements/flags/srb.svg,Finals,W,"4-6, 7-6 (3), 6-3",https://www.wtatennis.com/players/100153/jelena-jankovic,False,False,False,False,True,False,True,3,False,32,17,15,RS,SRB,688,150,Europe,Southeastern Europe,SRB,"4,6,None|7,6,3|6,3,None"
2,Western & Southern Financial Group Masters And Women'S Open,,https://www.wtatennis.com/tournaments/1017/cincinnati/2011,Premier 5,Hard,https://www.wtatennis.com/resources/v7.42.0/i/elements/1000k-tag.svg,2011-08-15,2011-08-21,2011,8,,RUS,,US,USA,840,019,,America,Northern America,USA,2.0,W,900.0,360000.0,64M/64Q/32D,Western & Southern Financial Group Masters And Women'S Open,,Vera Zvonareva,2.0,https://www.wtatennis.com/resources/v7.42.0/i/elements/flags/rus.svg,Semifinals,W,"2-6, 6-3, 6-3",https://www.wtatennis.com/players/260142/vera-zvonareva,False,False,False,False,False,False,False,3,False,26,14,12,RU,RUS,643,150,Europe,Eastern Europe,RUS,"2,6,None|6,3,None|6,3,None"
3,Western & Southern Financial Group Masters And Women'S Open,,https://www.wtatennis.com/tournaments/1017/cincinnati/2011,Premier 5,Hard,https://www.wtatennis.com/resources/v7.42.0/i/elements/1000k-tag.svg,2011-08-15,2011-08-21,2011,8,,AUS,,US,USA,840,019,,America,Northern America,USA,10.0,W,900.0,360000.0,64M/64Q/32D,Western & Southern Financial Group Masters And Women'S Open,,Samantha Stosur,10.0,https://www.wtatennis.com/resources/v7.42.0/i/elements/flags/aus.svg,Quarterfinals,W,"6-3, 6-2",https://www.wtatennis.com/players/190787/samantha-stosur,False,False,False,False,False,False,False,2,True,17,12,5,AU,AUS,036,009,Oceania,Australasia,AUS,"6,3,None|6,2,None"
4,Western & Southern Financial Group Masters And Women'S Open,,https://www.wtatennis.com/tournaments/1017/cincinnati/2011,Premier 5,Hard,https://www.wtatennis.com/resources/v7.42.0/i/elements/1000k-tag.svg,2011-08-15,2011-08-21,2011,8,,RUS,,US,USA,840,019,,America,Northern America,USA,13.0,W,900.0,360000.0,64M/64Q/32D,Western & Southern Financial Group Masters And Women'S Open,,Svetlana Kuznetsova,14.0,https://www.wtatennis.com/resources/v7.42.0/i/elements/flags/rus.svg,Round of 16,W,"6-2, 6-3",https://www.wtatennis.com/players/110552/svetlana-kuznetsova,False,False,False,False,False,False,False,2,True,17,12,5,RU,RUS,643,150,Europe,Eastern Europe,RUS,"6,2,None|6,3,None"
5,Western & Southern Financial Group Masters And Women'S Open,,https://www.wtatennis.com/tournaments/1017/cincinnati/2011,Premier 5,Hard,https://www.wtatennis.com/resources/v7.42.0/i/elements/1000k-tag.svg,2011-08-15,2011-08-21,2011,8,,AUS,,US,USA,840,019,,America,Northern America,USA,113.0,W,900.0,360000.0,64M/64Q/32D,Western & Southern Financial Group Masters And Women'S Open,,Anastasia Rodionova,,https://www.wtatennis.com/resources/v7.42.0/i/elements/flags/aus.svg,Round of 32,W,"6-1, 6-3",https://www.wtatennis.com/players/180356/anastasia-rodionova,False,False,False,False,False,False,False,2,True,16,12,4,AU,AUS,036,009,Oceania,Australasia,AUS,"6,1,None|6,3,None"
6,Western & Southern Financial Group Masters And Women'S Open,,https://www.wtatennis.com/tournaments/1017/cincinnati/2011,Premier 5,Hard,https://www.wtatennis.com/resources/v7.42.0/i/elements/1000k-tag.svg,2011-08-15,2011-08-21,2011,8,,,,US,USA,840,019,,America,Northern America,USA,,W,900.0,360000.0,64M/64Q/32D,Western & Southern Financial Group Masters And Women'S Open,,,,,Round of 64,,Bye,,False,False,True,False,False,False,False,0,False,0,0,0,,,,,,,,
1,Rogers Cup,,https://www.wtatennis.com/tournaments/806/montreal/2011,Premier 5,Hard,https://www.wtatennis.com/resources/v7.42.0/i/elements/1000k-tag.svg,2011-08-08,2011-08-14,2011,8,,KAZ,,CA,CAN,124,019,,America,Northern America,CAN,135.0,,125.0,20550.0,64M/64Q/32D,Rogers Cup,,Galina Voskoboeva,,https://www.wtatennis.com/resources/v7.42.0/i/elements/flags/kaz.svg,Round of 16,L,"3-6, 5-7",https://www.wtatennis.com/players/310419/galina-voskoboeva,False,False,False,False,False,False,False,2,False,21,8,13,KZ,KAZ,398,142,Asia,Central Asia,KAZ,"3,6,None|5,7,None"
2,Rogers Cup,,https://www.wtatennis.com/tournaments/806/montreal/2011,Premier 5,Hard,https://www.wtatennis.com/resources/v7.42.0/i/elements/1000k-tag.svg,2011-08-08,2011-08-14,2011,8,,SRB,,CA,CAN,124,019,,America,Northern America,CAN,54.0,,125.0,20550.0,64M/64Q/32D,Rogers Cup,,Bojana Jovanovski Petrovic,,https://www.wtatennis.com/resources/v7.42.0/i/elements/flags/srb.svg,Round of 32,W,"6-1, 7-5",https://www.wtatennis.com/players/314369/bojana-jovanovski-petrovic,False,False,False,False,False,False,False,2,True,19,13,6,RS,SRB,688,150,Europe,Southeastern Europe,SRB,"6,1,None|7,5,None"
3,Rogers Cup,,https://www.wtatennis.com/tournaments/806/montreal/2011,Premier 5,Hard,https://www.wtatennis.com/resources/v7.42.0/i/elements/1000k-tag.svg,2011-08-08,2011-08-14,2011,8,,,,CA,CAN,124,019,,America,Northern America,CAN,,,125.0,20550.0,64M/64Q/32D,Rogers Cup,,,,,Round of 64,,Bye,,False,False,True,False,False,False,False,0,False,0,0,0,,,,,,,,
1,Bank Of The West Classic,,https://www.wtatennis.com/tournaments/703/san-jose/2011,Premier,Hard,https://www.wtatennis.com/resources/v7.42.0/i/elements/500k-tag.svg,2011-07-25,2011-07-31,2011,7,,USA,,US,USA,840,019,United States of America|America|USA|US,America,Northern America,USA,169.0,,120.0,17300.0,32M/32Q/16D,Bank Of The West Classic,,Serena Williams,,https://www.wtatennis.com/resources/v7.42.0/i/elements/flags/usa.svg,Quarterfinals,L,"1-6, 3-6",https://www.wtatennis.com/players/230234/serena-williams,False,False,False,False,False,False,False,2,False,16,4,12,US,USA,840,019,America,Northern America,USA,"1,6,None|3,6,None"
2,Bank Of The West Classic,,https://www.wtatennis.com/tournaments/703/san-jose/2011,Premier,Hard,https://www.wtatennis.com/resources/v7.42.0/i/elements/500k-tag.svg,2011-07-25,2011-07-31,2011,7,,SVK,,US,USA,840,019,,America,Northern America,USA,21.0,,120.0,17300.0,32M/32Q/16D,Bank Of The West Classic,,Daniela Hantuchova,,https://www.wtatennis.com/resources/v7.42.0/i/elements/flags/svk.svg,Round of 16,W,"6-2, 2-6, 6-4",https://www.wtatennis.com/players/80394/daniela-hantuchova,False,False,False,False,False,False,False,3,True,26,14,12,SK,SVK,703,150,Europe,Central Europe,SVK,"6,2,None|2,6,None|6,4,None"
3,Bank Of The West Classic,,https://www.wtatennis.com/tournaments/703/san-jose/2011,Premier,Hard,https://www.wtatennis.com/resources/v7.42.0/i/elements/500k-tag.svg,2011-07-25,2011-07-31,2011,7,,,,US,USA,840,019,,America,Northern America,USA,,,120.0,17300.0,32M/32Q/16D,Bank Of The West Classic,,,,,Round of 32,,Bye,,False,False,True,False,False,False,False,0,False,0,0,0,,,,,,,,
1,Wimbledon,,https://www.wtatennis.com/tournaments/904/wimbledon/2011,Grand Slam,Grass,https://www.wtatennis.com/resources/v7.42.0/i/elements/gs-tag.svg,2011-06-20,2011-07-02,2011,6,,CZE,,GB,GBR,826,150,,Europe,Northern Europe,ENG,8.0,,1400.0,880000.0,128M/128Q/64D,The Championships,,Petra Kvitova,8.0,https://www.wtatennis.com/resources/v7.42.0/i/elements/flags/cze.svg,Finals,L,"3-6, 4-6",https://www.wtatennis.com/players/314206/petra-kvitova,False,False,False,False,False,False,False,2,False,19,7,12,CZ,CZE,203,150,Europe,Central Europe,CZE,"3,6,None|4,6,None"
2,Wimbledon,,https://www.wtatennis.com/tournaments/904/wimbledon/2011,Grand Slam,Grass,https://www.wtatennis.com/resources/v7.42.0/i/elements/gs-tag.svg,2011-06-20,2011-07-02,2011,6,,GER,,GB,GBR,826,150,,Europe,Northern Europe,ENG,62.0,,1400.0,880000.0,128M/128Q/64D,The Championships,,Sabine Lisicki,,https://www.wtatennis.com/resources/v7.42.0/i/elements/flags/ger.svg,Semifinals,W,"6-4, 6-3",https://www.wtatennis.com/players/312520/sabine-lisicki,False,False,False,False,False,False,False,2,True,19,12,7,DE,DEU,276,150,Europe,Central Europe,GER,"6,4,None|6,3,None"
3,Wimbledon,,https://www.wtatennis.com/tournaments/904/wimbledon/2011,Grand Slam,Grass,https://www.wtatennis.com/resources/v7.42.0/i/elements/gs-tag.svg,2011-06-20,2011-07-02,2011,6,,SVK,,GB,GBR,826,150,,Europe,Northern Europe,ENG,24.0,,1400.0,880000.0,128M/128Q/64D,The Championships,,Dominika Cibulkova,24.0,https://www.wtatennis.com/resources/v7.42.0/i/elements/flags/svk.svg,Quarterfinals,W,"6-1, 6-1",https://www.wtatennis.com/players/312894/dominika-cibulkova,False,False,False,False,False,False,False,2,True,14,12,2,SK,SVK,703,150,Europe,Central Europe,SVK,"6,1,None|6,1,None"
4,Wimbledon,,https://www.wtatennis.com/tournaments/904/wimbledon/2011,Grand Slam,Grass,https://www.wtatennis.com/resources/v7.42.0/i/elements/gs-tag.svg,2011-06-20,2011-07-02,2011,6,,CHN,,GB,GBR,826,150,,Europe,Northern Europe,ENG,20.0,,1400.0,880000.0,128M/128Q/64D,The Championships,,Shuai Peng,20.0,https://www.wtatennis.com/resources/v7.42.0/i/elements/flags/chn.svg,Round of 16,W,"6-4, 6-2",https://www.wtatennis.com/players/160471/shuai-peng,False,False,False,False,False,False,False,2,True,18,12,6,CN,CHN,156,142,Asia,East Asia,CHN,"6,4,None|6,2,None"
5,Wimbledon,,https://www.wtatennis.com/tournaments/904/wimbledon/2011,Grand Slam,Grass,https://www.wtatennis.com/resources/v7.42.0/i/elements/gs-tag.svg,2011-06-20,2011-07-02,2011,6,,CZE,,GB,GBR,826,150,,Europe,Northern Europe,ENG,35.0,,1400.0,880000.0,128M/128Q/64D,The Championships,,Klara Koukalova,,https://www.wtatennis.com/resources/v7.42.0/i/elements/flags/cze.svg,Round of 32,W,"6-2, 6-3",https://www.wtatennis.com/players/110492/klara-koukalova,False,False,False,False,False,False,False,2,True,17,12,5,CZ,CZE,203,150,Europe,Central Europe,CZE,"6,2,None|6,3,None"
6,Wimbledon,,https://www.wtatennis.com/tournaments/904/wimbledon/2011,Grand Slam,Grass,https://www.wtatennis.com/resources/v7.42.0/i/elements/gs-tag.svg,2011-06-20,2011-07-02,2011,6,,GBR,,GB,GBR,826,150,Britain|UK|Great Britain|United Kingdom,Europe,Northern Europe,ENG,254.0,,1400.0,880000.0,128M/128Q/64D,The Championships,,Laura Robson,,https://www.wtatennis.com/resources/v7.42.0/i/elements/flags/gbr.svg,Round of 64,W,"7-6 (4), 6-3",https://www.wtatennis.com/players/316629/laura-robson,False,False,False,True,False,False,True,2,True,22,13,9,GB,GBR,826,150,Europe,Northern Europe,ENG,"7,6,4|6,3,None"
7,Wimbledon,,https://www.wtatennis.com/tournaments/904/wimbledon/2011,Grand Slam,Grass,https://www.wtatennis.com/resources/v7.42.0/i/elements/gs-tag.svg,2011-06-20,2011-07-02,2011,6,,RUS,,GB,GBR,826,150,,Europe,Northern Europe,ENG,52.0,,1400.0,880000.0,128M/128Q/64D,The Championships,,Anna Chakvetadze,,https://www.wtatennis.com/resources/v7.42.0/i/elements/flags/rus.svg,Round of 128,W,"6-2, 6-1",https://www.wtatennis.com/players/310623/anna-chakvetadze,False,False,False,False,False,False,False,2,True,15,12,3,RU,RUS,643,150,Europe,Eastern Europe,RUS,"6,2,None|6,1,None"
1,Roland Garros,,https://www.wtatennis.com/tournaments/903/roland-garros/2011,Grand Slam,Clay,https://www.wtatennis.com/resources/v7.42.0/i/elements/gs-tag.svg,2011-05-22,2011-06-04,2011,5,,CHN,,FR,FRA,250,150,,Europe,Western Europe,FRA,7.0,,900.0,411693.0,128M/128Q/64D,Roland Garros,,Na Li,6.0,https://www.wtatennis.com/resources/v7.42.0/i/elements/flags/chn.svg,Semifinals,L,"4-6, 5-7",https://www.wtatennis.com/players/120330/na-li,False,False,False,False,False,False,False,2,False,22,9,13,CN,CHN,156,142,Asia,East Asia,CHN,"4,6,None|5,7,None"
2,Roland Garros,,https://www.wtatennis.com/tournaments/903/roland-garros/2011,Grand Slam,Clay,https://www.wtatennis.com/resources/v7.42.0/i/elements/gs-tag.svg,2011-05-22,2011-06-04,2011,5,,GER,,FR,FRA,250,150,,Europe,Western Europe,FRA,12.0,,900.0,411693.0,128M/128Q/64D,Roland Garros,,Andrea Petkovic,15.0,https://www.wtatennis.com/resources/v7.42.0/i/elements/flags/ger.svg,Quarterfinals,W,"6-0, 6-3",https://www.wtatennis.com/players/310770/andrea-petkovic,False,False,False,False,False,False,False,2,True,15,12,3,DE,DEU,276,150,Europe,Central Europe,GER,"6,0,None|6,3,None"
3,Roland Garros,,https://www.wtatennis.com/tournaments/903/roland-garros/2011,Grand Slam,Clay,https://www.wtatennis.com/resources/v7.42.0/i/elements/gs-tag.svg,2011-05-22,2011-06-04,2011,5,,POL,,FR,FRA,250,150,,Europe,Western Europe,FRA,13.0,,900.0,411693.0,128M/128Q/64D,Roland Garros,,Agnieszka Radwanska,12.0,https://www.wtatennis.com/resources/v7.42.0/i/elements/flags/pol.svg,Round of 16,W,"7-6 (4), 7-5",https://www.wtatennis.com/players/312251/agnieszka-radwanska,False,False,False,True,False,False,True,2,True,25,14,11,PL,POL,616,150,Europe,Central Europe,POL,"7,6,4|7,5,None"
4,Roland Garros,,https://www.wtatennis.com/tournaments/903/roland-garros/2011,Grand Slam,Clay,https://www.wtatennis.com/resources/v7.42.0/i/elements/gs-tag.svg,2011-05-22,2011-06-04,2011,5,,TPE,,FR,FRA,250,150,,Europe,Western Europe,FRA,129.0,,900.0,411693.0,128M/128Q/64D,Roland Garros,,Latisha Chan,,https://www.wtatennis.com/resources/v7.42.0/i/elements/flags/tpe.svg,Round of 32,W,"6-2, 6-3",https://www.wtatennis.com/players/312015/latisha-chan,False,False,False,False,False,False,False,2,True,17,12,5,,,,,,,TPE,"6,2,None|6,3,None"
5,Roland Garros,,https://www.wtatennis.com/tournaments/903/roland-garros/2011,Grand Slam,Clay,https://www.wtatennis.com/resources/v7.42.0/i/elements/gs-tag.svg,2011-05-22,2011-06-04,2011,5,,FRA,,FR,FRA,250,150,,Europe,Western Europe,FRA,188.0,,900.0,411693.0,128M/128Q/64D,Roland Garros,,Caroline Garcia,,https://www.wtatennis.com/resources/v7.42.0/i/elements/flags/fra.svg,Round of 64,W,"3-6, 6-4, 6-0",https://www.wtatennis.com/players/315391/caroline-garcia,False,False,False,False,False,False,False,3,False,25,15,10,FR,FRA,250,150,Europe,Western Europe,FRA,"3,6,None|6,4,None|6,0,None"
6,Roland Garros,,https://www.wtatennis.com/tournaments/903/roland-garros/2011,Grand Slam,Clay,https://www.wtatennis.com/resources/v7.42.0/i/elements/gs-tag.svg,2011-05-22,2011-06-04,2011,5,,CRO,,FR,FRA,250,150,,Europe,Western Europe,FRA,94.0,,900.0,411693.0,128M/128Q/64D,Roland Garros,,Mirjana Lucic-Baroni,,https://www.wtatennis.com/resources/v7.42.0/i/elements/flags/cro.svg,Round of 128,W,"6-3, 6-0",https://www.wtatennis.com/players/120323/mirjana-lucic-baroni,False,False,False,False,False,False,False,2,True,15,12,3,HR,HRV,191,150,Europe,Southeastern Europe,CRO,"6,3,None|6,0,None"
1,Internazionali Bnl D'Italia,,https://www.wtatennis.com/tournaments/709/rome/2011,Premier 5,Clay,https://www.wtatennis.com/resources/v7.42.0/i/elements/1000k-tag.svg,2011-05-09,2011-05-15,2011,5,,AUS,,IT,ITA,380,150,,Europe,Southern Europe,ITA,7.0,,900.0,360000.0,64M/32Q/32D,Internazionali Bnl D'Italia,,Samantha Stosur,6.0,https://www.wtatennis.com/resources/v7.42.0/i/elements/flags/aus.svg,Finals,W,"6-2, 6-4",https://www.wtatennis.com/players/190787/samantha-stosur,False,False,False,False,False,False,False,2,True,18,12,6,AU,AUS,036,009,Oceania,Australasia,AUS,"6,2,None|6,4,None"
2,Internazionali Bnl D'Italia,,https://www.wtatennis.com/tournaments/709/rome/2011,Premier 5,Clay,https://www.wtatennis.com/resources/v7.42.0/i/elements/1000k-tag.svg,2011-05-09,2011-05-15,2011,5,,DEN,,IT,ITA,380,150,,Europe,Southern Europe,ITA,1.0,,900.0,360000.0,64M/32Q/32D,Internazionali Bnl D'Italia,,Caroline Wozniacki,1.0,https://www.wtatennis.com/resources/v7.42.0/i/elements/flags/den.svg,Semifinals,W,"7-5, 6-3",https://www.wtatennis.com/players/313402/caroline-wozniacki,False,False,False,False,False,False,False,2,True,21,13,8,DK,DNK,208,150,Europe,Northern Europe,DEN,"7,5,None|6,3,None"
3,Internazionali Bnl D'Italia,,https://www.wtatennis.com/tournaments/709/rome/2011,Premier 5,Clay,https://www.wtatennis.com/resources/v7.42.0/i/elements/1000k-tag.svg,2011-05-09,2011-05-15,2011,5,,BLR,,IT,ITA,380,150,,Europe,Southern Europe,ITA,4.0,,900.0,360000.0,64M/32Q/32D,Internazionali Bnl D'Italia,,Victoria Azarenka,3.0,https://www.wtatennis.com/resources/v7.42.0/i/elements/flags/blr.svg,Quarterfinals,W,"4-6, 3-0",https://www.wtatennis.com/players/312001/victoria-azarenka,True,False,False,False,False,False,False,2,False,13,7,6,BY,BLR,112,150,Europe,Eastern Europe,BLR,"4,6,None|3,0,None|Ret"
4,Internazionali Bnl D'Italia,,https://www.wtatennis.com/tournaments/709/rome/2011,Premier 5,Clay,https://www.wtatennis.com/resources/v7.42.0/i/elements/1000k-tag.svg,2011-05-09,2011-05-15,2011,5,,ISR,,IT,ITA,380,150,,Europe,Southern Europe,ITA,14.0,,900.0,360000.0,64M/32Q/32D,Internazionali Bnl D'Italia,,Shahar Peer,10.0,https://www.wtatennis.com/resources/v7.42.0/i/elements/flags/isr.svg,Round of 16,W,"6-2, 6-2",https://www.wtatennis.com/players/311168/shahar-peer,False,False,False,False,False,False,False,2,True,16,12,4,IL,ISR,376,142,Asia,Western Asia,ISR,"6,2,None|6,2,None"
5,Internazionali Bnl D'Italia,,https://www.wtatennis.com/tournaments/709/rome/2011,Premier 5,Clay,https://www.wtatennis.com/resources/v7.42.0/i/elements/1000k-tag.svg,2011-05-09,2011-05-15,2011,5,,RUS,,IT,ITA,380,150,,Europe,Southern Europe,ITA,37.0,,900.0,360000.0,64M/32Q/32D,Internazionali Bnl D'Italia,,Ekaterina Makarova,,https://www.wtatennis.com/resources/v7.42.0/i/elements/flags/rus.svg,Round of 32,W,"6-1, 6-1",https://www.wtatennis.com/players/311604/ekaterina-makarova,False,False,False,False,False,False,False,2,True,14,12,2,RU,RUS,643,150,Europe,Eastern Europe,RUS,"6,1,None|6,1,None"
6,Internazionali Bnl D'Italia,,https://www.wtatennis.com/tournaments/709/rome/2011,Premier 5,Clay,https://www.wtatennis.com/resources/v7.42.0/i/elements/1000k-tag.svg,2011-05-09,2011-05-15,2011,5,,,,IT,ITA,380,150,,Europe,Southern Europe,ITA,,,900.0,360000.0,64M/32Q/32D,Internazionali Bnl D'Italia,,,,,Round of 64,,Bye,,False,False,True,False,False,False,False,0,False,0,0,0,,,,,,,,
1,2011 Mutua Madrid Open,,https://www.wtatennis.com/tournaments/1038/madrid/2011,Premier Mandatory,Clay,https://www.wtatennis.com/resources/v7.42.0/i/elements/1000k-tag.svg,2011-04-30,2011-05-08,2011,4,,SVK,,ES,ESP,724,150,,Europe,Southern Europe,ESP,28.0,,140.0,38517.0,64M/32Q/32D,2011 Mutua Madrid Open,,Dominika Cibulkova,,https://www.wtatennis.com/resources/v7.42.0/i/elements/flags/svk.svg,Round of 16,L,"5-7, 4-6",https://www.wtatennis.com/players/312894/dominika-cibulkova,False,False,False,False,False,False,False,2,False,22,9,13,SK,SVK,703,150,Europe,Central Europe,SVK,"5,7,None|4,6,None"
2,2011 Mutua Madrid Open,,https://www.wtatennis.com/tournaments/1038/madrid/2011,Premier Mandatory,Clay,https://www.wtatennis.com/resources/v7.42.0/i/elements/1000k-tag.svg,2011-04-30,2011-05-08,2011,4,,RUS,,ES,ESP,724,150,,Europe,Southern Europe,ESP,39.0,,140.0,38517.0,64M/32Q/32D,2011 Mutua Madrid Open,,Ekaterina Makarova,,https://www.wtatennis.com/resources/v7.42.0/i/elements/flags/rus.svg,Round of 32,W,"6-3, 3-6, 6-1",https://www.wtatennis.com/players/311604/ekaterina-makarova,False,False,False,False,False,False,False,3,True,25,15,10,RU,RUS,643,150,Europe,Eastern Europe,RUS,"6,3,None|3,6,None|6,1,None"
3,2011 Mutua Madrid Open,,https://www.wtatennis.com/tournaments/1038/madrid/2011,Premier Mandatory,Clay,https://www.wtatennis.com/resources/v7.42.0/i/elements/1000k-tag.svg,2011-04-30,2011-05-08,2011,4,,NED,,ES,ESP,724,150,,Europe,Southern Europe,ESP,106.0,,140.0,38517.0,64M/32Q/32D,2011 Mutua Madrid Open,,Arantxa Rus,,https://www.wtatennis.com/resources/v7.42.0/i/elements/flags/ned.svg,Round of 64,W,"2-6, 6-3, 6-2",https://www.wtatennis.com/players/313349/arantxa-rus,False,False,False,False,False,False,False,3,False,25,14,11,NL,NLD,528,150,Europe,Western Europe,NED,"2,6,None|6,3,None|6,2,None"
1,Sony Ericsson Open,,https://www.wtatennis.com/tournaments/902/miami/2011,Premier Mandatory,Hard,https://www.wtatennis.com/resources/v7.42.0/i/elements/1000k-tag.svg,2011-03-22,2011-04-03,2011,3,,BLR,,US,USA,840,019,,America,Northern America,USA,8.0,,700.0,350000.0,128M/64Q/32D,Sony Ericsson Open,,Victoria Azarenka,8.0,https://www.wtatennis.com/resources/v7.42.0/i/elements/flags/blr.svg,Finals,L,"1-6, 4-6",https://www.wtatennis.com/players/312001/victoria-azarenka,False,False,False,False,False,False,False,2,False,17,5,12,BY,BLR,112,150,Europe,Eastern Europe,BLR,"1,6,None|4,6,None"
2,Sony Ericsson Open,,https://www.wtatennis.com/tournaments/902/miami/2011,Premier Mandatory,Hard,https://www.wtatennis.com/resources/v7.42.0/i/elements/1000k-tag.svg,2011-03-22,2011-04-03,2011,3,,GER,,US,USA,840,019,,America,Northern America,USA,23.0,,700.0,350000.0,128M/64Q/32D,Sony Ericsson Open,,Andrea Petkovic,21.0,https://www.wtatennis.com/resources/v7.42.0/i/elements/flags/ger.svg,Semifinals,W,"3-6, 6-0, 6-2",https://www.wtatennis.com/players/310770/andrea-petkovic,False,False,False,False,False,False,False,3,False,23,15,8,DE,DEU,276,150,Europe,Central Europe,GER,"3,6,None|6,0,None|6,2,None"
3,Sony Ericsson Open,,https://www.wtatennis.com/tournaments/902/miami/2011,Premier Mandatory,Hard,https://www.wtatennis.com/resources/v7.42.0/i/elements/1000k-tag.svg,2011-03-22,2011-04-03,2011,3,,ROU,,US,USA,840,019,,America,Northern America,USA,28.0,,700.0,350000.0,128M/64Q/32D,Sony Ericsson Open,,Alexandra Dulgheru,26.0,https://www.wtatennis.com/resources/v7.42.0/i/elements/flags/rou.svg,Quarterfinals,W,"3-6, 7-6 (6), 7-6 (5)",https://www.wtatennis.com/players/312712/alexandra-dulgheru,False,False,False,False,True,True,True,3,False,35,17,18,RO,ROU,642,150,Europe,Southeastern Europe,ROU,"3,6,None|7,6,6|7,6,5"
4,Sony Ericsson Open,,https://www.wtatennis.com/tournaments/902/miami/2011,Premier Mandatory,Hard,https://www.wtatennis.com/resources/v7.42.0/i/elements/1000k-tag.svg,2011-03-22,2011-04-03,2011,3,,AUS,,US,USA,840,019,,America,Northern America,USA,5.0,,700.0,350000.0,128M/64Q/32D,Sony Ericsson Open,,Samantha Stosur,4.0,https://www.wtatennis.com/resources/v7.42.0/i/elements/flags/aus.svg,Round of 16,W,"6-4, 6-1",https://www.wtatennis.com/players/190787/samantha-stosur,False,False,False,False,False,False,False,2,True,17,12,5,AU,AUS,036,009,Oceania,Australasia,AUS,"6,4,None|6,1,None"
5,Sony Ericsson Open,,https://www.wtatennis.com/tournaments/902/miami/2011,Premier Mandatory,Hard,https://www.wtatennis.com/resources/v7.42.0/i/elements/1000k-tag.svg,2011-03-22,2011-04-03,2011,3,,GER,,US,USA,840,019,,America,Northern America,USA,217.0,,700.0,350000.0,128M/64Q/32D,Sony Ericsson Open,,Sabine Lisicki,,https://www.wtatennis.com/resources/v7.42.0/i/elements/flags/ger.svg,Round of 32,W,"6-2, 6-0",https://www.wtatennis.com/players/312520/sabine-lisicki,False,False,False,False,False,False,False,2,True,14,12,2,DE,DEU,276,150,Europe,Central Europe,GER,"6,2,None|6,0,None"
6,Sony Ericsson Open,,https://www.wtatennis.com/tournaments/902/miami/2011,Premier Mandatory,Hard,https://www.wtatennis.com/resources/v7.42.0/i/elements/1000k-tag.svg,2011-03-22,2011-04-03,2011,3,,CRO,,US,USA,840,019,,America,Northern America,USA,106.0,,700.0,350000.0,128M/64Q/32D,Sony Ericsson Open,,Petra Martic,,https://www.wtatennis.com/resources/v7.42.0/i/elements/flags/cro.svg,Round of 64,W,"6-3, 6-2",https://www.wtatennis.com/players/313711/petra-martic,False,False,False,False,False,False,False,2,True,17,12,5,HR,HRV,191,150,Europe,Southeastern Europe,CRO,"6,3,None|6,2,None"
7,Sony Ericsson Open,,https://www.wtatennis.com/tournaments/902/miami/2011,Premier Mandatory,Hard,https://www.wtatennis.com/resources/v7.42.0/i/elements/1000k-tag.svg,2011-03-22,2011-04-03,2011,3,,,,US,USA,840,019,,America,Northern America,USA,,,700.0,350000.0,128M/64Q/32D,Sony Ericsson Open,,,,,Round of 128,,Bye,,False,False,True,False,False,False,False,0,False,0,0,0,,,,,,,,
1,Bnp Paribas Open,,https://www.wtatennis.com/tournaments/609/indian-wells/2011,Premier Mandatory,Hard,https://www.wtatennis.com/resources/v7.42.0/i/elements/1000k-tag.svg,2011-03-09,2011-03-20,2011,3,,DEN,,US,USA,840,019,,America,Northern America,USA,1.0,,450.0,150000.0,128M/64Q/32D,Bnp Paribas Open,,Caroline Wozniacki,1.0,https://www.wtatennis.com/resources/v7.42.0/i/elements/flags/den.svg,Semifinals,L,"1-6, 2-6",https://www.wtatennis.com/players/313402/caroline-wozniacki,False,False,False,False,False,False,False,2,False,15,3,12,DK,DNK,208,150,Europe,Northern Europe,DEN,"1,6,None|2,6,None"
2,Bnp Paribas Open,,https://www.wtatennis.com/tournaments/609/indian-wells/2011,Premier Mandatory,Hard,https://www.wtatennis.com/resources/v7.42.0/i/elements/1000k-tag.svg,2011-03-09,2011-03-20,2011,3,,CHN,,US,USA,840,019,,America,Northern America,USA,36.0,,450.0,150000.0,128M/64Q/32D,Bnp Paribas Open,,Shuai Peng,,https://www.wtatennis.com/resources/v7.42.0/i/elements/flags/chn.svg,Quarterfinals,W,"6-2, 5-7, 6-3",https://www.wtatennis.com/players/160471/shuai-peng,False,False,False,False,False,False,False,3,True,29,17,12,CN,CHN,156,142,Asia,East Asia,CHN,"6,2,None|5,7,None|6,3,None"
3,Bnp Paribas Open,,https://www.wtatennis.com/tournaments/609/indian-wells/2011,Premier Mandatory,Hard,https://www.wtatennis.com/resources/v7.42.0/i/elements/1000k-tag.svg,2011-03-09,2011-03-20,2011,3,,RUS,,US,USA,840,019,,America,Northern America,USA,108.0,,450.0,150000.0,128M/64Q/32D,Bnp Paribas Open,,Dinara Safina,,https://www.wtatennis.com/resources/v7.42.0/i/elements/flags/rus.svg,Round of 16,W,"6-2, 6-0",https://www.wtatennis.com/players/190950/dinara-safina,False,False,False,False,False,False,False,2,True,14,12,2,RU,RUS,643,150,Europe,Eastern Europe,RUS,"6,2,None|6,0,None"
4,Bnp Paribas Open,,https://www.wtatennis.com/tournaments/609/indian-wells/2011,Premier Mandatory,Hard,https://www.wtatennis.com/resources/v7.42.0/i/elements/1000k-tag.svg,2011-03-09,2011-03-20,2011,3,,FRA,,US,USA,840,019,,America,Northern America,USA,22.0,,450.0,150000.0,128M/64Q/32D,Bnp Paribas Open,,Aravane Rezai,20.0,https://www.wtatennis.com/resources/v7.42.0/i/elements/flags/fra.svg,Round of 32,W,"6-2, 6-2",https://www.wtatennis.com/players/311791/aravane-rezai,False,False,False,False,False,False,False,2,True,16,12,4,FR,FRA,250,150,Europe,Western Europe,FRA,"6,2,None|6,2,None"
5,Bnp Paribas Open,,https://www.wtatennis.com/tournaments/609/indian-wells/2011,Premier Mandatory,Hard,https://www.wtatennis.com/resources/v7.42.0/i/elements/1000k-tag.svg,2011-03-09,2011-03-20,2011,3,,ESP,,US,USA,840,019,Kingdom of Spain,America,Northern America,USA,77.0,,450.0,150000.0,128M/64Q/32D,Bnp Paribas Open,,Anabel Medina Garrigues,,https://www.wtatennis.com/resources/v7.42.0/i/elements/flags/esp.svg,Round of 64,W,"7-5, 6-7 (3), 6-1",https://www.wtatennis.com/players/130611/anabel-medina-garrigues,False,False,False,False,True,False,True,3,True,32,19,13,ES,ESP,724,150,Europe,Southern Europe,ESP,"7,5,None|6,7,3|6,1,None"
6,Bnp Paribas Open,,https://www.wtatennis.com/tournaments/609/indian-wells/2011,Premier Mandatory,Hard,https://www.wtatennis.com/resources/v7.42.0/i/elements/1000k-tag.svg,2011-03-09,2011-03-20,2011,3,,,,US,USA,840,019,,America,Northern America,USA,,,450.0,150000.0,128M/64Q/32D,Bnp Paribas Open,,,,,Round of 128,,Bye,,False,False,True,False,False,False,False,0,False,0,0,0,,,,,,,,
1,Fed Cup Week 1 World Group 1,https://www.wtatennis.com/resources/v7.42.0/i/elements/itf.png,,ITF,Hard,https://www.wtatennis.com/resources/v7.42.0/i/elements/itf.png,2011-02-05,2011-02-06,2011,2,Moscow,FRA,,RU,RUS,643,150,,Europe,Eastern Europe,RUS,83.0,,,,8M/0Q/2D,Fed Cup Week 1 World Group 1,,Virginie Razzano,,https://www.wtatennis.com/resources/v7.42.0/i/elements/flags/fra.svg,Round 1 R1,L,"3-6, 4-6",https://www.wtatennis.com/players/180384/virginie-razzano,False,False,False,False,False,False,False,2,False,19,7,12,FR,FRA,250,150,Europe,Western Europe,FRA,"3,6,None|4,6,None"
1,Australian Open,,https://www.wtatennis.com/tournaments/901/australian-open/2011,Grand Slam,Hard,https://www.wtatennis.com/resources/v7.42.0/i/elements/gs-tag.svg,2011-01-17,2011-01-29,2011,1,,GER,,AU,AUS,036,009,,Oceania,Australasia,AUS,33.0,,280.0,90575.0,128M/128Q/64D,Australian Open,,Andrea Petkovic,30.0,https://www.wtatennis.com/resources/v7.42.0/i/elements/flags/ger.svg,Round of 16,L,"2-6, 3-6",https://www.wtatennis.com/players/310770/andrea-petkovic,False,False,False,False,False,False,False,2,False,17,5,12,DE,DEU,276,150,Europe,Central Europe,GER,"2,6,None|3,6,None"
2,Australian Open,,https://www.wtatennis.com/tournaments/901/australian-open/2011,Grand Slam,Hard,https://www.wtatennis.com/resources/v7.42.0/i/elements/gs-tag.svg,2011-01-17,2011-01-29,2011,1,,GER,,AU,AUS,036,009,,Oceania,Australasia,AUS,38.0,,280.0,90575.0,128M/128Q/64D,Australian Open,,Julia Goerges,,https://www.wtatennis.com/resources/v7.42.0/i/elements/flags/ger.svg,Round of 32,W,"4-6, 6-4, 6-4",https://www.wtatennis.com/players/313381/julia-goerges,False,False,False,False,False,False,False,3,False,30,16,14,DE,DEU,276,150,Europe,Central Europe,GER,"4,6,None|6,4,None|6,4,None"
3,Australian Open,,https://www.wtatennis.com/tournaments/901/australian-open/2011,Grand Slam,Hard,https://www.wtatennis.com/resources/v7.42.0/i/elements/gs-tag.svg,2011-01-17,2011-01-29,2011,1,,FRA,,AU,AUS,036,009,,Oceania,Australasia,AUS,100.0,,280.0,90575.0,128M/128Q/64D,Australian Open,,Virginie Razzano,,https://www.wtatennis.com/resources/v7.42.0/i/elements/flags/fra.svg,Round of 64,W,"7-6 (3), 6-3",https://www.wtatennis.com/players/180384/virginie-razzano,False,False,False,True,False,False,True,2,True,22,13,9,FR,FRA,250,150,Europe,Western Europe,FRA,"7,6,3|6,3,None"
4,Australian Open,,https://www.wtatennis.com/tournaments/901/australian-open/2011,Grand Slam,Hard,https://www.wtatennis.com/resources/v7.42.0/i/elements/gs-tag.svg,2011-01-17,2011-01-29,2011,1,,THA,,AU,AUS,036,009,,Oceania,Australasia,AUS,65.0,,280.0,90575.0,128M/128Q/64D,Australian Open,,Tamarine Tanasugarn,,https://www.wtatennis.com/resources/v7.42.0/i/elements/flags/tha.svg,Round of 128,W,"6-1, 6-3",https://www.wtatennis.com/players/200137/tamarine-tanasugarn,False,False,False,False,False,False,False,2,True,16,12,4,TH,THA,764,142,Asia,Southeast Asia,THA,"6,1,None|6,3,None"
1,Asb Classic,,https://www.wtatennis.com/tournaments/1049/auckland/2011,International,Hard,https://www.wtatennis.com/resources/v7.42.0/i/elements/250k-tag.svg,2011-01-03,2011-01-08,2011,1,,HUN,,NZ,NZL,554,009,,Oceania,Australasia,NZL,88.0,,70.0,5340.0,32M/32Q/16D,Asb Classic,,Greta Arn,,https://www.wtatennis.com/resources/v7.42.0/i/elements/flags/hun.svg,Quarterfinals,L,"2-6, 5-7",https://www.wtatennis.com/players/10230/greta-arn,False,False,False,False,False,False,False,2,False,20,7,13,HU,HUN,348,150,Europe,Central Europe,HUN,"2,6,None|5,7,None"
2,Asb Classic,,https://www.wtatennis.com/tournaments/1049/auckland/2011,International,Hard,https://www.wtatennis.com/resources/v7.42.0/i/elements/250k-tag.svg,2011-01-03,2011-01-08,2011,1,,CZE,,NZ,NZL,554,009,,Oceania,Australasia,NZL,81.0,,70.0,5340.0,32M/32Q/16D,Asb Classic,,Renata Voracova,,https://www.wtatennis.com/resources/v7.42.0/i/elements/flags/cze.svg,Round of 16,W,"6-3, 7-5",https://www.wtatennis.com/players/220277/renata-voracova,False,False,False,False,False,False,False,2,True,21,13,8,CZ,CZE,203,150,Europe,Central Europe,CZE,"6,3,None|7,5,None"
3,Asb Classic,,https://www.wtatennis.com/tournaments/1049/auckland/2011,International,Hard,https://www.wtatennis.com/resources/v7.42.0/i/elements/250k-tag.svg,2011-01-03,2011-01-08,2011,1,,ITA,,NZ,NZL,554,009,,Oceania,Australasia,NZL,91.0,,70.0,5340.0,32M/32Q/16D,Asb Classic,,Alberta Brianti,,https://www.wtatennis.com/resources/v7.42.0/i/elements/flags/ita.svg,Round of 32,W,"6-2, 6-3",https://www.wtatennis.com/players/20458/alberta-brianti,False,False,False,False,False,False,False,2,True,17,12,5,IT,ITA,380,150,Europe,Southern Europe,ITA,"6,2,None|6,3,None"
1,China Open,,https://www.wtatennis.com/tournaments/1020/beijing/2010,Premier Mandatory,Hard,https://www.wtatennis.com/resources/v7.42.0/i/elements/1000k-tag.svg,2010-10-02,2010-10-10,2010,10,,RUS,,CN,CHN,156,142,,Asia,East Asia,CHN,63.0,,80.0,19950.0,64M/32Q/32D,China Open,,Elena Vesnina,,https://www.wtatennis.com/resources/v7.42.0/i/elements/flags/rus.svg,Round of 32,L,"6-7 (3), 2-6",https://www.wtatennis.com/players/311220/elena-vesnina,False,False,False,True,False,False,True,2,False,21,8,13,RU,RUS,643,150,Europe,Eastern Europe,RUS,"6,7,3|2,6,None"
2,China Open,,https://www.wtatennis.com/tournaments/1020/beijing/2010,Premier Mandatory,Hard,https://www.wtatennis.com/resources/v7.42.0/i/elements/1000k-tag.svg,2010-10-02,2010-10-10,2010,10,,BUL,,CN,CHN,156,142,,Asia,East Asia,CHN,32.0,,80.0,19950.0,64M/32Q/32D,China Open,,Tsvetana Pironkova,,https://www.wtatennis.com/resources/v7.42.0/i/elements/flags/bul.svg,Round of 64,W,"6-4, 7-6 (5)",https://www.wtatennis.com/players/311041/tsvetana-pironkova,False,False,False,False,True,False,True,2,True,23,13,10,BG,BGR,100,150,Europe,Southeastern Europe,BUL,"6,4,None|7,6,5"
1,Toray Pan Pacific Open,,https://www.wtatennis.com/tournaments/1056/tokyo/2010,Premier 5,Hard,https://www.wtatennis.com/resources/v7.42.0/i/elements/1000k-tag.svg,2010-09-26,2010-10-02,2010,9,,JPN,,JP,JPN,392,142,,Asia,East Asia,JPN,67.0,,1.0,5400.0,64M/32Q/16D,Toray Pan Pacific Open,,Kimiko Date,,https://www.wtatennis.com/resources/v7.42.0/i/elements/flags/jpn.svg,Round of 64,L,"5-7, 6-3, 3-6",https://www.wtatennis.com/players/40130/kimiko-date,False,False,False,False,False,False,False,3,False,30,14,16,JP,JPN,392,142,Asia,East Asia,JPN,"5,7,None|6,3,None|3,6,None"
1,Us Open,,https://www.wtatennis.com/tournaments/905/us-open/2010,Grand Slam,Hard,https://www.wtatennis.com/resources/v7.42.0/i/elements/gs-tag.svg,2010-08-30,2010-09-12,2010,8,,DEN,,US,USA,840,019,,America,Northern America,USA,2.0,,280.0,97807.0,128M/128Q/64D,Us Open,,Caroline Wozniacki,1.0,https://www.wtatennis.com/resources/v7.42.0/i/elements/flags/den.svg,Round of 16,L,"3-6, 4-6",https://www.wtatennis.com/players/313402/caroline-wozniacki,False,False,False,False,False,False,False,2,False,19,7,12,DK,DNK,208,150,Europe,Northern Europe,DEN,"3,6,None|4,6,None"
2,Us Open,,https://www.wtatennis.com/tournaments/905/us-open/2010,Grand Slam,Hard,https://www.wtatennis.com/resources/v7.42.0/i/elements/gs-tag.svg,2010-08-30,2010-09-12,2010,8,,USA,,US,USA,840,019,United States of America|America|USA|US,America,Northern America,USA,371.0,,280.0,97807.0,128M/128Q/64D,Us Open,,Beatrice Capra,,https://www.wtatennis.com/resources/v7.42.0/i/elements/flags/usa.svg,Round of 32,W,"6-0, 6-0",https://www.wtatennis.com/players/314338/beatrice-capra,False,False,False,False,False,False,False,2,True,12,12,0,US,USA,840,019,America,Northern America,USA,"6,0,None|6,0,None"
3,Us Open,,https://www.wtatennis.com/tournaments/905/us-open/2010,Grand Slam,Hard,https://www.wtatennis.com/resources/v7.42.0/i/elements/gs-tag.svg,2010-08-30,2010-09-12,2010,8,,CZE,,US,USA,840,019,,America,Northern America,USA,68.0,,280.0,97807.0,128M/128Q/64D,Us Open,,Iveta Melzer,,https://www.wtatennis.com/resources/v7.42.0/i/elements/flags/cze.svg,Round of 64,W,"6-1, 6-2",https://www.wtatennis.com/players/20576/iveta-melzer,False,False,False,False,False,False,False,2,True,15,12,3,CZ,CZE,203,150,Europe,Central Europe,CZE,"6,1,None|6,2,None"
4,Us Open,,https://www.wtatennis.com/tournaments/905/us-open/2010,Grand Slam,Hard,https://www.wtatennis.com/resources/v7.42.0/i/elements/gs-tag.svg,2010-08-30,2010-09-12,2010,8,,AUS,,US,USA,840,019,,America,Northern America,USA,60.0,,280.0,97807.0,128M/128Q/64D,Us Open,,Jarmila Wolfe,,https://www.wtatennis.com/resources/v7.42.0/i/elements/flags/aus.svg,Round of 128,W,"4-6, 6-3, 6-1",https://www.wtatennis.com/players/310169/jarmila-wolfe,False,False,False,False,False,False,False,3,False,26,16,10,AU,AUS,036,009,Oceania,Australasia,AUS,"4,6,None|6,3,None|6,1,None"
1,Western & Southern Financial Group Women'S Open,,https://www.wtatennis.com/tournaments/1017/cincinnati/2010,Premier 5,Hard,https://www.wtatennis.com/resources/v7.42.0/i/elements/1000k-tag.svg,2010-08-09,2010-08-15,2010,8,,BEL,,US,USA,840,019,,America,Northern America,USA,7.0,,620.0,175000.0,64M/64Q/32D,Western & Southern Financial Group Women'S Open,,Kim Clijsters,4.0,https://www.wtatennis.com/resources/v7.42.0/i/elements/flags/bel.svg,Finals,L,"6-2, 6-7 (4), 2-6",https://www.wtatennis.com/players/30458/kim-clijsters,False,False,False,False,True,False,True,3,True,29,14,15,BE,BEL,056,150,Europe,Western Europe,BEL,"6,2,None|6,7,4|2,6,None"
2,Western & Southern Financial Group Women'S Open,,https://www.wtatennis.com/tournaments/1017/cincinnati/2010,Premier 5,Hard,https://www.wtatennis.com/resources/v7.42.0/i/elements/1000k-tag.svg,2010-08-09,2010-08-15,2010,8,,RUS,,US,USA,840,019,,America,Northern America,USA,25.0,,620.0,175000.0,64M/64Q/32D,Western & Southern Financial Group Women'S Open,,Anastasia Pavlyuchenkova,,https://www.wtatennis.com/resources/v7.42.0/i/elements/flags/rus.svg,Semifinals,W,"6-4, 3-6, 6-2",https://www.wtatennis.com/players/313796/anastasia-pavlyuchenkova,False,False,False,False,False,False,False,3,True,27,15,12,RU,RUS,643,150,Europe,Eastern Europe,RUS,"6,4,None|3,6,None|6,2,None"
3,Western & Southern Financial Group Women'S Open,,https://www.wtatennis.com/tournaments/1017/cincinnati/2010,Premier 5,Hard,https://www.wtatennis.com/resources/v7.42.0/i/elements/1000k-tag.svg,2010-08-09,2010-08-15,2010,8,,FRA,,US,USA,840,019,,America,Northern America,USA,20.0,,620.0,175000.0,64M/64Q/32D,Western & Southern Financial Group Women'S Open,,Marion Bartoli,16.0,https://www.wtatennis.com/resources/v7.42.0/i/elements/flags/fra.svg,Quarterfinals,W,"6-1, 6-4",https://www.wtatennis.com/players/20631/marion-bartoli,False,False,False,False,False,False,False,2,True,17,12,5,FR,FRA,250,150,Europe,Western Europe,FRA,"6,1,None|6,4,None"
4,Western & Southern Financial Group Women'S Open,,https://www.wtatennis.com/tournaments/1017/cincinnati/2010,Premier 5,Hard,https://www.wtatennis.com/resources/v7.42.0/i/elements/1000k-tag.svg,2010-08-09,2010-08-15,2010,8,,POL,,US,USA,840,019,,America,Northern America,USA,9.0,,620.0,175000.0,64M/64Q/32D,Western & Southern Financial Group Women'S Open,,Agnieszka Radwanska,7.0,https://www.wtatennis.com/resources/v7.42.0/i/elements/flags/pol.svg,Round of 16,W,"6-2, 6-3",https://www.wtatennis.com/players/312251/agnieszka-radwanska,False,False,False,False,False,False,False,2,True,17,12,5,PL,POL,616,150,Europe,Central Europe,POL,"6,2,None|6,3,None"
5,Western & Southern Financial Group Women'S Open,,https://www.wtatennis.com/tournaments/1017/cincinnati/2010,Premier 5,Hard,https://www.wtatennis.com/resources/v7.42.0/i/elements/1000k-tag.svg,2010-08-09,2010-08-15,2010,8,,GER,,US,USA,840,019,,America,Northern America,USA,39.0,,620.0,175000.0,64M/64Q/32D,Western & Southern Financial Group Women'S Open,,Andrea Petkovic,,https://www.wtatennis.com/resources/v7.42.0/i/elements/flags/ger.svg,Round of 32,W,"6-3, 6-1",https://www.wtatennis.com/players/310770/andrea-petkovic,False,False,False,False,False,False,False,2,True,16,12,4,DE,DEU,276,150,Europe,Central Europe,GER,"6,3,None|6,1,None"
6,Western & Southern Financial Group Women'S Open,,https://www.wtatennis.com/tournaments/1017/cincinnati/2010,Premier 5,Hard,https://www.wtatennis.com/resources/v7.42.0/i/elements/1000k-tag.svg,2010-08-09,2010-08-15,2010,8,,RUS,,US,USA,840,019,,America,Northern America,USA,14.0,,620.0,175000.0,64M/64Q/32D,Western & Southern Financial Group Women'S Open,,Svetlana Kuznetsova,,https://www.wtatennis.com/resources/v7.42.0/i/elements/flags/rus.svg,Round of 64,W,"6-4, 1-6, 6-2",https://www.wtatennis.com/players/110552/svetlana-kuznetsova,False,False,False,False,False,False,False,3,True,25,13,12,RU,RUS,643,150,Europe,Eastern Europe,RUS,"6,4,None|1,6,None|6,2,None"
1,Bank Of The West Classic,,https://www.wtatennis.com/tournaments/703/san-jose/2010,Premier,Hard,https://www.wtatennis.com/resources/v7.42.0/i/elements/500k-tag.svg,2010-07-26,2010-08-01,2010,7,,BLR,,US,USA,840,019,,America,Northern America,USA,18.0,,320.0,57150.0,32M/32Q/16D,Bank Of The West Classic,,Victoria Azarenka,8.0,https://www.wtatennis.com/resources/v7.42.0/i/elements/flags/blr.svg,Finals,L,"4-6, 1-6",https://www.wtatennis.com/players/312001/victoria-azarenka,False,False,False,False,False,False,False,2,False,17,5,12,BY,BLR,112,150,Europe,Eastern Europe,BLR,"4,6,None|1,6,None"
2,Bank Of The West Classic,,https://www.wtatennis.com/tournaments/703/san-jose/2010,Premier,Hard,https://www.wtatennis.com/resources/v7.42.0/i/elements/500k-tag.svg,2010-07-26,2010-08-01,2010,7,,POL,,US,USA,840,019,,America,Northern America,USA,11.0,,320.0,57150.0,32M/32Q/16D,Bank Of The West Classic,,Agnieszka Radwanska,3.0,https://www.wtatennis.com/resources/v7.42.0/i/elements/flags/pol.svg,Semifinals,W,"1-6, 6-2, 6-2",https://www.wtatennis.com/players/312251/agnieszka-radwanska,False,False,False,False,False,False,False,3,False,23,13,10,PL,POL,616,150,Europe,Central Europe,POL,"1,6,None|6,2,None|6,2,None"
3,Bank Of The West Classic,,https://www.wtatennis.com/tournaments/703/san-jose/2010,Premier,Hard,https://www.wtatennis.com/resources/v7.42.0/i/elements/500k-tag.svg,2010-07-26,2010-08-01,2010,7,,RUS,,US,USA,840,019,,America,Northern America,USA,6.0,,320.0,57150.0,32M/32Q/16D,Bank Of The West Classic,,Elena Dementieva,2.0,https://www.wtatennis.com/resources/v7.42.0/i/elements/flags/rus.svg,Quarterfinals,W,"6-4, 2-6, 6-3",https://www.wtatennis.com/players/40289/elena-dementieva,False,False,False,False,False,False,False,3,True,27,14,13,RU,RUS,643,150,Europe,Eastern Europe,RUS,"6,4,None|2,6,None|6,3,None"
4,Bank Of The West Classic,,https://www.wtatennis.com/tournaments/703/san-jose/2010,Premier,Hard,https://www.wtatennis.com/resources/v7.42.0/i/elements/500k-tag.svg,2010-07-26,2010-08-01,2010,7,,BLR,,US,USA,840,019,,America,Northern America,USA,43.0,,320.0,57150.0,32M/32Q/16D,Bank Of The West Classic,,Olga Govortsova,,https://www.wtatennis.com/resources/v7.42.0/i/elements/flags/blr.svg,Round of 16,W,"6-3, 6-3",https://www.wtatennis.com/players/311243/olga-govortsova,False,False,False,False,False,False,False,2,True,18,12,6,BY,BLR,112,150,Europe,Eastern Europe,BLR,"6,3,None|6,3,None"
5,Bank Of The West Classic,,https://www.wtatennis.com/tournaments/703/san-jose/2010,Premier,Hard,https://www.wtatennis.com/resources/v7.42.0/i/elements/500k-tag.svg,2010-07-26,2010-08-01,2010,7,,CHN,,US,USA,840,019,,America,Northern America,USA,23.0,,320.0,57150.0,32M/32Q/16D,Bank Of The West Classic,,Jie Zheng,,https://www.wtatennis.com/resources/v7.42.0/i/elements/flags/chn.svg,Round of 32,W,"6-4, 7-5",https://www.wtatennis.com/players/260144/jie-zheng,False,False,False,False,False,False,False,2,True,22,13,9,CN,CHN,156,142,Asia,East Asia,CHN,"6,4,None|7,5,None"
1,Wimbledon,,https://www.wtatennis.com/tournaments/904/wimbledon/2010,Grand Slam,Grass,https://www.wtatennis.com/resources/v7.42.0/i/elements/gs-tag.svg,2010-06-21,2010-07-03,2010,6,,USA,,GB,GBR,826,150,United States of America|America|USA|US,Europe,Northern Europe,ENG,1.0,,280.0,99871.0,128M/128Q/64D,The Championships,,Serena Williams,1.0,https://www.wtatennis.com/resources/v7.42.0/i/elements/flags/usa.svg,Round of 16,L,"6-7 (9), 4-6",https://www.wtatennis.com/players/230234/serena-williams,False,False,False,True,False,False,True,2,False,23,10,13,US,USA,840,019,America,Northern America,USA,"6,7,9|4,6,None"
2,Wimbledon,,https://www.wtatennis.com/tournaments/904/wimbledon/2010,Grand Slam,Grass,https://www.wtatennis.com/resources/v7.42.0/i/elements/gs-tag.svg,2010-06-21,2010-07-03,2010,6,,CZE,,GB,GBR,826,150,,Europe,Northern Europe,ENG,68.0,,280.0,99871.0,128M/128Q/64D,The Championships,,Barbora Strycova,,https://www.wtatennis.com/resources/v7.42.0/i/elements/flags/cze.svg,Round of 32,W,"7-5, 6-3",https://www.wtatennis.com/players/190879/barbora-strycova,False,False,False,False,False,False,False,2,True,21,13,8,CZ,CZE,203,150,Europe,Central Europe,CZE,"7,5,None|6,3,None"
3,Wimbledon,,https://www.wtatennis.com/tournaments/904/wimbledon/2010,Grand Slam,Grass,https://www.wtatennis.com/resources/v7.42.0/i/elements/gs-tag.svg,2010-06-21,2010-07-03,2010,6,,ROU,,GB,GBR,826,150,,Europe,Northern Europe,ENG,114.0,,280.0,99871.0,128M/128Q/64D,The Championships,,Raluca Olaru,,https://www.wtatennis.com/resources/v7.42.0/i/elements/flags/rou.svg,Round of 64,W,"6-1, 6-4",https://www.wtatennis.com/players/311766/raluca-olaru,False,False,False,False,False,False,False,2,True,17,12,5,RO,ROU,642,150,Europe,Southeastern Europe,ROU,"6,1,None|6,4,None"
4,Wimbledon,,https://www.wtatennis.com/tournaments/904/wimbledon/2010,Grand Slam,Grass,https://www.wtatennis.com/resources/v7.42.0/i/elements/gs-tag.svg,2010-06-21,2010-07-03,2010,6,,RUS,,GB,GBR,826,150,,Europe,Northern Europe,ENG,127.0,,280.0,99871.0,128M/128Q/64D,The Championships,,Anastasia Pivovarova,,https://www.wtatennis.com/resources/v7.42.0/i/elements/flags/rus.svg,Round of 128,W,"6-1, 6-0",https://www.wtatennis.com/players/313390/anastasia-pivovarova,False,False,False,False,False,False,False,2,True,13,12,1,RU,RUS,643,150,Europe,Eastern Europe,RUS,"6,1,None|6,0,None"
1,Aegon Classic,,https://www.wtatennis.com/tournaments/1052/birmingham/2010,International,Grass,https://www.wtatennis.com/resources/v7.42.0/i/elements/250k-tag.svg,2010-06-07,2010-06-13,2010,6,,CHN,,GB,GBR,826,150,,Europe,Northern Europe,ENG,11.0,,200.0,19000.0,64M/32Q/16D,Aegon Classic,,Na Li,1.0,https://www.wtatennis.com/resources/v7.42.0/i/elements/flags/chn.svg,Finals,L,"5-7, 1-6",https://www.wtatennis.com/players/120330/na-li,False,False,False,False,False,False,False,2,False,19,6,13,CN,CHN,156,142,Asia,East Asia,CHN,"5,7,None|1,6,None"
2,Aegon Classic,,https://www.wtatennis.com/tournaments/1052/birmingham/2010,International,Grass,https://www.wtatennis.com/resources/v7.42.0/i/elements/250k-tag.svg,2010-06-07,2010-06-13,2010,6,,USA,,GB,GBR,826,150,United States of America|America|USA|US,Europe,Northern Europe,ENG,185.0,,200.0,19000.0,64M/32Q/16D,Aegon Classic,,Alison Riske-Amritraj,,https://www.wtatennis.com/resources/v7.42.0/i/elements/flags/usa.svg,Semifinals,W,"6-2, 4-6, 6-1",https://www.wtatennis.com/players/312850/alison-riske-amritraj,False,False,False,False,False,False,False,3,True,25,16,9,US,USA,840,019,America,Northern America,USA,"6,2,None|4,6,None|6,1,None"
3,Aegon Classic,,https://www.wtatennis.com/tournaments/1052/birmingham/2010,International,Grass,https://www.wtatennis.com/resources/v7.42.0/i/elements/250k-tag.svg,2010-06-07,2010-06-13,2010,6,,BUL,,GB,GBR,826,150,,Europe,Northern Europe,ENG,144.0,,200.0,19000.0,64M/32Q/16D,Aegon Classic,,Sesil Karatantcheva,,https://www.wtatennis.com/resources/v7.42.0/i/elements/flags/bul.svg,Quarterfinals,W,"6-2, 6-4",https://www.wtatennis.com/players/311810/sesil-karatantcheva,False,False,False,False,False,False,False,2,True,18,12,6,BG,BGR,100,150,Europe,Southeastern Europe,BUL,"6,2,None|6,4,None"
4,Aegon Classic,,https://www.wtatennis.com/tournaments/1052/birmingham/2010,International,Grass,https://www.wtatennis.com/resources/v7.42.0/i/elements/250k-tag.svg,2010-06-07,2010-06-13,2010,6,,RUS,,GB,GBR,826,150,,Europe,Northern Europe,ENG,86.0,,200.0,19000.0,64M/32Q/16D,Aegon Classic,,Alla Kudryavtseva,,https://www.wtatennis.com/resources/v7.42.0/i/elements/flags/rus.svg,Round of 16,W,"6-3, 6-1",https://www.wtatennis.com/players/311362/alla-kudryavtseva,False,False,False,False,False,False,False,2,True,16,12,4,RU,RUS,643,150,Europe,Eastern Europe,RUS,"6,3,None|6,1,None"
5,Aegon Classic,,https://www.wtatennis.com/tournaments/1052/birmingham/2010,International,Grass,https://www.wtatennis.com/resources/v7.42.0/i/elements/250k-tag.svg,2010-06-07,2010-06-13,2010,6,,USA,,GB,GBR,826,150,United States of America|America|USA|US,Europe,Northern Europe,ENG,108.0,,200.0,19000.0,64M/32Q/16D,Aegon Classic,,Bethanie Mattek-Sands,,https://www.wtatennis.com/resources/v7.42.0/i/elements/flags/usa.svg,Round of 32,W,"6-0, 6-3",https://www.wtatennis.com/players/130713/bethanie-mattek-sands,False,False,False,False,False,False,False,2,True,15,12,3,US,USA,840,019,America,Northern America,USA,"6,0,None|6,3,None"
6,Aegon Classic,,https://www.wtatennis.com/tournaments/1052/birmingham/2010,International,Grass,https://www.wtatennis.com/resources/v7.42.0/i/elements/250k-tag.svg,2010-06-07,2010-06-13,2010,6,,,,GB,GBR,826,150,,Europe,Northern Europe,ENG,,,200.0,19000.0,64M/32Q/16D,Aegon Classic,,,,,Round of 64,,Bye,,False,False,True,False,False,False,False,0,False,0,0,0,,,,,,,,
1,Roland Garros,,https://www.wtatennis.com/tournaments/903/roland-garros/2010,Grand Slam,Clay,https://www.wtatennis.com/resources/v7.42.0/i/elements/gs-tag.svg,2010-05-23,2010-06-05,2010,5,,BEL,,FR,FRA,250,150,,Europe,Western Europe,FRA,23.0,,160.0,55795.0,128M/128Q/64D,"Roland Garros- Paris, France",,Justine Henin,22.0,https://www.wtatennis.com/resources/v7.42.0/i/elements/flags/bel.svg,Round of 32,L,"2-6, 6-3, 3-6",https://www.wtatennis.com/players/80350/justine-henin,False,False,False,False,False,False,False,3,False,26,11,15,BE,BEL,056,150,Europe,Western Europe,BEL,"2,6,None|6,3,None|3,6,None"
2,Roland Garros,,https://www.wtatennis.com/tournaments/903/roland-garros/2010,Grand Slam,Clay,https://www.wtatennis.com/resources/v7.42.0/i/elements/gs-tag.svg,2010-05-23,2010-06-05,2010,5,,BEL,,FR,FRA,250,150,,Europe,Western Europe,FRA,71.0,,160.0,55795.0,128M/128Q/64D,"Roland Garros- Paris, France",,Kirsten Flipkens,,https://www.wtatennis.com/resources/v7.42.0/i/elements/flags/bel.svg,Round of 64,W,"6-3, 6-3",https://www.wtatennis.com/players/310331/kirsten-flipkens,False,False,False,False,False,False,False,2,True,18,12,6,BE,BEL,056,150,Europe,Western Europe,BEL,"6,3,None|6,3,None"
3,Roland Garros,,https://www.wtatennis.com/tournaments/903/roland-garros/2010,Grand Slam,Clay,https://www.wtatennis.com/resources/v7.42.0/i/elements/gs-tag.svg,2010-05-23,2010-06-05,2010,5,,RUS,,FR,FRA,250,150,,Europe,Western Europe,FRA,110.0,,160.0,55795.0,128M/128Q/64D,"Roland Garros- Paris, France",,Ksenia Pervak,,https://www.wtatennis.com/resources/v7.42.0/i/elements/flags/rus.svg,Round of 128,W,"6-3, 6-2",https://www.wtatennis.com/players/313537/ksenia-pervak,False,False,False,False,False,False,False,2,True,17,12,5,RU,RUS,643,150,Europe,Eastern Europe,RUS,"6,3,None|6,2,None"
1,"Internationaux De Strasbourg- Strasbourg, Fra",,https://www.wtatennis.com/tournaments/406/strasbourg/2010,International,Clay,https://www.wtatennis.com/resources/v7.42.0/i/elements/250k-tag.svg,2010-05-17,2010-05-22,2010,5,,GER,,FR,FRA,250,150,,Europe,Western Europe,FRA,77.0,W,280.0,37000.0,32M/32Q/16D,"Internationaux De Strasbourg- Strasbourg, Fra",,Kristina Barrois,,https://www.wtatennis.com/resources/v7.42.0/i/elements/flags/ger.svg,Finals,W,"7-5, 6-1",https://www.wtatennis.com/players/312578/kristina-barrois,False,False,False,False,False,False,False,2,True,19,13,6,DE,DEU,276,150,Europe,Central Europe,GER,"7,5,None|6,1,None"
2,"Internationaux De Strasbourg- Strasbourg, Fra",,https://www.wtatennis.com/tournaments/406/strasbourg/2010,International,Clay,https://www.wtatennis.com/resources/v7.42.0/i/elements/250k-tag.svg,2010-05-17,2010-05-22,2010,5,,ESP,,FR,FRA,250,150,Kingdom of Spain,Europe,Western Europe,FRA,49.0,W,280.0,37000.0,32M/32Q/16D,"Internationaux De Strasbourg- Strasbourg, Fra",,Anabel Medina Garrigues,5.0,https://www.wtatennis.com/resources/v7.42.0/i/elements/flags/esp.svg,Semifinals,W,"4-6, 6-2, 6-2",https://www.wtatennis.com/players/130611/anabel-medina-garrigues,False,False,False,False,False,False,False,3,False,26,16,10,ES,ESP,724,150,Europe,Southern Europe,ESP,"4,6,None|6,2,None|6,2,None"
3,"Internationaux De Strasbourg- Strasbourg, Fra",,https://www.wtatennis.com/tournaments/406/strasbourg/2010,International,Clay,https://www.wtatennis.com/resources/v7.42.0/i/elements/250k-tag.svg,2010-05-17,2010-05-22,2010,5,,GER,,FR,FRA,250,150,,Europe,Western Europe,FRA,81.0,W,280.0,37000.0,32M/32Q/16D,"Internationaux De Strasbourg- Strasbourg, Fra",,Julia Goerges,,https://www.wtatennis.com/resources/v7.42.0/i/elements/flags/ger.svg,Quarterfinals,W,"7-6 (2), 6-1",https://www.wtatennis.com/players/313381/julia-goerges,False,False,False,True,False,False,True,2,True,20,13,7,DE,DEU,276,150,Europe,Central Europe,GER,"7,6,2|6,1,None"
4,"Internationaux De Strasbourg- Strasbourg, Fra",,https://www.wtatennis.com/tournaments/406/strasbourg/2010,International,Clay,https://www.wtatennis.com/resources/v7.42.0/i/elements/250k-tag.svg,2010-05-17,2010-05-22,2010,5,,BUL,,FR,FRA,250,150,,Europe,Western Europe,FRA,267.0,W,280.0,37000.0,32M/32Q/16D,"Internationaux De Strasbourg- Strasbourg, Fra",,Dia Evtimova,,https://www.wtatennis.com/resources/v7.42.0/i/elements/flags/bul.svg,Round of 16,W,"6-3, 6-0",https://www.wtatennis.com/players/311117/dia-evtimova,False,False,False,False,False,False,False,2,True,15,12,3,BG,BGR,100,150,Europe,Southeastern Europe,BUL,"6,3,None|6,0,None"
5,"Internationaux De Strasbourg- Strasbourg, Fra",,https://www.wtatennis.com/tournaments/406/strasbourg/2010,International,Clay,https://www.wtatennis.com/resources/v7.42.0/i/elements/250k-tag.svg,2010-05-17,2010-05-22,2010,5,,RUS,,FR,FRA,250,150,,Europe,Western Europe,FRA,67.0,W,280.0,37000.0,32M/32Q/16D,"Internationaux De Strasbourg- Strasbourg, Fra",,Regina Kulikova,,https://www.wtatennis.com/resources/v7.42.0/i/elements/flags/rus.svg,Round of 32,W,"6-3, 3-6, 6-1",https://www.wtatennis.com/players/311436/regina-kulikova,False,False,False,False,False,False,False,3,True,25,15,10,RU,RUS,643,150,Europe,Eastern Europe,RUS,"6,3,None|3,6,None|6,1,None"
1,"Mutua Madrilena Madrid Open-Madrid, Spain",,https://www.wtatennis.com/tournaments/1038/madrid/2010,Premier Mandatory,Clay,https://www.wtatennis.com/resources/v7.42.0/i/elements/1000k-tag.svg,2010-05-08,2010-05-16,2010,5,,CZE,,ES,ESP,724,150,,Europe,Southern Europe,ESP,30.0,,5.0,12367.0,64M/32Q/32D,"Mutua Madrilena Madrid Open-Madrid, Spain",,Lucie Safarova,,https://www.wtatennis.com/resources/v7.42.0/i/elements/flags/cze.svg,Round of 64,L,"4-6, 3-6",https://www.wtatennis.com/players/310553/lucie-safarova,False,False,False,False,False,False,False,2,False,19,7,12,CZ,CZE,203,150,Europe,Central Europe,CZE,"4,6,None|3,6,None"
1,Bnp Paribas Open,,https://www.wtatennis.com/tournaments/609/indian-wells/2010,Premier Mandatory,Hard,https://www.wtatennis.com/resources/v7.42.0/i/elements/1000k-tag.svg,2010-03-10,2010-03-21,2010,3,,CHN,,US,USA,840,019,,America,Northern America,USA,23.0,,80.0,18740.0,128M/64Q/32D,Bnp Paribas Open,,Jie Zheng,18.0,https://www.wtatennis.com/resources/v7.42.0/i/elements/flags/chn.svg,Round of 32,L,"3-6, 6-2, 3-6",https://www.wtatennis.com/players/260144/jie-zheng,False,False,False,False,False,False,False,3,False,26,12,14,CN,CHN,156,142,Asia,East Asia,CHN,"3,6,None|6,2,None|3,6,None"
2,Bnp Paribas Open,,https://www.wtatennis.com/tournaments/609/indian-wells/2010,Premier Mandatory,Hard,https://www.wtatennis.com/resources/v7.42.0/i/elements/1000k-tag.svg,2010-03-10,2010-03-21,2010,3,,RUS,,US,USA,840,019,,America,Northern America,USA,43.0,,80.0,18740.0,128M/64Q/32D,Bnp Paribas Open,,Vera Dushevina,,https://www.wtatennis.com/resources/v7.42.0/i/elements/flags/rus.svg,Round of 64,W,"4-6, 7-5, 6-2",https://www.wtatennis.com/players/310625/vera-dushevina,False,False,False,False,False,False,False,3,False,30,17,13,RU,RUS,643,150,Europe,Eastern Europe,RUS,"4,6,None|7,5,None|6,2,None"
3,Bnp Paribas Open,,https://www.wtatennis.com/tournaments/609/indian-wells/2010,Premier Mandatory,Hard,https://www.wtatennis.com/resources/v7.42.0/i/elements/1000k-tag.svg,2010-03-10,2010-03-21,2010,3,,,,US,USA,840,019,,America,Northern America,USA,,,80.0,18740.0,128M/64Q/32D,Bnp Paribas Open,,,,,Round of 128,,Bye,,False,False,True,False,False,False,False,0,False,0,0,0,,,,,,,,
1,"Regions Morgan Keegan & Cellular South Cup- Memphis, Tn",,https://www.wtatennis.com/tournaments/1012/memphis/2010,International,Hard,https://www.wtatennis.com/resources/v7.42.0/i/elements/250k-tag.svg,2010-02-14,2010-02-20,2010,2,,SWE,,US,USA,840,019,,America,Northern America,USA,102.0,,280.0,37000.0,32M/16Q/16D,"Regions Morgan Keegan & Cellular South Cup- Memphis, Tn",,Sofia Arvidsson,,https://www.wtatennis.com/resources/v7.42.0/i/elements/flags/swe.svg,Finals,W,"6-2, 6-1",https://www.wtatennis.com/players/10334/sofia-arvidsson,False,False,False,False,False,False,False,2,True,15,12,3,SE,SWE,752,150,Europe,Northern Europe,SWE,"6,2,None|6,1,None"
2,"Regions Morgan Keegan & Cellular South Cup- Memphis, Tn",,https://www.wtatennis.com/tournaments/1012/memphis/2010,International,Hard,https://www.wtatennis.com/resources/v7.42.0/i/elements/250k-tag.svg,2010-02-14,2010-02-20,2010,2,,CZE,,US,USA,840,019,,America,Northern America,USA,66.0,,280.0,37000.0,32M/16Q/16D,"Regions Morgan Keegan & Cellular South Cup- Memphis, Tn",,Petra Kvitova,5.0,https://www.wtatennis.com/resources/v7.42.0/i/elements/flags/cze.svg,Semifinals,W,"6-4, 6-3",https://www.wtatennis.com/players/314206/petra-kvitova,False,False,False,False,False,False,False,2,True,19,12,7,CZ,CZE,203,150,Europe,Central Europe,CZE,"6,4,None|6,3,None"
3,"Regions Morgan Keegan & Cellular South Cup- Memphis, Tn",,https://www.wtatennis.com/tournaments/1012/memphis/2010,International,Hard,https://www.wtatennis.com/resources/v7.42.0/i/elements/250k-tag.svg,2010-02-14,2010-02-20,2010,2,,GBR,,US,USA,840,019,Britain|UK|Great Britain|United Kingdom,America,Northern America,USA,70.0,,280.0,37000.0,32M/16Q/16D,"Regions Morgan Keegan & Cellular South Cup- Memphis, Tn",,Elena Baltacha,8.0,https://www.wtatennis.com/resources/v7.42.0/i/elements/flags/gbr.svg,Quarterfinals,W,"6-2, 7-5",https://www.wtatennis.com/players/20556/elena-baltacha,False,False,False,False,False,False,False,2,True,20,13,7,GB,GBR,826,150,Europe,Northern Europe,ENG,"6,2,None|7,5,None"
4,"Regions Morgan Keegan & Cellular South Cup- Memphis, Tn",,https://www.wtatennis.com/tournaments/1012/memphis/2010,International,Hard,https://www.wtatennis.com/resources/v7.42.0/i/elements/250k-tag.svg,2010-02-14,2010-02-20,2010,2,,USA,,US,USA,840,019,United States of America|America|USA|US,America,Northern America,USA,137.0,,280.0,37000.0,32M/16Q/16D,"Regions Morgan Keegan & Cellular South Cup- Memphis, Tn",,Bethanie Mattek-Sands,,https://www.wtatennis.com/resources/v7.42.0/i/elements/flags/usa.svg,Round of 16,W,"6-1, 6-1",https://www.wtatennis.com/players/130713/bethanie-mattek-sands,False,False,False,False,False,False,False,2,True,14,12,2,US,USA,840,019,America,Northern America,USA,"6,1,None|6,1,None"
5,"Regions Morgan Keegan & Cellular South Cup- Memphis, Tn",,https://www.wtatennis.com/tournaments/1012/memphis/2010,International,Hard,https://www.wtatennis.com/resources/v7.42.0/i/elements/250k-tag.svg,2010-02-14,2010-02-20,2010,2,,USA,,US,USA,840,019,United States of America|America|USA|US,America,Northern America,USA,101.0,,280.0,37000.0,32M/16Q/16D,"Regions Morgan Keegan & Cellular South Cup- Memphis, Tn",,Shenay Perry,,https://www.wtatennis.com/resources/v7.42.0/i/elements/flags/usa.svg,Round of 32,W,"6-0, 6-2",https://www.wtatennis.com/players/160472/shenay-perry,False,False,False,False,False,False,False,2,True,14,12,2,US,USA,840,019,America,Northern America,USA,"6,0,None|6,2,None"
1,Australian Open,,https://www.wtatennis.com/tournaments/901/australian-open/2010,Grand Slam,Hard,https://www.wtatennis.com/resources/v7.42.0/i/elements/gs-tag.svg,2010-01-18,2010-01-30,2010,1,,RUS,,AU,AUS,036,009,,Oceania,Australasia,AUS,58.0,,5.0,16199.0,128M/128Q/64D,Australian Open,,Maria Kirilenko,,https://www.wtatennis.com/resources/v7.42.0/i/elements/flags/rus.svg,Round of 128,L,"6-7 (4), 6-3, 4-6",https://www.wtatennis.com/players/310577/maria-kirilenko,False,False,False,True,False,False,True,3,False,32,16,16,RU,RUS,643,150,Europe,Eastern Europe,RUS,"6,7,4|6,3,None|4,6,None"
1,China Open,,https://www.wtatennis.com/tournaments/1020/beijing/2009,Premier Mandatory,Hard,https://www.wtatennis.com/resources/v7.42.0/i/elements/1000k-tag.svg,2009-10-03,2009-10-11,2009,10,,CHN,,CN,CHN,156,142,,Asia,East Asia,CHN,53.0,,140.0,37225.0,64M/32Q/32D,China Open,,Shuai Peng,,https://www.wtatennis.com/resources/v7.42.0/i/elements/flags/chn.svg,Round of 16,L,"2-6, 4-6",https://www.wtatennis.com/players/160471/shuai-peng,False,False,False,False,False,False,False,2,False,18,6,12,CN,CHN,156,142,Asia,East Asia,CHN,"2,6,None|4,6,None"
2,China Open,,https://www.wtatennis.com/tournaments/1020/beijing/2009,Premier Mandatory,Hard,https://www.wtatennis.com/resources/v7.42.0/i/elements/1000k-tag.svg,2009-10-03,2009-10-11,2009,10,,BLR,,CN,CHN,156,142,,Asia,East Asia,CHN,9.0,,140.0,37225.0,64M/32Q/32D,China Open,,Victoria Azarenka,9.0,https://www.wtatennis.com/resources/v7.42.0/i/elements/flags/blr.svg,Round of 32,W,"6-3, 6-7 (5), 7-5",https://www.wtatennis.com/players/312001/victoria-azarenka,False,False,False,False,True,False,True,3,True,34,19,15,BY,BLR,112,150,Europe,Eastern Europe,BLR,"6,3,None|6,7,5|7,5,None"
3,China Open,,https://www.wtatennis.com/tournaments/1020/beijing/2009,Premier Mandatory,Hard,https://www.wtatennis.com/resources/v7.42.0/i/elements/1000k-tag.svg,2009-10-03,2009-10-11,2009,10,,,,CN,CHN,156,142,,Asia,East Asia,CHN,,,140.0,37225.0,64M/32Q/32D,China Open,,,,,Round of 64,,Bye,,False,False,True,False,False,False,False,0,False,0,0,0,,,,,,,,
1,Toray Pan Pacific Open,,https://www.wtatennis.com/tournaments/1056/tokyo/2009,Premier 5,Hard,https://www.wtatennis.com/resources/v7.42.0/i/elements/1000k-tag.svg,2009-09-27,2009-10-03,2009,9,,SRB,,JP,JPN,392,142,,Asia,East Asia,JPN,8.0,,800.0,350000.0,64M/32Q/16D,Toray Pan Pacific Open,,Jelena Jankovic,7.0,https://www.wtatennis.com/resources/v7.42.0/i/elements/flags/srb.svg,Finals,W,5-2,https://www.wtatennis.com/players/100153/jelena-jankovic,True,False,False,False,False,False,False,1,False,7,5,2,RS,SRB,688,150,Europe,Southeastern Europe,SRB,"5,2,None|Ret"
2,Toray Pan Pacific Open,,https://www.wtatennis.com/tournaments/1056/tokyo/2009,Premier 5,Hard,https://www.wtatennis.com/resources/v7.42.0/i/elements/1000k-tag.svg,2009-09-27,2009-10-03,2009,9,,POL,,JP,JPN,392,142,,Asia,East Asia,JPN,12.0,,800.0,350000.0,64M/32Q/16D,Toray Pan Pacific Open,,Agnieszka Radwanska,11.0,https://www.wtatennis.com/resources/v7.42.0/i/elements/flags/pol.svg,Semifinals,W,"6-3, 2-6, 6-4",https://www.wtatennis.com/players/312251/agnieszka-radwanska,False,False,False,False,False,False,False,3,True,27,14,13,PL,POL,616,150,Europe,Central Europe,POL,"6,3,None|2,6,None|6,4,None"
3,Toray Pan Pacific Open,,https://www.wtatennis.com/tournaments/1056/tokyo/2009,Premier 5,Hard,https://www.wtatennis.com/resources/v7.42.0/i/elements/1000k-tag.svg,2009-09-27,2009-10-03,2009,9,,CZE,,JP,JPN,392,142,,Asia,East Asia,JPN,39.0,,800.0,350000.0,64M/32Q/16D,Toray Pan Pacific Open,,Iveta Melzer,,https://www.wtatennis.com/resources/v7.42.0/i/elements/flags/cze.svg,Quarterfinals,W,"6-4, 7-5",https://www.wtatennis.com/players/20576/iveta-melzer,False,False,False,False,False,False,False,2,True,22,13,9,CZ,CZE,203,150,Europe,Central Europe,CZE,"6,4,None|7,5,None"
4,Toray Pan Pacific Open,,https://www.wtatennis.com/tournaments/1056/tokyo/2009,Premier 5,Hard,https://www.wtatennis.com/resources/v7.42.0/i/elements/1000k-tag.svg,2009-09-27,2009-10-03,2009,9,,RUS,,JP,JPN,392,142,,Asia,East Asia,JPN,29.0,,800.0,350000.0,64M/32Q/16D,Toray Pan Pacific Open,,Alisa Kleybanova,,https://www.wtatennis.com/resources/v7.42.0/i/elements/flags/rus.svg,Round of 16,W,"2-6, 6-2, 6-2",https://www.wtatennis.com/players/311777/alisa-kleybanova,False,False,False,False,False,False,False,3,False,24,14,10,RU,RUS,643,150,Europe,Eastern Europe,RUS,"2,6,None|6,2,None|6,2,None"
5,Toray Pan Pacific Open,,https://www.wtatennis.com/tournaments/1056/tokyo/2009,Premier 5,Hard,https://www.wtatennis.com/resources/v7.42.0/i/elements/1000k-tag.svg,2009-09-27,2009-10-03,2009,9,,AUS,,JP,JPN,392,142,,Asia,East Asia,JPN,15.0,,800.0,350000.0,64M/32Q/16D,Toray Pan Pacific Open,,Samantha Stosur,12.0,https://www.wtatennis.com/resources/v7.42.0/i/elements/flags/aus.svg,Round of 32,W,"6-0, 6-1",https://www.wtatennis.com/players/190787/samantha-stosur,False,False,False,False,False,False,False,2,True,13,12,1,AU,AUS,036,009,Oceania,Australasia,AUS,"6,0,None|6,1,None"
6,Toray Pan Pacific Open,,https://www.wtatennis.com/tournaments/1056/tokyo/2009,Premier 5,Hard,https://www.wtatennis.com/resources/v7.42.0/i/elements/1000k-tag.svg,2009-09-27,2009-10-03,2009,9,,ITA,,JP,JPN,392,142,,Asia,East Asia,JPN,27.0,,800.0,350000.0,64M/32Q/16D,Toray Pan Pacific Open,,Francesca Schiavone,,https://www.wtatennis.com/resources/v7.42.0/i/elements/flags/ita.svg,Round of 64,W,"4-6, 7-5, 6-1",https://www.wtatennis.com/players/190666/francesca-schiavone,False,False,False,False,False,False,False,3,False,29,17,12,IT,ITA,380,150,Europe,Southern Europe,ITA,"4,6,None|7,5,None|6,1,None"
1,Us Open,,https://www.wtatennis.com/tournaments/905/us-open/2009,Grand Slam,Hard,https://www.wtatennis.com/resources/v7.42.0/i/elements/gs-tag.svg,2009-08-31,2009-09-13,2009,8,,USA,,US,USA,840,019,United States of America|America|USA|US,America,Northern America,USA,70.0,,160.0,47016.0,128M/128Q/64D,Us Open,,Melanie Oudin,,https://www.wtatennis.com/resources/v7.42.0/i/elements/flags/usa.svg,Round of 32,L,"6-3, 4-6, 5-7",https://www.wtatennis.com/players/313963/melanie-oudin,False,False,False,False,False,False,False,3,True,31,15,16,US,USA,840,019,America,Northern America,USA,"6,3,None|4,6,None|5,7,None"
2,Us Open,,https://www.wtatennis.com/tournaments/905/us-open/2009,Grand Slam,Hard,https://www.wtatennis.com/resources/v7.42.0/i/elements/gs-tag.svg,2009-08-31,2009-09-13,2009,8,,USA,,US,USA,840,019,United States of America|America|USA|US,America,Northern America,USA,381.0,,160.0,47016.0,128M/128Q/64D,Us Open,,Christina Mchale,,https://www.wtatennis.com/resources/v7.42.0/i/elements/flags/usa.svg,Round of 64,W,"6-2, 6-1",https://www.wtatennis.com/players/314917/christina-mchale,False,False,False,False,False,False,False,2,True,15,12,3,US,USA,840,019,America,Northern America,USA,"6,2,None|6,1,None"
3,Us Open,,https://www.wtatennis.com/tournaments/905/us-open/2009,Grand Slam,Hard,https://www.wtatennis.com/resources/v7.42.0/i/elements/gs-tag.svg,2009-08-31,2009-09-13,2009,8,,BUL,,US,USA,840,019,,America,Northern America,USA,98.0,,160.0,47016.0,128M/128Q/64D,Us Open,,Tsvetana Pironkova,,https://www.wtatennis.com/resources/v7.42.0/i/elements/flags/bul.svg,Round of 128,W,"6-3, 6-0",https://www.wtatennis.com/players/311041/tsvetana-pironkova,False,False,False,False,False,False,False,2,True,15,12,3,BG,BGR,100,150,Europe,Southeastern Europe,BUL,"6,3,None|6,0,None"
1,Rogers Cup,,https://www.wtatennis.com/tournaments/806/montreal/2009,Premier 5,Hard,https://www.wtatennis.com/resources/v7.42.0/i/elements/1000k-tag.svg,2009-08-17,2009-08-23,2009,8,,RUS,,CA,CAN,124,019,,America,Northern America,CAN,5.0,,550.0,175000.0,64M/64Q/32D,Rogers Cup,,Elena Dementieva,4.0,https://www.wtatennis.com/resources/v7.42.0/i/elements/flags/rus.svg,Finals,L,"4-6, 3-6",https://www.wtatennis.com/players/40289/elena-dementieva,False,False,False,False,False,False,False,2,False,19,7,12,RU,RUS,643,150,Europe,Eastern Europe,RUS,"4,6,None|3,6,None"
2,Rogers Cup,,https://www.wtatennis.com/tournaments/806/montreal/2009,Premier 5,Hard,https://www.wtatennis.com/resources/v7.42.0/i/elements/1000k-tag.svg,2009-08-17,2009-08-23,2009,8,,RUS,,CA,CAN,124,019,,America,Northern America,CAN,36.0,,550.0,175000.0,64M/64Q/32D,Rogers Cup,,Alisa Kleybanova,,https://www.wtatennis.com/resources/v7.42.0/i/elements/flags/rus.svg,Semifinals,W,"6-2, 4-6, 6-4",https://www.wtatennis.com/players/311777/alisa-kleybanova,False,False,False,False,False,False,False,3,True,28,16,12,RU,RUS,643,150,Europe,Eastern Europe,RUS,"6,2,None|4,6,None|6,4,None"
3,Rogers Cup,,https://www.wtatennis.com/tournaments/806/montreal/2009,Premier 5,Hard,https://www.wtatennis.com/resources/v7.42.0/i/elements/1000k-tag.svg,2009-08-17,2009-08-23,2009,8,,POL,,CA,CAN,124,019,,America,Northern America,CAN,13.0,,550.0,175000.0,64M/64Q/32D,Rogers Cup,,Agnieszka Radwanska,14.0,https://www.wtatennis.com/resources/v7.42.0/i/elements/flags/pol.svg,Quarterfinals,W,"6-2, 7-6 (5)",https://www.wtatennis.com/players/312251/agnieszka-radwanska,False,False,False,False,True,False,True,2,True,21,13,8,PL,POL,616,150,Europe,Central Europe,POL,"6,2,None|7,6,5"
4,Rogers Cup,,https://www.wtatennis.com/tournaments/806/montreal/2009,Premier 5,Hard,https://www.wtatennis.com/resources/v7.42.0/i/elements/1000k-tag.svg,2009-08-17,2009-08-23,2009,8,,RUS,,CA,CAN,124,019,,America,Northern America,CAN,7.0,,550.0,175000.0,64M/64Q/32D,Rogers Cup,,Vera Zvonareva,7.0,https://www.wtatennis.com/resources/v7.42.0/i/elements/flags/rus.svg,Round of 16,W,"6-2, 7-6 (3)",https://www.wtatennis.com/players/260142/vera-zvonareva,False,False,False,False,True,False,True,2,True,21,13,8,RU,RUS,643,150,Europe,Eastern Europe,RUS,"6,2,None|7,6,3"
5,Rogers Cup,,https://www.wtatennis.com/tournaments/806/montreal/2009,Premier 5,Hard,https://www.wtatennis.com/resources/v7.42.0/i/elements/1000k-tag.svg,2009-08-17,2009-08-23,2009,8,,AUT,,CA,CAN,124,019,,America,Northern America,CAN,29.0,,550.0,175000.0,64M/64Q/32D,Rogers Cup,,Sybille Bammer,,https://www.wtatennis.com/resources/v7.42.0/i/elements/flags/aut.svg,Round of 32,W,"6-3, 7-6 (5)",https://www.wtatennis.com/players/20463/sybille-bammer,False,False,False,False,True,False,True,2,True,22,13,9,AT,AUT,040,150,Europe,Central Europe,AUT,"6,3,None|7,6,5"
6,Rogers Cup,,https://www.wtatennis.com/tournaments/806/montreal/2009,Premier 5,Hard,https://www.wtatennis.com/resources/v7.42.0/i/elements/1000k-tag.svg,2009-08-17,2009-08-23,2009,8,,RUS,,CA,CAN,124,019,,America,Northern America,CAN,12.0,,550.0,175000.0,64M/64Q/32D,Rogers Cup,,Nadia Petrova,10.0,https://www.wtatennis.com/resources/v7.42.0/i/elements/flags/rus.svg,Round of 64,W,"6-3, 6-4",https://www.wtatennis.com/players/160379/nadia-petrova,False,False,False,False,False,False,False,2,True,19,12,7,RU,RUS,643,150,Europe,Eastern Europe,RUS,"6,3,None|6,4,None"
1,"La Women'S Tennis Championships Presented By Herbalife- Los Angeles, California",,https://www.wtatennis.com/tournaments/805/los-angeles/2009,Premier,Hard,https://www.wtatennis.com/resources/v7.42.0/i/elements/500k-tag.svg,2009-08-03,2009-08-09,2009,8,,ITA,,US,USA,840,019,,America,Northern America,USA,14.0,,200.0,28750.0,64M/32Q/16D,"La Women'S Tennis Championships Presented By Herbalife- Los Angeles, California",,Flavia Pennetta,10.0,https://www.wtatennis.com/resources/v7.42.0/i/elements/flags/ita.svg,Semifinals,L,"2-6, 6-4, 3-6",https://www.wtatennis.com/players/160391/flavia-pennetta,False,False,False,False,False,False,False,3,False,27,11,16,IT,ITA,380,150,Europe,Southern Europe,ITA,"2,6,None|6,4,None|3,6,None"
2,"La Women'S Tennis Championships Presented By Herbalife- Los Angeles, California",,https://www.wtatennis.com/tournaments/805/los-angeles/2009,Premier,Hard,https://www.wtatennis.com/resources/v7.42.0/i/elements/500k-tag.svg,2009-08-03,2009-08-09,2009,8,,POL,,US,USA,840,019,,America,Northern America,USA,71.0,,200.0,28750.0,64M/32Q/16D,"La Women'S Tennis Championships Presented By Herbalife- Los Angeles, California",,Urszula Radwanska,,https://www.wtatennis.com/resources/v7.42.0/i/elements/flags/pol.svg,Quarterfinals,W,"6-4, 7-5",https://www.wtatennis.com/players/313131/urszula-radwanska,False,False,False,False,False,False,False,2,True,22,13,9,PL,POL,616,150,Europe,Central Europe,POL,"6,4,None|7,5,None"
3,"La Women'S Tennis Championships Presented By Herbalife- Los Angeles, California",,https://www.wtatennis.com/tournaments/805/los-angeles/2009,Premier,Hard,https://www.wtatennis.com/resources/v7.42.0/i/elements/500k-tag.svg,2009-08-03,2009-08-09,2009,8,,UKR,,US,USA,840,019,,America,Northern America,USA,33.0,,200.0,28750.0,64M/32Q/16D,"La Women'S Tennis Championships Presented By Herbalife- Los Angeles, California",,Alona Bondarenko,,https://www.wtatennis.com/resources/v7.42.0/i/elements/flags/ukr.svg,Round of 16,W,"4-6, 6-0, 6-3",https://www.wtatennis.com/players/20608/alona-bondarenko,False,False,False,False,False,False,False,3,False,25,16,9,UA,UKR,804,150,Europe,Eastern Europe,UKR,"4,6,None|6,0,None|6,3,None"
4,"La Women'S Tennis Championships Presented By Herbalife- Los Angeles, California",,https://www.wtatennis.com/tournaments/805/los-angeles/2009,Premier,Hard,https://www.wtatennis.com/resources/v7.42.0/i/elements/500k-tag.svg,2009-08-03,2009-08-09,2009,8,,BLR,,US,USA,840,019,,America,Northern America,USA,9.0,,200.0,28750.0,64M/32Q/16D,"La Women'S Tennis Championships Presented By Herbalife- Los Angeles, California",,Victoria Azarenka,3.0,https://www.wtatennis.com/resources/v7.42.0/i/elements/flags/blr.svg,Round of 32,W,"6-7 (4), 6-4, 6-2",https://www.wtatennis.com/players/312001/victoria-azarenka,False,False,False,True,False,False,True,3,False,31,18,13,BY,BLR,112,150,Europe,Eastern Europe,BLR,"6,7,4|6,4,None|6,2,None"
5,"La Women'S Tennis Championships Presented By Herbalife- Los Angeles, California",,https://www.wtatennis.com/tournaments/805/los-angeles/2009,Premier,Hard,https://www.wtatennis.com/resources/v7.42.0/i/elements/500k-tag.svg,2009-08-03,2009-08-09,2009,8,,AUS,,US,USA,840,019,,America,Northern America,USA,60.0,,200.0,28750.0,64M/32Q/16D,"La Women'S Tennis Championships Presented By Herbalife- Los Angeles, California",,Jarmila Wolfe,,https://www.wtatennis.com/resources/v7.42.0/i/elements/flags/aus.svg,Round of 64,W,"6-0, 6-4",https://www.wtatennis.com/players/310169/jarmila-wolfe,False,False,False,False,False,False,False,2,True,16,12,4,AU,AUS,036,009,Oceania,Australasia,AUS,"6,0,None|6,4,None"
1,Bank Of The West Classic,,https://www.wtatennis.com/tournaments/703/san-jose/2009,Premier,Hard,https://www.wtatennis.com/resources/v7.42.0/i/elements/500k-tag.svg,2009-07-27,2009-08-02,2009,7,,USA,,US,USA,840,019,United States of America|America|USA|US,America,Northern America,USA,3.0,,120.0,15925.0,32M/32Q/16D,Bank Of The West Classic,,Venus Williams,2.0,https://www.wtatennis.com/resources/v7.42.0/i/elements/flags/usa.svg,Quarterfinals,L,"2-6, 2-6",https://www.wtatennis.com/players/230220/venus-williams,False,False,False,False,False,False,False,2,False,16,4,12,US,USA,840,019,America,Northern America,USA,"2,6,None|2,6,None"
2,Bank Of The West Classic,,https://www.wtatennis.com/tournaments/703/san-jose/2009,Premier,Hard,https://www.wtatennis.com/resources/v7.42.0/i/elements/500k-tag.svg,2009-07-27,2009-08-02,2009,7,,RUS,,US,USA,840,019,,America,Northern America,USA,10.0,,120.0,15925.0,32M/32Q/16D,Bank Of The West Classic,,Nadia Petrova,5.0,https://www.wtatennis.com/resources/v7.42.0/i/elements/flags/rus.svg,Round of 16,W,"6-1, 6-2",https://www.wtatennis.com/players/160379/nadia-petrova,False,False,False,False,False,False,False,2,True,15,12,3,RU,RUS,643,150,Europe,Eastern Europe,RUS,"6,1,None|6,2,None"
3,Bank Of The West Classic,,https://www.wtatennis.com/tournaments/703/san-jose/2009,Premier,Hard,https://www.wtatennis.com/resources/v7.42.0/i/elements/500k-tag.svg,2009-07-27,2009-08-02,2009,7,,JPN,,US,USA,840,019,,America,Northern America,USA,57.0,,120.0,15925.0,32M/32Q/16D,Bank Of The West Classic,,Ai Sugiyama,,https://www.wtatennis.com/resources/v7.42.0/i/elements/flags/jpn.svg,Round of 32,W,"6-4, 6-7 (6), 6-1",https://www.wtatennis.com/players/190353/ai-sugiyama,False,False,False,False,True,False,True,3,True,30,18,12,JP,JPN,392,142,Asia,East Asia,JPN,"6,4,None|6,7,6|6,1,None"
1,Wimbledon,,https://www.wtatennis.com/tournaments/904/wimbledon/2009,Grand Slam,Grass,https://www.wtatennis.com/resources/v7.42.0/i/elements/gs-tag.svg,2009-06-22,2009-07-05,2009,6,,ARG,,GB,GBR,826,150,,Europe,Northern Europe,ENG,45.0,,100.0,30418.0,128M/128Q/64D,The Championships,,Gisela Dulko,,https://www.wtatennis.com/resources/v7.42.0/i/elements/flags/arg.svg,Round of 64,L,"2-6, 6-3, 4-6",https://www.wtatennis.com/players/40388/gisela-dulko,False,False,False,False,False,False,False,3,False,27,12,15,AR,ARG,032,019,America,Southern South America,ARG,"2,6,None|6,3,None|4,6,None"
2,Wimbledon,,https://www.wtatennis.com/tournaments/904/wimbledon/2009,Grand Slam,Grass,https://www.wtatennis.com/resources/v7.42.0/i/elements/gs-tag.svg,2009-06-22,2009-07-05,2009,6,,UKR,,GB,GBR,826,150,,Europe,Northern Europe,ENG,79.0,,100.0,30418.0,128M/128Q/64D,The Championships,,Viktoriya Kutuzova,,https://www.wtatennis.com/resources/v7.42.0/i/elements/flags/ukr.svg,Round of 128,W,"7-5, 6-4",https://www.wtatennis.com/players/311393/viktoriya-kutuzova,False,False,False,False,False,False,False,2,True,22,13,9,UA,UKR,804,150,Europe,Eastern Europe,UKR,"7,5,None|6,4,None"
1,Aegon Classic,,https://www.wtatennis.com/tournaments/1052/birmingham/2009,International,Grass,https://www.wtatennis.com/resources/v7.42.0/i/elements/250k-tag.svg,2009-06-08,2009-06-14,2009,6,,CHN,,GB,GBR,826,150,,Europe,Northern Europe,ENG,20.0,,130.0,10000.0,64M/32Q/16D,Aegon Classic,,Na Li,4.0,https://www.wtatennis.com/resources/v7.42.0/i/elements/flags/chn.svg,Semifinals,L,"4-6, 4-6",https://www.wtatennis.com/players/120330/na-li,False,False,False,False,False,False,False,2,False,20,8,12,CN,CHN,156,142,Asia,East Asia,CHN,"4,6,None|4,6,None"
2,Aegon Classic,,https://www.wtatennis.com/tournaments/1052/birmingham/2009,International,Grass,https://www.wtatennis.com/resources/v7.42.0/i/elements/250k-tag.svg,2009-06-08,2009-06-14,2009,6,,BEL,,GB,GBR,826,150,,Europe,Northern Europe,ENG,61.0,,130.0,10000.0,64M/32Q/16D,Aegon Classic,,Yanina Wickmayer,,https://www.wtatennis.com/resources/v7.42.0/i/elements/flags/bel.svg,Quarterfinals,W,"6-1, 2-6, 6-3",https://www.wtatennis.com/players/312536/yanina-wickmayer,False,False,False,False,False,False,False,3,True,24,14,10,BE,BEL,056,150,Europe,Western Europe,BEL,"6,1,None|2,6,None|6,3,None"
3,Aegon Classic,,https://www.wtatennis.com/tournaments/1052/birmingham/2009,International,Grass,https://www.wtatennis.com/resources/v7.42.0/i/elements/250k-tag.svg,2009-06-08,2009-06-14,2009,6,,ITA,,GB,GBR,826,150,,Europe,Northern Europe,ENG,50.0,,130.0,10000.0,64M/32Q/16D,Aegon Classic,,Francesca Schiavone,7.0,https://www.wtatennis.com/resources/v7.42.0/i/elements/flags/ita.svg,Round of 16,W,"6-1, 6-3",https://www.wtatennis.com/players/190666/francesca-schiavone,False,False,False,False,False,False,False,2,True,16,12,4,IT,ITA,380,150,Europe,Southern Europe,ITA,"6,1,None|6,3,None"
4,Aegon Classic,,https://www.wtatennis.com/tournaments/1052/birmingham/2009,International,Grass,https://www.wtatennis.com/resources/v7.42.0/i/elements/250k-tag.svg,2009-06-08,2009-06-14,2009,6,,USA,,GB,GBR,826,150,United States of America|America|USA|US,Europe,Northern Europe,ENG,106.0,,130.0,10000.0,64M/32Q/16D,Aegon Classic,,Alexa Glatch,,https://www.wtatennis.com/resources/v7.42.0/i/elements/flags/usa.svg,Round of 32,W,"6-3, 6-4",https://www.wtatennis.com/players/312214/alexa-glatch,False,False,False,False,False,False,False,2,True,19,12,7,US,USA,840,019,America,Northern America,USA,"6,3,None|6,4,None"
5,Aegon Classic,,https://www.wtatennis.com/tournaments/1052/birmingham/2009,International,Grass,https://www.wtatennis.com/resources/v7.42.0/i/elements/250k-tag.svg,2009-06-08,2009-06-14,2009,6,,CAN,,GB,GBR,826,150,,Europe,Northern Europe,ENG,103.0,,130.0,10000.0,64M/32Q/16D,Aegon Classic,,Stéphanie Dubois,,https://www.wtatennis.com/resources/v7.42.0/i/elements/flags/can.svg,Round of 64,W,"6-4, 6-2",https://www.wtatennis.com/players/310290/st-phanie-dubois,False,False,False,False,False,False,False,2,True,18,12,6,CA,CAN,124,019,America,Northern America,CAN,"6,4,None|6,2,None"
1,Roland Garros,,https://www.wtatennis.com/tournaments/903/roland-garros/2009,Grand Slam,Clay,https://www.wtatennis.com/resources/v7.42.0/i/elements/gs-tag.svg,2009-05-24,2009-06-07,2009,5,,SVK,,FR,FRA,250,150,,Europe,Western Europe,FRA,19.0,,500.0,187185.0,128M/128Q/64D,Roland Garros,,Dominika Cibulkova,20.0,https://www.wtatennis.com/resources/v7.42.0/i/elements/flags/svk.svg,Quarterfinals,L,"0-6, 2-6",https://www.wtatennis.com/players/312894/dominika-cibulkova,False,False,False,False,False,False,False,2,False,14,2,12,SK,SVK,703,150,Europe,Central Europe,SVK,"0,6,None|2,6,None"
2,Roland Garros,,https://www.wtatennis.com/tournaments/903/roland-garros/2009,Grand Slam,Clay,https://www.wtatennis.com/resources/v7.42.0/i/elements/gs-tag.svg,2009-05-24,2009-06-07,2009,5,,CHN,,FR,FRA,250,150,,Europe,Western Europe,FRA,25.0,,500.0,187185.0,128M/128Q/64D,Roland Garros,,Na Li,25.0,https://www.wtatennis.com/resources/v7.42.0/i/elements/flags/chn.svg,Round of 16,W,"6-4, 0-6, 6-4",https://www.wtatennis.com/players/120330/na-li,False,False,False,False,False,False,False,3,True,26,12,14,CN,CHN,156,142,Asia,East Asia,CHN,"6,4,None|0,6,None|6,4,None"
3,Roland Garros,,https://www.wtatennis.com/tournaments/903/roland-garros/2009,Grand Slam,Clay,https://www.wtatennis.com/resources/v7.42.0/i/elements/gs-tag.svg,2009-05-24,2009-06-07,2009,5,,KAZ,,FR,FRA,250,150,,Europe,Western Europe,FRA,98.0,,500.0,187185.0,128M/128Q/64D,Roland Garros,,Yaroslava Shvedova,,https://www.wtatennis.com/resources/v7.42.0/i/elements/flags/kaz.svg,Round of 32,W,"1-6, 6-3, 6-4",https://www.wtatennis.com/players/311137/yaroslava-shvedova,False,False,False,False,False,False,False,3,False,26,13,13,KZ,KAZ,398,142,Asia,Central Asia,KAZ,"1,6,None|6,3,None|6,4,None"
4,Roland Garros,,https://www.wtatennis.com/tournaments/903/roland-garros/2009,Grand Slam,Clay,https://www.wtatennis.com/resources/v7.42.0/i/elements/gs-tag.svg,2009-05-24,2009-06-07,2009,5,,RUS,,FR,FRA,250,150,,Europe,Western Europe,FRA,11.0,,500.0,187185.0,128M/128Q/64D,Roland Garros,,Nadia Petrova,11.0,https://www.wtatennis.com/resources/v7.42.0/i/elements/flags/rus.svg,Round of 64,W,"6-2, 1-6, 8-6",https://www.wtatennis.com/players/160379/nadia-petrova,False,False,False,False,False,False,False,3,True,29,15,14,RU,RUS,643,150,Europe,Eastern Europe,RUS,"6,2,None|1,6,None|8,6,None"
5,Roland Garros,,https://www.wtatennis.com/tournaments/903/roland-garros/2009,Grand Slam,Clay,https://www.wtatennis.com/resources/v7.42.0/i/elements/gs-tag.svg,2009-05-24,2009-06-07,2009,5,,BLR,,FR,FRA,250,150,,Europe,Western Europe,FRA,64.0,,500.0,187185.0,128M/128Q/64D,Roland Garros,,Anastasiya Yakimova,,https://www.wtatennis.com/resources/v7.42.0/i/elements/flags/blr.svg,Round of 128,W,"3-6, 6-1, 6-2",https://www.wtatennis.com/players/310626/anastasiya-yakimova,False,False,False,False,False,False,False,3,False,24,15,9,BY,BLR,112,150,Europe,Eastern Europe,BLR,"3,6,None|6,1,None|6,2,None"
1,"Warsaw Open- Warsaw, Poland",,https://www.wtatennis.com/tournaments/680/warsaw/2009,Premier,Clay,https://www.wtatennis.com/resources/v7.42.0/i/elements/500k-tag.svg,2009-05-18,2009-05-23,2009,5,,UKR,,PL,POL,616,150,,Europe,Central Europe,POL,39.0,W,120.0,15100.0,32M/32Q/16D,"Warsaw Open- Warsaw, Poland",,Alona Bondarenko,8.0,https://www.wtatennis.com/resources/v7.42.0/i/elements/flags/ukr.svg,Quarterfinals,L,"2-6, 2-6",https://www.wtatennis.com/players/20608/alona-bondarenko,False,False,False,False,False,False,False,2,False,16,4,12,UA,UKR,804,150,Europe,Eastern Europe,UKR,"2,6,None|2,6,None"
2,"Warsaw Open- Warsaw, Poland",,https://www.wtatennis.com/tournaments/680/warsaw/2009,Premier,Clay,https://www.wtatennis.com/resources/v7.42.0/i/elements/500k-tag.svg,2009-05-18,2009-05-23,2009,5,,BLR,,PL,POL,616,150,,Europe,Central Europe,POL,209.0,W,120.0,15100.0,32M/32Q/16D,"Warsaw Open- Warsaw, Poland",,Darya Kustova,,https://www.wtatennis.com/resources/v7.42.0/i/elements/flags/blr.svg,Round of 16,W,"6-2, 6-0",https://www.wtatennis.com/players/110583/darya-kustova,False,False,False,False,False,False,False,2,True,14,12,2,BY,BLR,112,150,Europe,Eastern Europe,BLR,"6,2,None|6,0,None"
3,"Warsaw Open- Warsaw, Poland",,https://www.wtatennis.com/tournaments/680/warsaw/2009,Premier,Clay,https://www.wtatennis.com/resources/v7.42.0/i/elements/500k-tag.svg,2009-05-18,2009-05-23,2009,5,,ITA,,PL,POL,616,150,,Europe,Central Europe,POL,68.0,W,120.0,15100.0,32M/32Q/16D,"Warsaw Open- Warsaw, Poland",,Tathiana Garbin,,https://www.wtatennis.com/resources/v7.42.0/i/elements/flags/ita.svg,Round of 32,W,"6-1, 6-7 (6), 6-3",https://www.wtatennis.com/players/30348/tathiana-garbin,False,False,False,False,True,False,True,3,True,29,18,11,IT,ITA,380,150,Europe,Southern Europe,ITA,"6,1,None|6,7,6|6,3,None"
1,Rogers Cup Presented By National Bank,https://www.wtatennis.com/resources/v7.42.0/i/elements/itf.png,,ITF,Hard,https://www.wtatennis.com/resources/v7.42.0/i/elements/itf.png,2008-07-28,2008-08-03,2008,7,Montreal,JPN,,CA,CAN,124,019,,America,Northern America,CAN,33.0,,60.0,13000.0,64M/64Q/32D,Rogers Cup Presented By National Bank,,Ai Sugiyama,,https://www.wtatennis.com/resources/v7.42.0/i/elements/flags/jpn.svg,Round of 16,L,Walkover,https://www.wtatennis.com/players/190353/ai-sugiyama,False,True,False,False,False,False,False,0,False,0,0,0,JP,JPN,392,142,Asia,East Asia,JPN,
2,Rogers Cup Presented By National Bank,https://www.wtatennis.com/resources/v7.42.0/i/elements/itf.png,,ITF,Hard,https://www.wtatennis.com/resources/v7.42.0/i/elements/itf.png,2008-07-28,2008-08-03,2008,7,Montreal,POL,,CA,CAN,124,019,,America,Northern America,CAN,56.0,,60.0,13000.0,64M/64Q/32D,Rogers Cup Presented By National Bank,,Marta Domachowska,,https://www.wtatennis.com/resources/v7.42.0/i/elements/flags/pol.svg,Round of 32,W,"7-5, 5-7, 6-2",https://www.wtatennis.com/players/310338/marta-domachowska,False,False,False,False,False,False,False,3,True,32,18,14,PL,POL,616,150,Europe,Central Europe,POL,"7,5,None|5,7,None|6,2,None"
3,Rogers Cup Presented By National Bank,https://www.wtatennis.com/resources/v7.42.0/i/elements/itf.png,,ITF,Hard,https://www.wtatennis.com/resources/v7.42.0/i/elements/itf.png,2008-07-28,2008-08-03,2008,7,Montreal,,,CA,CAN,124,019,,America,Northern America,CAN,,,60.0,13000.0,64M/64Q/32D,Rogers Cup Presented By National Bank,,,,,Round of 64,,Bye,,False,False,True,False,False,False,False,0,False,0,0,0,,,,,,,,
1,Wimbledon,,https://www.wtatennis.com/tournaments/904/wimbledon/2008,Grand Slam,Grass,https://www.wtatennis.com/resources/v7.42.0/i/elements/gs-tag.svg,2008-06-23,2008-07-05,2008,6,,RUS,,GB,GBR,826,150,,Europe,Northern Europe,ENG,154.0,,60.0,34029.0,128M/128Q/64D,The Championships,,Alla Kudryavtseva,,https://www.wtatennis.com/resources/v7.42.0/i/elements/flags/rus.svg,Round of 64,L,"2-6, 4-6",https://www.wtatennis.com/players/311362/alla-kudryavtseva,False,False,False,False,False,False,False,2,False,18,6,12,RU,RUS,643,150,Europe,Eastern Europe,RUS,"2,6,None|4,6,None"
2,Wimbledon,,https://www.wtatennis.com/tournaments/904/wimbledon/2008,Grand Slam,Grass,https://www.wtatennis.com/resources/v7.42.0/i/elements/gs-tag.svg,2008-06-23,2008-07-05,2008,6,,FRA,,GB,GBR,826,150,,Europe,Northern Europe,ENG,105.0,,60.0,34029.0,128M/128Q/64D,The Championships,,Stéphanie Foretz ,,https://www.wtatennis.com/resources/v7.42.0/i/elements/flags/fra.svg,Round of 128,W,"6-1, 6-4",https://www.wtatennis.com/players/60288/st-phanie-foretz,False,False,False,False,False,False,False,2,True,17,12,5,FR,FRA,250,150,Europe,Western Europe,FRA,"6,1,None|6,4,None"
1,Roland Garros,,https://www.wtatennis.com/tournaments/903/roland-garros/2008,Grand Slam,Clay,https://www.wtatennis.com/resources/v7.42.0/i/elements/gs-tag.svg,2008-05-25,2008-06-07,2008,5,,RUS,,FR,FRA,250,150,,Europe,Western Europe,FRA,14.0,,140.0,92099.0,128M/128Q/64D,Roland Garros,,Dinara Safina,13.0,https://www.wtatennis.com/resources/v7.42.0/i/elements/flags/rus.svg,Round of 16,L,"7-6 (6), 6-7 (5), 2-6",https://www.wtatennis.com/players/190950/dinara-safina,False,False,False,True,True,False,True,3,True,34,15,19,RU,RUS,643,150,Europe,Eastern Europe,RUS,"7,6,6|6,7,5|2,6,None"
2,Roland Garros,,https://www.wtatennis.com/tournaments/903/roland-garros/2008,Grand Slam,Clay,https://www.wtatennis.com/resources/v7.42.0/i/elements/gs-tag.svg,2008-05-25,2008-06-07,2008,5,,ITA,,FR,FRA,250,150,,Europe,Western Europe,FRA,38.0,,140.0,92099.0,128M/128Q/64D,Roland Garros,,Karin Knapp,32.0,https://www.wtatennis.com/resources/v7.42.0/i/elements/flags/ita.svg,Round of 32,W,"7-6 (4), 6-0",https://www.wtatennis.com/players/311299/karin-knapp,False,False,False,True,False,False,True,2,True,19,13,6,IT,ITA,380,150,Europe,Southern Europe,ITA,"7,6,4|6,0,None"
3,Roland Garros,,https://www.wtatennis.com/tournaments/903/roland-garros/2008,Grand Slam,Clay,https://www.wtatennis.com/resources/v7.42.0/i/elements/gs-tag.svg,2008-05-25,2008-06-07,2008,5,,USA,,FR,FRA,250,150,United States of America|America|USA|US,Europe,Western Europe,FRA,106.0,,140.0,92099.0,128M/128Q/64D,Roland Garros,,Bethanie Mattek-Sands,,https://www.wtatennis.com/resources/v7.42.0/i/elements/flags/usa.svg,Round of 64,W,"6-2, 3-6, 6-2",https://www.wtatennis.com/players/130713/bethanie-mattek-sands,False,False,False,False,False,False,False,3,True,25,15,10,US,USA,840,019,America,Northern America,USA,"6,2,None|3,6,None|6,2,None"
4,Roland Garros,,https://www.wtatennis.com/tournaments/903/roland-garros/2008,Grand Slam,Clay,https://www.wtatennis.com/resources/v7.42.0/i/elements/gs-tag.svg,2008-05-25,2008-06-07,2008,5,,RUS,,FR,FRA,250,150,,Europe,Western Europe,FRA,103.0,,140.0,92099.0,128M/128Q/64D,Roland Garros,,Evgeniya Rodina,,https://www.wtatennis.com/resources/v7.42.0/i/elements/flags/rus.svg,Round of 128,W,"6-1, 3-6, 8-6",https://www.wtatennis.com/players/312584/evgeniya-rodina,False,False,False,False,False,False,False,3,True,30,17,13,RU,RUS,643,150,Europe,Eastern Europe,RUS,"6,1,None|3,6,None|8,6,None"
1,"Internazionali  Bnl D'Ltalia 2008- Rome, Italy",https://www.wtatennis.com/resources/v7.42.0/i/elements/itf.png,,ITF,Clay,https://www.wtatennis.com/resources/v7.42.0/i/elements/itf.png,2008-05-12,2008-05-18,2008,5,,SRB,,IT,ITA,380,150,,Europe,Southern Europe,ITA,4.0,,195.0,38125.0,64M/64Q/32D,"Internazionali  Bnl D'Ltalia 2008- Rome, Italy",,Jelena Jankovic,4.0,https://www.wtatennis.com/resources/v7.42.0/i/elements/flags/srb.svg,Semifinals,L,Walkover,https://www.wtatennis.com/players/100153/jelena-jankovic,False,True,False,False,False,False,False,0,False,0,0,0,RS,SRB,688,150,Europe,Southeastern Europe,SRB,
2,"Internazionali  Bnl D'Ltalia 2008- Rome, Italy",https://www.wtatennis.com/resources/v7.42.0/i/elements/itf.png,,ITF,Clay,https://www.wtatennis.com/resources/v7.42.0/i/elements/itf.png,2008-05-12,2008-05-18,2008,5,,SUI,,IT,ITA,380,150,,Europe,Southern Europe,ITA,12.0,,195.0,38125.0,64M/64Q/32D,"Internazionali  Bnl D'Ltalia 2008- Rome, Italy",,Patty Schnyder,9.0,https://www.wtatennis.com/resources/v7.42.0/i/elements/flags/sui.svg,Quarterfinals,W,"6-7 (3), 7-5, 6-2",https://www.wtatennis.com/players/190519/patty-schnyder,False,False,False,True,False,False,True,3,False,33,19,14,CH,CHE,756,150,Europe,Central Europe,SUI,"6,7,3|7,5,None|6,2,None"
3,"Internazionali  Bnl D'Ltalia 2008- Rome, Italy",https://www.wtatennis.com/resources/v7.42.0/i/elements/itf.png,,ITF,Clay,https://www.wtatennis.com/resources/v7.42.0/i/elements/itf.png,2008-05-12,2008-05-18,2008,5,,DEN,,IT,ITA,380,150,,Europe,Southern Europe,ITA,36.0,,195.0,38125.0,64M/64Q/32D,"Internazionali  Bnl D'Ltalia 2008- Rome, Italy",,Caroline Wozniacki,,https://www.wtatennis.com/resources/v7.42.0/i/elements/flags/den.svg,Round of 16,W,"6-4, 7-6 (3)",https://www.wtatennis.com/players/313402/caroline-wozniacki,False,False,False,False,True,False,True,2,True,23,13,10,DK,DNK,208,150,Europe,Northern Europe,DEN,"6,4,None|7,6,3"
4,"Internazionali  Bnl D'Ltalia 2008- Rome, Italy",https://www.wtatennis.com/resources/v7.42.0/i/elements/itf.png,,ITF,Clay,https://www.wtatennis.com/resources/v7.42.0/i/elements/itf.png,2008-05-12,2008-05-18,2008,5,,SVK,,IT,ITA,380,150,,Europe,Southern Europe,ITA,32.0,,195.0,38125.0,64M/64Q/32D,"Internazionali  Bnl D'Ltalia 2008- Rome, Italy",,Dominika Cibulkova,,https://www.wtatennis.com/resources/v7.42.0/i/elements/flags/svk.svg,Round of 32,W,"6-2, 3-6, 6-4",https://www.wtatennis.com/players/312894/dominika-cibulkova,False,False,False,False,False,False,False,3,True,27,15,12,SK,SVK,703,150,Europe,Central Europe,SVK,"6,2,None|3,6,None|6,4,None"
5,"Internazionali  Bnl D'Ltalia 2008- Rome, Italy",https://www.wtatennis.com/resources/v7.42.0/i/elements/itf.png,,ITF,Clay,https://www.wtatennis.com/resources/v7.42.0/i/elements/itf.png,2008-05-12,2008-05-18,2008,5,,,,IT,ITA,380,150,,Europe,Southern Europe,ITA,,,195.0,38125.0,64M/64Q/32D,"Internazionali  Bnl D'Ltalia 2008- Rome, Italy",,,,,Round of 64,,Bye,,False,False,True,False,False,False,False,0,False,0,0,0,,,,,,,,
1,Family Circle Cup,https://www.wtatennis.com/resources/v7.42.0/i/elements/itf.png,,ITF,Clay,https://www.wtatennis.com/resources/v7.42.0/i/elements/itf.png,2008-04-14,2008-04-20,2008,4,Charleston,USA,,,,,,United States of America|America|USA|US,,,South Carolina,9.0,,110.0,26050.0,64M/32Q/32D,Family Circle Cup,,Serena Williams,5.0,https://www.wtatennis.com/resources/v7.42.0/i/elements/flags/usa.svg,Quarterfinals,L,"5-7, 6-4, 1-6",https://www.wtatennis.com/players/230234/serena-williams,False,False,False,False,False,False,False,3,False,29,12,17,US,USA,840,019,America,Northern America,USA,"5,7,None|6,4,None|1,6,None"
2,Family Circle Cup,https://www.wtatennis.com/resources/v7.42.0/i/elements/itf.png,,ITF,Clay,https://www.wtatennis.com/resources/v7.42.0/i/elements/itf.png,2008-04-14,2008-04-20,2008,4,Charleston,UKR,,,,,,,,,South Carolina,66.0,,110.0,26050.0,64M/32Q/32D,Family Circle Cup,,Tatiana Perebiynis,,https://www.wtatennis.com/resources/v7.42.0/i/elements/flags/ukr.svg,Round of 16,W,"7-5, 6-2",https://www.wtatennis.com/players/160405/tatiana-perebiynis,False,False,False,False,False,False,False,2,True,20,13,7,UA,UKR,804,150,Europe,Eastern Europe,UKR,"7,5,None|6,2,None"
3,Family Circle Cup,https://www.wtatennis.com/resources/v7.42.0/i/elements/itf.png,,ITF,Clay,https://www.wtatennis.com/resources/v7.42.0/i/elements/itf.png,2008-04-14,2008-04-20,2008,4,Charleston,USA,,,,,,United States of America|America|USA|US,,,South Carolina,151.0,,110.0,26050.0,64M/32Q/32D,Family Circle Cup,,Bethanie Mattek-Sands,,https://www.wtatennis.com/resources/v7.42.0/i/elements/flags/usa.svg,Round of 32,W,"6-0, 6-0",https://www.wtatennis.com/players/130713/bethanie-mattek-sands,False,False,False,False,False,False,False,2,True,12,12,0,US,USA,840,019,America,Northern America,USA,"6,0,None|6,0,None"
4,Family Circle Cup,https://www.wtatennis.com/resources/v7.42.0/i/elements/itf.png,,ITF,Clay,https://www.wtatennis.com/resources/v7.42.0/i/elements/itf.png,2008-04-14,2008-04-20,2008,4,Charleston,,,,,,,,,,South Carolina,,,110.0,26050.0,64M/32Q/32D,Family Circle Cup,,,,,Round of 64,,Bye,,False,False,True,False,False,False,False,0,False,0,0,0,,,,,,,,
1,Bausch & Lomb Championships,https://www.wtatennis.com/resources/v7.42.0/i/elements/itf.png,,ITF,Clay,https://www.wtatennis.com/resources/v7.42.0/i/elements/itf.png,2008-04-07,2008-04-13,2008,4,Amelia Island,SVK,,,,,,,,,Florida,34.0,,275.0,95500.0,64M/32Q/16D,Bausch & Lomb Championships,,Dominika Cibulkova,,https://www.wtatennis.com/resources/v7.42.0/i/elements/flags/svk.svg,Finals,W,"7-6 (7), 6-3",https://www.wtatennis.com/players/312894/dominika-cibulkova,False,False,False,True,False,False,True,2,True,22,13,9,SK,SVK,703,150,Europe,Central Europe,SVK,"7,6,7|6,3,None"
2,Bausch & Lomb Championships,https://www.wtatennis.com/resources/v7.42.0/i/elements/itf.png,,ITF,Clay,https://www.wtatennis.com/resources/v7.42.0/i/elements/itf.png,2008-04-07,2008-04-13,2008,4,Amelia Island,USA,,,,,,United States of America|America|USA|US,,,Florida,30.0,,275.0,95500.0,64M/32Q/16D,Bausch & Lomb Championships,,Lindsay Davenport,16.0,https://www.wtatennis.com/resources/v7.42.0/i/elements/flags/usa.svg,Semifinals,W,Walkover,https://www.wtatennis.com/players/40106/lindsay-davenport,False,True,False,False,False,False,False,0,False,0,0,0,US,USA,840,019,America,Northern America,USA,
3,Bausch & Lomb Championships,https://www.wtatennis.com/resources/v7.42.0/i/elements/itf.png,,ITF,Clay,https://www.wtatennis.com/resources/v7.42.0/i/elements/itf.png,2008-04-07,2008-04-13,2008,4,Amelia Island,UKR,,,,,,,,,Florida,22.0,,275.0,95500.0,64M/32Q/16D,Bausch & Lomb Championships,,Alona Bondarenko,10.0,https://www.wtatennis.com/resources/v7.42.0/i/elements/flags/ukr.svg,Quarterfinals,W,"6-7 (9), 6-3, 6-2",https://www.wtatennis.com/players/20608/alona-bondarenko,False,False,False,True,False,False,True,3,False,30,18,12,UA,UKR,804,150,Europe,Eastern Europe,UKR,"6,7,9|6,3,None|6,2,None"
4,Bausch & Lomb Championships,https://www.wtatennis.com/resources/v7.42.0/i/elements/itf.png,,ITF,Clay,https://www.wtatennis.com/resources/v7.42.0/i/elements/itf.png,2008-04-07,2008-04-13,2008,4,Amelia Island,ESP,,,,,,Kingdom of Spain,,,Florida,29.0,,275.0,95500.0,64M/32Q/16D,Bausch & Lomb Championships,,Anabel Medina Garrigues,15.0,https://www.wtatennis.com/resources/v7.42.0/i/elements/flags/esp.svg,Round of 16,W,"7-6 (3), 5-7, 7-6 (1)",https://www.wtatennis.com/players/130611/anabel-medina-garrigues,False,False,False,True,False,True,True,3,True,38,19,19,ES,ESP,724,150,Europe,Southern Europe,ESP,"7,6,3|5,7,None|7,6,1"
5,Bausch & Lomb Championships,https://www.wtatennis.com/resources/v7.42.0/i/elements/itf.png,,ITF,Clay,https://www.wtatennis.com/resources/v7.42.0/i/elements/itf.png,2008-04-07,2008-04-13,2008,4,Amelia Island,CZE,,,,,,,,,Florida,149.0,,275.0,95500.0,64M/32Q/16D,Bausch & Lomb Championships,,Barbora Strycova,,https://www.wtatennis.com/resources/v7.42.0/i/elements/flags/cze.svg,Round of 32,W,"6-1, 6-3",https://www.wtatennis.com/players/190879/barbora-strycova,False,False,False,False,False,False,False,2,True,16,12,4,CZ,CZE,203,150,Europe,Central Europe,CZE,"6,1,None|6,3,None"
6,Bausch & Lomb Championships,https://www.wtatennis.com/resources/v7.42.0/i/elements/itf.png,,ITF,Clay,https://www.wtatennis.com/resources/v7.42.0/i/elements/itf.png,2008-04-07,2008-04-13,2008,4,Amelia Island,,,,,,,,,,Florida,,,275.0,95500.0,64M/32Q/16D,Bausch & Lomb Championships,,,,,Round of 64,,Bye,,False,False,True,False,False,False,False,0,False,0,0,0,,,,,,,,
1,Pacific Life Open,https://www.wtatennis.com/resources/v7.42.0/i/elements/itf.png,,ITF,Hard,https://www.wtatennis.com/resources/v7.42.0/i/elements/itf.png,2008-03-12,2008-03-23,2008,3,Indian Wells,RUS,,,,,,,,,California,3.0,,210.0,80000.0,128M/64Q/32D,Pacific Life Open,,Svetlana Kuznetsova,2.0,https://www.wtatennis.com/resources/v7.42.0/i/elements/flags/rus.svg,Semifinals,L,"3-6, 7-5, 2-6",https://www.wtatennis.com/players/110552/svetlana-kuznetsova,False,False,False,False,False,False,False,3,False,29,12,17,RU,RUS,643,150,Europe,Eastern Europe,RUS,"3,6,None|7,5,None|2,6,None"
2,Pacific Life Open,https://www.wtatennis.com/resources/v7.42.0/i/elements/itf.png,,ITF,Hard,https://www.wtatennis.com/resources/v7.42.0/i/elements/itf.png,2008-03-12,2008-03-23,2008,3,Indian Wells,SVK,,,,,,,,,California,8.0,,210.0,80000.0,128M/64Q/32D,Pacific Life Open,,Daniela Hantuchova,5.0,https://www.wtatennis.com/resources/v7.42.0/i/elements/flags/svk.svg,Quarterfinals,W,"7-6 (2), 6-1",https://www.wtatennis.com/players/80394/daniela-hantuchova,False,False,False,True,False,False,True,2,True,20,13,7,SK,SVK,703,150,Europe,Central Europe,SVK,"7,6,2|6,1,None"
3,Pacific Life Open,https://www.wtatennis.com/resources/v7.42.0/i/elements/itf.png,,ITF,Hard,https://www.wtatennis.com/resources/v7.42.0/i/elements/itf.png,2008-03-12,2008-03-23,2008,3,Indian Wells,UKR,,,,,,,,,California,24.0,,210.0,80000.0,128M/64Q/32D,Pacific Life Open,,Alona Bondarenko,15.0,https://www.wtatennis.com/resources/v7.42.0/i/elements/flags/ukr.svg,Round of 16,W,"6-2, 5-7, 6-4",https://www.wtatennis.com/players/20608/alona-bondarenko,False,False,False,False,False,False,False,3,True,30,17,13,UA,UKR,804,150,Europe,Eastern Europe,UKR,"6,2,None|5,7,None|6,4,None"
4,Pacific Life Open,https://www.wtatennis.com/resources/v7.42.0/i/elements/itf.png,,ITF,Hard,https://www.wtatennis.com/resources/v7.42.0/i/elements/itf.png,2008-03-12,2008-03-23,2008,3,Indian Wells,GRE,,,,,,,,,California,37.0,,210.0,80000.0,128M/64Q/32D,Pacific Life Open,,Eleni Daniilidou,25.0,https://www.wtatennis.com/resources/v7.42.0/i/elements/flags/gre.svg,Round of 32,W,"7-5, 6-3",https://www.wtatennis.com/players/40313/eleni-daniilidou,False,False,False,False,False,False,False,2,True,21,13,8,GR,GRC,300,150,Europe,Southeastern Europe,GRE,"7,5,None|6,3,None"
5,Pacific Life Open,https://www.wtatennis.com/resources/v7.42.0/i/elements/itf.png,,ITF,Hard,https://www.wtatennis.com/resources/v7.42.0/i/elements/itf.png,2008-03-12,2008-03-23,2008,3,Indian Wells,FRA,,,,,,,,,California,126.0,,210.0,80000.0,128M/64Q/32D,Pacific Life Open,,Stéphanie Cohen-Aloro,,https://www.wtatennis.com/resources/v7.42.0/i/elements/flags/fra.svg,Round of 64,W,"6-1, 6-0",https://www.wtatennis.com/players/30501/st-phanie-cohen-aloro,False,False,False,False,False,False,False,2,True,13,12,1,FR,FRA,250,150,Europe,Western Europe,FRA,"6,1,None|6,0,None"
6,Pacific Life Open,https://www.wtatennis.com/resources/v7.42.0/i/elements/itf.png,,ITF,Hard,https://www.wtatennis.com/resources/v7.42.0/i/elements/itf.png,2008-03-12,2008-03-23,2008,3,Indian Wells,,,,,,,,,,California,,,210.0,80000.0,128M/64Q/32D,Pacific Life Open,,,,,Round of 128,,Bye,,False,False,True,False,False,False,False,0,False,0,0,0,,,,,,,,
1,Qatar Total Open,https://www.wtatennis.com/resources/v7.42.0/i/elements/itf.png,,ITF,Hard,https://www.wtatennis.com/resources/v7.42.0/i/elements/itf.png,2008-02-18,2008-02-24,2008,2,Doha,RUS,,QA,QAT,634,142,,Asia,Western Asia,QAT,27.0,,465.0,414000.0,64M/32Q/32D,Qatar Total Open,,Vera Zvonareva,,https://www.wtatennis.com/resources/v7.42.0/i/elements/flags/rus.svg,Finals,W,"6-1, 2-6, 6-0",https://www.wtatennis.com/players/260142/vera-zvonareva,False,False,False,False,False,False,False,3,True,21,14,7,RU,RUS,643,150,Europe,Eastern Europe,RUS,"6,1,None|2,6,None|6,0,None"
2,Qatar Total Open,https://www.wtatennis.com/resources/v7.42.0/i/elements/itf.png,,ITF,Hard,https://www.wtatennis.com/resources/v7.42.0/i/elements/itf.png,2008-02-18,2008-02-24,2008,2,Doha,POL,,QA,QAT,634,142,,Asia,Western Asia,QAT,20.0,,465.0,414000.0,64M/32Q/32D,Qatar Total Open,,Agnieszka Radwanska,16.0,https://www.wtatennis.com/resources/v7.42.0/i/elements/flags/pol.svg,Semifinals,W,"6-4, 6-3",https://www.wtatennis.com/players/312251/agnieszka-radwanska,False,False,False,False,False,False,False,2,True,19,12,7,PL,POL,616,150,Europe,Central Europe,POL,"6,4,None|6,3,None"
3,Qatar Total Open,https://www.wtatennis.com/resources/v7.42.0/i/elements/itf.png,,ITF,Hard,https://www.wtatennis.com/resources/v7.42.0/i/elements/itf.png,2008-02-18,2008-02-24,2008,2,Doha,DEN,,QA,QAT,634,142,,Asia,Western Asia,QAT,53.0,,465.0,414000.0,64M/32Q/32D,Qatar Total Open,,Caroline Wozniacki,,https://www.wtatennis.com/resources/v7.42.0/i/elements/flags/den.svg,Quarterfinals,W,"6-0, 6-1",https://www.wtatennis.com/players/313402/caroline-wozniacki,False,False,False,False,False,False,False,2,True,13,12,1,DK,DNK,208,150,Europe,Northern Europe,DEN,"6,0,None|6,1,None"
4,Qatar Total Open,https://www.wtatennis.com/resources/v7.42.0/i/elements/itf.png,,ITF,Hard,https://www.wtatennis.com/resources/v7.42.0/i/elements/itf.png,2008-02-18,2008-02-24,2008,2,Doha,THA,,QA,QAT,634,142,,Asia,Western Asia,QAT,101.0,,465.0,414000.0,64M/32Q/32D,Qatar Total Open,,Tamarine Tanasugarn,,https://www.wtatennis.com/resources/v7.42.0/i/elements/flags/tha.svg,Round of 16,W,"6-2, 6-2",https://www.wtatennis.com/players/200137/tamarine-tanasugarn,False,False,False,False,False,False,False,2,True,16,12,4,TH,THA,764,142,Asia,Southeast Asia,THA,"6,2,None|6,2,None"
5,Qatar Total Open,https://www.wtatennis.com/resources/v7.42.0/i/elements/itf.png,,ITF,Hard,https://www.wtatennis.com/resources/v7.42.0/i/elements/itf.png,2008-02-18,2008-02-24,2008,2,Doha,KAZ,,QA,QAT,634,142,,Asia,Western Asia,QAT,126.0,,465.0,414000.0,64M/32Q/32D,Qatar Total Open,,Galina Voskoboeva,,https://www.wtatennis.com/resources/v7.42.0/i/elements/flags/kaz.svg,Round of 32,W,"6-4, 4-6, 6-1",https://www.wtatennis.com/players/310419/galina-voskoboeva,False,False,False,False,False,False,False,3,True,27,16,11,KZ,KAZ,398,142,Asia,Central Asia,KAZ,"6,4,None|4,6,None|6,1,None"
6,Qatar Total Open,https://www.wtatennis.com/resources/v7.42.0/i/elements/itf.png,,ITF,Hard,https://www.wtatennis.com/resources/v7.42.0/i/elements/itf.png,2008-02-18,2008-02-24,2008,2,Doha,,,QA,QAT,634,142,,Asia,Western Asia,QAT,,,465.0,414000.0,64M/32Q/32D,Qatar Total Open,,,,,Round of 64,,Bye,,False,False,True,False,False,False,False,0,False,0,0,0,,,,,,,,
1,Fed Cup World Group 1 Wk1,https://www.wtatennis.com/resources/v7.42.0/i/elements/itf.png,,ITF,Hard,https://www.wtatennis.com/resources/v7.42.0/i/elements/itf.png,2008-02-02,2008-02-03,2008,2,Ramat Hasharon,ISR,,IL,ISR,376,142,,Asia,Western Asia,ISR,85.0,,,,8M/0Q/2D,Fed Cup World Group 1 Wk1,,Tzipora Obziler,,https://www.wtatennis.com/resources/v7.42.0/i/elements/flags/isr.svg,Round 1 R1,W,"6-0, 6-4",https://www.wtatennis.com/players/150048/tzipora-obziler,False,False,False,False,False,False,False,2,True,16,12,4,IL,ISR,376,142,Asia,Western Asia,ISR,"6,0,None|6,4,None"
2,Fed Cup World Group 1 Wk1,https://www.wtatennis.com/resources/v7.42.0/i/elements/itf.png,,ITF,Hard,https://www.wtatennis.com/resources/v7.42.0/i/elements/itf.png,2008-02-02,2008-02-03,2008,2,Ramat Hasharon,ISR,,IL,ISR,376,142,,Asia,Western Asia,ISR,17.0,,,,8M/0Q/2D,Fed Cup World Group 1 Wk1,,Shahar Peer,,https://www.wtatennis.com/resources/v7.42.0/i/elements/flags/isr.svg,Round 1 R1,W,"6-1, 6-1",https://www.wtatennis.com/players/311168/shahar-peer,False,False,False,False,False,False,False,2,True,14,12,2,IL,ISR,376,142,Asia,Western Asia,ISR,"6,1,None|6,1,None"
1,Australian Open,,https://www.wtatennis.com/tournaments/901/australian-open/2008,Grand Slam,Hard,https://www.wtatennis.com/resources/v7.42.0/i/elements/gs-tag.svg,2008-01-14,2008-01-27,2008,1,,SRB,,AU,AUS,036,009,,Oceania,Australasia,AUS,3.0,,1000.0,1145076.0,128M/128Q/64D,Australian Open,,Ana Ivanovic,4.0,https://www.wtatennis.com/resources/v7.42.0/i/elements/flags/srb.svg,Finals,W,"7-5, 6-3",https://www.wtatennis.com/players/311710/ana-ivanovic,False,False,False,False,False,False,False,2,True,21,13,8,RS,SRB,688,150,Europe,Southeastern Europe,SRB,"7,5,None|6,3,None"
2,Australian Open,,https://www.wtatennis.com/tournaments/901/australian-open/2008,Grand Slam,Hard,https://www.wtatennis.com/resources/v7.42.0/i/elements/gs-tag.svg,2008-01-14,2008-01-27,2008,1,,SRB,,AU,AUS,036,009,,Oceania,Australasia,AUS,4.0,,1000.0,1145076.0,128M/128Q/64D,Australian Open,,Jelena Jankovic,3.0,https://www.wtatennis.com/resources/v7.42.0/i/elements/flags/srb.svg,Semifinals,W,"6-3, 6-1",https://www.wtatennis.com/players/100153/jelena-jankovic,False,False,False,False,False,False,False,2,True,16,12,4,RS,SRB,688,150,Europe,Southeastern Europe,SRB,"6,3,None|6,1,None"
3,Australian Open,,https://www.wtatennis.com/tournaments/901/australian-open/2008,Grand Slam,Hard,https://www.wtatennis.com/resources/v7.42.0/i/elements/gs-tag.svg,2008-01-14,2008-01-27,2008,1,,BEL,,AU,AUS,036,009,,Oceania,Australasia,AUS,1.0,,1000.0,1145076.0,128M/128Q/64D,Australian Open,,Justine Henin,1.0,https://www.wtatennis.com/resources/v7.42.0/i/elements/flags/bel.svg,Quarterfinals,W,"6-4, 6-0",https://www.wtatennis.com/players/80350/justine-henin,False,False,False,False,False,False,False,2,True,16,12,4,BE,BEL,056,150,Europe,Western Europe,BEL,"6,4,None|6,0,None"
4,Australian Open,,https://www.wtatennis.com/tournaments/901/australian-open/2008,Grand Slam,Hard,https://www.wtatennis.com/resources/v7.42.0/i/elements/gs-tag.svg,2008-01-14,2008-01-27,2008,1,,RUS,,AU,AUS,036,009,,Oceania,Australasia,AUS,11.0,,1000.0,1145076.0,128M/128Q/64D,Australian Open,,Elena Dementieva,11.0,https://www.wtatennis.com/resources/v7.42.0/i/elements/flags/rus.svg,Round of 16,W,"6-2, 6-0",https://www.wtatennis.com/players/40289/elena-dementieva,False,False,False,False,False,False,False,2,True,14,12,2,RU,RUS,643,150,Europe,Eastern Europe,RUS,"6,2,None|6,0,None"
5,Australian Open,,https://www.wtatennis.com/tournaments/901/australian-open/2008,Grand Slam,Hard,https://www.wtatennis.com/resources/v7.42.0/i/elements/gs-tag.svg,2008-01-14,2008-01-27,2008,1,,RUS,,AU,AUS,036,009,,Oceania,Australasia,AUS,55.0,,1000.0,1145076.0,128M/128Q/64D,Australian Open,,Elena Vesnina,,https://www.wtatennis.com/resources/v7.42.0/i/elements/flags/rus.svg,Round of 32,W,"6-3, 6-0",https://www.wtatennis.com/players/311220/elena-vesnina,False,False,False,False,False,False,False,2,True,15,12,3,RU,RUS,643,150,Europe,Eastern Europe,RUS,"6,3,None|6,0,None"
6,Australian Open,,https://www.wtatennis.com/tournaments/901/australian-open/2008,Grand Slam,Hard,https://www.wtatennis.com/resources/v7.42.0/i/elements/gs-tag.svg,2008-01-14,2008-01-27,2008,1,,USA,,AU,AUS,036,009,United States of America|America|USA|US,Oceania,Australasia,AUS,51.0,,1000.0,1145076.0,128M/128Q/64D,Australian Open,,Lindsay Davenport,,https://www.wtatennis.com/resources/v7.42.0/i/elements/flags/usa.svg,Round of 64,W,"6-1, 6-3",https://www.wtatennis.com/players/40106/lindsay-davenport,False,False,False,False,False,False,False,2,True,16,12,4,US,USA,840,019,America,Northern America,USA,"6,1,None|6,3,None"
7,Australian Open,,https://www.wtatennis.com/tournaments/901/australian-open/2008,Grand Slam,Hard,https://www.wtatennis.com/resources/v7.42.0/i/elements/gs-tag.svg,2008-01-14,2008-01-27,2008,1,,CRO,,AU,AUS,036,009,,Oceania,Australasia,AUS,102.0,,1000.0,1145076.0,128M/128Q/64D,Australian Open,,Jelena Kostanic Tosic,,https://www.wtatennis.com/resources/v7.42.0/i/elements/flags/cro.svg,Round of 128,W,"6-4, 6-3",https://www.wtatennis.com/players/110380/jelena-kostanic-tosic,False,False,False,False,False,False,False,2,True,19,12,7,HR,HRV,191,150,Europe,Southeastern Europe,CRO,"6,4,None|6,3,None"
1,Sony Ericsson Championships,,https://www.wtatennis.com/tournaments/808/wta-finals/2007,Finals,Hard,https://www.wtatennis.com/resources/v7.42.0/i/elements/finals-tag.svg,2007-11-06,2007-11-11,2007,11,,BEL,,ES,ESP,724,150,,Europe,Southern Europe,ESP,1.0,,525.0,500000.0,8M/0Q/4D,Sony Ericsson Championships,,Justine Henin,,https://www.wtatennis.com/resources/v7.42.0/i/elements/flags/bel.svg,Finals,L,"7-5, 5-7, 3-6",https://www.wtatennis.com/players/80350/justine-henin,False,False,False,False,False,False,False,3,True,33,15,18,BE,BEL,056,150,Europe,Western Europe,BEL,"7,5,None|5,7,None|3,6,None"
2,Sony Ericsson Championships,,https://www.wtatennis.com/tournaments/808/wta-finals/2007,Finals,Hard,https://www.wtatennis.com/resources/v7.42.0/i/elements/finals-tag.svg,2007-11-06,2007-11-11,2007,11,,RUS,,ES,ESP,724,150,,Europe,Southern Europe,ESP,7.0,,525.0,500000.0,8M/0Q/4D,Sony Ericsson Championships,,Anna Chakvetadze,,https://www.wtatennis.com/resources/v7.42.0/i/elements/flags/rus.svg,Semifinals,W,"6-2, 6-2",https://www.wtatennis.com/players/310623/anna-chakvetadze,False,False,False,False,False,False,False,2,True,16,12,4,RU,RUS,643,150,Europe,Eastern Europe,RUS,"6,2,None|6,2,None"
3,Sony Ericsson Championships,,https://www.wtatennis.com/tournaments/808/wta-finals/2007,Finals,Hard,https://www.wtatennis.com/resources/v7.42.0/i/elements/finals-tag.svg,2007-11-06,2007-11-11,2007,11,,SVK,,ES,ESP,724,150,,Europe,Southern Europe,ESP,9.0,,525.0,500000.0,8M/0Q/4D,Sony Ericsson Championships,,Daniela Hantuchova,,https://www.wtatennis.com/resources/v7.42.0/i/elements/flags/svk.svg,Group Stage Group,W,"6-4, 7-5",https://www.wtatennis.com/players/80394/daniela-hantuchova,False,False,False,False,False,False,False,2,True,22,13,9,SK,SVK,703,150,Europe,Central Europe,SVK,"6,4,None|7,5,None"
4,Sony Ericsson Championships,,https://www.wtatennis.com/tournaments/808/wta-finals/2007,Finals,Hard,https://www.wtatennis.com/resources/v7.42.0/i/elements/finals-tag.svg,2007-11-06,2007-11-11,2007,11,,RUS,,ES,ESP,724,150,,Europe,Southern Europe,ESP,2.0,,525.0,500000.0,8M/0Q/4D,Sony Ericsson Championships,,Svetlana Kuznetsova,,https://www.wtatennis.com/resources/v7.42.0/i/elements/flags/rus.svg,Group Stage Group,W,"5-7, 6-2, 6-2",https://www.wtatennis.com/players/110552/svetlana-kuznetsova,False,False,False,False,False,False,False,3,False,28,17,11,RU,RUS,643,150,Europe,Eastern Europe,RUS,"5,7,None|6,2,None|6,2,None"
5,Sony Ericsson Championships,,https://www.wtatennis.com/tournaments/808/wta-finals/2007,Finals,Hard,https://www.wtatennis.com/resources/v7.42.0/i/elements/finals-tag.svg,2007-11-06,2007-11-11,2007,11,,SRB,,ES,ESP,724,150,,Europe,Southern Europe,ESP,4.0,,525.0,500000.0,8M/0Q/4D,Sony Ericsson Championships,,Ana Ivanovic,,https://www.wtatennis.com/resources/v7.42.0/i/elements/flags/srb.svg,Group Stage Group,W,"6-1, 6-2",https://www.wtatennis.com/players/311710/ana-ivanovic,False,False,False,False,False,False,False,2,True,15,12,3,RS,SRB,688,150,Europe,Southeastern Europe,SRB,"6,1,None|6,2,None"
1,Kremlin Cup,https://www.wtatennis.com/resources/v7.42.0/i/elements/itf.png,,ITF,Carpet,https://www.wtatennis.com/resources/v7.42.0/i/elements/itf.png,2007-10-08,2007-10-14,2007,10,Moscow,BLR,,RU,RUS,643,150,,Europe,Eastern Europe,RUS,32.0,W,1.0,15130.0,32M/32Q/16D,Kremlin Cup,,Victoria Azarenka,,https://www.wtatennis.com/resources/v7.42.0/i/elements/flags/blr.svg,Round of 16,L,"6-7 (9), 2-6",https://www.wtatennis.com/players/312001/victoria-azarenka,False,False,False,True,False,False,True,2,False,21,8,13,BY,BLR,112,150,Europe,Eastern Europe,BLR,"6,7,9|2,6,None"
2,Kremlin Cup,https://www.wtatennis.com/resources/v7.42.0/i/elements/itf.png,,ITF,Carpet,https://www.wtatennis.com/resources/v7.42.0/i/elements/itf.png,2007-10-08,2007-10-14,2007,10,Moscow,,,RU,RUS,643,150,,Europe,Eastern Europe,RUS,,W,1.0,15130.0,32M/32Q/16D,Kremlin Cup,,,,,Round of 32,,Bye,,False,False,True,False,False,False,False,0,False,0,0,0,,,,,,,,
1,Us Open,,https://www.wtatennis.com/tournaments/905/us-open/2007,Grand Slam,Hard,https://www.wtatennis.com/resources/v7.42.0/i/elements/gs-tag.svg,2007-08-27,2007-09-09,2007,8,,POL,,US,USA,840,019,,America,Northern America,USA,32.0,,90.0,42271.0,128M/128Q/64D,Us Open,,Agnieszka Radwanska,30.0,https://www.wtatennis.com/resources/v7.42.0/i/elements/flags/pol.svg,Round of 32,L,"4-6, 6-1, 2-6",https://www.wtatennis.com/players/312251/agnieszka-radwanska,False,False,False,False,False,False,False,3,False,25,12,13,PL,POL,616,150,Europe,Central Europe,POL,"4,6,None|6,1,None|2,6,None"
2,Us Open,,https://www.wtatennis.com/tournaments/905/us-open/2007,Grand Slam,Hard,https://www.wtatennis.com/resources/v7.42.0/i/elements/gs-tag.svg,2007-08-27,2007-09-09,2007,8,,AUS,,US,USA,840,019,,America,Northern America,USA,90.0,,90.0,42271.0,128M/128Q/64D,Us Open,,Casey Dellacqua,,https://www.wtatennis.com/resources/v7.42.0/i/elements/flags/aus.svg,Round of 64,W,"6-1, 6-0",https://www.wtatennis.com/players/310730/casey-dellacqua,False,False,False,False,False,False,False,2,True,13,12,1,AU,AUS,036,009,Oceania,Australasia,AUS,"6,1,None|6,0,None"
3,Us Open,,https://www.wtatennis.com/tournaments/905/us-open/2007,Grand Slam,Hard,https://www.wtatennis.com/resources/v7.42.0/i/elements/gs-tag.svg,2007-08-27,2007-09-09,2007,8,,ITA,,US,USA,840,019,,America,Northern America,USA,51.0,,90.0,42271.0,128M/128Q/64D,Us Open,,Roberta Vinci,,https://www.wtatennis.com/resources/v7.42.0/i/elements/flags/ita.svg,Round of 128,W,"6-0, 6-1",https://www.wtatennis.com/players/220214/roberta-vinci,False,False,False,False,False,False,False,2,True,13,12,1,IT,ITA,380,150,Europe,Southern Europe,ITA,"6,0,None|6,1,None"
1,La Open Presented By Herbalife,https://www.wtatennis.com/resources/v7.42.0/i/elements/itf.png,,ITF,Hard,https://www.wtatennis.com/resources/v7.42.0/i/elements/itf.png,2007-08-06,2007-08-12,2007,8,Los Angeles,RUS,,,,,,,,,California,9.0,,125.0,17517.0,64M/32Q/16D,La Open Presented By Herbalife,,Nadia Petrova,4.0,https://www.wtatennis.com/resources/v7.42.0/i/elements/flags/rus.svg,Semifinals,L,Walkover,https://www.wtatennis.com/players/160379/nadia-petrova,False,True,False,False,False,False,False,0,False,0,0,0,RU,RUS,643,150,Europe,Eastern Europe,RUS,
2,La Open Presented By Herbalife,https://www.wtatennis.com/resources/v7.42.0/i/elements/itf.png,,ITF,Hard,https://www.wtatennis.com/resources/v7.42.0/i/elements/itf.png,2007-08-06,2007-08-12,2007,8,Los Angeles,RUS,,,,,,,,,California,13.0,,125.0,17517.0,64M/32Q/16D,La Open Presented By Herbalife,,Elena Dementieva,9.0,https://www.wtatennis.com/resources/v7.42.0/i/elements/flags/rus.svg,Quarterfinals,W,"6-3, 6-4",https://www.wtatennis.com/players/40289/elena-dementieva,False,False,False,False,False,False,False,2,True,19,12,7,RU,RUS,643,150,Europe,Eastern Europe,RUS,"6,3,None|6,4,None"
3,La Open Presented By Herbalife,https://www.wtatennis.com/resources/v7.42.0/i/elements/itf.png,,ITF,Hard,https://www.wtatennis.com/resources/v7.42.0/i/elements/itf.png,2007-08-06,2007-08-12,2007,8,Los Angeles,NED,,,,,,,,,California,34.0,,125.0,17517.0,64M/32Q/16D,La Open Presented By Herbalife,,Michaella Krajicek,,https://www.wtatennis.com/resources/v7.42.0/i/elements/flags/ned.svg,Round of 16,W,"7-6 (4), 6-7 (3), 6-4",https://www.wtatennis.com/players/311578/michaella-krajicek,False,False,False,True,True,False,True,3,True,36,19,17,NL,NLD,528,150,Europe,Western Europe,NED,"7,6,4|6,7,3|6,4,None"
4,La Open Presented By Herbalife,https://www.wtatennis.com/resources/v7.42.0/i/elements/itf.png,,ITF,Hard,https://www.wtatennis.com/resources/v7.42.0/i/elements/itf.png,2007-08-06,2007-08-12,2007,8,Los Angeles,GRE,,,,,,,,,California,43.0,,125.0,17517.0,64M/32Q/16D,La Open Presented By Herbalife,,Eleni Daniilidou,,https://www.wtatennis.com/resources/v7.42.0/i/elements/flags/gre.svg,Round of 32,W,"7-65, 3-1",https://www.wtatennis.com/players/40313/eleni-daniilidou,True,False,False,True,False,False,True,2,True,76,10,66,GR,GRC,300,150,Europe,Southeastern Europe,GRE,"7,65,None|3,1,None|Ret"
5,La Open Presented By Herbalife,https://www.wtatennis.com/resources/v7.42.0/i/elements/itf.png,,ITF,Hard,https://www.wtatennis.com/resources/v7.42.0/i/elements/itf.png,2007-08-06,2007-08-12,2007,8,Los Angeles,,,,,,,,,,California,,,125.0,17517.0,64M/32Q/16D,La Open Presented By Herbalife,,,,,Round of 64,,Bye,,False,False,True,False,False,False,False,0,False,0,0,0,,,,,,,,
1,Acura Classic,https://www.wtatennis.com/resources/v7.42.0/i/elements/itf.png,,ITF,Hard,https://www.wtatennis.com/resources/v7.42.0/i/elements/itf.png,2007-07-30,2007-08-05,2007,7,San Diego,SUI,,,,,,,,,California,17.0,,430.0,181980.0,64M/32Q/32D,Acura Classic,,Patty Schnyder,11.0,https://www.wtatennis.com/resources/v7.42.0/i/elements/flags/sui.svg,Finals,W,"6-2, 3-6, 6-0",https://www.wtatennis.com/players/190519/patty-schnyder,False,False,False,False,False,False,False,3,True,23,15,8,CH,CHE,756,150,Europe,Central Europe,SUI,"6,2,None|3,6,None|6,0,None"
2,Acura Classic,https://www.wtatennis.com/resources/v7.42.0/i/elements/itf.png,,ITF,Hard,https://www.wtatennis.com/resources/v7.42.0/i/elements/itf.png,2007-07-30,2007-08-05,2007,7,San Diego,RUS,,,,,,,,,California,6.0,,430.0,181980.0,64M/32Q/32D,Acura Classic,,Anna Chakvetadze,3.0,https://www.wtatennis.com/resources/v7.42.0/i/elements/flags/rus.svg,Semifinals,W,"6-3, 6-2",https://www.wtatennis.com/players/310623/anna-chakvetadze,False,False,False,False,False,False,False,2,True,17,12,5,RU,RUS,643,150,Europe,Eastern Europe,RUS,"6,3,None|6,2,None"
3,Acura Classic,https://www.wtatennis.com/resources/v7.42.0/i/elements/itf.png,,ITF,Hard,https://www.wtatennis.com/resources/v7.42.0/i/elements/itf.png,2007-07-30,2007-08-05,2007,7,San Diego,IND,,,,,,,,,California,31.0,,430.0,181980.0,64M/32Q/32D,Acura Classic,,Sania Mirza,,https://www.wtatennis.com/resources/v7.42.0/i/elements/flags/ind.svg,Quarterfinals,W,"6-2, 6-1",https://www.wtatennis.com/players/310112/sania-mirza,False,False,False,False,False,False,False,2,True,15,12,3,IN,IND,356,142,Asia,South Asia,IND,"6,2,None|6,1,None"
4,Acura Classic,https://www.wtatennis.com/resources/v7.42.0/i/elements/itf.png,,ITF,Hard,https://www.wtatennis.com/resources/v7.42.0/i/elements/itf.png,2007-07-30,2007-08-05,2007,7,San Diego,FRA,,,,,,,,,California,19.0,,430.0,181980.0,64M/32Q/32D,Acura Classic,,Tatiana Golovin,13.0,https://www.wtatennis.com/resources/v7.42.0/i/elements/flags/fra.svg,Round of 16,W,"6-0, 6-3",https://www.wtatennis.com/players/310774/tatiana-golovin,False,False,False,False,False,False,False,2,True,15,12,3,FR,FRA,250,150,Europe,Western Europe,FRA,"6,0,None|6,3,None"
5,Acura Classic,https://www.wtatennis.com/resources/v7.42.0/i/elements/itf.png,,ITF,Hard,https://www.wtatennis.com/resources/v7.42.0/i/elements/itf.png,2007-07-30,2007-08-05,2007,7,San Diego,THA,,,,,,,,,California,85.0,,430.0,181980.0,64M/32Q/32D,Acura Classic,,Tamarine Tanasugarn,,https://www.wtatennis.com/resources/v7.42.0/i/elements/flags/tha.svg,Round of 32,W,"6-1, 6-3",https://www.wtatennis.com/players/200137/tamarine-tanasugarn,False,False,False,False,False,False,False,2,True,16,12,4,TH,THA,764,142,Asia,Southeast Asia,THA,"6,1,None|6,3,None"
6,Acura Classic,https://www.wtatennis.com/resources/v7.42.0/i/elements/itf.png,,ITF,Hard,https://www.wtatennis.com/resources/v7.42.0/i/elements/itf.png,2007-07-30,2007-08-05,2007,7,San Diego,,,,,,,,,,California,,,430.0,181980.0,64M/32Q/32D,Acura Classic,,,,,Round of 64,,Bye,,False,False,True,False,False,False,False,0,False,0,0,0,,,,,,,,
1,Wimbledon,,https://www.wtatennis.com/tournaments/904/wimbledon/2007,Grand Slam,Grass,https://www.wtatennis.com/resources/v7.42.0/i/elements/gs-tag.svg,2007-06-25,2007-07-07,2007,6,,USA,,GB,GBR,826,150,United States of America|America|USA|US,Europe,Northern Europe,ENG,31.0,,140.0,88076.0,128M/128Q/64D,The Championships,,Venus Williams,23.0,https://www.wtatennis.com/resources/v7.42.0/i/elements/flags/usa.svg,Round of 16,L,"1-6, 3-6",https://www.wtatennis.com/players/230220/venus-williams,False,False,False,False,False,False,False,2,False,16,4,12,US,USA,840,019,America,Northern America,USA,"1,6,None|3,6,None"
2,Wimbledon,,https://www.wtatennis.com/tournaments/904/wimbledon/2007,Grand Slam,Grass,https://www.wtatennis.com/resources/v7.42.0/i/elements/gs-tag.svg,2007-06-25,2007-07-07,2007,6,,JPN,,GB,GBR,826,150,,Europe,Northern Europe,ENG,27.0,,140.0,88076.0,128M/128Q/64D,The Championships,,Ai Sugiyama,26.0,https://www.wtatennis.com/resources/v7.42.0/i/elements/flags/jpn.svg,Round of 32,W,"6-3, 6-3",https://www.wtatennis.com/players/190353/ai-sugiyama,False,False,False,False,False,False,False,2,True,18,12,6,JP,JPN,392,142,Asia,East Asia,JPN,"6,3,None|6,3,None"
3,Wimbledon,,https://www.wtatennis.com/tournaments/904/wimbledon/2007,Grand Slam,Grass,https://www.wtatennis.com/resources/v7.42.0/i/elements/gs-tag.svg,2007-06-25,2007-07-07,2007,6,,FRA,,GB,GBR,826,150,,Europe,Northern Europe,ENG,37.0,,140.0,88076.0,128M/128Q/64D,The Championships,,Severine Beltrame,,https://www.wtatennis.com/resources/v7.42.0/i/elements/flags/fra.svg,Round of 64,W,"6-0, 6-3",https://www.wtatennis.com/players/20553/severine-beltrame,False,False,False,False,False,False,False,2,True,15,12,3,FR,FRA,250,150,Europe,Western Europe,FRA,"6,0,None|6,3,None"
4,Wimbledon,,https://www.wtatennis.com/tournaments/904/wimbledon/2007,Grand Slam,Grass,https://www.wtatennis.com/resources/v7.42.0/i/elements/gs-tag.svg,2007-06-25,2007-07-07,2007,6,,TPE,,GB,GBR,826,150,,Europe,Northern Europe,ENG,51.0,,140.0,88076.0,128M/128Q/64D,The Championships,,Latisha Chan,,https://www.wtatennis.com/resources/v7.42.0/i/elements/flags/tpe.svg,Round of 128,W,"6-1, 7-5",https://www.wtatennis.com/players/312015/latisha-chan,False,False,False,False,False,False,False,2,True,19,13,6,,,,,,,TPE,"6,1,None|7,5,None"
1,Dfs Classic,https://www.wtatennis.com/resources/v7.42.0/i/elements/itf.png,,ITF,Grass,https://www.wtatennis.com/resources/v7.42.0/i/elements/itf.png,2007-06-11,2007-06-17,2007,6,Birmingham,SRB,,GB,GBR,826,150,,Europe,Northern Europe,ENG,3.0,W,100.0,14790.0,64M/32Q/16D,Dfs Classic,,Jelena Jankovic,2.0,https://www.wtatennis.com/resources/v7.42.0/i/elements/flags/srb.svg,Finals,L,"6-4, 3-6, 5-7",https://www.wtatennis.com/players/100153/jelena-jankovic,False,False,False,False,False,False,False,3,True,31,14,17,RS,SRB,688,150,Europe,Southeastern Europe,SRB,"6,4,None|3,6,None|5,7,None"
2,Dfs Classic,https://www.wtatennis.com/resources/v7.42.0/i/elements/itf.png,,ITF,Grass,https://www.wtatennis.com/resources/v7.42.0/i/elements/itf.png,2007-06-11,2007-06-17,2007,6,Birmingham,FRA,,GB,GBR,826,150,,Europe,Northern Europe,ENG,20.0,W,100.0,14790.0,64M/32Q/16D,Dfs Classic,,Marion Bartoli,5.0,https://www.wtatennis.com/resources/v7.42.0/i/elements/flags/fra.svg,Semifinals,W,"7-5, 6-0",https://www.wtatennis.com/players/20631/marion-bartoli,False,False,False,False,False,False,False,2,True,18,13,5,FR,FRA,250,150,Europe,Western Europe,FRA,"7,5,None|6,0,None"
3,Dfs Classic,https://www.wtatennis.com/resources/v7.42.0/i/elements/itf.png,,ITF,Grass,https://www.wtatennis.com/resources/v7.42.0/i/elements/itf.png,2007-06-11,2007-06-17,2007,6,Birmingham,RUS,,GB,GBR,826,150,,Europe,Northern Europe,ENG,47.0,W,100.0,14790.0,64M/32Q/16D,Dfs Classic,,Elena Likhovtseva,,https://www.wtatennis.com/resources/v7.42.0/i/elements/flags/rus.svg,Quarterfinals,W,"6-2, 6-3",https://www.wtatennis.com/players/120151/elena-likhovtseva,False,False,False,False,False,False,False,2,True,17,12,5,RU,RUS,643,150,Europe,Eastern Europe,RUS,"6,2,None|6,3,None"
4,Dfs Classic,https://www.wtatennis.com/resources/v7.42.0/i/elements/itf.png,,ITF,Grass,https://www.wtatennis.com/resources/v7.42.0/i/elements/itf.png,2007-06-11,2007-06-17,2007,6,Birmingham,AUT,,GB,GBR,826,150,,Europe,Northern Europe,ENG,55.0,W,100.0,14790.0,64M/32Q/16D,Dfs Classic,,Tamira Paszek,,https://www.wtatennis.com/resources/v7.42.0/i/elements/flags/aut.svg,Round of 16,W,"6-3, 4-6, 6-2",https://www.wtatennis.com/players/313035/tamira-paszek,False,False,False,False,False,False,False,3,True,27,16,11,AT,AUT,040,150,Europe,Central Europe,AUT,"6,3,None|4,6,None|6,2,None"
5,Dfs Classic,https://www.wtatennis.com/resources/v7.42.0/i/elements/itf.png,,ITF,Grass,https://www.wtatennis.com/resources/v7.42.0/i/elements/itf.png,2007-06-11,2007-06-17,2007,6,Birmingham,USA,,GB,GBR,826,150,United States of America|America|USA|US,Europe,Northern Europe,ENG,120.0,W,100.0,14790.0,64M/32Q/16D,Dfs Classic,,Lilia Osterloh,,https://www.wtatennis.com/resources/v7.42.0/i/elements/flags/usa.svg,Round of 32,W,"6-4, 6-0",https://www.wtatennis.com/players/150134/lilia-osterloh,False,False,False,False,False,False,False,2,True,16,12,4,US,USA,840,019,America,Northern America,USA,"6,4,None|6,0,None"
6,Dfs Classic,https://www.wtatennis.com/resources/v7.42.0/i/elements/itf.png,,ITF,Grass,https://www.wtatennis.com/resources/v7.42.0/i/elements/itf.png,2007-06-11,2007-06-17,2007,6,Birmingham,,,GB,GBR,826,150,,Europe,Northern Europe,ENG,,W,100.0,14790.0,64M/32Q/16D,Dfs Classic,,,,,Round of 64,,Bye,,False,False,True,False,False,False,False,0,False,0,0,0,,,,,,,,
1,Roland Garros,,https://www.wtatennis.com/tournaments/903/roland-garros/2007,Grand Slam,Clay,https://www.wtatennis.com/resources/v7.42.0/i/elements/gs-tag.svg,2007-05-27,2007-06-09,2007,5,,SRB,,FR,FRA,250,150,,Europe,Western Europe,FRA,7.0,,450.0,314939.0,128M/128Q/64D,Roland Garros,,Ana Ivanovic,7.0,https://www.wtatennis.com/resources/v7.42.0/i/elements/flags/srb.svg,Semifinals,L,"2-6, 1-6",https://www.wtatennis.com/players/311710/ana-ivanovic,False,False,False,False,False,False,False,2,False,15,3,12,RS,SRB,688,150,Europe,Southeastern Europe,SRB,"2,6,None|1,6,None"
2,Roland Garros,,https://www.wtatennis.com/tournaments/903/roland-garros/2007,Grand Slam,Clay,https://www.wtatennis.com/resources/v7.42.0/i/elements/gs-tag.svg,2007-05-27,2007-06-09,2007,5,,RUS,,FR,FRA,250,150,,Europe,Western Europe,FRA,9.0,,450.0,314939.0,128M/128Q/64D,Roland Garros,,Anna Chakvetadze,9.0,https://www.wtatennis.com/resources/v7.42.0/i/elements/flags/rus.svg,Quarterfinals,W,"6-3, 6-4",https://www.wtatennis.com/players/310623/anna-chakvetadze,False,False,False,False,False,False,False,2,True,19,12,7,RU,RUS,643,150,Europe,Eastern Europe,RUS,"6,3,None|6,4,None"
3,Roland Garros,,https://www.wtatennis.com/tournaments/903/roland-garros/2007,Grand Slam,Clay,https://www.wtatennis.com/resources/v7.42.0/i/elements/gs-tag.svg,2007-05-27,2007-06-09,2007,5,,SUI,,FR,FRA,250,150,,Europe,Western Europe,FRA,15.0,,450.0,314939.0,128M/128Q/64D,Roland Garros,,Patty Schnyder,14.0,https://www.wtatennis.com/resources/v7.42.0/i/elements/flags/sui.svg,Round of 16,W,"3-6, 6-4, 9-7",https://www.wtatennis.com/players/190519/patty-schnyder,False,False,False,False,False,False,False,3,False,35,18,17,CH,CHE,756,150,Europe,Central Europe,SUI,"3,6,None|6,4,None|9,7,None"
4,Roland Garros,,https://www.wtatennis.com/tournaments/903/roland-garros/2007,Grand Slam,Clay,https://www.wtatennis.com/resources/v7.42.0/i/elements/gs-tag.svg,2007-05-27,2007-06-09,2007,5,,RUS,,FR,FRA,250,150,,Europe,Western Europe,FRA,103.0,,450.0,314939.0,128M/128Q/64D,Roland Garros,,Alla Kudryavtseva,,https://www.wtatennis.com/resources/v7.42.0/i/elements/flags/rus.svg,Round of 32,W,"6-1, 6-4",https://www.wtatennis.com/players/311362/alla-kudryavtseva,False,False,False,False,False,False,False,2,True,17,12,5,RU,RUS,643,150,Europe,Eastern Europe,RUS,"6,1,None|6,4,None"
5,Roland Garros,,https://www.wtatennis.com/tournaments/903/roland-garros/2007,Grand Slam,Clay,https://www.wtatennis.com/resources/v7.42.0/i/elements/gs-tag.svg,2007-05-27,2007-06-09,2007,5,,USA,,FR,FRA,250,150,United States of America|America|USA|US,Europe,Western Europe,FRA,73.0,,450.0,314939.0,128M/128Q/64D,Roland Garros,,Jill Craybas,,https://www.wtatennis.com/resources/v7.42.0/i/elements/flags/usa.svg,Round of 64,W,"6-2, 6-1",https://www.wtatennis.com/players/30294/jill-craybas,False,False,False,False,False,False,False,2,True,15,12,3,US,USA,840,019,America,Northern America,USA,"6,2,None|6,1,None"
6,Roland Garros,,https://www.wtatennis.com/tournaments/903/roland-garros/2007,Grand Slam,Clay,https://www.wtatennis.com/resources/v7.42.0/i/elements/gs-tag.svg,2007-05-27,2007-06-09,2007,5,,FRA,,FR,FRA,250,150,,Europe,Western Europe,FRA,41.0,,450.0,314939.0,128M/128Q/64D,Roland Garros,,Emilie Loit,,https://www.wtatennis.com/resources/v7.42.0/i/elements/flags/fra.svg,Round of 128,W,"6-3, 7-6 (4)",https://www.wtatennis.com/players/120277/emilie-loit,False,False,False,False,True,False,True,2,True,22,13,9,FR,FRA,250,150,Europe,Western Europe,FRA,"6,3,None|7,6,4"
1,Istanbul Cup,https://www.wtatennis.com/resources/v7.42.0/i/elements/itf.png,,ITF,Clay,https://www.wtatennis.com/resources/v7.42.0/i/elements/itf.png,2007-05-21,2007-05-26,2007,5,Istanbul,FRA,,TR,TUR,792,142,,Asia,Western Asia,TUR,59.0,W,65.0,8170.0,32M/32Q/16D,Istanbul Cup,,Aravane Rezai,,https://www.wtatennis.com/resources/v7.42.0/i/elements/flags/fra.svg,Semifinals,L,"2-6, 4-6",https://www.wtatennis.com/players/311791/aravane-rezai,False,False,False,False,False,False,False,2,False,18,6,12,FR,FRA,250,150,Europe,Western Europe,FRA,"2,6,None|4,6,None"
2,Istanbul Cup,https://www.wtatennis.com/resources/v7.42.0/i/elements/itf.png,,ITF,Clay,https://www.wtatennis.com/resources/v7.42.0/i/elements/itf.png,2007-05-21,2007-05-26,2007,5,Istanbul,POL,,TR,TUR,792,142,,Asia,Western Asia,TUR,43.0,W,65.0,8170.0,32M/32Q/16D,Istanbul Cup,,Agnieszka Radwanska,7.0,https://www.wtatennis.com/resources/v7.42.0/i/elements/flags/pol.svg,Quarterfinals,W,"6-2, 3-6, 6-0",https://www.wtatennis.com/players/312251/agnieszka-radwanska,False,False,False,False,False,False,False,3,True,23,15,8,PL,POL,616,150,Europe,Central Europe,POL,"6,2,None|3,6,None|6,0,None"
3,Istanbul Cup,https://www.wtatennis.com/resources/v7.42.0/i/elements/itf.png,,ITF,Clay,https://www.wtatennis.com/resources/v7.42.0/i/elements/itf.png,2007-05-21,2007-05-26,2007,5,Istanbul,BUL,,TR,TUR,792,142,,Asia,Western Asia,TUR,95.0,W,65.0,8170.0,32M/32Q/16D,Istanbul Cup,,Tsvetana Pironkova,,https://www.wtatennis.com/resources/v7.42.0/i/elements/flags/bul.svg,Round of 16,W,"6-4, 7-6 (1)",https://www.wtatennis.com/players/311041/tsvetana-pironkova,False,False,False,False,True,False,True,2,True,23,13,10,BG,BGR,100,150,Europe,Southeastern Europe,BUL,"6,4,None|7,6,1"
4,Istanbul Cup,https://www.wtatennis.com/resources/v7.42.0/i/elements/itf.png,,ITF,Clay,https://www.wtatennis.com/resources/v7.42.0/i/elements/itf.png,2007-05-21,2007-05-26,2007,5,Istanbul,,,TR,TUR,792,142,,Asia,Western Asia,TUR,,W,65.0,8170.0,32M/32Q/16D,Istanbul Cup,,,,,Round of 32,,Bye,,False,False,True,False,False,False,False,0,False,0,0,0,,,,,,,,
1,Sony Ericsson Open,https://www.wtatennis.com/resources/v7.42.0/i/elements/itf.png,,ITF,Hard,https://www.wtatennis.com/resources/v7.42.0/i/elements/itf.png,2007-03-21,2007-04-03,2007,3,Miami,USA,,,,,,United States of America|America|USA|US,,,Fl,18.0,,70.0,34550.0,128M/64Q/32D,Sony Ericsson Open,,Serena Williams,13.0,https://www.wtatennis.com/resources/v7.42.0/i/elements/flags/usa.svg,Round of 16,L,"1-6, 1-6",https://www.wtatennis.com/players/230234/serena-williams,False,False,False,False,False,False,False,2,False,14,2,12,US,USA,840,019,America,Northern America,USA,"1,6,None|1,6,None"
2,Sony Ericsson Open,https://www.wtatennis.com/resources/v7.42.0/i/elements/itf.png,,ITF,Hard,https://www.wtatennis.com/resources/v7.42.0/i/elements/itf.png,2007-03-21,2007-04-03,2007,3,Miami,USA,,,,,,United States of America|America|USA|US,,,Fl,39.0,,70.0,34550.0,128M/64Q/32D,Sony Ericsson Open,,Venus Williams,,https://www.wtatennis.com/resources/v7.42.0/i/elements/flags/usa.svg,Round of 32,W,"2-6, 6-2, 7-5",https://www.wtatennis.com/players/230220/venus-williams,False,False,False,False,False,False,False,3,False,28,15,13,US,USA,840,019,America,Northern America,USA,"2,6,None|6,2,None|7,5,None"
3,Sony Ericsson Open,https://www.wtatennis.com/resources/v7.42.0/i/elements/itf.png,,ITF,Hard,https://www.wtatennis.com/resources/v7.42.0/i/elements/itf.png,2007-03-21,2007-04-03,2007,3,Miami,TPE,,,,,,,,,Fl,93.0,,70.0,34550.0,128M/64Q/32D,Sony Ericsson Open,,Latisha Chan,,https://www.wtatennis.com/resources/v7.42.0/i/elements/flags/tpe.svg,Round of 64,W,"6-3, 6-2",https://www.wtatennis.com/players/312015/latisha-chan,False,False,False,False,False,False,False,2,True,17,12,5,,,,,,,TPE,"6,3,None|6,2,None"
4,Sony Ericsson Open,https://www.wtatennis.com/resources/v7.42.0/i/elements/itf.png,,ITF,Hard,https://www.wtatennis.com/resources/v7.42.0/i/elements/itf.png,2007-03-21,2007-04-03,2007,3,Miami,,,,,,,,,,Fl,,,70.0,34550.0,128M/64Q/32D,Sony Ericsson Open,,,,,Round of 128,,Bye,,False,False,True,False,False,False,False,0,False,0,0,0,,,,,,,,
1,Pacific Life Open,https://www.wtatennis.com/resources/v7.42.0/i/elements/itf.png,,ITF,Hard,https://www.wtatennis.com/resources/v7.42.0/i/elements/itf.png,2007-03-07,2007-03-17,2007,3,Indian Wells,RUS,,,,,,,,,California,20.0,,65.0,17890.0,128M/48Q/32D,Pacific Life Open,,Vera Zvonareva,15.0,https://www.wtatennis.com/resources/v7.42.0/i/elements/flags/rus.svg,Round of 16,L,"6-4, 5-7, 1-6",https://www.wtatennis.com/players/260142/vera-zvonareva,False,False,False,False,False,False,False,3,True,29,12,17,RU,RUS,643,150,Europe,Eastern Europe,RUS,"6,4,None|5,7,None|1,6,None"
2,Pacific Life Open,https://www.wtatennis.com/resources/v7.42.0/i/elements/itf.png,,ITF,Hard,https://www.wtatennis.com/resources/v7.42.0/i/elements/itf.png,2007-03-07,2007-03-17,2007,3,Indian Wells,FRA,,,,,,,,,California,49.0,,65.0,17890.0,128M/48Q/32D,Pacific Life Open,,Nathalie Dechy,,https://www.wtatennis.com/resources/v7.42.0/i/elements/flags/fra.svg,Round of 32,W,"7-5, 6-2",https://www.wtatennis.com/players/40254/nathalie-dechy,False,False,False,False,False,False,False,2,True,20,13,7,FR,FRA,250,150,Europe,Western Europe,FRA,"7,5,None|6,2,None"
3,Pacific Life Open,https://www.wtatennis.com/resources/v7.42.0/i/elements/itf.png,,ITF,Hard,https://www.wtatennis.com/resources/v7.42.0/i/elements/itf.png,2007-03-07,2007-03-17,2007,3,Indian Wells,NED,,,,,,,,,California,58.0,,65.0,17890.0,128M/48Q/32D,Pacific Life Open,,Michaella Krajicek,,https://www.wtatennis.com/resources/v7.42.0/i/elements/flags/ned.svg,Round of 64,W,"7-6 (5), 6-4",https://www.wtatennis.com/players/311578/michaella-krajicek,False,False,False,True,False,False,True,2,True,23,13,10,NL,NLD,528,150,Europe,Western Europe,NED,"7,6,5|6,4,None"
4,Pacific Life Open,https://www.wtatennis.com/resources/v7.42.0/i/elements/itf.png,,ITF,Hard,https://www.wtatennis.com/resources/v7.42.0/i/elements/itf.png,2007-03-07,2007-03-17,2007,3,Indian Wells,,,,,,,,,,California,,,65.0,17890.0,128M/48Q/32D,Pacific Life Open,,,,,Round of 128,,Bye,,False,False,True,False,False,False,False,0,False,0,0,0,,,,,,,,
1,Toray Pan Pacific Open,https://www.wtatennis.com/resources/v7.42.0/i/elements/itf.png,,ITF,Carpet,https://www.wtatennis.com/resources/v7.42.0/i/elements/itf.png,2007-01-30,2007-02-04,2007,1,Tokyo,SRB,,JP,JPN,392,142,,Asia,East Asia,JPN,16.0,,195.0,52500.0,32M/32Q/16D,Toray Pan Pacific Open,,Ana Ivanovic,5.0,https://www.wtatennis.com/resources/v7.42.0/i/elements/flags/srb.svg,Semifinals,L,"1-6, 1-0",https://www.wtatennis.com/players/311710/ana-ivanovic,True,False,False,False,False,False,False,2,False,8,2,6,RS,SRB,688,150,Europe,Southeastern Europe,SRB,"1,6,None|1,0,None|Ret"
2,Toray Pan Pacific Open,https://www.wtatennis.com/resources/v7.42.0/i/elements/itf.png,,ITF,Carpet,https://www.wtatennis.com/resources/v7.42.0/i/elements/itf.png,2007-01-30,2007-02-04,2007,1,Tokyo,JPN,,JP,JPN,392,142,,Asia,East Asia,JPN,26.0,,195.0,52500.0,32M/32Q/16D,Toray Pan Pacific Open,,Ai Sugiyama,,https://www.wtatennis.com/resources/v7.42.0/i/elements/flags/jpn.svg,Quarterfinals,W,"4-6, 6-0, 6-1",https://www.wtatennis.com/players/190353/ai-sugiyama,False,False,False,False,False,False,False,3,False,23,16,7,JP,JPN,392,142,Asia,East Asia,JPN,"4,6,None|6,0,None|6,1,None"
3,Toray Pan Pacific Open,https://www.wtatennis.com/resources/v7.42.0/i/elements/itf.png,,ITF,Carpet,https://www.wtatennis.com/resources/v7.42.0/i/elements/itf.png,2007-01-30,2007-02-04,2007,1,Tokyo,ITA,,JP,JPN,392,142,,Asia,East Asia,JPN,25.0,,195.0,52500.0,32M/32Q/16D,Toray Pan Pacific Open,,Francesca Schiavone,,https://www.wtatennis.com/resources/v7.42.0/i/elements/flags/ita.svg,Round of 16,W,"7-5, 2-6, 6-1",https://www.wtatennis.com/players/190666/francesca-schiavone,False,False,False,False,False,False,False,3,True,27,15,12,IT,ITA,380,150,Europe,Southern Europe,ITA,"7,5,None|2,6,None|6,1,None"
4,Toray Pan Pacific Open,https://www.wtatennis.com/resources/v7.42.0/i/elements/itf.png,,ITF,Carpet,https://www.wtatennis.com/resources/v7.42.0/i/elements/itf.png,2007-01-30,2007-02-04,2007,1,Tokyo,,,JP,JPN,392,142,,Asia,East Asia,JPN,,,195.0,52500.0,32M/32Q/16D,Toray Pan Pacific Open,,,,,Round of 32,,Bye,,False,False,True,False,False,False,False,0,False,0,0,0,,,,,,,,
1,Australian Open,,https://www.wtatennis.com/tournaments/901/australian-open/2007,Grand Slam,Hard,https://www.wtatennis.com/resources/v7.42.0/i/elements/gs-tag.svg,2007-01-15,2007-01-27,2007,1,,USA,,AU,AUS,036,009,United States of America|America|USA|US,Oceania,Australasia,AUS,81.0,,700.0,470737.0,128M/128Q/64D,Australian Open,,Serena Williams,,https://www.wtatennis.com/resources/v7.42.0/i/elements/flags/usa.svg,Finals,L,"1-6, 2-6",https://www.wtatennis.com/players/230234/serena-williams,False,False,False,False,False,False,False,2,False,15,3,12,US,USA,840,019,America,Northern America,USA,"1,6,None|2,6,None"
2,Australian Open,,https://www.wtatennis.com/tournaments/901/australian-open/2007,Grand Slam,Hard,https://www.wtatennis.com/resources/v7.42.0/i/elements/gs-tag.svg,2007-01-15,2007-01-27,2007,1,,BEL,,AU,AUS,036,009,,Oceania,Australasia,AUS,5.0,,700.0,470737.0,128M/128Q/64D,Australian Open,,Kim Clijsters,4.0,https://www.wtatennis.com/resources/v7.42.0/i/elements/flags/bel.svg,Semifinals,W,"6-4, 6-2",https://www.wtatennis.com/players/30458/kim-clijsters,False,False,False,False,False,False,False,2,True,18,12,6,BE,BEL,056,150,Europe,Western Europe,BEL,"6,4,None|6,2,None"
3,Australian Open,,https://www.wtatennis.com/tournaments/901/australian-open/2007,Grand Slam,Hard,https://www.wtatennis.com/resources/v7.42.0/i/elements/gs-tag.svg,2007-01-15,2007-01-27,2007,1,,RUS,,AU,AUS,036,009,,Oceania,Australasia,AUS,13.0,,700.0,470737.0,128M/128Q/64D,Australian Open,,Anna Chakvetadze,12.0,https://www.wtatennis.com/resources/v7.42.0/i/elements/flags/rus.svg,Quarterfinals,W,"7-6 (5), 7-5",https://www.wtatennis.com/players/310623/anna-chakvetadze,False,False,False,True,False,False,True,2,True,25,14,11,RU,RUS,643,150,Europe,Eastern Europe,RUS,"7,6,5|7,5,None"
4,Australian Open,,https://www.wtatennis.com/tournaments/901/australian-open/2007,Grand Slam,Hard,https://www.wtatennis.com/resources/v7.42.0/i/elements/gs-tag.svg,2007-01-15,2007-01-27,2007,1,,RUS,,AU,AUS,036,009,,Oceania,Australasia,AUS,24.0,,700.0,470737.0,128M/128Q/64D,Australian Open,,Vera Zvonareva,22.0,https://www.wtatennis.com/resources/v7.42.0/i/elements/flags/rus.svg,Round of 16,W,"7-5, 6-4",https://www.wtatennis.com/players/260142/vera-zvonareva,False,False,False,False,False,False,False,2,True,22,13,9,RU,RUS,643,150,Europe,Eastern Europe,RUS,"7,5,None|6,4,None"
5,Australian Open,,https://www.wtatennis.com/tournaments/901/australian-open/2007,Grand Slam,Hard,https://www.wtatennis.com/resources/v7.42.0/i/elements/gs-tag.svg,2007-01-15,2007-01-27,2007,1,,ITA,,AU,AUS,036,009,,Oceania,Australasia,AUS,33.0,,700.0,470737.0,128M/128Q/64D,Australian Open,,Tathiana Garbin,30.0,https://www.wtatennis.com/resources/v7.42.0/i/elements/flags/ita.svg,Round of 32,W,"6-3, 6-1",https://www.wtatennis.com/players/30348/tathiana-garbin,False,False,False,False,False,False,False,2,True,16,12,4,IT,ITA,380,150,Europe,Southern Europe,ITA,"6,3,None|6,1,None"
6,Australian Open,,https://www.wtatennis.com/tournaments/901/australian-open/2007,Grand Slam,Hard,https://www.wtatennis.com/resources/v7.42.0/i/elements/gs-tag.svg,2007-01-15,2007-01-27,2007,1,,AUS,,AU,AUS,036,009,,Oceania,Australasia,AUS,100.0,,700.0,470737.0,128M/128Q/64D,Australian Open,,Anastasia Rodionova,,https://www.wtatennis.com/resources/v7.42.0/i/elements/flags/aus.svg,Round of 64,W,"6-0, 6-3",https://www.wtatennis.com/players/180356/anastasia-rodionova,False,False,False,False,False,False,False,2,True,15,12,3,AU,AUS,036,009,Oceania,Australasia,AUS,"6,0,None|6,3,None"
7,Australian Open,,https://www.wtatennis.com/tournaments/901/australian-open/2007,Grand Slam,Hard,https://www.wtatennis.com/resources/v7.42.0/i/elements/gs-tag.svg,2007-01-15,2007-01-27,2007,1,,FRA,,AU,AUS,036,009,,Oceania,Australasia,AUS,62.0,,700.0,470737.0,128M/128Q/64D,Australian Open,,Camille Pin,,https://www.wtatennis.com/resources/v7.42.0/i/elements/flags/fra.svg,Round of 128,W,"6-3, 4-6, 9-7",https://www.wtatennis.com/players/160363/camille-pin,False,False,False,False,False,False,False,3,True,35,19,16,FR,FRA,250,150,Europe,Western Europe,FRA,"6,3,None|4,6,None|9,7,None"
1,Sony Ericsson Championships,,https://www.wtatennis.com/tournaments/808/wta-finals/2006,Finals,Hard,https://www.wtatennis.com/resources/v7.42.0/i/elements/finals-tag.svg,2006-11-07,2006-11-12,2006,11,,BEL,,ES,ESP,724,150,,Europe,Southern Europe,ESP,3.0,,235.0,250000.0,8M/0Q/4D,Sony Ericsson Championships,,Justine Henin,,https://www.wtatennis.com/resources/v7.42.0/i/elements/flags/bel.svg,Semifinals,L,"2-6, 6-7 (5)",https://www.wtatennis.com/players/80350/justine-henin,False,False,False,False,True,False,True,2,False,21,8,13,BE,BEL,056,150,Europe,Western Europe,BEL,"2,6,None|6,7,5"
2,Sony Ericsson Championships,,https://www.wtatennis.com/tournaments/808/wta-finals/2006,Finals,Hard,https://www.wtatennis.com/resources/v7.42.0/i/elements/finals-tag.svg,2006-11-07,2006-11-12,2006,11,,RUS,,ES,ESP,724,150,,Europe,Southern Europe,ESP,4.0,,235.0,250000.0,8M/0Q/4D,Sony Ericsson Championships,,Svetlana Kuznetsova,,https://www.wtatennis.com/resources/v7.42.0/i/elements/flags/rus.svg,Group Stage Group,W,"6-1, 6-4",https://www.wtatennis.com/players/110552/svetlana-kuznetsova,False,False,False,False,False,False,False,2,True,17,12,5,RU,RUS,643,150,Europe,Eastern Europe,RUS,"6,1,None|6,4,None"
3,Sony Ericsson Championships,,https://www.wtatennis.com/tournaments/808/wta-finals/2006,Finals,Hard,https://www.wtatennis.com/resources/v7.42.0/i/elements/finals-tag.svg,2006-11-07,2006-11-12,2006,11,,BEL,,ES,ESP,724,150,,Europe,Southern Europe,ESP,6.0,,235.0,250000.0,8M/0Q/4D,Sony Ericsson Championships,,Kim Clijsters,,https://www.wtatennis.com/resources/v7.42.0/i/elements/flags/bel.svg,Group Stage Group,W,"6-4, 6-4",https://www.wtatennis.com/players/30458/kim-clijsters,False,False,False,False,False,False,False,2,True,20,12,8,BE,BEL,056,150,Europe,Western Europe,BEL,"6,4,None|6,4,None"
4,Sony Ericsson Championships,,https://www.wtatennis.com/tournaments/808/wta-finals/2006,Finals,Hard,https://www.wtatennis.com/resources/v7.42.0/i/elements/finals-tag.svg,2006-11-07,2006-11-12,2006,11,,RUS,,ES,ESP,724,150,,Europe,Southern Europe,ESP,8.0,,235.0,250000.0,8M/0Q/4D,Sony Ericsson Championships,,Elena Dementieva,,https://www.wtatennis.com/resources/v7.42.0/i/elements/flags/rus.svg,Group Stage Group,W,"6-1, 6-4",https://www.wtatennis.com/players/40289/elena-dementieva,False,False,False,False,False,False,False,2,True,17,12,5,RU,RUS,643,150,Europe,Eastern Europe,RUS,"6,1,None|6,4,None"
1,Generali Ladies Linz Presented By Raiffeisenlandesbank Oberoesterreich,https://www.wtatennis.com/resources/v7.42.0/i/elements/itf.png,,ITF,Hard,https://www.wtatennis.com/resources/v7.42.0/i/elements/itf.png,2006-10-23,2006-10-29,2006,10,,RUS,,AT,AUT,040,150,,Europe,Central Europe,AUT,5.0,,195.0,95500.0,32M/32Q/16D,Generali Ladies Linz Presented By Raiffeisenlandesbank Oberoesterreich,,Nadia Petrova,2.0,https://www.wtatennis.com/resources/v7.42.0/i/elements/flags/rus.svg,Finals,W,"7-5, 6-2",https://www.wtatennis.com/players/160379/nadia-petrova,False,False,False,False,False,False,False,2,True,20,13,7,RU,RUS,643,150,Europe,Eastern Europe,RUS,"7,5,None|6,2,None"
2,Generali Ladies Linz Presented By Raiffeisenlandesbank Oberoesterreich,https://www.wtatennis.com/resources/v7.42.0/i/elements/itf.png,,ITF,Hard,https://www.wtatennis.com/resources/v7.42.0/i/elements/itf.png,2006-10-23,2006-10-29,2006,10,,SUI,,AT,AUT,040,150,,Europe,Central Europe,AUT,9.0,,195.0,95500.0,32M/32Q/16D,Generali Ladies Linz Presented By Raiffeisenlandesbank Oberoesterreich,,Patty Schnyder,3.0,https://www.wtatennis.com/resources/v7.42.0/i/elements/flags/sui.svg,Semifinals,W,"7-5, 7-5",https://www.wtatennis.com/players/190519/patty-schnyder,False,False,False,False,False,False,False,2,True,24,14,10,CH,CHE,756,150,Europe,Central Europe,SUI,"7,5,None|7,5,None"
3,Generali Ladies Linz Presented By Raiffeisenlandesbank Oberoesterreich,https://www.wtatennis.com/resources/v7.42.0/i/elements/itf.png,,ITF,Hard,https://www.wtatennis.com/resources/v7.42.0/i/elements/itf.png,2006-10-23,2006-10-29,2006,10,,SRB,,AT,AUT,040,150,,Europe,Central Europe,AUT,15.0,,195.0,95500.0,32M/32Q/16D,Generali Ladies Linz Presented By Raiffeisenlandesbank Oberoesterreich,,Ana Ivanovic,5.0,https://www.wtatennis.com/resources/v7.42.0/i/elements/flags/srb.svg,Quarterfinals,W,"7-6 (3), 7-5",https://www.wtatennis.com/players/311710/ana-ivanovic,False,False,False,True,False,False,True,2,True,25,14,11,RS,SRB,688,150,Europe,Southeastern Europe,SRB,"7,6,3|7,5,None"
4,Generali Ladies Linz Presented By Raiffeisenlandesbank Oberoesterreich,https://www.wtatennis.com/resources/v7.42.0/i/elements/itf.png,,ITF,Hard,https://www.wtatennis.com/resources/v7.42.0/i/elements/itf.png,2006-10-23,2006-10-29,2006,10,,GRE,,AT,AUT,040,150,,Europe,Central Europe,AUT,41.0,,195.0,95500.0,32M/32Q/16D,Generali Ladies Linz Presented By Raiffeisenlandesbank Oberoesterreich,,Eleni Daniilidou,,https://www.wtatennis.com/resources/v7.42.0/i/elements/flags/gre.svg,Round of 16,W,"7-5, 6-1",https://www.wtatennis.com/players/40313/eleni-daniilidou,False,False,False,False,False,False,False,2,True,19,13,6,GR,GRC,300,150,Europe,Southeastern Europe,GRE,"7,5,None|6,1,None"
5,Generali Ladies Linz Presented By Raiffeisenlandesbank Oberoesterreich,https://www.wtatennis.com/resources/v7.42.0/i/elements/itf.png,,ITF,Hard,https://www.wtatennis.com/resources/v7.42.0/i/elements/itf.png,2006-10-23,2006-10-29,2006,10,,,,AT,AUT,040,150,,Europe,Central Europe,AUT,,,195.0,95500.0,32M/32Q/16D,Generali Ladies Linz Presented By Raiffeisenlandesbank Oberoesterreich,,,,,Round of 32,,Bye,,False,False,True,False,False,False,False,0,False,0,0,0,,,,,,,,
1,Zurich Open,https://www.wtatennis.com/resources/v7.42.0/i/elements/itf.png,,ITF,Hard,https://www.wtatennis.com/resources/v7.42.0/i/elements/itf.png,2006-10-16,2006-10-22,2006,10,,SVK,,CH,CHE,756,150,,Europe,Central Europe,SUI,22.0,,300.0,196900.0,32M/32Q/16D,Zurich Open,,Daniela Hantuchova,,https://www.wtatennis.com/resources/v7.42.0/i/elements/flags/svk.svg,Finals,W,"6-1, 4-6, 6-3",https://www.wtatennis.com/players/80394/daniela-hantuchova,False,False,False,False,False,False,False,3,True,26,16,10,SK,SVK,703,150,Europe,Central Europe,SVK,"6,1,None|4,6,None|6,3,None"
2,Zurich Open,https://www.wtatennis.com/resources/v7.42.0/i/elements/itf.png,,ITF,Hard,https://www.wtatennis.com/resources/v7.42.0/i/elements/itf.png,2006-10-16,2006-10-22,2006,10,,SLO,,CH,CHE,756,150,,Europe,Central Europe,SUI,24.0,,300.0,196900.0,32M/32Q/16D,Zurich Open,,Katarina Srebotnik,,https://www.wtatennis.com/resources/v7.42.0/i/elements/flags/slo.svg,Semifinals,W,"7-6 (3), 6-2",https://www.wtatennis.com/players/190636/katarina-srebotnik,False,False,False,True,False,False,True,2,True,21,13,8,,,,,,,SLO,"7,6,3|6,2,None"
3,Zurich Open,https://www.wtatennis.com/resources/v7.42.0/i/elements/itf.png,,ITF,Hard,https://www.wtatennis.com/resources/v7.42.0/i/elements/itf.png,2006-10-16,2006-10-22,2006,10,,SUI,,CH,CHE,756,150,,Europe,Central Europe,SUI,174.0,,300.0,196900.0,32M/32Q/16D,Zurich Open,,Timea Bacsinszky,,https://www.wtatennis.com/resources/v7.42.0/i/elements/flags/sui.svg,Quarterfinals,W,"6-4, 6-3",https://www.wtatennis.com/players/311579/timea-bacsinszky,False,False,False,False,False,False,False,2,True,19,12,7,CH,CHE,756,150,Europe,Central Europe,SUI,"6,4,None|6,3,None"
4,Zurich Open,https://www.wtatennis.com/resources/v7.42.0/i/elements/itf.png,,ITF,Hard,https://www.wtatennis.com/resources/v7.42.0/i/elements/itf.png,2006-10-16,2006-10-22,2006,10,,ISR,,CH,CHE,756,150,,Europe,Central Europe,SUI,23.0,,300.0,196900.0,32M/32Q/16D,Zurich Open,,Shahar Peer,,https://www.wtatennis.com/resources/v7.42.0/i/elements/flags/isr.svg,Round of 16,W,"6-4, 7-6 (4)",https://www.wtatennis.com/players/311168/shahar-peer,False,False,False,False,True,False,True,2,True,23,13,10,IL,ISR,376,142,Asia,Western Asia,ISR,"6,4,None|7,6,4"
5,Zurich Open,https://www.wtatennis.com/resources/v7.42.0/i/elements/itf.png,,ITF,Hard,https://www.wtatennis.com/resources/v7.42.0/i/elements/itf.png,2006-10-16,2006-10-22,2006,10,,,,CH,CHE,756,150,,Europe,Central Europe,SUI,,,300.0,196900.0,32M/32Q/16D,Zurich Open,,,,,Round of 32,,Bye,,False,False,True,False,False,False,False,0,False,0,0,0,,,,,,,,
1,Ladies Kremlin Cup,https://www.wtatennis.com/resources/v7.42.0/i/elements/itf.png,,ITF,Carpet,https://www.wtatennis.com/resources/v7.42.0/i/elements/itf.png,2006-10-09,2006-10-15,2006,10,Moscow,RUS,,RU,RUS,643,150,,Europe,Eastern Europe,RUS,24.0,,75.0,30485.0,32M/32Q/16D,Ladies Kremlin Cup,,Anna Chakvetadze,,https://www.wtatennis.com/resources/v7.42.0/i/elements/flags/rus.svg,Quarterfinals,L,Walkover,https://www.wtatennis.com/players/310623/anna-chakvetadze,False,True,False,False,False,False,False,0,False,0,0,0,RU,RUS,643,150,Europe,Eastern Europe,RUS,
2,Ladies Kremlin Cup,https://www.wtatennis.com/resources/v7.42.0/i/elements/itf.png,,ITF,Carpet,https://www.wtatennis.com/resources/v7.42.0/i/elements/itf.png,2006-10-09,2006-10-15,2006,10,Moscow,RUS,,RU,RUS,643,150,,Europe,Eastern Europe,RUS,94.0,,75.0,30485.0,32M/32Q/16D,Ladies Kremlin Cup,,Ekaterina Bychkova,,https://www.wtatennis.com/resources/v7.42.0/i/elements/flags/rus.svg,Round of 16,W,"6-4, 7-5",https://www.wtatennis.com/players/20706/ekaterina-bychkova,False,False,False,False,False,False,False,2,True,22,13,9,RU,RUS,643,150,Europe,Eastern Europe,RUS,"6,4,None|7,5,None"
3,Ladies Kremlin Cup,https://www.wtatennis.com/resources/v7.42.0/i/elements/itf.png,,ITF,Carpet,https://www.wtatennis.com/resources/v7.42.0/i/elements/itf.png,2006-10-09,2006-10-15,2006,10,Moscow,,,RU,RUS,643,150,,Europe,Eastern Europe,RUS,,,75.0,30485.0,32M/32Q/16D,Ladies Kremlin Cup,,,,,Round of 32,,Bye,,False,False,True,False,False,False,False,0,False,0,0,0,,,,,,,,
1,Us Open,,https://www.wtatennis.com/tournaments/905/us-open/2006,Grand Slam,Hard,https://www.wtatennis.com/resources/v7.42.0/i/elements/gs-tag.svg,2006-08-28,2006-09-09,2006,8,,BEL,,US,USA,840,019,,America,Northern America,USA,2.0,,700.0,1607693.0,128M/128Q/64D,Us Open,,Justine Henin,2.0,https://www.wtatennis.com/resources/v7.42.0/i/elements/flags/bel.svg,Finals,W,"6-4, 6-4",https://www.wtatennis.com/players/80350/justine-henin,False,False,False,False,False,False,False,2,True,20,12,8,BE,BEL,056,150,Europe,Western Europe,BEL,"6,4,None|6,4,None"
2,Us Open,,https://www.wtatennis.com/tournaments/905/us-open/2006,Grand Slam,Hard,https://www.wtatennis.com/resources/v7.42.0/i/elements/gs-tag.svg,2006-08-28,2006-09-09,2006,8,,FRA,,US,USA,840,019,,America,Northern America,USA,1.0,,700.0,1607693.0,128M/128Q/64D,Us Open,,Amélie Mauresmo,1.0,https://www.wtatennis.com/resources/v7.42.0/i/elements/flags/fra.svg,Semifinals,W,"6-0, 4-6, 6-0",https://www.wtatennis.com/players/130450/am-lie-mauresmo,False,False,False,False,False,False,False,3,True,22,16,6,FR,FRA,250,150,Europe,Western Europe,FRA,"6,0,None|4,6,None|6,0,None"
3,Us Open,,https://www.wtatennis.com/tournaments/905/us-open/2006,Grand Slam,Hard,https://www.wtatennis.com/resources/v7.42.0/i/elements/gs-tag.svg,2006-08-28,2006-09-09,2006,8,,FRA,,US,USA,840,019,,America,Northern America,USA,26.0,,700.0,1607693.0,128M/128Q/64D,Us Open,,Tatiana Golovin,27.0,https://www.wtatennis.com/resources/v7.42.0/i/elements/flags/fra.svg,Quarterfinals,W,"7-6 (4), 7-6 (0)",https://www.wtatennis.com/players/310774/tatiana-golovin,False,False,False,True,True,False,True,2,True,26,14,12,FR,FRA,250,150,Europe,Western Europe,FRA,"7,6,4|7,6,0"
4,Us Open,,https://www.wtatennis.com/tournaments/905/us-open/2006,Grand Slam,Hard,https://www.wtatennis.com/resources/v7.42.0/i/elements/gs-tag.svg,2006-08-28,2006-09-09,2006,8,,CHN,,US,USA,840,019,,America,Northern America,USA,22.0,,700.0,1607693.0,128M/128Q/64D,Us Open,,Na Li,24.0,https://www.wtatennis.com/resources/v7.42.0/i/elements/flags/chn.svg,Round of 16,W,"6-4, 6-2",https://www.wtatennis.com/players/120330/na-li,False,False,False,False,False,False,False,2,True,18,12,6,CN,CHN,156,142,Asia,East Asia,CHN,"6,4,None|6,2,None"
5,Us Open,,https://www.wtatennis.com/tournaments/905/us-open/2006,Grand Slam,Hard,https://www.wtatennis.com/resources/v7.42.0/i/elements/gs-tag.svg,2006-08-28,2006-09-09,2006,8,,RUS,,US,USA,840,019,,America,Northern America,USA,35.0,,700.0,1607693.0,128M/128Q/64D,Us Open,,Elena Likhovtseva,32.0,https://www.wtatennis.com/resources/v7.42.0/i/elements/flags/rus.svg,Round of 32,W,"6-3, 6-2",https://www.wtatennis.com/players/120151/elena-likhovtseva,False,False,False,False,False,False,False,2,True,17,12,5,RU,RUS,643,150,Europe,Eastern Europe,RUS,"6,3,None|6,2,None"
6,Us Open,,https://www.wtatennis.com/tournaments/905/us-open/2006,Grand Slam,Hard,https://www.wtatennis.com/resources/v7.42.0/i/elements/gs-tag.svg,2006-08-28,2006-09-09,2006,8,,FRA,,US,USA,840,019,,America,Northern America,USA,67.0,,700.0,1607693.0,128M/128Q/64D,Us Open,,Emilie Loit,,https://www.wtatennis.com/resources/v7.42.0/i/elements/flags/fra.svg,Round of 64,W,"6-0, 6-1",https://www.wtatennis.com/players/120277/emilie-loit,False,False,False,False,False,False,False,2,True,13,12,1,FR,FRA,250,150,Europe,Western Europe,FRA,"6,0,None|6,1,None"
7,Us Open,,https://www.wtatennis.com/tournaments/905/us-open/2006,Grand Slam,Hard,https://www.wtatennis.com/resources/v7.42.0/i/elements/gs-tag.svg,2006-08-28,2006-09-09,2006,8,,NED,,US,USA,840,019,,America,Northern America,USA,36.0,,700.0,1607693.0,128M/128Q/64D,Us Open,,Michaella Krajicek,,https://www.wtatennis.com/resources/v7.42.0/i/elements/flags/ned.svg,Round of 128,W,"6-3, 6-0",https://www.wtatennis.com/players/311578/michaella-krajicek,False,False,False,False,False,False,False,2,True,15,12,3,NL,NLD,528,150,Europe,Western Europe,NED,"6,3,None|6,0,None"
1,Jp Morgan Chase Open Presented By Herbalif,https://www.wtatennis.com/resources/v7.42.0/i/elements/itf.png,,ITF,Hard,https://www.wtatennis.com/resources/v7.42.0/i/elements/itf.png,2006-08-07,2006-08-13,2006,8,La,RUS,,,,,,,,,California,6.0,,88.0,25060.0,64M/32Q/16D,Jp Morgan Chase Open Presented By Herbalif,,Elena Dementieva,3.0,https://www.wtatennis.com/resources/v7.42.0/i/elements/flags/rus.svg,Semifinals,L,"5-7, 2-6",https://www.wtatennis.com/players/40289/elena-dementieva,False,False,False,False,False,False,False,2,False,20,7,13,RU,RUS,643,150,Europe,Eastern Europe,RUS,"5,7,None|2,6,None"
2,Jp Morgan Chase Open Presented By Herbalif,https://www.wtatennis.com/resources/v7.42.0/i/elements/itf.png,,ITF,Hard,https://www.wtatennis.com/resources/v7.42.0/i/elements/itf.png,2006-08-07,2006-08-13,2006,8,La,RUS,,,,,,,,,California,15.0,,88.0,25060.0,64M/32Q/16D,Jp Morgan Chase Open Presented By Herbalif,,Dinara Safina,5.0,https://www.wtatennis.com/resources/v7.42.0/i/elements/flags/rus.svg,Quarterfinals,W,"6-2, 6-4",https://www.wtatennis.com/players/190950/dinara-safina,False,False,False,False,False,False,False,2,True,18,12,6,RU,RUS,643,150,Europe,Eastern Europe,RUS,"6,2,None|6,4,None"
3,Jp Morgan Chase Open Presented By Herbalif,https://www.wtatennis.com/resources/v7.42.0/i/elements/itf.png,,ITF,Hard,https://www.wtatennis.com/resources/v7.42.0/i/elements/itf.png,2006-08-07,2006-08-13,2006,8,La,FRA,,,,,,,,,California,26.0,,88.0,25060.0,64M/32Q/16D,Jp Morgan Chase Open Presented By Herbalif,,Marion Bartoli,15.0,https://www.wtatennis.com/resources/v7.42.0/i/elements/flags/fra.svg,Round of 16,W,"6-1, 6-2",https://www.wtatennis.com/players/20631/marion-bartoli,False,False,False,False,False,False,False,2,True,15,12,3,FR,FRA,250,150,Europe,Western Europe,FRA,"6,1,None|6,2,None"
4,Jp Morgan Chase Open Presented By Herbalif,https://www.wtatennis.com/resources/v7.42.0/i/elements/itf.png,,ITF,Hard,https://www.wtatennis.com/resources/v7.42.0/i/elements/itf.png,2006-08-07,2006-08-13,2006,8,La,AUS,,,,,,,,,California,106.0,,88.0,25060.0,64M/32Q/16D,Jp Morgan Chase Open Presented By Herbalif,,Anastasia Rodionova,,https://www.wtatennis.com/resources/v7.42.0/i/elements/flags/aus.svg,Round of 32,W,"6-3, 6-1",https://www.wtatennis.com/players/180356/anastasia-rodionova,False,False,False,False,False,False,False,2,True,16,12,4,AU,AUS,036,009,Oceania,Australasia,AUS,"6,3,None|6,1,None"
5,Jp Morgan Chase Open Presented By Herbalif,https://www.wtatennis.com/resources/v7.42.0/i/elements/itf.png,,ITF,Hard,https://www.wtatennis.com/resources/v7.42.0/i/elements/itf.png,2006-08-07,2006-08-13,2006,8,La,,,,,,,,,,California,,,88.0,25060.0,64M/32Q/16D,Jp Morgan Chase Open Presented By Herbalif,,,,,Round of 64,,Bye,,False,False,True,False,False,False,False,0,False,0,0,0,,,,,,,,
1,Acura Classic,https://www.wtatennis.com/resources/v7.42.0/i/elements/itf.png,,ITF,Hard,https://www.wtatennis.com/resources/v7.42.0/i/elements/itf.png,2006-07-31,2006-08-06,2006,7,San Diego,BEL,,,,,,,,,California,2.0,,300.0,196900.0,64M/32Q/32D,Acura Classic,,Kim Clijsters,1.0,https://www.wtatennis.com/resources/v7.42.0/i/elements/flags/bel.svg,Finals,W,"7-5, 7-5",https://www.wtatennis.com/players/30458/kim-clijsters,False,False,False,False,False,False,False,2,True,24,14,10,BE,BEL,056,150,Europe,Western Europe,BEL,"7,5,None|7,5,None"
2,Acura Classic,https://www.wtatennis.com/resources/v7.42.0/i/elements/itf.png,,ITF,Hard,https://www.wtatennis.com/resources/v7.42.0/i/elements/itf.png,2006-07-31,2006-08-06,2006,7,San Diego,SUI,,,,,,,,,California,8.0,,300.0,196900.0,64M/32Q/32D,Acura Classic,,Patty Schnyder,5.0,https://www.wtatennis.com/resources/v7.42.0/i/elements/flags/sui.svg,Semifinals,W,"7-5, 6-4",https://www.wtatennis.com/players/190519/patty-schnyder,False,False,False,False,False,False,False,2,True,22,13,9,CH,CHE,756,150,Europe,Central Europe,SUI,"7,5,None|6,4,None"
3,Acura Classic,https://www.wtatennis.com/resources/v7.42.0/i/elements/itf.png,,ITF,Hard,https://www.wtatennis.com/resources/v7.42.0/i/elements/itf.png,2006-07-31,2006-08-06,2006,7,San Diego,FRA,,,,,,,,,California,9.0,,300.0,196900.0,64M/32Q/32D,Acura Classic,,Mary Pierce,6.0,https://www.wtatennis.com/resources/v7.42.0/i/elements/flags/fra.svg,Quarterfinals,W,"6-2, 6-3",https://www.wtatennis.com/players/160142/mary-pierce,False,False,False,False,False,False,False,2,True,17,12,5,FR,FRA,250,150,Europe,Western Europe,FRA,"6,2,None|6,3,None"
4,Acura Classic,https://www.wtatennis.com/resources/v7.42.0/i/elements/itf.png,,ITF,Hard,https://www.wtatennis.com/resources/v7.42.0/i/elements/itf.png,2006-07-31,2006-08-06,2006,7,San Diego,RUS,,,,,,,,,California,36.0,,300.0,196900.0,64M/32Q/32D,Acura Classic,,Vera Zvonareva,,https://www.wtatennis.com/resources/v7.42.0/i/elements/flags/rus.svg,Round of 16,W,"6-4, 6-4",https://www.wtatennis.com/players/260142/vera-zvonareva,False,False,False,False,False,False,False,2,True,20,12,8,RU,RUS,643,150,Europe,Eastern Europe,RUS,"6,4,None|6,4,None"
5,Acura Classic,https://www.wtatennis.com/resources/v7.42.0/i/elements/itf.png,,ITF,Hard,https://www.wtatennis.com/resources/v7.42.0/i/elements/itf.png,2006-07-31,2006-08-06,2006,7,San Diego,RUS,,,,,,,,,California,88.0,,300.0,196900.0,64M/32Q/32D,Acura Classic,,Vasilisa Bardina,,https://www.wtatennis.com/resources/v7.42.0/i/elements/flags/rus.svg,Round of 32,W,"6-4, 6-1",https://www.wtatennis.com/players/311601/vasilisa-bardina,False,False,False,False,False,False,False,2,True,17,12,5,RU,RUS,643,150,Europe,Eastern Europe,RUS,"6,4,None|6,1,None"
6,Acura Classic,https://www.wtatennis.com/resources/v7.42.0/i/elements/itf.png,,ITF,Hard,https://www.wtatennis.com/resources/v7.42.0/i/elements/itf.png,2006-07-31,2006-08-06,2006,7,San Diego,,,,,,,,,,California,,,300.0,196900.0,64M/32Q/32D,Acura Classic,,,,,Round of 64,,Bye,,False,False,True,False,False,False,False,0,False,0,0,0,,,,,,,,
1,Wimbledon,,https://www.wtatennis.com/tournaments/904/wimbledon/2006,Grand Slam,Grass,https://www.wtatennis.com/resources/v7.42.0/i/elements/gs-tag.svg,2006-06-26,2006-07-08,2006,6,,FRA,,GB,GBR,826,150,,Europe,Northern Europe,ENG,1.0,,314.0,246429.0,128M/128Q/64D,The Championships,,Amélie Mauresmo,1.0,https://www.wtatennis.com/resources/v7.42.0/i/elements/flags/fra.svg,Semifinals,L,"3-6, 6-3, 2-6",https://www.wtatennis.com/players/130450/am-lie-mauresmo,False,False,False,False,False,False,False,3,False,26,11,15,FR,FRA,250,150,Europe,Western Europe,FRA,"3,6,None|6,3,None|2,6,None"
2,Wimbledon,,https://www.wtatennis.com/tournaments/904/wimbledon/2006,Grand Slam,Grass,https://www.wtatennis.com/resources/v7.42.0/i/elements/gs-tag.svg,2006-06-26,2006-07-08,2006,6,,RUS,,GB,GBR,826,150,,Europe,Northern Europe,ENG,8.0,,314.0,246429.0,128M/128Q/64D,The Championships,,Elena Dementieva,7.0,https://www.wtatennis.com/resources/v7.42.0/i/elements/flags/rus.svg,Quarterfinals,W,"6-1, 6-4",https://www.wtatennis.com/players/40289/elena-dementieva,False,False,False,False,False,False,False,2,True,17,12,5,RU,RUS,643,150,Europe,Eastern Europe,RUS,"6,1,None|6,4,None"
3,Wimbledon,,https://www.wtatennis.com/tournaments/904/wimbledon/2006,Grand Slam,Grass,https://www.wtatennis.com/resources/v7.42.0/i/elements/gs-tag.svg,2006-06-26,2006-07-08,2006,6,,ITA,,GB,GBR,826,150,,Europe,Northern Europe,ENG,19.0,,314.0,246429.0,128M/128Q/64D,The Championships,,Flavia Pennetta,16.0,https://www.wtatennis.com/resources/v7.42.0/i/elements/flags/ita.svg,Round of 16,W,"7-6 (5), 3-6, 6-3",https://www.wtatennis.com/players/160391/flavia-pennetta,False,False,False,True,False,False,True,3,True,31,16,15,IT,ITA,380,150,Europe,Southern Europe,ITA,"7,6,5|3,6,None|6,3,None"
4,Wimbledon,,https://www.wtatennis.com/tournaments/904/wimbledon/2006,Grand Slam,Grass,https://www.wtatennis.com/resources/v7.42.0/i/elements/gs-tag.svg,2006-06-26,2006-07-08,2006,6,,USA,,GB,GBR,826,150,United States of America|America|USA|US,Europe,Northern Europe,ENG,80.0,,314.0,246429.0,128M/128Q/64D,The Championships,,Amy Frazier,,https://www.wtatennis.com/resources/v7.42.0/i/elements/flags/usa.svg,Round of 32,W,"6-3, 6-2",https://www.wtatennis.com/players/60034/amy-frazier,False,False,False,False,False,False,False,2,True,17,12,5,US,USA,840,019,America,Northern America,USA,"6,3,None|6,2,None"
5,Wimbledon,,https://www.wtatennis.com/tournaments/904/wimbledon/2006,Grand Slam,Grass,https://www.wtatennis.com/resources/v7.42.0/i/elements/gs-tag.svg,2006-06-26,2006-07-08,2006,6,,USA,,GB,GBR,826,150,United States of America|America|USA|US,Europe,Northern Europe,ENG,76.0,,314.0,246429.0,128M/128Q/64D,The Championships,,Ashley Harkleroad,,https://www.wtatennis.com/resources/v7.42.0/i/elements/flags/usa.svg,Round of 64,W,"6-2, 6-2",https://www.wtatennis.com/players/80418/ashley-harkleroad,False,False,False,False,False,False,False,2,True,16,12,4,US,USA,840,019,America,Northern America,USA,"6,2,None|6,2,None"
6,Wimbledon,,https://www.wtatennis.com/tournaments/904/wimbledon/2006,Grand Slam,Grass,https://www.wtatennis.com/resources/v7.42.0/i/elements/gs-tag.svg,2006-06-26,2006-07-08,2006,6,,ISR,,GB,GBR,826,150,,Europe,Northern Europe,ENG,42.0,,314.0,246429.0,128M/128Q/64D,The Championships,,Anna Smashnova,,https://www.wtatennis.com/resources/v7.42.0/i/elements/flags/isr.svg,Round of 128,W,"6-2, 6-0",https://www.wtatennis.com/players/190361/anna-smashnova,False,False,False,False,False,False,False,2,True,14,12,2,IL,ISR,376,142,Asia,Western Asia,ISR,"6,2,None|6,0,None"
1,Dfs Classic,https://www.wtatennis.com/resources/v7.42.0/i/elements/itf.png,,ITF,Grass,https://www.wtatennis.com/resources/v7.42.0/i/elements/itf.png,2006-06-12,2006-06-18,2006,6,Birmingham,USA,,GB,GBR,826,150,United States of America|America|USA|US,Europe,Northern Europe,ENG,81.0,,55.0,8220.0,64M/32Q/16D,Dfs Classic,,Jamea Jackson,,https://www.wtatennis.com/resources/v7.42.0/i/elements/flags/usa.svg,Semifinals,L,"4-6, 4-6",https://www.wtatennis.com/players/100164/jamea-jackson,False,False,False,False,False,False,False,2,False,20,8,12,US,USA,840,019,America,Northern America,USA,"4,6,None|4,6,None"
2,Dfs Classic,https://www.wtatennis.com/resources/v7.42.0/i/elements/itf.png,,ITF,Grass,https://www.wtatennis.com/resources/v7.42.0/i/elements/itf.png,2006-06-12,2006-06-18,2006,6,Birmingham,ITA,,GB,GBR,826,150,,Europe,Northern Europe,ENG,39.0,,55.0,8220.0,64M/32Q/16D,Dfs Classic,,Mara Santangelo,12.0,https://www.wtatennis.com/resources/v7.42.0/i/elements/flags/ita.svg,Quarterfinals,W,"6-2, 6-2",https://www.wtatennis.com/players/190669/mara-santangelo,False,False,False,False,False,False,False,2,True,16,12,4,IT,ITA,380,150,Europe,Southern Europe,ITA,"6,2,None|6,2,None"
3,Dfs Classic,https://www.wtatennis.com/resources/v7.42.0/i/elements/itf.png,,ITF,Grass,https://www.wtatennis.com/resources/v7.42.0/i/elements/itf.png,2006-06-12,2006-06-18,2006,6,Birmingham,CHN,,GB,GBR,826,150,,Europe,Northern Europe,ENG,32.0,,55.0,8220.0,64M/32Q/16D,Dfs Classic,,Na Li,13.0,https://www.wtatennis.com/resources/v7.42.0/i/elements/flags/chn.svg,Round of 16,W,"6-2, 6-4",https://www.wtatennis.com/players/120330/na-li,False,False,False,False,False,False,False,2,True,18,12,6,CN,CHN,156,142,Asia,East Asia,CHN,"6,2,None|6,4,None"
4,Dfs Classic,https://www.wtatennis.com/resources/v7.42.0/i/elements/itf.png,,ITF,Grass,https://www.wtatennis.com/resources/v7.42.0/i/elements/itf.png,2006-06-12,2006-06-18,2006,6,Birmingham,USA,,GB,GBR,826,150,United States of America|America|USA|US,Europe,Northern Europe,ENG,143.0,,55.0,8220.0,64M/32Q/16D,Dfs Classic,,Ahsha Rolle,,https://www.wtatennis.com/resources/v7.42.0/i/elements/flags/usa.svg,Round of 32,W,"6-4, 6-2",https://www.wtatennis.com/players/310210/ahsha-rolle,False,False,False,False,False,False,False,2,True,18,12,6,US,USA,840,019,America,Northern America,USA,"6,4,None|6,2,None"
5,Dfs Classic,https://www.wtatennis.com/resources/v7.42.0/i/elements/itf.png,,ITF,Grass,https://www.wtatennis.com/resources/v7.42.0/i/elements/itf.png,2006-06-12,2006-06-18,2006,6,Birmingham,,,GB,GBR,826,150,,Europe,Northern Europe,ENG,,,55.0,8220.0,64M/32Q/16D,Dfs Classic,,,,,Round of 64,,Bye,,False,False,True,False,False,False,False,0,False,0,0,0,,,,,,,,
1,Roland Garros,,https://www.wtatennis.com/tournaments/903/roland-garros/2006,Grand Slam,Clay,https://www.wtatennis.com/resources/v7.42.0/i/elements/gs-tag.svg,2006-05-28,2006-06-10,2006,5,,RUS,,FR,FRA,250,150,,Europe,Western Europe,FRA,17.0,,96.0,65464.0,128M/128Q/64D,Roland Garros,,Dinara Safina,14.0,https://www.wtatennis.com/resources/v7.42.0/i/elements/flags/rus.svg,Round of 16,L,"5-7, 6-2, 5-7",https://www.wtatennis.com/players/190950/dinara-safina,False,False,False,False,False,False,False,3,False,32,16,16,RU,RUS,643,150,Europe,Eastern Europe,RUS,"5,7,None|6,2,None|5,7,None"
2,Roland Garros,,https://www.wtatennis.com/tournaments/903/roland-garros/2006,Grand Slam,Clay,https://www.wtatennis.com/resources/v7.42.0/i/elements/gs-tag.svg,2006-05-28,2006-06-10,2006,5,,AUS,,FR,FRA,250,150,,Europe,Western Europe,FRA,489.0,,96.0,65464.0,128M/128Q/64D,Roland Garros,,Alicia Molik,,https://www.wtatennis.com/resources/v7.42.0/i/elements/flags/aus.svg,Round of 32,W,"6-0, 7-5",https://www.wtatennis.com/players/130548/alicia-molik,False,False,False,False,False,False,False,2,True,18,13,5,AU,AUS,036,009,Oceania,Australasia,AUS,"6,0,None|7,5,None"
3,Roland Garros,,https://www.wtatennis.com/tournaments/903/roland-garros/2006,Grand Slam,Clay,https://www.wtatennis.com/resources/v7.42.0/i/elements/gs-tag.svg,2006-05-28,2006-06-10,2006,5,,CZE,,FR,FRA,250,150,,Europe,Western Europe,FRA,53.0,,96.0,65464.0,128M/128Q/64D,Roland Garros,,Iveta Melzer,,https://www.wtatennis.com/resources/v7.42.0/i/elements/flags/cze.svg,Round of 64,W,"6-4, 6-1",https://www.wtatennis.com/players/20576/iveta-melzer,False,False,False,False,False,False,False,2,True,17,12,5,CZ,CZE,203,150,Europe,Central Europe,CZE,"6,4,None|6,1,None"
4,Roland Garros,,https://www.wtatennis.com/tournaments/903/roland-garros/2006,Grand Slam,Clay,https://www.wtatennis.com/resources/v7.42.0/i/elements/gs-tag.svg,2006-05-28,2006-06-10,2006,5,,USA,,FR,FRA,250,150,United States of America|America|USA|US,Europe,Western Europe,FRA,89.0,,96.0,65464.0,128M/128Q/64D,Roland Garros,,Mashona Washington,,https://www.wtatennis.com/resources/v7.42.0/i/elements/flags/usa.svg,Round of 128,W,"6-2, 5-7, 7-5",https://www.wtatennis.com/players/230186/mashona-washington,False,False,False,False,False,False,False,3,True,32,18,14,US,USA,840,019,America,Northern America,USA,"6,2,None|5,7,None|7,5,None"
1,Nasdaq-100 Open,https://www.wtatennis.com/resources/v7.42.0/i/elements/itf.png,,ITF,Hard,https://www.wtatennis.com/resources/v7.42.0/i/elements/itf.png,2006-03-22,2006-04-01,2006,3,Miami,RUS,,,,,,,,,Florida,14.0,,246.0,266675.0,128M/64Q/32D,Nasdaq-100 Open,,Svetlana Kuznetsova,12.0,https://www.wtatennis.com/resources/v7.42.0/i/elements/flags/rus.svg,Finals,L,"4-6, 3-6",https://www.wtatennis.com/players/110552/svetlana-kuznetsova,False,False,False,False,False,False,False,2,False,19,7,12,RU,RUS,643,150,Europe,Eastern Europe,RUS,"4,6,None|3,6,None"
2,Nasdaq-100 Open,https://www.wtatennis.com/resources/v7.42.0/i/elements/itf.png,,ITF,Hard,https://www.wtatennis.com/resources/v7.42.0/i/elements/itf.png,2006-03-22,2006-04-01,2006,3,Miami,FRA,,,,,,,,,Florida,24.0,,246.0,266675.0,128M/64Q/32D,Nasdaq-100 Open,,Tatiana Golovin,22.0,https://www.wtatennis.com/resources/v7.42.0/i/elements/flags/fra.svg,Semifinals,W,"6-3, 65-7, 4-3",https://www.wtatennis.com/players/310774/tatiana-golovin,True,False,False,False,True,False,True,3,True,88,75,13,FR,FRA,250,150,Europe,Western Europe,FRA,"6,3,None|65,7,None|4,3,None|Ret"
3,Nasdaq-100 Open,https://www.wtatennis.com/resources/v7.42.0/i/elements/itf.png,,ITF,Hard,https://www.wtatennis.com/resources/v7.42.0/i/elements/itf.png,2006-03-22,2006-04-01,2006,3,Miami,RUS,,,,,,,,,Florida,12.0,,246.0,266675.0,128M/64Q/32D,Nasdaq-100 Open,,Anastasia Myskina,10.0,https://www.wtatennis.com/resources/v7.42.0/i/elements/flags/rus.svg,Quarterfinals,W,"6-3, 6-3",https://www.wtatennis.com/players/130533/anastasia-myskina,False,False,False,False,False,False,False,2,True,18,12,6,RU,RUS,643,150,Europe,Eastern Europe,RUS,"6,3,None|6,3,None"
4,Nasdaq-100 Open,https://www.wtatennis.com/resources/v7.42.0/i/elements/itf.png,,ITF,Hard,https://www.wtatennis.com/resources/v7.42.0/i/elements/itf.png,2006-03-22,2006-04-01,2006,3,Miami,RUS,,,,,,,,,Florida,22.0,,246.0,266675.0,128M/64Q/32D,Nasdaq-100 Open,,Maria Kirilenko,20.0,https://www.wtatennis.com/resources/v7.42.0/i/elements/flags/rus.svg,Round of 16,W,"3-6, 6-4, 6-1",https://www.wtatennis.com/players/310577/maria-kirilenko,False,False,False,False,False,False,False,3,False,26,15,11,RU,RUS,643,150,Europe,Eastern Europe,RUS,"3,6,None|6,4,None|6,1,None"
5,Nasdaq-100 Open,https://www.wtatennis.com/resources/v7.42.0/i/elements/itf.png,,ITF,Hard,https://www.wtatennis.com/resources/v7.42.0/i/elements/itf.png,2006-03-22,2006-04-01,2006,3,Miami,ITA,,,,,,,,,Florida,79.0,,246.0,266675.0,128M/64Q/32D,Nasdaq-100 Open,,Maria Elena Camerin,,https://www.wtatennis.com/resources/v7.42.0/i/elements/flags/ita.svg,Round of 32,W,"6-2, 7-6 (2)",https://www.wtatennis.com/players/30462/maria-elena-camerin,False,False,False,False,True,False,True,2,True,21,13,8,IT,ITA,380,150,Europe,Southern Europe,ITA,"6,2,None|7,6,2"
6,Nasdaq-100 Open,https://www.wtatennis.com/resources/v7.42.0/i/elements/itf.png,,ITF,Hard,https://www.wtatennis.com/resources/v7.42.0/i/elements/itf.png,2006-03-22,2006-04-01,2006,3,Miami,CHN,,,,,,,,,Florida,60.0,,246.0,266675.0,128M/64Q/32D,Nasdaq-100 Open,,Na Li,,https://www.wtatennis.com/resources/v7.42.0/i/elements/flags/chn.svg,Round of 64,W,"6-2, 6-4",https://www.wtatennis.com/players/120330/na-li,False,False,False,False,False,False,False,2,True,18,12,6,CN,CHN,156,142,Asia,East Asia,CHN,"6,2,None|6,4,None"
7,Nasdaq-100 Open,https://www.wtatennis.com/resources/v7.42.0/i/elements/itf.png,,ITF,Hard,https://www.wtatennis.com/resources/v7.42.0/i/elements/itf.png,2006-03-22,2006-04-01,2006,3,Miami,,,,,,,,,,Florida,,,246.0,266675.0,128M/64Q/32D,Nasdaq-100 Open,,,,,Round of 128,,Bye,,False,False,True,False,False,False,False,0,False,0,0,0,,,,,,,,
1,Pacific Life Open,https://www.wtatennis.com/resources/v7.42.0/i/elements/itf.png,,ITF,Hard,https://www.wtatennis.com/resources/v7.42.0/i/elements/itf.png,2006-03-08,2006-03-18,2006,3,Indian Wells,RUS,,,,,,,,,California,8.0,,325.0,332000.0,128M/64Q/32D,Pacific Life Open,,Elena Dementieva,4.0,https://www.wtatennis.com/resources/v7.42.0/i/elements/flags/rus.svg,Finals,W,"6-1, 6-2",https://www.wtatennis.com/players/40289/elena-dementieva,False,False,False,False,False,False,False,2,True,15,12,3,RU,RUS,643,150,Europe,Eastern Europe,RUS,"6,1,None|6,2,None"
2,Pacific Life Open,https://www.wtatennis.com/resources/v7.42.0/i/elements/itf.png,,ITF,Hard,https://www.wtatennis.com/resources/v7.42.0/i/elements/itf.png,2006-03-08,2006-03-18,2006,3,Indian Wells,SUI,,,,,,,,,California,32.0,,325.0,332000.0,128M/64Q/32D,Pacific Life Open,,Martina Hingis,19.0,https://www.wtatennis.com/resources/v7.42.0/i/elements/flags/sui.svg,Semifinals,W,"6-3, 6-3",https://www.wtatennis.com/players/80301/martina-hingis,False,False,False,False,False,False,False,2,True,18,12,6,CH,CHE,756,150,Europe,Central Europe,SUI,"6,3,None|6,3,None"
3,Pacific Life Open,https://www.wtatennis.com/resources/v7.42.0/i/elements/itf.png,,ITF,Hard,https://www.wtatennis.com/resources/v7.42.0/i/elements/itf.png,2006-03-08,2006-03-18,2006,3,Indian Wells,GER,,,,,,,,,California,18.0,,325.0,332000.0,128M/64Q/32D,Pacific Life Open,,Anna-Lena Groenefeld,7.0,https://www.wtatennis.com/resources/v7.42.0/i/elements/flags/ger.svg,Quarterfinals,W,"6-1, 6-3",https://www.wtatennis.com/players/310318/anna-lena-groenefeld,False,False,False,False,False,False,False,2,True,16,12,4,DE,DEU,276,150,Europe,Central Europe,GER,"6,1,None|6,3,None"
4,Pacific Life Open,https://www.wtatennis.com/resources/v7.42.0/i/elements/itf.png,,ITF,Hard,https://www.wtatennis.com/resources/v7.42.0/i/elements/itf.png,2006-03-08,2006-03-18,2006,3,Indian Wells,ISR,,,,,,,,,California,35.0,,325.0,332000.0,128M/64Q/32D,Pacific Life Open,,Shahar Peer,21.0,https://www.wtatennis.com/resources/v7.42.0/i/elements/flags/isr.svg,Round of 16,W,"7-6 (2), 6-1",https://www.wtatennis.com/players/311168/shahar-peer,False,False,False,True,False,False,True,2,True,20,13,7,IL,ISR,376,142,Asia,Western Asia,ISR,"7,6,2|6,1,None"
5,Pacific Life Open,https://www.wtatennis.com/resources/v7.42.0/i/elements/itf.png,,ITF,Hard,https://www.wtatennis.com/resources/v7.42.0/i/elements/itf.png,2006-03-08,2006-03-18,2006,3,Indian Wells,USA,,,,,,United States of America|America|USA|US,,,California,68.0,,325.0,332000.0,128M/64Q/32D,Pacific Life Open,,Lisa Raymond,,https://www.wtatennis.com/resources/v7.42.0/i/elements/flags/usa.svg,Round of 32,W,"6-4, 6-0",https://www.wtatennis.com/players/180144/lisa-raymond,False,False,False,False,False,False,False,2,True,16,12,4,US,USA,840,019,America,Northern America,USA,"6,4,None|6,0,None"
6,Pacific Life Open,https://www.wtatennis.com/resources/v7.42.0/i/elements/itf.png,,ITF,Hard,https://www.wtatennis.com/resources/v7.42.0/i/elements/itf.png,2006-03-08,2006-03-18,2006,3,Indian Wells,USA,,,,,,United States of America|America|USA|US,,,California,90.0,,325.0,332000.0,128M/64Q/32D,Pacific Life Open,,Jamea Jackson,,https://www.wtatennis.com/resources/v7.42.0/i/elements/flags/usa.svg,Round of 64,W,"6-4, 6-3",https://www.wtatennis.com/players/100164/jamea-jackson,False,False,False,False,False,False,False,2,True,19,12,7,US,USA,840,019,America,Northern America,USA,"6,4,None|6,3,None"
7,Pacific Life Open,https://www.wtatennis.com/resources/v7.42.0/i/elements/itf.png,,ITF,Hard,https://www.wtatennis.com/resources/v7.42.0/i/elements/itf.png,2006-03-08,2006-03-18,2006,3,Indian Wells,,,,,,,,,,California,,,325.0,332000.0,128M/64Q/32D,Pacific Life Open,,,,,Round of 128,,Bye,,False,False,True,False,False,False,False,0,False,0,0,0,,,,,,,,
1,Dubai Duty Free Women'S Open,https://www.wtatennis.com/resources/v7.42.0/i/elements/itf.png,,ITF,Hard,https://www.wtatennis.com/resources/v7.42.0/i/elements/itf.png,2006-02-20,2006-02-25,2006,2,,BEL,,AE,ARE,784,142,,Asia,Western Asia,UAE,5.0,,154.0,84500.0,32M/32Q/16D,Dubai Duty Free Women'S Open,,Justine Henin,4.0,https://www.wtatennis.com/resources/v7.42.0/i/elements/flags/bel.svg,Finals,L,"5-7, 2-6",https://www.wtatennis.com/players/80350/justine-henin,False,False,False,False,False,False,False,2,False,20,7,13,BE,BEL,056,150,Europe,Western Europe,BEL,"5,7,None|2,6,None"
2,Dubai Duty Free Women'S Open,https://www.wtatennis.com/resources/v7.42.0/i/elements/itf.png,,ITF,Hard,https://www.wtatennis.com/resources/v7.42.0/i/elements/itf.png,2006-02-20,2006-02-25,2006,2,,USA,,AE,ARE,784,142,United States of America|America|USA|US,Asia,Western Asia,UAE,3.0,,154.0,84500.0,32M/32Q/16D,Dubai Duty Free Women'S Open,,Lindsay Davenport,2.0,https://www.wtatennis.com/resources/v7.42.0/i/elements/flags/usa.svg,Semifinals,W,"3-6, 6-1, 6-3",https://www.wtatennis.com/players/40106/lindsay-davenport,False,False,False,False,False,False,False,3,False,25,15,10,US,USA,840,019,America,Northern America,USA,"3,6,None|6,1,None|6,3,None"
3,Dubai Duty Free Women'S Open,https://www.wtatennis.com/resources/v7.42.0/i/elements/itf.png,,ITF,Hard,https://www.wtatennis.com/resources/v7.42.0/i/elements/itf.png,2006-02-20,2006-02-25,2006,2,,SUI,,AE,ARE,784,142,,Asia,Western Asia,UAE,50.0,,154.0,84500.0,32M/32Q/16D,Dubai Duty Free Women'S Open,,Martina Hingis,,https://www.wtatennis.com/resources/v7.42.0/i/elements/flags/sui.svg,Quarterfinals,W,"6-3, 6-4",https://www.wtatennis.com/players/80301/martina-hingis,False,False,False,False,False,False,False,2,True,19,12,7,CH,CHE,756,150,Europe,Central Europe,SUI,"6,3,None|6,4,None"
4,Dubai Duty Free Women'S Open,https://www.wtatennis.com/resources/v7.42.0/i/elements/itf.png,,ITF,Hard,https://www.wtatennis.com/resources/v7.42.0/i/elements/itf.png,2006-02-20,2006-02-25,2006,2,,RUS,,AE,ARE,784,142,,Asia,Western Asia,UAE,48.0,,154.0,84500.0,32M/32Q/16D,Dubai Duty Free Women'S Open,,Vera Dushevina,,https://www.wtatennis.com/resources/v7.42.0/i/elements/flags/rus.svg,Round of 16,W,"6-1, 6-0",https://www.wtatennis.com/players/310625/vera-dushevina,False,False,False,False,False,False,False,2,True,13,12,1,RU,RUS,643,150,Europe,Eastern Europe,RUS,"6,1,None|6,0,None"
5,Dubai Duty Free Women'S Open,https://www.wtatennis.com/resources/v7.42.0/i/elements/itf.png,,ITF,Hard,https://www.wtatennis.com/resources/v7.42.0/i/elements/itf.png,2006-02-20,2006-02-25,2006,2,,,,AE,ARE,784,142,,Asia,Western Asia,UAE,,,154.0,84500.0,32M/32Q/16D,Dubai Duty Free Women'S Open,,,,,Round of 32,,Bye,,False,False,True,False,False,False,False,0,False,0,0,0,,,,,,,,
1,Toray Pan Pacific Open,https://www.wtatennis.com/resources/v7.42.0/i/elements/itf.png,,ITF,Carpet,https://www.wtatennis.com/resources/v7.42.0/i/elements/itf.png,2006-01-31,2006-02-05,2006,1,Tokyo,SUI,,JP,JPN,392,142,,Asia,East Asia,JPN,117.0,,135.0,56800.0,32M/32Q/16D,Toray Pan Pacific Open,,Martina Hingis,,https://www.wtatennis.com/resources/v7.42.0/i/elements/flags/sui.svg,Semifinals,L,"3-6, 1-6",https://www.wtatennis.com/players/80301/martina-hingis,False,False,False,False,False,False,False,2,False,16,4,12,CH,CHE,756,150,Europe,Central Europe,SUI,"3,6,None|1,6,None"
2,Toray Pan Pacific Open,https://www.wtatennis.com/resources/v7.42.0/i/elements/itf.png,,ITF,Carpet,https://www.wtatennis.com/resources/v7.42.0/i/elements/itf.png,2006-01-31,2006-02-05,2006,1,Tokyo,AUS,,JP,JPN,392,142,,Asia,East Asia,JPN,72.0,,135.0,56800.0,32M/32Q/16D,Toray Pan Pacific Open,,Samantha Stosur,,https://www.wtatennis.com/resources/v7.42.0/i/elements/flags/aus.svg,Quarterfinals,W,"6-1, 6-4",https://www.wtatennis.com/players/190787/samantha-stosur,False,False,False,False,False,False,False,2,True,17,12,5,AU,AUS,036,009,Oceania,Australasia,AUS,"6,1,None|6,4,None"
3,Toray Pan Pacific Open,https://www.wtatennis.com/resources/v7.42.0/i/elements/itf.png,,ITF,Carpet,https://www.wtatennis.com/resources/v7.42.0/i/elements/itf.png,2006-01-31,2006-02-05,2006,1,Tokyo,USA,,JP,JPN,392,142,United States of America|America|USA|US,Asia,East Asia,JPN,93.0,,135.0,56800.0,32M/32Q/16D,Toray Pan Pacific Open,,Lisa Raymond,,https://www.wtatennis.com/resources/v7.42.0/i/elements/flags/usa.svg,Round of 16,W,"6-4, 6-4",https://www.wtatennis.com/players/180144/lisa-raymond,False,False,False,False,False,False,False,2,True,20,12,8,US,USA,840,019,America,Northern America,USA,"6,4,None|6,4,None"
4,Toray Pan Pacific Open,https://www.wtatennis.com/resources/v7.42.0/i/elements/itf.png,,ITF,Carpet,https://www.wtatennis.com/resources/v7.42.0/i/elements/itf.png,2006-01-31,2006-02-05,2006,1,Tokyo,,,JP,JPN,392,142,,Asia,East Asia,JPN,,,135.0,56800.0,32M/32Q/16D,Toray Pan Pacific Open,,,,,Round of 32,,Bye,,False,False,True,False,False,False,False,0,False,0,0,0,,,,,,,,
1,Australian Open,,https://www.wtatennis.com/tournaments/901/australian-open/2006,Grand Slam,Hard,https://www.wtatennis.com/resources/v7.42.0/i/elements/gs-tag.svg,2006-01-16,2006-01-28,2006,1,,BEL,,AU,AUS,036,009,,Oceania,Australasia,AUS,6.0,,314.0,211875.0,128M/128Q/64D,Australian Open,,Justine Henin,8.0,https://www.wtatennis.com/resources/v7.42.0/i/elements/flags/bel.svg,Semifinals,L,"6-4, 1-6, 4-6",https://www.wtatennis.com/players/80350/justine-henin,False,False,False,False,False,False,False,3,True,27,11,16,BE,BEL,056,150,Europe,Western Europe,BEL,"6,4,None|1,6,None|4,6,None"
2,Australian Open,,https://www.wtatennis.com/tournaments/901/australian-open/2006,Grand Slam,Hard,https://www.wtatennis.com/resources/v7.42.0/i/elements/gs-tag.svg,2006-01-16,2006-01-28,2006,1,,RUS,,AU,AUS,036,009,,Oceania,Australasia,AUS,7.0,,314.0,211875.0,128M/128Q/64D,Australian Open,,Nadia Petrova,6.0,https://www.wtatennis.com/resources/v7.42.0/i/elements/flags/rus.svg,Quarterfinals,W,"7-6 (6), 6-4",https://www.wtatennis.com/players/160379/nadia-petrova,False,False,False,True,False,False,True,2,True,23,13,10,RU,RUS,643,150,Europe,Eastern Europe,RUS,"7,6,6|6,4,None"
3,Australian Open,,https://www.wtatennis.com/tournaments/901/australian-open/2006,Grand Slam,Hard,https://www.wtatennis.com/resources/v7.42.0/i/elements/gs-tag.svg,2006-01-16,2006-01-28,2006,1,,SVK,,AU,AUS,036,009,,Oceania,Australasia,AUS,17.0,,314.0,211875.0,128M/128Q/64D,Australian Open,,Daniela Hantuchova,17.0,https://www.wtatennis.com/resources/v7.42.0/i/elements/flags/svk.svg,Round of 16,W,"6-4, 6-4",https://www.wtatennis.com/players/80394/daniela-hantuchova,False,False,False,False,False,False,False,2,True,20,12,8,SK,SVK,703,150,Europe,Central Europe,SVK,"6,4,None|6,4,None"
4,Australian Open,,https://www.wtatennis.com/tournaments/901/australian-open/2006,Grand Slam,Hard,https://www.wtatennis.com/resources/v7.42.0/i/elements/gs-tag.svg,2006-01-16,2006-01-28,2006,1,,CRO,,AU,AUS,036,009,,Oceania,Australasia,AUS,71.0,,314.0,211875.0,128M/128Q/64D,Australian Open,,Jelena Kostanic Tosic,,https://www.wtatennis.com/resources/v7.42.0/i/elements/flags/cro.svg,Round of 32,W,"6-0, 6-1",https://www.wtatennis.com/players/110380/jelena-kostanic-tosic,False,False,False,False,False,False,False,2,True,13,12,1,HR,HRV,191,150,Europe,Southeastern Europe,CRO,"6,0,None|6,1,None"
5,Australian Open,,https://www.wtatennis.com/tournaments/901/australian-open/2006,Grand Slam,Hard,https://www.wtatennis.com/resources/v7.42.0/i/elements/gs-tag.svg,2006-01-16,2006-01-28,2006,1,,USA,,AU,AUS,036,009,United States of America|America|USA|US,Oceania,Australasia,AUS,107.0,,314.0,211875.0,128M/128Q/64D,Australian Open,,Ashley Harkleroad,,https://www.wtatennis.com/resources/v7.42.0/i/elements/flags/usa.svg,Round of 64,W,"6-1, 7-5",https://www.wtatennis.com/players/80418/ashley-harkleroad,False,False,False,False,False,False,False,2,True,19,13,6,US,USA,840,019,America,Northern America,USA,"6,1,None|7,5,None"
6,Australian Open,,https://www.wtatennis.com/tournaments/901/australian-open/2006,Grand Slam,Hard,https://www.wtatennis.com/resources/v7.42.0/i/elements/gs-tag.svg,2006-01-16,2006-01-28,2006,1,,GER,,AU,AUS,036,009,,Oceania,Australasia,AUS,91.0,,314.0,211875.0,128M/128Q/64D,Australian Open,,Sandra Kloesel,,https://www.wtatennis.com/resources/v7.42.0/i/elements/flags/ger.svg,Round of 128,W,"6-2, 6-1",https://www.wtatennis.com/players/110325/sandra-kloesel,False,False,False,False,False,False,False,2,True,15,12,3,DE,DEU,276,150,Europe,Central Europe,GER,"6,2,None|6,1,None"
1,Sony Ericsson Wta Tour Championships Presented By Porsche,,https://www.wtatennis.com/tournaments/808/wta-finals/2005,Finals,Hard,https://www.wtatennis.com/resources/v7.42.0/i/elements/finals-tag.svg,2005-11-08,2005-11-13,2005,11,,FRA,,US,USA,840,019,,America,Northern America,USA,4.0,,378.0,250000.0,8M/0Q/4D,Sony Ericsson Wta Tour Championships Presented By Porsche,,Amélie Mauresmo,,https://www.wtatennis.com/resources/v7.42.0/i/elements/flags/fra.svg,Semifinals,L,"6-7 (1), 3-6",https://www.wtatennis.com/players/130450/am-lie-mauresmo,False,False,False,True,False,False,True,2,False,22,9,13,FR,FRA,250,150,Europe,Western Europe,FRA,"6,7,1|3,6,None"
2,Sony Ericsson Wta Tour Championships Presented By Porsche,,https://www.wtatennis.com/tournaments/808/wta-finals/2005,Finals,Hard,https://www.wtatennis.com/resources/v7.42.0/i/elements/finals-tag.svg,2005-11-08,2005-11-13,2005,11,,USA,,US,USA,840,019,United States of America|America|USA|US,America,Northern America,USA,1.0,,378.0,250000.0,8M/0Q/4D,Sony Ericsson Wta Tour Championships Presented By Porsche,,Lindsay Davenport,,https://www.wtatennis.com/resources/v7.42.0/i/elements/flags/usa.svg,Group Stage Group,W,"6-3, 5-7, 6-4",https://www.wtatennis.com/players/40106/lindsay-davenport,False,False,False,False,False,False,False,3,True,31,17,14,US,USA,840,019,America,Northern America,USA,"6,3,None|5,7,None|6,4,None"
3,Sony Ericsson Wta Tour Championships Presented By Porsche,,https://www.wtatennis.com/tournaments/808/wta-finals/2005,Finals,Hard,https://www.wtatennis.com/resources/v7.42.0/i/elements/finals-tag.svg,2005-11-08,2005-11-13,2005,11,,SUI,,US,USA,840,019,,America,Northern America,USA,8.0,,378.0,250000.0,8M/0Q/4D,Sony Ericsson Wta Tour Championships Presented By Porsche,,Patty Schnyder,,https://www.wtatennis.com/resources/v7.42.0/i/elements/flags/sui.svg,Group Stage Group,W,"6-1, 3-6, 6-2",https://www.wtatennis.com/players/190519/patty-schnyder,False,False,False,False,False,False,False,3,True,24,15,9,CH,CHE,756,150,Europe,Central Europe,SUI,"6,1,None|3,6,None|6,2,None"
4,Sony Ericsson Wta Tour Championships Presented By Porsche,,https://www.wtatennis.com/tournaments/808/wta-finals/2005,Finals,Hard,https://www.wtatennis.com/resources/v7.42.0/i/elements/finals-tag.svg,2005-11-08,2005-11-13,2005,11,,RUS,,US,USA,840,019,,America,Northern America,USA,10.0,,378.0,250000.0,8M/0Q/4D,Sony Ericsson Wta Tour Championships Presented By Porsche,,Nadia Petrova,,https://www.wtatennis.com/resources/v7.42.0/i/elements/flags/rus.svg,Group Stage Group,L,"1-6, 2-6",https://www.wtatennis.com/players/160379/nadia-petrova,False,False,False,False,False,False,False,2,False,15,3,12,RU,RUS,643,150,Europe,Eastern Europe,RUS,"1,6,None|2,6,None"
1,Ladies Kremlin Cup,https://www.wtatennis.com/resources/v7.42.0/i/elements/itf.png,,ITF,Carpet,https://www.wtatennis.com/resources/v7.42.0/i/elements/itf.png,2005-10-10,2005-10-16,2005,10,Moscow,RUS,,RU,RUS,643,150,,Europe,Eastern Europe,RUS,24.0,,98.0,29000.0,32M/32Q/16D,Ladies Kremlin Cup,,Dinara Safina,,https://www.wtatennis.com/resources/v7.42.0/i/elements/flags/rus.svg,Quarterfinals,L,"6-1, 4-6, 5-7",https://www.wtatennis.com/players/190950/dinara-safina,False,False,False,False,False,False,False,3,True,29,15,14,RU,RUS,643,150,Europe,Eastern Europe,RUS,"6,1,None|4,6,None|5,7,None"
2,Ladies Kremlin Cup,https://www.wtatennis.com/resources/v7.42.0/i/elements/itf.png,,ITF,Carpet,https://www.wtatennis.com/resources/v7.42.0/i/elements/itf.png,2005-10-10,2005-10-16,2005,10,Moscow,GER,,RU,RUS,643,150,,Europe,Eastern Europe,RUS,21.0,,98.0,29000.0,32M/32Q/16D,Ladies Kremlin Cup,,Anna-Lena Groenefeld,,https://www.wtatennis.com/resources/v7.42.0/i/elements/flags/ger.svg,Round of 16,W,"1-6, 2-4",https://www.wtatennis.com/players/310318/anna-lena-groenefeld,True,False,False,False,False,False,False,2,False,13,3,10,DE,DEU,276,150,Europe,Central Europe,GER,"1,6,None|2,4,None|Ret"
3,Ladies Kremlin Cup,https://www.wtatennis.com/resources/v7.42.0/i/elements/itf.png,,ITF,Carpet,https://www.wtatennis.com/resources/v7.42.0/i/elements/itf.png,2005-10-10,2005-10-16,2005,10,Moscow,,,RU,RUS,643,150,,Europe,Eastern Europe,RUS,,,98.0,29000.0,32M/32Q/16D,Ladies Kremlin Cup,,,,,Round of 32,,Bye,,False,False,True,False,False,False,False,0,False,0,0,0,,,,,,,,
1,China Open,https://www.wtatennis.com/resources/v7.42.0/i/elements/itf.png,,ITF,Hard,https://www.wtatennis.com/resources/v7.42.0/i/elements/itf.png,2005-09-19,2005-09-25,2005,9,Beijing,RUS,,CN,CHN,156,142,,Asia,East Asia,CHN,45.0,,108.0,26500.0,32M/32Q/16D,China Open,,Maria Kirilenko,,https://www.wtatennis.com/resources/v7.42.0/i/elements/flags/rus.svg,Semifinals,L,"4-6, 1-2",https://www.wtatennis.com/players/310577/maria-kirilenko,True,False,False,False,False,False,False,2,False,13,5,8,RU,RUS,643,150,Europe,Eastern Europe,RUS,"4,6,None|1,2,None|Ret"
2,China Open,https://www.wtatennis.com/resources/v7.42.0/i/elements/itf.png,,ITF,Hard,https://www.wtatennis.com/resources/v7.42.0/i/elements/itf.png,2005-09-19,2005-09-25,2005,9,Beijing,JPN,,CN,CHN,156,142,,Asia,East Asia,CHN,39.0,,108.0,26500.0,32M/32Q/16D,China Open,,Shinobu Asagoe,,https://www.wtatennis.com/resources/v7.42.0/i/elements/flags/jpn.svg,Quarterfinals,W,"6-4, 6-1",https://www.wtatennis.com/players/10209/shinobu-asagoe,False,False,False,False,False,False,False,2,True,17,12,5,JP,JPN,392,142,Asia,East Asia,JPN,"6,4,None|6,1,None"
3,China Open,https://www.wtatennis.com/resources/v7.42.0/i/elements/itf.png,,ITF,Hard,https://www.wtatennis.com/resources/v7.42.0/i/elements/itf.png,2005-09-19,2005-09-25,2005,9,Beijing,ISR,,CN,CHN,156,142,,Asia,East Asia,CHN,48.0,,108.0,26500.0,32M/32Q/16D,China Open,,Shahar Peer,,https://www.wtatennis.com/resources/v7.42.0/i/elements/flags/isr.svg,Round of 16,W,"6-0, 5-7, 6-2",https://www.wtatennis.com/players/311168/shahar-peer,False,False,False,False,False,False,False,3,True,26,17,9,IL,ISR,376,142,Asia,Western Asia,ISR,"6,0,None|5,7,None|6,2,None"
4,China Open,https://www.wtatennis.com/resources/v7.42.0/i/elements/itf.png,,ITF,Hard,https://www.wtatennis.com/resources/v7.42.0/i/elements/itf.png,2005-09-19,2005-09-25,2005,9,Beijing,,,CN,CHN,156,142,,Asia,East Asia,CHN,,,108.0,26500.0,32M/32Q/16D,China Open,,,,,Round of 32,,Bye,,False,False,True,False,False,False,False,0,False,0,0,0,,,,,,,,
1,Us Open,,https://www.wtatennis.com/tournaments/905/us-open/2005,Grand Slam,Hard,https://www.wtatennis.com/resources/v7.42.0/i/elements/gs-tag.svg,2005-08-29,2005-09-10,2005,8,,BEL,,US,USA,840,019,,America,Northern America,USA,4.0,,464.0,246362.0,128M/128Q/64D,Us Open,,Kim Clijsters,4.0,https://www.wtatennis.com/resources/v7.42.0/i/elements/flags/bel.svg,Semifinals,L,"2-6, 7-6 (4), 3-6",https://www.wtatennis.com/players/30458/kim-clijsters,False,False,False,False,True,False,True,3,False,30,12,18,BE,BEL,056,150,Europe,Western Europe,BEL,"2,6,None|7,6,4|3,6,None"
2,Us Open,,https://www.wtatennis.com/tournaments/905/us-open/2005,Grand Slam,Hard,https://www.wtatennis.com/resources/v7.42.0/i/elements/gs-tag.svg,2005-08-29,2005-09-10,2005,8,,RUS,,US,USA,840,019,,America,Northern America,USA,9.0,,464.0,246362.0,128M/128Q/64D,Us Open,,Nadia Petrova,9.0,https://www.wtatennis.com/resources/v7.42.0/i/elements/flags/rus.svg,Quarterfinals,W,"7-5, 4-6, 6-4",https://www.wtatennis.com/players/160379/nadia-petrova,False,False,False,False,False,False,False,3,True,32,17,15,RU,RUS,643,150,Europe,Eastern Europe,RUS,"7,5,None|4,6,None|6,4,None"
3,Us Open,,https://www.wtatennis.com/tournaments/905/us-open/2005,Grand Slam,Hard,https://www.wtatennis.com/resources/v7.42.0/i/elements/gs-tag.svg,2005-08-29,2005-09-10,2005,8,,IND,,US,USA,840,019,,America,Northern America,USA,42.0,,464.0,246362.0,128M/128Q/64D,Us Open,,Sania Mirza,,https://www.wtatennis.com/resources/v7.42.0/i/elements/flags/ind.svg,Round of 16,W,"6-2, 6-1",https://www.wtatennis.com/players/310112/sania-mirza,False,False,False,False,False,False,False,2,True,15,12,3,IN,IND,356,142,Asia,South Asia,IND,"6,2,None|6,1,None"
4,Us Open,,https://www.wtatennis.com/tournaments/905/us-open/2005,Grand Slam,Hard,https://www.wtatennis.com/resources/v7.42.0/i/elements/gs-tag.svg,2005-08-29,2005-09-10,2005,8,,GER,,US,USA,840,019,,America,Northern America,USA,87.0,,464.0,246362.0,128M/128Q/64D,Us Open,,Julia Schruff,,https://www.wtatennis.com/resources/v7.42.0/i/elements/flags/ger.svg,Round of 32,W,"6-2, 6-4",https://www.wtatennis.com/players/190711/julia-schruff,False,False,False,False,False,False,False,2,True,18,12,6,DE,DEU,276,150,Europe,Central Europe,GER,"6,2,None|6,4,None"
5,Us Open,,https://www.wtatennis.com/tournaments/905/us-open/2005,Grand Slam,Hard,https://www.wtatennis.com/resources/v7.42.0/i/elements/gs-tag.svg,2005-08-29,2005-09-10,2005,8,,MAD,,US,USA,840,019,,America,Northern America,USA,48.0,,464.0,246362.0,128M/128Q/64D,Us Open,,Dally Randriantefy,,https://www.wtatennis.com/resources/v7.42.0/i/elements/flags/mad.svg,Round of 64,W,"6-1, 6-0",https://www.wtatennis.com/players/180234/dally-randriantefy,False,False,False,False,False,False,False,2,True,13,12,1,MG,MDG,450,002,Africa,East Africa,MAD,"6,1,None|6,0,None"
6,Us Open,,https://www.wtatennis.com/tournaments/905/us-open/2005,Grand Slam,Hard,https://www.wtatennis.com/resources/v7.42.0/i/elements/gs-tag.svg,2005-08-29,2005-09-10,2005,8,,GRE,,US,USA,840,019,,America,Northern America,USA,62.0,,464.0,246362.0,128M/128Q/64D,Us Open,,Eleni Daniilidou,,https://www.wtatennis.com/resources/v7.42.0/i/elements/flags/gre.svg,Round of 128,W,"6-1, 6-1",https://www.wtatennis.com/players/40313/eleni-daniilidou,False,False,False,False,False,False,False,2,True,14,12,2,GR,GRC,300,150,Europe,Southeastern Europe,GRE,"6,1,None|6,1,None"
1,Jp Morgan Chase Open,https://www.wtatennis.com/resources/v7.42.0/i/elements/itf.png,,ITF,Hard,https://www.wtatennis.com/resources/v7.42.0/i/elements/itf.png,2005-08-08,2005-08-14,2005,8,Los Angeles,SVK,,,,,,,,,California,22.0,,72.0,12450.0,64M/32Q/16D,Jp Morgan Chase Open,,Daniela Hantuchova,9.0,https://www.wtatennis.com/resources/v7.42.0/i/elements/flags/svk.svg,Quarterfinals,L,Walkover,https://www.wtatennis.com/players/80394/daniela-hantuchova,False,True,False,False,False,False,False,0,False,0,0,0,SK,SVK,703,150,Europe,Central Europe,SVK,
2,Jp Morgan Chase Open,https://www.wtatennis.com/resources/v7.42.0/i/elements/itf.png,,ITF,Hard,https://www.wtatennis.com/resources/v7.42.0/i/elements/itf.png,2005-08-08,2005-08-14,2005,8,Los Angeles,RUS,,,,,,,,,California,31.0,,72.0,12450.0,64M/32Q/16D,Jp Morgan Chase Open,,Anna Chakvetadze,16.0,https://www.wtatennis.com/resources/v7.42.0/i/elements/flags/rus.svg,Round of 16,W,"4-6, 6-4, 7-5",https://www.wtatennis.com/players/310623/anna-chakvetadze,False,False,False,False,False,False,False,3,False,32,17,15,RU,RUS,643,150,Europe,Eastern Europe,RUS,"4,6,None|6,4,None|7,5,None"
3,Jp Morgan Chase Open,https://www.wtatennis.com/resources/v7.42.0/i/elements/itf.png,,ITF,Hard,https://www.wtatennis.com/resources/v7.42.0/i/elements/itf.png,2005-08-08,2005-08-14,2005,8,Los Angeles,RUS,,,,,,,,,California,52.0,,72.0,12450.0,64M/32Q/16D,Jp Morgan Chase Open,,Maria Kirilenko,,https://www.wtatennis.com/resources/v7.42.0/i/elements/flags/rus.svg,Round of 32,W,"7-6 (7), 6-2",https://www.wtatennis.com/players/310577/maria-kirilenko,False,False,False,True,False,False,True,2,True,21,13,8,RU,RUS,643,150,Europe,Eastern Europe,RUS,"7,6,7|6,2,None"
4,Jp Morgan Chase Open,https://www.wtatennis.com/resources/v7.42.0/i/elements/itf.png,,ITF,Hard,https://www.wtatennis.com/resources/v7.42.0/i/elements/itf.png,2005-08-08,2005-08-14,2005,8,Los Angeles,,,,,,,,,,California,,,72.0,12450.0,64M/32Q/16D,Jp Morgan Chase Open,,,,,Round of 64,,Bye,,False,False,True,False,False,False,False,0,False,0,0,0,,,,,,,,
1,Wimbledon,,https://www.wtatennis.com/tournaments/904/wimbledon/2005,Grand Slam,Grass,https://www.wtatennis.com/resources/v7.42.0/i/elements/gs-tag.svg,2005-06-20,2005-07-03,2005,6,,USA,,GB,GBR,826,150,United States of America|America|USA|US,Europe,Northern Europe,ENG,16.0,,498.0,244250.0,128M/128Q/64D,The Championships,,Venus Williams,14.0,https://www.wtatennis.com/resources/v7.42.0/i/elements/flags/usa.svg,Semifinals,L,"6-7 (2), 1-6",https://www.wtatennis.com/players/230220/venus-williams,False,False,False,True,False,False,True,2,False,20,7,13,US,USA,840,019,America,Northern America,USA,"6,7,2|1,6,None"
2,Wimbledon,,https://www.wtatennis.com/tournaments/904/wimbledon/2005,Grand Slam,Grass,https://www.wtatennis.com/resources/v7.42.0/i/elements/gs-tag.svg,2005-06-20,2005-07-03,2005,6,,RUS,,GB,GBR,826,150,,Europe,Northern Europe,ENG,8.0,,498.0,244250.0,128M/128Q/64D,The Championships,,Nadia Petrova,8.0,https://www.wtatennis.com/resources/v7.42.0/i/elements/flags/rus.svg,Quarterfinals,W,"7-6 (6), 6-3",https://www.wtatennis.com/players/160379/nadia-petrova,False,False,False,True,False,False,True,2,True,22,13,9,RU,RUS,643,150,Europe,Eastern Europe,RUS,"7,6,6|6,3,None"
3,Wimbledon,,https://www.wtatennis.com/tournaments/904/wimbledon/2005,Grand Slam,Grass,https://www.wtatennis.com/resources/v7.42.0/i/elements/gs-tag.svg,2005-06-20,2005-07-03,2005,6,,FRA,,GB,GBR,826,150,,Europe,Northern Europe,ENG,18.0,,498.0,244250.0,128M/128Q/64D,The Championships,,Nathalie Dechy,16.0,https://www.wtatennis.com/resources/v7.42.0/i/elements/flags/fra.svg,Round of 16,W,"6-4, 6-2",https://www.wtatennis.com/players/40254/nathalie-dechy,False,False,False,False,False,False,False,2,True,18,12,6,FR,FRA,250,150,Europe,Western Europe,FRA,"6,4,None|6,2,None"
4,Wimbledon,,https://www.wtatennis.com/tournaments/904/wimbledon/2005,Grand Slam,Grass,https://www.wtatennis.com/resources/v7.42.0/i/elements/gs-tag.svg,2005-06-20,2005-07-03,2005,6,,SLO,,GB,GBR,826,150,,Europe,Northern Europe,ENG,57.0,,498.0,244250.0,128M/128Q/64D,The Championships,,Katarina Srebotnik,,https://www.wtatennis.com/resources/v7.42.0/i/elements/flags/slo.svg,Round of 32,W,"6-2, 6-4",https://www.wtatennis.com/players/190636/katarina-srebotnik,False,False,False,False,False,False,False,2,True,18,12,6,,,,,,,SLO,"6,2,None|6,4,None"
5,Wimbledon,,https://www.wtatennis.com/tournaments/904/wimbledon/2005,Grand Slam,Grass,https://www.wtatennis.com/resources/v7.42.0/i/elements/gs-tag.svg,2005-06-20,2005-07-03,2005,6,,BUL,,GB,GBR,826,150,,Europe,Northern Europe,ENG,52.0,,498.0,244250.0,128M/128Q/64D,The Championships,,Sesil Karatantcheva,,https://www.wtatennis.com/resources/v7.42.0/i/elements/flags/bul.svg,Round of 64,W,"6-0, 6-1",https://www.wtatennis.com/players/311810/sesil-karatantcheva,False,False,False,False,False,False,False,2,True,13,12,1,BG,BGR,100,150,Europe,Southeastern Europe,BUL,"6,0,None|6,1,None"
6,Wimbledon,,https://www.wtatennis.com/tournaments/904/wimbledon/2005,Grand Slam,Grass,https://www.wtatennis.com/resources/v7.42.0/i/elements/gs-tag.svg,2005-06-20,2005-07-03,2005,6,,ESP,,GB,GBR,826,150,Kingdom of Spain,Europe,Northern Europe,ENG,36.0,,498.0,244250.0,128M/128Q/64D,The Championships,,Nuria Llagostera Vives,,https://www.wtatennis.com/resources/v7.42.0/i/elements/flags/esp.svg,Round of 128,W,"6-2, 6-2",https://www.wtatennis.com/players/120317/nuria-llagostera-vives,False,False,False,False,False,False,False,2,True,16,12,4,ES,ESP,724,150,Europe,Southern Europe,ESP,"6,2,None|6,2,None"
1,Dfs Classic,https://www.wtatennis.com/resources/v7.42.0/i/elements/itf.png,,ITF,Grass,https://www.wtatennis.com/resources/v7.42.0/i/elements/itf.png,2005-06-06,2005-06-12,2005,6,Birmingham,SRB,,GB,GBR,826,150,,Europe,Northern Europe,ENG,20.0,,184.0,31000.0,64M/32Q/16D,Dfs Classic,,Jelena Jankovic,3.0,https://www.wtatennis.com/resources/v7.42.0/i/elements/flags/srb.svg,Finals,W,"6-2, 4-6, 6-1",https://www.wtatennis.com/players/100153/jelena-jankovic,False,False,False,False,False,False,False,3,True,25,16,9,RS,SRB,688,150,Europe,Southeastern Europe,SRB,"6,2,None|4,6,None|6,1,None"
2,Dfs Classic,https://www.wtatennis.com/resources/v7.42.0/i/elements/itf.png,,ITF,Grass,https://www.wtatennis.com/resources/v7.42.0/i/elements/itf.png,2005-06-06,2005-06-12,2005,6,Birmingham,FRA,,GB,GBR,826,150,,Europe,Northern Europe,ENG,19.0,,184.0,31000.0,64M/32Q/16D,Dfs Classic,,Tatiana Golovin,5.0,https://www.wtatennis.com/resources/v7.42.0/i/elements/flags/fra.svg,Semifinals,W,"7-5, 6-1",https://www.wtatennis.com/players/310774/tatiana-golovin,False,False,False,False,False,False,False,2,True,19,13,6,FR,FRA,250,150,Europe,Western Europe,FRA,"7,5,None|6,1,None"
3,Dfs Classic,https://www.wtatennis.com/resources/v7.42.0/i/elements/itf.png,,ITF,Grass,https://www.wtatennis.com/resources/v7.42.0/i/elements/itf.png,2005-06-06,2005-06-12,2005,6,Birmingham,GRE,,GB,GBR,826,150,,Europe,Northern Europe,ENG,87.0,,184.0,31000.0,64M/32Q/16D,Dfs Classic,,Eleni Daniilidou,,https://www.wtatennis.com/resources/v7.42.0/i/elements/flags/gre.svg,Quarterfinals,W,"7-5, 2-6, 6-1",https://www.wtatennis.com/players/40313/eleni-daniilidou,False,False,False,False,False,False,False,3,True,27,15,12,GR,GRC,300,150,Europe,Southeastern Europe,GRE,"7,5,None|2,6,None|6,1,None"
4,Dfs Classic,https://www.wtatennis.com/resources/v7.42.0/i/elements/itf.png,,ITF,Grass,https://www.wtatennis.com/resources/v7.42.0/i/elements/itf.png,2005-06-06,2005-06-12,2005,6,Birmingham,AUS,,GB,GBR,826,150,,Europe,Northern Europe,ENG,49.0,,184.0,31000.0,64M/32Q/16D,Dfs Classic,,Samantha Stosur,16.0,https://www.wtatennis.com/resources/v7.42.0/i/elements/flags/aus.svg,Round of 16,W,"6-3, 3-6, 6-1",https://www.wtatennis.com/players/190787/samantha-stosur,False,False,False,False,False,False,False,3,True,25,15,10,AU,AUS,036,009,Oceania,Australasia,AUS,"6,3,None|3,6,None|6,1,None"
5,Dfs Classic,https://www.wtatennis.com/resources/v7.42.0/i/elements/itf.png,,ITF,Grass,https://www.wtatennis.com/resources/v7.42.0/i/elements/itf.png,2005-06-06,2005-06-12,2005,6,Birmingham,LUX,,GB,GBR,826,150,,Europe,Northern Europe,ENG,94.0,,184.0,31000.0,64M/32Q/16D,Dfs Classic,,Anne Kremer,,https://www.wtatennis.com/resources/v7.42.0/i/elements/flags/lux.svg,Round of 32,W,"6-3, 6-0",https://www.wtatennis.com/players/110242/anne-kremer,False,False,False,False,False,False,False,2,True,15,12,3,LU,LUX,442,150,Europe,Western Europe,LUX,"6,3,None|6,0,None"
6,Dfs Classic,https://www.wtatennis.com/resources/v7.42.0/i/elements/itf.png,,ITF,Grass,https://www.wtatennis.com/resources/v7.42.0/i/elements/itf.png,2005-06-06,2005-06-12,2005,6,Birmingham,,,GB,GBR,826,150,,Europe,Northern Europe,ENG,,,184.0,31000.0,64M/32Q/16D,Dfs Classic,,,,,Round of 64,,Bye,,False,False,True,False,False,False,False,0,False,0,0,0,,,,,,,,
1,Roland Garros,,https://www.wtatennis.com/tournaments/903/roland-garros/2005,Grand Slam,Clay,https://www.wtatennis.com/resources/v7.42.0/i/elements/gs-tag.svg,2005-05-23,2005-06-04,2005,5,,BEL,,FR,FRA,250,150,,Europe,Western Europe,FRA,12.0,,234.0,126744.0,128M/128Q/64D,Roland Garros,,Justine Henin,10.0,https://www.wtatennis.com/resources/v7.42.0/i/elements/flags/bel.svg,Quarterfinals,L,"4-6, 2-6",https://www.wtatennis.com/players/80350/justine-henin,False,False,False,False,False,False,False,2,False,18,6,12,BE,BEL,056,150,Europe,Western Europe,BEL,"4,6,None|2,6,None"
2,Roland Garros,,https://www.wtatennis.com/tournaments/903/roland-garros/2005,Grand Slam,Clay,https://www.wtatennis.com/resources/v7.42.0/i/elements/gs-tag.svg,2005-05-23,2005-06-04,2005,5,,ESP,,FR,FRA,250,150,Kingdom of Spain,Europe,Western Europe,FRA,46.0,,234.0,126744.0,128M/128Q/64D,Roland Garros,,Nuria Llagostera Vives,,https://www.wtatennis.com/resources/v7.42.0/i/elements/flags/esp.svg,Round of 16,W,"6-2, 6-3",https://www.wtatennis.com/players/120317/nuria-llagostera-vives,False,False,False,False,False,False,False,2,True,17,12,5,ES,ESP,724,150,Europe,Southern Europe,ESP,"6,2,None|6,3,None"
3,Roland Garros,,https://www.wtatennis.com/tournaments/903/roland-garros/2005,Grand Slam,Clay,https://www.wtatennis.com/resources/v7.42.0/i/elements/gs-tag.svg,2005-05-23,2005-06-04,2005,5,,RUS,,FR,FRA,250,150,,Europe,Western Europe,FRA,56.0,,234.0,126744.0,128M/128Q/64D,Roland Garros,,Anna Chakvetadze,,https://www.wtatennis.com/resources/v7.42.0/i/elements/flags/rus.svg,Round of 32,W,"6-1, 6-4",https://www.wtatennis.com/players/310623/anna-chakvetadze,False,False,False,False,False,False,False,2,True,17,12,5,RU,RUS,643,150,Europe,Eastern Europe,RUS,"6,1,None|6,4,None"
4,Roland Garros,,https://www.wtatennis.com/tournaments/903/roland-garros/2005,Grand Slam,Clay,https://www.wtatennis.com/resources/v7.42.0/i/elements/gs-tag.svg,2005-05-23,2005-06-04,2005,5,,FRA,,FR,FRA,250,150,,Europe,Western Europe,FRA,244.0,,234.0,126744.0,128M/128Q/64D,Roland Garros,,Aravane Rezai,,https://www.wtatennis.com/resources/v7.42.0/i/elements/flags/fra.svg,Round of 64,W,"6-3, 6-2",https://www.wtatennis.com/players/311791/aravane-rezai,False,False,False,False,False,False,False,2,True,17,12,5,FR,FRA,250,150,Europe,Western Europe,FRA,"6,3,None|6,2,None"
5,Roland Garros,,https://www.wtatennis.com/tournaments/903/roland-garros/2005,Grand Slam,Clay,https://www.wtatennis.com/resources/v7.42.0/i/elements/gs-tag.svg,2005-05-23,2005-06-04,2005,5,,ISR,,FR,FRA,250,150,,Europe,Western Europe,FRA,41.0,,234.0,126744.0,128M/128Q/64D,Roland Garros,,Evgenia Linetskaya,,https://www.wtatennis.com/resources/v7.42.0/i/elements/flags/isr.svg,Round of 128,W,"6-7 (3), 6-2, 6-4",https://www.wtatennis.com/players/310332/evgenia-linetskaya,False,False,False,True,False,False,True,3,False,31,18,13,IL,ISR,376,142,Asia,Western Asia,ISR,"6,7,3|6,2,None|6,4,None"
1,Telecom Italia Masters Roma,https://www.wtatennis.com/resources/v7.42.0/i/elements/itf.png,,ITF,Clay,https://www.wtatennis.com/resources/v7.42.0/i/elements/itf.png,2005-05-09,2005-05-15,2005,5,Rome,SUI,,IT,ITA,380,150,,Europe,Southern Europe,ITA,13.0,,203.0,49125.0,64M/32Q/32D,Telecom Italia Masters Roma,,Patty Schnyder,8.0,https://www.wtatennis.com/resources/v7.42.0/i/elements/flags/sui.svg,Semifinals,L,"6-3, 3-6, 1-6",https://www.wtatennis.com/players/190519/patty-schnyder,False,False,False,False,False,False,False,3,True,25,10,15,CH,CHE,756,150,Europe,Central Europe,SUI,"6,3,None|3,6,None|1,6,None"
2,Telecom Italia Masters Roma,https://www.wtatennis.com/resources/v7.42.0/i/elements/itf.png,,ITF,Clay,https://www.wtatennis.com/resources/v7.42.0/i/elements/itf.png,2005-05-09,2005-05-15,2005,5,Rome,RUS,,IT,ITA,380,150,,Europe,Southern Europe,ITA,15.0,,203.0,49125.0,64M/32Q/32D,Telecom Italia Masters Roma,,Elena Bovina,9.0,https://www.wtatennis.com/resources/v7.42.0/i/elements/flags/rus.svg,Quarterfinals,W,"6-2, 6-2",https://www.wtatennis.com/players/20992/elena-bovina,False,False,False,False,False,False,False,2,True,16,12,4,RU,RUS,643,150,Europe,Eastern Europe,RUS,"6,2,None|6,2,None"
3,Telecom Italia Masters Roma,https://www.wtatennis.com/resources/v7.42.0/i/elements/itf.png,,ITF,Clay,https://www.wtatennis.com/resources/v7.42.0/i/elements/itf.png,2005-05-09,2005-05-15,2005,5,Rome,FRA,,IT,ITA,380,150,,Europe,Southern Europe,ITA,24.0,,203.0,49125.0,64M/32Q/32D,Telecom Italia Masters Roma,,Mary Pierce,,https://www.wtatennis.com/resources/v7.42.0/i/elements/flags/fra.svg,Round of 16,W,"7-6 (4), 6-4",https://www.wtatennis.com/players/160142/mary-pierce,False,False,False,True,False,False,True,2,True,23,13,10,FR,FRA,250,150,Europe,Western Europe,FRA,"7,6,4|6,4,None"
4,Telecom Italia Masters Roma,https://www.wtatennis.com/resources/v7.42.0/i/elements/itf.png,,ITF,Clay,https://www.wtatennis.com/resources/v7.42.0/i/elements/itf.png,2005-05-09,2005-05-15,2005,5,Rome,ESP,,IT,ITA,380,150,Kingdom of Spain,Europe,Southern Europe,ITA,42.0,,203.0,49125.0,64M/32Q/32D,Telecom Italia Masters Roma,,Anabel Medina Garrigues,,https://www.wtatennis.com/resources/v7.42.0/i/elements/flags/esp.svg,Round of 32,W,"6-4, 6-2",https://www.wtatennis.com/players/130611/anabel-medina-garrigues,False,False,False,False,False,False,False,2,True,18,12,6,ES,ESP,724,150,Europe,Southern Europe,ESP,"6,4,None|6,2,None"
5,Telecom Italia Masters Roma,https://www.wtatennis.com/resources/v7.42.0/i/elements/itf.png,,ITF,Clay,https://www.wtatennis.com/resources/v7.42.0/i/elements/itf.png,2005-05-09,2005-05-15,2005,5,Rome,,,IT,ITA,380,150,,Europe,Southern Europe,ITA,,,203.0,49125.0,64M/32Q/32D,Telecom Italia Masters Roma,,,,,Round of 64,,Bye,,False,False,True,False,False,False,False,0,False,0,0,0,,,,,,,,
1,Qatar Total German Open 2005,https://www.wtatennis.com/resources/v7.42.0/i/elements/itf.png,,ITF,Clay,https://www.wtatennis.com/resources/v7.42.0/i/elements/itf.png,2005-05-02,2005-05-08,2005,5,Berlin,BEL,,DE,DEU,276,150,,Europe,Central Europe,GER,15.0,,93.0,25050.0,64M/32Q/32D,Qatar Total German Open 2005,,Justine Henin,12.0,https://www.wtatennis.com/resources/v7.42.0/i/elements/flags/bel.svg,Quarterfinals,L,"2-6, 4-6",https://www.wtatennis.com/players/80350/justine-henin,False,False,False,False,False,False,False,2,False,18,6,12,BE,BEL,056,150,Europe,Western Europe,BEL,"2,6,None|4,6,None"
2,Qatar Total German Open 2005,https://www.wtatennis.com/resources/v7.42.0/i/elements/itf.png,,ITF,Clay,https://www.wtatennis.com/resources/v7.42.0/i/elements/itf.png,2005-05-02,2005-05-08,2005,5,Berlin,CHN,,DE,DEU,276,150,,Europe,Central Europe,GER,52.0,,93.0,25050.0,64M/32Q/32D,Qatar Total German Open 2005,,Shuai Peng,,https://www.wtatennis.com/resources/v7.42.0/i/elements/flags/chn.svg,Round of 16,W,"6-2, 6-1",https://www.wtatennis.com/players/160471/shuai-peng,False,False,False,False,False,False,False,2,True,15,12,3,CN,CHN,156,142,Asia,East Asia,CHN,"6,2,None|6,1,None"
3,Qatar Total German Open 2005,https://www.wtatennis.com/resources/v7.42.0/i/elements/itf.png,,ITF,Clay,https://www.wtatennis.com/resources/v7.42.0/i/elements/itf.png,2005-05-02,2005-05-08,2005,5,Berlin,GER,,DE,DEU,276,150,,Europe,Central Europe,GER,49.0,,93.0,25050.0,64M/32Q/32D,Qatar Total German Open 2005,,Anna-Lena Groenefeld,,https://www.wtatennis.com/resources/v7.42.0/i/elements/flags/ger.svg,Round of 32,W,"6-2, 6-2",https://www.wtatennis.com/players/310318/anna-lena-groenefeld,False,False,False,False,False,False,False,2,True,16,12,4,DE,DEU,276,150,Europe,Central Europe,GER,"6,2,None|6,2,None"
4,Qatar Total German Open 2005,https://www.wtatennis.com/resources/v7.42.0/i/elements/itf.png,,ITF,Clay,https://www.wtatennis.com/resources/v7.42.0/i/elements/itf.png,2005-05-02,2005-05-08,2005,5,Berlin,,,DE,DEU,276,150,,Europe,Central Europe,GER,,,93.0,25050.0,64M/32Q/32D,Qatar Total German Open 2005,,,,,Round of 64,,Bye,,False,False,True,False,False,False,False,0,False,0,0,0,,,,,,,,
1,Nasdaq-100 Open,https://www.wtatennis.com/resources/v7.42.0/i/elements/itf.png,,ITF,Hard,https://www.wtatennis.com/resources/v7.42.0/i/elements/itf.png,2005-03-23,2005-04-02,2005,3,Miami,BEL,,,,,,,,,Florida,38.0,,326.0,212000.0,128M/64Q/32D,Nasdaq-100 Open,,Kim Clijsters,,https://www.wtatennis.com/resources/v7.42.0/i/elements/flags/bel.svg,Finals,L,"3-6, 5-7",https://www.wtatennis.com/players/30458/kim-clijsters,False,False,False,False,False,False,False,2,False,21,8,13,BE,BEL,056,150,Europe,Western Europe,BEL,"3,6,None|5,7,None"
2,Nasdaq-100 Open,https://www.wtatennis.com/resources/v7.42.0/i/elements/itf.png,,ITF,Hard,https://www.wtatennis.com/resources/v7.42.0/i/elements/itf.png,2005-03-23,2005-04-02,2005,3,Miami,USA,,,,,,United States of America|America|USA|US,,,Florida,9.0,,326.0,212000.0,128M/64Q/32D,Nasdaq-100 Open,,Venus Williams,8.0,https://www.wtatennis.com/resources/v7.42.0/i/elements/flags/usa.svg,Semifinals,W,"6-4, 6-3",https://www.wtatennis.com/players/230220/venus-williams,False,False,False,False,False,False,False,2,True,19,12,7,US,USA,840,019,America,Northern America,USA,"6,4,None|6,3,None"
3,Nasdaq-100 Open,https://www.wtatennis.com/resources/v7.42.0/i/elements/itf.png,,ITF,Hard,https://www.wtatennis.com/resources/v7.42.0/i/elements/itf.png,2005-03-23,2005-04-02,2005,3,Miami,BEL,,,,,,,,,Florida,40.0,,326.0,212000.0,128M/64Q/32D,Nasdaq-100 Open,,Justine Henin,19.0,https://www.wtatennis.com/resources/v7.42.0/i/elements/flags/bel.svg,Quarterfinals,W,"6-1, 6-7 (6), 6-2",https://www.wtatennis.com/players/80350/justine-henin,False,False,False,False,True,False,True,3,True,28,18,10,BE,BEL,056,150,Europe,Western Europe,BEL,"6,1,None|6,7,6|6,2,None"
4,Nasdaq-100 Open,https://www.wtatennis.com/resources/v7.42.0/i/elements/itf.png,,ITF,Hard,https://www.wtatennis.com/resources/v7.42.0/i/elements/itf.png,2005-03-23,2005-04-02,2005,3,Miami,JPN,,,,,,,,,Florida,26.0,,326.0,212000.0,128M/64Q/32D,Nasdaq-100 Open,,Shinobu Asagoe,23.0,https://www.wtatennis.com/resources/v7.42.0/i/elements/flags/jpn.svg,Round of 16,W,"6-1, 6-2",https://www.wtatennis.com/players/10209/shinobu-asagoe,False,False,False,False,False,False,False,2,True,15,12,3,JP,JPN,392,142,Asia,East Asia,JPN,"6,1,None|6,2,None"
5,Nasdaq-100 Open,https://www.wtatennis.com/resources/v7.42.0/i/elements/itf.png,,ITF,Hard,https://www.wtatennis.com/resources/v7.42.0/i/elements/itf.png,2005-03-23,2005-04-02,2005,3,Miami,USA,,,,,,United States of America|America|USA|US,,,Florida,85.0,,326.0,212000.0,128M/64Q/32D,Nasdaq-100 Open,,Marissa Gould,,https://www.wtatennis.com/resources/v7.42.0/i/elements/flags/usa.svg,Round of 32,W,"6-2, 6-0",https://www.wtatennis.com/players/90080/marissa-gould,False,False,False,False,False,False,False,2,True,14,12,2,US,USA,840,019,America,Northern America,USA,"6,2,None|6,0,None"
6,Nasdaq-100 Open,https://www.wtatennis.com/resources/v7.42.0/i/elements/itf.png,,ITF,Hard,https://www.wtatennis.com/resources/v7.42.0/i/elements/itf.png,2005-03-23,2005-04-02,2005,3,Miami,GRE,,,,,,,,,Florida,58.0,,326.0,212000.0,128M/64Q/32D,Nasdaq-100 Open,,Eleni Daniilidou,,https://www.wtatennis.com/resources/v7.42.0/i/elements/flags/gre.svg,Round of 64,W,"6-0, 6-4",https://www.wtatennis.com/players/40313/eleni-daniilidou,False,False,False,False,False,False,False,2,True,16,12,4,GR,GRC,300,150,Europe,Southeastern Europe,GRE,"6,0,None|6,4,None"
7,Nasdaq-100 Open,https://www.wtatennis.com/resources/v7.42.0/i/elements/itf.png,,ITF,Hard,https://www.wtatennis.com/resources/v7.42.0/i/elements/itf.png,2005-03-23,2005-04-02,2005,3,Miami,,,,,,,,,,Florida,,,326.0,212000.0,128M/64Q/32D,Nasdaq-100 Open,,,,,Round of 128,,Bye,,False,False,True,False,False,False,False,0,False,0,0,0,,,,,,,,
1,Pacific Life Open,https://www.wtatennis.com/resources/v7.42.0/i/elements/itf.png,,ITF,Hard,https://www.wtatennis.com/resources/v7.42.0/i/elements/itf.png,2005-03-09,2005-03-19,2005,3,Indian Wells,USA,,,,,,United States of America|America|USA|US,,,California,1.0,,190.0,80000.0,128M/64Q/32D,Pacific Life Open,,Lindsay Davenport,1.0,https://www.wtatennis.com/resources/v7.42.0/i/elements/flags/usa.svg,Semifinals,L,"0-6, 0-6",https://www.wtatennis.com/players/40106/lindsay-davenport,False,False,False,False,False,False,False,2,False,12,0,12,US,USA,840,019,America,Northern America,USA,"0,6,None|0,6,None"
2,Pacific Life Open,https://www.wtatennis.com/resources/v7.42.0/i/elements/itf.png,,ITF,Hard,https://www.wtatennis.com/resources/v7.42.0/i/elements/itf.png,2005-03-09,2005-03-19,2005,3,Indian Wells,FRA,,,,,,,,,California,33.0,,190.0,80000.0,128M/64Q/32D,Pacific Life Open,,Mary Pierce,20.0,https://www.wtatennis.com/resources/v7.42.0/i/elements/flags/fra.svg,Quarterfinals,W,"6-4, 6-3",https://www.wtatennis.com/players/160142/mary-pierce,False,False,False,False,False,False,False,2,True,19,12,7,FR,FRA,250,150,Europe,Western Europe,FRA,"6,4,None|6,3,None"
3,Pacific Life Open,https://www.wtatennis.com/resources/v7.42.0/i/elements/itf.png,,ITF,Hard,https://www.wtatennis.com/resources/v7.42.0/i/elements/itf.png,2005-03-09,2005-03-19,2005,3,Indian Wells,COL,,,,,,,,,California,28.0,,190.0,80000.0,128M/64Q/32D,Pacific Life Open,,Fabiola Zuluaga,19.0,https://www.wtatennis.com/resources/v7.42.0/i/elements/flags/col.svg,Round of 16,W,"4-6, 6-2, 7-5",https://www.wtatennis.com/players/260078/fabiola-zuluaga,False,False,False,False,False,False,False,3,False,30,17,13,CO,COL,170,019,America,Northern South America,COL,"4,6,None|6,2,None|7,5,None"
4,Pacific Life Open,https://www.wtatennis.com/resources/v7.42.0/i/elements/itf.png,,ITF,Hard,https://www.wtatennis.com/resources/v7.42.0/i/elements/itf.png,2005-03-09,2005-03-19,2005,3,Indian Wells,RUS,,,,,,,,,California,37.0,,190.0,80000.0,128M/64Q/32D,Pacific Life Open,,Dinara Safina,25.0,https://www.wtatennis.com/resources/v7.42.0/i/elements/flags/rus.svg,Round of 32,W,"6-2, 6-3",https://www.wtatennis.com/players/190950/dinara-safina,False,False,False,False,False,False,False,2,True,17,12,5,RU,RUS,643,150,Europe,Eastern Europe,RUS,"6,2,None|6,3,None"
5,Pacific Life Open,https://www.wtatennis.com/resources/v7.42.0/i/elements/itf.png,,ITF,Hard,https://www.wtatennis.com/resources/v7.42.0/i/elements/itf.png,2005-03-09,2005-03-19,2005,3,Indian Wells,USA,,,,,,United States of America|America|USA|US,,,California,105.0,,190.0,80000.0,128M/64Q/32D,Pacific Life Open,,Angela Haynes,,https://www.wtatennis.com/resources/v7.42.0/i/elements/flags/usa.svg,Round of 64,W,"6-1, 6-2",https://www.wtatennis.com/players/310617/angela-haynes,False,False,False,False,False,False,False,2,True,15,12,3,US,USA,840,019,America,Northern America,USA,"6,1,None|6,2,None"
6,Pacific Life Open,https://www.wtatennis.com/resources/v7.42.0/i/elements/itf.png,,ITF,Hard,https://www.wtatennis.com/resources/v7.42.0/i/elements/itf.png,2005-03-09,2005-03-19,2005,3,Indian Wells,,,,,,,,,,California,,,190.0,80000.0,128M/64Q/32D,Pacific Life Open,,,,,Round of 128,,Bye,,False,False,True,False,False,False,False,0,False,0,0,0,,,,,,,,
1,Qatar Total Open,https://www.wtatennis.com/resources/v7.42.0/i/elements/itf.png,,ITF,Hard,https://www.wtatennis.com/resources/v7.42.0/i/elements/itf.png,2005-02-21,2005-02-26,2005,2,Doha,AUS,,QA,QAT,634,142,,Asia,Western Asia,QAT,9.0,,283.0,94000.0,32M/32Q/16D,Qatar Total Open,,Alicia Molik,4.0,https://www.wtatennis.com/resources/v7.42.0/i/elements/flags/aus.svg,Finals,W,"4-6, 6-1, 6-4",https://www.wtatennis.com/players/130548/alicia-molik,False,False,False,False,False,False,False,3,False,27,16,11,AU,AUS,036,009,Oceania,Australasia,AUS,"4,6,None|6,1,None|6,4,None"
2,Qatar Total Open,https://www.wtatennis.com/resources/v7.42.0/i/elements/itf.png,,ITF,Hard,https://www.wtatennis.com/resources/v7.42.0/i/elements/itf.png,2005-02-21,2005-02-26,2005,2,Doha,SVK,,QA,QAT,634,142,,Asia,Western Asia,QAT,28.0,,283.0,94000.0,32M/32Q/16D,Qatar Total Open,,Daniela Hantuchova,,https://www.wtatennis.com/resources/v7.42.0/i/elements/flags/svk.svg,Semifinals,W,"6-2, 6-4",https://www.wtatennis.com/players/80394/daniela-hantuchova,False,False,False,False,False,False,False,2,True,18,12,6,SK,SVK,703,150,Europe,Central Europe,SVK,"6,2,None|6,4,None"
3,Qatar Total Open,https://www.wtatennis.com/resources/v7.42.0/i/elements/itf.png,,ITF,Hard,https://www.wtatennis.com/resources/v7.42.0/i/elements/itf.png,2005-02-21,2005-02-26,2005,2,Doha,FRA,,QA,QAT,634,142,,Asia,Western Asia,QAT,35.0,,283.0,94000.0,32M/32Q/16D,Qatar Total Open,,Marion Bartoli,,https://www.wtatennis.com/resources/v7.42.0/i/elements/flags/fra.svg,Quarterfinals,W,"6-3, 6-2",https://www.wtatennis.com/players/20631/marion-bartoli,False,False,False,False,False,False,False,2,True,17,12,5,FR,FRA,250,150,Europe,Western Europe,FRA,"6,3,None|6,2,None"
4,Qatar Total Open,https://www.wtatennis.com/resources/v7.42.0/i/elements/itf.png,,ITF,Hard,https://www.wtatennis.com/resources/v7.42.0/i/elements/itf.png,2005-02-21,2005-02-26,2005,2,Doha,ARG,,QA,QAT,634,142,,Asia,Western Asia,QAT,33.0,,283.0,94000.0,32M/32Q/16D,Qatar Total Open,,Gisela Dulko,,https://www.wtatennis.com/resources/v7.42.0/i/elements/flags/arg.svg,Round of 16,W,"6-1, 6-1",https://www.wtatennis.com/players/40388/gisela-dulko,False,False,False,False,False,False,False,2,True,14,12,2,AR,ARG,032,019,America,Southern South America,ARG,"6,1,None|6,1,None"
5,Qatar Total Open,https://www.wtatennis.com/resources/v7.42.0/i/elements/itf.png,,ITF,Hard,https://www.wtatennis.com/resources/v7.42.0/i/elements/itf.png,2005-02-21,2005-02-26,2005,2,Doha,,,QA,QAT,634,142,,Asia,Western Asia,QAT,,,283.0,94000.0,32M/32Q/16D,Qatar Total Open,,,,,Round of 32,,Bye,,False,False,True,False,False,False,False,0,False,0,0,0,,,,,,,,
1,Toray Pan Pacific Open,https://www.wtatennis.com/resources/v7.42.0/i/elements/itf.png,,ITF,Carpet,https://www.wtatennis.com/resources/v7.42.0/i/elements/itf.png,2005-02-01,2005-02-06,2005,2,Tokyo,USA,,JP,JPN,392,142,United States of America|America|USA|US,Asia,East Asia,JPN,1.0,,448.0,189000.0,32M/32Q/16D,Toray Pan Pacific Open,,Lindsay Davenport,1.0,https://www.wtatennis.com/resources/v7.42.0/i/elements/flags/usa.svg,Finals,W,"6-1, 3-6, 7-6 (5)",https://www.wtatennis.com/players/40106/lindsay-davenport,False,False,False,False,False,True,True,3,True,29,16,13,US,USA,840,019,America,Northern America,USA,"6,1,None|3,6,None|7,6,5"
2,Toray Pan Pacific Open,https://www.wtatennis.com/resources/v7.42.0/i/elements/itf.png,,ITF,Carpet,https://www.wtatennis.com/resources/v7.42.0/i/elements/itf.png,2005-02-01,2005-02-06,2005,2,Tokyo,JPN,,JP,JPN,392,142,,Asia,East Asia,JPN,32.0,,448.0,189000.0,32M/32Q/16D,Toray Pan Pacific Open,,Shinobu Asagoe,,https://www.wtatennis.com/resources/v7.42.0/i/elements/flags/jpn.svg,Semifinals,W,"6-1, 7-6 (3)",https://www.wtatennis.com/players/10209/shinobu-asagoe,False,False,False,False,True,False,True,2,True,20,13,7,JP,JPN,392,142,Asia,East Asia,JPN,"6,1,None|7,6,3"
3,Toray Pan Pacific Open,https://www.wtatennis.com/resources/v7.42.0/i/elements/itf.png,,ITF,Carpet,https://www.wtatennis.com/resources/v7.42.0/i/elements/itf.png,2005-02-01,2005-02-06,2005,2,Tokyo,RUS,,JP,JPN,392,142,,Asia,East Asia,JPN,22.0,,448.0,189000.0,32M/32Q/16D,Toray Pan Pacific Open,,Elena Likhovtseva,6.0,https://www.wtatennis.com/resources/v7.42.0/i/elements/flags/rus.svg,Quarterfinals,W,"6-3, 6-3",https://www.wtatennis.com/players/120151/elena-likhovtseva,False,False,False,False,False,False,False,2,True,18,12,6,RU,RUS,643,150,Europe,Eastern Europe,RUS,"6,3,None|6,3,None"
4,Toray Pan Pacific Open,https://www.wtatennis.com/resources/v7.42.0/i/elements/itf.png,,ITF,Carpet,https://www.wtatennis.com/resources/v7.42.0/i/elements/itf.png,2005-02-01,2005-02-06,2005,2,Tokyo,VEN,,JP,JPN,392,142,,Asia,East Asia,JPN,50.0,,448.0,189000.0,32M/32Q/16D,Toray Pan Pacific Open,,Maria Vento-Kabchi,,https://www.wtatennis.com/resources/v7.42.0/i/elements/flags/ven.svg,Round of 16,W,"7-6 (3), 6-0",https://www.wtatennis.com/players/220070/maria-vento-kabchi,False,False,False,True,False,False,True,2,True,19,13,6,VE,VEN,862,019,America,Northern South America,VEN,"7,6,3|6,0,None"
5,Toray Pan Pacific Open,https://www.wtatennis.com/resources/v7.42.0/i/elements/itf.png,,ITF,Carpet,https://www.wtatennis.com/resources/v7.42.0/i/elements/itf.png,2005-02-01,2005-02-06,2005,2,Tokyo,,,JP,JPN,392,142,,Asia,East Asia,JPN,,,448.0,189000.0,32M/32Q/16D,Toray Pan Pacific Open,,,,,Round of 32,,Bye,,False,False,True,False,False,False,False,0,False,0,0,0,,,,,,,,
1,Australian Open,,https://www.wtatennis.com/tournaments/901/australian-open/2005,Grand Slam,Hard,https://www.wtatennis.com/resources/v7.42.0/i/elements/gs-tag.svg,2005-01-17,2005-01-29,2005,1,,USA,,AU,AUS,036,009,United States of America|America|USA|US,Oceania,Australasia,AUS,7.0,,492.0,205477.0,128M/128Q/64D,Australian Open,,Serena Williams,7.0,https://www.wtatennis.com/resources/v7.42.0/i/elements/flags/usa.svg,Semifinals,L,"6-2, 5-7, 6-8",https://www.wtatennis.com/players/230234/serena-williams,False,False,False,False,False,False,False,3,True,34,17,17,US,USA,840,019,America,Northern America,USA,"6,2,None|5,7,None|6,8,None"
2,Australian Open,,https://www.wtatennis.com/tournaments/901/australian-open/2005,Grand Slam,Hard,https://www.wtatennis.com/resources/v7.42.0/i/elements/gs-tag.svg,2005-01-17,2005-01-29,2005,1,,RUS,,AU,AUS,036,009,,Oceania,Australasia,AUS,5.0,,492.0,205477.0,128M/128Q/64D,Australian Open,,Svetlana Kuznetsova,5.0,https://www.wtatennis.com/resources/v7.42.0/i/elements/flags/rus.svg,Quarterfinals,W,"4-6, 6-2, 6-2",https://www.wtatennis.com/players/110552/svetlana-kuznetsova,False,False,False,False,False,False,False,3,False,26,16,10,RU,RUS,643,150,Europe,Eastern Europe,RUS,"4,6,None|6,2,None|6,2,None"
3,Australian Open,,https://www.wtatennis.com/tournaments/901/australian-open/2005,Grand Slam,Hard,https://www.wtatennis.com/resources/v7.42.0/i/elements/gs-tag.svg,2005-01-17,2005-01-29,2005,1,,ITA,,AU,AUS,036,009,,Oceania,Australasia,AUS,19.0,,492.0,205477.0,128M/128Q/64D,Australian Open,,Silvia Farina Elia,15.0,https://www.wtatennis.com/resources/v7.42.0/i/elements/flags/ita.svg,Round of 16,W,"4-6, 6-1, 6-2",https://www.wtatennis.com/players/60061/silvia-farina-elia,False,False,False,False,False,False,False,3,False,25,16,9,IT,ITA,380,150,Europe,Southern Europe,ITA,"4,6,None|6,1,None|6,2,None"
4,Australian Open,,https://www.wtatennis.com/tournaments/901/australian-open/2005,Grand Slam,Hard,https://www.wtatennis.com/resources/v7.42.0/i/elements/gs-tag.svg,2005-01-17,2005-01-29,2005,1,,CHN,,AU,AUS,036,009,,Oceania,Australasia,AUS,64.0,,492.0,205477.0,128M/128Q/64D,Australian Open,,Na Li,,https://www.wtatennis.com/resources/v7.42.0/i/elements/flags/chn.svg,Round of 32,W,"6-0, 6-2",https://www.wtatennis.com/players/120330/na-li,False,False,False,False,False,False,False,2,True,14,12,2,CN,CHN,156,142,Asia,East Asia,CHN,"6,0,None|6,2,None"
5,Australian Open,,https://www.wtatennis.com/tournaments/901/australian-open/2005,Grand Slam,Hard,https://www.wtatennis.com/resources/v7.42.0/i/elements/gs-tag.svg,2005-01-17,2005-01-29,2005,1,,USA,,AU,AUS,036,009,United States of America|America|USA|US,Oceania,Australasia,AUS,87.0,,492.0,205477.0,128M/128Q/64D,Australian Open,,Lindsay Lee-Waters,,https://www.wtatennis.com/resources/v7.42.0/i/elements/flags/usa.svg,Round of 64,W,"4-6, 6-0, 6-3",https://www.wtatennis.com/players/120281/lindsay-lee-waters,False,False,False,False,False,False,False,3,False,25,16,9,US,USA,840,019,America,Northern America,USA,"4,6,None|6,0,None|6,3,None"
6,Australian Open,,https://www.wtatennis.com/tournaments/901/australian-open/2005,Grand Slam,Hard,https://www.wtatennis.com/resources/v7.42.0/i/elements/gs-tag.svg,2005-01-17,2005-01-29,2005,1,,BUL,,AU,AUS,036,009,,Oceania,Australasia,AUS,110.0,,492.0,205477.0,128M/128Q/64D,Australian Open,,Sesil Karatantcheva,,https://www.wtatennis.com/resources/v7.42.0/i/elements/flags/bul.svg,Round of 128,W,"6-3, 6-1",https://www.wtatennis.com/players/311810/sesil-karatantcheva,False,False,False,False,False,False,False,2,True,16,12,4,BG,BGR,100,150,Europe,Southeastern Europe,BUL,"6,3,None|6,1,None"
1,Wta Tour Championships Presented By Porsche,,https://www.wtatennis.com/tournaments/808/wta-finals/2004,Finals,Hard,https://www.wtatennis.com/resources/v7.42.0/i/elements/finals-tag.svg,2004-11-08,2004-11-15,2004,11,,USA,,US,USA,840,019,United States of America|America|USA|US,America,Northern America,USA,8.0,,684.0,1000000.0,8M/0Q/4D,Wta Tour Championships Presented By Porsche,,Serena Williams,,https://www.wtatennis.com/resources/v7.42.0/i/elements/flags/usa.svg,Finals,W,"4-6, 6-2, 6-4",https://www.wtatennis.com/players/230234/serena-williams,False,False,False,False,False,False,False,3,False,28,16,12,US,USA,840,019,America,Northern America,USA,"4,6,None|6,2,None|6,4,None"
2,Wta Tour Championships Presented By Porsche,,https://www.wtatennis.com/tournaments/808/wta-finals/2004,Finals,Hard,https://www.wtatennis.com/resources/v7.42.0/i/elements/finals-tag.svg,2004-11-08,2004-11-15,2004,11,,RUS,,US,USA,840,019,,America,Northern America,USA,3.0,,684.0,1000000.0,8M/0Q/4D,Wta Tour Championships Presented By Porsche,,Anastasia Myskina,,https://www.wtatennis.com/resources/v7.42.0/i/elements/flags/rus.svg,Semifinals,W,"2-6, 6-2, 6-2",https://www.wtatennis.com/players/130533/anastasia-myskina,False,False,False,False,False,False,False,3,False,24,14,10,RU,RUS,643,150,Europe,Eastern Europe,RUS,"2,6,None|6,2,None|6,2,None"
3,Wta Tour Championships Presented By Porsche,,https://www.wtatennis.com/tournaments/808/wta-finals/2004,Finals,Hard,https://www.wtatennis.com/resources/v7.42.0/i/elements/finals-tag.svg,2004-11-08,2004-11-15,2004,11,,RUS,,US,USA,840,019,,America,Northern America,USA,4.0,,684.0,1000000.0,8M/0Q/4D,Wta Tour Championships Presented By Porsche,,Svetlana Kuznetsova,,https://www.wtatennis.com/resources/v7.42.0/i/elements/flags/rus.svg,Group Stage Group,W,"6-1, 6-4",https://www.wtatennis.com/players/110552/svetlana-kuznetsova,False,False,False,False,False,False,False,2,True,17,12,5,RU,RUS,643,150,Europe,Eastern Europe,RUS,"6,1,None|6,4,None"
4,Wta Tour Championships Presented By Porsche,,https://www.wtatennis.com/tournaments/808/wta-finals/2004,Finals,Hard,https://www.wtatennis.com/resources/v7.42.0/i/elements/finals-tag.svg,2004-11-08,2004-11-15,2004,11,,FRA,,US,USA,840,019,,America,Northern America,USA,2.0,,684.0,1000000.0,8M/0Q/4D,Wta Tour Championships Presented By Porsche,,Amélie Mauresmo,,https://www.wtatennis.com/resources/v7.42.0/i/elements/flags/fra.svg,Group Stage Group,L,"5-7, 4-6",https://www.wtatennis.com/players/130450/am-lie-mauresmo,False,False,False,False,False,False,False,2,False,22,9,13,FR,FRA,250,150,Europe,Western Europe,FRA,"5,7,None|4,6,None"
5,Wta Tour Championships Presented By Porsche,,https://www.wtatennis.com/tournaments/808/wta-finals/2004,Finals,Hard,https://www.wtatennis.com/resources/v7.42.0/i/elements/finals-tag.svg,2004-11-08,2004-11-15,2004,11,,RUS,,US,USA,840,019,,America,Northern America,USA,11.0,,684.0,1000000.0,8M/0Q/4D,Wta Tour Championships Presented By Porsche,,Vera Zvonareva,,https://www.wtatennis.com/resources/v7.42.0/i/elements/flags/rus.svg,Group Stage Group,W,"6-4, 7-5",https://www.wtatennis.com/players/260142/vera-zvonareva,False,False,False,False,False,False,False,2,True,22,13,9,RU,RUS,643,150,Europe,Eastern Europe,RUS,"6,4,None|7,5,None"
1,Advanta Championships,https://www.wtatennis.com/resources/v7.42.0/i/elements/itf.png,,ITF,Hard,https://www.wtatennis.com/resources/v7.42.0/i/elements/itf.png,2004-11-01,2004-11-07,2004,11,Philadelphia,FRA,,,,,,,,,Pennsylvania,2.0,,138.0,20300.0,32M/32Q/16D,Advanta Championships,,Amélie Mauresmo,1.0,https://www.wtatennis.com/resources/v7.42.0/i/elements/flags/fra.svg,Semifinals,L,Walkover,https://www.wtatennis.com/players/130450/am-lie-mauresmo,False,True,False,False,False,False,False,0,False,0,0,0,FR,FRA,250,150,Europe,Western Europe,FRA,
2,Advanta Championships,https://www.wtatennis.com/resources/v7.42.0/i/elements/itf.png,,ITF,Hard,https://www.wtatennis.com/resources/v7.42.0/i/elements/itf.png,2004-11-01,2004-11-07,2004,11,Philadelphia,AUS,,,,,,,,,Pennsylvania,13.0,,138.0,20300.0,32M/32Q/16D,Advanta Championships,,Alicia Molik,8.0,https://www.wtatennis.com/resources/v7.42.0/i/elements/flags/aus.svg,Quarterfinals,W,"3-6, 6-1, 6-3",https://www.wtatennis.com/players/130548/alicia-molik,False,False,False,False,False,False,False,3,False,25,15,10,AU,AUS,036,009,Oceania,Australasia,AUS,"3,6,None|6,1,None|6,3,None"
3,Advanta Championships,https://www.wtatennis.com/resources/v7.42.0/i/elements/itf.png,,ITF,Hard,https://www.wtatennis.com/resources/v7.42.0/i/elements/itf.png,2004-11-01,2004-11-07,2004,11,Philadelphia,CRO,,,,,,,,,Pennsylvania,35.0,,138.0,20300.0,32M/32Q/16D,Advanta Championships,,Jelena Kostanic Tosic,,https://www.wtatennis.com/resources/v7.42.0/i/elements/flags/cro.svg,Round of 16,W,"2-6, 6-4, 3-0",https://www.wtatennis.com/players/110380/jelena-kostanic-tosic,True,False,False,False,False,False,False,3,False,21,11,10,HR,HRV,191,150,Europe,Southeastern Europe,CRO,"2,6,None|6,4,None|3,0,None|Ret"
4,Advanta Championships,https://www.wtatennis.com/resources/v7.42.0/i/elements/itf.png,,ITF,Hard,https://www.wtatennis.com/resources/v7.42.0/i/elements/itf.png,2004-11-01,2004-11-07,2004,11,Philadelphia,,,,,,,,,,Pennsylvania,,,138.0,20300.0,32M/32Q/16D,Advanta Championships,,,,,Round of 32,,Bye,,False,False,True,False,False,False,False,0,False,0,0,0,,,,,,,,
1,Swisscom Challenge,https://www.wtatennis.com/resources/v7.42.0/i/elements/itf.png,,ITF,Hard,https://www.wtatennis.com/resources/v7.42.0/i/elements/itf.png,2004-10-17,2004-10-24,2004,10,Zurich,AUS,,CH,CHE,756,150,,Europe,Central Europe,SUI,20.0,,310.0,102000.0,32M/32Q/16D,Swisscom Challenge,,Alicia Molik,,https://www.wtatennis.com/resources/v7.42.0/i/elements/flags/aus.svg,Finals,L,"6-4, 2-6, 3-6",https://www.wtatennis.com/players/130548/alicia-molik,False,False,False,False,False,False,False,3,True,27,11,16,AU,AUS,036,009,Oceania,Australasia,AUS,"6,4,None|2,6,None|3,6,None"
2,Swisscom Challenge,https://www.wtatennis.com/resources/v7.42.0/i/elements/itf.png,,ITF,Hard,https://www.wtatennis.com/resources/v7.42.0/i/elements/itf.png,2004-10-17,2004-10-24,2004,10,Zurich,RUS,,CH,CHE,756,150,,Europe,Central Europe,SUI,5.0,,310.0,102000.0,32M/32Q/16D,Swisscom Challenge,,Elena Dementieva,3.0,https://www.wtatennis.com/resources/v7.42.0/i/elements/flags/rus.svg,Semifinals,W,"4-6, 6-2, 6-3",https://www.wtatennis.com/players/40289/elena-dementieva,False,False,False,False,False,False,False,3,False,27,16,11,RU,RUS,643,150,Europe,Eastern Europe,RUS,"4,6,None|6,2,None|6,3,None"
3,Swisscom Challenge,https://www.wtatennis.com/resources/v7.42.0/i/elements/itf.png,,ITF,Hard,https://www.wtatennis.com/resources/v7.42.0/i/elements/itf.png,2004-10-17,2004-10-24,2004,10,Zurich,USA,,CH,CHE,756,150,United States of America|America|USA|US,Europe,Central Europe,SUI,11.0,,310.0,102000.0,32M/32Q/16D,Swisscom Challenge,,Venus Williams,7.0,https://www.wtatennis.com/resources/v7.42.0/i/elements/flags/usa.svg,Quarterfinals,W,"6-3, 6-4",https://www.wtatennis.com/players/230220/venus-williams,False,False,False,False,False,False,False,2,True,19,12,7,US,USA,840,019,America,Northern America,USA,"6,3,None|6,4,None"
4,Swisscom Challenge,https://www.wtatennis.com/resources/v7.42.0/i/elements/itf.png,,ITF,Hard,https://www.wtatennis.com/resources/v7.42.0/i/elements/itf.png,2004-10-17,2004-10-24,2004,10,Zurich,SVK,,CH,CHE,756,150,,Europe,Central Europe,SUI,35.0,,310.0,102000.0,32M/32Q/16D,Swisscom Challenge,,Daniela Hantuchova,,https://www.wtatennis.com/resources/v7.42.0/i/elements/flags/svk.svg,Round of 16,W,"6-4, 7-5",https://www.wtatennis.com/players/80394/daniela-hantuchova,False,False,False,False,False,False,False,2,True,22,13,9,SK,SVK,703,150,Europe,Central Europe,SVK,"6,4,None|7,5,None"
5,Swisscom Challenge,https://www.wtatennis.com/resources/v7.42.0/i/elements/itf.png,,ITF,Hard,https://www.wtatennis.com/resources/v7.42.0/i/elements/itf.png,2004-10-17,2004-10-24,2004,10,Zurich,,,CH,CHE,756,150,,Europe,Central Europe,SUI,,,310.0,102000.0,32M/32Q/16D,Swisscom Challenge,,,,,Round of 32,,Bye,,False,False,True,False,False,False,False,0,False,0,0,0,,,,,,,,
1,Aig Japan Open Tennis Champs,https://www.wtatennis.com/resources/v7.42.0/i/elements/itf.png,,ITF,Hard,https://www.wtatennis.com/resources/v7.42.0/i/elements/itf.png,2004-10-04,2004-10-10,2004,10,Tokyo,USA,,JP,JPN,392,142,United States of America|America|USA|US,Asia,East Asia,JPN,61.0,,137.0,27000.0,32M/32Q/16D,Aig Japan Open Tennis Champs,,Mashona Washington,,https://www.wtatennis.com/resources/v7.42.0/i/elements/flags/usa.svg,Finals,W,"6-0, 6-1",https://www.wtatennis.com/players/230186/mashona-washington,False,False,False,False,False,False,False,2,True,13,12,1,US,USA,840,019,America,Northern America,USA,"6,0,None|6,1,None"
2,Aig Japan Open Tennis Champs,https://www.wtatennis.com/resources/v7.42.0/i/elements/itf.png,,ITF,Hard,https://www.wtatennis.com/resources/v7.42.0/i/elements/itf.png,2004-10-04,2004-10-10,2004,10,Tokyo,THA,,JP,JPN,392,142,,Asia,East Asia,JPN,76.0,,137.0,27000.0,32M/32Q/16D,Aig Japan Open Tennis Champs,,Tamarine Tanasugarn,,https://www.wtatennis.com/resources/v7.42.0/i/elements/flags/tha.svg,Semifinals,W,"6-2, 6-3",https://www.wtatennis.com/players/200137/tamarine-tanasugarn,False,False,False,False,False,False,False,2,True,17,12,5,TH,THA,764,142,Asia,Southeast Asia,THA,"6,2,None|6,3,None"
3,Aig Japan Open Tennis Champs,https://www.wtatennis.com/resources/v7.42.0/i/elements/itf.png,,ITF,Hard,https://www.wtatennis.com/resources/v7.42.0/i/elements/itf.png,2004-10-04,2004-10-10,2004,10,Tokyo,FRA,,JP,JPN,392,142,,Asia,East Asia,JPN,448.0,,137.0,27000.0,32M/32Q/16D,Aig Japan Open Tennis Champs,,Yulia Fedossova,,https://www.wtatennis.com/resources/v7.42.0/i/elements/flags/fra.svg,Quarterfinals,W,"6-3, 6-4",https://www.wtatennis.com/players/311237/yulia-fedossova,False,False,False,False,False,False,False,2,True,19,12,7,FR,FRA,250,150,Europe,Western Europe,FRA,"6,3,None|6,4,None"
4,Aig Japan Open Tennis Champs,https://www.wtatennis.com/resources/v7.42.0/i/elements/itf.png,,ITF,Hard,https://www.wtatennis.com/resources/v7.42.0/i/elements/itf.png,2004-10-04,2004-10-10,2004,10,Tokyo,AUS,,JP,JPN,392,142,,Asia,East Asia,JPN,77.0,,137.0,27000.0,32M/32Q/16D,Aig Japan Open Tennis Champs,,Samantha Stosur,,https://www.wtatennis.com/resources/v7.42.0/i/elements/flags/aus.svg,Round of 16,W,"6-4, 1-6, 6-3",https://www.wtatennis.com/players/190787/samantha-stosur,False,False,False,False,False,False,False,3,True,26,13,13,AU,AUS,036,009,Oceania,Australasia,AUS,"6,4,None|1,6,None|6,3,None"
5,Aig Japan Open Tennis Champs,https://www.wtatennis.com/resources/v7.42.0/i/elements/itf.png,,ITF,Hard,https://www.wtatennis.com/resources/v7.42.0/i/elements/itf.png,2004-10-04,2004-10-10,2004,10,Tokyo,,,JP,JPN,392,142,,Asia,East Asia,JPN,,,137.0,27000.0,32M/32Q/16D,Aig Japan Open Tennis Champs,,,,,Round of 32,,Bye,,False,False,True,False,False,False,False,0,False,0,0,0,,,,,,,,
1,Hansol Korea Open Tennis Championships,https://www.wtatennis.com/resources/v7.42.0/i/elements/itf.png,,ITF,Hard,https://www.wtatennis.com/resources/v7.42.0/i/elements/itf.png,2004-09-27,2004-10-03,2004,9,Seoul,POL,,,,,,,,,Korea,100.0,,112.0,22000.0,32M/32Q/16D,Hansol Korea Open Tennis Championships,,Marta Domachowska,,https://www.wtatennis.com/resources/v7.42.0/i/elements/flags/pol.svg,Finals,W,"6-1, 6-1",https://www.wtatennis.com/players/310338/marta-domachowska,False,False,False,False,False,False,False,2,True,14,12,2,PL,POL,616,150,Europe,Central Europe,POL,"6,1,None|6,1,None"
2,Hansol Korea Open Tennis Championships,https://www.wtatennis.com/resources/v7.42.0/i/elements/itf.png,,ITF,Hard,https://www.wtatennis.com/resources/v7.42.0/i/elements/itf.png,2004-09-27,2004-10-03,2004,9,Seoul,LUX,,,,,,,,,Korea,113.0,,112.0,22000.0,32M/32Q/16D,Hansol Korea Open Tennis Championships,,Anne Kremer,,https://www.wtatennis.com/resources/v7.42.0/i/elements/flags/lux.svg,Semifinals,W,"6-0, 6-2",https://www.wtatennis.com/players/110242/anne-kremer,False,False,False,False,False,False,False,2,True,14,12,2,LU,LUX,442,150,Europe,Western Europe,LUX,"6,0,None|6,2,None"
3,Hansol Korea Open Tennis Championships,https://www.wtatennis.com/resources/v7.42.0/i/elements/itf.png,,ITF,Hard,https://www.wtatennis.com/resources/v7.42.0/i/elements/itf.png,2004-09-27,2004-10-03,2004,9,Seoul,AUS,,,,,,,,,Korea,81.0,,112.0,22000.0,32M/32Q/16D,Hansol Korea Open Tennis Championships,,Samantha Stosur,8.0,https://www.wtatennis.com/resources/v7.42.0/i/elements/flags/aus.svg,Quarterfinals,W,"6-2, 6-1",https://www.wtatennis.com/players/190787/samantha-stosur,False,False,False,False,False,False,False,2,True,15,12,3,AU,AUS,036,009,Oceania,Australasia,AUS,"6,2,None|6,1,None"
4,Hansol Korea Open Tennis Championships,https://www.wtatennis.com/resources/v7.42.0/i/elements/itf.png,,ITF,Hard,https://www.wtatennis.com/resources/v7.42.0/i/elements/itf.png,2004-09-27,2004-10-03,2004,9,Seoul,JPN,,,,,,,,,Korea,258.0,,112.0,22000.0,32M/32Q/16D,Hansol Korea Open Tennis Championships,,Miho Saeki,,https://www.wtatennis.com/resources/v7.42.0/i/elements/flags/jpn.svg,Round of 16,W,"6-3, 6-1",https://www.wtatennis.com/players/190491/miho-saeki,False,False,False,False,False,False,False,2,True,16,12,4,JP,JPN,392,142,Asia,East Asia,JPN,"6,3,None|6,1,None"
5,Hansol Korea Open Tennis Championships,https://www.wtatennis.com/resources/v7.42.0/i/elements/itf.png,,ITF,Hard,https://www.wtatennis.com/resources/v7.42.0/i/elements/itf.png,2004-09-27,2004-10-03,2004,9,Seoul,SUI,,,,,,,,,Korea,93.0,,112.0,22000.0,32M/32Q/16D,Hansol Korea Open Tennis Championships,,Emmanuelle Gagliardi,,https://www.wtatennis.com/resources/v7.42.0/i/elements/flags/sui.svg,Round of 32,W,"6-1, 6-3",https://www.wtatennis.com/players/70245/emmanuelle-gagliardi,False,False,False,False,False,False,False,2,True,16,12,4,CH,CHE,756,150,Europe,Central Europe,SUI,"6,1,None|6,3,None"
1,China Open,https://www.wtatennis.com/resources/v7.42.0/i/elements/itf.png,,ITF,Hard,https://www.wtatennis.com/resources/v7.42.0/i/elements/itf.png,2004-09-20,2004-09-26,2004,9,Beijing,RUS,,CN,CHN,156,142,,Asia,East Asia,CHN,5.0,,102.0,26500.0,32M/32Q/16D,China Open,,Svetlana Kuznetsova,2.0,https://www.wtatennis.com/resources/v7.42.0/i/elements/flags/rus.svg,Semifinals,L,"2-6, 2-6",https://www.wtatennis.com/players/110552/svetlana-kuznetsova,False,False,False,False,False,False,False,2,False,16,4,12,RU,RUS,643,150,Europe,Eastern Europe,RUS,"2,6,None|2,6,None"
2,China Open,https://www.wtatennis.com/resources/v7.42.0/i/elements/itf.png,,ITF,Hard,https://www.wtatennis.com/resources/v7.42.0/i/elements/itf.png,2004-09-20,2004-09-26,2004,9,Beijing,SRB,,CN,CHN,156,142,,Asia,East Asia,CHN,36.0,,102.0,26500.0,32M/32Q/16D,China Open,,Jelena Jankovic,7.0,https://www.wtatennis.com/resources/v7.42.0/i/elements/flags/srb.svg,Quarterfinals,W,5-2,https://www.wtatennis.com/players/100153/jelena-jankovic,True,False,False,False,False,False,False,1,False,7,5,2,RS,SRB,688,150,Europe,Southeastern Europe,SRB,"5,2,None|Ret"
3,China Open,https://www.wtatennis.com/resources/v7.42.0/i/elements/itf.png,,ITF,Hard,https://www.wtatennis.com/resources/v7.42.0/i/elements/itf.png,2004-09-20,2004-09-26,2004,9,Beijing,RUS,,CN,CHN,156,142,,Asia,East Asia,CHN,94.0,,102.0,26500.0,32M/32Q/16D,China Open,,Tatiana Panova,,https://www.wtatennis.com/resources/v7.42.0/i/elements/flags/rus.svg,Round of 16,W,"6-1, 6-1",https://www.wtatennis.com/players/160254/tatiana-panova,False,False,False,False,False,False,False,2,True,14,12,2,RU,RUS,643,150,Europe,Eastern Europe,RUS,"6,1,None|6,1,None"
4,China Open,https://www.wtatennis.com/resources/v7.42.0/i/elements/itf.png,,ITF,Hard,https://www.wtatennis.com/resources/v7.42.0/i/elements/itf.png,2004-09-20,2004-09-26,2004,9,Beijing,,,CN,CHN,156,142,,Asia,East Asia,CHN,,,102.0,26500.0,32M/32Q/16D,China Open,,,,,Round of 32,,Bye,,False,False,True,False,False,False,False,0,False,0,0,0,,,,,,,,
1,Us Open,,https://www.wtatennis.com/tournaments/905/us-open/2004,Grand Slam,Hard,https://www.wtatennis.com/resources/v7.42.0/i/elements/gs-tag.svg,2004-08-30,2004-09-11,2004,8,,FRA,,US,USA,840,019,,America,Northern America,USA,29.0,,92.0,36475.0,128M/128Q/64D,Us Open,,Mary Pierce,27.0,https://www.wtatennis.com/resources/v7.42.0/i/elements/flags/fra.svg,Round of 32,L,"6-4, 2-6, 3-6",https://www.wtatennis.com/players/160142/mary-pierce,False,False,False,False,False,False,False,3,True,27,11,16,FR,FRA,250,150,Europe,Western Europe,FRA,"6,4,None|2,6,None|3,6,None"
2,Us Open,,https://www.wtatennis.com/tournaments/905/us-open/2004,Grand Slam,Hard,https://www.wtatennis.com/resources/v7.42.0/i/elements/gs-tag.svg,2004-08-30,2004-09-11,2004,8,,SRB,,US,USA,840,019,,America,Northern America,USA,41.0,,92.0,36475.0,128M/128Q/64D,Us Open,,Jelena Jankovic,,https://www.wtatennis.com/resources/v7.42.0/i/elements/flags/srb.svg,Round of 64,W,"6-0, 6-7 (5), 6-1",https://www.wtatennis.com/players/100153/jelena-jankovic,False,False,False,False,True,False,True,3,True,26,18,8,RS,SRB,688,150,Europe,Southeastern Europe,SRB,"6,0,None|6,7,5|6,1,None"
3,Us Open,,https://www.wtatennis.com/tournaments/905/us-open/2004,Grand Slam,Hard,https://www.wtatennis.com/resources/v7.42.0/i/elements/gs-tag.svg,2004-08-30,2004-09-11,2004,8,,USA,,US,USA,840,019,United States of America|America|USA|US,America,Northern America,USA,68.0,,92.0,36475.0,128M/128Q/64D,Us Open,,Laura Granville,,https://www.wtatennis.com/resources/v7.42.0/i/elements/flags/usa.svg,Round of 128,W,"6-3, 5-7, 7-5",https://www.wtatennis.com/players/70423/laura-granville,False,False,False,False,False,False,False,3,True,33,18,15,US,USA,840,019,America,Northern America,USA,"6,3,None|5,7,None|7,5,None"
1,Pilot Pen Tennis Presented By Michelob Ultra,https://www.wtatennis.com/resources/v7.42.0/i/elements/itf.png,,ITF,Hard,https://www.wtatennis.com/resources/v7.42.0/i/elements/itf.png,2004-08-22,2004-08-28,2004,8,New Haven,USA,,,,,,United States of America|America|USA|US,,,Connecticut,81.0,,1.0,7240.0,32M/64Q/16D,Pilot Pen Tennis Presented By Michelob Ultra,,Mashona Washington,,https://www.wtatennis.com/resources/v7.42.0/i/elements/flags/usa.svg,Round of 16,L,"3-6, 6-2, 2-6",https://www.wtatennis.com/players/230186/mashona-washington,False,False,False,False,False,False,False,3,False,25,11,14,US,USA,840,019,America,Northern America,USA,"3,6,None|6,2,None|2,6,None"
2,Pilot Pen Tennis Presented By Michelob Ultra,https://www.wtatennis.com/resources/v7.42.0/i/elements/itf.png,,ITF,Hard,https://www.wtatennis.com/resources/v7.42.0/i/elements/itf.png,2004-08-22,2004-08-28,2004,8,New Haven,,,,,,,,,,Connecticut,,,1.0,7240.0,32M/64Q/16D,Pilot Pen Tennis Presented By Michelob Ultra,,,,,Round of 32,,Bye,,False,False,True,False,False,False,False,0,False,0,0,0,,,,,,,,
1,Rogers Cup,https://www.wtatennis.com/resources/v7.42.0/i/elements/itf.png,,ITF,Hard,https://www.wtatennis.com/resources/v7.42.0/i/elements/itf.png,2004-08-02,2004-08-08,2004,8,Montreal,RUS,,CA,CAN,124,019,,America,Northern America,CAN,14.0,W,50.0,12775.0,64M/32Q/32D,Rogers Cup,,Vera Zvonareva,10.0,https://www.wtatennis.com/resources/v7.42.0/i/elements/flags/rus.svg,Round of 16,L,"6-4, 4-6, 4-6",https://www.wtatennis.com/players/260142/vera-zvonareva,False,False,False,False,False,False,False,3,True,30,14,16,RU,RUS,643,150,Europe,Eastern Europe,RUS,"6,4,None|4,6,None|4,6,None"
2,Rogers Cup,https://www.wtatennis.com/resources/v7.42.0/i/elements/itf.png,,ITF,Hard,https://www.wtatennis.com/resources/v7.42.0/i/elements/itf.png,2004-08-02,2004-08-08,2004,8,Montreal,PUR,,CA,CAN,124,019,,America,Northern America,CAN,51.0,W,50.0,12775.0,64M/32Q/32D,Rogers Cup,,Kristina Brandi,,https://www.wtatennis.com/resources/v7.42.0/i/elements/flags/pur.svg,Round of 32,W,"6-1, 6-4",https://www.wtatennis.com/players/20323/kristina-brandi,False,False,False,False,False,False,False,2,True,17,12,5,PR,PRI,630,019,America,Caribbean,PUR,"6,1,None|6,4,None"
3,Rogers Cup,https://www.wtatennis.com/resources/v7.42.0/i/elements/itf.png,,ITF,Hard,https://www.wtatennis.com/resources/v7.42.0/i/elements/itf.png,2004-08-02,2004-08-08,2004,8,Montreal,,,CA,CAN,124,019,,America,Northern America,CAN,,W,50.0,12775.0,64M/32Q/32D,Rogers Cup,,,,,Round of 64,,Bye,,False,False,True,False,False,False,False,0,False,0,0,0,,,,,,,,
1,Acura Classic,https://www.wtatennis.com/resources/v7.42.0/i/elements/itf.png,,ITF,Hard,https://www.wtatennis.com/resources/v7.42.0/i/elements/itf.png,2004-07-25,2004-08-01,2004,7,San Diego,RUS,,,,,,,,,California,5.0,,85.0,25600.0,64M/16Q/32D,Acura Classic,,Anastasia Myskina,3.0,https://www.wtatennis.com/resources/v7.42.0/i/elements/flags/rus.svg,Quarterfinals,L,"5-7, 2-6",https://www.wtatennis.com/players/130533/anastasia-myskina,False,False,False,False,False,False,False,2,False,20,7,13,RU,RUS,643,150,Europe,Eastern Europe,RUS,"5,7,None|2,6,None"
2,Acura Classic,https://www.wtatennis.com/resources/v7.42.0/i/elements/itf.png,,ITF,Hard,https://www.wtatennis.com/resources/v7.42.0/i/elements/itf.png,2004-07-25,2004-08-01,2004,7,San Diego,ARG,,,,,,,,,California,52.0,,85.0,25600.0,64M/16Q/32D,Acura Classic,,Gisela Dulko,,https://www.wtatennis.com/resources/v7.42.0/i/elements/flags/arg.svg,Round of 16,W,"6-0, 6-1",https://www.wtatennis.com/players/40388/gisela-dulko,False,False,False,False,False,False,False,2,True,13,12,1,AR,ARG,032,019,America,Southern South America,ARG,"6,0,None|6,1,None"
3,Acura Classic,https://www.wtatennis.com/resources/v7.42.0/i/elements/itf.png,,ITF,Hard,https://www.wtatennis.com/resources/v7.42.0/i/elements/itf.png,2004-07-25,2004-08-01,2004,7,San Diego,USA,,,,,,United States of America|America|USA|US,,,California,186.0,,85.0,25600.0,64M/16Q/32D,Acura Classic,,Lilia Osterloh,,https://www.wtatennis.com/resources/v7.42.0/i/elements/flags/usa.svg,Round of 32,W,"6-3, 6-3",https://www.wtatennis.com/players/150134/lilia-osterloh,False,False,False,False,False,False,False,2,True,18,12,6,US,USA,840,019,America,Northern America,USA,"6,3,None|6,3,None"
4,Acura Classic,https://www.wtatennis.com/resources/v7.42.0/i/elements/itf.png,,ITF,Hard,https://www.wtatennis.com/resources/v7.42.0/i/elements/itf.png,2004-07-25,2004-08-01,2004,7,San Diego,,,,,,,,,,California,,,85.0,25600.0,64M/16Q/32D,Acura Classic,,,,,Round of 64,,Bye,,False,False,True,False,False,False,False,0,False,0,0,0,,,,,,,,
1,Wimbledon,,https://www.wtatennis.com/tournaments/904/wimbledon/2004,Grand Slam,Grass,https://www.wtatennis.com/resources/v7.42.0/i/elements/gs-tag.svg,2004-06-21,2004-07-04,2004,6,,USA,,GB,GBR,826,150,United States of America|America|USA|US,Europe,Northern Europe,ENG,10.0,,1022.0,888211.0,128M/128Q/64D,The Championships,,Serena Williams,1.0,https://www.wtatennis.com/resources/v7.42.0/i/elements/flags/usa.svg,Finals,W,"6-1, 6-4",https://www.wtatennis.com/players/230234/serena-williams,False,False,False,False,False,False,False,2,True,17,12,5,US,USA,840,019,America,Northern America,USA,"6,1,None|6,4,None"
2,Wimbledon,,https://www.wtatennis.com/tournaments/904/wimbledon/2004,Grand Slam,Grass,https://www.wtatennis.com/resources/v7.42.0/i/elements/gs-tag.svg,2004-06-21,2004-07-04,2004,6,,USA,,GB,GBR,826,150,United States of America|America|USA|US,Europe,Northern Europe,ENG,5.0,,1022.0,888211.0,128M/128Q/64D,The Championships,,Lindsay Davenport,5.0,https://www.wtatennis.com/resources/v7.42.0/i/elements/flags/usa.svg,Semifinals,W,"2-6, 7-6 (5), 6-1",https://www.wtatennis.com/players/40106/lindsay-davenport,False,False,False,False,True,False,True,3,False,28,15,13,US,USA,840,019,America,Northern America,USA,"2,6,None|7,6,5|6,1,None"
3,Wimbledon,,https://www.wtatennis.com/tournaments/904/wimbledon/2004,Grand Slam,Grass,https://www.wtatennis.com/resources/v7.42.0/i/elements/gs-tag.svg,2004-06-21,2004-07-04,2004,6,,JPN,,GB,GBR,826,150,,Europe,Northern Europe,ENG,12.0,,1022.0,888211.0,128M/128Q/64D,The Championships,,Ai Sugiyama,11.0,https://www.wtatennis.com/resources/v7.42.0/i/elements/flags/jpn.svg,Quarterfinals,W,"5-7, 7-5, 6-1",https://www.wtatennis.com/players/190353/ai-sugiyama,False,False,False,False,False,False,False,3,False,31,18,13,JP,JPN,392,142,Asia,East Asia,JPN,"5,7,None|7,5,None|6,1,None"
4,Wimbledon,,https://www.wtatennis.com/tournaments/904/wimbledon/2004,Grand Slam,Grass,https://www.wtatennis.com/resources/v7.42.0/i/elements/gs-tag.svg,2004-06-21,2004-07-04,2004,6,,USA,,GB,GBR,826,150,United States of America|America|USA|US,Europe,Northern Europe,ENG,36.0,,1022.0,888211.0,128M/128Q/64D,The Championships,,Amy Frazier,31.0,https://www.wtatennis.com/resources/v7.42.0/i/elements/flags/usa.svg,Round of 16,W,"6-4, 7-5",https://www.wtatennis.com/players/60034/amy-frazier,False,False,False,False,False,False,False,2,True,22,13,9,US,USA,840,019,America,Northern America,USA,"6,4,None|7,5,None"
5,Wimbledon,,https://www.wtatennis.com/tournaments/904/wimbledon/2004,Grand Slam,Grass,https://www.wtatennis.com/resources/v7.42.0/i/elements/gs-tag.svg,2004-06-21,2004-07-04,2004,6,,SVK,,GB,GBR,826,150,,Europe,Northern Europe,ENG,38.0,,1022.0,888211.0,128M/128Q/64D,The Championships,,Daniela Hantuchova,,https://www.wtatennis.com/resources/v7.42.0/i/elements/flags/svk.svg,Round of 32,W,"6-3, 6-1",https://www.wtatennis.com/players/80394/daniela-hantuchova,False,False,False,False,False,False,False,2,True,16,12,4,SK,SVK,703,150,Europe,Central Europe,SVK,"6,3,None|6,1,None"
6,Wimbledon,,https://www.wtatennis.com/tournaments/904/wimbledon/2004,Grand Slam,Grass,https://www.wtatennis.com/resources/v7.42.0/i/elements/gs-tag.svg,2004-06-21,2004-07-04,2004,6,,GBR,,GB,GBR,826,150,Britain|UK|Great Britain|United Kingdom,Europe,Northern Europe,ENG,188.0,,1022.0,888211.0,128M/128Q/64D,The Championships,,Anne Keothavong,,https://www.wtatennis.com/resources/v7.42.0/i/elements/flags/gbr.svg,Round of 64,W,"6-4, 6-0",https://www.wtatennis.com/players/110524/anne-keothavong,False,False,False,False,False,False,False,2,True,16,12,4,GB,GBR,826,150,Europe,Northern Europe,ENG,"6,4,None|6,0,None"
7,Wimbledon,,https://www.wtatennis.com/tournaments/904/wimbledon/2004,Grand Slam,Grass,https://www.wtatennis.com/resources/v7.42.0/i/elements/gs-tag.svg,2004-06-21,2004-07-04,2004,6,,UKR,,GB,GBR,826,150,,Europe,Northern Europe,ENG,119.0,,1022.0,888211.0,128M/128Q/64D,The Championships,,Yuliya Beygelzimer,,https://www.wtatennis.com/resources/v7.42.0/i/elements/flags/ukr.svg,Round of 128,W,"6-2, 6-1",https://www.wtatennis.com/players/20652/yuliya-beygelzimer,False,False,False,False,False,False,False,2,True,15,12,3,UA,UKR,804,150,Europe,Eastern Europe,UKR,"6,2,None|6,1,None"
1,Dfs Classic,https://www.wtatennis.com/resources/v7.42.0/i/elements/itf.png,,ITF,Grass,https://www.wtatennis.com/resources/v7.42.0/i/elements/itf.png,2004-06-07,2004-06-13,2004,6,Birmingham,FRA,,GB,GBR,826,150,,Europe,Northern Europe,ENG,71.0,,172.0,27000.0,64M/32Q/16D,Dfs Classic,,Tatiana Golovin,,https://www.wtatennis.com/resources/v7.42.0/i/elements/flags/fra.svg,Finals,W,"4-6, 6-2, 6-1",https://www.wtatennis.com/players/310774/tatiana-golovin,False,False,False,False,False,False,False,3,False,25,16,9,FR,FRA,250,150,Europe,Western Europe,FRA,"4,6,None|6,2,None|6,1,None"
2,Dfs Classic,https://www.wtatennis.com/resources/v7.42.0/i/elements/itf.png,,ITF,Grass,https://www.wtatennis.com/resources/v7.42.0/i/elements/itf.png,2004-06-07,2004-06-13,2004,6,Birmingham,SUI,,GB,GBR,826,150,,Europe,Northern Europe,ENG,20.0,,172.0,27000.0,64M/32Q/16D,Dfs Classic,,Patty Schnyder,2.0,https://www.wtatennis.com/resources/v7.42.0/i/elements/flags/sui.svg,Semifinals,W,"6-1, 6-7 (3), 6-3",https://www.wtatennis.com/players/190519/patty-schnyder,False,False,False,False,True,False,True,3,True,29,18,11,CH,CHE,756,150,Europe,Central Europe,SUI,"6,1,None|6,7,3|6,3,None"
3,Dfs Classic,https://www.wtatennis.com/resources/v7.42.0/i/elements/itf.png,,ITF,Grass,https://www.wtatennis.com/resources/v7.42.0/i/elements/itf.png,2004-06-07,2004-06-13,2004,6,Birmingham,AUS,,GB,GBR,826,150,,Europe,Northern Europe,ENG,32.0,,172.0,27000.0,64M/32Q/16D,Dfs Classic,,Alicia Molik,8.0,https://www.wtatennis.com/resources/v7.42.0/i/elements/flags/aus.svg,Quarterfinals,W,"6-3, 6-1",https://www.wtatennis.com/players/130548/alicia-molik,False,False,False,False,False,False,False,2,True,16,12,4,AU,AUS,036,009,Oceania,Australasia,AUS,"6,3,None|6,1,None"
4,Dfs Classic,https://www.wtatennis.com/resources/v7.42.0/i/elements/itf.png,,ITF,Grass,https://www.wtatennis.com/resources/v7.42.0/i/elements/itf.png,2004-06-07,2004-06-13,2004,6,Birmingham,AUS,,GB,GBR,826,150,,Europe,Northern Europe,ENG,97.0,,172.0,27000.0,64M/32Q/16D,Dfs Classic,,Samantha Stosur,,https://www.wtatennis.com/resources/v7.42.0/i/elements/flags/aus.svg,Round of 16,W,"6-4, 6-3",https://www.wtatennis.com/players/190787/samantha-stosur,False,False,False,False,False,False,False,2,True,19,12,7,AU,AUS,036,009,Oceania,Australasia,AUS,"6,4,None|6,3,None"
5,Dfs Classic,https://www.wtatennis.com/resources/v7.42.0/i/elements/itf.png,,ITF,Grass,https://www.wtatennis.com/resources/v7.42.0/i/elements/itf.png,2004-06-07,2004-06-13,2004,6,Birmingham,USA,,GB,GBR,826,150,United States of America|America|USA|US,Europe,Northern Europe,ENG,213.0,,172.0,27000.0,64M/32Q/16D,Dfs Classic,,Jamea Jackson,,https://www.wtatennis.com/resources/v7.42.0/i/elements/flags/usa.svg,Round of 32,W,"6-2, 6-2",https://www.wtatennis.com/players/100164/jamea-jackson,False,False,False,False,False,False,False,2,True,16,12,4,US,USA,840,019,America,Northern America,USA,"6,2,None|6,2,None"
6,Dfs Classic,https://www.wtatennis.com/resources/v7.42.0/i/elements/itf.png,,ITF,Grass,https://www.wtatennis.com/resources/v7.42.0/i/elements/itf.png,2004-06-07,2004-06-13,2004,6,Birmingham,,,GB,GBR,826,150,,Europe,Northern Europe,ENG,,,172.0,27000.0,64M/32Q/16D,Dfs Classic,,,,,Round of 64,,Bye,,False,False,True,False,False,False,False,0,False,0,0,0,,,,,,,,
1,Roland Garros,,https://www.wtatennis.com/tournaments/903/roland-garros/2004,Grand Slam,Clay,https://www.wtatennis.com/resources/v7.42.0/i/elements/gs-tag.svg,2004-05-24,2004-06-03,2004,5,,ARG,,FR,FRA,250,150,,Europe,Western Europe,FRA,14.0,,250.0,113677.0,128M/128Q/64D,Roland Garros,,Paola Suárez,14.0,https://www.wtatennis.com/resources/v7.42.0/i/elements/flags/arg.svg,Quarterfinals,L,"1-6, 3-6",https://www.wtatennis.com/players/190360/paola-su-rez,False,False,False,False,False,False,False,2,False,16,4,12,AR,ARG,032,019,America,Southern South America,ARG,"1,6,None|3,6,None"
2,Roland Garros,,https://www.wtatennis.com/tournaments/903/roland-garros/2004,Grand Slam,Clay,https://www.wtatennis.com/resources/v7.42.0/i/elements/gs-tag.svg,2004-05-24,2004-06-03,2004,5,,GER,,FR,FRA,250,150,,Europe,Western Europe,FRA,94.0,,250.0,113677.0,128M/128Q/64D,Roland Garros,,Marlene Weingartner,,https://www.wtatennis.com/resources/v7.42.0/i/elements/flags/ger.svg,Round of 16,W,"6-3, 6-1",https://www.wtatennis.com/players/230202/marlene-weingartner,False,False,False,False,False,False,False,2,True,16,12,4,DE,DEU,276,150,Europe,Central Europe,GER,"6,3,None|6,1,None"
3,Roland Garros,,https://www.wtatennis.com/tournaments/903/roland-garros/2004,Grand Slam,Clay,https://www.wtatennis.com/resources/v7.42.0/i/elements/gs-tag.svg,2004-05-24,2004-06-03,2004,5,,RUS,,FR,FRA,250,150,,Europe,Western Europe,FRA,13.0,,250.0,113677.0,128M/128Q/64D,Roland Garros,,Vera Zvonareva,10.0,https://www.wtatennis.com/resources/v7.42.0/i/elements/flags/rus.svg,Round of 32,W,"6-3, 7-6 (3)",https://www.wtatennis.com/players/260142/vera-zvonareva,False,False,False,False,True,False,True,2,True,22,13,9,RU,RUS,643,150,Europe,Eastern Europe,RUS,"6,3,None|7,6,3"
4,Roland Garros,,https://www.wtatennis.com/tournaments/903/roland-garros/2004,Grand Slam,Clay,https://www.wtatennis.com/resources/v7.42.0/i/elements/gs-tag.svg,2004-05-24,2004-06-03,2004,5,,ITA,,FR,FRA,250,150,,Europe,Western Europe,FRA,83.0,,250.0,113677.0,128M/128Q/64D,Roland Garros,,Rita Grande,,https://www.wtatennis.com/resources/v7.42.0/i/elements/flags/ita.svg,Round of 64,W,"6-2, 6-0",https://www.wtatennis.com/players/70192/rita-grande,False,False,False,False,False,False,False,2,True,14,12,2,IT,ITA,380,150,Europe,Southern Europe,ITA,"6,2,None|6,0,None"
5,Roland Garros,,https://www.wtatennis.com/tournaments/903/roland-garros/2004,Grand Slam,Clay,https://www.wtatennis.com/resources/v7.42.0/i/elements/gs-tag.svg,2004-05-24,2004-06-03,2004,5,,AUT,,FR,FRA,250,150,,Europe,Western Europe,FRA,433.0,,250.0,113677.0,128M/128Q/64D,Roland Garros,,Barbara Schwartz,,https://www.wtatennis.com/resources/v7.42.0/i/elements/flags/aut.svg,Round of 128,W,"6-3, 6-0",https://www.wtatennis.com/players/190539/barbara-schwartz,False,False,False,False,False,False,False,2,True,15,12,3,AT,AUT,040,150,Europe,Central Europe,AUT,"6,3,None|6,0,None"
1,Telecom Italia Masters Roma,https://www.wtatennis.com/resources/v7.42.0/i/elements/itf.png,,ITF,Clay,https://www.wtatennis.com/resources/v7.42.0/i/elements/itf.png,2004-05-10,2004-05-16,2004,5,Rome,ITA,,IT,ITA,380,150,,Europe,Southern Europe,ITA,16.0,,89.0,12450.0,64M/64Q/32D,Telecom Italia Masters Roma,,Silvia Farina Elia,10.0,https://www.wtatennis.com/resources/v7.42.0/i/elements/flags/ita.svg,Round of 16,L,"6-7 (3), 0-6",https://www.wtatennis.com/players/60061/silvia-farina-elia,False,False,False,True,False,False,True,2,False,19,6,13,IT,ITA,380,150,Europe,Southern Europe,ITA,"6,7,3|0,6,None"
2,Telecom Italia Masters Roma,https://www.wtatennis.com/resources/v7.42.0/i/elements/itf.png,,ITF,Clay,https://www.wtatennis.com/resources/v7.42.0/i/elements/itf.png,2004-05-10,2004-05-16,2004,5,Rome,RUS,,IT,ITA,380,150,,Europe,Southern Europe,ITA,10.0,,89.0,12450.0,64M/64Q/32D,Telecom Italia Masters Roma,,Elena Dementieva,6.0,https://www.wtatennis.com/resources/v7.42.0/i/elements/flags/rus.svg,Round of 32,W,"6-1, 6-4",https://www.wtatennis.com/players/40289/elena-dementieva,False,False,False,False,False,False,False,2,True,17,12,5,RU,RUS,643,150,Europe,Eastern Europe,RUS,"6,1,None|6,4,None"
3,Telecom Italia Masters Roma,https://www.wtatennis.com/resources/v7.42.0/i/elements/itf.png,,ITF,Clay,https://www.wtatennis.com/resources/v7.42.0/i/elements/itf.png,2004-05-10,2004-05-16,2004,5,Rome,UKR,,IT,ITA,380,150,,Europe,Southern Europe,ITA,109.0,,89.0,12450.0,64M/64Q/32D,Telecom Italia Masters Roma,,Tatiana Perebiynis,,https://www.wtatennis.com/resources/v7.42.0/i/elements/flags/ukr.svg,Round of 64,W,"6-4, 7-5",https://www.wtatennis.com/players/160405/tatiana-perebiynis,False,False,False,False,False,False,False,2,True,22,13,9,UA,UKR,804,150,Europe,Eastern Europe,UKR,"6,4,None|7,5,None"
1,Ladies German Open,https://www.wtatennis.com/resources/v7.42.0/i/elements/itf.png,,ITF,Clay,https://www.wtatennis.com/resources/v7.42.0/i/elements/itf.png,2004-05-03,2004-05-09,2004,5,Berlin,USA,,DE,DEU,276,150,United States of America|America|USA|US,Europe,Central Europe,GER,8.0,,72.0,12450.0,64M/64Q/32D,Ladies German Open,,Jennifer Capriati,6.0,https://www.wtatennis.com/resources/v7.42.0/i/elements/flags/usa.svg,Round of 16,L,"7-5, 4-6, 1-6",https://www.wtatennis.com/players/30200/jennifer-capriati,False,False,False,False,False,False,False,3,True,29,12,17,US,USA,840,019,America,Northern America,USA,"7,5,None|4,6,None|1,6,None"
2,Ladies German Open,https://www.wtatennis.com/resources/v7.42.0/i/elements/itf.png,,ITF,Clay,https://www.wtatennis.com/resources/v7.42.0/i/elements/itf.png,2004-05-03,2004-05-09,2004,5,Berlin,HUN,,DE,DEU,276,150,,Europe,Central Europe,GER,33.0,,72.0,12450.0,64M/64Q/32D,Ladies German Open,,Petra Mandula,,https://www.wtatennis.com/resources/v7.42.0/i/elements/flags/hun.svg,Round of 32,W,5-4,https://www.wtatennis.com/players/130443/petra-mandula,True,False,False,False,False,False,False,1,False,9,5,4,HU,HUN,348,150,Europe,Central Europe,HUN,"5,4,None|Ret"
3,Ladies German Open,https://www.wtatennis.com/resources/v7.42.0/i/elements/itf.png,,ITF,Clay,https://www.wtatennis.com/resources/v7.42.0/i/elements/itf.png,2004-05-03,2004-05-09,2004,5,Berlin,RUS,,DE,DEU,276,150,,Europe,Central Europe,GER,31.0,,72.0,12450.0,64M/64Q/32D,Ladies German Open,,Dinara Safina,,https://www.wtatennis.com/resources/v7.42.0/i/elements/flags/rus.svg,Round of 64,W,"6-1, 1-6, 6-3",https://www.wtatennis.com/players/190950/dinara-safina,False,False,False,False,False,False,False,3,True,23,13,10,RU,RUS,643,150,Europe,Eastern Europe,RUS,"6,1,None|1,6,None|6,3,None"
1,Nasdaq-100 Open,https://www.wtatennis.com/resources/v7.42.0/i/elements/itf.png,,ITF,Hard,https://www.wtatennis.com/resources/v7.42.0/i/elements/itf.png,2004-03-24,2004-04-04,2004,3,Miami,USA,,,,,,United States of America|America|USA|US,,,Florida,6.0,,78.0,29950.0,128M/64Q/32D,Nasdaq-100 Open,,Serena Williams,1.0,https://www.wtatennis.com/resources/v7.42.0/i/elements/flags/usa.svg,Round of 16,L,"4-6, 3-6",https://www.wtatennis.com/players/230234/serena-williams,False,False,False,False,False,False,False,2,False,19,7,12,US,USA,840,019,America,Northern America,USA,"4,6,None|3,6,None"
2,Nasdaq-100 Open,https://www.wtatennis.com/resources/v7.42.0/i/elements/itf.png,,ITF,Hard,https://www.wtatennis.com/resources/v7.42.0/i/elements/itf.png,2004-03-24,2004-04-04,2004,3,Miami,ISR,,,,,,,,,Florida,19.0,,78.0,29950.0,128M/64Q/32D,Nasdaq-100 Open,,Anna Smashnova,13.0,https://www.wtatennis.com/resources/v7.42.0/i/elements/flags/isr.svg,Round of 32,W,"7-5, 6-2",https://www.wtatennis.com/players/190361/anna-smashnova,False,False,False,False,False,False,False,2,True,20,13,7,IL,ISR,376,142,Asia,Western Asia,ISR,"7,5,None|6,2,None"
3,Nasdaq-100 Open,https://www.wtatennis.com/resources/v7.42.0/i/elements/itf.png,,ITF,Hard,https://www.wtatennis.com/resources/v7.42.0/i/elements/itf.png,2004-03-24,2004-04-04,2004,3,Miami,JPN,,,,,,,,,Florida,50.0,,78.0,29950.0,128M/64Q/32D,Nasdaq-100 Open,,Shinobu Asagoe,,https://www.wtatennis.com/resources/v7.42.0/i/elements/flags/jpn.svg,Round of 64,W,"6-2, 3-6, 6-0",https://www.wtatennis.com/players/10209/shinobu-asagoe,False,False,False,False,False,False,False,3,True,23,15,8,JP,JPN,392,142,Asia,East Asia,JPN,"6,2,None|3,6,None|6,0,None"
4,Nasdaq-100 Open,https://www.wtatennis.com/resources/v7.42.0/i/elements/itf.png,,ITF,Hard,https://www.wtatennis.com/resources/v7.42.0/i/elements/itf.png,2004-03-24,2004-04-04,2004,3,Miami,,,,,,,,,,Florida,,,78.0,29950.0,128M/64Q/32D,Nasdaq-100 Open,,,,,Round of 128,,Bye,,False,False,True,False,False,False,False,0,False,0,0,0,,,,,,,,
1,Pacific Life Open,https://www.wtatennis.com/resources/v7.42.0/i/elements/itf.png,,ITF,Hard,https://www.wtatennis.com/resources/v7.42.0/i/elements/itf.png,2004-03-10,2004-03-21,2004,3,Indian Wells,RUS,,,,,,,,,California,5.0,,50.0,19350.0,128M/64Q/32D,Pacific Life Open,,Anastasia Myskina,4.0,https://www.wtatennis.com/resources/v7.42.0/i/elements/flags/rus.svg,Round of 16,L,"2-6, 1-6",https://www.wtatennis.com/players/130533/anastasia-myskina,False,False,False,False,False,False,False,2,False,15,3,12,RU,RUS,643,150,Europe,Eastern Europe,RUS,"2,6,None|1,6,None"
2,Pacific Life Open,https://www.wtatennis.com/resources/v7.42.0/i/elements/itf.png,,ITF,Hard,https://www.wtatennis.com/resources/v7.42.0/i/elements/itf.png,2004-03-10,2004-03-21,2004,3,Indian Wells,BUL,,,,,,,,,California,282.0,,50.0,19350.0,128M/64Q/32D,Pacific Life Open,,Sesil Karatantcheva,,https://www.wtatennis.com/resources/v7.42.0/i/elements/flags/bul.svg,Round of 32,W,"3-6, 6-3, 6-2",https://www.wtatennis.com/players/311810/sesil-karatantcheva,False,False,False,False,False,False,False,3,False,26,15,11,BG,BGR,100,150,Europe,Southeastern Europe,BUL,"3,6,None|6,3,None|6,2,None"
3,Pacific Life Open,https://www.wtatennis.com/resources/v7.42.0/i/elements/itf.png,,ITF,Hard,https://www.wtatennis.com/resources/v7.42.0/i/elements/itf.png,2004-03-10,2004-03-21,2004,3,Indian Wells,ITA,,,,,,,,,California,80.0,,50.0,19350.0,128M/64Q/32D,Pacific Life Open,,Flavia Pennetta,,https://www.wtatennis.com/resources/v7.42.0/i/elements/flags/ita.svg,Round of 64,W,"6-3, 4-6, 6-4",https://www.wtatennis.com/players/160391/flavia-pennetta,False,False,False,False,False,False,False,3,True,29,16,13,IT,ITA,380,150,Europe,Southern Europe,ITA,"6,3,None|4,6,None|6,4,None"
4,Pacific Life Open,https://www.wtatennis.com/resources/v7.42.0/i/elements/itf.png,,ITF,Hard,https://www.wtatennis.com/resources/v7.42.0/i/elements/itf.png,2004-03-10,2004-03-21,2004,3,Indian Wells,,,,,,,,,,California,,,50.0,19350.0,128M/64Q/32D,Pacific Life Open,,,,,Round of 128,,Bye,,False,False,True,False,False,False,False,0,False,0,0,0,,,,,,,,
1,Kroger St.Jude & The Cellular South Cup,https://www.wtatennis.com/resources/v7.42.0/i/elements/itf.png,,ITF,Hard,https://www.wtatennis.com/resources/v7.42.0/i/elements/itf.png,2004-02-15,2004-02-21,2004,2,Memphis,RUS,,,,,,,,,Tennessee,12.0,,71.0,8300.0,32M/32Q/16D,Kroger St.Jude & The Cellular South Cup,,Vera Zvonareva,1.0,https://www.wtatennis.com/resources/v7.42.0/i/elements/flags/rus.svg,Semifinals,L,"6-7 (5), 2-6",https://www.wtatennis.com/players/260142/vera-zvonareva,False,False,False,True,False,False,True,2,False,21,8,13,RU,RUS,643,150,Europe,Eastern Europe,RUS,"6,7,5|2,6,None"
2,Kroger St.Jude & The Cellular South Cup,https://www.wtatennis.com/resources/v7.42.0/i/elements/itf.png,,ITF,Hard,https://www.wtatennis.com/resources/v7.42.0/i/elements/itf.png,2004-02-15,2004-02-21,2004,2,Memphis,USA,,,,,,United States of America|America|USA|US,,,Tennessee,50.0,,71.0,8300.0,32M/32Q/16D,Kroger St.Jude & The Cellular South Cup,,Amy Frazier,6.0,https://www.wtatennis.com/resources/v7.42.0/i/elements/flags/usa.svg,Quarterfinals,W,"6-2, 6-4",https://www.wtatennis.com/players/60034/amy-frazier,False,False,False,False,False,False,False,2,True,18,12,6,US,USA,840,019,America,Northern America,USA,"6,2,None|6,4,None"
3,Kroger St.Jude & The Cellular South Cup,https://www.wtatennis.com/resources/v7.42.0/i/elements/itf.png,,ITF,Hard,https://www.wtatennis.com/resources/v7.42.0/i/elements/itf.png,2004-02-15,2004-02-21,2004,2,Memphis,RUS,,,,,,,,,Tennessee,149.0,,71.0,8300.0,32M/32Q/16D,Kroger St.Jude & The Cellular South Cup,,Tatiana Panova,,https://www.wtatennis.com/resources/v7.42.0/i/elements/flags/rus.svg,Round of 16,W,2-1,https://www.wtatennis.com/players/160254/tatiana-panova,True,False,False,False,False,False,False,1,False,3,2,1,RU,RUS,643,150,Europe,Eastern Europe,RUS,"2,1,None|Ret"
4,Kroger St.Jude & The Cellular South Cup,https://www.wtatennis.com/resources/v7.42.0/i/elements/itf.png,,ITF,Hard,https://www.wtatennis.com/resources/v7.42.0/i/elements/itf.png,2004-02-15,2004-02-21,2004,2,Memphis,ESP,,,,,,Kingdom of Spain,,,Tennessee,105.0,,71.0,8300.0,32M/32Q/16D,Kroger St.Jude & The Cellular South Cup,,Conchita Martínez Granados,,https://www.wtatennis.com/resources/v7.42.0/i/elements/flags/esp.svg,Round of 32,W,"6-2, 6-2",https://www.wtatennis.com/players/130396/conchita-mart-nez-granados,False,False,False,False,False,False,False,2,True,16,12,4,ES,ESP,724,150,Europe,Southern Europe,ESP,"6,2,None|6,2,None"
1,Toray Pan Pacific Open,https://www.wtatennis.com/resources/v7.42.0/i/elements/itf.png,,ITF,Carpet,https://www.wtatennis.com/resources/v7.42.0/i/elements/itf.png,2004-02-03,2004-02-08,2004,2,Tokyo,SVK,,JP,JPN,392,142,,Asia,East Asia,JPN,32.0,,44.0,15600.0,32M/32Q/16D,Toray Pan Pacific Open,,Daniela Hantuchova,8.0,https://www.wtatennis.com/resources/v7.42.0/i/elements/flags/svk.svg,Round of 16,L,"6-7 (6), 1-6",https://www.wtatennis.com/players/80394/daniela-hantuchova,False,False,False,True,False,False,True,2,False,20,7,13,SK,SVK,703,150,Europe,Central Europe,SVK,"6,7,6|1,6,None"
2,Toray Pan Pacific Open,https://www.wtatennis.com/resources/v7.42.0/i/elements/itf.png,,ITF,Carpet,https://www.wtatennis.com/resources/v7.42.0/i/elements/itf.png,2004-02-03,2004-02-08,2004,2,Tokyo,JPN,,JP,JPN,392,142,,Asia,East Asia,JPN,135.0,,44.0,15600.0,32M/32Q/16D,Toray Pan Pacific Open,,Yuka Yoshida,,https://www.wtatennis.com/resources/v7.42.0/i/elements/flags/jpn.svg,Round of 32,W,"6-1, 6-1",https://www.wtatennis.com/players/250047/yuka-yoshida,False,False,False,False,False,False,False,2,True,14,12,2,JP,JPN,392,142,Asia,East Asia,JPN,"6,1,None|6,1,None"
1,Australian Open,,https://www.wtatennis.com/tournaments/901/australian-open/2004,Grand Slam,Hard,https://www.wtatennis.com/resources/v7.42.0/i/elements/gs-tag.svg,2004-01-19,2004-02-01,2004,1,,RUS,,AU,AUS,036,009,,Oceania,Australasia,AUS,7.0,,72.0,29588.0,128M/128Q/64D,Australian Open,,Anastasia Myskina,6.0,https://www.wtatennis.com/resources/v7.42.0/i/elements/flags/rus.svg,Round of 32,L,"4-6, 6-1, 2-6",https://www.wtatennis.com/players/130533/anastasia-myskina,False,False,False,False,False,False,False,3,False,25,12,13,RU,RUS,643,150,Europe,Eastern Europe,RUS,"4,6,None|6,1,None|2,6,None"
2,Australian Open,,https://www.wtatennis.com/tournaments/901/australian-open/2004,Grand Slam,Hard,https://www.wtatennis.com/resources/v7.42.0/i/elements/gs-tag.svg,2004-01-19,2004-02-01,2004,1,,USA,,AU,AUS,036,009,United States of America|America|USA|US,Oceania,Australasia,AUS,115.0,,72.0,29588.0,128M/128Q/64D,Australian Open,,Lindsay Lee-Waters,,https://www.wtatennis.com/resources/v7.42.0/i/elements/flags/usa.svg,Round of 64,W,"6-1, 6-3",https://www.wtatennis.com/players/120281/lindsay-lee-waters,False,False,False,False,False,False,False,2,True,16,12,4,US,USA,840,019,America,Northern America,USA,"6,1,None|6,3,None"
3,Australian Open,,https://www.wtatennis.com/tournaments/901/australian-open/2004,Grand Slam,Hard,https://www.wtatennis.com/resources/v7.42.0/i/elements/gs-tag.svg,2004-01-19,2004-02-01,2004,1,,ESP,,AU,AUS,036,009,Kingdom of Spain,Oceania,Australasia,AUS,106.0,,72.0,29588.0,128M/128Q/64D,Australian Open,,Conchita Martínez Granados,,https://www.wtatennis.com/resources/v7.42.0/i/elements/flags/esp.svg,Round of 128,W,"6-4, 6-3",https://www.wtatennis.com/players/130396/conchita-mart-nez-granados,False,False,False,False,False,False,False,2,True,19,12,7,ES,ESP,724,150,Europe,Southern Europe,ESP,"6,4,None|6,3,None"
1,Bell Challenge,https://www.wtatennis.com/resources/v7.42.0/i/elements/itf.png,,ITF,Carpet,https://www.wtatennis.com/resources/v7.42.0/i/elements/itf.png,2003-10-27,2003-11-02,2003,10,Quebec City,VEN,,CA,CAN,124,019,,America,Northern America,CAN,91.0,,140.0,27000.0,32M/32Q/16D,Bell Challenge,,Milagros Sequera,,https://www.wtatennis.com/resources/v7.42.0/i/elements/flags/ven.svg,Finals,W,6-2,https://www.wtatennis.com/players/190562/milagros-sequera,True,False,False,False,False,False,False,1,True,8,6,2,VE,VEN,862,019,America,Northern South America,VEN,"6,2,None|Ret"
2,Bell Challenge,https://www.wtatennis.com/resources/v7.42.0/i/elements/itf.png,,ITF,Carpet,https://www.wtatennis.com/resources/v7.42.0/i/elements/itf.png,2003-10-27,2003-11-02,2003,10,Quebec City,USA,,CA,CAN,124,019,United States of America|America|USA|US,America,Northern America,CAN,53.0,,140.0,27000.0,32M/32Q/16D,Bell Challenge,,Laura Granville,4.0,https://www.wtatennis.com/resources/v7.42.0/i/elements/flags/usa.svg,Semifinals,W,"1-6, 6-2, 6-2",https://www.wtatennis.com/players/70423/laura-granville,False,False,False,False,False,False,False,3,False,23,13,10,US,USA,840,019,America,Northern America,USA,"1,6,None|6,2,None|6,2,None"
3,Bell Challenge,https://www.wtatennis.com/resources/v7.42.0/i/elements/itf.png,,ITF,Carpet,https://www.wtatennis.com/resources/v7.42.0/i/elements/itf.png,2003-10-27,2003-11-02,2003,10,Quebec City,RUS,,CA,CAN,124,019,,America,Northern America,CAN,105.0,,140.0,27000.0,32M/32Q/16D,Bell Challenge,,Alina Jidkova,,https://www.wtatennis.com/resources/v7.42.0/i/elements/flags/rus.svg,Quarterfinals,W,"6-1, 6-2",https://www.wtatennis.com/players/260065/alina-jidkova,False,False,False,False,False,False,False,2,True,15,12,3,RU,RUS,643,150,Europe,Eastern Europe,RUS,"6,1,None|6,2,None"
4,Bell Challenge,https://www.wtatennis.com/resources/v7.42.0/i/elements/itf.png,,ITF,Carpet,https://www.wtatennis.com/resources/v7.42.0/i/elements/itf.png,2003-10-27,2003-11-02,2003,10,Quebec City,BEL,,CA,CAN,124,019,,America,Northern America,CAN,78.0,,140.0,27000.0,32M/32Q/16D,Bell Challenge,,Els Callens,,https://www.wtatennis.com/resources/v7.42.0/i/elements/flags/bel.svg,Round of 16,W,"6-4, 6-3",https://www.wtatennis.com/players/30003/els-callens,False,False,False,False,False,False,False,2,True,19,12,7,BE,BEL,056,150,Europe,Western Europe,BEL,"6,4,None|6,3,None"
5,Bell Challenge,https://www.wtatennis.com/resources/v7.42.0/i/elements/itf.png,,ITF,Carpet,https://www.wtatennis.com/resources/v7.42.0/i/elements/itf.png,2003-10-27,2003-11-02,2003,10,Quebec City,,,CA,CAN,124,019,,America,Northern America,CAN,,,140.0,27000.0,32M/32Q/16D,Bell Challenge,,,,,Round of 32,,Bye,,False,False,True,False,False,False,False,0,False,0,0,0,,,,,,,,
1,Seat Open Luxembourg,https://www.wtatennis.com/resources/v7.42.0/i/elements/itf.png,,ITF,Hard,https://www.wtatennis.com/resources/v7.42.0/i/elements/itf.png,2003-10-20,2003-10-26,2003,10,,BEL,,LU,LUX,442,150,,Europe,Western Europe,LUX,2.0,,76.0,10100.0,32M/32Q/16D,Seat Open Luxembourg,,Kim Clijsters,1.0,https://www.wtatennis.com/resources/v7.42.0/i/elements/flags/bel.svg,Semifinals,L,"0-6, 3-6",https://www.wtatennis.com/players/30458/kim-clijsters,False,False,False,False,False,False,False,2,False,15,3,12,BE,BEL,056,150,Europe,Western Europe,BEL,"0,6,None|3,6,None"
2,Seat Open Luxembourg,https://www.wtatennis.com/resources/v7.42.0/i/elements/itf.png,,ITF,Hard,https://www.wtatennis.com/resources/v7.42.0/i/elements/itf.png,2003-10-20,2003-10-26,2003,10,,GER,,LU,LUX,442,150,,Europe,Western Europe,LUX,58.0,,76.0,10100.0,32M/32Q/16D,Seat Open Luxembourg,,Anca Barna,,https://www.wtatennis.com/resources/v7.42.0/i/elements/flags/ger.svg,Quarterfinals,W,"4-6, 6-3, 6-2",https://www.wtatennis.com/players/20113/anca-barna,False,False,False,False,False,False,False,3,False,27,16,11,DE,DEU,276,150,Europe,Central Europe,GER,"4,6,None|6,3,None|6,2,None"
3,Seat Open Luxembourg,https://www.wtatennis.com/resources/v7.42.0/i/elements/itf.png,,ITF,Hard,https://www.wtatennis.com/resources/v7.42.0/i/elements/itf.png,2003-10-20,2003-10-26,2003,10,,SWE,,LU,LUX,442,150,,Europe,Western Europe,LUX,122.0,,76.0,10100.0,32M/32Q/16D,Seat Open Luxembourg,,Sofia Arvidsson,,https://www.wtatennis.com/resources/v7.42.0/i/elements/flags/swe.svg,Round of 16,W,"6-1, 7-6 (4)",https://www.wtatennis.com/players/10334/sofia-arvidsson,False,False,False,False,True,False,True,2,True,20,13,7,SE,SWE,752,150,Europe,Northern Europe,SWE,"6,1,None|7,6,4"
4,Seat Open Luxembourg,https://www.wtatennis.com/resources/v7.42.0/i/elements/itf.png,,ITF,Hard,https://www.wtatennis.com/resources/v7.42.0/i/elements/itf.png,2003-10-20,2003-10-26,2003,10,,BEL,,LU,LUX,442,150,,Europe,Western Europe,LUX,645.0,,76.0,10100.0,32M/32Q/16D,Seat Open Luxembourg,,Kirsten Flipkens,,https://www.wtatennis.com/resources/v7.42.0/i/elements/flags/bel.svg,Round of 32,W,"6-2, 7-6 (7)",https://www.wtatennis.com/players/310331/kirsten-flipkens,False,False,False,False,True,False,True,2,True,21,13,8,BE,BEL,056,150,Europe,Western Europe,BEL,"6,2,None|7,6,7"
1,Aig Japan Open Tennis Championships,https://www.wtatennis.com/resources/v7.42.0/i/elements/itf.png,,ITF,Hard,https://www.wtatennis.com/resources/v7.42.0/i/elements/itf.png,2003-09-29,2003-10-05,2003,9,Tokyo,HUN,,JP,JPN,392,142,,Asia,East Asia,JPN,128.0,,138.0,27000.0,32M/32Q/16D,Aig Japan Open Tennis Championships,,Aniko Kapros,,https://www.wtatennis.com/resources/v7.42.0/i/elements/flags/hun.svg,Finals,W,"2-6, 6-2, 7-6 (5)",https://www.wtatennis.com/players/110505/aniko-kapros,False,False,False,False,False,True,True,3,False,29,15,14,HU,HUN,348,150,Europe,Central Europe,HUN,"2,6,None|6,2,None|7,6,5"
2,Aig Japan Open Tennis Championships,https://www.wtatennis.com/resources/v7.42.0/i/elements/itf.png,,ITF,Hard,https://www.wtatennis.com/resources/v7.42.0/i/elements/itf.png,2003-09-29,2003-10-05,2003,9,Tokyo,CHN,,JP,JPN,392,142,,Asia,East Asia,JPN,122.0,,138.0,27000.0,32M/32Q/16D,Aig Japan Open Tennis Championships,,Jie Zheng,,https://www.wtatennis.com/resources/v7.42.0/i/elements/flags/chn.svg,Semifinals,W,"6-3, 7-5",https://www.wtatennis.com/players/260144/jie-zheng,False,False,False,False,False,False,False,2,True,21,13,8,CN,CHN,156,142,Asia,East Asia,CHN,"6,3,None|7,5,None"
3,Aig Japan Open Tennis Championships,https://www.wtatennis.com/resources/v7.42.0/i/elements/itf.png,,ITF,Hard,https://www.wtatennis.com/resources/v7.42.0/i/elements/itf.png,2003-09-29,2003-10-05,2003,9,Tokyo,LUX,,JP,JPN,392,142,,Asia,East Asia,JPN,83.0,,138.0,27000.0,32M/32Q/16D,Aig Japan Open Tennis Championships,,Claudine Schaul,,https://www.wtatennis.com/resources/v7.42.0/i/elements/flags/lux.svg,Quarterfinals,W,"7-5, 7-6 (1)",https://www.wtatennis.com/players/190777/claudine-schaul,False,False,False,False,True,False,True,2,True,25,14,11,LU,LUX,442,150,Europe,Western Europe,LUX,"7,5,None|7,6,1"
4,Aig Japan Open Tennis Championships,https://www.wtatennis.com/resources/v7.42.0/i/elements/itf.png,,ITF,Hard,https://www.wtatennis.com/resources/v7.42.0/i/elements/itf.png,2003-09-29,2003-10-05,2003,9,Tokyo,JPN,,JP,JPN,392,142,,Asia,East Asia,JPN,64.0,,138.0,27000.0,32M/32Q/16D,Aig Japan Open Tennis Championships,,Akiko Morigami,,https://www.wtatennis.com/resources/v7.42.0/i/elements/flags/jpn.svg,Round of 16,W,"6-1, 6-3",https://www.wtatennis.com/players/130541/akiko-morigami,False,False,False,False,False,False,False,2,True,16,12,4,JP,JPN,392,142,Asia,East Asia,JPN,"6,1,None|6,3,None"
5,Aig Japan Open Tennis Championships,https://www.wtatennis.com/resources/v7.42.0/i/elements/itf.png,,ITF,Hard,https://www.wtatennis.com/resources/v7.42.0/i/elements/itf.png,2003-09-29,2003-10-05,2003,9,Tokyo,KOR,,JP,JPN,392,142,,Asia,East Asia,JPN,242.0,,138.0,27000.0,32M/32Q/16D,Aig Japan Open Tennis Championships,,Jin-Hee (sr) Kim,,https://www.wtatennis.com/resources/v7.42.0/i/elements/flags/kor.svg,Round of 32,W,"6-2, 6-0",https://www.wtatennis.com/players/110449/jin-hee-sr-kim,False,False,False,False,False,False,False,2,True,14,12,2,KR,KOR,410,142,Asia,East Asia,KOR,"6,2,None|6,0,None"
1,Polo Open Shanghai,https://www.wtatennis.com/resources/v7.42.0/i/elements/itf.png,,ITF,Hard,https://www.wtatennis.com/resources/v7.42.0/i/elements/itf.png,2003-09-15,2003-09-21,2003,9,Shanghai,RUS,,CN,CHN,156,142,,Asia,East Asia,CHN,8.0,,69.0,14100.0,32M/32Q/16D,Polo Open Shanghai,,Elena Dementieva,1.0,https://www.wtatennis.com/resources/v7.42.0/i/elements/flags/rus.svg,Quarterfinals,L,"4-6, 6-7 (4)",https://www.wtatennis.com/players/40289/elena-dementieva,False,False,False,False,True,False,True,2,False,23,10,13,RU,RUS,643,150,Europe,Eastern Europe,RUS,"4,6,None|6,7,4"
2,Polo Open Shanghai,https://www.wtatennis.com/resources/v7.42.0/i/elements/itf.png,,ITF,Hard,https://www.wtatennis.com/resources/v7.42.0/i/elements/itf.png,2003-09-15,2003-09-21,2003,9,Shanghai,ESP,,CN,CHN,156,142,Kingdom of Spain,Asia,East Asia,CHN,45.0,,69.0,14100.0,32M/32Q/16D,Polo Open Shanghai,,María Sánchez Lorenzo,,https://www.wtatennis.com/resources/v7.42.0/i/elements/flags/esp.svg,Round of 16,W,"4-6, 6-3, 6-4",https://www.wtatennis.com/players/190435/mar-a-s-nchez-lorenzo,False,False,False,False,False,False,False,3,False,29,16,13,ES,ESP,724,150,Europe,Southern Europe,ESP,"4,6,None|6,3,None|6,4,None"
3,Polo Open Shanghai,https://www.wtatennis.com/resources/v7.42.0/i/elements/itf.png,,ITF,Hard,https://www.wtatennis.com/resources/v7.42.0/i/elements/itf.png,2003-09-15,2003-09-21,2003,9,Shanghai,FRA,,CN,CHN,156,142,,Asia,East Asia,CHN,40.0,,69.0,14100.0,32M/32Q/16D,Polo Open Shanghai,,Emilie Loit,7.0,https://www.wtatennis.com/resources/v7.42.0/i/elements/flags/fra.svg,Round of 32,W,"6-3, 6-7 (3), 6-3",https://www.wtatennis.com/players/120277/emilie-loit,False,False,False,False,True,False,True,3,True,31,18,13,FR,FRA,250,150,Europe,Western Europe,FRA,"6,3,None|6,7,3|6,3,None"
1,Us Open,,https://www.wtatennis.com/tournaments/905/us-open/2003,Grand Slam,Hard,https://www.wtatennis.com/resources/v7.42.0/i/elements/gs-tag.svg,2003-08-25,2003-09-07,2003,8,,FRA,,US,USA,840,019,,America,Northern America,USA,49.0,,48.0,20953.0,128M/128Q/64D,Us Open,,Emilie Loit,,https://www.wtatennis.com/resources/v7.42.0/i/elements/flags/fra.svg,Round of 64,L,"3-6, 4-6",https://www.wtatennis.com/players/120277/emilie-loit,False,False,False,False,False,False,False,2,False,19,7,12,FR,FRA,250,150,Europe,Western Europe,FRA,"3,6,None|4,6,None"
2,Us Open,,https://www.wtatennis.com/tournaments/905/us-open/2003,Grand Slam,Hard,https://www.wtatennis.com/resources/v7.42.0/i/elements/gs-tag.svg,2003-08-25,2003-09-07,2003,8,,ESP,,US,USA,840,019,Kingdom of Spain,America,Northern America,USA,62.0,,48.0,20953.0,128M/128Q/64D,Us Open,,Virginia Ruano Pascual,,https://www.wtatennis.com/resources/v7.42.0/i/elements/flags/esp.svg,Round of 128,W,"6-1, 6-1",https://www.wtatennis.com/players/180160/virginia-ruano-pascual,False,False,False,False,False,False,False,2,True,14,12,2,ES,ESP,724,150,Europe,Southern Europe,ESP,"6,1,None|6,1,None"
1,Rogers At&T Cup,https://www.wtatennis.com/resources/v7.42.0/i/elements/itf.png,,ITF,Hard,https://www.wtatennis.com/resources/v7.42.0/i/elements/itf.png,2003-08-11,2003-08-17,2003,8,Toronto,RUS,,CA,CAN,124,019,,America,Northern America,CAN,36.0,,1.0,3240.0,64M/64Q/32D,Rogers At&T Cup,,Elena Likhovtseva,,https://www.wtatennis.com/resources/v7.42.0/i/elements/flags/rus.svg,Round of 64,L,"6-7 (4), 1-6",https://www.wtatennis.com/players/120151/elena-likhovtseva,False,False,False,True,False,False,True,2,False,20,7,13,RU,RUS,643,150,Europe,Eastern Europe,RUS,"6,7,4|1,6,None"
1,Jp Morgan Chase Open Presented By Audi,https://www.wtatennis.com/resources/v7.42.0/i/elements/itf.png,,ITF,Hard,https://www.wtatennis.com/resources/v7.42.0/i/elements/itf.png,2003-08-04,2003-08-10,2003,8,Los Angeles,BEL,,,,,,,,,California,2.0,,58.0,7300.0,64M/16Q/16D,Jp Morgan Chase Open Presented By Audi,,Kim Clijsters,1.0,https://www.wtatennis.com/resources/v7.42.0/i/elements/flags/bel.svg,Round of 16,L,"4-6, 6-1, 1-6",https://www.wtatennis.com/players/30458/kim-clijsters,False,False,False,False,False,False,False,3,False,24,11,13,BE,BEL,056,150,Europe,Western Europe,BEL,"4,6,None|6,1,None|1,6,None"
2,Jp Morgan Chase Open Presented By Audi,https://www.wtatennis.com/resources/v7.42.0/i/elements/itf.png,,ITF,Hard,https://www.wtatennis.com/resources/v7.42.0/i/elements/itf.png,2003-08-04,2003-08-10,2003,8,Los Angeles,RUS,,,,,,,,,California,23.0,,58.0,7300.0,64M/16Q/16D,Jp Morgan Chase Open Presented By Audi,,Nadia Petrova,14.0,https://www.wtatennis.com/resources/v7.42.0/i/elements/flags/rus.svg,Round of 32,W,"6-2, 2-6, 7-5",https://www.wtatennis.com/players/160379/nadia-petrova,False,False,False,False,False,False,False,3,True,28,15,13,RU,RUS,643,150,Europe,Eastern Europe,RUS,"6,2,None|2,6,None|7,5,None"
3,Jp Morgan Chase Open Presented By Audi,https://www.wtatennis.com/resources/v7.42.0/i/elements/itf.png,,ITF,Hard,https://www.wtatennis.com/resources/v7.42.0/i/elements/itf.png,2003-08-04,2003-08-10,2003,8,Los Angeles,SLO,,,,,,,,,California,36.0,,58.0,7300.0,64M/16Q/16D,Jp Morgan Chase Open Presented By Audi,,Katarina Srebotnik,,https://www.wtatennis.com/resources/v7.42.0/i/elements/flags/slo.svg,Round of 64,W,"6-3, 6-1",https://www.wtatennis.com/players/190636/katarina-srebotnik,False,False,False,False,False,False,False,2,True,16,12,4,,,,,,,SLO,"6,3,None|6,1,None"
1,Wimbledon,,https://www.wtatennis.com/tournaments/904/wimbledon/2003,Grand Slam,Grass,https://www.wtatennis.com/resources/v7.42.0/i/elements/gs-tag.svg,2003-06-23,2003-07-06,2003,6,,RUS,,GB,GBR,826,150,,Europe,Northern Europe,ENG,34.0,W,226.0,48335.0,128M/128Q/64D,The Championships,,Svetlana Kuznetsova,33.0,https://www.wtatennis.com/resources/v7.42.0/i/elements/flags/rus.svg,Round of 16,L,"1-6, 6-2, 5-7",https://www.wtatennis.com/players/110552/svetlana-kuznetsova,False,False,False,False,False,False,False,3,False,27,12,15,RU,RUS,643,150,Europe,Eastern Europe,RUS,"1,6,None|6,2,None|5,7,None"
2,Wimbledon,,https://www.wtatennis.com/tournaments/904/wimbledon/2003,Grand Slam,Grass,https://www.wtatennis.com/resources/v7.42.0/i/elements/gs-tag.svg,2003-06-23,2003-07-06,2003,6,,AUS,,GB,GBR,826,150,,Europe,Northern Europe,ENG,12.0,W,226.0,48335.0,128M/128Q/64D,The Championships,,Jelena Dokic,11.0,https://www.wtatennis.com/resources/v7.42.0/i/elements/flags/aus.svg,Round of 32,W,"6-4, 6-4",https://www.wtatennis.com/players/40344/jelena-dokic,False,False,False,False,False,False,False,2,True,20,12,8,AU,AUS,036,009,Oceania,Australasia,AUS,"6,4,None|6,4,None"
3,Wimbledon,,https://www.wtatennis.com/tournaments/904/wimbledon/2003,Grand Slam,Grass,https://www.wtatennis.com/resources/v7.42.0/i/elements/gs-tag.svg,2003-06-23,2003-07-06,2003,6,,RUS,,GB,GBR,826,150,,Europe,Northern Europe,ENG,22.0,W,226.0,48335.0,128M/128Q/64D,The Championships,,Elena Bovina,21.0,https://www.wtatennis.com/resources/v7.42.0/i/elements/flags/rus.svg,Round of 64,W,"6-3, 6-1",https://www.wtatennis.com/players/20992/elena-bovina,False,False,False,False,False,False,False,2,True,16,12,4,RU,RUS,643,150,Europe,Eastern Europe,RUS,"6,3,None|6,1,None"
4,Wimbledon,,https://www.wtatennis.com/tournaments/904/wimbledon/2003,Grand Slam,Grass,https://www.wtatennis.com/resources/v7.42.0/i/elements/gs-tag.svg,2003-06-23,2003-07-06,2003,6,,USA,,GB,GBR,826,150,United States of America|America|USA|US,Europe,Northern Europe,ENG,39.0,W,226.0,48335.0,128M/128Q/64D,The Championships,,Ashley Harkleroad,,https://www.wtatennis.com/resources/v7.42.0/i/elements/flags/usa.svg,Round of 128,W,"6-2, 6-1",https://www.wtatennis.com/players/80418/ashley-harkleroad,False,False,False,False,False,False,False,2,True,15,12,3,US,USA,840,019,America,Northern America,USA,"6,2,None|6,1,None"
1,Dfs Classic,https://www.wtatennis.com/resources/v7.42.0/i/elements/itf.png,,ITF,Grass,https://www.wtatennis.com/resources/v7.42.0/i/elements/itf.png,2003-06-09,2003-06-15,2003,6,Birmingham,JPN,,GB,GBR,826,150,,Europe,Northern Europe,ENG,103.0,Q,139.0,7200.0,64M/32Q/16D,Dfs Classic,,Shinobu Asagoe,,https://www.wtatennis.com/resources/v7.42.0/i/elements/flags/jpn.svg,Semifinals,L,"2-6, 6-2, 6-7 (3)",https://www.wtatennis.com/players/10209/shinobu-asagoe,False,False,False,False,False,True,True,3,False,29,14,15,JP,JPN,392,142,Asia,East Asia,JPN,"2,6,None|6,2,None|6,7,3"
2,Dfs Classic,https://www.wtatennis.com/resources/v7.42.0/i/elements/itf.png,,ITF,Grass,https://www.wtatennis.com/resources/v7.42.0/i/elements/itf.png,2003-06-09,2003-06-15,2003,6,Birmingham,RUS,,GB,GBR,826,150,,Europe,Northern Europe,ENG,15.0,Q,139.0,7200.0,64M/32Q/16D,Dfs Classic,,Elena Dementieva,1.0,https://www.wtatennis.com/resources/v7.42.0/i/elements/flags/rus.svg,Quarterfinals,W,"2-6, 7-6 (4), 6-2",https://www.wtatennis.com/players/40289/elena-dementieva,False,False,False,False,True,False,True,3,False,29,15,14,RU,RUS,643,150,Europe,Eastern Europe,RUS,"2,6,None|7,6,4|6,2,None"
3,Dfs Classic,https://www.wtatennis.com/resources/v7.42.0/i/elements/itf.png,,ITF,Grass,https://www.wtatennis.com/resources/v7.42.0/i/elements/itf.png,2003-06-09,2003-06-15,2003,6,Birmingham,SUI,,GB,GBR,826,150,,Europe,Northern Europe,ENG,34.0,Q,139.0,7200.0,64M/32Q/16D,Dfs Classic,,Marie-Gayanay Mikaelian,11.0,https://www.wtatennis.com/resources/v7.42.0/i/elements/flags/sui.svg,Round of 16,W,"6-0, 7-5",https://www.wtatennis.com/players/130632/marie-gayanay-mikaelian,False,False,False,False,False,False,False,2,True,18,13,5,CH,CHE,756,150,Europe,Central Europe,SUI,"6,0,None|7,5,None"
4,Dfs Classic,https://www.wtatennis.com/resources/v7.42.0/i/elements/itf.png,,ITF,Grass,https://www.wtatennis.com/resources/v7.42.0/i/elements/itf.png,2003-06-09,2003-06-15,2003,6,Birmingham,FRA,,GB,GBR,826,150,,Europe,Northern Europe,ENG,24.0,Q,139.0,7200.0,64M/32Q/16D,Dfs Classic,,Nathalie Dechy,5.0,https://www.wtatennis.com/resources/v7.42.0/i/elements/flags/fra.svg,Round of 32,W,"6-3, 6-2",https://www.wtatennis.com/players/40254/nathalie-dechy,False,False,False,False,False,False,False,2,True,17,12,5,FR,FRA,250,150,Europe,Western Europe,FRA,"6,3,None|6,2,None"
5,Dfs Classic,https://www.wtatennis.com/resources/v7.42.0/i/elements/itf.png,,ITF,Grass,https://www.wtatennis.com/resources/v7.42.0/i/elements/itf.png,2003-06-09,2003-06-15,2003,6,Birmingham,RUS,,GB,GBR,826,150,,Europe,Northern Europe,ENG,91.0,Q,139.0,7200.0,64M/32Q/16D,Dfs Classic,,Evgenia Kulikovskaya,,https://www.wtatennis.com/resources/v7.42.0/i/elements/flags/rus.svg,Round of 64,W,"6-1, 6-1",https://www.wtatennis.com/players/110303/evgenia-kulikovskaya,False,False,False,False,False,False,False,2,True,14,12,2,RU,RUS,643,150,Europe,Eastern Europe,RUS,"6,1,None|6,1,None"
6,Dfs Classic,https://www.wtatennis.com/resources/v7.42.0/i/elements/itf.png,,ITF,Grass,https://www.wtatennis.com/resources/v7.42.0/i/elements/itf.png,2003-06-09,2003-06-15,2003,6,Birmingham,AUS,,GB,GBR,826,150,,Europe,Northern Europe,ENG,176.0,Q,139.0,7200.0,64M/32Q/16D,Dfs Classic,,Christina Wheeler,11.0,https://www.wtatennis.com/resources/v7.42.0/i/elements/flags/aus.svg,Qualifying R2 Qual. R2,W,"6-3, 6-4",https://www.wtatennis.com/players/230269/christina-wheeler,False,False,False,False,False,False,False,2,True,19,12,7,AU,AUS,036,009,Oceania,Australasia,AUS,"6,3,None|6,4,None"
7,Dfs Classic,https://www.wtatennis.com/resources/v7.42.0/i/elements/itf.png,,ITF,Grass,https://www.wtatennis.com/resources/v7.42.0/i/elements/itf.png,2003-06-09,2003-06-15,2003,6,Birmingham,GBR,,GB,GBR,826,150,Britain|UK|Great Britain|United Kingdom,Europe,Northern Europe,ENG,411.0,Q,139.0,7200.0,64M/32Q/16D,Dfs Classic,,Sarah Borwell,,https://www.wtatennis.com/resources/v7.42.0/i/elements/flags/gbr.svg,Qualifying R1 Qual. R1,W,"6-1, 6-3",https://www.wtatennis.com/players/311025/sarah-borwell,False,False,False,False,False,False,False,2,True,16,12,4,GB,GBR,826,150,Europe,Northern Europe,ENG,"6,1,None|6,3,None"
1,Roland Garros,,https://www.wtatennis.com/tournaments/903/roland-garros/2003,Grand Slam,Clay,https://www.wtatennis.com/resources/v7.42.0/i/elements/gs-tag.svg,2003-05-26,2003-06-08,2003,5,,ESP,,FR,FRA,250,150,Kingdom of Spain,Europe,Western Europe,FRA,36.0,Q,42.0,10873.0,128M/128Q/64D,Roland Garros,,Magui Serna,,https://www.wtatennis.com/resources/v7.42.0/i/elements/flags/esp.svg,Round of 128,L,"3-6, 3-6",https://www.wtatennis.com/players/190482/magui-serna,False,False,False,False,False,False,False,2,False,18,6,12,ES,ESP,724,150,Europe,Southern Europe,ESP,"3,6,None|3,6,None"
2,Roland Garros,,https://www.wtatennis.com/tournaments/903/roland-garros/2003,Grand Slam,Clay,https://www.wtatennis.com/resources/v7.42.0/i/elements/gs-tag.svg,2003-05-26,2003-06-08,2003,5,,UKR,,FR,FRA,250,150,,Europe,Western Europe,FRA,165.0,Q,42.0,10873.0,128M/128Q/64D,Roland Garros,,Yuliya Beygelzimer,,https://www.wtatennis.com/resources/v7.42.0/i/elements/flags/ukr.svg,Qualifying R3 Qual. R3,W,"6-7 (6), 7-5, 8-6",https://www.wtatennis.com/players/20652/yuliya-beygelzimer,False,False,False,True,False,False,True,3,False,39,21,18,UA,UKR,804,150,Europe,Eastern Europe,UKR,"6,7,6|7,5,None|8,6,None"
3,Roland Garros,,https://www.wtatennis.com/tournaments/903/roland-garros/2003,Grand Slam,Clay,https://www.wtatennis.com/resources/v7.42.0/i/elements/gs-tag.svg,2003-05-26,2003-06-08,2003,5,,VEN,,FR,FRA,250,150,,Europe,Western Europe,FRA,140.0,Q,42.0,10873.0,128M/128Q/64D,Roland Garros,,Maria Vento-Kabchi,,https://www.wtatennis.com/resources/v7.42.0/i/elements/flags/ven.svg,Qualifying R2 Qual. R2,W,"6-3, 6-1",https://www.wtatennis.com/players/220070/maria-vento-kabchi,False,False,False,False,False,False,False,2,True,16,12,4,VE,VEN,862,019,America,Northern South America,VEN,"6,3,None|6,1,None"
4,Roland Garros,,https://www.wtatennis.com/tournaments/903/roland-garros/2003,Grand Slam,Clay,https://www.wtatennis.com/resources/v7.42.0/i/elements/gs-tag.svg,2003-05-26,2003-06-08,2003,5,,AUS,,FR,FRA,250,150,,Europe,Western Europe,FRA,113.0,Q,42.0,10873.0,128M/128Q/64D,Roland Garros,,Anastasia Rodionova,4.0,https://www.wtatennis.com/resources/v7.42.0/i/elements/flags/aus.svg,Qualifying R1 Qual. R1,W,"6-3, 6-3",https://www.wtatennis.com/players/180356/anastasia-rodionova,False,False,False,False,False,False,False,2,True,18,12,6,AU,AUS,036,009,Oceania,Australasia,AUS,"6,3,None|6,3,None"
1,"Itf/Usta $25,000",https://www.wtatennis.com/resources/v7.42.0/i/elements/itf.png,,ITF,Clay,https://www.wtatennis.com/resources/v7.42.0/i/elements/itf.png,2003-05-05,2003-05-11,2003,5,Sea Island,AUS,,GE,GEO,268,142,,Asia,Western Asia,GEO,184.0,,,3000.0,32M/32Q/16D,"Itf/Usta $25,000",,Christina Wheeler,7.0,https://www.wtatennis.com/resources/v7.42.0/i/elements/flags/aus.svg,Finals,W,"6-4, 6-3",https://www.wtatennis.com/players/230269/christina-wheeler,False,False,False,False,False,False,False,2,True,19,12,7,AU,AUS,036,009,Oceania,Australasia,AUS,"6,4,None|6,3,None"
2,"Itf/Usta $25,000",https://www.wtatennis.com/resources/v7.42.0/i/elements/itf.png,,ITF,Clay,https://www.wtatennis.com/resources/v7.42.0/i/elements/itf.png,2003-05-05,2003-05-11,2003,5,Sea Island,RUS,,GE,GEO,268,142,,Asia,Western Asia,GEO,72.0,,,3000.0,32M/32Q/16D,"Itf/Usta $25,000",,Anna Kournikova,2.0,https://www.wtatennis.com/resources/v7.42.0/i/elements/flags/rus.svg,Semifinals,W,Walkover,https://www.wtatennis.com/players/110375/anna-kournikova,False,True,False,False,False,False,False,0,False,0,0,0,RU,RUS,643,150,Europe,Eastern Europe,RUS,
3,"Itf/Usta $25,000",https://www.wtatennis.com/resources/v7.42.0/i/elements/itf.png,,ITF,Clay,https://www.wtatennis.com/resources/v7.42.0/i/elements/itf.png,2003-05-05,2003-05-11,2003,5,Sea Island,PUR,,GE,GEO,268,142,,Asia,Western Asia,GEO,215.0,,,3000.0,32M/32Q/16D,"Itf/Usta $25,000",,Kristina Brandi,,https://www.wtatennis.com/resources/v7.42.0/i/elements/flags/pur.svg,Quarterfinals,W,"2-6, 7-5, 6-2",https://www.wtatennis.com/players/20323/kristina-brandi,False,False,False,False,False,False,False,3,False,28,15,13,PR,PRI,630,019,America,Caribbean,PUR,"2,6,None|7,5,None|6,2,None"
4,"Itf/Usta $25,000",https://www.wtatennis.com/resources/v7.42.0/i/elements/itf.png,,ITF,Clay,https://www.wtatennis.com/resources/v7.42.0/i/elements/itf.png,2003-05-05,2003-05-11,2003,5,Sea Island,SLO,,GE,GEO,268,142,,Asia,Western Asia,GEO,343.0,,,3000.0,32M/32Q/16D,"Itf/Usta $25,000",,Petra Rampre,,https://www.wtatennis.com/resources/v7.42.0/i/elements/flags/slo.svg,Round of 16,W,"6-3, 6-2",https://www.wtatennis.com/players/180294/petra-rampre,False,False,False,False,False,False,False,2,True,17,12,5,,,,,,,SLO,"6,3,None|6,2,None"
5,"Itf/Usta $25,000",https://www.wtatennis.com/resources/v7.42.0/i/elements/itf.png,,ITF,Clay,https://www.wtatennis.com/resources/v7.42.0/i/elements/itf.png,2003-05-05,2003-05-11,2003,5,Sea Island,USA,,GE,GEO,268,142,United States of America|America|USA|US,Asia,Western Asia,GEO,327.0,,,3000.0,32M/32Q/16D,"Itf/Usta $25,000",,Julie Ditty,,https://www.wtatennis.com/resources/v7.42.0/i/elements/flags/usa.svg,Round of 32,W,"6-2, 6-2",https://www.wtatennis.com/players/40319/julie-ditty,False,False,False,False,False,False,False,2,True,16,12,4,US,USA,840,019,America,Northern America,USA,"6,2,None|6,2,None"
1,The Family Circle Cup,https://www.wtatennis.com/resources/v7.42.0/i/elements/itf.png,,ITF,Clay,https://www.wtatennis.com/resources/v7.42.0/i/elements/itf.png,2003-04-07,2003-04-13,2003,4,Charleston,SLO,,,,,,,,,South Carolina,55.0,Q,16.0,3325.0,64M/32Q/32D,The Family Circle Cup,,Maja Matevzic,,https://www.wtatennis.com/resources/v7.42.0/i/elements/flags/slo.svg,Round of 64,L,"4-6, 7-5, 2-6",https://www.wtatennis.com/players/130556/maja-matevzic,False,False,False,False,False,False,False,3,False,30,13,17,,,,,,,SLO,"4,6,None|7,5,None|2,6,None"
2,The Family Circle Cup,https://www.wtatennis.com/resources/v7.42.0/i/elements/itf.png,,ITF,Clay,https://www.wtatennis.com/resources/v7.42.0/i/elements/itf.png,2003-04-07,2003-04-13,2003,4,Charleston,UKR,,,,,,,,,South Carolina,123.0,Q,16.0,3325.0,64M/32Q/32D,The Family Circle Cup,,Julia Vakulenko,,https://www.wtatennis.com/resources/v7.42.0/i/elements/flags/ukr.svg,Qualifying R2 Qual. R2,W,"7-5, 6-4",https://www.wtatennis.com/players/220248/julia-vakulenko,False,False,False,False,False,False,False,2,True,22,13,9,UA,UKR,804,150,Europe,Eastern Europe,UKR,"7,5,None|6,4,None"
3,The Family Circle Cup,https://www.wtatennis.com/resources/v7.42.0/i/elements/itf.png,,ITF,Clay,https://www.wtatennis.com/resources/v7.42.0/i/elements/itf.png,2003-04-07,2003-04-13,2003,4,Charleston,JPN,,,,,,,,,South Carolina,115.0,Q,16.0,3325.0,64M/32Q/32D,The Family Circle Cup,,Akiko Morigami,16.0,https://www.wtatennis.com/resources/v7.42.0/i/elements/flags/jpn.svg,Qualifying R1 Qual. R1,W,"7-5, 5-7, 6-4",https://www.wtatennis.com/players/130541/akiko-morigami,False,False,False,False,False,False,False,3,True,34,18,16,JP,JPN,392,142,Asia,East Asia,JPN,"7,5,None|5,7,None|6,4,None"
1,Nasdaq-100 Open,https://www.wtatennis.com/resources/v7.42.0/i/elements/itf.png,,ITF,Hard,https://www.wtatennis.com/resources/v7.42.0/i/elements/itf.png,2003-03-19,2003-03-29,2003,3,Miami,BEL,,,,,,,,,Florida,77.0,W,1.0,4200.0,128M/64Q/32D,Nasdaq-100 Open,,Els Callens,,https://www.wtatennis.com/resources/v7.42.0/i/elements/flags/bel.svg,Round of 128,L,"6-7 (3), 1-6",https://www.wtatennis.com/players/30003/els-callens,False,False,False,True,False,False,True,2,False,20,7,13,BE,BEL,056,150,Europe,Western Europe,BEL,"6,7,3|1,6,None"
1,Pacific Life Open,https://www.wtatennis.com/resources/v7.42.0/i/elements/itf.png,,ITF,Hard,https://www.wtatennis.com/resources/v7.42.0/i/elements/itf.png,2003-03-05,2003-03-15,2003,3,Indian Wells,USA,,,,,,United States of America|America|USA|US,,,California,111.0,W,1.0,2325.0,128M/64Q/32D,Pacific Life Open,,Samantha Reeves,,https://www.wtatennis.com/resources/v7.42.0/i/elements/flags/usa.svg,Round of 128,L,"3-6, 6-1, 0-6",https://www.wtatennis.com/players/180319/samantha-reeves,False,False,False,False,False,False,False,3,False,22,9,13,US,USA,840,019,America,Northern America,USA,"3,6,None|6,1,None|0,6,None"
1,"Itf/Usta $75,000",https://www.wtatennis.com/resources/v7.42.0/i/elements/itf.png,,ITF,Hard,https://www.wtatennis.com/resources/v7.42.0/i/elements/itf.png,2003-02-04,2003-02-09,2003,2,Midland,USA,,,,,,United States of America|America|USA|US,,,Michigan,249.0,,,665.0,32M/32Q/16D,"Itf/Usta $75,000",,Shenay Perry,,https://www.wtatennis.com/resources/v7.42.0/i/elements/flags/usa.svg,Round of 32,L,"4-6, 3-6",https://www.wtatennis.com/players/160472/shenay-perry,False,False,False,False,False,False,False,2,False,19,7,12,US,USA,840,019,America,Northern America,USA,"4,6,None|3,6,None"
1,Australian Open,,https://www.wtatennis.com/tournaments/901/australian-open/2003,Grand Slam,Hard,https://www.wtatennis.com/resources/v7.42.0/i/elements/gs-tag.svg,2003-01-13,2003-01-26,2003,1,,CZE,,AU,AUS,036,009,,Oceania,Australasia,AUS,113.0,Q,38.0,8338.0,128M/128Q/64D,Australian Open,,Klara Koukalova,,https://www.wtatennis.com/resources/v7.42.0/i/elements/flags/cze.svg,Round of 128,L,"4-6, 6-7 (6)",https://www.wtatennis.com/players/110492/klara-koukalova,False,False,False,False,True,False,True,2,False,23,10,13,CZ,CZE,203,150,Europe,Central Europe,CZE,"4,6,None|6,7,6"
2,Australian Open,,https://www.wtatennis.com/tournaments/901/australian-open/2003,Grand Slam,Hard,https://www.wtatennis.com/resources/v7.42.0/i/elements/gs-tag.svg,2003-01-13,2003-01-26,2003,1,,CZE,,AU,AUS,036,009,,Oceania,Australasia,AUS,152.0,Q,38.0,8338.0,128M/128Q/64D,Australian Open,,Alena Vaskova,,https://www.wtatennis.com/resources/v7.42.0/i/elements/flags/cze.svg,Qualifying R3 Qual. R3,W,"6-1, 6-2",https://www.wtatennis.com/players/220135/alena-vaskova,False,False,False,False,False,False,False,2,True,15,12,3,CZ,CZE,203,150,Europe,Central Europe,CZE,"6,1,None|6,2,None"
3,Australian Open,,https://www.wtatennis.com/tournaments/901/australian-open/2003,Grand Slam,Hard,https://www.wtatennis.com/resources/v7.42.0/i/elements/gs-tag.svg,2003-01-13,2003-01-26,2003,1,,RUS,,AU,AUS,036,009,,Oceania,Australasia,AUS,149.0,Q,38.0,8338.0,128M/128Q/64D,Australian Open,,Maria Goloviznina,,https://www.wtatennis.com/resources/v7.42.0/i/elements/flags/rus.svg,Qualifying R2 Qual. R2,W,"6-3, 6-2",https://www.wtatennis.com/players/70325/maria-goloviznina,False,False,False,False,False,False,False,2,True,17,12,5,RU,RUS,643,150,Europe,Eastern Europe,RUS,"6,3,None|6,2,None"
4,Australian Open,,https://www.wtatennis.com/tournaments/901/australian-open/2003,Grand Slam,Hard,https://www.wtatennis.com/resources/v7.42.0/i/elements/gs-tag.svg,2003-01-13,2003-01-26,2003,1,,CZE,,AU,AUS,036,009,,Oceania,Australasia,AUS,124.0,Q,38.0,8338.0,128M/128Q/64D,Australian Open,,Renata Voracova,10.0,https://www.wtatennis.com/resources/v7.42.0/i/elements/flags/cze.svg,Qualifying R1 Qual. R1,W,"6-3, 7-5",https://www.wtatennis.com/players/220277/renata-voracova,False,False,False,False,False,False,False,2,True,21,13,8,CZ,CZE,203,150,Europe,Central Europe,CZE,"6,3,None|7,5,None"
1,"Itf/Usta $50,000",https://www.wtatennis.com/resources/v7.42.0/i/elements/itf.png,,ITF,Hard,https://www.wtatennis.com/resources/v7.42.0/i/elements/itf.png,2002-11-05,2002-11-10,2002,11,Pittsburgh,ITA,,,,,,,,,Pennsylvania,143.0,Q,,4200.0,32M/32Q/16D,"Itf/Usta $50,000",,Maria Elena Camerin,,https://www.wtatennis.com/resources/v7.42.0/i/elements/flags/ita.svg,Finals,L,"6-7 (4), 2-6",https://www.wtatennis.com/players/30462/maria-elena-camerin,False,False,False,True,False,False,True,2,False,21,8,13,IT,ITA,380,150,Europe,Southern Europe,ITA,"6,7,4|2,6,None"
2,"Itf/Usta $50,000",https://www.wtatennis.com/resources/v7.42.0/i/elements/itf.png,,ITF,Hard,https://www.wtatennis.com/resources/v7.42.0/i/elements/itf.png,2002-11-05,2002-11-10,2002,11,Pittsburgh,USA,,,,,,United States of America|America|USA|US,,,Pennsylvania,120.0,Q,,4200.0,32M/32Q/16D,"Itf/Usta $50,000",,Ashley Harkleroad,,https://www.wtatennis.com/resources/v7.42.0/i/elements/flags/usa.svg,Semifinals,W,"7-6 (3), 4-6, 6-4",https://www.wtatennis.com/players/80418/ashley-harkleroad,False,False,False,True,False,False,True,3,True,33,17,16,US,USA,840,019,America,Northern America,USA,"7,6,3|4,6,None|6,4,None"
3,"Itf/Usta $50,000",https://www.wtatennis.com/resources/v7.42.0/i/elements/itf.png,,ITF,Hard,https://www.wtatennis.com/resources/v7.42.0/i/elements/itf.png,2002-11-05,2002-11-10,2002,11,Pittsburgh,USA,,,,,,United States of America|America|USA|US,,,Pennsylvania,114.0,Q,,4200.0,32M/32Q/16D,"Itf/Usta $50,000",,Mashona Washington,8.0,https://www.wtatennis.com/resources/v7.42.0/i/elements/flags/usa.svg,Quarterfinals,W,"6-2, 2-6, 7-5",https://www.wtatennis.com/players/230186/mashona-washington,False,False,False,False,False,False,False,3,True,28,15,13,US,USA,840,019,America,Northern America,USA,"6,2,None|2,6,None|7,5,None"
4,"Itf/Usta $50,000",https://www.wtatennis.com/resources/v7.42.0/i/elements/itf.png,,ITF,Hard,https://www.wtatennis.com/resources/v7.42.0/i/elements/itf.png,2002-11-05,2002-11-10,2002,11,Pittsburgh,USA,,,,,,United States of America|America|USA|US,,,Pennsylvania,39.0,Q,,4200.0,32M/32Q/16D,"Itf/Usta $50,000",,Amy Frazier,1.0,https://www.wtatennis.com/resources/v7.42.0/i/elements/flags/usa.svg,Round of 16,W,"4-6, 6-3, 6-4",https://www.wtatennis.com/players/60034/amy-frazier,False,False,False,False,False,False,False,3,False,29,16,13,US,USA,840,019,America,Northern America,USA,"4,6,None|6,3,None|6,4,None"
5,"Itf/Usta $50,000",https://www.wtatennis.com/resources/v7.42.0/i/elements/itf.png,,ITF,Hard,https://www.wtatennis.com/resources/v7.42.0/i/elements/itf.png,2002-11-05,2002-11-10,2002,11,Pittsburgh,UKR,,,,,,,,,Pennsylvania,162.0,Q,,4200.0,32M/32Q/16D,"Itf/Usta $50,000",,Elena Tatarkova,,https://www.wtatennis.com/resources/v7.42.0/i/elements/flags/ukr.svg,Round of 32,W,"6-3, 7-6 (3)",https://www.wtatennis.com/players/200192/elena-tatarkova,False,False,False,False,True,False,True,2,True,22,13,9,UA,UKR,804,150,Europe,Eastern Europe,UKR,"6,3,None|7,6,3"
6,"Itf/Usta $50,000",https://www.wtatennis.com/resources/v7.42.0/i/elements/itf.png,,ITF,Hard,https://www.wtatennis.com/resources/v7.42.0/i/elements/itf.png,2002-11-05,2002-11-10,2002,11,Pittsburgh,CAN,,,,,,,,,Pennsylvania,235.0,Q,,4200.0,32M/32Q/16D,"Itf/Usta $50,000",,Jana Nejedly,4.0,https://www.wtatennis.com/resources/v7.42.0/i/elements/flags/can.svg,Qualifying R3 Qual. R3,W,"6-4, 7-6 (2)",https://www.wtatennis.com/players/140081/jana-nejedly,False,False,False,False,True,False,True,2,True,23,13,10,CA,CAN,124,019,America,Northern America,CAN,"6,4,None|7,6,2"
7,"Itf/Usta $50,000",https://www.wtatennis.com/resources/v7.42.0/i/elements/itf.png,,ITF,Hard,https://www.wtatennis.com/resources/v7.42.0/i/elements/itf.png,2002-11-05,2002-11-10,2002,11,Pittsburgh,BRA,,,,,,,,,Pennsylvania,297.0,Q,,4200.0,32M/32Q/16D,"Itf/Usta $50,000",,Maria Fernanda Alves,,https://www.wtatennis.com/resources/v7.42.0/i/elements/flags/bra.svg,Qualifying R2 Qual. R2,W,"6-3, 6-4",https://www.wtatennis.com/players/10258/maria-fernanda-alves,False,False,False,False,False,False,False,2,True,19,12,7,BR,BRA,076,019,America,Eastern South America,BRA,"6,3,None|6,4,None"
8,"Itf/Usta $50,000",https://www.wtatennis.com/resources/v7.42.0/i/elements/itf.png,,ITF,Hard,https://www.wtatennis.com/resources/v7.42.0/i/elements/itf.png,2002-11-05,2002-11-10,2002,11,Pittsburgh,USA,,,,,,United States of America|America|USA|US,,,Pennsylvania,269.0,Q,,4200.0,32M/32Q/16D,"Itf/Usta $50,000",,Bethanie Mattek-Sands,,https://www.wtatennis.com/resources/v7.42.0/i/elements/flags/usa.svg,Qualifying R1 Qual. R1,W,"6-0, 6-3",https://www.wtatennis.com/players/130713/bethanie-mattek-sands,False,False,False,False,False,False,False,2,True,15,12,3,US,USA,840,019,America,Northern America,USA,"6,0,None|6,3,None"
1,"Itf/Usta $25,000",https://www.wtatennis.com/resources/v7.42.0/i/elements/itf.png,,ITF,Hard,https://www.wtatennis.com/resources/v7.42.0/i/elements/itf.png,2002-10-22,2002-10-27,2002,10,Frisco,USA,,,,,,United States of America|America|USA|US,,,Texas,192.0,,,1700.0,32M/32Q/16D,"Itf/Usta $25,000",,Tara Snyder,,https://www.wtatennis.com/resources/v7.42.0/i/elements/flags/usa.svg,Finals,L,"6-1, 4-6, 3-6",https://www.wtatennis.com/players/190571/tara-snyder,False,False,False,False,False,False,False,3,True,26,13,13,US,USA,840,019,America,Northern America,USA,"6,1,None|4,6,None|3,6,None"
2,"Itf/Usta $25,000",https://www.wtatennis.com/resources/v7.42.0/i/elements/itf.png,,ITF,Hard,https://www.wtatennis.com/resources/v7.42.0/i/elements/itf.png,2002-10-22,2002-10-27,2002,10,Frisco,USA,,,,,,United States of America|America|USA|US,,,Texas,116.0,,,1700.0,32M/32Q/16D,"Itf/Usta $25,000",,Mashona Washington,2.0,https://www.wtatennis.com/resources/v7.42.0/i/elements/flags/usa.svg,Semifinals,W,"6-4, 2-6, 6-3",https://www.wtatennis.com/players/230186/mashona-washington,False,False,False,False,False,False,False,3,True,27,14,13,US,USA,840,019,America,Northern America,USA,"6,4,None|2,6,None|6,3,None"
3,"Itf/Usta $25,000",https://www.wtatennis.com/resources/v7.42.0/i/elements/itf.png,,ITF,Hard,https://www.wtatennis.com/resources/v7.42.0/i/elements/itf.png,2002-10-22,2002-10-27,2002,10,Frisco,AUS,,,,,,,,,Texas,153.0,,,1700.0,32M/32Q/16D,"Itf/Usta $25,000",,Christina Wheeler,6.0,https://www.wtatennis.com/resources/v7.42.0/i/elements/flags/aus.svg,Quarterfinals,W,"6-3, 7-5",https://www.wtatennis.com/players/230269/christina-wheeler,False,False,False,False,False,False,False,2,True,21,13,8,AU,AUS,036,009,Oceania,Australasia,AUS,"6,3,None|7,5,None"
4,"Itf/Usta $25,000",https://www.wtatennis.com/resources/v7.42.0/i/elements/itf.png,,ITF,Hard,https://www.wtatennis.com/resources/v7.42.0/i/elements/itf.png,2002-10-22,2002-10-27,2002,10,Frisco,USA,,,,,,United States of America|America|USA|US,,,Texas,118.0,,,1700.0,32M/32Q/16D,"Itf/Usta $25,000",,Lindsay Lee-Waters,4.0,https://www.wtatennis.com/resources/v7.42.0/i/elements/flags/usa.svg,Round of 16,W,"6-2, 6-1",https://www.wtatennis.com/players/120281/lindsay-lee-waters,False,False,False,False,False,False,False,2,True,15,12,3,US,USA,840,019,America,Northern America,USA,"6,2,None|6,1,None"
5,"Itf/Usta $25,000",https://www.wtatennis.com/resources/v7.42.0/i/elements/itf.png,,ITF,Hard,https://www.wtatennis.com/resources/v7.42.0/i/elements/itf.png,2002-10-22,2002-10-27,2002,10,Frisco,USA,,,,,,United States of America|America|USA|US,,,Texas,1035.0,,,1700.0,32M/32Q/16D,"Itf/Usta $25,000",,Caitlin Collins,,https://www.wtatennis.com/resources/v7.42.0/i/elements/flags/usa.svg,Round of 32,W,"6-1, 6-1",https://www.wtatennis.com/players/310209/caitlin-collins,False,False,False,False,False,False,False,2,True,14,12,2,US,USA,840,019,America,Northern America,USA,"6,1,None|6,1,None"
1,Aig Japan Open,https://www.wtatennis.com/resources/v7.42.0/i/elements/itf.png,,ITF,Hard,https://www.wtatennis.com/resources/v7.42.0/i/elements/itf.png,2002-09-30,2002-10-06,2002,9,Tokyo,SUI,,JP,JPN,392,142,,Asia,East Asia,JPN,52.0,W,1.0,1300.0,32M/32Q/16D,Aig Japan Open,,Emmanuelle Gagliardi,4.0,https://www.wtatennis.com/resources/v7.42.0/i/elements/flags/sui.svg,Round of 32,L,"6-2, 6-7 (4), 4-6",https://www.wtatennis.com/players/70245/emmanuelle-gagliardi,False,False,False,False,True,False,True,3,True,31,16,15,CH,CHE,756,150,Europe,Central Europe,SUI,"6,2,None|6,7,4|4,6,None"
1,"Itf/Usta $25,000",https://www.wtatennis.com/resources/v7.42.0/i/elements/itf.png,,ITF,Hard,https://www.wtatennis.com/resources/v7.42.0/i/elements/itf.png,2002-09-10,2002-09-15,2002,9,Peachtree,USA,,GE,GEO,268,142,United States of America|America|USA|US,Asia,Western Asia,GEO,372.0,,,3000.0,32M/32Q/16D,"Itf/Usta $25,000",,Kelly Mc Cain,,https://www.wtatennis.com/resources/v7.42.0/i/elements/flags/usa.svg,Finals,W,"6-0, 6-1",https://www.wtatennis.com/players/130681/kelly-mc-cain,False,False,False,False,False,False,False,2,True,13,12,1,US,USA,840,019,America,Northern America,USA,"6,0,None|6,1,None"
2,"Itf/Usta $25,000",https://www.wtatennis.com/resources/v7.42.0/i/elements/itf.png,,ITF,Hard,https://www.wtatennis.com/resources/v7.42.0/i/elements/itf.png,2002-09-10,2002-09-15,2002,9,Peachtree,USA,,GE,GEO,268,142,United States of America|America|USA|US,Asia,Western Asia,GEO,241.0,,,3000.0,32M/32Q/16D,"Itf/Usta $25,000",,Tiffany Davis,9.0,https://www.wtatennis.com/resources/v7.42.0/i/elements/flags/usa.svg,Semifinals,W,"7-6 (2), 6-4",https://www.wtatennis.com/players/40364/tiffany-davis,False,False,False,True,False,False,True,2,True,23,13,10,US,USA,840,019,America,Northern America,USA,"7,6,2|6,4,None"
3,"Itf/Usta $25,000",https://www.wtatennis.com/resources/v7.42.0/i/elements/itf.png,,ITF,Hard,https://www.wtatennis.com/resources/v7.42.0/i/elements/itf.png,2002-09-10,2002-09-15,2002,9,Peachtree,USA,,GE,GEO,268,142,United States of America|America|USA|US,Asia,Western Asia,GEO,341.0,,,3000.0,32M/32Q/16D,"Itf/Usta $25,000",,Alyssa Cohen,,https://www.wtatennis.com/resources/v7.42.0/i/elements/flags/usa.svg,Quarterfinals,W,"6-3, 6-2",https://www.wtatennis.com/players/30514/alyssa-cohen,False,False,False,False,False,False,False,2,True,17,12,5,US,USA,840,019,America,Northern America,USA,"6,3,None|6,2,None"
4,"Itf/Usta $25,000",https://www.wtatennis.com/resources/v7.42.0/i/elements/itf.png,,ITF,Hard,https://www.wtatennis.com/resources/v7.42.0/i/elements/itf.png,2002-09-10,2002-09-15,2002,9,Peachtree,USA,,GE,GEO,268,142,United States of America|America|USA|US,Asia,Western Asia,GEO,301.0,,,3000.0,32M/32Q/16D,"Itf/Usta $25,000",,Shenay Perry,,https://www.wtatennis.com/resources/v7.42.0/i/elements/flags/usa.svg,Round of 16,W,"6-3, 7-5",https://www.wtatennis.com/players/160472/shenay-perry,False,False,False,False,False,False,False,2,True,21,13,8,US,USA,840,019,America,Northern America,USA,"6,3,None|7,5,None"
5,"Itf/Usta $25,000",https://www.wtatennis.com/resources/v7.42.0/i/elements/itf.png,,ITF,Hard,https://www.wtatennis.com/resources/v7.42.0/i/elements/itf.png,2002-09-10,2002-09-15,2002,9,Peachtree,COL,,GE,GEO,268,142,,Asia,Western Asia,GEO,191.0,,,3000.0,32M/32Q/16D,"Itf/Usta $25,000",,Catalina Castaño,3.0,https://www.wtatennis.com/resources/v7.42.0/i/elements/flags/col.svg,Round of 32,W,"6-0, 6-0",https://www.wtatennis.com/players/30360/catalina-casta-o,False,False,False,False,False,False,False,2,True,12,12,0,CO,COL,170,019,America,Northern South America,COL,"6,0,None|6,0,None"
1,"Itf $25,000",https://www.wtatennis.com/resources/v7.42.0/i/elements/itf.png,,ITF,Hard,https://www.wtatennis.com/resources/v7.42.0/i/elements/itf.png,2002-07-29,2002-08-04,2002,7,Vancouver,USA,,CA,CAN,124,019,United States of America|America|USA|US,America,Northern America,CAN,89.0,,,3000.0,32M/16Q/16D,"Itf $25,000",,Laura Granville,1.0,https://www.wtatennis.com/resources/v7.42.0/i/elements/flags/usa.svg,Finals,W,"0-6, 6-3, 6-1",https://www.wtatennis.com/players/70423/laura-granville,False,False,False,False,False,False,False,3,False,22,12,10,US,USA,840,019,America,Northern America,USA,"0,6,None|6,3,None|6,1,None"
2,"Itf $25,000",https://www.wtatennis.com/resources/v7.42.0/i/elements/itf.png,,ITF,Hard,https://www.wtatennis.com/resources/v7.42.0/i/elements/itf.png,2002-07-29,2002-08-04,2002,7,Vancouver,CAN,,CA,CAN,124,019,,America,Northern America,CAN,297.0,,,3000.0,32M/16Q/16D,"Itf $25,000",,Renata Kolbovic,5.0,https://www.wtatennis.com/resources/v7.42.0/i/elements/flags/can.svg,Semifinals,W,"7-5, 7-5",https://www.wtatennis.com/players/110286/renata-kolbovic,False,False,False,False,False,False,False,2,True,24,14,10,CA,CAN,124,019,America,Northern America,CAN,"7,5,None|7,5,None"
3,"Itf $25,000",https://www.wtatennis.com/resources/v7.42.0/i/elements/itf.png,,ITF,Hard,https://www.wtatennis.com/resources/v7.42.0/i/elements/itf.png,2002-07-29,2002-08-04,2002,7,Vancouver,USA,,CA,CAN,124,019,United States of America|America|USA|US,America,Northern America,CAN,526.0,,,3000.0,32M/16Q/16D,"Itf $25,000",,Lauren Kalvaria,,https://www.wtatennis.com/resources/v7.42.0/i/elements/flags/usa.svg,Quarterfinals,W,"6-2, 6-0",https://www.wtatennis.com/players/110452/lauren-kalvaria,False,False,False,False,False,False,False,2,True,14,12,2,US,USA,840,019,America,Northern America,USA,"6,2,None|6,0,None"
4,"Itf $25,000",https://www.wtatennis.com/resources/v7.42.0/i/elements/itf.png,,ITF,Hard,https://www.wtatennis.com/resources/v7.42.0/i/elements/itf.png,2002-07-29,2002-08-04,2002,7,Vancouver,CAN,,CA,CAN,124,019,,America,Northern America,CAN,327.0,,,3000.0,32M/16Q/16D,"Itf $25,000",,Melanie Marois,4.0,https://www.wtatennis.com/resources/v7.42.0/i/elements/flags/can.svg,Round of 16,W,"6-1, 6-1",https://www.wtatennis.com/players/130650/melanie-marois,False,False,False,False,False,False,False,2,True,14,12,2,CA,CAN,124,019,America,Northern America,CAN,"6,1,None|6,1,None"
5,"Itf $25,000",https://www.wtatennis.com/resources/v7.42.0/i/elements/itf.png,,ITF,Hard,https://www.wtatennis.com/resources/v7.42.0/i/elements/itf.png,2002-07-29,2002-08-04,2002,7,Vancouver,AUS,,CA,CAN,124,019,,America,Northern America,CAN,399.0,,,3000.0,32M/16Q/16D,"Itf $25,000",,Nicole Sewell,,https://www.wtatennis.com/resources/v7.42.0/i/elements/flags/aus.svg,Round of 32,W,"6-1, 6-0",https://www.wtatennis.com/players/190738/nicole-sewell,False,False,False,False,False,False,False,2,True,13,12,1,AU,AUS,036,009,Oceania,Australasia,AUS,"6,1,None|6,0,None"
1,"Itf $10,000",https://www.wtatennis.com/resources/v7.42.0/i/elements/itf.png,,ITF,Clay,https://www.wtatennis.com/resources/v7.42.0/i/elements/itf.png,2002-04-15,2002-04-21,2002,4,Gunma Prefecture,JPN,,JP,JPN,392,142,,Asia,East Asia,JPN,682.0,,,1600.0,32M/8Q/16D,"Itf $10,000",,Aiko Nakamura,,https://www.wtatennis.com/resources/v7.42.0/i/elements/flags/jpn.svg,Finals,W,"6-4, 6-1",https://www.wtatennis.com/players/140219/aiko-nakamura,False,False,False,False,False,False,False,2,True,17,12,5,JP,JPN,392,142,Asia,East Asia,JPN,"6,4,None|6,1,None"
2,"Itf $10,000",https://www.wtatennis.com/resources/v7.42.0/i/elements/itf.png,,ITF,Clay,https://www.wtatennis.com/resources/v7.42.0/i/elements/itf.png,2002-04-15,2002-04-21,2002,4,Gunma Prefecture,JPN,,JP,JPN,392,142,,Asia,East Asia,JPN,418.0,,,1600.0,32M/8Q/16D,"Itf $10,000",,Satomi Kinjo,2.0,https://www.wtatennis.com/resources/v7.42.0/i/elements/flags/jpn.svg,Semifinals,W,"6-1, 6-1",https://www.wtatennis.com/players/110468/satomi-kinjo,False,False,False,False,False,False,False,2,True,14,12,2,JP,JPN,392,142,Asia,East Asia,JPN,"6,1,None|6,1,None"
3,"Itf $10,000",https://www.wtatennis.com/resources/v7.42.0/i/elements/itf.png,,ITF,Clay,https://www.wtatennis.com/resources/v7.42.0/i/elements/itf.png,2002-04-15,2002-04-21,2002,4,Gunma Prefecture,JPN,,JP,JPN,392,142,,Asia,East Asia,JPN,422.0,,,1600.0,32M/8Q/16D,"Itf $10,000",,Yumiko Kitamura,3.0,https://www.wtatennis.com/resources/v7.42.0/i/elements/flags/jpn.svg,Quarterfinals,W,"6-2, 7-5",https://www.wtatennis.com/players/110374/yumiko-kitamura,False,False,False,False,False,False,False,2,True,20,13,7,JP,JPN,392,142,Asia,East Asia,JPN,"6,2,None|7,5,None"
4,"Itf $10,000",https://www.wtatennis.com/resources/v7.42.0/i/elements/itf.png,,ITF,Clay,https://www.wtatennis.com/resources/v7.42.0/i/elements/itf.png,2002-04-15,2002-04-21,2002,4,Gunma Prefecture,JPN,,JP,JPN,392,142,,Asia,East Asia,JPN,680.0,,,1600.0,32M/8Q/16D,"Itf $10,000",,Nana Wada,,https://www.wtatennis.com/resources/v7.42.0/i/elements/flags/jpn.svg,Round of 16,W,"6-1, 6-2",https://www.wtatennis.com/players/230301/nana-wada,False,False,False,False,False,False,False,2,True,15,12,3,JP,JPN,392,142,Asia,East Asia,JPN,"6,1,None|6,2,None"
5,"Itf $10,000",https://www.wtatennis.com/resources/v7.42.0/i/elements/itf.png,,ITF,Clay,https://www.wtatennis.com/resources/v7.42.0/i/elements/itf.png,2002-04-15,2002-04-21,2002,4,Gunma Prefecture,JPN,,JP,JPN,392,142,,Asia,East Asia,JPN,664.0,,,1600.0,32M/8Q/16D,"Itf $10,000",,Tomoko Taira,,https://www.wtatennis.com/resources/v7.42.0/i/elements/flags/jpn.svg,Round of 32,W,"6-1, 6-1",https://www.wtatennis.com/players/200357/tomoko-taira,False,False,False,False,False,False,False,2,True,14,12,2,JP,JPN,392,142,Asia,East Asia,JPN,"6,1,None|6,1,None"
1,Pacific Life Open,https://www.wtatennis.com/resources/v7.42.0/i/elements/itf.png,,ITF,Hard,https://www.wtatennis.com/resources/v7.42.0/i/elements/itf.png,2002-03-06,2002-03-16,2002,3,Indian Wells,USA,,,,,,United States of America|America|USA|US,,,California,9.0,W,17.0,4650.0,128M/64Q/32D,Pacific Life Open,,Monica Seles,4.0,https://www.wtatennis.com/resources/v7.42.0/i/elements/flags/usa.svg,Round of 64,L,"0-6, 2-6",https://www.wtatennis.com/players/190141/monica-seles,False,False,False,False,False,False,False,2,False,14,2,12,US,USA,840,019,America,Northern America,USA,"0,6,None|2,6,None"
2,Pacific Life Open,https://www.wtatennis.com/resources/v7.42.0/i/elements/itf.png,,ITF,Hard,https://www.wtatennis.com/resources/v7.42.0/i/elements/itf.png,2002-03-06,2002-03-16,2002,3,Indian Wells,USA,,,,,,United States of America|America|USA|US,,,California,302.0,W,17.0,4650.0,128M/64Q/32D,Pacific Life Open,,Brie Rippner,,https://www.wtatennis.com/resources/v7.42.0/i/elements/flags/usa.svg,Round of 128,W,"5-7, 6-1, 6-2",https://www.wtatennis.com/players/180310/brie-rippner,False,False,False,False,False,False,False,3,False,27,17,10,US,USA,840,019,America,Northern America,USA,"5,7,None|6,1,None|6,2,None"
1,"Itf/Usta $25,000",https://www.wtatennis.com/resources/v7.42.0/i/elements/itf.png,,ITF,Hard,https://www.wtatennis.com/resources/v7.42.0/i/elements/itf.png,2002-02-18,2002-02-24,2002,2,Columbus 1,CZE,,,,,,,,,Ohio,178.0,W,,500.0,32M/32Q/16D,"Itf/Usta $25,000",,Michaela Pastikova,3.0,https://www.wtatennis.com/resources/v7.42.0/i/elements/flags/cze.svg,Round of 16,L,"4-6, 1-6",https://www.wtatennis.com/players/160361/michaela-pastikova,False,False,False,False,False,False,False,2,False,17,5,12,CZ,CZE,203,150,Europe,Central Europe,CZE,"4,6,None|1,6,None"
2,"Itf/Usta $25,000",https://www.wtatennis.com/resources/v7.42.0/i/elements/itf.png,,ITF,Hard,https://www.wtatennis.com/resources/v7.42.0/i/elements/itf.png,2002-02-18,2002-02-24,2002,2,Columbus 1,USA,,,,,,United States of America|America|USA|US,,,Ohio,288.0,W,,500.0,32M/32Q/16D,"Itf/Usta $25,000",,Teryn Ashley,,https://www.wtatennis.com/resources/v7.42.0/i/elements/flags/usa.svg,Round of 32,W,"7-5, 1-6, 7-5",https://www.wtatennis.com/players/10306/teryn-ashley,False,False,False,False,False,False,False,3,True,31,15,16,US,USA,840,019,America,Northern America,USA,"7,5,None|1,6,None|7,5,None"
1,"Itf/Usta $75,000",https://www.wtatennis.com/resources/v7.42.0/i/elements/itf.png,,ITF,Clay,https://www.wtatennis.com/resources/v7.42.0/i/elements/itf.png,2001-04-23,2001-04-29,2001,4,Sarasota,USA,,,,,,United States of America|America|USA|US,,,Florida,265.0,W,,700.0,32M/32Q/16D,"Itf/Usta $75,000",,Karin Miller,,https://www.wtatennis.com/resources/v7.42.0/i/elements/flags/usa.svg,Round of 32,L,"7-6 (2), 4-6, 4-6",https://www.wtatennis.com/players/130342/karin-miller,False,False,False,True,False,False,True,3,True,33,15,18,US,USA,840,019,America,Northern America,USA,"7,6,2|4,6,None|4,6,None"
