id,title,logo,url,level,surface,level_logo,start_date,end_date,year,month,city,country,state,tour_code_alpha_2,tour_code_alpha_3,tour_country_code_m49,tour_region_code,alternative_name,tour_region,tour_subregion,tour_fifa,rank,points_gain,prize_money,draw,custom_title,alt_titles,tour_total_games,tour_total_matches,tour_avg_games,tour_sets_played,tour_avg_sets_played,name,seed,flag,round,win_loss,score,url_profile,retired,walkover,bye,first_set_tiebreak,second_set_tiebreak,third_set_tiebreak,has_tiebreak,number_of_sets,first_set_won,total_games,winner_games,loser_games,win_loss_numeric,code_alpha_2,code_alpha_3,country_code_m49,region_code,region,subregion,fifa,splitted_score,entry_type,wild_card_entry
1,Internazionali Bnl D'Italia,https://photoresources.wtatennis.com/photo-resources/2026/04/16/2c058ad8-b3d8-49a9-a863-85d7b87a6783/WTA-Tournament_Rome-2018.png?height=128,https://www.wtatennis.com/tournaments/rome,WTA 1000,Clay,https://www.wtatennis.com/resources/v7.42.8/i/elements/1000k-tag.svg,2026-05-05,2026-05-17,2026,5,Rome,UKR,,IT,ITA,380,150,,Europe,Southern Europe,ITA,10.0,390.0,297315.0,128M/48Q/32D,Internazionali Bnl D'Italia,,98,5,19.6,12,2.4,Elina Svitolina,7.0,https://www.wtatennis.com/resources/v7.42.8/i/elements/flags/ukr.svg,SF,L,"4-6, 6-2, 2-6",https://www.wtatennis.com/players/316738/elina-svitolina,False,False,False,False,False,False,False,3,False,26,12,14,0,UA,UKR,804,150,Europe,Eastern Europe,UKR,"4,6,None|6,2,None|2,6,None",,
2,Internazionali Bnl D'Italia,https://photoresources.wtatennis.com/photo-resources/2026/04/16/2c058ad8-b3d8-49a9-a863-85d7b87a6783/WTA-Tournament_Rome-2018.png?height=128,https://www.wtatennis.com/tournaments/rome,WTA 1000,Clay,https://www.wtatennis.com/resources/v7.42.8/i/elements/1000k-tag.svg,2026-05-05,2026-05-17,2026,5,Rome,USA,,IT,ITA,380,150,United States of America|America|USA|US,Europe,Southern Europe,ITA,5.0,390.0,297315.0,128M/48Q/32D,Internazionali Bnl D'Italia,,98,5,19.6,12,2.4,Jessica Pegula,5.0,https://www.wtatennis.com/resources/v7.42.8/i/elements/flags/usa.svg,QF,W,"6-1, 6-2",https://www.wtatennis.com/players/316956/jessica-pegula,False,False,False,False,False,False,False,2,True,15,12,3,1,US,USA,840,019,America,Northern America,USA,"6,1,None|6,2,None",,
3,Internazionali Bnl D'Italia,https://photoresources.wtatennis.com/photo-resources/2026/04/16/2c058ad8-b3d8-49a9-a863-85d7b87a6783/WTA-Tournament_Rome-2018.png?height=128,https://www.wtatennis.com/tournaments/rome,WTA 1000,Clay,https://www.wtatennis.com/resources/v7.42.8/i/elements/1000k-tag.svg,2026-05-05,2026-05-17,2026,5,Rome,JPN,,IT,ITA,380,150,,Europe,Southern Europe,ITA,16.0,390.0,297315.0,128M/48Q/32D,Internazionali Bnl D'Italia,,98,5,19.6,12,2.4,Naomi Osaka,15.0,https://www.wtatennis.com/resources/v7.42.8/i/elements/flags/jpn.svg,R16,W,"6-2, 6-1",https://www.wtatennis.com/players/319998/naomi-osaka,False,False,False,False,False,False,False,2,True,15,12,3,1,JP,JPN,392,142,Asia,East Asia,JPN,"6,2,None|6,1,None",,
4,Internazionali Bnl D'Italia,https://photoresources.wtatennis.com/photo-resources/2026/04/16/2c058ad8-b3d8-49a9-a863-85d7b87a6783/WTA-Tournament_Rome-2018.png?height=128,https://www.wtatennis.com/tournaments/rome,WTA 1000,Clay,https://www.wtatennis.com/resources/v7.42.8/i/elements/1000k-tag.svg,2026-05-05,2026-05-17,2026,5,Rome,ITA,,IT,ITA,380,150,,Europe,Southern Europe,ITA,41.0,390.0,297315.0,128M/48Q/32D,Internazionali Bnl D'Italia,,98,5,19.6,12,2.4,Elisabetta Cocciaretto,,https://www.wtatennis.com/resources/v7.42.8/i/elements/flags/ita.svg,R32,W,"6-1, 6-0",https://www.wtatennis.com/players/327909/elisabetta-cocciaretto,False,False,False,False,False,False,False,2,True,13,12,1,1,IT,ITA,380,150,Europe,Southern Europe,ITA,"6,1,None|6,0,None",,
5,Internazionali Bnl D'Italia,https://photoresources.wtatennis.com/photo-resources/2026/04/16/2c058ad8-b3d8-49a9-a863-85d7b87a6783/WTA-Tournament_Rome-2018.png?height=128,https://www.wtatennis.com/tournaments/rome,WTA 1000,Clay,https://www.wtatennis.com/resources/v7.42.8/i/elements/1000k-tag.svg,2026-05-05,2026-05-17,2026,5,Rome,USA,,IT,ITA,380,150,United States of America|America|USA|US,Europe,Southern Europe,ITA,63.0,390.0,297315.0,128M/48Q/32D,Internazionali Bnl D'Italia,,98,5,19.6,12,2.4,Caty Mcnally,,https://www.wtatennis.com/resources/v7.42.8/i/elements/flags/usa.svg,R64,W,"6-1, 6-7 (5), 6-3",https://www.wtatennis.com/players/325725/caty-mcnally,False,False,False,False,True,False,True,3,True,29,18,11,1,US,USA,840,019,America,Northern America,USA,"6,1,None|6,7,5|6,3,None",,
6,Internazionali Bnl D'Italia,https://photoresources.wtatennis.com/photo-resources/2026/04/16/2c058ad8-b3d8-49a9-a863-85d7b87a6783/WTA-Tournament_Rome-2018.png?height=128,https://www.wtatennis.com/tournaments/rome,WTA 1000,Clay,https://www.wtatennis.com/resources/v7.42.8/i/elements/1000k-tag.svg,2026-05-05,2026-05-17,2026,5,Rome,,,IT,ITA,380,150,,Europe,Southern Europe,ITA,,390.0,297315.0,128M/48Q/32D,Internazionali Bnl D'Italia,,98,5,19.6,12,2.4,,,,R128,,Bye,,False,False,True,False,False,False,False,0,False,0,0,0,0,,,,,,,,,,
1,Mutua Madrid Open,https://photoresources.wtatennis.com/photo-resources/2026/04/16/46f056ec-5c74-4159-bc35-97ca4c015c80/WTA-Tournament_Madrid-2023.png?height=128,https://www.wtatennis.com/tournaments/madrid-open,WTA 1000,Clay,https://www.wtatennis.com/resources/v7.42.8/i/elements/1000k-tag.svg,2026-04-21,2026-05-03,2026,4,Madrid,USA,,ES,ESP,724,150,United States of America|America|USA|US,Europe,Southern Europe,ESP,34.0,65.0,54110.0,128M/48Q/32D,Mutua Madrid Open,,97,2,48.5,5,2.5,Ann Li,31.0,https://www.wtatennis.com/resources/v7.42.8/i/elements/flags/usa.svg,R32,L,"64-7, 6-2, 0-3",https://www.wtatennis.com/players/326096/ann-li,True,False,False,True,False,False,True,3,False,82,70,12,0,US,USA,840,019,America,Northern America,USA,"64,7,None|6,2,None|0,3,None|Ret",,
2,Mutua Madrid Open,https://photoresources.wtatennis.com/photo-resources/2026/04/16/46f056ec-5c74-4159-bc35-97ca4c015c80/WTA-Tournament_Madrid-2023.png?height=128,https://www.wtatennis.com/tournaments/madrid-open,WTA 1000,Clay,https://www.wtatennis.com/resources/v7.42.8/i/elements/1000k-tag.svg,2026-04-21,2026-05-03,2026,4,Madrid,UKR,,ES,ESP,724,150,,Europe,Southern Europe,ESP,98.0,65.0,54110.0,128M/48Q/32D,Mutua Madrid Open,,97,2,48.5,5,2.5,Daria Snigur,,https://www.wtatennis.com/resources/v7.42.8/i/elements/flags/ukr.svg,R64,W,"6-1, 6-2",https://www.wtatennis.com/players/327845/daria-snigur,False,False,False,False,False,False,False,2,True,15,12,3,1,UA,UKR,804,150,Europe,Eastern Europe,UKR,"6,1,None|6,2,None",,
3,Mutua Madrid Open,https://photoresources.wtatennis.com/photo-resources/2026/04/16/46f056ec-5c74-4159-bc35-97ca4c015c80/WTA-Tournament_Madrid-2023.png?height=128,https://www.wtatennis.com/tournaments/madrid-open,WTA 1000,Clay,https://www.wtatennis.com/resources/v7.42.8/i/elements/1000k-tag.svg,2026-04-21,2026-05-03,2026,4,Madrid,,,ES,ESP,724,150,,Europe,Southern Europe,ESP,,65.0,54110.0,128M/48Q/32D,Mutua Madrid Open,,97,2,48.5,5,2.5,,,,R128,,Bye,,False,False,True,False,False,False,False,0,False,0,0,0,0,,,,,,,,,,
1,Porsche Tennis Grand Prix,https://photoresources.wtatennis.com/photo-resources/2026/04/16/853dd66d-3c70-40ab-9215-4a22158de24a/WTA-Tournament_Stuttgart-2017.png?height=128,https://www.wtatennis.com/tournaments/1051/stuttgart/2026,WTA 500,Clay,https://www.wtatennis.com/resources/v7.42.8/i/elements/500k-tag.svg,2026-04-13,2026-04-19,2026,4,Stuttgart,RUS,,DE,DEU,276,150,,Europe,Central Europe,GER,9.0,108.0,35000.0,32M/16Q/16D,Porsche Tennis Grand Prix,,45,2,22.5,5,2.5,Mirra Andreeva,6.0,https://www.wtatennis.com/resources/v7.42.8/i/elements/flags/rus.svg,QF,L,"6-3, 4-6, 3-6",https://www.wtatennis.com/players/331809/mirra-andreeva,False,False,False,False,False,False,False,3,True,28,13,15,0,RU,RUS,643,150,Europe,Eastern Europe,RUS,"6,3,None|4,6,None|3,6,None",,
2,Porsche Tennis Grand Prix,https://photoresources.wtatennis.com/photo-resources/2026/04/16/853dd66d-3c70-40ab-9215-4a22158de24a/WTA-Tournament_Stuttgart-2017.png?height=128,https://www.wtatennis.com/tournaments/1051/stuttgart/2026,WTA 500,Clay,https://www.wtatennis.com/resources/v7.42.8/i/elements/500k-tag.svg,2026-04-13,2026-04-19,2026,4,Stuttgart,GER,,DE,DEU,276,150,,Europe,Central Europe,GER,51.0,108.0,35000.0,32M/16Q/16D,Porsche Tennis Grand Prix,,45,2,22.5,5,2.5,Laura Siegemund,,https://www.wtatennis.com/resources/v7.42.8/i/elements/flags/ger.svg,R16,W,"6-2, 6-3",https://www.wtatennis.com/players/310926/laura-siegemund,False,False,False,False,False,False,False,2,True,17,12,5,1,DE,DEU,276,150,Europe,Central Europe,GER,"6,2,None|6,3,None",,
3,Porsche Tennis Grand Prix,https://photoresources.wtatennis.com/photo-resources/2026/04/16/853dd66d-3c70-40ab-9215-4a22158de24a/WTA-Tournament_Stuttgart-2017.png?height=128,https://www.wtatennis.com/tournaments/1051/stuttgart/2026,WTA 500,Clay,https://www.wtatennis.com/resources/v7.42.8/i/elements/500k-tag.svg,2026-04-13,2026-04-19,2026,4,Stuttgart,,,DE,DEU,276,150,,Europe,Central Europe,GER,,108.0,35000.0,32M/16Q/16D,Porsche Tennis Grand Prix,,45,2,22.5,5,2.5,,,,R32,,Bye,,False,False,True,False,False,False,False,0,False,0,0,0,0,,,,,,,,,,
1,Miami Open Presented By Itaú,https://photoresources.wtatennis.com/photo-resources/2026/04/16/e0f2d5a2-cc05-4b2a-8377-f57edf6eaaa2/WTA-Tournament_Miami-2024.png?height=128,https://www.wtatennis.com/tournaments/miami-open,WTA 1000,Hard,https://www.wtatennis.com/resources/v7.42.8/i/elements/1000k-tag.svg,2026-03-17,2026-03-29,2026,3,Miami,POL,FL,US,USA,840,019,,America,Northern America,USA,50.0,10.0,36110.0,128M/48Q/32D,Miami Open Presented By Itaú,,28,1,28.0,3,3.0,Magda Linette,,https://www.wtatennis.com/resources/v7.42.8/i/elements/flags/pol.svg,R64,L,"6-1, 5-7, 3-6",https://www.wtatennis.com/players/315130/magda-linette,False,False,False,False,False,False,False,3,True,28,14,14,0,PL,POL,616,150,Europe,Central Europe,POL,"6,1,None|5,7,None|3,6,None",,
2,Miami Open Presented By Itaú,https://photoresources.wtatennis.com/photo-resources/2026/04/16/e0f2d5a2-cc05-4b2a-8377-f57edf6eaaa2/WTA-Tournament_Miami-2024.png?height=128,https://www.wtatennis.com/tournaments/miami-open,WTA 1000,Hard,https://www.wtatennis.com/resources/v7.42.8/i/elements/1000k-tag.svg,2026-03-17,2026-03-29,2026,3,Miami,,FL,US,USA,840,019,,America,Northern America,USA,,10.0,36110.0,128M/48Q/32D,Miami Open Presented By Itaú,,28,1,28.0,3,3.0,,,,R128,,Bye,,False,False,True,False,False,False,False,0,False,0,0,0,0,,,,,,,,,,
1,Bnp Paribas Open,https://photoresources.wtatennis.com/photo-resources/2026/04/16/a1736320-dd92-4829-8aa8-846c2edef410/WTA-Tournament_Indian-Wells-2017.png?height=128,https://www.wtatennis.com/tournaments/indian-wells,WTA 1000,Hard,https://www.wtatennis.com/resources/v7.42.8/i/elements/1000k-tag.svg,2026-03-04,2026-03-15,2026,3,Indian Wells,UKR,CA,US,USA,840,019,,America,Northern America,USA,9.0,215.0,154210.0,128M/48Q/32D,Bnp Paribas Open,,78,4,19.5,9,2.25,Elina Svitolina,9.0,https://www.wtatennis.com/resources/v7.42.8/i/elements/flags/ukr.svg,QF,L,"2-6, 6-4, 4-6",https://www.wtatennis.com/players/316738/elina-svitolina,False,False,False,False,False,False,False,3,False,28,12,16,0,UA,UKR,804,150,Europe,Eastern Europe,UKR,"2,6,None|6,4,None|4,6,None",,
2,Bnp Paribas Open,https://photoresources.wtatennis.com/photo-resources/2026/04/16/a1736320-dd92-4829-8aa8-846c2edef410/WTA-Tournament_Indian-Wells-2017.png?height=128,https://www.wtatennis.com/tournaments/indian-wells,WTA 1000,Hard,https://www.wtatennis.com/resources/v7.42.8/i/elements/1000k-tag.svg,2026-03-04,2026-03-15,2026,3,Indian Wells,CZE,CA,US,USA,840,019,,America,Northern America,USA,13.0,215.0,154210.0,128M/48Q/32D,Bnp Paribas Open,,78,4,19.5,9,2.25,Karolina Muchova,13.0,https://www.wtatennis.com/resources/v7.42.8/i/elements/flags/cze.svg,R16,W,"6-2, 6-0",https://www.wtatennis.com/players/322191/karolina-muchova,False,False,False,False,False,False,False,2,True,14,12,2,1,CZ,CZE,203,150,Europe,Central Europe,CZE,"6,2,None|6,0,None",,
3,Bnp Paribas Open,https://photoresources.wtatennis.com/photo-resources/2026/04/16/a1736320-dd92-4829-8aa8-846c2edef410/WTA-Tournament_Indian-Wells-2017.png?height=128,https://www.wtatennis.com/tournaments/indian-wells,WTA 1000,Hard,https://www.wtatennis.com/resources/v7.42.8/i/elements/1000k-tag.svg,2026-03-04,2026-03-15,2026,3,Indian Wells,GRE,CA,US,USA,840,019,,America,Northern America,USA,34.0,215.0,154210.0,128M/48Q/32D,Bnp Paribas Open,,78,4,19.5,9,2.25,Maria Sakkari,32.0,https://www.wtatennis.com/resources/v7.42.8/i/elements/flags/gre.svg,R32,W,"6-3, 6-2",https://www.wtatennis.com/players/318312/maria-sakkari,False,False,False,False,False,False,False,2,True,17,12,5,1,GR,GRC,300,150,Europe,Southeastern Europe,GRE,"6,3,None|6,2,None",,
4,Bnp Paribas Open,https://photoresources.wtatennis.com/photo-resources/2026/04/16/a1736320-dd92-4829-8aa8-846c2edef410/WTA-Tournament_Indian-Wells-2017.png?height=128,https://www.wtatennis.com/tournaments/indian-wells,WTA 1000,Hard,https://www.wtatennis.com/resources/v7.42.8/i/elements/1000k-tag.svg,2026-03-04,2026-03-15,2026,3,Indian Wells,USA,CA,US,USA,840,019,United States of America|America|USA|US,America,Northern America,USA,187.0,215.0,154210.0,128M/48Q/32D,Bnp Paribas Open,,78,4,19.5,9,2.25,Kayla Day,,https://www.wtatennis.com/resources/v7.42.8/i/elements/flags/usa.svg,R64,W,"6-0, 7-6 (2)",https://www.wtatennis.com/players/322534/kayla-day,False,False,False,False,True,False,True,2,True,19,13,6,1,US,USA,840,019,America,Northern America,USA,"6,0,None|7,6,2",,
5,Bnp Paribas Open,https://photoresources.wtatennis.com/photo-resources/2026/04/16/a1736320-dd92-4829-8aa8-846c2edef410/WTA-Tournament_Indian-Wells-2017.png?height=128,https://www.wtatennis.com/tournaments/indian-wells,WTA 1000,Hard,https://www.wtatennis.com/resources/v7.42.8/i/elements/1000k-tag.svg,2026-03-04,2026-03-15,2026,3,Indian Wells,,CA,US,USA,840,019,,America,Northern America,USA,,215.0,154210.0,128M/48Q/32D,Bnp Paribas Open,,78,4,19.5,9,2.25,,,,R128,,Bye,,False,False,True,False,False,False,False,0,False,0,0,0,0,,,,,,,,,,
1,Qatar Totalenergies Open 2026,https://photoresources.wtatennis.com/photo-resources/2026/04/16/c44d1d24-32ae-4ebe-b5e8-bd228bfb4fc8/1003_Doha_2026.png?height=128,https://www.wtatennis.com/tournaments/doha,WTA 1000,Hard,https://www.wtatennis.com/resources/v7.42.8/i/elements/1000k-tag.svg,2026-02-08,2026-02-14,2026,2,Doha,GRE,,QA,QAT,634,142,,Asia,Western Asia,QAT,52.0,215.0,98500.0,64M/32Q/32D,Qatar Totalenergies Open 2026,,71,3,23.666666666666668,8,2.6666666666666665,Maria Sakkari,,https://www.wtatennis.com/resources/v7.42.8/i/elements/flags/gre.svg,QF,L,"6-2, 4-6, 5-7",https://www.wtatennis.com/players/318312/maria-sakkari,False,False,False,False,False,False,False,3,True,30,15,15,0,GR,GRC,300,150,Europe,Southeastern Europe,GRE,"6,2,None|4,6,None|5,7,None",,
2,Qatar Totalenergies Open 2026,https://photoresources.wtatennis.com/photo-resources/2026/04/16/c44d1d24-32ae-4ebe-b5e8-bd228bfb4fc8/1003_Doha_2026.png?height=128,https://www.wtatennis.com/tournaments/doha,WTA 1000,Hard,https://www.wtatennis.com/resources/v7.42.8/i/elements/1000k-tag.svg,2026-02-08,2026-02-14,2026,2,Doha,AUS,,QA,QAT,634,142,,Asia,Western Asia,QAT,61.0,215.0,98500.0,64M/32Q/32D,Qatar Totalenergies Open 2026,,71,3,23.666666666666668,8,2.6666666666666665,Daria Kasatkina,,https://www.wtatennis.com/resources/v7.42.8/i/elements/flags/aus.svg,R16,W,"5-7, 6-1, 6-1",https://www.wtatennis.com/players/322082/daria-kasatkina,False,False,False,False,False,False,False,3,False,26,17,9,1,AU,AUS,036,009,Oceania,Australasia,AUS,"5,7,None|6,1,None|6,1,None",,
3,Qatar Totalenergies Open 2026,https://photoresources.wtatennis.com/photo-resources/2026/04/16/c44d1d24-32ae-4ebe-b5e8-bd228bfb4fc8/1003_Doha_2026.png?height=128,https://www.wtatennis.com/tournaments/doha,WTA 1000,Hard,https://www.wtatennis.com/resources/v7.42.8/i/elements/1000k-tag.svg,2026-02-08,2026-02-14,2026,2,Doha,INA,,QA,QAT,634,142,,Asia,Western Asia,QAT,46.0,215.0,98500.0,64M/32Q/32D,Qatar Totalenergies Open 2026,,71,3,23.666666666666668,8,2.6666666666666665,Janice Tjen,,https://www.wtatennis.com/resources/v7.42.8/i/elements/flags/ina.svg,R32,W,"6-0, 6-3",https://www.wtatennis.com/players/328818/janice-tjen,False,False,False,False,False,False,False,2,True,15,12,3,1,,,,,,,INA,"6,0,None|6,3,None",,
4,Qatar Totalenergies Open 2026,https://photoresources.wtatennis.com/photo-resources/2026/04/16/c44d1d24-32ae-4ebe-b5e8-bd228bfb4fc8/1003_Doha_2026.png?height=128,https://www.wtatennis.com/tournaments/doha,WTA 1000,Hard,https://www.wtatennis.com/resources/v7.42.8/i/elements/1000k-tag.svg,2026-02-08,2026-02-14,2026,2,Doha,,,QA,QAT,634,142,,Asia,Western Asia,QAT,,215.0,98500.0,64M/32Q/32D,Qatar Totalenergies Open 2026,,71,3,23.666666666666668,8,2.6666666666666665,,,,R64,,Bye,,False,False,True,False,False,False,False,0,False,0,0,0,0,,,,,,,,,,
1,Australian Open,https://photoresources.wtatennis.com/photo-resources/2026/04/16/6b041ce4-8b08-4fff-be75-89d1c452c157/WTA-Tournament_Australian-Open.png?height=128,https://www.wtatennis.com/tournaments/australian-open,Grand Slam,Hard,https://www.wtatennis.com/resources/v7.42.8/i/elements/gs-tag.svg,2026-01-18,2026-02-01,2026,1,Melbourne,KAZ,,AU,AUS,036,009,,Oceania,Australasia,AUS,5.0,430.0,485565.0,128M/128Q/64D,Australian Open,,94,5,18.8,11,2.2,Elena Rybakina,5.0,https://www.wtatennis.com/resources/v7.42.8/i/elements/flags/kaz.svg,QF,L,"5-7, 1-6",https://www.wtatennis.com/players/324166/elena-rybakina,False,False,False,False,False,False,False,2,False,19,6,13,0,KZ,KAZ,398,142,Asia,Central Asia,KAZ,"5,7,None|1,6,None",,
2,Australian Open,https://photoresources.wtatennis.com/photo-resources/2026/04/16/6b041ce4-8b08-4fff-be75-89d1c452c157/WTA-Tournament_Australian-Open.png?height=128,https://www.wtatennis.com/tournaments/australian-open,Grand Slam,Hard,https://www.wtatennis.com/resources/v7.42.8/i/elements/gs-tag.svg,2026-01-18,2026-02-01,2026,1,Melbourne,AUS,,AU,AUS,036,009,,Oceania,Australasia,AUS,168.0,430.0,485565.0,128M/128Q/64D,Australian Open,,94,5,18.8,11,2.2,Maddison Inglis,,https://www.wtatennis.com/resources/v7.42.8/i/elements/flags/aus.svg,R16,W,"6-0, 6-3",https://www.wtatennis.com/players/321179/maddison-inglis,False,False,False,False,False,False,False,2,True,15,12,3,1,AU,AUS,036,009,Oceania,Australasia,AUS,"6,0,None|6,3,None",,
3,Australian Open,https://photoresources.wtatennis.com/photo-resources/2026/04/16/6b041ce4-8b08-4fff-be75-89d1c452c157/WTA-Tournament_Australian-Open.png?height=128,https://www.wtatennis.com/tournaments/australian-open,Grand Slam,Hard,https://www.wtatennis.com/resources/v7.42.8/i/elements/gs-tag.svg,2026-01-18,2026-02-01,2026,1,Melbourne,RUS,,AU,AUS,036,009,,Oceania,Australasia,AUS,33.0,430.0,485565.0,128M/128Q/64D,Australian Open,,94,5,18.8,11,2.2,Anna Kalinskaya,31.0,https://www.wtatennis.com/resources/v7.42.8/i/elements/flags/rus.svg,R32,W,"6-1, 1-6, 6-1",https://www.wtatennis.com/players/323942/anna-kalinskaya,False,False,False,False,False,False,False,3,True,21,13,8,1,RU,RUS,643,150,Europe,Eastern Europe,RUS,"6,1,None|1,6,None|6,1,None",,
4,Australian Open,https://photoresources.wtatennis.com/photo-resources/2026/04/16/6b041ce4-8b08-4fff-be75-89d1c452c157/WTA-Tournament_Australian-Open.png?height=128,https://www.wtatennis.com/tournaments/australian-open,Grand Slam,Hard,https://www.wtatennis.com/resources/v7.42.8/i/elements/gs-tag.svg,2026-01-18,2026-02-01,2026,1,Melbourne,CZE,,AU,AUS,036,009,,Oceania,Australasia,AUS,44.0,430.0,485565.0,128M/128Q/64D,Australian Open,,94,5,18.8,11,2.2,Marie Bouzkova,,https://www.wtatennis.com/resources/v7.42.8/i/elements/flags/cze.svg,R64,W,"6-2, 6-3",https://www.wtatennis.com/players/320983/marie-bouzkova,False,False,False,False,False,False,False,2,True,17,12,5,1,CZ,CZE,203,150,Europe,Central Europe,CZE,"6,2,None|6,3,None",,
5,Australian Open,https://photoresources.wtatennis.com/photo-resources/2026/04/16/6b041ce4-8b08-4fff-be75-89d1c452c157/WTA-Tournament_Australian-Open.png?height=128,https://www.wtatennis.com/tournaments/australian-open,Grand Slam,Hard,https://www.wtatennis.com/resources/v7.42.8/i/elements/gs-tag.svg,2026-01-18,2026-02-01,2026,1,Melbourne,CHN,,AU,AUS,036,009,,Oceania,Australasia,AUS,130.0,430.0,485565.0,128M/128Q/64D,Australian Open,,94,5,18.8,11,2.2,Yue Yuan,,https://www.wtatennis.com/resources/v7.42.8/i/elements/flags/chn.svg,R128,W,"7-6 (5), 6-3",https://www.wtatennis.com/players/324325/yue-yuan,False,False,False,True,False,False,True,2,True,22,13,9,1,CN,CHN,156,142,Asia,East Asia,CHN,"7,6,5|6,3,None",,
1,United Cup,https://photoresources.wtatennis.com/photo-resources/2026/04/16/4747c6b3-5f7f-4dd1-8f1b-30ede7d1b539/WTA-Tournament_United-cup.jpg?height=128,https://www.wtatennis.com/tournaments/united-cup,WTA 500,Hard,https://www.wtatennis.com/resources/v7.42.8/i/elements/500k-tag.svg,2026-01-02,2026-01-11,2026,1,Perth + Sydney,GER,,AU,AUS,036,009,,Oceania,Australasia,AUS,39.0,150.0,486900.0,0M/0Q/0D,United Cup,,101,5,20.2,12,2.4,Eva Lys,6.0,https://www.wtatennis.com/resources/v7.42.8/i/elements/flags/ger.svg,Round R,W,"3-6, 6-3, 6-4",https://www.wtatennis.com/players/325826/eva-lys,False,False,False,False,False,False,False,3,False,28,15,13,1,DE,DEU,276,150,Europe,Central Europe,GER,"3,6,None|6,3,None|6,4,None",,
2,United Cup,https://photoresources.wtatennis.com/photo-resources/2026/04/16/4747c6b3-5f7f-4dd1-8f1b-30ede7d1b539/WTA-Tournament_United-cup.jpg?height=128,https://www.wtatennis.com/tournaments/united-cup,WTA 500,Hard,https://www.wtatennis.com/resources/v7.42.8/i/elements/500k-tag.svg,2026-01-02,2026-01-11,2026,1,Perth + Sydney,NED,,AU,AUS,036,009,,Oceania,Australasia,AUS,97.0,150.0,486900.0,0M/0Q/0D,United Cup,,101,5,20.2,12,2.4,Suzan Lamens,15.0,https://www.wtatennis.com/resources/v7.42.8/i/elements/flags/ned.svg,Round R,W,"6-3, 6-2",https://www.wtatennis.com/players/324898/suzan-lamens,False,False,False,False,False,False,False,2,True,17,12,5,1,NL,NLD,528,150,Europe,Western Europe,NED,"6,3,None|6,2,None",,
3,United Cup,https://photoresources.wtatennis.com/photo-resources/2026/04/16/4747c6b3-5f7f-4dd1-8f1b-30ede7d1b539/WTA-Tournament_United-cup.jpg?height=128,https://www.wtatennis.com/tournaments/united-cup,WTA 500,Hard,https://www.wtatennis.com/resources/v7.42.8/i/elements/500k-tag.svg,2026-01-02,2026-01-11,2026,1,Perth + Sydney,AUS,,AU,AUS,036,009,,Oceania,Australasia,AUS,32.0,150.0,486900.0,0M/0Q/0D,United Cup,,101,5,20.2,12,2.4,Maya Joint,4.0,https://www.wtatennis.com/resources/v7.42.8/i/elements/flags/aus.svg,Round R,W,"6-1, 6-1",https://www.wtatennis.com/players/330544/maya-joint,False,False,False,False,False,False,False,2,True,14,12,2,1,AU,AUS,036,009,Oceania,Australasia,AUS,"6,1,None|6,1,None",,
4,United Cup,https://photoresources.wtatennis.com/photo-resources/2026/04/16/4747c6b3-5f7f-4dd1-8f1b-30ede7d1b539/WTA-Tournament_United-cup.jpg?height=128,https://www.wtatennis.com/tournaments/united-cup,WTA 500,Hard,https://www.wtatennis.com/resources/v7.42.8/i/elements/500k-tag.svg,2026-01-02,2026-01-11,2026,1,Perth + Sydney,USA,,AU,AUS,036,009,United States of America|America|USA|US,Oceania,Australasia,AUS,4.0,150.0,486900.0,0M/0Q/0D,United Cup,,101,5,20.2,12,2.4,Coco Gauff,1.0,https://www.wtatennis.com/resources/v7.42.8/i/elements/flags/usa.svg,Round R,L,"4-6, 2-6",https://www.wtatennis.com/players/328560/coco-gauff,False,False,False,False,False,False,False,2,False,18,6,12,0,US,USA,840,019,America,Northern America,USA,"4,6,None|2,6,None",,
5,United Cup,https://photoresources.wtatennis.com/photo-resources/2026/04/16/4747c6b3-5f7f-4dd1-8f1b-30ede7d1b539/WTA-Tournament_United-cup.jpg?height=128,https://www.wtatennis.com/tournaments/united-cup,WTA 500,Hard,https://www.wtatennis.com/resources/v7.42.8/i/elements/500k-tag.svg,2026-01-02,2026-01-11,2026,1,Perth + Sydney,SUI,,AU,AUS,036,009,,Oceania,Australasia,AUS,11.0,150.0,486900.0,0M/0Q/0D,United Cup,,101,5,20.2,12,2.4,Belinda Bencic,16.0,https://www.wtatennis.com/resources/v7.42.8/i/elements/flags/sui.svg,Round R,L,"6-3, 0-6, 3-6",https://www.wtatennis.com/players/319001/belinda-bencic,False,False,False,False,False,False,False,3,True,24,9,15,0,CH,CHE,756,150,Europe,Central Europe,SUI,"6,3,None|0,6,None|3,6,None",,
1,Wta Finals Riyadh,https://photoresources.wtatennis.com/photo-resources/2026/04/16/23556323-66a6-4f30-9a8b-9b1f26342c0c/WTA-finals.png?height=128,https://www.wtatennis.com/tournaments/808/wta-finals/2025,Finals,Hard,https://www.wtatennis.com/resources/v7.42.8/i/elements/finals-tag.svg,2025-11-01,2025-11-08,2025,11,Riyadh,USA,,SA,SAU,682,142,United States of America|America|USA|US,Asia,Western Asia,KSA,7.0,,695000.0,8M/0Q/8D,Wta Finals Riyadh,,68,3,22.666666666666668,8,2.6666666666666665,Madison Keys,7.0,https://www.wtatennis.com/resources/v7.42.8/i/elements/flags/usa.svg,RR,W,"6-1, 6-2",https://www.wtatennis.com/players/316959/madison-keys,False,False,False,False,False,False,False,2,True,15,12,3,1,US,USA,840,019,America,Northern America,USA,"6,1,None|6,2,None",,
2,Wta Finals Riyadh,https://photoresources.wtatennis.com/photo-resources/2026/04/16/23556323-66a6-4f30-9a8b-9b1f26342c0c/WTA-finals.png?height=128,https://www.wtatennis.com/tournaments/808/wta-finals/2025,Finals,Hard,https://www.wtatennis.com/resources/v7.42.8/i/elements/finals-tag.svg,2025-11-01,2025-11-08,2025,11,Riyadh,USA,,SA,SAU,682,142,United States of America|America|USA|US,Asia,Western Asia,KSA,4.0,,695000.0,8M/0Q/8D,Wta Finals Riyadh,,68,3,22.666666666666668,8,2.6666666666666665,Amanda Anisimova,4.0,https://www.wtatennis.com/resources/v7.42.8/i/elements/flags/usa.svg,RR,L,"7-6 (3), 4-6, 2-6",https://www.wtatennis.com/players/326384/amanda-anisimova,False,False,False,True,False,False,True,3,True,31,13,18,0,US,USA,840,019,America,Northern America,USA,"7,6,3|4,6,None|2,6,None",,
3,Wta Finals Riyadh,https://photoresources.wtatennis.com/photo-resources/2026/04/16/23556323-66a6-4f30-9a8b-9b1f26342c0c/WTA-finals.png?height=128,https://www.wtatennis.com/tournaments/808/wta-finals/2025,Finals,Hard,https://www.wtatennis.com/resources/v7.42.8/i/elements/finals-tag.svg,2025-11-01,2025-11-08,2025,11,Riyadh,KAZ,,SA,SAU,682,142,,Asia,Western Asia,KSA,6.0,,695000.0,8M/0Q/8D,Wta Finals Riyadh,,68,3,22.666666666666668,8,2.6666666666666665,Elena Rybakina,6.0,https://www.wtatennis.com/resources/v7.42.8/i/elements/flags/kaz.svg,RR,L,"6-3, 1-6, 0-6",https://www.wtatennis.com/players/324166/elena-rybakina,False,False,False,False,False,False,False,3,True,22,7,15,0,KZ,KAZ,398,142,Asia,Central Asia,KAZ,"6,3,None|1,6,None|0,6,None",,
1,Dongfeng · Voyah Wuhan Open 2025,https://photoresources.wtatennis.com/photo-resources/2026/04/16/63ef78ed-e027-4a3c-ba3b-2fb29fa7d08a/WTA-Tournament_Wuhan-2024.png?height=128,https://www.wtatennis.com/tournaments/1075/wuhan/2025,WTA 1000,Hard,https://www.wtatennis.com/resources/v7.42.8/i/elements/1000k-tag.svg,2025-10-06,2025-10-12,2025,10,Wuhan,ITA,,CN,CHN,156,142,,Asia,East Asia,CHN,8.0,215.0,83250.0,64M/32Q/32D,Dongfeng · Voyah Wuhan Open 2025,,52,3,17.333333333333332,6,2.0,Jasmine Paolini,7.0,https://www.wtatennis.com/resources/v7.42.8/i/elements/flags/ita.svg,QF,L,"1-6, 2-6",https://www.wtatennis.com/players/319280/jasmine-paolini,False,False,False,False,False,False,False,2,False,15,3,12,0,IT,ITA,380,150,Europe,Southern Europe,ITA,"1,6,None|2,6,None",,
2,Dongfeng · Voyah Wuhan Open 2025,https://photoresources.wtatennis.com/photo-resources/2026/04/16/63ef78ed-e027-4a3c-ba3b-2fb29fa7d08a/WTA-Tournament_Wuhan-2024.png?height=128,https://www.wtatennis.com/tournaments/1075/wuhan/2025,WTA 1000,Hard,https://www.wtatennis.com/resources/v7.42.8/i/elements/1000k-tag.svg,2025-10-06,2025-10-12,2025,10,Wuhan,SUI,,CN,CHN,156,142,,Asia,East Asia,CHN,15.0,215.0,83250.0,64M/32Q/32D,Dongfeng · Voyah Wuhan Open 2025,,52,3,17.333333333333332,6,2.0,Belinda Bencic,13.0,https://www.wtatennis.com/resources/v7.42.8/i/elements/flags/sui.svg,R16,W,"7-6 (2), 6-4",https://www.wtatennis.com/players/319001/belinda-bencic,False,False,False,True,False,False,True,2,True,23,13,10,1,CH,CHE,756,150,Europe,Central Europe,SUI,"7,6,2|6,4,None",,
3,Dongfeng · Voyah Wuhan Open 2025,https://photoresources.wtatennis.com/photo-resources/2026/04/16/63ef78ed-e027-4a3c-ba3b-2fb29fa7d08a/WTA-Tournament_Wuhan-2024.png?height=128,https://www.wtatennis.com/tournaments/1075/wuhan/2025,WTA 1000,Hard,https://www.wtatennis.com/resources/v7.42.8/i/elements/1000k-tag.svg,2025-10-06,2025-10-12,2025,10,Wuhan,CZE,,CN,CHN,156,142,,Asia,East Asia,CHN,41.0,215.0,83250.0,64M/32Q/32D,Dongfeng · Voyah Wuhan Open 2025,,52,3,17.333333333333332,6,2.0,Marie Bouzkova,,https://www.wtatennis.com/resources/v7.42.8/i/elements/flags/cze.svg,R32,W,"6-1, 6-1",https://www.wtatennis.com/players/320983/marie-bouzkova,False,False,False,False,False,False,False,2,True,14,12,2,1,CZ,CZE,203,150,Europe,Central Europe,CZE,"6,1,None|6,1,None",,
4,Dongfeng · Voyah Wuhan Open 2025,https://photoresources.wtatennis.com/photo-resources/2026/04/16/63ef78ed-e027-4a3c-ba3b-2fb29fa7d08a/WTA-Tournament_Wuhan-2024.png?height=128,https://www.wtatennis.com/tournaments/1075/wuhan/2025,WTA 1000,Hard,https://www.wtatennis.com/resources/v7.42.8/i/elements/1000k-tag.svg,2025-10-06,2025-10-12,2025,10,Wuhan,,,CN,CHN,156,142,,Asia,East Asia,CHN,,215.0,83250.0,64M/32Q/32D,Dongfeng · Voyah Wuhan Open 2025,,52,3,17.333333333333332,6,2.0,,,,R64,,Bye,,False,False,True,False,False,False,False,0,False,0,0,0,0,,,,,,,,,,
1,China Open,https://photoresources.wtatennis.com/photo-resources/2026/04/16/8f77c099-1d17-4cd7-aa46-7c21addc471f/WTA-Tournament_Beijing.png?height=128,https://www.wtatennis.com/tournaments/1020/beijing/2025,WTA 1000,Hard,https://www.wtatennis.com/resources/v7.42.8/i/elements/1000k-tag.svg,2025-09-24,2025-10-05,2025,9,Beijing,USA,,CN,CHN,156,142,United States of America|America|USA|US,Asia,East Asia,CHN,17.0,120.0,103225.0,128M/48Q/32D,China Open,,47,3,15.666666666666666,6,2.0,Emma Navarro,16.0,https://www.wtatennis.com/resources/v7.42.8/i/elements/flags/usa.svg,R16,L,"4-6, 6-4, 0-6",https://www.wtatennis.com/players/325410/emma-navarro,False,False,False,False,False,False,False,3,False,26,10,16,0,US,USA,840,019,America,Northern America,USA,"4,6,None|6,4,None|0,6,None",,
2,China Open,https://photoresources.wtatennis.com/photo-resources/2026/04/16/8f77c099-1d17-4cd7-aa46-7c21addc471f/WTA-Tournament_Beijing.png?height=128,https://www.wtatennis.com/tournaments/1020/beijing/2025,WTA 1000,Hard,https://www.wtatennis.com/resources/v7.42.8/i/elements/1000k-tag.svg,2025-09-24,2025-10-05,2025,9,Beijing,COL,,CN,CHN,156,142,,Asia,East Asia,CHN,83.0,120.0,103225.0,128M/48Q/32D,China Open,,47,3,15.666666666666666,6,2.0,Camila Osorio,,https://www.wtatennis.com/resources/v7.42.8/i/elements/flags/col.svg,R32,W,6-0,https://www.wtatennis.com/players/325898/camila-osorio,True,False,False,False,False,False,False,1,True,6,6,0,1,CO,COL,170,019,America,Northern South America,COL,"6,0,None|Ret",,
3,China Open,https://photoresources.wtatennis.com/photo-resources/2026/04/16/8f77c099-1d17-4cd7-aa46-7c21addc471f/WTA-Tournament_Beijing.png?height=128,https://www.wtatennis.com/tournaments/1020/beijing/2025,WTA 1000,Hard,https://www.wtatennis.com/resources/v7.42.8/i/elements/1000k-tag.svg,2025-09-24,2025-10-05,2025,9,Beijing,CHN,,CN,CHN,156,142,,Asia,East Asia,CHN,110.0,120.0,103225.0,128M/48Q/32D,China Open,,47,3,15.666666666666666,6,2.0,Yue Yuan,,https://www.wtatennis.com/resources/v7.42.8/i/elements/flags/chn.svg,R64,W,"6-0, 6-3",https://www.wtatennis.com/players/324325/yue-yuan,False,False,False,False,False,False,False,2,True,15,12,3,1,CN,CHN,156,142,Asia,East Asia,CHN,"6,0,None|6,3,None",,
4,China Open,https://photoresources.wtatennis.com/photo-resources/2026/04/16/8f77c099-1d17-4cd7-aa46-7c21addc471f/WTA-Tournament_Beijing.png?height=128,https://www.wtatennis.com/tournaments/1020/beijing/2025,WTA 1000,Hard,https://www.wtatennis.com/resources/v7.42.8/i/elements/1000k-tag.svg,2025-09-24,2025-10-05,2025,9,Beijing,,,CN,CHN,156,142,,Asia,East Asia,CHN,,120.0,103225.0,128M/48Q/32D,China Open,,47,3,15.666666666666666,6,2.0,,,,R128,,Bye,,False,False,True,False,False,False,False,0,False,0,0,0,0,,,,,,,,,,
1,Korea Open Tennis Championships 2025 Presented By Motiva,https://photoresources.wtatennis.com/photo-resources/2026/04/16/768402db-c494-419d-9e08-901fb583e1a9/WTA-Tournament-Korea_1024_2025.png?height=128,https://www.wtatennis.com/tournaments/1024/seoul/2025,WTA 500,Hard,https://www.wtatennis.com/resources/v7.42.8/i/elements/500k-tag.svg,2025-09-15,2025-09-21,2025,9,Seoul,RUS,,KR,KOR,410,142,,Asia,East Asia,KOR,11.0,500.0,164000.0,32M/24Q/16D,Korea Open Tennis Championships 2025 Presented By Motiva,,78,4,19.5,9,2.25,Ekaterina Alexandrova,2.0,https://www.wtatennis.com/resources/v7.42.8/i/elements/flags/rus.svg,F,W,"1-6, 7-6 (3), 7-5",https://www.wtatennis.com/players/319007/ekaterina-alexandrova,False,False,False,False,True,False,True,3,False,32,15,17,1,RU,RUS,643,150,Europe,Eastern Europe,RUS,"1,6,None|7,6,3|7,5,None",,
2,Korea Open Tennis Championships 2025 Presented By Motiva,https://photoresources.wtatennis.com/photo-resources/2026/04/16/768402db-c494-419d-9e08-901fb583e1a9/WTA-Tournament-Korea_1024_2025.png?height=128,https://www.wtatennis.com/tournaments/1024/seoul/2025,WTA 500,Hard,https://www.wtatennis.com/resources/v7.42.8/i/elements/500k-tag.svg,2025-09-15,2025-09-21,2025,9,Seoul,AUS,,KR,KOR,410,142,,Asia,East Asia,KOR,46.0,500.0,164000.0,32M/24Q/16D,Korea Open Tennis Championships 2025 Presented By Motiva,,78,4,19.5,9,2.25,Maya Joint,,https://www.wtatennis.com/resources/v7.42.8/i/elements/flags/aus.svg,SF,W,"6-0, 6-2",https://www.wtatennis.com/players/330544/maya-joint,False,False,False,False,False,False,False,2,True,14,12,2,1,AU,AUS,036,009,Oceania,Australasia,AUS,"6,0,None|6,2,None",,
3,Korea Open Tennis Championships 2025 Presented By Motiva,https://photoresources.wtatennis.com/photo-resources/2026/04/16/768402db-c494-419d-9e08-901fb583e1a9/WTA-Tournament-Korea_1024_2025.png?height=128,https://www.wtatennis.com/tournaments/1024/seoul/2025,WTA 500,Hard,https://www.wtatennis.com/resources/v7.42.8/i/elements/500k-tag.svg,2025-09-15,2025-09-21,2025,9,Seoul,CZE,,KR,KOR,410,142,,Asia,East Asia,KOR,39.0,500.0,164000.0,32M/24Q/16D,Korea Open Tennis Championships 2025 Presented By Motiva,,78,4,19.5,9,2.25,Barbora Krejcikova,,https://www.wtatennis.com/resources/v7.42.8/i/elements/flags/cze.svg,QF,W,"6-0, 6-3",https://www.wtatennis.com/players/318314/barbora-krejcikova,False,False,False,False,False,False,False,2,True,15,12,3,1,CZ,CZE,203,150,Europe,Central Europe,CZE,"6,0,None|6,3,None",,
4,Korea Open Tennis Championships 2025 Presented By Motiva,https://photoresources.wtatennis.com/photo-resources/2026/04/16/768402db-c494-419d-9e08-901fb583e1a9/WTA-Tournament-Korea_1024_2025.png?height=128,https://www.wtatennis.com/tournaments/1024/seoul/2025,WTA 500,Hard,https://www.wtatennis.com/resources/v7.42.8/i/elements/500k-tag.svg,2025-09-15,2025-09-21,2025,9,Seoul,ROU,,KR,KOR,410,142,,Asia,East Asia,KOR,66.0,500.0,164000.0,32M/24Q/16D,Korea Open Tennis Championships 2025 Presented By Motiva,,78,4,19.5,9,2.25,Sorana Cirstea,,https://www.wtatennis.com/resources/v7.42.8/i/elements/flags/rou.svg,R16,W,"6-3, 6-2",https://www.wtatennis.com/players/312469/sorana-cirstea,False,False,False,False,False,False,False,2,True,17,12,5,1,RO,ROU,642,150,Europe,Southeastern Europe,ROU,"6,3,None|6,2,None",,
5,Korea Open Tennis Championships 2025 Presented By Motiva,https://photoresources.wtatennis.com/photo-resources/2026/04/16/768402db-c494-419d-9e08-901fb583e1a9/WTA-Tournament-Korea_1024_2025.png?height=128,https://www.wtatennis.com/tournaments/1024/seoul/2025,WTA 500,Hard,https://www.wtatennis.com/resources/v7.42.8/i/elements/500k-tag.svg,2025-09-15,2025-09-21,2025,9,Seoul,,,KR,KOR,410,142,,Asia,East Asia,KOR,,500.0,164000.0,32M/24Q/16D,Korea Open Tennis Championships 2025 Presented By Motiva,,78,4,19.5,9,2.25,,,,R32,,Bye,,False,False,True,False,False,False,False,0,False,0,0,0,0,,,,,,,,,,
1,Us Open,https://photoresources.wtatennis.com/photo-resources/2026/04/16/8d0a3d41-7b45-434b-a75b-b7d2eb0922b4/WTA-Tournament_US-Open.png?height=128,https://www.wtatennis.com/tournaments/905/us-open/2025,Grand Slam,Hard,https://www.wtatennis.com/resources/v7.42.8/i/elements/gs-tag.svg,2025-08-24,2025-09-07,2025,8,New York,USA,NY,US,USA,840,019,United States of America|America|USA|US,America,Northern America,USA,9.0,430.0,660000.0,128M/128Q/64D,Us Open,,100,5,20.0,11,2.2,Amanda Anisimova,8.0,https://www.wtatennis.com/resources/v7.42.8/i/elements/flags/usa.svg,QF,L,"4-6, 3-6",https://www.wtatennis.com/players/326384/amanda-anisimova,False,False,False,False,False,False,False,2,False,19,7,12,0,US,USA,840,019,America,Northern America,USA,"4,6,None|3,6,None",,
2,Us Open,https://photoresources.wtatennis.com/photo-resources/2026/04/16/8d0a3d41-7b45-434b-a75b-b7d2eb0922b4/WTA-Tournament_US-Open.png?height=128,https://www.wtatennis.com/tournaments/905/us-open/2025,Grand Slam,Hard,https://www.wtatennis.com/resources/v7.42.8/i/elements/gs-tag.svg,2025-08-24,2025-09-07,2025,8,New York,RUS,NY,US,USA,840,019,,America,Northern America,USA,12.0,430.0,660000.0,128M/128Q/64D,Us Open,,100,5,20.0,11,2.2,Ekaterina Alexandrova,13.0,https://www.wtatennis.com/resources/v7.42.8/i/elements/flags/rus.svg,R16,W,"6-3, 6-1",https://www.wtatennis.com/players/319007/ekaterina-alexandrova,False,False,False,False,False,False,False,2,True,16,12,4,1,RU,RUS,643,150,Europe,Eastern Europe,RUS,"6,3,None|6,1,None",,
3,Us Open,https://photoresources.wtatennis.com/photo-resources/2026/04/16/8d0a3d41-7b45-434b-a75b-b7d2eb0922b4/WTA-Tournament_US-Open.png?height=128,https://www.wtatennis.com/tournaments/905/us-open/2025,Grand Slam,Hard,https://www.wtatennis.com/resources/v7.42.8/i/elements/gs-tag.svg,2025-08-24,2025-09-07,2025,8,New York,RUS,NY,US,USA,840,019,,America,Northern America,USA,29.0,430.0,660000.0,128M/128Q/64D,Us Open,,100,5,20.0,11,2.2,Anna Kalinskaya,29.0,https://www.wtatennis.com/resources/v7.42.8/i/elements/flags/rus.svg,R32,W,"7-6 (2), 6-4",https://www.wtatennis.com/players/323942/anna-kalinskaya,False,False,False,True,False,False,True,2,True,23,13,10,1,RU,RUS,643,150,Europe,Eastern Europe,RUS,"7,6,2|6,4,None",,
4,Us Open,https://photoresources.wtatennis.com/photo-resources/2026/04/16/8d0a3d41-7b45-434b-a75b-b7d2eb0922b4/WTA-Tournament_US-Open.png?height=128,https://www.wtatennis.com/tournaments/905/us-open/2025,Grand Slam,Hard,https://www.wtatennis.com/resources/v7.42.8/i/elements/gs-tag.svg,2025-08-24,2025-09-07,2025,8,New York,NED,NY,US,USA,840,019,,America,Northern America,USA,66.0,430.0,660000.0,128M/128Q/64D,Us Open,,100,5,20.0,11,2.2,Suzan Lamens,,https://www.wtatennis.com/resources/v7.42.8/i/elements/flags/ned.svg,R64,W,"6-1, 4-6, 6-4",https://www.wtatennis.com/players/324898/suzan-lamens,False,False,False,False,False,False,False,3,True,27,16,11,1,NL,NLD,528,150,Europe,Western Europe,NED,"6,1,None|4,6,None|6,4,None",,
5,Us Open,https://photoresources.wtatennis.com/photo-resources/2026/04/16/8d0a3d41-7b45-434b-a75b-b7d2eb0922b4/WTA-Tournament_US-Open.png?height=128,https://www.wtatennis.com/tournaments/905/us-open/2025,Grand Slam,Hard,https://www.wtatennis.com/resources/v7.42.8/i/elements/gs-tag.svg,2025-08-24,2025-09-07,2025,8,New York,COL,NY,US,USA,840,019,,America,Northern America,USA,84.0,430.0,660000.0,128M/128Q/64D,Us Open,,100,5,20.0,11,2.2,Emiliana Arango,,https://www.wtatennis.com/resources/v7.42.8/i/elements/flags/col.svg,R128,W,"6-1, 6-2",https://www.wtatennis.com/players/324789/emiliana-arango,False,False,False,False,False,False,False,2,True,15,12,3,1,CO,COL,170,019,America,Northern South America,COL,"6,1,None|6,2,None",,
1,Cincinnati Open,https://photoresources.wtatennis.com/photo-resources/2026/04/16/77288aaf-4c7f-4b8e-86f6-315c2ef872c5/WTA-Tournament_Cincinnati-2024.png?height=128,https://www.wtatennis.com/tournaments/1017/cincinnati/2025,WTA 1000,Hard,https://www.wtatennis.com/resources/v7.42.8/i/elements/1000k-tag.svg,2025-08-07,2025-08-18,2025,8,Cincinnati,ITA,,US,USA,840,019,,America,Northern America,USA,9.0,1000.0,752275.0,128M/48Q/32D,Cincinnati Open,,98,5,19.6,10,2.0,Jasmine Paolini,7.0,https://www.wtatennis.com/resources/v7.42.8/i/elements/flags/ita.svg,F,W,"7-5, 6-4",https://www.wtatennis.com/players/319280/jasmine-paolini,False,False,False,False,False,False,False,2,True,22,13,9,1,IT,ITA,380,150,Europe,Southern Europe,ITA,"7,5,None|6,4,None",,
2,Cincinnati Open,https://photoresources.wtatennis.com/photo-resources/2026/04/16/77288aaf-4c7f-4b8e-86f6-315c2ef872c5/WTA-Tournament_Cincinnati-2024.png?height=128,https://www.wtatennis.com/tournaments/1017/cincinnati/2025,WTA 1000,Hard,https://www.wtatennis.com/resources/v7.42.8/i/elements/1000k-tag.svg,2025-08-07,2025-08-18,2025,8,Cincinnati,KAZ,,US,USA,840,019,,America,Northern America,USA,10.0,1000.0,752275.0,128M/48Q/32D,Cincinnati Open,,98,5,19.6,10,2.0,Elena Rybakina,9.0,https://www.wtatennis.com/resources/v7.42.8/i/elements/flags/kaz.svg,SF,W,"7-5, 6-3",https://www.wtatennis.com/players/324166/elena-rybakina,False,False,False,False,False,False,False,2,True,21,13,8,1,KZ,KAZ,398,142,Asia,Central Asia,KAZ,"7,5,None|6,3,None",,
3,Cincinnati Open,https://photoresources.wtatennis.com/photo-resources/2026/04/16/77288aaf-4c7f-4b8e-86f6-315c2ef872c5/WTA-Tournament_Cincinnati-2024.png?height=128,https://www.wtatennis.com/tournaments/1017/cincinnati/2025,WTA 1000,Hard,https://www.wtatennis.com/resources/v7.42.8/i/elements/1000k-tag.svg,2025-08-07,2025-08-18,2025,8,Cincinnati,RUS,,US,USA,840,019,,America,Northern America,USA,34.0,1000.0,752275.0,128M/48Q/32D,Cincinnati Open,,98,5,19.6,10,2.0,Anna Kalinskaya,28.0,https://www.wtatennis.com/resources/v7.42.8/i/elements/flags/rus.svg,QF,W,"6-3, 6-4",https://www.wtatennis.com/players/323942/anna-kalinskaya,False,False,False,False,False,False,False,2,True,19,12,7,1,RU,RUS,643,150,Europe,Eastern Europe,RUS,"6,3,None|6,4,None",,
4,Cincinnati Open,https://photoresources.wtatennis.com/photo-resources/2026/04/16/77288aaf-4c7f-4b8e-86f6-315c2ef872c5/WTA-Tournament_Cincinnati-2024.png?height=128,https://www.wtatennis.com/tournaments/1017/cincinnati/2025,WTA 1000,Hard,https://www.wtatennis.com/resources/v7.42.8/i/elements/1000k-tag.svg,2025-08-07,2025-08-18,2025,8,Cincinnati,ROU,,US,USA,840,019,,America,Northern America,USA,138.0,1000.0,752275.0,128M/48Q/32D,Cincinnati Open,,98,5,19.6,10,2.0,Sorana Cirstea,,https://www.wtatennis.com/resources/v7.42.8/i/elements/flags/rou.svg,R16,W,"6-4, 6-3",https://www.wtatennis.com/players/312469/sorana-cirstea,False,False,False,False,False,False,False,2,True,19,12,7,1,RO,ROU,642,150,Europe,Southeastern Europe,ROU,"6,4,None|6,3,None",,
5,Cincinnati Open,https://photoresources.wtatennis.com/photo-resources/2026/04/16/77288aaf-4c7f-4b8e-86f6-315c2ef872c5/WTA-Tournament_Cincinnati-2024.png?height=128,https://www.wtatennis.com/tournaments/1017/cincinnati/2025,WTA 1000,Hard,https://www.wtatennis.com/resources/v7.42.8/i/elements/1000k-tag.svg,2025-08-07,2025-08-18,2025,8,Cincinnati,UKR,,US,USA,840,019,,America,Northern America,USA,27.0,1000.0,752275.0,128M/48Q/32D,Cincinnati Open,,98,5,19.6,10,2.0,Marta Kostyuk,25.0,https://www.wtatennis.com/resources/v7.42.8/i/elements/flags/ukr.svg,R32,W,Walkover,https://www.wtatennis.com/players/326482/marta-kostyuk,False,True,False,False,False,False,False,0,False,0,0,0,0,UA,UKR,804,150,Europe,Eastern Europe,UKR,,,
6,Cincinnati Open,https://photoresources.wtatennis.com/photo-resources/2026/04/16/77288aaf-4c7f-4b8e-86f6-315c2ef872c5/WTA-Tournament_Cincinnati-2024.png?height=128,https://www.wtatennis.com/tournaments/1017/cincinnati/2025,WTA 1000,Hard,https://www.wtatennis.com/resources/v7.42.8/i/elements/1000k-tag.svg,2025-08-07,2025-08-18,2025,8,Cincinnati,AUT,,US,USA,840,019,,America,Northern America,USA,45.0,1000.0,752275.0,128M/48Q/32D,Cincinnati Open,,98,5,19.6,10,2.0,Anastasia Potapova,,https://www.wtatennis.com/resources/v7.42.8/i/elements/flags/aut.svg,R64,W,"6-1, 6-4",https://www.wtatennis.com/players/325601/anastasia-potapova,False,False,False,False,False,False,False,2,True,17,12,5,1,AT,AUT,040,150,Europe,Central Europe,AUT,"6,1,None|6,4,None",,
7,Cincinnati Open,https://photoresources.wtatennis.com/photo-resources/2026/04/16/77288aaf-4c7f-4b8e-86f6-315c2ef872c5/WTA-Tournament_Cincinnati-2024.png?height=128,https://www.wtatennis.com/tournaments/1017/cincinnati/2025,WTA 1000,Hard,https://www.wtatennis.com/resources/v7.42.8/i/elements/1000k-tag.svg,2025-08-07,2025-08-18,2025,8,Cincinnati,,,US,USA,840,019,,America,Northern America,USA,,1000.0,752275.0,128M/48Q/32D,Cincinnati Open,,98,5,19.6,10,2.0,,,,R128,,Bye,,False,False,True,False,False,False,False,0,False,0,0,0,0,,,,,,,,,,
1,Omnium Banque Nationale Présenté Par Rogers ,https://photoresources.wtatennis.com/photo-resources/2026/04/16/12d4c93e-8e56-4d81-ac72-ea0d1498127e/WTA-Tournament_Canada-English-2021.png?height=128,https://www.wtatennis.com/tournaments/806/montreal/2025,WTA 1000,Hard,https://www.wtatennis.com/resources/v7.42.8/i/elements/1000k-tag.svg,2025-07-27,2025-08-07,2025,7,Montreal,DEN,,CA,CAN,124,019,,America,Northern America,CAN,19.0,120.0,56703.0,128M/32Q/32D,Omnium Banque Nationale Présenté Par Rogers ,,54,3,18.0,6,2.0,Clara Tauson,16.0,https://www.wtatennis.com/resources/v7.42.8/i/elements/flags/den.svg,R16,L,"6-7 (1), 3-6",https://www.wtatennis.com/players/327793/clara-tauson,False,False,False,True,False,False,True,2,False,22,9,13,0,DK,DNK,208,150,Europe,Northern Europe,DEN,"6,7,1|3,6,None",,
2,Omnium Banque Nationale Présenté Par Rogers ,https://photoresources.wtatennis.com/photo-resources/2026/04/16/12d4c93e-8e56-4d81-ac72-ea0d1498127e/WTA-Tournament_Canada-English-2021.png?height=128,https://www.wtatennis.com/tournaments/806/montreal/2025,WTA 1000,Hard,https://www.wtatennis.com/resources/v7.42.8/i/elements/1000k-tag.svg,2025-07-27,2025-08-07,2025,7,Montreal,GER,,CA,CAN,124,019,,America,Northern America,CAN,69.0,120.0,56703.0,128M/32Q/32D,Omnium Banque Nationale Présenté Par Rogers ,,54,3,18.0,6,2.0,Eva Lys,,https://www.wtatennis.com/resources/v7.42.8/i/elements/flags/ger.svg,R32,W,"6-2, 6-2",https://www.wtatennis.com/players/325826/eva-lys,False,False,False,False,False,False,False,2,True,16,12,4,1,DE,DEU,276,150,Europe,Central Europe,GER,"6,2,None|6,2,None",,
3,Omnium Banque Nationale Présenté Par Rogers ,https://photoresources.wtatennis.com/photo-resources/2026/04/16/12d4c93e-8e56-4d81-ac72-ea0d1498127e/WTA-Tournament_Canada-English-2021.png?height=128,https://www.wtatennis.com/tournaments/806/montreal/2025,WTA 1000,Hard,https://www.wtatennis.com/resources/v7.42.8/i/elements/1000k-tag.svg,2025-07-27,2025-08-07,2025,7,Montreal,CHN,,CA,CAN,124,019,,America,Northern America,CAN,259.0,120.0,56703.0,128M/32Q/32D,Omnium Banque Nationale Présenté Par Rogers ,,54,3,18.0,6,2.0,Hanyu Guo,,https://www.wtatennis.com/resources/v7.42.8/i/elements/flags/chn.svg,R64,W,"6-3, 6-1",https://www.wtatennis.com/players/323087/hanyu-guo,False,False,False,False,False,False,False,2,True,16,12,4,1,CN,CHN,156,142,Asia,East Asia,CHN,"6,3,None|6,1,None",,
4,Omnium Banque Nationale Présenté Par Rogers ,https://photoresources.wtatennis.com/photo-resources/2026/04/16/12d4c93e-8e56-4d81-ac72-ea0d1498127e/WTA-Tournament_Canada-English-2021.png?height=128,https://www.wtatennis.com/tournaments/806/montreal/2025,WTA 1000,Hard,https://www.wtatennis.com/resources/v7.42.8/i/elements/1000k-tag.svg,2025-07-27,2025-08-07,2025,7,Montreal,,,CA,CAN,124,019,,America,Northern America,CAN,,120.0,56703.0,128M/32Q/32D,Omnium Banque Nationale Présenté Par Rogers ,,54,3,18.0,6,2.0,,,,R128,,Bye,,False,False,True,False,False,False,False,0,False,0,0,0,0,,,,,,,,,,
1,Wimbledon,https://photoresources.wtatennis.com/photo-resources/2026/04/16/d29814e6-6e80-4015-b680-9a7f3cb065c3/WTA-Tournament_Wimbledon.png?height=128,https://www.wtatennis.com/tournaments/904/wimbledon/2025,Grand Slam,Grass,https://www.wtatennis.com/resources/v7.42.8/i/elements/gs-tag.svg,2025-06-30,2025-07-13,2025,6,Wimbledon,USA,,GB,GBR,826,150,United States of America|America|USA|US,Europe,Northern Europe,ENG,12.0,2000.0,4066572.0,128M/128Q/64D,"The Championships, Wimbledon",,126,7,18.0,15,2.142857142857143,Amanda Anisimova,13.0,https://www.wtatennis.com/resources/v7.42.8/i/elements/flags/usa.svg,F,W,"6-0, 6-0",https://www.wtatennis.com/players/326384/amanda-anisimova,False,False,False,False,False,False,False,2,True,12,12,0,1,US,USA,840,019,America,Northern America,USA,"6,0,None|6,0,None",,
2,Wimbledon,https://photoresources.wtatennis.com/photo-resources/2026/04/16/d29814e6-6e80-4015-b680-9a7f3cb065c3/WTA-Tournament_Wimbledon.png?height=128,https://www.wtatennis.com/tournaments/904/wimbledon/2025,Grand Slam,Grass,https://www.wtatennis.com/resources/v7.42.8/i/elements/gs-tag.svg,2025-06-30,2025-07-13,2025,6,Wimbledon,SUI,,GB,GBR,826,150,,Europe,Northern Europe,ENG,35.0,2000.0,4066572.0,128M/128Q/64D,"The Championships, Wimbledon",,126,7,18.0,15,2.142857142857143,Belinda Bencic,,https://www.wtatennis.com/resources/v7.42.8/i/elements/flags/sui.svg,SF,W,"6-2, 6-0",https://www.wtatennis.com/players/319001/belinda-bencic,False,False,False,False,False,False,False,2,True,14,12,2,1,CH,CHE,756,150,Europe,Central Europe,SUI,"6,2,None|6,0,None",,
3,Wimbledon,https://photoresources.wtatennis.com/photo-resources/2026/04/16/d29814e6-6e80-4015-b680-9a7f3cb065c3/WTA-Tournament_Wimbledon.png?height=128,https://www.wtatennis.com/tournaments/904/wimbledon/2025,Grand Slam,Grass,https://www.wtatennis.com/resources/v7.42.8/i/elements/gs-tag.svg,2025-06-30,2025-07-13,2025,6,Wimbledon,RUS,,GB,GBR,826,150,,Europe,Northern Europe,ENG,19.0,2000.0,4066572.0,128M/128Q/64D,"The Championships, Wimbledon",,126,7,18.0,15,2.142857142857143,Liudmila Samsonova,19.0,https://www.wtatennis.com/resources/v7.42.8/i/elements/flags/rus.svg,QF,W,"6-2, 7-5",https://www.wtatennis.com/players/322222/liudmila-samsonova,False,False,False,False,False,False,False,2,True,20,13,7,1,RU,RUS,643,150,Europe,Eastern Europe,RUS,"6,2,None|7,5,None",,
4,Wimbledon,https://photoresources.wtatennis.com/photo-resources/2026/04/16/d29814e6-6e80-4015-b680-9a7f3cb065c3/WTA-Tournament_Wimbledon.png?height=128,https://www.wtatennis.com/tournaments/904/wimbledon/2025,Grand Slam,Grass,https://www.wtatennis.com/resources/v7.42.8/i/elements/gs-tag.svg,2025-06-30,2025-07-13,2025,6,Wimbledon,DEN,,GB,GBR,826,150,,Europe,Northern Europe,ENG,22.0,2000.0,4066572.0,128M/128Q/64D,"The Championships, Wimbledon",,126,7,18.0,15,2.142857142857143,Clara Tauson,23.0,https://www.wtatennis.com/resources/v7.42.8/i/elements/flags/den.svg,R16,W,"6-4, 6-1",https://www.wtatennis.com/players/327793/clara-tauson,False,False,False,False,False,False,False,2,True,17,12,5,1,DK,DNK,208,150,Europe,Northern Europe,DEN,"6,4,None|6,1,None",,
5,Wimbledon,https://photoresources.wtatennis.com/photo-resources/2026/04/16/d29814e6-6e80-4015-b680-9a7f3cb065c3/WTA-Tournament_Wimbledon.png?height=128,https://www.wtatennis.com/tournaments/904/wimbledon/2025,Grand Slam,Grass,https://www.wtatennis.com/resources/v7.42.8/i/elements/gs-tag.svg,2025-06-30,2025-07-13,2025,6,Wimbledon,USA,,GB,GBR,826,150,United States of America|America|USA|US,Europe,Northern Europe,ENG,54.0,2000.0,4066572.0,128M/128Q/64D,"The Championships, Wimbledon",,126,7,18.0,15,2.142857142857143,Danielle Collins,,https://www.wtatennis.com/resources/v7.42.8/i/elements/flags/usa.svg,R32,W,"6-2, 6-3",https://www.wtatennis.com/players/316925/danielle-collins,False,False,False,False,False,False,False,2,True,17,12,5,1,US,USA,840,019,America,Northern America,USA,"6,2,None|6,3,None",,
6,Wimbledon,https://photoresources.wtatennis.com/photo-resources/2026/04/16/d29814e6-6e80-4015-b680-9a7f3cb065c3/WTA-Tournament_Wimbledon.png?height=128,https://www.wtatennis.com/tournaments/904/wimbledon/2025,Grand Slam,Grass,https://www.wtatennis.com/resources/v7.42.8/i/elements/gs-tag.svg,2025-06-30,2025-07-13,2025,6,Wimbledon,USA,,GB,GBR,826,150,United States of America|America|USA|US,Europe,Northern Europe,ENG,208.0,2000.0,4066572.0,128M/128Q/64D,"The Championships, Wimbledon",,126,7,18.0,15,2.142857142857143,Caty Mcnally,,https://www.wtatennis.com/resources/v7.42.8/i/elements/flags/usa.svg,R64,W,"5-7, 6-2, 6-1",https://www.wtatennis.com/players/325725/caty-mcnally,False,False,False,False,False,False,False,3,False,27,17,10,1,US,USA,840,019,America,Northern America,USA,"5,7,None|6,2,None|6,1,None",,
7,Wimbledon,https://photoresources.wtatennis.com/photo-resources/2026/04/16/d29814e6-6e80-4015-b680-9a7f3cb065c3/WTA-Tournament_Wimbledon.png?height=128,https://www.wtatennis.com/tournaments/904/wimbledon/2025,Grand Slam,Grass,https://www.wtatennis.com/resources/v7.42.8/i/elements/gs-tag.svg,2025-06-30,2025-07-13,2025,6,Wimbledon,UZB,,GB,GBR,826,150,,Europe,Northern Europe,ENG,64.0,2000.0,4066572.0,128M/128Q/64D,"The Championships, Wimbledon",,126,7,18.0,15,2.142857142857143,Polina Kudermetova,,https://www.wtatennis.com/resources/v7.42.8/i/elements/flags/uzb.svg,R128,W,"7-5, 6-1",https://www.wtatennis.com/players/328897/polina-kudermetova,False,False,False,False,False,False,False,2,True,19,13,6,1,UZ,UZB,860,142,Asia,Central Asia,UZB,"7,5,None|6,1,None",,
1,Bad Homburg Open Powered By Solarwatt,https://photoresources.wtatennis.com/photo-resources/2026/04/16/4ae17020-01fc-4d27-a041-001034ed25de/WTA-Tournament_BadHomburg-2021.png?height=128,https://www.wtatennis.com/tournaments/2017/bad-homburg/2025,WTA 500,Grass,https://www.wtatennis.com/resources/v7.42.8/i/elements/500k-tag.svg,2025-06-22,2025-06-28,2025,6,Bad Homburg,USA,,DE,DEU,276,150,United States of America|America|USA|US,Europe,Central Europe,GER,3.0,325.0,101000.0,32M/16Q/16D,Bad Homburg Open Powered By Solarwatt,,81,4,20.25,8,2.0,Jessica Pegula,1.0,https://www.wtatennis.com/resources/v7.42.8/i/elements/flags/usa.svg,F,L,"4-6, 5-7",https://www.wtatennis.com/players/316956/jessica-pegula,False,False,False,False,False,False,False,2,False,22,9,13,0,US,USA,840,019,America,Northern America,USA,"4,6,None|5,7,None",,
2,Bad Homburg Open Powered By Solarwatt,https://photoresources.wtatennis.com/photo-resources/2026/04/16/4ae17020-01fc-4d27-a041-001034ed25de/WTA-Tournament_BadHomburg-2021.png?height=128,https://www.wtatennis.com/tournaments/2017/bad-homburg/2025,WTA 500,Grass,https://www.wtatennis.com/resources/v7.42.8/i/elements/500k-tag.svg,2025-06-22,2025-06-28,2025,6,Bad Homburg,ITA,,DE,DEU,276,150,,Europe,Central Europe,GER,4.0,325.0,101000.0,32M/16Q/16D,Bad Homburg Open Powered By Solarwatt,,81,4,20.25,8,2.0,Jasmine Paolini,2.0,https://www.wtatennis.com/resources/v7.42.8/i/elements/flags/ita.svg,SF,W,"6-1, 6-3",https://www.wtatennis.com/players/319280/jasmine-paolini,False,False,False,False,False,False,False,2,True,16,12,4,1,IT,ITA,380,150,Europe,Southern Europe,ITA,"6,1,None|6,3,None",,
3,Bad Homburg Open Powered By Solarwatt,https://photoresources.wtatennis.com/photo-resources/2026/04/16/4ae17020-01fc-4d27-a041-001034ed25de/WTA-Tournament_BadHomburg-2021.png?height=128,https://www.wtatennis.com/tournaments/2017/bad-homburg/2025,WTA 500,Grass,https://www.wtatennis.com/resources/v7.42.8/i/elements/500k-tag.svg,2025-06-22,2025-06-28,2025,6,Bad Homburg,RUS,,DE,DEU,276,150,,Europe,Central Europe,GER,18.0,325.0,101000.0,32M/16Q/16D,Bad Homburg Open Powered By Solarwatt,,81,4,20.25,8,2.0,Ekaterina Alexandrova,8.0,https://www.wtatennis.com/resources/v7.42.8/i/elements/flags/rus.svg,QF,W,"6-4, 7-6 (5)",https://www.wtatennis.com/players/319007/ekaterina-alexandrova,False,False,False,False,True,False,True,2,True,23,13,10,1,RU,RUS,643,150,Europe,Eastern Europe,RUS,"6,4,None|7,6,5",,
4,Bad Homburg Open Powered By Solarwatt,https://photoresources.wtatennis.com/photo-resources/2026/04/16/4ae17020-01fc-4d27-a041-001034ed25de/WTA-Tournament_BadHomburg-2021.png?height=128,https://www.wtatennis.com/tournaments/2017/bad-homburg/2025,WTA 500,Grass,https://www.wtatennis.com/resources/v7.42.8/i/elements/500k-tag.svg,2025-06-22,2025-06-28,2025,6,Bad Homburg,BLR,,DE,DEU,276,150,,Europe,Central Europe,GER,105.0,325.0,101000.0,32M/16Q/16D,Bad Homburg Open Powered By Solarwatt,,81,4,20.25,8,2.0,Victoria Azarenka,,https://www.wtatennis.com/resources/v7.42.8/i/elements/flags/blr.svg,R16,W,"6-4, 6-4",https://www.wtatennis.com/players/312001/victoria-azarenka,False,False,False,False,False,False,False,2,True,20,12,8,1,BY,BLR,112,150,Europe,Eastern Europe,BLR,"6,4,None|6,4,None",,
5,Bad Homburg Open Powered By Solarwatt,https://photoresources.wtatennis.com/photo-resources/2026/04/16/4ae17020-01fc-4d27-a041-001034ed25de/WTA-Tournament_BadHomburg-2021.png?height=128,https://www.wtatennis.com/tournaments/2017/bad-homburg/2025,WTA 500,Grass,https://www.wtatennis.com/resources/v7.42.8/i/elements/500k-tag.svg,2025-06-22,2025-06-28,2025,6,Bad Homburg,,,DE,DEU,276,150,,Europe,Central Europe,GER,,325.0,101000.0,32M/16Q/16D,Bad Homburg Open Powered By Solarwatt,,81,4,20.25,8,2.0,,,,R32,,Bye,,False,False,True,False,False,False,False,0,False,0,0,0,0,,,,,,,,,,
1,Roland Garros,https://photoresources.wtatennis.com/photo-resources/2026/04/16/0893d8be-5450-4e36-a144-cdd958c1b484/WTA-Tournament_Roland-Garros.png?height=128,https://www.wtatennis.com/tournaments/903/roland-garros/2025,Grand Slam,Clay,https://www.wtatennis.com/resources/v7.42.8/i/elements/gs-tag.svg,2025-05-25,2025-06-08,2025,5,Paris,BLR,,FR,FRA,250,150,,Europe,Western Europe,FRA,1.0,780.0,747079.0,128M/128Q/64D,Roland Garros,,129,6,21.5,14,2.3333333333333335,Aryna Sabalenka,1.0,https://www.wtatennis.com/resources/v7.42.8/i/elements/flags/blr.svg,SF,L,"6-7 (1), 6-4, 0-6",https://www.wtatennis.com/players/320760/aryna-sabalenka,False,False,False,True,False,False,True,3,False,29,12,17,0,BY,BLR,112,150,Europe,Eastern Europe,BLR,"6,7,1|6,4,None|0,6,None",,
2,Roland Garros,https://photoresources.wtatennis.com/photo-resources/2026/04/16/0893d8be-5450-4e36-a144-cdd958c1b484/WTA-Tournament_Roland-Garros.png?height=128,https://www.wtatennis.com/tournaments/903/roland-garros/2025,Grand Slam,Clay,https://www.wtatennis.com/resources/v7.42.8/i/elements/gs-tag.svg,2025-05-25,2025-06-08,2025,5,Paris,UKR,,FR,FRA,250,150,,Europe,Western Europe,FRA,14.0,780.0,747079.0,128M/128Q/64D,Roland Garros,,129,6,21.5,14,2.3333333333333335,Elina Svitolina,13.0,https://www.wtatennis.com/resources/v7.42.8/i/elements/flags/ukr.svg,QF,W,"6-1, 7-5",https://www.wtatennis.com/players/316738/elina-svitolina,False,False,False,False,False,False,False,2,True,19,13,6,1,UA,UKR,804,150,Europe,Eastern Europe,UKR,"6,1,None|7,5,None",,
3,Roland Garros,https://photoresources.wtatennis.com/photo-resources/2026/04/16/0893d8be-5450-4e36-a144-cdd958c1b484/WTA-Tournament_Roland-Garros.png?height=128,https://www.wtatennis.com/tournaments/903/roland-garros/2025,Grand Slam,Clay,https://www.wtatennis.com/resources/v7.42.8/i/elements/gs-tag.svg,2025-05-25,2025-06-08,2025,5,Paris,KAZ,,FR,FRA,250,150,,Europe,Western Europe,FRA,11.0,780.0,747079.0,128M/128Q/64D,Roland Garros,,129,6,21.5,14,2.3333333333333335,Elena Rybakina,12.0,https://www.wtatennis.com/resources/v7.42.8/i/elements/flags/kaz.svg,R16,W,"1-6, 6-3, 7-5",https://www.wtatennis.com/players/324166/elena-rybakina,False,False,False,False,False,False,False,3,False,28,14,14,1,KZ,KAZ,398,142,Asia,Central Asia,KAZ,"1,6,None|6,3,None|7,5,None",,
4,Roland Garros,https://photoresources.wtatennis.com/photo-resources/2026/04/16/0893d8be-5450-4e36-a144-cdd958c1b484/WTA-Tournament_Roland-Garros.png?height=128,https://www.wtatennis.com/tournaments/903/roland-garros/2025,Grand Slam,Clay,https://www.wtatennis.com/resources/v7.42.8/i/elements/gs-tag.svg,2025-05-25,2025-06-08,2025,5,Paris,ROU,,FR,FRA,250,150,,Europe,Western Europe,FRA,60.0,780.0,747079.0,128M/128Q/64D,Roland Garros,,129,6,21.5,14,2.3333333333333335,Jaqueline  Cristian,,https://www.wtatennis.com/resources/v7.42.8/i/elements/flags/rou.svg,R32,W,"6-2, 7-5",https://www.wtatennis.com/players/320319/jaqueline-cristian,False,False,False,False,False,False,False,2,True,20,13,7,1,RO,ROU,642,150,Europe,Southeastern Europe,ROU,"6,2,None|7,5,None",,
5,Roland Garros,https://photoresources.wtatennis.com/photo-resources/2026/04/16/0893d8be-5450-4e36-a144-cdd958c1b484/WTA-Tournament_Roland-Garros.png?height=128,https://www.wtatennis.com/tournaments/903/roland-garros/2025,Grand Slam,Clay,https://www.wtatennis.com/resources/v7.42.8/i/elements/gs-tag.svg,2025-05-25,2025-06-08,2025,5,Paris,GBR,,FR,FRA,250,150,Britain|UK|Great Britain|United Kingdom,Europe,Western Europe,FRA,41.0,780.0,747079.0,128M/128Q/64D,Roland Garros,,129,6,21.5,14,2.3333333333333335,Emma Raducanu,,https://www.wtatennis.com/resources/v7.42.8/i/elements/flags/gbr.svg,R64,W,"6-1, 6-2",https://www.wtatennis.com/players/328366/emma-raducanu,False,False,False,False,False,False,False,2,True,15,12,3,1,GB,GBR,826,150,Europe,Northern Europe,ENG,"6,1,None|6,2,None",,
6,Roland Garros,https://photoresources.wtatennis.com/photo-resources/2026/04/16/0893d8be-5450-4e36-a144-cdd958c1b484/WTA-Tournament_Roland-Garros.png?height=128,https://www.wtatennis.com/tournaments/903/roland-garros/2025,Grand Slam,Clay,https://www.wtatennis.com/resources/v7.42.8/i/elements/gs-tag.svg,2025-05-25,2025-06-08,2025,5,Paris,SVK,,FR,FRA,250,150,,Europe,Western Europe,FRA,42.0,780.0,747079.0,128M/128Q/64D,Roland Garros,,129,6,21.5,14,2.3333333333333335,Rebecca Sramkova,,https://www.wtatennis.com/resources/v7.42.8/i/elements/flags/svk.svg,R128,W,"6-3, 6-3",https://www.wtatennis.com/players/320228/rebecca-sramkova,False,False,False,False,False,False,False,2,True,18,12,6,1,SK,SVK,703,150,Europe,Central Europe,SVK,"6,3,None|6,3,None",,
1,Internazionali Bnl D'Italia,https://photoresources.wtatennis.com/photo-resources/2026/04/16/2c058ad8-b3d8-49a9-a863-85d7b87a6783/WTA-Tournament_Rome-2018.png?height=128,https://www.wtatennis.com/tournaments/709/rome/2025,WTA 1000,Clay,https://www.wtatennis.com/resources/v7.42.8/i/elements/1000k-tag.svg,2025-05-06,2025-05-18,2025,5,Rome,USA,,IT,ITA,380,150,United States of America|America|USA|US,Europe,Southern Europe,ITA,35.0,65.0,44057.0,128M/48Q/32D,Internazionali Bnl D'Italia,,32,2,16.0,4,2.0,Danielle Collins,29.0,https://www.wtatennis.com/resources/v7.42.8/i/elements/flags/usa.svg,R32,L,"1-6, 5-7",https://www.wtatennis.com/players/316925/danielle-collins,False,False,False,False,False,False,False,2,False,19,6,13,0,US,USA,840,019,America,Northern America,USA,"1,6,None|5,7,None",,
2,Internazionali Bnl D'Italia,https://photoresources.wtatennis.com/photo-resources/2026/04/16/2c058ad8-b3d8-49a9-a863-85d7b87a6783/WTA-Tournament_Rome-2018.png?height=128,https://www.wtatennis.com/tournaments/709/rome/2025,WTA 1000,Clay,https://www.wtatennis.com/resources/v7.42.8/i/elements/1000k-tag.svg,2025-05-06,2025-05-18,2025,5,Rome,ITA,,IT,ITA,380,150,,Europe,Southern Europe,ITA,82.0,65.0,44057.0,128M/48Q/32D,Internazionali Bnl D'Italia,,32,2,16.0,4,2.0,Elisabetta Cocciaretto,,https://www.wtatennis.com/resources/v7.42.8/i/elements/flags/ita.svg,R64,W,"6-1, 6-0",https://www.wtatennis.com/players/327909/elisabetta-cocciaretto,False,False,False,False,False,False,False,2,True,13,12,1,1,IT,ITA,380,150,Europe,Southern Europe,ITA,"6,1,None|6,0,None",,
3,Internazionali Bnl D'Italia,https://photoresources.wtatennis.com/photo-resources/2026/04/16/2c058ad8-b3d8-49a9-a863-85d7b87a6783/WTA-Tournament_Rome-2018.png?height=128,https://www.wtatennis.com/tournaments/709/rome/2025,WTA 1000,Clay,https://www.wtatennis.com/resources/v7.42.8/i/elements/1000k-tag.svg,2025-05-06,2025-05-18,2025,5,Rome,,,IT,ITA,380,150,,Europe,Southern Europe,ITA,,65.0,44057.0,128M/48Q/32D,Internazionali Bnl D'Italia,,32,2,16.0,4,2.0,,,,R128,,Bye,,False,False,True,False,False,False,False,0,False,0,0,0,0,,,,,,,,,,
1,Mutua Madrid Open,https://photoresources.wtatennis.com/photo-resources/2026/04/16/46f056ec-5c74-4159-bc35-97ca4c015c80/WTA-Tournament_Madrid-2023.png?height=128,https://www.wtatennis.com/tournaments/1038/madrid/2025,WTA 1000,Clay,https://www.wtatennis.com/resources/v7.42.8/i/elements/1000k-tag.svg,2025-04-22,2025-05-04,2025,4,Madrid,USA,,ES,ESP,724,150,United States of America|America|USA|US,Europe,Southern Europe,ESP,4.0,390.0,332160.0,128M/48Q/32D,Mutua Madrid Open,,112,5,22.4,13,2.6,Coco Gauff,4.0,https://www.wtatennis.com/resources/v7.42.8/i/elements/flags/usa.svg,SF,L,"1-6, 1-6",https://www.wtatennis.com/players/328560/coco-gauff,False,False,False,False,False,False,False,2,False,14,2,12,0,US,USA,840,019,America,Northern America,USA,"1,6,None|1,6,None",,
2,Mutua Madrid Open,https://photoresources.wtatennis.com/photo-resources/2026/04/16/46f056ec-5c74-4159-bc35-97ca4c015c80/WTA-Tournament_Madrid-2023.png?height=128,https://www.wtatennis.com/tournaments/1038/madrid/2025,WTA 1000,Clay,https://www.wtatennis.com/resources/v7.42.8/i/elements/1000k-tag.svg,2025-04-22,2025-05-04,2025,4,Madrid,USA,,ES,ESP,724,150,United States of America|America|USA|US,Europe,Southern Europe,ESP,5.0,390.0,332160.0,128M/48Q/32D,Mutua Madrid Open,,112,5,22.4,13,2.6,Madison Keys,5.0,https://www.wtatennis.com/resources/v7.42.8/i/elements/flags/usa.svg,QF,W,"0-6, 6-3, 6-2",https://www.wtatennis.com/players/316959/madison-keys,False,False,False,False,False,False,False,3,False,23,12,11,1,US,USA,840,019,America,Northern America,USA,"0,6,None|6,3,None|6,2,None",,
3,Mutua Madrid Open,https://photoresources.wtatennis.com/photo-resources/2026/04/16/46f056ec-5c74-4159-bc35-97ca4c015c80/WTA-Tournament_Madrid-2023.png?height=128,https://www.wtatennis.com/tournaments/1038/madrid/2025,WTA 1000,Clay,https://www.wtatennis.com/resources/v7.42.8/i/elements/1000k-tag.svg,2025-04-22,2025-05-04,2025,4,Madrid,RUS,,ES,ESP,724,150,,Europe,Southern Europe,ESP,13.0,390.0,332160.0,128M/48Q/32D,Mutua Madrid Open,,112,5,22.4,13,2.6,Diana Shnaider,13.0,https://www.wtatennis.com/resources/v7.42.8/i/elements/flags/rus.svg,R16,W,"6-0, 6-7 (3), 6-4",https://www.wtatennis.com/players/330482/diana-shnaider,False,False,False,False,True,False,True,3,True,29,18,11,1,RU,RUS,643,150,Europe,Eastern Europe,RUS,"6,0,None|6,7,3|6,4,None",,
4,Mutua Madrid Open,https://photoresources.wtatennis.com/photo-resources/2026/04/16/46f056ec-5c74-4159-bc35-97ca4c015c80/WTA-Tournament_Madrid-2023.png?height=128,https://www.wtatennis.com/tournaments/1038/madrid/2025,WTA 1000,Clay,https://www.wtatennis.com/resources/v7.42.8/i/elements/1000k-tag.svg,2025-04-22,2025-05-04,2025,4,Madrid,CZE,,ES,ESP,724,150,,Europe,Southern Europe,ESP,31.0,390.0,332160.0,128M/48Q/32D,Mutua Madrid Open,,112,5,22.4,13,2.6,Linda Noskova,31.0,https://www.wtatennis.com/resources/v7.42.8/i/elements/flags/cze.svg,R32,W,"6-4, 6-2",https://www.wtatennis.com/players/329668/linda-noskova,False,False,False,False,False,False,False,2,True,18,12,6,1,CZ,CZE,203,150,Europe,Central Europe,CZE,"6,4,None|6,2,None",,
5,Mutua Madrid Open,https://photoresources.wtatennis.com/photo-resources/2026/04/16/46f056ec-5c74-4159-bc35-97ca4c015c80/WTA-Tournament_Madrid-2023.png?height=128,https://www.wtatennis.com/tournaments/1038/madrid/2025,WTA 1000,Clay,https://www.wtatennis.com/resources/v7.42.8/i/elements/1000k-tag.svg,2025-04-22,2025-05-04,2025,4,Madrid,PHI,,ES,ESP,724,150,,Europe,Southern Europe,ESP,72.0,390.0,332160.0,128M/48Q/32D,Mutua Madrid Open,,112,5,22.4,13,2.6,Alexandra Eala,,https://www.wtatennis.com/resources/v7.42.8/i/elements/flags/phi.svg,R64,W,"4-6, 6-4, 6-2",https://www.wtatennis.com/players/330332/alexandra-eala,False,False,False,False,False,False,False,3,False,28,16,12,1,PH,PHL,608,142,Asia,Southeast Asia,PHI,"4,6,None|6,4,None|6,2,None",,
6,Mutua Madrid Open,https://photoresources.wtatennis.com/photo-resources/2026/04/16/46f056ec-5c74-4159-bc35-97ca4c015c80/WTA-Tournament_Madrid-2023.png?height=128,https://www.wtatennis.com/tournaments/1038/madrid/2025,WTA 1000,Clay,https://www.wtatennis.com/resources/v7.42.8/i/elements/1000k-tag.svg,2025-04-22,2025-05-04,2025,4,Madrid,,,ES,ESP,724,150,,Europe,Southern Europe,ESP,,390.0,332160.0,128M/48Q/32D,Mutua Madrid Open,,112,5,22.4,13,2.6,,,,R128,,Bye,,False,False,True,False,False,False,False,0,False,0,0,0,0,,,,,,,,,,
1,Porsche Tennis Grand Prix,https://photoresources.wtatennis.com/photo-resources/2026/04/16/853dd66d-3c70-40ab-9215-4a22158de24a/WTA-Tournament_Stuttgart-2017.png?height=128,https://www.wtatennis.com/tournaments/1051/stuttgart/2025,WTA 500,Clay,https://www.wtatennis.com/resources/v7.42.8/i/elements/500k-tag.svg,2025-04-14,2025-04-21,2025,4,Stuttgart,LAT,,DE,DEU,276,150,,Europe,Central Europe,GER,24.0,108.0,24950.0,32M/16Q/16D,Porsche Tennis Grand Prix,,42,2,21.0,5,2.5,Jelena Ostapenko,,https://www.wtatennis.com/resources/v7.42.8/i/elements/flags/lat.svg,QF,L,"3-6, 6-3, 2-6",https://www.wtatennis.com/players/319939/jelena-ostapenko,False,False,False,False,False,False,False,3,False,26,11,15,0,,,,,,,LAT,"3,6,None|6,3,None|2,6,None",,
2,Porsche Tennis Grand Prix,https://photoresources.wtatennis.com/photo-resources/2026/04/16/853dd66d-3c70-40ab-9215-4a22158de24a/WTA-Tournament_Stuttgart-2017.png?height=128,https://www.wtatennis.com/tournaments/1051/stuttgart/2025,WTA 500,Clay,https://www.wtatennis.com/resources/v7.42.8/i/elements/500k-tag.svg,2025-04-14,2025-04-21,2025,4,Stuttgart,CRO,,DE,DEU,276,150,,Europe,Central Europe,GER,153.0,108.0,24950.0,32M/16Q/16D,Porsche Tennis Grand Prix,,42,2,21.0,5,2.5,Jana Fett,,https://www.wtatennis.com/resources/v7.42.8/i/elements/flags/cro.svg,R16,W,"6-2, 6-2",https://www.wtatennis.com/players/320945/jana-fett,False,False,False,False,False,False,False,2,True,16,12,4,1,HR,HRV,191,150,Europe,Southeastern Europe,CRO,"6,2,None|6,2,None",,
3,Porsche Tennis Grand Prix,https://photoresources.wtatennis.com/photo-resources/2026/04/16/853dd66d-3c70-40ab-9215-4a22158de24a/WTA-Tournament_Stuttgart-2017.png?height=128,https://www.wtatennis.com/tournaments/1051/stuttgart/2025,WTA 500,Clay,https://www.wtatennis.com/resources/v7.42.8/i/elements/500k-tag.svg,2025-04-14,2025-04-21,2025,4,Stuttgart,,,DE,DEU,276,150,,Europe,Central Europe,GER,,108.0,24950.0,32M/16Q/16D,Porsche Tennis Grand Prix,,42,2,21.0,5,2.5,,,,R32,,Bye,,False,False,True,False,False,False,False,0,False,0,0,0,0,,,,,,,,,,
1,Miami Open Presented By Itaú,https://photoresources.wtatennis.com/photo-resources/2026/04/16/e0f2d5a2-cc05-4b2a-8377-f57edf6eaaa2/WTA-Tournament_Miami-2024.png?height=128,https://www.wtatennis.com/tournaments/902/miami/2025,WTA 1000,Hard,https://www.wtatennis.com/resources/v7.42.8/i/elements/1000k-tag.svg,2025-03-18,2025-03-30,2025,3,Miami,PHI,FL,US,USA,840,019,,America,Northern America,USA,140.0,215.0,189075.0,128M/48Q/32D,Miami Open Presented By Itaú,,82,4,20.5,8,2.0,Alexandra Eala,,https://www.wtatennis.com/resources/v7.42.8/i/elements/flags/phi.svg,QF,L,"2-6, 5-7",https://www.wtatennis.com/players/330332/alexandra-eala,False,False,False,False,False,False,False,2,False,20,7,13,0,PH,PHL,608,142,Asia,Southeast Asia,PHI,"2,6,None|5,7,None",,
2,Miami Open Presented By Itaú,https://photoresources.wtatennis.com/photo-resources/2026/04/16/e0f2d5a2-cc05-4b2a-8377-f57edf6eaaa2/WTA-Tournament_Miami-2024.png?height=128,https://www.wtatennis.com/tournaments/902/miami/2025,WTA 1000,Hard,https://www.wtatennis.com/resources/v7.42.8/i/elements/1000k-tag.svg,2025-03-18,2025-03-30,2025,3,Miami,UKR,FL,US,USA,840,019,,America,Northern America,USA,22.0,215.0,189075.0,128M/48Q/32D,Miami Open Presented By Itaú,,82,4,20.5,8,2.0,Elina Svitolina,22.0,https://www.wtatennis.com/resources/v7.42.8/i/elements/flags/ukr.svg,R16,W,"7-6 (5), 6-3",https://www.wtatennis.com/players/316738/elina-svitolina,False,False,False,True,False,False,True,2,True,22,13,9,1,UA,UKR,804,150,Europe,Eastern Europe,UKR,"7,6,5|6,3,None",,
3,Miami Open Presented By Itaú,https://photoresources.wtatennis.com/photo-resources/2026/04/16/e0f2d5a2-cc05-4b2a-8377-f57edf6eaaa2/WTA-Tournament_Miami-2024.png?height=128,https://www.wtatennis.com/tournaments/902/miami/2025,WTA 1000,Hard,https://www.wtatennis.com/resources/v7.42.8/i/elements/1000k-tag.svg,2025-03-18,2025-03-30,2025,3,Miami,BEL,FL,US,USA,840,019,,America,Northern America,USA,28.0,215.0,189075.0,128M/48Q/32D,Miami Open Presented By Itaú,,82,4,20.5,8,2.0,Elise Mertens,27.0,https://www.wtatennis.com/resources/v7.42.8/i/elements/flags/bel.svg,R32,W,"7-6 (2), 6-1",https://www.wtatennis.com/players/317964/elise-mertens,False,False,False,True,False,False,True,2,True,20,13,7,1,BE,BEL,056,150,Europe,Western Europe,BEL,"7,6,2|6,1,None",,
4,Miami Open Presented By Itaú,https://photoresources.wtatennis.com/photo-resources/2026/04/16/e0f2d5a2-cc05-4b2a-8377-f57edf6eaaa2/WTA-Tournament_Miami-2024.png?height=128,https://www.wtatennis.com/tournaments/902/miami/2025,WTA 1000,Hard,https://www.wtatennis.com/resources/v7.42.8/i/elements/1000k-tag.svg,2025-03-18,2025-03-30,2025,3,Miami,FRA,FL,US,USA,840,019,,America,Northern America,USA,74.0,215.0,189075.0,128M/48Q/32D,Miami Open Presented By Itaú,,82,4,20.5,8,2.0,Caroline Garcia,,https://www.wtatennis.com/resources/v7.42.8/i/elements/flags/fra.svg,R64,W,"6-2, 7-5",https://www.wtatennis.com/players/315391/caroline-garcia,False,False,False,False,False,False,False,2,True,20,13,7,1,FR,FRA,250,150,Europe,Western Europe,FRA,"6,2,None|7,5,None",,
5,Miami Open Presented By Itaú,https://photoresources.wtatennis.com/photo-resources/2026/04/16/e0f2d5a2-cc05-4b2a-8377-f57edf6eaaa2/WTA-Tournament_Miami-2024.png?height=128,https://www.wtatennis.com/tournaments/902/miami/2025,WTA 1000,Hard,https://www.wtatennis.com/resources/v7.42.8/i/elements/1000k-tag.svg,2025-03-18,2025-03-30,2025,3,Miami,,FL,US,USA,840,019,,America,Northern America,USA,,215.0,189075.0,128M/48Q/32D,Miami Open Presented By Itaú,,82,4,20.5,8,2.0,,,,R128,,Bye,,False,False,True,False,False,False,False,0,False,0,0,0,0,,,,,,,,,,
1,Bnp Paribas Open,https://photoresources.wtatennis.com/photo-resources/2026/04/16/a1736320-dd92-4829-8aa8-846c2edef410/WTA-Tournament_Indian-Wells-2017.png?height=128,https://www.wtatennis.com/tournaments/609/indian-wells/2025,WTA 1000,Hard,https://www.wtatennis.com/resources/v7.42.8/i/elements/1000k-tag.svg,2025-03-05,2025-03-16,2025,3,Indian Wells,RUS,CA,US,USA,840,019,,America,Northern America,USA,11.0,390.0,333125.0,128M/48Q/32D,Bnp Paribas Open,,89,5,17.8,11,2.2,Mirra Andreeva,9.0,https://www.wtatennis.com/resources/v7.42.8/i/elements/flags/rus.svg,SF,L,"6-7 (1), 6-1, 3-6",https://www.wtatennis.com/players/331809/mirra-andreeva,False,False,False,True,False,False,True,3,False,29,15,14,0,RU,RUS,643,150,Europe,Eastern Europe,RUS,"6,7,1|6,1,None|3,6,None",,
2,Bnp Paribas Open,https://photoresources.wtatennis.com/photo-resources/2026/04/16/a1736320-dd92-4829-8aa8-846c2edef410/WTA-Tournament_Indian-Wells-2017.png?height=128,https://www.wtatennis.com/tournaments/609/indian-wells/2025,WTA 1000,Hard,https://www.wtatennis.com/resources/v7.42.8/i/elements/1000k-tag.svg,2025-03-05,2025-03-16,2025,3,Indian Wells,CHN,CA,US,USA,840,019,,America,Northern America,USA,9.0,390.0,333125.0,128M/48Q/32D,Bnp Paribas Open,,89,5,17.8,11,2.2,Qinwen Zheng,8.0,https://www.wtatennis.com/resources/v7.42.8/i/elements/flags/chn.svg,QF,W,"6-3, 6-3",https://www.wtatennis.com/players/328120/qinwen-zheng,False,False,False,False,False,False,False,2,True,18,12,6,1,CN,CHN,156,142,Asia,East Asia,CHN,"6,3,None|6,3,None",,
3,Bnp Paribas Open,https://photoresources.wtatennis.com/photo-resources/2026/04/16/a1736320-dd92-4829-8aa8-846c2edef410/WTA-Tournament_Indian-Wells-2017.png?height=128,https://www.wtatennis.com/tournaments/609/indian-wells/2025,WTA 1000,Hard,https://www.wtatennis.com/resources/v7.42.8/i/elements/1000k-tag.svg,2025-03-05,2025-03-16,2025,3,Indian Wells,CZE,CA,US,USA,840,019,,America,Northern America,USA,15.0,390.0,333125.0,128M/48Q/32D,Bnp Paribas Open,,89,5,17.8,11,2.2,Karolina Muchova,15.0,https://www.wtatennis.com/resources/v7.42.8/i/elements/flags/cze.svg,R16,W,"6-1, 6-1",https://www.wtatennis.com/players/322191/karolina-muchova,False,False,False,False,False,False,False,2,True,14,12,2,1,CZ,CZE,203,150,Europe,Central Europe,CZE,"6,1,None|6,1,None",,
4,Bnp Paribas Open,https://photoresources.wtatennis.com/photo-resources/2026/04/16/a1736320-dd92-4829-8aa8-846c2edef410/WTA-Tournament_Indian-Wells-2017.png?height=128,https://www.wtatennis.com/tournaments/609/indian-wells/2025,WTA 1000,Hard,https://www.wtatennis.com/resources/v7.42.8/i/elements/1000k-tag.svg,2025-03-05,2025-03-16,2025,3,Indian Wells,UKR,CA,US,USA,840,019,,America,Northern America,USA,46.0,390.0,333125.0,128M/48Q/32D,Bnp Paribas Open,,89,5,17.8,11,2.2,Dayana Yastremska,,https://www.wtatennis.com/resources/v7.42.8/i/elements/flags/ukr.svg,R32,W,"6-0, 6-2",https://www.wtatennis.com/players/324261/dayana-yastremska,False,False,False,False,False,False,False,2,True,14,12,2,1,UA,UKR,804,150,Europe,Eastern Europe,UKR,"6,0,None|6,2,None",,
5,Bnp Paribas Open,https://photoresources.wtatennis.com/photo-resources/2026/04/16/a1736320-dd92-4829-8aa8-846c2edef410/WTA-Tournament_Indian-Wells-2017.png?height=128,https://www.wtatennis.com/tournaments/609/indian-wells/2025,WTA 1000,Hard,https://www.wtatennis.com/resources/v7.42.8/i/elements/1000k-tag.svg,2025-03-05,2025-03-16,2025,3,Indian Wells,FRA,CA,US,USA,840,019,,America,Northern America,USA,71.0,390.0,333125.0,128M/48Q/32D,Bnp Paribas Open,,89,5,17.8,11,2.2,Caroline Garcia,,https://www.wtatennis.com/resources/v7.42.8/i/elements/flags/fra.svg,R64,W,"6-2, 6-0",https://www.wtatennis.com/players/315391/caroline-garcia,False,False,False,False,False,False,False,2,True,14,12,2,1,FR,FRA,250,150,Europe,Western Europe,FRA,"6,2,None|6,0,None",,
6,Bnp Paribas Open,https://photoresources.wtatennis.com/photo-resources/2026/04/16/a1736320-dd92-4829-8aa8-846c2edef410/WTA-Tournament_Indian-Wells-2017.png?height=128,https://www.wtatennis.com/tournaments/609/indian-wells/2025,WTA 1000,Hard,https://www.wtatennis.com/resources/v7.42.8/i/elements/1000k-tag.svg,2025-03-05,2025-03-16,2025,3,Indian Wells,,CA,US,USA,840,019,,America,Northern America,USA,,390.0,333125.0,128M/48Q/32D,Bnp Paribas Open,,89,5,17.8,11,2.2,,,,R128,,Bye,,False,False,True,False,False,False,False,0,False,0,0,0,0,,,,,,,,,,
1,Dubai Duty Free Tennis Championships,https://photoresources.wtatennis.com/photo-resources/2026/04/16/2aee9d91-0756-4a92-b0bb-09b8d0dd8d76/WTA-Tournament_Dubai-2017.png?height=128,https://www.wtatennis.com/tournaments/718/dubai/2025,WTA 1000,Hard,https://www.wtatennis.com/resources/v7.42.8/i/elements/1000k-tag.svg,2025-02-16,2025-02-22,2025,2,Dubai,RUS,,AE,ARE,784,142,,Asia,Western Asia,UAE,14.0,215.0,83470.0,64M/32Q/32D,Dubai Duty Free Tennis Championships,,50,3,16.666666666666668,6,2.0,Mirra Andreeva,12.0,https://www.wtatennis.com/resources/v7.42.8/i/elements/flags/rus.svg,QF,L,"3-6, 3-6",https://www.wtatennis.com/players/331809/mirra-andreeva,False,False,False,False,False,False,False,2,False,18,6,12,0,RU,RUS,643,150,Europe,Eastern Europe,RUS,"3,6,None|3,6,None",,
2,Dubai Duty Free Tennis Championships,https://photoresources.wtatennis.com/photo-resources/2026/04/16/2aee9d91-0756-4a92-b0bb-09b8d0dd8d76/WTA-Tournament_Dubai-2017.png?height=128,https://www.wtatennis.com/tournaments/718/dubai/2025,WTA 1000,Hard,https://www.wtatennis.com/resources/v7.42.8/i/elements/1000k-tag.svg,2025-02-16,2025-02-22,2025,2,Dubai,UKR,,AE,ARE,784,142,,Asia,Western Asia,UAE,48.0,215.0,83470.0,64M/32Q/32D,Dubai Duty Free Tennis Championships,,50,3,16.666666666666668,6,2.0,Dayana Yastremska,,https://www.wtatennis.com/resources/v7.42.8/i/elements/flags/ukr.svg,R16,W,"7-5, 6-0",https://www.wtatennis.com/players/324261/dayana-yastremska,False,False,False,False,False,False,False,2,True,18,13,5,1,UA,UKR,804,150,Europe,Eastern Europe,UKR,"7,5,None|6,0,None",,
3,Dubai Duty Free Tennis Championships,https://photoresources.wtatennis.com/photo-resources/2026/04/16/2aee9d91-0756-4a92-b0bb-09b8d0dd8d76/WTA-Tournament_Dubai-2017.png?height=128,https://www.wtatennis.com/tournaments/718/dubai/2025,WTA 1000,Hard,https://www.wtatennis.com/resources/v7.42.8/i/elements/1000k-tag.svg,2025-02-16,2025-02-22,2025,2,Dubai,BLR,,AE,ARE,784,142,,Asia,Western Asia,UAE,34.0,215.0,83470.0,64M/32Q/32D,Dubai Duty Free Tennis Championships,,50,3,16.666666666666668,6,2.0,Victoria Azarenka,,https://www.wtatennis.com/resources/v7.42.8/i/elements/flags/blr.svg,R32,W,"6-0, 6-2",https://www.wtatennis.com/players/312001/victoria-azarenka,False,False,False,False,False,False,False,2,True,14,12,2,1,BY,BLR,112,150,Europe,Eastern Europe,BLR,"6,0,None|6,2,None",,
4,Dubai Duty Free Tennis Championships,https://photoresources.wtatennis.com/photo-resources/2026/04/16/2aee9d91-0756-4a92-b0bb-09b8d0dd8d76/WTA-Tournament_Dubai-2017.png?height=128,https://www.wtatennis.com/tournaments/718/dubai/2025,WTA 1000,Hard,https://www.wtatennis.com/resources/v7.42.8/i/elements/1000k-tag.svg,2025-02-16,2025-02-22,2025,2,Dubai,,,AE,ARE,784,142,,Asia,Western Asia,UAE,,215.0,83470.0,64M/32Q/32D,Dubai Duty Free Tennis Championships,,50,3,16.666666666666668,6,2.0,,,,R64,,Bye,,False,False,True,False,False,False,False,0,False,0,0,0,0,,,,,,,,,,
1,Qatar Totalenergies Open 2025,https://photoresources.wtatennis.com/photo-resources/2026/04/16/c44d1d24-32ae-4ebe-b5e8-bd228bfb4fc8/1003_Doha_2026.png?height=128,https://www.wtatennis.com/tournaments/1003/doha/2025,WTA 1000,Hard,https://www.wtatennis.com/resources/v7.42.8/i/elements/1000k-tag.svg,2025-02-09,2025-02-15,2025,2,Doha,LAT,,QA,QAT,634,142,,Asia,Western Asia,QAT,37.0,390.0,181400.0,64M/32Q/32D,Qatar Totalenergies Open 2025,,86,4,21.5,9,2.25,Jelena Ostapenko,,https://www.wtatennis.com/resources/v7.42.8/i/elements/flags/lat.svg,SF,L,"3-6, 1-6",https://www.wtatennis.com/players/319939/jelena-ostapenko,False,False,False,False,False,False,False,2,False,16,4,12,0,,,,,,,LAT,"3,6,None|1,6,None",,
2,Qatar Totalenergies Open 2025,https://photoresources.wtatennis.com/photo-resources/2026/04/16/c44d1d24-32ae-4ebe-b5e8-bd228bfb4fc8/1003_Doha_2026.png?height=128,https://www.wtatennis.com/tournaments/1003/doha/2025,WTA 1000,Hard,https://www.wtatennis.com/resources/v7.42.8/i/elements/1000k-tag.svg,2025-02-09,2025-02-15,2025,2,Doha,KAZ,,QA,QAT,634,142,,Asia,Western Asia,QAT,7.0,390.0,181400.0,64M/32Q/32D,Qatar Totalenergies Open 2025,,86,4,21.5,9,2.25,Elena Rybakina,5.0,https://www.wtatennis.com/resources/v7.42.8/i/elements/flags/kaz.svg,QF,W,"6-2, 7-5",https://www.wtatennis.com/players/324166/elena-rybakina,False,False,False,False,False,False,False,2,True,20,13,7,1,KZ,KAZ,398,142,Asia,Central Asia,KAZ,"6,2,None|7,5,None",,
3,Qatar Totalenergies Open 2025,https://photoresources.wtatennis.com/photo-resources/2026/04/16/c44d1d24-32ae-4ebe-b5e8-bd228bfb4fc8/1003_Doha_2026.png?height=128,https://www.wtatennis.com/tournaments/1003/doha/2025,WTA 1000,Hard,https://www.wtatennis.com/resources/v7.42.8/i/elements/1000k-tag.svg,2025-02-09,2025-02-15,2025,2,Doha,CZE,,QA,QAT,634,142,,Asia,Western Asia,QAT,33.0,390.0,181400.0,64M/32Q/32D,Qatar Totalenergies Open 2025,,86,4,21.5,9,2.25,Linda Noskova,,https://www.wtatennis.com/resources/v7.42.8/i/elements/flags/cze.svg,R16,W,"6-7 (1), 6-4, 6-4",https://www.wtatennis.com/players/329668/linda-noskova,False,False,False,True,False,False,True,3,False,33,18,15,1,CZ,CZE,203,150,Europe,Central Europe,CZE,"6,7,1|6,4,None|6,4,None",,
4,Qatar Totalenergies Open 2025,https://photoresources.wtatennis.com/photo-resources/2026/04/16/c44d1d24-32ae-4ebe-b5e8-bd228bfb4fc8/1003_Doha_2026.png?height=128,https://www.wtatennis.com/tournaments/1003/doha/2025,WTA 1000,Hard,https://www.wtatennis.com/resources/v7.42.8/i/elements/1000k-tag.svg,2025-02-09,2025-02-15,2025,2,Doha,GRE,,QA,QAT,634,142,,Asia,Western Asia,QAT,29.0,390.0,181400.0,64M/32Q/32D,Qatar Totalenergies Open 2025,,86,4,21.5,9,2.25,Maria Sakkari,,https://www.wtatennis.com/resources/v7.42.8/i/elements/flags/gre.svg,R32,W,"6-3, 6-2",https://www.wtatennis.com/players/318312/maria-sakkari,False,False,False,False,False,False,False,2,True,17,12,5,1,GR,GRC,300,150,Europe,Southeastern Europe,GRE,"6,3,None|6,2,None",,
5,Qatar Totalenergies Open 2025,https://photoresources.wtatennis.com/photo-resources/2026/04/16/c44d1d24-32ae-4ebe-b5e8-bd228bfb4fc8/1003_Doha_2026.png?height=128,https://www.wtatennis.com/tournaments/1003/doha/2025,WTA 1000,Hard,https://www.wtatennis.com/resources/v7.42.8/i/elements/1000k-tag.svg,2025-02-09,2025-02-15,2025,2,Doha,,,QA,QAT,634,142,,Asia,Western Asia,QAT,,390.0,181400.0,64M/32Q/32D,Qatar Totalenergies Open 2025,,86,4,21.5,9,2.25,,,,R64,,Bye,,False,False,True,False,False,False,False,0,False,0,0,0,0,,,,,,,,,,
1,Australian Open,https://photoresources.wtatennis.com/photo-resources/2026/04/16/6b041ce4-8b08-4fff-be75-89d1c452c157/WTA-Tournament_Australian-Open.png?height=128,https://www.wtatennis.com/tournaments/901/australian-open/2025,Grand Slam,Hard,https://www.wtatennis.com/resources/v7.42.8/i/elements/gs-tag.svg,2025-01-12,2025-01-26,2025,1,Melbourne,USA,,AU,AUS,036,009,United States of America|America|USA|US,Oceania,Australasia,AUS,14.0,780.0,694291.0,128M/128Q/64D,Australian Open,,106,6,17.666666666666668,13,2.1666666666666665,Madison Keys,19.0,https://www.wtatennis.com/resources/v7.42.8/i/elements/flags/usa.svg,SF,L,"7-5, 1-6, 6-7 (8)",https://www.wtatennis.com/players/316959/madison-keys,False,False,False,False,False,True,True,3,True,32,14,18,0,US,USA,840,019,America,Northern America,USA,"7,5,None|1,6,None|6,7,8",,
2,Australian Open,https://photoresources.wtatennis.com/photo-resources/2026/04/16/6b041ce4-8b08-4fff-be75-89d1c452c157/WTA-Tournament_Australian-Open.png?height=128,https://www.wtatennis.com/tournaments/901/australian-open/2025,Grand Slam,Hard,https://www.wtatennis.com/resources/v7.42.8/i/elements/gs-tag.svg,2025-01-12,2025-01-26,2025,1,Melbourne,USA,,AU,AUS,036,009,United States of America|America|USA|US,Oceania,Australasia,AUS,8.0,780.0,694291.0,128M/128Q/64D,Australian Open,,106,6,17.666666666666668,13,2.1666666666666665,Emma Navarro,8.0,https://www.wtatennis.com/resources/v7.42.8/i/elements/flags/usa.svg,QF,W,"6-1, 6-2",https://www.wtatennis.com/players/325410/emma-navarro,False,False,False,False,False,False,False,2,True,15,12,3,1,US,USA,840,019,America,Northern America,USA,"6,1,None|6,2,None",,
3,Australian Open,https://photoresources.wtatennis.com/photo-resources/2026/04/16/6b041ce4-8b08-4fff-be75-89d1c452c157/WTA-Tournament_Australian-Open.png?height=128,https://www.wtatennis.com/tournaments/901/australian-open/2025,Grand Slam,Hard,https://www.wtatennis.com/resources/v7.42.8/i/elements/gs-tag.svg,2025-01-12,2025-01-26,2025,1,Melbourne,GER,,AU,AUS,036,009,,Oceania,Australasia,AUS,128.0,780.0,694291.0,128M/128Q/64D,Australian Open,,106,6,17.666666666666668,13,2.1666666666666665,Eva Lys,,https://www.wtatennis.com/resources/v7.42.8/i/elements/flags/ger.svg,R16,W,"6-0, 6-1",https://www.wtatennis.com/players/325826/eva-lys,False,False,False,False,False,False,False,2,True,13,12,1,1,DE,DEU,276,150,Europe,Central Europe,GER,"6,0,None|6,1,None",,
4,Australian Open,https://photoresources.wtatennis.com/photo-resources/2026/04/16/6b041ce4-8b08-4fff-be75-89d1c452c157/WTA-Tournament_Australian-Open.png?height=128,https://www.wtatennis.com/tournaments/901/australian-open/2025,Grand Slam,Hard,https://www.wtatennis.com/resources/v7.42.8/i/elements/gs-tag.svg,2025-01-12,2025-01-26,2025,1,Melbourne,GBR,,AU,AUS,036,009,Britain|UK|Great Britain|United Kingdom,Oceania,Australasia,AUS,61.0,780.0,694291.0,128M/128Q/64D,Australian Open,,106,6,17.666666666666668,13,2.1666666666666665,Emma Raducanu,,https://www.wtatennis.com/resources/v7.42.8/i/elements/flags/gbr.svg,R32,W,"6-1, 6-0",https://www.wtatennis.com/players/328366/emma-raducanu,False,False,False,False,False,False,False,2,True,13,12,1,1,GB,GBR,826,150,Europe,Northern Europe,ENG,"6,1,None|6,0,None",,
5,Australian Open,https://photoresources.wtatennis.com/photo-resources/2026/04/16/6b041ce4-8b08-4fff-be75-89d1c452c157/WTA-Tournament_Australian-Open.png?height=128,https://www.wtatennis.com/tournaments/901/australian-open/2025,Grand Slam,Hard,https://www.wtatennis.com/resources/v7.42.8/i/elements/gs-tag.svg,2025-01-12,2025-01-26,2025,1,Melbourne,SVK,,AU,AUS,036,009,,Oceania,Australasia,AUS,49.0,780.0,694291.0,128M/128Q/64D,Australian Open,,106,6,17.666666666666668,13,2.1666666666666665,Rebecca Sramkova,,https://www.wtatennis.com/resources/v7.42.8/i/elements/flags/svk.svg,R64,W,"6-0, 6-2",https://www.wtatennis.com/players/320228/rebecca-sramkova,False,False,False,False,False,False,False,2,True,14,12,2,1,SK,SVK,703,150,Europe,Central Europe,SVK,"6,0,None|6,2,None",,
6,Australian Open,https://photoresources.wtatennis.com/photo-resources/2026/04/16/6b041ce4-8b08-4fff-be75-89d1c452c157/WTA-Tournament_Australian-Open.png?height=128,https://www.wtatennis.com/tournaments/901/australian-open/2025,Grand Slam,Hard,https://www.wtatennis.com/resources/v7.42.8/i/elements/gs-tag.svg,2025-01-12,2025-01-26,2025,1,Melbourne,CZE,,AU,AUS,036,009,,Oceania,Australasia,AUS,50.0,780.0,694291.0,128M/128Q/64D,Australian Open,,106,6,17.666666666666668,13,2.1666666666666665,Katerina Siniakova,,https://www.wtatennis.com/resources/v7.42.8/i/elements/flags/cze.svg,R128,W,"6-3, 6-4",https://www.wtatennis.com/players/320301/katerina-siniakova,False,False,False,False,False,False,False,2,True,19,12,7,1,CZ,CZE,203,150,Europe,Central Europe,CZE,"6,3,None|6,4,None",,
1,United Cup,https://photoresources.wtatennis.com/photo-resources/2026/04/16/4747c6b3-5f7f-4dd1-8f1b-30ede7d1b539/WTA-Tournament_United-cup.jpg?height=128,https://www.wtatennis.com/tournaments/2084/united-cup/2025,WTA 500,Hard,https://www.wtatennis.com/resources/v7.42.8/i/elements/500k-tag.svg,2025-12-27,2025-01-05,2025,12,Sydney + Perth,NOR,,AU,AUS,036,009,,Oceania,Australasia,AUS,404.0,325.0,600900.0,0M/0Q/0D,United Cup,,105,5,21.0,11,2.2,Malene Helgø,15.0,https://www.wtatennis.com/resources/v7.42.8/i/elements/flags/nor.svg,Round R,W,"6-1, 6-0",https://www.wtatennis.com/players/323055/malene-helg,False,False,False,False,False,False,False,2,True,13,12,1,1,NO,NOR,578,150,Europe,Northern Europe,NOR,"6,1,None|6,0,None",,
2,United Cup,https://photoresources.wtatennis.com/photo-resources/2026/04/16/4747c6b3-5f7f-4dd1-8f1b-30ede7d1b539/WTA-Tournament_United-cup.jpg?height=128,https://www.wtatennis.com/tournaments/2084/united-cup/2025,WTA 500,Hard,https://www.wtatennis.com/resources/v7.42.8/i/elements/500k-tag.svg,2025-12-27,2025-01-05,2025,12,Sydney + Perth,CZE,,AU,AUS,036,009,,Oceania,Australasia,AUS,22.0,325.0,600900.0,0M/0Q/0D,United Cup,,105,5,21.0,11,2.2,Karolina Muchova,8.0,https://www.wtatennis.com/resources/v7.42.8/i/elements/flags/cze.svg,Round R,W,"6-3, 6-4",https://www.wtatennis.com/players/322191/karolina-muchova,False,False,False,False,False,False,False,2,True,19,12,7,1,CZ,CZE,203,150,Europe,Central Europe,CZE,"6,3,None|6,4,None",,
3,United Cup,https://photoresources.wtatennis.com/photo-resources/2026/04/16/4747c6b3-5f7f-4dd1-8f1b-30ede7d1b539/WTA-Tournament_United-cup.jpg?height=128,https://www.wtatennis.com/tournaments/2084/united-cup/2025,WTA 500,Hard,https://www.wtatennis.com/resources/v7.42.8/i/elements/500k-tag.svg,2025-12-27,2025-01-05,2025,12,Sydney + Perth,GBR,,AU,AUS,036,009,Britain|UK|Great Britain|United Kingdom,Oceania,Australasia,AUS,24.0,325.0,600900.0,0M/0Q/0D,United Cup,,105,5,21.0,11,2.2,Katie Boulter,6.0,https://www.wtatennis.com/resources/v7.42.8/i/elements/flags/gbr.svg,Round R,W,"6-7 (4), 6-1, 6-4",https://www.wtatennis.com/players/319125/katie-boulter,False,False,False,True,False,False,True,3,False,30,18,12,1,GB,GBR,826,150,Europe,Northern Europe,ENG,"6,7,4|6,1,None|6,4,None",,
4,United Cup,https://photoresources.wtatennis.com/photo-resources/2026/04/16/4747c6b3-5f7f-4dd1-8f1b-30ede7d1b539/WTA-Tournament_United-cup.jpg?height=128,https://www.wtatennis.com/tournaments/2084/united-cup/2025,WTA 500,Hard,https://www.wtatennis.com/resources/v7.42.8/i/elements/500k-tag.svg,2025-12-27,2025-01-05,2025,12,Sydney + Perth,KAZ,,AU,AUS,036,009,,Oceania,Australasia,AUS,6.0,325.0,600900.0,0M/0Q/0D,United Cup,,105,5,21.0,11,2.2,Elena Rybakina,9.0,https://www.wtatennis.com/resources/v7.42.8/i/elements/flags/kaz.svg,Round R,W,"7-6 (5), 6-4",https://www.wtatennis.com/players/324166/elena-rybakina,False,False,False,True,False,False,True,2,True,23,13,10,1,KZ,KAZ,398,142,Asia,Central Asia,KAZ,"7,6,5|6,4,None",,
5,United Cup,https://photoresources.wtatennis.com/photo-resources/2026/04/16/4747c6b3-5f7f-4dd1-8f1b-30ede7d1b539/WTA-Tournament_United-cup.jpg?height=128,https://www.wtatennis.com/tournaments/2084/united-cup/2025,WTA 500,Hard,https://www.wtatennis.com/resources/v7.42.8/i/elements/500k-tag.svg,2025-12-27,2025-01-05,2025,12,Sydney + Perth,USA,,AU,AUS,036,009,United States of America|America|USA|US,Oceania,Australasia,AUS,3.0,325.0,600900.0,0M/0Q/0D,United Cup,,105,5,21.0,11,2.2,Coco Gauff,1.0,https://www.wtatennis.com/resources/v7.42.8/i/elements/flags/usa.svg,Round R,L,"4-6, 4-6",https://www.wtatennis.com/players/328560/coco-gauff,False,False,False,False,False,False,False,2,False,20,8,12,0,US,USA,840,019,America,Northern America,USA,"4,6,None|4,6,None",,
1,Bjk Cup Finals,https://www.wtatennis.com/resources/v7.42.8/i/elements/itf.png,,ITF,Hard,https://www.wtatennis.com/resources/v7.42.8/i/elements/itf.png,2024-11-14,2024-11-19,2024,11,,ESP,,,,,,Kingdom of Spain,,,Round 1,12.0,,,0M/0Q/0D,Bjk Cup Finals,,29,1,29.0,3,3.0,Paula Badosa,,https://www.wtatennis.com/resources/v7.42.8/i/elements/flags/esp.svg,Round R,W,"6-3, 6-7, 6-1",https://www.wtatennis.com/players/320124/paula-badosa,False,False,False,False,False,False,False,3,True,29,18,11,1,ES,ESP,724,150,Europe,Southern Europe,ESP,"6,3,None|6,7,None|6,1,None",,
1,Bjk Cup Finals,https://www.wtatennis.com/resources/v7.42.8/i/elements/itf.png,,ITF,Hard,https://www.wtatennis.com/resources/v7.42.8/i/elements/itf.png,2024-11-11,2024-11-19,2024,11,,ITA,,,,,,,,,Semifinals,4.0,,,0M/0Q/0D,Bjk Cup Finals,,29,1,29.0,3,3.0,Jasmine Paolini,,https://www.wtatennis.com/resources/v7.42.8/i/elements/flags/ita.svg,Round R,W,"3-6, 6-4, 6-4",https://www.wtatennis.com/players/319280/jasmine-paolini,False,False,False,False,False,False,False,3,False,29,15,14,1,IT,ITA,380,150,Europe,Southern Europe,ITA,"3,6,None|6,4,None|6,4,None",,
1,Wta Finals Riyadh,https://photoresources.wtatennis.com/photo-resources/2026/04/16/23556323-66a6-4f30-9a8b-9b1f26342c0c/WTA-finals.png?height=128,https://www.wtatennis.com/tournaments/808/wta-finals/2024,Finals,Hard,https://www.wtatennis.com/resources/v7.42.8/i/elements/finals-tag.svg,2024-11-02,2024-11-09,2024,11,Riyadh,USA,,SA,SAU,682,142,United States of America|America|USA|US,Asia,Western Asia,KSA,3.0,,1035000.0,8M/0Q/8D,Wta Finals Riyadh,,62,3,20.666666666666668,7,2.3333333333333335,Coco Gauff,3.0,https://www.wtatennis.com/resources/v7.42.8/i/elements/flags/usa.svg,RR,L,"3-6, 4-6",https://www.wtatennis.com/players/328560/coco-gauff,False,False,False,False,False,False,False,2,False,19,7,12,0,US,USA,840,019,America,Northern America,USA,"3,6,None|4,6,None",,
2,Wta Finals Riyadh,https://photoresources.wtatennis.com/photo-resources/2026/04/16/23556323-66a6-4f30-9a8b-9b1f26342c0c/WTA-finals.png?height=128,https://www.wtatennis.com/tournaments/808/wta-finals/2024,Finals,Hard,https://www.wtatennis.com/resources/v7.42.8/i/elements/finals-tag.svg,2024-11-02,2024-11-09,2024,11,Riyadh,AUS,,SA,SAU,682,142,,Asia,Western Asia,KSA,9.0,,1035000.0,8M/0Q/8D,Wta Finals Riyadh,,62,3,20.666666666666668,7,2.3333333333333335,Daria Kasatkina,,https://www.wtatennis.com/resources/v7.42.8/i/elements/flags/aus.svg,RR,W,"6-1, 6-0",https://www.wtatennis.com/players/322082/daria-kasatkina,False,False,False,False,False,False,False,2,True,13,12,1,1,AU,AUS,036,009,Oceania,Australasia,AUS,"6,1,None|6,0,None",,
3,Wta Finals Riyadh,https://photoresources.wtatennis.com/photo-resources/2026/04/16/23556323-66a6-4f30-9a8b-9b1f26342c0c/WTA-finals.png?height=128,https://www.wtatennis.com/tournaments/808/wta-finals/2024,Finals,Hard,https://www.wtatennis.com/resources/v7.42.8/i/elements/finals-tag.svg,2024-11-02,2024-11-09,2024,11,Riyadh,CZE,,SA,SAU,682,142,,Asia,Western Asia,KSA,13.0,,1035000.0,8M/0Q/8D,Wta Finals Riyadh,,62,3,20.666666666666668,7,2.3333333333333335,Barbora Krejcikova,8.0,https://www.wtatennis.com/resources/v7.42.8/i/elements/flags/cze.svg,RR,W,"4-6, 7-5, 6-2",https://www.wtatennis.com/players/318314/barbora-krejcikova,False,False,False,False,False,False,False,3,False,30,17,13,1,CZ,CZE,203,150,Europe,Central Europe,CZE,"4,6,None|7,5,None|6,2,None",,
1,Us Open,https://photoresources.wtatennis.com/photo-resources/2026/04/16/8d0a3d41-7b45-434b-a75b-b7d2eb0922b4/WTA-Tournament_US-Open.png?height=128,https://www.wtatennis.com/tournaments/905/us-open/2024,Grand Slam,Hard,https://www.wtatennis.com/resources/v7.42.8/i/elements/gs-tag.svg,2024-08-26,2024-09-08,2024,8,New York,USA,NY,US,USA,840,019,United States of America|America|USA|US,America,Northern America,USA,6.0,430.0,530000.0,128M/128Q/64D,Us Open,,89,5,17.8,10,2.0,Jessica Pegula,6.0,https://www.wtatennis.com/resources/v7.42.8/i/elements/flags/usa.svg,QF,L,"2-6, 4-6",https://www.wtatennis.com/players/316956/jessica-pegula,False,False,False,False,False,False,False,2,False,18,6,12,0,US,USA,840,019,America,Northern America,USA,"2,6,None|4,6,None",,
2,Us Open,https://photoresources.wtatennis.com/photo-resources/2026/04/16/8d0a3d41-7b45-434b-a75b-b7d2eb0922b4/WTA-Tournament_US-Open.png?height=128,https://www.wtatennis.com/tournaments/905/us-open/2024,Grand Slam,Hard,https://www.wtatennis.com/resources/v7.42.8/i/elements/gs-tag.svg,2024-08-26,2024-09-08,2024,8,New York,RUS,NY,US,USA,840,019,,America,Northern America,USA,16.0,430.0,530000.0,128M/128Q/64D,Us Open,,89,5,17.8,10,2.0,Liudmila Samsonova,16.0,https://www.wtatennis.com/resources/v7.42.8/i/elements/flags/rus.svg,R16,W,"6-4, 6-1",https://www.wtatennis.com/players/322222/liudmila-samsonova,False,False,False,False,False,False,False,2,True,17,12,5,1,RU,RUS,643,150,Europe,Eastern Europe,RUS,"6,4,None|6,1,None",,
3,Us Open,https://photoresources.wtatennis.com/photo-resources/2026/04/16/8d0a3d41-7b45-434b-a75b-b7d2eb0922b4/WTA-Tournament_US-Open.png?height=128,https://www.wtatennis.com/tournaments/905/us-open/2024,Grand Slam,Hard,https://www.wtatennis.com/resources/v7.42.8/i/elements/gs-tag.svg,2024-08-26,2024-09-08,2024,8,New York,RUS,NY,US,USA,840,019,,America,Northern America,USA,27.0,430.0,530000.0,128M/128Q/64D,Us Open,,89,5,17.8,10,2.0,Anastasia Pavlyuchenkova,25.0,https://www.wtatennis.com/resources/v7.42.8/i/elements/flags/rus.svg,R32,W,"6-4, 6-2",https://www.wtatennis.com/players/313796/anastasia-pavlyuchenkova,False,False,False,False,False,False,False,2,True,18,12,6,1,RU,RUS,643,150,Europe,Eastern Europe,RUS,"6,4,None|6,2,None",,
4,Us Open,https://photoresources.wtatennis.com/photo-resources/2026/04/16/8d0a3d41-7b45-434b-a75b-b7d2eb0922b4/WTA-Tournament_US-Open.png?height=128,https://www.wtatennis.com/tournaments/905/us-open/2024,Grand Slam,Hard,https://www.wtatennis.com/resources/v7.42.8/i/elements/gs-tag.svg,2024-08-26,2024-09-08,2024,8,New York,JPN,NY,US,USA,840,019,,America,Northern America,USA,217.0,430.0,530000.0,128M/128Q/64D,Us Open,,89,5,17.8,10,2.0,Ena Shibahara,,https://www.wtatennis.com/resources/v7.42.8/i/elements/flags/jpn.svg,R64,W,"6-0, 6-1",https://www.wtatennis.com/players/322527/ena-shibahara,False,False,False,False,False,False,False,2,True,13,12,1,1,JP,JPN,392,142,Asia,East Asia,JPN,"6,0,None|6,1,None",,
5,Us Open,https://photoresources.wtatennis.com/photo-resources/2026/04/16/8d0a3d41-7b45-434b-a75b-b7d2eb0922b4/WTA-Tournament_US-Open.png?height=128,https://www.wtatennis.com/tournaments/905/us-open/2024,Grand Slam,Hard,https://www.wtatennis.com/resources/v7.42.8/i/elements/gs-tag.svg,2024-08-26,2024-09-08,2024,8,New York,UZB,NY,US,USA,840,019,,America,Northern America,USA,104.0,430.0,530000.0,128M/128Q/64D,Us Open,,89,5,17.8,10,2.0,Kamilla Rakhimova,,https://www.wtatennis.com/resources/v7.42.8/i/elements/flags/uzb.svg,R128,W,"6-4, 7-6 (6)",https://www.wtatennis.com/players/325936/kamilla-rakhimova,False,False,False,False,True,False,True,2,True,23,13,10,1,UZ,UZB,860,142,Asia,Central Asia,UZB,"6,4,None|7,6,6",,
1,Cincinnati Open,https://photoresources.wtatennis.com/photo-resources/2026/04/16/77288aaf-4c7f-4b8e-86f6-315c2ef872c5/WTA-Tournament_Cincinnati-2024.png?height=128,https://www.wtatennis.com/tournaments/1017/cincinnati/2024,WTA 1000,Hard,https://www.wtatennis.com/resources/v7.42.8/i/elements/1000k-tag.svg,2024-08-13,2024-08-19,2024,8,Cincinnati,BLR,OH,US,USA,840,019,,America,Northern America,USA,3.0,,158944.0,64M/32Q/32D,Cincinnati Open,,92,4,23.0,10,2.5,Aryna Sabalenka,3.0,https://www.wtatennis.com/resources/v7.42.8/i/elements/flags/blr.svg,SF,L,"3-6, 3-6",https://www.wtatennis.com/players/320760/aryna-sabalenka,False,False,False,False,False,False,False,2,False,18,6,12,0,BY,BLR,112,150,Europe,Eastern Europe,BLR,"3,6,None|3,6,None",,
2,Cincinnati Open,https://photoresources.wtatennis.com/photo-resources/2026/04/16/77288aaf-4c7f-4b8e-86f6-315c2ef872c5/WTA-Tournament_Cincinnati-2024.png?height=128,https://www.wtatennis.com/tournaments/1017/cincinnati/2024,WTA 1000,Hard,https://www.wtatennis.com/resources/v7.42.8/i/elements/1000k-tag.svg,2024-08-13,2024-08-19,2024,8,Cincinnati,RUS,OH,US,USA,840,019,,America,Northern America,USA,24.0,,158944.0,64M/32Q/32D,Cincinnati Open,,92,4,23.0,10,2.5,Mirra Andreeva,,https://www.wtatennis.com/resources/v7.42.8/i/elements/flags/rus.svg,QF,W,"4-6, 6-3, 7-5",https://www.wtatennis.com/players/331809/mirra-andreeva,False,False,False,False,False,False,False,3,False,31,17,14,1,RU,RUS,643,150,Europe,Eastern Europe,RUS,"4,6,None|6,3,None|7,5,None",,
3,Cincinnati Open,https://photoresources.wtatennis.com/photo-resources/2026/04/16/77288aaf-4c7f-4b8e-86f6-315c2ef872c5/WTA-Tournament_Cincinnati-2024.png?height=128,https://www.wtatennis.com/tournaments/1017/cincinnati/2024,WTA 1000,Hard,https://www.wtatennis.com/resources/v7.42.8/i/elements/1000k-tag.svg,2024-08-13,2024-08-19,2024,8,Cincinnati,UKR,OH,US,USA,840,019,,America,Northern America,USA,21.0,,158944.0,64M/32Q/32D,Cincinnati Open,,92,4,23.0,10,2.5,Marta Kostyuk,15.0,https://www.wtatennis.com/resources/v7.42.8/i/elements/flags/ukr.svg,R16,W,"6-2, 6-2",https://www.wtatennis.com/players/326482/marta-kostyuk,False,False,False,False,False,False,False,2,True,16,12,4,1,UA,UKR,804,150,Europe,Eastern Europe,UKR,"6,2,None|6,2,None",,
4,Cincinnati Open,https://photoresources.wtatennis.com/photo-resources/2026/04/16/77288aaf-4c7f-4b8e-86f6-315c2ef872c5/WTA-Tournament_Cincinnati-2024.png?height=128,https://www.wtatennis.com/tournaments/1017/cincinnati/2024,WTA 1000,Hard,https://www.wtatennis.com/resources/v7.42.8/i/elements/1000k-tag.svg,2024-08-13,2024-08-19,2024,8,Cincinnati,FRA,OH,US,USA,840,019,,America,Northern America,USA,69.0,,158944.0,64M/32Q/32D,Cincinnati Open,,92,4,23.0,10,2.5,Varvara Gracheva,,https://www.wtatennis.com/resources/v7.42.8/i/elements/flags/fra.svg,R32,W,"6-0, 6-7 (8), 6-2",https://www.wtatennis.com/players/325836/varvara-gracheva,False,False,False,False,True,False,True,3,True,27,18,9,1,FR,FRA,250,150,Europe,Western Europe,FRA,"6,0,None|6,7,8|6,2,None",,
5,Cincinnati Open,https://photoresources.wtatennis.com/photo-resources/2026/04/16/77288aaf-4c7f-4b8e-86f6-315c2ef872c5/WTA-Tournament_Cincinnati-2024.png?height=128,https://www.wtatennis.com/tournaments/1017/cincinnati/2024,WTA 1000,Hard,https://www.wtatennis.com/resources/v7.42.8/i/elements/1000k-tag.svg,2024-08-13,2024-08-19,2024,8,Cincinnati,,OH,US,USA,840,019,,America,Northern America,USA,,,158944.0,64M/32Q/32D,Cincinnati Open,,92,4,23.0,10,2.5,,,,R64,,Bye,,False,False,True,False,False,False,False,0,False,0,0,0,0,,,,,,,,,,
1,Olympics Tennis Event,,https://www.wtatennis.com/tournaments/650/olympics/2024,OLYMPICS,Clay,,2024-07-27,2024-08-04,2024,7,Paris,SVK,,FR,FRA,250,150,,Europe,Western Europe,FRA,70.0,,,64M/0Q/32D,Olympics Tennis Event,,108,6,18.0,13,2.1666666666666665,Anna Karolina Schmiedlova,,https://www.wtatennis.com/resources/v7.42.8/i/elements/flags/svk.svg,F,W,"6-2, 6-1",https://www.wtatennis.com/players/318203/anna-karolina-schmiedlova,False,False,False,False,False,False,False,2,True,15,12,3,1,SK,SVK,703,150,Europe,Central Europe,SVK,"6,2,None|6,1,None",,
2,Olympics Tennis Event,,https://www.wtatennis.com/tournaments/650/olympics/2024,OLYMPICS,Clay,,2024-07-27,2024-08-04,2024,7,Paris,CHN,,FR,FRA,250,150,,Europe,Western Europe,FRA,7.0,,,64M/0Q/32D,Olympics Tennis Event,,108,6,18.0,13,2.1666666666666665,Qinwen Zheng,6.0,https://www.wtatennis.com/resources/v7.42.8/i/elements/flags/chn.svg,SF,L,"2-6, 5-7",https://www.wtatennis.com/players/328120/qinwen-zheng,False,False,False,False,False,False,False,2,False,20,7,13,0,CN,CHN,156,142,Asia,East Asia,CHN,"2,6,None|5,7,None",,
3,Olympics Tennis Event,,https://www.wtatennis.com/tournaments/650/olympics/2024,OLYMPICS,Clay,,2024-07-27,2024-08-04,2024,7,Paris,USA,,FR,FRA,250,150,United States of America|America|USA|US,Europe,Western Europe,FRA,9.0,,,64M/0Q/32D,Olympics Tennis Event,,108,6,18.0,13,2.1666666666666665,Danielle Collins,8.0,https://www.wtatennis.com/resources/v7.42.8/i/elements/flags/usa.svg,QF,W,"6-1, 2-6, 4-1",https://www.wtatennis.com/players/316925/danielle-collins,True,False,False,False,False,False,False,3,True,20,12,8,1,US,USA,840,019,America,Northern America,USA,"6,1,None|2,6,None|4,1,None|Ret",,
4,Olympics Tennis Event,,https://www.wtatennis.com/tournaments/650/olympics/2024,OLYMPICS,Clay,,2024-07-27,2024-08-04,2024,7,Paris,CHN,,FR,FRA,250,150,,Europe,Western Europe,FRA,54.0,,,64M/0Q/32D,Olympics Tennis Event,,108,6,18.0,13,2.1666666666666665,Xiyu Wang,,https://www.wtatennis.com/resources/v7.42.8/i/elements/flags/chn.svg,R16,W,"6-3, 6-4",https://www.wtatennis.com/players/326160/xiyu-wang,False,False,False,False,False,False,False,2,True,19,12,7,1,CN,CHN,156,142,Asia,East Asia,CHN,"6,3,None|6,4,None",,
5,Olympics Tennis Event,,https://www.wtatennis.com/tournaments/650/olympics/2024,OLYMPICS,Clay,,2024-07-27,2024-08-04,2024,7,Paris,FRA,,FR,FRA,250,150,,Europe,Western Europe,FRA,52.0,,,64M/0Q/32D,Olympics Tennis Event,,108,6,18.0,13,2.1666666666666665,Diane Parry,,https://www.wtatennis.com/resources/v7.42.8/i/elements/flags/fra.svg,R32,W,"6-1, 6-1",https://www.wtatennis.com/players/327077/diane-parry,False,False,False,False,False,False,False,2,True,14,12,2,1,FR,FRA,250,150,Europe,Western Europe,FRA,"6,1,None|6,1,None",,
6,Olympics Tennis Event,,https://www.wtatennis.com/tournaments/650/olympics/2024,OLYMPICS,Clay,,2024-07-27,2024-08-04,2024,7,Paris,ROU,,FR,FRA,250,150,,Europe,Western Europe,FRA,136.0,,,64M/0Q/32D,Olympics Tennis Event,,108,6,18.0,13,2.1666666666666665,Irina-Camelia Begu,,https://www.wtatennis.com/resources/v7.42.8/i/elements/flags/rou.svg,R64,W,"6-2, 7-5",https://www.wtatennis.com/players/313169/irina-camelia-begu,False,False,False,False,False,False,False,2,True,20,13,7,1,RO,ROU,642,150,Europe,Southeastern Europe,ROU,"6,2,None|7,5,None",,
1,Wimbledon,https://photoresources.wtatennis.com/photo-resources/2026/04/16/d29814e6-6e80-4015-b680-9a7f3cb065c3/WTA-Tournament_Wimbledon.png?height=128,https://www.wtatennis.com/tournaments/904/wimbledon/2024,Grand Slam,Grass,https://www.wtatennis.com/resources/v7.42.8/i/elements/gs-tag.svg,2024-07-01,2024-07-14,2024,7,Wimbledon,KAZ,,GB,GBR,826,150,,Europe,Northern Europe,ENG,35.0,130.0,180363.0,128M/128Q/64D,"The Championships, Wimbledon",,62,3,20.666666666666668,7,2.3333333333333335,Yulia Putintseva,,https://www.wtatennis.com/resources/v7.42.8/i/elements/flags/kaz.svg,R32,L,"6-3, 1-6, 2-6",https://www.wtatennis.com/players/317683/yulia-putintseva,False,False,False,False,False,False,False,3,True,24,9,15,0,KZ,KAZ,398,142,Asia,Central Asia,KAZ,"6,3,None|1,6,None|2,6,None",,
2,Wimbledon,https://photoresources.wtatennis.com/photo-resources/2026/04/16/d29814e6-6e80-4015-b680-9a7f3cb065c3/WTA-Tournament_Wimbledon.png?height=128,https://www.wtatennis.com/tournaments/904/wimbledon/2024,Grand Slam,Grass,https://www.wtatennis.com/resources/v7.42.8/i/elements/gs-tag.svg,2024-07-01,2024-07-14,2024,7,Wimbledon,CRO,,GB,GBR,826,150,,Europe,Northern Europe,ENG,85.0,130.0,180363.0,128M/128Q/64D,"The Championships, Wimbledon",,62,3,20.666666666666668,7,2.3333333333333335,Petra Martic,,https://www.wtatennis.com/resources/v7.42.8/i/elements/flags/cro.svg,R64,W,"6-4, 6-3",https://www.wtatennis.com/players/313711/petra-martic,False,False,False,False,False,False,False,2,True,19,12,7,1,HR,HRV,191,150,Europe,Southeastern Europe,CRO,"6,4,None|6,3,None",,
3,Wimbledon,https://photoresources.wtatennis.com/photo-resources/2026/04/16/d29814e6-6e80-4015-b680-9a7f3cb065c3/WTA-Tournament_Wimbledon.png?height=128,https://www.wtatennis.com/tournaments/904/wimbledon/2024,Grand Slam,Grass,https://www.wtatennis.com/resources/v7.42.8/i/elements/gs-tag.svg,2024-07-01,2024-07-14,2024,7,Wimbledon,USA,,GB,GBR,826,150,United States of America|America|USA|US,Europe,Northern Europe,ENG,49.0,130.0,180363.0,128M/128Q/64D,"The Championships, Wimbledon",,62,3,20.666666666666668,7,2.3333333333333335,Sofia Kenin,,https://www.wtatennis.com/resources/v7.42.8/i/elements/flags/usa.svg,R128,W,"6-3, 6-4",https://www.wtatennis.com/players/320942/sofia-kenin,False,False,False,False,False,False,False,2,True,19,12,7,1,US,USA,840,019,America,Northern America,USA,"6,3,None|6,4,None",,
1,Roland Garros,https://photoresources.wtatennis.com/photo-resources/2026/04/16/0893d8be-5450-4e36-a144-cdd958c1b484/WTA-Tournament_Roland-Garros.png?height=128,https://www.wtatennis.com/tournaments/903/roland-garros/2024,Grand Slam,Clay,https://www.wtatennis.com/resources/v7.42.8/i/elements/gs-tag.svg,2024-05-26,2024-06-09,2024,5,Paris,ITA,,FR,FRA,250,150,,Europe,Western Europe,FRA,15.0,2000.0,2748604.0,128M/128Q/64D,Roland Garros,,124,7,17.714285714285715,15,2.142857142857143,Jasmine Paolini,12.0,https://www.wtatennis.com/resources/v7.42.8/i/elements/flags/ita.svg,F,W,"6-2, 6-1",https://www.wtatennis.com/players/319280/jasmine-paolini,False,False,False,False,False,False,False,2,True,15,12,3,1,IT,ITA,380,150,Europe,Southern Europe,ITA,"6,2,None|6,1,None",,
2,Roland Garros,https://photoresources.wtatennis.com/photo-resources/2026/04/16/0893d8be-5450-4e36-a144-cdd958c1b484/WTA-Tournament_Roland-Garros.png?height=128,https://www.wtatennis.com/tournaments/903/roland-garros/2024,Grand Slam,Clay,https://www.wtatennis.com/resources/v7.42.8/i/elements/gs-tag.svg,2024-05-26,2024-06-09,2024,5,Paris,USA,,FR,FRA,250,150,United States of America|America|USA|US,Europe,Western Europe,FRA,3.0,2000.0,2748604.0,128M/128Q/64D,Roland Garros,,124,7,17.714285714285715,15,2.142857142857143,Coco Gauff,3.0,https://www.wtatennis.com/resources/v7.42.8/i/elements/flags/usa.svg,SF,W,"6-2, 6-4",https://www.wtatennis.com/players/328560/coco-gauff,False,False,False,False,False,False,False,2,True,18,12,6,1,US,USA,840,019,America,Northern America,USA,"6,2,None|6,4,None",,
3,Roland Garros,https://photoresources.wtatennis.com/photo-resources/2026/04/16/0893d8be-5450-4e36-a144-cdd958c1b484/WTA-Tournament_Roland-Garros.png?height=128,https://www.wtatennis.com/tournaments/903/roland-garros/2024,Grand Slam,Clay,https://www.wtatennis.com/resources/v7.42.8/i/elements/gs-tag.svg,2024-05-26,2024-06-09,2024,5,Paris,CZE,,FR,FRA,250,150,,Europe,Western Europe,FRA,6.0,2000.0,2748604.0,128M/128Q/64D,Roland Garros,,124,7,17.714285714285715,15,2.142857142857143,Marketa Vondrousova,5.0,https://www.wtatennis.com/resources/v7.42.8/i/elements/flags/cze.svg,QF,W,"6-0, 6-2",https://www.wtatennis.com/players/323027/marketa-vondrousova,False,False,False,False,False,False,False,2,True,14,12,2,1,CZ,CZE,203,150,Europe,Central Europe,CZE,"6,0,None|6,2,None",,
4,Roland Garros,https://photoresources.wtatennis.com/photo-resources/2026/04/16/0893d8be-5450-4e36-a144-cdd958c1b484/WTA-Tournament_Roland-Garros.png?height=128,https://www.wtatennis.com/tournaments/903/roland-garros/2024,Grand Slam,Clay,https://www.wtatennis.com/resources/v7.42.8/i/elements/gs-tag.svg,2024-05-26,2024-06-09,2024,5,Paris,AUT,,FR,FRA,250,150,,Europe,Western Europe,FRA,41.0,2000.0,2748604.0,128M/128Q/64D,Roland Garros,,124,7,17.714285714285715,15,2.142857142857143,Anastasia Potapova,,https://www.wtatennis.com/resources/v7.42.8/i/elements/flags/aut.svg,R16,W,"6-0, 6-0",https://www.wtatennis.com/players/325601/anastasia-potapova,False,False,False,False,False,False,False,2,True,12,12,0,1,AT,AUT,040,150,Europe,Central Europe,AUT,"6,0,None|6,0,None",,
5,Roland Garros,https://photoresources.wtatennis.com/photo-resources/2026/04/16/0893d8be-5450-4e36-a144-cdd958c1b484/WTA-Tournament_Roland-Garros.png?height=128,https://www.wtatennis.com/tournaments/903/roland-garros/2024,Grand Slam,Clay,https://www.wtatennis.com/resources/v7.42.8/i/elements/gs-tag.svg,2024-05-26,2024-06-09,2024,5,Paris,CZE,,FR,FRA,250,150,,Europe,Western Europe,FRA,42.0,2000.0,2748604.0,128M/128Q/64D,Roland Garros,,124,7,17.714285714285715,15,2.142857142857143,Marie Bouzkova,,https://www.wtatennis.com/resources/v7.42.8/i/elements/flags/cze.svg,R32,W,"6-4, 6-2",https://www.wtatennis.com/players/320983/marie-bouzkova,False,False,False,False,False,False,False,2,True,18,12,6,1,CZ,CZE,203,150,Europe,Central Europe,CZE,"6,4,None|6,2,None",,
6,Roland Garros,https://photoresources.wtatennis.com/photo-resources/2026/04/16/0893d8be-5450-4e36-a144-cdd958c1b484/WTA-Tournament_Roland-Garros.png?height=128,https://www.wtatennis.com/tournaments/903/roland-garros/2024,Grand Slam,Clay,https://www.wtatennis.com/resources/v7.42.8/i/elements/gs-tag.svg,2024-05-26,2024-06-09,2024,5,Paris,JPN,,FR,FRA,250,150,,Europe,Western Europe,FRA,134.0,2000.0,2748604.0,128M/128Q/64D,Roland Garros,,124,7,17.714285714285715,15,2.142857142857143,Naomi Osaka,,https://www.wtatennis.com/resources/v7.42.8/i/elements/flags/jpn.svg,R64,W,"7-6 (1), 1-6, 7-5",https://www.wtatennis.com/players/319998/naomi-osaka,False,False,False,True,False,False,True,3,True,32,15,17,1,JP,JPN,392,142,Asia,East Asia,JPN,"7,6,1|1,6,None|7,5,None",,
7,Roland Garros,https://photoresources.wtatennis.com/photo-resources/2026/04/16/0893d8be-5450-4e36-a144-cdd958c1b484/WTA-Tournament_Roland-Garros.png?height=128,https://www.wtatennis.com/tournaments/903/roland-garros/2024,Grand Slam,Clay,https://www.wtatennis.com/resources/v7.42.8/i/elements/gs-tag.svg,2024-05-26,2024-06-09,2024,5,Paris,FRA,,FR,FRA,250,150,,Europe,Western Europe,FRA,148.0,2000.0,2748604.0,128M/128Q/64D,Roland Garros,,124,7,17.714285714285715,15,2.142857142857143,Leolia Jeanjean,,https://www.wtatennis.com/resources/v7.42.8/i/elements/flags/fra.svg,R128,W,"6-1, 6-2",https://www.wtatennis.com/players/320313/leolia-jeanjean,False,False,False,False,False,False,False,2,True,15,12,3,1,FR,FRA,250,150,Europe,Western Europe,FRA,"6,1,None|6,2,None",,
1,Internazionali Bnl D'Italia,https://photoresources.wtatennis.com/photo-resources/2026/04/16/2c058ad8-b3d8-49a9-a863-85d7b87a6783/WTA-Tournament_Rome-2018.png?height=128,https://www.wtatennis.com/tournaments/709/rome/2024,WTA 1000,Clay,https://www.wtatennis.com/resources/v7.42.8/i/elements/1000k-tag.svg,2024-05-07,2024-05-19,2024,5,Rome,BLR,,IT,ITA,380,150,,Europe,Southern Europe,ITA,2.0,1000.0,699690.0,128M/48Q/32D,Internazionali Bnl D'Italia,,106,6,17.666666666666668,12,2.0,Aryna Sabalenka,2.0,https://www.wtatennis.com/resources/v7.42.8/i/elements/flags/blr.svg,F,W,"6-2, 6-3",https://www.wtatennis.com/players/320760/aryna-sabalenka,False,False,False,False,False,False,False,2,True,17,12,5,1,BY,BLR,112,150,Europe,Eastern Europe,BLR,"6,2,None|6,3,None",,
2,Internazionali Bnl D'Italia,https://photoresources.wtatennis.com/photo-resources/2026/04/16/2c058ad8-b3d8-49a9-a863-85d7b87a6783/WTA-Tournament_Rome-2018.png?height=128,https://www.wtatennis.com/tournaments/709/rome/2024,WTA 1000,Clay,https://www.wtatennis.com/resources/v7.42.8/i/elements/1000k-tag.svg,2024-05-07,2024-05-19,2024,5,Rome,USA,,IT,ITA,380,150,United States of America|America|USA|US,Europe,Southern Europe,ITA,3.0,1000.0,699690.0,128M/48Q/32D,Internazionali Bnl D'Italia,,106,6,17.666666666666668,12,2.0,Coco Gauff,3.0,https://www.wtatennis.com/resources/v7.42.8/i/elements/flags/usa.svg,SF,W,"6-4, 6-3",https://www.wtatennis.com/players/328560/coco-gauff,False,False,False,False,False,False,False,2,True,19,12,7,1,US,USA,840,019,America,Northern America,USA,"6,4,None|6,3,None",,
3,Internazionali Bnl D'Italia,https://photoresources.wtatennis.com/photo-resources/2026/04/16/2c058ad8-b3d8-49a9-a863-85d7b87a6783/WTA-Tournament_Rome-2018.png?height=128,https://www.wtatennis.com/tournaments/709/rome/2024,WTA 1000,Clay,https://www.wtatennis.com/resources/v7.42.8/i/elements/1000k-tag.svg,2024-05-07,2024-05-19,2024,5,Rome,USA,,IT,ITA,380,150,United States of America|America|USA|US,Europe,Southern Europe,ITA,16.0,1000.0,699690.0,128M/48Q/32D,Internazionali Bnl D'Italia,,106,6,17.666666666666668,12,2.0,Madison Keys,18.0,https://www.wtatennis.com/resources/v7.42.8/i/elements/flags/usa.svg,QF,W,"6-1, 6-3",https://www.wtatennis.com/players/316959/madison-keys,False,False,False,False,False,False,False,2,True,16,12,4,1,US,USA,840,019,America,Northern America,USA,"6,1,None|6,3,None",,
4,Internazionali Bnl D'Italia,https://photoresources.wtatennis.com/photo-resources/2026/04/16/2c058ad8-b3d8-49a9-a863-85d7b87a6783/WTA-Tournament_Rome-2018.png?height=128,https://www.wtatennis.com/tournaments/709/rome/2024,WTA 1000,Clay,https://www.wtatennis.com/resources/v7.42.8/i/elements/1000k-tag.svg,2024-05-07,2024-05-19,2024,5,Rome,GER,,IT,ITA,380,150,,Europe,Southern Europe,ITA,331.0,1000.0,699690.0,128M/48Q/32D,Internazionali Bnl D'Italia,,106,6,17.666666666666668,12,2.0,Angelique Kerber,,https://www.wtatennis.com/resources/v7.42.8/i/elements/flags/ger.svg,R16,W,"7-5, 6-3",https://www.wtatennis.com/players/311470/angelique-kerber,False,False,False,False,False,False,False,2,True,21,13,8,1,DE,DEU,276,150,Europe,Central Europe,GER,"7,5,None|6,3,None",,
5,Internazionali Bnl D'Italia,https://photoresources.wtatennis.com/photo-resources/2026/04/16/2c058ad8-b3d8-49a9-a863-85d7b87a6783/WTA-Tournament_Rome-2018.png?height=128,https://www.wtatennis.com/tournaments/709/rome/2024,WTA 1000,Clay,https://www.wtatennis.com/resources/v7.42.8/i/elements/1000k-tag.svg,2024-05-07,2024-05-19,2024,5,Rome,KAZ,,IT,ITA,380,150,,Europe,Southern Europe,ITA,41.0,1000.0,699690.0,128M/48Q/32D,Internazionali Bnl D'Italia,,106,6,17.666666666666668,12,2.0,Yulia Putintseva,,https://www.wtatennis.com/resources/v7.42.8/i/elements/flags/kaz.svg,R32,W,"6-3, 6-4",https://www.wtatennis.com/players/317683/yulia-putintseva,False,False,False,False,False,False,False,2,True,19,12,7,1,KZ,KAZ,398,142,Asia,Central Asia,KAZ,"6,3,None|6,4,None",,
6,Internazionali Bnl D'Italia,https://photoresources.wtatennis.com/photo-resources/2026/04/16/2c058ad8-b3d8-49a9-a863-85d7b87a6783/WTA-Tournament_Rome-2018.png?height=128,https://www.wtatennis.com/tournaments/709/rome/2024,WTA 1000,Clay,https://www.wtatennis.com/resources/v7.42.8/i/elements/1000k-tag.svg,2024-05-07,2024-05-19,2024,5,Rome,USA,,IT,ITA,380,150,United States of America|America|USA|US,Europe,Southern Europe,ITA,77.0,1000.0,699690.0,128M/48Q/32D,Internazionali Bnl D'Italia,,106,6,17.666666666666668,12,2.0,Bernarda Pera,,https://www.wtatennis.com/resources/v7.42.8/i/elements/flags/usa.svg,R64,W,"6-0, 6-2",https://www.wtatennis.com/players/317708/bernarda-pera,False,False,False,False,False,False,False,2,True,14,12,2,1,US,USA,840,019,America,Northern America,USA,"6,0,None|6,2,None",,
7,Internazionali Bnl D'Italia,https://photoresources.wtatennis.com/photo-resources/2026/04/16/2c058ad8-b3d8-49a9-a863-85d7b87a6783/WTA-Tournament_Rome-2018.png?height=128,https://www.wtatennis.com/tournaments/709/rome/2024,WTA 1000,Clay,https://www.wtatennis.com/resources/v7.42.8/i/elements/1000k-tag.svg,2024-05-07,2024-05-19,2024,5,Rome,,,IT,ITA,380,150,,Europe,Southern Europe,ITA,,1000.0,699690.0,128M/48Q/32D,Internazionali Bnl D'Italia,,106,6,17.666666666666668,12,2.0,,,,R128,,Bye,,False,False,True,False,False,False,False,0,False,0,0,0,0,,,,,,,,,,
1,Mutua Madrid Open,https://photoresources.wtatennis.com/photo-resources/2026/04/16/46f056ec-5c74-4159-bc35-97ca4c015c80/WTA-Tournament_Madrid-2023.png?height=128,https://www.wtatennis.com/tournaments/1038/madrid/2024,WTA 1000,Clay,https://www.wtatennis.com/resources/v7.42.8/i/elements/1000k-tag.svg,2024-04-23,2024-05-05,2024,4,Madrid,BLR,,ES,ESP,724,150,,Europe,Southern Europe,ESP,2.0,1000.0,963225.0,128M/48Q/32D,Mutua Madrid Open,,119,6,19.833333333333332,14,2.3333333333333335,Aryna Sabalenka,2.0,https://www.wtatennis.com/resources/v7.42.8/i/elements/flags/blr.svg,F,W,"7-5, 4-6, 7-6 (7)",https://www.wtatennis.com/players/320760/aryna-sabalenka,False,False,False,False,False,True,True,3,True,35,18,17,1,BY,BLR,112,150,Europe,Eastern Europe,BLR,"7,5,None|4,6,None|7,6,7",,
2,Mutua Madrid Open,https://photoresources.wtatennis.com/photo-resources/2026/04/16/46f056ec-5c74-4159-bc35-97ca4c015c80/WTA-Tournament_Madrid-2023.png?height=128,https://www.wtatennis.com/tournaments/1038/madrid/2024,WTA 1000,Clay,https://www.wtatennis.com/resources/v7.42.8/i/elements/1000k-tag.svg,2024-04-23,2024-05-05,2024,4,Madrid,USA,,ES,ESP,724,150,United States of America|America|USA|US,Europe,Southern Europe,ESP,20.0,1000.0,963225.0,128M/48Q/32D,Mutua Madrid Open,,119,6,19.833333333333332,14,2.3333333333333335,Madison Keys,18.0,https://www.wtatennis.com/resources/v7.42.8/i/elements/flags/usa.svg,SF,W,"6-1, 6-3",https://www.wtatennis.com/players/316959/madison-keys,False,False,False,False,False,False,False,2,True,16,12,4,1,US,USA,840,019,America,Northern America,USA,"6,1,None|6,3,None",,
3,Mutua Madrid Open,https://photoresources.wtatennis.com/photo-resources/2026/04/16/46f056ec-5c74-4159-bc35-97ca4c015c80/WTA-Tournament_Madrid-2023.png?height=128,https://www.wtatennis.com/tournaments/1038/madrid/2024,WTA 1000,Clay,https://www.wtatennis.com/resources/v7.42.8/i/elements/1000k-tag.svg,2024-04-23,2024-05-05,2024,4,Madrid,BRA,,ES,ESP,724,150,,Europe,Southern Europe,ESP,14.0,1000.0,963225.0,128M/48Q/32D,Mutua Madrid Open,,119,6,19.833333333333332,14,2.3333333333333335,Beatriz Haddad Maia,11.0,https://www.wtatennis.com/resources/v7.42.8/i/elements/flags/bra.svg,QF,W,"4-6, 6-0, 6-2",https://www.wtatennis.com/players/318176/beatriz-haddad-maia,False,False,False,False,False,False,False,3,False,24,16,8,1,BR,BRA,076,019,America,Eastern South America,BRA,"4,6,None|6,0,None|6,2,None",,
4,Mutua Madrid Open,https://photoresources.wtatennis.com/photo-resources/2026/04/16/46f056ec-5c74-4159-bc35-97ca4c015c80/WTA-Tournament_Madrid-2023.png?height=128,https://www.wtatennis.com/tournaments/1038/madrid/2024,WTA 1000,Clay,https://www.wtatennis.com/resources/v7.42.8/i/elements/1000k-tag.svg,2024-04-23,2024-05-05,2024,4,Madrid,ESP,,ES,ESP,724,150,Kingdom of Spain,Europe,Southern Europe,ESP,55.0,1000.0,963225.0,128M/48Q/32D,Mutua Madrid Open,,119,6,19.833333333333332,14,2.3333333333333335,Sara Sorribes Tormo,,https://www.wtatennis.com/resources/v7.42.8/i/elements/flags/esp.svg,R16,W,"6-1, 6-0",https://www.wtatennis.com/players/318872/sara-sorribes-tormo,False,False,False,False,False,False,False,2,True,13,12,1,1,ES,ESP,724,150,Europe,Southern Europe,ESP,"6,1,None|6,0,None",,
5,Mutua Madrid Open,https://photoresources.wtatennis.com/photo-resources/2026/04/16/46f056ec-5c74-4159-bc35-97ca4c015c80/WTA-Tournament_Madrid-2023.png?height=128,https://www.wtatennis.com/tournaments/1038/madrid/2024,WTA 1000,Clay,https://www.wtatennis.com/resources/v7.42.8/i/elements/1000k-tag.svg,2024-04-23,2024-05-05,2024,4,Madrid,ROU,,ES,ESP,724,150,,Europe,Southern Europe,ESP,30.0,1000.0,963225.0,128M/48Q/32D,Mutua Madrid Open,,119,6,19.833333333333332,14,2.3333333333333335,Sorana Cirstea,27.0,https://www.wtatennis.com/resources/v7.42.8/i/elements/flags/rou.svg,R32,W,"6-1, 6-1",https://www.wtatennis.com/players/312469/sorana-cirstea,False,False,False,False,False,False,False,2,True,14,12,2,1,RO,ROU,642,150,Europe,Southeastern Europe,ROU,"6,1,None|6,1,None",,
6,Mutua Madrid Open,https://photoresources.wtatennis.com/photo-resources/2026/04/16/46f056ec-5c74-4159-bc35-97ca4c015c80/WTA-Tournament_Madrid-2023.png?height=128,https://www.wtatennis.com/tournaments/1038/madrid/2024,WTA 1000,Clay,https://www.wtatennis.com/resources/v7.42.8/i/elements/1000k-tag.svg,2024-04-23,2024-05-05,2024,4,Madrid,CHN,,ES,ESP,724,150,,Europe,Southern Europe,ESP,52.0,1000.0,963225.0,128M/48Q/32D,Mutua Madrid Open,,119,6,19.833333333333332,14,2.3333333333333335,Xiyu Wang,,https://www.wtatennis.com/resources/v7.42.8/i/elements/flags/chn.svg,R64,W,"6-1, 6-4",https://www.wtatennis.com/players/326160/xiyu-wang,False,False,False,False,False,False,False,2,True,17,12,5,1,CN,CHN,156,142,Asia,East Asia,CHN,"6,1,None|6,4,None",,
7,Mutua Madrid Open,https://photoresources.wtatennis.com/photo-resources/2026/04/16/46f056ec-5c74-4159-bc35-97ca4c015c80/WTA-Tournament_Madrid-2023.png?height=128,https://www.wtatennis.com/tournaments/1038/madrid/2024,WTA 1000,Clay,https://www.wtatennis.com/resources/v7.42.8/i/elements/1000k-tag.svg,2024-04-23,2024-05-05,2024,4,Madrid,,,ES,ESP,724,150,,Europe,Southern Europe,ESP,,1000.0,963225.0,128M/48Q/32D,Mutua Madrid Open,,119,6,19.833333333333332,14,2.3333333333333335,,,,R128,,Bye,,False,False,True,False,False,False,False,0,False,0,0,0,0,,,,,,,,,,
1,Porsche Tennis Grand Prix,https://photoresources.wtatennis.com/photo-resources/2026/04/16/853dd66d-3c70-40ab-9215-4a22158de24a/WTA-Tournament_Stuttgart-2017.png?height=128,https://www.wtatennis.com/tournaments/1051/stuttgart/2024,WTA 500,Clay,https://www.wtatennis.com/resources/v7.42.8/i/elements/500k-tag.svg,2024-04-15,2024-04-21,2024,4,Stuttgart,KAZ,,DE,DEU,276,150,,Europe,Central Europe,GER,4.0,195.0,44526.0,32M/16Q/16D,Porsche Tennis Grand Prix,,69,3,23.0,7,2.3333333333333335,Elena Rybakina,4.0,https://www.wtatennis.com/resources/v7.42.8/i/elements/flags/kaz.svg,SF,L,"3-6, 6-4, 3-6",https://www.wtatennis.com/players/324166/elena-rybakina,False,False,False,False,False,False,False,3,False,28,12,16,0,KZ,KAZ,398,142,Asia,Central Asia,KAZ,"3,6,None|6,4,None|3,6,None",,
2,Porsche Tennis Grand Prix,https://photoresources.wtatennis.com/photo-resources/2026/04/16/853dd66d-3c70-40ab-9215-4a22158de24a/WTA-Tournament_Stuttgart-2017.png?height=128,https://www.wtatennis.com/tournaments/1051/stuttgart/2024,WTA 500,Clay,https://www.wtatennis.com/resources/v7.42.8/i/elements/500k-tag.svg,2024-04-15,2024-04-21,2024,4,Stuttgart,GBR,,DE,DEU,276,150,Britain|UK|Great Britain|United Kingdom,Europe,Central Europe,GER,303.0,195.0,44526.0,32M/16Q/16D,Porsche Tennis Grand Prix,,69,3,23.0,7,2.3333333333333335,Emma Raducanu,,https://www.wtatennis.com/resources/v7.42.8/i/elements/flags/gbr.svg,QF,W,"7-6 (2), 6-3",https://www.wtatennis.com/players/328366/emma-raducanu,False,False,False,True,False,False,True,2,True,22,13,9,1,GB,GBR,826,150,Europe,Northern Europe,ENG,"7,6,2|6,3,None",,
3,Porsche Tennis Grand Prix,https://photoresources.wtatennis.com/photo-resources/2026/04/16/853dd66d-3c70-40ab-9215-4a22158de24a/WTA-Tournament_Stuttgart-2017.png?height=128,https://www.wtatennis.com/tournaments/1051/stuttgart/2024,WTA 500,Clay,https://www.wtatennis.com/resources/v7.42.8/i/elements/500k-tag.svg,2024-04-15,2024-04-21,2024,4,Stuttgart,BEL,,DE,DEU,276,150,,Europe,Central Europe,GER,30.0,195.0,44526.0,32M/16Q/16D,Porsche Tennis Grand Prix,,69,3,23.0,7,2.3333333333333335,Elise Mertens,,https://www.wtatennis.com/resources/v7.42.8/i/elements/flags/bel.svg,R16,W,"6-3, 6-4",https://www.wtatennis.com/players/317964/elise-mertens,False,False,False,False,False,False,False,2,True,19,12,7,1,BE,BEL,056,150,Europe,Western Europe,BEL,"6,3,None|6,4,None",,
4,Porsche Tennis Grand Prix,https://photoresources.wtatennis.com/photo-resources/2026/04/16/853dd66d-3c70-40ab-9215-4a22158de24a/WTA-Tournament_Stuttgart-2017.png?height=128,https://www.wtatennis.com/tournaments/1051/stuttgart/2024,WTA 500,Clay,https://www.wtatennis.com/resources/v7.42.8/i/elements/500k-tag.svg,2024-04-15,2024-04-21,2024,4,Stuttgart,,,DE,DEU,276,150,,Europe,Central Europe,GER,,195.0,44526.0,32M/16Q/16D,Porsche Tennis Grand Prix,,69,3,23.0,7,2.3333333333333335,,,,R32,,Bye,,False,False,True,False,False,False,False,0,False,0,0,0,0,,,,,,,,,,
1,Bjk Cup Qualifiers,https://www.wtatennis.com/resources/v7.42.8/i/elements/itf.png,,ITF,Hard,https://www.wtatennis.com/resources/v7.42.8/i/elements/itf.png,2024-04-12,2024-04-14,2024,4,Biel,SUI,,CH,CHE,756,150,,Europe,Central Europe,SUI,158.0,,,8M/0Q/2D,Bjk Cup Qualifiers,,35,2,17.5,4,2.0,Simona Waltert,,https://www.wtatennis.com/resources/v7.42.8/i/elements/flags/sui.svg,Round 1 R1,W,"6-3, 6-1",https://www.wtatennis.com/players/325771/simona-waltert,False,False,False,False,False,False,False,2,True,16,12,4,1,CH,CHE,756,150,Europe,Central Europe,SUI,"6,3,None|6,1,None",,
2,Bjk Cup Qualifiers,https://www.wtatennis.com/resources/v7.42.8/i/elements/itf.png,,ITF,Hard,https://www.wtatennis.com/resources/v7.42.8/i/elements/itf.png,2024-04-12,2024-04-14,2024,4,Biel,SUI,,CH,CHE,756,150,,Europe,Central Europe,SUI,148.0,,,8M/0Q/2D,Bjk Cup Qualifiers,,35,2,17.5,4,2.0,Celine Naef,,https://www.wtatennis.com/resources/v7.42.8/i/elements/flags/sui.svg,Round 1 R1,W,"6-4, 6-3",https://www.wtatennis.com/players/330581/celine-naef,False,False,False,False,False,False,False,2,True,19,12,7,1,CH,CHE,756,150,Europe,Central Europe,SUI,"6,4,None|6,3,None",,
1,Miami Open Presented By Itaú,https://photoresources.wtatennis.com/photo-resources/2026/04/16/e0f2d5a2-cc05-4b2a-8377-f57edf6eaaa2/WTA-Tournament_Miami-2024.png?height=128,https://www.wtatennis.com/tournaments/902/miami/2024,WTA 1000,Hard,https://www.wtatennis.com/resources/v7.42.8/i/elements/1000k-tag.svg,2024-03-19,2024-03-31,2024,3,Miami,RUS,FL,US,USA,840,019,,America,Northern America,USA,16.0,120.0,101000.0,128M/48Q/32D,Miami Open Presented By Itaú,,65,3,21.666666666666668,7,2.3333333333333335,Ekaterina Alexandrova,14.0,https://www.wtatennis.com/resources/v7.42.8/i/elements/flags/rus.svg,R16,L,"4-6, 2-6",https://www.wtatennis.com/players/319007/ekaterina-alexandrova,False,False,False,False,False,False,False,2,False,18,6,12,0,RU,RUS,643,150,Europe,Eastern Europe,RUS,"4,6,None|2,6,None",,
2,Miami Open Presented By Itaú,https://photoresources.wtatennis.com/photo-resources/2026/04/16/e0f2d5a2-cc05-4b2a-8377-f57edf6eaaa2/WTA-Tournament_Miami-2024.png?height=128,https://www.wtatennis.com/tournaments/902/miami/2024,WTA 1000,Hard,https://www.wtatennis.com/resources/v7.42.8/i/elements/1000k-tag.svg,2024-03-19,2024-03-31,2024,3,Miami,CZE,FL,US,USA,840,019,,America,Northern America,USA,31.0,120.0,101000.0,128M/48Q/32D,Miami Open Presented By Itaú,,65,3,21.666666666666668,7,2.3333333333333335,Linda Noskova,26.0,https://www.wtatennis.com/resources/v7.42.8/i/elements/flags/cze.svg,R32,W,"6-7 (7), 6-4, 6-4",https://www.wtatennis.com/players/329668/linda-noskova,False,False,False,True,False,False,True,3,False,33,18,15,1,CZ,CZE,203,150,Europe,Central Europe,CZE,"6,7,7|6,4,None|6,4,None",,
3,Miami Open Presented By Itaú,https://photoresources.wtatennis.com/photo-resources/2026/04/16/e0f2d5a2-cc05-4b2a-8377-f57edf6eaaa2/WTA-Tournament_Miami-2024.png?height=128,https://www.wtatennis.com/tournaments/902/miami/2024,WTA 1000,Hard,https://www.wtatennis.com/resources/v7.42.8/i/elements/1000k-tag.svg,2024-03-19,2024-03-31,2024,3,Miami,ITA,FL,US,USA,840,019,,America,Northern America,USA,108.0,120.0,101000.0,128M/48Q/32D,Miami Open Presented By Itaú,,65,3,21.666666666666668,7,2.3333333333333335,Camila Giorgi,,https://www.wtatennis.com/resources/v7.42.8/i/elements/flags/ita.svg,R64,W,"6-1, 6-1",https://www.wtatennis.com/players/314610/camila-giorgi,False,False,False,False,False,False,False,2,True,14,12,2,1,IT,ITA,380,150,Europe,Southern Europe,ITA,"6,1,None|6,1,None",,
4,Miami Open Presented By Itaú,https://photoresources.wtatennis.com/photo-resources/2026/04/16/e0f2d5a2-cc05-4b2a-8377-f57edf6eaaa2/WTA-Tournament_Miami-2024.png?height=128,https://www.wtatennis.com/tournaments/902/miami/2024,WTA 1000,Hard,https://www.wtatennis.com/resources/v7.42.8/i/elements/1000k-tag.svg,2024-03-19,2024-03-31,2024,3,Miami,,FL,US,USA,840,019,,America,Northern America,USA,,120.0,101000.0,128M/48Q/32D,Miami Open Presented By Itaú,,65,3,21.666666666666668,7,2.3333333333333335,,,,R128,,Bye,,False,False,True,False,False,False,False,0,False,0,0,0,0,,,,,,,,,,
1,Bnp Paribas Open,https://photoresources.wtatennis.com/photo-resources/2026/04/16/a1736320-dd92-4829-8aa8-846c2edef410/WTA-Tournament_Indian-Wells-2017.png?height=128,https://www.wtatennis.com/tournaments/609/indian-wells/2024,WTA 1000,Hard,https://www.wtatennis.com/resources/v7.42.8/i/elements/1000k-tag.svg,2024-03-06,2024-03-17,2024,3,Indian Wells,GRE,CA,US,USA,840,019,,America,Northern America,USA,9.0,1000.0,1100000.0,128M/48Q/32D,Bnp Paribas Open,,88,6,14.666666666666666,12,2.0,Maria Sakkari,9.0,https://www.wtatennis.com/resources/v7.42.8/i/elements/flags/gre.svg,F,W,"6-4, 6-0",https://www.wtatennis.com/players/318312/maria-sakkari,False,False,False,False,False,False,False,2,True,16,12,4,1,GR,GRC,300,150,Europe,Southeastern Europe,GRE,"6,4,None|6,0,None",,
2,Bnp Paribas Open,https://photoresources.wtatennis.com/photo-resources/2026/04/16/a1736320-dd92-4829-8aa8-846c2edef410/WTA-Tournament_Indian-Wells-2017.png?height=128,https://www.wtatennis.com/tournaments/609/indian-wells/2024,WTA 1000,Hard,https://www.wtatennis.com/resources/v7.42.8/i/elements/1000k-tag.svg,2024-03-06,2024-03-17,2024,3,Indian Wells,UKR,CA,US,USA,840,019,,America,Northern America,USA,32.0,1000.0,1100000.0,128M/48Q/32D,Bnp Paribas Open,,88,6,14.666666666666666,12,2.0,Marta Kostyuk,31.0,https://www.wtatennis.com/resources/v7.42.8/i/elements/flags/ukr.svg,SF,W,"6-2, 6-1",https://www.wtatennis.com/players/326482/marta-kostyuk,False,False,False,False,False,False,False,2,True,15,12,3,1,UA,UKR,804,150,Europe,Eastern Europe,UKR,"6,2,None|6,1,None",,
3,Bnp Paribas Open,https://photoresources.wtatennis.com/photo-resources/2026/04/16/a1736320-dd92-4829-8aa8-846c2edef410/WTA-Tournament_Indian-Wells-2017.png?height=128,https://www.wtatennis.com/tournaments/609/indian-wells/2024,WTA 1000,Hard,https://www.wtatennis.com/resources/v7.42.8/i/elements/1000k-tag.svg,2024-03-06,2024-03-17,2024,3,Indian Wells,DEN,CA,US,USA,840,019,,America,Northern America,USA,204.0,1000.0,1100000.0,128M/48Q/32D,Bnp Paribas Open,,88,6,14.666666666666666,12,2.0,Caroline Wozniacki,,https://www.wtatennis.com/resources/v7.42.8/i/elements/flags/den.svg,QF,W,"6-4, 1-0",https://www.wtatennis.com/players/313402/caroline-wozniacki,True,False,False,False,False,False,False,2,True,11,7,4,1,DK,DNK,208,150,Europe,Northern Europe,DEN,"6,4,None|1,0,None|Ret",,
4,Bnp Paribas Open,https://photoresources.wtatennis.com/photo-resources/2026/04/16/a1736320-dd92-4829-8aa8-846c2edef410/WTA-Tournament_Indian-Wells-2017.png?height=128,https://www.wtatennis.com/tournaments/609/indian-wells/2024,WTA 1000,Hard,https://www.wtatennis.com/resources/v7.42.8/i/elements/1000k-tag.svg,2024-03-06,2024-03-17,2024,3,Indian Wells,KAZ,CA,US,USA,840,019,,America,Northern America,USA,79.0,1000.0,1100000.0,128M/48Q/32D,Bnp Paribas Open,,88,6,14.666666666666666,12,2.0,Yulia Putintseva,,https://www.wtatennis.com/resources/v7.42.8/i/elements/flags/kaz.svg,R16,W,"6-1, 6-2",https://www.wtatennis.com/players/317683/yulia-putintseva,False,False,False,False,False,False,False,2,True,15,12,3,1,KZ,KAZ,398,142,Asia,Central Asia,KAZ,"6,1,None|6,2,None",,
5,Bnp Paribas Open,https://photoresources.wtatennis.com/photo-resources/2026/04/16/a1736320-dd92-4829-8aa8-846c2edef410/WTA-Tournament_Indian-Wells-2017.png?height=128,https://www.wtatennis.com/tournaments/609/indian-wells/2024,WTA 1000,Hard,https://www.wtatennis.com/resources/v7.42.8/i/elements/1000k-tag.svg,2024-03-06,2024-03-17,2024,3,Indian Wells,CZE,CA,US,USA,840,019,,America,Northern America,USA,29.0,1000.0,1100000.0,128M/48Q/32D,Bnp Paribas Open,,88,6,14.666666666666666,12,2.0,Linda Noskova,26.0,https://www.wtatennis.com/resources/v7.42.8/i/elements/flags/cze.svg,R32,W,"6-4, 6-0",https://www.wtatennis.com/players/329668/linda-noskova,False,False,False,False,False,False,False,2,True,16,12,4,1,CZ,CZE,203,150,Europe,Central Europe,CZE,"6,4,None|6,0,None",,
6,Bnp Paribas Open,https://photoresources.wtatennis.com/photo-resources/2026/04/16/a1736320-dd92-4829-8aa8-846c2edef410/WTA-Tournament_Indian-Wells-2017.png?height=128,https://www.wtatennis.com/tournaments/609/indian-wells/2024,WTA 1000,Hard,https://www.wtatennis.com/resources/v7.42.8/i/elements/1000k-tag.svg,2024-03-06,2024-03-17,2024,3,Indian Wells,USA,CA,US,USA,840,019,United States of America|America|USA|US,America,Northern America,USA,56.0,1000.0,1100000.0,128M/48Q/32D,Bnp Paribas Open,,88,6,14.666666666666666,12,2.0,Danielle Collins,,https://www.wtatennis.com/resources/v7.42.8/i/elements/flags/usa.svg,R64,W,"6-3, 6-0",https://www.wtatennis.com/players/316925/danielle-collins,False,False,False,False,False,False,False,2,True,15,12,3,1,US,USA,840,019,America,Northern America,USA,"6,3,None|6,0,None",,
7,Bnp Paribas Open,https://photoresources.wtatennis.com/photo-resources/2026/04/16/a1736320-dd92-4829-8aa8-846c2edef410/WTA-Tournament_Indian-Wells-2017.png?height=128,https://www.wtatennis.com/tournaments/609/indian-wells/2024,WTA 1000,Hard,https://www.wtatennis.com/resources/v7.42.8/i/elements/1000k-tag.svg,2024-03-06,2024-03-17,2024,3,Indian Wells,,CA,US,USA,840,019,,America,Northern America,USA,,1000.0,1100000.0,128M/48Q/32D,Bnp Paribas Open,,88,6,14.666666666666666,12,2.0,,,,R128,,Bye,,False,False,True,False,False,False,False,0,False,0,0,0,0,,,,,,,,,,
1,Dubai Duty Free Tennis Championships,https://photoresources.wtatennis.com/photo-resources/2026/04/16/2aee9d91-0756-4a92-b0bb-09b8d0dd8d76/WTA-Tournament_Dubai-2017.png?height=128,https://www.wtatennis.com/tournaments/718/dubai/2024,WTA 1000,Hard,https://www.wtatennis.com/resources/v7.42.8/i/elements/1000k-tag.svg,2024-02-18,2024-02-24,2024,2,Dubai,RUS,,AE,ARE,784,142,,Asia,Western Asia,UAE,40.0,390.0,158944.0,64M/32Q/32D,Dubai Duty Free Tennis Championships,,74,4,18.5,8,2.0,Anna Kalinskaya,,https://www.wtatennis.com/resources/v7.42.8/i/elements/flags/rus.svg,SF,L,"4-6, 4-6",https://www.wtatennis.com/players/323942/anna-kalinskaya,False,False,False,False,False,False,False,2,False,20,8,12,0,RU,RUS,643,150,Europe,Eastern Europe,RUS,"4,6,None|4,6,None",,
2,Dubai Duty Free Tennis Championships,https://photoresources.wtatennis.com/photo-resources/2026/04/16/2aee9d91-0756-4a92-b0bb-09b8d0dd8d76/WTA-Tournament_Dubai-2017.png?height=128,https://www.wtatennis.com/tournaments/718/dubai/2024,WTA 1000,Hard,https://www.wtatennis.com/resources/v7.42.8/i/elements/1000k-tag.svg,2024-02-18,2024-02-24,2024,2,Dubai,CHN,,AE,ARE,784,142,,Asia,Western Asia,UAE,7.0,390.0,158944.0,64M/32Q/32D,Dubai Duty Free Tennis Championships,,74,4,18.5,8,2.0,Qinwen Zheng,6.0,https://www.wtatennis.com/resources/v7.42.8/i/elements/flags/chn.svg,QF,W,"6-3, 6-2",https://www.wtatennis.com/players/328120/qinwen-zheng,False,False,False,False,False,False,False,2,True,17,12,5,1,CN,CHN,156,142,Asia,East Asia,CHN,"6,3,None|6,2,None",,
3,Dubai Duty Free Tennis Championships,https://photoresources.wtatennis.com/photo-resources/2026/04/16/2aee9d91-0756-4a92-b0bb-09b8d0dd8d76/WTA-Tournament_Dubai-2017.png?height=128,https://www.wtatennis.com/tournaments/718/dubai/2024,WTA 1000,Hard,https://www.wtatennis.com/resources/v7.42.8/i/elements/1000k-tag.svg,2024-02-18,2024-02-24,2024,2,Dubai,UKR,,AE,ARE,784,142,,Asia,Western Asia,UAE,20.0,390.0,158944.0,64M/32Q/32D,Dubai Duty Free Tennis Championships,,74,4,18.5,8,2.0,Elina Svitolina,15.0,https://www.wtatennis.com/resources/v7.42.8/i/elements/flags/ukr.svg,R16,W,"6-1, 6-4",https://www.wtatennis.com/players/316738/elina-svitolina,False,False,False,False,False,False,False,2,True,17,12,5,1,UA,UKR,804,150,Europe,Eastern Europe,UKR,"6,1,None|6,4,None",,
4,Dubai Duty Free Tennis Championships,https://photoresources.wtatennis.com/photo-resources/2026/04/16/2aee9d91-0756-4a92-b0bb-09b8d0dd8d76/WTA-Tournament_Dubai-2017.png?height=128,https://www.wtatennis.com/tournaments/718/dubai/2024,WTA 1000,Hard,https://www.wtatennis.com/resources/v7.42.8/i/elements/1000k-tag.svg,2024-02-18,2024-02-24,2024,2,Dubai,USA,,AE,ARE,784,142,United States of America|America|USA|US,Asia,Western Asia,UAE,41.0,390.0,158944.0,64M/32Q/32D,Dubai Duty Free Tennis Championships,,74,4,18.5,8,2.0,Sloane Stephens,,https://www.wtatennis.com/resources/v7.42.8/i/elements/flags/usa.svg,R32,W,"6-4, 6-4",https://www.wtatennis.com/players/315683/sloane-stephens,False,False,False,False,False,False,False,2,True,20,12,8,1,US,USA,840,019,America,Northern America,USA,"6,4,None|6,4,None",,
5,Dubai Duty Free Tennis Championships,https://photoresources.wtatennis.com/photo-resources/2026/04/16/2aee9d91-0756-4a92-b0bb-09b8d0dd8d76/WTA-Tournament_Dubai-2017.png?height=128,https://www.wtatennis.com/tournaments/718/dubai/2024,WTA 1000,Hard,https://www.wtatennis.com/resources/v7.42.8/i/elements/1000k-tag.svg,2024-02-18,2024-02-24,2024,2,Dubai,,,AE,ARE,784,142,,Asia,Western Asia,UAE,,390.0,158944.0,64M/32Q/32D,Dubai Duty Free Tennis Championships,,74,4,18.5,8,2.0,,,,R64,,Bye,,False,False,True,False,False,False,False,0,False,0,0,0,0,,,,,,,,,,
1,Qatar Totalenergies Open 2024,https://photoresources.wtatennis.com/photo-resources/2026/04/16/c44d1d24-32ae-4ebe-b5e8-bd228bfb4fc8/1003_Doha_2026.png?height=128,https://www.wtatennis.com/tournaments/1003/doha/2024,WTA 1000,Hard,https://www.wtatennis.com/resources/v7.42.8/i/elements/1000k-tag.svg,2024-02-11,2024-02-17,2024,2,Doha,KAZ,,QA,QAT,634,142,,Asia,Western Asia,QAT,4.0,1000.0,523485.0,64M/32Q/32D,Qatar Totalenergies Open 2024,,68,4,17.0,8,2.0,Elena Rybakina,3.0,https://www.wtatennis.com/resources/v7.42.8/i/elements/flags/kaz.svg,F,W,"7-6 (8), 6-2",https://www.wtatennis.com/players/324166/elena-rybakina,False,False,False,True,False,False,True,2,True,21,13,8,1,KZ,KAZ,398,142,Asia,Central Asia,KAZ,"7,6,8|6,2,None",,
2,Qatar Totalenergies Open 2024,https://photoresources.wtatennis.com/photo-resources/2026/04/16/c44d1d24-32ae-4ebe-b5e8-bd228bfb4fc8/1003_Doha_2026.png?height=128,https://www.wtatennis.com/tournaments/1003/doha/2024,WTA 1000,Hard,https://www.wtatennis.com/resources/v7.42.8/i/elements/1000k-tag.svg,2024-02-11,2024-02-17,2024,2,Doha,CZE,,QA,QAT,634,142,,Asia,Western Asia,QAT,59.0,1000.0,523485.0,64M/32Q/32D,Qatar Totalenergies Open 2024,,68,4,17.0,8,2.0,Karolina Pliskova,,https://www.wtatennis.com/resources/v7.42.8/i/elements/flags/cze.svg,SF,W,Walkover,https://www.wtatennis.com/players/313974/karolina-pliskova,False,True,False,False,False,False,False,0,False,0,0,0,0,CZ,CZE,203,150,Europe,Central Europe,CZE,,,
3,Qatar Totalenergies Open 2024,https://photoresources.wtatennis.com/photo-resources/2026/04/16/c44d1d24-32ae-4ebe-b5e8-bd228bfb4fc8/1003_Doha_2026.png?height=128,https://www.wtatennis.com/tournaments/1003/doha/2024,WTA 1000,Hard,https://www.wtatennis.com/resources/v7.42.8/i/elements/1000k-tag.svg,2024-02-11,2024-02-17,2024,2,Doha,BLR,,QA,QAT,634,142,,Asia,Western Asia,QAT,31.0,1000.0,523485.0,64M/32Q/32D,Qatar Totalenergies Open 2024,,68,4,17.0,8,2.0,Victoria Azarenka,,https://www.wtatennis.com/resources/v7.42.8/i/elements/flags/blr.svg,QF,W,"6-4, 6-0",https://www.wtatennis.com/players/312001/victoria-azarenka,False,False,False,False,False,False,False,2,True,16,12,4,1,BY,BLR,112,150,Europe,Eastern Europe,BLR,"6,4,None|6,0,None",,
4,Qatar Totalenergies Open 2024,https://photoresources.wtatennis.com/photo-resources/2026/04/16/c44d1d24-32ae-4ebe-b5e8-bd228bfb4fc8/1003_Doha_2026.png?height=128,https://www.wtatennis.com/tournaments/1003/doha/2024,WTA 1000,Hard,https://www.wtatennis.com/resources/v7.42.8/i/elements/1000k-tag.svg,2024-02-11,2024-02-17,2024,2,Doha,RUS,,QA,QAT,634,142,,Asia,Western Asia,QAT,19.0,1000.0,523485.0,64M/32Q/32D,Qatar Totalenergies Open 2024,,68,4,17.0,8,2.0,Ekaterina Alexandrova,14.0,https://www.wtatennis.com/resources/v7.42.8/i/elements/flags/rus.svg,R16,W,"6-1, 6-4",https://www.wtatennis.com/players/319007/ekaterina-alexandrova,False,False,False,False,False,False,False,2,True,17,12,5,1,RU,RUS,643,150,Europe,Eastern Europe,RUS,"6,1,None|6,4,None",,
5,Qatar Totalenergies Open 2024,https://photoresources.wtatennis.com/photo-resources/2026/04/16/c44d1d24-32ae-4ebe-b5e8-bd228bfb4fc8/1003_Doha_2026.png?height=128,https://www.wtatennis.com/tournaments/1003/doha/2024,WTA 1000,Hard,https://www.wtatennis.com/resources/v7.42.8/i/elements/1000k-tag.svg,2024-02-11,2024-02-17,2024,2,Doha,ROU,,QA,QAT,634,142,,Asia,Western Asia,QAT,22.0,1000.0,523485.0,64M/32Q/32D,Qatar Totalenergies Open 2024,,68,4,17.0,8,2.0,Sorana Cirstea,,https://www.wtatennis.com/resources/v7.42.8/i/elements/flags/rou.svg,R32,W,"6-1, 6-1",https://www.wtatennis.com/players/312469/sorana-cirstea,False,False,False,False,False,False,False,2,True,14,12,2,1,RO,ROU,642,150,Europe,Southeastern Europe,ROU,"6,1,None|6,1,None",,
6,Qatar Totalenergies Open 2024,https://photoresources.wtatennis.com/photo-resources/2026/04/16/c44d1d24-32ae-4ebe-b5e8-bd228bfb4fc8/1003_Doha_2026.png?height=128,https://www.wtatennis.com/tournaments/1003/doha/2024,WTA 1000,Hard,https://www.wtatennis.com/resources/v7.42.8/i/elements/1000k-tag.svg,2024-02-11,2024-02-17,2024,2,Doha,,,QA,QAT,634,142,,Asia,Western Asia,QAT,,1000.0,523485.0,64M/32Q/32D,Qatar Totalenergies Open 2024,,68,4,17.0,8,2.0,,,,R64,,Bye,,False,False,True,False,False,False,False,0,False,0,0,0,0,,,,,,,,,,
1,Australian Open,https://photoresources.wtatennis.com/photo-resources/2026/04/16/6b041ce4-8b08-4fff-be75-89d1c452c157/WTA-Tournament_Australian-Open.png?height=128,https://www.wtatennis.com/tournaments/901/australian-open/2024,Grand Slam,Hard,https://www.wtatennis.com/resources/v7.42.8/i/elements/gs-tag.svg,2024-01-14,2024-01-28,2024,1,Melbourne,CZE,,AU,AUS,036,009,,Oceania,Australasia,AUS,50.0,130.0,168654.0,128M/128Q/64D,Australian Open,,78,3,26.0,8,2.6666666666666665,Linda Noskova,,https://www.wtatennis.com/resources/v7.42.8/i/elements/flags/cze.svg,R32,L,"6-3, 3-6, 4-6",https://www.wtatennis.com/players/329668/linda-noskova,False,False,False,False,False,False,False,3,True,28,13,15,0,CZ,CZE,203,150,Europe,Central Europe,CZE,"6,3,None|3,6,None|4,6,None",,
2,Australian Open,https://photoresources.wtatennis.com/photo-resources/2026/04/16/6b041ce4-8b08-4fff-be75-89d1c452c157/WTA-Tournament_Australian-Open.png?height=128,https://www.wtatennis.com/tournaments/901/australian-open/2024,Grand Slam,Hard,https://www.wtatennis.com/resources/v7.42.8/i/elements/gs-tag.svg,2024-01-14,2024-01-28,2024,1,Melbourne,USA,,AU,AUS,036,009,United States of America|America|USA|US,Oceania,Australasia,AUS,62.0,130.0,168654.0,128M/128Q/64D,Australian Open,,78,3,26.0,8,2.6666666666666665,Danielle Collins,,https://www.wtatennis.com/resources/v7.42.8/i/elements/flags/usa.svg,R64,W,"6-4, 3-6, 6-4",https://www.wtatennis.com/players/316925/danielle-collins,False,False,False,False,False,False,False,3,True,29,15,14,1,US,USA,840,019,America,Northern America,USA,"6,4,None|3,6,None|6,4,None",,
3,Australian Open,https://photoresources.wtatennis.com/photo-resources/2026/04/16/6b041ce4-8b08-4fff-be75-89d1c452c157/WTA-Tournament_Australian-Open.png?height=128,https://www.wtatennis.com/tournaments/901/australian-open/2024,Grand Slam,Hard,https://www.wtatennis.com/resources/v7.42.8/i/elements/gs-tag.svg,2024-01-14,2024-01-28,2024,1,Melbourne,USA,,AU,AUS,036,009,United States of America|America|USA|US,Oceania,Australasia,AUS,41.0,130.0,168654.0,128M/128Q/64D,Australian Open,,78,3,26.0,8,2.6666666666666665,Sofia Kenin,,https://www.wtatennis.com/resources/v7.42.8/i/elements/flags/usa.svg,R128,W,"7-6 (2), 6-2",https://www.wtatennis.com/players/320942/sofia-kenin,False,False,False,True,False,False,True,2,True,21,13,8,1,US,USA,840,019,America,Northern America,USA,"7,6,2|6,2,None",,
1,United Cup,https://photoresources.wtatennis.com/photo-resources/2026/04/16/4747c6b3-5f7f-4dd1-8f1b-30ede7d1b539/WTA-Tournament_United-cup.jpg?height=128,https://www.wtatennis.com/tournaments/2084/united-cup/2024,WTA 500,Hard,https://www.wtatennis.com/resources/v7.42.8/i/elements/500k-tag.svg,2024-12-29,2024-01-07,2024,12,Sydney + Perth,BRA,,AU,AUS,036,009,,Oceania,Australasia,AUS,11.0,500.0,524225.0,0M/0Q/0D,United Cup,,87,5,17.4,11,2.2,Beatriz Haddad Maia,,https://www.wtatennis.com/resources/v7.42.8/i/elements/flags/bra.svg,Round R,W,"6-2, 6-2",https://www.wtatennis.com/players/318176/beatriz-haddad-maia,False,False,False,False,False,False,False,2,True,16,12,4,1,BR,BRA,076,019,America,Eastern South America,BRA,"6,2,None|6,2,None",,
2,United Cup,https://photoresources.wtatennis.com/photo-resources/2026/04/16/4747c6b3-5f7f-4dd1-8f1b-30ede7d1b539/WTA-Tournament_United-cup.jpg?height=128,https://www.wtatennis.com/tournaments/2084/united-cup/2024,WTA 500,Hard,https://www.wtatennis.com/resources/v7.42.8/i/elements/500k-tag.svg,2024-12-29,2024-01-07,2024,12,Sydney + Perth,ESP,,AU,AUS,036,009,Kingdom of Spain,Oceania,Australasia,AUS,48.0,500.0,524225.0,0M/0Q/0D,United Cup,,87,5,17.4,11,2.2,Sara Sorribes Tormo,11.0,https://www.wtatennis.com/resources/v7.42.8/i/elements/flags/esp.svg,Round R,W,"6-2, 6-1",https://www.wtatennis.com/players/318872/sara-sorribes-tormo,False,False,False,False,False,False,False,2,True,15,12,3,1,ES,ESP,724,150,Europe,Southern Europe,ESP,"6,2,None|6,1,None",,
3,United Cup,https://photoresources.wtatennis.com/photo-resources/2026/04/16/4747c6b3-5f7f-4dd1-8f1b-30ede7d1b539/WTA-Tournament_United-cup.jpg?height=128,https://www.wtatennis.com/tournaments/2084/united-cup/2024,WTA 500,Hard,https://www.wtatennis.com/resources/v7.42.8/i/elements/500k-tag.svg,2024-12-29,2024-01-07,2024,12,Sydney + Perth,CHN,,AU,AUS,036,009,,Oceania,Australasia,AUS,15.0,500.0,524225.0,0M/0Q/0D,United Cup,,87,5,17.4,11,2.2,Qinwen Zheng,9.0,https://www.wtatennis.com/resources/v7.42.8/i/elements/flags/chn.svg,Round R,W,"6-2, 6-3",https://www.wtatennis.com/players/328120/qinwen-zheng,False,False,False,False,False,False,False,2,True,17,12,5,1,CN,CHN,156,142,Asia,East Asia,CHN,"6,2,None|6,3,None",,
4,United Cup,https://photoresources.wtatennis.com/photo-resources/2026/04/16/4747c6b3-5f7f-4dd1-8f1b-30ede7d1b539/WTA-Tournament_United-cup.jpg?height=128,https://www.wtatennis.com/tournaments/2084/united-cup/2024,WTA 500,Hard,https://www.wtatennis.com/resources/v7.42.8/i/elements/500k-tag.svg,2024-12-29,2024-01-07,2024,12,Sydney + Perth,FRA,,AU,AUS,036,009,,Oceania,Australasia,AUS,20.0,500.0,524225.0,0M/0Q/0D,United Cup,,87,5,17.4,11,2.2,Caroline Garcia,4.0,https://www.wtatennis.com/resources/v7.42.8/i/elements/flags/fra.svg,Round R,W,"4-6, 6-1, 6-1",https://www.wtatennis.com/players/315391/caroline-garcia,False,False,False,False,False,False,False,3,False,24,16,8,1,FR,FRA,250,150,Europe,Western Europe,FRA,"4,6,None|6,1,None|6,1,None",,
5,United Cup,https://photoresources.wtatennis.com/photo-resources/2026/04/16/4747c6b3-5f7f-4dd1-8f1b-30ede7d1b539/WTA-Tournament_United-cup.jpg?height=128,https://www.wtatennis.com/tournaments/2084/united-cup/2024,WTA 500,Hard,https://www.wtatennis.com/resources/v7.42.8/i/elements/500k-tag.svg,2024-12-29,2024-01-07,2024,12,Sydney + Perth,GER,,AU,AUS,036,009,,Oceania,Australasia,AUS,,500.0,524225.0,0M/0Q/0D,United Cup,,87,5,17.4,11,2.2,Angelique Kerber,16.0,https://www.wtatennis.com/resources/v7.42.8/i/elements/flags/ger.svg,Round R,W,"6-3, 6-0",https://www.wtatennis.com/players/311470/angelique-kerber,False,False,False,False,False,False,False,2,True,15,12,3,1,DE,DEU,276,150,Europe,Central Europe,GER,"6,3,None|6,0,None",,
1,Gnp Seguros Wta Finals Cancun,https://photoresources.wtatennis.com/photo-resources/2026/04/16/23556323-66a6-4f30-9a8b-9b1f26342c0c/WTA-finals.png?height=128,https://www.wtatennis.com/tournaments/808/wta-finals/2023,Finals,Hard,https://www.wtatennis.com/resources/v7.42.8/i/elements/finals-tag.svg,2023-10-29,2023-11-06,2023,10,Cancun,USA,,MX,MEX,484,019,United States of America|America|USA|US,America,Central America,MEX,5.0,,3078000.0,9M/0Q/16D,Gnp Seguros Wta Finals Cancun,,82,5,16.4,10,2.0,Jessica Pegula,5.0,https://www.wtatennis.com/resources/v7.42.8/i/elements/flags/usa.svg,F,W,"6-1, 6-0",https://www.wtatennis.com/players/316956/jessica-pegula,False,False,False,False,False,False,False,2,True,13,12,1,1,US,USA,840,019,America,Northern America,USA,"6,1,None|6,0,None",,
2,Gnp Seguros Wta Finals Cancun,https://photoresources.wtatennis.com/photo-resources/2026/04/16/23556323-66a6-4f30-9a8b-9b1f26342c0c/WTA-finals.png?height=128,https://www.wtatennis.com/tournaments/808/wta-finals/2023,Finals,Hard,https://www.wtatennis.com/resources/v7.42.8/i/elements/finals-tag.svg,2023-10-29,2023-11-06,2023,10,Cancun,BLR,,MX,MEX,484,019,,America,Central America,MEX,1.0,,3078000.0,9M/0Q/16D,Gnp Seguros Wta Finals Cancun,,82,5,16.4,10,2.0,Aryna Sabalenka,1.0,https://www.wtatennis.com/resources/v7.42.8/i/elements/flags/blr.svg,SF,W,"6-3, 6-2",https://www.wtatennis.com/players/320760/aryna-sabalenka,False,False,False,False,False,False,False,2,True,17,12,5,1,BY,BLR,112,150,Europe,Eastern Europe,BLR,"6,3,None|6,2,None",,
3,Gnp Seguros Wta Finals Cancun,https://photoresources.wtatennis.com/photo-resources/2026/04/16/23556323-66a6-4f30-9a8b-9b1f26342c0c/WTA-finals.png?height=128,https://www.wtatennis.com/tournaments/808/wta-finals/2023,Finals,Hard,https://www.wtatennis.com/resources/v7.42.8/i/elements/finals-tag.svg,2023-10-29,2023-11-06,2023,10,Cancun,USA,,MX,MEX,484,019,United States of America|America|USA|US,America,Central America,MEX,3.0,,3078000.0,9M/0Q/16D,Gnp Seguros Wta Finals Cancun,,82,5,16.4,10,2.0,Coco Gauff,3.0,https://www.wtatennis.com/resources/v7.42.8/i/elements/flags/usa.svg,RR,W,"6-0, 7-5",https://www.wtatennis.com/players/328560/coco-gauff,False,False,False,False,False,False,False,2,True,18,13,5,1,US,USA,840,019,America,Northern America,USA,"6,0,None|7,5,None",,
4,Gnp Seguros Wta Finals Cancun,https://photoresources.wtatennis.com/photo-resources/2026/04/16/23556323-66a6-4f30-9a8b-9b1f26342c0c/WTA-finals.png?height=128,https://www.wtatennis.com/tournaments/808/wta-finals/2023,Finals,Hard,https://www.wtatennis.com/resources/v7.42.8/i/elements/finals-tag.svg,2023-10-29,2023-11-06,2023,10,Cancun,TUN,,MX,MEX,484,019,,America,Central America,MEX,7.0,,3078000.0,9M/0Q/16D,Gnp Seguros Wta Finals Cancun,,82,5,16.4,10,2.0,Ons Jabeur,6.0,https://www.wtatennis.com/resources/v7.42.8/i/elements/flags/tun.svg,RR,W,"6-1, 6-2",https://www.wtatennis.com/players/316847/ons-jabeur,False,False,False,False,False,False,False,2,True,15,12,3,1,TN,TUN,788,002,Africa,North Africa,TUN,"6,1,None|6,2,None",,
5,Gnp Seguros Wta Finals Cancun,https://photoresources.wtatennis.com/photo-resources/2026/04/16/23556323-66a6-4f30-9a8b-9b1f26342c0c/WTA-finals.png?height=128,https://www.wtatennis.com/tournaments/808/wta-finals/2023,Finals,Hard,https://www.wtatennis.com/resources/v7.42.8/i/elements/finals-tag.svg,2023-10-29,2023-11-06,2023,10,Cancun,CZE,,MX,MEX,484,019,,America,Central America,MEX,6.0,,3078000.0,9M/0Q/16D,Gnp Seguros Wta Finals Cancun,,82,5,16.4,10,2.0,Marketa Vondrousova,7.0,https://www.wtatennis.com/resources/v7.42.8/i/elements/flags/cze.svg,RR,W,"7-6 (3), 6-0",https://www.wtatennis.com/players/323027/marketa-vondrousova,False,False,False,True,False,False,True,2,True,19,13,6,1,CZ,CZE,203,150,Europe,Central Europe,CZE,"7,6,3|6,0,None",,
1,China Open,https://photoresources.wtatennis.com/photo-resources/2026/04/16/8f77c099-1d17-4cd7-aa46-7c21addc471f/WTA-Tournament_Beijing.png?height=128,https://www.wtatennis.com/tournaments/1020/beijing/2023,WTA 1000,Hard,https://www.wtatennis.com/resources/v7.42.8/i/elements/1000k-tag.svg,2023-09-30,2023-10-08,2023,9,Beijing,RUS,,CN,CHN,156,142,,Asia,East Asia,CHN,22.0,1000.0,1324000.0,64M/32Q/32D,China Open,,116,6,19.333333333333332,13,2.1666666666666665,Liudmila Samsonova,,https://www.wtatennis.com/resources/v7.42.8/i/elements/flags/rus.svg,F,W,"6-2, 6-2",https://www.wtatennis.com/players/322222/liudmila-samsonova,False,False,False,False,False,False,False,2,True,16,12,4,1,RU,RUS,643,150,Europe,Eastern Europe,RUS,"6,2,None|6,2,None",,
2,China Open,https://photoresources.wtatennis.com/photo-resources/2026/04/16/8f77c099-1d17-4cd7-aa46-7c21addc471f/WTA-Tournament_Beijing.png?height=128,https://www.wtatennis.com/tournaments/1020/beijing/2023,WTA 1000,Hard,https://www.wtatennis.com/resources/v7.42.8/i/elements/1000k-tag.svg,2023-09-30,2023-10-08,2023,9,Beijing,USA,,CN,CHN,156,142,United States of America|America|USA|US,Asia,East Asia,CHN,3.0,1000.0,1324000.0,64M/32Q/32D,China Open,,116,6,19.333333333333332,13,2.1666666666666665,Coco Gauff,3.0,https://www.wtatennis.com/resources/v7.42.8/i/elements/flags/usa.svg,SF,W,"6-2, 6-3",https://www.wtatennis.com/players/328560/coco-gauff,False,False,False,False,False,False,False,2,True,17,12,5,1,US,USA,840,019,America,Northern America,USA,"6,2,None|6,3,None",,
3,China Open,https://photoresources.wtatennis.com/photo-resources/2026/04/16/8f77c099-1d17-4cd7-aa46-7c21addc471f/WTA-Tournament_Beijing.png?height=128,https://www.wtatennis.com/tournaments/1020/beijing/2023,WTA 1000,Hard,https://www.wtatennis.com/resources/v7.42.8/i/elements/1000k-tag.svg,2023-09-30,2023-10-08,2023,9,Beijing,FRA,,CN,CHN,156,142,,Asia,East Asia,CHN,10.0,1000.0,1324000.0,64M/32Q/32D,China Open,,116,6,19.333333333333332,13,2.1666666666666665,Caroline Garcia,9.0,https://www.wtatennis.com/resources/v7.42.8/i/elements/flags/fra.svg,QF,W,"6-7 (8), 7-6 (5), 6-1",https://www.wtatennis.com/players/315391/caroline-garcia,False,False,False,True,True,False,True,3,False,33,19,14,1,FR,FRA,250,150,Europe,Western Europe,FRA,"6,7,8|7,6,5|6,1,None",,
4,China Open,https://photoresources.wtatennis.com/photo-resources/2026/04/16/8f77c099-1d17-4cd7-aa46-7c21addc471f/WTA-Tournament_Beijing.png?height=128,https://www.wtatennis.com/tournaments/1020/beijing/2023,WTA 1000,Hard,https://www.wtatennis.com/resources/v7.42.8/i/elements/1000k-tag.svg,2023-09-30,2023-10-08,2023,9,Beijing,POL,,CN,CHN,156,142,,Asia,East Asia,CHN,25.0,1000.0,1324000.0,64M/32Q/32D,China Open,,116,6,19.333333333333332,13,2.1666666666666665,Magda Linette,,https://www.wtatennis.com/resources/v7.42.8/i/elements/flags/pol.svg,R16,W,"6-1, 6-1",https://www.wtatennis.com/players/315130/magda-linette,False,False,False,False,False,False,False,2,True,14,12,2,1,PL,POL,616,150,Europe,Central Europe,POL,"6,1,None|6,1,None",,
5,China Open,https://photoresources.wtatennis.com/photo-resources/2026/04/16/8f77c099-1d17-4cd7-aa46-7c21addc471f/WTA-Tournament_Beijing.png?height=128,https://www.wtatennis.com/tournaments/1020/beijing/2023,WTA 1000,Hard,https://www.wtatennis.com/resources/v7.42.8/i/elements/1000k-tag.svg,2023-09-30,2023-10-08,2023,9,Beijing,FRA,,CN,CHN,156,142,,Asia,East Asia,CHN,47.0,1000.0,1324000.0,64M/32Q/32D,China Open,,116,6,19.333333333333332,13,2.1666666666666665,Varvara Gracheva,,https://www.wtatennis.com/resources/v7.42.8/i/elements/flags/fra.svg,R32,W,"6-4, 6-1",https://www.wtatennis.com/players/325836/varvara-gracheva,False,False,False,False,False,False,False,2,True,17,12,5,1,FR,FRA,250,150,Europe,Western Europe,FRA,"6,4,None|6,1,None",,
6,China Open,https://photoresources.wtatennis.com/photo-resources/2026/04/16/8f77c099-1d17-4cd7-aa46-7c21addc471f/WTA-Tournament_Beijing.png?height=128,https://www.wtatennis.com/tournaments/1020/beijing/2023,WTA 1000,Hard,https://www.wtatennis.com/resources/v7.42.8/i/elements/1000k-tag.svg,2023-09-30,2023-10-08,2023,9,Beijing,ESP,,CN,CHN,156,142,Kingdom of Spain,Asia,East Asia,CHN,55.0,1000.0,1324000.0,64M/32Q/32D,China Open,,116,6,19.333333333333332,13,2.1666666666666665,Sara Sorribes Tormo,,https://www.wtatennis.com/resources/v7.42.8/i/elements/flags/esp.svg,R64,W,"6-4, 6-3",https://www.wtatennis.com/players/318872/sara-sorribes-tormo,False,False,False,False,False,False,False,2,True,19,12,7,1,ES,ESP,724,150,Europe,Southern Europe,ESP,"6,4,None|6,3,None",,
1,Toray Pan Pacific Open Tennis,,https://www.wtatennis.com/tournaments/1056/tokyo/2023,WTA 500,Hard,https://www.wtatennis.com/resources/v7.42.8/i/elements/500k-tag.svg,2023-09-25,2023-10-01,2023,9,Tokyo,RUS,,JP,JPN,392,142,,Asia,East Asia,JPN,19.0,100.0,,32M/24Q/16D,Toray Pan Pacific Open Tennis,,48,2,24.0,5,2.5,Veronika Kudermetova,8.0,https://www.wtatennis.com/resources/v7.42.8/i/elements/flags/rus.svg,QF,L,"2-6, 6-2, 4-6",https://www.wtatennis.com/players/319526/veronika-kudermetova,False,False,False,False,False,False,False,3,False,26,12,14,0,RU,RUS,643,150,Europe,Eastern Europe,RUS,"2,6,None|6,2,None|4,6,None",,
2,Toray Pan Pacific Open Tennis,,https://www.wtatennis.com/tournaments/1056/tokyo/2023,WTA 500,Hard,https://www.wtatennis.com/resources/v7.42.8/i/elements/500k-tag.svg,2023-09-25,2023-10-01,2023,9,Tokyo,JPN,,JP,JPN,392,142,,Asia,East Asia,JPN,148.0,100.0,,32M/24Q/16D,Toray Pan Pacific Open Tennis,,48,2,24.0,5,2.5,Mai Hontama,,https://www.wtatennis.com/resources/v7.42.8/i/elements/flags/jpn.svg,R16,W,"6-4, 7-5",https://www.wtatennis.com/players/324750/mai-hontama,False,False,False,False,False,False,False,2,True,22,13,9,1,JP,JPN,392,142,Asia,East Asia,JPN,"6,4,None|7,5,None",,
3,Toray Pan Pacific Open Tennis,,https://www.wtatennis.com/tournaments/1056/tokyo/2023,WTA 500,Hard,https://www.wtatennis.com/resources/v7.42.8/i/elements/500k-tag.svg,2023-09-25,2023-10-01,2023,9,Tokyo,,,JP,JPN,392,142,,Asia,East Asia,JPN,,100.0,,32M/24Q/16D,Toray Pan Pacific Open Tennis,,48,2,24.0,5,2.5,,,,R32,,Bye,,False,False,True,False,False,False,False,0,False,0,0,0,0,,,,,,,,,,
1,Us Open,https://photoresources.wtatennis.com/photo-resources/2026/04/16/8d0a3d41-7b45-434b-a75b-b7d2eb0922b4/WTA-Tournament_US-Open.png?height=128,https://www.wtatennis.com/tournaments/905/us-open/2023,Grand Slam,Hard,https://www.wtatennis.com/resources/v7.42.8/i/elements/gs-tag.svg,2023-08-28,2023-09-10,2023,8,New York,LAT,NY,US,USA,840,019,,America,Northern America,USA,21.0,240.0,284000.0,128M/128Q/64D,Us Open,,70,4,17.5,9,2.25,Jelena Ostapenko,20.0,https://www.wtatennis.com/resources/v7.42.8/i/elements/flags/lat.svg,R16,L,"6-3, 3-6, 1-6",https://www.wtatennis.com/players/319939/jelena-ostapenko,False,False,False,False,False,False,False,3,True,25,10,15,0,,,,,,,LAT,"6,3,None|3,6,None|1,6,None",,
2,Us Open,https://photoresources.wtatennis.com/photo-resources/2026/04/16/8d0a3d41-7b45-434b-a75b-b7d2eb0922b4/WTA-Tournament_US-Open.png?height=128,https://www.wtatennis.com/tournaments/905/us-open/2023,Grand Slam,Hard,https://www.wtatennis.com/resources/v7.42.8/i/elements/gs-tag.svg,2023-08-28,2023-09-10,2023,8,New York,SLO,NY,US,USA,840,019,,America,Northern America,USA,145.0,240.0,284000.0,128M/128Q/64D,Us Open,,70,4,17.5,9,2.25,Kaja Juvan,,https://www.wtatennis.com/resources/v7.42.8/i/elements/flags/slo.svg,R32,W,"6-0, 6-1",https://www.wtatennis.com/players/324702/kaja-juvan,False,False,False,False,False,False,False,2,True,13,12,1,1,,,,,,,SLO,"6,0,None|6,1,None",,
3,Us Open,https://photoresources.wtatennis.com/photo-resources/2026/04/16/8d0a3d41-7b45-434b-a75b-b7d2eb0922b4/WTA-Tournament_US-Open.png?height=128,https://www.wtatennis.com/tournaments/905/us-open/2023,Grand Slam,Hard,https://www.wtatennis.com/resources/v7.42.8/i/elements/gs-tag.svg,2023-08-28,2023-09-10,2023,8,New York,AUS,NY,US,USA,840,019,,America,Northern America,USA,322.0,240.0,284000.0,128M/128Q/64D,Us Open,,70,4,17.5,9,2.25,Daria Saville,,https://www.wtatennis.com/resources/v7.42.8/i/elements/flags/aus.svg,R64,W,"6-3, 6-4",https://www.wtatennis.com/players/315997/daria-saville,False,False,False,False,False,False,False,2,True,19,12,7,1,AU,AUS,036,009,Oceania,Australasia,AUS,"6,3,None|6,4,None",,
4,Us Open,https://photoresources.wtatennis.com/photo-resources/2026/04/16/8d0a3d41-7b45-434b-a75b-b7d2eb0922b4/WTA-Tournament_US-Open.png?height=128,https://www.wtatennis.com/tournaments/905/us-open/2023,Grand Slam,Hard,https://www.wtatennis.com/resources/v7.42.8/i/elements/gs-tag.svg,2023-08-28,2023-09-10,2023,8,New York,SWE,NY,US,USA,840,019,,America,Northern America,USA,86.0,240.0,284000.0,128M/128Q/64D,Us Open,,70,4,17.5,9,2.25,Rebecca Peterson,,https://www.wtatennis.com/resources/v7.42.8/i/elements/flags/swe.svg,R128,W,"6-0, 6-1",https://www.wtatennis.com/players/317771/rebecca-peterson,False,False,False,False,False,False,False,2,True,13,12,1,1,SE,SWE,752,150,Europe,Northern Europe,SWE,"6,0,None|6,1,None",,
1,Western & Southern Open,https://photoresources.wtatennis.com/photo-resources/2026/04/16/77288aaf-4c7f-4b8e-86f6-315c2ef872c5/WTA-Tournament_Cincinnati-2024.png?height=128,https://www.wtatennis.com/tournaments/1017/cincinnati/2023,WTA 1000,Hard,https://www.wtatennis.com/resources/v7.42.8/i/elements/1000k-tag.svg,2023-08-14,2023-08-20,2023,8,Cincinnati,USA,OH,US,USA,840,019,United States of America|America|USA|US,America,Northern America,USA,7.0,350.0,138000.0,64M/32Q/32D,Western & Southern Open,,88,4,22.0,10,2.5,Coco Gauff,7.0,https://www.wtatennis.com/resources/v7.42.8/i/elements/flags/usa.svg,SF,L,"6-7 (2), 6-3, 4-6",https://www.wtatennis.com/players/328560/coco-gauff,False,False,False,True,False,False,True,3,False,32,16,16,0,US,USA,840,019,America,Northern America,USA,"6,7,2|6,3,None|4,6,None",,
2,Western & Southern Open,https://photoresources.wtatennis.com/photo-resources/2026/04/16/77288aaf-4c7f-4b8e-86f6-315c2ef872c5/WTA-Tournament_Cincinnati-2024.png?height=128,https://www.wtatennis.com/tournaments/1017/cincinnati/2023,WTA 1000,Hard,https://www.wtatennis.com/resources/v7.42.8/i/elements/1000k-tag.svg,2023-08-14,2023-08-20,2023,8,Cincinnati,CZE,OH,US,USA,840,019,,America,Northern America,USA,10.0,350.0,138000.0,64M/32Q/32D,Western & Southern Open,,88,4,22.0,10,2.5,Marketa Vondrousova,10.0,https://www.wtatennis.com/resources/v7.42.8/i/elements/flags/cze.svg,QF,W,"7-6 (3), 6-1",https://www.wtatennis.com/players/323027/marketa-vondrousova,False,False,False,True,False,False,True,2,True,20,13,7,1,CZ,CZE,203,150,Europe,Central Europe,CZE,"7,6,3|6,1,None",,
3,Western & Southern Open,https://photoresources.wtatennis.com/photo-resources/2026/04/16/77288aaf-4c7f-4b8e-86f6-315c2ef872c5/WTA-Tournament_Cincinnati-2024.png?height=128,https://www.wtatennis.com/tournaments/1017/cincinnati/2023,WTA 1000,Hard,https://www.wtatennis.com/resources/v7.42.8/i/elements/1000k-tag.svg,2023-08-14,2023-08-20,2023,8,Cincinnati,CHN,OH,US,USA,840,019,,America,Northern America,USA,24.0,350.0,138000.0,64M/32Q/32D,Western & Southern Open,,88,4,22.0,10,2.5,Qinwen Zheng,,https://www.wtatennis.com/resources/v7.42.8/i/elements/flags/chn.svg,R16,W,"3-6, 6-1, 6-1",https://www.wtatennis.com/players/328120/qinwen-zheng,False,False,False,False,False,False,False,3,False,23,15,8,1,CN,CHN,156,142,Asia,East Asia,CHN,"3,6,None|6,1,None|6,1,None",,
4,Western & Southern Open,https://photoresources.wtatennis.com/photo-resources/2026/04/16/77288aaf-4c7f-4b8e-86f6-315c2ef872c5/WTA-Tournament_Cincinnati-2024.png?height=128,https://www.wtatennis.com/tournaments/1017/cincinnati/2023,WTA 1000,Hard,https://www.wtatennis.com/resources/v7.42.8/i/elements/1000k-tag.svg,2023-08-14,2023-08-20,2023,8,Cincinnati,USA,OH,US,USA,840,019,United States of America|America|USA|US,America,Northern America,USA,34.0,350.0,138000.0,64M/32Q/32D,Western & Southern Open,,88,4,22.0,10,2.5,Danielle Collins,,https://www.wtatennis.com/resources/v7.42.8/i/elements/flags/usa.svg,R32,W,"6-1, 6-0",https://www.wtatennis.com/players/316925/danielle-collins,False,False,False,False,False,False,False,2,True,13,12,1,1,US,USA,840,019,America,Northern America,USA,"6,1,None|6,0,None",,
5,Western & Southern Open,https://photoresources.wtatennis.com/photo-resources/2026/04/16/77288aaf-4c7f-4b8e-86f6-315c2ef872c5/WTA-Tournament_Cincinnati-2024.png?height=128,https://www.wtatennis.com/tournaments/1017/cincinnati/2023,WTA 1000,Hard,https://www.wtatennis.com/resources/v7.42.8/i/elements/1000k-tag.svg,2023-08-14,2023-08-20,2023,8,Cincinnati,,OH,US,USA,840,019,,America,Northern America,USA,,350.0,138000.0,64M/32Q/32D,Western & Southern Open,,88,4,22.0,10,2.5,,,,R64,,Bye,,False,False,True,False,False,False,False,0,False,0,0,0,0,,,,,,,,,,
1,Omnium Banque Nationale Présenté Par Rogers ,https://photoresources.wtatennis.com/photo-resources/2026/04/16/12d4c93e-8e56-4d81-ac72-ea0d1498127e/WTA-Tournament_Canada-English-2021.png?height=128,https://www.wtatennis.com/tournaments/806/montreal/2023,WTA 1000,Hard,https://www.wtatennis.com/resources/v7.42.8/i/elements/1000k-tag.svg,2023-08-07,2023-08-13,2023,8,Montreal,USA,,CA,CAN,124,019,United States of America|America|USA|US,America,Northern America,CAN,3.0,350.0,138000.0,64M/32Q/32D,Omnium Banque Nationale Présenté Par Rogers ,,106,4,26.5,11,2.75,Jessica Pegula,4.0,https://www.wtatennis.com/resources/v7.42.8/i/elements/flags/usa.svg,SF,L,"2-6, 7-6 (4), 4-6",https://www.wtatennis.com/players/316956/jessica-pegula,False,False,False,False,True,False,True,3,False,31,13,18,0,US,USA,840,019,America,Northern America,USA,"2,6,None|7,6,4|4,6,None",,
2,Omnium Banque Nationale Présenté Par Rogers ,https://photoresources.wtatennis.com/photo-resources/2026/04/16/12d4c93e-8e56-4d81-ac72-ea0d1498127e/WTA-Tournament_Canada-English-2021.png?height=128,https://www.wtatennis.com/tournaments/806/montreal/2023,WTA 1000,Hard,https://www.wtatennis.com/resources/v7.42.8/i/elements/1000k-tag.svg,2023-08-07,2023-08-13,2023,8,Montreal,USA,,CA,CAN,124,019,United States of America|America|USA|US,America,Northern America,CAN,48.0,350.0,138000.0,64M/32Q/32D,Omnium Banque Nationale Présenté Par Rogers ,,106,4,26.5,11,2.75,Danielle Collins,,https://www.wtatennis.com/resources/v7.42.8/i/elements/flags/usa.svg,QF,W,"6-3, 4-6, 6-2",https://www.wtatennis.com/players/316925/danielle-collins,False,False,False,False,False,False,False,3,True,27,16,11,1,US,USA,840,019,America,Northern America,USA,"6,3,None|4,6,None|6,2,None",,
3,Omnium Banque Nationale Présenté Par Rogers ,https://photoresources.wtatennis.com/photo-resources/2026/04/16/12d4c93e-8e56-4d81-ac72-ea0d1498127e/WTA-Tournament_Canada-English-2021.png?height=128,https://www.wtatennis.com/tournaments/806/montreal/2023,WTA 1000,Hard,https://www.wtatennis.com/resources/v7.42.8/i/elements/1000k-tag.svg,2023-08-07,2023-08-13,2023,8,Montreal,CZE,,CA,CAN,124,019,,America,Northern America,CAN,17.0,350.0,138000.0,64M/32Q/32D,Omnium Banque Nationale Présenté Par Rogers ,,106,4,26.5,11,2.75,Karolina Muchova,14.0,https://www.wtatennis.com/resources/v7.42.8/i/elements/flags/cze.svg,R16,W,"6-1, 4-6, 6-4",https://www.wtatennis.com/players/322191/karolina-muchova,False,False,False,False,False,False,False,3,True,27,16,11,1,CZ,CZE,203,150,Europe,Central Europe,CZE,"6,1,None|4,6,None|6,4,None",,
4,Omnium Banque Nationale Présenté Par Rogers ,https://photoresources.wtatennis.com/photo-resources/2026/04/16/12d4c93e-8e56-4d81-ac72-ea0d1498127e/WTA-Tournament_Canada-English-2021.png?height=128,https://www.wtatennis.com/tournaments/806/montreal/2023,WTA 1000,Hard,https://www.wtatennis.com/resources/v7.42.8/i/elements/1000k-tag.svg,2023-08-07,2023-08-13,2023,8,Montreal,CZE,,CA,CAN,124,019,,America,Northern America,CAN,23.0,350.0,138000.0,64M/32Q/32D,Omnium Banque Nationale Présenté Par Rogers ,,106,4,26.5,11,2.75,Karolina Pliskova,,https://www.wtatennis.com/resources/v7.42.8/i/elements/flags/cze.svg,R32,W,"7-6 (6), 6-2",https://www.wtatennis.com/players/313974/karolina-pliskova,False,False,False,True,False,False,True,2,True,21,13,8,1,CZ,CZE,203,150,Europe,Central Europe,CZE,"7,6,6|6,2,None",,
5,Omnium Banque Nationale Présenté Par Rogers ,https://photoresources.wtatennis.com/photo-resources/2026/04/16/12d4c93e-8e56-4d81-ac72-ea0d1498127e/WTA-Tournament_Canada-English-2021.png?height=128,https://www.wtatennis.com/tournaments/806/montreal/2023,WTA 1000,Hard,https://www.wtatennis.com/resources/v7.42.8/i/elements/1000k-tag.svg,2023-08-07,2023-08-13,2023,8,Montreal,,,CA,CAN,124,019,,America,Northern America,CAN,,350.0,138000.0,64M/32Q/32D,Omnium Banque Nationale Présenté Par Rogers ,,106,4,26.5,11,2.75,,,,R64,,Bye,,False,False,True,False,False,False,False,0,False,0,0,0,0,,,,,,,,,,
1,Bnp Paribas Warsaw Open,,https://www.wtatennis.com/tournaments/2037/warsaw/2023,WTA 250,Hard,https://www.wtatennis.com/resources/v7.42.8/i/elements/250k-tag.svg,2023-07-24,2023-07-30,2023,7,Warsaw,GER,,PL,POL,616,150,,Europe,Central Europe,POL,153.0,280.0,34228.0,32M/16Q/16D,Bnp Paribas Warsaw Open,,85,5,17.0,10,2.0,Laura Siegemund,,https://www.wtatennis.com/resources/v7.42.8/i/elements/flags/ger.svg,F,W,"6-0, 6-1",https://www.wtatennis.com/players/310926/laura-siegemund,False,False,False,False,False,False,False,2,True,13,12,1,1,DE,DEU,276,150,Europe,Central Europe,GER,"6,0,None|6,1,None",,
2,Bnp Paribas Warsaw Open,,https://www.wtatennis.com/tournaments/2037/warsaw/2023,WTA 250,Hard,https://www.wtatennis.com/resources/v7.42.8/i/elements/250k-tag.svg,2023-07-24,2023-07-30,2023,7,Warsaw,BEL,,PL,POL,616,150,,Europe,Central Europe,POL,109.0,280.0,34228.0,32M/16Q/16D,Bnp Paribas Warsaw Open,,85,5,17.0,10,2.0,Yanina Wickmayer,,https://www.wtatennis.com/resources/v7.42.8/i/elements/flags/bel.svg,SF,W,"6-1, 7-6 (6)",https://www.wtatennis.com/players/312536/yanina-wickmayer,False,False,False,False,True,False,True,2,True,20,13,7,1,BE,BEL,056,150,Europe,Western Europe,BEL,"6,1,None|7,6,6",,
3,Bnp Paribas Warsaw Open,,https://www.wtatennis.com/tournaments/2037/warsaw/2023,WTA 250,Hard,https://www.wtatennis.com/resources/v7.42.8/i/elements/250k-tag.svg,2023-07-24,2023-07-30,2023,7,Warsaw,CZE,,PL,POL,616,150,,Europe,Central Europe,POL,59.0,280.0,34228.0,32M/16Q/16D,Bnp Paribas Warsaw Open,,85,5,17.0,10,2.0,Linda Noskova,8.0,https://www.wtatennis.com/resources/v7.42.8/i/elements/flags/cze.svg,QF,W,"6-1, 6-4",https://www.wtatennis.com/players/329668/linda-noskova,False,False,False,False,False,False,False,2,True,17,12,5,1,CZ,CZE,203,150,Europe,Central Europe,CZE,"6,1,None|6,4,None",,
4,Bnp Paribas Warsaw Open,,https://www.wtatennis.com/tournaments/2037/warsaw/2023,WTA 250,Hard,https://www.wtatennis.com/resources/v7.42.8/i/elements/250k-tag.svg,2023-07-24,2023-07-30,2023,7,Warsaw,USA,,PL,POL,616,150,United States of America|America|USA|US,Europe,Central Europe,POL,78.0,280.0,34228.0,32M/16Q/16D,Bnp Paribas Warsaw Open,,85,5,17.0,10,2.0,Claire Liu,,https://www.wtatennis.com/resources/v7.42.8/i/elements/flags/usa.svg,R16,W,"6-2, 6-2",https://www.wtatennis.com/players/323966/claire-liu,False,False,False,False,False,False,False,2,True,16,12,4,1,US,USA,840,019,America,Northern America,USA,"6,2,None|6,2,None",,
5,Bnp Paribas Warsaw Open,,https://www.wtatennis.com/tournaments/2037/warsaw/2023,WTA 250,Hard,https://www.wtatennis.com/resources/v7.42.8/i/elements/250k-tag.svg,2023-07-24,2023-07-30,2023,7,Warsaw,UZB,,PL,POL,616,150,,Europe,Central Europe,POL,181.0,280.0,34228.0,32M/16Q/16D,Bnp Paribas Warsaw Open,,85,5,17.0,10,2.0,Nigina Abduraimova,,https://www.wtatennis.com/resources/v7.42.8/i/elements/flags/uzb.svg,R32,W,"6-4, 6-3",https://www.wtatennis.com/players/316664/nigina-abduraimova,False,False,False,False,False,False,False,2,True,19,12,7,1,UZ,UZB,860,142,Asia,Central Asia,UZB,"6,4,None|6,3,None",,
1,Wimbledon,https://photoresources.wtatennis.com/photo-resources/2026/04/16/d29814e6-6e80-4015-b680-9a7f3cb065c3/WTA-Tournament_Wimbledon.png?height=128,https://www.wtatennis.com/tournaments/904/wimbledon/2023,Grand Slam,Grass,https://www.wtatennis.com/resources/v7.42.8/i/elements/gs-tag.svg,2023-07-03,2023-07-16,2023,7,Wimbledon,UKR,,GB,GBR,826,150,,Europe,Northern Europe,ENG,76.0,430.0,430347.0,128M/128Q/64D,"The Championships, Wimbledon",,118,5,23.6,12,2.4,Elina Svitolina,,https://www.wtatennis.com/resources/v7.42.8/i/elements/flags/ukr.svg,QF,L,"5-7, 7-6 (5), 2-6",https://www.wtatennis.com/players/316738/elina-svitolina,False,False,False,False,True,False,True,3,False,33,14,19,0,UA,UKR,804,150,Europe,Eastern Europe,UKR,"5,7,None|7,6,5|2,6,None",,
2,Wimbledon,https://photoresources.wtatennis.com/photo-resources/2026/04/16/d29814e6-6e80-4015-b680-9a7f3cb065c3/WTA-Tournament_Wimbledon.png?height=128,https://www.wtatennis.com/tournaments/904/wimbledon/2023,Grand Slam,Grass,https://www.wtatennis.com/resources/v7.42.8/i/elements/gs-tag.svg,2023-07-03,2023-07-16,2023,7,Wimbledon,SUI,,GB,GBR,826,150,,Europe,Northern Europe,ENG,14.0,430.0,430347.0,128M/128Q/64D,"The Championships, Wimbledon",,118,5,23.6,12,2.4,Belinda Bencic,14.0,https://www.wtatennis.com/resources/v7.42.8/i/elements/flags/sui.svg,R16,W,"6-7 (4), 7-6 (2), 6-3",https://www.wtatennis.com/players/319001/belinda-bencic,False,False,False,True,True,False,True,3,False,35,19,16,1,CH,CHE,756,150,Europe,Central Europe,SUI,"6,7,4|7,6,2|6,3,None",,
3,Wimbledon,https://photoresources.wtatennis.com/photo-resources/2026/04/16/d29814e6-6e80-4015-b680-9a7f3cb065c3/WTA-Tournament_Wimbledon.png?height=128,https://www.wtatennis.com/tournaments/904/wimbledon/2023,Grand Slam,Grass,https://www.wtatennis.com/resources/v7.42.8/i/elements/gs-tag.svg,2023-07-03,2023-07-16,2023,7,Wimbledon,CRO,,GB,GBR,826,150,,Europe,Northern Europe,ENG,29.0,430.0,430347.0,128M/128Q/64D,"The Championships, Wimbledon",,118,5,23.6,12,2.4,Petra Martic,30.0,https://www.wtatennis.com/resources/v7.42.8/i/elements/flags/cro.svg,R32,W,"6-2, 7-5",https://www.wtatennis.com/players/313711/petra-martic,False,False,False,False,False,False,False,2,True,20,13,7,1,HR,HRV,191,150,Europe,Southeastern Europe,CRO,"6,2,None|7,5,None",,
4,Wimbledon,https://photoresources.wtatennis.com/photo-resources/2026/04/16/d29814e6-6e80-4015-b680-9a7f3cb065c3/WTA-Tournament_Wimbledon.png?height=128,https://www.wtatennis.com/tournaments/904/wimbledon/2023,Grand Slam,Grass,https://www.wtatennis.com/resources/v7.42.8/i/elements/gs-tag.svg,2023-07-03,2023-07-16,2023,7,Wimbledon,ESP,,GB,GBR,826,150,Kingdom of Spain,Europe,Northern Europe,ENG,84.0,430.0,430347.0,128M/128Q/64D,"The Championships, Wimbledon",,118,5,23.6,12,2.4,Sara Sorribes Tormo,,https://www.wtatennis.com/resources/v7.42.8/i/elements/flags/esp.svg,R64,W,"6-2, 6-0",https://www.wtatennis.com/players/318872/sara-sorribes-tormo,False,False,False,False,False,False,False,2,True,14,12,2,1,ES,ESP,724,150,Europe,Southern Europe,ESP,"6,2,None|6,0,None",,
5,Wimbledon,https://photoresources.wtatennis.com/photo-resources/2026/04/16/d29814e6-6e80-4015-b680-9a7f3cb065c3/WTA-Tournament_Wimbledon.png?height=128,https://www.wtatennis.com/tournaments/904/wimbledon/2023,Grand Slam,Grass,https://www.wtatennis.com/resources/v7.42.8/i/elements/gs-tag.svg,2023-07-03,2023-07-16,2023,7,Wimbledon,CHN,,GB,GBR,826,150,,Europe,Northern Europe,ENG,34.0,430.0,430347.0,128M/128Q/64D,"The Championships, Wimbledon",,118,5,23.6,12,2.4,Lin Zhu,,https://www.wtatennis.com/resources/v7.42.8/i/elements/flags/chn.svg,R128,W,"6-1, 6-3",https://www.wtatennis.com/players/317306/lin-zhu,False,False,False,False,False,False,False,2,True,16,12,4,1,CN,CHN,156,142,Asia,East Asia,CHN,"6,1,None|6,3,None",,
1,Bad Homburg Open Presented By Engel & Volkers,https://photoresources.wtatennis.com/photo-resources/2026/04/16/4ae17020-01fc-4d27-a041-001034ed25de/WTA-Tournament_BadHomburg-2021.png?height=128,https://www.wtatennis.com/tournaments/2017/bad-homburg/2023,WTA 250,Grass,https://www.wtatennis.com/resources/v7.42.8/i/elements/250k-tag.svg,2023-06-25,2023-07-01,2023,6,Bad Homburg,ITA,,DE,DEU,276,150,,Europe,Central Europe,GER,65.0,110.0,9810.0,32M/8Q/16D,Bad Homburg Open Presented By Engel & Volkers,,59,3,19.666666666666668,7,2.3333333333333335,Lucia Bronzetti,,https://www.wtatennis.com/resources/v7.42.8/i/elements/flags/ita.svg,SF,L,Walkover,https://www.wtatennis.com/players/322280/lucia-bronzetti,False,True,False,False,False,False,False,0,False,0,0,0,0,IT,ITA,380,150,Europe,Southern Europe,ITA,,,
2,Bad Homburg Open Presented By Engel & Volkers,https://photoresources.wtatennis.com/photo-resources/2026/04/16/4ae17020-01fc-4d27-a041-001034ed25de/WTA-Tournament_BadHomburg-2021.png?height=128,https://www.wtatennis.com/tournaments/2017/bad-homburg/2023,WTA 250,Grass,https://www.wtatennis.com/resources/v7.42.8/i/elements/250k-tag.svg,2023-06-25,2023-07-01,2023,6,Bad Homburg,RUS,,DE,DEU,276,150,,Europe,Central Europe,GER,39.0,110.0,9810.0,32M/8Q/16D,Bad Homburg Open Presented By Engel & Volkers,,59,3,19.666666666666668,7,2.3333333333333335,Anna Blinkova,9.0,https://www.wtatennis.com/resources/v7.42.8/i/elements/flags/rus.svg,QF,W,"6-3, 6-2",https://www.wtatennis.com/players/324267/anna-blinkova,False,False,False,False,False,False,False,2,True,17,12,5,1,RU,RUS,643,150,Europe,Eastern Europe,RUS,"6,3,None|6,2,None",,
3,Bad Homburg Open Presented By Engel & Volkers,https://photoresources.wtatennis.com/photo-resources/2026/04/16/4ae17020-01fc-4d27-a041-001034ed25de/WTA-Tournament_BadHomburg-2021.png?height=128,https://www.wtatennis.com/tournaments/2017/bad-homburg/2023,WTA 250,Grass,https://www.wtatennis.com/resources/v7.42.8/i/elements/250k-tag.svg,2023-06-25,2023-07-01,2023,6,Bad Homburg,SUI,,DE,DEU,276,150,,Europe,Central Europe,GER,129.0,110.0,9810.0,32M/8Q/16D,Bad Homburg Open Presented By Engel & Volkers,,59,3,19.666666666666668,7,2.3333333333333335,Jil Teichmann,,https://www.wtatennis.com/resources/v7.42.8/i/elements/flags/sui.svg,R16,W,"6-3, 6-1",https://www.wtatennis.com/players/320926/jil-teichmann,False,False,False,False,False,False,False,2,True,16,12,4,1,CH,CHE,756,150,Europe,Central Europe,SUI,"6,3,None|6,1,None",,
4,Bad Homburg Open Presented By Engel & Volkers,https://photoresources.wtatennis.com/photo-resources/2026/04/16/4ae17020-01fc-4d27-a041-001034ed25de/WTA-Tournament_BadHomburg-2021.png?height=128,https://www.wtatennis.com/tournaments/2017/bad-homburg/2023,WTA 250,Grass,https://www.wtatennis.com/resources/v7.42.8/i/elements/250k-tag.svg,2023-06-25,2023-07-01,2023,6,Bad Homburg,GER,,DE,DEU,276,150,,Europe,Central Europe,GER,58.0,110.0,9810.0,32M/8Q/16D,Bad Homburg Open Presented By Engel & Volkers,,59,3,19.666666666666668,7,2.3333333333333335,Tatjana Maria,,https://www.wtatennis.com/resources/v7.42.8/i/elements/flags/ger.svg,R32,W,"5-7, 6-2, 6-0",https://www.wtatennis.com/players/310440/tatjana-maria,False,False,False,False,False,False,False,3,False,26,17,9,1,DE,DEU,276,150,Europe,Central Europe,GER,"5,7,None|6,2,None|6,0,None",,
1,Roland Garros,https://photoresources.wtatennis.com/photo-resources/2026/04/16/0893d8be-5450-4e36-a144-cdd958c1b484/WTA-Tournament_Roland-Garros.png?height=128,https://www.wtatennis.com/tournaments/903/roland-garros/2023,Grand Slam,Clay,https://www.wtatennis.com/resources/v7.42.8/i/elements/gs-tag.svg,2023-05-28,2023-06-11,2023,5,Paris,CZE,,FR,FRA,250,150,,Europe,Western Europe,FRA,43.0,2000.0,2300000.0,128M/128Q/64D,Roland Garros,,119,7,17.0,14,2.0,Karolina Muchova,,https://www.wtatennis.com/resources/v7.42.8/i/elements/flags/cze.svg,F,W,"6-2, 5-7, 6-4",https://www.wtatennis.com/players/322191/karolina-muchova,False,False,False,False,False,False,False,3,True,30,17,13,1,CZ,CZE,203,150,Europe,Central Europe,CZE,"6,2,None|5,7,None|6,4,None",,
2,Roland Garros,https://photoresources.wtatennis.com/photo-resources/2026/04/16/0893d8be-5450-4e36-a144-cdd958c1b484/WTA-Tournament_Roland-Garros.png?height=128,https://www.wtatennis.com/tournaments/903/roland-garros/2023,Grand Slam,Clay,https://www.wtatennis.com/resources/v7.42.8/i/elements/gs-tag.svg,2023-05-28,2023-06-11,2023,5,Paris,BRA,,FR,FRA,250,150,,Europe,Western Europe,FRA,14.0,2000.0,2300000.0,128M/128Q/64D,Roland Garros,,119,7,17.0,14,2.0,Beatriz Haddad Maia,14.0,https://www.wtatennis.com/resources/v7.42.8/i/elements/flags/bra.svg,SF,W,"6-2, 7-6 (7)",https://www.wtatennis.com/players/318176/beatriz-haddad-maia,False,False,False,False,True,False,True,2,True,21,13,8,1,BR,BRA,076,019,America,Eastern South America,BRA,"6,2,None|7,6,7",,
3,Roland Garros,https://photoresources.wtatennis.com/photo-resources/2026/04/16/0893d8be-5450-4e36-a144-cdd958c1b484/WTA-Tournament_Roland-Garros.png?height=128,https://www.wtatennis.com/tournaments/903/roland-garros/2023,Grand Slam,Clay,https://www.wtatennis.com/resources/v7.42.8/i/elements/gs-tag.svg,2023-05-28,2023-06-11,2023,5,Paris,USA,,FR,FRA,250,150,United States of America|America|USA|US,Europe,Western Europe,FRA,6.0,2000.0,2300000.0,128M/128Q/64D,Roland Garros,,119,7,17.0,14,2.0,Coco Gauff,6.0,https://www.wtatennis.com/resources/v7.42.8/i/elements/flags/usa.svg,QF,W,"6-4, 6-2",https://www.wtatennis.com/players/328560/coco-gauff,False,False,False,False,False,False,False,2,True,18,12,6,1,US,USA,840,019,America,Northern America,USA,"6,4,None|6,2,None",,
4,Roland Garros,https://photoresources.wtatennis.com/photo-resources/2026/04/16/0893d8be-5450-4e36-a144-cdd958c1b484/WTA-Tournament_Roland-Garros.png?height=128,https://www.wtatennis.com/tournaments/903/roland-garros/2023,Grand Slam,Clay,https://www.wtatennis.com/resources/v7.42.8/i/elements/gs-tag.svg,2023-05-28,2023-06-11,2023,5,Paris,UKR,,FR,FRA,250,150,,Europe,Western Europe,FRA,66.0,2000.0,2300000.0,128M/128Q/64D,Roland Garros,,119,7,17.0,14,2.0,Lesia Tsurenko,,https://www.wtatennis.com/resources/v7.42.8/i/elements/flags/ukr.svg,R16,W,5-1,https://www.wtatennis.com/players/315295/lesia-tsurenko,True,False,False,False,False,False,False,1,False,6,5,1,1,UA,UKR,804,150,Europe,Eastern Europe,UKR,"5,1,None|Ret",,
5,Roland Garros,https://photoresources.wtatennis.com/photo-resources/2026/04/16/0893d8be-5450-4e36-a144-cdd958c1b484/WTA-Tournament_Roland-Garros.png?height=128,https://www.wtatennis.com/tournaments/903/roland-garros/2023,Grand Slam,Clay,https://www.wtatennis.com/resources/v7.42.8/i/elements/gs-tag.svg,2023-05-28,2023-06-11,2023,5,Paris,CHN,,FR,FRA,250,150,,Europe,Western Europe,FRA,80.0,2000.0,2300000.0,128M/128Q/64D,Roland Garros,,119,7,17.0,14,2.0,Xinyu Wang,,https://www.wtatennis.com/resources/v7.42.8/i/elements/flags/chn.svg,R32,W,"6-0, 6-0",https://www.wtatennis.com/players/326376/xinyu-wang,False,False,False,False,False,False,False,2,True,12,12,0,1,CN,CHN,156,142,Asia,East Asia,CHN,"6,0,None|6,0,None",,
6,Roland Garros,https://photoresources.wtatennis.com/photo-resources/2026/04/16/0893d8be-5450-4e36-a144-cdd958c1b484/WTA-Tournament_Roland-Garros.png?height=128,https://www.wtatennis.com/tournaments/903/roland-garros/2023,Grand Slam,Clay,https://www.wtatennis.com/resources/v7.42.8/i/elements/gs-tag.svg,2023-05-28,2023-06-11,2023,5,Paris,USA,,FR,FRA,250,150,United States of America|America|USA|US,Europe,Western Europe,FRA,102.0,2000.0,2300000.0,128M/128Q/64D,Roland Garros,,119,7,17.0,14,2.0,Claire Liu,,https://www.wtatennis.com/resources/v7.42.8/i/elements/flags/usa.svg,R64,W,"6-4, 6-0",https://www.wtatennis.com/players/323966/claire-liu,False,False,False,False,False,False,False,2,True,16,12,4,1,US,USA,840,019,America,Northern America,USA,"6,4,None|6,0,None",,
7,Roland Garros,https://photoresources.wtatennis.com/photo-resources/2026/04/16/0893d8be-5450-4e36-a144-cdd958c1b484/WTA-Tournament_Roland-Garros.png?height=128,https://www.wtatennis.com/tournaments/903/roland-garros/2023,Grand Slam,Clay,https://www.wtatennis.com/resources/v7.42.8/i/elements/gs-tag.svg,2023-05-28,2023-06-11,2023,5,Paris,ESP,,FR,FRA,250,150,Kingdom of Spain,Europe,Western Europe,FRA,70.0,2000.0,2300000.0,128M/128Q/64D,Roland Garros,,119,7,17.0,14,2.0,Cristina Bucsa,,https://www.wtatennis.com/resources/v7.42.8/i/elements/flags/esp.svg,R128,W,"6-4, 6-0",https://www.wtatennis.com/players/321158/cristina-bucsa,False,False,False,False,False,False,False,2,True,16,12,4,1,ES,ESP,724,150,Europe,Southern Europe,ESP,"6,4,None|6,0,None",,
1,Internazionali Bnl D'Italia,https://photoresources.wtatennis.com/photo-resources/2026/04/16/2c058ad8-b3d8-49a9-a863-85d7b87a6783/WTA-Tournament_Rome-2018.png?height=128,https://www.wtatennis.com/tournaments/709/rome/2023,WTA 1000,Clay,https://www.wtatennis.com/resources/v7.42.8/i/elements/1000k-tag.svg,2023-05-09,2023-05-20,2023,5,Rome,KAZ,,IT,ITA,380,150,,Europe,Southern Europe,ITA,6.0,215.0,73930.0,96M/48Q/32D,Internazionali Bnl D'Italia,,127,4,31.75,9,2.25,Elena Rybakina,7.0,https://www.wtatennis.com/resources/v7.42.8/i/elements/flags/kaz.svg,QF,L,"6-2, 63-7, 2-2",https://www.wtatennis.com/players/324166/elena-rybakina,True,False,False,False,True,False,True,3,True,82,71,11,0,KZ,KAZ,398,142,Asia,Central Asia,KAZ,"6,2,None|63,7,None|2,2,None|Ret",,
2,Internazionali Bnl D'Italia,https://photoresources.wtatennis.com/photo-resources/2026/04/16/2c058ad8-b3d8-49a9-a863-85d7b87a6783/WTA-Tournament_Rome-2018.png?height=128,https://www.wtatennis.com/tournaments/709/rome/2023,WTA 1000,Clay,https://www.wtatennis.com/resources/v7.42.8/i/elements/1000k-tag.svg,2023-05-09,2023-05-20,2023,5,Rome,CRO,,IT,ITA,380,150,,Europe,Southern Europe,ITA,24.0,215.0,73930.0,96M/48Q/32D,Internazionali Bnl D'Italia,,127,4,31.75,9,2.25,Donna Vekic,21.0,https://www.wtatennis.com/resources/v7.42.8/i/elements/flags/cro.svg,R16,W,"6-3, 6-4",https://www.wtatennis.com/players/318516/donna-vekic,False,False,False,False,False,False,False,2,True,19,12,7,1,HR,HRV,191,150,Europe,Southeastern Europe,CRO,"6,3,None|6,4,None",,
3,Internazionali Bnl D'Italia,https://photoresources.wtatennis.com/photo-resources/2026/04/16/2c058ad8-b3d8-49a9-a863-85d7b87a6783/WTA-Tournament_Rome-2018.png?height=128,https://www.wtatennis.com/tournaments/709/rome/2023,WTA 1000,Clay,https://www.wtatennis.com/resources/v7.42.8/i/elements/1000k-tag.svg,2023-05-09,2023-05-20,2023,5,Rome,UKR,,IT,ITA,380,150,,Europe,Southern Europe,ITA,68.0,215.0,73930.0,96M/48Q/32D,Internazionali Bnl D'Italia,,127,4,31.75,9,2.25,Lesia Tsurenko,,https://www.wtatennis.com/resources/v7.42.8/i/elements/flags/ukr.svg,R32,W,"6-2, 6-0",https://www.wtatennis.com/players/315295/lesia-tsurenko,False,False,False,False,False,False,False,2,True,14,12,2,1,UA,UKR,804,150,Europe,Eastern Europe,UKR,"6,2,None|6,0,None",,
4,Internazionali Bnl D'Italia,https://photoresources.wtatennis.com/photo-resources/2026/04/16/2c058ad8-b3d8-49a9-a863-85d7b87a6783/WTA-Tournament_Rome-2018.png?height=128,https://www.wtatennis.com/tournaments/709/rome/2023,WTA 1000,Clay,https://www.wtatennis.com/resources/v7.42.8/i/elements/1000k-tag.svg,2023-05-09,2023-05-20,2023,5,Rome,RUS,,IT,ITA,380,150,,Europe,Southern Europe,ITA,506.0,215.0,73930.0,96M/48Q/32D,Internazionali Bnl D'Italia,,127,4,31.75,9,2.25,Anastasia Pavlyuchenkova,,https://www.wtatennis.com/resources/v7.42.8/i/elements/flags/rus.svg,R64,W,"6-0, 6-0",https://www.wtatennis.com/players/313796/anastasia-pavlyuchenkova,False,False,False,False,False,False,False,2,True,12,12,0,1,RU,RUS,643,150,Europe,Eastern Europe,RUS,"6,0,None|6,0,None",,
5,Internazionali Bnl D'Italia,https://photoresources.wtatennis.com/photo-resources/2026/04/16/2c058ad8-b3d8-49a9-a863-85d7b87a6783/WTA-Tournament_Rome-2018.png?height=128,https://www.wtatennis.com/tournaments/709/rome/2023,WTA 1000,Clay,https://www.wtatennis.com/resources/v7.42.8/i/elements/1000k-tag.svg,2023-05-09,2023-05-20,2023,5,Rome,,,IT,ITA,380,150,,Europe,Southern Europe,ITA,,215.0,73930.0,96M/48Q/32D,Internazionali Bnl D'Italia,,127,4,31.75,9,2.25,,,,R128,,Bye,,False,False,True,False,False,False,False,0,False,0,0,0,0,,,,,,,,,,
1,Mutua Madrid Open,https://photoresources.wtatennis.com/photo-resources/2026/04/16/46f056ec-5c74-4159-bc35-97ca4c015c80/WTA-Tournament_Madrid-2023.png?height=128,https://www.wtatennis.com/tournaments/1038/madrid/2023,WTA 1000,Clay,https://www.wtatennis.com/resources/v7.42.8/i/elements/1000k-tag.svg,2023-04-25,2023-05-07,2023,4,Madrid,BLR,,ES,ESP,724,150,,Europe,Southern Europe,ESP,2.0,650.0,580000.0,96M/48Q/32D,Mutua Madrid Open,,122,6,20.333333333333332,14,2.3333333333333335,Aryna Sabalenka,2.0,https://www.wtatennis.com/resources/v7.42.8/i/elements/flags/blr.svg,F,L,"3-6, 6-3, 3-6",https://www.wtatennis.com/players/320760/aryna-sabalenka,False,False,False,False,False,False,False,3,False,27,12,15,0,BY,BLR,112,150,Europe,Eastern Europe,BLR,"3,6,None|6,3,None|3,6,None",,
2,Mutua Madrid Open,https://photoresources.wtatennis.com/photo-resources/2026/04/16/46f056ec-5c74-4159-bc35-97ca4c015c80/WTA-Tournament_Madrid-2023.png?height=128,https://www.wtatennis.com/tournaments/1038/madrid/2023,WTA 1000,Clay,https://www.wtatennis.com/resources/v7.42.8/i/elements/1000k-tag.svg,2023-04-25,2023-05-07,2023,4,Madrid,RUS,,ES,ESP,724,150,,Europe,Southern Europe,ESP,13.0,650.0,580000.0,96M/48Q/32D,Mutua Madrid Open,,122,6,20.333333333333332,14,2.3333333333333335,Veronika Kudermetova,12.0,https://www.wtatennis.com/resources/v7.42.8/i/elements/flags/rus.svg,SF,W,"6-1, 6-1",https://www.wtatennis.com/players/319526/veronika-kudermetova,False,False,False,False,False,False,False,2,True,14,12,2,1,RU,RUS,643,150,Europe,Eastern Europe,RUS,"6,1,None|6,1,None",,
3,Mutua Madrid Open,https://photoresources.wtatennis.com/photo-resources/2026/04/16/46f056ec-5c74-4159-bc35-97ca4c015c80/WTA-Tournament_Madrid-2023.png?height=128,https://www.wtatennis.com/tournaments/1038/madrid/2023,WTA 1000,Clay,https://www.wtatennis.com/resources/v7.42.8/i/elements/1000k-tag.svg,2023-04-25,2023-05-07,2023,4,Madrid,CRO,,ES,ESP,724,150,,Europe,Southern Europe,ESP,33.0,650.0,580000.0,96M/48Q/32D,Mutua Madrid Open,,122,6,20.333333333333332,14,2.3333333333333335,Petra Martic,27.0,https://www.wtatennis.com/resources/v7.42.8/i/elements/flags/cro.svg,QF,W,"6-0, 6-3",https://www.wtatennis.com/players/313711/petra-martic,False,False,False,False,False,False,False,2,True,15,12,3,1,HR,HRV,191,150,Europe,Southeastern Europe,CRO,"6,0,None|6,3,None",,
4,Mutua Madrid Open,https://photoresources.wtatennis.com/photo-resources/2026/04/16/46f056ec-5c74-4159-bc35-97ca4c015c80/WTA-Tournament_Madrid-2023.png?height=128,https://www.wtatennis.com/tournaments/1038/madrid/2023,WTA 1000,Clay,https://www.wtatennis.com/resources/v7.42.8/i/elements/1000k-tag.svg,2023-04-25,2023-05-07,2023,4,Madrid,RUS,,ES,ESP,724,150,,Europe,Southern Europe,ESP,17.0,650.0,580000.0,96M/48Q/32D,Mutua Madrid Open,,122,6,20.333333333333332,14,2.3333333333333335,Ekaterina Alexandrova,16.0,https://www.wtatennis.com/resources/v7.42.8/i/elements/flags/rus.svg,R16,W,"6-4, 6-7 (3), 6-3",https://www.wtatennis.com/players/319007/ekaterina-alexandrova,False,False,False,False,True,False,True,3,True,32,18,14,1,RU,RUS,643,150,Europe,Eastern Europe,RUS,"6,4,None|6,7,3|6,3,None",,
5,Mutua Madrid Open,https://photoresources.wtatennis.com/photo-resources/2026/04/16/46f056ec-5c74-4159-bc35-97ca4c015c80/WTA-Tournament_Madrid-2023.png?height=128,https://www.wtatennis.com/tournaments/1038/madrid/2023,WTA 1000,Clay,https://www.wtatennis.com/resources/v7.42.8/i/elements/1000k-tag.svg,2023-04-25,2023-05-07,2023,4,Madrid,USA,,ES,ESP,724,150,United States of America|America|USA|US,Europe,Southern Europe,ESP,32.0,650.0,580000.0,96M/48Q/32D,Mutua Madrid Open,,122,6,20.333333333333332,14,2.3333333333333335,Bernarda Pera,28.0,https://www.wtatennis.com/resources/v7.42.8/i/elements/flags/usa.svg,R32,W,"6-3, 6-2",https://www.wtatennis.com/players/317708/bernarda-pera,False,False,False,False,False,False,False,2,True,17,12,5,1,US,USA,840,019,America,Northern America,USA,"6,3,None|6,2,None",,
6,Mutua Madrid Open,https://photoresources.wtatennis.com/photo-resources/2026/04/16/46f056ec-5c74-4159-bc35-97ca4c015c80/WTA-Tournament_Madrid-2023.png?height=128,https://www.wtatennis.com/tournaments/1038/madrid/2023,WTA 1000,Clay,https://www.wtatennis.com/resources/v7.42.8/i/elements/1000k-tag.svg,2023-04-25,2023-05-07,2023,4,Madrid,AUT,,ES,ESP,724,150,,Europe,Southern Europe,ESP,92.0,650.0,580000.0,96M/48Q/32D,Mutua Madrid Open,,122,6,20.333333333333332,14,2.3333333333333335,Julia Grabher,,https://www.wtatennis.com/resources/v7.42.8/i/elements/flags/aut.svg,R64,W,"6-3, 6-2",https://www.wtatennis.com/players/320316/julia-grabher,False,False,False,False,False,False,False,2,True,17,12,5,1,AT,AUT,040,150,Europe,Central Europe,AUT,"6,3,None|6,2,None",,
7,Mutua Madrid Open,https://photoresources.wtatennis.com/photo-resources/2026/04/16/46f056ec-5c74-4159-bc35-97ca4c015c80/WTA-Tournament_Madrid-2023.png?height=128,https://www.wtatennis.com/tournaments/1038/madrid/2023,WTA 1000,Clay,https://www.wtatennis.com/resources/v7.42.8/i/elements/1000k-tag.svg,2023-04-25,2023-05-07,2023,4,Madrid,,,ES,ESP,724,150,,Europe,Southern Europe,ESP,,650.0,580000.0,96M/48Q/32D,Mutua Madrid Open,,122,6,20.333333333333332,14,2.3333333333333335,,,,R128,,Bye,,False,False,True,False,False,False,False,0,False,0,0,0,0,,,,,,,,,,
1,Porsche Tennis Grand Prix,https://photoresources.wtatennis.com/photo-resources/2026/04/16/853dd66d-3c70-40ab-9215-4a22158de24a/WTA-Tournament_Stuttgart-2017.png?height=128,https://www.wtatennis.com/tournaments/1051/stuttgart/2023,WTA 500,Clay,https://www.wtatennis.com/resources/v7.42.8/i/elements/500k-tag.svg,2023-04-17,2023-04-23,2023,4,Stuttgart,BLR,,DE,DEU,276,150,,Europe,Central Europe,GER,2.0,470.0,104478.0,32M/16Q/16D,Porsche Tennis Grand Prix,,64,4,16.0,8,2.0,Aryna Sabalenka,2.0,https://www.wtatennis.com/resources/v7.42.8/i/elements/flags/blr.svg,F,W,"6-3, 6-4",https://www.wtatennis.com/players/320760/aryna-sabalenka,False,False,False,False,False,False,False,2,True,19,12,7,1,BY,BLR,112,150,Europe,Eastern Europe,BLR,"6,3,None|6,4,None",,
2,Porsche Tennis Grand Prix,https://photoresources.wtatennis.com/photo-resources/2026/04/16/853dd66d-3c70-40ab-9215-4a22158de24a/WTA-Tournament_Stuttgart-2017.png?height=128,https://www.wtatennis.com/tournaments/1051/stuttgart/2023,WTA 500,Clay,https://www.wtatennis.com/resources/v7.42.8/i/elements/500k-tag.svg,2023-04-17,2023-04-23,2023,4,Stuttgart,TUN,,DE,DEU,276,150,,Europe,Central Europe,GER,4.0,470.0,104478.0,32M/16Q/16D,Porsche Tennis Grand Prix,,64,4,16.0,8,2.0,Ons Jabeur,3.0,https://www.wtatennis.com/resources/v7.42.8/i/elements/flags/tun.svg,SF,W,3-0,https://www.wtatennis.com/players/316847/ons-jabeur,True,False,False,False,False,False,False,1,False,3,3,0,1,TN,TUN,788,002,Africa,North Africa,TUN,"3,0,None|Ret",,
3,Porsche Tennis Grand Prix,https://photoresources.wtatennis.com/photo-resources/2026/04/16/853dd66d-3c70-40ab-9215-4a22158de24a/WTA-Tournament_Stuttgart-2017.png?height=128,https://www.wtatennis.com/tournaments/1051/stuttgart/2023,WTA 500,Clay,https://www.wtatennis.com/resources/v7.42.8/i/elements/500k-tag.svg,2023-04-17,2023-04-23,2023,4,Stuttgart,CZE,,DE,DEU,276,150,,Europe,Central Europe,GER,17.0,470.0,104478.0,32M/16Q/16D,Porsche Tennis Grand Prix,,64,4,16.0,8,2.0,Karolina Pliskova,,https://www.wtatennis.com/resources/v7.42.8/i/elements/flags/cze.svg,QF,W,"4-6, 6-1, 6-2",https://www.wtatennis.com/players/313974/karolina-pliskova,False,False,False,False,False,False,False,3,False,25,16,9,1,CZ,CZE,203,150,Europe,Central Europe,CZE,"4,6,None|6,1,None|6,2,None",,
4,Porsche Tennis Grand Prix,https://photoresources.wtatennis.com/photo-resources/2026/04/16/853dd66d-3c70-40ab-9215-4a22158de24a/WTA-Tournament_Stuttgart-2017.png?height=128,https://www.wtatennis.com/tournaments/1051/stuttgart/2023,WTA 500,Clay,https://www.wtatennis.com/resources/v7.42.8/i/elements/500k-tag.svg,2023-04-17,2023-04-23,2023,4,Stuttgart,CHN,,DE,DEU,276,150,,Europe,Central Europe,GER,25.0,470.0,104478.0,32M/16Q/16D,Porsche Tennis Grand Prix,,64,4,16.0,8,2.0,Qinwen Zheng,,https://www.wtatennis.com/resources/v7.42.8/i/elements/flags/chn.svg,R16,W,"6-1, 6-4",https://www.wtatennis.com/players/328120/qinwen-zheng,False,False,False,False,False,False,False,2,True,17,12,5,1,CN,CHN,156,142,Asia,East Asia,CHN,"6,1,None|6,4,None",,
5,Porsche Tennis Grand Prix,https://photoresources.wtatennis.com/photo-resources/2026/04/16/853dd66d-3c70-40ab-9215-4a22158de24a/WTA-Tournament_Stuttgart-2017.png?height=128,https://www.wtatennis.com/tournaments/1051/stuttgart/2023,WTA 500,Clay,https://www.wtatennis.com/resources/v7.42.8/i/elements/500k-tag.svg,2023-04-17,2023-04-23,2023,4,Stuttgart,,,DE,DEU,276,150,,Europe,Central Europe,GER,,470.0,104478.0,32M/16Q/16D,Porsche Tennis Grand Prix,,64,4,16.0,8,2.0,,,,R32,,Bye,,False,False,True,False,False,False,False,0,False,0,0,0,0,,,,,,,,,,
1,Bnp Paribas Open,https://photoresources.wtatennis.com/photo-resources/2026/04/16/a1736320-dd92-4829-8aa8-846c2edef410/WTA-Tournament_Indian-Wells-2017.png?height=128,https://www.wtatennis.com/tournaments/609/indian-wells/2023,WTA 1000,Hard,https://www.wtatennis.com/resources/v7.42.8/i/elements/1000k-tag.svg,2023-03-08,2023-03-19,2023,3,Indian Wells,KAZ,CA,US,USA,840,019,,America,Northern America,USA,10.0,390.0,352635.0,96M/48Q/32D,Bnp Paribas Open,,84,5,16.8,10,2.0,Elena Rybakina,10.0,https://www.wtatennis.com/resources/v7.42.8/i/elements/flags/kaz.svg,SF,L,"2-6, 2-6",https://www.wtatennis.com/players/324166/elena-rybakina,False,False,False,False,False,False,False,2,False,16,4,12,0,KZ,KAZ,398,142,Asia,Central Asia,KAZ,"2,6,None|2,6,None",,
2,Bnp Paribas Open,https://photoresources.wtatennis.com/photo-resources/2026/04/16/a1736320-dd92-4829-8aa8-846c2edef410/WTA-Tournament_Indian-Wells-2017.png?height=128,https://www.wtatennis.com/tournaments/609/indian-wells/2023,WTA 1000,Hard,https://www.wtatennis.com/resources/v7.42.8/i/elements/1000k-tag.svg,2023-03-08,2023-03-19,2023,3,Indian Wells,ROU,CA,US,USA,840,019,,America,Northern America,USA,83.0,390.0,352635.0,96M/48Q/32D,Bnp Paribas Open,,84,5,16.8,10,2.0,Sorana Cirstea,,https://www.wtatennis.com/resources/v7.42.8/i/elements/flags/rou.svg,QF,W,"6-2, 6-3",https://www.wtatennis.com/players/312469/sorana-cirstea,False,False,False,False,False,False,False,2,True,17,12,5,1,RO,ROU,642,150,Europe,Southeastern Europe,ROU,"6,2,None|6,3,None",,
3,Bnp Paribas Open,https://photoresources.wtatennis.com/photo-resources/2026/04/16/a1736320-dd92-4829-8aa8-846c2edef410/WTA-Tournament_Indian-Wells-2017.png?height=128,https://www.wtatennis.com/tournaments/609/indian-wells/2023,WTA 1000,Hard,https://www.wtatennis.com/resources/v7.42.8/i/elements/1000k-tag.svg,2023-03-08,2023-03-19,2023,3,Indian Wells,GBR,CA,US,USA,840,019,Britain|UK|Great Britain|United Kingdom,America,Northern America,USA,77.0,390.0,352635.0,96M/48Q/32D,Bnp Paribas Open,,84,5,16.8,10,2.0,Emma Raducanu,,https://www.wtatennis.com/resources/v7.42.8/i/elements/flags/gbr.svg,R16,W,"6-3, 6-1",https://www.wtatennis.com/players/328366/emma-raducanu,False,False,False,False,False,False,False,2,True,16,12,4,1,GB,GBR,826,150,Europe,Northern Europe,ENG,"6,3,None|6,1,None",,
4,Bnp Paribas Open,https://photoresources.wtatennis.com/photo-resources/2026/04/16/a1736320-dd92-4829-8aa8-846c2edef410/WTA-Tournament_Indian-Wells-2017.png?height=128,https://www.wtatennis.com/tournaments/609/indian-wells/2023,WTA 1000,Hard,https://www.wtatennis.com/resources/v7.42.8/i/elements/1000k-tag.svg,2023-03-08,2023-03-19,2023,3,Indian Wells,CAN,CA,US,USA,840,019,,America,Northern America,USA,36.0,390.0,352635.0,96M/48Q/32D,Bnp Paribas Open,,84,5,16.8,10,2.0,Bianca Andreescu,32.0,https://www.wtatennis.com/resources/v7.42.8/i/elements/flags/can.svg,R32,W,"6-3, 7-6 (1)",https://www.wtatennis.com/players/325088/bianca-andreescu,False,False,False,False,True,False,True,2,True,22,13,9,1,CA,CAN,124,019,America,Northern America,CAN,"6,3,None|7,6,1",,
5,Bnp Paribas Open,https://photoresources.wtatennis.com/photo-resources/2026/04/16/a1736320-dd92-4829-8aa8-846c2edef410/WTA-Tournament_Indian-Wells-2017.png?height=128,https://www.wtatennis.com/tournaments/609/indian-wells/2023,WTA 1000,Hard,https://www.wtatennis.com/resources/v7.42.8/i/elements/1000k-tag.svg,2023-03-08,2023-03-19,2023,3,Indian Wells,USA,CA,US,USA,840,019,United States of America|America|USA|US,America,Northern America,USA,56.0,390.0,352635.0,96M/48Q/32D,Bnp Paribas Open,,84,5,16.8,10,2.0,Claire Liu,,https://www.wtatennis.com/resources/v7.42.8/i/elements/flags/usa.svg,R64,W,"6-0, 6-1",https://www.wtatennis.com/players/323966/claire-liu,False,False,False,False,False,False,False,2,True,13,12,1,1,US,USA,840,019,America,Northern America,USA,"6,0,None|6,1,None",,
6,Bnp Paribas Open,https://photoresources.wtatennis.com/photo-resources/2026/04/16/a1736320-dd92-4829-8aa8-846c2edef410/WTA-Tournament_Indian-Wells-2017.png?height=128,https://www.wtatennis.com/tournaments/609/indian-wells/2023,WTA 1000,Hard,https://www.wtatennis.com/resources/v7.42.8/i/elements/1000k-tag.svg,2023-03-08,2023-03-19,2023,3,Indian Wells,,CA,US,USA,840,019,,America,Northern America,USA,,390.0,352635.0,96M/48Q/32D,Bnp Paribas Open,,84,5,16.8,10,2.0,,,,R128,,Bye,,False,False,True,False,False,False,False,0,False,0,0,0,0,,,,,,,,,,
1,Dubai Duty Free Tennis Championships,https://photoresources.wtatennis.com/photo-resources/2026/04/16/2aee9d91-0756-4a92-b0bb-09b8d0dd8d76/WTA-Tournament_Dubai-2017.png?height=128,https://www.wtatennis.com/tournaments/718/dubai/2023,WTA 1000,Hard,https://www.wtatennis.com/resources/v7.42.8/i/elements/1000k-tag.svg,2023-02-19,2023-02-25,2023,2,Dubai,CZE,,AE,ARE,784,142,,Asia,Western Asia,UAE,30.0,585.0,267690.0,64M/32Q/32D,Dubai Duty Free Tennis Championships,,63,4,15.75,8,2.0,Barbora Krejcikova,,https://www.wtatennis.com/resources/v7.42.8/i/elements/flags/cze.svg,F,L,"4-6, 2-6",https://www.wtatennis.com/players/318314/barbora-krejcikova,False,False,False,False,False,False,False,2,False,18,6,12,0,CZ,CZE,203,150,Europe,Central Europe,CZE,"4,6,None|2,6,None",,
2,Dubai Duty Free Tennis Championships,https://photoresources.wtatennis.com/photo-resources/2026/04/16/2aee9d91-0756-4a92-b0bb-09b8d0dd8d76/WTA-Tournament_Dubai-2017.png?height=128,https://www.wtatennis.com/tournaments/718/dubai/2023,WTA 1000,Hard,https://www.wtatennis.com/resources/v7.42.8/i/elements/1000k-tag.svg,2023-02-19,2023-02-25,2023,2,Dubai,USA,,AE,ARE,784,142,United States of America|America|USA|US,Asia,Western Asia,UAE,6.0,585.0,267690.0,64M/32Q/32D,Dubai Duty Free Tennis Championships,,63,4,15.75,8,2.0,Coco Gauff,5.0,https://www.wtatennis.com/resources/v7.42.8/i/elements/flags/usa.svg,SF,W,"6-4, 6-2",https://www.wtatennis.com/players/328560/coco-gauff,False,False,False,False,False,False,False,2,True,18,12,6,1,US,USA,840,019,America,Northern America,USA,"6,4,None|6,2,None",,
3,Dubai Duty Free Tennis Championships,https://photoresources.wtatennis.com/photo-resources/2026/04/16/2aee9d91-0756-4a92-b0bb-09b8d0dd8d76/WTA-Tournament_Dubai-2017.png?height=128,https://www.wtatennis.com/tournaments/718/dubai/2023,WTA 1000,Hard,https://www.wtatennis.com/resources/v7.42.8/i/elements/1000k-tag.svg,2023-02-19,2023-02-25,2023,2,Dubai,CZE,,AE,ARE,784,142,,Asia,Western Asia,UAE,18.0,585.0,267690.0,64M/32Q/32D,Dubai Duty Free Tennis Championships,,63,4,15.75,8,2.0,Karolina Pliskova,,https://www.wtatennis.com/resources/v7.42.8/i/elements/flags/cze.svg,QF,W,Walkover,https://www.wtatennis.com/players/313974/karolina-pliskova,False,True,False,False,False,False,False,0,False,0,0,0,0,CZ,CZE,203,150,Europe,Central Europe,CZE,,,
4,Dubai Duty Free Tennis Championships,https://photoresources.wtatennis.com/photo-resources/2026/04/16/2aee9d91-0756-4a92-b0bb-09b8d0dd8d76/WTA-Tournament_Dubai-2017.png?height=128,https://www.wtatennis.com/tournaments/718/dubai/2023,WTA 1000,Hard,https://www.wtatennis.com/resources/v7.42.8/i/elements/1000k-tag.svg,2023-02-19,2023-02-25,2023,2,Dubai,RUS,,AE,ARE,784,142,,Asia,Western Asia,UAE,13.0,585.0,267690.0,64M/32Q/32D,Dubai Duty Free Tennis Championships,,63,4,15.75,8,2.0,Liudmila Samsonova,14.0,https://www.wtatennis.com/resources/v7.42.8/i/elements/flags/rus.svg,R16,W,"6-1, 6-0",https://www.wtatennis.com/players/322222/liudmila-samsonova,False,False,False,False,False,False,False,2,True,13,12,1,1,RU,RUS,643,150,Europe,Eastern Europe,RUS,"6,1,None|6,0,None",,
5,Dubai Duty Free Tennis Championships,https://photoresources.wtatennis.com/photo-resources/2026/04/16/2aee9d91-0756-4a92-b0bb-09b8d0dd8d76/WTA-Tournament_Dubai-2017.png?height=128,https://www.wtatennis.com/tournaments/718/dubai/2023,WTA 1000,Hard,https://www.wtatennis.com/resources/v7.42.8/i/elements/1000k-tag.svg,2023-02-19,2023-02-25,2023,2,Dubai,CAN,,AE,ARE,784,142,,Asia,Western Asia,UAE,37.0,585.0,267690.0,64M/32Q/32D,Dubai Duty Free Tennis Championships,,63,4,15.75,8,2.0,Leylah Fernandez,,https://www.wtatennis.com/resources/v7.42.8/i/elements/flags/can.svg,R32,W,"6-1, 6-1",https://www.wtatennis.com/players/326735/leylah-fernandez,False,False,False,False,False,False,False,2,True,14,12,2,1,CA,CAN,124,019,America,Northern America,CAN,"6,1,None|6,1,None",,
6,Dubai Duty Free Tennis Championships,https://photoresources.wtatennis.com/photo-resources/2026/04/16/2aee9d91-0756-4a92-b0bb-09b8d0dd8d76/WTA-Tournament_Dubai-2017.png?height=128,https://www.wtatennis.com/tournaments/718/dubai/2023,WTA 1000,Hard,https://www.wtatennis.com/resources/v7.42.8/i/elements/1000k-tag.svg,2023-02-19,2023-02-25,2023,2,Dubai,,,AE,ARE,784,142,,Asia,Western Asia,UAE,,585.0,267690.0,64M/32Q/32D,Dubai Duty Free Tennis Championships,,63,4,15.75,8,2.0,,,,R64,,Bye,,False,False,True,False,False,False,False,0,False,0,0,0,0,,,,,,,,,,
1,Qatar Totalenergies Open,https://photoresources.wtatennis.com/photo-resources/2026/04/16/c44d1d24-32ae-4ebe-b5e8-bd228bfb4fc8/1003_Doha_2026.png?height=128,https://www.wtatennis.com/tournaments/1003/doha/2023,WTA 500,Hard,https://www.wtatennis.com/resources/v7.42.8/i/elements/500k-tag.svg,2023-02-13,2023-02-18,2023,2,Doha,USA,,QA,QAT,634,142,United States of America|America|USA|US,Asia,Western Asia,QAT,4.0,470.0,120150.0,32M/32Q/16D,Qatar Totalenergies Open,,41,3,13.666666666666666,6,2.0,Jessica Pegula,2.0,https://www.wtatennis.com/resources/v7.42.8/i/elements/flags/usa.svg,F,W,"6-3, 6-0",https://www.wtatennis.com/players/316956/jessica-pegula,False,False,False,False,False,False,False,2,True,15,12,3,1,US,USA,840,019,America,Northern America,USA,"6,3,None|6,0,None",,
2,Qatar Totalenergies Open,https://photoresources.wtatennis.com/photo-resources/2026/04/16/c44d1d24-32ae-4ebe-b5e8-bd228bfb4fc8/1003_Doha_2026.png?height=128,https://www.wtatennis.com/tournaments/1003/doha/2023,WTA 500,Hard,https://www.wtatennis.com/resources/v7.42.8/i/elements/500k-tag.svg,2023-02-13,2023-02-18,2023,2,Doha,RUS,,QA,QAT,634,142,,Asia,Western Asia,QAT,11.0,470.0,120150.0,32M/32Q/16D,Qatar Totalenergies Open,,41,3,13.666666666666666,6,2.0,Veronika Kudermetova,8.0,https://www.wtatennis.com/resources/v7.42.8/i/elements/flags/rus.svg,SF,W,"6-0, 6-1",https://www.wtatennis.com/players/319526/veronika-kudermetova,False,False,False,False,False,False,False,2,True,13,12,1,1,RU,RUS,643,150,Europe,Eastern Europe,RUS,"6,0,None|6,1,None",,
3,Qatar Totalenergies Open,https://photoresources.wtatennis.com/photo-resources/2026/04/16/c44d1d24-32ae-4ebe-b5e8-bd228bfb4fc8/1003_Doha_2026.png?height=128,https://www.wtatennis.com/tournaments/1003/doha/2023,WTA 500,Hard,https://www.wtatennis.com/resources/v7.42.8/i/elements/500k-tag.svg,2023-02-13,2023-02-18,2023,2,Doha,SUI,,QA,QAT,634,142,,Asia,Western Asia,QAT,9.0,470.0,120150.0,32M/32Q/16D,Qatar Totalenergies Open,,41,3,13.666666666666666,6,2.0,Belinda Bencic,7.0,https://www.wtatennis.com/resources/v7.42.8/i/elements/flags/sui.svg,QF,W,Walkover,https://www.wtatennis.com/players/319001/belinda-bencic,False,True,False,False,False,False,False,0,False,0,0,0,0,CH,CHE,756,150,Europe,Central Europe,SUI,,,
4,Qatar Totalenergies Open,https://photoresources.wtatennis.com/photo-resources/2026/04/16/c44d1d24-32ae-4ebe-b5e8-bd228bfb4fc8/1003_Doha_2026.png?height=128,https://www.wtatennis.com/tournaments/1003/doha/2023,WTA 500,Hard,https://www.wtatennis.com/resources/v7.42.8/i/elements/500k-tag.svg,2023-02-13,2023-02-18,2023,2,Doha,USA,,QA,QAT,634,142,United States of America|America|USA|US,Asia,Western Asia,QAT,42.0,470.0,120150.0,32M/32Q/16D,Qatar Totalenergies Open,,41,3,13.666666666666666,6,2.0,Danielle Collins,,https://www.wtatennis.com/resources/v7.42.8/i/elements/flags/usa.svg,R16,W,"6-0, 6-1",https://www.wtatennis.com/players/316925/danielle-collins,False,False,False,False,False,False,False,2,True,13,12,1,1,US,USA,840,019,America,Northern America,USA,"6,0,None|6,1,None",,
5,Qatar Totalenergies Open,https://photoresources.wtatennis.com/photo-resources/2026/04/16/c44d1d24-32ae-4ebe-b5e8-bd228bfb4fc8/1003_Doha_2026.png?height=128,https://www.wtatennis.com/tournaments/1003/doha/2023,WTA 500,Hard,https://www.wtatennis.com/resources/v7.42.8/i/elements/500k-tag.svg,2023-02-13,2023-02-18,2023,2,Doha,,,QA,QAT,634,142,,Asia,Western Asia,QAT,,470.0,120150.0,32M/32Q/16D,Qatar Totalenergies Open,,41,3,13.666666666666666,6,2.0,,,,R32,,Bye,,False,False,True,False,False,False,False,0,False,0,0,0,0,,,,,,,,,,
1,Australian Open,https://photoresources.wtatennis.com/photo-resources/2026/04/16/6b041ce4-8b08-4fff-be75-89d1c452c157/WTA-Tournament_Australian-Open.png?height=128,https://www.wtatennis.com/tournaments/901/australian-open/2023,Grand Slam,Hard,https://www.wtatennis.com/resources/v7.42.8/i/elements/gs-tag.svg,2023-01-16,2023-01-29,2023,1,Melbourne,KAZ,,AU,AUS,036,009,,Oceania,Australasia,AUS,25.0,240.0,236578.0,128M/128Q/64D,Australian Open,,72,4,18.0,8,2.0,Elena Rybakina,22.0,https://www.wtatennis.com/resources/v7.42.8/i/elements/flags/kaz.svg,R16,L,"4-6, 4-6",https://www.wtatennis.com/players/324166/elena-rybakina,False,False,False,False,False,False,False,2,False,20,8,12,0,KZ,KAZ,398,142,Asia,Central Asia,KAZ,"4,6,None|4,6,None",,
2,Australian Open,https://photoresources.wtatennis.com/photo-resources/2026/04/16/6b041ce4-8b08-4fff-be75-89d1c452c157/WTA-Tournament_Australian-Open.png?height=128,https://www.wtatennis.com/tournaments/901/australian-open/2023,Grand Slam,Hard,https://www.wtatennis.com/resources/v7.42.8/i/elements/gs-tag.svg,2023-01-16,2023-01-29,2023,1,Melbourne,ESP,,AU,AUS,036,009,Kingdom of Spain,Oceania,Australasia,AUS,100.0,240.0,236578.0,128M/128Q/64D,Australian Open,,72,4,18.0,8,2.0,Cristina Bucsa,,https://www.wtatennis.com/resources/v7.42.8/i/elements/flags/esp.svg,R32,W,"6-0, 6-1",https://www.wtatennis.com/players/321158/cristina-bucsa,False,False,False,False,False,False,False,2,True,13,12,1,1,ES,ESP,724,150,Europe,Southern Europe,ESP,"6,0,None|6,1,None",,
3,Australian Open,https://photoresources.wtatennis.com/photo-resources/2026/04/16/6b041ce4-8b08-4fff-be75-89d1c452c157/WTA-Tournament_Australian-Open.png?height=128,https://www.wtatennis.com/tournaments/901/australian-open/2023,Grand Slam,Hard,https://www.wtatennis.com/resources/v7.42.8/i/elements/gs-tag.svg,2023-01-16,2023-01-29,2023,1,Melbourne,COL,,AU,AUS,036,009,,Oceania,Australasia,AUS,84.0,240.0,236578.0,128M/128Q/64D,Australian Open,,72,4,18.0,8,2.0,Camila Osorio,,https://www.wtatennis.com/resources/v7.42.8/i/elements/flags/col.svg,R64,W,"6-2, 6-3",https://www.wtatennis.com/players/325898/camila-osorio,False,False,False,False,False,False,False,2,True,17,12,5,1,CO,COL,170,019,America,Northern South America,COL,"6,2,None|6,3,None",,
4,Australian Open,https://photoresources.wtatennis.com/photo-resources/2026/04/16/6b041ce4-8b08-4fff-be75-89d1c452c157/WTA-Tournament_Australian-Open.png?height=128,https://www.wtatennis.com/tournaments/901/australian-open/2023,Grand Slam,Hard,https://www.wtatennis.com/resources/v7.42.8/i/elements/gs-tag.svg,2023-01-16,2023-01-29,2023,1,Melbourne,GER,,AU,AUS,036,009,,Oceania,Australasia,AUS,69.0,240.0,236578.0,128M/128Q/64D,Australian Open,,72,4,18.0,8,2.0,Jule Niemeier,,https://www.wtatennis.com/resources/v7.42.8/i/elements/flags/ger.svg,R128,W,"6-4, 7-5",https://www.wtatennis.com/players/325940/jule-niemeier,False,False,False,False,False,False,False,2,True,22,13,9,1,DE,DEU,276,150,Europe,Central Europe,GER,"6,4,None|7,5,None",,
1,United Cup,https://photoresources.wtatennis.com/photo-resources/2026/04/16/4747c6b3-5f7f-4dd1-8f1b-30ede7d1b539/WTA-Tournament_United-cup.jpg?height=128,https://www.wtatennis.com/tournaments/2084/united-cup/2023,WTA 500,Hard,https://www.wtatennis.com/resources/v7.42.8/i/elements/500k-tag.svg,2023-12-29,2023-01-08,2023,12,,USA,,AU,AUS,036,009,United States of America|America|USA|US,Oceania,Australasia,AUS,3.0,125.0,384375.0,0M/0Q/0D,United Cup,,72,4,18.0,8,2.0,Jessica Pegula,3.0,https://www.wtatennis.com/resources/v7.42.8/i/elements/flags/usa.svg,Round R,L,"2-6, 2-6",https://www.wtatennis.com/players/316956/jessica-pegula,False,False,False,False,False,False,False,2,False,16,4,12,0,US,USA,840,019,America,Northern America,USA,"2,6,None|2,6,None",,
2,United Cup,https://photoresources.wtatennis.com/photo-resources/2026/04/16/4747c6b3-5f7f-4dd1-8f1b-30ede7d1b539/WTA-Tournament_United-cup.jpg?height=128,https://www.wtatennis.com/tournaments/2084/united-cup/2023,WTA 500,Hard,https://www.wtatennis.com/resources/v7.42.8/i/elements/500k-tag.svg,2023-12-29,2023-01-08,2023,12,,ITA,,AU,AUS,036,009,,Oceania,Australasia,AUS,27.0,125.0,384375.0,0M/0Q/0D,United Cup,,72,4,18.0,8,2.0,Martina Trevisan,5.0,https://www.wtatennis.com/resources/v7.42.8/i/elements/flags/ita.svg,Round R,W,"6-2, 6-4",https://www.wtatennis.com/players/316266/martina-trevisan,False,False,False,False,False,False,False,2,True,18,12,6,1,IT,ITA,380,150,Europe,Southern Europe,ITA,"6,2,None|6,4,None",,
3,United Cup,https://photoresources.wtatennis.com/photo-resources/2026/04/16/4747c6b3-5f7f-4dd1-8f1b-30ede7d1b539/WTA-Tournament_United-cup.jpg?height=128,https://www.wtatennis.com/tournaments/2084/united-cup/2023,WTA 500,Hard,https://www.wtatennis.com/resources/v7.42.8/i/elements/500k-tag.svg,2023-12-29,2023-01-08,2023,12,,KAZ,,AU,AUS,036,009,,Oceania,Australasia,AUS,51.0,125.0,384375.0,0M/0Q/0D,United Cup,,72,4,18.0,8,2.0,Yulia Putintseva,13.0,https://www.wtatennis.com/resources/v7.42.8/i/elements/flags/kaz.svg,Round R,W,"6-1, 6-3",https://www.wtatennis.com/players/317683/yulia-putintseva,False,False,False,False,False,False,False,2,True,16,12,4,1,KZ,KAZ,398,142,Asia,Central Asia,KAZ,"6,1,None|6,3,None",,
4,United Cup,https://photoresources.wtatennis.com/photo-resources/2026/04/16/4747c6b3-5f7f-4dd1-8f1b-30ede7d1b539/WTA-Tournament_United-cup.jpg?height=128,https://www.wtatennis.com/tournaments/2084/united-cup/2023,WTA 500,Hard,https://www.wtatennis.com/resources/v7.42.8/i/elements/500k-tag.svg,2023-12-29,2023-01-08,2023,12,,SUI,,AU,AUS,036,009,,Oceania,Australasia,AUS,12.0,125.0,384375.0,0M/0Q/0D,United Cup,,72,4,18.0,8,2.0,Belinda Bencic,9.0,https://www.wtatennis.com/resources/v7.42.8/i/elements/flags/sui.svg,Round R,W,"6-3, 7-6 (3)",https://www.wtatennis.com/players/319001/belinda-bencic,False,False,False,False,True,False,True,2,True,22,13,9,1,CH,CHE,756,150,Europe,Central Europe,SUI,"6,3,None|7,6,3",,
1,Wta Finals Fort Worth,https://photoresources.wtatennis.com/photo-resources/2026/04/16/23556323-66a6-4f30-9a8b-9b1f26342c0c/WTA-finals.png?height=128,https://www.wtatennis.com/tournaments/808/wta-finals/2022,Finals,Hard,https://www.wtatennis.com/resources/v7.42.8/i/elements/finals-tag.svg,2022-10-31,2022-11-07,2022,10,Fort Worth,BLR,TX,US,USA,840,019,,America,Northern America,USA,7.0,,470000.0,9M/0Q/16D,Wta Finals Fort Worth,,72,4,18.0,9,2.25,Aryna Sabalenka,7.0,https://www.wtatennis.com/resources/v7.42.8/i/elements/flags/blr.svg,SF,L,"2-6, 6-2, 1-6",https://www.wtatennis.com/players/320760/aryna-sabalenka,False,False,False,False,False,False,False,3,False,23,9,14,0,BY,BLR,112,150,Europe,Eastern Europe,BLR,"2,6,None|6,2,None|1,6,None",,
2,Wta Finals Fort Worth,https://photoresources.wtatennis.com/photo-resources/2026/04/16/23556323-66a6-4f30-9a8b-9b1f26342c0c/WTA-finals.png?height=128,https://www.wtatennis.com/tournaments/808/wta-finals/2022,Finals,Hard,https://www.wtatennis.com/resources/v7.42.8/i/elements/finals-tag.svg,2022-10-31,2022-11-07,2022,10,Fort Worth,USA,TX,US,USA,840,019,United States of America|America|USA|US,America,Northern America,USA,4.0,,470000.0,9M/0Q/16D,Wta Finals Fort Worth,,72,4,18.0,9,2.25,Coco Gauff,4.0,https://www.wtatennis.com/resources/v7.42.8/i/elements/flags/usa.svg,RR,W,"6-3, 6-0",https://www.wtatennis.com/players/328560/coco-gauff,False,False,False,False,False,False,False,2,True,15,12,3,1,US,USA,840,019,America,Northern America,USA,"6,3,None|6,0,None",,
3,Wta Finals Fort Worth,https://photoresources.wtatennis.com/photo-resources/2026/04/16/23556323-66a6-4f30-9a8b-9b1f26342c0c/WTA-finals.png?height=128,https://www.wtatennis.com/tournaments/808/wta-finals/2022,Finals,Hard,https://www.wtatennis.com/resources/v7.42.8/i/elements/finals-tag.svg,2022-10-31,2022-11-07,2022,10,Fort Worth,FRA,TX,US,USA,840,019,,America,Northern America,USA,6.0,,470000.0,9M/0Q/16D,Wta Finals Fort Worth,,72,4,18.0,9,2.25,Caroline Garcia,6.0,https://www.wtatennis.com/resources/v7.42.8/i/elements/flags/fra.svg,RR,W,"6-3, 6-2",https://www.wtatennis.com/players/315391/caroline-garcia,False,False,False,False,False,False,False,2,True,17,12,5,1,FR,FRA,250,150,Europe,Western Europe,FRA,"6,3,None|6,2,None",,
4,Wta Finals Fort Worth,https://photoresources.wtatennis.com/photo-resources/2026/04/16/23556323-66a6-4f30-9a8b-9b1f26342c0c/WTA-finals.png?height=128,https://www.wtatennis.com/tournaments/808/wta-finals/2022,Finals,Hard,https://www.wtatennis.com/resources/v7.42.8/i/elements/finals-tag.svg,2022-10-31,2022-11-07,2022,10,Fort Worth,AUS,TX,US,USA,840,019,,America,Northern America,USA,8.0,,470000.0,9M/0Q/16D,Wta Finals Fort Worth,,72,4,18.0,9,2.25,Daria Kasatkina,8.0,https://www.wtatennis.com/resources/v7.42.8/i/elements/flags/aus.svg,RR,W,"6-2, 6-3",https://www.wtatennis.com/players/322082/daria-kasatkina,False,False,False,False,False,False,False,2,True,17,12,5,1,AU,AUS,036,009,Oceania,Australasia,AUS,"6,2,None|6,3,None",,
1,San Diego Open,,https://www.wtatennis.com/tournaments/2074/san-diego/2022,WTA 500,Hard,https://www.wtatennis.com/resources/v7.42.8/i/elements/500k-tag.svg,2022-10-10,2022-10-16,2022,10,San Diego,CRO,CA,US,USA,840,019,,America,Northern America,USA,77.0,470.0,116340.0,32M/24Q/16D,San Diego Open,,92,4,23.0,11,2.75,Donna Vekic,,https://www.wtatennis.com/resources/v7.42.8/i/elements/flags/cro.svg,F,W,"6-3, 3-6, 6-0",https://www.wtatennis.com/players/318516/donna-vekic,False,False,False,False,False,False,False,3,True,24,15,9,1,HR,HRV,191,150,Europe,Southeastern Europe,CRO,"6,3,None|3,6,None|6,0,None",,
2,San Diego Open,,https://www.wtatennis.com/tournaments/2074/san-diego/2022,WTA 500,Hard,https://www.wtatennis.com/resources/v7.42.8/i/elements/500k-tag.svg,2022-10-10,2022-10-16,2022,10,San Diego,USA,CA,US,USA,840,019,United States of America|America|USA|US,America,Northern America,USA,6.0,470.0,116340.0,32M/24Q/16D,San Diego Open,,92,4,23.0,11,2.75,Jessica Pegula,4.0,https://www.wtatennis.com/resources/v7.42.8/i/elements/flags/usa.svg,SF,W,"4-6, 6-2, 6-2",https://www.wtatennis.com/players/316956/jessica-pegula,False,False,False,False,False,False,False,3,False,26,16,10,1,US,USA,840,019,America,Northern America,USA,"4,6,None|6,2,None|6,2,None",,
3,San Diego Open,,https://www.wtatennis.com/tournaments/2074/san-diego/2022,WTA 500,Hard,https://www.wtatennis.com/resources/v7.42.8/i/elements/500k-tag.svg,2022-10-10,2022-10-16,2022,10,San Diego,USA,CA,US,USA,840,019,United States of America|America|USA|US,America,Northern America,USA,8.0,470.0,116340.0,32M/24Q/16D,San Diego Open,,92,4,23.0,11,2.75,Coco Gauff,6.0,https://www.wtatennis.com/resources/v7.42.8/i/elements/flags/usa.svg,QF,W,"6-0, 6-3",https://www.wtatennis.com/players/328560/coco-gauff,False,False,False,False,False,False,False,2,True,15,12,3,1,US,USA,840,019,America,Northern America,USA,"6,0,None|6,3,None",,
4,San Diego Open,,https://www.wtatennis.com/tournaments/2074/san-diego/2022,WTA 500,Hard,https://www.wtatennis.com/resources/v7.42.8/i/elements/500k-tag.svg,2022-10-10,2022-10-16,2022,10,San Diego,CHN,CA,US,USA,840,019,,America,Northern America,USA,28.0,470.0,116340.0,32M/24Q/16D,San Diego Open,,92,4,23.0,11,2.75,Qinwen Zheng,,https://www.wtatennis.com/resources/v7.42.8/i/elements/flags/chn.svg,R16,W,"6-4, 4-6, 6-1",https://www.wtatennis.com/players/328120/qinwen-zheng,False,False,False,False,False,False,False,3,True,27,16,11,1,CN,CHN,156,142,Asia,East Asia,CHN,"6,4,None|4,6,None|6,1,None",,
5,San Diego Open,,https://www.wtatennis.com/tournaments/2074/san-diego/2022,WTA 500,Hard,https://www.wtatennis.com/resources/v7.42.8/i/elements/500k-tag.svg,2022-10-10,2022-10-16,2022,10,San Diego,,CA,US,USA,840,019,,America,Northern America,USA,,470.0,116340.0,32M/24Q/16D,San Diego Open,,92,4,23.0,11,2.75,,,,R32,,Bye,,False,False,True,False,False,False,False,0,False,0,0,0,0,,,,,,,,,,
1,Agel Open 2022,,https://www.wtatennis.com/tournaments/2025/ostrava/2022,WTA 500,Hard,https://www.wtatennis.com/resources/v7.42.8/i/elements/500k-tag.svg,2022-10-03,2022-10-09,2022,10,Ostrava,CZE,,CZ,CZE,203,150,,Europe,Central Europe,CZE,23.0,305.0,71960.0,32M/24Q/16D,Agel Open 2022,,101,4,25.25,10,2.5,Barbora Krejcikova,,https://www.wtatennis.com/resources/v7.42.8/i/elements/flags/cze.svg,F,L,"7-5, 6-7 (4), 3-6",https://www.wtatennis.com/players/318314/barbora-krejcikova,False,False,False,False,True,False,True,3,True,34,16,18,0,CZ,CZE,203,150,Europe,Central Europe,CZE,"7,5,None|6,7,4|3,6,None",,
2,Agel Open 2022,,https://www.wtatennis.com/tournaments/2025/ostrava/2022,WTA 500,Hard,https://www.wtatennis.com/resources/v7.42.8/i/elements/500k-tag.svg,2022-10-03,2022-10-09,2022,10,Ostrava,RUS,,CZ,CZE,203,150,,Europe,Central Europe,CZE,21.0,305.0,71960.0,32M/24Q/16D,Agel Open 2022,,101,4,25.25,10,2.5,Ekaterina Alexandrova,,https://www.wtatennis.com/resources/v7.42.8/i/elements/flags/rus.svg,SF,W,"7-6 (5), 2-6, 6-4",https://www.wtatennis.com/players/319007/ekaterina-alexandrova,False,False,False,True,False,False,True,3,True,31,15,16,1,RU,RUS,643,150,Europe,Eastern Europe,RUS,"7,6,5|2,6,None|6,4,None",,
3,Agel Open 2022,,https://www.wtatennis.com/tournaments/2025/ostrava/2022,WTA 500,Hard,https://www.wtatennis.com/resources/v7.42.8/i/elements/500k-tag.svg,2022-10-03,2022-10-09,2022,10,Ostrava,USA,,CZ,CZE,203,150,United States of America|America|USA|US,Europe,Central Europe,CZE,151.0,305.0,71960.0,32M/24Q/16D,Agel Open 2022,,101,4,25.25,10,2.5,Caty Mcnally,,https://www.wtatennis.com/resources/v7.42.8/i/elements/flags/usa.svg,QF,W,"6-4, 6-4",https://www.wtatennis.com/players/325725/caty-mcnally,False,False,False,False,False,False,False,2,True,20,12,8,1,US,USA,840,019,America,Northern America,USA,"6,4,None|6,4,None",,
4,Agel Open 2022,,https://www.wtatennis.com/tournaments/2025/ostrava/2022,WTA 500,Hard,https://www.wtatennis.com/resources/v7.42.8/i/elements/500k-tag.svg,2022-10-03,2022-10-09,2022,10,Ostrava,AUS,,CZ,CZE,203,150,,Europe,Central Europe,CZE,34.0,305.0,71960.0,32M/24Q/16D,Agel Open 2022,,101,4,25.25,10,2.5,Ajla Tomljanovic,,https://www.wtatennis.com/resources/v7.42.8/i/elements/flags/aus.svg,R16,W,"7-5, 2-2",https://www.wtatennis.com/players/315232/ajla-tomljanovic,True,False,False,False,False,False,False,2,True,16,9,7,1,AU,AUS,036,009,Oceania,Australasia,AUS,"7,5,None|2,2,None|Ret",,
5,Agel Open 2022,,https://www.wtatennis.com/tournaments/2025/ostrava/2022,WTA 500,Hard,https://www.wtatennis.com/resources/v7.42.8/i/elements/500k-tag.svg,2022-10-03,2022-10-09,2022,10,Ostrava,,,CZ,CZE,203,150,,Europe,Central Europe,CZE,,305.0,71960.0,32M/24Q/16D,Agel Open 2022,,101,4,25.25,10,2.5,,,,R32,,Bye,,False,False,True,False,False,False,False,0,False,0,0,0,0,,,,,,,,,,
1,Us Open,https://photoresources.wtatennis.com/photo-resources/2026/04/16/8d0a3d41-7b45-434b-a75b-b7d2eb0922b4/WTA-Tournament_US-Open.png?height=128,https://www.wtatennis.com/tournaments/905/us-open/2022,Grand Slam,Hard,https://www.wtatennis.com/resources/v7.42.8/i/elements/gs-tag.svg,2022-08-29,2022-09-11,2022,8,New York,TUN,NY,US,USA,840,019,,America,Northern America,USA,5.0,2000.0,2600000.0,128M/128Q/64D,Us Open,,144,7,20.571428571428573,16,2.2857142857142856,Ons Jabeur,5.0,https://www.wtatennis.com/resources/v7.42.8/i/elements/flags/tun.svg,F,W,"6-2, 7-6 (5)",https://www.wtatennis.com/players/316847/ons-jabeur,False,False,False,False,True,False,True,2,True,21,13,8,1,TN,TUN,788,002,Africa,North Africa,TUN,"6,2,None|7,6,5",,
2,Us Open,https://photoresources.wtatennis.com/photo-resources/2026/04/16/8d0a3d41-7b45-434b-a75b-b7d2eb0922b4/WTA-Tournament_US-Open.png?height=128,https://www.wtatennis.com/tournaments/905/us-open/2022,Grand Slam,Hard,https://www.wtatennis.com/resources/v7.42.8/i/elements/gs-tag.svg,2022-08-29,2022-09-11,2022,8,New York,BLR,NY,US,USA,840,019,,America,Northern America,USA,6.0,2000.0,2600000.0,128M/128Q/64D,Us Open,,144,7,20.571428571428573,16,2.2857142857142856,Aryna Sabalenka,6.0,https://www.wtatennis.com/resources/v7.42.8/i/elements/flags/blr.svg,SF,W,"3-6, 6-1, 6-4",https://www.wtatennis.com/players/320760/aryna-sabalenka,False,False,False,False,False,False,False,3,False,26,15,11,1,BY,BLR,112,150,Europe,Eastern Europe,BLR,"3,6,None|6,1,None|6,4,None",,
3,Us Open,https://photoresources.wtatennis.com/photo-resources/2026/04/16/8d0a3d41-7b45-434b-a75b-b7d2eb0922b4/WTA-Tournament_US-Open.png?height=128,https://www.wtatennis.com/tournaments/905/us-open/2022,Grand Slam,Hard,https://www.wtatennis.com/resources/v7.42.8/i/elements/gs-tag.svg,2022-08-29,2022-09-11,2022,8,New York,USA,NY,US,USA,840,019,United States of America|America|USA|US,America,Northern America,USA,8.0,2000.0,2600000.0,128M/128Q/64D,Us Open,,144,7,20.571428571428573,16,2.2857142857142856,Jessica Pegula,8.0,https://www.wtatennis.com/resources/v7.42.8/i/elements/flags/usa.svg,QF,W,"6-3, 7-6 (4)",https://www.wtatennis.com/players/316956/jessica-pegula,False,False,False,False,True,False,True,2,True,22,13,9,1,US,USA,840,019,America,Northern America,USA,"6,3,None|7,6,4",,
4,Us Open,https://photoresources.wtatennis.com/photo-resources/2026/04/16/8d0a3d41-7b45-434b-a75b-b7d2eb0922b4/WTA-Tournament_US-Open.png?height=128,https://www.wtatennis.com/tournaments/905/us-open/2022,Grand Slam,Hard,https://www.wtatennis.com/resources/v7.42.8/i/elements/gs-tag.svg,2022-08-29,2022-09-11,2022,8,New York,GER,NY,US,USA,840,019,,America,Northern America,USA,108.0,2000.0,2600000.0,128M/128Q/64D,Us Open,,144,7,20.571428571428573,16,2.2857142857142856,Jule Niemeier,,https://www.wtatennis.com/resources/v7.42.8/i/elements/flags/ger.svg,R16,W,"2-6, 6-4, 6-0",https://www.wtatennis.com/players/325940/jule-niemeier,False,False,False,False,False,False,False,3,False,24,14,10,1,DE,DEU,276,150,Europe,Central Europe,GER,"2,6,None|6,4,None|6,0,None",,
5,Us Open,https://photoresources.wtatennis.com/photo-resources/2026/04/16/8d0a3d41-7b45-434b-a75b-b7d2eb0922b4/WTA-Tournament_US-Open.png?height=128,https://www.wtatennis.com/tournaments/905/us-open/2022,Grand Slam,Hard,https://www.wtatennis.com/resources/v7.42.8/i/elements/gs-tag.svg,2022-08-29,2022-09-11,2022,8,New York,USA,NY,US,USA,840,019,United States of America|America|USA|US,America,Northern America,USA,105.0,2000.0,2600000.0,128M/128Q/64D,Us Open,,144,7,20.571428571428573,16,2.2857142857142856,Lauren Davis,,https://www.wtatennis.com/resources/v7.42.8/i/elements/flags/usa.svg,R32,W,"6-3, 6-4",https://www.wtatennis.com/players/317414/lauren-davis,False,False,False,False,False,False,False,2,True,19,12,7,1,US,USA,840,019,America,Northern America,USA,"6,3,None|6,4,None",,
6,Us Open,https://photoresources.wtatennis.com/photo-resources/2026/04/16/8d0a3d41-7b45-434b-a75b-b7d2eb0922b4/WTA-Tournament_US-Open.png?height=128,https://www.wtatennis.com/tournaments/905/us-open/2022,Grand Slam,Hard,https://www.wtatennis.com/resources/v7.42.8/i/elements/gs-tag.svg,2022-08-29,2022-09-11,2022,8,New York,USA,NY,US,USA,840,019,United States of America|America|USA|US,America,Northern America,USA,51.0,2000.0,2600000.0,128M/128Q/64D,Us Open,,144,7,20.571428571428573,16,2.2857142857142856,Sloane Stephens,,https://www.wtatennis.com/resources/v7.42.8/i/elements/flags/usa.svg,R64,W,"6-3, 6-2",https://www.wtatennis.com/players/315683/sloane-stephens,False,False,False,False,False,False,False,2,True,17,12,5,1,US,USA,840,019,America,Northern America,USA,"6,3,None|6,2,None",,
7,Us Open,https://photoresources.wtatennis.com/photo-resources/2026/04/16/8d0a3d41-7b45-434b-a75b-b7d2eb0922b4/WTA-Tournament_US-Open.png?height=128,https://www.wtatennis.com/tournaments/905/us-open/2022,Grand Slam,Hard,https://www.wtatennis.com/resources/v7.42.8/i/elements/gs-tag.svg,2022-08-29,2022-09-11,2022,8,New York,ITA,NY,US,USA,840,019,,America,Northern America,USA,56.0,2000.0,2600000.0,128M/128Q/64D,Us Open,,144,7,20.571428571428573,16,2.2857142857142856,Jasmine Paolini,,https://www.wtatennis.com/resources/v7.42.8/i/elements/flags/ita.svg,R128,W,"6-3, 6-0",https://www.wtatennis.com/players/319280/jasmine-paolini,False,False,False,False,False,False,False,2,True,15,12,3,1,IT,ITA,380,150,Europe,Southern Europe,ITA,"6,3,None|6,0,None",,
1,Western & Southern Open,https://photoresources.wtatennis.com/photo-resources/2026/04/16/77288aaf-4c7f-4b8e-86f6-315c2ef872c5/WTA-Tournament_Cincinnati-2024.png?height=128,https://www.wtatennis.com/tournaments/1017/cincinnati/2022,WTA 1000,Hard,https://www.wtatennis.com/resources/v7.42.8/i/elements/1000k-tag.svg,2022-08-15,2022-08-21,2022,8,Cincinnati,USA,OH,US,USA,840,019,United States of America|America|USA|US,America,Northern America,USA,24.0,105.0,28730.0,64M/32Q/32D,Western & Southern Open,,41,2,20.5,4,2.0,Madison Keys,,https://www.wtatennis.com/resources/v7.42.8/i/elements/flags/usa.svg,R16,L,"3-6, 4-6",https://www.wtatennis.com/players/316959/madison-keys,False,False,False,False,False,False,False,2,False,19,7,12,0,US,USA,840,019,America,Northern America,USA,"3,6,None|4,6,None",,
2,Western & Southern Open,https://photoresources.wtatennis.com/photo-resources/2026/04/16/77288aaf-4c7f-4b8e-86f6-315c2ef872c5/WTA-Tournament_Cincinnati-2024.png?height=128,https://www.wtatennis.com/tournaments/1017/cincinnati/2022,WTA 1000,Hard,https://www.wtatennis.com/resources/v7.42.8/i/elements/1000k-tag.svg,2022-08-15,2022-08-21,2022,8,Cincinnati,USA,OH,US,USA,840,019,United States of America|America|USA|US,America,Northern America,USA,57.0,105.0,28730.0,64M/32Q/32D,Western & Southern Open,,41,2,20.5,4,2.0,Sloane Stephens,,https://www.wtatennis.com/resources/v7.42.8/i/elements/flags/usa.svg,R32,W,"6-4, 7-5",https://www.wtatennis.com/players/315683/sloane-stephens,False,False,False,False,False,False,False,2,True,22,13,9,1,US,USA,840,019,America,Northern America,USA,"6,4,None|7,5,None",,
3,Western & Southern Open,https://photoresources.wtatennis.com/photo-resources/2026/04/16/77288aaf-4c7f-4b8e-86f6-315c2ef872c5/WTA-Tournament_Cincinnati-2024.png?height=128,https://www.wtatennis.com/tournaments/1017/cincinnati/2022,WTA 1000,Hard,https://www.wtatennis.com/resources/v7.42.8/i/elements/1000k-tag.svg,2022-08-15,2022-08-21,2022,8,Cincinnati,,OH,US,USA,840,019,,America,Northern America,USA,,105.0,28730.0,64M/32Q/32D,Western & Southern Open,,41,2,20.5,4,2.0,,,,R64,,Bye,,False,False,True,False,False,False,False,0,False,0,0,0,0,,,,,,,,,,
1,National Bank Open Presented By Rogers,https://photoresources.wtatennis.com/photo-resources/2026/04/16/12d4c93e-8e56-4d81-ac72-ea0d1498127e/WTA-Tournament_Canada-English-2021.png?height=128,https://www.wtatennis.com/tournaments/806/montreal/2022,WTA 1000,Hard,https://www.wtatennis.com/resources/v7.42.8/i/elements/1000k-tag.svg,2022-08-08,2022-08-14,2022,8,Toronto,BRA,,CA,CAN,124,019,,America,Northern America,CAN,24.0,105.0,30660.0,64M/32Q/32D,National Bank Open Presented By Rogers,,46,2,23.0,5,2.5,Beatriz Haddad Maia,,https://www.wtatennis.com/resources/v7.42.8/i/elements/flags/bra.svg,R16,L,"4-6, 6-3, 5-7",https://www.wtatennis.com/players/318176/beatriz-haddad-maia,False,False,False,False,False,False,False,3,False,31,15,16,0,BR,BRA,076,019,America,Eastern South America,BRA,"4,6,None|6,3,None|5,7,None",,
2,National Bank Open Presented By Rogers,https://photoresources.wtatennis.com/photo-resources/2026/04/16/12d4c93e-8e56-4d81-ac72-ea0d1498127e/WTA-Tournament_Canada-English-2021.png?height=128,https://www.wtatennis.com/tournaments/806/montreal/2022,WTA 1000,Hard,https://www.wtatennis.com/resources/v7.42.8/i/elements/1000k-tag.svg,2022-08-08,2022-08-14,2022,8,Toronto,AUS,,CA,CAN,124,019,,America,Northern America,CAN,72.0,105.0,30660.0,64M/32Q/32D,National Bank Open Presented By Rogers,,46,2,23.0,5,2.5,Ajla Tomljanovic,,https://www.wtatennis.com/resources/v7.42.8/i/elements/flags/aus.svg,R32,W,"6-1, 6-2",https://www.wtatennis.com/players/315232/ajla-tomljanovic,False,False,False,False,False,False,False,2,True,15,12,3,1,AU,AUS,036,009,Oceania,Australasia,AUS,"6,1,None|6,2,None",,
3,National Bank Open Presented By Rogers,https://photoresources.wtatennis.com/photo-resources/2026/04/16/12d4c93e-8e56-4d81-ac72-ea0d1498127e/WTA-Tournament_Canada-English-2021.png?height=128,https://www.wtatennis.com/tournaments/806/montreal/2022,WTA 1000,Hard,https://www.wtatennis.com/resources/v7.42.8/i/elements/1000k-tag.svg,2022-08-08,2022-08-14,2022,8,Toronto,,,CA,CAN,124,019,,America,Northern America,CAN,,105.0,30660.0,64M/32Q/32D,National Bank Open Presented By Rogers,,46,2,23.0,5,2.5,,,,R64,,Bye,,False,False,True,False,False,False,False,0,False,0,0,0,0,,,,,,,,,,
1,Bnp Paribas Poland Open,,https://www.wtatennis.com/tournaments/2037/warsaw/2022,WTA 250,Clay,https://www.wtatennis.com/resources/v7.42.8/i/elements/250k-tag.svg,2022-07-25,2022-07-31,2022,7,Warsaw,FRA,,PL,POL,616,150,,Europe,Central Europe,POL,45.0,60.0,6200.0,32M/24Q/16D,Bnp Paribas Poland Open,,56,3,18.666666666666668,7,2.3333333333333335,Caroline Garcia,5.0,https://www.wtatennis.com/resources/v7.42.8/i/elements/flags/fra.svg,QF,L,"1-6, 6-1, 4-6",https://www.wtatennis.com/players/315391/caroline-garcia,False,False,False,False,False,False,False,3,False,24,11,13,0,FR,FRA,250,150,Europe,Western Europe,FRA,"1,6,None|6,1,None|4,6,None",,
2,Bnp Paribas Poland Open,,https://www.wtatennis.com/tournaments/2037/warsaw/2022,WTA 250,Clay,https://www.wtatennis.com/resources/v7.42.8/i/elements/250k-tag.svg,2022-07-25,2022-07-31,2022,7,Warsaw,ROU,,PL,POL,616,150,,Europe,Central Europe,POL,146.0,60.0,6200.0,32M/24Q/16D,Bnp Paribas Poland Open,,56,3,18.666666666666668,7,2.3333333333333335,Gabriela Lee,,https://www.wtatennis.com/resources/v7.42.8/i/elements/flags/rou.svg,R16,W,"6-3, 6-2",https://www.wtatennis.com/players/319454/gabriela-lee,False,False,False,False,False,False,False,2,True,17,12,5,1,RO,ROU,642,150,Europe,Southeastern Europe,ROU,"6,3,None|6,2,None",,
3,Bnp Paribas Poland Open,,https://www.wtatennis.com/tournaments/2037/warsaw/2022,WTA 250,Clay,https://www.wtatennis.com/resources/v7.42.8/i/elements/250k-tag.svg,2022-07-25,2022-07-31,2022,7,Warsaw,POL,,PL,POL,616,150,,Europe,Central Europe,POL,82.0,60.0,6200.0,32M/24Q/16D,Bnp Paribas Poland Open,,56,3,18.666666666666668,7,2.3333333333333335,Magdalena Frech,,https://www.wtatennis.com/resources/v7.42.8/i/elements/flags/pol.svg,R32,W,"6-1, 6-2",https://www.wtatennis.com/players/320277/magdalena-frech,False,False,False,False,False,False,False,2,True,15,12,3,1,PL,POL,616,150,Europe,Central Europe,POL,"6,1,None|6,2,None",,
1,Wimbledon,https://photoresources.wtatennis.com/photo-resources/2026/04/16/d29814e6-6e80-4015-b680-9a7f3cb065c3/WTA-Tournament_Wimbledon.png?height=128,https://www.wtatennis.com/tournaments/904/wimbledon/2022,Grand Slam,Grass,https://www.wtatennis.com/resources/v7.42.8/i/elements/gs-tag.svg,2022-06-27,2022-07-10,2022,6,Wimbledon,FRA,,GB,GBR,826,150,,Europe,Northern Europe,ENG,37.0,,154816.0,128M/128Q/64D,The Championships,,62,3,20.666666666666668,7,2.3333333333333335,Alizé Cornet,,https://www.wtatennis.com/resources/v7.42.8/i/elements/flags/fra.svg,R32,L,"4-6, 2-6",https://www.wtatennis.com/players/312121/aliz-cornet,False,False,False,False,False,False,False,2,False,18,6,12,0,FR,FRA,250,150,Europe,Western Europe,FRA,"4,6,None|2,6,None",,
2,Wimbledon,https://photoresources.wtatennis.com/photo-resources/2026/04/16/d29814e6-6e80-4015-b680-9a7f3cb065c3/WTA-Tournament_Wimbledon.png?height=128,https://www.wtatennis.com/tournaments/904/wimbledon/2022,Grand Slam,Grass,https://www.wtatennis.com/resources/v7.42.8/i/elements/gs-tag.svg,2022-06-27,2022-07-10,2022,6,Wimbledon,NED,,GB,GBR,826,150,,Europe,Northern Europe,ENG,138.0,,154816.0,128M/128Q/64D,The Championships,,62,3,20.666666666666668,7,2.3333333333333335,Lesley Pattinama Kerkhove,,https://www.wtatennis.com/resources/v7.42.8/i/elements/flags/ned.svg,R64,W,"6-4, 4-6, 6-3",https://www.wtatennis.com/players/316537/lesley-pattinama-kerkhove,False,False,False,False,False,False,False,3,True,29,16,13,1,NL,NLD,528,150,Europe,Western Europe,NED,"6,4,None|4,6,None|6,3,None",,
3,Wimbledon,https://photoresources.wtatennis.com/photo-resources/2026/04/16/d29814e6-6e80-4015-b680-9a7f3cb065c3/WTA-Tournament_Wimbledon.png?height=128,https://www.wtatennis.com/tournaments/904/wimbledon/2022,Grand Slam,Grass,https://www.wtatennis.com/resources/v7.42.8/i/elements/gs-tag.svg,2022-06-27,2022-07-10,2022,6,Wimbledon,CRO,,GB,GBR,826,150,,Europe,Northern Europe,ENG,252.0,,154816.0,128M/128Q/64D,The Championships,,62,3,20.666666666666668,7,2.3333333333333335,Jana Fett,,https://www.wtatennis.com/resources/v7.42.8/i/elements/flags/cro.svg,R128,W,"6-0, 6-3",https://www.wtatennis.com/players/320945/jana-fett,False,False,False,False,False,False,False,2,True,15,12,3,1,HR,HRV,191,150,Europe,Southeastern Europe,CRO,"6,0,None|6,3,None",,
1,Roland Garros,https://photoresources.wtatennis.com/photo-resources/2026/04/16/0893d8be-5450-4e36-a144-cdd958c1b484/WTA-Tournament_Roland-Garros.png?height=128,https://www.wtatennis.com/tournaments/903/roland-garros/2022,Grand Slam,Clay,https://www.wtatennis.com/resources/v7.42.8/i/elements/gs-tag.svg,2022-05-22,2022-06-05,2022,5,Paris,USA,,FR,FRA,250,150,United States of America|America|USA|US,Europe,Western Europe,FRA,23.0,2000.0,2326586.0,128M/128Q/64D,Roland Garros,,124,7,17.714285714285715,15,2.142857142857143,Coco Gauff,18.0,https://www.wtatennis.com/resources/v7.42.8/i/elements/flags/usa.svg,F,W,"6-1, 6-3",https://www.wtatennis.com/players/328560/coco-gauff,False,False,False,False,False,False,False,2,True,16,12,4,1,US,USA,840,019,America,Northern America,USA,"6,1,None|6,3,None",,
2,Roland Garros,https://photoresources.wtatennis.com/photo-resources/2026/04/16/0893d8be-5450-4e36-a144-cdd958c1b484/WTA-Tournament_Roland-Garros.png?height=128,https://www.wtatennis.com/tournaments/903/roland-garros/2022,Grand Slam,Clay,https://www.wtatennis.com/resources/v7.42.8/i/elements/gs-tag.svg,2022-05-22,2022-06-05,2022,5,Paris,AUS,,FR,FRA,250,150,,Europe,Western Europe,FRA,20.0,2000.0,2326586.0,128M/128Q/64D,Roland Garros,,124,7,17.714285714285715,15,2.142857142857143,Daria Kasatkina,20.0,https://www.wtatennis.com/resources/v7.42.8/i/elements/flags/aus.svg,SF,W,"6-2, 6-1",https://www.wtatennis.com/players/322082/daria-kasatkina,False,False,False,False,False,False,False,2,True,15,12,3,1,AU,AUS,036,009,Oceania,Australasia,AUS,"6,2,None|6,1,None",,
3,Roland Garros,https://photoresources.wtatennis.com/photo-resources/2026/04/16/0893d8be-5450-4e36-a144-cdd958c1b484/WTA-Tournament_Roland-Garros.png?height=128,https://www.wtatennis.com/tournaments/903/roland-garros/2022,Grand Slam,Clay,https://www.wtatennis.com/resources/v7.42.8/i/elements/gs-tag.svg,2022-05-22,2022-06-05,2022,5,Paris,USA,,FR,FRA,250,150,United States of America|America|USA|US,Europe,Western Europe,FRA,11.0,2000.0,2326586.0,128M/128Q/64D,Roland Garros,,124,7,17.714285714285715,15,2.142857142857143,Jessica Pegula,11.0,https://www.wtatennis.com/resources/v7.42.8/i/elements/flags/usa.svg,QF,W,"6-3, 6-2",https://www.wtatennis.com/players/316956/jessica-pegula,False,False,False,False,False,False,False,2,True,17,12,5,1,US,USA,840,019,America,Northern America,USA,"6,3,None|6,2,None",,
4,Roland Garros,https://photoresources.wtatennis.com/photo-resources/2026/04/16/0893d8be-5450-4e36-a144-cdd958c1b484/WTA-Tournament_Roland-Garros.png?height=128,https://www.wtatennis.com/tournaments/903/roland-garros/2022,Grand Slam,Clay,https://www.wtatennis.com/resources/v7.42.8/i/elements/gs-tag.svg,2022-05-22,2022-06-05,2022,5,Paris,CHN,,FR,FRA,250,150,,Europe,Western Europe,FRA,74.0,2000.0,2326586.0,128M/128Q/64D,Roland Garros,,124,7,17.714285714285715,15,2.142857142857143,Qinwen Zheng,,https://www.wtatennis.com/resources/v7.42.8/i/elements/flags/chn.svg,R16,W,"6-7 (5), 6-0, 6-2",https://www.wtatennis.com/players/328120/qinwen-zheng,False,False,False,True,False,False,True,3,False,27,18,9,1,CN,CHN,156,142,Asia,East Asia,CHN,"6,7,5|6,0,None|6,2,None",,
5,Roland Garros,https://photoresources.wtatennis.com/photo-resources/2026/04/16/0893d8be-5450-4e36-a144-cdd958c1b484/WTA-Tournament_Roland-Garros.png?height=128,https://www.wtatennis.com/tournaments/903/roland-garros/2022,Grand Slam,Clay,https://www.wtatennis.com/resources/v7.42.8/i/elements/gs-tag.svg,2022-05-22,2022-06-05,2022,5,Paris,MNE,,FR,FRA,250,150,,Europe,Western Europe,FRA,95.0,2000.0,2326586.0,128M/128Q/64D,Roland Garros,,124,7,17.714285714285715,15,2.142857142857143,Danka Kovinic,,https://www.wtatennis.com/resources/v7.42.8/i/elements/flags/mne.svg,R32,W,"6-3, 7-5",https://www.wtatennis.com/players/317684/danka-kovinic,False,False,False,False,False,False,False,2,True,21,13,8,1,ME,MNE,499,150,Europe,Southeastern Europe,MNE,"6,3,None|7,5,None",,
6,Roland Garros,https://photoresources.wtatennis.com/photo-resources/2026/04/16/0893d8be-5450-4e36-a144-cdd958c1b484/WTA-Tournament_Roland-Garros.png?height=128,https://www.wtatennis.com/tournaments/903/roland-garros/2022,Grand Slam,Clay,https://www.wtatennis.com/resources/v7.42.8/i/elements/gs-tag.svg,2022-05-22,2022-06-05,2022,5,Paris,USA,,FR,FRA,250,150,United States of America|America|USA|US,Europe,Western Europe,FRA,43.0,2000.0,2326586.0,128M/128Q/64D,Roland Garros,,124,7,17.714285714285715,15,2.142857142857143,Alison Riske-Amritraj,,https://www.wtatennis.com/resources/v7.42.8/i/elements/flags/usa.svg,R64,W,"6-0, 6-2",https://www.wtatennis.com/players/312850/alison-riske-amritraj,False,False,False,False,False,False,False,2,True,14,12,2,1,US,USA,840,019,America,Northern America,USA,"6,0,None|6,2,None",,
7,Roland Garros,https://photoresources.wtatennis.com/photo-resources/2026/04/16/0893d8be-5450-4e36-a144-cdd958c1b484/WTA-Tournament_Roland-Garros.png?height=128,https://www.wtatennis.com/tournaments/903/roland-garros/2022,Grand Slam,Clay,https://www.wtatennis.com/resources/v7.42.8/i/elements/gs-tag.svg,2022-05-22,2022-06-05,2022,5,Paris,UKR,,FR,FRA,250,150,,Europe,Western Europe,FRA,119.0,2000.0,2326586.0,128M/128Q/64D,Roland Garros,,124,7,17.714285714285715,15,2.142857142857143,Lesia Tsurenko,,https://www.wtatennis.com/resources/v7.42.8/i/elements/flags/ukr.svg,R128,W,"6-2, 6-0",https://www.wtatennis.com/players/315295/lesia-tsurenko,False,False,False,False,False,False,False,2,True,14,12,2,1,UA,UKR,804,150,Europe,Eastern Europe,UKR,"6,2,None|6,0,None",,
1,Internazionali Bnl D'Italia,https://photoresources.wtatennis.com/photo-resources/2026/04/16/2c058ad8-b3d8-49a9-a863-85d7b87a6783/WTA-Tournament_Rome-2018.png?height=128,https://www.wtatennis.com/tournaments/709/rome/2022,WTA 1000,Clay,https://www.wtatennis.com/resources/v7.42.8/i/elements/1000k-tag.svg,2022-05-09,2022-05-15,2022,5,Rome,TUN,,IT,ITA,380,150,,Europe,Southern Europe,ITA,7.0,900.0,412000.0,64M/32Q/32D,Internazionali Bnl D'Italia,,82,5,16.4,10,2.0,Ons Jabeur,9.0,https://www.wtatennis.com/resources/v7.42.8/i/elements/flags/tun.svg,F,W,"6-2, 6-2",https://www.wtatennis.com/players/316847/ons-jabeur,False,False,False,False,False,False,False,2,True,16,12,4,1,TN,TUN,788,002,Africa,North Africa,TUN,"6,2,None|6,2,None",,
2,Internazionali Bnl D'Italia,https://photoresources.wtatennis.com/photo-resources/2026/04/16/2c058ad8-b3d8-49a9-a863-85d7b87a6783/WTA-Tournament_Rome-2018.png?height=128,https://www.wtatennis.com/tournaments/709/rome/2022,WTA 1000,Clay,https://www.wtatennis.com/resources/v7.42.8/i/elements/1000k-tag.svg,2022-05-09,2022-05-15,2022,5,Rome,BLR,,IT,ITA,380,150,,Europe,Southern Europe,ITA,8.0,900.0,412000.0,64M/32Q/32D,Internazionali Bnl D'Italia,,82,5,16.4,10,2.0,Aryna Sabalenka,3.0,https://www.wtatennis.com/resources/v7.42.8/i/elements/flags/blr.svg,SF,W,"6-2, 6-1",https://www.wtatennis.com/players/320760/aryna-sabalenka,False,False,False,False,False,False,False,2,True,15,12,3,1,BY,BLR,112,150,Europe,Eastern Europe,BLR,"6,2,None|6,1,None",,
3,Internazionali Bnl D'Italia,https://photoresources.wtatennis.com/photo-resources/2026/04/16/2c058ad8-b3d8-49a9-a863-85d7b87a6783/WTA-Tournament_Rome-2018.png?height=128,https://www.wtatennis.com/tournaments/709/rome/2022,WTA 1000,Clay,https://www.wtatennis.com/resources/v7.42.8/i/elements/1000k-tag.svg,2022-05-09,2022-05-15,2022,5,Rome,CAN,,IT,ITA,380,150,,Europe,Southern Europe,ITA,90.0,900.0,412000.0,64M/32Q/32D,Internazionali Bnl D'Italia,,82,5,16.4,10,2.0,Bianca Andreescu,,https://www.wtatennis.com/resources/v7.42.8/i/elements/flags/can.svg,QF,W,"7-6 (2), 6-0",https://www.wtatennis.com/players/325088/bianca-andreescu,False,False,False,True,False,False,True,2,True,19,13,6,1,CA,CAN,124,019,America,Northern America,CAN,"7,6,2|6,0,None",,
4,Internazionali Bnl D'Italia,https://photoresources.wtatennis.com/photo-resources/2026/04/16/2c058ad8-b3d8-49a9-a863-85d7b87a6783/WTA-Tournament_Rome-2018.png?height=128,https://www.wtatennis.com/tournaments/709/rome/2022,WTA 1000,Clay,https://www.wtatennis.com/resources/v7.42.8/i/elements/1000k-tag.svg,2022-05-09,2022-05-15,2022,5,Rome,BLR,,IT,ITA,380,150,,Europe,Southern Europe,ITA,16.0,900.0,412000.0,64M/32Q/32D,Internazionali Bnl D'Italia,,82,5,16.4,10,2.0,Victoria Azarenka,16.0,https://www.wtatennis.com/resources/v7.42.8/i/elements/flags/blr.svg,R16,W,"6-4, 6-1",https://www.wtatennis.com/players/312001/victoria-azarenka,False,False,False,False,False,False,False,2,True,17,12,5,1,BY,BLR,112,150,Europe,Eastern Europe,BLR,"6,4,None|6,1,None",,
5,Internazionali Bnl D'Italia,https://photoresources.wtatennis.com/photo-resources/2026/04/16/2c058ad8-b3d8-49a9-a863-85d7b87a6783/WTA-Tournament_Rome-2018.png?height=128,https://www.wtatennis.com/tournaments/709/rome/2022,WTA 1000,Clay,https://www.wtatennis.com/resources/v7.42.8/i/elements/1000k-tag.svg,2022-05-09,2022-05-15,2022,5,Rome,ROU,,IT,ITA,380,150,,Europe,Southern Europe,ITA,57.0,900.0,412000.0,64M/32Q/32D,Internazionali Bnl D'Italia,,82,5,16.4,10,2.0,Elena-Gabriela Ruse,,https://www.wtatennis.com/resources/v7.42.8/i/elements/flags/rou.svg,R32,W,"6-3, 6-0",https://www.wtatennis.com/players/320408/elena-gabriela-ruse,False,False,False,False,False,False,False,2,True,15,12,3,1,RO,ROU,642,150,Europe,Southeastern Europe,ROU,"6,3,None|6,0,None",,
6,Internazionali Bnl D'Italia,https://photoresources.wtatennis.com/photo-resources/2026/04/16/2c058ad8-b3d8-49a9-a863-85d7b87a6783/WTA-Tournament_Rome-2018.png?height=128,https://www.wtatennis.com/tournaments/709/rome/2022,WTA 1000,Clay,https://www.wtatennis.com/resources/v7.42.8/i/elements/1000k-tag.svg,2022-05-09,2022-05-15,2022,5,Rome,,,IT,ITA,380,150,,Europe,Southern Europe,ITA,,900.0,412000.0,64M/32Q/32D,Internazionali Bnl D'Italia,,82,5,16.4,10,2.0,,,,R64,,Bye,,False,False,True,False,False,False,False,0,False,0,0,0,0,,,,,,,,,,
1,Porsche Tennis Grand Prix,https://photoresources.wtatennis.com/photo-resources/2026/04/16/853dd66d-3c70-40ab-9215-4a22158de24a/WTA-Tournament_Stuttgart-2017.png?height=128,https://www.wtatennis.com/tournaments/1051/stuttgart/2022,WTA 500,Clay,https://www.wtatennis.com/resources/v7.42.8/i/elements/500k-tag.svg,2022-04-18,2022-04-24,2022,4,Stuttgart,BLR,,DE,DEU,276,150,,Europe,Central Europe,GER,4.0,470.0,93823.0,32M/16Q/16D,Porsche Tennis Grand Prix,,85,4,21.25,9,2.25,Aryna Sabalenka,3.0,https://www.wtatennis.com/resources/v7.42.8/i/elements/flags/blr.svg,F,W,"6-2, 6-2",https://www.wtatennis.com/players/320760/aryna-sabalenka,False,False,False,False,False,False,False,2,True,16,12,4,1,BY,BLR,112,150,Europe,Eastern Europe,BLR,"6,2,None|6,2,None",,
2,Porsche Tennis Grand Prix,https://photoresources.wtatennis.com/photo-resources/2026/04/16/853dd66d-3c70-40ab-9215-4a22158de24a/WTA-Tournament_Stuttgart-2017.png?height=128,https://www.wtatennis.com/tournaments/1051/stuttgart/2022,WTA 500,Clay,https://www.wtatennis.com/resources/v7.42.8/i/elements/500k-tag.svg,2022-04-18,2022-04-24,2022,4,Stuttgart,RUS,,DE,DEU,276,150,,Europe,Central Europe,GER,31.0,470.0,93823.0,32M/16Q/16D,Porsche Tennis Grand Prix,,85,4,21.25,9,2.25,Liudmila Samsonova,,https://www.wtatennis.com/resources/v7.42.8/i/elements/flags/rus.svg,SF,W,"6-7 (4), 6-4, 7-5",https://www.wtatennis.com/players/322222/liudmila-samsonova,False,False,False,True,False,False,True,3,False,35,19,16,1,RU,RUS,643,150,Europe,Eastern Europe,RUS,"6,7,4|6,4,None|7,5,None",,
3,Porsche Tennis Grand Prix,https://photoresources.wtatennis.com/photo-resources/2026/04/16/853dd66d-3c70-40ab-9215-4a22158de24a/WTA-Tournament_Stuttgart-2017.png?height=128,https://www.wtatennis.com/tournaments/1051/stuttgart/2022,WTA 500,Clay,https://www.wtatennis.com/resources/v7.42.8/i/elements/500k-tag.svg,2022-04-18,2022-04-24,2022,4,Stuttgart,GBR,,DE,DEU,276,150,Britain|UK|Great Britain|United Kingdom,Europe,Central Europe,GER,12.0,470.0,93823.0,32M/16Q/16D,Porsche Tennis Grand Prix,,85,4,21.25,9,2.25,Emma Raducanu,8.0,https://www.wtatennis.com/resources/v7.42.8/i/elements/flags/gbr.svg,QF,W,"6-4, 6-4",https://www.wtatennis.com/players/328366/emma-raducanu,False,False,False,False,False,False,False,2,True,20,12,8,1,GB,GBR,826,150,Europe,Northern Europe,ENG,"6,4,None|6,4,None",,
4,Porsche Tennis Grand Prix,https://photoresources.wtatennis.com/photo-resources/2026/04/16/853dd66d-3c70-40ab-9215-4a22158de24a/WTA-Tournament_Stuttgart-2017.png?height=128,https://www.wtatennis.com/tournaments/1051/stuttgart/2022,WTA 500,Clay,https://www.wtatennis.com/resources/v7.42.8/i/elements/500k-tag.svg,2022-04-18,2022-04-24,2022,4,Stuttgart,GER,,DE,DEU,276,150,,Europe,Central Europe,GER,342.0,470.0,93823.0,32M/16Q/16D,Porsche Tennis Grand Prix,,85,4,21.25,9,2.25,Eva Lys,,https://www.wtatennis.com/resources/v7.42.8/i/elements/flags/ger.svg,R16,W,"6-1, 6-1",https://www.wtatennis.com/players/325826/eva-lys,False,False,False,False,False,False,False,2,True,14,12,2,1,DE,DEU,276,150,Europe,Central Europe,GER,"6,1,None|6,1,None",,
5,Porsche Tennis Grand Prix,https://photoresources.wtatennis.com/photo-resources/2026/04/16/853dd66d-3c70-40ab-9215-4a22158de24a/WTA-Tournament_Stuttgart-2017.png?height=128,https://www.wtatennis.com/tournaments/1051/stuttgart/2022,WTA 500,Clay,https://www.wtatennis.com/resources/v7.42.8/i/elements/500k-tag.svg,2022-04-18,2022-04-24,2022,4,Stuttgart,,,DE,DEU,276,150,,Europe,Central Europe,GER,,470.0,93823.0,32M/16Q/16D,Porsche Tennis Grand Prix,,85,4,21.25,9,2.25,,,,R32,,Bye,,False,False,True,False,False,False,False,0,False,0,0,0,0,,,,,,,,,,
1,Bjk Cup Qualifiers,https://www.wtatennis.com/resources/v7.42.8/i/elements/itf.png,,ITF,Hard,https://www.wtatennis.com/resources/v7.42.8/i/elements/itf.png,2022-04-15,2022-04-16,2022,4,Radom,ROU,,PL,POL,616,150,,Europe,Central Europe,POL,123.0,,,8M/0Q/2D,Bjk Cup Qualifiers,,25,2,12.5,4,2.0,Mihaela Buzarnescu,,https://www.wtatennis.com/resources/v7.42.8/i/elements/flags/rou.svg,QF,W,"6-1, 6-0",https://www.wtatennis.com/players/312268/mihaela-buzarnescu,False,False,False,False,False,False,False,2,True,13,12,1,1,RO,ROU,642,150,Europe,Southeastern Europe,ROU,"6,1,None|6,0,None",,
2,Bjk Cup Qualifiers,https://www.wtatennis.com/resources/v7.42.8/i/elements/itf.png,,ITF,Hard,https://www.wtatennis.com/resources/v7.42.8/i/elements/itf.png,2022-04-15,2022-04-16,2022,4,Radom,ROU,,PL,POL,616,150,,Europe,Central Europe,POL,324.0,,,8M/0Q/2D,Bjk Cup Qualifiers,,25,2,12.5,4,2.0,Andreea Prisacariu,,https://www.wtatennis.com/resources/v7.42.8/i/elements/flags/rou.svg,QF,W,"6-0, 6-0",https://www.wtatennis.com/players/323373/andreea-prisacariu,False,False,False,False,False,False,False,2,True,12,12,0,1,RO,ROU,642,150,Europe,Southeastern Europe,ROU,"6,0,None|6,0,None",,
1,Miami Open Presented By Itaú,https://photoresources.wtatennis.com/photo-resources/2026/04/16/e0f2d5a2-cc05-4b2a-8377-f57edf6eaaa2/WTA-Tournament_Miami-2024.png?height=128,https://www.wtatennis.com/tournaments/902/miami/2022,WTA 1000,Hard,https://www.wtatennis.com/resources/v7.42.8/i/elements/1000k-tag.svg,2022-03-22,2022-04-03,2022,3,Miami,JPN,FL,US,USA,840,019,,America,Northern America,USA,77.0,1000.0,1231245.0,96M/48Q/32D,Miami Open Presented By Itaú,,99,6,16.5,12,2.0,Naomi Osaka,,https://www.wtatennis.com/resources/v7.42.8/i/elements/flags/jpn.svg,F,W,"6-4, 6-0",https://www.wtatennis.com/players/319998/naomi-osaka,False,False,False,False,False,False,False,2,True,16,12,4,1,JP,JPN,392,142,Asia,East Asia,JPN,"6,4,None|6,0,None",,
2,Miami Open Presented By Itaú,https://photoresources.wtatennis.com/photo-resources/2026/04/16/e0f2d5a2-cc05-4b2a-8377-f57edf6eaaa2/WTA-Tournament_Miami-2024.png?height=128,https://www.wtatennis.com/tournaments/902/miami/2022,WTA 1000,Hard,https://www.wtatennis.com/resources/v7.42.8/i/elements/1000k-tag.svg,2022-03-22,2022-04-03,2022,3,Miami,USA,FL,US,USA,840,019,United States of America|America|USA|US,America,Northern America,USA,21.0,1000.0,1231245.0,96M/48Q/32D,Miami Open Presented By Itaú,,99,6,16.5,12,2.0,Jessica Pegula,16.0,https://www.wtatennis.com/resources/v7.42.8/i/elements/flags/usa.svg,SF,W,"6-2, 7-5",https://www.wtatennis.com/players/316956/jessica-pegula,False,False,False,False,False,False,False,2,True,20,13,7,1,US,USA,840,019,America,Northern America,USA,"6,2,None|7,5,None",,
3,Miami Open Presented By Itaú,https://photoresources.wtatennis.com/photo-resources/2026/04/16/e0f2d5a2-cc05-4b2a-8377-f57edf6eaaa2/WTA-Tournament_Miami-2024.png?height=128,https://www.wtatennis.com/tournaments/902/miami/2022,WTA 1000,Hard,https://www.wtatennis.com/resources/v7.42.8/i/elements/1000k-tag.svg,2022-03-22,2022-04-03,2022,3,Miami,CZE,FL,US,USA,840,019,,America,Northern America,USA,32.0,1000.0,1231245.0,96M/48Q/32D,Miami Open Presented By Itaú,,99,6,16.5,12,2.0,Petra Kvitova,28.0,https://www.wtatennis.com/resources/v7.42.8/i/elements/flags/cze.svg,QF,W,"6-3, 6-3",https://www.wtatennis.com/players/314206/petra-kvitova,False,False,False,False,False,False,False,2,True,18,12,6,1,CZ,CZE,203,150,Europe,Central Europe,CZE,"6,3,None|6,3,None",,
4,Miami Open Presented By Itaú,https://photoresources.wtatennis.com/photo-resources/2026/04/16/e0f2d5a2-cc05-4b2a-8377-f57edf6eaaa2/WTA-Tournament_Miami-2024.png?height=128,https://www.wtatennis.com/tournaments/902/miami/2022,WTA 1000,Hard,https://www.wtatennis.com/resources/v7.42.8/i/elements/1000k-tag.svg,2022-03-22,2022-04-03,2022,3,Miami,USA,FL,US,USA,840,019,United States of America|America|USA|US,America,Northern America,USA,17.0,1000.0,1231245.0,96M/48Q/32D,Miami Open Presented By Itaú,,99,6,16.5,12,2.0,Coco Gauff,14.0,https://www.wtatennis.com/resources/v7.42.8/i/elements/flags/usa.svg,R16,W,"6-3, 6-1",https://www.wtatennis.com/players/328560/coco-gauff,False,False,False,False,False,False,False,2,True,16,12,4,1,US,USA,840,019,America,Northern America,USA,"6,3,None|6,1,None",,
5,Miami Open Presented By Itaú,https://photoresources.wtatennis.com/photo-resources/2026/04/16/e0f2d5a2-cc05-4b2a-8377-f57edf6eaaa2/WTA-Tournament_Miami-2024.png?height=128,https://www.wtatennis.com/tournaments/902/miami/2022,WTA 1000,Hard,https://www.wtatennis.com/resources/v7.42.8/i/elements/1000k-tag.svg,2022-03-22,2022-04-03,2022,3,Miami,USA,FL,US,USA,840,019,United States of America|America|USA|US,America,Northern America,USA,59.0,1000.0,1231245.0,96M/48Q/32D,Miami Open Presented By Itaú,,99,6,16.5,12,2.0,Madison Brengle,,https://www.wtatennis.com/resources/v7.42.8/i/elements/flags/usa.svg,R32,W,"6-0, 6-3",https://www.wtatennis.com/players/312328/madison-brengle,False,False,False,False,False,False,False,2,True,15,12,3,1,US,USA,840,019,America,Northern America,USA,"6,0,None|6,3,None",,
6,Miami Open Presented By Itaú,https://photoresources.wtatennis.com/photo-resources/2026/04/16/e0f2d5a2-cc05-4b2a-8377-f57edf6eaaa2/WTA-Tournament_Miami-2024.png?height=128,https://www.wtatennis.com/tournaments/902/miami/2022,WTA 1000,Hard,https://www.wtatennis.com/resources/v7.42.8/i/elements/1000k-tag.svg,2022-03-22,2022-04-03,2022,3,Miami,SUI,FL,US,USA,840,019,,America,Northern America,USA,42.0,1000.0,1231245.0,96M/48Q/32D,Miami Open Presented By Itaú,,99,6,16.5,12,2.0,Viktorija Golubic,,https://www.wtatennis.com/resources/v7.42.8/i/elements/flags/sui.svg,R64,W,"6-2, 6-0",https://www.wtatennis.com/players/316296/viktorija-golubic,False,False,False,False,False,False,False,2,True,14,12,2,1,CH,CHE,756,150,Europe,Central Europe,SUI,"6,2,None|6,0,None",,
7,Miami Open Presented By Itaú,https://photoresources.wtatennis.com/photo-resources/2026/04/16/e0f2d5a2-cc05-4b2a-8377-f57edf6eaaa2/WTA-Tournament_Miami-2024.png?height=128,https://www.wtatennis.com/tournaments/902/miami/2022,WTA 1000,Hard,https://www.wtatennis.com/resources/v7.42.8/i/elements/1000k-tag.svg,2022-03-22,2022-04-03,2022,3,Miami,,FL,US,USA,840,019,,America,Northern America,USA,,1000.0,1231245.0,96M/48Q/32D,Miami Open Presented By Itaú,,99,6,16.5,12,2.0,,,,R128,,Bye,,False,False,True,False,False,False,False,0,False,0,0,0,0,,,,,,,,,,
1,Bnp Paribas Open,https://photoresources.wtatennis.com/photo-resources/2026/04/16/a1736320-dd92-4829-8aa8-846c2edef410/WTA-Tournament_Indian-Wells-2017.png?height=128,https://www.wtatennis.com/tournaments/609/indian-wells/2022,WTA 1000,Hard,https://www.wtatennis.com/resources/v7.42.8/i/elements/1000k-tag.svg,2022-03-09,2022-03-20,2022,3,Indian Wells,GRE,CA,US,USA,840,019,,America,Northern America,USA,6.0,1000.0,1231245.0,96M/48Q/32D,Bnp Paribas Open,,133,6,22.166666666666668,15,2.5,Maria Sakkari,6.0,https://www.wtatennis.com/resources/v7.42.8/i/elements/flags/gre.svg,F,W,"6-4, 6-1",https://www.wtatennis.com/players/318312/maria-sakkari,False,False,False,False,False,False,False,2,True,17,12,5,1,GR,GRC,300,150,Europe,Southeastern Europe,GRE,"6,4,None|6,1,None",,
2,Bnp Paribas Open,https://photoresources.wtatennis.com/photo-resources/2026/04/16/a1736320-dd92-4829-8aa8-846c2edef410/WTA-Tournament_Indian-Wells-2017.png?height=128,https://www.wtatennis.com/tournaments/609/indian-wells/2022,WTA 1000,Hard,https://www.wtatennis.com/resources/v7.42.8/i/elements/1000k-tag.svg,2022-03-09,2022-03-20,2022,3,Indian Wells,ROU,CA,US,USA,840,019,,America,Northern America,USA,26.0,1000.0,1231245.0,96M/48Q/32D,Bnp Paribas Open,,133,6,22.166666666666668,15,2.5,Simona Halep,24.0,https://www.wtatennis.com/resources/v7.42.8/i/elements/flags/rou.svg,SF,W,"7-6 (6), 6-4",https://www.wtatennis.com/players/314320/simona-halep,False,False,False,True,False,False,True,2,True,23,13,10,1,RO,ROU,642,150,Europe,Southeastern Europe,ROU,"7,6,6|6,4,None",,
3,Bnp Paribas Open,https://photoresources.wtatennis.com/photo-resources/2026/04/16/a1736320-dd92-4829-8aa8-846c2edef410/WTA-Tournament_Indian-Wells-2017.png?height=128,https://www.wtatennis.com/tournaments/609/indian-wells/2022,WTA 1000,Hard,https://www.wtatennis.com/resources/v7.42.8/i/elements/1000k-tag.svg,2022-03-09,2022-03-20,2022,3,Indian Wells,USA,CA,US,USA,840,019,United States of America|America|USA|US,America,Northern America,USA,29.0,1000.0,1231245.0,96M/48Q/32D,Bnp Paribas Open,,133,6,22.166666666666668,15,2.5,Madison Keys,25.0,https://www.wtatennis.com/resources/v7.42.8/i/elements/flags/usa.svg,QF,W,"6-1, 6-0",https://www.wtatennis.com/players/316959/madison-keys,False,False,False,False,False,False,False,2,True,13,12,1,1,US,USA,840,019,America,Northern America,USA,"6,1,None|6,0,None",,
4,Bnp Paribas Open,https://photoresources.wtatennis.com/photo-resources/2026/04/16/a1736320-dd92-4829-8aa8-846c2edef410/WTA-Tournament_Indian-Wells-2017.png?height=128,https://www.wtatennis.com/tournaments/609/indian-wells/2022,WTA 1000,Hard,https://www.wtatennis.com/resources/v7.42.8/i/elements/1000k-tag.svg,2022-03-09,2022-03-20,2022,3,Indian Wells,GER,CA,US,USA,840,019,,America,Northern America,USA,16.0,1000.0,1231245.0,96M/48Q/32D,Bnp Paribas Open,,133,6,22.166666666666668,15,2.5,Angelique Kerber,15.0,https://www.wtatennis.com/resources/v7.42.8/i/elements/flags/ger.svg,R16,W,"4-6, 6-2, 6-3",https://www.wtatennis.com/players/311470/angelique-kerber,False,False,False,False,False,False,False,3,False,27,16,11,1,DE,DEU,276,150,Europe,Central Europe,GER,"4,6,None|6,2,None|6,3,None",,
5,Bnp Paribas Open,https://photoresources.wtatennis.com/photo-resources/2026/04/16/a1736320-dd92-4829-8aa8-846c2edef410/WTA-Tournament_Indian-Wells-2017.png?height=128,https://www.wtatennis.com/tournaments/609/indian-wells/2022,WTA 1000,Hard,https://www.wtatennis.com/resources/v7.42.8/i/elements/1000k-tag.svg,2022-03-09,2022-03-20,2022,3,Indian Wells,DEN,CA,US,USA,840,019,,America,Northern America,USA,40.0,1000.0,1231245.0,96M/48Q/32D,Bnp Paribas Open,,133,6,22.166666666666668,15,2.5,Clara Tauson,29.0,https://www.wtatennis.com/resources/v7.42.8/i/elements/flags/den.svg,R32,W,"6-7 (3), 6-2, 6-1",https://www.wtatennis.com/players/327793/clara-tauson,False,False,False,True,False,False,True,3,False,28,18,10,1,DK,DNK,208,150,Europe,Northern Europe,DEN,"6,7,3|6,2,None|6,1,None",,
6,Bnp Paribas Open,https://photoresources.wtatennis.com/photo-resources/2026/04/16/a1736320-dd92-4829-8aa8-846c2edef410/WTA-Tournament_Indian-Wells-2017.png?height=128,https://www.wtatennis.com/tournaments/609/indian-wells/2022,WTA 1000,Hard,https://www.wtatennis.com/resources/v7.42.8/i/elements/1000k-tag.svg,2022-03-09,2022-03-20,2022,3,Indian Wells,UKR,CA,US,USA,840,019,,America,Northern America,USA,50.0,1000.0,1231245.0,96M/48Q/32D,Bnp Paribas Open,,133,6,22.166666666666668,15,2.5,Anhelina Kalinina,,https://www.wtatennis.com/resources/v7.42.8/i/elements/flags/ukr.svg,R64,W,"5-7, 6-0, 6-1",https://www.wtatennis.com/players/320567/anhelina-kalinina,False,False,False,False,False,False,False,3,False,25,17,8,1,UA,UKR,804,150,Europe,Eastern Europe,UKR,"5,7,None|6,0,None|6,1,None",,
7,Bnp Paribas Open,https://photoresources.wtatennis.com/photo-resources/2026/04/16/a1736320-dd92-4829-8aa8-846c2edef410/WTA-Tournament_Indian-Wells-2017.png?height=128,https://www.wtatennis.com/tournaments/609/indian-wells/2022,WTA 1000,Hard,https://www.wtatennis.com/resources/v7.42.8/i/elements/1000k-tag.svg,2022-03-09,2022-03-20,2022,3,Indian Wells,,CA,US,USA,840,019,,America,Northern America,USA,,1000.0,1231245.0,96M/48Q/32D,Bnp Paribas Open,,133,6,22.166666666666668,15,2.5,,,,R128,,Bye,,False,False,True,False,False,False,False,0,False,0,0,0,0,,,,,,,,,,
1,Qatar Totalenergies Open,https://photoresources.wtatennis.com/photo-resources/2026/04/16/c44d1d24-32ae-4ebe-b5e8-bd228bfb4fc8/1003_Doha_2026.png?height=128,https://www.wtatennis.com/tournaments/1003/doha/2022,WTA 1000,Hard,https://www.wtatennis.com/resources/v7.42.8/i/elements/1000k-tag.svg,2022-02-20,2022-02-26,2022,2,Doha,EST,,QA,QAT,634,142,,Asia,Western Asia,QAT,7.0,900.0,380000.0,64M/32Q/32D,Qatar Totalenergies Open,,90,5,18.0,11,2.2,Anett Kontaveit,4.0,https://www.wtatennis.com/resources/v7.42.8/i/elements/flags/est.svg,F,W,"6-2, 6-0",https://www.wtatennis.com/players/318425/anett-kontaveit,False,False,False,False,False,False,False,2,True,14,12,2,1,EE,EST,233,150,Europe,Northern Europe,EST,"6,2,None|6,0,None",,
2,Qatar Totalenergies Open,https://photoresources.wtatennis.com/photo-resources/2026/04/16/c44d1d24-32ae-4ebe-b5e8-bd228bfb4fc8/1003_Doha_2026.png?height=128,https://www.wtatennis.com/tournaments/1003/doha/2022,WTA 1000,Hard,https://www.wtatennis.com/resources/v7.42.8/i/elements/1000k-tag.svg,2022-02-20,2022-02-26,2022,2,Doha,GRE,,QA,QAT,634,142,,Asia,Western Asia,QAT,6.0,900.0,380000.0,64M/32Q/32D,Qatar Totalenergies Open,,90,5,18.0,11,2.2,Maria Sakkari,6.0,https://www.wtatennis.com/resources/v7.42.8/i/elements/flags/gre.svg,SF,W,"6-4, 6-3",https://www.wtatennis.com/players/318312/maria-sakkari,False,False,False,False,False,False,False,2,True,19,12,7,1,GR,GRC,300,150,Europe,Southeastern Europe,GRE,"6,4,None|6,3,None",,
3,Qatar Totalenergies Open,https://photoresources.wtatennis.com/photo-resources/2026/04/16/c44d1d24-32ae-4ebe-b5e8-bd228bfb4fc8/1003_Doha_2026.png?height=128,https://www.wtatennis.com/tournaments/1003/doha/2022,WTA 1000,Hard,https://www.wtatennis.com/resources/v7.42.8/i/elements/1000k-tag.svg,2022-02-20,2022-02-26,2022,2,Doha,BLR,,QA,QAT,634,142,,Asia,Western Asia,QAT,2.0,900.0,380000.0,64M/32Q/32D,Qatar Totalenergies Open,,90,5,18.0,11,2.2,Aryna Sabalenka,1.0,https://www.wtatennis.com/resources/v7.42.8/i/elements/flags/blr.svg,QF,W,"6-2, 6-3",https://www.wtatennis.com/players/320760/aryna-sabalenka,False,False,False,False,False,False,False,2,True,17,12,5,1,BY,BLR,112,150,Europe,Eastern Europe,BLR,"6,2,None|6,3,None",,
4,Qatar Totalenergies Open,https://photoresources.wtatennis.com/photo-resources/2026/04/16/c44d1d24-32ae-4ebe-b5e8-bd228bfb4fc8/1003_Doha_2026.png?height=128,https://www.wtatennis.com/tournaments/1003/doha/2022,WTA 1000,Hard,https://www.wtatennis.com/resources/v7.42.8/i/elements/1000k-tag.svg,2022-02-20,2022-02-26,2022,2,Doha,AUS,,QA,QAT,634,142,,Asia,Western Asia,QAT,28.0,900.0,380000.0,64M/32Q/32D,Qatar Totalenergies Open,,90,5,18.0,11,2.2,Daria Kasatkina,,https://www.wtatennis.com/resources/v7.42.8/i/elements/flags/aus.svg,R16,W,"6-3, 6-0",https://www.wtatennis.com/players/322082/daria-kasatkina,False,False,False,False,False,False,False,2,True,15,12,3,1,AU,AUS,036,009,Oceania,Australasia,AUS,"6,3,None|6,0,None",,
5,Qatar Totalenergies Open,https://photoresources.wtatennis.com/photo-resources/2026/04/16/c44d1d24-32ae-4ebe-b5e8-bd228bfb4fc8/1003_Doha_2026.png?height=128,https://www.wtatennis.com/tournaments/1003/doha/2022,WTA 1000,Hard,https://www.wtatennis.com/resources/v7.42.8/i/elements/1000k-tag.svg,2022-02-20,2022-02-26,2022,2,Doha,SUI,,QA,QAT,634,142,,Asia,Western Asia,QAT,36.0,900.0,380000.0,64M/32Q/32D,Qatar Totalenergies Open,,90,5,18.0,11,2.2,Viktorija Golubic,,https://www.wtatennis.com/resources/v7.42.8/i/elements/flags/sui.svg,R32,W,"6-2, 3-6, 6-2",https://www.wtatennis.com/players/316296/viktorija-golubic,False,False,False,False,False,False,False,3,True,25,15,10,1,CH,CHE,756,150,Europe,Central Europe,SUI,"6,2,None|3,6,None|6,2,None",,
6,Qatar Totalenergies Open,https://photoresources.wtatennis.com/photo-resources/2026/04/16/c44d1d24-32ae-4ebe-b5e8-bd228bfb4fc8/1003_Doha_2026.png?height=128,https://www.wtatennis.com/tournaments/1003/doha/2022,WTA 1000,Hard,https://www.wtatennis.com/resources/v7.42.8/i/elements/1000k-tag.svg,2022-02-20,2022-02-26,2022,2,Doha,,,QA,QAT,634,142,,Asia,Western Asia,QAT,,900.0,380000.0,64M/32Q/32D,Qatar Totalenergies Open,,90,5,18.0,11,2.2,,,,R64,,Bye,,False,False,True,False,False,False,False,0,False,0,0,0,0,,,,,,,,,,
1,Dubai Duty Free Tennis Championships,https://photoresources.wtatennis.com/photo-resources/2026/04/16/2aee9d91-0756-4a92-b0bb-09b8d0dd8d76/WTA-Tournament_Dubai-2017.png?height=128,https://www.wtatennis.com/tournaments/718/dubai/2022,WTA 500,Hard,https://www.wtatennis.com/resources/v7.42.8/i/elements/500k-tag.svg,2022-02-14,2022-02-19,2022,2,Dubai,LAT,,AE,ARE,784,142,,Asia,Western Asia,UAE,21.0,55.0,9500.0,32M/48Q/16D,Dubai Duty Free Tennis Championships,,45,2,22.5,5,2.5,Jelena Ostapenko,,https://www.wtatennis.com/resources/v7.42.8/i/elements/flags/lat.svg,R16,L,"6-4, 1-6, 6-7 (4)",https://www.wtatennis.com/players/319939/jelena-ostapenko,False,False,False,False,False,True,True,3,True,30,13,17,0,,,,,,,LAT,"6,4,None|1,6,None|6,7,4",,
2,Dubai Duty Free Tennis Championships,https://photoresources.wtatennis.com/photo-resources/2026/04/16/2aee9d91-0756-4a92-b0bb-09b8d0dd8d76/WTA-Tournament_Dubai-2017.png?height=128,https://www.wtatennis.com/tournaments/718/dubai/2022,WTA 500,Hard,https://www.wtatennis.com/resources/v7.42.8/i/elements/500k-tag.svg,2022-02-14,2022-02-19,2022,2,Dubai,AUS,,AE,ARE,784,142,,Asia,Western Asia,UAE,28.0,55.0,9500.0,32M/48Q/16D,Dubai Duty Free Tennis Championships,,45,2,22.5,5,2.5,Daria Kasatkina,,https://www.wtatennis.com/resources/v7.42.8/i/elements/flags/aus.svg,R32,W,"6-1, 6-2",https://www.wtatennis.com/players/322082/daria-kasatkina,False,False,False,False,False,False,False,2,True,15,12,3,1,AU,AUS,036,009,Oceania,Australasia,AUS,"6,1,None|6,2,None",,
1,Australian Open,https://photoresources.wtatennis.com/photo-resources/2026/04/16/6b041ce4-8b08-4fff-be75-89d1c452c157/WTA-Tournament_Australian-Open.png?height=128,https://www.wtatennis.com/tournaments/901/australian-open/2022,Grand Slam,Hard,https://www.wtatennis.com/resources/v7.42.8/i/elements/gs-tag.svg,2022-01-17,2022-01-30,2022,1,Melbourne,USA,,AU,AUS,036,009,United States of America|America|USA|US,Oceania,Australasia,AUS,30.0,780.0,673420.0,128M/128Q/64D,Australian Open,,127,6,21.166666666666668,14,2.3333333333333335,Danielle Collins,27.0,https://www.wtatennis.com/resources/v7.42.8/i/elements/flags/usa.svg,SF,L,"4-6, 1-6",https://www.wtatennis.com/players/316925/danielle-collins,False,False,False,False,False,False,False,2,False,17,5,12,0,US,USA,840,019,America,Northern America,USA,"4,6,None|1,6,None",,
2,Australian Open,https://photoresources.wtatennis.com/photo-resources/2026/04/16/6b041ce4-8b08-4fff-be75-89d1c452c157/WTA-Tournament_Australian-Open.png?height=128,https://www.wtatennis.com/tournaments/901/australian-open/2022,Grand Slam,Hard,https://www.wtatennis.com/resources/v7.42.8/i/elements/gs-tag.svg,2022-01-17,2022-01-30,2022,1,Melbourne,EST,,AU,AUS,036,009,,Oceania,Australasia,AUS,115.0,780.0,673420.0,128M/128Q/64D,Australian Open,,127,6,21.166666666666668,14,2.3333333333333335,Kaia Kanepi,,https://www.wtatennis.com/resources/v7.42.8/i/elements/flags/est.svg,QF,W,"4-6, 7-6 (2), 6-3",https://www.wtatennis.com/players/110536/kaia-kanepi,False,False,False,False,True,False,True,3,False,32,17,15,1,EE,EST,233,150,Europe,Northern Europe,EST,"4,6,None|7,6,2|6,3,None",,
3,Australian Open,https://photoresources.wtatennis.com/photo-resources/2026/04/16/6b041ce4-8b08-4fff-be75-89d1c452c157/WTA-Tournament_Australian-Open.png?height=128,https://www.wtatennis.com/tournaments/901/australian-open/2022,Grand Slam,Hard,https://www.wtatennis.com/resources/v7.42.8/i/elements/gs-tag.svg,2022-01-17,2022-01-30,2022,1,Melbourne,ROU,,AU,AUS,036,009,,Oceania,Australasia,AUS,38.0,780.0,673420.0,128M/128Q/64D,Australian Open,,127,6,21.166666666666668,14,2.3333333333333335,Sorana Cirstea,,https://www.wtatennis.com/resources/v7.42.8/i/elements/flags/rou.svg,R16,W,"5-7, 6-3, 6-3",https://www.wtatennis.com/players/312469/sorana-cirstea,False,False,False,False,False,False,False,3,False,30,17,13,1,RO,ROU,642,150,Europe,Southeastern Europe,ROU,"5,7,None|6,3,None|6,3,None",,
4,Australian Open,https://photoresources.wtatennis.com/photo-resources/2026/04/16/6b041ce4-8b08-4fff-be75-89d1c452c157/WTA-Tournament_Australian-Open.png?height=128,https://www.wtatennis.com/tournaments/901/australian-open/2022,Grand Slam,Hard,https://www.wtatennis.com/resources/v7.42.8/i/elements/gs-tag.svg,2022-01-17,2022-01-30,2022,1,Melbourne,AUS,,AU,AUS,036,009,,Oceania,Australasia,AUS,23.0,780.0,673420.0,128M/128Q/64D,Australian Open,,127,6,21.166666666666668,14,2.3333333333333335,Daria Kasatkina,25.0,https://www.wtatennis.com/resources/v7.42.8/i/elements/flags/aus.svg,R32,W,"6-2, 6-3",https://www.wtatennis.com/players/322082/daria-kasatkina,False,False,False,False,False,False,False,2,True,17,12,5,1,AU,AUS,036,009,Oceania,Australasia,AUS,"6,2,None|6,3,None",,
5,Australian Open,https://photoresources.wtatennis.com/photo-resources/2026/04/16/6b041ce4-8b08-4fff-be75-89d1c452c157/WTA-Tournament_Australian-Open.png?height=128,https://www.wtatennis.com/tournaments/901/australian-open/2022,Grand Slam,Hard,https://www.wtatennis.com/resources/v7.42.8/i/elements/gs-tag.svg,2022-01-17,2022-01-30,2022,1,Melbourne,SWE,,AU,AUS,036,009,,Oceania,Australasia,AUS,82.0,780.0,673420.0,128M/128Q/64D,Australian Open,,127,6,21.166666666666668,14,2.3333333333333335,Rebecca Peterson,,https://www.wtatennis.com/resources/v7.42.8/i/elements/flags/swe.svg,R64,W,"6-2, 6-2",https://www.wtatennis.com/players/317771/rebecca-peterson,False,False,False,False,False,False,False,2,True,16,12,4,1,SE,SWE,752,150,Europe,Northern Europe,SWE,"6,2,None|6,2,None",,
6,Australian Open,https://photoresources.wtatennis.com/photo-resources/2026/04/16/6b041ce4-8b08-4fff-be75-89d1c452c157/WTA-Tournament_Australian-Open.png?height=128,https://www.wtatennis.com/tournaments/901/australian-open/2022,Grand Slam,Hard,https://www.wtatennis.com/resources/v7.42.8/i/elements/gs-tag.svg,2022-01-17,2022-01-30,2022,1,Melbourne,GBR,,AU,AUS,036,009,Britain|UK|Great Britain|United Kingdom,Oceania,Australasia,AUS,123.0,780.0,673420.0,128M/128Q/64D,Australian Open,,127,6,21.166666666666668,14,2.3333333333333335,Harriet Dart,,https://www.wtatennis.com/resources/v7.42.8/i/elements/flags/gbr.svg,R128,W,"6-3, 6-0",https://www.wtatennis.com/players/319489/harriet-dart,False,False,False,False,False,False,False,2,True,15,12,3,1,GB,GBR,826,150,Europe,Northern Europe,ENG,"6,3,None|6,0,None",,
1,Adelaide International 1,,https://www.wtatennis.com/tournaments/2014/adelaide/2022,WTA 500,Hard,https://www.wtatennis.com/resources/v7.42.8/i/elements/500k-tag.svg,2022-01-03,2022-01-09,2022,1,Adelaide,AUS,,AU,AUS,036,009,,Oceania,Australasia,AUS,1.0,185.0,39000.0,32M/24Q/16D,Adelaide International 1,,75,4,18.75,9,2.25,Ashleigh Barty,1.0,https://www.wtatennis.com/resources/v7.42.8/i/elements/flags/aus.svg,SF,L,"2-6, 4-6",https://www.wtatennis.com/players/318033/ashleigh-barty,False,False,False,False,False,False,False,2,False,18,6,12,0,AU,AUS,036,009,Oceania,Australasia,AUS,"2,6,None|4,6,None",,
2,Adelaide International 1,,https://www.wtatennis.com/tournaments/2014/adelaide/2022,WTA 500,Hard,https://www.wtatennis.com/resources/v7.42.8/i/elements/500k-tag.svg,2022-01-03,2022-01-09,2022,1,Adelaide,BLR,,AU,AUS,036,009,,Oceania,Australasia,AUS,27.0,185.0,39000.0,32M/24Q/16D,Adelaide International 1,,75,4,18.75,9,2.25,Victoria Azarenka,,https://www.wtatennis.com/resources/v7.42.8/i/elements/flags/blr.svg,QF,W,"6-3, 2-6, 6-1",https://www.wtatennis.com/players/312001/victoria-azarenka,False,False,False,False,False,False,False,3,True,24,14,10,1,BY,BLR,112,150,Europe,Eastern Europe,BLR,"6,3,None|2,6,None|6,1,None",,
3,Adelaide International 1,,https://www.wtatennis.com/tournaments/2014/adelaide/2022,WTA 500,Hard,https://www.wtatennis.com/resources/v7.42.8/i/elements/500k-tag.svg,2022-01-03,2022-01-09,2022,1,Adelaide,CAN,,AU,AUS,036,009,,Oceania,Australasia,AUS,24.0,185.0,39000.0,32M/24Q/16D,Adelaide International 1,,75,4,18.75,9,2.25,Leylah Fernandez,,https://www.wtatennis.com/resources/v7.42.8/i/elements/flags/can.svg,R16,W,"6-1, 6-2",https://www.wtatennis.com/players/326735/leylah-fernandez,False,False,False,False,False,False,False,2,True,15,12,3,1,CA,CAN,124,019,America,Northern America,CAN,"6,1,None|6,2,None",,
4,Adelaide International 1,,https://www.wtatennis.com/tournaments/2014/adelaide/2022,WTA 500,Hard,https://www.wtatennis.com/resources/v7.42.8/i/elements/500k-tag.svg,2022-01-03,2022-01-09,2022,1,Adelaide,AUS,,AU,AUS,036,009,,Oceania,Australasia,AUS,421.0,185.0,39000.0,32M/24Q/16D,Adelaide International 1,,75,4,18.75,9,2.25,Daria Saville,,https://www.wtatennis.com/resources/v7.42.8/i/elements/flags/aus.svg,R32,W,"6-3, 6-3",https://www.wtatennis.com/players/315997/daria-saville,False,False,False,False,False,False,False,2,True,18,12,6,1,AU,AUS,036,009,Oceania,Australasia,AUS,"6,3,None|6,3,None",,
1,Akron Wta Finals Guadalajara,https://photoresources.wtatennis.com/photo-resources/2026/04/16/23556323-66a6-4f30-9a8b-9b1f26342c0c/WTA-finals.png?height=128,https://www.wtatennis.com/tournaments/808/wta-finals/2021,Finals,Hard,https://www.wtatennis.com/resources/v7.42.8/i/elements/finals-tag.svg,2021-11-10,2021-11-17,2021,11,Guadalajara,BLR,,MX,MEX,484,019,,America,Central America,MEX,2.0,,220000.0,9M/0Q/16D,Akron Wta Finals Guadalajara,,68,3,22.666666666666668,7,2.3333333333333335,Aryna Sabalenka,1.0,https://www.wtatennis.com/resources/v7.42.8/i/elements/flags/blr.svg,RR,L,"6-2, 2-6, 5-7",https://www.wtatennis.com/players/320760/aryna-sabalenka,False,False,False,False,False,False,False,3,True,28,13,15,0,BY,BLR,112,150,Europe,Eastern Europe,BLR,"6,2,None|2,6,None|5,7,None",,
2,Akron Wta Finals Guadalajara,https://photoresources.wtatennis.com/photo-resources/2026/04/16/23556323-66a6-4f30-9a8b-9b1f26342c0c/WTA-finals.png?height=128,https://www.wtatennis.com/tournaments/808/wta-finals/2021,Finals,Hard,https://www.wtatennis.com/resources/v7.42.8/i/elements/finals-tag.svg,2021-11-10,2021-11-17,2021,11,Guadalajara,GRE,,MX,MEX,484,019,,America,Central America,MEX,6.0,,220000.0,9M/0Q/16D,Akron Wta Finals Guadalajara,,68,3,22.666666666666668,7,2.3333333333333335,Maria Sakkari,4.0,https://www.wtatennis.com/resources/v7.42.8/i/elements/flags/gre.svg,RR,L,"2-6, 4-6",https://www.wtatennis.com/players/318312/maria-sakkari,False,False,False,False,False,False,False,2,False,18,6,12,0,GR,GRC,300,150,Europe,Southeastern Europe,GRE,"2,6,None|4,6,None",,
3,Akron Wta Finals Guadalajara,https://photoresources.wtatennis.com/photo-resources/2026/04/16/23556323-66a6-4f30-9a8b-9b1f26342c0c/WTA-finals.png?height=128,https://www.wtatennis.com/tournaments/808/wta-finals/2021,Finals,Hard,https://www.wtatennis.com/resources/v7.42.8/i/elements/finals-tag.svg,2021-11-10,2021-11-17,2021,11,Guadalajara,ESP,,MX,MEX,484,019,Kingdom of Spain,America,Central America,MEX,10.0,,220000.0,9M/0Q/16D,Akron Wta Finals Guadalajara,,68,3,22.666666666666668,7,2.3333333333333335,Paula Badosa,7.0,https://www.wtatennis.com/resources/v7.42.8/i/elements/flags/esp.svg,RR,W,"7-5, 6-4",https://www.wtatennis.com/players/320124/paula-badosa,False,False,False,False,False,False,False,2,True,22,13,9,1,ES,ESP,724,150,Europe,Southern Europe,ESP,"7,5,None|6,4,None",,
1,Bnp Paribas Open,https://photoresources.wtatennis.com/photo-resources/2026/04/16/a1736320-dd92-4829-8aa8-846c2edef410/WTA-Tournament_Indian-Wells-2017.png?height=128,https://www.wtatennis.com/tournaments/609/indian-wells/2021,WTA 1000,Hard,https://www.wtatennis.com/resources/v7.42.8/i/elements/1000k-tag.svg,2021-10-06,2021-10-17,2021,10,Indian Wells,LAT,CA,US,USA,840,019,,America,Northern America,USA,29.0,120.0,92000.0,128M/64Q/32D,Bnp Paribas Open,,48,3,16.0,6,2.0,Jelena Ostapenko,24.0,https://www.wtatennis.com/resources/v7.42.8/i/elements/flags/lat.svg,R16,L,"4-6, 3-6",https://www.wtatennis.com/players/319939/jelena-ostapenko,False,False,False,False,False,False,False,2,False,19,7,12,0,,,,,,,LAT,"4,6,None|3,6,None",,
2,Bnp Paribas Open,https://photoresources.wtatennis.com/photo-resources/2026/04/16/a1736320-dd92-4829-8aa8-846c2edef410/WTA-Tournament_Indian-Wells-2017.png?height=128,https://www.wtatennis.com/tournaments/609/indian-wells/2021,WTA 1000,Hard,https://www.wtatennis.com/resources/v7.42.8/i/elements/1000k-tag.svg,2021-10-06,2021-10-17,2021,10,Indian Wells,RUS,CA,US,USA,840,019,,America,Northern America,USA,31.0,120.0,92000.0,128M/64Q/32D,Bnp Paribas Open,,48,3,16.0,6,2.0,Veronika Kudermetova,25.0,https://www.wtatennis.com/resources/v7.42.8/i/elements/flags/rus.svg,R32,W,"6-1, 6-0",https://www.wtatennis.com/players/319526/veronika-kudermetova,False,False,False,False,False,False,False,2,True,13,12,1,1,RU,RUS,643,150,Europe,Eastern Europe,RUS,"6,1,None|6,0,None",,
3,Bnp Paribas Open,https://photoresources.wtatennis.com/photo-resources/2026/04/16/a1736320-dd92-4829-8aa8-846c2edef410/WTA-Tournament_Indian-Wells-2017.png?height=128,https://www.wtatennis.com/tournaments/609/indian-wells/2021,WTA 1000,Hard,https://www.wtatennis.com/resources/v7.42.8/i/elements/1000k-tag.svg,2021-10-06,2021-10-17,2021,10,Indian Wells,CRO,CA,US,USA,840,019,,America,Northern America,USA,45.0,120.0,92000.0,128M/64Q/32D,Bnp Paribas Open,,48,3,16.0,6,2.0,Petra Martic,,https://www.wtatennis.com/resources/v7.42.8/i/elements/flags/cro.svg,R64,W,"6-1, 6-3",https://www.wtatennis.com/players/313711/petra-martic,False,False,False,False,False,False,False,2,True,16,12,4,1,HR,HRV,191,150,Europe,Southeastern Europe,CRO,"6,1,None|6,3,None",,
4,Bnp Paribas Open,https://photoresources.wtatennis.com/photo-resources/2026/04/16/a1736320-dd92-4829-8aa8-846c2edef410/WTA-Tournament_Indian-Wells-2017.png?height=128,https://www.wtatennis.com/tournaments/609/indian-wells/2021,WTA 1000,Hard,https://www.wtatennis.com/resources/v7.42.8/i/elements/1000k-tag.svg,2021-10-06,2021-10-17,2021,10,Indian Wells,,CA,US,USA,840,019,,America,Northern America,USA,,120.0,92000.0,128M/64Q/32D,Bnp Paribas Open,,48,3,16.0,6,2.0,,,,R128,,Bye,,False,False,True,False,False,False,False,0,False,0,0,0,0,,,,,,,,,,
1,J&T Banka Ostrava Open 2021,,https://www.wtatennis.com/tournaments/2025/ostrava/2021,WTA 500,Hard,https://www.wtatennis.com/resources/v7.42.8/i/elements/500k-tag.svg,2021-09-20,2021-09-26,2021,9,Ostrava,GRE,,CZ,CZE,203,150,,Europe,Central Europe,CZE,12.0,185.0,32400.0,32M/32Q/16D,J&T Banka Ostrava Open 2021,,63,3,21.0,6,2.0,Maria Sakkari,4.0,https://www.wtatennis.com/resources/v7.42.8/i/elements/flags/gre.svg,SF,L,"4-6, 5-7",https://www.wtatennis.com/players/318312/maria-sakkari,False,False,False,False,False,False,False,2,False,22,9,13,0,GR,GRC,300,150,Europe,Southeastern Europe,GRE,"4,6,None|5,7,None",,
2,J&T Banka Ostrava Open 2021,,https://www.wtatennis.com/tournaments/2025/ostrava/2021,WTA 500,Hard,https://www.wtatennis.com/resources/v7.42.8/i/elements/500k-tag.svg,2021-09-20,2021-09-26,2021,9,Ostrava,KAZ,,CZ,CZE,203,150,,Europe,Central Europe,CZE,16.0,185.0,32400.0,32M/32Q/16D,J&T Banka Ostrava Open 2021,,63,3,21.0,6,2.0,Elena Rybakina,7.0,https://www.wtatennis.com/resources/v7.42.8/i/elements/flags/kaz.svg,QF,W,"7-6 (5), 6-2",https://www.wtatennis.com/players/324166/elena-rybakina,False,False,False,True,False,False,True,2,True,21,13,8,1,KZ,KAZ,398,142,Asia,Central Asia,KAZ,"7,6,5|6,2,None",,
3,J&T Banka Ostrava Open 2021,,https://www.wtatennis.com/tournaments/2025/ostrava/2021,WTA 500,Hard,https://www.wtatennis.com/resources/v7.42.8/i/elements/500k-tag.svg,2021-09-20,2021-09-26,2021,9,Ostrava,KAZ,,CZ,CZE,203,150,,Europe,Central Europe,CZE,49.0,185.0,32400.0,32M/32Q/16D,J&T Banka Ostrava Open 2021,,63,3,21.0,6,2.0,Yulia Putintseva,,https://www.wtatennis.com/resources/v7.42.8/i/elements/flags/kaz.svg,R16,W,"6-4, 6-4",https://www.wtatennis.com/players/317683/yulia-putintseva,False,False,False,False,False,False,False,2,True,20,12,8,1,KZ,KAZ,398,142,Asia,Central Asia,KAZ,"6,4,None|6,4,None",,
4,J&T Banka Ostrava Open 2021,,https://www.wtatennis.com/tournaments/2025/ostrava/2021,WTA 500,Hard,https://www.wtatennis.com/resources/v7.42.8/i/elements/500k-tag.svg,2021-09-20,2021-09-26,2021,9,Ostrava,,,CZ,CZE,203,150,,Europe,Central Europe,CZE,,185.0,32400.0,32M/32Q/16D,J&T Banka Ostrava Open 2021,,63,3,21.0,6,2.0,,,,R32,,Bye,,False,False,True,False,False,False,False,0,False,0,0,0,0,,,,,,,,,,
1,Us Open,https://photoresources.wtatennis.com/photo-resources/2026/04/16/8d0a3d41-7b45-434b-a75b-b7d2eb0922b4/WTA-Tournament_US-Open.png?height=128,https://www.wtatennis.com/tournaments/905/us-open/2021,Grand Slam,Hard,https://www.wtatennis.com/resources/v7.42.8/i/elements/gs-tag.svg,2021-08-30,2021-09-11,2021,8,New York,SUI,NY,US,USA,840,019,,America,Northern America,USA,12.0,240.0,265000.0,128M/128Q/64D,Us Open,,97,4,24.25,10,2.5,Belinda Bencic,11.0,https://www.wtatennis.com/resources/v7.42.8/i/elements/flags/sui.svg,R16,L,"6-7 (12), 3-6",https://www.wtatennis.com/players/319001/belinda-bencic,False,False,False,True,False,False,True,2,False,22,9,13,0,CH,CHE,756,150,Europe,Central Europe,SUI,"6,7,12|3,6,None",,
2,Us Open,https://photoresources.wtatennis.com/photo-resources/2026/04/16/8d0a3d41-7b45-434b-a75b-b7d2eb0922b4/WTA-Tournament_US-Open.png?height=128,https://www.wtatennis.com/tournaments/905/us-open/2021,Grand Slam,Hard,https://www.wtatennis.com/resources/v7.42.8/i/elements/gs-tag.svg,2021-08-30,2021-09-11,2021,8,New York,EST,NY,US,USA,840,019,,America,Northern America,USA,28.0,240.0,265000.0,128M/128Q/64D,Us Open,,97,4,24.25,10,2.5,Anett Kontaveit,28.0,https://www.wtatennis.com/resources/v7.42.8/i/elements/flags/est.svg,R32,W,"6-3, 4-6, 6-3",https://www.wtatennis.com/players/318425/anett-kontaveit,False,False,False,False,False,False,False,3,True,28,16,12,1,EE,EST,233,150,Europe,Northern Europe,EST,"6,3,None|4,6,None|6,3,None",,
3,Us Open,https://photoresources.wtatennis.com/photo-resources/2026/04/16/8d0a3d41-7b45-434b-a75b-b7d2eb0922b4/WTA-Tournament_US-Open.png?height=128,https://www.wtatennis.com/tournaments/905/us-open/2021,Grand Slam,Hard,https://www.wtatennis.com/resources/v7.42.8/i/elements/gs-tag.svg,2021-08-30,2021-09-11,2021,8,New York,FRA,NY,US,USA,840,019,,America,Northern America,USA,74.0,240.0,265000.0,128M/128Q/64D,Us Open,,97,4,24.25,10,2.5,Fiona Ferro,,https://www.wtatennis.com/resources/v7.42.8/i/elements/flags/fra.svg,R64,W,"3-6, 7-6 (3), 6-0",https://www.wtatennis.com/players/319969/fiona-ferro,False,False,False,False,True,False,True,3,False,28,16,12,1,FR,FRA,250,150,Europe,Western Europe,FRA,"3,6,None|7,6,3|6,0,None",,
4,Us Open,https://photoresources.wtatennis.com/photo-resources/2026/04/16/8d0a3d41-7b45-434b-a75b-b7d2eb0922b4/WTA-Tournament_US-Open.png?height=128,https://www.wtatennis.com/tournaments/905/us-open/2021,Grand Slam,Hard,https://www.wtatennis.com/resources/v7.42.8/i/elements/gs-tag.svg,2021-08-30,2021-09-11,2021,8,New York,USA,NY,US,USA,840,019,United States of America|America|USA|US,America,Northern America,USA,194.0,240.0,265000.0,128M/128Q/64D,Us Open,,97,4,24.25,10,2.5,Jamie Loeb,,https://www.wtatennis.com/resources/v7.42.8/i/elements/flags/usa.svg,R128,W,"6-3, 6-4",https://www.wtatennis.com/players/319411/jamie-loeb,False,False,False,False,False,False,False,2,True,19,12,7,1,US,USA,840,019,America,Northern America,USA,"6,3,None|6,4,None",,
1,Western & Southern Open,https://photoresources.wtatennis.com/photo-resources/2026/04/16/77288aaf-4c7f-4b8e-86f6-315c2ef872c5/WTA-Tournament_Cincinnati-2024.png?height=128,https://www.wtatennis.com/tournaments/1017/cincinnati/2021,WTA 1000,Hard,https://www.wtatennis.com/resources/v7.42.8/i/elements/1000k-tag.svg,2021-08-16,2021-08-22,2021,8,Cincinnati,TUN,OH,US,USA,840,019,,America,Northern America,USA,20.0,1.0,15330.0,64M/32Q/32D,Western & Southern Open,,18,1,18.0,2,2.0,Ons Jabeur,,https://www.wtatennis.com/resources/v7.42.8/i/elements/flags/tun.svg,R32,L,"3-6, 3-6",https://www.wtatennis.com/players/316847/ons-jabeur,False,False,False,False,False,False,False,2,False,18,6,12,0,TN,TUN,788,002,Africa,North Africa,TUN,"3,6,None|3,6,None",,
2,Western & Southern Open,https://photoresources.wtatennis.com/photo-resources/2026/04/16/77288aaf-4c7f-4b8e-86f6-315c2ef872c5/WTA-Tournament_Cincinnati-2024.png?height=128,https://www.wtatennis.com/tournaments/1017/cincinnati/2021,WTA 1000,Hard,https://www.wtatennis.com/resources/v7.42.8/i/elements/1000k-tag.svg,2021-08-16,2021-08-22,2021,8,Cincinnati,,OH,US,USA,840,019,,America,Northern America,USA,,1.0,15330.0,64M/32Q/32D,Western & Southern Open,,18,1,18.0,2,2.0,,,,R64,,Bye,,False,False,True,False,False,False,False,0,False,0,0,0,0,,,,,,,,,,
1,Olympics Tennis Event,,https://www.wtatennis.com/tournaments/650/olympics/2021,OLYMPICS,Hard,,2021-07-24,2021-08-01,2021,7,Tokyo,ESP,,JP,JPN,392,142,Kingdom of Spain,Asia,East Asia,JPN,29.0,,,64M/0Q/32D,Olympics Tennis Event,,38,2,19.0,4,2.0,Paula Badosa,,https://www.wtatennis.com/resources/v7.42.8/i/elements/flags/esp.svg,R32,L,"3-6, 6-7 (4)",https://www.wtatennis.com/players/320124/paula-badosa,False,False,False,False,True,False,True,2,False,22,9,13,0,ES,ESP,724,150,Europe,Southern Europe,ESP,"3,6,None|6,7,4",,
2,Olympics Tennis Event,,https://www.wtatennis.com/tournaments/650/olympics/2021,OLYMPICS,Hard,,2021-07-24,2021-08-01,2021,7,Tokyo,GER,,JP,JPN,392,142,,Asia,East Asia,JPN,212.0,,,64M/0Q/32D,Olympics Tennis Event,,38,2,19.0,4,2.0,Mona Barthel,,https://www.wtatennis.com/resources/v7.42.8/i/elements/flags/ger.svg,R64,W,"6-2, 6-2",https://www.wtatennis.com/players/315365/mona-barthel,False,False,False,False,False,False,False,2,True,16,12,4,1,DE,DEU,276,150,Europe,Central Europe,GER,"6,2,None|6,2,None",,
1,Wimbledon,https://photoresources.wtatennis.com/photo-resources/2026/04/16/d29814e6-6e80-4015-b680-9a7f3cb065c3/WTA-Tournament_Wimbledon.png?height=128,https://www.wtatennis.com/tournaments/904/wimbledon/2021,Grand Slam,Grass,https://www.wtatennis.com/resources/v7.42.8/i/elements/gs-tag.svg,2021-06-28,2021-07-10,2021,6,Wimbledon,TUN,,GB,GBR,826,150,,Europe,Northern Europe,ENG,24.0,240.0,245545.0,128M/128Q/64D,The Championships,,75,4,18.75,9,2.25,Ons Jabeur,21.0,https://www.wtatennis.com/resources/v7.42.8/i/elements/flags/tun.svg,R16,L,"7-5, 1-6, 1-6",https://www.wtatennis.com/players/316847/ons-jabeur,False,False,False,False,False,False,False,3,True,26,9,17,0,TN,TUN,788,002,Africa,North Africa,TUN,"7,5,None|1,6,None|1,6,None",,
2,Wimbledon,https://photoresources.wtatennis.com/photo-resources/2026/04/16/d29814e6-6e80-4015-b680-9a7f3cb065c3/WTA-Tournament_Wimbledon.png?height=128,https://www.wtatennis.com/tournaments/904/wimbledon/2021,Grand Slam,Grass,https://www.wtatennis.com/resources/v7.42.8/i/elements/gs-tag.svg,2021-06-28,2021-07-10,2021,6,Wimbledon,ROU,,GB,GBR,826,150,,Europe,Northern Europe,ENG,79.0,240.0,245545.0,128M/128Q/64D,The Championships,,75,4,18.75,9,2.25,Irina-Camelia Begu,,https://www.wtatennis.com/resources/v7.42.8/i/elements/flags/rou.svg,R32,W,"6-1, 6-0",https://www.wtatennis.com/players/313169/irina-camelia-begu,False,False,False,False,False,False,False,2,True,13,12,1,1,RO,ROU,642,150,Europe,Southeastern Europe,ROU,"6,1,None|6,0,None",,
3,Wimbledon,https://photoresources.wtatennis.com/photo-resources/2026/04/16/d29814e6-6e80-4015-b680-9a7f3cb065c3/WTA-Tournament_Wimbledon.png?height=128,https://www.wtatennis.com/tournaments/904/wimbledon/2021,Grand Slam,Grass,https://www.wtatennis.com/resources/v7.42.8/i/elements/gs-tag.svg,2021-06-28,2021-07-10,2021,6,Wimbledon,RUS,,GB,GBR,826,150,,Europe,Northern Europe,ENG,96.0,240.0,245545.0,128M/128Q/64D,The Championships,,75,4,18.75,9,2.25,Vera Zvonareva,,https://www.wtatennis.com/resources/v7.42.8/i/elements/flags/rus.svg,R64,W,"6-1, 6-3",https://www.wtatennis.com/players/260142/vera-zvonareva,False,False,False,False,False,False,False,2,True,16,12,4,1,RU,RUS,643,150,Europe,Eastern Europe,RUS,"6,1,None|6,3,None",,
4,Wimbledon,https://photoresources.wtatennis.com/photo-resources/2026/04/16/d29814e6-6e80-4015-b680-9a7f3cb065c3/WTA-Tournament_Wimbledon.png?height=128,https://www.wtatennis.com/tournaments/904/wimbledon/2021,Grand Slam,Grass,https://www.wtatennis.com/resources/v7.42.8/i/elements/gs-tag.svg,2021-06-28,2021-07-10,2021,6,Wimbledon,TPE,,GB,GBR,826,150,,Europe,Northern Europe,ENG,69.0,240.0,245545.0,128M/128Q/64D,The Championships,,75,4,18.75,9,2.25,Su-Wei Hsieh,,https://www.wtatennis.com/resources/v7.42.8/i/elements/flags/tpe.svg,R128,W,"6-4, 6-4",https://www.wtatennis.com/players/310053/su-wei-hsieh,False,False,False,False,False,False,False,2,True,20,12,8,1,,,,,,,TPE,"6,4,None|6,4,None",,
1,Viking International Eastbourne,,https://www.wtatennis.com/tournaments/710/eastbourne/2021,WTA 250,Grass,https://www.wtatennis.com/resources/v7.42.8/i/elements/250k-tag.svg,2021-06-21,2021-06-26,2021,6,Eastbourne,AUS,,,,,,,,,Great Britan,34.0,55.0,7425.0,32M/32Q/16D,Viking International Eastbourne,,57,2,28.5,6,3.0,Daria Kasatkina,,https://www.wtatennis.com/resources/v7.42.8/i/elements/flags/aus.svg,R16,L,"6-4, 0-6, 1-6",https://www.wtatennis.com/players/322082/daria-kasatkina,False,False,False,False,False,False,False,3,True,23,7,16,0,AU,AUS,036,009,Oceania,Australasia,AUS,"6,4,None|0,6,None|1,6,None",,
2,Viking International Eastbourne,,https://www.wtatennis.com/tournaments/710/eastbourne/2021,WTA 250,Grass,https://www.wtatennis.com/resources/v7.42.8/i/elements/250k-tag.svg,2021-06-21,2021-06-26,2021,6,Eastbourne,GBR,,,,,,Britain|UK|Great Britain|United Kingdom,,,Great Britan,65.0,55.0,7425.0,32M/32Q/16D,Viking International Eastbourne,,57,2,28.5,6,3.0,Heather Watson,,https://www.wtatennis.com/resources/v7.42.8/i/elements/flags/gbr.svg,R32,W,"6-3, 6-7 (4), 7-5",https://www.wtatennis.com/players/316981/heather-watson,False,False,False,False,True,False,True,3,True,34,19,15,1,GB,GBR,826,150,Europe,Northern Europe,ENG,"6,3,None|6,7,4|7,5,None",,
1,Roland Garros,https://photoresources.wtatennis.com/photo-resources/2026/04/16/0893d8be-5450-4e36-a144-cdd958c1b484/WTA-Tournament_Roland-Garros.png?height=128,https://www.wtatennis.com/tournaments/903/roland-garros/2021,Grand Slam,Clay,https://www.wtatennis.com/resources/v7.42.8/i/elements/gs-tag.svg,2021-05-30,2021-06-12,2021,5,Paris,GRE,,FR,FRA,250,150,,Europe,Western Europe,FRA,18.0,430.0,300912.0,128M/128Q/64D,Roland Garros,,90,5,18.0,10,2.0,Maria Sakkari,17.0,https://www.wtatennis.com/resources/v7.42.8/i/elements/flags/gre.svg,QF,L,"4-6, 4-6",https://www.wtatennis.com/players/318312/maria-sakkari,False,False,False,False,False,False,False,2,False,20,8,12,0,GR,GRC,300,150,Europe,Southeastern Europe,GRE,"4,6,None|4,6,None",,
2,Roland Garros,https://photoresources.wtatennis.com/photo-resources/2026/04/16/0893d8be-5450-4e36-a144-cdd958c1b484/WTA-Tournament_Roland-Garros.png?height=128,https://www.wtatennis.com/tournaments/903/roland-garros/2021,Grand Slam,Clay,https://www.wtatennis.com/resources/v7.42.8/i/elements/gs-tag.svg,2021-05-30,2021-06-12,2021,5,Paris,UKR,,FR,FRA,250,150,,Europe,Western Europe,FRA,81.0,430.0,300912.0,128M/128Q/64D,Roland Garros,,90,5,18.0,10,2.0,Marta Kostyuk,,https://www.wtatennis.com/resources/v7.42.8/i/elements/flags/ukr.svg,R16,W,"6-3, 6-4",https://www.wtatennis.com/players/326482/marta-kostyuk,False,False,False,False,False,False,False,2,True,19,12,7,1,UA,UKR,804,150,Europe,Eastern Europe,UKR,"6,3,None|6,4,None",,
3,Roland Garros,https://photoresources.wtatennis.com/photo-resources/2026/04/16/0893d8be-5450-4e36-a144-cdd958c1b484/WTA-Tournament_Roland-Garros.png?height=128,https://www.wtatennis.com/tournaments/903/roland-garros/2021,Grand Slam,Clay,https://www.wtatennis.com/resources/v7.42.8/i/elements/gs-tag.svg,2021-05-30,2021-06-12,2021,5,Paris,EST,,FR,FRA,250,150,,Europe,Western Europe,FRA,31.0,430.0,300912.0,128M/128Q/64D,Roland Garros,,90,5,18.0,10,2.0,Anett Kontaveit,30.0,https://www.wtatennis.com/resources/v7.42.8/i/elements/flags/est.svg,R32,W,"7-6 (4), 6-0",https://www.wtatennis.com/players/318425/anett-kontaveit,False,False,False,True,False,False,True,2,True,19,13,6,1,EE,EST,233,150,Europe,Northern Europe,EST,"7,6,4|6,0,None",,
4,Roland Garros,https://photoresources.wtatennis.com/photo-resources/2026/04/16/0893d8be-5450-4e36-a144-cdd958c1b484/WTA-Tournament_Roland-Garros.png?height=128,https://www.wtatennis.com/tournaments/903/roland-garros/2021,Grand Slam,Clay,https://www.wtatennis.com/resources/v7.42.8/i/elements/gs-tag.svg,2021-05-30,2021-06-12,2021,5,Paris,SWE,,FR,FRA,250,150,,Europe,Western Europe,FRA,60.0,430.0,300912.0,128M/128Q/64D,Roland Garros,,90,5,18.0,10,2.0,Rebecca Peterson,,https://www.wtatennis.com/resources/v7.42.8/i/elements/flags/swe.svg,R64,W,"6-1, 6-1",https://www.wtatennis.com/players/317771/rebecca-peterson,False,False,False,False,False,False,False,2,True,14,12,2,1,SE,SWE,752,150,Europe,Northern Europe,SWE,"6,1,None|6,1,None",,
5,Roland Garros,https://photoresources.wtatennis.com/photo-resources/2026/04/16/0893d8be-5450-4e36-a144-cdd958c1b484/WTA-Tournament_Roland-Garros.png?height=128,https://www.wtatennis.com/tournaments/903/roland-garros/2021,Grand Slam,Clay,https://www.wtatennis.com/resources/v7.42.8/i/elements/gs-tag.svg,2021-05-30,2021-06-12,2021,5,Paris,SLO,,FR,FRA,250,150,,Europe,Western Europe,FRA,101.0,430.0,300912.0,128M/128Q/64D,Roland Garros,,90,5,18.0,10,2.0,Kaja Juvan,,https://www.wtatennis.com/resources/v7.42.8/i/elements/flags/slo.svg,R128,W,"6-0, 7-5",https://www.wtatennis.com/players/324702/kaja-juvan,False,False,False,False,False,False,False,2,True,18,13,5,1,,,,,,,SLO,"6,0,None|7,5,None",,
1,Internazionali Bnl D'Italia,https://photoresources.wtatennis.com/photo-resources/2026/04/16/2c058ad8-b3d8-49a9-a863-85d7b87a6783/WTA-Tournament_Rome-2018.png?height=128,https://www.wtatennis.com/tournaments/709/rome/2021,WTA 1000,Clay,https://www.wtatennis.com/resources/v7.42.8/i/elements/1000k-tag.svg,2021-05-10,2021-05-16,2021,5,Rome,CZE,,IT,ITA,380,150,,Europe,Southern Europe,ITA,9.0,900.0,221500.0,64M/32Q/32D,Internazionali Bnl D'Italia,,116,6,19.333333333333332,12,2.0,Karolina Pliskova,9.0,https://www.wtatennis.com/resources/v7.42.8/i/elements/flags/cze.svg,F,W,"6-0, 6-0",https://www.wtatennis.com/players/313974/karolina-pliskova,False,False,False,False,False,False,False,2,True,12,12,0,1,CZ,CZE,203,150,Europe,Central Europe,CZE,"6,0,None|6,0,None",,
2,Internazionali Bnl D'Italia,https://photoresources.wtatennis.com/photo-resources/2026/04/16/2c058ad8-b3d8-49a9-a863-85d7b87a6783/WTA-Tournament_Rome-2018.png?height=128,https://www.wtatennis.com/tournaments/709/rome/2021,WTA 1000,Clay,https://www.wtatennis.com/resources/v7.42.8/i/elements/1000k-tag.svg,2021-05-10,2021-05-16,2021,5,Rome,USA,,IT,ITA,380,150,United States of America|America|USA|US,Europe,Southern Europe,ITA,35.0,900.0,221500.0,64M/32Q/32D,Internazionali Bnl D'Italia,,116,6,19.333333333333332,12,2.0,Coco Gauff,,https://www.wtatennis.com/resources/v7.42.8/i/elements/flags/usa.svg,SF,W,"7-6 (3), 6-3",https://www.wtatennis.com/players/328560/coco-gauff,False,False,False,True,False,False,True,2,True,22,13,9,1,US,USA,840,019,America,Northern America,USA,"7,6,3|6,3,None",,
3,Internazionali Bnl D'Italia,https://photoresources.wtatennis.com/photo-resources/2026/04/16/2c058ad8-b3d8-49a9-a863-85d7b87a6783/WTA-Tournament_Rome-2018.png?height=128,https://www.wtatennis.com/tournaments/709/rome/2021,WTA 1000,Clay,https://www.wtatennis.com/resources/v7.42.8/i/elements/1000k-tag.svg,2021-05-10,2021-05-16,2021,5,Rome,UKR,,IT,ITA,380,150,,Europe,Southern Europe,ITA,6.0,900.0,221500.0,64M/32Q/32D,Internazionali Bnl D'Italia,,116,6,19.333333333333332,12,2.0,Elina Svitolina,5.0,https://www.wtatennis.com/resources/v7.42.8/i/elements/flags/ukr.svg,QF,W,"6-2, 7-5",https://www.wtatennis.com/players/316738/elina-svitolina,False,False,False,False,False,False,False,2,True,20,13,7,1,UA,UKR,804,150,Europe,Eastern Europe,UKR,"6,2,None|7,5,None",,
4,Internazionali Bnl D'Italia,https://photoresources.wtatennis.com/photo-resources/2026/04/16/2c058ad8-b3d8-49a9-a863-85d7b87a6783/WTA-Tournament_Rome-2018.png?height=128,https://www.wtatennis.com/tournaments/709/rome/2021,WTA 1000,Clay,https://www.wtatennis.com/resources/v7.42.8/i/elements/1000k-tag.svg,2021-05-10,2021-05-16,2021,5,Rome,CZE,,IT,ITA,380,150,,Europe,Southern Europe,ITA,40.0,900.0,221500.0,64M/32Q/32D,Internazionali Bnl D'Italia,,116,6,19.333333333333332,12,2.0,Barbora Krejcikova,,https://www.wtatennis.com/resources/v7.42.8/i/elements/flags/cze.svg,R16,W,"3-6, 7-6 (5), 7-5",https://www.wtatennis.com/players/318314/barbora-krejcikova,False,False,False,False,True,False,True,3,False,34,17,17,1,CZ,CZE,203,150,Europe,Central Europe,CZE,"3,6,None|7,6,5|7,5,None",,
5,Internazionali Bnl D'Italia,https://photoresources.wtatennis.com/photo-resources/2026/04/16/2c058ad8-b3d8-49a9-a863-85d7b87a6783/WTA-Tournament_Rome-2018.png?height=128,https://www.wtatennis.com/tournaments/709/rome/2021,WTA 1000,Clay,https://www.wtatennis.com/resources/v7.42.8/i/elements/1000k-tag.svg,2021-05-10,2021-05-16,2021,5,Rome,USA,,IT,ITA,380,150,United States of America|America|USA|US,Europe,Southern Europe,ITA,23.0,900.0,221500.0,64M/32Q/32D,Internazionali Bnl D'Italia,,116,6,19.333333333333332,12,2.0,Madison Keys,,https://www.wtatennis.com/resources/v7.42.8/i/elements/flags/usa.svg,R32,W,"7-5, 6-1",https://www.wtatennis.com/players/316959/madison-keys,False,False,False,False,False,False,False,2,True,19,13,6,1,US,USA,840,019,America,Northern America,USA,"7,5,None|6,1,None",,
6,Internazionali Bnl D'Italia,https://photoresources.wtatennis.com/photo-resources/2026/04/16/2c058ad8-b3d8-49a9-a863-85d7b87a6783/WTA-Tournament_Rome-2018.png?height=128,https://www.wtatennis.com/tournaments/709/rome/2021,WTA 1000,Clay,https://www.wtatennis.com/resources/v7.42.8/i/elements/1000k-tag.svg,2021-05-10,2021-05-16,2021,5,Rome,USA,,IT,ITA,380,150,United States of America|America|USA|US,Europe,Southern Europe,ITA,27.0,900.0,221500.0,64M/32Q/32D,Internazionali Bnl D'Italia,,116,6,19.333333333333332,12,2.0,Alison Riske-Amritraj,,https://www.wtatennis.com/resources/v7.42.8/i/elements/flags/usa.svg,R64,W,5-4,https://www.wtatennis.com/players/312850/alison-riske-amritraj,True,False,False,False,False,False,False,1,False,9,5,4,1,US,USA,840,019,America,Northern America,USA,"5,4,None|Ret",,
1,Mutua Madrid Open,https://photoresources.wtatennis.com/photo-resources/2026/04/16/46f056ec-5c74-4159-bc35-97ca4c015c80/WTA-Tournament_Madrid-2023.png?height=128,https://www.wtatennis.com/tournaments/1038/madrid/2021,WTA 1000,Clay,https://www.wtatennis.com/resources/v7.42.8/i/elements/1000k-tag.svg,2021-04-29,2021-05-08,2021,4,Madrid,AUS,,ES,ESP,724,150,,Europe,Southern Europe,ESP,1.0,120.0,42220.0,64M/64Q/32D,Mutua Madrid Open,,54,3,18.0,6,2.0,Ashleigh Barty,1.0,https://www.wtatennis.com/resources/v7.42.8/i/elements/flags/aus.svg,R16,L,"5-7, 4-6",https://www.wtatennis.com/players/318033/ashleigh-barty,False,False,False,False,False,False,False,2,False,22,9,13,0,AU,AUS,036,009,Oceania,Australasia,AUS,"5,7,None|4,6,None",,
2,Mutua Madrid Open,https://photoresources.wtatennis.com/photo-resources/2026/04/16/46f056ec-5c74-4159-bc35-97ca4c015c80/WTA-Tournament_Madrid-2023.png?height=128,https://www.wtatennis.com/tournaments/1038/madrid/2021,WTA 1000,Clay,https://www.wtatennis.com/resources/v7.42.8/i/elements/1000k-tag.svg,2021-04-29,2021-05-08,2021,4,Madrid,GER,,ES,ESP,724,150,,Europe,Southern Europe,ESP,59.0,120.0,42220.0,64M/64Q/32D,Mutua Madrid Open,,54,3,18.0,6,2.0,Laura Siegemund,,https://www.wtatennis.com/resources/v7.42.8/i/elements/flags/ger.svg,R32,W,"6-3, 6-3",https://www.wtatennis.com/players/310926/laura-siegemund,False,False,False,False,False,False,False,2,True,18,12,6,1,DE,DEU,276,150,Europe,Central Europe,GER,"6,3,None|6,3,None",,
3,Mutua Madrid Open,https://photoresources.wtatennis.com/photo-resources/2026/04/16/46f056ec-5c74-4159-bc35-97ca4c015c80/WTA-Tournament_Madrid-2023.png?height=128,https://www.wtatennis.com/tournaments/1038/madrid/2021,WTA 1000,Clay,https://www.wtatennis.com/resources/v7.42.8/i/elements/1000k-tag.svg,2021-04-29,2021-05-08,2021,4,Madrid,USA,,ES,ESP,724,150,United States of America|America|USA|US,Europe,Southern Europe,ESP,27.0,120.0,42220.0,64M/64Q/32D,Mutua Madrid Open,,54,3,18.0,6,2.0,Alison Riske-Amritraj,,https://www.wtatennis.com/resources/v7.42.8/i/elements/flags/usa.svg,R64,W,"6-1, 6-1",https://www.wtatennis.com/players/312850/alison-riske-amritraj,False,False,False,False,False,False,False,2,True,14,12,2,1,US,USA,840,019,America,Northern America,USA,"6,1,None|6,1,None",,
1,Miami Open Presented By Itaú,https://photoresources.wtatennis.com/photo-resources/2026/04/16/e0f2d5a2-cc05-4b2a-8377-f57edf6eaaa2/WTA-Tournament_Miami-2024.png?height=128,https://www.wtatennis.com/tournaments/902/miami/2021,WTA 1000,Hard,https://www.wtatennis.com/resources/v7.42.8/i/elements/1000k-tag.svg,2021-03-23,2021-04-03,2021,3,Miami,CRO,FL,US,USA,840,019,,America,Northern America,USA,338.0,65.0,26000.0,128M/64Q/32D,Miami Open Presented By Itaú,,44,2,22.0,5,2.5,Ana Konjuh,,https://www.wtatennis.com/resources/v7.42.8/i/elements/flags/cro.svg,R32,L,"4-6, 6-2, 2-6",https://www.wtatennis.com/players/320682/ana-konjuh,False,False,False,False,False,False,False,3,False,26,12,14,0,HR,HRV,191,150,Europe,Southeastern Europe,CRO,"4,6,None|6,2,None|2,6,None",,
2,Miami Open Presented By Itaú,https://photoresources.wtatennis.com/photo-resources/2026/04/16/e0f2d5a2-cc05-4b2a-8377-f57edf6eaaa2/WTA-Tournament_Miami-2024.png?height=128,https://www.wtatennis.com/tournaments/902/miami/2021,WTA 1000,Hard,https://www.wtatennis.com/resources/v7.42.8/i/elements/1000k-tag.svg,2021-03-23,2021-04-03,2021,3,Miami,CZE,FL,US,USA,840,019,,America,Northern America,USA,39.0,65.0,26000.0,128M/64Q/32D,Miami Open Presented By Itaú,,44,2,22.0,5,2.5,Barbora Krejcikova,,https://www.wtatennis.com/resources/v7.42.8/i/elements/flags/cze.svg,R64,W,"6-4, 6-2",https://www.wtatennis.com/players/318314/barbora-krejcikova,False,False,False,False,False,False,False,2,True,18,12,6,1,CZ,CZE,203,150,Europe,Central Europe,CZE,"6,4,None|6,2,None",,
3,Miami Open Presented By Itaú,https://photoresources.wtatennis.com/photo-resources/2026/04/16/e0f2d5a2-cc05-4b2a-8377-f57edf6eaaa2/WTA-Tournament_Miami-2024.png?height=128,https://www.wtatennis.com/tournaments/902/miami/2021,WTA 1000,Hard,https://www.wtatennis.com/resources/v7.42.8/i/elements/1000k-tag.svg,2021-03-23,2021-04-03,2021,3,Miami,,FL,US,USA,840,019,,America,Northern America,USA,,65.0,26000.0,128M/64Q/32D,Miami Open Presented By Itaú,,44,2,22.0,5,2.5,,,,R128,,Bye,,False,False,True,False,False,False,False,0,False,0,0,0,0,,,,,,,,,,
1,Dubai Duty Free Tennis Championships 2021,https://photoresources.wtatennis.com/photo-resources/2026/04/16/2aee9d91-0756-4a92-b0bb-09b8d0dd8d76/WTA-Tournament_Dubai-2017.png?height=128,https://www.wtatennis.com/tournaments/718/dubai/2021,WTA 1000,Hard,https://www.wtatennis.com/resources/v7.42.8/i/elements/1000k-tag.svg,2021-03-07,2021-03-13,2021,3,Dubai,ESP,,AE,ARE,784,142,Kingdom of Spain,Asia,Western Asia,UAE,16.0,105.0,21000.0,64M/32Q/32D,Dubai Duty Free Tennis Championships 2021,,34,2,17.0,4,2.0,Garbiñe Muguruza,9.0,https://www.wtatennis.com/resources/v7.42.8/i/elements/flags/esp.svg,R16,L,"0-6, 4-6",https://www.wtatennis.com/players/316239/garbi-e-muguruza,False,False,False,False,False,False,False,2,False,16,4,12,0,ES,ESP,724,150,Europe,Southern Europe,ESP,"0,6,None|4,6,None",,
2,Dubai Duty Free Tennis Championships 2021,https://photoresources.wtatennis.com/photo-resources/2026/04/16/2aee9d91-0756-4a92-b0bb-09b8d0dd8d76/WTA-Tournament_Dubai-2017.png?height=128,https://www.wtatennis.com/tournaments/718/dubai/2021,WTA 1000,Hard,https://www.wtatennis.com/resources/v7.42.8/i/elements/1000k-tag.svg,2021-03-07,2021-03-13,2021,3,Dubai,JPN,,AE,ARE,784,142,,Asia,Western Asia,UAE,77.0,105.0,21000.0,64M/32Q/32D,Dubai Duty Free Tennis Championships 2021,,34,2,17.0,4,2.0,Misaki Doi,,https://www.wtatennis.com/resources/v7.42.8/i/elements/flags/jpn.svg,R32,W,"6-2, 6-4",https://www.wtatennis.com/players/314237/misaki-doi,False,False,False,False,False,False,False,2,True,18,12,6,1,JP,JPN,392,142,Asia,East Asia,JPN,"6,2,None|6,4,None",,
3,Dubai Duty Free Tennis Championships 2021,https://photoresources.wtatennis.com/photo-resources/2026/04/16/2aee9d91-0756-4a92-b0bb-09b8d0dd8d76/WTA-Tournament_Dubai-2017.png?height=128,https://www.wtatennis.com/tournaments/718/dubai/2021,WTA 1000,Hard,https://www.wtatennis.com/resources/v7.42.8/i/elements/1000k-tag.svg,2021-03-07,2021-03-13,2021,3,Dubai,,,AE,ARE,784,142,,Asia,Western Asia,UAE,,105.0,21000.0,64M/32Q/32D,Dubai Duty Free Tennis Championships 2021,,34,2,17.0,4,2.0,,,,R64,,Bye,,False,False,True,False,False,False,False,0,False,0,0,0,0,,,,,,,,,,
1,Adelaide International,,https://www.wtatennis.com/tournaments/2014/adelaide/2021,WTA 500,Hard,https://www.wtatennis.com/resources/v7.42.8/i/elements/500k-tag.svg,2021-02-22,2021-02-27,2021,2,Adelaide,SUI,,AU,AUS,036,009,,Oceania,Australasia,AUS,12.0,470.0,68570.0,32M/32Q/16D,Adelaide International,,79,5,15.8,10,2.0,Belinda Bencic,2.0,https://www.wtatennis.com/resources/v7.42.8/i/elements/flags/sui.svg,F,W,"6-2, 6-2",https://www.wtatennis.com/players/319001/belinda-bencic,False,False,False,False,False,False,False,2,True,16,12,4,1,CH,CHE,756,150,Europe,Central Europe,SUI,"6,2,None|6,2,None",,
2,Adelaide International,,https://www.wtatennis.com/tournaments/2014/adelaide/2021,WTA 500,Hard,https://www.wtatennis.com/resources/v7.42.8/i/elements/500k-tag.svg,2021-02-22,2021-02-27,2021,2,Adelaide,SUI,,AU,AUS,036,009,,Oceania,Australasia,AUS,61.0,470.0,68570.0,32M/32Q/16D,Adelaide International,,79,5,15.8,10,2.0,Jil Teichmann,,https://www.wtatennis.com/resources/v7.42.8/i/elements/flags/sui.svg,SF,W,"6-3, 6-2",https://www.wtatennis.com/players/320926/jil-teichmann,False,False,False,False,False,False,False,2,True,17,12,5,1,CH,CHE,756,150,Europe,Central Europe,SUI,"6,3,None|6,2,None",,
3,Adelaide International,,https://www.wtatennis.com/tournaments/2014/adelaide/2021,WTA 500,Hard,https://www.wtatennis.com/resources/v7.42.8/i/elements/500k-tag.svg,2021-02-22,2021-02-27,2021,2,Adelaide,USA,,AU,AUS,036,009,United States of America|America|USA|US,Oceania,Australasia,AUS,37.0,470.0,68570.0,32M/32Q/16D,Adelaide International,,79,5,15.8,10,2.0,Danielle Collins,,https://www.wtatennis.com/resources/v7.42.8/i/elements/flags/usa.svg,QF,W,"6-2, 3-0",https://www.wtatennis.com/players/316925/danielle-collins,True,False,False,False,False,False,False,2,True,11,9,2,1,US,USA,840,019,America,Northern America,USA,"6,2,None|3,0,None|Ret",,
4,Adelaide International,,https://www.wtatennis.com/tournaments/2014/adelaide/2021,WTA 500,Hard,https://www.wtatennis.com/resources/v7.42.8/i/elements/500k-tag.svg,2021-02-22,2021-02-27,2021,2,Adelaide,AUS,,AU,AUS,036,009,,Oceania,Australasia,AUS,136.0,470.0,68570.0,32M/32Q/16D,Adelaide International,,79,5,15.8,10,2.0,Maddison Inglis,,https://www.wtatennis.com/resources/v7.42.8/i/elements/flags/aus.svg,R16,W,"6-1, 6-3",https://www.wtatennis.com/players/321179/maddison-inglis,False,False,False,False,False,False,False,2,True,16,12,4,1,AU,AUS,036,009,Oceania,Australasia,AUS,"6,1,None|6,3,None",,
5,Adelaide International,,https://www.wtatennis.com/tournaments/2014/adelaide/2021,WTA 500,Hard,https://www.wtatennis.com/resources/v7.42.8/i/elements/500k-tag.svg,2021-02-22,2021-02-27,2021,2,Adelaide,USA,,AU,AUS,036,009,United States of America|America|USA|US,Oceania,Australasia,AUS,81.0,470.0,68570.0,32M/32Q/16D,Adelaide International,,79,5,15.8,10,2.0,Madison Brengle,,https://www.wtatennis.com/resources/v7.42.8/i/elements/flags/usa.svg,R32,W,"6-3, 6-4",https://www.wtatennis.com/players/312328/madison-brengle,False,False,False,False,False,False,False,2,True,19,12,7,1,US,USA,840,019,America,Northern America,USA,"6,3,None|6,4,None",,
1,Australian Open,https://photoresources.wtatennis.com/photo-resources/2026/04/16/6b041ce4-8b08-4fff-be75-89d1c452c157/WTA-Tournament_Australian-Open.png?height=128,https://www.wtatennis.com/tournaments/901/australian-open/2021,Grand Slam,Hard,https://www.wtatennis.com/resources/v7.42.8/i/elements/gs-tag.svg,2021-02-08,2021-02-20,2021,2,Melbourne,ROU,,AU,AUS,036,009,,Oceania,Australasia,AUS,2.0,240.0,219367.0,128M/128Q/64D,Australian Open,,79,4,19.75,9,2.25,Simona Halep,2.0,https://www.wtatennis.com/resources/v7.42.8/i/elements/flags/rou.svg,R16,L,"6-3, 1-6, 4-6",https://www.wtatennis.com/players/314320/simona-halep,False,False,False,False,False,False,False,3,True,26,11,15,0,RO,ROU,642,150,Europe,Southeastern Europe,ROU,"6,3,None|1,6,None|4,6,None",,
2,Australian Open,https://photoresources.wtatennis.com/photo-resources/2026/04/16/6b041ce4-8b08-4fff-be75-89d1c452c157/WTA-Tournament_Australian-Open.png?height=128,https://www.wtatennis.com/tournaments/901/australian-open/2021,Grand Slam,Hard,https://www.wtatennis.com/resources/v7.42.8/i/elements/gs-tag.svg,2021-02-08,2021-02-20,2021,2,Melbourne,FRA,,AU,AUS,036,009,,Oceania,Australasia,AUS,46.0,240.0,219367.0,128M/128Q/64D,Australian Open,,79,4,19.75,9,2.25,Fiona Ferro,,https://www.wtatennis.com/resources/v7.42.8/i/elements/flags/fra.svg,R32,W,"6-4, 6-3",https://www.wtatennis.com/players/319969/fiona-ferro,False,False,False,False,False,False,False,2,True,19,12,7,1,FR,FRA,250,150,Europe,Western Europe,FRA,"6,4,None|6,3,None",,
3,Australian Open,https://photoresources.wtatennis.com/photo-resources/2026/04/16/6b041ce4-8b08-4fff-be75-89d1c452c157/WTA-Tournament_Australian-Open.png?height=128,https://www.wtatennis.com/tournaments/901/australian-open/2021,Grand Slam,Hard,https://www.wtatennis.com/resources/v7.42.8/i/elements/gs-tag.svg,2021-02-08,2021-02-20,2021,2,Melbourne,ITA,,AU,AUS,036,009,,Oceania,Australasia,AUS,79.0,240.0,219367.0,128M/128Q/64D,Australian Open,,79,4,19.75,9,2.25,Camila Giorgi,,https://www.wtatennis.com/resources/v7.42.8/i/elements/flags/ita.svg,R64,W,"6-2, 6-4",https://www.wtatennis.com/players/314610/camila-giorgi,False,False,False,False,False,False,False,2,True,18,12,6,1,IT,ITA,380,150,Europe,Southern Europe,ITA,"6,2,None|6,4,None",,
4,Australian Open,https://photoresources.wtatennis.com/photo-resources/2026/04/16/6b041ce4-8b08-4fff-be75-89d1c452c157/WTA-Tournament_Australian-Open.png?height=128,https://www.wtatennis.com/tournaments/901/australian-open/2021,Grand Slam,Hard,https://www.wtatennis.com/resources/v7.42.8/i/elements/gs-tag.svg,2021-02-08,2021-02-20,2021,2,Melbourne,NED,,AU,AUS,036,009,,Oceania,Australasia,AUS,77.0,240.0,219367.0,128M/128Q/64D,Australian Open,,79,4,19.75,9,2.25,Arantxa Rus,,https://www.wtatennis.com/resources/v7.42.8/i/elements/flags/ned.svg,R128,W,"6-1, 6-3",https://www.wtatennis.com/players/313349/arantxa-rus,False,False,False,False,False,False,False,2,True,16,12,4,1,NL,NLD,528,150,Europe,Western Europe,NED,"6,1,None|6,3,None",,
1,Gippsland Trophy,,https://www.wtatennis.com/tournaments/2029/melbourne-500-gippsland-trophy/2021,WTA 500,Hard,https://www.wtatennis.com/resources/v7.42.8/i/elements/500k-tag.svg,2021-01-31,2021-02-06,2021,1,Melbourne,RUS,,AU,AUS,036,009,,Oceania,Australasia,AUS,33.0,55.0,5500.0,64M/0Q/32D,Gippsland Trophy,,41,2,20.5,5,2.5,Ekaterina Alexandrova,9.0,https://www.wtatennis.com/resources/v7.42.8/i/elements/flags/rus.svg,R16,L,"4-6, 2-6",https://www.wtatennis.com/players/319007/ekaterina-alexandrova,False,False,False,False,False,False,False,2,False,18,6,12,0,RU,RUS,643,150,Europe,Eastern Europe,RUS,"4,6,None|2,6,None",,
2,Gippsland Trophy,,https://www.wtatennis.com/tournaments/2029/melbourne-500-gippsland-trophy/2021,WTA 500,Hard,https://www.wtatennis.com/resources/v7.42.8/i/elements/500k-tag.svg,2021-01-31,2021-02-06,2021,1,Melbourne,SLO,,AU,AUS,036,009,,Oceania,Australasia,AUS,104.0,55.0,5500.0,64M/0Q/32D,Gippsland Trophy,,41,2,20.5,5,2.5,Kaja Juvan,,https://www.wtatennis.com/resources/v7.42.8/i/elements/flags/slo.svg,R32,W,"2-6, 6-2, 6-1",https://www.wtatennis.com/players/324702/kaja-juvan,False,False,False,False,False,False,False,3,False,23,14,9,1,,,,,,,SLO,"2,6,None|6,2,None|6,1,None",,
3,Gippsland Trophy,,https://www.wtatennis.com/tournaments/2029/melbourne-500-gippsland-trophy/2021,WTA 500,Hard,https://www.wtatennis.com/resources/v7.42.8/i/elements/500k-tag.svg,2021-01-31,2021-02-06,2021,1,Melbourne,,,AU,AUS,036,009,,Oceania,Australasia,AUS,,55.0,5500.0,64M/0Q/32D,Gippsland Trophy,,41,2,20.5,5,2.5,,,,R64,,Bye,,False,False,True,False,False,False,False,0,False,0,0,0,0,,,,,,,,,,
1,Roland Garros,https://photoresources.wtatennis.com/photo-resources/2026/04/16/0893d8be-5450-4e36-a144-cdd958c1b484/WTA-Tournament_Roland-Garros.png?height=128,https://www.wtatennis.com/tournaments/903/roland-garros/2020,Grand Slam,Clay,https://www.wtatennis.com/resources/v7.42.8/i/elements/gs-tag.svg,2020-09-27,2020-10-10,2020,9,Paris,USA,,FR,FRA,250,150,United States of America|America|USA|US,Europe,Western Europe,FRA,6.0,2000.0,1768468.0,128M/128Q/64D,Roland Garros,,112,7,16.0,14,2.0,Sofia Kenin,4.0,https://www.wtatennis.com/resources/v7.42.8/i/elements/flags/usa.svg,F,W,"6-4, 6-1",https://www.wtatennis.com/players/320942/sofia-kenin,False,False,False,False,False,False,False,2,True,17,12,5,1,US,USA,840,019,America,Northern America,USA,"6,4,None|6,1,None",,
2,Roland Garros,https://photoresources.wtatennis.com/photo-resources/2026/04/16/0893d8be-5450-4e36-a144-cdd958c1b484/WTA-Tournament_Roland-Garros.png?height=128,https://www.wtatennis.com/tournaments/903/roland-garros/2020,Grand Slam,Clay,https://www.wtatennis.com/resources/v7.42.8/i/elements/gs-tag.svg,2020-09-27,2020-10-10,2020,9,Paris,ARG,,FR,FRA,250,150,,Europe,Western Europe,FRA,131.0,2000.0,1768468.0,128M/128Q/64D,Roland Garros,,112,7,16.0,14,2.0,Nadia Podoroska,,https://www.wtatennis.com/resources/v7.42.8/i/elements/flags/arg.svg,SF,W,"6-2, 6-1",https://www.wtatennis.com/players/319112/nadia-podoroska,False,False,False,False,False,False,False,2,True,15,12,3,1,AR,ARG,032,019,America,Southern South America,ARG,"6,2,None|6,1,None",,
3,Roland Garros,https://photoresources.wtatennis.com/photo-resources/2026/04/16/0893d8be-5450-4e36-a144-cdd958c1b484/WTA-Tournament_Roland-Garros.png?height=128,https://www.wtatennis.com/tournaments/903/roland-garros/2020,Grand Slam,Clay,https://www.wtatennis.com/resources/v7.42.8/i/elements/gs-tag.svg,2020-09-27,2020-10-10,2020,9,Paris,ITA,,FR,FRA,250,150,,Europe,Western Europe,FRA,159.0,2000.0,1768468.0,128M/128Q/64D,Roland Garros,,112,7,16.0,14,2.0,Martina Trevisan,,https://www.wtatennis.com/resources/v7.42.8/i/elements/flags/ita.svg,QF,W,"6-3, 6-1",https://www.wtatennis.com/players/316266/martina-trevisan,False,False,False,False,False,False,False,2,True,16,12,4,1,IT,ITA,380,150,Europe,Southern Europe,ITA,"6,3,None|6,1,None",,
4,Roland Garros,https://photoresources.wtatennis.com/photo-resources/2026/04/16/0893d8be-5450-4e36-a144-cdd958c1b484/WTA-Tournament_Roland-Garros.png?height=128,https://www.wtatennis.com/tournaments/903/roland-garros/2020,Grand Slam,Clay,https://www.wtatennis.com/resources/v7.42.8/i/elements/gs-tag.svg,2020-09-27,2020-10-10,2020,9,Paris,ROU,,FR,FRA,250,150,,Europe,Western Europe,FRA,2.0,2000.0,1768468.0,128M/128Q/64D,Roland Garros,,112,7,16.0,14,2.0,Simona Halep,1.0,https://www.wtatennis.com/resources/v7.42.8/i/elements/flags/rou.svg,R16,W,"6-1, 6-2",https://www.wtatennis.com/players/314320/simona-halep,False,False,False,False,False,False,False,2,True,15,12,3,1,RO,ROU,642,150,Europe,Southeastern Europe,ROU,"6,1,None|6,2,None",,
5,Roland Garros,https://photoresources.wtatennis.com/photo-resources/2026/04/16/0893d8be-5450-4e36-a144-cdd958c1b484/WTA-Tournament_Roland-Garros.png?height=128,https://www.wtatennis.com/tournaments/903/roland-garros/2020,Grand Slam,Clay,https://www.wtatennis.com/resources/v7.42.8/i/elements/gs-tag.svg,2020-09-27,2020-10-10,2020,9,Paris,CAN,,FR,FRA,250,150,,Europe,Western Europe,FRA,168.0,2000.0,1768468.0,128M/128Q/64D,Roland Garros,,112,7,16.0,14,2.0,Eugenie Bouchard,,https://www.wtatennis.com/resources/v7.42.8/i/elements/flags/can.svg,R32,W,"6-3, 6-2",https://www.wtatennis.com/players/316161/eugenie-bouchard,False,False,False,False,False,False,False,2,True,17,12,5,1,CA,CAN,124,019,America,Northern America,CAN,"6,3,None|6,2,None",,
6,Roland Garros,https://photoresources.wtatennis.com/photo-resources/2026/04/16/0893d8be-5450-4e36-a144-cdd958c1b484/WTA-Tournament_Roland-Garros.png?height=128,https://www.wtatennis.com/tournaments/903/roland-garros/2020,Grand Slam,Clay,https://www.wtatennis.com/resources/v7.42.8/i/elements/gs-tag.svg,2020-09-27,2020-10-10,2020,9,Paris,TPE,,FR,FRA,250,150,,Europe,Western Europe,FRA,63.0,2000.0,1768468.0,128M/128Q/64D,Roland Garros,,112,7,16.0,14,2.0,Su-Wei Hsieh,,https://www.wtatennis.com/resources/v7.42.8/i/elements/flags/tpe.svg,R64,W,"6-1, 6-4",https://www.wtatennis.com/players/310053/su-wei-hsieh,False,False,False,False,False,False,False,2,True,17,12,5,1,,,,,,,TPE,"6,1,None|6,4,None",,
7,Roland Garros,https://photoresources.wtatennis.com/photo-resources/2026/04/16/0893d8be-5450-4e36-a144-cdd958c1b484/WTA-Tournament_Roland-Garros.png?height=128,https://www.wtatennis.com/tournaments/903/roland-garros/2020,Grand Slam,Clay,https://www.wtatennis.com/resources/v7.42.8/i/elements/gs-tag.svg,2020-09-27,2020-10-10,2020,9,Paris,CZE,,FR,FRA,250,150,,Europe,Western Europe,FRA,19.0,2000.0,1768468.0,128M/128Q/64D,Roland Garros,,112,7,16.0,14,2.0,Marketa Vondrousova,15.0,https://www.wtatennis.com/resources/v7.42.8/i/elements/flags/cze.svg,R128,W,"6-1, 6-2",https://www.wtatennis.com/players/323027/marketa-vondrousova,False,False,False,False,False,False,False,2,True,15,12,3,1,CZ,CZE,203,150,Europe,Central Europe,CZE,"6,1,None|6,2,None",,
1,Internazionali Bnl D'Italia,https://photoresources.wtatennis.com/photo-resources/2026/04/16/2c058ad8-b3d8-49a9-a863-85d7b87a6783/WTA-Tournament_Rome-2018.png?height=128,https://www.wtatennis.com/tournaments/709/rome/2020,Premier 5,Clay,https://www.wtatennis.com/resources/v7.42.8/i/elements/1000k-tag.svg,2020-09-14,2020-09-21,2020,9,Rome,NED,,IT,ITA,380,150,,Europe,Southern Europe,ITA,71.0,1.0,11160.0,64M/32Q/32D,Internazionali Bnl D'Italia,,22,1,22.0,2,2.0,Arantxa Rus,,https://www.wtatennis.com/resources/v7.42.8/i/elements/flags/ned.svg,R64,L,"6-7 (5), 3-6",https://www.wtatennis.com/players/313349/arantxa-rus,False,False,False,True,False,False,True,2,False,22,9,13,0,NL,NLD,528,150,Europe,Western Europe,NED,"6,7,5|3,6,None",,
1,Us Open,https://photoresources.wtatennis.com/photo-resources/2026/04/16/8d0a3d41-7b45-434b-a75b-b7d2eb0922b4/WTA-Tournament_US-Open.png?height=128,https://www.wtatennis.com/tournaments/905/us-open/2020,Grand Slam,Hard,https://www.wtatennis.com/resources/v7.42.8/i/elements/gs-tag.svg,2020-08-31,2020-09-13,2020,8,New York,BLR,NY,US,USA,840,019,,America,Northern America,USA,27.0,130.0,163000.0,128M/0Q/32D,Us Open,,68,3,22.666666666666668,7,2.3333333333333335,Victoria Azarenka,,https://www.wtatennis.com/resources/v7.42.8/i/elements/flags/blr.svg,R32,L,"4-6, 2-6",https://www.wtatennis.com/players/312001/victoria-azarenka,False,False,False,False,False,False,False,2,False,18,6,12,0,BY,BLR,112,150,Europe,Eastern Europe,BLR,"4,6,None|2,6,None",,
2,Us Open,https://photoresources.wtatennis.com/photo-resources/2026/04/16/8d0a3d41-7b45-434b-a75b-b7d2eb0922b4/WTA-Tournament_US-Open.png?height=128,https://www.wtatennis.com/tournaments/905/us-open/2020,Grand Slam,Hard,https://www.wtatennis.com/resources/v7.42.8/i/elements/gs-tag.svg,2020-08-31,2020-09-13,2020,8,New York,USA,NY,US,USA,840,019,United States of America|America|USA|US,America,Northern America,USA,160.0,130.0,163000.0,128M/0Q/32D,Us Open,,68,3,22.666666666666668,7,2.3333333333333335,Sachia Vickery,,https://www.wtatennis.com/resources/v7.42.8/i/elements/flags/usa.svg,R64,W,"6-7 (5), 6-3, 6-4",https://www.wtatennis.com/players/317443/sachia-vickery,False,False,False,True,False,False,True,3,False,32,18,14,1,US,USA,840,019,America,Northern America,USA,"6,7,5|6,3,None|6,4,None",,
3,Us Open,https://photoresources.wtatennis.com/photo-resources/2026/04/16/8d0a3d41-7b45-434b-a75b-b7d2eb0922b4/WTA-Tournament_US-Open.png?height=128,https://www.wtatennis.com/tournaments/905/us-open/2020,Grand Slam,Hard,https://www.wtatennis.com/resources/v7.42.8/i/elements/gs-tag.svg,2020-08-31,2020-09-13,2020,8,New York,RUS,NY,US,USA,840,019,,America,Northern America,USA,42.0,130.0,163000.0,128M/0Q/32D,Us Open,,68,3,22.666666666666668,7,2.3333333333333335,Veronika Kudermetova,29.0,https://www.wtatennis.com/resources/v7.42.8/i/elements/flags/rus.svg,R128,W,"6-3, 6-3",https://www.wtatennis.com/players/319526/veronika-kudermetova,False,False,False,False,False,False,False,2,True,18,12,6,1,RU,RUS,643,150,Europe,Eastern Europe,RUS,"6,3,None|6,3,None",,
1,Western & Southern Open,https://photoresources.wtatennis.com/photo-resources/2026/04/16/77288aaf-4c7f-4b8e-86f6-315c2ef872c5/WTA-Tournament_Cincinnati-2024.png?height=128,https://www.wtatennis.com/tournaments/1017/cincinnati/2020,Premier 5,Hard,https://www.wtatennis.com/resources/v7.42.8/i/elements/1000k-tag.svg,2020-08-21,2020-08-29,2020,8,New York,USA,NY,US,USA,840,019,United States of America|America|USA|US,America,Northern America,USA,90.0,1.0,11000.0,64M/64Q/32D,Western & Southern Open,,18,1,18.0,2,2.0,Christina Mchale,,https://www.wtatennis.com/resources/v7.42.8/i/elements/flags/usa.svg,R64,L,"2-6, 4-6",https://www.wtatennis.com/players/314917/christina-mchale,False,False,False,False,False,False,False,2,False,18,6,12,0,US,USA,840,019,America,Northern America,USA,"2,6,None|4,6,None",,
1,Qatar Total Open 2020,https://photoresources.wtatennis.com/photo-resources/2026/04/16/c44d1d24-32ae-4ebe-b5e8-bd228bfb4fc8/1003_Doha_2026.png?height=128,https://www.wtatennis.com/tournaments/1003/doha/2020,Premier 5,Hard,https://www.wtatennis.com/resources/v7.42.8/i/elements/1000k-tag.svg,2020-02-23,2020-02-29,2020,2,Doha,RUS,,QA,QAT,634,142,,Asia,Western Asia,QAT,46.0,60.0,17800.0,64M/32Q/32D,Qatar Total Open 2020,,38,2,19.0,4,2.0,Svetlana Kuznetsova,,https://www.wtatennis.com/resources/v7.42.8/i/elements/flags/rus.svg,R32,L,"2-6, 2-6",https://www.wtatennis.com/players/110552/svetlana-kuznetsova,False,False,False,False,False,False,False,2,False,16,4,12,0,RU,RUS,643,150,Europe,Eastern Europe,RUS,"2,6,None|2,6,None",,
2,Qatar Total Open 2020,https://photoresources.wtatennis.com/photo-resources/2026/04/16/c44d1d24-32ae-4ebe-b5e8-bd228bfb4fc8/1003_Doha_2026.png?height=128,https://www.wtatennis.com/tournaments/1003/doha/2020,Premier 5,Hard,https://www.wtatennis.com/resources/v7.42.8/i/elements/1000k-tag.svg,2020-02-23,2020-02-29,2020,2,Doha,CRO,,QA,QAT,634,142,,Asia,Western Asia,QAT,24.0,60.0,17800.0,64M/32Q/32D,Qatar Total Open 2020,,38,2,19.0,4,2.0,Donna Vekic,17.0,https://www.wtatennis.com/resources/v7.42.8/i/elements/flags/cro.svg,R64,W,"6-4, 7-5",https://www.wtatennis.com/players/318516/donna-vekic,False,False,False,False,False,False,False,2,True,22,13,9,1,HR,HRV,191,150,Europe,Southeastern Europe,CRO,"6,4,None|7,5,None",,
1,Group 1 Event B Playoffs Europe/Africa,https://www.wtatennis.com/resources/v7.42.8/i/elements/itf.png,,ITF,Hard,https://www.wtatennis.com/resources/v7.42.8/i/elements/itf.png,2020-02-08,2020-02-08,2020,2,Luxembourg,SWE,,LU,LUX,442,150,,Europe,Western Europe,LUX,325.0,,,12M/0Q/2D,Group 1 Event B Playoffs Europe/Africa,,31,1,31.0,3,3.0,Mirjam Bjorklund,,https://www.wtatennis.com/resources/v7.42.8/i/elements/flags/swe.svg,Round 1 R1,W,"7-5, 4-6, 6-3",https://www.wtatennis.com/players/323007/mirjam-bjorklund,False,False,False,False,False,False,False,3,True,31,17,14,1,SE,SWE,752,150,Europe,Northern Europe,SWE,"7,5,None|4,6,None|6,3,None",,
1,Australian Open,https://photoresources.wtatennis.com/photo-resources/2026/04/16/6b041ce4-8b08-4fff-be75-89d1c452c157/WTA-Tournament_Australian-Open.png?height=128,https://www.wtatennis.com/tournaments/901/australian-open/2020,Grand Slam,Hard,https://www.wtatennis.com/resources/v7.42.8/i/elements/gs-tag.svg,2020-01-20,2020-02-02,2020,1,Melbourne,EST,,AU,AUS,036,009,,Oceania,Australasia,AUS,31.0,240.0,207843.0,128M/128Q/64D,Australian Open,,96,4,24.0,9,2.25,Anett Kontaveit,28.0,https://www.wtatennis.com/resources/v7.42.8/i/elements/flags/est.svg,R16,L,"7-6 (4), 5-7, 5-7",https://www.wtatennis.com/players/318425/anett-kontaveit,False,False,False,True,False,False,True,3,True,37,17,20,0,EE,EST,233,150,Europe,Northern Europe,EST,"7,6,4|5,7,None|5,7,None",,
2,Australian Open,https://photoresources.wtatennis.com/photo-resources/2026/04/16/6b041ce4-8b08-4fff-be75-89d1c452c157/WTA-Tournament_Australian-Open.png?height=128,https://www.wtatennis.com/tournaments/901/australian-open/2020,Grand Slam,Hard,https://www.wtatennis.com/resources/v7.42.8/i/elements/gs-tag.svg,2020-01-20,2020-02-02,2020,1,Melbourne,CRO,,AU,AUS,036,009,,Oceania,Australasia,AUS,20.0,240.0,207843.0,128M/128Q/64D,Australian Open,,96,4,24.0,9,2.25,Donna Vekic,19.0,https://www.wtatennis.com/resources/v7.42.8/i/elements/flags/cro.svg,R32,W,"7-5, 6-3",https://www.wtatennis.com/players/318516/donna-vekic,False,False,False,False,False,False,False,2,True,21,13,8,1,HR,HRV,191,150,Europe,Southeastern Europe,CRO,"7,5,None|6,3,None",,
3,Australian Open,https://photoresources.wtatennis.com/photo-resources/2026/04/16/6b041ce4-8b08-4fff-be75-89d1c452c157/WTA-Tournament_Australian-Open.png?height=128,https://www.wtatennis.com/tournaments/901/australian-open/2020,Grand Slam,Hard,https://www.wtatennis.com/resources/v7.42.8/i/elements/gs-tag.svg,2020-01-20,2020-02-02,2020,1,Melbourne,ESP,,AU,AUS,036,009,Kingdom of Spain,Oceania,Australasia,AUS,54.0,240.0,207843.0,128M/128Q/64D,Australian Open,,96,4,24.0,9,2.25,Carla Suárez Navarro,,https://www.wtatennis.com/resources/v7.42.8/i/elements/flags/esp.svg,R64,W,"6-3, 7-5",https://www.wtatennis.com/players/311338/carla-su-rez-navarro,False,False,False,False,False,False,False,2,True,21,13,8,1,ES,ESP,724,150,Europe,Southern Europe,ESP,"6,3,None|7,5,None",,
4,Australian Open,https://photoresources.wtatennis.com/photo-resources/2026/04/16/6b041ce4-8b08-4fff-be75-89d1c452c157/WTA-Tournament_Australian-Open.png?height=128,https://www.wtatennis.com/tournaments/901/australian-open/2020,Grand Slam,Hard,https://www.wtatennis.com/resources/v7.42.8/i/elements/gs-tag.svg,2020-01-20,2020-02-02,2020,1,Melbourne,HUN,,AU,AUS,036,009,,Oceania,Australasia,AUS,88.0,240.0,207843.0,128M/128Q/64D,Australian Open,,96,4,24.0,9,2.25,Timea Babos,,https://www.wtatennis.com/resources/v7.42.8/i/elements/flags/hun.svg,R128,W,"6-3, 6-2",https://www.wtatennis.com/players/317070/timea-babos,False,False,False,False,False,False,False,2,True,17,12,5,1,HU,HUN,348,150,Europe,Central Europe,HUN,"6,3,None|6,2,None",,
1,2019 Us Open Tennis Championships,https://photoresources.wtatennis.com/photo-resources/2026/04/16/8d0a3d41-7b45-434b-a75b-b7d2eb0922b4/WTA-Tournament_US-Open.png?height=128,https://www.wtatennis.com/tournaments/905/us-open/2019,Grand Slam,Hard,https://www.wtatennis.com/resources/v7.42.8/i/elements/gs-tag.svg,2019-08-26,2019-09-07,2019,8,New York,LAT,NY,US,USA,840,019,,America,Northern America,USA,11.0,70.0,100000.0,128M/128Q/64D,2019 Us Open Tennis Championships,,38,2,19.0,5,2.5,Anastasija Sevastova,12.0,https://www.wtatennis.com/resources/v7.42.8/i/elements/flags/lat.svg,R64,L,"6-3, 1-6, 3-6",https://www.wtatennis.com/players/313987/anastasija-sevastova,False,False,False,False,False,False,False,3,True,25,10,15,0,,,,,,,LAT,"6,3,None|1,6,None|3,6,None",,
2,2019 Us Open Tennis Championships,https://photoresources.wtatennis.com/photo-resources/2026/04/16/8d0a3d41-7b45-434b-a75b-b7d2eb0922b4/WTA-Tournament_US-Open.png?height=128,https://www.wtatennis.com/tournaments/905/us-open/2019,Grand Slam,Hard,https://www.wtatennis.com/resources/v7.42.8/i/elements/gs-tag.svg,2019-08-26,2019-09-07,2019,8,New York,SRB,NY,US,USA,840,019,,America,Northern America,USA,93.0,70.0,100000.0,128M/128Q/64D,2019 Us Open Tennis Championships,,38,2,19.0,5,2.5,Ivana Jorovic,,https://www.wtatennis.com/resources/v7.42.8/i/elements/flags/srb.svg,R128,W,"6-0, 6-1",https://www.wtatennis.com/players/320360/ivana-jorovic,False,False,False,False,False,False,False,2,True,13,12,1,1,RS,SRB,688,150,Europe,Southeastern Europe,SRB,"6,0,None|6,1,None",,
1,Western & Southern Open,https://photoresources.wtatennis.com/photo-resources/2026/04/16/77288aaf-4c7f-4b8e-86f6-315c2ef872c5/WTA-Tournament_Cincinnati-2024.png?height=128,https://www.wtatennis.com/tournaments/1017/cincinnati/2019,Premier 5,Hard,https://www.wtatennis.com/resources/v7.42.8/i/elements/1000k-tag.svg,2019-08-12,2019-08-18,2019,8,Cincinnati,EST,OH,US,USA,840,019,,America,Northern America,USA,20.0,90.0,15600.0,64M/32Q/32D,Western & Southern Open,,103,4,25.75,10,2.5,Anett Kontaveit,,https://www.wtatennis.com/resources/v7.42.8/i/elements/flags/est.svg,R32,L,"4-6, 6-7 (2)",https://www.wtatennis.com/players/318425/anett-kontaveit,False,False,False,False,True,False,True,2,False,23,10,13,0,EE,EST,233,150,Europe,Northern Europe,EST,"4,6,None|6,7,2",Q,False
2,Western & Southern Open,https://photoresources.wtatennis.com/photo-resources/2026/04/16/77288aaf-4c7f-4b8e-86f6-315c2ef872c5/WTA-Tournament_Cincinnati-2024.png?height=128,https://www.wtatennis.com/tournaments/1017/cincinnati/2019,Premier 5,Hard,https://www.wtatennis.com/resources/v7.42.8/i/elements/1000k-tag.svg,2019-08-12,2019-08-18,2019,8,Cincinnati,FRA,OH,US,USA,840,019,,America,Northern America,USA,25.0,90.0,15600.0,64M/32Q/32D,Western & Southern Open,,103,4,25.75,10,2.5,Caroline Garcia,,https://www.wtatennis.com/resources/v7.42.8/i/elements/flags/fra.svg,R64,W,"7-6 (1), 6-1",https://www.wtatennis.com/players/315391/caroline-garcia,False,False,False,True,False,False,True,2,True,20,13,7,1,FR,FRA,250,150,Europe,Western Europe,FRA,"7,6,1|6,1,None",Q,False
3,Western & Southern Open,https://photoresources.wtatennis.com/photo-resources/2026/04/16/77288aaf-4c7f-4b8e-86f6-315c2ef872c5/WTA-Tournament_Cincinnati-2024.png?height=128,https://www.wtatennis.com/tournaments/1017/cincinnati/2019,Premier 5,Hard,https://www.wtatennis.com/resources/v7.42.8/i/elements/1000k-tag.svg,2019-08-12,2019-08-18,2019,8,Cincinnati,CHN,OH,US,USA,840,019,,America,Northern America,USA,52.0,90.0,15600.0,64M/32Q/32D,Western & Southern Open,,103,4,25.75,10,2.5,Yafan Wang,6.0,https://www.wtatennis.com/resources/v7.42.8/i/elements/flags/chn.svg,QR2,W,"6-4, 3-6, 6-4",https://www.wtatennis.com/players/317510/yafan-wang,False,False,False,False,False,False,False,3,True,29,15,14,1,CN,CHN,156,142,Asia,East Asia,CHN,"6,4,None|3,6,None|6,4,None",Q,False
4,Western & Southern Open,https://photoresources.wtatennis.com/photo-resources/2026/04/16/77288aaf-4c7f-4b8e-86f6-315c2ef872c5/WTA-Tournament_Cincinnati-2024.png?height=128,https://www.wtatennis.com/tournaments/1017/cincinnati/2019,Premier 5,Hard,https://www.wtatennis.com/resources/v7.42.8/i/elements/1000k-tag.svg,2019-08-12,2019-08-18,2019,8,Cincinnati,UKR,OH,US,USA,840,019,,America,Northern America,USA,73.0,90.0,15600.0,64M/32Q/32D,Western & Southern Open,,103,4,25.75,10,2.5,Kateryna Baindl,,https://www.wtatennis.com/resources/v7.42.8/i/elements/flags/ukr.svg,QR1,W,"6-2, 6-7 (0), 6-4",https://www.wtatennis.com/players/316739/kateryna-baindl,False,False,False,False,True,False,True,3,True,31,18,13,1,UA,UKR,804,150,Europe,Eastern Europe,UKR,"6,2,None|6,7,0|6,4,None",Q,False
1,Rogers Cup Presented By National Bank,https://photoresources.wtatennis.com/photo-resources/2026/04/16/12d4c93e-8e56-4d81-ac72-ea0d1498127e/WTA-Tournament_Canada-English-2021.png?height=128,https://www.wtatennis.com/tournaments/806/montreal/2019,Premier 5,Hard,https://www.wtatennis.com/resources/v7.42.8/i/elements/1000k-tag.svg,2019-08-05,2019-08-11,2019,8,Toronto,JPN,,CA,CAN,124,019,,America,Northern America,CAN,2.0,135.0,29120.0,64M/64Q/32D,Rogers Cup Presented By National Bank,,94,5,18.8,10,2.0,Naomi Osaka,2.0,https://www.wtatennis.com/resources/v7.42.8/i/elements/flags/jpn.svg,R16,L,"6-7 (4), 4-6",https://www.wtatennis.com/players/319998/naomi-osaka,False,False,False,True,False,False,True,2,False,23,10,13,0,JP,JPN,392,142,Asia,East Asia,JPN,"6,7,4|4,6,None",Q,False
2,Rogers Cup Presented By National Bank,https://photoresources.wtatennis.com/photo-resources/2026/04/16/12d4c93e-8e56-4d81-ac72-ea0d1498127e/WTA-Tournament_Canada-English-2021.png?height=128,https://www.wtatennis.com/tournaments/806/montreal/2019,Premier 5,Hard,https://www.wtatennis.com/resources/v7.42.8/i/elements/1000k-tag.svg,2019-08-05,2019-08-11,2019,8,Toronto,DEN,,CA,CAN,124,019,,America,Northern America,CAN,18.0,135.0,29120.0,64M/64Q/32D,Rogers Cup Presented By National Bank,,94,5,18.8,10,2.0,Caroline Wozniacki,15.0,https://www.wtatennis.com/resources/v7.42.8/i/elements/flags/den.svg,R32,W,"1-6, 6-3, 6-4",https://www.wtatennis.com/players/313402/caroline-wozniacki,False,False,False,False,False,False,False,3,False,26,13,13,1,DK,DNK,208,150,Europe,Northern Europe,DEN,"1,6,None|6,3,None|6,4,None",Q,False
3,Rogers Cup Presented By National Bank,https://photoresources.wtatennis.com/photo-resources/2026/04/16/12d4c93e-8e56-4d81-ac72-ea0d1498127e/WTA-Tournament_Canada-English-2021.png?height=128,https://www.wtatennis.com/tournaments/806/montreal/2019,Premier 5,Hard,https://www.wtatennis.com/resources/v7.42.8/i/elements/1000k-tag.svg,2019-08-05,2019-08-11,2019,8,Toronto,AUS,,CA,CAN,124,019,,America,Northern America,CAN,45.0,135.0,29120.0,64M/64Q/32D,Rogers Cup Presented By National Bank,,94,5,18.8,10,2.0,Ajla Tomljanovic,,https://www.wtatennis.com/resources/v7.42.8/i/elements/flags/aus.svg,R64,W,4-1,https://www.wtatennis.com/players/315232/ajla-tomljanovic,True,False,False,False,False,False,False,1,False,5,4,1,1,AU,AUS,036,009,Oceania,Australasia,AUS,"4,1,None|Ret",Q,False
4,Rogers Cup Presented By National Bank,https://photoresources.wtatennis.com/photo-resources/2026/04/16/12d4c93e-8e56-4d81-ac72-ea0d1498127e/WTA-Tournament_Canada-English-2021.png?height=128,https://www.wtatennis.com/tournaments/806/montreal/2019,Premier 5,Hard,https://www.wtatennis.com/resources/v7.42.8/i/elements/1000k-tag.svg,2019-08-05,2019-08-11,2019,8,Toronto,GBR,,CA,CAN,124,019,Britain|UK|Great Britain|United Kingdom,America,Northern America,CAN,113.0,135.0,29120.0,64M/64Q/32D,Rogers Cup Presented By National Bank,,94,5,18.8,10,2.0,Heather Watson,21.0,https://www.wtatennis.com/resources/v7.42.8/i/elements/flags/gbr.svg,QR2,W,"6-4, 6-2",https://www.wtatennis.com/players/316981/heather-watson,False,False,False,False,False,False,False,2,True,18,12,6,1,GB,GBR,826,150,Europe,Northern Europe,ENG,"6,4,None|6,2,None",Q,False
5,Rogers Cup Presented By National Bank,https://photoresources.wtatennis.com/photo-resources/2026/04/16/12d4c93e-8e56-4d81-ac72-ea0d1498127e/WTA-Tournament_Canada-English-2021.png?height=128,https://www.wtatennis.com/tournaments/806/montreal/2019,Premier 5,Hard,https://www.wtatennis.com/resources/v7.42.8/i/elements/1000k-tag.svg,2019-08-05,2019-08-11,2019,8,Toronto,USA,,CA,CAN,124,019,United States of America|America|USA|US,America,Northern America,CAN,296.0,135.0,29120.0,64M/64Q/32D,Rogers Cup Presented By National Bank,,94,5,18.8,10,2.0,Shelby Rogers,,https://www.wtatennis.com/resources/v7.42.8/i/elements/flags/usa.svg,QR1,W,"6-4, 7-5",https://www.wtatennis.com/players/317421/shelby-rogers,False,False,False,False,False,False,False,2,True,22,13,9,1,US,USA,840,019,America,Northern America,USA,"6,4,None|7,5,None",Q,False
1,Citi Open,,https://www.wtatennis.com/tournaments/1045/washington-dc/2019,International,Hard,https://www.wtatennis.com/resources/v7.42.8/i/elements/250k-tag.svg,2019-07-29,2019-08-04,2019,7,Washington Dc,USA,DC,US,USA,840,019,United States of America|America|USA|US,America,Northern America,USA,79.0,30.0,3420.0,32M/16Q/16D,Citi Open,,59,2,29.5,6,3.0,Jessica Pegula,,https://www.wtatennis.com/resources/v7.42.8/i/elements/flags/usa.svg,R16,L,"7-5, 4-6, 1-6",https://www.wtatennis.com/players/316956/jessica-pegula,False,False,False,False,False,False,False,3,True,29,12,17,0,US,USA,840,019,America,Northern America,USA,"7,5,None|4,6,None|1,6,None",,
2,Citi Open,,https://www.wtatennis.com/tournaments/1045/washington-dc/2019,International,Hard,https://www.wtatennis.com/resources/v7.42.8/i/elements/250k-tag.svg,2019-07-29,2019-08-04,2019,7,Washington Dc,TUN,DC,US,USA,840,019,,America,Northern America,USA,59.0,30.0,3420.0,32M/16Q/16D,Citi Open,,59,2,29.5,6,3.0,Ons Jabeur,,https://www.wtatennis.com/resources/v7.42.8/i/elements/flags/tun.svg,R32,W,"4-6, 6-4, 6-4",https://www.wtatennis.com/players/316847/ons-jabeur,False,False,False,False,False,False,False,3,False,30,16,14,1,TN,TUN,788,002,Africa,North Africa,TUN,"4,6,None|6,4,None|6,4,None",,
1,Wimbledon,https://photoresources.wtatennis.com/photo-resources/2026/04/16/d29814e6-6e80-4015-b680-9a7f3cb065c3/WTA-Tournament_Wimbledon.png?height=128,https://www.wtatennis.com/tournaments/904/wimbledon/2019,Grand Slam,Grass,https://www.wtatennis.com/resources/v7.42.8/i/elements/gs-tag.svg,2019-07-01,2019-07-14,2019,7,Wimbledon,SUI,,GB,GBR,826,150,,Europe,Northern Europe,ENG,81.0,10.0,58241.0,128M/128Q/64D,The Championships,,21,1,21.0,2,2.0,Viktorija Golubic,,https://www.wtatennis.com/resources/v7.42.8/i/elements/flags/sui.svg,R128,L,"2-6, 6-7 (3)",https://www.wtatennis.com/players/316296/viktorija-golubic,False,False,False,False,True,False,True,2,False,21,8,13,0,CH,CHE,756,150,Europe,Central Europe,SUI,"2,6,None|6,7,3",,
1,Nature Valley International Eastbourne,,https://www.wtatennis.com/tournaments/710/eastbourne/2019,WTA 250,Grass,https://www.wtatennis.com/resources/v7.42.8/i/elements/250k-tag.svg,2019-06-23,2019-06-29,2019,6,Eastbourne,AUS,,GB,GBR,826,150,,Europe,Northern Europe,ENG,132.0,1.0,1400.0,64M/32Q/16D,Nature Valley International Eastbourne,,15,1,15.0,2,2.0,Samantha Stosur,,https://www.wtatennis.com/resources/v7.42.8/i/elements/flags/aus.svg,QR1,L,"0-6, 3-6",https://www.wtatennis.com/players/190787/samantha-stosur,False,False,False,False,False,False,False,2,False,15,3,12,0,AU,AUS,036,009,Oceania,Australasia,AUS,"0,6,None|3,6,None",,
1,Nature Valley Classic Birmingham,,https://www.wtatennis.com/tournaments/1052/birmingham/2019,Premier,Grass,https://www.wtatennis.com/resources/v7.42.8/i/elements/500k-tag.svg,2019-06-17,2019-06-23,2019,6,Birmingham,LAT,,GB,GBR,826,150,,Europe,Northern Europe,ENG,37.0,25.0,6915.0,32M/32Q/16D,Nature Valley Classic Birmingham,,95,4,23.75,10,2.5,Jelena Ostapenko,,https://www.wtatennis.com/resources/v7.42.8/i/elements/flags/lat.svg,R32,L,"0-6, 2-6",https://www.wtatennis.com/players/319939/jelena-ostapenko,False,False,False,False,False,False,False,2,False,14,2,12,0,,,,,,,LAT,"0,6,None|2,6,None",Q,False
2,Nature Valley Classic Birmingham,,https://www.wtatennis.com/tournaments/1052/birmingham/2019,Premier,Grass,https://www.wtatennis.com/resources/v7.42.8/i/elements/500k-tag.svg,2019-06-17,2019-06-23,2019,6,Birmingham,USA,,GB,GBR,826,150,United States of America|America|USA|US,Europe,Northern Europe,ENG,93.0,25.0,6915.0,32M/32Q/16D,Nature Valley Classic Birmingham,,95,4,23.75,10,2.5,Bernarda Pera,5.0,https://www.wtatennis.com/resources/v7.42.8/i/elements/flags/usa.svg,QR3,W,"2-6, 7-6 (6), 6-4",https://www.wtatennis.com/players/317708/bernarda-pera,False,False,False,False,True,False,True,3,False,31,15,16,1,US,USA,840,019,America,Northern America,USA,"2,6,None|7,6,6|6,4,None",Q,False
3,Nature Valley Classic Birmingham,,https://www.wtatennis.com/tournaments/1052/birmingham/2019,Premier,Grass,https://www.wtatennis.com/resources/v7.42.8/i/elements/500k-tag.svg,2019-06-17,2019-06-23,2019,6,Birmingham,AUS,,GB,GBR,826,150,,Europe,Northern Europe,ENG,197.0,25.0,6915.0,32M/32Q/16D,Nature Valley Classic Birmingham,,95,4,23.75,10,2.5,Destanee Aiava,,https://www.wtatennis.com/resources/v7.42.8/i/elements/flags/aus.svg,QR2,W,"6-7 (5), 6-3, 6-3",https://www.wtatennis.com/players/324219/destanee-aiava,False,False,False,True,False,False,True,3,False,31,18,13,1,AU,AUS,036,009,Oceania,Australasia,AUS,"6,7,5|6,3,None|6,3,None",Q,False
4,Nature Valley Classic Birmingham,,https://www.wtatennis.com/tournaments/1052/birmingham/2019,Premier,Grass,https://www.wtatennis.com/resources/v7.42.8/i/elements/500k-tag.svg,2019-06-17,2019-06-23,2019,6,Birmingham,ITA,,GB,GBR,826,150,,Europe,Northern Europe,ENG,166.0,25.0,6915.0,32M/32Q/16D,Nature Valley Classic Birmingham,,95,4,23.75,10,2.5,Martina Trevisan,,https://www.wtatennis.com/resources/v7.42.8/i/elements/flags/ita.svg,QR1,W,"6-3, 6-4",https://www.wtatennis.com/players/316266/martina-trevisan,False,False,False,False,False,False,False,2,True,19,12,7,1,IT,ITA,380,150,Europe,Southern Europe,ITA,"6,3,None|6,4,None",Q,False
1,Roland Garros,https://photoresources.wtatennis.com/photo-resources/2026/04/16/0893d8be-5450-4e36-a144-cdd958c1b484/WTA-Tournament_Roland-Garros.png?height=128,https://www.wtatennis.com/tournaments/903/roland-garros/2019,Grand Slam,Clay,https://www.wtatennis.com/resources/v7.42.8/i/elements/gs-tag.svg,2019-05-26,2019-06-09,2019,5,Paris,ROU,,FR,FRA,250,150,,Europe,Western Europe,FRA,3.0,240.0,279922.0,128M/128Q/64D,Roland Garros,,67,4,16.75,9,2.25,Simona Halep,3.0,https://www.wtatennis.com/resources/v7.42.8/i/elements/flags/rou.svg,R16,L,"1-6, 0-6",https://www.wtatennis.com/players/314320/simona-halep,False,False,False,False,False,False,False,2,False,13,1,12,0,RO,ROU,642,150,Europe,Southeastern Europe,ROU,"1,6,None|0,6,None",,
2,Roland Garros,https://photoresources.wtatennis.com/photo-resources/2026/04/16/0893d8be-5450-4e36-a144-cdd958c1b484/WTA-Tournament_Roland-Garros.png?height=128,https://www.wtatennis.com/tournaments/903/roland-garros/2019,Grand Slam,Clay,https://www.wtatennis.com/resources/v7.42.8/i/elements/gs-tag.svg,2019-05-26,2019-06-09,2019,5,Paris,PUR,,FR,FRA,250,150,,Europe,Western Europe,FRA,59.0,240.0,279922.0,128M/128Q/64D,Roland Garros,,67,4,16.75,9,2.25,Monica Puig,,https://www.wtatennis.com/resources/v7.42.8/i/elements/flags/pur.svg,R32,W,"0-6, 6-3, 6-3",https://www.wtatennis.com/players/317755/monica-puig,False,False,False,False,False,False,False,3,False,24,12,12,1,PR,PRI,630,019,America,Caribbean,PUR,"0,6,None|6,3,None|6,3,None",,
3,Roland Garros,https://photoresources.wtatennis.com/photo-resources/2026/04/16/0893d8be-5450-4e36-a144-cdd958c1b484/WTA-Tournament_Roland-Garros.png?height=128,https://www.wtatennis.com/tournaments/903/roland-garros/2019,Grand Slam,Clay,https://www.wtatennis.com/resources/v7.42.8/i/elements/gs-tag.svg,2019-05-26,2019-06-09,2019,5,Paris,CHN,,FR,FRA,250,150,,Europe,Western Europe,FRA,16.0,240.0,279922.0,128M/128Q/64D,Roland Garros,,67,4,16.75,9,2.25,Qiang Wang,16.0,https://www.wtatennis.com/resources/v7.42.8/i/elements/flags/chn.svg,R64,W,"6-3, 6-0",https://www.wtatennis.com/players/314429/qiang-wang,False,False,False,False,False,False,False,2,True,15,12,3,1,CN,CHN,156,142,Asia,East Asia,CHN,"6,3,None|6,0,None",,
4,Roland Garros,https://photoresources.wtatennis.com/photo-resources/2026/04/16/0893d8be-5450-4e36-a144-cdd958c1b484/WTA-Tournament_Roland-Garros.png?height=128,https://www.wtatennis.com/tournaments/903/roland-garros/2019,Grand Slam,Clay,https://www.wtatennis.com/resources/v7.42.8/i/elements/gs-tag.svg,2019-05-26,2019-06-09,2019,5,Paris,FRA,,FR,FRA,250,150,,Europe,Western Europe,FRA,,240.0,279922.0,128M/128Q/64D,Roland Garros,,67,4,16.75,9,2.25,Selena Janicijevic,,https://www.wtatennis.com/resources/v7.42.8/i/elements/flags/fra.svg,R128,W,"6-3, 6-0",https://www.wtatennis.com/players/329090/selena-janicijevic,False,False,False,False,False,False,False,2,True,15,12,3,1,FR,FRA,250,150,Europe,Western Europe,FRA,"6,3,None|6,0,None",,
1,J&T Banka Prague Open,,https://www.wtatennis.com/tournaments/1082/prague/2019,International,Clay,https://www.wtatennis.com/resources/v7.42.8/i/elements/250k-tag.svg,2019-04-29,2019-05-04,2019,4,Prague,CZE,,CZ,CZE,203,150,,Europe,Central Europe,CZE,106.0,18.0,1925.0,32M/32Q/16D,J&T Banka Prague Open,,86,4,21.5,10,2.5,Karolina Muchova,,https://www.wtatennis.com/resources/v7.42.8/i/elements/flags/cze.svg,R32,L,"6-4, 1-6, 4-6",https://www.wtatennis.com/players/322191/karolina-muchova,False,False,False,False,False,False,False,3,True,27,11,16,0,CZ,CZE,203,150,Europe,Central Europe,CZE,"6,4,None|1,6,None|4,6,None",Q,False
2,J&T Banka Prague Open,,https://www.wtatennis.com/tournaments/1082/prague/2019,International,Clay,https://www.wtatennis.com/resources/v7.42.8/i/elements/250k-tag.svg,2019-04-29,2019-05-04,2019,4,Prague,GER,,CZ,CZE,203,150,,Europe,Central Europe,CZE,151.0,18.0,1925.0,32M/32Q/16D,J&T Banka Prague Open,,86,4,21.5,10,2.5,Tamara Korpatsch,,https://www.wtatennis.com/resources/v7.42.8/i/elements/flags/ger.svg,QR3,W,"6-3, 3-6, 6-3",https://www.wtatennis.com/players/319571/tamara-korpatsch,False,False,False,False,False,False,False,3,True,27,15,12,1,DE,DEU,276,150,Europe,Central Europe,GER,"6,3,None|3,6,None|6,3,None",Q,False
3,J&T Banka Prague Open,,https://www.wtatennis.com/tournaments/1082/prague/2019,International,Clay,https://www.wtatennis.com/resources/v7.42.8/i/elements/250k-tag.svg,2019-04-29,2019-05-04,2019,4,Prague,GEO,,CZ,CZE,203,150,,Europe,Central Europe,CZE,148.0,18.0,1925.0,32M/32Q/16D,J&T Banka Prague Open,,86,4,21.5,10,2.5,Ekaterine Gorgodze,,https://www.wtatennis.com/resources/v7.42.8/i/elements/flags/geo.svg,QR2,W,"6-3, 6-3",https://www.wtatennis.com/players/314660/ekaterine-gorgodze,False,False,False,False,False,False,False,2,True,18,12,6,1,GE,GEO,268,142,Asia,Western Asia,GEO,"6,3,None|6,3,None",Q,False
4,J&T Banka Prague Open,,https://www.wtatennis.com/tournaments/1082/prague/2019,International,Clay,https://www.wtatennis.com/resources/v7.42.8/i/elements/250k-tag.svg,2019-04-29,2019-05-04,2019,4,Prague,ITA,,CZ,CZE,203,150,,Europe,Central Europe,CZE,256.0,18.0,1925.0,32M/32Q/16D,J&T Banka Prague Open,,86,4,21.5,10,2.5,Anastasia Grymalska,,https://www.wtatennis.com/resources/v7.42.8/i/elements/flags/ita.svg,QR1,W,"6-2, 6-0",https://www.wtatennis.com/players/313949/anastasia-grymalska,False,False,False,False,False,False,False,2,True,14,12,2,1,IT,ITA,380,150,Europe,Southern Europe,ITA,"6,2,None|6,0,None",Q,False
1,Samsung Open Presented By Corner,,https://www.wtatennis.com/tournaments/1101/lugano/2019,International,Clay,https://www.wtatennis.com/resources/v7.42.8/i/elements/250k-tag.svg,2019-04-08,2019-04-14,2019,4,Lugano,SLO,,CH,CHE,756,150,,Europe,Central Europe,SUI,89.0,180.0,21400.0,32M/32Q/16D,Samsung Open Presented By Corner,,108,5,21.6,13,2.6,Polona Hercog,,https://www.wtatennis.com/resources/v7.42.8/i/elements/flags/slo.svg,F,L,"3-6, 6-3, 3-6",https://www.wtatennis.com/players/313968/polona-hercog,False,False,False,False,False,False,False,3,False,27,12,15,0,,,,,,,SLO,"3,6,None|6,3,None|3,6,None",,
2,Samsung Open Presented By Corner,,https://www.wtatennis.com/tournaments/1101/lugano/2019,International,Clay,https://www.wtatennis.com/resources/v7.42.8/i/elements/250k-tag.svg,2019-04-08,2019-04-14,2019,4,Lugano,CZE,,CH,CHE,756,150,,Europe,Central Europe,SUI,101.0,180.0,21400.0,32M/32Q/16D,Samsung Open Presented By Corner,,108,5,21.6,13,2.6,Kristyna Pliskova,,https://www.wtatennis.com/resources/v7.42.8/i/elements/flags/cze.svg,SF,W,"6-0, 6-1",https://www.wtatennis.com/players/313975/kristyna-pliskova,False,False,False,False,False,False,False,2,True,13,12,1,1,CZ,CZE,203,150,Europe,Central Europe,CZE,"6,0,None|6,1,None",,
3,Samsung Open Presented By Corner,,https://www.wtatennis.com/tournaments/1101/lugano/2019,International,Clay,https://www.wtatennis.com/resources/v7.42.8/i/elements/250k-tag.svg,2019-04-08,2019-04-14,2019,4,Lugano,BLR,,CH,CHE,756,150,,Europe,Central Europe,SUI,65.0,180.0,21400.0,32M/32Q/16D,Samsung Open Presented By Corner,,108,5,21.6,13,2.6,Vera Lapko,8.0,https://www.wtatennis.com/resources/v7.42.8/i/elements/flags/blr.svg,QF,W,"4-6, 6-4, 6-1",https://www.wtatennis.com/players/322730/vera-lapko,False,False,False,False,False,False,False,3,False,27,16,11,1,BY,BLR,112,150,Europe,Eastern Europe,BLR,"4,6,None|6,4,None|6,1,None",,
4,Samsung Open Presented By Corner,,https://www.wtatennis.com/tournaments/1101/lugano/2019,International,Clay,https://www.wtatennis.com/resources/v7.42.8/i/elements/250k-tag.svg,2019-04-08,2019-04-14,2019,4,Lugano,SVK,,CH,CHE,756,150,,Europe,Central Europe,SUI,46.0,180.0,21400.0,32M/32Q/16D,Samsung Open Presented By Corner,,108,5,21.6,13,2.6,Viktoria Hruncakova,3.0,https://www.wtatennis.com/resources/v7.42.8/i/elements/flags/svk.svg,R16,W,"6-3, 3-6, 6-2",https://www.wtatennis.com/players/322277/viktoria-hruncakova,False,False,False,False,False,False,False,3,True,26,15,11,1,SK,SVK,703,150,Europe,Central Europe,SVK,"6,3,None|3,6,None|6,2,None",,
5,Samsung Open Presented By Corner,,https://www.wtatennis.com/tournaments/1101/lugano/2019,International,Clay,https://www.wtatennis.com/resources/v7.42.8/i/elements/250k-tag.svg,2019-04-08,2019-04-14,2019,4,Lugano,UKR,,CH,CHE,756,150,,Europe,Central Europe,SUI,177.0,180.0,21400.0,32M/32Q/16D,Samsung Open Presented By Corner,,108,5,21.6,13,2.6,Katarina Zavatska,,https://www.wtatennis.com/resources/v7.42.8/i/elements/flags/ukr.svg,R32,W,"6-3, 6-0",https://www.wtatennis.com/players/324584/katarina-zavatska,False,False,False,False,False,False,False,2,True,15,12,3,1,UA,UKR,804,150,Europe,Eastern Europe,UKR,"6,3,None|6,0,None",,
1,Miami Open Presented By Itau,https://photoresources.wtatennis.com/photo-resources/2026/04/16/e0f2d5a2-cc05-4b2a-8377-f57edf6eaaa2/WTA-Tournament_Miami-2024.png?height=128,https://www.wtatennis.com/tournaments/902/miami/2019,Premier Mandatory,Hard,https://www.wtatennis.com/resources/v7.42.8/i/elements/1000k-tag.svg,2019-03-19,2019-03-30,2019,3,Miami,USA,FL,US,USA,840,019,United States of America|America|USA|US,America,Northern America,USA,142.0,20.0,6790.0,128M/64Q/32D,Miami Open Presented By Itau,,43,2,21.5,4,2.0,Sachia Vickery,,https://www.wtatennis.com/resources/v7.42.8/i/elements/flags/usa.svg,QR2,L,"6-7 (2), 4-6",https://www.wtatennis.com/players/317443/sachia-vickery,False,False,False,True,False,False,True,2,False,23,10,13,0,US,USA,840,019,America,Northern America,USA,"6,7,2|4,6,None",,
2,Miami Open Presented By Itau,https://photoresources.wtatennis.com/photo-resources/2026/04/16/e0f2d5a2-cc05-4b2a-8377-f57edf6eaaa2/WTA-Tournament_Miami-2024.png?height=128,https://www.wtatennis.com/tournaments/902/miami/2019,Premier Mandatory,Hard,https://www.wtatennis.com/resources/v7.42.8/i/elements/1000k-tag.svg,2019-03-19,2019-03-30,2019,3,Miami,KAZ,FL,US,USA,840,019,,America,Northern America,USA,92.0,20.0,6790.0,128M/64Q/32D,Miami Open Presented By Itau,,43,2,21.5,4,2.0,Zarina Diyas,15.0,https://www.wtatennis.com/resources/v7.42.8/i/elements/flags/kaz.svg,QR1,W,"6-2, 7-5",https://www.wtatennis.com/players/315696/zarina-diyas,False,False,False,False,False,False,False,2,True,20,13,7,1,KZ,KAZ,398,142,Asia,Central Asia,KAZ,"6,2,None|7,5,None",,
1,Bnp Paribas Open,https://photoresources.wtatennis.com/photo-resources/2026/04/16/a1736320-dd92-4829-8aa8-846c2edef410/WTA-Tournament_Indian-Wells-2017.png?height=128,https://www.wtatennis.com/tournaments/609/indian-wells/2019,Premier Mandatory,Hard,https://www.wtatennis.com/resources/v7.42.8/i/elements/1000k-tag.svg,2019-03-06,2019-03-17,2019,3,Indian Wells,BEL,CA,US,USA,840,019,,America,Northern America,USA,144.0,20.0,6790.0,128M/64Q/32D,Bnp Paribas Open,,53,2,26.5,6,3.0,Ysaline Bonaventure,,https://www.wtatennis.com/resources/v7.42.8/i/elements/flags/bel.svg,QR2,L,"6-1, 2-6, 4-6",https://www.wtatennis.com/players/317317/ysaline-bonaventure,False,False,False,False,False,False,False,3,True,25,12,13,0,BE,BEL,056,150,Europe,Western Europe,BEL,"6,1,None|2,6,None|4,6,None",,
2,Bnp Paribas Open,https://photoresources.wtatennis.com/photo-resources/2026/04/16/a1736320-dd92-4829-8aa8-846c2edef410/WTA-Tournament_Indian-Wells-2017.png?height=128,https://www.wtatennis.com/tournaments/609/indian-wells/2019,Premier Mandatory,Hard,https://www.wtatennis.com/resources/v7.42.8/i/elements/1000k-tag.svg,2019-03-06,2019-03-17,2019,3,Indian Wells,ESP,CA,US,USA,840,019,Kingdom of Spain,America,Northern America,USA,88.0,20.0,6790.0,128M/64Q/32D,Bnp Paribas Open,,53,2,26.5,6,3.0,Lara Arruabarrena,7.0,https://www.wtatennis.com/resources/v7.42.8/i/elements/flags/esp.svg,QR1,W,"6-1, 6-7 (6), 6-2",https://www.wtatennis.com/players/315296/lara-arruabarrena,False,False,False,False,True,False,True,3,True,28,18,10,1,ES,ESP,724,150,Europe,Southern Europe,ESP,"6,1,None|6,7,6|6,2,None",,
1,Hungarian Ladies Open,,https://www.wtatennis.com/tournaments/1097/budapest/2019,International,Hard,https://www.wtatennis.com/resources/v7.42.8/i/elements/250k-tag.svg,2019-02-18,2019-02-24,2019,2,Budapest,BEL,,HU,HUN,348,150,,Europe,Central Europe,HUN,50.0,48.0,3400.0,32M/32Q/16D,Hungarian Ladies Open,,71,4,17.75,8,2.0,Alison Van Uytvanck,1.0,https://www.wtatennis.com/resources/v7.42.8/i/elements/flags/bel.svg,R16,L,"4-6, 5-7",https://www.wtatennis.com/players/317819/alison-van-uytvanck,False,False,False,False,False,False,False,2,False,22,9,13,0,BE,BEL,056,150,Europe,Western Europe,BEL,"4,6,None|5,7,None",Q,False
2,Hungarian Ladies Open,,https://www.wtatennis.com/tournaments/1097/budapest/2019,International,Hard,https://www.wtatennis.com/resources/v7.42.8/i/elements/250k-tag.svg,2019-02-18,2019-02-24,2019,2,Budapest,SRB,,HU,HUN,348,150,,Europe,Central Europe,HUN,114.0,48.0,3400.0,32M/32Q/16D,Hungarian Ladies Open,,71,4,17.75,8,2.0,Olga Danilovic,,https://www.wtatennis.com/resources/v7.42.8/i/elements/flags/srb.svg,R32,W,"6-3, 6-0",https://www.wtatennis.com/players/324934/olga-danilovic,False,False,False,False,False,False,False,2,True,15,12,3,1,RS,SRB,688,150,Europe,Southeastern Europe,SRB,"6,3,None|6,0,None",Q,False
3,Hungarian Ladies Open,,https://www.wtatennis.com/tournaments/1097/budapest/2019,International,Hard,https://www.wtatennis.com/resources/v7.42.8/i/elements/250k-tag.svg,2019-02-18,2019-02-24,2019,2,Budapest,BUL,,HU,HUN,348,150,,Europe,Central Europe,HUN,158.0,48.0,3400.0,32M/32Q/16D,Hungarian Ladies Open,,71,4,17.75,8,2.0,Viktoriya Tomova,12.0,https://www.wtatennis.com/resources/v7.42.8/i/elements/flags/bul.svg,QR2,W,"6-3, 6-2",https://www.wtatennis.com/players/317584/viktoriya-tomova,False,False,False,False,False,False,False,2,True,17,12,5,1,BG,BGR,100,150,Europe,Southeastern Europe,BUL,"6,3,None|6,2,None",Q,False
4,Hungarian Ladies Open,,https://www.wtatennis.com/tournaments/1097/budapest/2019,International,Hard,https://www.wtatennis.com/resources/v7.42.8/i/elements/250k-tag.svg,2019-02-18,2019-02-24,2019,2,Budapest,NED,,HU,HUN,348,150,,Europe,Central Europe,HUN,161.0,48.0,3400.0,32M/32Q/16D,Hungarian Ladies Open,,71,4,17.75,8,2.0,Bibiane Schoofs,,https://www.wtatennis.com/resources/v7.42.8/i/elements/flags/ned.svg,QR1,W,"6-2, 6-3",https://www.wtatennis.com/players/311597/bibiane-schoofs,False,False,False,False,False,False,False,2,True,17,12,5,1,NL,NLD,528,150,Europe,Western Europe,NED,"6,2,None|6,3,None",Q,False
1,Group 1 Event A Playoffs Europe/Africa,https://www.wtatennis.com/resources/v7.42.8/i/elements/itf.png,,ITF,Hard,https://www.wtatennis.com/resources/v7.42.8/i/elements/itf.png,2019-02-09,2019-02-09,2019,2,Zielona Gora,UKR,,PL,POL,616,150,,Europe,Central Europe,POL,34.0,,,12M/0Q/2D,Group 1 Event A Playoffs Europe/Africa,,23,1,23.0,2,2.0,Dayana Yastremska,,https://www.wtatennis.com/resources/v7.42.8/i/elements/flags/ukr.svg,Round 1 R1,L,"6-7 (2), 4-6",https://www.wtatennis.com/players/324261/dayana-yastremska,False,False,False,True,False,False,True,2,False,23,10,13,0,UA,UKR,804,150,Europe,Eastern Europe,UKR,"6,7,2|4,6,None",,
1,Australian Open,https://photoresources.wtatennis.com/photo-resources/2026/04/16/6b041ce4-8b08-4fff-be75-89d1c452c157/WTA-Tournament_Australian-Open.png?height=128,https://www.wtatennis.com/tournaments/901/australian-open/2019,Grand Slam,Hard,https://www.wtatennis.com/resources/v7.42.8/i/elements/gs-tag.svg,2019-01-14,2019-01-26,2019,1,Melbourne,ITA,,AU,AUS,036,009,,Oceania,Australasia,AUS,28.0,110.0,78121.0,128M/128Q/64D,Australian Open,,111,5,22.2,12,2.4,Camila Giorgi,27.0,https://www.wtatennis.com/resources/v7.42.8/i/elements/flags/ita.svg,R64,L,"2-6, 0-6",https://www.wtatennis.com/players/314610/camila-giorgi,False,False,False,False,False,False,False,2,False,14,2,12,0,IT,ITA,380,150,Europe,Southern Europe,ITA,"2,6,None|0,6,None",Q,False
2,Australian Open,https://photoresources.wtatennis.com/photo-resources/2026/04/16/6b041ce4-8b08-4fff-be75-89d1c452c157/WTA-Tournament_Australian-Open.png?height=128,https://www.wtatennis.com/tournaments/901/australian-open/2019,Grand Slam,Hard,https://www.wtatennis.com/resources/v7.42.8/i/elements/gs-tag.svg,2019-01-14,2019-01-26,2019,1,Melbourne,ROU,,AU,AUS,036,009,,Oceania,Australasia,AUS,82.0,110.0,78121.0,128M/128Q/64D,Australian Open,,111,5,22.2,12,2.4,Ana Bogdan,,https://www.wtatennis.com/resources/v7.42.8/i/elements/flags/rou.svg,R128,W,"6-3, 3-6, 6-4",https://www.wtatennis.com/players/315427/ana-bogdan,False,False,False,False,False,False,False,3,True,28,15,13,1,RO,ROU,642,150,Europe,Southeastern Europe,ROU,"6,3,None|3,6,None|6,4,None",Q,False
3,Australian Open,https://photoresources.wtatennis.com/photo-resources/2026/04/16/6b041ce4-8b08-4fff-be75-89d1c452c157/WTA-Tournament_Australian-Open.png?height=128,https://www.wtatennis.com/tournaments/901/australian-open/2019,Grand Slam,Hard,https://www.wtatennis.com/resources/v7.42.8/i/elements/gs-tag.svg,2019-01-14,2019-01-26,2019,1,Melbourne,USA,,AU,AUS,036,009,United States of America|America|USA|US,Oceania,Australasia,AUS,169.0,110.0,78121.0,128M/128Q/64D,Australian Open,,111,5,22.2,12,2.4,Danielle Lao,,https://www.wtatennis.com/resources/v7.42.8/i/elements/flags/usa.svg,QR3,W,"6-1, 6-3",https://www.wtatennis.com/players/316771/danielle-lao,False,False,False,False,False,False,False,2,True,16,12,4,1,US,USA,840,019,America,Northern America,USA,"6,1,None|6,3,None",Q,False
4,Australian Open,https://photoresources.wtatennis.com/photo-resources/2026/04/16/6b041ce4-8b08-4fff-be75-89d1c452c157/WTA-Tournament_Australian-Open.png?height=128,https://www.wtatennis.com/tournaments/901/australian-open/2019,Grand Slam,Hard,https://www.wtatennis.com/resources/v7.42.8/i/elements/gs-tag.svg,2019-01-14,2019-01-26,2019,1,Melbourne,ESP,,AU,AUS,036,009,Kingdom of Spain,Oceania,Australasia,AUS,166.0,110.0,78121.0,128M/128Q/64D,Australian Open,,111,5,22.2,12,2.4,Aliona Bolsova,,https://www.wtatennis.com/resources/v7.42.8/i/elements/flags/esp.svg,QR2,W,"7-6 (1), 6-2",https://www.wtatennis.com/players/320735/aliona-bolsova,False,False,False,True,False,False,True,2,True,21,13,8,1,ES,ESP,724,150,Europe,Southern Europe,ESP,"7,6,1|6,2,None",Q,False
5,Australian Open,https://photoresources.wtatennis.com/photo-resources/2026/04/16/6b041ce4-8b08-4fff-be75-89d1c452c157/WTA-Tournament_Australian-Open.png?height=128,https://www.wtatennis.com/tournaments/901/australian-open/2019,Grand Slam,Hard,https://www.wtatennis.com/resources/v7.42.8/i/elements/gs-tag.svg,2019-01-14,2019-01-26,2019,1,Melbourne,SRB,,AU,AUS,036,009,,Oceania,Australasia,AUS,109.0,110.0,78121.0,128M/128Q/64D,Australian Open,,111,5,22.2,12,2.4,Olga Danilovic,6.0,https://www.wtatennis.com/resources/v7.42.8/i/elements/flags/srb.svg,QR1,W,"1-6, 7-6 (4), 7-5",https://www.wtatennis.com/players/324934/olga-danilovic,False,False,False,False,True,False,True,3,False,32,15,17,1,RS,SRB,688,150,Europe,Southeastern Europe,SRB,"1,6,None|7,6,4|7,5,None",Q,False
1,Asb Classic 2019,,https://www.wtatennis.com/tournaments/1049/auckland/2019,International,Hard,https://www.wtatennis.com/resources/v7.42.8/i/elements/250k-tag.svg,2019-12-31,2019-01-06,2019,12,Auckland,SVK,,NZ,NZL,554,009,,Oceania,Australasia,NZL,188.0,14.0,1005.0,32M/32Q/16D,Asb Classic 2019,,73,3,24.333333333333332,8,2.6666666666666665,Jana Cepelova,,https://www.wtatennis.com/resources/v7.42.8/i/elements/flags/svk.svg,QR3,L,"2-6, 6-4, 4-6",https://www.wtatennis.com/players/316774/jana-cepelova,False,False,False,False,False,False,False,3,False,28,12,16,0,SK,SVK,703,150,Europe,Central Europe,SVK,"2,6,None|6,4,None|4,6,None",,
2,Asb Classic 2019,,https://www.wtatennis.com/tournaments/1049/auckland/2019,International,Hard,https://www.wtatennis.com/resources/v7.42.8/i/elements/250k-tag.svg,2019-12-31,2019-01-06,2019,12,Auckland,USA,,NZ,NZL,554,009,United States of America|America|USA|US,Oceania,Australasia,NZL,141.0,14.0,1005.0,32M/32Q/16D,Asb Classic 2019,,73,3,24.333333333333332,8,2.6666666666666665,Claire Liu,2.0,https://www.wtatennis.com/resources/v7.42.8/i/elements/flags/usa.svg,QR2,W,"3-6, 7-5, 6-2",https://www.wtatennis.com/players/323966/claire-liu,False,False,False,False,False,False,False,3,False,29,16,13,1,US,USA,840,019,America,Northern America,USA,"3,6,None|7,5,None|6,2,None",,
3,Asb Classic 2019,,https://www.wtatennis.com/tournaments/1049/auckland/2019,International,Hard,https://www.wtatennis.com/resources/v7.42.8/i/elements/250k-tag.svg,2019-12-31,2019-01-06,2019,12,Auckland,NZL,,NZ,NZL,554,009,,Oceania,Australasia,NZL,,14.0,1005.0,32M/32Q/16D,Asb Classic 2019,,73,3,24.333333333333332,8,2.6666666666666665,Elys Ventura,,https://www.wtatennis.com/resources/v7.42.8/i/elements/flags/nzl.svg,QR1,W,"6-2, 6-2",https://www.wtatennis.com/players/329350/elys-ventura,False,False,False,False,False,False,False,2,True,16,12,4,1,NZ,NZL,554,009,Oceania,Australasia,NZL,"6,2,None|6,2,None",,
1,"Itf/Tennis Europe $60,000",https://www.wtatennis.com/resources/v7.42.8/i/elements/itf.png,,ITF,Clay,https://www.wtatennis.com/resources/v7.42.8/i/elements/itf.png,2018-09-04,2018-09-09,2018,9,Montreux,BEL,,CH,CHE,756,150,,Europe,Central Europe,SUI,,,9119.0,32M/32Q/16D,"Itf/Tennis Europe $60,000",,86,5,17.2,11,2.2,Kimberley Zimmermann,,https://www.wtatennis.com/resources/v7.42.8/i/elements/flags/bel.svg,F,W,"6-2, 6-2",https://www.wtatennis.com/players/318273/kimberley-zimmermann,False,False,False,False,False,False,False,2,True,16,12,4,1,BE,BEL,056,150,Europe,Western Europe,BEL,"6,2,None|6,2,None",,
2,"Itf/Tennis Europe $60,000",https://www.wtatennis.com/resources/v7.42.8/i/elements/itf.png,,ITF,Clay,https://www.wtatennis.com/resources/v7.42.8/i/elements/itf.png,2018-09-04,2018-09-09,2018,9,Montreux,COL,,CH,CHE,756,150,,Europe,Central Europe,SUI,,,9119.0,32M/32Q/16D,"Itf/Tennis Europe $60,000",,86,5,17.2,11,2.2,Mariana Duque-Mariño,1.0,https://www.wtatennis.com/resources/v7.42.8/i/elements/flags/col.svg,SF,W,"6-2, 6-3",https://www.wtatennis.com/players/312572/mariana-duque-mari-o,False,False,False,False,False,False,False,2,True,17,12,5,1,CO,COL,170,019,America,Northern South America,COL,"6,2,None|6,3,None",,
3,"Itf/Tennis Europe $60,000",https://www.wtatennis.com/resources/v7.42.8/i/elements/itf.png,,ITF,Clay,https://www.wtatennis.com/resources/v7.42.8/i/elements/itf.png,2018-09-04,2018-09-09,2018,9,Montreux,ROU,,CH,CHE,756,150,,Europe,Central Europe,SUI,,,9119.0,32M/32Q/16D,"Itf/Tennis Europe $60,000",,86,5,17.2,11,2.2,Elena-Gabriela Ruse,,https://www.wtatennis.com/resources/v7.42.8/i/elements/flags/rou.svg,QF,W,"2-6, 6-1, 6-2",https://www.wtatennis.com/players/320408/elena-gabriela-ruse,False,False,False,False,False,False,False,3,False,23,14,9,1,RO,ROU,642,150,Europe,Southeastern Europe,ROU,"2,6,None|6,1,None|6,2,None",,
4,"Itf/Tennis Europe $60,000",https://www.wtatennis.com/resources/v7.42.8/i/elements/itf.png,,ITF,Clay,https://www.wtatennis.com/resources/v7.42.8/i/elements/itf.png,2018-09-04,2018-09-09,2018,9,Montreux,LAT,,CH,CHE,756,150,,Europe,Central Europe,SUI,,,9119.0,32M/32Q/16D,"Itf/Tennis Europe $60,000",,86,5,17.2,11,2.2,Diana Marcinkevica,,https://www.wtatennis.com/resources/v7.42.8/i/elements/flags/lat.svg,R16,W,"6-0, 6-1",https://www.wtatennis.com/players/316481/diana-marcinkevica,False,False,False,False,False,False,False,2,True,13,12,1,1,,,,,,,LAT,"6,0,None|6,1,None",,
5,"Itf/Tennis Europe $60,000",https://www.wtatennis.com/resources/v7.42.8/i/elements/itf.png,,ITF,Clay,https://www.wtatennis.com/resources/v7.42.8/i/elements/itf.png,2018-09-04,2018-09-09,2018,9,Montreux,FRA,,CH,CHE,756,150,,Europe,Central Europe,SUI,,,9119.0,32M/32Q/16D,"Itf/Tennis Europe $60,000",,86,5,17.2,11,2.2,Amandine Hesse,,https://www.wtatennis.com/resources/v7.42.8/i/elements/flags/fra.svg,R32,W,"6-4, 6-1",https://www.wtatennis.com/players/315148/amandine-hesse,False,False,False,False,False,False,False,2,True,17,12,5,1,FR,FRA,250,150,Europe,Western Europe,FRA,"6,4,None|6,1,None",,
1,"Itf/Tennis Europe $60,000",https://www.wtatennis.com/resources/v7.42.8/i/elements/itf.png,,ITF,Clay,https://www.wtatennis.com/resources/v7.42.8/i/elements/itf.png,2018-08-27,2018-09-01,2018,8,Budapest 3,UKR,,HU,HUN,348,150,,Europe,Central Europe,HUN,203.0,,9119.0,32M/32Q/16D,"Itf/Tennis Europe $60,000",,83,5,16.6,11,2.2,Katarina Zavatska,7.0,https://www.wtatennis.com/resources/v7.42.8/i/elements/flags/ukr.svg,F,W,"6-2, 6-2",https://www.wtatennis.com/players/324584/katarina-zavatska,False,False,False,False,False,False,False,2,True,16,12,4,1,UA,UKR,804,150,Europe,Eastern Europe,UKR,"6,2,None|6,2,None",,
2,"Itf/Tennis Europe $60,000",https://www.wtatennis.com/resources/v7.42.8/i/elements/itf.png,,ITF,Clay,https://www.wtatennis.com/resources/v7.42.8/i/elements/itf.png,2018-08-27,2018-09-01,2018,8,Budapest 3,AUT,,HU,HUN,348,150,,Europe,Central Europe,HUN,237.0,,9119.0,32M/32Q/16D,"Itf/Tennis Europe $60,000",,83,5,16.6,11,2.2,Barbara Haas,,https://www.wtatennis.com/resources/v7.42.8/i/elements/flags/aut.svg,SF,W,"6-2, 6-3",https://www.wtatennis.com/players/318424/barbara-haas,False,False,False,False,False,False,False,2,True,17,12,5,1,AT,AUT,040,150,Europe,Central Europe,AUT,"6,2,None|6,3,None",,
3,"Itf/Tennis Europe $60,000",https://www.wtatennis.com/resources/v7.42.8/i/elements/itf.png,,ITF,Clay,https://www.wtatennis.com/resources/v7.42.8/i/elements/itf.png,2018-08-27,2018-09-01,2018,8,Budapest 3,ESP,,HU,HUN,348,150,Kingdom of Spain,Europe,Central Europe,HUN,190.0,,9119.0,32M/32Q/16D,"Itf/Tennis Europe $60,000",,83,5,16.6,11,2.2,Sílvia Soler-Espinosa,4.0,https://www.wtatennis.com/resources/v7.42.8/i/elements/flags/esp.svg,QF,W,"6-0, 6-4",https://www.wtatennis.com/players/311493/s-lvia-soler-espinosa,False,False,False,False,False,False,False,2,True,16,12,4,1,ES,ESP,724,150,Europe,Southern Europe,ESP,"6,0,None|6,4,None",,
4,"Itf/Tennis Europe $60,000",https://www.wtatennis.com/resources/v7.42.8/i/elements/itf.png,,ITF,Clay,https://www.wtatennis.com/resources/v7.42.8/i/elements/itf.png,2018-08-27,2018-09-01,2018,8,Budapest 3,SVK,,HU,HUN,348,150,,Europe,Central Europe,HUN,213.0,,9119.0,32M/32Q/16D,"Itf/Tennis Europe $60,000",,83,5,16.6,11,2.2,Jana Cepelova,5.0,https://www.wtatennis.com/resources/v7.42.8/i/elements/flags/svk.svg,R16,W,"6-1, 6-0",https://www.wtatennis.com/players/316774/jana-cepelova,False,False,False,False,False,False,False,2,True,13,12,1,1,SK,SVK,703,150,Europe,Central Europe,SVK,"6,1,None|6,0,None",,
5,"Itf/Tennis Europe $60,000",https://www.wtatennis.com/resources/v7.42.8/i/elements/itf.png,,ITF,Clay,https://www.wtatennis.com/resources/v7.42.8/i/elements/itf.png,2018-08-27,2018-09-01,2018,8,Budapest 3,HUN,,HU,HUN,348,150,,Europe,Central Europe,HUN,328.0,,9119.0,32M/32Q/16D,"Itf/Tennis Europe $60,000",,83,5,16.6,11,2.2,Reka Luca Jani,,https://www.wtatennis.com/resources/v7.42.8/i/elements/flags/hun.svg,R32,W,"0-6, 6-2, 6-1",https://www.wtatennis.com/players/316606/reka-luca-jani,False,False,False,False,False,False,False,3,False,21,12,9,1,HU,HUN,348,150,Europe,Central Europe,HUN,"0,6,None|6,2,None|6,1,None",,
1,"Itf/Tennis Europe $25,000",https://www.wtatennis.com/resources/v7.42.8/i/elements/itf.png,,ITF,Clay,https://www.wtatennis.com/resources/v7.42.8/i/elements/itf.png,2018-08-06,2018-08-12,2018,8,Warsaw,POL,,PL,POL,616,150,,Europe,Central Europe,POL,1192.0,,228.0,32M/64Q/16D,"Itf/Tennis Europe $25,000",,74,1,74.0,2,2.0,Joanna Zawadzka,,https://www.wtatennis.com/resources/v7.42.8/i/elements/flags/pol.svg,R32,L,"63-7, 1-3",https://www.wtatennis.com/players/323481/joanna-zawadzka,True,False,False,True,False,False,True,2,False,74,64,10,0,PL,POL,616,150,Europe,Central Europe,POL,"63,7,None|1,3,None|Ret",,
1,"Itf/Tennis Europe $80,000",https://www.wtatennis.com/resources/v7.42.8/i/elements/itf.png,,ITF,Clay,https://www.wtatennis.com/resources/v7.42.8/i/elements/itf.png,2018-07-24,2018-07-29,2018,7,Prague,ITA,,CZ,CZE,203,150,,Europe,Central Europe,CZE,239.0,,3548.0,32M/32Q/16D,"Itf/Tennis Europe $80,000",,78,4,19.5,9,2.25,Martina Di Giuseppe,,https://www.wtatennis.com/resources/v7.42.8/i/elements/flags/ita.svg,SF,L,"6-1, 0-6, 6-7 (3)",https://www.wtatennis.com/players/313082/martina-di-giuseppe,False,False,False,False,False,True,True,3,True,26,12,14,0,IT,ITA,380,150,Europe,Southern Europe,ITA,"6,1,None|0,6,None|6,7,3",W,True
2,"Itf/Tennis Europe $80,000",https://www.wtatennis.com/resources/v7.42.8/i/elements/itf.png,,ITF,Clay,https://www.wtatennis.com/resources/v7.42.8/i/elements/itf.png,2018-07-24,2018-07-29,2018,7,Prague,GER,,CZ,CZE,203,150,,Europe,Central Europe,CZE,114.0,,3548.0,32M/32Q/16D,"Itf/Tennis Europe $80,000",,78,4,19.5,9,2.25,Mona Barthel,1.0,https://www.wtatennis.com/resources/v7.42.8/i/elements/flags/ger.svg,QF,W,"6-2, 6-3",https://www.wtatennis.com/players/315365/mona-barthel,False,False,False,False,False,False,False,2,True,17,12,5,1,DE,DEU,276,150,Europe,Central Europe,GER,"6,2,None|6,3,None",W,True
3,"Itf/Tennis Europe $80,000",https://www.wtatennis.com/resources/v7.42.8/i/elements/itf.png,,ITF,Clay,https://www.wtatennis.com/resources/v7.42.8/i/elements/itf.png,2018-07-24,2018-07-29,2018,7,Prague,ITA,,CZ,CZE,203,150,,Europe,Central Europe,CZE,182.0,,3548.0,32M/32Q/16D,"Itf/Tennis Europe $80,000",,78,4,19.5,9,2.25,Jasmine Paolini,6.0,https://www.wtatennis.com/resources/v7.42.8/i/elements/flags/ita.svg,R16,W,"6-2, 6-1",https://www.wtatennis.com/players/319280/jasmine-paolini,False,False,False,False,False,False,False,2,True,15,12,3,1,IT,ITA,380,150,Europe,Southern Europe,ITA,"6,2,None|6,1,None",W,True
4,"Itf/Tennis Europe $80,000",https://www.wtatennis.com/resources/v7.42.8/i/elements/itf.png,,ITF,Clay,https://www.wtatennis.com/resources/v7.42.8/i/elements/itf.png,2018-07-24,2018-07-29,2018,7,Prague,NOR,,CZ,CZE,203,150,,Europe,Central Europe,CZE,254.0,,3548.0,32M/32Q/16D,"Itf/Tennis Europe $80,000",,78,4,19.5,9,2.25,Ulrikke Eikeri,,https://www.wtatennis.com/resources/v7.42.8/i/elements/flags/nor.svg,R32,W,"7-5, 6-2",https://www.wtatennis.com/players/315314/ulrikke-eikeri,False,False,False,False,False,False,False,2,True,20,13,7,1,NO,NOR,578,150,Europe,Northern Europe,NOR,"7,5,None|6,2,None",W,True
1,"Itf/Usta $80,000",https://www.wtatennis.com/resources/v7.42.8/i/elements/itf.png,,ITF,Clay,https://www.wtatennis.com/resources/v7.42.8/i/elements/itf.png,2018-05-01,2018-05-06,2018,5,Charleston,USA,,,,,,United States of America|America|USA|US,,,South Carolina,97.0,,3548.0,32M/32Q/16D,"Itf/Usta $80,000",,110,7,15.714285714285714,14,2.0,Madison Brengle,1.0,https://www.wtatennis.com/resources/v7.42.8/i/elements/flags/usa.svg,SF,L,"1-6, 1-6",https://www.wtatennis.com/players/312328/madison-brengle,False,False,False,False,False,False,False,2,False,14,2,12,0,US,USA,840,019,America,Northern America,USA,"1,6,None|1,6,None",Q,False
2,"Itf/Usta $80,000",https://www.wtatennis.com/resources/v7.42.8/i/elements/itf.png,,ITF,Clay,https://www.wtatennis.com/resources/v7.42.8/i/elements/itf.png,2018-05-01,2018-05-06,2018,5,Charleston,USA,,,,,,United States of America|America|USA|US,,,South Carolina,164.0,,3548.0,32M/32Q/16D,"Itf/Usta $80,000",,110,7,15.714285714285714,14,2.0,Irina Falconi Hartman,8.0,https://www.wtatennis.com/resources/v7.42.8/i/elements/flags/usa.svg,QF,W,"6-3, 6-1",https://www.wtatennis.com/players/314545/irina-falconi-hartman,False,False,False,False,False,False,False,2,True,16,12,4,1,US,USA,840,019,America,Northern America,USA,"6,3,None|6,1,None",Q,False
3,"Itf/Usta $80,000",https://www.wtatennis.com/resources/v7.42.8/i/elements/itf.png,,ITF,Clay,https://www.wtatennis.com/resources/v7.42.8/i/elements/itf.png,2018-05-01,2018-05-06,2018,5,Charleston,COL,,,,,,,,,South Carolina,95.0,,3548.0,32M/32Q/16D,"Itf/Usta $80,000",,110,7,15.714285714285714,14,2.0,Mariana Duque-Mariño,3.0,https://www.wtatennis.com/resources/v7.42.8/i/elements/flags/col.svg,R16,W,"6-4, 6-2",https://www.wtatennis.com/players/312572/mariana-duque-mari-o,False,False,False,False,False,False,False,2,True,18,12,6,1,CO,COL,170,019,America,Northern South America,COL,"6,4,None|6,2,None",Q,False
4,"Itf/Usta $80,000",https://www.wtatennis.com/resources/v7.42.8/i/elements/itf.png,,ITF,Clay,https://www.wtatennis.com/resources/v7.42.8/i/elements/itf.png,2018-05-01,2018-05-06,2018,5,Charleston,USA,,,,,,United States of America|America|USA|US,,,South Carolina,1123.0,,3548.0,32M/32Q/16D,"Itf/Usta $80,000",,110,7,15.714285714285714,14,2.0,Emma Navarro,,https://www.wtatennis.com/resources/v7.42.8/i/elements/flags/usa.svg,R32,W,"6-0, 6-2",https://www.wtatennis.com/players/325410/emma-navarro,False,False,False,False,False,False,False,2,True,14,12,2,1,US,USA,840,019,America,Northern America,USA,"6,0,None|6,2,None",Q,False
5,"Itf/Usta $80,000",https://www.wtatennis.com/resources/v7.42.8/i/elements/itf.png,,ITF,Clay,https://www.wtatennis.com/resources/v7.42.8/i/elements/itf.png,2018-05-01,2018-05-06,2018,5,Charleston,CHN,,,,,,,,,South Carolina,376.0,,3548.0,32M/32Q/16D,"Itf/Usta $80,000",,110,7,15.714285714285714,14,2.0,Shilin Xu,4.0,https://www.wtatennis.com/resources/v7.42.8/i/elements/flags/chn.svg,QR3,W,"6-1, 6-2",https://www.wtatennis.com/players/320329/shilin-xu,False,False,False,False,False,False,False,2,True,15,12,3,1,CN,CHN,156,142,Asia,East Asia,CHN,"6,1,None|6,2,None",Q,False
6,"Itf/Usta $80,000",https://www.wtatennis.com/resources/v7.42.8/i/elements/itf.png,,ITF,Clay,https://www.wtatennis.com/resources/v7.42.8/i/elements/itf.png,2018-05-01,2018-05-06,2018,5,Charleston,KAZ,,,,,,,,,South Carolina,608.0,,3548.0,32M/32Q/16D,"Itf/Usta $80,000",,110,7,15.714285714285714,14,2.0,Anna Danilina,,https://www.wtatennis.com/resources/v7.42.8/i/elements/flags/kaz.svg,QR2,W,"6-1, 6-2",https://www.wtatennis.com/players/319731/anna-danilina,False,False,False,False,False,False,False,2,True,15,12,3,1,KZ,KAZ,398,142,Asia,Central Asia,KAZ,"6,1,None|6,2,None",Q,False
7,"Itf/Usta $80,000",https://www.wtatennis.com/resources/v7.42.8/i/elements/itf.png,,ITF,Clay,https://www.wtatennis.com/resources/v7.42.8/i/elements/itf.png,2018-05-01,2018-05-06,2018,5,Charleston,USA,,,,,,United States of America|America|USA|US,,,South Carolina,710.0,,3548.0,32M/32Q/16D,"Itf/Usta $80,000",,110,7,15.714285714285714,14,2.0,Brynn Boren,,https://www.wtatennis.com/resources/v7.42.8/i/elements/flags/usa.svg,QR1,W,"6-3, 6-3",https://www.wtatennis.com/players/316745/brynn-boren,False,False,False,False,False,False,False,2,True,18,12,6,1,US,USA,840,019,America,Northern America,USA,"6,3,None|6,3,None",Q,False
1,"Itf/Usta $80,000",https://www.wtatennis.com/resources/v7.42.8/i/elements/itf.png,,ITF,Clay,https://www.wtatennis.com/resources/v7.42.8/i/elements/itf.png,2018-04-24,2018-04-29,2018,4,Charlottesville,COL,,,,,,,,,Virginia,112.0,,709.0,32M/32Q/16D,"Itf/Usta $80,000",,78,4,19.5,9,2.25,Mariana Duque-Mariño,4.0,https://www.wtatennis.com/resources/v7.42.8/i/elements/flags/col.svg,R32,L,"6-7 (3), 3-6",https://www.wtatennis.com/players/312572/mariana-duque-mari-o,False,False,False,True,False,False,True,2,False,22,9,13,0,CO,COL,170,019,America,Northern South America,COL,"6,7,3|3,6,None",Q,False
2,"Itf/Usta $80,000",https://www.wtatennis.com/resources/v7.42.8/i/elements/itf.png,,ITF,Clay,https://www.wtatennis.com/resources/v7.42.8/i/elements/itf.png,2018-04-24,2018-04-29,2018,4,Charlottesville,MEX,,,,,,United States of Mexico|United Mexican States,,,Virginia,280.0,,709.0,32M/32Q/16D,"Itf/Usta $80,000",,78,4,19.5,9,2.25,Ana Sofia Sánchez,1.0,https://www.wtatennis.com/resources/v7.42.8/i/elements/flags/mex.svg,QR3,W,"6-1, 3-6, 6-1",https://www.wtatennis.com/players/316694/ana-sofia-s-nchez,False,False,False,False,False,False,False,3,True,23,15,8,1,MX,MEX,484,019,America,Central America,MEX,"6,1,None|3,6,None|6,1,None",Q,False
3,"Itf/Usta $80,000",https://www.wtatennis.com/resources/v7.42.8/i/elements/itf.png,,ITF,Clay,https://www.wtatennis.com/resources/v7.42.8/i/elements/itf.png,2018-04-24,2018-04-29,2018,4,Charlottesville,USA,,,,,,United States of America|America|USA|US,,,Virginia,426.0,,709.0,32M/32Q/16D,"Itf/Usta $80,000",,78,4,19.5,9,2.25,Quinn Gleason,7.0,https://www.wtatennis.com/resources/v7.42.8/i/elements/flags/usa.svg,QR2,W,"6-3, 6-0",https://www.wtatennis.com/players/319413/quinn-gleason,False,False,False,False,False,False,False,2,True,15,12,3,1,US,USA,840,019,America,Northern America,USA,"6,3,None|6,0,None",Q,False
4,"Itf/Usta $80,000",https://www.wtatennis.com/resources/v7.42.8/i/elements/itf.png,,ITF,Clay,https://www.wtatennis.com/resources/v7.42.8/i/elements/itf.png,2018-04-24,2018-04-29,2018,4,Charlottesville,BRA,,,,,,,,,Virginia,686.0,,709.0,32M/32Q/16D,"Itf/Usta $80,000",,78,4,19.5,9,2.25,Paula Cristina Goncalves,,https://www.wtatennis.com/resources/v7.42.8/i/elements/flags/bra.svg,QR1,W,"6-4, 6-2",https://www.wtatennis.com/players/314419/paula-cristina-goncalves,False,False,False,False,False,False,False,2,True,18,12,6,1,BR,BRA,076,019,America,Eastern South America,BRA,"6,4,None|6,2,None",Q,False
1,"Itf/Usta $25,000",https://www.wtatennis.com/resources/v7.42.8/i/elements/itf.png,,ITF,Clay,https://www.wtatennis.com/resources/v7.42.8/i/elements/itf.png,2018-04-10,2018-04-15,2018,4,Pelham,USA,,,,,,United States of America|America|USA|US,,,Alabama,351.0,,3919.0,32M/64Q/16D,"Itf/Usta $25,000",,116,8,14.5,16,2.0,Allie Kiick,,https://www.wtatennis.com/resources/v7.42.8/i/elements/flags/usa.svg,F,W,"6-2, 6-0",https://www.wtatennis.com/players/319042/allie-kiick,False,False,False,False,False,False,False,2,True,14,12,2,1,US,USA,840,019,America,Northern America,USA,"6,2,None|6,0,None",Q,False
2,"Itf/Usta $25,000",https://www.wtatennis.com/resources/v7.42.8/i/elements/itf.png,,ITF,Clay,https://www.wtatennis.com/resources/v7.42.8/i/elements/itf.png,2018-04-10,2018-04-15,2018,4,Pelham,ESP,,,,,,Kingdom of Spain,,,Alabama,387.0,,3919.0,32M/64Q/16D,"Itf/Usta $25,000",,116,8,14.5,16,2.0,Aliona Bolsova,,https://www.wtatennis.com/resources/v7.42.8/i/elements/flags/esp.svg,SF,W,"6-2, 6-1",https://www.wtatennis.com/players/320735/aliona-bolsova,False,False,False,False,False,False,False,2,True,15,12,3,1,ES,ESP,724,150,Europe,Southern Europe,ESP,"6,2,None|6,1,None",Q,False
3,"Itf/Usta $25,000",https://www.wtatennis.com/resources/v7.42.8/i/elements/itf.png,,ITF,Clay,https://www.wtatennis.com/resources/v7.42.8/i/elements/itf.png,2018-04-10,2018-04-15,2018,4,Pelham,BEL,,,,,,,,,Alabama,463.0,,3919.0,32M/64Q/16D,"Itf/Usta $25,000",,116,8,14.5,16,2.0,Tamaryn Hendler,,https://www.wtatennis.com/resources/v7.42.8/i/elements/flags/bel.svg,QF,W,"6-2, 5-2",https://www.wtatennis.com/players/314764/tamaryn-hendler,True,False,False,False,False,False,False,2,True,15,11,4,1,BE,BEL,056,150,Europe,Western Europe,BEL,"6,2,None|5,2,None|Ret",Q,False
4,"Itf/Usta $25,000",https://www.wtatennis.com/resources/v7.42.8/i/elements/itf.png,,ITF,Clay,https://www.wtatennis.com/resources/v7.42.8/i/elements/itf.png,2018-04-10,2018-04-15,2018,4,Pelham,USA,,,,,,United States of America|America|USA|US,,,Alabama,244.0,,3919.0,32M/64Q/16D,"Itf/Usta $25,000",,116,8,14.5,16,2.0,Louisa Chirico,5.0,https://www.wtatennis.com/resources/v7.42.8/i/elements/flags/usa.svg,R16,W,"6-2, 6-4",https://www.wtatennis.com/players/320218/louisa-chirico,False,False,False,False,False,False,False,2,True,18,12,6,1,US,USA,840,019,America,Northern America,USA,"6,2,None|6,4,None",Q,False
5,"Itf/Usta $25,000",https://www.wtatennis.com/resources/v7.42.8/i/elements/itf.png,,ITF,Clay,https://www.wtatennis.com/resources/v7.42.8/i/elements/itf.png,2018-04-10,2018-04-15,2018,4,Pelham,GER,,,,,,,,,Alabama,340.0,,3919.0,32M/64Q/16D,"Itf/Usta $25,000",,116,8,14.5,16,2.0,Sarah-Rebecca Sekulic,,https://www.wtatennis.com/resources/v7.42.8/i/elements/flags/ger.svg,R32,W,"6-0, 6-3",https://www.wtatennis.com/players/314820/sarah-rebecca-sekulic,False,False,False,False,False,False,False,2,True,15,12,3,1,DE,DEU,276,150,Europe,Central Europe,GER,"6,0,None|6,3,None",Q,False
6,"Itf/Usta $25,000",https://www.wtatennis.com/resources/v7.42.8/i/elements/itf.png,,ITF,Clay,https://www.wtatennis.com/resources/v7.42.8/i/elements/itf.png,2018-04-10,2018-04-15,2018,4,Pelham,MEX,,,,,,United States of Mexico|United Mexican States,,,Alabama,886.0,,3919.0,32M/64Q/16D,"Itf/Usta $25,000",,116,8,14.5,16,2.0,Andrea Renee Villarreal,12.0,https://www.wtatennis.com/resources/v7.42.8/i/elements/flags/mex.svg,QR3,W,"6-0, 6-0",https://www.wtatennis.com/players/317862/andrea-renee-villarreal,False,False,False,False,False,False,False,2,True,12,12,0,1,MX,MEX,484,019,America,Central America,MEX,"6,0,None|6,0,None",Q,False
7,"Itf/Usta $25,000",https://www.wtatennis.com/resources/v7.42.8/i/elements/itf.png,,ITF,Clay,https://www.wtatennis.com/resources/v7.42.8/i/elements/itf.png,2018-04-10,2018-04-15,2018,4,Pelham,ITA,,,,,,,,,Alabama,1214.0,,3919.0,32M/64Q/16D,"Itf/Usta $25,000",,116,8,14.5,16,2.0,Francesca Fusinato,,https://www.wtatennis.com/resources/v7.42.8/i/elements/flags/ita.svg,QR2,W,"6-1, 6-1",https://www.wtatennis.com/players/318476/francesca-fusinato,False,False,False,False,False,False,False,2,True,14,12,2,1,IT,ITA,380,150,Europe,Southern Europe,ITA,"6,1,None|6,1,None",Q,False
8,"Itf/Usta $25,000",https://www.wtatennis.com/resources/v7.42.8/i/elements/itf.png,,ITF,Clay,https://www.wtatennis.com/resources/v7.42.8/i/elements/itf.png,2018-04-10,2018-04-15,2018,4,Pelham,USA,,,,,,United States of America|America|USA|US,,,Alabama,,,3919.0,32M/64Q/16D,"Itf/Usta $25,000",,116,8,14.5,16,2.0,Summer Clemons,,https://www.wtatennis.com/resources/v7.42.8/i/elements/flags/usa.svg,QR1,W,"6-1, 6-0",https://www.wtatennis.com/players/327843/summer-clemons,False,False,False,False,False,False,False,2,True,13,12,1,1,US,USA,840,019,America,Northern America,USA,"6,1,None|6,0,None",Q,False
1,"Itf/Usta $25,000",https://www.wtatennis.com/resources/v7.42.8/i/elements/itf.png,,ITF,Clay,https://www.wtatennis.com/resources/v7.42.8/i/elements/itf.png,2018-04-03,2018-04-08,2018,4,Jackson,USA,,,,,,United States of America|America|USA|US,,,Mississippi,382.0,,392.0,32M/64Q/16D,"Itf/Usta $25,000",,69,5,13.8,10,2.0,Katerina Stewart,,https://www.wtatennis.com/resources/v7.42.8/i/elements/flags/usa.svg,R16,L,"2-6, 1-6",https://www.wtatennis.com/players/320619/katerina-stewart,False,False,False,False,False,False,False,2,False,15,3,12,0,US,USA,840,019,America,Northern America,USA,"2,6,None|1,6,None",Q,False
2,"Itf/Usta $25,000",https://www.wtatennis.com/resources/v7.42.8/i/elements/itf.png,,ITF,Clay,https://www.wtatennis.com/resources/v7.42.8/i/elements/itf.png,2018-04-03,2018-04-08,2018,4,Jackson,USA,,,,,,United States of America|America|USA|US,,,Mississippi,247.0,,392.0,32M/64Q/16D,"Itf/Usta $25,000",,69,5,13.8,10,2.0,Louisa Chirico,3.0,https://www.wtatennis.com/resources/v7.42.8/i/elements/flags/usa.svg,R32,W,"6-2, 6-1",https://www.wtatennis.com/players/320218/louisa-chirico,False,False,False,False,False,False,False,2,True,15,12,3,1,US,USA,840,019,America,Northern America,USA,"6,2,None|6,1,None",Q,False
3,"Itf/Usta $25,000",https://www.wtatennis.com/resources/v7.42.8/i/elements/itf.png,,ITF,Clay,https://www.wtatennis.com/resources/v7.42.8/i/elements/itf.png,2018-04-03,2018-04-08,2018,4,Jackson,USA,,,,,,United States of America|America|USA|US,,,Mississippi,805.0,,392.0,32M/64Q/16D,"Itf/Usta $25,000",,69,5,13.8,10,2.0,Alexandra Stevenson,9.0,https://www.wtatennis.com/resources/v7.42.8/i/elements/flags/usa.svg,QR3,W,"6-1, 6-2",https://www.wtatennis.com/players/190125/alexandra-stevenson,False,False,False,False,False,False,False,2,True,15,12,3,1,US,USA,840,019,America,Northern America,USA,"6,1,None|6,2,None",Q,False
4,"Itf/Usta $25,000",https://www.wtatennis.com/resources/v7.42.8/i/elements/itf.png,,ITF,Clay,https://www.wtatennis.com/resources/v7.42.8/i/elements/itf.png,2018-04-03,2018-04-08,2018,4,Jackson,USA,,,,,,United States of America|America|USA|US,,,Mississippi,,,392.0,32M/64Q/16D,"Itf/Usta $25,000",,69,5,13.8,10,2.0,Alessandra Crump,,https://www.wtatennis.com/resources/v7.42.8/i/elements/flags/usa.svg,QR2,W,"6-0, 6-0",https://www.wtatennis.com/players/323077/alessandra-crump,False,False,False,False,False,False,False,2,True,12,12,0,1,US,USA,840,019,America,Northern America,USA,"6,0,None|6,0,None",Q,False
5,"Itf/Usta $25,000",https://www.wtatennis.com/resources/v7.42.8/i/elements/itf.png,,ITF,Clay,https://www.wtatennis.com/resources/v7.42.8/i/elements/itf.png,2018-04-03,2018-04-08,2018,4,Jackson,BRA,,,,,,,,,Mississippi,,,392.0,32M/64Q/16D,"Itf/Usta $25,000",,69,5,13.8,10,2.0,Vivian Toma,,https://www.wtatennis.com/resources/v7.42.8/i/elements/flags/bra.svg,QR1,W,"6-0, 6-0",https://www.wtatennis.com/players/318360/vivian-toma,False,False,False,False,False,False,False,2,True,12,12,0,1,BR,BRA,076,019,America,Eastern South America,BRA,"6,0,None|6,0,None",Q,False
1,"Itf $15,000",https://www.wtatennis.com/resources/v7.42.8/i/elements/itf.png,,ITF,Hard,https://www.wtatennis.com/resources/v7.42.8/i/elements/itf.png,2018-02-27,2018-03-04,2018,2,Sharm El Sheikh 7,TUR,,EG,EGY,818,002,,Africa,North Africa,EGY,502.0,,734.0,32M/64Q/16D,"Itf $15,000",,92,4,23.0,10,2.5,Berfu Cengiz,7.0,https://www.wtatennis.com/resources/v7.42.8/i/elements/flags/tur.svg,SF,L,"6-3, 6-7 (5), 3-6",https://www.wtatennis.com/players/322450/berfu-cengiz,False,False,False,False,True,False,True,3,True,31,15,16,0,TR,TUR,792,142,Asia,Western Asia,TUR,"6,3,None|6,7,5|3,6,None",,
2,"Itf $15,000",https://www.wtatennis.com/resources/v7.42.8/i/elements/itf.png,,ITF,Hard,https://www.wtatennis.com/resources/v7.42.8/i/elements/itf.png,2018-02-27,2018-03-04,2018,2,Sharm El Sheikh 7,RUS,,EG,EGY,818,002,,Africa,North Africa,EGY,552.0,,734.0,32M/64Q/16D,"Itf $15,000",,92,4,23.0,10,2.5,Valeriya Solovyeva,,https://www.wtatennis.com/resources/v7.42.8/i/elements/flags/rus.svg,QF,W,"6-2, 1-6, 6-3",https://www.wtatennis.com/players/317877/valeriya-solovyeva,False,False,False,False,False,False,False,3,True,24,13,11,1,RU,RUS,643,150,Europe,Eastern Europe,RUS,"6,2,None|1,6,None|6,3,None",,
3,"Itf $15,000",https://www.wtatennis.com/resources/v7.42.8/i/elements/itf.png,,ITF,Hard,https://www.wtatennis.com/resources/v7.42.8/i/elements/itf.png,2018-02-27,2018-03-04,2018,2,Sharm El Sheikh 7,SUI,,EG,EGY,818,002,,Africa,North Africa,EGY,678.0,,734.0,32M/64Q/16D,"Itf $15,000",,92,4,23.0,10,2.5,Nina Stadler,,https://www.wtatennis.com/resources/v7.42.8/i/elements/flags/sui.svg,R16,W,"6-4, 6-0",https://www.wtatennis.com/players/320031/nina-stadler,False,False,False,False,False,False,False,2,True,16,12,4,1,CH,CHE,756,150,Europe,Central Europe,SUI,"6,4,None|6,0,None",,
4,"Itf $15,000",https://www.wtatennis.com/resources/v7.42.8/i/elements/itf.png,,ITF,Hard,https://www.wtatennis.com/resources/v7.42.8/i/elements/itf.png,2018-02-27,2018-03-04,2018,2,Sharm El Sheikh 7,ITA,,EG,EGY,818,002,,Africa,North Africa,EGY,420.0,,734.0,32M/64Q/16D,"Itf $15,000",,92,4,23.0,10,2.5,Gaia Sanesi,5.0,https://www.wtatennis.com/resources/v7.42.8/i/elements/flags/ita.svg,R32,W,"6-3, 7-5",https://www.wtatennis.com/players/318141/gaia-sanesi,False,False,False,False,False,False,False,2,True,21,13,8,1,IT,ITA,380,150,Europe,Southern Europe,ITA,"6,3,None|7,5,None",,
1,"Itf $15,000",https://www.wtatennis.com/resources/v7.42.8/i/elements/itf.png,,ITF,Hard,https://www.wtatennis.com/resources/v7.42.8/i/elements/itf.png,2018-02-20,2018-02-25,2018,2,Sharm El Sheikh 6,BEL,,EG,EGY,818,002,,Africa,North Africa,EGY,636.0,,2352.0,32M/64Q/16D,"Itf $15,000",,112,5,22.4,13,2.6,Britt Geukens,,https://www.wtatennis.com/resources/v7.42.8/i/elements/flags/bel.svg,F,W,"6-3, 6-1",https://www.wtatennis.com/players/321453/britt-geukens,False,False,False,False,False,False,False,2,True,16,12,4,1,BE,BEL,056,150,Europe,Western Europe,BEL,"6,3,None|6,1,None",,
2,"Itf $15,000",https://www.wtatennis.com/resources/v7.42.8/i/elements/itf.png,,ITF,Hard,https://www.wtatennis.com/resources/v7.42.8/i/elements/itf.png,2018-02-20,2018-02-25,2018,2,Sharm El Sheikh 6,RUS,,EG,EGY,818,002,,Africa,North Africa,EGY,574.0,,2352.0,32M/64Q/16D,"Itf $15,000",,112,5,22.4,13,2.6,Valeriya Solovyeva,,https://www.wtatennis.com/resources/v7.42.8/i/elements/flags/rus.svg,SF,W,"3-6, 6-2, 6-2",https://www.wtatennis.com/players/317877/valeriya-solovyeva,False,False,False,False,False,False,False,3,False,25,15,10,1,RU,RUS,643,150,Europe,Eastern Europe,RUS,"3,6,None|6,2,None|6,2,None",,
3,"Itf $15,000",https://www.wtatennis.com/resources/v7.42.8/i/elements/itf.png,,ITF,Hard,https://www.wtatennis.com/resources/v7.42.8/i/elements/itf.png,2018-02-20,2018-02-25,2018,2,Sharm El Sheikh 6,THA,,EG,EGY,818,002,,Africa,North Africa,EGY,536.0,,2352.0,32M/64Q/16D,"Itf $15,000",,112,5,22.4,13,2.6,Bunyawi Thamchaiwat,8.0,https://www.wtatennis.com/resources/v7.42.8/i/elements/flags/tha.svg,QF,W,"6-2, 1-6, 6-4",https://www.wtatennis.com/players/321341/bunyawi-thamchaiwat,False,False,False,False,False,False,False,3,True,25,13,12,1,TH,THA,764,142,Asia,Southeast Asia,THA,"6,2,None|1,6,None|6,4,None",,
4,"Itf $15,000",https://www.wtatennis.com/resources/v7.42.8/i/elements/itf.png,,ITF,Hard,https://www.wtatennis.com/resources/v7.42.8/i/elements/itf.png,2018-02-20,2018-02-25,2018,2,Sharm El Sheikh 6,CZE,,EG,EGY,818,002,,Africa,North Africa,EGY,906.0,,2352.0,32M/64Q/16D,"Itf $15,000",,112,5,22.4,13,2.6,Barbora Miklova,,https://www.wtatennis.com/resources/v7.42.8/i/elements/flags/cze.svg,R16,W,"6-3, 6-1",https://www.wtatennis.com/players/320280/barbora-miklova,False,False,False,False,False,False,False,2,True,16,12,4,1,CZ,CZE,203,150,Europe,Central Europe,CZE,"6,3,None|6,1,None",,
5,"Itf $15,000",https://www.wtatennis.com/resources/v7.42.8/i/elements/itf.png,,ITF,Hard,https://www.wtatennis.com/resources/v7.42.8/i/elements/itf.png,2018-02-20,2018-02-25,2018,2,Sharm El Sheikh 6,ESP,,EG,EGY,818,002,Kingdom of Spain,Africa,North Africa,EGY,415.0,,2352.0,32M/64Q/16D,"Itf $15,000",,112,5,22.4,13,2.6,Nuria Parrizas Diaz,2.0,https://www.wtatennis.com/resources/v7.42.8/i/elements/flags/esp.svg,R32,W,"2-6, 7-5, 6-4",https://www.wtatennis.com/players/314359/nuria-parrizas-diaz,False,False,False,False,False,False,False,3,False,30,15,15,1,ES,ESP,724,150,Europe,Southern Europe,ESP,"2,6,None|7,5,None|6,4,None",,
1,"Itf/Tennis Europe $25,000 + H",https://www.wtatennis.com/resources/v7.42.8/i/elements/itf.png,,ITF,Clay,https://www.wtatennis.com/resources/v7.42.8/i/elements/itf.png,2017-06-19,2017-06-25,2017,6,Warsaw,ITA,,PL,POL,616,150,,Europe,Central Europe,POL,209.0,,228.0,32M/64Q/16D,"Itf/Tennis Europe $25,000 + H",,24,1,24.0,3,3.0,Martina Trevisan,2.0,https://www.wtatennis.com/resources/v7.42.8/i/elements/flags/ita.svg,R32,L,"2-6, 6-2, 2-6",https://www.wtatennis.com/players/316266/martina-trevisan,False,False,False,False,False,False,False,3,False,24,10,14,0,IT,ITA,380,150,Europe,Southern Europe,ITA,"2,6,None|6,2,None|2,6,None",W,True
1,"Itf/Tennis Europe $10,000",https://www.wtatennis.com/resources/v7.42.8/i/elements/itf.png,,ITF,Clay,https://www.wtatennis.com/resources/v7.42.8/i/elements/itf.png,2017-05-01,2017-05-07,2017,5,Gyor,CZE,,HU,HUN,348,150,,Europe,Central Europe,HUN,786.0,,2352.0,32M/32Q/16D,"Itf/Tennis Europe $10,000",,56,4,14.0,8,2.0,Gabriela Horackova,,https://www.wtatennis.com/resources/v7.42.8/i/elements/flags/cze.svg,F,W,"6-2, 6-2",https://www.wtatennis.com/players/316548/gabriela-horackova,False,False,False,False,False,False,False,2,True,16,12,4,1,CZ,CZE,203,150,Europe,Central Europe,CZE,"6,2,None|6,2,None",,
2,"Itf/Tennis Europe $10,000",https://www.wtatennis.com/resources/v7.42.8/i/elements/itf.png,,ITF,Clay,https://www.wtatennis.com/resources/v7.42.8/i/elements/itf.png,2017-05-01,2017-05-07,2017,5,Gyor,HUN,,HU,HUN,348,150,,Europe,Central Europe,HUN,732.0,,2352.0,32M/32Q/16D,"Itf/Tennis Europe $10,000",,56,4,14.0,8,2.0,Luca Nagymihaly,,https://www.wtatennis.com/resources/v7.42.8/i/elements/flags/hun.svg,SF,W,"6-1, 4-6, 6-1",https://www.wtatennis.com/players/320172/luca-nagymihaly,False,False,False,False,False,False,False,3,True,24,16,8,1,HU,HUN,348,150,Europe,Central Europe,HUN,"6,1,None|4,6,None|6,1,None",,
3,"Itf/Tennis Europe $10,000",https://www.wtatennis.com/resources/v7.42.8/i/elements/itf.png,,ITF,Clay,https://www.wtatennis.com/resources/v7.42.8/i/elements/itf.png,2017-05-01,2017-05-07,2017,5,Gyor,CZE,,HU,HUN,348,150,,Europe,Central Europe,HUN,810.0,,2352.0,32M/32Q/16D,"Itf/Tennis Europe $10,000",,56,4,14.0,8,2.0,Diana Sumova,,https://www.wtatennis.com/resources/v7.42.8/i/elements/flags/cze.svg,QF,W,Walkover,https://www.wtatennis.com/players/318168/diana-sumova,False,True,False,False,False,False,False,0,False,0,0,0,0,CZ,CZE,203,150,Europe,Central Europe,CZE,,,
4,"Itf/Tennis Europe $10,000",https://www.wtatennis.com/resources/v7.42.8/i/elements/itf.png,,ITF,Clay,https://www.wtatennis.com/resources/v7.42.8/i/elements/itf.png,2017-05-01,2017-05-07,2017,5,Gyor,SLO,,HU,HUN,348,150,,Europe,Central Europe,HUN,581.0,,2352.0,32M/32Q/16D,"Itf/Tennis Europe $10,000",,56,4,14.0,8,2.0,Nina Potocnik,,https://www.wtatennis.com/resources/v7.42.8/i/elements/flags/slo.svg,R16,W,"6-1, 6-2",https://www.wtatennis.com/players/320824/nina-potocnik,False,False,False,False,False,False,False,2,True,15,12,3,1,,,,,,,SLO,"6,1,None|6,2,None",,
5,"Itf/Tennis Europe $10,000",https://www.wtatennis.com/resources/v7.42.8/i/elements/itf.png,,ITF,Clay,https://www.wtatennis.com/resources/v7.42.8/i/elements/itf.png,2017-05-01,2017-05-07,2017,5,Gyor,UKR,,HU,HUN,348,150,,Europe,Central Europe,HUN,456.0,,2352.0,32M/32Q/16D,"Itf/Tennis Europe $10,000",,56,4,14.0,8,2.0,Sofiya Kovalets,7.0,https://www.wtatennis.com/resources/v7.42.8/i/elements/flags/ukr.svg,R32,W,1-0,https://www.wtatennis.com/players/316506/sofiya-kovalets,True,False,False,False,False,False,False,1,False,1,1,0,1,UA,UKR,804,150,Europe,Eastern Europe,UKR,"1,0,None|Ret",,
1,"Itf/Tennis Europe $15,000",https://www.wtatennis.com/resources/v7.42.8/i/elements/itf.png,,ITF,Clay,https://www.wtatennis.com/resources/v7.42.8/i/elements/itf.png,2017-03-20,2017-03-26,2017,3,Le Havre,FRA,,FR,FRA,250,150,,Europe,Western Europe,FRA,632.0,,147.0,32M/48Q/16D,"Itf/Tennis Europe $15,000",,28,1,28.0,3,3.0,Marine Partaud,,https://www.wtatennis.com/resources/v7.42.8/i/elements/flags/fra.svg,R32,L,"7-6 (4), 2-6, 1-6",https://www.wtatennis.com/players/319456/marine-partaud,False,False,False,True,False,False,True,3,True,28,10,18,0,FR,FRA,250,150,Europe,Western Europe,FRA,"7,6,4|2,6,None|1,6,None",,
1,"Itf/Tennis Europe $15,000",https://www.wtatennis.com/resources/v7.42.8/i/elements/itf.png,,ITF,Clay,https://www.wtatennis.com/resources/v7.42.8/i/elements/itf.png,2017-02-13,2017-02-19,2017,2,Bergamo,ITA,,IT,ITA,380,150,,Europe,Southern Europe,ITA,348.0,,2352.0,32M/32Q/16D,"Itf/Tennis Europe $15,000",,115,7,16.428571428571427,15,2.142857142857143,Martina Di Giuseppe,2.0,https://www.wtatennis.com/resources/v7.42.8/i/elements/flags/ita.svg,F,W,"6-4, 3-6, 6-3",https://www.wtatennis.com/players/313082/martina-di-giuseppe,False,False,False,False,False,False,False,3,True,28,15,13,1,IT,ITA,380,150,Europe,Southern Europe,ITA,"6,4,None|3,6,None|6,3,None",Q,False
2,"Itf/Tennis Europe $15,000",https://www.wtatennis.com/resources/v7.42.8/i/elements/itf.png,,ITF,Clay,https://www.wtatennis.com/resources/v7.42.8/i/elements/itf.png,2017-02-13,2017-02-19,2017,2,Bergamo,ITA,,IT,ITA,380,150,,Europe,Southern Europe,ITA,875.0,,2352.0,32M/32Q/16D,"Itf/Tennis Europe $15,000",,115,7,16.428571428571427,15,2.142857142857143,Tatiana Pieri,,https://www.wtatennis.com/resources/v7.42.8/i/elements/flags/ita.svg,SF,W,"6-0, 6-2",https://www.wtatennis.com/players/322735/tatiana-pieri,False,False,False,False,False,False,False,2,True,14,12,2,1,IT,ITA,380,150,Europe,Southern Europe,ITA,"6,0,None|6,2,None",Q,False
3,"Itf/Tennis Europe $15,000",https://www.wtatennis.com/resources/v7.42.8/i/elements/itf.png,,ITF,Clay,https://www.wtatennis.com/resources/v7.42.8/i/elements/itf.png,2017-02-13,2017-02-19,2017,2,Bergamo,SVK,,IT,ITA,380,150,,Europe,Southern Europe,ITA,424.0,,2352.0,32M/32Q/16D,"Itf/Tennis Europe $15,000",,115,7,16.428571428571427,15,2.142857142857143,Chantal Skamlova,8.0,https://www.wtatennis.com/resources/v7.42.8/i/elements/flags/svk.svg,QF,W,"6-1, 6-0",https://www.wtatennis.com/players/316772/chantal-skamlova,False,False,False,False,False,False,False,2,True,13,12,1,1,SK,SVK,703,150,Europe,Central Europe,SVK,"6,1,None|6,0,None",Q,False
4,"Itf/Tennis Europe $15,000",https://www.wtatennis.com/resources/v7.42.8/i/elements/itf.png,,ITF,Clay,https://www.wtatennis.com/resources/v7.42.8/i/elements/itf.png,2017-02-13,2017-02-19,2017,2,Bergamo,SUI,,IT,ITA,380,150,,Europe,Southern Europe,ITA,950.0,,2352.0,32M/32Q/16D,"Itf/Tennis Europe $15,000",,115,7,16.428571428571427,15,2.142857142857143,Susan Bandecchi,,https://www.wtatennis.com/resources/v7.42.8/i/elements/flags/sui.svg,R16,W,"6-1, 6-1",https://www.wtatennis.com/players/321032/susan-bandecchi,False,False,False,False,False,False,False,2,True,14,12,2,1,CH,CHE,756,150,Europe,Central Europe,SUI,"6,1,None|6,1,None",Q,False
5,"Itf/Tennis Europe $15,000",https://www.wtatennis.com/resources/v7.42.8/i/elements/itf.png,,ITF,Clay,https://www.wtatennis.com/resources/v7.42.8/i/elements/itf.png,2017-02-13,2017-02-19,2017,2,Bergamo,ITA,,IT,ITA,380,150,,Europe,Southern Europe,ITA,1016.0,,2352.0,32M/32Q/16D,"Itf/Tennis Europe $15,000",,115,7,16.428571428571427,15,2.142857142857143,Verena Meliss,,https://www.wtatennis.com/resources/v7.42.8/i/elements/flags/ita.svg,R32,W,"6-1, 6-1",https://www.wtatennis.com/players/321519/verena-meliss,False,False,False,False,False,False,False,2,True,14,12,2,1,IT,ITA,380,150,Europe,Southern Europe,ITA,"6,1,None|6,1,None",Q,False
6,"Itf/Tennis Europe $15,000",https://www.wtatennis.com/resources/v7.42.8/i/elements/itf.png,,ITF,Clay,https://www.wtatennis.com/resources/v7.42.8/i/elements/itf.png,2017-02-13,2017-02-19,2017,2,Bergamo,ITA,,IT,ITA,380,150,,Europe,Southern Europe,ITA,1237.0,,2352.0,32M/32Q/16D,"Itf/Tennis Europe $15,000",,115,7,16.428571428571427,15,2.142857142857143,Michela Xibilia,16.0,https://www.wtatennis.com/resources/v7.42.8/i/elements/flags/ita.svg,QR2,W,"6-1, 6-1",https://www.wtatennis.com/players/324338/michela-xibilia,False,False,False,False,False,False,False,2,True,14,12,2,1,IT,ITA,380,150,Europe,Southern Europe,ITA,"6,1,None|6,1,None",Q,False
7,"Itf/Tennis Europe $15,000",https://www.wtatennis.com/resources/v7.42.8/i/elements/itf.png,,ITF,Clay,https://www.wtatennis.com/resources/v7.42.8/i/elements/itf.png,2017-02-13,2017-02-19,2017,2,Bergamo,ITA,,IT,ITA,380,150,,Europe,Southern Europe,ITA,,,2352.0,32M/32Q/16D,"Itf/Tennis Europe $15,000",,115,7,16.428571428571427,15,2.142857142857143,Valentina Lia,,https://www.wtatennis.com/resources/v7.42.8/i/elements/flags/ita.svg,QR1,W,"6-0, 7-5",https://www.wtatennis.com/players/327047/valentina-lia,False,False,False,False,False,False,False,2,True,18,13,5,1,IT,ITA,380,150,Europe,Southern Europe,ITA,"6,0,None|7,5,None",Q,False
1,"Itf/Tennis Europe $25,000",https://www.wtatennis.com/resources/v7.42.8/i/elements/itf.png,,ITF,Carpet,https://www.wtatennis.com/resources/v7.42.8/i/elements/itf.png,2016-11-14,2016-11-20,2016,11,Zawada (Opole),SUI,,PL,POL,616,150,,Europe,Central Europe,POL,197.0,,228.0,32M/32Q/16D,"Itf/Tennis Europe $25,000",,18,1,18.0,2,2.0,Conny Perrin,2.0,https://www.wtatennis.com/resources/v7.42.8/i/elements/flags/sui.svg,R32,L,"4-6, 2-6",https://www.wtatennis.com/players/315265/conny-perrin,False,False,False,False,False,False,False,2,False,18,6,12,0,CH,CHE,756,150,Europe,Central Europe,SUI,"4,6,None|2,6,None",W,True
1,"Itf/Tennis Europe $10,000",https://www.wtatennis.com/resources/v7.42.8/i/elements/itf.png,,ITF,Hard,https://www.wtatennis.com/resources/v7.42.8/i/elements/itf.png,2016-10-31,2016-11-06,2016,10,Stockholm 2,SVK,,SE,SWE,752,150,,Europe,Northern Europe,SWE,453.0,,245.0,32M/32Q/16D,"Itf/Tennis Europe $10,000",,100,5,20.0,11,2.2,Kristina Schmiedlova,3.0,https://www.wtatennis.com/resources/v7.42.8/i/elements/flags/svk.svg,QF,L,"6-2, 4-6, 4-6",https://www.wtatennis.com/players/321104/kristina-schmiedlova,False,False,False,False,False,False,False,3,True,28,14,14,0,SK,SVK,703,150,Europe,Central Europe,SVK,"6,2,None|4,6,None|4,6,None",Q,False
2,"Itf/Tennis Europe $10,000",https://www.wtatennis.com/resources/v7.42.8/i/elements/itf.png,,ITF,Hard,https://www.wtatennis.com/resources/v7.42.8/i/elements/itf.png,2016-10-31,2016-11-06,2016,10,Stockholm 2,POL,,SE,SWE,752,150,,Europe,Northern Europe,SWE,899.0,,245.0,32M/32Q/16D,"Itf/Tennis Europe $10,000",,100,5,20.0,11,2.2,Maja Chwalinska,,https://www.wtatennis.com/resources/v7.42.8/i/elements/flags/pol.svg,R16,W,"6-2, 6-3",https://www.wtatennis.com/players/325639/maja-chwalinska,False,False,False,False,False,False,False,2,True,17,12,5,1,PL,POL,616,150,Europe,Central Europe,POL,"6,2,None|6,3,None",Q,False
3,"Itf/Tennis Europe $10,000",https://www.wtatennis.com/resources/v7.42.8/i/elements/itf.png,,ITF,Hard,https://www.wtatennis.com/resources/v7.42.8/i/elements/itf.png,2016-10-31,2016-11-06,2016,10,Stockholm 2,GER,,SE,SWE,752,150,,Europe,Northern Europe,SWE,604.0,,245.0,32M/32Q/16D,"Itf/Tennis Europe $10,000",,100,5,20.0,11,2.2,Katharina Gerlach,8.0,https://www.wtatennis.com/resources/v7.42.8/i/elements/flags/ger.svg,R32,W,"7-5, 6-1",https://www.wtatennis.com/players/320869/katharina-gerlach,False,False,False,False,False,False,False,2,True,19,13,6,1,DE,DEU,276,150,Europe,Central Europe,GER,"7,5,None|6,1,None",Q,False
4,"Itf/Tennis Europe $10,000",https://www.wtatennis.com/resources/v7.42.8/i/elements/itf.png,,ITF,Hard,https://www.wtatennis.com/resources/v7.42.8/i/elements/itf.png,2016-10-31,2016-11-06,2016,10,Stockholm 2,SWE,,SE,SWE,752,150,,Europe,Northern Europe,SWE,,,245.0,32M/32Q/16D,"Itf/Tennis Europe $10,000",,100,5,20.0,11,2.2,Sara Dahlstrom,,https://www.wtatennis.com/resources/v7.42.8/i/elements/flags/swe.svg,QR2,W,"6-4, 6-3",https://www.wtatennis.com/players/326799/sara-dahlstrom,False,False,False,False,False,False,False,2,True,19,12,7,1,SE,SWE,752,150,Europe,Northern Europe,SWE,"6,4,None|6,3,None",Q,False
5,"Itf/Tennis Europe $10,000",https://www.wtatennis.com/resources/v7.42.8/i/elements/itf.png,,ITF,Hard,https://www.wtatennis.com/resources/v7.42.8/i/elements/itf.png,2016-10-31,2016-11-06,2016,10,Stockholm 2,GER,,SE,SWE,752,150,,Europe,Northern Europe,SWE,1124.0,,245.0,32M/32Q/16D,"Itf/Tennis Europe $10,000",,100,5,20.0,11,2.2,Anna Gabric,1.0,https://www.wtatennis.com/resources/v7.42.8/i/elements/flags/ger.svg,QR1,W,"6-2, 6-3",https://www.wtatennis.com/players/322909/anna-gabric,False,False,False,False,False,False,False,2,True,17,12,5,1,DE,DEU,276,150,Europe,Central Europe,GER,"6,2,None|6,3,None",Q,False
1,"Itf/Tennis Europe $10,000",https://www.wtatennis.com/resources/v7.42.8/i/elements/itf.png,,ITF,Hard,https://www.wtatennis.com/resources/v7.42.8/i/elements/itf.png,2016-10-24,2016-10-30,2016,10,Stockholm,ROU,,SE,SWE,752,150,,Europe,Northern Europe,SWE,682.0,,1568.0,32M/32Q/16D,"Itf/Tennis Europe $10,000",,109,6,18.166666666666668,13,2.1666666666666665,Laura Ioana Paar,,https://www.wtatennis.com/resources/v7.42.8/i/elements/flags/rou.svg,F,W,"6-4, 6-3",https://www.wtatennis.com/players/312269/laura-ioana-paar,False,False,False,False,False,False,False,2,True,19,12,7,1,RO,ROU,642,150,Europe,Southeastern Europe,ROU,"6,4,None|6,3,None",Q,False
2,"Itf/Tennis Europe $10,000",https://www.wtatennis.com/resources/v7.42.8/i/elements/itf.png,,ITF,Hard,https://www.wtatennis.com/resources/v7.42.8/i/elements/itf.png,2016-10-24,2016-10-30,2016,10,Stockholm,FRA,,SE,SWE,752,150,,Europe,Northern Europe,SWE,574.0,,1568.0,32M/32Q/16D,"Itf/Tennis Europe $10,000",,109,6,18.166666666666668,13,2.1666666666666665,Julie Gervais,7.0,https://www.wtatennis.com/resources/v7.42.8/i/elements/flags/fra.svg,SF,W,Walkover,https://www.wtatennis.com/players/315935/julie-gervais,False,True,False,False,False,False,False,0,False,0,0,0,0,FR,FRA,250,150,Europe,Western Europe,FRA,,Q,False
3,"Itf/Tennis Europe $10,000",https://www.wtatennis.com/resources/v7.42.8/i/elements/itf.png,,ITF,Hard,https://www.wtatennis.com/resources/v7.42.8/i/elements/itf.png,2016-10-24,2016-10-30,2016,10,Stockholm,DEN,,SE,SWE,752,150,,Europe,Northern Europe,SWE,458.0,,1568.0,32M/32Q/16D,"Itf/Tennis Europe $10,000",,109,6,18.166666666666668,13,2.1666666666666665,Karen Barritza,2.0,https://www.wtatennis.com/resources/v7.42.8/i/elements/flags/den.svg,QF,W,"6-2, 2-6, 7-5",https://www.wtatennis.com/players/314386/karen-barritza,False,False,False,False,False,False,False,3,True,28,15,13,1,DK,DNK,208,150,Europe,Northern Europe,DEN,"6,2,None|2,6,None|7,5,None",Q,False
4,"Itf/Tennis Europe $10,000",https://www.wtatennis.com/resources/v7.42.8/i/elements/itf.png,,ITF,Hard,https://www.wtatennis.com/resources/v7.42.8/i/elements/itf.png,2016-10-24,2016-10-30,2016,10,Stockholm,CAM,,SE,SWE,752,150,,Europe,Northern Europe,SWE,742.0,,1568.0,32M/32Q/16D,"Itf/Tennis Europe $10,000",,109,6,18.166666666666668,13,2.1666666666666665,Daravy Ka Andrea,,https://www.wtatennis.com/resources/v7.42.8/i/elements/flags/cam.svg,R16,W,"6-2, 6-3",https://www.wtatennis.com/players/316931/daravy-ka-andrea,False,False,False,False,False,False,False,2,True,17,12,5,1,KH,KHM,116,142,Asia,Southeast Asia,CAM,"6,2,None|6,3,None",Q,False
5,"Itf/Tennis Europe $10,000",https://www.wtatennis.com/resources/v7.42.8/i/elements/itf.png,,ITF,Hard,https://www.wtatennis.com/resources/v7.42.8/i/elements/itf.png,2016-10-24,2016-10-30,2016,10,Stockholm,GER,,SE,SWE,752,150,,Europe,Northern Europe,SWE,776.0,,1568.0,32M/32Q/16D,"Itf/Tennis Europe $10,000",,109,6,18.166666666666668,13,2.1666666666666665,Anna Klasen,,https://www.wtatennis.com/resources/v7.42.8/i/elements/flags/ger.svg,R32,W,"6-2, 6-4",https://www.wtatennis.com/players/318466/anna-klasen,False,False,False,False,False,False,False,2,True,18,12,6,1,DE,DEU,276,150,Europe,Central Europe,GER,"6,2,None|6,4,None",Q,False
6,"Itf/Tennis Europe $10,000",https://www.wtatennis.com/resources/v7.42.8/i/elements/itf.png,,ITF,Hard,https://www.wtatennis.com/resources/v7.42.8/i/elements/itf.png,2016-10-24,2016-10-30,2016,10,Stockholm,SWE,,SE,SWE,752,150,,Europe,Northern Europe,SWE,,,1568.0,32M/32Q/16D,"Itf/Tennis Europe $10,000",,109,6,18.166666666666668,13,2.1666666666666665,Ebba Rosberg,,https://www.wtatennis.com/resources/v7.42.8/i/elements/flags/swe.svg,QR2,W,"6-1, 6-1",https://www.wtatennis.com/players/326043/ebba-rosberg,False,False,False,False,False,False,False,2,True,14,12,2,1,SE,SWE,752,150,Europe,Northern Europe,SWE,"6,1,None|6,1,None",Q,False
7,"Itf/Tennis Europe $10,000",https://www.wtatennis.com/resources/v7.42.8/i/elements/itf.png,,ITF,Hard,https://www.wtatennis.com/resources/v7.42.8/i/elements/itf.png,2016-10-24,2016-10-30,2016,10,Stockholm,SWE,,SE,SWE,752,150,,Europe,Northern Europe,SWE,,,1568.0,32M/32Q/16D,"Itf/Tennis Europe $10,000",,109,6,18.166666666666668,13,2.1666666666666665,Caijsa Hennemann,,https://www.wtatennis.com/resources/v7.42.8/i/elements/flags/swe.svg,QR1,W,"6-0, 6-1",https://www.wtatennis.com/players/326044/caijsa-hennemann,False,False,False,False,False,False,False,2,True,13,12,1,1,SE,SWE,752,150,Europe,Northern Europe,SWE,"6,0,None|6,1,None",Q,False
